0.000000000000000000e+00 6.963030335355321898e-02
1.000000000000000000e+00 3.809581592318062038e-03
2.000000000000000000e+00 2.213469164760439260e-03
3.000000000000000000e+00 2.141569867330195796e-03
4.000000000000000000e+00 2.128259540361646454e-03
5.000000000000000000e+00 2.124545206799321410e-03
6.000000000000000000e+00 2.113096792189558381e-03
7.000000000000000000e+00 2.103525150962322256e-03
8.000000000000000000e+00 2.096351339829982067e-03
9.000000000000000000e+00 2.086958478769181721e-03
1.000000000000000000e+01 2.077471968384932578e-03
1.100000000000000000e+01 2.066984152001314756e-03
1.200000000000000000e+01 2.056688737005669260e-03
1.300000000000000000e+01 2.047580583177243709e-03
1.400000000000000000e+01 2.035408786015288282e-03
1.500000000000000000e+01 2.030190774987824208e-03
1.600000000000000000e+01 2.017806112757921516e-03
1.700000000000000000e+01 2.004172665215449810e-03
1.800000000000000000e+01 1.994394287311589478e-03
1.900000000000000000e+01 1.983427126011402548e-03
2.000000000000000000e+01 1.972451091100956271e-03
2.100000000000000000e+01 1.961117575940011896e-03
2.200000000000000000e+01 1.944719607625791614e-03
2.300000000000000000e+01 1.938347993273028917e-03
2.400000000000000000e+01 1.927933333366127185e-03
2.500000000000000000e+01 1.910705967251797709e-03
2.600000000000000000e+01 1.895717046803052641e-03
2.700000000000000000e+01 1.882116183141111735e-03
2.800000000000000000e+01 1.872434215505623190e-03
2.900000000000000000e+01 1.848292238142618116e-03
3.000000000000000000e+01 1.831649942289456396e-03
3.100000000000000000e+01 1.814574936666856278e-03
3.200000000000000000e+01 1.797540792215319202e-03
3.300000000000000000e+01 1.777726634604126282e-03
3.400000000000000000e+01 1.745753226533311919e-03
3.500000000000000000e+01 1.713289995511203204e-03
3.600000000000000000e+01 1.680520623540545169e-03
3.700000000000000000e+01 1.623298205331363906e-03
3.800000000000000000e+01 1.542225932911504057e-03
3.900000000000000000e+01 1.406044027596000745e-03
4.000000000000000000e+01 1.168955123172493856e-03
4.100000000000000000e+01 8.339870250753745121e-04
4.200000000000000000e+01 5.340023556850498820e-04
4.300000000000000000e+01 3.803752290576274285e-04
4.400000000000000000e+01 3.071776742390866033e-04
4.500000000000000000e+01 2.589536076240717979e-04
4.600000000000000000e+01 2.208816507310052692e-04
4.700000000000000000e+01 1.921577839342787490e-04
4.800000000000000000e+01 1.721027651550584671e-04
4.900000000000000000e+01 1.530259166150986483e-04
5.000000000000000000e+01 1.402630987782052692e-04
5.100000000000000000e+01 1.293966137909598364e-04
5.200000000000000000e+01 1.184627846581942596e-04
5.300000000000000000e+01 1.099388321088678430e-04
5.400000000000000000e+01 1.015184295767161037e-04
5.500000000000000000e+01 9.424969170083301610e-05
5.600000000000000000e+01 8.873642086023034506e-05
5.700000000000000000e+01 8.352864269556697647e-05
5.800000000000000000e+01 7.796451850730257865e-05
5.900000000000000000e+01 7.378635797921007837e-05
6.000000000000000000e+01 6.916590261551228667e-05
6.100000000000000000e+01 6.813288038376514775e-05
6.200000000000000000e+01 6.370759738917307368e-05
6.300000000000000000e+01 6.049212645620000650e-05
6.400000000000000000e+01 5.851265883862623144e-05
6.500000000000000000e+01 5.759816854520531226e-05
6.600000000000000000e+01 5.569742511249394575e-05
6.700000000000000000e+01 5.316080740219686454e-05
6.800000000000000000e+01 5.145553082863699520e-05
6.900000000000000000e+01 5.065063237452124877e-05
7.000000000000000000e+01 4.875690028226966461e-05
7.100000000000000000e+01 4.721975966729358512e-05
7.200000000000000000e+01 4.565286586051858135e-05
7.300000000000000000e+01 4.448850271577215945e-05
7.400000000000000000e+01 4.346684093932527573e-05
7.500000000000000000e+01 4.227871997639136249e-05
7.600000000000000000e+01 4.126598605091875814e-05
7.700000000000000000e+01 4.121581247637230412e-05
7.800000000000000000e+01 4.052205959238519448e-05
7.900000000000000000e+01 3.835651725432753534e-05
8.000000000000000000e+01 3.764502929529958756e-05
8.100000000000000000e+01 3.817462249844390926e-05
8.200000000000000000e+01 3.600352261006991894e-05
8.300000000000000000e+01 3.498460580575691394e-05
8.400000000000000000e+01 3.493129170802211224e-05
8.500000000000000000e+01 3.427768891132725347e-05
8.600000000000000000e+01 3.300687155281286619e-05
8.700000000000000000e+01 3.279067961319371367e-05
8.800000000000000000e+01 3.177216574035639620e-05
8.900000000000000000e+01 3.120326949678344300e-05
9.000000000000000000e+01 3.066513230392032044e-05
9.100000000000000000e+01 3.004807481251402706e-05
9.200000000000000000e+01 2.934408708449870264e-05
9.300000000000000000e+01 2.879600682255340014e-05
9.400000000000000000e+01 2.862553131606609258e-05
9.500000000000000000e+01 2.790834809392741549e-05
9.600000000000000000e+01 2.712675386366303375e-05
9.700000000000000000e+01 2.687739508541285170e-05
9.800000000000000000e+01 2.690667305330856797e-05
9.900000000000000000e+01 2.634594104613623472e-05
1.000000000000000000e+02 2.559036991344295953e-05
1.010000000000000000e+02 2.501862924854287936e-05
1.020000000000000000e+02 2.463583670339642448e-05
1.030000000000000000e+02 2.450045060680081042e-05
1.040000000000000000e+02 2.395834140222248153e-05
1.050000000000000000e+02 2.331332043993122397e-05
1.060000000000000000e+02 2.282465053263285548e-05
1.070000000000000000e+02 2.287958883583453892e-05
1.080000000000000000e+02 2.231525991903167693e-05
1.090000000000000000e+02 2.197357340647405075e-05
1.100000000000000000e+02 2.154485490856974367e-05
1.110000000000000000e+02 2.120910507255182811e-05
1.120000000000000000e+02 2.101450218635529074e-05
1.130000000000000000e+02 2.062032852233143857e-05
1.140000000000000000e+02 2.034648940970592567e-05
1.150000000000000000e+02 1.996314402521485526e-05
1.160000000000000000e+02 1.989929326615942105e-05
1.170000000000000000e+02 1.940725816652932504e-05
1.180000000000000000e+02 1.902836760273785951e-05
1.190000000000000000e+02 1.894553962105767931e-05
1.200000000000000000e+02 1.884060130013765443e-05
1.210000000000000000e+02 1.830910887398313257e-05
1.220000000000000000e+02 1.809254731766997130e-05
1.230000000000000000e+02 1.797540034663641997e-05
1.240000000000000000e+02 1.783069957621393126e-05
1.250000000000000000e+02 1.749948268818034920e-05
1.260000000000000000e+02 1.713871633196390736e-05
1.270000000000000000e+02 1.715094334940291324e-05
1.280000000000000000e+02 1.675938209458431854e-05
1.290000000000000000e+02 1.658119775448529213e-05
1.300000000000000000e+02 1.629911771751653524e-05
1.310000000000000000e+02 1.606857973847688946e-05
1.320000000000000000e+02 1.605707216536459485e-05
1.330000000000000000e+02 1.574270789531688816e-05
1.340000000000000000e+02 1.549921614432290748e-05
1.350000000000000000e+02 1.540806612019397461e-05
1.360000000000000000e+02 1.533987237962983183e-05
1.370000000000000000e+02 1.508449687064300138e-05
1.380000000000000000e+02 1.481134829884766022e-05
1.390000000000000000e+02 1.462640860842131942e-05
1.400000000000000000e+02 1.444325361941709581e-05
1.410000000000000000e+02 1.440473117436541099e-05
1.420000000000000000e+02 1.414896505005780961e-05
1.430000000000000000e+02 1.390969270018596035e-05
1.440000000000000000e+02 1.399963661972734183e-05
1.450000000000000000e+02 1.369410639589581983e-05
1.460000000000000000e+02 1.362977642301847300e-05
1.470000000000000000e+02 1.339750061589203862e-05
1.480000000000000000e+02 1.321315196574689851e-05
1.490000000000000000e+02 1.323027760956896788e-05
1.500000000000000000e+02 1.293420243231972202e-05
1.510000000000000000e+02 1.282428924547384805e-05
1.520000000000000000e+02 1.262369273744599351e-05
1.530000000000000000e+02 1.251521690781919655e-05
1.540000000000000000e+02 1.254074923244728499e-05
1.550000000000000000e+02 1.231004683444843803e-05
1.560000000000000000e+02 1.225127392842759091e-05
1.570000000000000000e+02 1.236226489172214811e-05
1.580000000000000000e+02 1.194404440879113265e-05
1.590000000000000000e+02 1.179451783592476083e-05
1.600000000000000000e+02 1.169985922640212603e-05
1.610000000000000000e+02 1.163691880573693290e-05
1.620000000000000000e+02 1.151466218242802807e-05
1.630000000000000000e+02 1.131049595333565925e-05
1.640000000000000000e+02 1.126701916030060852e-05
1.650000000000000000e+02 1.118054299098716801e-05
1.660000000000000000e+02 1.099275046755493026e-05
1.670000000000000000e+02 1.097925370283816964e-05
1.680000000000000000e+02 1.084192132217343970e-05
1.690000000000000000e+02 1.070672294382650280e-05
1.700000000000000000e+02 1.063778036784889607e-05
1.710000000000000000e+02 1.049107610145600510e-05
1.720000000000000000e+02 1.035442570072831955e-05
1.730000000000000000e+02 1.044471864043512251e-05
1.740000000000000000e+02 1.025010240383662276e-05
1.750000000000000000e+02 1.019181133758124875e-05
1.760000000000000000e+02 1.002356116972737272e-05
1.770000000000000000e+02 9.920933300244808031e-06
1.780000000000000000e+02 9.865127714595893767e-06
1.790000000000000000e+02 9.727117052573044925e-06
1.800000000000000000e+02 9.674798226052145275e-06
1.810000000000000000e+02 9.572604731466444902e-06
1.820000000000000000e+02 9.502091729063389411e-06
1.830000000000000000e+02 9.417953149029546691e-06
1.840000000000000000e+02 9.380722020211297102e-06
1.850000000000000000e+02 9.210292000384070498e-06
1.860000000000000000e+02 9.253345445411243376e-06
1.870000000000000000e+02 9.159546763517855241e-06
1.880000000000000000e+02 9.000645406461839232e-06
1.890000000000000000e+02 8.918244108000067687e-06
1.900000000000000000e+02 8.854973037740125795e-06
1.910000000000000000e+02 8.816001735704184232e-06
1.920000000000000000e+02 8.705501292766532572e-06
1.930000000000000000e+02 8.654336070212444401e-06
1.940000000000000000e+02 8.674985499803081226e-06
1.950000000000000000e+02 8.502249902842752530e-06
1.960000000000000000e+02 8.416626991639014564e-06
1.970000000000000000e+02 8.333891602503988604e-06
1.980000000000000000e+02 8.433254072394596706e-06
1.990000000000000000e+02 8.256652453011753719e-06
2.000000000000000000e+02 8.181534658521256111e-06
2.010000000000000000e+02 8.110811255544963402e-06
2.020000000000000000e+02 8.044699010470865444e-06
2.030000000000000000e+02 8.010063869271087693e-06
2.040000000000000000e+02 7.930111373261257321e-06
2.050000000000000000e+02 7.860499971240165562e-06
2.060000000000000000e+02 7.791035111316894953e-06
2.070000000000000000e+02 7.731339123340096148e-06
2.080000000000000000e+02 7.669629768801185384e-06
2.090000000000000000e+02 7.627670468195908410e-06
2.100000000000000000e+02 7.541640255516879778e-06
2.110000000000000000e+02 7.589419574138162704e-06
2.120000000000000000e+02 7.544343866313212890e-06
2.130000000000000000e+02 7.408303444823469414e-06
2.140000000000000000e+02 7.321306428785580413e-06
2.150000000000000000e+02 7.276064961876437639e-06
2.160000000000000000e+02 7.237577563196352390e-06
2.170000000000000000e+02 7.167362757678870312e-06
2.180000000000000000e+02 7.110252677681267430e-06
2.190000000000000000e+02 7.113851562877133143e-06
2.200000000000000000e+02 7.017994148265589646e-06
2.210000000000000000e+02 7.004703718923790408e-06
2.220000000000000000e+02 6.910453984806624495e-06
2.230000000000000000e+02 6.876944895575759719e-06
2.240000000000000000e+02 6.838700729474374717e-06
2.250000000000000000e+02 6.774787962591626338e-06
2.260000000000000000e+02 6.716093031329853878e-06
2.270000000000000000e+02 6.703816190355567227e-06
2.280000000000000000e+02 6.602373714248461689e-06
2.290000000000000000e+02 6.659934550890095826e-06
2.300000000000000000e+02 6.532707814959919478e-06
2.310000000000000000e+02 6.494329072003783930e-06
2.320000000000000000e+02 6.446462986494510766e-06
2.330000000000000000e+02 6.428220760014469496e-06
2.340000000000000000e+02 6.435259033642348257e-06
2.350000000000000000e+02 6.371918722701631140e-06
2.360000000000000000e+02 6.278688707514329765e-06
2.370000000000000000e+02 6.264306265614903210e-06
2.380000000000000000e+02 6.231328752942619834e-06
2.390000000000000000e+02 6.164131485737075955e-06
2.400000000000000000e+02 6.123377152787956445e-06
2.410000000000000000e+02 6.089068992557634008e-06
2.420000000000000000e+02 6.030152890937123673e-06
2.430000000000000000e+02 6.016338777134369763e-06
2.440000000000000000e+02 5.971707709791057460e-06
2.450000000000000000e+02 5.937329545811016066e-06
2.460000000000000000e+02 5.899408952855660058e-06
2.470000000000000000e+02 5.872857521586349758e-06
2.480000000000000000e+02 5.853880583566061481e-06
2.490000000000000000e+02 5.785294483630571885e-06
2.500000000000000000e+02 5.735923057915925206e-06
2.510000000000000000e+02 5.752427965074844556e-06
2.520000000000000000e+02 5.683366981650594205e-06
2.530000000000000000e+02 5.653061389753535486e-06
2.540000000000000000e+02 5.663151048790266210e-06
2.550000000000000000e+02 5.642688013303157986e-06
2.560000000000000000e+02 5.548893997334412491e-06
2.570000000000000000e+02 5.505092667135269259e-06
2.580000000000000000e+02 5.514249792867773251e-06
2.590000000000000000e+02 5.462956168219385205e-06
2.600000000000000000e+02 5.412604025477292217e-06
2.610000000000000000e+02 5.390340592335463748e-06
2.620000000000000000e+02 5.369684429888812606e-06
2.630000000000000000e+02 5.323744496720369336e-06
2.640000000000000000e+02 5.286594861808188245e-06
2.650000000000000000e+02 5.285657653074489427e-06
2.660000000000000000e+02 5.236086379398593771e-06
2.670000000000000000e+02 5.213571475242238203e-06
2.680000000000000000e+02 5.191815580068686933e-06
2.690000000000000000e+02 5.130754402595412118e-06
2.700000000000000000e+02 5.142693845558453401e-06
2.710000000000000000e+02 5.102631918173457122e-06
2.720000000000000000e+02 5.056283653362353998e-06
2.730000000000000000e+02 5.039233212468965461e-06
2.740000000000000000e+02 5.007487811297767506e-06
2.750000000000000000e+02 4.986409197417992581e-06
2.760000000000000000e+02 4.953876473051951718e-06
2.770000000000000000e+02 4.929837097918170164e-06
2.780000000000000000e+02 4.924534814096302886e-06
2.790000000000000000e+02 4.924549642400101419e-06
2.800000000000000000e+02 4.857609461666589726e-06
2.810000000000000000e+02 4.815836388004050494e-06
2.820000000000000000e+02 4.813419932321095192e-06
2.830000000000000000e+02 4.792820998187112357e-06
2.840000000000000000e+02 4.748376107609463048e-06
2.850000000000000000e+02 4.738125885856360671e-06
2.860000000000000000e+02 4.711738606960050644e-06
2.870000000000000000e+02 4.665442935886136903e-06
2.880000000000000000e+02 4.663710389121599432e-06
2.890000000000000000e+02 4.661444134258368942e-06
2.900000000000000000e+02 4.601916387746915539e-06
2.910000000000000000e+02 4.584751902259894206e-06
2.920000000000000000e+02 4.582827309926589083e-06
2.930000000000000000e+02 4.539079853886757053e-06
2.940000000000000000e+02 4.523328070417335601e-06
2.950000000000000000e+02 4.485241887920605239e-06
2.960000000000000000e+02 4.468932966268758519e-06
2.970000000000000000e+02 4.469013662945897484e-06
2.980000000000000000e+02 4.431524177722370639e-06
2.990000000000000000e+02 4.412678789966781534e-06
3.000000000000000000e+02 4.393218603395777378e-06
3.010000000000000000e+02 4.406417925103968613e-06
3.020000000000000000e+02 4.349556110700558997e-06
3.030000000000000000e+02 4.338272584843184987e-06
3.040000000000000000e+02 4.316063200810758316e-06
3.050000000000000000e+02 4.282935684401996287e-06
3.060000000000000000e+02 4.268755755768762249e-06
3.070000000000000000e+02 4.254412671668611590e-06
3.080000000000000000e+02 4.253614909664723508e-06
3.090000000000000000e+02 4.219840078141446599e-06
3.100000000000000000e+02 4.195182658433439957e-06
3.110000000000000000e+02 4.185415689194957588e-06
3.120000000000000000e+02 4.168904045260507706e-06
3.130000000000000000e+02 4.142354538814720734e-06
3.140000000000000000e+02 4.137182908205365897e-06
3.150000000000000000e+02 4.097330528062751932e-06
3.160000000000000000e+02 4.083128435663236799e-06
3.170000000000000000e+02 4.087316190761488011e-06
3.180000000000000000e+02 4.050374951391671090e-06
3.190000000000000000e+02 4.046864973289644665e-06
3.200000000000000000e+02 4.016157376363360348e-06
3.210000000000000000e+02 4.011365714885978857e-06
3.220000000000000000e+02 3.991881267820490930e-06
3.230000000000000000e+02 3.965410211128606767e-06
3.240000000000000000e+02 3.962910526634196500e-06
3.250000000000000000e+02 3.936423051453880901e-06
3.260000000000000000e+02 3.913712183879926779e-06
3.270000000000000000e+02 3.906189753233643415e-06
3.280000000000000000e+02 3.888178278973126163e-06
3.290000000000000000e+02 3.896895897875755576e-06
3.300000000000000000e+02 3.861837421696744876e-06
3.310000000000000000e+02 3.862101877726732854e-06
3.320000000000000000e+02 3.844512807484747398e-06
3.330000000000000000e+02 3.809191635907921203e-06
3.340000000000000000e+02 3.799629867786675111e-06
3.350000000000000000e+02 3.792203637067776024e-06
3.360000000000000000e+02 3.771327357681781296e-06
3.370000000000000000e+02 3.763812951320990272e-06
3.380000000000000000e+02 3.737895883874220827e-06
3.390000000000000000e+02 3.718986722706214777e-06
3.400000000000000000e+02 3.710490392171619642e-06
3.410000000000000000e+02 3.713181093958949930e-06
3.420000000000000000e+02 3.690934653331528187e-06
3.430000000000000000e+02 3.670870651931136781e-06
3.440000000000000000e+02 3.674720061985576596e-06
3.450000000000000000e+02 3.645069758826776403e-06
3.460000000000000000e+02 3.635385828339878539e-06
3.470000000000000000e+02 3.635120832949679691e-06
3.480000000000000000e+02 3.613568568858948925e-06
3.490000000000000000e+02 3.617845308123575688e-06
3.500000000000000000e+02 3.584352993965847095e-06
3.510000000000000000e+02 3.573792292897340753e-06
3.520000000000000000e+02 3.565198833066234248e-06
3.530000000000000000e+02 3.549740381455169592e-06
3.540000000000000000e+02 3.540806844871423995e-06
3.550000000000000000e+02 3.533966324822417097e-06
3.560000000000000000e+02 3.512094781711720523e-06
3.570000000000000000e+02 3.502936049133056766e-06
3.580000000000000000e+02 3.492055323680866919e-06
3.590000000000000000e+02 3.485986783863809890e-06
3.600000000000000000e+02 3.462477219345823584e-06
3.610000000000000000e+02 3.462372659657476408e-06
3.620000000000000000e+02 3.440552560560725650e-06
3.630000000000000000e+02 3.436089889743705172e-06
3.640000000000000000e+02 3.433374091475784080e-06
3.650000000000000000e+02 3.410632333983666436e-06
3.660000000000000000e+02 3.397691777824350060e-06
3.670000000000000000e+02 3.391559998364618682e-06
3.680000000000000000e+02 3.378897489641162071e-06
3.690000000000000000e+02 3.371088132898243652e-06
3.700000000000000000e+02 3.357803376570324464e-06
3.710000000000000000e+02 3.350704562159789151e-06
3.720000000000000000e+02 3.338652729443693488e-06
3.730000000000000000e+02 3.327571504170990634e-06
3.740000000000000000e+02 3.327665161560127709e-06
3.750000000000000000e+02 3.309478053684055911e-06
3.760000000000000000e+02 3.299839637898830964e-06
3.770000000000000000e+02 3.304434311908949915e-06
3.780000000000000000e+02 3.283268990838009009e-06
3.790000000000000000e+02 3.273093914064786373e-06
3.800000000000000000e+02 3.265760043324176594e-06
3.810000000000000000e+02 3.254188738084302357e-06
3.820000000000000000e+02 3.256334182590977606e-06
3.830000000000000000e+02 3.237196904223931260e-06
3.840000000000000000e+02 3.229575206132191368e-06
3.850000000000000000e+02 3.219038917062169724e-06
3.860000000000000000e+02 3.222093632121529549e-06
3.870000000000000000e+02 3.198870838471982719e-06
3.880000000000000000e+02 3.193284726581325761e-06
3.890000000000000000e+02 3.188178742285201493e-06
3.900000000000000000e+02 3.175457935276199982e-06
3.910000000000000000e+02 3.174029566320065284e-06
3.920000000000000000e+02 3.158654080964261680e-06
3.930000000000000000e+02 3.153517008760013266e-06
3.940000000000000000e+02 3.142069018503383643e-06
3.950000000000000000e+02 3.140882252282404876e-06
3.960000000000000000e+02 3.133229949165192210e-06
3.970000000000000000e+02 3.118868839104058473e-06
3.980000000000000000e+02 3.113376346312111818e-06
3.990000000000000000e+02 3.108998433306442055e-06
4.000000000000000000e+02 3.095117029778090461e-06
4.010000000000000000e+02 3.091897668460244249e-06
4.020000000000000000e+02 3.080262944103259048e-06
4.030000000000000000e+02 3.078978880813228412e-06
4.040000000000000000e+02 3.066499911698277006e-06
4.050000000000000000e+02 3.060687490214606299e-06
4.060000000000000000e+02 3.054807713417989462e-06
4.070000000000000000e+02 3.046587509987643046e-06
4.080000000000000000e+02 3.040888536766874723e-06
4.090000000000000000e+02 3.029159415324542788e-06
4.100000000000000000e+02 3.025224771515874010e-06
4.110000000000000000e+02 3.019600741137469955e-06
4.120000000000000000e+02 3.016662819420320377e-06
4.130000000000000000e+02 3.006904360495159049e-06
4.140000000000000000e+02 3.002340042041844933e-06
4.150000000000000000e+02 2.992281871112846932e-06
4.160000000000000000e+02 2.985379390242310106e-06
4.170000000000000000e+02 2.975897644836561174e-06
4.180000000000000000e+02 2.973061672672448709e-06
4.190000000000000000e+02 2.968781028842615309e-06
4.200000000000000000e+02 2.964708459681360554e-06
4.210000000000000000e+02 2.952811734708662835e-06
4.220000000000000000e+02 2.946622811076959015e-06
4.230000000000000000e+02 2.939990488352977291e-06
4.240000000000000000e+02 2.932725603630185434e-06
4.250000000000000000e+02 2.925865859361069122e-06
4.260000000000000000e+02 2.918564580552766655e-06
4.270000000000000000e+02 2.913796001022969579e-06
4.280000000000000000e+02 2.915142834475721232e-06
4.290000000000000000e+02 2.905820875473466649e-06
4.300000000000000000e+02 2.896282050951881667e-06
4.310000000000000000e+02 2.897058491370659985e-06
4.320000000000000000e+02 2.884211156965618488e-06
4.330000000000000000e+02 2.879883121807424650e-06
4.340000000000000000e+02 2.875784094364235776e-06
4.350000000000000000e+02 2.870968576893832002e-06
4.360000000000000000e+02 2.866208074902984598e-06
4.370000000000000000e+02 2.858909284055858506e-06
4.380000000000000000e+02 2.853500937193855123e-06
4.390000000000000000e+02 2.847318616698429928e-06
4.400000000000000000e+02 2.843682952262661924e-06
4.410000000000000000e+02 2.836101780426476367e-06
4.420000000000000000e+02 2.832017744510309974e-06
4.430000000000000000e+02 2.830125208842136441e-06
4.440000000000000000e+02 2.829322515583594898e-06
4.450000000000000000e+02 2.821189633296163129e-06
4.460000000000000000e+02 2.812049518809395233e-06
4.470000000000000000e+02 2.809144188127614108e-06
4.480000000000000000e+02 2.805105365465589789e-06
4.490000000000000000e+02 2.796670085655757720e-06
4.500000000000000000e+02 2.791090727278651583e-06
4.510000000000000000e+02 2.789113985872776735e-06
4.520000000000000000e+02 2.787064875709148820e-06
4.530000000000000000e+02 2.783372498896944235e-06
4.540000000000000000e+02 2.775333758774256919e-06
4.550000000000000000e+02 2.770499927842638368e-06
4.560000000000000000e+02 2.765310337272844700e-06
4.570000000000000000e+02 2.758696422416967947e-06
4.580000000000000000e+02 2.759463442868806095e-06
4.590000000000000000e+02 2.753441429046008302e-06
4.600000000000000000e+02 2.751498121400842779e-06
4.610000000000000000e+02 2.742001271308972440e-06
4.620000000000000000e+02 2.737611250727898394e-06
4.630000000000000000e+02 2.733826071861564437e-06
4.640000000000000000e+02 2.735254946062410797e-06
4.650000000000000000e+02 2.728309926914705374e-06
4.660000000000000000e+02 2.722251769432440415e-06
4.670000000000000000e+02 2.719275374167262944e-06
4.680000000000000000e+02 2.716031797807514158e-06
4.690000000000000000e+02 2.708706869710267445e-06
4.700000000000000000e+02 2.704129693313141416e-06
4.710000000000000000e+02 2.711466184311777523e-06
4.720000000000000000e+02 2.697426796231949814e-06
4.730000000000000000e+02 2.696215479599031491e-06
4.740000000000000000e+02 2.691171447482218859e-06
4.750000000000000000e+02 2.686373341756787922e-06
4.760000000000000000e+02 2.682894883520455519e-06
4.770000000000000000e+02 2.681769656641497790e-06
4.780000000000000000e+02 2.673858317414684274e-06
4.790000000000000000e+02 2.673811143786653053e-06
4.800000000000000000e+02 2.673336108802608185e-06
4.810000000000000000e+02 2.664025263876097700e-06
4.820000000000000000e+02 2.661891712516904700e-06
4.830000000000000000e+02 2.658164104882593123e-06
4.840000000000000000e+02 2.654922615134450138e-06
4.850000000000000000e+02 2.651223600889410193e-06
4.860000000000000000e+02 2.646695685603688766e-06
4.870000000000000000e+02 2.644916808070272246e-06
4.880000000000000000e+02 2.640435724453621876e-06
4.890000000000000000e+02 2.640317241897370969e-06
4.900000000000000000e+02 2.632308791513578522e-06
4.910000000000000000e+02 2.629989059702413965e-06
4.920000000000000000e+02 2.629916158551216822e-06
4.930000000000000000e+02 2.622688640679908455e-06
4.940000000000000000e+02 2.620644282945746023e-06
4.950000000000000000e+02 2.618179553049093212e-06
4.960000000000000000e+02 2.614084751485984248e-06
4.970000000000000000e+02 2.610430523804162811e-06
4.980000000000000000e+02 2.608422406833861214e-06
4.990000000000000000e+02 2.608540184967945381e-06
5.000000000000000000e+02 2.603227812915498199e-06
5.010000000000000000e+02 2.598427708274683579e-06
5.020000000000000000e+02 2.596907108705151987e-06
5.030000000000000000e+02 2.594118143432192346e-06
5.040000000000000000e+02 2.595633020203389663e-06
5.050000000000000000e+02 2.587849687319379230e-06
5.060000000000000000e+02 2.585571840456262120e-06
5.070000000000000000e+02 2.583028511488550672e-06
5.080000000000000000e+02 2.579136276435771653e-06
5.090000000000000000e+02 2.576980457069389152e-06
5.100000000000000000e+02 2.572722970211430910e-06
5.110000000000000000e+02 2.572868846450406625e-06
5.120000000000000000e+02 2.570002011439950766e-06
5.130000000000000000e+02 2.568729634542703958e-06
5.140000000000000000e+02 2.562811871496128606e-06
5.150000000000000000e+02 2.561600309427131105e-06
5.160000000000000000e+02 2.556748997875729771e-06
5.170000000000000000e+02 2.554207927525284197e-06
5.180000000000000000e+02 2.551587222953008073e-06
5.190000000000000000e+02 2.549773376239912036e-06
5.200000000000000000e+02 2.548212413518219459e-06
5.210000000000000000e+02 2.548251490951873414e-06
5.220000000000000000e+02 2.545256556109580192e-06
5.230000000000000000e+02 2.541585633311910378e-06
5.240000000000000000e+02 2.538439827559881862e-06
5.250000000000000000e+02 2.537360750624767874e-06
5.260000000000000000e+02 2.532011489751465741e-06
5.270000000000000000e+02 2.530470677875148930e-06
5.280000000000000000e+02 2.528464597836754438e-06
5.290000000000000000e+02 2.525464878930779595e-06
5.300000000000000000e+02 2.527395111348554362e-06
5.310000000000000000e+02 2.522777467149034506e-06
5.320000000000000000e+02 2.519125501728599759e-06
5.330000000000000000e+02 2.517174158055026518e-06
5.340000000000000000e+02 2.517989477373985500e-06
5.350000000000000000e+02 2.512780099087444102e-06
5.360000000000000000e+02 2.510033815850464760e-06
5.370000000000000000e+02 2.509893029042807258e-06
5.380000000000000000e+02 2.508504205733536571e-06
5.390000000000000000e+02 2.512064314268739402e-06
5.400000000000000000e+02 2.502637630645828636e-06
5.410000000000000000e+02 2.501163115018284908e-06
5.420000000000000000e+02 2.499063625862259218e-06
5.430000000000000000e+02 2.498385726093597750e-06
5.440000000000000000e+02 2.497593431632854332e-06
5.450000000000000000e+02 2.493883990829857352e-06
5.460000000000000000e+02 2.493140726621587964e-06
5.470000000000000000e+02 2.490819431884446617e-06
5.480000000000000000e+02 2.486578041874800709e-06
5.490000000000000000e+02 2.486524934961924772e-06
5.500000000000000000e+02 2.484226716639535501e-06
5.510000000000000000e+02 2.485630068135833365e-06
5.520000000000000000e+02 2.480795816965812903e-06
5.530000000000000000e+02 2.479553677976541256e-06
5.540000000000000000e+02 2.476293540003980821e-06
5.550000000000000000e+02 2.477310073777167969e-06
5.560000000000000000e+02 2.473397535825121434e-06
5.570000000000000000e+02 2.472321824903316591e-06
5.580000000000000000e+02 2.470150364094042280e-06
5.590000000000000000e+02 2.467478578444082533e-06
5.600000000000000000e+02 2.467265188660707726e-06
5.610000000000000000e+02 2.464962168151087908e-06
5.620000000000000000e+02 2.464699242840438681e-06
5.630000000000000000e+02 2.460831965667776663e-06
5.640000000000000000e+02 2.461300693858036246e-06
5.650000000000000000e+02 2.457635432983407980e-06
5.660000000000000000e+02 2.457126349293174115e-06
5.670000000000000000e+02 2.456723503702644687e-06
5.680000000000000000e+02 2.453380482411289782e-06
5.690000000000000000e+02 2.452050679148032684e-06
5.700000000000000000e+02 2.450131322826037503e-06
5.710000000000000000e+02 2.449834859381396236e-06
5.720000000000000000e+02 2.447214905556452167e-06
5.730000000000000000e+02 2.446713550103066158e-06
5.740000000000000000e+02 2.444515474260611360e-06
5.750000000000000000e+02 2.442697928430166136e-06
5.760000000000000000e+02 2.445505211435440664e-06
5.770000000000000000e+02 2.443886418734883752e-06
5.780000000000000000e+02 2.440260583626052228e-06
5.790000000000000000e+02 2.437332780260306619e-06
5.800000000000000000e+02 2.436475886298416347e-06
5.810000000000000000e+02 2.436163701264808337e-06
5.820000000000000000e+02 2.433433189809228041e-06
5.830000000000000000e+02 2.435341708450290229e-06
5.840000000000000000e+02 2.431709938405978439e-06
5.850000000000000000e+02 2.430102845762612011e-06
5.860000000000000000e+02 2.429146755527678284e-06
5.870000000000000000e+02 2.427048355828183056e-06
5.880000000000000000e+02 2.426389529775609643e-06
5.890000000000000000e+02 2.424950668560298167e-06
5.900000000000000000e+02 2.424047435981525491e-06
5.910000000000000000e+02 2.422722594224284707e-06
5.920000000000000000e+02 2.420746662937933171e-06
5.930000000000000000e+02 2.419308975456135200e-06
5.940000000000000000e+02 2.420145266206285989e-06
5.950000000000000000e+02 2.416933337345740862e-06
5.960000000000000000e+02 2.416574971637556855e-06
5.970000000000000000e+02 2.415596489142221570e-06
5.980000000000000000e+02 2.413951898194143223e-06
5.990000000000000000e+02 2.411954695765725017e-06
6.000000000000000000e+02 2.411483104137567284e-06
6.010000000000000000e+02 2.410302291760934565e-06
6.020000000000000000e+02 2.409313156879036214e-06
6.030000000000000000e+02 2.408266159029700834e-06
6.040000000000000000e+02 2.407504399368140637e-06
6.050000000000000000e+02 2.406462174883943640e-06
6.060000000000000000e+02 2.405058468504930070e-06
6.070000000000000000e+02 2.404453625802162894e-06
6.080000000000000000e+02 2.403585741899344432e-06
6.090000000000000000e+02 2.401776449690622001e-06
6.100000000000000000e+02 2.401058957003450240e-06
6.110000000000000000e+02 2.400614542907208669e-06
6.120000000000000000e+02 2.399101036140306755e-06
6.130000000000000000e+02 2.398087017289292014e-06
6.140000000000000000e+02 2.398313570514129802e-06
6.150000000000000000e+02 2.395072902268741013e-06
6.160000000000000000e+02 2.394664307844565471e-06
6.170000000000000000e+02 2.393560463708690536e-06
6.180000000000000000e+02 2.393209950128215488e-06
6.190000000000000000e+02 2.392608458784600425e-06
6.200000000000000000e+02 2.390978415484709318e-06
6.210000000000000000e+02 2.389715832560233953e-06
6.220000000000000000e+02 2.388603485380205274e-06
6.230000000000000000e+02 2.387985996615956289e-06
6.240000000000000000e+02 2.388824662950724811e-06
6.250000000000000000e+02 2.386748289418664346e-06
6.260000000000000000e+02 2.385903827929124319e-06
6.270000000000000000e+02 2.384906840876468677e-06
6.280000000000000000e+02 2.383604609358071346e-06
6.290000000000000000e+02 2.382432288219237611e-06
6.300000000000000000e+02 2.382605246340084613e-06
6.310000000000000000e+02 2.381165936038461074e-06
6.320000000000000000e+02 2.380710865177848387e-06
6.330000000000000000e+02 2.379323057542649883e-06
6.340000000000000000e+02 2.378901539612918518e-06
6.350000000000000000e+02 2.378430593918572798e-06
6.360000000000000000e+02 2.377119449307810721e-06
6.370000000000000000e+02 2.377255896885401193e-06
6.380000000000000000e+02 2.375622007195514330e-06
6.390000000000000000e+02 2.376263949008940012e-06
6.400000000000000000e+02 2.374251843889378437e-06
6.410000000000000000e+02 2.373712930186307788e-06
6.420000000000000000e+02 2.372093968660323012e-06
6.430000000000000000e+02 2.371946003510957181e-06
6.440000000000000000e+02 2.370710790080284309e-06
6.450000000000000000e+02 2.370102950941233051e-06
6.460000000000000000e+02 2.369203340366153237e-06
6.470000000000000000e+02 2.368609291082221489e-06
6.480000000000000000e+02 2.367974885396917819e-06
6.490000000000000000e+02 2.367284073014944531e-06
6.500000000000000000e+02 2.367015495826432198e-06
6.510000000000000000e+02 2.365974121848617663e-06
6.520000000000000000e+02 2.365363937172221902e-06
6.530000000000000000e+02 2.365046943210476193e-06
6.540000000000000000e+02 2.364222279178212542e-06
6.550000000000000000e+02 2.363041729735119713e-06
6.560000000000000000e+02 2.362207287913602835e-06
6.570000000000000000e+02 2.361812857224956636e-06
6.580000000000000000e+02 2.362060806921170911e-06
6.590000000000000000e+02 2.360809579093893215e-06
6.600000000000000000e+02 2.360146229557142644e-06
6.610000000000000000e+02 2.358925852739585285e-06
6.620000000000000000e+02 2.359748007933804499e-06
6.630000000000000000e+02 2.358384174453953040e-06
6.640000000000000000e+02 2.357725715474769270e-06
6.650000000000000000e+02 2.356678173150012652e-06
6.660000000000000000e+02 2.356780336610524261e-06
6.670000000000000000e+02 2.356111978015561499e-06
6.680000000000000000e+02 2.356255245804339483e-06
6.690000000000000000e+02 2.354343726663562290e-06
6.700000000000000000e+02 2.354617609186800099e-06
6.710000000000000000e+02 2.354584352981806757e-06
6.720000000000000000e+02 2.353787912045029124e-06
6.730000000000000000e+02 2.351754331575385788e-06
6.740000000000000000e+02 2.352341628579908966e-06
6.750000000000000000e+02 2.350924331800231913e-06
6.760000000000000000e+02 2.350871587146596171e-06
6.770000000000000000e+02 2.350625422395295972e-06
6.780000000000000000e+02 2.349360643357916702e-06
6.790000000000000000e+02 2.349231564648778568e-06
6.800000000000000000e+02 2.348596441678488168e-06
6.810000000000000000e+02 2.348123630224762281e-06
6.820000000000000000e+02 2.347100618579904867e-06
6.830000000000000000e+02 2.347390395001409206e-06
6.840000000000000000e+02 2.346284027698607430e-06
6.850000000000000000e+02 2.346176008842148406e-06
6.860000000000000000e+02 2.345387265830789282e-06
6.870000000000000000e+02 2.345657067495224221e-06
6.880000000000000000e+02 2.344919129710671257e-06
6.890000000000000000e+02 2.344522269143763466e-06
6.900000000000000000e+02 2.344051880355973292e-06
6.910000000000000000e+02 2.343376227459732355e-06
6.920000000000000000e+02 2.342446238501324523e-06
6.930000000000000000e+02 2.342098726870382495e-06
6.940000000000000000e+02 2.342218446171360264e-06
6.950000000000000000e+02 2.341048119931720858e-06
6.960000000000000000e+02 2.340544656258620832e-06
6.970000000000000000e+02 2.340066974186502359e-06
6.980000000000000000e+02 2.340294559615918017e-06
6.990000000000000000e+02 2.341129046594220328e-06
7.000000000000000000e+02 2.338777278029381358e-06
7.010000000000000000e+02 2.338518275989084655e-06
7.020000000000000000e+02 2.339001186256161220e-06
7.030000000000000000e+02 2.337634287556485230e-06
7.040000000000000000e+02 2.337647866522403401e-06
7.050000000000000000e+02 2.337060183859392130e-06
7.060000000000000000e+02 2.336513113228504520e-06
7.070000000000000000e+02 2.335825806197020240e-06
7.080000000000000000e+02 2.335762420115845509e-06
7.090000000000000000e+02 2.335153628346234062e-06
7.100000000000000000e+02 2.335005027453748147e-06
7.110000000000000000e+02 2.334474248453452758e-06
7.120000000000000000e+02 2.333905816668952034e-06
7.130000000000000000e+02 2.334286527019340913e-06
7.140000000000000000e+02 2.333322576939639813e-06
7.150000000000000000e+02 2.333172716526283678e-06
7.160000000000000000e+02 2.332850130313652360e-06
7.170000000000000000e+02 2.332144453440114803e-06
7.180000000000000000e+02 2.332069792987812136e-06
7.190000000000000000e+02 2.331336098855808100e-06
7.200000000000000000e+02 2.330934249290010564e-06
7.210000000000000000e+02 2.330743761121673962e-06
7.220000000000000000e+02 2.330366595737083212e-06
7.230000000000000000e+02 2.330312364409051598e-06
7.240000000000000000e+02 2.330189736684797105e-06
7.250000000000000000e+02 2.329783812529431437e-06
7.260000000000000000e+02 2.329153335924435131e-06
7.270000000000000000e+02 2.329219291663735299e-06
7.280000000000000000e+02 2.328558968610903299e-06
7.290000000000000000e+02 2.327951192509674514e-06
7.300000000000000000e+02 2.327680735700807388e-06
7.310000000000000000e+02 2.327628047277839249e-06
7.320000000000000000e+02 2.327254710070617531e-06
7.330000000000000000e+02 2.326699001576625909e-06
7.340000000000000000e+02 2.326584265860374436e-06
7.350000000000000000e+02 2.326407078528062706e-06
7.360000000000000000e+02 2.325723922397962955e-06
7.370000000000000000e+02 2.325946632196143824e-06
7.380000000000000000e+02 2.325304430686990492e-06
7.390000000000000000e+02 2.325017147969614944e-06
7.400000000000000000e+02 2.325485973360453022e-06
7.410000000000000000e+02 2.324756876267536643e-06
7.420000000000000000e+02 2.324211376545051613e-06
7.430000000000000000e+02 2.323799658067952709e-06
7.440000000000000000e+02 2.323469673253963630e-06
7.450000000000000000e+02 2.323147857690915990e-06
7.460000000000000000e+02 2.322854175477129558e-06
7.470000000000000000e+02 2.322840639420906926e-06
7.480000000000000000e+02 2.322537576966173358e-06
7.490000000000000000e+02 2.322134199004887632e-06
7.500000000000000000e+02 2.321921115202876458e-06
7.510000000000000000e+02 2.321661301959767374e-06
7.520000000000000000e+02 2.321595880241900983e-06
7.530000000000000000e+02 2.320944341919982707e-06
7.540000000000000000e+02 2.320875181750342181e-06
7.550000000000000000e+02 2.320463370137265881e-06
7.560000000000000000e+02 2.320383074442836511e-06
7.570000000000000000e+02 2.319941280044355136e-06
7.580000000000000000e+02 2.319973371073843790e-06
7.590000000000000000e+02 2.319654625353938267e-06
7.600000000000000000e+02 2.319257691660785561e-06
7.610000000000000000e+02 2.319144682963976053e-06
7.620000000000000000e+02 2.319042703073536598e-06
7.630000000000000000e+02 2.318792787165378443e-06
7.640000000000000000e+02 2.318464402108980692e-06
7.650000000000000000e+02 2.318481119598968048e-06
7.660000000000000000e+02 2.318125587702700279e-06
7.670000000000000000e+02 2.317710543849665185e-06
7.680000000000000000e+02 2.317480323344826402e-06
7.690000000000000000e+02 2.317514380169281557e-06
7.700000000000000000e+02 2.317021293321198768e-06
7.710000000000000000e+02 2.317199987331477532e-06
7.720000000000000000e+02 2.316690937532517159e-06
7.730000000000000000e+02 2.316843858870467865e-06
7.740000000000000000e+02 2.316340714614911877e-06
7.750000000000000000e+02 2.316082393931159541e-06
7.760000000000000000e+02 2.316715472656824917e-06
7.770000000000000000e+02 2.315820093354063438e-06
7.780000000000000000e+02 2.315441002439819497e-06
7.790000000000000000e+02 2.315319242173028303e-06
7.800000000000000000e+02 2.315084449443324227e-06
7.810000000000000000e+02 2.314777554626522690e-06
7.820000000000000000e+02 2.314594125258454750e-06
7.830000000000000000e+02 2.314438401905399540e-06
7.840000000000000000e+02 2.314408417230048389e-06
7.850000000000000000e+02 2.314167291948386206e-06
7.860000000000000000e+02 2.313884954717110205e-06
7.870000000000000000e+02 2.313702668511028439e-06
7.880000000000000000e+02 2.313532323413485063e-06
7.890000000000000000e+02 2.313200222525148462e-06
7.900000000000000000e+02 2.313068332869953483e-06
7.910000000000000000e+02 2.312890085325076261e-06
7.920000000000000000e+02 2.312795136578441177e-06
7.930000000000000000e+02 2.312596943337282296e-06
7.940000000000000000e+02 2.312291301204722751e-06
7.950000000000000000e+02 2.312341882258753705e-06
7.960000000000000000e+02 2.312066159143684336e-06
7.970000000000000000e+02 2.312005312332732173e-06
7.980000000000000000e+02 2.311783071386058706e-06
7.990000000000000000e+02 2.311688371402448319e-06
8.000000000000000000e+02 2.311540093063876744e-06
8.010000000000000000e+02 2.311179999128489362e-06
8.020000000000000000e+02 2.311183615736109706e-06
8.030000000000000000e+02 2.311022263885408153e-06
8.040000000000000000e+02 2.310734559883446748e-06
8.050000000000000000e+02 2.310630182453143526e-06
8.060000000000000000e+02 2.310462350307598062e-06
8.070000000000000000e+02 2.310400560959113467e-06
8.080000000000000000e+02 2.310124817201288320e-06
8.090000000000000000e+02 2.309980043907309122e-06
8.100000000000000000e+02 2.309875517627967912e-06
8.110000000000000000e+02 2.310007866843409193e-06
8.120000000000000000e+02 2.309660412140238649e-06
8.130000000000000000e+02 2.309453357039835720e-06
8.140000000000000000e+02 2.309213663550993624e-06
8.150000000000000000e+02 2.309171949040292563e-06
8.160000000000000000e+02 2.309046584563551603e-06
8.170000000000000000e+02 2.308894914747023776e-06
8.180000000000000000e+02 2.309158153393791529e-06
8.190000000000000000e+02 2.308722787058453944e-06
8.200000000000000000e+02 2.308728595986897238e-06
8.210000000000000000e+02 2.308295371289376769e-06
8.220000000000000000e+02 2.308251973569103805e-06
8.230000000000000000e+02 2.308204256673058695e-06
8.240000000000000000e+02 2.308007218139025528e-06
8.250000000000000000e+02 2.308062533412311405e-06
8.260000000000000000e+02 2.307643405620026370e-06
8.270000000000000000e+02 2.307533450722841332e-06
8.280000000000000000e+02 2.307437864946058988e-06
8.290000000000000000e+02 2.307338886453131018e-06
8.300000000000000000e+02 2.307173309876792356e-06
8.310000000000000000e+02 2.307040434459955861e-06
8.320000000000000000e+02 2.306909778937551538e-06
8.330000000000000000e+02 2.306877206199805752e-06
8.340000000000000000e+02 2.306822736071735622e-06
8.350000000000000000e+02 2.306703012643376365e-06
8.360000000000000000e+02 2.306690711061773004e-06
8.370000000000000000e+02 2.306404837880272349e-06
8.380000000000000000e+02 2.306400820816070574e-06
8.390000000000000000e+02 2.306209227541567619e-06
8.400000000000000000e+02 2.306079246869636159e-06
8.410000000000000000e+02 2.305955336477417209e-06
8.420000000000000000e+02 2.306002680570190403e-06
8.430000000000000000e+02 2.305701092766776943e-06
8.440000000000000000e+02 2.305703292596344107e-06
8.450000000000000000e+02 2.305494772816221997e-06
8.460000000000000000e+02 2.305448341269946335e-06
8.470000000000000000e+02 2.305359168998124664e-06
8.480000000000000000e+02 2.305211744156869873e-06
8.490000000000000000e+02 2.305115804336571410e-06
8.500000000000000000e+02 2.304995576558154054e-06
8.510000000000000000e+02 2.304959653402524482e-06
8.520000000000000000e+02 2.304825526225505154e-06
8.530000000000000000e+02 2.304764850858388394e-06
8.540000000000000000e+02 2.304680388845243742e-06
8.550000000000000000e+02 2.304674443645896795e-06
8.560000000000000000e+02 2.304420883686097069e-06
8.570000000000000000e+02 2.304336571096311354e-06
8.580000000000000000e+02 2.304303274772900543e-06
8.590000000000000000e+02 2.304149276544957404e-06
8.600000000000000000e+02 2.304177139311492636e-06
8.610000000000000000e+02 2.304048216270333399e-06
8.620000000000000000e+02 2.303879175858391691e-06
8.630000000000000000e+02 2.303937885630643320e-06
8.640000000000000000e+02 2.303746156843993156e-06
8.650000000000000000e+02 2.303714034519662702e-06
8.660000000000000000e+02 2.303617122172897126e-06
8.670000000000000000e+02 2.303491475566396260e-06
8.680000000000000000e+02 2.303377955620809521e-06
8.690000000000000000e+02 2.303306062505648817e-06
8.700000000000000000e+02 2.303234517332276611e-06
8.710000000000000000e+02 2.303170244377774029e-06
8.720000000000000000e+02 2.303071496690385601e-06
8.730000000000000000e+02 2.302953553057057605e-06
8.740000000000000000e+02 2.303003191367988855e-06
8.750000000000000000e+02 2.302826754362833404e-06
8.760000000000000000e+02 2.302819249774436770e-06
8.770000000000000000e+02 2.302673066863379323e-06
8.780000000000000000e+02 2.302668945208583871e-06
8.790000000000000000e+02 2.302632423369361178e-06
8.800000000000000000e+02 2.302470082718460205e-06
8.810000000000000000e+02 2.302474504763597055e-06
8.820000000000000000e+02 2.302347321478761222e-06
8.830000000000000000e+02 2.302307024063048082e-06
8.840000000000000000e+02 2.302260505803670951e-06
8.850000000000000000e+02 2.302094593257516361e-06
8.860000000000000000e+02 2.302089021500731400e-06
8.870000000000000000e+02 2.301987694159131426e-06
8.880000000000000000e+02 2.302117384710395002e-06
8.890000000000000000e+02 2.301835837704905487e-06
8.900000000000000000e+02 2.301847614995796770e-06
8.910000000000000000e+02 2.301746633119885221e-06
8.920000000000000000e+02 2.301662299732935127e-06
8.930000000000000000e+02 2.301570878849567419e-06
8.940000000000000000e+02 2.301499098629926352e-06
8.950000000000000000e+02 2.301442648400020008e-06
8.960000000000000000e+02 2.301408675180733032e-06
8.970000000000000000e+02 2.301406628303670639e-06
8.980000000000000000e+02 2.301328122695311180e-06
8.990000000000000000e+02 2.301249907683792304e-06
9.000000000000000000e+02 2.301212729799028623e-06
9.010000000000000000e+02 2.301101107841815407e-06
9.020000000000000000e+02 2.301027815102326523e-06
9.030000000000000000e+02 2.300994798417445418e-06
9.040000000000000000e+02 2.300975186096396646e-06
9.050000000000000000e+02 2.300838408223792931e-06
9.060000000000000000e+02 2.300865760342296768e-06
9.070000000000000000e+02 2.300732925525980096e-06
9.080000000000000000e+02 2.300678971711856552e-06
9.090000000000000000e+02 2.300619782042497780e-06
9.100000000000000000e+02 2.300603545802726443e-06
9.110000000000000000e+02 2.300534493952750190e-06
9.120000000000000000e+02 2.300599476415770621e-06
9.130000000000000000e+02 2.300410913862458390e-06
9.140000000000000000e+02 2.300408161741505231e-06
9.150000000000000000e+02 2.300302278587609019e-06
9.160000000000000000e+02 2.300368954557831615e-06
9.170000000000000000e+02 2.300224449621461805e-06
9.180000000000000000e+02 2.300438251096075962e-06
9.190000000000000000e+02 2.300046204920506597e-06
9.200000000000000000e+02 2.299993010944039240e-06
9.210000000000000000e+02 2.300010874319917416e-06
9.220000000000000000e+02 2.299881723678397239e-06
9.230000000000000000e+02 2.299836266143128279e-06
9.240000000000000000e+02 2.299745503869646373e-06
9.250000000000000000e+02 2.299706226993684961e-06
9.260000000000000000e+02 2.299657248865268835e-06
9.270000000000000000e+02 2.299595134071603826e-06
9.280000000000000000e+02 2.299549413022120433e-06
9.290000000000000000e+02 2.299493676291157940e-06
9.300000000000000000e+02 2.299450019242129268e-06
9.310000000000000000e+02 2.299352155421259278e-06
9.320000000000000000e+02 2.299335880155997930e-06
9.330000000000000000e+02 2.299390323250997996e-06
9.340000000000000000e+02 2.299227364257952551e-06
9.350000000000000000e+02 2.299214229849910101e-06
9.360000000000000000e+02 2.299107923329833552e-06
9.370000000000000000e+02 2.299151355911258991e-06
9.380000000000000000e+02 2.298957651623333812e-06
9.390000000000000000e+02 2.298968195615982121e-06
9.400000000000000000e+02 2.298966023133779138e-06
9.410000000000000000e+02 2.298793705319667957e-06
9.420000000000000000e+02 2.298774083014177238e-06
9.430000000000000000e+02 2.298832722208819694e-06
9.440000000000000000e+02 2.298835643185334337e-06
9.450000000000000000e+02 2.298628950344827205e-06
9.460000000000000000e+02 2.298579167410133593e-06
9.470000000000000000e+02 2.298531826239658796e-06
9.480000000000000000e+02 2.298437868096419059e-06
9.490000000000000000e+02 2.298372064853447716e-06
9.500000000000000000e+02 2.298344937702473581e-06
9.510000000000000000e+02 2.298305348703936052e-06
9.520000000000000000e+02 2.298245393345844075e-06
9.530000000000000000e+02 2.298168340117723397e-06
9.540000000000000000e+02 2.298110057311426087e-06
9.550000000000000000e+02 2.298068670557572279e-06
9.560000000000000000e+02 2.298044735473486785e-06
9.570000000000000000e+02 2.297988556184414586e-06
9.580000000000000000e+02 2.297951506851781325e-06
9.590000000000000000e+02 2.297861771594573059e-06
9.600000000000000000e+02 2.297810963814394127e-06
9.610000000000000000e+02 2.297830715858746542e-06
9.620000000000000000e+02 2.297673965409636505e-06
9.630000000000000000e+02 2.297621286754077602e-06
9.640000000000000000e+02 2.297565851770105981e-06
9.650000000000000000e+02 2.297566129043246630e-06
9.660000000000000000e+02 2.297562533173747386e-06
9.670000000000000000e+02 2.297452289811320834e-06
9.680000000000000000e+02 2.297390423866257954e-06
9.690000000000000000e+02 2.297345067132013169e-06
9.700000000000000000e+02 2.297292836335203406e-06
9.710000000000000000e+02 2.297270823467041841e-06
9.720000000000000000e+02 2.297191875604264481e-06
9.730000000000000000e+02 2.297122767126190224e-06
9.740000000000000000e+02 2.297106709835798835e-06
9.750000000000000000e+02 2.297006101912882762e-06
9.760000000000000000e+02 2.296996543838531325e-06
9.770000000000000000e+02 2.296963252833397292e-06
9.780000000000000000e+02 2.296965785905698942e-06
9.790000000000000000e+02 2.296961260794202510e-06
9.800000000000000000e+02 2.296820659636730182e-06
9.810000000000000000e+02 2.296784538266099425e-06
9.820000000000000000e+02 2.296631490827494277e-06
9.830000000000000000e+02 2.296620222268224463e-06
9.840000000000000000e+02 2.296543324614447848e-06
9.850000000000000000e+02 2.296597568793195775e-06
9.860000000000000000e+02 2.296488210762872347e-06
9.870000000000000000e+02 2.296429884562839980e-06
9.880000000000000000e+02 2.296374608977272682e-06
9.890000000000000000e+02 2.296337548756404849e-06
9.900000000000000000e+02 2.296347396471211968e-06
9.910000000000000000e+02 2.296269577901273981e-06
9.920000000000000000e+02 2.296183974272305662e-06
9.930000000000000000e+02 2.296097559793867296e-06
9.940000000000000000e+02 2.296091882622040575e-06
9.950000000000000000e+02 2.296029051276954944e-06
9.960000000000000000e+02 2.295968910330709404e-06
9.970000000000000000e+02 2.295924139444027284e-06
9.980000000000000000e+02 2.295956267577817909e-06
9.990000000000000000e+02 2.295862070094098753e-06
1.000000000000000000e+03 2.295781975813405791e-06
1.001000000000000000e+03 2.295733390717323926e-06
1.002000000000000000e+03 2.295679912891575312e-06
1.003000000000000000e+03 2.295835862397627303e-06
1.004000000000000000e+03 2.295589815058154842e-06
1.005000000000000000e+03 2.295568929447149474e-06
1.006000000000000000e+03 2.295537171928161480e-06
1.007000000000000000e+03 2.295403043888032943e-06
1.008000000000000000e+03 2.295406357706888969e-06
1.009000000000000000e+03 2.295332850050041663e-06
1.010000000000000000e+03 2.295324142856684867e-06
1.011000000000000000e+03 2.295268752778105229e-06
1.012000000000000000e+03 2.295219356321055955e-06
1.013000000000000000e+03 2.295144112476101745e-06
1.014000000000000000e+03 2.295148285873460780e-06
1.015000000000000000e+03 2.295062434903319293e-06
1.016000000000000000e+03 2.294992629883380712e-06
1.017000000000000000e+03 2.294989231320378408e-06
1.018000000000000000e+03 2.294919917262240105e-06
1.019000000000000000e+03 2.294863809884241566e-06
1.020000000000000000e+03 2.294818190610763433e-06
1.021000000000000000e+03 2.294764486778817317e-06
1.022000000000000000e+03 2.294748219777445726e-06
1.023000000000000000e+03 2.294686794962146822e-06
1.024000000000000000e+03 2.294695955666801771e-06
1.025000000000000000e+03 2.294635855685742374e-06
1.026000000000000000e+03 2.294605006626931615e-06
1.027000000000000000e+03 2.294536698871033776e-06
1.028000000000000000e+03 2.294437736915797295e-06
1.029000000000000000e+03 2.294452347911350540e-06
1.030000000000000000e+03 2.294341807922468358e-06
1.031000000000000000e+03 2.294352361944847772e-06
1.032000000000000000e+03 2.294268859406023132e-06
1.033000000000000000e+03 2.294255730358168649e-06
1.034000000000000000e+03 2.294173331574847719e-06
1.035000000000000000e+03 2.294113782703787819e-06
1.036000000000000000e+03 2.294087104792558988e-06
1.037000000000000000e+03 2.294014635316212028e-06
1.038000000000000000e+03 2.294123263733879069e-06
1.039000000000000000e+03 2.293944437395033628e-06
1.040000000000000000e+03 2.293892542465475116e-06
1.041000000000000000e+03 2.293862600474903034e-06
1.042000000000000000e+03 2.293826109536023745e-06
1.043000000000000000e+03 2.293913144537416995e-06
1.044000000000000000e+03 2.293843854492709757e-06
1.045000000000000000e+03 2.293691526274520543e-06
1.046000000000000000e+03 2.293631564943910316e-06
1.047000000000000000e+03 2.293645149596205878e-06
1.048000000000000000e+03 2.293600269631054336e-06
1.049000000000000000e+03 2.293510663636571912e-06
1.050000000000000000e+03 2.293445387233461267e-06
1.051000000000000000e+03 2.293420357038326947e-06
1.052000000000000000e+03 2.293365856177777132e-06
1.053000000000000000e+03 2.293335631637540842e-06
1.054000000000000000e+03 2.293289337248916613e-06
1.055000000000000000e+03 2.293296057550767205e-06
1.056000000000000000e+03 2.293234331938253779e-06
1.057000000000000000e+03 2.293167931082121272e-06
1.058000000000000000e+03 2.293145402862995138e-06
1.059000000000000000e+03 2.293071661705509540e-06
1.060000000000000000e+03 2.293015743563545781e-06
1.061000000000000000e+03 2.292984185610663344e-06
1.062000000000000000e+03 2.293024515927257974e-06
1.063000000000000000e+03 2.292976201087350980e-06
1.064000000000000000e+03 2.292851587752761072e-06
1.065000000000000000e+03 2.292820060221589555e-06
1.066000000000000000e+03 2.292786236759316687e-06
1.067000000000000000e+03 2.292711062474454264e-06
1.068000000000000000e+03 2.292708185357865942e-06
1.069000000000000000e+03 2.292690261709933271e-06
1.070000000000000000e+03 2.292583070155137973e-06
1.071000000000000000e+03 2.292548413794723830e-06
1.072000000000000000e+03 2.292512498639080735e-06
1.073000000000000000e+03 2.292529543092528382e-06
1.074000000000000000e+03 2.292510796443809114e-06
1.075000000000000000e+03 2.292429839252629051e-06
1.076000000000000000e+03 2.292323320018661778e-06
1.077000000000000000e+03 2.292314862006891432e-06
1.078000000000000000e+03 2.292259967252556213e-06
1.079000000000000000e+03 2.292251264725703400e-06
1.080000000000000000e+03 2.292173363525421195e-06
1.081000000000000000e+03 2.292146917478352415e-06
1.082000000000000000e+03 2.292100566570850422e-06
1.083000000000000000e+03 2.292118440547527198e-06
1.084000000000000000e+03 2.292035078714827001e-06
1.085000000000000000e+03 2.291991434480482707e-06
1.086000000000000000e+03 2.291925588548465791e-06
1.087000000000000000e+03 2.291889884335421838e-06
1.088000000000000000e+03 2.291847174433629244e-06
1.089000000000000000e+03 2.291824231920511930e-06
1.090000000000000000e+03 2.291750945985101069e-06
1.091000000000000000e+03 2.291718086667799269e-06
1.092000000000000000e+03 2.291678709721762035e-06
1.093000000000000000e+03 2.291653808091388244e-06
1.094000000000000000e+03 2.291595859325422137e-06
1.095000000000000000e+03 2.291547878233444643e-06
1.096000000000000000e+03 2.291538914838747187e-06
1.097000000000000000e+03 2.291501302705500793e-06
1.098000000000000000e+03 2.291420114205071445e-06
1.099000000000000000e+03 2.291400790490422651e-06
1.100000000000000000e+03 2.291374383222965039e-06
1.101000000000000000e+03 2.291353297151160318e-06
1.102000000000000000e+03 2.291261827686339893e-06
1.103000000000000000e+03 2.291233456508626344e-06
1.104000000000000000e+03 2.291273165191056271e-06
1.105000000000000000e+03 2.291161672434445383e-06
1.106000000000000000e+03 2.291137656609355272e-06
1.107000000000000000e+03 2.291098043747266617e-06
1.108000000000000000e+03 2.291072684203255703e-06
1.109000000000000000e+03 2.291060700318252858e-06
1.110000000000000000e+03 2.290947631893655380e-06
1.111000000000000000e+03 2.290924319288845620e-06
1.112000000000000000e+03 2.290924314024741258e-06
1.113000000000000000e+03 2.290857960398187143e-06
1.114000000000000000e+03 2.290808568725419243e-06
1.115000000000000000e+03 2.290755961100452145e-06
1.116000000000000000e+03 2.290738365184555862e-06
1.117000000000000000e+03 2.290708208740987030e-06
1.118000000000000000e+03 2.290721078935344980e-06
1.119000000000000000e+03 2.290628316439784109e-06
1.120000000000000000e+03 2.290622138172773314e-06
1.121000000000000000e+03 2.290575042785637063e-06
1.122000000000000000e+03 2.290476823607458383e-06
1.123000000000000000e+03 2.290575027571803859e-06
1.124000000000000000e+03 2.290436637076754676e-06
1.125000000000000000e+03 2.290431930127231247e-06
1.126000000000000000e+03 2.290371510041067875e-06
1.127000000000000000e+03 2.290286359913804637e-06
1.128000000000000000e+03 2.290275438946132798e-06
1.129000000000000000e+03 2.290240297754384978e-06
1.130000000000000000e+03 2.290201027878935305e-06
1.131000000000000000e+03 2.290187549703002775e-06
1.132000000000000000e+03 2.290121784785572801e-06
1.133000000000000000e+03 2.290064824583491122e-06
1.134000000000000000e+03 2.290056501189509189e-06
1.135000000000000000e+03 2.290000211335916448e-06
1.136000000000000000e+03 2.289961867065223174e-06
1.137000000000000000e+03 2.289967643411334588e-06
1.138000000000000000e+03 2.289915727867086311e-06
1.139000000000000000e+03 2.289880809659296602e-06
1.140000000000000000e+03 2.289833287248634474e-06
1.141000000000000000e+03 2.289823281083468469e-06
1.142000000000000000e+03 2.289729147250616117e-06
1.143000000000000000e+03 2.289750076440828805e-06
1.144000000000000000e+03 2.289712211376443260e-06
1.145000000000000000e+03 2.289628327646290389e-06
1.146000000000000000e+03 2.289590926423250056e-06
1.147000000000000000e+03 2.289557879878510655e-06
1.148000000000000000e+03 2.289519716507645697e-06
1.149000000000000000e+03 2.289514808107903305e-06
1.150000000000000000e+03 2.289478670275318084e-06
1.151000000000000000e+03 2.289422676351161796e-06
1.152000000000000000e+03 2.289383627351691102e-06
1.153000000000000000e+03 2.289357376272246995e-06
1.154000000000000000e+03 2.289345163486020596e-06
1.155000000000000000e+03 2.289295826733205422e-06
1.156000000000000000e+03 2.289252332630857570e-06
1.157000000000000000e+03 2.289216100426923658e-06
1.158000000000000000e+03 2.289180440778249448e-06
1.159000000000000000e+03 2.289129486039659194e-06
1.160000000000000000e+03 2.289112935320413765e-06
1.161000000000000000e+03 2.289166555672430182e-06
1.162000000000000000e+03 2.289070234054407094e-06
1.163000000000000000e+03 2.289012710454506197e-06
1.164000000000000000e+03 2.288975245142338708e-06
1.165000000000000000e+03 2.288939401875990785e-06
1.166000000000000000e+03 2.288904091927677610e-06
1.167000000000000000e+03 2.288969987655471464e-06
1.168000000000000000e+03 2.288829486036372472e-06
1.169000000000000000e+03 2.288811472584504520e-06
1.170000000000000000e+03 2.288767281445345158e-06
1.171000000000000000e+03 2.288716965374288426e-06
1.172000000000000000e+03 2.288722720616048376e-06
1.173000000000000000e+03 2.288636868126918893e-06
1.174000000000000000e+03 2.288638313240557734e-06
1.175000000000000000e+03 2.288573104890499126e-06
1.176000000000000000e+03 2.288564047530880563e-06
1.177000000000000000e+03 2.288522177883355484e-06
1.178000000000000000e+03 2.288488847651381545e-06
1.179000000000000000e+03 2.288452269015249723e-06
1.180000000000000000e+03 2.288404082463032005e-06
1.181000000000000000e+03 2.288369216836611594e-06
1.182000000000000000e+03 2.288350244576022967e-06
1.183000000000000000e+03 2.288370035722930144e-06
1.184000000000000000e+03 2.288309439879530859e-06
1.185000000000000000e+03 2.288231784150917193e-06
1.186000000000000000e+03 2.288269810109221657e-06
1.187000000000000000e+03 2.288181155751834385e-06
1.188000000000000000e+03 2.288175583464479421e-06
1.189000000000000000e+03 2.288117040686826552e-06
1.190000000000000000e+03 2.288080889352251972e-06
1.191000000000000000e+03 2.288086213305034799e-06
1.192000000000000000e+03 2.288016967712817803e-06
1.193000000000000000e+03 2.287981787354790816e-06
1.194000000000000000e+03 2.287963098126520593e-06
1.195000000000000000e+03 2.287959413462797199e-06
1.196000000000000000e+03 2.287852501561488938e-06
1.197000000000000000e+03 2.287927378451443300e-06
1.198000000000000000e+03 2.287801011190302786e-06
1.199000000000000000e+03 2.287825180632415767e-06
1.200000000000000000e+03 2.287761668760032719e-06
1.201000000000000000e+03 2.287717505123653684e-06
1.202000000000000000e+03 2.287717051703636460e-06
1.203000000000000000e+03 2.287676113195293388e-06
1.204000000000000000e+03 2.287620853908087575e-06
1.205000000000000000e+03 2.287583683743054273e-06
1.206000000000000000e+03 2.287541834888405044e-06
1.207000000000000000e+03 2.287615989812043500e-06
1.208000000000000000e+03 2.287471375725489800e-06
1.209000000000000000e+03 2.287448804977885047e-06
1.210000000000000000e+03 2.287433200237870625e-06
1.211000000000000000e+03 2.287378392027394609e-06
1.212000000000000000e+03 2.287347940102838213e-06
1.213000000000000000e+03 2.287334455443710423e-06
1.214000000000000000e+03 2.287296427720262142e-06
1.215000000000000000e+03 2.287249447267944688e-06
1.216000000000000000e+03 2.287227918241402423e-06
1.217000000000000000e+03 2.287209283045524842e-06
1.218000000000000000e+03 2.287154258282551322e-06
1.219000000000000000e+03 2.287132889715277254e-06
1.220000000000000000e+03 2.287099979421105515e-06
1.221000000000000000e+03 2.287090083603611147e-06
1.222000000000000000e+03 2.287028337391543165e-06
1.223000000000000000e+03 2.287027374503597790e-06
1.224000000000000000e+03 2.287004338386393287e-06
1.225000000000000000e+03 2.286981559436821666e-06
1.226000000000000000e+03 2.286918958881998069e-06
1.227000000000000000e+03 2.286883633211475219e-06
1.228000000000000000e+03 2.286880251110351570e-06
1.229000000000000000e+03 2.286838527256464171e-06
1.230000000000000000e+03 2.286824517441343301e-06
1.231000000000000000e+03 2.286758837923767714e-06
1.232000000000000000e+03 2.286744144232279832e-06
1.233000000000000000e+03 2.286690194434500227e-06
1.234000000000000000e+03 2.286675221042476440e-06
1.235000000000000000e+03 2.286678996178870168e-06
1.236000000000000000e+03 2.286654802435601311e-06
1.237000000000000000e+03 2.286609664355155155e-06
1.238000000000000000e+03 2.286560730890835466e-06
1.239000000000000000e+03 2.286527730618963449e-06
1.240000000000000000e+03 2.286531298110001493e-06
1.241000000000000000e+03 2.286444922572859333e-06
1.242000000000000000e+03 2.286444415381606242e-06
1.243000000000000000e+03 2.286397995355610972e-06
1.244000000000000000e+03 2.286398111942414643e-06
1.245000000000000000e+03 2.286342434345938432e-06
1.246000000000000000e+03 2.286310140424990703e-06
1.247000000000000000e+03 2.286277347889787908e-06
1.248000000000000000e+03 2.286252277972690314e-06
1.249000000000000000e+03 2.286213650516617241e-06
1.250000000000000000e+03 2.286207356684438011e-06
1.251000000000000000e+03 2.286167965234947001e-06
1.252000000000000000e+03 2.286141682110589702e-06
1.253000000000000000e+03 2.286102796520325981e-06
1.254000000000000000e+03 2.286083357979669090e-06
1.255000000000000000e+03 2.286055224224426684e-06
1.256000000000000000e+03 2.286027646839551873e-06
1.257000000000000000e+03 2.286002142067463365e-06
1.258000000000000000e+03 2.285963941346670434e-06
1.259000000000000000e+03 2.285952504723194913e-06
1.260000000000000000e+03 2.286017601241956667e-06
1.261000000000000000e+03 2.285881720427330422e-06
1.262000000000000000e+03 2.285858522509916476e-06
1.263000000000000000e+03 2.285809734596465507e-06
1.264000000000000000e+03 2.285791394126418513e-06
1.265000000000000000e+03 2.285796999248816365e-06
1.266000000000000000e+03 2.285757501196561290e-06
1.267000000000000000e+03 2.285704810101206320e-06
1.268000000000000000e+03 2.285669077541747813e-06
1.269000000000000000e+03 2.285671677430710801e-06
1.270000000000000000e+03 2.285611625408290535e-06
1.271000000000000000e+03 2.285584692801961195e-06
1.272000000000000000e+03 2.285625910762042031e-06
1.273000000000000000e+03 2.285564319844020934e-06
1.274000000000000000e+03 2.285579215698885476e-06
1.275000000000000000e+03 2.285505663819320438e-06
1.276000000000000000e+03 2.285456327007895666e-06
1.277000000000000000e+03 2.285418662667002344e-06
1.278000000000000000e+03 2.285409914753807158e-06
1.279000000000000000e+03 2.285360116462036060e-06
1.280000000000000000e+03 2.285370512605633574e-06
1.281000000000000000e+03 2.285320146263407744e-06
1.282000000000000000e+03 2.285295664159917600e-06
1.283000000000000000e+03 2.285284419333704169e-06
1.284000000000000000e+03 2.285229882769933393e-06
1.285000000000000000e+03 2.285205247601101408e-06
1.286000000000000000e+03 2.285197247686753582e-06
1.287000000000000000e+03 2.285159267255212189e-06
1.288000000000000000e+03 2.285119672828680435e-06
1.289000000000000000e+03 2.285094744427247164e-06
1.290000000000000000e+03 2.285095796582553624e-06
1.291000000000000000e+03 2.285048209941166265e-06
1.292000000000000000e+03 2.285049561913170801e-06
1.293000000000000000e+03 2.284985766152106334e-06
1.294000000000000000e+03 2.284966609694526399e-06
1.295000000000000000e+03 2.284941457229849870e-06
1.296000000000000000e+03 2.284911200682222255e-06
1.297000000000000000e+03 2.284883669903010686e-06
1.298000000000000000e+03 2.284860873372787012e-06
1.299000000000000000e+03 2.284815488912823676e-06
1.300000000000000000e+03 2.284803829387158793e-06
1.301000000000000000e+03 2.284772735376647188e-06
1.302000000000000000e+03 2.284765842654354652e-06
1.303000000000000000e+03 2.284706687207335588e-06
1.304000000000000000e+03 2.284718776410907799e-06
1.305000000000000000e+03 2.284709479743838597e-06
1.306000000000000000e+03 2.284649710012021747e-06
1.307000000000000000e+03 2.284625450291373301e-06
1.308000000000000000e+03 2.284592281192907903e-06
1.309000000000000000e+03 2.284624996922432588e-06
1.310000000000000000e+03 2.284528308675887491e-06
1.311000000000000000e+03 2.284499459929669215e-06
1.312000000000000000e+03 2.284489455153303936e-06
1.313000000000000000e+03 2.284472563232171308e-06
1.314000000000000000e+03 2.284446247709634717e-06
1.315000000000000000e+03 2.284480790959966460e-06
1.316000000000000000e+03 2.284382913007887839e-06
1.317000000000000000e+03 2.284353764861350861e-06
1.318000000000000000e+03 2.284338057718340027e-06
1.319000000000000000e+03 2.284315522162908647e-06
1.320000000000000000e+03 2.284288248058929379e-06
1.321000000000000000e+03 2.284274260809494671e-06
1.322000000000000000e+03 2.284302696875020953e-06
1.323000000000000000e+03 2.284239182897684798e-06
1.324000000000000000e+03 2.284202366879621679e-06
1.325000000000000000e+03 2.284169366004576229e-06
1.326000000000000000e+03 2.284168593410594116e-06
1.327000000000000000e+03 2.284098162467661900e-06
1.328000000000000000e+03 2.284092676382747911e-06
1.329000000000000000e+03 2.284058973156026023e-06
1.330000000000000000e+03 2.284029785932264803e-06
1.331000000000000000e+03 2.284061888129852373e-06
1.332000000000000000e+03 2.283961469210649848e-06
1.333000000000000000e+03 2.283952996830170880e-06
1.334000000000000000e+03 2.283947315449222721e-06
1.335000000000000000e+03 2.283909050839388756e-06
1.336000000000000000e+03 2.283877326534357486e-06
1.337000000000000000e+03 2.283857836646736128e-06
1.338000000000000000e+03 2.283824217805353126e-06
1.339000000000000000e+03 2.283806907255821543e-06
1.340000000000000000e+03 2.283774071217175137e-06
1.341000000000000000e+03 2.283771758214291176e-06
1.342000000000000000e+03 2.283729536129947388e-06
1.343000000000000000e+03 2.283700709265700020e-06
1.344000000000000000e+03 2.283688972809842338e-06
1.345000000000000000e+03 2.283687898634049671e-06
1.346000000000000000e+03 2.283629598520564472e-06
1.347000000000000000e+03 2.283630270065944845e-06
1.348000000000000000e+03 2.283611769198773920e-06
1.349000000000000000e+03 2.283586675623392623e-06
1.350000000000000000e+03 2.283568691833146341e-06
1.351000000000000000e+03 2.283556363462528942e-06
1.352000000000000000e+03 2.283503848876944872e-06
1.353000000000000000e+03 2.283467539244567970e-06
1.354000000000000000e+03 2.283468414158693544e-06
1.355000000000000000e+03 2.283429674341501120e-06
1.356000000000000000e+03 2.283418938754539815e-06
1.357000000000000000e+03 2.283371481041034740e-06
1.358000000000000000e+03 2.283337820499760229e-06
1.359000000000000000e+03 2.283315266727645685e-06
1.360000000000000000e+03 2.283317225662999720e-06
1.361000000000000000e+03 2.283271409341881304e-06
1.362000000000000000e+03 2.283252236776970378e-06
1.363000000000000000e+03 2.283274609711761283e-06
1.364000000000000000e+03 2.283191487588813411e-06
1.365000000000000000e+03 2.283181393308105440e-06
1.366000000000000000e+03 2.283158466194840777e-06
1.367000000000000000e+03 2.283146441642036164e-06
1.368000000000000000e+03 2.283113215980828131e-06
1.369000000000000000e+03 2.283094592155788496e-06
1.370000000000000000e+03 2.283070946269604723e-06
1.371000000000000000e+03 2.283054178991525982e-06
1.372000000000000000e+03 2.283013140277934606e-06
1.373000000000000000e+03 2.282991709680563751e-06
1.374000000000000000e+03 2.282970445588592859e-06
1.375000000000000000e+03 2.282957963433732193e-06
1.376000000000000000e+03 2.282940692719825965e-06
1.377000000000000000e+03 2.282914908215483979e-06
1.378000000000000000e+03 2.282886426202253133e-06
1.379000000000000000e+03 2.282885577679679432e-06
1.380000000000000000e+03 2.282838261849259126e-06
1.381000000000000000e+03 2.282816111549843051e-06
1.382000000000000000e+03 2.282781912038722546e-06
1.383000000000000000e+03 2.282788565322451789e-06
1.384000000000000000e+03 2.282830709019703143e-06
1.385000000000000000e+03 2.282757823866886531e-06
1.386000000000000000e+03 2.282730946139580862e-06
1.387000000000000000e+03 2.282690437162188292e-06
1.388000000000000000e+03 2.282650887106667293e-06
1.389000000000000000e+03 2.282641974468070802e-06
1.390000000000000000e+03 2.282598818211917603e-06
1.391000000000000000e+03 2.282592384626922832e-06
1.392000000000000000e+03 2.282576513036174023e-06
1.393000000000000000e+03 2.282562578245037692e-06
1.394000000000000000e+03 2.282522712760085834e-06
1.395000000000000000e+03 2.282515632941516631e-06
1.396000000000000000e+03 2.282485261475066436e-06
1.397000000000000000e+03 2.282468198043490699e-06
1.398000000000000000e+03 2.282466544879881242e-06
1.399000000000000000e+03 2.282414991056804373e-06
1.400000000000000000e+03 2.282392171062256954e-06
1.401000000000000000e+03 2.282375697105936493e-06
1.402000000000000000e+03 2.282357166290373695e-06
1.403000000000000000e+03 2.282330518979838928e-06
1.404000000000000000e+03 2.282309625899886767e-06
1.405000000000000000e+03 2.282266858562397689e-06
1.406000000000000000e+03 2.282272373144465909e-06
1.407000000000000000e+03 2.282227971986728871e-06
1.408000000000000000e+03 2.282220382011036806e-06
1.409000000000000000e+03 2.282207305653377569e-06
1.410000000000000000e+03 2.282171365197562106e-06
1.411000000000000000e+03 2.282159464597366026e-06
1.412000000000000000e+03 2.282156411003308828e-06
1.413000000000000000e+03 2.282155429385970399e-06
1.414000000000000000e+03 2.282092021601210746e-06
1.415000000000000000e+03 2.282096684124811968e-06
1.416000000000000000e+03 2.282049952413847025e-06
1.417000000000000000e+03 2.282033491549447792e-06
1.418000000000000000e+03 2.282017961527383635e-06
1.419000000000000000e+03 2.281978461177007048e-06
1.420000000000000000e+03 2.281984932046403748e-06
1.421000000000000000e+03 2.281960683628419802e-06
1.422000000000000000e+03 2.281907930516634920e-06
1.423000000000000000e+03 2.281904659297110549e-06
1.424000000000000000e+03 2.281888564866529673e-06
1.425000000000000000e+03 2.281878138718737331e-06
1.426000000000000000e+03 2.281871146534678813e-06
1.427000000000000000e+03 2.281813866144029076e-06
1.428000000000000000e+03 2.281790508026803712e-06
1.429000000000000000e+03 2.281768441340469220e-06
1.430000000000000000e+03 2.281761603738448892e-06
1.431000000000000000e+03 2.281742237682659332e-06
1.432000000000000000e+03 2.281705220865695611e-06
1.433000000000000000e+03 2.281698408866307022e-06
1.434000000000000000e+03 2.281664206613258281e-06
1.435000000000000000e+03 2.281636170555099248e-06
1.436000000000000000e+03 2.281626912298419976e-06
1.437000000000000000e+03 2.281631875461188690e-06
1.438000000000000000e+03 2.281596514117262979e-06
1.439000000000000000e+03 2.281587891150338724e-06
1.440000000000000000e+03 2.281569240268646780e-06
1.441000000000000000e+03 2.281575735931818470e-06
1.442000000000000000e+03 2.281506220917516887e-06
1.443000000000000000e+03 2.281480785642932478e-06
1.444000000000000000e+03 2.281477286637067952e-06
1.445000000000000000e+03 2.281434364034889727e-06
1.446000000000000000e+03 2.281438943914453174e-06
1.447000000000000000e+03 2.281412384362685014e-06
1.448000000000000000e+03 2.281381139322490603e-06
1.449000000000000000e+03 2.281361886994281897e-06
1.450000000000000000e+03 2.281346598784533693e-06
1.451000000000000000e+03 2.281315228625054672e-06
1.452000000000000000e+03 2.281331428753356344e-06
1.453000000000000000e+03 2.281311812791079373e-06
1.454000000000000000e+03 2.281260423445617026e-06
1.455000000000000000e+03 2.281260103412118676e-06
1.456000000000000000e+03 2.281249300351115457e-06
1.457000000000000000e+03 2.281224203206073046e-06
1.458000000000000000e+03 2.281199431836690694e-06
1.459000000000000000e+03 2.281180840255606829e-06
1.460000000000000000e+03 2.281156152564322616e-06
1.461000000000000000e+03 2.281133929870338851e-06
1.462000000000000000e+03 2.281110884498615844e-06
1.463000000000000000e+03 2.281082813717463034e-06
1.464000000000000000e+03 2.281097413583003352e-06
1.465000000000000000e+03 2.281052816616540464e-06
1.466000000000000000e+03 2.281038524291233051e-06
1.467000000000000000e+03 2.281013187485972377e-06
1.468000000000000000e+03 2.280994143007148838e-06
1.469000000000000000e+03 2.280991155677542131e-06
1.470000000000000000e+03 2.280982785864636382e-06
1.471000000000000000e+03 2.280945349439242609e-06
1.472000000000000000e+03 2.280927235343054967e-06
1.473000000000000000e+03 2.280898713503009602e-06
1.474000000000000000e+03 2.280871248582492212e-06
1.475000000000000000e+03 2.280878124235354772e-06
1.476000000000000000e+03 2.280842456583446984e-06
1.477000000000000000e+03 2.280823192820833474e-06
1.478000000000000000e+03 2.280805827113100395e-06
1.479000000000000000e+03 2.280804984344004765e-06
1.480000000000000000e+03 2.280769074196360962e-06
1.481000000000000000e+03 2.280746347358846483e-06
1.482000000000000000e+03 2.280744903603875171e-06
1.483000000000000000e+03 2.280741148938945136e-06
1.484000000000000000e+03 2.280712322531055404e-06
1.485000000000000000e+03 2.280694472365226517e-06
1.486000000000000000e+03 2.280670556745157706e-06
1.487000000000000000e+03 2.280643274564873869e-06
1.488000000000000000e+03 2.280631778755272702e-06
1.489000000000000000e+03 2.280603950289670824e-06
1.490000000000000000e+03 2.280585461602721872e-06
1.491000000000000000e+03 2.280575551864262192e-06
1.492000000000000000e+03 2.280558733374991165e-06
1.493000000000000000e+03 2.280524812924927183e-06
1.494000000000000000e+03 2.280512778002552530e-06
1.495000000000000000e+03 2.280500285874352824e-06
1.496000000000000000e+03 2.280481386990554258e-06
1.497000000000000000e+03 2.280463190040052487e-06
1.498000000000000000e+03 2.280435326247841671e-06
1.499000000000000000e+03 2.280429011062572129e-06
1.500000000000000000e+03 2.280441011453912693e-06
1.501000000000000000e+03 2.280483829362234609e-06
1.502000000000000000e+03 2.280389194233738095e-06
1.503000000000000000e+03 2.280383023636548380e-06
1.504000000000000000e+03 2.280340505988250150e-06
1.505000000000000000e+03 2.280316346129437017e-06
1.506000000000000000e+03 2.280310842764839993e-06
1.507000000000000000e+03 2.280298053076552332e-06
1.508000000000000000e+03 2.280256305608377816e-06
1.509000000000000000e+03 2.280282073431362629e-06
1.510000000000000000e+03 2.280251554999238653e-06
1.511000000000000000e+03 2.280219879413311848e-06
1.512000000000000000e+03 2.280198865848975414e-06
1.513000000000000000e+03 2.280174174624809105e-06
1.514000000000000000e+03 2.280172477912401657e-06
1.515000000000000000e+03 2.280131943309129681e-06
1.516000000000000000e+03 2.280129890146549612e-06
1.517000000000000000e+03 2.280102996924084839e-06
1.518000000000000000e+03 2.280088162581470788e-06
1.519000000000000000e+03 2.280079766299243682e-06
1.520000000000000000e+03 2.280071214904508333e-06
1.521000000000000000e+03 2.280037715215851838e-06
1.522000000000000000e+03 2.280020680778417173e-06
1.523000000000000000e+03 2.280001098107491598e-06
1.524000000000000000e+03 2.279984200620761278e-06
1.525000000000000000e+03 2.279969584145501176e-06
1.526000000000000000e+03 2.279956177651157787e-06
1.527000000000000000e+03 2.279941286182346737e-06
1.528000000000000000e+03 2.279902492377741662e-06
1.529000000000000000e+03 2.279907685562109068e-06
1.530000000000000000e+03 2.279887143184159390e-06
1.531000000000000000e+03 2.279865716792306695e-06
1.532000000000000000e+03 2.279859547454377569e-06
1.533000000000000000e+03 2.279846846541152056e-06
1.534000000000000000e+03 2.279845009522817823e-06
1.535000000000000000e+03 2.279813139716072425e-06
1.536000000000000000e+03 2.279776205886595469e-06
1.537000000000000000e+03 2.279777107986434914e-06
1.538000000000000000e+03 2.279773115160090665e-06
1.539000000000000000e+03 2.279748430760708946e-06
1.540000000000000000e+03 2.279710253238305296e-06
1.541000000000000000e+03 2.279708159710040207e-06
1.542000000000000000e+03 2.279684577063364228e-06
1.543000000000000000e+03 2.279682334797119028e-06
1.544000000000000000e+03 2.279642615034447831e-06
1.545000000000000000e+03 2.279640201158130236e-06
1.546000000000000000e+03 2.279629243274166823e-06
1.547000000000000000e+03 2.279623539977446905e-06
1.548000000000000000e+03 2.279584420809494963e-06
1.549000000000000000e+03 2.279585944524251135e-06
1.550000000000000000e+03 2.279549117998878559e-06
1.551000000000000000e+03 2.279546138130798213e-06
1.552000000000000000e+03 2.279524794956058680e-06
1.553000000000000000e+03 2.279517288783071347e-06
1.554000000000000000e+03 2.279493037123782845e-06
1.555000000000000000e+03 2.279489085947723620e-06
1.556000000000000000e+03 2.279476799482631918e-06
1.557000000000000000e+03 2.279442053646626346e-06
1.558000000000000000e+03 2.279435069664238779e-06
1.559000000000000000e+03 2.279419082835730263e-06
1.560000000000000000e+03 2.279396053153029332e-06
1.561000000000000000e+03 2.279381799910979575e-06
1.562000000000000000e+03 2.279356857080291343e-06
1.563000000000000000e+03 2.279380415219405611e-06
1.564000000000000000e+03 2.279327525628176718e-06
1.565000000000000000e+03 2.279316358024966060e-06
1.566000000000000000e+03 2.279315331460040702e-06
1.567000000000000000e+03 2.279287688664539012e-06
1.568000000000000000e+03 2.279290224209673731e-06
1.569000000000000000e+03 2.279256878128837516e-06
1.570000000000000000e+03 2.279241823500133478e-06
1.571000000000000000e+03 2.279229546692992756e-06
1.572000000000000000e+03 2.279212133632398181e-06
1.573000000000000000e+03 2.279191609488817290e-06
1.574000000000000000e+03 2.279177656840776734e-06
1.575000000000000000e+03 2.279169919527934001e-06
1.576000000000000000e+03 2.279155306559095533e-06
1.577000000000000000e+03 2.279145888818422646e-06
1.578000000000000000e+03 2.279114164181462881e-06
1.579000000000000000e+03 2.279114443480467053e-06
1.580000000000000000e+03 2.279090864212717309e-06
1.581000000000000000e+03 2.279075794782278959e-06
1.582000000000000000e+03 2.279055131707194896e-06
1.583000000000000000e+03 2.279061399385965564e-06
1.584000000000000000e+03 2.279045631740135427e-06
1.585000000000000000e+03 2.279006085899889136e-06
1.586000000000000000e+03 2.279005750342699378e-06
1.587000000000000000e+03 2.278982794911499103e-06
1.588000000000000000e+03 2.278976501279714316e-06
1.589000000000000000e+03 2.278966032879946249e-06
1.590000000000000000e+03 2.278970261128562368e-06
1.591000000000000000e+03 2.278935314425768621e-06
1.592000000000000000e+03 2.278897267313139442e-06
1.593000000000000000e+03 2.278904121586209822e-06
1.594000000000000000e+03 2.278880660393661574e-06
1.595000000000000000e+03 2.278876808661412926e-06
1.596000000000000000e+03 2.278851620535389781e-06
1.597000000000000000e+03 2.278836372055202736e-06
1.598000000000000000e+03 2.278820924687079864e-06
1.599000000000000000e+03 2.278817175146044405e-06
1.600000000000000000e+03 2.278799544869227471e-06
1.601000000000000000e+03 2.278769789350845380e-06
1.602000000000000000e+03 2.278762510330095785e-06
1.603000000000000000e+03 2.278743766425945802e-06
1.604000000000000000e+03 2.278754252564529843e-06
1.605000000000000000e+03 2.278706167212534457e-06
1.606000000000000000e+03 2.278709592950223534e-06
1.607000000000000000e+03 2.278689122267255858e-06
1.608000000000000000e+03 2.278671731959194021e-06
1.609000000000000000e+03 2.278674993173379295e-06
1.610000000000000000e+03 2.278683490417637563e-06
1.611000000000000000e+03 2.278621964803081396e-06
1.612000000000000000e+03 2.278632302415601959e-06
1.613000000000000000e+03 2.278600840821246047e-06
1.614000000000000000e+03 2.278585809808760361e-06
1.615000000000000000e+03 2.278568839869764160e-06
1.616000000000000000e+03 2.278561406123148487e-06
1.617000000000000000e+03 2.278544581763908219e-06
1.618000000000000000e+03 2.278541054403518375e-06
1.619000000000000000e+03 2.278517906633532600e-06
1.620000000000000000e+03 2.278515573901429753e-06
1.621000000000000000e+03 2.278482166561630464e-06
1.622000000000000000e+03 2.278480327191223802e-06
1.623000000000000000e+03 2.278467281143811031e-06
1.624000000000000000e+03 2.278457525864699782e-06
1.625000000000000000e+03 2.278432467540663040e-06
1.626000000000000000e+03 2.278418996979610492e-06
1.627000000000000000e+03 2.278399413093753374e-06
1.628000000000000000e+03 2.278395548683348082e-06
1.629000000000000000e+03 2.278381646959836334e-06
1.630000000000000000e+03 2.278369582231434870e-06
1.631000000000000000e+03 2.278389018922932863e-06
1.632000000000000000e+03 2.278332692525993767e-06
1.633000000000000000e+03 2.278318636857854333e-06
1.634000000000000000e+03 2.278327492209506454e-06
1.635000000000000000e+03 2.278321646064886348e-06
1.636000000000000000e+03 2.278288831110866974e-06
1.637000000000000000e+03 2.278280650103890886e-06
1.638000000000000000e+03 2.278255528890732539e-06
1.639000000000000000e+03 2.278242371136634166e-06
1.640000000000000000e+03 2.278245192469116583e-06
1.641000000000000000e+03 2.278214680804960344e-06
1.642000000000000000e+03 2.278201330321584541e-06
1.643000000000000000e+03 2.278180875412045775e-06
1.644000000000000000e+03 2.278186890084987621e-06
1.645000000000000000e+03 2.278156215053620726e-06
1.646000000000000000e+03 2.278151772939887687e-06
1.647000000000000000e+03 2.278126437479214737e-06
1.648000000000000000e+03 2.278120770485646771e-06
1.649000000000000000e+03 2.278108933379348314e-06
1.650000000000000000e+03 2.278091316319715228e-06
1.651000000000000000e+03 2.278077899376596172e-06
1.652000000000000000e+03 2.278081660358565790e-06
1.653000000000000000e+03 2.278056834617623135e-06
1.654000000000000000e+03 2.278037133693122361e-06
1.655000000000000000e+03 2.278030228509640670e-06
1.656000000000000000e+03 2.278011644784986443e-06
1.657000000000000000e+03 2.278023370700685885e-06
1.658000000000000000e+03 2.278004523269618673e-06
1.659000000000000000e+03 2.277983296487246821e-06
1.660000000000000000e+03 2.277966151820709039e-06
1.661000000000000000e+03 2.277947377830530681e-06
1.662000000000000000e+03 2.277938135240323774e-06
1.663000000000000000e+03 2.277918826947503477e-06
1.664000000000000000e+03 2.277908212512951684e-06
1.665000000000000000e+03 2.277895222260579589e-06
1.666000000000000000e+03 2.277888542262278223e-06
1.667000000000000000e+03 2.277877306762631495e-06
1.668000000000000000e+03 2.277861675523554272e-06
1.669000000000000000e+03 2.277871177454067029e-06
1.670000000000000000e+03 2.277834538222957448e-06
1.671000000000000000e+03 2.277872550334746984e-06
1.672000000000000000e+03 2.277817147754551850e-06
1.673000000000000000e+03 2.277804984086415468e-06
1.674000000000000000e+03 2.277787524915570282e-06
1.675000000000000000e+03 2.277783688952146073e-06
1.676000000000000000e+03 2.277758014133526252e-06
1.677000000000000000e+03 2.277747006753700362e-06
1.678000000000000000e+03 2.277735747176926539e-06
1.679000000000000000e+03 2.277717921184816149e-06
1.680000000000000000e+03 2.277713657232774934e-06
1.681000000000000000e+03 2.277701553786731232e-06
1.682000000000000000e+03 2.277707064685368261e-06
1.683000000000000000e+03 2.277670372053701795e-06
1.684000000000000000e+03 2.277659607187032424e-06
1.685000000000000000e+03 2.277645512366969761e-06
1.686000000000000000e+03 2.277633051142403335e-06
1.687000000000000000e+03 2.277632734991875964e-06
1.688000000000000000e+03 2.277622915142440682e-06
1.689000000000000000e+03 2.277596141069213488e-06
1.690000000000000000e+03 2.277598195474262565e-06
1.691000000000000000e+03 2.277574699442876925e-06
1.692000000000000000e+03 2.277563540414193497e-06
1.693000000000000000e+03 2.277544774680815229e-06
1.694000000000000000e+03 2.277535012410394831e-06
1.695000000000000000e+03 2.277531986439923493e-06
1.696000000000000000e+03 2.277524087118698569e-06
1.697000000000000000e+03 2.277501444763304537e-06
1.698000000000000000e+03 2.277498362917674217e-06
1.699000000000000000e+03 2.277494023702536144e-06
1.700000000000000000e+03 2.277458988445976076e-06
1.701000000000000000e+03 2.277463200763722308e-06
1.702000000000000000e+03 2.277435109149218177e-06
1.703000000000000000e+03 2.277426071541986122e-06
1.704000000000000000e+03 2.277416381937409267e-06
1.705000000000000000e+03 2.277407846445171590e-06
1.706000000000000000e+03 2.277443570043236661e-06
1.707000000000000000e+03 2.277375969395134905e-06
1.708000000000000000e+03 2.277372166692708665e-06
1.709000000000000000e+03 2.277370475130766792e-06
1.710000000000000000e+03 2.277350434424674772e-06
1.711000000000000000e+03 2.277344798865955951e-06
1.712000000000000000e+03 2.277325765037548509e-06
1.713000000000000000e+03 2.277320717476779461e-06
1.714000000000000000e+03 2.277305420609801000e-06
1.715000000000000000e+03 2.277281206206685781e-06
1.716000000000000000e+03 2.277278239752872674e-06
1.717000000000000000e+03 2.277267125714223537e-06
1.718000000000000000e+03 2.277266804738256615e-06
1.719000000000000000e+03 2.277242764528028159e-06
1.720000000000000000e+03 2.277235977348585338e-06
1.721000000000000000e+03 2.277222730086543959e-06
1.722000000000000000e+03 2.277209974654185097e-06
1.723000000000000000e+03 2.277199217922310884e-06
1.724000000000000000e+03 2.277186616649518553e-06
1.725000000000000000e+03 2.277177669455846637e-06
1.726000000000000000e+03 2.277166560443372849e-06
1.727000000000000000e+03 2.277147894399706870e-06
1.728000000000000000e+03 2.277139398875131314e-06
1.729000000000000000e+03 2.277123725963810161e-06
1.730000000000000000e+03 2.277127471059369804e-06
1.731000000000000000e+03 2.277102468538574711e-06
1.732000000000000000e+03 2.277089962730671358e-06
1.733000000000000000e+03 2.277100987503096975e-06
1.734000000000000000e+03 2.277090339356771101e-06
1.735000000000000000e+03 2.277071487262738386e-06
1.736000000000000000e+03 2.277052688302502234e-06
1.737000000000000000e+03 2.277041909364772465e-06
1.738000000000000000e+03 2.277037301121456971e-06
1.739000000000000000e+03 2.277013411363344541e-06
1.740000000000000000e+03 2.277015250609700263e-06
1.741000000000000000e+03 2.276991846256381450e-06
1.742000000000000000e+03 2.276992349560131090e-06
1.743000000000000000e+03 2.276984796280595630e-06
1.744000000000000000e+03 2.276964416391173004e-06
1.745000000000000000e+03 2.276953412610963548e-06
1.746000000000000000e+03 2.276945195050241234e-06
1.747000000000000000e+03 2.276936380910816225e-06
1.748000000000000000e+03 2.276919804391511770e-06
1.749000000000000000e+03 2.276908271294488156e-06
1.750000000000000000e+03 2.276893219557186987e-06
1.751000000000000000e+03 2.276881063691744473e-06
1.752000000000000000e+03 2.276875381557322391e-06
1.753000000000000000e+03 2.276881816646516810e-06
1.754000000000000000e+03 2.276857757261460156e-06
1.755000000000000000e+03 2.276839178343065265e-06
1.756000000000000000e+03 2.276830154540241706e-06
1.757000000000000000e+03 2.276824880525165082e-06
1.758000000000000000e+03 2.276810760287456745e-06
1.759000000000000000e+03 2.276798231259761282e-06
1.760000000000000000e+03 2.276785968283674173e-06
1.761000000000000000e+03 2.276775992608669514e-06
1.762000000000000000e+03 2.276770514867351081e-06
1.763000000000000000e+03 2.276767883443527649e-06
1.764000000000000000e+03 2.276751874541191450e-06
1.765000000000000000e+03 2.276736753688978258e-06
1.766000000000000000e+03 2.276723227885754450e-06
1.767000000000000000e+03 2.276729631918696346e-06
1.768000000000000000e+03 2.276708776636947829e-06
1.769000000000000000e+03 2.276702462058371564e-06
1.770000000000000000e+03 2.276691375245011372e-06
1.771000000000000000e+03 2.276671202763186092e-06
1.772000000000000000e+03 2.276671054812122884e-06
1.773000000000000000e+03 2.276652671332324161e-06
1.774000000000000000e+03 2.276651600705270471e-06
1.775000000000000000e+03 2.276631038774186928e-06
1.776000000000000000e+03 2.276632948661439583e-06
1.777000000000000000e+03 2.276606291420246074e-06
1.778000000000000000e+03 2.276601138975970886e-06
1.779000000000000000e+03 2.276600881784344526e-06
1.780000000000000000e+03 2.276575261656506739e-06
1.781000000000000000e+03 2.276580727913314134e-06
1.782000000000000000e+03 2.276565982859867607e-06
1.783000000000000000e+03 2.276588450782703516e-06
1.784000000000000000e+03 2.276539178161097367e-06
1.785000000000000000e+03 2.276527475868348071e-06
1.786000000000000000e+03 2.276542417681239544e-06
1.787000000000000000e+03 2.276513385143563500e-06
1.788000000000000000e+03 2.276516028443361870e-06
1.789000000000000000e+03 2.276505284782698929e-06
1.790000000000000000e+03 2.276479724503510125e-06
1.791000000000000000e+03 2.276479975330369983e-06
1.792000000000000000e+03 2.276466689583910959e-06
1.793000000000000000e+03 2.276445024281130428e-06
1.794000000000000000e+03 2.276441048657520507e-06
1.795000000000000000e+03 2.276430902932667554e-06
1.796000000000000000e+03 2.276426592500427312e-06
1.797000000000000000e+03 2.276423439006229854e-06
1.798000000000000000e+03 2.276397901049249286e-06
1.799000000000000000e+03 2.276402039977054848e-06
1.800000000000000000e+03 2.276395479012335910e-06
1.801000000000000000e+03 2.276375863354244565e-06
1.802000000000000000e+03 2.276361654829379458e-06
1.803000000000000000e+03 2.276351267995939078e-06
1.804000000000000000e+03 2.276351869357168941e-06
1.805000000000000000e+03 2.276329629539686122e-06
1.806000000000000000e+03 2.276331073040262524e-06
1.807000000000000000e+03 2.276310888375512388e-06
1.808000000000000000e+03 2.276305774494765605e-06
1.809000000000000000e+03 2.276302675913413844e-06
1.810000000000000000e+03 2.276299086264186600e-06
1.811000000000000000e+03 2.276286286711264720e-06
1.812000000000000000e+03 2.276274070548656149e-06
1.813000000000000000e+03 2.276257491224763772e-06
1.814000000000000000e+03 2.276250540089357176e-06
1.815000000000000000e+03 2.276235870875991104e-06
1.816000000000000000e+03 2.276227795352792230e-06
1.817000000000000000e+03 2.276221592718414688e-06
1.818000000000000000e+03 2.276213295955821584e-06
1.819000000000000000e+03 2.276199531923093124e-06
1.820000000000000000e+03 2.276199551919171434e-06
1.821000000000000000e+03 2.276185608802356835e-06
1.822000000000000000e+03 2.276168279305681628e-06
1.823000000000000000e+03 2.276171875925637239e-06
1.824000000000000000e+03 2.276161651686759307e-06
1.825000000000000000e+03 2.276148130523579443e-06
1.826000000000000000e+03 2.276133765984805913e-06
1.827000000000000000e+03 2.276142366628617301e-06
1.828000000000000000e+03 2.276117273902979880e-06
1.829000000000000000e+03 2.276127148860466378e-06
1.830000000000000000e+03 2.276102709081697690e-06
1.831000000000000000e+03 2.276094606401848339e-06
1.832000000000000000e+03 2.276081378284977147e-06
1.833000000000000000e+03 2.276067590574926225e-06
1.834000000000000000e+03 2.276060535822888481e-06
1.835000000000000000e+03 2.276087944085195846e-06
1.836000000000000000e+03 2.276054494410525105e-06
1.837000000000000000e+03 2.276042663011382604e-06
1.838000000000000000e+03 2.276026039159240934e-06
1.839000000000000000e+03 2.276024001904273346e-06
1.840000000000000000e+03 2.276010306663848316e-06
1.841000000000000000e+03 2.276000867754344852e-06
1.842000000000000000e+03 2.275989884824878843e-06
1.843000000000000000e+03 2.275988973476701693e-06
1.844000000000000000e+03 2.275971747103979226e-06
1.845000000000000000e+03 2.275973346984515268e-06
1.846000000000000000e+03 2.275956562973241361e-06
1.847000000000000000e+03 2.275952621200048721e-06
1.848000000000000000e+03 2.275960303414421451e-06
1.849000000000000000e+03 2.275927816421381306e-06
1.850000000000000000e+03 2.275918975934135464e-06
1.851000000000000000e+03 2.275923166257292674e-06
1.852000000000000000e+03 2.275897002120544668e-06
1.853000000000000000e+03 2.275893804129839630e-06
1.854000000000000000e+03 2.275889546911053048e-06
1.855000000000000000e+03 2.275874880237754555e-06
1.856000000000000000e+03 2.275869641656094759e-06
1.857000000000000000e+03 2.275854477152061077e-06
1.858000000000000000e+03 2.275857319778475332e-06
1.859000000000000000e+03 2.275844692579311882e-06
1.860000000000000000e+03 2.275830557761237483e-06
1.861000000000000000e+03 2.275829588529833990e-06
1.862000000000000000e+03 2.275828110756698992e-06
1.863000000000000000e+03 2.275808320013597832e-06
1.864000000000000000e+03 2.275809437915685091e-06
1.865000000000000000e+03 2.275793366218082773e-06
1.866000000000000000e+03 2.275777796505038114e-06
1.867000000000000000e+03 2.275767355096287043e-06
1.868000000000000000e+03 2.275762808022855132e-06
1.869000000000000000e+03 2.275757514548962185e-06
1.870000000000000000e+03 2.275745671022840931e-06
1.871000000000000000e+03 2.275748309223541617e-06
1.872000000000000000e+03 2.275734190302705239e-06
1.873000000000000000e+03 2.275719599580179585e-06
1.874000000000000000e+03 2.275709316016384576e-06
1.875000000000000000e+03 2.275704693888743026e-06
1.876000000000000000e+03 2.275697283915393238e-06
1.877000000000000000e+03 2.275688763936370443e-06
1.878000000000000000e+03 2.275679362011063066e-06
1.879000000000000000e+03 2.275675036175361389e-06
1.880000000000000000e+03 2.275664147660842127e-06
1.881000000000000000e+03 2.275653629220031533e-06
1.882000000000000000e+03 2.275658617345424479e-06
1.883000000000000000e+03 2.275637060955906794e-06
1.884000000000000000e+03 2.275640150174755631e-06
1.885000000000000000e+03 2.275629223758580357e-06
1.886000000000000000e+03 2.275615372846732394e-06
1.887000000000000000e+03 2.275602421484753636e-06
1.888000000000000000e+03 2.275595208287668326e-06
1.889000000000000000e+03 2.275589865867947723e-06
1.890000000000000000e+03 2.275590527901974379e-06
1.891000000000000000e+03 2.275567688595655980e-06
1.892000000000000000e+03 2.275564828913382911e-06
1.893000000000000000e+03 2.275556476229595008e-06
1.894000000000000000e+03 2.275565876848261313e-06
1.895000000000000000e+03 2.275539108327623927e-06
1.896000000000000000e+03 2.275546999116185376e-06
1.897000000000000000e+03 2.275525733468755790e-06
1.898000000000000000e+03 2.275518131465422456e-06
1.899000000000000000e+03 2.275508309546696272e-06
1.900000000000000000e+03 2.275497647308067685e-06
1.901000000000000000e+03 2.275494308659815544e-06
1.902000000000000000e+03 2.275483582141728109e-06
1.903000000000000000e+03 2.275475922081750295e-06
1.904000000000000000e+03 2.275468624945954714e-06
1.905000000000000000e+03 2.275481626368377713e-06
1.906000000000000000e+03 2.275447698559482068e-06
1.907000000000000000e+03 2.275447279524930392e-06
1.908000000000000000e+03 2.275449963012037114e-06
1.909000000000000000e+03 2.275432493880417776e-06
1.910000000000000000e+03 2.275418343732722887e-06
1.911000000000000000e+03 2.275412823075195232e-06
1.912000000000000000e+03 2.275411041380040796e-06
1.913000000000000000e+03 2.275396383122722331e-06
1.914000000000000000e+03 2.275397683041051047e-06
1.915000000000000000e+03 2.275383881698062861e-06
1.916000000000000000e+03 2.275384300783497924e-06
1.917000000000000000e+03 2.275374665159064483e-06
1.918000000000000000e+03 2.275360376942015941e-06
1.919000000000000000e+03 2.275351884299497517e-06
1.920000000000000000e+03 2.275344755988377211e-06
1.921000000000000000e+03 2.275334877390121183e-06
1.922000000000000000e+03 2.275343756467532075e-06
1.923000000000000000e+03 2.275335544295943809e-06
1.924000000000000000e+03 2.275317312222490315e-06
1.925000000000000000e+03 2.275311906842008178e-06
1.926000000000000000e+03 2.275298810244594075e-06
1.927000000000000000e+03 2.275296600659044573e-06
1.928000000000000000e+03 2.275286889067385526e-06
1.929000000000000000e+03 2.275276616086264730e-06
1.930000000000000000e+03 2.275272296128844652e-06
1.931000000000000000e+03 2.275259228664660783e-06
1.932000000000000000e+03 2.275256121511006948e-06
1.933000000000000000e+03 2.275255390045852236e-06
1.934000000000000000e+03 2.275238105246545766e-06
1.935000000000000000e+03 2.275239348966716004e-06
1.936000000000000000e+03 2.275225212782801401e-06
1.937000000000000000e+03 2.275216157785182069e-06
1.938000000000000000e+03 2.275210025638078059e-06
1.939000000000000000e+03 2.275204746412716276e-06
1.940000000000000000e+03 2.275192700940916842e-06
1.941000000000000000e+03 2.275192961262684850e-06
1.942000000000000000e+03 2.275184688779174789e-06
1.943000000000000000e+03 2.275170606101512808e-06
1.944000000000000000e+03 2.275164799608501419e-06
1.945000000000000000e+03 2.275165356602049789e-06
1.946000000000000000e+03 2.275155176212616992e-06
1.947000000000000000e+03 2.275145184339401484e-06
1.948000000000000000e+03 2.275137256064310634e-06
1.949000000000000000e+03 2.275133504360524351e-06
1.950000000000000000e+03 2.275122184887810849e-06
1.951000000000000000e+03 2.275119602074144810e-06
1.952000000000000000e+03 2.275107582144859375e-06
1.953000000000000000e+03 2.275108183075478863e-06
1.954000000000000000e+03 2.275094140865862869e-06
1.955000000000000000e+03 2.275086778273055190e-06
1.956000000000000000e+03 2.275090752052696408e-06
1.957000000000000000e+03 2.275087490489713554e-06
1.958000000000000000e+03 2.275079861244765986e-06
1.959000000000000000e+03 2.275060235804580818e-06
1.960000000000000000e+03 2.275052390226536336e-06
1.961000000000000000e+03 2.275053084869706005e-06
1.962000000000000000e+03 2.275033833712285296e-06
1.963000000000000000e+03 2.275027529049936027e-06
1.964000000000000000e+03 2.275025249371823146e-06
1.965000000000000000e+03 2.275019757517882103e-06
1.966000000000000000e+03 2.275005652115316751e-06
1.967000000000000000e+03 2.275018637928369264e-06
1.968000000000000000e+03 2.274993834556254268e-06
1.969000000000000000e+03 2.274991445674832862e-06
1.970000000000000000e+03 2.274980433680490907e-06
1.971000000000000000e+03 2.274976332824555593e-06
1.972000000000000000e+03 2.274964851955222671e-06
1.973000000000000000e+03 2.274963019219744940e-06
1.974000000000000000e+03 2.274951359412805827e-06
1.975000000000000000e+03 2.274956912332133694e-06
1.976000000000000000e+03 2.274960566891396429e-06
1.977000000000000000e+03 2.274936561688222297e-06
1.978000000000000000e+03 2.274924527891794141e-06
1.979000000000000000e+03 2.274917404453835222e-06
1.980000000000000000e+03 2.274911457625705751e-06
1.981000000000000000e+03 2.274911044241455062e-06
1.982000000000000000e+03 2.274898784188388444e-06
1.983000000000000000e+03 2.274896586174457578e-06
1.984000000000000000e+03 2.274895309651131007e-06
1.985000000000000000e+03 2.274883849720963302e-06
1.986000000000000000e+03 2.274872858110143538e-06
1.987000000000000000e+03 2.274866008119983870e-06
1.988000000000000000e+03 2.274856682394923828e-06
1.989000000000000000e+03 2.274851179845301248e-06
1.990000000000000000e+03 2.274842255256294257e-06
1.991000000000000000e+03 2.274846381870991505e-06
1.992000000000000000e+03 2.274835944706081752e-06
1.993000000000000000e+03 2.274826766362064779e-06
1.994000000000000000e+03 2.274818315714741078e-06
1.995000000000000000e+03 2.274822396083605269e-06
1.996000000000000000e+03 2.274805660143419201e-06
1.997000000000000000e+03 2.274797973037185561e-06
1.998000000000000000e+03 2.274790104305117689e-06
1.999000000000000000e+03 2.274785543314444023e-06
2.000000000000000000e+03 2.274779000069442160e-06
2.001000000000000000e+03 2.274770532604882379e-06
2.002000000000000000e+03 2.274771185509325349e-06
2.003000000000000000e+03 2.274770119095395327e-06
2.004000000000000000e+03 2.274754461236065217e-06
2.005000000000000000e+03 2.274756056573081378e-06
2.006000000000000000e+03 2.274745839981463804e-06
2.007000000000000000e+03 2.274731400464132111e-06
2.008000000000000000e+03 2.274740750732687966e-06
2.009000000000000000e+03 2.274720068702918297e-06
2.010000000000000000e+03 2.274713033965567329e-06
2.011000000000000000e+03 2.274717615850335165e-06
2.012000000000000000e+03 2.274704568256230491e-06
2.013000000000000000e+03 2.274694757413121202e-06
2.014000000000000000e+03 2.274687891646770028e-06
2.015000000000000000e+03 2.274690221032119069e-06
2.016000000000000000e+03 2.274677412022546131e-06
2.017000000000000000e+03 2.274676623129480437e-06
2.018000000000000000e+03 2.274669123882714125e-06
2.019000000000000000e+03 2.274661517530929210e-06
2.020000000000000000e+03 2.274649130917313306e-06
2.021000000000000000e+03 2.274644170929566280e-06
2.022000000000000000e+03 2.274645533515292598e-06
2.023000000000000000e+03 2.274640560914104786e-06
2.024000000000000000e+03 2.274635423448343498e-06
2.025000000000000000e+03 2.274624620403850221e-06
2.026000000000000000e+03 2.274611431040802279e-06
2.027000000000000000e+03 2.274609957831853072e-06
2.028000000000000000e+03 2.274601190319836334e-06
2.029000000000000000e+03 2.274603304983597019e-06
2.030000000000000000e+03 2.274597788720242090e-06
2.031000000000000000e+03 2.274579227929087919e-06
2.032000000000000000e+03 2.274574095603330501e-06
2.033000000000000000e+03 2.274575874122963500e-06
2.034000000000000000e+03 2.274567406919555411e-06
2.035000000000000000e+03 2.274562281115397303e-06
2.036000000000000000e+03 2.274554114583045802e-06
2.037000000000000000e+03 2.274542878155844211e-06
2.038000000000000000e+03 2.274545672312896160e-06
2.039000000000000000e+03 2.274533562219536094e-06
2.040000000000000000e+03 2.274531246531022365e-06
2.041000000000000000e+03 2.274521115518239780e-06
2.042000000000000000e+03 2.274521383638502067e-06
2.043000000000000000e+03 2.274513545573517431e-06
2.044000000000000000e+03 2.274502560116840956e-06
2.045000000000000000e+03 2.274503793695150291e-06
2.046000000000000000e+03 2.274494123389768518e-06
2.047000000000000000e+03 2.274484861304414350e-06
2.048000000000000000e+03 2.274483842019177285e-06
2.049000000000000000e+03 2.274473057701986161e-06
2.050000000000000000e+03 2.274474707847697695e-06
2.051000000000000000e+03 2.274463383712065701e-06
2.052000000000000000e+03 2.274458710724809407e-06
2.053000000000000000e+03 2.274464408218227506e-06
2.054000000000000000e+03 2.274444007946815394e-06
2.055000000000000000e+03 2.274440312560916544e-06
2.056000000000000000e+03 2.274430472636931702e-06
2.057000000000000000e+03 2.274424904411247104e-06
2.058000000000000000e+03 2.274428470808769425e-06
2.059000000000000000e+03 2.274414796683974952e-06
2.060000000000000000e+03 2.274414999333783151e-06
2.061000000000000000e+03 2.274402001026147633e-06
2.062000000000000000e+03 2.274399576295574617e-06
2.063000000000000000e+03 2.274400766770188223e-06
2.064000000000000000e+03 2.274394678276697449e-06
2.065000000000000000e+03 2.274383887448504667e-06
2.066000000000000000e+03 2.274372204357963910e-06
2.067000000000000000e+03 2.274376714818344159e-06
2.068000000000000000e+03 2.274364157012694572e-06
2.069000000000000000e+03 2.274366240437936914e-06
2.070000000000000000e+03 2.274362807427734761e-06
2.071000000000000000e+03 2.274347767317416842e-06
2.072000000000000000e+03 2.274343616944854887e-06
2.073000000000000000e+03 2.274335541173333904e-06
2.074000000000000000e+03 2.274331964584386548e-06
2.075000000000000000e+03 2.274326249006734557e-06
2.076000000000000000e+03 2.274329103059592354e-06
2.077000000000000000e+03 2.274311702370588212e-06
2.078000000000000000e+03 2.274313512633680882e-06
2.079000000000000000e+03 2.274304940923252469e-06
2.080000000000000000e+03 2.274302409538212497e-06
2.081000000000000000e+03 2.274288604223832410e-06
2.082000000000000000e+03 2.274286218190983229e-06
2.083000000000000000e+03 2.274283156637359120e-06
2.084000000000000000e+03 2.274272045225986805e-06
2.085000000000000000e+03 2.274268847834834980e-06
2.086000000000000000e+03 2.274260931982441566e-06
2.087000000000000000e+03 2.274254819144603860e-06
2.088000000000000000e+03 2.274250716774770372e-06
2.089000000000000000e+03 2.274249893339131460e-06
2.090000000000000000e+03 2.274244633585161898e-06
2.091000000000000000e+03 2.274241853521569285e-06
2.092000000000000000e+03 2.274228745031419579e-06
2.093000000000000000e+03 2.274230241959809115e-06
2.094000000000000000e+03 2.274229191481510576e-06
2.095000000000000000e+03 2.274215600083539490e-06
2.096000000000000000e+03 2.274208054327344315e-06
2.097000000000000000e+03 2.274201887598503672e-06
2.098000000000000000e+03 2.274197069239357989e-06
2.099000000000000000e+03 2.274190492675402468e-06
2.100000000000000000e+03 2.274188559300018936e-06
2.101000000000000000e+03 2.274185966142220103e-06
2.102000000000000000e+03 2.274184679590080611e-06
2.103000000000000000e+03 2.274170085062394543e-06
2.104000000000000000e+03 2.274169756538351857e-06
2.105000000000000000e+03 2.274159967717103085e-06
2.106000000000000000e+03 2.274160250037598718e-06
2.107000000000000000e+03 2.274149364615786905e-06
2.108000000000000000e+03 2.274147187493172789e-06
2.109000000000000000e+03 2.274139685387567789e-06
2.110000000000000000e+03 2.274136854601412057e-06
2.111000000000000000e+03 2.274130728808903802e-06
2.112000000000000000e+03 2.274122461417015514e-06
2.113000000000000000e+03 2.274122855546254477e-06
2.114000000000000000e+03 2.274113328230440000e-06
2.115000000000000000e+03 2.274108993865022100e-06
2.116000000000000000e+03 2.274107788026078287e-06
2.117000000000000000e+03 2.274097612501191706e-06
2.118000000000000000e+03 2.274093398942496890e-06
2.119000000000000000e+03 2.274085117117284072e-06
2.120000000000000000e+03 2.274083815579634189e-06
2.121000000000000000e+03 2.274083591924993273e-06
2.122000000000000000e+03 2.274072178503790256e-06
2.123000000000000000e+03 2.274072791701776584e-06
2.124000000000000000e+03 2.274066850271682631e-06
2.125000000000000000e+03 2.274062899596304157e-06
2.126000000000000000e+03 2.274052389010170690e-06
2.127000000000000000e+03 2.274049833790628164e-06
2.128000000000000000e+03 2.274042608185619790e-06
2.129000000000000000e+03 2.274036138258105940e-06
2.130000000000000000e+03 2.274034711863462400e-06
2.131000000000000000e+03 2.274027865103569603e-06
2.132000000000000000e+03 2.274020672781090353e-06
2.133000000000000000e+03 2.274021674504021252e-06
2.134000000000000000e+03 2.274008993385494083e-06
2.135000000000000000e+03 2.274005408220290278e-06
2.136000000000000000e+03 2.274008446379761392e-06
2.137000000000000000e+03 2.273994900660253166e-06
2.138000000000000000e+03 2.273989566817252337e-06
2.139000000000000000e+03 2.273987708064669741e-06
2.140000000000000000e+03 2.273983160399032205e-06
2.141000000000000000e+03 2.273980542811780381e-06
2.142000000000000000e+03 2.273975002356077735e-06
2.143000000000000000e+03 2.273970077120079984e-06
2.144000000000000000e+03 2.273962496387655286e-06
2.145000000000000000e+03 2.273959596705146172e-06
2.146000000000000000e+03 2.273955148287760058e-06
2.147000000000000000e+03 2.273946433289770535e-06
2.148000000000000000e+03 2.273948675336730763e-06
2.149000000000000000e+03 2.273939338344249568e-06
2.150000000000000000e+03 2.273931131019964468e-06
2.151000000000000000e+03 2.273939120368557988e-06
2.152000000000000000e+03 2.273922986604063348e-06
2.153000000000000000e+03 2.273919300423430153e-06
2.154000000000000000e+03 2.273914179758286159e-06
2.155000000000000000e+03 2.273909043407555654e-06
2.156000000000000000e+03 2.273906464574661134e-06
2.157000000000000000e+03 2.273902455133516597e-06
2.158000000000000000e+03 2.273896313076944915e-06
2.159000000000000000e+03 2.273895481998530261e-06
2.160000000000000000e+03 2.273889329856662537e-06
2.161000000000000000e+03 2.273880178880153458e-06
2.162000000000000000e+03 2.273874677313527013e-06
2.163000000000000000e+03 2.273870099243467346e-06
2.164000000000000000e+03 2.273869722963360233e-06
2.165000000000000000e+03 2.273861939651788518e-06
2.166000000000000000e+03 2.273868500070198309e-06
2.167000000000000000e+03 2.273850804449817483e-06
2.168000000000000000e+03 2.273846664589835222e-06
2.169000000000000000e+03 2.273842744423740288e-06
2.170000000000000000e+03 2.273837511068602424e-06
2.171000000000000000e+03 2.273843922249630798e-06
2.172000000000000000e+03 2.273828780240419656e-06
2.173000000000000000e+03 2.273825635558840649e-06
2.174000000000000000e+03 2.273820470956817813e-06
2.175000000000000000e+03 2.273813643611661745e-06
2.176000000000000000e+03 2.273815275513537627e-06
2.177000000000000000e+03 2.273808478685675488e-06
2.178000000000000000e+03 2.273809156770601683e-06
2.179000000000000000e+03 2.273797410451477740e-06
2.180000000000000000e+03 2.273793224049515564e-06
2.181000000000000000e+03 2.273786873413920298e-06
2.182000000000000000e+03 2.273782798330119876e-06
2.183000000000000000e+03 2.273783933102552180e-06
2.184000000000000000e+03 2.273785256471674986e-06
2.185000000000000000e+03 2.273768721663715619e-06
2.186000000000000000e+03 2.273769643023384713e-06
2.187000000000000000e+03 2.273760519409801081e-06
2.188000000000000000e+03 2.273758670438263681e-06
2.189000000000000000e+03 2.273759586229007514e-06
2.190000000000000000e+03 2.273749573598660098e-06
2.191000000000000000e+03 2.273743527758842801e-06
2.192000000000000000e+03 2.273738326791217969e-06
2.193000000000000000e+03 2.273734475158397013e-06
2.194000000000000000e+03 2.273729060493362702e-06
2.195000000000000000e+03 2.273724876080511289e-06
2.196000000000000000e+03 2.273726325691508833e-06
2.197000000000000000e+03 2.273718990167618076e-06
2.198000000000000000e+03 2.273715516120771116e-06
2.199000000000000000e+03 2.273709053526716058e-06
2.200000000000000000e+03 2.273703044924036675e-06
2.201000000000000000e+03 2.273700222530709865e-06
2.202000000000000000e+03 2.273698394371944696e-06
2.203000000000000000e+03 2.273692288375185953e-06
2.204000000000000000e+03 2.273691004672797756e-06
2.205000000000000000e+03 2.273685098777673951e-06
2.206000000000000000e+03 2.273677766707522344e-06
2.207000000000000000e+03 2.273683493773494056e-06
2.208000000000000000e+03 2.273671890506556014e-06
2.209000000000000000e+03 2.273664863928679780e-06
2.210000000000000000e+03 2.273660916934396382e-06
2.211000000000000000e+03 2.273655629626223123e-06
2.212000000000000000e+03 2.273650262188821145e-06
2.213000000000000000e+03 2.273648164364075028e-06
2.214000000000000000e+03 2.273646379187998461e-06
2.215000000000000000e+03 2.273638282133445261e-06
2.216000000000000000e+03 2.273633798111539970e-06
2.217000000000000000e+03 2.273629302613895513e-06
2.218000000000000000e+03 2.273624226983237252e-06
2.219000000000000000e+03 2.273624194896503079e-06
2.220000000000000000e+03 2.273621331019177789e-06
2.221000000000000000e+03 2.273612876800417169e-06
2.222000000000000000e+03 2.273611124118393437e-06
2.223000000000000000e+03 2.273604556983741246e-06
2.224000000000000000e+03 2.273601956375000999e-06
2.225000000000000000e+03 2.273601457650089550e-06
2.226000000000000000e+03 2.273592852547053306e-06
2.227000000000000000e+03 2.273591951944754135e-06
2.228000000000000000e+03 2.273583098321738711e-06
2.229000000000000000e+03 2.273580042748300194e-06
2.230000000000000000e+03 2.273581033411232215e-06
2.231000000000000000e+03 2.273585413438358664e-06
2.232000000000000000e+03 2.273569355469019969e-06
2.233000000000000000e+03 2.273571941627226094e-06
2.234000000000000000e+03 2.273561471734456154e-06
2.235000000000000000e+03 2.273553402004702177e-06
2.236000000000000000e+03 2.273555622674056417e-06
2.237000000000000000e+03 2.273550710516689523e-06
2.238000000000000000e+03 2.273541787301790625e-06
2.239000000000000000e+03 2.273541755273311144e-06
2.240000000000000000e+03 2.273537237491876901e-06
2.241000000000000000e+03 2.273531828886574739e-06
2.242000000000000000e+03 2.273533360953179109e-06
2.243000000000000000e+03 2.273521404326855671e-06
2.244000000000000000e+03 2.273520030237760820e-06
2.245000000000000000e+03 2.273513524640645170e-06
2.246000000000000000e+03 2.273513412570990703e-06
2.247000000000000000e+03 2.273508238280348366e-06
2.248000000000000000e+03 2.273504777235713374e-06
2.249000000000000000e+03 2.273497896206495529e-06
2.250000000000000000e+03 2.273495486393724902e-06
2.251000000000000000e+03 2.273491277498011683e-06
2.252000000000000000e+03 2.273484365049935827e-06
2.253000000000000000e+03 2.273481442685213804e-06
2.254000000000000000e+03 2.273477247224890708e-06
2.255000000000000000e+03 2.273477995746160038e-06
2.256000000000000000e+03 2.273469764871506197e-06
2.257000000000000000e+03 2.273468514186241632e-06
2.258000000000000000e+03 2.273465275716615550e-06
2.259000000000000000e+03 2.273461447787313245e-06
2.260000000000000000e+03 2.273459566816820544e-06
2.261000000000000000e+03 2.273450992546039807e-06
2.262000000000000000e+03 2.273446317172494765e-06
2.263000000000000000e+03 2.273441939918091706e-06
2.264000000000000000e+03 2.273442147075390816e-06
2.265000000000000000e+03 2.273436874478942336e-06
2.266000000000000000e+03 2.273432685012726665e-06
2.267000000000000000e+03 2.273426168809800945e-06
2.268000000000000000e+03 2.273426456274209504e-06
2.269000000000000000e+03 2.273420099721462298e-06
2.270000000000000000e+03 2.273416786203048434e-06
2.271000000000000000e+03 2.273412043086410780e-06
2.272000000000000000e+03 2.273412783949387995e-06
2.273000000000000000e+03 2.273411159493187947e-06
2.274000000000000000e+03 2.273404977543698025e-06
2.275000000000000000e+03 2.273401919220442430e-06
2.276000000000000000e+03 2.273392954391804168e-06
2.277000000000000000e+03 2.273391136207690515e-06
2.278000000000000000e+03 2.273390223503087508e-06
2.279000000000000000e+03 2.273381780524995776e-06
2.280000000000000000e+03 2.273378384999111420e-06
2.281000000000000000e+03 2.273374094659031400e-06
2.282000000000000000e+03 2.273370233827460589e-06
2.283000000000000000e+03 2.273370712054848106e-06
2.284000000000000000e+03 2.273369009687127354e-06
2.285000000000000000e+03 2.273364348455267470e-06
2.286000000000000000e+03 2.273358028518348075e-06
2.287000000000000000e+03 2.273355320943861346e-06
2.288000000000000000e+03 2.273348822466219401e-06
2.289000000000000000e+03 2.273344293762126320e-06
2.290000000000000000e+03 2.273339080094661224e-06
2.291000000000000000e+03 2.273339058423193672e-06
2.292000000000000000e+03 2.273334985226037590e-06
2.293000000000000000e+03 2.273331790429326508e-06
2.294000000000000000e+03 2.273326011533009376e-06
2.295000000000000000e+03 2.273327290167268683e-06
2.296000000000000000e+03 2.273322741436421147e-06
2.297000000000000000e+03 2.273318662550964910e-06
2.298000000000000000e+03 2.273311719536565892e-06
2.299000000000000000e+03 2.273314020728001038e-06
2.300000000000000000e+03 2.273305185217162277e-06
2.301000000000000000e+03 2.273299608901576114e-06
2.302000000000000000e+03 2.273301359415603347e-06
2.303000000000000000e+03 2.273293518954552662e-06
2.304000000000000000e+03 2.273290488794408610e-06
2.305000000000000000e+03 2.273287362576449128e-06
2.306000000000000000e+03 2.273288442880370161e-06
2.307000000000000000e+03 2.273281097245259919e-06
2.308000000000000000e+03 2.273274402984717736e-06
2.309000000000000000e+03 2.273271685096685844e-06
2.310000000000000000e+03 2.273270968923904196e-06
2.311000000000000000e+03 2.273269037372451531e-06
2.312000000000000000e+03 2.273273315364845659e-06
2.313000000000000000e+03 2.273260868941299920e-06
2.314000000000000000e+03 2.273254852153714909e-06
2.315000000000000000e+03 2.273253601541642461e-06
2.316000000000000000e+03 2.273251370169911312e-06
2.317000000000000000e+03 2.273243554526413103e-06
2.318000000000000000e+03 2.273243531205127811e-06
2.319000000000000000e+03 2.273237095643362700e-06
2.320000000000000000e+03 2.273238826326372934e-06
2.321000000000000000e+03 2.273232112462102761e-06
2.322000000000000000e+03 2.273227252772932247e-06
2.323000000000000000e+03 2.273226144387528237e-06
2.324000000000000000e+03 2.273221380572348368e-06
2.325000000000000000e+03 2.273216967031452377e-06
2.326000000000000000e+03 2.273216431078099078e-06
2.327000000000000000e+03 2.273209345099078309e-06
2.328000000000000000e+03 2.273208340907803192e-06
2.329000000000000000e+03 2.273204773448553023e-06
2.330000000000000000e+03 2.273202823156960999e-06
2.331000000000000000e+03 2.273198475526417186e-06
2.332000000000000000e+03 2.273193535199234908e-06
2.333000000000000000e+03 2.273189887221096724e-06
2.334000000000000000e+03 2.273186678550855445e-06
2.335000000000000000e+03 2.273183139112720639e-06
2.336000000000000000e+03 2.273187273709928803e-06
2.337000000000000000e+03 2.273178675955840194e-06
2.338000000000000000e+03 2.273174739289802216e-06
2.339000000000000000e+03 2.273169922070145393e-06
2.340000000000000000e+03 2.273170972131700757e-06
2.341000000000000000e+03 2.273163791477438322e-06
2.342000000000000000e+03 2.273160866052767002e-06
2.343000000000000000e+03 2.273161445963772201e-06
2.344000000000000000e+03 2.273157297404592589e-06
2.345000000000000000e+03 2.273153890557840995e-06
2.346000000000000000e+03 2.273152234947928389e-06
2.347000000000000000e+03 2.273147949792382032e-06
2.348000000000000000e+03 2.273139148815235772e-06
2.349000000000000000e+03 2.273145371698068479e-06
2.350000000000000000e+03 2.273133567639041250e-06
2.351000000000000000e+03 2.273137369938516552e-06
2.352000000000000000e+03 2.273128762375840624e-06
2.353000000000000000e+03 2.273131029904488569e-06
2.354000000000000000e+03 2.273124693548002357e-06
2.355000000000000000e+03 2.273118188965869347e-06
2.356000000000000000e+03 2.273117226456463843e-06
2.357000000000000000e+03 2.273111618136925308e-06
2.358000000000000000e+03 2.273107735405558627e-06
2.359000000000000000e+03 2.273118554325022699e-06
2.360000000000000000e+03 2.273102278864678229e-06
2.361000000000000000e+03 2.273098505625238080e-06
2.362000000000000000e+03 2.273095006699949682e-06
2.363000000000000000e+03 2.273093812744812897e-06
2.364000000000000000e+03 2.273093234844536436e-06
2.365000000000000000e+03 2.273086578323872903e-06
2.366000000000000000e+03 2.273085343583877362e-06
2.367000000000000000e+03 2.273082141210808508e-06
2.368000000000000000e+03 2.273078056951956942e-06
2.369000000000000000e+03 2.273076227234662585e-06
2.370000000000000000e+03 2.273073140322026117e-06
2.371000000000000000e+03 2.273067414383183360e-06
2.372000000000000000e+03 2.273065446214912279e-06
2.373000000000000000e+03 2.273074184484700888e-06
2.374000000000000000e+03 2.273059155754489997e-06
2.375000000000000000e+03 2.273055287583280020e-06
2.376000000000000000e+03 2.273052163001679772e-06
2.377000000000000000e+03 2.273057478873122419e-06
2.378000000000000000e+03 2.273045735364569415e-06
2.379000000000000000e+03 2.273043055942774876e-06
2.380000000000000000e+03 2.273040603166717784e-06
2.381000000000000000e+03 2.273039665710264529e-06
2.382000000000000000e+03 2.273034706385360171e-06
2.383000000000000000e+03 2.273030405457054484e-06
2.384000000000000000e+03 2.273028373154131191e-06
2.385000000000000000e+03 2.273024323764934616e-06
2.386000000000000000e+03 2.273022861655368353e-06
2.387000000000000000e+03 2.273019771590818951e-06
2.388000000000000000e+03 2.273019179927996903e-06
2.389000000000000000e+03 2.273018078472177481e-06
2.390000000000000000e+03 2.273011976432260730e-06
2.391000000000000000e+03 2.273013446231362341e-06
2.392000000000000000e+03 2.273004091426267850e-06
2.393000000000000000e+03 2.273001407271957510e-06
2.394000000000000000e+03 2.272999310403998634e-06
2.395000000000000000e+03 2.273000868802821067e-06
2.396000000000000000e+03 2.272992332941080937e-06
2.397000000000000000e+03 2.272990846609739763e-06
2.398000000000000000e+03 2.272988963447960121e-06
2.399000000000000000e+03 2.272985084617156022e-06
2.400000000000000000e+03 2.272980813394381769e-06
2.401000000000000000e+03 2.272981397124066452e-06
2.402000000000000000e+03 2.272975102642090555e-06
2.403000000000000000e+03 2.272974512970127123e-06
2.404000000000000000e+03 2.272974907875296971e-06
2.405000000000000000e+03 2.272964715944011546e-06
2.406000000000000000e+03 2.272963876284043099e-06
2.407000000000000000e+03 2.272963139402274049e-06
2.408000000000000000e+03 2.272961427485525248e-06
2.409000000000000000e+03 2.272955383263636596e-06
2.410000000000000000e+03 2.272954162018368801e-06
2.411000000000000000e+03 2.272952241129103449e-06
2.412000000000000000e+03 2.272946421255545203e-06
2.413000000000000000e+03 2.272945119394855165e-06
2.414000000000000000e+03 2.272945397505275601e-06
2.415000000000000000e+03 2.272937843766274742e-06
2.416000000000000000e+03 2.272934556770513124e-06
2.417000000000000000e+03 2.272936711842863166e-06
2.418000000000000000e+03 2.272932117108057914e-06
2.419000000000000000e+03 2.272935351917442872e-06
2.420000000000000000e+03 2.272923438543367378e-06
2.421000000000000000e+03 2.272921544697438130e-06
2.422000000000000000e+03 2.272919523303738038e-06
2.423000000000000000e+03 2.272917412063824709e-06
2.424000000000000000e+03 2.272913059371518307e-06
2.425000000000000000e+03 2.272908880313252162e-06
2.426000000000000000e+03 2.272906920059718774e-06
2.427000000000000000e+03 2.272905515779208132e-06
2.428000000000000000e+03 2.272902238255955300e-06
2.429000000000000000e+03 2.272907209690721569e-06
2.430000000000000000e+03 2.272899018667683371e-06
2.431000000000000000e+03 2.272896739361976996e-06
2.432000000000000000e+03 2.272892630719792112e-06
2.433000000000000000e+03 2.272886889537843538e-06
2.434000000000000000e+03 2.272884587238350384e-06
2.435000000000000000e+03 2.272885781921710192e-06
2.436000000000000000e+03 2.272883095293746009e-06
2.437000000000000000e+03 2.272883251423177020e-06
2.438000000000000000e+03 2.272876189133633212e-06
2.439000000000000000e+03 2.272871929558565295e-06
2.440000000000000000e+03 2.272869426914510694e-06
2.441000000000000000e+03 2.272866088201762077e-06
2.442000000000000000e+03 2.272864516882976693e-06
2.443000000000000000e+03 2.272869563060020013e-06
2.444000000000000000e+03 2.272857750664608867e-06
2.445000000000000000e+03 2.272856758460853187e-06
2.446000000000000000e+03 2.272852988483440256e-06
2.447000000000000000e+03 2.272851267125643167e-06
2.448000000000000000e+03 2.272849347271847641e-06
2.449000000000000000e+03 2.272851274476920143e-06
2.450000000000000000e+03 2.272843897268716508e-06
2.451000000000000000e+03 2.272839589017822851e-06
2.452000000000000000e+03 2.272837939029007229e-06
2.453000000000000000e+03 2.272834784963486472e-06
2.454000000000000000e+03 2.272832205346403344e-06
2.455000000000000000e+03 2.272829460337191326e-06
2.456000000000000000e+03 2.272832521865356590e-06
2.457000000000000000e+03 2.272825343041938082e-06
2.458000000000000000e+03 2.272822766734734452e-06
2.459000000000000000e+03 2.272818921692090289e-06
2.460000000000000000e+03 2.272816083939865295e-06
2.461000000000000000e+03 2.272819928656027808e-06
2.462000000000000000e+03 2.272809935813476689e-06
2.463000000000000000e+03 2.272809026794966674e-06
2.464000000000000000e+03 2.272805935143638688e-06
2.465000000000000000e+03 2.272802655596260445e-06
2.466000000000000000e+03 2.272805263686565735e-06
2.467000000000000000e+03 2.272802522724483916e-06
2.468000000000000000e+03 2.272795032106391839e-06
2.469000000000000000e+03 2.272792461804327815e-06
2.470000000000000000e+03 2.272791552880931553e-06
2.471000000000000000e+03 2.272787490291583269e-06
2.472000000000000000e+03 2.272788994134017727e-06
2.473000000000000000e+03 2.272784680542318334e-06
2.474000000000000000e+03 2.272783834806908664e-06
2.475000000000000000e+03 2.272786357798764806e-06
2.476000000000000000e+03 2.272776654735264712e-06
2.477000000000000000e+03 2.272776231636947534e-06
2.478000000000000000e+03 2.272771040812071295e-06
2.479000000000000000e+03 2.272767812541188613e-06
2.480000000000000000e+03 2.272770406602108374e-06
2.481000000000000000e+03 2.272762577902234252e-06
2.482000000000000000e+03 2.272765269643370843e-06
2.483000000000000000e+03 2.272761129450431789e-06
2.484000000000000000e+03 2.272755591237618601e-06
2.485000000000000000e+03 2.272754842475575073e-06
2.486000000000000000e+03 2.272750344542668542e-06
2.487000000000000000e+03 2.272749350151435453e-06
2.488000000000000000e+03 2.272747549086924502e-06
2.489000000000000000e+03 2.272743978245870304e-06
2.490000000000000000e+03 2.272740358078783735e-06
2.491000000000000000e+03 2.272739001513460133e-06
2.492000000000000000e+03 2.272740543192730137e-06
2.493000000000000000e+03 2.272733064453940144e-06
2.494000000000000000e+03 2.272730649190587040e-06
2.495000000000000000e+03 2.272728317836074438e-06
2.496000000000000000e+03 2.272731056123338018e-06
2.497000000000000000e+03 2.272726384934406363e-06
2.498000000000000000e+03 2.272721182529296739e-06
2.499000000000000000e+03 2.272719256022503799e-06
2.500000000000000000e+03 2.272716513305655586e-06
2.501000000000000000e+03 2.272714141048623728e-06
2.502000000000000000e+03 2.272716913755474731e-06
2.503000000000000000e+03 2.272714187017033589e-06
2.504000000000000000e+03 2.272707956149392813e-06
2.505000000000000000e+03 2.272705094026788600e-06
2.506000000000000000e+03 2.272704017853775252e-06
2.507000000000000000e+03 2.272700475551788170e-06
2.508000000000000000e+03 2.272697029957654164e-06
2.509000000000000000e+03 2.272697230100147431e-06
2.510000000000000000e+03 2.272695297899455448e-06
2.511000000000000000e+03 2.272692320404242188e-06
2.512000000000000000e+03 2.272688157249101367e-06
2.513000000000000000e+03 2.272688544738897985e-06
2.514000000000000000e+03 2.272684183616602901e-06
2.515000000000000000e+03 2.272685095021161952e-06
2.516000000000000000e+03 2.272677805425675267e-06
2.517000000000000000e+03 2.272677463671856741e-06
2.518000000000000000e+03 2.272674564885078617e-06
2.519000000000000000e+03 2.272672451192676681e-06
2.520000000000000000e+03 2.272671116286173582e-06
2.521000000000000000e+03 2.272668739333847938e-06
2.522000000000000000e+03 2.272669092172024315e-06
2.523000000000000000e+03 2.272666744916039374e-06
2.524000000000000000e+03 2.272665096273587704e-06
2.525000000000000000e+03 2.272662600517838812e-06
2.526000000000000000e+03 2.272656228843164440e-06
2.527000000000000000e+03 2.272654156796309226e-06
2.528000000000000000e+03 2.272651528056851788e-06
2.529000000000000000e+03 2.272649688310935940e-06
2.530000000000000000e+03 2.272648133611376591e-06
2.531000000000000000e+03 2.272644692980974665e-06
2.532000000000000000e+03 2.272645377471820880e-06
2.533000000000000000e+03 2.272643363263875668e-06
2.534000000000000000e+03 2.272637543583609917e-06
2.535000000000000000e+03 2.272641061753033292e-06
2.536000000000000000e+03 2.272634111972979361e-06
2.537000000000000000e+03 2.272630576647694345e-06
2.538000000000000000e+03 2.272630515471204750e-06
2.539000000000000000e+03 2.272627130028441679e-06
2.540000000000000000e+03 2.272623868681159153e-06
2.541000000000000000e+03 2.272622477841239840e-06
2.542000000000000000e+03 2.272620115914042436e-06
2.543000000000000000e+03 2.272620290192626910e-06
2.544000000000000000e+03 2.272616159537637137e-06
2.545000000000000000e+03 2.272612693702634841e-06
2.546000000000000000e+03 2.272610534731948643e-06
2.547000000000000000e+03 2.272612730169184954e-06
2.548000000000000000e+03 2.272607348679742704e-06
2.549000000000000000e+03 2.272606054267712173e-06
2.550000000000000000e+03 2.272605952059826413e-06
2.551000000000000000e+03 2.272601387300167840e-06
2.552000000000000000e+03 2.272597311617576110e-06
2.553000000000000000e+03 2.272598020977983472e-06
2.554000000000000000e+03 2.272594979634312222e-06
2.555000000000000000e+03 2.272592299551573639e-06
2.556000000000000000e+03 2.272593828516248065e-06
2.557000000000000000e+03 2.272587035159966130e-06
2.558000000000000000e+03 2.272584798000554568e-06
2.559000000000000000e+03 2.272585128582570526e-06
2.560000000000000000e+03 2.272581485850385635e-06
2.561000000000000000e+03 2.272578750309639938e-06
2.562000000000000000e+03 2.272576925857211425e-06
2.563000000000000000e+03 2.272576372694819757e-06
2.564000000000000000e+03 2.272574651135785851e-06
2.565000000000000000e+03 2.272571698047307735e-06
2.566000000000000000e+03 2.272567898771570225e-06
2.567000000000000000e+03 2.272567453478524963e-06
2.568000000000000000e+03 2.272566466352693262e-06
2.569000000000000000e+03 2.272562929022463896e-06
2.570000000000000000e+03 2.272559865438639879e-06
2.571000000000000000e+03 2.272560853324072939e-06
2.572000000000000000e+03 2.272555120555405746e-06
2.573000000000000000e+03 2.272554652537056891e-06
2.574000000000000000e+03 2.272550551278565781e-06
2.575000000000000000e+03 2.272551330387274380e-06
2.576000000000000000e+03 2.272547450196541944e-06
2.577000000000000000e+03 2.272549868281354595e-06
2.578000000000000000e+03 2.272543024551061481e-06
2.579000000000000000e+03 2.272541289284590375e-06
2.580000000000000000e+03 2.272541290441287133e-06
2.581000000000000000e+03 2.272536303748470422e-06
2.582000000000000000e+03 2.272534906237708405e-06
2.583000000000000000e+03 2.272537055069644429e-06
2.584000000000000000e+03 2.272531211190833221e-06
2.585000000000000000e+03 2.272529285155713119e-06
2.586000000000000000e+03 2.272528829564077907e-06
2.587000000000000000e+03 2.272524966191727163e-06
2.588000000000000000e+03 2.272524048456999094e-06
2.589000000000000000e+03 2.272520014998535610e-06
2.590000000000000000e+03 2.272519911329929674e-06
2.591000000000000000e+03 2.272519349489502502e-06
2.592000000000000000e+03 2.272514472653320146e-06
2.593000000000000000e+03 2.272513157035737619e-06
2.594000000000000000e+03 2.272515056390753910e-06
2.595000000000000000e+03 2.272509040918073624e-06
2.596000000000000000e+03 2.272508192290829098e-06
2.597000000000000000e+03 2.272504129177549431e-06
2.598000000000000000e+03 2.272504567012616129e-06
2.599000000000000000e+03 2.272501946259520643e-06
2.600000000000000000e+03 2.272500565472089669e-06
2.601000000000000000e+03 2.272496664807545988e-06
2.602000000000000000e+03 2.272494024528945157e-06
2.603000000000000000e+03 2.272493656706737308e-06
2.604000000000000000e+03 2.272493678601448440e-06
2.605000000000000000e+03 2.272489552689605156e-06
2.606000000000000000e+03 2.272489903193591241e-06
2.607000000000000000e+03 2.272486453949838329e-06
2.608000000000000000e+03 2.272484337977992381e-06
2.609000000000000000e+03 2.272482199345992379e-06
2.610000000000000000e+03 2.272477923014156370e-06
2.611000000000000000e+03 2.272478016283716790e-06
2.612000000000000000e+03 2.272477115697457458e-06
2.613000000000000000e+03 2.272477541139472873e-06
2.614000000000000000e+03 2.272470138390897808e-06
2.615000000000000000e+03 2.272470162910340850e-06
2.616000000000000000e+03 2.272467469885300516e-06
2.617000000000000000e+03 2.272465427516473999e-06
2.618000000000000000e+03 2.272465924994065906e-06
2.619000000000000000e+03 2.272461226977667035e-06
2.620000000000000000e+03 2.272460847305264120e-06
2.621000000000000000e+03 2.272458273166491516e-06
2.622000000000000000e+03 2.272456794373518261e-06
2.623000000000000000e+03 2.272454290956856534e-06
2.624000000000000000e+03 2.272451594412582769e-06
2.625000000000000000e+03 2.272449772676336926e-06
2.626000000000000000e+03 2.272449983038379686e-06
2.627000000000000000e+03 2.272447969552946378e-06
2.628000000000000000e+03 2.272444695311518888e-06
2.629000000000000000e+03 2.272442646166933625e-06
2.630000000000000000e+03 2.272440571866424435e-06
2.631000000000000000e+03 2.272438871385212922e-06
2.632000000000000000e+03 2.272437998454080839e-06
2.633000000000000000e+03 2.272436350440399514e-06
2.634000000000000000e+03 2.272435427228338397e-06
2.635000000000000000e+03 2.272432273548890598e-06
2.636000000000000000e+03 2.272429950006400238e-06
2.637000000000000000e+03 2.272431173215204755e-06
2.638000000000000000e+03 2.272426032245077581e-06
2.639000000000000000e+03 2.272425887701977744e-06
2.640000000000000000e+03 2.272422806105856225e-06
2.641000000000000000e+03 2.272421875721689741e-06
2.642000000000000000e+03 2.272421355047812582e-06
2.643000000000000000e+03 2.272416916863790222e-06
2.644000000000000000e+03 2.272415395531708085e-06
2.645000000000000000e+03 2.272415163139930365e-06
2.646000000000000000e+03 2.272412070997585850e-06
2.647000000000000000e+03 2.272410610116583703e-06
2.648000000000000000e+03 2.272408558499206452e-06
2.649000000000000000e+03 2.272406701031117133e-06
2.650000000000000000e+03 2.272404655312539584e-06
2.651000000000000000e+03 2.272403700056411886e-06
2.652000000000000000e+03 2.272401137335244458e-06
2.653000000000000000e+03 2.272399415879832751e-06
2.654000000000000000e+03 2.272401245190868931e-06
2.655000000000000000e+03 2.272399386060602814e-06
2.656000000000000000e+03 2.272394614938137048e-06
2.657000000000000000e+03 2.272391035885392770e-06
2.658000000000000000e+03 2.272391667809527592e-06
2.659000000000000000e+03 2.272388863714186404e-06
2.660000000000000000e+03 2.272387121983413107e-06
2.661000000000000000e+03 2.272385601281462919e-06
2.662000000000000000e+03 2.272384774148560768e-06
2.663000000000000000e+03 2.272381765217589496e-06
2.664000000000000000e+03 2.272380523824895544e-06
2.665000000000000000e+03 2.272377989748416429e-06
2.666000000000000000e+03 2.272376330031799256e-06
2.667000000000000000e+03 2.272377096226570696e-06
2.668000000000000000e+03 2.272372198559217707e-06
2.669000000000000000e+03 2.272372366767908177e-06
2.670000000000000000e+03 2.272371546627938513e-06
2.671000000000000000e+03 2.272368275763184998e-06
2.672000000000000000e+03 2.272366947552689952e-06
2.673000000000000000e+03 2.272364103621963966e-06
2.674000000000000000e+03 2.272365403408467251e-06
2.675000000000000000e+03 2.272361283426580505e-06
2.676000000000000000e+03 2.272359296857666798e-06
2.677000000000000000e+03 2.272358005257267692e-06
2.678000000000000000e+03 2.272356460008900275e-06
2.679000000000000000e+03 2.272355305482512334e-06
2.680000000000000000e+03 2.272352796208095157e-06
2.681000000000000000e+03 2.272350385487469112e-06
2.682000000000000000e+03 2.272348508788389498e-06
2.683000000000000000e+03 2.272348458960385074e-06
2.684000000000000000e+03 2.272349107407535694e-06
2.685000000000000000e+03 2.272345718037575090e-06
2.686000000000000000e+03 2.272342673226363983e-06
2.687000000000000000e+03 2.272339875358047763e-06
2.688000000000000000e+03 2.272338301096170594e-06
2.689000000000000000e+03 2.272337430765908657e-06
2.690000000000000000e+03 2.272335466430543824e-06
2.691000000000000000e+03 2.272334830256632101e-06
2.692000000000000000e+03 2.272332695157601016e-06
2.693000000000000000e+03 2.272330472599454783e-06
2.694000000000000000e+03 2.272328939385141099e-06
2.695000000000000000e+03 2.272329024469817914e-06
2.696000000000000000e+03 2.272325843445447931e-06
2.697000000000000000e+03 2.272324514492961341e-06
2.698000000000000000e+03 2.272323123960511600e-06
2.699000000000000000e+03 2.272323797965579937e-06
2.700000000000000000e+03 2.272318702712546679e-06
2.701000000000000000e+03 2.272318159482505278e-06
2.702000000000000000e+03 2.272317861257541775e-06
2.703000000000000000e+03 2.272314021727290624e-06
2.704000000000000000e+03 2.272313893410977564e-06
2.705000000000000000e+03 2.272310776622222733e-06
2.706000000000000000e+03 2.272311783559792540e-06
2.707000000000000000e+03 2.272309226913463248e-06
2.708000000000000000e+03 2.272306430014209894e-06
2.709000000000000000e+03 2.272304372084023143e-06
2.710000000000000000e+03 2.272303843142201059e-06
2.711000000000000000e+03 2.272302289448080406e-06
2.712000000000000000e+03 2.272301988801796567e-06
2.713000000000000000e+03 2.272301830318816325e-06
2.714000000000000000e+03 2.272296550208109871e-06
2.715000000000000000e+03 2.272295972841108413e-06
2.716000000000000000e+03 2.272293192407743991e-06
2.717000000000000000e+03 2.272294317274593963e-06
2.718000000000000000e+03 2.272291096814252487e-06
2.719000000000000000e+03 2.272289523073520809e-06
2.720000000000000000e+03 2.272288177457644733e-06
2.721000000000000000e+03 2.272285412845105372e-06
2.722000000000000000e+03 2.272285109579448800e-06
2.723000000000000000e+03 2.272283391789291805e-06
2.724000000000000000e+03 2.272281960218147861e-06
2.725000000000000000e+03 2.272281143819881445e-06
2.726000000000000000e+03 2.272278348954126769e-06
2.727000000000000000e+03 2.272276331917236779e-06
2.728000000000000000e+03 2.272275736600339161e-06
2.729000000000000000e+03 2.272274344495961441e-06
2.730000000000000000e+03 2.272272456034398716e-06
2.731000000000000000e+03 2.272271231525133080e-06
2.732000000000000000e+03 2.272271395317549193e-06
2.733000000000000000e+03 2.272267458622476620e-06
2.734000000000000000e+03 2.272267279399617684e-06
2.735000000000000000e+03 2.272265937887955474e-06
2.736000000000000000e+03 2.272264597918651746e-06
2.737000000000000000e+03 2.272263903145017827e-06
2.738000000000000000e+03 2.272259999610267852e-06
2.739000000000000000e+03 2.272260016176268031e-06
2.740000000000000000e+03 2.272259190603103783e-06
2.741000000000000000e+03 2.272257620181949707e-06
2.742000000000000000e+03 2.272255001510561779e-06
2.743000000000000000e+03 2.272253335046359446e-06
2.744000000000000000e+03 2.272252317803801625e-06
2.745000000000000000e+03 2.272250691974981297e-06
2.746000000000000000e+03 2.272251525067888481e-06
2.747000000000000000e+03 2.272247883005275511e-06
2.748000000000000000e+03 2.272246293083594669e-06
2.749000000000000000e+03 2.272244088070735592e-06
2.750000000000000000e+03 2.272243028530361047e-06
2.751000000000000000e+03 2.272244409390641513e-06
2.752000000000000000e+03 2.272239697832959001e-06
2.753000000000000000e+03 2.272240878270881433e-06
2.754000000000000000e+03 2.272237544346159345e-06
2.755000000000000000e+03 2.272235962194541697e-06
2.756000000000000000e+03 2.272234446027873148e-06
2.757000000000000000e+03 2.272232930104776122e-06
2.758000000000000000e+03 2.272231836188084409e-06
2.759000000000000000e+03 2.272233741118942831e-06
2.760000000000000000e+03 2.272230326964694853e-06
2.761000000000000000e+03 2.272227481950890707e-06
2.762000000000000000e+03 2.272225668446640864e-06
2.763000000000000000e+03 2.272225890084815241e-06
2.764000000000000000e+03 2.272223035395982237e-06
2.765000000000000000e+03 2.272221459979671583e-06
2.766000000000000000e+03 2.272219761415644606e-06
2.767000000000000000e+03 2.272218801736802560e-06
2.768000000000000000e+03 2.272216886554731705e-06
2.769000000000000000e+03 2.272217583598690055e-06
2.770000000000000000e+03 2.272215446596936250e-06
2.771000000000000000e+03 2.272213554405177645e-06
2.772000000000000000e+03 2.272212260889513378e-06
2.773000000000000000e+03 2.272210636561695149e-06
2.774000000000000000e+03 2.272208662438450835e-06
2.775000000000000000e+03 2.272209984992412425e-06
2.776000000000000000e+03 2.272206317309782365e-06
2.777000000000000000e+03 2.272205047145677618e-06
2.778000000000000000e+03 2.272204579229879042e-06
2.779000000000000000e+03 2.272202897286197879e-06
2.780000000000000000e+03 2.272200228127172267e-06
2.781000000000000000e+03 2.272201901275421701e-06
2.782000000000000000e+03 2.272200207178921351e-06
2.783000000000000000e+03 2.272197097121472554e-06
2.784000000000000000e+03 2.272197475131209086e-06
2.785000000000000000e+03 2.272195171360884724e-06
2.786000000000000000e+03 2.272192066593676760e-06
2.787000000000000000e+03 2.272191160309139648e-06
2.788000000000000000e+03 2.272194260424439701e-06
2.789000000000000000e+03 2.272190146464039026e-06
2.790000000000000000e+03 2.272187308538618241e-06
2.791000000000000000e+03 2.272187909698283061e-06
2.792000000000000000e+03 2.272186096314919219e-06
2.793000000000000000e+03 2.272183234631689630e-06
2.794000000000000000e+03 2.272181797283492149e-06
2.795000000000000000e+03 2.272181533975181684e-06
2.796000000000000000e+03 2.272182344508310759e-06
2.797000000000000000e+03 2.272177611946144932e-06
2.798000000000000000e+03 2.272177548121852791e-06
2.799000000000000000e+03 2.272176351953089843e-06
2.800000000000000000e+03 2.272175684335003988e-06
2.801000000000000000e+03 2.272176080109213122e-06
2.802000000000000000e+03 2.272171466513455353e-06
2.803000000000000000e+03 2.272171924660757949e-06
2.804000000000000000e+03 2.272169642501104925e-06
2.805000000000000000e+03 2.272168720712703328e-06
2.806000000000000000e+03 2.272166292141045537e-06
2.807000000000000000e+03 2.272165891972535775e-06
2.808000000000000000e+03 2.272163269347648247e-06
2.809000000000000000e+03 2.272162823854502039e-06
2.810000000000000000e+03 2.272162207326097359e-06
2.811000000000000000e+03 2.272162040194837457e-06
2.812000000000000000e+03 2.272158659240342731e-06
2.813000000000000000e+03 2.272158680577217869e-06
2.814000000000000000e+03 2.272160023262959224e-06
2.815000000000000000e+03 2.272155814860826079e-06
2.816000000000000000e+03 2.272153746806775334e-06
2.817000000000000000e+03 2.272152722100072127e-06
2.818000000000000000e+03 2.272150999200931724e-06
2.819000000000000000e+03 2.272149742040517018e-06
2.820000000000000000e+03 2.272148941972194556e-06
2.821000000000000000e+03 2.272147881000859490e-06
2.822000000000000000e+03 2.272146560616084904e-06
2.823000000000000000e+03 2.272145367326889658e-06
2.824000000000000000e+03 2.272143770091324531e-06
2.825000000000000000e+03 2.272143411507573325e-06
2.826000000000000000e+03 2.272140801714783903e-06
2.827000000000000000e+03 2.272139298259293577e-06
2.828000000000000000e+03 2.272138450262992035e-06
2.829000000000000000e+03 2.272137419232116380e-06
2.830000000000000000e+03 2.272135501578340704e-06
2.831000000000000000e+03 2.272136679440244937e-06
2.832000000000000000e+03 2.272135440126536179e-06
2.833000000000000000e+03 2.272131922103891332e-06
2.834000000000000000e+03 2.272131071287452037e-06
2.835000000000000000e+03 2.272131414009898055e-06
2.836000000000000000e+03 2.272128480821123688e-06
2.837000000000000000e+03 2.272127596769049554e-06
2.838000000000000000e+03 2.272126796625567318e-06
2.839000000000000000e+03 2.272125519767781741e-06
2.840000000000000000e+03 2.272124335700662790e-06
2.841000000000000000e+03 2.272122490849093645e-06
2.842000000000000000e+03 2.272120910950902121e-06
2.843000000000000000e+03 2.272120922768016740e-06
2.844000000000000000e+03 2.272119887373073604e-06
2.845000000000000000e+03 2.272118035675909116e-06
2.846000000000000000e+03 2.272116590796189012e-06
2.847000000000000000e+03 2.272117816984514506e-06
2.848000000000000000e+03 2.272113999595948118e-06
2.849000000000000000e+03 2.272112901177488471e-06
2.850000000000000000e+03 2.272111808464406012e-06
2.851000000000000000e+03 2.272110308151754357e-06
2.852000000000000000e+03 2.272110381776291390e-06
2.853000000000000000e+03 2.272109276868889788e-06
2.854000000000000000e+03 2.272106812662316619e-06
2.855000000000000000e+03 2.272107042787739951e-06
2.856000000000000000e+03 2.272108415904155952e-06
2.857000000000000000e+03 2.272103420713777660e-06
2.858000000000000000e+03 2.272102252881445712e-06
2.859000000000000000e+03 2.272101176963775529e-06
2.860000000000000000e+03 2.272100492917703773e-06
2.861000000000000000e+03 2.272098786780347592e-06
2.862000000000000000e+03 2.272098676364023935e-06
2.863000000000000000e+03 2.272097269158058852e-06
2.864000000000000000e+03 2.272095098949620101e-06
2.865000000000000000e+03 2.272094140246654030e-06
2.866000000000000000e+03 2.272093818470192692e-06
2.867000000000000000e+03 2.272092946896837483e-06
2.868000000000000000e+03 2.272092148586583573e-06
2.869000000000000000e+03 2.272090726167119864e-06
2.870000000000000000e+03 2.272089443214069105e-06
2.871000000000000000e+03 2.272087085061361898e-06
2.872000000000000000e+03 2.272086193634838084e-06
2.873000000000000000e+03 2.272085056130669468e-06
2.874000000000000000e+03 2.272083855826089854e-06
2.875000000000000000e+03 2.272084101483212021e-06
2.876000000000000000e+03 2.272081504699741174e-06
2.877000000000000000e+03 2.272080612547339770e-06
2.878000000000000000e+03 2.272079233200861341e-06
2.879000000000000000e+03 2.272078595278804057e-06
2.880000000000000000e+03 2.272077964791536116e-06
2.881000000000000000e+03 2.272076000583604003e-06
2.882000000000000000e+03 2.272076178910855192e-06
2.883000000000000000e+03 2.272074693282567034e-06
2.884000000000000000e+03 2.272072616920114953e-06
2.885000000000000000e+03 2.272071943517458565e-06
2.886000000000000000e+03 2.272074227383841474e-06
2.887000000000000000e+03 2.272070773720609032e-06
2.888000000000000000e+03 2.272068791527075778e-06
2.889000000000000000e+03 2.272067862337207961e-06
2.890000000000000000e+03 2.272067246853272408e-06
2.891000000000000000e+03 2.272065483146241153e-06
2.892000000000000000e+03 2.272063317611822108e-06
2.893000000000000000e+03 2.272063169444477931e-06
2.894000000000000000e+03 2.272062251140136298e-06
2.895000000000000000e+03 2.272060572557168891e-06
2.896000000000000000e+03 2.272060402976621742e-06
2.897000000000000000e+03 2.272058602932527571e-06
2.898000000000000000e+03 2.272057001494015030e-06
2.899000000000000000e+03 2.272056178998582266e-06
2.900000000000000000e+03 2.272055320709825834e-06
2.901000000000000000e+03 2.272054379208749175e-06
2.902000000000000000e+03 2.272053749763410110e-06
2.903000000000000000e+03 2.272052351529636862e-06
2.904000000000000000e+03 2.272050701175170246e-06
2.905000000000000000e+03 2.272049648994163113e-06
2.906000000000000000e+03 2.272049742918656608e-06
2.907000000000000000e+03 2.272048038041713404e-06
2.908000000000000000e+03 2.272047600581936936e-06
2.909000000000000000e+03 2.272046665772939368e-06
2.910000000000000000e+03 2.272046270765436929e-06
2.911000000000000000e+03 2.272047542910379891e-06
2.912000000000000000e+03 2.272042498442168791e-06
2.913000000000000000e+03 2.272041491572397195e-06
2.914000000000000000e+03 2.272041789516443068e-06
2.915000000000000000e+03 2.272040665558500106e-06
2.916000000000000000e+03 2.272038539219801823e-06
2.917000000000000000e+03 2.272039474957496479e-06
2.918000000000000000e+03 2.272036566988605920e-06
2.919000000000000000e+03 2.272035416415000566e-06
2.920000000000000000e+03 2.272034445968383468e-06
2.921000000000000000e+03 2.272032934314996570e-06
2.922000000000000000e+03 2.272032789897602775e-06
2.923000000000000000e+03 2.272036306614439608e-06
2.924000000000000000e+03 2.272030213057768311e-06
2.925000000000000000e+03 2.272029563949437748e-06
2.926000000000000000e+03 2.272028754280078991e-06
2.927000000000000000e+03 2.272028610262051914e-06
2.928000000000000000e+03 2.272026601671532222e-06
2.929000000000000000e+03 2.272025078979836844e-06
2.930000000000000000e+03 2.272024158685464146e-06
2.931000000000000000e+03 2.272023177451313258e-06
2.932000000000000000e+03 2.272021896602965308e-06
2.933000000000000000e+03 2.272020575797950147e-06
2.934000000000000000e+03 2.272019276308116340e-06
2.935000000000000000e+03 2.272018942888994442e-06
2.936000000000000000e+03 2.272018291193501692e-06
2.937000000000000000e+03 2.272016446612477412e-06
2.938000000000000000e+03 2.272016080248775171e-06
2.939000000000000000e+03 2.272015210988427231e-06
2.940000000000000000e+03 2.272014188023798898e-06
2.941000000000000000e+03 2.272013940290064923e-06
2.942000000000000000e+03 2.272011857412872804e-06
2.943000000000000000e+03 2.272010527289209004e-06
2.944000000000000000e+03 2.272009995990154790e-06
2.945000000000000000e+03 2.272008864132729622e-06
2.946000000000000000e+03 2.272008819831852772e-06
2.947000000000000000e+03 2.272009267031567504e-06
2.948000000000000000e+03 2.272007037736487550e-06
2.949000000000000000e+03 2.272004943001042962e-06
2.950000000000000000e+03 2.272004588261724428e-06
2.951000000000000000e+03 2.272003108722736647e-06
2.952000000000000000e+03 2.272002890160215134e-06
2.953000000000000000e+03 2.272001273587906379e-06
2.954000000000000000e+03 2.272000824197654755e-06
2.955000000000000000e+03 2.272000201303947824e-06
2.956000000000000000e+03 2.271999290962574787e-06
2.957000000000000000e+03 2.271996796689803555e-06
2.958000000000000000e+03 2.271996581624955098e-06
2.959000000000000000e+03 2.271997169265396403e-06
2.960000000000000000e+03 2.271994751881242630e-06
2.961000000000000000e+03 2.271994102706335277e-06
2.962000000000000000e+03 2.271992805530422688e-06
2.963000000000000000e+03 2.271991262959792385e-06
2.964000000000000000e+03 2.271990628018790903e-06
2.965000000000000000e+03 2.271989563952964960e-06
2.966000000000000000e+03 2.271989960243545707e-06
2.967000000000000000e+03 2.271987776245621062e-06
2.968000000000000000e+03 2.271986821123347439e-06
2.969000000000000000e+03 2.271986165160075796e-06
2.970000000000000000e+03 2.271985504596653344e-06
2.971000000000000000e+03 2.271986004984543308e-06
2.972000000000000000e+03 2.271985105757947193e-06
2.973000000000000000e+03 2.271982109366333935e-06
2.974000000000000000e+03 2.271980810174806497e-06
2.975000000000000000e+03 2.271980026606255131e-06
2.976000000000000000e+03 2.271979425129219771e-06
2.977000000000000000e+03 2.271978922297715140e-06
2.978000000000000000e+03 2.271977131679575554e-06
2.979000000000000000e+03 2.271977098222218830e-06
2.980000000000000000e+03 2.271976095063303235e-06
2.981000000000000000e+03 2.271976051907342184e-06
2.982000000000000000e+03 2.271974311902066904e-06
2.983000000000000000e+03 2.271973012064169048e-06
2.984000000000000000e+03 2.271971281512006346e-06
2.985000000000000000e+03 2.271971240300407309e-06
2.986000000000000000e+03 2.271970308217324819e-06
2.987000000000000000e+03 2.271969366638161886e-06
2.988000000000000000e+03 2.271968821327786815e-06
2.989000000000000000e+03 2.271967650866442476e-06
2.990000000000000000e+03 2.271967481749943598e-06
2.991000000000000000e+03 2.271964860439341614e-06
2.992000000000000000e+03 2.271964834833630486e-06
2.993000000000000000e+03 2.271963370991367698e-06
2.994000000000000000e+03 2.271962709377630320e-06
2.995000000000000000e+03 2.271962877385603204e-06
