0.000000000000000000e+00 1.055762918430275116e-01
1.000000000000000000e+00 3.199502960284355407e-02
2.000000000000000000e+00 2.495914695522966163e-03
3.000000000000000000e+00 1.981987880443779673e-03
4.000000000000000000e+00 1.942430946327917702e-03
5.000000000000000000e+00 1.912379430772672166e-03
6.000000000000000000e+00 1.882653280379965747e-03
7.000000000000000000e+00 1.853494966700788447e-03
8.000000000000000000e+00 1.825940587216750991e-03
9.000000000000000000e+00 1.794884741858724904e-03
1.000000000000000000e+01 1.771506006144352987e-03
1.100000000000000000e+01 1.745307558876608165e-03
1.200000000000000000e+01 1.722135530580388291e-03
1.300000000000000000e+01 1.691464665124477792e-03
1.400000000000000000e+01 1.662309760149048360e-03
1.500000000000000000e+01 1.634988880246380106e-03
1.600000000000000000e+01 1.609220073111032817e-03
1.700000000000000000e+01 1.580820826292194965e-03
1.800000000000000000e+01 1.556408011003620334e-03
1.900000000000000000e+01 1.530688631781627982e-03
2.000000000000000000e+01 1.505498256399230702e-03
2.100000000000000000e+01 1.473869861188489708e-03
2.200000000000000000e+01 1.442664965518357942e-03
2.300000000000000000e+01 1.412891682605641602e-03
2.400000000000000000e+01 1.385101629294802810e-03
2.500000000000000000e+01 1.347177508802237071e-03
2.600000000000000000e+01 1.313475036539283030e-03
2.700000000000000000e+01 1.275210186513846397e-03
2.800000000000000000e+01 1.229758101497597936e-03
2.900000000000000000e+01 1.181149599093878934e-03
3.000000000000000000e+01 1.121680955114269041e-03
3.100000000000000000e+01 1.051301652599713346e-03
3.200000000000000000e+01 9.520810244432318563e-04
3.300000000000000000e+01 8.236461453009928440e-04
3.400000000000000000e+01 6.397370137614353820e-04
3.500000000000000000e+01 4.380438449969328244e-04
3.600000000000000000e+01 2.709300195060354143e-04
3.700000000000000000e+01 2.024228465481827169e-04
3.800000000000000000e+01 1.618411462013812400e-04
3.900000000000000000e+01 1.352038785134382110e-04
4.000000000000000000e+01 1.203542984769971397e-04
4.100000000000000000e+01 1.088793950634912107e-04
4.200000000000000000e+01 9.655202748323220871e-05
4.300000000000000000e+01 9.040544534584921382e-05
4.400000000000000000e+01 8.255473939417549382e-05
4.500000000000000000e+01 7.876125277699322564e-05
4.600000000000000000e+01 7.406184843936269239e-05
4.700000000000000000e+01 7.040333675035719669e-05
4.800000000000000000e+01 6.528211240648529984e-05
4.900000000000000000e+01 6.231284627460072581e-05
5.000000000000000000e+01 5.898394187466477644e-05
5.100000000000000000e+01 5.755790270417605539e-05
5.200000000000000000e+01 5.476119197932479809e-05
5.300000000000000000e+01 5.235277255614932554e-05
5.400000000000000000e+01 5.028961027036246212e-05
5.500000000000000000e+01 4.773984237192016784e-05
5.600000000000000000e+01 4.615023049723555973e-05
5.700000000000000000e+01 4.493958532769762462e-05
5.800000000000000000e+01 4.358372113107051346e-05
5.900000000000000000e+01 4.185987206802015977e-05
6.000000000000000000e+01 4.044707937400355939e-05
6.100000000000000000e+01 3.989619012323722088e-05
6.200000000000000000e+01 3.859914938534250982e-05
6.300000000000000000e+01 3.731850054545786957e-05
6.400000000000000000e+01 3.607766577199212948e-05
6.500000000000000000e+01 3.517700106372565123e-05
6.600000000000000000e+01 3.426553638249416414e-05
6.700000000000000000e+01 3.359348991353611896e-05
6.800000000000000000e+01 3.258321068213624314e-05
6.900000000000000000e+01 3.288663411984899313e-05
7.000000000000000000e+01 3.110456808279059889e-05
7.100000000000000000e+01 3.024330743110520249e-05
7.200000000000000000e+01 2.939493870268104962e-05
7.300000000000000000e+01 2.892179358321046389e-05
7.400000000000000000e+01 2.814619731324128821e-05
7.500000000000000000e+01 2.741361711536496694e-05
7.600000000000000000e+01 2.742682920130083484e-05
7.700000000000000000e+01 2.658732726914805891e-05
7.800000000000000000e+01 2.565970224604963024e-05
7.900000000000000000e+01 2.505491546323746770e-05
8.000000000000000000e+01 2.477802469258957217e-05
8.100000000000000000e+01 2.381471404086159358e-05
8.200000000000000000e+01 2.352176155068367027e-05
8.300000000000000000e+01 2.306108716920611328e-05
8.400000000000000000e+01 2.237939706234986454e-05
8.500000000000000000e+01 2.197997989775856445e-05
8.600000000000000000e+01 2.144771083789558138e-05
8.700000000000000000e+01 2.102146467887441351e-05
8.800000000000000000e+01 2.069833463653563861e-05
8.900000000000000000e+01 2.030038281528340164e-05
9.000000000000000000e+01 1.972195940116548633e-05
9.100000000000000000e+01 1.926905961768553873e-05
9.200000000000000000e+01 1.880124167259928264e-05
9.300000000000000000e+01 1.896128164971880303e-05
9.400000000000000000e+01 1.823293540509385120e-05
9.500000000000000000e+01 1.784854512447272155e-05
9.600000000000000000e+01 1.745312607204873949e-05
9.700000000000000000e+01 1.714050454733515412e-05
9.800000000000000000e+01 1.701335055271747398e-05
9.900000000000000000e+01 1.642442054315121011e-05
1.000000000000000000e+02 1.631028366487602727e-05
1.010000000000000000e+02 1.578025638971062805e-05
1.020000000000000000e+02 1.592608449583878205e-05
1.030000000000000000e+02 1.550779504589331283e-05
1.040000000000000000e+02 1.500971242455071860e-05
1.050000000000000000e+02 1.462908295590908779e-05
1.060000000000000000e+02 1.484706074806031640e-05
1.070000000000000000e+02 1.429418087488369015e-05
1.080000000000000000e+02 1.391456365324154575e-05
1.090000000000000000e+02 1.377337367000152690e-05
1.100000000000000000e+02 1.341404500208423002e-05
1.110000000000000000e+02 1.333026313093726394e-05
1.120000000000000000e+02 1.296111512837106154e-05
1.130000000000000000e+02 1.274591986975891715e-05
1.140000000000000000e+02 1.254160095525673451e-05
1.150000000000000000e+02 1.227620630257744065e-05
1.160000000000000000e+02 1.240842360373824325e-05
1.170000000000000000e+02 1.186845330218593238e-05
1.180000000000000000e+02 1.180655099708997838e-05
1.190000000000000000e+02 1.150529346281028525e-05
1.200000000000000000e+02 1.126262409401279180e-05
1.210000000000000000e+02 1.113345404065230975e-05
1.220000000000000000e+02 1.102144929436556876e-05
1.230000000000000000e+02 1.082324337732205558e-05
1.240000000000000000e+02 1.062309296393893684e-05
1.250000000000000000e+02 1.061683715943290451e-05
1.260000000000000000e+02 1.035419397692915540e-05
1.270000000000000000e+02 1.020909229831360296e-05
1.280000000000000000e+02 9.947864977879655981e-06
1.290000000000000000e+02 9.832074148953383956e-06
1.300000000000000000e+02 1.003300393627682498e-05
1.310000000000000000e+02 9.556979627120960582e-06
1.320000000000000000e+02 9.399744707189784134e-06
1.330000000000000000e+02 9.252934313913288944e-06
1.340000000000000000e+02 9.168504823902764111e-06
1.350000000000000000e+02 9.037601250279403734e-06
1.360000000000000000e+02 8.872148262158317328e-06
1.370000000000000000e+02 8.802923743729884347e-06
1.380000000000000000e+02 8.626803097421880689e-06
1.390000000000000000e+02 8.501793728049764643e-06
1.400000000000000000e+02 8.377509517123660405e-06
1.410000000000000000e+02 8.323269361514545122e-06
1.420000000000000000e+02 8.308107241775788612e-06
1.430000000000000000e+02 8.014205990473672881e-06
1.440000000000000000e+02 7.960857042852094082e-06
1.450000000000000000e+02 7.879856078921180365e-06
1.460000000000000000e+02 7.841872131101677897e-06
1.470000000000000000e+02 7.657985101375389169e-06
1.480000000000000000e+02 7.579275965145358859e-06
1.490000000000000000e+02 7.431526199950245371e-06
1.500000000000000000e+02 7.398923168009848220e-06
1.510000000000000000e+02 7.425549715583710225e-06
1.520000000000000000e+02 7.231790214225020466e-06
1.530000000000000000e+02 7.095733649810364124e-06
1.540000000000000000e+02 7.048641639498426064e-06
1.550000000000000000e+02 6.942266342834501616e-06
1.560000000000000000e+02 6.890035532387153170e-06
1.570000000000000000e+02 6.776004080615574826e-06
1.580000000000000000e+02 6.714417549174095403e-06
1.590000000000000000e+02 6.648949928117265618e-06
1.600000000000000000e+02 6.512708482194329246e-06
1.610000000000000000e+02 6.446458714848741389e-06
1.620000000000000000e+02 6.403796417964200919e-06
1.630000000000000000e+02 6.339814032279992595e-06
1.640000000000000000e+02 6.315542961702372656e-06
1.650000000000000000e+02 6.157879765852761559e-06
1.660000000000000000e+02 6.110169771668124444e-06
1.670000000000000000e+02 6.039299121640752071e-06
1.680000000000000000e+02 6.008253158483127527e-06
1.690000000000000000e+02 5.908923948390551144e-06
1.700000000000000000e+02 5.837766481550881531e-06
1.710000000000000000e+02 5.791984047336143361e-06
1.720000000000000000e+02 5.718757196995464821e-06
1.730000000000000000e+02 5.683881764101036881e-06
1.740000000000000000e+02 5.607008197691908859e-06
1.750000000000000000e+02 5.531951801131214406e-06
1.760000000000000000e+02 5.492104875161558307e-06
1.770000000000000000e+02 5.467551169211118904e-06
1.780000000000000000e+02 5.383225625187145651e-06
1.790000000000000000e+02 5.398437490998849308e-06
1.800000000000000000e+02 5.295117492275334682e-06
1.810000000000000000e+02 5.212523482429887766e-06
1.820000000000000000e+02 5.177276474040969676e-06
1.830000000000000000e+02 5.145291574256959121e-06
1.840000000000000000e+02 5.054431227614225235e-06
1.850000000000000000e+02 5.043037445852264251e-06
1.860000000000000000e+02 5.041613637289563676e-06
1.870000000000000000e+02 4.919122980031345277e-06
1.880000000000000000e+02 4.872090256679398909e-06
1.890000000000000000e+02 4.831368438401724951e-06
1.900000000000000000e+02 4.799064717010632962e-06
1.910000000000000000e+02 4.725349499814674998e-06
1.920000000000000000e+02 4.711260911833102092e-06
1.930000000000000000e+02 4.650229229250475272e-06
1.940000000000000000e+02 4.585802842394416797e-06
1.950000000000000000e+02 4.597027678139598671e-06
1.960000000000000000e+02 4.514627267259386754e-06
1.970000000000000000e+02 4.471785856702266174e-06
1.980000000000000000e+02 4.462249655669794317e-06
1.990000000000000000e+02 4.453266399967076971e-06
2.000000000000000000e+02 4.443272834766996605e-06
2.010000000000000000e+02 4.389801445264453786e-06
2.020000000000000000e+02 4.348739249411812958e-06
2.030000000000000000e+02 4.292786928030664943e-06
2.040000000000000000e+02 4.215687444241043466e-06
2.050000000000000000e+02 4.177427486543862900e-06
2.060000000000000000e+02 4.178277153300271385e-06
2.070000000000000000e+02 4.118407835054753876e-06
2.080000000000000000e+02 4.085173857133473553e-06
2.090000000000000000e+02 4.037820112504235131e-06
2.100000000000000000e+02 4.048519203878370372e-06
2.110000000000000000e+02 3.980006017306314351e-06
2.120000000000000000e+02 3.937405577723514362e-06
2.130000000000000000e+02 3.925433625202827161e-06
2.140000000000000000e+02 3.887273578531401904e-06
2.150000000000000000e+02 3.870623880848127379e-06
2.160000000000000000e+02 3.841302290661235014e-06
2.170000000000000000e+02 3.793172860822456468e-06
2.180000000000000000e+02 3.786600551292673891e-06
2.190000000000000000e+02 3.773341731023433819e-06
2.200000000000000000e+02 3.710865626880742262e-06
2.210000000000000000e+02 3.679859311667873633e-06
2.220000000000000000e+02 3.667348424235620770e-06
2.230000000000000000e+02 3.638101677868273564e-06
2.240000000000000000e+02 3.608489629839528042e-06
2.250000000000000000e+02 3.569995149095609477e-06
2.260000000000000000e+02 3.572123887248480508e-06
2.270000000000000000e+02 3.530802494942248853e-06
2.280000000000000000e+02 3.498403740048531865e-06
2.290000000000000000e+02 3.473800636938561920e-06
2.300000000000000000e+02 3.443120594261777300e-06
2.310000000000000000e+02 3.444429960466085650e-06
2.320000000000000000e+02 3.412657404609827743e-06
2.330000000000000000e+02 3.380591995731615976e-06
2.340000000000000000e+02 3.351956778830961733e-06
2.350000000000000000e+02 3.311359185604918143e-06
2.360000000000000000e+02 3.346618656406049153e-06
2.370000000000000000e+02 3.278755798541441052e-06
2.380000000000000000e+02 3.252841602102162276e-06
2.390000000000000000e+02 3.229950677753496060e-06
2.400000000000000000e+02 3.213290376943328771e-06
2.410000000000000000e+02 3.199402889708839118e-06
2.420000000000000000e+02 3.198045666438877391e-06
2.430000000000000000e+02 3.146016241317462839e-06
2.440000000000000000e+02 3.115802364447941503e-06
2.450000000000000000e+02 3.157492418081327097e-06
2.460000000000000000e+02 3.072649364050135401e-06
2.470000000000000000e+02 3.050310214527138074e-06
2.480000000000000000e+02 3.046859640940066518e-06
2.490000000000000000e+02 3.072105881641408326e-06
2.500000000000000000e+02 3.005985123396076871e-06
2.510000000000000000e+02 2.980380175179865391e-06
2.520000000000000000e+02 2.975531493030742564e-06
2.530000000000000000e+02 2.938427391351668645e-06
2.540000000000000000e+02 2.935801689236766464e-06
2.550000000000000000e+02 2.904003239940563656e-06
2.560000000000000000e+02 2.888279560624318675e-06
2.570000000000000000e+02 2.886700516622209651e-06
2.580000000000000000e+02 2.849296104970637321e-06
2.590000000000000000e+02 2.839558664669627265e-06
2.600000000000000000e+02 2.815212492341244330e-06
2.610000000000000000e+02 2.809787817765293353e-06
2.620000000000000000e+02 2.789356307142843989e-06
2.630000000000000000e+02 2.764949318974582087e-06
2.640000000000000000e+02 2.749123357292649027e-06
2.650000000000000000e+02 2.760122885226314450e-06
2.660000000000000000e+02 2.729185057802435351e-06
2.670000000000000000e+02 2.709355140569329975e-06
2.680000000000000000e+02 2.699839832526643198e-06
2.690000000000000000e+02 2.671258679021532297e-06
2.700000000000000000e+02 2.653697586488949799e-06
2.710000000000000000e+02 2.642856225560471597e-06
2.720000000000000000e+02 2.630219525099991208e-06
2.730000000000000000e+02 2.610450297220493103e-06
2.740000000000000000e+02 2.590750294417301094e-06
2.750000000000000000e+02 2.587755517653236384e-06
2.760000000000000000e+02 2.564086030926926026e-06
2.770000000000000000e+02 2.553850576472566127e-06
2.780000000000000000e+02 2.538869478405659307e-06
2.790000000000000000e+02 2.525140472297437350e-06
2.800000000000000000e+02 2.518762544019602884e-06
2.810000000000000000e+02 2.492404117568508248e-06
2.820000000000000000e+02 2.485763627079383789e-06
2.830000000000000000e+02 2.487367427143326235e-06
2.840000000000000000e+02 2.456527281677135791e-06
2.850000000000000000e+02 2.451888674356584329e-06
2.860000000000000000e+02 2.436645325172921439e-06
2.870000000000000000e+02 2.418109672494905807e-06
2.880000000000000000e+02 2.407971518735202029e-06
2.890000000000000000e+02 2.389123947387111705e-06
2.900000000000000000e+02 2.392441209099634414e-06
2.910000000000000000e+02 2.364743914185991331e-06
2.920000000000000000e+02 2.356059502851451953e-06
2.930000000000000000e+02 2.344785742102292497e-06
2.940000000000000000e+02 2.344954731687949360e-06
2.950000000000000000e+02 2.332417190850216727e-06
2.960000000000000000e+02 2.308739888230333117e-06
2.970000000000000000e+02 2.294069112686525666e-06
2.980000000000000000e+02 2.286888387287047168e-06
2.990000000000000000e+02 2.284624900023540124e-06
3.000000000000000000e+02 2.262470359135719759e-06
3.010000000000000000e+02 2.263913321644070278e-06
3.020000000000000000e+02 2.242832542923917317e-06
3.030000000000000000e+02 2.238357864423817668e-06
3.040000000000000000e+02 2.225056938019428346e-06
3.050000000000000000e+02 2.210478427537487341e-06
3.060000000000000000e+02 2.203761599010430905e-06
3.070000000000000000e+02 2.195671347840193509e-06
3.080000000000000000e+02 2.180412157194983031e-06
3.090000000000000000e+02 2.172062691742366995e-06
3.100000000000000000e+02 2.168603344607148701e-06
3.110000000000000000e+02 2.170442213987980638e-06
3.120000000000000000e+02 2.151043673086352209e-06
3.130000000000000000e+02 2.138015495318056312e-06
3.140000000000000000e+02 2.120172459814025964e-06
3.150000000000000000e+02 2.113177657952140523e-06
3.160000000000000000e+02 2.105739080658487548e-06
3.170000000000000000e+02 2.095049590083144282e-06
3.180000000000000000e+02 2.082079406311501431e-06
3.190000000000000000e+02 2.079388972864150812e-06
3.200000000000000000e+02 2.073324237297975871e-06
3.210000000000000000e+02 2.072867369907415164e-06
3.220000000000000000e+02 2.047644592889284293e-06
3.230000000000000000e+02 2.039427780272270997e-06
3.240000000000000000e+02 2.035487681756962775e-06
3.250000000000000000e+02 2.026218943470963420e-06
3.260000000000000000e+02 2.016369382107058589e-06
3.270000000000000000e+02 2.008576722029882235e-06
3.280000000000000000e+02 2.013193938993195981e-06
3.290000000000000000e+02 1.989655949074496507e-06
3.300000000000000000e+02 1.981242492969139693e-06
3.310000000000000000e+02 1.984607274660705544e-06
3.320000000000000000e+02 1.971087976006277010e-06
3.330000000000000000e+02 1.964168021031956554e-06
3.340000000000000000e+02 1.951632181031445076e-06
3.350000000000000000e+02 1.941808430673319266e-06
3.360000000000000000e+02 1.935726562769645429e-06
3.370000000000000000e+02 1.942832088629582005e-06
3.380000000000000000e+02 1.921219842369095140e-06
3.390000000000000000e+02 1.920402698838506406e-06
3.400000000000000000e+02 1.913142691514268760e-06
3.410000000000000000e+02 1.904395985194547454e-06
3.420000000000000000e+02 1.894734059281701380e-06
3.430000000000000000e+02 1.888568948826142387e-06
3.440000000000000000e+02 1.879478078842699800e-06
3.450000000000000000e+02 1.872177346816626828e-06
3.460000000000000000e+02 1.887054265500795431e-06
3.470000000000000000e+02 1.862585143795836332e-06
3.480000000000000000e+02 1.856373534183353041e-06
3.490000000000000000e+02 1.843514360607482933e-06
3.500000000000000000e+02 1.840855099958961248e-06
3.510000000000000000e+02 1.834446762408009602e-06
3.520000000000000000e+02 1.827806960918596793e-06
3.530000000000000000e+02 1.823662663083961067e-06
3.540000000000000000e+02 1.818071919233376529e-06
3.550000000000000000e+02 1.809978684588781710e-06
3.560000000000000000e+02 1.805807469641823148e-06
3.570000000000000000e+02 1.794030395497812415e-06
3.580000000000000000e+02 1.806131320393056174e-06
3.590000000000000000e+02 1.783590079831127648e-06
3.600000000000000000e+02 1.779265161113360742e-06
3.610000000000000000e+02 1.771047466714472383e-06
3.620000000000000000e+02 1.771657521529100908e-06
3.630000000000000000e+02 1.761218804078606768e-06
3.640000000000000000e+02 1.756119709878215017e-06
3.650000000000000000e+02 1.748745435300838835e-06
3.660000000000000000e+02 1.743012452719846863e-06
3.670000000000000000e+02 1.736587589652769333e-06
3.680000000000000000e+02 1.733212846954536034e-06
3.690000000000000000e+02 1.726485646159532017e-06
3.700000000000000000e+02 1.729892909116044525e-06
3.710000000000000000e+02 1.718268843457476438e-06
3.720000000000000000e+02 1.714217717666099335e-06
3.730000000000000000e+02 1.713217395280627373e-06
3.740000000000000000e+02 1.708123516403262401e-06
3.750000000000000000e+02 1.697596863064205107e-06
3.760000000000000000e+02 1.694424396229154401e-06
3.770000000000000000e+02 1.687654399666975154e-06
3.780000000000000000e+02 1.683148428391520594e-06
3.790000000000000000e+02 1.676169664588758631e-06
3.800000000000000000e+02 1.674439585281701275e-06
3.810000000000000000e+02 1.669874160048358341e-06
3.820000000000000000e+02 1.664205143002784417e-06
3.830000000000000000e+02 1.657896003188463821e-06
3.840000000000000000e+02 1.658166238791558632e-06
3.850000000000000000e+02 1.651041305891762390e-06
3.860000000000000000e+02 1.649618706111125576e-06
3.870000000000000000e+02 1.642278134330149322e-06
3.880000000000000000e+02 1.637113767362162522e-06
3.890000000000000000e+02 1.637306648221175501e-06
3.900000000000000000e+02 1.631383670753948486e-06
3.910000000000000000e+02 1.620986311759287981e-06
3.920000000000000000e+02 1.616244918941504833e-06
3.930000000000000000e+02 1.616817586383176079e-06
3.940000000000000000e+02 1.610875475889756845e-06
3.950000000000000000e+02 1.611490065132023012e-06
3.960000000000000000e+02 1.601017878645032164e-06
3.970000000000000000e+02 1.599198175206343708e-06
3.980000000000000000e+02 1.595389984145365348e-06
3.990000000000000000e+02 1.591705834222692511e-06
4.000000000000000000e+02 1.585091365433887323e-06
4.010000000000000000e+02 1.583864024655967866e-06
4.020000000000000000e+02 1.579141823687953635e-06
4.030000000000000000e+02 1.575311312597757223e-06
4.040000000000000000e+02 1.571797370927160062e-06
4.050000000000000000e+02 1.577669454491751432e-06
4.060000000000000000e+02 1.563960130680865602e-06
4.070000000000000000e+02 1.560262069930814946e-06
4.080000000000000000e+02 1.558054769838591093e-06
4.090000000000000000e+02 1.553358353466930554e-06
4.100000000000000000e+02 1.550196610273428571e-06
4.110000000000000000e+02 1.544249618183000375e-06
4.120000000000000000e+02 1.544095002552989527e-06
4.130000000000000000e+02 1.537418661644064290e-06
4.140000000000000000e+02 1.534018822161725201e-06
4.150000000000000000e+02 1.533224261770727573e-06
4.160000000000000000e+02 1.532013191666430700e-06
4.170000000000000000e+02 1.528317286535448349e-06
4.180000000000000000e+02 1.520309356156164215e-06
4.190000000000000000e+02 1.518597915283684370e-06
4.200000000000000000e+02 1.514684474415638099e-06
4.210000000000000000e+02 1.511385920861616955e-06
4.220000000000000000e+02 1.509864791575586638e-06
4.230000000000000000e+02 1.505474887948762332e-06
4.240000000000000000e+02 1.501356386429570547e-06
4.250000000000000000e+02 1.500810425130053343e-06
4.260000000000000000e+02 1.497942958756497687e-06
4.270000000000000000e+02 1.494943754036411382e-06
4.280000000000000000e+02 1.490014607462997178e-06
4.290000000000000000e+02 1.487286298257217638e-06
4.300000000000000000e+02 1.485205818589487411e-06
4.310000000000000000e+02 1.479577148402095747e-06
4.320000000000000000e+02 1.477988420699946736e-06
4.330000000000000000e+02 1.477847524615957998e-06
4.340000000000000000e+02 1.472044276715243029e-06
4.350000000000000000e+02 1.472249425279239125e-06
4.360000000000000000e+02 1.467299702489609284e-06
4.370000000000000000e+02 1.464011564228387294e-06
4.380000000000000000e+02 1.463470818192609221e-06
4.390000000000000000e+02 1.458350038770352231e-06
4.400000000000000000e+02 1.455199765591685285e-06
4.410000000000000000e+02 1.455722373965982678e-06
4.420000000000000000e+02 1.459860871318168690e-06
4.430000000000000000e+02 1.451120495228496331e-06
4.440000000000000000e+02 1.445776303513463222e-06
4.450000000000000000e+02 1.442864303301127607e-06
4.460000000000000000e+02 1.440319578272327737e-06
4.470000000000000000e+02 1.438217517706302198e-06
4.480000000000000000e+02 1.436917536057010652e-06
4.490000000000000000e+02 1.436361815543980863e-06
4.500000000000000000e+02 1.431918187773796164e-06
4.510000000000000000e+02 1.430239260164363557e-06
4.520000000000000000e+02 1.425602285567527412e-06
4.530000000000000000e+02 1.424670643671291413e-06
4.540000000000000000e+02 1.424319146784862910e-06
4.550000000000000000e+02 1.420010387796619924e-06
4.560000000000000000e+02 1.415950287981056700e-06
4.570000000000000000e+02 1.416028977177800530e-06
4.580000000000000000e+02 1.411571125453821762e-06
4.590000000000000000e+02 1.411296654289522932e-06
4.600000000000000000e+02 1.408340003318338362e-06
4.610000000000000000e+02 1.405690931023922088e-06
4.620000000000000000e+02 1.407044756805692206e-06
4.630000000000000000e+02 1.401539702242578450e-06
4.640000000000000000e+02 1.398275833597234590e-06
4.650000000000000000e+02 1.397022434186927241e-06
4.660000000000000000e+02 1.394267735186865732e-06
4.670000000000000000e+02 1.393352704897752679e-06
4.680000000000000000e+02 1.392250957965913459e-06
4.690000000000000000e+02 1.392271395401222028e-06
4.700000000000000000e+02 1.388475216733047948e-06
4.710000000000000000e+02 1.387102741460339024e-06
4.720000000000000000e+02 1.381806614493339420e-06
4.730000000000000000e+02 1.382062327381630588e-06
4.740000000000000000e+02 1.378662093625869740e-06
4.750000000000000000e+02 1.376493141470504433e-06
4.760000000000000000e+02 1.376927651899804090e-06
4.770000000000000000e+02 1.375024143594058703e-06
4.780000000000000000e+02 1.371011511074588260e-06
4.790000000000000000e+02 1.368961957728832149e-06
4.800000000000000000e+02 1.366861883545311447e-06
4.810000000000000000e+02 1.365515446763944533e-06
4.820000000000000000e+02 1.364178015713709091e-06
4.830000000000000000e+02 1.361955131012946707e-06
4.840000000000000000e+02 1.359885761401312575e-06
4.850000000000000000e+02 1.359620455004120025e-06
4.860000000000000000e+02 1.357296748711947041e-06
4.870000000000000000e+02 1.358241576959152810e-06
4.880000000000000000e+02 1.356205438045569592e-06
4.890000000000000000e+02 1.351919212292255535e-06
4.900000000000000000e+02 1.349733606937511638e-06
4.910000000000000000e+02 1.348068017505251110e-06
4.920000000000000000e+02 1.347180269900952835e-06
4.930000000000000000e+02 1.345113948849810613e-06
4.940000000000000000e+02 1.343506088757598327e-06
4.950000000000000000e+02 1.341894705962701836e-06
4.960000000000000000e+02 1.339686305773260657e-06
4.970000000000000000e+02 1.338647238043343337e-06
4.980000000000000000e+02 1.337497367568746821e-06
4.990000000000000000e+02 1.335701613262524314e-06
5.000000000000000000e+02 1.333811950990862513e-06
5.010000000000000000e+02 1.333161081183558775e-06
5.020000000000000000e+02 1.332773878274999491e-06
5.030000000000000000e+02 1.329543159593251821e-06
5.040000000000000000e+02 1.327471300205327211e-06
5.050000000000000000e+02 1.327133527904637046e-06
5.060000000000000000e+02 1.326132952417421216e-06
5.070000000000000000e+02 1.324181151698228829e-06
5.080000000000000000e+02 1.323588467381325875e-06
5.090000000000000000e+02 1.321392732145875657e-06
5.100000000000000000e+02 1.319931854737186317e-06
5.110000000000000000e+02 1.317823711481608580e-06
5.120000000000000000e+02 1.316810710483026393e-06
5.130000000000000000e+02 1.314844461876106634e-06
5.140000000000000000e+02 1.313810113379046578e-06
5.150000000000000000e+02 1.313408171240808174e-06
5.160000000000000000e+02 1.311092260856138884e-06
5.170000000000000000e+02 1.312461451675960201e-06
5.180000000000000000e+02 1.312018238692150623e-06
5.190000000000000000e+02 1.307644326100254447e-06
5.200000000000000000e+02 1.306645893061327563e-06
5.210000000000000000e+02 1.304775807225527814e-06
5.220000000000000000e+02 1.304418426978767837e-06
5.230000000000000000e+02 1.303411762709277208e-06
5.240000000000000000e+02 1.301715893807261908e-06
5.250000000000000000e+02 1.300484225463117523e-06
5.260000000000000000e+02 1.299846967485154683e-06
5.270000000000000000e+02 1.297847215653833573e-06
5.280000000000000000e+02 1.297387706232995407e-06
5.290000000000000000e+02 1.295697146699739594e-06
5.300000000000000000e+02 1.294554783525164074e-06
5.310000000000000000e+02 1.294141586181747121e-06
5.320000000000000000e+02 1.291540610407595827e-06
5.330000000000000000e+02 1.290167974553374487e-06
5.340000000000000000e+02 1.290054274571765749e-06
5.350000000000000000e+02 1.288524800800963667e-06
5.360000000000000000e+02 1.288074512160404616e-06
5.370000000000000000e+02 1.286089569499540456e-06
5.380000000000000000e+02 1.284988381210425507e-06
5.390000000000000000e+02 1.284306017289173284e-06
5.400000000000000000e+02 1.283802004943837125e-06
5.410000000000000000e+02 1.281325911130765360e-06
5.420000000000000000e+02 1.280766566928811156e-06
5.430000000000000000e+02 1.279762961398578990e-06
5.440000000000000000e+02 1.280004030822175741e-06
5.450000000000000000e+02 1.277724999983185670e-06
5.460000000000000000e+02 1.277323855286727919e-06
5.470000000000000000e+02 1.277237971570078392e-06
5.480000000000000000e+02 1.274729888082443673e-06
5.490000000000000000e+02 1.273923189220506964e-06
5.500000000000000000e+02 1.273320327020678289e-06
5.510000000000000000e+02 1.272581851847425145e-06
5.520000000000000000e+02 1.273167377328883702e-06
5.530000000000000000e+02 1.271647068082806669e-06
5.540000000000000000e+02 1.269223020452331399e-06
5.550000000000000000e+02 1.269157863767437255e-06
5.560000000000000000e+02 1.268514094009298194e-06
5.570000000000000000e+02 1.267822993267892418e-06
5.580000000000000000e+02 1.266052868806726632e-06
5.590000000000000000e+02 1.265268174055856046e-06
5.600000000000000000e+02 1.264704889937979711e-06
5.610000000000000000e+02 1.262669826505728242e-06
5.620000000000000000e+02 1.262095670467057271e-06
5.630000000000000000e+02 1.260804840986422431e-06
5.640000000000000000e+02 1.260209981912812166e-06
5.650000000000000000e+02 1.259271392359450230e-06
5.660000000000000000e+02 1.259221817562352369e-06
5.670000000000000000e+02 1.258857068214478102e-06
5.680000000000000000e+02 1.257401285848235230e-06
5.690000000000000000e+02 1.256656956962642674e-06
5.700000000000000000e+02 1.255182130259608443e-06
5.710000000000000000e+02 1.254714107158489247e-06
5.720000000000000000e+02 1.254475230337651211e-06
5.730000000000000000e+02 1.252766250159850645e-06
5.740000000000000000e+02 1.253242751726800741e-06
5.750000000000000000e+02 1.251784771737417936e-06
5.760000000000000000e+02 1.251015866212372257e-06
5.770000000000000000e+02 1.251230167241487226e-06
5.780000000000000000e+02 1.249565511740679074e-06
5.790000000000000000e+02 1.248907937922092890e-06
5.800000000000000000e+02 1.247777183480457912e-06
5.810000000000000000e+02 1.247391962136858685e-06
5.820000000000000000e+02 1.246996116524179539e-06
5.830000000000000000e+02 1.246381603584497321e-06
5.840000000000000000e+02 1.245081315848258427e-06
5.850000000000000000e+02 1.244640659986939829e-06
5.860000000000000000e+02 1.244551489279079369e-06
5.870000000000000000e+02 1.245485928630491691e-06
5.880000000000000000e+02 1.242332483491436593e-06
5.890000000000000000e+02 1.242002819297998141e-06
5.900000000000000000e+02 1.240342730583334866e-06
5.910000000000000000e+02 1.242218739405114941e-06
5.920000000000000000e+02 1.240519485416090408e-06
5.930000000000000000e+02 1.240297125961077313e-06
5.940000000000000000e+02 1.239193423220389817e-06
5.950000000000000000e+02 1.237718691172290060e-06
5.960000000000000000e+02 1.237067462127330761e-06
5.970000000000000000e+02 1.236481219848113013e-06
5.980000000000000000e+02 1.236231979019818855e-06
5.990000000000000000e+02 1.236250509018767989e-06
6.000000000000000000e+02 1.234750320212317502e-06
6.010000000000000000e+02 1.234493628670755826e-06
6.020000000000000000e+02 1.233529066593289943e-06
6.030000000000000000e+02 1.233414659124637130e-06
6.040000000000000000e+02 1.232201146429686854e-06
6.050000000000000000e+02 1.233508421210069758e-06
6.060000000000000000e+02 1.231389447340477304e-06
6.070000000000000000e+02 1.230891546960118386e-06
6.080000000000000000e+02 1.230365461732872465e-06
6.090000000000000000e+02 1.229200370933067660e-06
6.100000000000000000e+02 1.229415502217957402e-06
6.110000000000000000e+02 1.229431351065440437e-06
6.120000000000000000e+02 1.228218474843923958e-06
6.130000000000000000e+02 1.228616488991924145e-06
6.140000000000000000e+02 1.227041119137433469e-06
6.150000000000000000e+02 1.226592730293290800e-06
6.160000000000000000e+02 1.226033339751970562e-06
6.170000000000000000e+02 1.225842270707395118e-06
6.180000000000000000e+02 1.225206327067400438e-06
6.190000000000000000e+02 1.224691650626679119e-06
6.200000000000000000e+02 1.224165161927689971e-06
6.210000000000000000e+02 1.224667476477980768e-06
6.220000000000000000e+02 1.222960806538670284e-06
6.230000000000000000e+02 1.223249866334532951e-06
6.240000000000000000e+02 1.222148369223627850e-06
6.250000000000000000e+02 1.222015879263926586e-06
6.260000000000000000e+02 1.221152116972375611e-06
6.270000000000000000e+02 1.220975492556915558e-06
6.280000000000000000e+02 1.220444329552231781e-06
6.290000000000000000e+02 1.219918453390204025e-06
6.300000000000000000e+02 1.219357699435998033e-06
6.310000000000000000e+02 1.218987134073288273e-06
6.320000000000000000e+02 1.218449957828327612e-06
6.330000000000000000e+02 1.218003741294657079e-06
6.340000000000000000e+02 1.217995094319965232e-06
6.350000000000000000e+02 1.217125935646758272e-06
6.360000000000000000e+02 1.217320626575343574e-06
6.370000000000000000e+02 1.216964980060837902e-06
6.380000000000000000e+02 1.216485627536701226e-06
6.390000000000000000e+02 1.215571009343857081e-06
6.400000000000000000e+02 1.215908013207733803e-06
6.410000000000000000e+02 1.214684291708276321e-06
6.420000000000000000e+02 1.214127741289257190e-06
6.430000000000000000e+02 1.214184640448309056e-06
6.440000000000000000e+02 1.213447810427755768e-06
6.450000000000000000e+02 1.213413368605465820e-06
6.460000000000000000e+02 1.212580371146582538e-06
6.470000000000000000e+02 1.212284299442008398e-06
6.480000000000000000e+02 1.211977422279944650e-06
6.490000000000000000e+02 1.211766035700819093e-06
6.500000000000000000e+02 1.211707601956901507e-06
6.510000000000000000e+02 1.211166102075566781e-06
6.520000000000000000e+02 1.210738026911600774e-06
6.530000000000000000e+02 1.210616582525100195e-06
6.540000000000000000e+02 1.210226485485062218e-06
6.550000000000000000e+02 1.210435573956735003e-06
6.560000000000000000e+02 1.209126696206808025e-06
6.570000000000000000e+02 1.208560146957935835e-06
6.580000000000000000e+02 1.208223963178330007e-06
6.590000000000000000e+02 1.208226413445585836e-06
6.600000000000000000e+02 1.208147824270535306e-06
6.610000000000000000e+02 1.208195225397794276e-06
6.620000000000000000e+02 1.207300704261272266e-06
6.630000000000000000e+02 1.207187002307971574e-06
6.640000000000000000e+02 1.206627183186605856e-06
6.650000000000000000e+02 1.206086116723602686e-06
6.660000000000000000e+02 1.205736717702127896e-06
6.670000000000000000e+02 1.205954827241612663e-06
6.680000000000000000e+02 1.205430293825319277e-06
6.690000000000000000e+02 1.205107910290539936e-06
6.700000000000000000e+02 1.204472568981477917e-06
6.710000000000000000e+02 1.204480411485457298e-06
6.720000000000000000e+02 1.204044951836641481e-06
6.730000000000000000e+02 1.203558857889098875e-06
6.740000000000000000e+02 1.204132293517901120e-06
6.750000000000000000e+02 1.203213166395326247e-06
6.760000000000000000e+02 1.202889038989116581e-06
6.770000000000000000e+02 1.202548831562396339e-06
6.780000000000000000e+02 1.202190239053453245e-06
6.790000000000000000e+02 1.201975067668191648e-06
6.800000000000000000e+02 1.201737791903122669e-06
6.810000000000000000e+02 1.201364988069987468e-06
6.820000000000000000e+02 1.201058955542439162e-06
6.830000000000000000e+02 1.200915025025454176e-06
6.840000000000000000e+02 1.200633650315612394e-06
6.850000000000000000e+02 1.200255850871109762e-06
6.860000000000000000e+02 1.200131121189637419e-06
6.870000000000000000e+02 1.200126596310066655e-06
6.880000000000000000e+02 1.200258914030767208e-06
6.890000000000000000e+02 1.199421480684608554e-06
6.900000000000000000e+02 1.199328081555755264e-06
6.910000000000000000e+02 1.199000163137386559e-06
6.920000000000000000e+02 1.198603806965913480e-06
6.930000000000000000e+02 1.199333552271839184e-06
6.940000000000000000e+02 1.198496591463817309e-06
6.950000000000000000e+02 1.197763144853374388e-06
6.960000000000000000e+02 1.197606999411615298e-06
6.970000000000000000e+02 1.197419222370163372e-06
6.980000000000000000e+02 1.197386336308616825e-06
6.990000000000000000e+02 1.196979011470004740e-06
7.000000000000000000e+02 1.196737192674735579e-06
7.010000000000000000e+02 1.196605328536927792e-06
7.020000000000000000e+02 1.196823412941627822e-06
7.030000000000000000e+02 1.196412358892890499e-06
7.040000000000000000e+02 1.195698052665327195e-06
7.050000000000000000e+02 1.195456109476890090e-06
7.060000000000000000e+02 1.195432784033164244e-06
7.070000000000000000e+02 1.195028132609351030e-06
7.080000000000000000e+02 1.194978529318271500e-06
7.090000000000000000e+02 1.194849226019683809e-06
7.100000000000000000e+02 1.194544661245822800e-06
7.110000000000000000e+02 1.194386252161033510e-06
7.120000000000000000e+02 1.193995012212627964e-06
7.130000000000000000e+02 1.193873227131456220e-06
7.140000000000000000e+02 1.193697200651236103e-06
7.150000000000000000e+02 1.193862280538530720e-06
7.160000000000000000e+02 1.193429173014397791e-06
7.170000000000000000e+02 1.193173616410514171e-06
7.180000000000000000e+02 1.193427184862801963e-06
7.190000000000000000e+02 1.192853438293051081e-06
7.200000000000000000e+02 1.192561307845340532e-06
7.210000000000000000e+02 1.192199254638194686e-06
7.220000000000000000e+02 1.192279353226351518e-06
7.230000000000000000e+02 1.191880670191725853e-06
7.240000000000000000e+02 1.191792584169916672e-06
7.250000000000000000e+02 1.191928591262807249e-06
7.260000000000000000e+02 1.191514324797426908e-06
7.270000000000000000e+02 1.191332015088914655e-06
7.280000000000000000e+02 1.191098687324155188e-06
7.290000000000000000e+02 1.190910589482378785e-06
7.300000000000000000e+02 1.190822740053085889e-06
7.310000000000000000e+02 1.190545121134179508e-06
7.320000000000000000e+02 1.190397091085769922e-06
7.330000000000000000e+02 1.190273712202542726e-06
7.340000000000000000e+02 1.190155347639201522e-06
7.350000000000000000e+02 1.189917141610535693e-06
7.360000000000000000e+02 1.189712707541393235e-06
7.370000000000000000e+02 1.189785738713627971e-06
7.380000000000000000e+02 1.189494516125876735e-06
7.390000000000000000e+02 1.189210393682824059e-06
7.400000000000000000e+02 1.189059765721808896e-06
7.410000000000000000e+02 1.189047109377502962e-06
7.420000000000000000e+02 1.188823465929625909e-06
7.430000000000000000e+02 1.188797256113977974e-06
7.440000000000000000e+02 1.188533121867082331e-06
7.450000000000000000e+02 1.188515949290458689e-06
7.460000000000000000e+02 1.188272691983796005e-06
7.470000000000000000e+02 1.187982114135561714e-06
7.480000000000000000e+02 1.188156813931841115e-06
7.490000000000000000e+02 1.187806979717733890e-06
7.500000000000000000e+02 1.187621019888366865e-06
7.510000000000000000e+02 1.187549558558586519e-06
7.520000000000000000e+02 1.187393185971273417e-06
7.530000000000000000e+02 1.187272594894370392e-06
7.540000000000000000e+02 1.187117719317950588e-06
7.550000000000000000e+02 1.186966350936185853e-06
7.560000000000000000e+02 1.186862695522335477e-06
7.570000000000000000e+02 1.186652910021572946e-06
7.580000000000000000e+02 1.186589099051888762e-06
7.590000000000000000e+02 1.186490871440908616e-06
7.600000000000000000e+02 1.186539067548288172e-06
7.610000000000000000e+02 1.186321438895850235e-06
7.620000000000000000e+02 1.186186917684614217e-06
7.630000000000000000e+02 1.185903349842115627e-06
7.640000000000000000e+02 1.185783062009986847e-06
7.650000000000000000e+02 1.185694770554003398e-06
7.660000000000000000e+02 1.185612348576710463e-06
7.670000000000000000e+02 1.185484001379270867e-06
7.680000000000000000e+02 1.185486076613440547e-06
7.690000000000000000e+02 1.185506702713088537e-06
7.700000000000000000e+02 1.185357004697980777e-06
7.710000000000000000e+02 1.185021337991364065e-06
7.720000000000000000e+02 1.184956013607088505e-06
7.730000000000000000e+02 1.184813783002520338e-06
7.740000000000000000e+02 1.184686738406713062e-06
7.750000000000000000e+02 1.184558648170154076e-06
7.760000000000000000e+02 1.184580648424349694e-06
7.770000000000000000e+02 1.184464010368673784e-06
7.780000000000000000e+02 1.184240797710671549e-06
7.790000000000000000e+02 1.184152628971636711e-06
7.800000000000000000e+02 1.184161577530195707e-06
7.810000000000000000e+02 1.183900386753333240e-06
7.820000000000000000e+02 1.183832727288668642e-06
7.830000000000000000e+02 1.183660406574317498e-06
7.840000000000000000e+02 1.183647675234263079e-06
7.850000000000000000e+02 1.183565609640512401e-06
7.860000000000000000e+02 1.183434021187780883e-06
7.870000000000000000e+02 1.183321956065309614e-06
7.880000000000000000e+02 1.183293733075519756e-06
7.890000000000000000e+02 1.183112156556245474e-06
7.900000000000000000e+02 1.183033371187141314e-06
7.910000000000000000e+02 1.182923391452909549e-06
7.920000000000000000e+02 1.183021410183394380e-06
7.930000000000000000e+02 1.182795311327874133e-06
7.940000000000000000e+02 1.182657879793149700e-06
7.950000000000000000e+02 1.182665528058536136e-06
7.960000000000000000e+02 1.182626789399771170e-06
7.970000000000000000e+02 1.182398126857631955e-06
7.980000000000000000e+02 1.182346931370563978e-06
7.990000000000000000e+02 1.182238868667026641e-06
8.000000000000000000e+02 1.182239037283395973e-06
8.010000000000000000e+02 1.182282098722822299e-06
8.020000000000000000e+02 1.182031843850706177e-06
8.030000000000000000e+02 1.181942141099384644e-06
8.040000000000000000e+02 1.181863903891811231e-06
8.050000000000000000e+02 1.181694912473551788e-06
8.060000000000000000e+02 1.181770046680121752e-06
8.070000000000000000e+02 1.181574334384502676e-06
8.080000000000000000e+02 1.181451182544232202e-06
8.090000000000000000e+02 1.181567306577129320e-06
8.100000000000000000e+02 1.181386997494170647e-06
8.110000000000000000e+02 1.181309964937218408e-06
8.120000000000000000e+02 1.181233121449149374e-06
8.130000000000000000e+02 1.181087017954041613e-06
8.140000000000000000e+02 1.181011590776295859e-06
8.150000000000000000e+02 1.180992602041341618e-06
8.160000000000000000e+02 1.181095795597982498e-06
8.170000000000000000e+02 1.181030527330742319e-06
8.180000000000000000e+02 1.181130750359938138e-06
8.190000000000000000e+02 1.180710541919938125e-06
8.200000000000000000e+02 1.180622512290353047e-06
8.210000000000000000e+02 1.180523932762293397e-06
8.220000000000000000e+02 1.180495027435620391e-06
8.230000000000000000e+02 1.180572538687209991e-06
8.240000000000000000e+02 1.180293608569382801e-06
8.250000000000000000e+02 1.180305329259635407e-06
8.260000000000000000e+02 1.180260919619211320e-06
8.270000000000000000e+02 1.180357473064525443e-06
8.280000000000000000e+02 1.180068127054191514e-06
8.290000000000000000e+02 1.180074282245332532e-06
8.300000000000000000e+02 1.179977512718143421e-06
8.310000000000000000e+02 1.179904183306584162e-06
8.320000000000000000e+02 1.179875557955178809e-06
8.330000000000000000e+02 1.179743469594086395e-06
8.340000000000000000e+02 1.179727609133591706e-06
8.350000000000000000e+02 1.179711839669746802e-06
8.360000000000000000e+02 1.179601081083832444e-06
8.370000000000000000e+02 1.179528840967391990e-06
8.380000000000000000e+02 1.179467712244461833e-06
8.390000000000000000e+02 1.179444627520092505e-06
8.400000000000000000e+02 1.179446311941825306e-06
8.410000000000000000e+02 1.179341884620506667e-06
8.420000000000000000e+02 1.179232961393828709e-06
8.430000000000000000e+02 1.179216378771952354e-06
8.440000000000000000e+02 1.179098146172978013e-06
8.450000000000000000e+02 1.179150718378432117e-06
8.460000000000000000e+02 1.179056902352434537e-06
8.470000000000000000e+02 1.178971701489204518e-06
8.480000000000000000e+02 1.178924897263694751e-06
8.490000000000000000e+02 1.178920904417278997e-06
8.500000000000000000e+02 1.178869444932311128e-06
8.510000000000000000e+02 1.178762569291285422e-06
8.520000000000000000e+02 1.178734245608924006e-06
8.530000000000000000e+02 1.178669860968488764e-06
8.540000000000000000e+02 1.178665136891113379e-06
8.550000000000000000e+02 1.178602871825497946e-06
8.560000000000000000e+02 1.178503148832720852e-06
8.570000000000000000e+02 1.178467071077743337e-06
8.580000000000000000e+02 1.178402585636425376e-06
8.590000000000000000e+02 1.178363857774936560e-06
8.600000000000000000e+02 1.178302762245506223e-06
8.610000000000000000e+02 1.178283473493209165e-06
8.620000000000000000e+02 1.178226105109132296e-06
8.630000000000000000e+02 1.178165199897445459e-06
8.640000000000000000e+02 1.178132237635548875e-06
8.650000000000000000e+02 1.178101583052037594e-06
8.660000000000000000e+02 1.178139770028600543e-06
8.670000000000000000e+02 1.178027032453221285e-06
8.680000000000000000e+02 1.177989532820895335e-06
8.690000000000000000e+02 1.177890167599732564e-06
8.700000000000000000e+02 1.177916967917080042e-06
8.710000000000000000e+02 1.177860496846394324e-06
8.720000000000000000e+02 1.177850638386990997e-06
8.730000000000000000e+02 1.177832420511060343e-06
8.740000000000000000e+02 1.177712100228526759e-06
8.750000000000000000e+02 1.177653819818631559e-06
8.760000000000000000e+02 1.177622616604880250e-06
8.770000000000000000e+02 1.177645535262388853e-06
8.780000000000000000e+02 1.177543033567929542e-06
8.790000000000000000e+02 1.177543330111696333e-06
8.800000000000000000e+02 1.177488381111906864e-06
8.810000000000000000e+02 1.177434470314656055e-06
8.820000000000000000e+02 1.177408618313938649e-06
8.830000000000000000e+02 1.177359165474236745e-06
8.840000000000000000e+02 1.177344827899685170e-06
8.850000000000000000e+02 1.177292038810229852e-06
8.860000000000000000e+02 1.177259797156827197e-06
8.870000000000000000e+02 1.177254196153136580e-06
8.880000000000000000e+02 1.177173997611903952e-06
8.890000000000000000e+02 1.177141918176692066e-06
8.900000000000000000e+02 1.177207137186735912e-06
8.910000000000000000e+02 1.177076348958517825e-06
8.920000000000000000e+02 1.177041827666638772e-06
8.930000000000000000e+02 1.177028410119668657e-06
8.940000000000000000e+02 1.176983109068426442e-06
8.950000000000000000e+02 1.176969032882483625e-06
8.960000000000000000e+02 1.176959633886358057e-06
8.970000000000000000e+02 1.176924334127941658e-06
8.980000000000000000e+02 1.176836947888318165e-06
8.990000000000000000e+02 1.176809365274106943e-06
9.000000000000000000e+02 1.176848295869603267e-06
9.010000000000000000e+02 1.176803744050794374e-06
9.020000000000000000e+02 1.176718584421182438e-06
9.030000000000000000e+02 1.176686877557821843e-06
9.040000000000000000e+02 1.176657493298770928e-06
9.050000000000000000e+02 1.176634343931710672e-06
9.060000000000000000e+02 1.176617803467411397e-06
9.070000000000000000e+02 1.176582776883814588e-06
9.080000000000000000e+02 1.176524618833694322e-06
9.090000000000000000e+02 1.176493232108909054e-06
9.100000000000000000e+02 1.176503983233529554e-06
9.110000000000000000e+02 1.176424869555511711e-06
9.120000000000000000e+02 1.176419452707333622e-06
9.130000000000000000e+02 1.176393148327387550e-06
9.140000000000000000e+02 1.176375004781801072e-06
9.150000000000000000e+02 1.176322513155289407e-06
9.160000000000000000e+02 1.176292064737647407e-06
9.170000000000000000e+02 1.176272311051259366e-06
9.180000000000000000e+02 1.176268558080720487e-06
9.190000000000000000e+02 1.176245364047622183e-06
9.200000000000000000e+02 1.176160771452656481e-06
9.210000000000000000e+02 1.176177194310198844e-06
9.220000000000000000e+02 1.176109503356294997e-06
9.230000000000000000e+02 1.176071631228606102e-06
9.240000000000000000e+02 1.176084597113522088e-06
9.250000000000000000e+02 1.176063596253252189e-06
9.260000000000000000e+02 1.175975897761489361e-06
9.270000000000000000e+02 1.175996780736800518e-06
9.280000000000000000e+02 1.175965939433026378e-06
9.290000000000000000e+02 1.175938258714915833e-06
9.300000000000000000e+02 1.175910689206451321e-06
9.310000000000000000e+02 1.175881794806987203e-06
9.320000000000000000e+02 1.175828738472092638e-06
9.330000000000000000e+02 1.175829617715661103e-06
9.340000000000000000e+02 1.175757003914197176e-06
9.350000000000000000e+02 1.175741499878719924e-06
9.360000000000000000e+02 1.175739866591364531e-06
9.370000000000000000e+02 1.175685116371157588e-06
9.380000000000000000e+02 1.175678880904074968e-06
9.390000000000000000e+02 1.175662164879977654e-06
9.400000000000000000e+02 1.175584755275527628e-06
9.410000000000000000e+02 1.175591064341461430e-06
9.420000000000000000e+02 1.175575180239416808e-06
9.430000000000000000e+02 1.175493875234802536e-06
9.440000000000000000e+02 1.175484875860310920e-06
9.450000000000000000e+02 1.175462034563886918e-06
9.460000000000000000e+02 1.175412933000586795e-06
9.470000000000000000e+02 1.175379203806874746e-06
9.480000000000000000e+02 1.175373091429582829e-06
9.490000000000000000e+02 1.175335106392055417e-06
9.500000000000000000e+02 1.175298802194473144e-06
9.510000000000000000e+02 1.175290147940996153e-06
9.520000000000000000e+02 1.175237948507667504e-06
9.530000000000000000e+02 1.175239776080958630e-06
9.540000000000000000e+02 1.175224075736063978e-06
9.550000000000000000e+02 1.175195647624275326e-06
9.560000000000000000e+02 1.175136694097784128e-06
9.570000000000000000e+02 1.175110483667846724e-06
9.580000000000000000e+02 1.175128590482530035e-06
9.590000000000000000e+02 1.175080202595904145e-06
9.600000000000000000e+02 1.175027977166266348e-06
9.610000000000000000e+02 1.175003997157058722e-06
9.620000000000000000e+02 1.175004021874949090e-06
9.630000000000000000e+02 1.174988084343427549e-06
9.640000000000000000e+02 1.174936771376116560e-06
9.650000000000000000e+02 1.174899979084255422e-06
9.660000000000000000e+02 1.174874930867461980e-06
9.670000000000000000e+02 1.174856002576481971e-06
9.680000000000000000e+02 1.174806059272681949e-06
9.690000000000000000e+02 1.174781367468891841e-06
9.700000000000000000e+02 1.174753742045447635e-06
9.710000000000000000e+02 1.174732721810019045e-06
9.720000000000000000e+02 1.174709061447489938e-06
9.730000000000000000e+02 1.174686611563544130e-06
9.740000000000000000e+02 1.174651408397499300e-06
9.750000000000000000e+02 1.174651969697783091e-06
9.760000000000000000e+02 1.174601689979284048e-06
9.770000000000000000e+02 1.174592186399454994e-06
9.780000000000000000e+02 1.174532203312479527e-06
9.790000000000000000e+02 1.174514842422804531e-06
9.800000000000000000e+02 1.174504603341769969e-06
9.810000000000000000e+02 1.174469047109832636e-06
9.820000000000000000e+02 1.174455788666270045e-06
9.830000000000000000e+02 1.174401899417331162e-06
9.840000000000000000e+02 1.174417363166423042e-06
9.850000000000000000e+02 1.174393415754202871e-06
9.860000000000000000e+02 1.174312499899534853e-06
9.870000000000000000e+02 1.174304607125037743e-06
9.880000000000000000e+02 1.174300882147585906e-06
9.890000000000000000e+02 1.174267169525841170e-06
9.900000000000000000e+02 1.174268775483760682e-06
9.910000000000000000e+02 1.174201110841095374e-06
9.920000000000000000e+02 1.174215329044648521e-06
9.930000000000000000e+02 1.174134584330948900e-06
9.940000000000000000e+02 1.174184647763824261e-06
9.950000000000000000e+02 1.174105090420463925e-06
9.960000000000000000e+02 1.174065671377107536e-06
9.970000000000000000e+02 1.174038902365541499e-06
9.980000000000000000e+02 1.174033142611812587e-06
9.990000000000000000e+02 1.173990440115189229e-06
1.000000000000000000e+03 1.173986782033752164e-06
1.001000000000000000e+03 1.173975763075863411e-06
1.002000000000000000e+03 1.173992742234994508e-06
1.003000000000000000e+03 1.173898565056065196e-06
1.004000000000000000e+03 1.173889372402868441e-06
1.005000000000000000e+03 1.173825649370961960e-06
1.006000000000000000e+03 1.173822954413170741e-06
1.007000000000000000e+03 1.173810404149031778e-06
1.008000000000000000e+03 1.173774052886569046e-06
1.009000000000000000e+03 1.173754995765305490e-06
1.010000000000000000e+03 1.173709623948897925e-06
1.011000000000000000e+03 1.173727347518113193e-06
1.012000000000000000e+03 1.173672661804313176e-06
1.013000000000000000e+03 1.173652501319552759e-06
1.014000000000000000e+03 1.173620804002389005e-06
1.015000000000000000e+03 1.173604009541895374e-06
1.016000000000000000e+03 1.173573384302227589e-06
1.017000000000000000e+03 1.173563850545840126e-06
1.018000000000000000e+03 1.173532843978849581e-06
1.019000000000000000e+03 1.173498725415783486e-06
1.020000000000000000e+03 1.173531538024174447e-06
1.021000000000000000e+03 1.173455881186446789e-06
1.022000000000000000e+03 1.173430653352483423e-06
1.023000000000000000e+03 1.173399560361691702e-06
1.024000000000000000e+03 1.173370978368405789e-06
1.025000000000000000e+03 1.173387061460505589e-06
1.026000000000000000e+03 1.173327549121001557e-06
1.027000000000000000e+03 1.173307407430861447e-06
1.028000000000000000e+03 1.173272652758816751e-06
1.029000000000000000e+03 1.173262249020605153e-06
1.030000000000000000e+03 1.173250464304155280e-06
1.031000000000000000e+03 1.173228130876483036e-06
1.032000000000000000e+03 1.173199406628431120e-06
1.033000000000000000e+03 1.173142985101982354e-06
1.034000000000000000e+03 1.173141304050500264e-06
1.035000000000000000e+03 1.173142541527992787e-06
1.036000000000000000e+03 1.173096625435607633e-06
1.037000000000000000e+03 1.173052580154967617e-06
1.038000000000000000e+03 1.173085035358937908e-06
1.039000000000000000e+03 1.173005796183245298e-06
1.040000000000000000e+03 1.173019416286713615e-06
1.041000000000000000e+03 1.173099377747735916e-06
1.042000000000000000e+03 1.173030258582989165e-06
1.043000000000000000e+03 1.172941141580142054e-06
1.044000000000000000e+03 1.172954636343095791e-06
1.045000000000000000e+03 1.172914746350036732e-06
1.046000000000000000e+03 1.172861269734496606e-06
1.047000000000000000e+03 1.172831728983776592e-06
1.048000000000000000e+03 1.172822061249784618e-06
1.049000000000000000e+03 1.172791651925184140e-06
1.050000000000000000e+03 1.172806690911622110e-06
1.051000000000000000e+03 1.172742347898517299e-06
1.052000000000000000e+03 1.172721435505141174e-06
1.053000000000000000e+03 1.172711698381626131e-06
1.054000000000000000e+03 1.172716002572439303e-06
1.055000000000000000e+03 1.172655754300179182e-06
1.056000000000000000e+03 1.172641510567817028e-06
1.057000000000000000e+03 1.172618467069082709e-06
1.058000000000000000e+03 1.172580417451375188e-06
1.059000000000000000e+03 1.172589977107075939e-06
1.060000000000000000e+03 1.172532212078542780e-06
1.061000000000000000e+03 1.172525214623306540e-06
1.062000000000000000e+03 1.172497924624870906e-06
1.063000000000000000e+03 1.172467799572811509e-06
1.064000000000000000e+03 1.172479363141665618e-06
1.065000000000000000e+03 1.172428286638969151e-06
1.066000000000000000e+03 1.172423696784056232e-06
1.067000000000000000e+03 1.172379482592033355e-06
1.068000000000000000e+03 1.172372916402742142e-06
1.069000000000000000e+03 1.172342901522868425e-06
1.070000000000000000e+03 1.172330503831227936e-06
1.071000000000000000e+03 1.172281599343172476e-06
1.072000000000000000e+03 1.172297113799546366e-06
1.073000000000000000e+03 1.172246844118932179e-06
1.074000000000000000e+03 1.172285140752178674e-06
1.075000000000000000e+03 1.172213212603681696e-06
1.076000000000000000e+03 1.172194448794799130e-06
1.077000000000000000e+03 1.172168929298423286e-06
1.078000000000000000e+03 1.172175763245618843e-06
1.079000000000000000e+03 1.172129603287124572e-06
1.080000000000000000e+03 1.172103721811862887e-06
1.081000000000000000e+03 1.172094963907876183e-06
1.082000000000000000e+03 1.172081110076550021e-06
1.083000000000000000e+03 1.172108584852612330e-06
1.084000000000000000e+03 1.172020370427561428e-06
1.085000000000000000e+03 1.171989709330850650e-06
1.086000000000000000e+03 1.171977559996372879e-06
1.087000000000000000e+03 1.171944683743738700e-06
1.088000000000000000e+03 1.171966743042204180e-06
1.089000000000000000e+03 1.171909590883874021e-06
1.090000000000000000e+03 1.171913156325682504e-06
1.091000000000000000e+03 1.171893763092516206e-06
1.092000000000000000e+03 1.171836143936104895e-06
1.093000000000000000e+03 1.171820065586665810e-06
1.094000000000000000e+03 1.171800531540845431e-06
1.095000000000000000e+03 1.171774548331747810e-06
1.096000000000000000e+03 1.171782248542552902e-06
1.097000000000000000e+03 1.171743915136344455e-06
1.098000000000000000e+03 1.171709734589256141e-06
1.099000000000000000e+03 1.171715526708468875e-06
1.100000000000000000e+03 1.171683083265194667e-06
1.101000000000000000e+03 1.171669590391429546e-06
1.102000000000000000e+03 1.171644130170644450e-06
1.103000000000000000e+03 1.171624188497601155e-06
1.104000000000000000e+03 1.171590522737695458e-06
1.105000000000000000e+03 1.171615334037942490e-06
1.106000000000000000e+03 1.171561750262645738e-06
1.107000000000000000e+03 1.171519143261692112e-06
1.108000000000000000e+03 1.171512747990154726e-06
1.109000000000000000e+03 1.171513331713109732e-06
1.110000000000000000e+03 1.171485886196591658e-06
1.111000000000000000e+03 1.171440237599834930e-06
1.112000000000000000e+03 1.171427885218843832e-06
1.113000000000000000e+03 1.171411748062281876e-06
1.114000000000000000e+03 1.171395244960002817e-06
1.115000000000000000e+03 1.171379837488550752e-06
1.116000000000000000e+03 1.171385649615201143e-06
1.117000000000000000e+03 1.171325076451910103e-06
1.118000000000000000e+03 1.171299119695418490e-06
1.119000000000000000e+03 1.171276096298353819e-06
1.120000000000000000e+03 1.171265196343603226e-06
1.121000000000000000e+03 1.171249503318256543e-06
1.122000000000000000e+03 1.171226203278588055e-06
1.123000000000000000e+03 1.171246515974201782e-06
1.124000000000000000e+03 1.171179978470989185e-06
1.125000000000000000e+03 1.171190444014391689e-06
1.126000000000000000e+03 1.171143466564623497e-06
1.127000000000000000e+03 1.171131928002083156e-06
1.128000000000000000e+03 1.171111884686713977e-06
1.129000000000000000e+03 1.171115881816628708e-06
1.130000000000000000e+03 1.171087081605499106e-06
1.131000000000000000e+03 1.171054684633023553e-06
1.132000000000000000e+03 1.171018171355624079e-06
1.133000000000000000e+03 1.171004106540040635e-06
1.134000000000000000e+03 1.170993886729986064e-06
1.135000000000000000e+03 1.170969030205480649e-06
1.136000000000000000e+03 1.170947895212379827e-06
1.137000000000000000e+03 1.170934765164463190e-06
1.138000000000000000e+03 1.170916101504281221e-06
1.139000000000000000e+03 1.170893647505576621e-06
1.140000000000000000e+03 1.170879416585872955e-06
1.141000000000000000e+03 1.170886814514119890e-06
1.142000000000000000e+03 1.170891053688321770e-06
1.143000000000000000e+03 1.170850881164315391e-06
1.144000000000000000e+03 1.170817884422624282e-06
1.145000000000000000e+03 1.170816060645630005e-06
1.146000000000000000e+03 1.170751316496796557e-06
1.147000000000000000e+03 1.170734128606931924e-06
1.148000000000000000e+03 1.170723030700232155e-06
1.149000000000000000e+03 1.170710878520922445e-06
1.150000000000000000e+03 1.170695861126262743e-06
1.151000000000000000e+03 1.170656190834076068e-06
1.152000000000000000e+03 1.170647642701614212e-06
1.153000000000000000e+03 1.170634241775017226e-06
1.154000000000000000e+03 1.170608070658709477e-06
1.155000000000000000e+03 1.170586549977740379e-06
1.156000000000000000e+03 1.170593463962007470e-06
1.157000000000000000e+03 1.170589188712564159e-06
1.158000000000000000e+03 1.170538568456028978e-06
1.159000000000000000e+03 1.170544062772372726e-06
1.160000000000000000e+03 1.170522657633267645e-06
1.161000000000000000e+03 1.170490265148774776e-06
1.162000000000000000e+03 1.170489485694309233e-06
1.163000000000000000e+03 1.170445295540086347e-06
1.164000000000000000e+03 1.170448462296215979e-06
1.165000000000000000e+03 1.170400328984741628e-06
1.166000000000000000e+03 1.170391241603365009e-06
1.167000000000000000e+03 1.170367190754868181e-06
1.168000000000000000e+03 1.170353979024683892e-06
1.169000000000000000e+03 1.170339741678221501e-06
1.170000000000000000e+03 1.170310080434229933e-06
1.171000000000000000e+03 1.170324842807624688e-06
1.172000000000000000e+03 1.170296896248103157e-06
1.173000000000000000e+03 1.170244010808130435e-06
1.174000000000000000e+03 1.170248458114290214e-06
1.175000000000000000e+03 1.170225763096541851e-06
1.176000000000000000e+03 1.170204933807472734e-06
1.177000000000000000e+03 1.170195512553577597e-06
1.178000000000000000e+03 1.170168501162943110e-06
1.179000000000000000e+03 1.170179618858669702e-06
1.180000000000000000e+03 1.170139924914666421e-06
1.181000000000000000e+03 1.170113229152127383e-06
1.182000000000000000e+03 1.170111455140423211e-06
1.183000000000000000e+03 1.170091725124890536e-06
1.184000000000000000e+03 1.170136016290981674e-06
1.185000000000000000e+03 1.170084207907133343e-06
1.186000000000000000e+03 1.170043258370067874e-06
1.187000000000000000e+03 1.170052335625498281e-06
1.188000000000000000e+03 1.170007906713076917e-06
1.189000000000000000e+03 1.169990189216114852e-06
1.190000000000000000e+03 1.169954679632430000e-06
1.191000000000000000e+03 1.169949991494092726e-06
1.192000000000000000e+03 1.169924322075953806e-06
1.193000000000000000e+03 1.169922409814676805e-06
1.194000000000000000e+03 1.169926219917625458e-06
1.195000000000000000e+03 1.169906999507393585e-06
1.196000000000000000e+03 1.169858535014578338e-06
1.197000000000000000e+03 1.169839561590531513e-06
1.198000000000000000e+03 1.169821640566538141e-06
1.199000000000000000e+03 1.169832418569860550e-06
1.200000000000000000e+03 1.169835547383556733e-06
1.201000000000000000e+03 1.169787324216088668e-06
1.202000000000000000e+03 1.169746964657494821e-06
1.203000000000000000e+03 1.169775059725668855e-06
1.204000000000000000e+03 1.169730565820606384e-06
1.205000000000000000e+03 1.169735198196504433e-06
1.206000000000000000e+03 1.169694571888612628e-06
1.207000000000000000e+03 1.169678931599931535e-06
1.208000000000000000e+03 1.169670082356038756e-06
1.209000000000000000e+03 1.169630563809248716e-06
1.210000000000000000e+03 1.169629217438154252e-06
1.211000000000000000e+03 1.169621526872552505e-06
1.212000000000000000e+03 1.169590843222650571e-06
1.213000000000000000e+03 1.169579860106887078e-06
1.214000000000000000e+03 1.169559790010907486e-06
1.215000000000000000e+03 1.169531040734748491e-06
1.216000000000000000e+03 1.169546609312052200e-06
1.217000000000000000e+03 1.169504748942712149e-06
1.218000000000000000e+03 1.169503017270789467e-06
1.219000000000000000e+03 1.169470301546213149e-06
1.220000000000000000e+03 1.169452579242633876e-06
1.221000000000000000e+03 1.169451327078131089e-06
1.222000000000000000e+03 1.169435617469084627e-06
1.223000000000000000e+03 1.169447816067364529e-06
1.224000000000000000e+03 1.169400019649227188e-06
1.225000000000000000e+03 1.169380061733332078e-06
1.226000000000000000e+03 1.169352562400939500e-06
1.227000000000000000e+03 1.169334135191016326e-06
1.228000000000000000e+03 1.169331634450836622e-06
1.229000000000000000e+03 1.169356012946664426e-06
1.230000000000000000e+03 1.169350642155215689e-06
1.231000000000000000e+03 1.169283492454845059e-06
1.232000000000000000e+03 1.169259328344811469e-06
1.233000000000000000e+03 1.169250394570928600e-06
1.234000000000000000e+03 1.169233831927484953e-06
1.235000000000000000e+03 1.169228370633638201e-06
1.236000000000000000e+03 1.169193089497380061e-06
1.237000000000000000e+03 1.169189355587082551e-06
1.238000000000000000e+03 1.169163919792456970e-06
1.239000000000000000e+03 1.169163684738007040e-06
1.240000000000000000e+03 1.169159194378153369e-06
1.241000000000000000e+03 1.169119920088431726e-06
1.242000000000000000e+03 1.169097553264314590e-06
1.243000000000000000e+03 1.169108116060107324e-06
1.244000000000000000e+03 1.169105502779056442e-06
1.245000000000000000e+03 1.169077366803096301e-06
1.246000000000000000e+03 1.169057244935107932e-06
1.247000000000000000e+03 1.169036788681397335e-06
1.248000000000000000e+03 1.169016278324977233e-06
1.249000000000000000e+03 1.168992647860943830e-06
1.250000000000000000e+03 1.168978169506502043e-06
1.251000000000000000e+03 1.168958594095711429e-06
1.252000000000000000e+03 1.168974628991109888e-06
1.253000000000000000e+03 1.168936225251683507e-06
1.254000000000000000e+03 1.168921424555295469e-06
1.255000000000000000e+03 1.168925135377762460e-06
1.256000000000000000e+03 1.168903595492258024e-06
1.257000000000000000e+03 1.168867982315469635e-06
1.258000000000000000e+03 1.168873487898971320e-06
1.259000000000000000e+03 1.168849117492157814e-06
1.260000000000000000e+03 1.168832479405738851e-06
1.261000000000000000e+03 1.168817818664164231e-06
1.262000000000000000e+03 1.168805405375150207e-06
1.263000000000000000e+03 1.168806764759174994e-06
1.264000000000000000e+03 1.168765646889410467e-06
1.265000000000000000e+03 1.168769678918254918e-06
1.266000000000000000e+03 1.168740971536949217e-06
1.267000000000000000e+03 1.168730889778020150e-06
1.268000000000000000e+03 1.168728989348886461e-06
1.269000000000000000e+03 1.168708116114245193e-06
1.270000000000000000e+03 1.168680786536870975e-06
1.271000000000000000e+03 1.168668770054374361e-06
1.272000000000000000e+03 1.168663731039292765e-06
1.273000000000000000e+03 1.168638838832445327e-06
1.274000000000000000e+03 1.168627982272516745e-06
1.275000000000000000e+03 1.168616006384676581e-06
1.276000000000000000e+03 1.168606368917304641e-06
1.277000000000000000e+03 1.168583404803075391e-06
1.278000000000000000e+03 1.168565924679927930e-06
1.279000000000000000e+03 1.168575424989105277e-06
1.280000000000000000e+03 1.168542263539653383e-06
1.281000000000000000e+03 1.168580309477737126e-06
1.282000000000000000e+03 1.168525386231085292e-06
1.283000000000000000e+03 1.168517407015646023e-06
1.284000000000000000e+03 1.168492644250340282e-06
1.285000000000000000e+03 1.168470779302693259e-06
1.286000000000000000e+03 1.168462141507296826e-06
1.287000000000000000e+03 1.168451885232314634e-06
1.288000000000000000e+03 1.168424579191524754e-06
1.289000000000000000e+03 1.168416593848478256e-06
1.290000000000000000e+03 1.168417032164466333e-06
1.291000000000000000e+03 1.168388624920901136e-06
1.292000000000000000e+03 1.168369833133421509e-06
1.293000000000000000e+03 1.168354188473752464e-06
1.294000000000000000e+03 1.168361844688428973e-06
1.295000000000000000e+03 1.168324296950784043e-06
1.296000000000000000e+03 1.168325495624743494e-06
1.297000000000000000e+03 1.168314772825650987e-06
1.298000000000000000e+03 1.168284795326352166e-06
1.299000000000000000e+03 1.168270594319251750e-06
1.300000000000000000e+03 1.168273886734347528e-06
1.301000000000000000e+03 1.168264540181724366e-06
1.302000000000000000e+03 1.168230155015724431e-06
1.303000000000000000e+03 1.168238764127961585e-06
1.304000000000000000e+03 1.168211446691431838e-06
1.305000000000000000e+03 1.168218184943619259e-06
1.306000000000000000e+03 1.168178435328573513e-06
1.307000000000000000e+03 1.168198905015420701e-06
1.308000000000000000e+03 1.168193934218445255e-06
1.309000000000000000e+03 1.168152247973193409e-06
1.310000000000000000e+03 1.168131074370642503e-06
1.311000000000000000e+03 1.168110802780471927e-06
1.312000000000000000e+03 1.168097546382595971e-06
1.313000000000000000e+03 1.168095255815890858e-06
1.314000000000000000e+03 1.168068548597643714e-06
1.315000000000000000e+03 1.168054881227675473e-06
1.316000000000000000e+03 1.168054132943685482e-06
1.317000000000000000e+03 1.168026233880720352e-06
1.318000000000000000e+03 1.168043443146923388e-06
1.319000000000000000e+03 1.168025809518499997e-06
1.320000000000000000e+03 1.167990989506122627e-06
1.321000000000000000e+03 1.167988817320250096e-06
1.322000000000000000e+03 1.167966437248460586e-06
1.323000000000000000e+03 1.167952570400623692e-06
1.324000000000000000e+03 1.167945664448417251e-06
1.325000000000000000e+03 1.167926477920511449e-06
1.326000000000000000e+03 1.167923799874874399e-06
1.327000000000000000e+03 1.167898065940733364e-06
1.328000000000000000e+03 1.167885762174677983e-06
1.329000000000000000e+03 1.167872699958656258e-06
1.330000000000000000e+03 1.167871108370387904e-06
1.331000000000000000e+03 1.167848970351462598e-06
1.332000000000000000e+03 1.167832745958367541e-06
1.333000000000000000e+03 1.167822383734833322e-06
1.334000000000000000e+03 1.167804117970775640e-06
1.335000000000000000e+03 1.167794399584656206e-06
1.336000000000000000e+03 1.167784320758623400e-06
1.337000000000000000e+03 1.167765706023384642e-06
1.338000000000000000e+03 1.167758773194700811e-06
1.339000000000000000e+03 1.167751603597636539e-06
1.340000000000000000e+03 1.167749609461438902e-06
1.341000000000000000e+03 1.167711618624742344e-06
1.342000000000000000e+03 1.167717065030104634e-06
1.343000000000000000e+03 1.167700465038267625e-06
1.344000000000000000e+03 1.167678466662886798e-06
1.345000000000000000e+03 1.167671954426873233e-06
1.346000000000000000e+03 1.167665850054225627e-06
1.347000000000000000e+03 1.167665172104864938e-06
1.348000000000000000e+03 1.167646156178011368e-06
1.349000000000000000e+03 1.167652199125435190e-06
1.350000000000000000e+03 1.167631865241889445e-06
1.351000000000000000e+03 1.167604929669541679e-06
1.352000000000000000e+03 1.167576552002818624e-06
1.353000000000000000e+03 1.167563881407254715e-06
1.354000000000000000e+03 1.167565750632618105e-06
1.355000000000000000e+03 1.167552348560789164e-06
1.356000000000000000e+03 1.167528491219512352e-06
1.357000000000000000e+03 1.167520413331102722e-06
1.358000000000000000e+03 1.167528361024278198e-06
1.359000000000000000e+03 1.167487458207294450e-06
1.360000000000000000e+03 1.167494323484993376e-06
1.361000000000000000e+03 1.167476902386991891e-06
1.362000000000000000e+03 1.167458928850768709e-06
1.363000000000000000e+03 1.167448951250395269e-06
1.364000000000000000e+03 1.167430418126060366e-06
1.365000000000000000e+03 1.167420368045237507e-06
1.366000000000000000e+03 1.167428605150565758e-06
1.367000000000000000e+03 1.167425341935008071e-06
1.368000000000000000e+03 1.167377394988439153e-06
1.369000000000000000e+03 1.167372329167062355e-06
1.370000000000000000e+03 1.167360307485438758e-06
1.371000000000000000e+03 1.167365007855648381e-06
1.372000000000000000e+03 1.167329738819157636e-06
1.373000000000000000e+03 1.167336834741573559e-06
1.374000000000000000e+03 1.167304902878462764e-06
1.375000000000000000e+03 1.167300616137530769e-06
1.376000000000000000e+03 1.167279425124022603e-06
1.377000000000000000e+03 1.167275694710360109e-06
1.378000000000000000e+03 1.167259213792957294e-06
1.379000000000000000e+03 1.167250918033376560e-06
1.380000000000000000e+03 1.167236336628180292e-06
1.381000000000000000e+03 1.167231382064803037e-06
1.382000000000000000e+03 1.167213163004518729e-06
1.383000000000000000e+03 1.167207643154623013e-06
1.384000000000000000e+03 1.167225668782608428e-06
1.385000000000000000e+03 1.167174239539498432e-06
1.386000000000000000e+03 1.167176865595947033e-06
1.387000000000000000e+03 1.167153044441041317e-06
1.388000000000000000e+03 1.167151126064622235e-06
1.389000000000000000e+03 1.167128719915974131e-06
1.390000000000000000e+03 1.167115601116676421e-06
1.391000000000000000e+03 1.167111997155894526e-06
1.392000000000000000e+03 1.167106304397677111e-06
1.393000000000000000e+03 1.167094113413707562e-06
1.394000000000000000e+03 1.167069278305996749e-06
1.395000000000000000e+03 1.167065998754403246e-06
1.396000000000000000e+03 1.167048551880675451e-06
1.397000000000000000e+03 1.167035734447622432e-06
1.398000000000000000e+03 1.167029942970368981e-06
1.399000000000000000e+03 1.167021737288599774e-06
1.400000000000000000e+03 1.167023323260177619e-06
1.401000000000000000e+03 1.166988298269591439e-06
1.402000000000000000e+03 1.166982689728387770e-06
1.403000000000000000e+03 1.166972925582024445e-06
1.404000000000000000e+03 1.166957966971073718e-06
1.405000000000000000e+03 1.166942663049156569e-06
1.406000000000000000e+03 1.166947287111686491e-06
1.407000000000000000e+03 1.166927497447569993e-06
1.408000000000000000e+03 1.166925074154483886e-06
1.409000000000000000e+03 1.166905489954535093e-06
1.410000000000000000e+03 1.166887258212401288e-06
1.411000000000000000e+03 1.166883722255850781e-06
1.412000000000000000e+03 1.166868113489495738e-06
1.413000000000000000e+03 1.166865112385594672e-06
1.414000000000000000e+03 1.166842457736485146e-06
1.415000000000000000e+03 1.166834436735053469e-06
1.416000000000000000e+03 1.166856400809343817e-06
1.417000000000000000e+03 1.166815576867845137e-06
1.418000000000000000e+03 1.166815920617933549e-06
1.419000000000000000e+03 1.166801212274497062e-06
1.420000000000000000e+03 1.166803521291272773e-06
1.421000000000000000e+03 1.166787112700775173e-06
1.422000000000000000e+03 1.166777594307873636e-06
1.423000000000000000e+03 1.166753188170203872e-06
1.424000000000000000e+03 1.166734111640472478e-06
1.425000000000000000e+03 1.166730714367271172e-06
1.426000000000000000e+03 1.166713564133342105e-06
1.427000000000000000e+03 1.166704537722381069e-06
1.428000000000000000e+03 1.166712516677460622e-06
1.429000000000000000e+03 1.166692450577497237e-06
1.430000000000000000e+03 1.166679484800162481e-06
1.431000000000000000e+03 1.166663818517363091e-06
1.432000000000000000e+03 1.166650241138760734e-06
1.433000000000000000e+03 1.166644258781002716e-06
1.434000000000000000e+03 1.166625839212736565e-06
1.435000000000000000e+03 1.166617652739105339e-06
1.436000000000000000e+03 1.166614076657837131e-06
1.437000000000000000e+03 1.166594968153733450e-06
1.438000000000000000e+03 1.166589299290383452e-06
1.439000000000000000e+03 1.166576501177889804e-06
1.440000000000000000e+03 1.166564927334412119e-06
1.441000000000000000e+03 1.166555229722766533e-06
1.442000000000000000e+03 1.166546176699464957e-06
1.443000000000000000e+03 1.166539670228465415e-06
1.444000000000000000e+03 1.166527127445938929e-06
1.445000000000000000e+03 1.166518659898748331e-06
1.446000000000000000e+03 1.166504676526939823e-06
1.447000000000000000e+03 1.166493560671214009e-06
1.448000000000000000e+03 1.166489947825708712e-06
1.449000000000000000e+03 1.166470001812155617e-06
1.450000000000000000e+03 1.166461744813931010e-06
1.451000000000000000e+03 1.166460167983427487e-06
1.452000000000000000e+03 1.166451335678486246e-06
1.453000000000000000e+03 1.166438276290543419e-06
1.454000000000000000e+03 1.166426755056889834e-06
1.455000000000000000e+03 1.166413319102612426e-06
1.456000000000000000e+03 1.166406785750558341e-06
1.457000000000000000e+03 1.166399940627243524e-06
1.458000000000000000e+03 1.166381808243792216e-06
1.459000000000000000e+03 1.166395784757337368e-06
1.460000000000000000e+03 1.166364042418367540e-06
1.461000000000000000e+03 1.166355953377498610e-06
1.462000000000000000e+03 1.166371744527908369e-06
1.463000000000000000e+03 1.166333375671112465e-06
1.464000000000000000e+03 1.166318344130056409e-06
1.465000000000000000e+03 1.166307905046632277e-06
1.466000000000000000e+03 1.166299863000564535e-06
1.467000000000000000e+03 1.166293887650629633e-06
1.468000000000000000e+03 1.166298489055793087e-06
1.469000000000000000e+03 1.166330964835292904e-06
1.470000000000000000e+03 1.166257690111489865e-06
1.471000000000000000e+03 1.166251500274263755e-06
1.472000000000000000e+03 1.166243701710331542e-06
1.473000000000000000e+03 1.166237443686074381e-06
1.474000000000000000e+03 1.166226029795606642e-06
1.475000000000000000e+03 1.166217636714044934e-06
1.476000000000000000e+03 1.166244510282941663e-06
1.477000000000000000e+03 1.166188998721865678e-06
1.478000000000000000e+03 1.166186800877872068e-06
1.479000000000000000e+03 1.166175505309698040e-06
1.480000000000000000e+03 1.166160655286468715e-06
1.481000000000000000e+03 1.166169161948841854e-06
1.482000000000000000e+03 1.166159463519661455e-06
1.483000000000000000e+03 1.166133852611089297e-06
1.484000000000000000e+03 1.166134637905891056e-06
1.485000000000000000e+03 1.166126041899974901e-06
1.486000000000000000e+03 1.166112609585384727e-06
1.487000000000000000e+03 1.166108718238690721e-06
1.488000000000000000e+03 1.166096227435532607e-06
1.489000000000000000e+03 1.166080349308413503e-06
1.490000000000000000e+03 1.166074221601746735e-06
1.491000000000000000e+03 1.166058375972595452e-06
1.492000000000000000e+03 1.166055541007598863e-06
1.493000000000000000e+03 1.166042273851094117e-06
1.494000000000000000e+03 1.166037633135759020e-06
1.495000000000000000e+03 1.166020682655598413e-06
1.496000000000000000e+03 1.166021438614369497e-06
1.497000000000000000e+03 1.166007239559858748e-06
1.498000000000000000e+03 1.166012346654007728e-06
1.499000000000000000e+03 1.165995365943652891e-06
1.500000000000000000e+03 1.165991632353325889e-06
1.501000000000000000e+03 1.165978354873067538e-06
1.502000000000000000e+03 1.165974562622617268e-06
1.503000000000000000e+03 1.165958449995537389e-06
1.504000000000000000e+03 1.165953424613669614e-06
1.505000000000000000e+03 1.165941944145206045e-06
1.506000000000000000e+03 1.165923403620085937e-06
1.507000000000000000e+03 1.165918829203036909e-06
1.508000000000000000e+03 1.165906658843895262e-06
1.509000000000000000e+03 1.165898959507219489e-06
1.510000000000000000e+03 1.165890349826116489e-06
1.511000000000000000e+03 1.165872392649815452e-06
1.512000000000000000e+03 1.165868634835963780e-06
1.513000000000000000e+03 1.165860989624549764e-06
1.514000000000000000e+03 1.165849181554604690e-06
1.515000000000000000e+03 1.165839169447335059e-06
1.516000000000000000e+03 1.165841245590146203e-06
1.517000000000000000e+03 1.165823618752274777e-06
1.518000000000000000e+03 1.165822483977153143e-06
1.519000000000000000e+03 1.165804877921074989e-06
1.520000000000000000e+03 1.165802284593554682e-06
1.521000000000000000e+03 1.165790294770508675e-06
1.522000000000000000e+03 1.165790210202846159e-06
1.523000000000000000e+03 1.165773133197515350e-06
1.524000000000000000e+03 1.165768004683348384e-06
1.525000000000000000e+03 1.165761175616407268e-06
1.526000000000000000e+03 1.165743700179606596e-06
1.527000000000000000e+03 1.165737994881952818e-06
1.528000000000000000e+03 1.165731663683774223e-06
1.529000000000000000e+03 1.165715845059100137e-06
1.530000000000000000e+03 1.165717178557913252e-06
1.531000000000000000e+03 1.165706276149750784e-06
1.532000000000000000e+03 1.165701253070985287e-06
1.533000000000000000e+03 1.165688450302199061e-06
1.534000000000000000e+03 1.165674140538800534e-06
1.535000000000000000e+03 1.165664482906651602e-06
1.536000000000000000e+03 1.165663997852344549e-06
1.537000000000000000e+03 1.165671435784979260e-06
1.538000000000000000e+03 1.165654088371388390e-06
1.539000000000000000e+03 1.165640422715292003e-06
1.540000000000000000e+03 1.165622851985373224e-06
1.541000000000000000e+03 1.165616386966005339e-06
1.542000000000000000e+03 1.165605630974642904e-06
1.543000000000000000e+03 1.165594168917868753e-06
1.544000000000000000e+03 1.165590624887711900e-06
1.545000000000000000e+03 1.165583752651933986e-06
1.546000000000000000e+03 1.165586467427872809e-06
1.547000000000000000e+03 1.165561607086219135e-06
1.548000000000000000e+03 1.165556172576652142e-06
1.549000000000000000e+03 1.165546814761506430e-06
1.550000000000000000e+03 1.165541427501200547e-06
1.551000000000000000e+03 1.165555584459952163e-06
1.552000000000000000e+03 1.165541614715112514e-06
1.553000000000000000e+03 1.165517079143964594e-06
1.554000000000000000e+03 1.165502403098837134e-06
1.555000000000000000e+03 1.165504852710822557e-06
1.556000000000000000e+03 1.165488999314075487e-06
1.557000000000000000e+03 1.165492943651978648e-06
1.558000000000000000e+03 1.165490562529672747e-06
1.559000000000000000e+03 1.165486747953237321e-06
1.560000000000000000e+03 1.165460349233618626e-06
1.561000000000000000e+03 1.165450070894850537e-06
1.562000000000000000e+03 1.165447888350044371e-06
1.563000000000000000e+03 1.165445347481049869e-06
1.564000000000000000e+03 1.165433437851894018e-06
1.565000000000000000e+03 1.165420111459766620e-06
1.566000000000000000e+03 1.165424419661683350e-06
1.567000000000000000e+03 1.165404479196842557e-06
1.568000000000000000e+03 1.165392003886644015e-06
1.569000000000000000e+03 1.165385728985822045e-06
1.570000000000000000e+03 1.165376873641480454e-06
1.571000000000000000e+03 1.165373587935036813e-06
1.572000000000000000e+03 1.165359367683543499e-06
1.573000000000000000e+03 1.165357804332205609e-06
1.574000000000000000e+03 1.165340068001852845e-06
1.575000000000000000e+03 1.165346936336848796e-06
1.576000000000000000e+03 1.165330981230891578e-06
1.577000000000000000e+03 1.165326734733528287e-06
1.578000000000000000e+03 1.165314282091582703e-06
1.579000000000000000e+03 1.165308409539813458e-06
1.580000000000000000e+03 1.165305274126481666e-06
1.581000000000000000e+03 1.165296180494015025e-06
1.582000000000000000e+03 1.165278583879764852e-06
1.583000000000000000e+03 1.165278528752448507e-06
1.584000000000000000e+03 1.165289236829320650e-06
1.585000000000000000e+03 1.165258944509186048e-06
1.586000000000000000e+03 1.165257885424933663e-06
1.587000000000000000e+03 1.165236967047081512e-06
1.588000000000000000e+03 1.165230058068606344e-06
1.589000000000000000e+03 1.165223640711058824e-06
1.590000000000000000e+03 1.165236157780625835e-06
1.591000000000000000e+03 1.165206541045695722e-06
1.592000000000000000e+03 1.165212563619547660e-06
1.593000000000000000e+03 1.165199176473058855e-06
1.594000000000000000e+03 1.165203815120123089e-06
1.595000000000000000e+03 1.165177764620017421e-06
1.596000000000000000e+03 1.165174712386207680e-06
1.597000000000000000e+03 1.165165975557700265e-06
1.598000000000000000e+03 1.165163067858365236e-06
1.599000000000000000e+03 1.165150404191067932e-06
1.600000000000000000e+03 1.165141107627999129e-06
1.601000000000000000e+03 1.165132984087015565e-06
1.602000000000000000e+03 1.165124966923236063e-06
1.603000000000000000e+03 1.165121717210306185e-06
1.604000000000000000e+03 1.165114505676306964e-06
1.605000000000000000e+03 1.165107462835869940e-06
1.606000000000000000e+03 1.165105496857125876e-06
1.607000000000000000e+03 1.165099940210121416e-06
1.608000000000000000e+03 1.165076753230040730e-06
1.609000000000000000e+03 1.165075124199367040e-06
1.610000000000000000e+03 1.165073267362347760e-06
1.611000000000000000e+03 1.165056958732857784e-06
1.612000000000000000e+03 1.165062748823793163e-06
1.613000000000000000e+03 1.165052425991592860e-06
1.614000000000000000e+03 1.165037371146914266e-06
1.615000000000000000e+03 1.165038067210691172e-06
1.616000000000000000e+03 1.165034742812125548e-06
1.617000000000000000e+03 1.165013251066800580e-06
1.618000000000000000e+03 1.165019378102908845e-06
1.619000000000000000e+03 1.164999417222144309e-06
1.620000000000000000e+03 1.164988365315480495e-06
1.621000000000000000e+03 1.164983317552705524e-06
1.622000000000000000e+03 1.164980533100159602e-06
1.623000000000000000e+03 1.164969293052349136e-06
1.624000000000000000e+03 1.164966961675049653e-06
1.625000000000000000e+03 1.164955460039016315e-06
1.626000000000000000e+03 1.164942949264848043e-06
1.627000000000000000e+03 1.164946291792820461e-06
1.628000000000000000e+03 1.164933066526091046e-06
1.629000000000000000e+03 1.164928521161544083e-06
1.630000000000000000e+03 1.164918955673250902e-06
1.631000000000000000e+03 1.164920482818113158e-06
1.632000000000000000e+03 1.164903510327141577e-06
1.633000000000000000e+03 1.164897936401690750e-06
1.634000000000000000e+03 1.164896489856025609e-06
1.635000000000000000e+03 1.164893413135160402e-06
1.636000000000000000e+03 1.164887887948857169e-06
1.637000000000000000e+03 1.164885932110559251e-06
1.638000000000000000e+03 1.164865127598581117e-06
1.639000000000000000e+03 1.164857507595457146e-06
1.640000000000000000e+03 1.164855001675833600e-06
1.641000000000000000e+03 1.164838778169011774e-06
1.642000000000000000e+03 1.164835858772509827e-06
1.643000000000000000e+03 1.164832285263814088e-06
1.644000000000000000e+03 1.164820840193112554e-06
1.645000000000000000e+03 1.164809394198617405e-06
1.646000000000000000e+03 1.164811632197031831e-06
1.647000000000000000e+03 1.164801386022919017e-06
1.648000000000000000e+03 1.164790941206686324e-06
1.649000000000000000e+03 1.164790860801404698e-06
1.650000000000000000e+03 1.164783726105546123e-06
1.651000000000000000e+03 1.164781564225030489e-06
1.652000000000000000e+03 1.164779171468190251e-06
1.653000000000000000e+03 1.164755591598252597e-06
1.654000000000000000e+03 1.164768877400584244e-06
1.655000000000000000e+03 1.164748860093832025e-06
1.656000000000000000e+03 1.164736638061456230e-06
1.657000000000000000e+03 1.164747035351396583e-06
1.658000000000000000e+03 1.164723539283909763e-06
1.659000000000000000e+03 1.164713154259303584e-06
1.660000000000000000e+03 1.164713959980969787e-06
1.661000000000000000e+03 1.164708485590442542e-06
1.662000000000000000e+03 1.164700554132039458e-06
1.663000000000000000e+03 1.164694421560549072e-06
1.664000000000000000e+03 1.164683396635597173e-06
1.665000000000000000e+03 1.164682498535753719e-06
1.666000000000000000e+03 1.164668670604051070e-06
1.667000000000000000e+03 1.164668670038465783e-06
1.668000000000000000e+03 1.164658863655416948e-06
1.669000000000000000e+03 1.164647662783284115e-06
1.670000000000000000e+03 1.164647616693451022e-06
1.671000000000000000e+03 1.164637979180436711e-06
1.672000000000000000e+03 1.164627487122222735e-06
1.673000000000000000e+03 1.164623404629290021e-06
1.674000000000000000e+03 1.164613889132733156e-06
1.675000000000000000e+03 1.164608499542574636e-06
1.676000000000000000e+03 1.164601373232524775e-06
1.677000000000000000e+03 1.164595633743388064e-06
1.678000000000000000e+03 1.164596577787661242e-06
1.679000000000000000e+03 1.164581272186503604e-06
1.680000000000000000e+03 1.164580095344606398e-06
1.681000000000000000e+03 1.164567516656657575e-06
1.682000000000000000e+03 1.164563218643354790e-06
1.683000000000000000e+03 1.164563741224652525e-06
1.684000000000000000e+03 1.164553298678761628e-06
1.685000000000000000e+03 1.164559041173323067e-06
1.686000000000000000e+03 1.164538013797865612e-06
1.687000000000000000e+03 1.164530719776117629e-06
1.688000000000000000e+03 1.164523577690575275e-06
1.689000000000000000e+03 1.164517242144249819e-06
1.690000000000000000e+03 1.164528715579515071e-06
1.691000000000000000e+03 1.164499991764699544e-06
1.692000000000000000e+03 1.164510163229639683e-06
1.693000000000000000e+03 1.164490309650301634e-06
1.694000000000000000e+03 1.164507254463751685e-06
1.695000000000000000e+03 1.164487247536895896e-06
1.696000000000000000e+03 1.164485282683989063e-06
1.697000000000000000e+03 1.164471747227158919e-06
1.698000000000000000e+03 1.164462076771769093e-06
1.699000000000000000e+03 1.164457375401545808e-06
1.700000000000000000e+03 1.164449814304670646e-06
1.701000000000000000e+03 1.164458724171624350e-06
1.702000000000000000e+03 1.164441445314858787e-06
1.703000000000000000e+03 1.164430484292853873e-06
1.704000000000000000e+03 1.164427024749026586e-06
1.705000000000000000e+03 1.164437681076981340e-06
1.706000000000000000e+03 1.164412110155670587e-06
1.707000000000000000e+03 1.164402025822596958e-06
1.708000000000000000e+03 1.164402116587442413e-06
1.709000000000000000e+03 1.164391382186818301e-06
1.710000000000000000e+03 1.164386140916496359e-06
1.711000000000000000e+03 1.164380105873159002e-06
1.712000000000000000e+03 1.164375072828414970e-06
1.713000000000000000e+03 1.164369508406410807e-06
1.714000000000000000e+03 1.164369964095633532e-06
1.715000000000000000e+03 1.164368231033752018e-06
1.716000000000000000e+03 1.164349425525965161e-06
1.717000000000000000e+03 1.164341623525966505e-06
1.718000000000000000e+03 1.164351041514328978e-06
1.719000000000000000e+03 1.164337298533981641e-06
1.720000000000000000e+03 1.164326096014426265e-06
1.721000000000000000e+03 1.164320748509419696e-06
1.722000000000000000e+03 1.164323729856896236e-06
1.723000000000000000e+03 1.164312062571483749e-06
1.724000000000000000e+03 1.164306864546375990e-06
1.725000000000000000e+03 1.164302219101919576e-06
1.726000000000000000e+03 1.164290588047223748e-06
1.727000000000000000e+03 1.164283612488668627e-06
1.728000000000000000e+03 1.164281654270461814e-06
1.729000000000000000e+03 1.164270895761394104e-06
1.730000000000000000e+03 1.164269285540317112e-06
1.731000000000000000e+03 1.164259614996496199e-06
1.732000000000000000e+03 1.164253805281123086e-06
1.733000000000000000e+03 1.164262597060398923e-06
1.734000000000000000e+03 1.164248335898509794e-06
1.735000000000000000e+03 1.164235451950993500e-06
1.736000000000000000e+03 1.164235214857017194e-06
1.737000000000000000e+03 1.164231117071561915e-06
1.738000000000000000e+03 1.164219934192918640e-06
1.739000000000000000e+03 1.164220302200807969e-06
1.740000000000000000e+03 1.164216371514481668e-06
1.741000000000000000e+03 1.164207978790097237e-06
1.742000000000000000e+03 1.164199071956285719e-06
1.743000000000000000e+03 1.164192084959718703e-06
1.744000000000000000e+03 1.164185605758960569e-06
1.745000000000000000e+03 1.164182702795013419e-06
1.746000000000000000e+03 1.164181727126178585e-06
1.747000000000000000e+03 1.164168871406763918e-06
1.748000000000000000e+03 1.164167995695661655e-06
1.749000000000000000e+03 1.164155695077851980e-06
1.750000000000000000e+03 1.164154452382676100e-06
1.751000000000000000e+03 1.164146938193719203e-06
1.752000000000000000e+03 1.164139059505891826e-06
1.753000000000000000e+03 1.164147975647579206e-06
1.754000000000000000e+03 1.164126054814016094e-06
1.755000000000000000e+03 1.164129397625886216e-06
1.756000000000000000e+03 1.164120895181977923e-06
1.757000000000000000e+03 1.164114636755470534e-06
1.758000000000000000e+03 1.164112601537296793e-06
1.759000000000000000e+03 1.164104304519546237e-06
1.760000000000000000e+03 1.164093635212075551e-06
1.761000000000000000e+03 1.164094277461969116e-06
1.762000000000000000e+03 1.164087226653556685e-06
1.763000000000000000e+03 1.164084324000328325e-06
1.764000000000000000e+03 1.164074623472404418e-06
1.765000000000000000e+03 1.164070185310143182e-06
1.766000000000000000e+03 1.164064731716308306e-06
1.767000000000000000e+03 1.164063198299694990e-06
1.768000000000000000e+03 1.164053133259488895e-06
1.769000000000000000e+03 1.164048219363165054e-06
1.770000000000000000e+03 1.164039935411397671e-06
1.771000000000000000e+03 1.164041795086047840e-06
1.772000000000000000e+03 1.164033666538510023e-06
1.773000000000000000e+03 1.164028421154385589e-06
1.774000000000000000e+03 1.164025170672285422e-06
1.775000000000000000e+03 1.164018659206006694e-06
1.776000000000000000e+03 1.164009475135001971e-06
1.777000000000000000e+03 1.164002939836054515e-06
1.778000000000000000e+03 1.164003395922724792e-06
1.779000000000000000e+03 1.163995110561189440e-06
1.780000000000000000e+03 1.163999120268801013e-06
1.781000000000000000e+03 1.163980201745127537e-06
1.782000000000000000e+03 1.163976651218789350e-06
1.783000000000000000e+03 1.163977785191601800e-06
1.784000000000000000e+03 1.163984780842992441e-06
1.785000000000000000e+03 1.163970238524300930e-06
1.786000000000000000e+03 1.163961564476040468e-06
1.787000000000000000e+03 1.163949564445013108e-06
1.788000000000000000e+03 1.163948190649330893e-06
1.789000000000000000e+03 1.163942571370490664e-06
1.790000000000000000e+03 1.163934011351568872e-06
1.791000000000000000e+03 1.163934783700600915e-06
1.792000000000000000e+03 1.163926855895222657e-06
1.793000000000000000e+03 1.163921964850116399e-06
1.794000000000000000e+03 1.163914812510642425e-06
1.795000000000000000e+03 1.163909717049891276e-06
1.796000000000000000e+03 1.163907548823155138e-06
1.797000000000000000e+03 1.163904193018160230e-06
1.798000000000000000e+03 1.163892755681631834e-06
1.799000000000000000e+03 1.163889657377771243e-06
1.800000000000000000e+03 1.163891731987085141e-06
1.801000000000000000e+03 1.163879330677169564e-06
1.802000000000000000e+03 1.163876795099837640e-06
1.803000000000000000e+03 1.163867148550948805e-06
1.804000000000000000e+03 1.163869571813737813e-06
1.805000000000000000e+03 1.163857372197431670e-06
1.806000000000000000e+03 1.163862524180850843e-06
1.807000000000000000e+03 1.163848935234748548e-06
1.808000000000000000e+03 1.163842875868344056e-06
1.809000000000000000e+03 1.163840640327123717e-06
1.810000000000000000e+03 1.163832990470619135e-06
1.811000000000000000e+03 1.163830608756787776e-06
1.812000000000000000e+03 1.163821684415716222e-06
1.813000000000000000e+03 1.163818408927896056e-06
1.814000000000000000e+03 1.163819362526396794e-06
1.815000000000000000e+03 1.163811774240989258e-06
1.816000000000000000e+03 1.163805396747119341e-06
1.817000000000000000e+03 1.163800668685404522e-06
1.818000000000000000e+03 1.163793180997120636e-06
1.819000000000000000e+03 1.163791898701868676e-06
1.820000000000000000e+03 1.163790103443321769e-06
1.821000000000000000e+03 1.163787278670612495e-06
1.822000000000000000e+03 1.163775818781948556e-06
1.823000000000000000e+03 1.163771837347414366e-06
1.824000000000000000e+03 1.163765622518797938e-06
1.825000000000000000e+03 1.163770755698163608e-06
1.826000000000000000e+03 1.163753894517281769e-06
1.827000000000000000e+03 1.163749495977679358e-06
1.828000000000000000e+03 1.163745195969503868e-06
1.829000000000000000e+03 1.163742448202214084e-06
1.830000000000000000e+03 1.163735435409934169e-06
1.831000000000000000e+03 1.163732588295534689e-06
1.832000000000000000e+03 1.163729891684896316e-06
1.833000000000000000e+03 1.163722741131917954e-06
1.834000000000000000e+03 1.163725119552147672e-06
1.835000000000000000e+03 1.163713852660441151e-06
1.836000000000000000e+03 1.163709023619782463e-06
1.837000000000000000e+03 1.163702274558293989e-06
1.838000000000000000e+03 1.163696410651195408e-06
1.839000000000000000e+03 1.163691830447048512e-06
1.840000000000000000e+03 1.163690714902676827e-06
1.841000000000000000e+03 1.163685629010002863e-06
1.842000000000000000e+03 1.163680724448073157e-06
1.843000000000000000e+03 1.163675905846088846e-06
1.844000000000000000e+03 1.163679034597241599e-06
1.845000000000000000e+03 1.163668312851171135e-06
1.846000000000000000e+03 1.163658072449175563e-06
1.847000000000000000e+03 1.163658971294895055e-06
1.848000000000000000e+03 1.163651822015569007e-06
1.849000000000000000e+03 1.163650394555992235e-06
1.850000000000000000e+03 1.163642180490523003e-06
1.851000000000000000e+03 1.163640256765209020e-06
1.852000000000000000e+03 1.163651503414736891e-06
1.853000000000000000e+03 1.163626263738217637e-06
1.854000000000000000e+03 1.163627990365474665e-06
1.855000000000000000e+03 1.163620581990124529e-06
1.856000000000000000e+03 1.163617284452221131e-06
1.857000000000000000e+03 1.163613913923144080e-06
1.858000000000000000e+03 1.163610295973926251e-06
1.859000000000000000e+03 1.163604638970338557e-06
1.860000000000000000e+03 1.163597161636199818e-06
1.861000000000000000e+03 1.163590053245197178e-06
1.862000000000000000e+03 1.163590352960331557e-06
1.863000000000000000e+03 1.163582667253354841e-06
1.864000000000000000e+03 1.163588264233216289e-06
1.865000000000000000e+03 1.163573792188088510e-06
1.866000000000000000e+03 1.163571148429797770e-06
1.867000000000000000e+03 1.163565112101596347e-06
1.868000000000000000e+03 1.163561992359969042e-06
1.869000000000000000e+03 1.163555636591838831e-06
1.870000000000000000e+03 1.163553753373617784e-06
1.871000000000000000e+03 1.163547512333041431e-06
1.872000000000000000e+03 1.163542677431043921e-06
1.873000000000000000e+03 1.163539943733185267e-06
1.874000000000000000e+03 1.163537024921501337e-06
1.875000000000000000e+03 1.163530230453534187e-06
1.876000000000000000e+03 1.163528021690853265e-06
1.877000000000000000e+03 1.163521443471076446e-06
1.878000000000000000e+03 1.163516794700788999e-06
1.879000000000000000e+03 1.163525305823636368e-06
1.880000000000000000e+03 1.163518528268480049e-06
1.881000000000000000e+03 1.163504242966804351e-06
1.882000000000000000e+03 1.163498210560705134e-06
1.883000000000000000e+03 1.163496742310075042e-06
1.884000000000000000e+03 1.163496067033979345e-06
1.885000000000000000e+03 1.163487358860877962e-06
1.886000000000000000e+03 1.163483589991001055e-06
1.887000000000000000e+03 1.163477540552564070e-06
1.888000000000000000e+03 1.163477192635804759e-06
1.889000000000000000e+03 1.163471610069438165e-06
1.890000000000000000e+03 1.163465920989247236e-06
1.891000000000000000e+03 1.163463682318986605e-06
1.892000000000000000e+03 1.163457084592079975e-06
1.893000000000000000e+03 1.163453211281257456e-06
1.894000000000000000e+03 1.163447627504241493e-06
1.895000000000000000e+03 1.163445152063492156e-06
1.896000000000000000e+03 1.163438816102293562e-06
1.897000000000000000e+03 1.163435796148157276e-06
1.898000000000000000e+03 1.163444235173521480e-06
1.899000000000000000e+03 1.163425508325277957e-06
1.900000000000000000e+03 1.163424404764736879e-06
1.901000000000000000e+03 1.163421193580661055e-06
1.902000000000000000e+03 1.163418180930036498e-06
1.903000000000000000e+03 1.163415062740738100e-06
1.904000000000000000e+03 1.163406344881063011e-06
1.905000000000000000e+03 1.163403464156150121e-06
1.906000000000000000e+03 1.163401184108903882e-06
1.907000000000000000e+03 1.163396155379358188e-06
1.908000000000000000e+03 1.163390575689569693e-06
1.909000000000000000e+03 1.163387920122659439e-06
1.910000000000000000e+03 1.163380418060463819e-06
1.911000000000000000e+03 1.163375567118482696e-06
1.912000000000000000e+03 1.163375415101397278e-06
1.913000000000000000e+03 1.163370813598584266e-06
1.914000000000000000e+03 1.163366274427389113e-06
1.915000000000000000e+03 1.163359869549681142e-06
1.916000000000000000e+03 1.163357037955986644e-06
1.917000000000000000e+03 1.163354560909374859e-06
1.918000000000000000e+03 1.163351881609785364e-06
1.919000000000000000e+03 1.163343904807811259e-06
1.920000000000000000e+03 1.163342347532180772e-06
1.921000000000000000e+03 1.163339512694513776e-06
1.922000000000000000e+03 1.163335901896139094e-06
1.923000000000000000e+03 1.163327522334930419e-06
1.924000000000000000e+03 1.163326513594806949e-06
1.925000000000000000e+03 1.163321645448868383e-06
1.926000000000000000e+03 1.163321499199705913e-06
1.927000000000000000e+03 1.163318907759584441e-06
1.928000000000000000e+03 1.163306441576065108e-06
1.929000000000000000e+03 1.163309982856119857e-06
1.930000000000000000e+03 1.163306409086544747e-06
1.931000000000000000e+03 1.163297843596064978e-06
1.932000000000000000e+03 1.163297831673772372e-06
1.933000000000000000e+03 1.163303160891334010e-06
1.934000000000000000e+03 1.163286969772340523e-06
1.935000000000000000e+03 1.163284228498159885e-06
1.936000000000000000e+03 1.163278510627384936e-06
1.937000000000000000e+03 1.163272530330707741e-06
1.938000000000000000e+03 1.163269406003891404e-06
1.939000000000000000e+03 1.163265865617215222e-06
1.940000000000000000e+03 1.163263098924778412e-06
1.941000000000000000e+03 1.163261479701284696e-06
1.942000000000000000e+03 1.163256844984854408e-06
1.943000000000000000e+03 1.163251375579475411e-06
1.944000000000000000e+03 1.163250811095819882e-06
1.945000000000000000e+03 1.163241540550744270e-06
1.946000000000000000e+03 1.163239299062676921e-06
1.947000000000000000e+03 1.163238945254264961e-06
1.948000000000000000e+03 1.163229677950746957e-06
1.949000000000000000e+03 1.163232029634878480e-06
1.950000000000000000e+03 1.163223360342299959e-06
1.951000000000000000e+03 1.163219411960675484e-06
1.952000000000000000e+03 1.163219125696647288e-06
1.953000000000000000e+03 1.163216835733846386e-06
1.954000000000000000e+03 1.163209484890268294e-06
1.955000000000000000e+03 1.163205659211690290e-06
1.956000000000000000e+03 1.163202329449601506e-06
1.957000000000000000e+03 1.163199359720850493e-06
1.958000000000000000e+03 1.163194764055255769e-06
1.959000000000000000e+03 1.163189390980480010e-06
1.960000000000000000e+03 1.163187150340107776e-06
1.961000000000000000e+03 1.163183111901694921e-06
1.962000000000000000e+03 1.163182150903916908e-06
1.963000000000000000e+03 1.163178011367303240e-06
1.964000000000000000e+03 1.163174618363684583e-06
1.965000000000000000e+03 1.163174861545204096e-06
1.966000000000000000e+03 1.163162173820828543e-06
1.967000000000000000e+03 1.163159471926254649e-06
1.968000000000000000e+03 1.163158832009036034e-06
1.969000000000000000e+03 1.163156472036869235e-06
1.970000000000000000e+03 1.163150137376720871e-06
1.971000000000000000e+03 1.163144813764164075e-06
1.972000000000000000e+03 1.163144017164516918e-06
1.973000000000000000e+03 1.163145814528298782e-06
1.974000000000000000e+03 1.163132186344693072e-06
1.975000000000000000e+03 1.163130702468776321e-06
1.976000000000000000e+03 1.163128560190177086e-06
1.977000000000000000e+03 1.163123505453986748e-06
1.978000000000000000e+03 1.163122102741319480e-06
1.979000000000000000e+03 1.163122190504033260e-06
1.980000000000000000e+03 1.163112229599944466e-06
1.981000000000000000e+03 1.163108110179668728e-06
1.982000000000000000e+03 1.163106096957595327e-06
1.983000000000000000e+03 1.163104129516560689e-06
1.984000000000000000e+03 1.163104016699701190e-06
1.985000000000000000e+03 1.163104668113981331e-06
1.986000000000000000e+03 1.163089946396888389e-06
1.987000000000000000e+03 1.163088233232635604e-06
1.988000000000000000e+03 1.163087472108914470e-06
1.989000000000000000e+03 1.163086422676680869e-06
1.990000000000000000e+03 1.163079093855468550e-06
1.991000000000000000e+03 1.163083018261116698e-06
1.992000000000000000e+03 1.163072812765806492e-06
1.993000000000000000e+03 1.163068476253720807e-06
1.994000000000000000e+03 1.163080190899109655e-06
1.995000000000000000e+03 1.163059301715064359e-06
1.996000000000000000e+03 1.163057916080160390e-06
1.997000000000000000e+03 1.163054953628635133e-06
1.998000000000000000e+03 1.163050686718881497e-06
1.999000000000000000e+03 1.163047170506915900e-06
2.000000000000000000e+03 1.163044283810721852e-06
2.001000000000000000e+03 1.163041342269431613e-06
2.002000000000000000e+03 1.163043980837300964e-06
2.003000000000000000e+03 1.163041231280527660e-06
2.004000000000000000e+03 1.163039126533189846e-06
2.005000000000000000e+03 1.163036733965006080e-06
2.006000000000000000e+03 1.163023822523569423e-06
2.007000000000000000e+03 1.163025013652895875e-06
2.008000000000000000e+03 1.163017672113740928e-06
2.009000000000000000e+03 1.163016553429364532e-06
2.010000000000000000e+03 1.163010713291715528e-06
2.011000000000000000e+03 1.163015660626425731e-06
2.012000000000000000e+03 1.163001213018600398e-06
2.013000000000000000e+03 1.163005930256217133e-06
2.014000000000000000e+03 1.162997342074153941e-06
2.015000000000000000e+03 1.162992880888391798e-06
2.016000000000000000e+03 1.162988932958545686e-06
2.017000000000000000e+03 1.162990681712461536e-06
2.018000000000000000e+03 1.162984685082969580e-06
2.019000000000000000e+03 1.162981205376631750e-06
2.020000000000000000e+03 1.162975847702375679e-06
2.021000000000000000e+03 1.162975176053550984e-06
2.022000000000000000e+03 1.162969815635125640e-06
2.023000000000000000e+03 1.162967067745382421e-06
2.024000000000000000e+03 1.162970181912741170e-06
2.025000000000000000e+03 1.162961085250375208e-06
2.026000000000000000e+03 1.162959263288742367e-06
2.027000000000000000e+03 1.162965365809007480e-06
2.028000000000000000e+03 1.162954422280841577e-06
2.029000000000000000e+03 1.162947366551012715e-06
2.030000000000000000e+03 1.162943343985092660e-06
2.031000000000000000e+03 1.162943498031535612e-06
2.032000000000000000e+03 1.162940864178827204e-06
2.033000000000000000e+03 1.162937427080719745e-06
2.034000000000000000e+03 1.162932746457900618e-06
2.035000000000000000e+03 1.162947622037640315e-06
2.036000000000000000e+03 1.162923329659752420e-06
2.037000000000000000e+03 1.162924622775669016e-06
2.038000000000000000e+03 1.162918538150508891e-06
2.039000000000000000e+03 1.162914709522861167e-06
2.040000000000000000e+03 1.162914311709097281e-06
2.041000000000000000e+03 1.162910330721335913e-06
2.042000000000000000e+03 1.162904938516042789e-06
2.043000000000000000e+03 1.162902945070755527e-06
2.044000000000000000e+03 1.162901634298383782e-06
2.045000000000000000e+03 1.162896656854162275e-06
2.046000000000000000e+03 1.162895591239136576e-06
2.047000000000000000e+03 1.162890425746413280e-06
2.048000000000000000e+03 1.162888165518503033e-06
2.049000000000000000e+03 1.162885852945765060e-06
2.050000000000000000e+03 1.162885763595566906e-06
2.051000000000000000e+03 1.162877365281708830e-06
2.052000000000000000e+03 1.162880196321692384e-06
2.053000000000000000e+03 1.162874748970564233e-06
2.054000000000000000e+03 1.162867418381723749e-06
2.055000000000000000e+03 1.162868688273321268e-06
2.056000000000000000e+03 1.162869056073093332e-06
2.057000000000000000e+03 1.162862521079733552e-06
2.058000000000000000e+03 1.162857115594419018e-06
2.059000000000000000e+03 1.162854943682681924e-06
2.060000000000000000e+03 1.162853065085113273e-06
2.061000000000000000e+03 1.162847693965886290e-06
2.062000000000000000e+03 1.162843800371319732e-06
2.063000000000000000e+03 1.162847362751412642e-06
2.064000000000000000e+03 1.162844275159746495e-06
2.065000000000000000e+03 1.162836976472768466e-06
2.066000000000000000e+03 1.162835023738703363e-06
2.067000000000000000e+03 1.162829746689490347e-06
2.068000000000000000e+03 1.162826884473598795e-06
2.069000000000000000e+03 1.162824729832491438e-06
2.070000000000000000e+03 1.162822068689881776e-06
2.071000000000000000e+03 1.162818110337425903e-06
2.072000000000000000e+03 1.162813619112051097e-06
2.073000000000000000e+03 1.162811168084013568e-06
2.074000000000000000e+03 1.162809111120248634e-06
2.075000000000000000e+03 1.162805796880178158e-06
2.076000000000000000e+03 1.162805744751854384e-06
2.077000000000000000e+03 1.162801322592423354e-06
2.078000000000000000e+03 1.162796241808841640e-06
2.079000000000000000e+03 1.162795042346026218e-06
2.080000000000000000e+03 1.162792303256420631e-06
2.081000000000000000e+03 1.162787691405950321e-06
2.082000000000000000e+03 1.162785117085404870e-06
2.083000000000000000e+03 1.162783128234357186e-06
2.084000000000000000e+03 1.162779204940505426e-06
2.085000000000000000e+03 1.162775403209058465e-06
2.086000000000000000e+03 1.162772265650285391e-06
2.087000000000000000e+03 1.162771343808727394e-06
2.088000000000000000e+03 1.162770351208439169e-06
2.089000000000000000e+03 1.162766412350319734e-06
2.090000000000000000e+03 1.162763578582193617e-06
2.091000000000000000e+03 1.162758011931442059e-06
2.092000000000000000e+03 1.162756024339524098e-06
2.093000000000000000e+03 1.162753247760060271e-06
2.094000000000000000e+03 1.162756131128469604e-06
2.095000000000000000e+03 1.162753669895744834e-06
2.096000000000000000e+03 1.162745096025912436e-06
2.097000000000000000e+03 1.162741247481250152e-06
2.098000000000000000e+03 1.162741753643048621e-06
2.099000000000000000e+03 1.162737696478524541e-06
2.100000000000000000e+03 1.162733200617628947e-06
2.101000000000000000e+03 1.162733389262844271e-06
2.102000000000000000e+03 1.162729329436692373e-06
2.103000000000000000e+03 1.162723852374779914e-06
2.104000000000000000e+03 1.162722975004944042e-06
2.105000000000000000e+03 1.162722086192168027e-06
2.106000000000000000e+03 1.162716064936988628e-06
2.107000000000000000e+03 1.162716772986798851e-06
2.108000000000000000e+03 1.162709967950400136e-06
2.109000000000000000e+03 1.162709388412749061e-06
2.110000000000000000e+03 1.162707583836396735e-06
2.111000000000000000e+03 1.162702359001454656e-06
2.112000000000000000e+03 1.162700345243801900e-06
2.113000000000000000e+03 1.162700956587291541e-06
2.114000000000000000e+03 1.162692965838186217e-06
2.115000000000000000e+03 1.162697267981845905e-06
2.116000000000000000e+03 1.162689828775855553e-06
2.117000000000000000e+03 1.162687928169193712e-06
2.118000000000000000e+03 1.162682139435006909e-06
2.119000000000000000e+03 1.162680766586648672e-06
2.120000000000000000e+03 1.162677208443854809e-06
2.121000000000000000e+03 1.162673849481030018e-06
2.122000000000000000e+03 1.162675508869273905e-06
2.123000000000000000e+03 1.162671930062348965e-06
2.124000000000000000e+03 1.162667715837251402e-06
2.125000000000000000e+03 1.162663727196142261e-06
2.126000000000000000e+03 1.162662477639899982e-06
2.127000000000000000e+03 1.162658517323987432e-06
2.128000000000000000e+03 1.162656264310976139e-06
2.129000000000000000e+03 1.162658423036067887e-06
2.130000000000000000e+03 1.162660530828559662e-06
2.131000000000000000e+03 1.162647399272716432e-06
2.132000000000000000e+03 1.162644745290398993e-06
2.133000000000000000e+03 1.162646279847094092e-06
2.134000000000000000e+03 1.162642437231785682e-06
2.135000000000000000e+03 1.162637121099219294e-06
2.136000000000000000e+03 1.162634390346668687e-06
2.137000000000000000e+03 1.162636857160692812e-06
2.138000000000000000e+03 1.162629588793656600e-06
2.139000000000000000e+03 1.162626160920370670e-06
2.140000000000000000e+03 1.162622949167689039e-06
2.141000000000000000e+03 1.162620735523898173e-06
2.142000000000000000e+03 1.162618486715341378e-06
2.143000000000000000e+03 1.162615412315903582e-06
2.144000000000000000e+03 1.162617090010504740e-06
2.145000000000000000e+03 1.162610648622061606e-06
2.146000000000000000e+03 1.162611675238250033e-06
2.147000000000000000e+03 1.162606413421340410e-06
2.148000000000000000e+03 1.162610700218834513e-06
2.149000000000000000e+03 1.162604520851475403e-06
2.150000000000000000e+03 1.162601117384333388e-06
2.151000000000000000e+03 1.162596394969966799e-06
2.152000000000000000e+03 1.162592055296640652e-06
2.153000000000000000e+03 1.162589352749986068e-06
2.154000000000000000e+03 1.162590798048273221e-06
2.155000000000000000e+03 1.162586001674610532e-06
2.156000000000000000e+03 1.162582418152019182e-06
2.157000000000000000e+03 1.162583764111827269e-06
2.158000000000000000e+03 1.162577158371585981e-06
2.159000000000000000e+03 1.162583430501998655e-06
2.160000000000000000e+03 1.162574141168009409e-06
2.161000000000000000e+03 1.162570809688718238e-06
2.162000000000000000e+03 1.162566882438765640e-06
2.163000000000000000e+03 1.162569960160848990e-06
2.164000000000000000e+03 1.162562310992940266e-06
2.165000000000000000e+03 1.162562735181706061e-06
2.166000000000000000e+03 1.162560021878339946e-06
2.167000000000000000e+03 1.162557211100500879e-06
2.168000000000000000e+03 1.162552593069187319e-06
2.169000000000000000e+03 1.162553027031327368e-06
2.170000000000000000e+03 1.162548805500726065e-06
2.171000000000000000e+03 1.162546126746557601e-06
2.172000000000000000e+03 1.162541546306307895e-06
2.173000000000000000e+03 1.162540842353254472e-06
2.174000000000000000e+03 1.162542725857237753e-06
2.175000000000000000e+03 1.162535972496380715e-06
2.176000000000000000e+03 1.162535052444672793e-06
2.177000000000000000e+03 1.162533927753851725e-06
2.178000000000000000e+03 1.162527101987776405e-06
2.179000000000000000e+03 1.162525573259375044e-06
2.180000000000000000e+03 1.162523441339102545e-06
2.181000000000000000e+03 1.162520633395285160e-06
2.182000000000000000e+03 1.162519338636668017e-06
2.183000000000000000e+03 1.162517161944522398e-06
2.184000000000000000e+03 1.162514957592286551e-06
2.185000000000000000e+03 1.162510572421347760e-06
2.186000000000000000e+03 1.162510990908853795e-06
2.187000000000000000e+03 1.162507196285257765e-06
2.188000000000000000e+03 1.162504783923866009e-06
2.189000000000000000e+03 1.162504318247977664e-06
2.190000000000000000e+03 1.162501386247973592e-06
2.191000000000000000e+03 1.162502530015916761e-06
2.192000000000000000e+03 1.162494220567767122e-06
2.193000000000000000e+03 1.162497491105291904e-06
2.194000000000000000e+03 1.162495207177955658e-06
2.195000000000000000e+03 1.162487326595268990e-06
2.196000000000000000e+03 1.162487731862426875e-06
2.197000000000000000e+03 1.162483073380362892e-06
2.198000000000000000e+03 1.162481469976956048e-06
2.199000000000000000e+03 1.162478289536009653e-06
2.200000000000000000e+03 1.162478062544638296e-06
2.201000000000000000e+03 1.162473157977368259e-06
2.202000000000000000e+03 1.162471371481273642e-06
2.203000000000000000e+03 1.162471484067329368e-06
2.204000000000000000e+03 1.162469348242527208e-06
2.205000000000000000e+03 1.162467380898729623e-06
2.206000000000000000e+03 1.162463159579383207e-06
2.207000000000000000e+03 1.162462211449066714e-06
2.208000000000000000e+03 1.162458690230644273e-06
2.209000000000000000e+03 1.162457263667598089e-06
2.210000000000000000e+03 1.162452525887744247e-06
2.211000000000000000e+03 1.162452707711349872e-06
2.212000000000000000e+03 1.162448433302358274e-06
2.213000000000000000e+03 1.162447525484782372e-06
2.214000000000000000e+03 1.162444497138246186e-06
2.215000000000000000e+03 1.162444745043843569e-06
2.216000000000000000e+03 1.162442404972769228e-06
2.217000000000000000e+03 1.162438380542832259e-06
2.218000000000000000e+03 1.162436011435292939e-06
2.219000000000000000e+03 1.162433796140335432e-06
2.220000000000000000e+03 1.162431508445908668e-06
2.221000000000000000e+03 1.162428423086463599e-06
2.222000000000000000e+03 1.162431724222493500e-06
2.223000000000000000e+03 1.162425453770944385e-06
2.224000000000000000e+03 1.162422162167355086e-06
2.225000000000000000e+03 1.162420510056235311e-06
2.226000000000000000e+03 1.162419620898916786e-06
2.227000000000000000e+03 1.162417609933660606e-06
2.228000000000000000e+03 1.162413692989033776e-06
2.229000000000000000e+03 1.162413100199377752e-06
2.230000000000000000e+03 1.162410576810420070e-06
2.231000000000000000e+03 1.162407099089242229e-06
2.232000000000000000e+03 1.162405748373486868e-06
2.233000000000000000e+03 1.162404365988241530e-06
2.234000000000000000e+03 1.162404031196374415e-06
2.235000000000000000e+03 1.162401395350451581e-06
2.236000000000000000e+03 1.162397498551402682e-06
2.237000000000000000e+03 1.162398064703833396e-06
2.238000000000000000e+03 1.162394322028566003e-06
2.239000000000000000e+03 1.162390131156049059e-06
2.240000000000000000e+03 1.162389344170819411e-06
2.241000000000000000e+03 1.162387703830093400e-06
2.242000000000000000e+03 1.162386813314069654e-06
2.243000000000000000e+03 1.162381881240455823e-06
2.244000000000000000e+03 1.162381791775246477e-06
2.245000000000000000e+03 1.162379862765560963e-06
2.246000000000000000e+03 1.162376593000577451e-06
2.247000000000000000e+03 1.162375997054477713e-06
2.248000000000000000e+03 1.162372965421734482e-06
2.249000000000000000e+03 1.162372025070417805e-06
2.250000000000000000e+03 1.162369526941356074e-06
2.251000000000000000e+03 1.162365754003723717e-06
2.252000000000000000e+03 1.162365857729860555e-06
2.253000000000000000e+03 1.162361030547590248e-06
2.254000000000000000e+03 1.162359767326001530e-06
2.255000000000000000e+03 1.162357895831827569e-06
2.256000000000000000e+03 1.162356606238533170e-06
2.257000000000000000e+03 1.162355516800976669e-06
2.258000000000000000e+03 1.162350634874421069e-06
2.259000000000000000e+03 1.162351488120739121e-06
2.260000000000000000e+03 1.162350503731321047e-06
2.261000000000000000e+03 1.162346013269406259e-06
2.262000000000000000e+03 1.162344725839831902e-06
2.263000000000000000e+03 1.162342006563773472e-06
2.264000000000000000e+03 1.162340614772677452e-06
2.265000000000000000e+03 1.162338777345657445e-06
2.266000000000000000e+03 1.162335968581792100e-06
2.267000000000000000e+03 1.162337688828036746e-06
2.268000000000000000e+03 1.162335327876812091e-06
2.269000000000000000e+03 1.162329952748144277e-06
2.270000000000000000e+03 1.162331829704413163e-06
2.271000000000000000e+03 1.162325589582705139e-06
2.272000000000000000e+03 1.162325358967669658e-06
2.273000000000000000e+03 1.162323553202683833e-06
2.274000000000000000e+03 1.162321581633281972e-06
2.275000000000000000e+03 1.162317436603701357e-06
2.276000000000000000e+03 1.162315613304971740e-06
2.277000000000000000e+03 1.162314723923772455e-06
2.278000000000000000e+03 1.162314989209646083e-06
2.279000000000000000e+03 1.162310954376500219e-06
2.280000000000000000e+03 1.162307498008040420e-06
2.281000000000000000e+03 1.162307341766194372e-06
2.282000000000000000e+03 1.162304108502564074e-06
2.283000000000000000e+03 1.162303554757407173e-06
2.284000000000000000e+03 1.162301074616492976e-06
2.285000000000000000e+03 1.162298065807388358e-06
2.286000000000000000e+03 1.162297902861124066e-06
2.287000000000000000e+03 1.162295091243291744e-06
2.288000000000000000e+03 1.162293813180050381e-06
2.289000000000000000e+03 1.162290829319069638e-06
2.290000000000000000e+03 1.162290557758405160e-06
2.291000000000000000e+03 1.162287551779645465e-06
2.292000000000000000e+03 1.162285025387696158e-06
2.293000000000000000e+03 1.162284666397634470e-06
2.294000000000000000e+03 1.162282058623993294e-06
2.295000000000000000e+03 1.162281604526893295e-06
2.296000000000000000e+03 1.162278050665745314e-06
2.297000000000000000e+03 1.162278239896877468e-06
2.298000000000000000e+03 1.162274157301284149e-06
2.299000000000000000e+03 1.162272088911709890e-06
2.300000000000000000e+03 1.162271575632272601e-06
2.301000000000000000e+03 1.162271764416636803e-06
2.302000000000000000e+03 1.162268479296357326e-06
2.303000000000000000e+03 1.162266037351894135e-06
2.304000000000000000e+03 1.162262229407810331e-06
2.305000000000000000e+03 1.162261187665516537e-06
2.306000000000000000e+03 1.162259582679439642e-06
2.307000000000000000e+03 1.162257810657991422e-06
2.308000000000000000e+03 1.162257125815765870e-06
2.309000000000000000e+03 1.162253634800334137e-06
2.310000000000000000e+03 1.162253818386345545e-06
2.311000000000000000e+03 1.162250215158391568e-06
2.312000000000000000e+03 1.162249704887382162e-06
2.313000000000000000e+03 1.162247730145651966e-06
2.314000000000000000e+03 1.162244533802224841e-06
2.315000000000000000e+03 1.162244191224630563e-06
2.316000000000000000e+03 1.162240911195410216e-06
2.317000000000000000e+03 1.162238956330814999e-06
2.318000000000000000e+03 1.162237745395384269e-06
2.319000000000000000e+03 1.162237330831355174e-06
2.320000000000000000e+03 1.162237312120571858e-06
2.321000000000000000e+03 1.162232086175470493e-06
2.322000000000000000e+03 1.162231989824887232e-06
2.323000000000000000e+03 1.162228763625097515e-06
2.324000000000000000e+03 1.162228111574247974e-06
2.325000000000000000e+03 1.162226100411493357e-06
2.326000000000000000e+03 1.162223095355812592e-06
2.327000000000000000e+03 1.162221453353255372e-06
2.328000000000000000e+03 1.162219857399050137e-06
2.329000000000000000e+03 1.162220645675960136e-06
2.330000000000000000e+03 1.162216591286295239e-06
2.331000000000000000e+03 1.162214840884161482e-06
2.332000000000000000e+03 1.162214540439247656e-06
2.333000000000000000e+03 1.162212096963903280e-06
2.334000000000000000e+03 1.162210302929164821e-06
2.335000000000000000e+03 1.162208850566825753e-06
2.336000000000000000e+03 1.162206272221859480e-06
2.337000000000000000e+03 1.162204177150769405e-06
2.338000000000000000e+03 1.162202432650981241e-06
2.339000000000000000e+03 1.162203528522811768e-06
2.340000000000000000e+03 1.162202172353635311e-06
2.341000000000000000e+03 1.162199662990594135e-06
2.342000000000000000e+03 1.162195333176003046e-06
2.343000000000000000e+03 1.162197207794838139e-06
2.344000000000000000e+03 1.162192768969923970e-06
2.345000000000000000e+03 1.162190169512372649e-06
2.346000000000000000e+03 1.162189342020415348e-06
2.347000000000000000e+03 1.162187075494632391e-06
2.348000000000000000e+03 1.162185282630959969e-06
2.349000000000000000e+03 1.162185634849372079e-06
2.350000000000000000e+03 1.162182226206860874e-06
2.351000000000000000e+03 1.162179854080573633e-06
2.352000000000000000e+03 1.162178799093507917e-06
2.353000000000000000e+03 1.162177807884196446e-06
2.354000000000000000e+03 1.162175490317004297e-06
2.355000000000000000e+03 1.162173706912221007e-06
2.356000000000000000e+03 1.162175337651156228e-06
2.357000000000000000e+03 1.162170323641186462e-06
2.358000000000000000e+03 1.162167885199160250e-06
2.359000000000000000e+03 1.162166873487333705e-06
2.360000000000000000e+03 1.162168018026931300e-06
2.361000000000000000e+03 1.162166235118410214e-06
2.362000000000000000e+03 1.162162966657376114e-06
2.363000000000000000e+03 1.162159836460323721e-06
2.364000000000000000e+03 1.162158170820297151e-06
2.365000000000000000e+03 1.162157034482769035e-06
2.366000000000000000e+03 1.162158732564084428e-06
2.367000000000000000e+03 1.162154939432486959e-06
2.368000000000000000e+03 1.162153062045082962e-06
2.369000000000000000e+03 1.162150751107108625e-06
2.370000000000000000e+03 1.162148539847400409e-06
2.371000000000000000e+03 1.162149863722354349e-06
2.372000000000000000e+03 1.162147689583496376e-06
2.373000000000000000e+03 1.162144621783197616e-06
2.374000000000000000e+03 1.162144160241987312e-06
2.375000000000000000e+03 1.162144420130330678e-06
2.376000000000000000e+03 1.162140086625917322e-06
2.377000000000000000e+03 1.162142882967030386e-06
2.378000000000000000e+03 1.162137963368751795e-06
2.379000000000000000e+03 1.162134002121000300e-06
2.380000000000000000e+03 1.162133470789603828e-06
2.381000000000000000e+03 1.162132887011999315e-06
2.382000000000000000e+03 1.162132223698579367e-06
2.383000000000000000e+03 1.162129570924154417e-06
2.384000000000000000e+03 1.162129223799336818e-06
2.385000000000000000e+03 1.162126848672100995e-06
2.386000000000000000e+03 1.162126721257437779e-06
2.387000000000000000e+03 1.162122007419808541e-06
2.388000000000000000e+03 1.162121181512269779e-06
2.389000000000000000e+03 1.162119895663633502e-06
2.390000000000000000e+03 1.162122539035616655e-06
2.391000000000000000e+03 1.162115600592233267e-06
2.392000000000000000e+03 1.162114859032642180e-06
2.393000000000000000e+03 1.162112221501968696e-06
2.394000000000000000e+03 1.162111293287747945e-06
2.395000000000000000e+03 1.162109343568223126e-06
2.396000000000000000e+03 1.162107928199047683e-06
2.397000000000000000e+03 1.162110309298815096e-06
2.398000000000000000e+03 1.162105184517072766e-06
2.399000000000000000e+03 1.162103278056832195e-06
2.400000000000000000e+03 1.162101699672666324e-06
2.401000000000000000e+03 1.162100596596748795e-06
2.402000000000000000e+03 1.162098188870343560e-06
2.403000000000000000e+03 1.162098033139936429e-06
2.404000000000000000e+03 1.162095185424010784e-06
2.405000000000000000e+03 1.162096555020602336e-06
2.406000000000000000e+03 1.162092783207424005e-06
2.407000000000000000e+03 1.162092979886546934e-06
2.408000000000000000e+03 1.162089784417618434e-06
2.409000000000000000e+03 1.162088512475396290e-06
2.410000000000000000e+03 1.162086956611140380e-06
2.411000000000000000e+03 1.162087341405306736e-06
2.412000000000000000e+03 1.162083835572339291e-06
2.413000000000000000e+03 1.162082282381324234e-06
2.414000000000000000e+03 1.162081078541109667e-06
2.415000000000000000e+03 1.162079484985020936e-06
2.416000000000000000e+03 1.162077588898670272e-06
2.417000000000000000e+03 1.162077799466074053e-06
2.418000000000000000e+03 1.162074942845520579e-06
2.419000000000000000e+03 1.162074770682874383e-06
2.420000000000000000e+03 1.162075947017950060e-06
2.421000000000000000e+03 1.162071052175864667e-06
2.422000000000000000e+03 1.162070632308926302e-06
2.423000000000000000e+03 1.162068069358669285e-06
2.424000000000000000e+03 1.162066060491625735e-06
2.425000000000000000e+03 1.162064268350022219e-06
2.426000000000000000e+03 1.162064733673738617e-06
2.427000000000000000e+03 1.162062695752193156e-06
2.428000000000000000e+03 1.162060867150096660e-06
2.429000000000000000e+03 1.162058650686557252e-06
2.430000000000000000e+03 1.162058873134666227e-06
2.431000000000000000e+03 1.162057286598489042e-06
2.432000000000000000e+03 1.162054877970950866e-06
2.433000000000000000e+03 1.162052785022086593e-06
2.434000000000000000e+03 1.162054502862939570e-06
2.435000000000000000e+03 1.162052562486427234e-06
2.436000000000000000e+03 1.162048900200668021e-06
2.437000000000000000e+03 1.162050225439791605e-06
2.438000000000000000e+03 1.162046792608623841e-06
2.439000000000000000e+03 1.162044418580563827e-06
2.440000000000000000e+03 1.162043703044268993e-06
2.441000000000000000e+03 1.162041777389743876e-06
2.442000000000000000e+03 1.162042586170854968e-06
2.443000000000000000e+03 1.162039866353467522e-06
2.444000000000000000e+03 1.162038268690949510e-06
2.445000000000000000e+03 1.162036102666180762e-06
2.446000000000000000e+03 1.162034403102069820e-06
2.447000000000000000e+03 1.162032663770231896e-06
2.448000000000000000e+03 1.162031708295307329e-06
2.449000000000000000e+03 1.162030203532569880e-06
2.450000000000000000e+03 1.162030669337117871e-06
2.451000000000000000e+03 1.162027088352628136e-06
2.452000000000000000e+03 1.162028253171194410e-06
2.453000000000000000e+03 1.162026154192021372e-06
2.454000000000000000e+03 1.162024871656747379e-06
2.455000000000000000e+03 1.162022384308163018e-06
2.456000000000000000e+03 1.162022387552193539e-06
2.457000000000000000e+03 1.162019449478729031e-06
2.458000000000000000e+03 1.162018441986385254e-06
2.459000000000000000e+03 1.162016245298929371e-06
2.460000000000000000e+03 1.162018436135921064e-06
2.461000000000000000e+03 1.162016018979415654e-06
2.462000000000000000e+03 1.162014883129716471e-06
2.463000000000000000e+03 1.162012370268511597e-06
2.464000000000000000e+03 1.162012856883303849e-06
2.465000000000000000e+03 1.162008578191975402e-06
2.466000000000000000e+03 1.162007541736042608e-06
2.467000000000000000e+03 1.162008051526770569e-06
2.468000000000000000e+03 1.162005142668811359e-06
2.469000000000000000e+03 1.162003196719861752e-06
2.470000000000000000e+03 1.162002715532165659e-06
2.471000000000000000e+03 1.162001533786815474e-06
2.472000000000000000e+03 1.161999647961283867e-06
2.473000000000000000e+03 1.162001624418630381e-06
2.474000000000000000e+03 1.161998722584435236e-06
2.475000000000000000e+03 1.161996724951256570e-06
2.476000000000000000e+03 1.161994877814381098e-06
2.477000000000000000e+03 1.161997275166084967e-06
2.478000000000000000e+03 1.161991046096798687e-06
2.479000000000000000e+03 1.161992680969329230e-06
2.480000000000000000e+03 1.161990463504151763e-06
2.481000000000000000e+03 1.161988865747769159e-06
2.482000000000000000e+03 1.161985491076815346e-06
2.483000000000000000e+03 1.161985196225132392e-06
2.484000000000000000e+03 1.161983712954109186e-06
2.485000000000000000e+03 1.161984391137672156e-06
2.486000000000000000e+03 1.161981962095735320e-06
2.487000000000000000e+03 1.161979638856464120e-06
2.488000000000000000e+03 1.161978552916452348e-06
2.489000000000000000e+03 1.161977097063684897e-06
2.490000000000000000e+03 1.161975519415998504e-06
2.491000000000000000e+03 1.161974691280732386e-06
2.492000000000000000e+03 1.161975965411372781e-06
2.493000000000000000e+03 1.161970976297576665e-06
2.494000000000000000e+03 1.161972373889660622e-06
2.495000000000000000e+03 1.161971649969701127e-06
2.496000000000000000e+03 1.161968311813588469e-06
2.497000000000000000e+03 1.161966892358935317e-06
2.498000000000000000e+03 1.161966349385529229e-06
2.499000000000000000e+03 1.161964009737005109e-06
2.500000000000000000e+03 1.161963509787739721e-06
2.501000000000000000e+03 1.161961189441996809e-06
2.502000000000000000e+03 1.161960131738411516e-06
2.503000000000000000e+03 1.161962086022013705e-06
2.504000000000000000e+03 1.161958322698284073e-06
2.505000000000000000e+03 1.161956248717250935e-06
2.506000000000000000e+03 1.161955955382355173e-06
2.507000000000000000e+03 1.161954563913058617e-06
2.508000000000000000e+03 1.161953108295481935e-06
2.509000000000000000e+03 1.161952721701306192e-06
2.510000000000000000e+03 1.161951703991387779e-06
2.511000000000000000e+03 1.161950430683816710e-06
2.512000000000000000e+03 1.161951193981328048e-06
2.513000000000000000e+03 1.161948606869637475e-06
2.514000000000000000e+03 1.161944939206209652e-06
2.515000000000000000e+03 1.161944285484441509e-06
2.516000000000000000e+03 1.161943494152382136e-06
2.517000000000000000e+03 1.161941471270758558e-06
2.518000000000000000e+03 1.161942771924676944e-06
2.519000000000000000e+03 1.161941801393546922e-06
2.520000000000000000e+03 1.161938704980797712e-06
2.521000000000000000e+03 1.161938856020668841e-06
2.522000000000000000e+03 1.161936478249626138e-06
2.523000000000000000e+03 1.161936901578664503e-06
2.524000000000000000e+03 1.161933684718769553e-06
2.525000000000000000e+03 1.161933166660031021e-06
2.526000000000000000e+03 1.161931281137651235e-06
2.527000000000000000e+03 1.161929944960428250e-06
2.528000000000000000e+03 1.161929343612467794e-06
2.529000000000000000e+03 1.161927406656820624e-06
2.530000000000000000e+03 1.161927074234416371e-06
2.531000000000000000e+03 1.161925965570682205e-06
2.532000000000000000e+03 1.161924648859687081e-06
2.533000000000000000e+03 1.161922728926830982e-06
2.534000000000000000e+03 1.161922600077047254e-06
2.535000000000000000e+03 1.161922301027569175e-06
2.536000000000000000e+03 1.161921658420414901e-06
2.537000000000000000e+03 1.161918163298835313e-06
2.538000000000000000e+03 1.161918222369046829e-06
2.539000000000000000e+03 1.161915791467159048e-06
2.540000000000000000e+03 1.161916021367093104e-06
2.541000000000000000e+03 1.161916941913522478e-06
2.542000000000000000e+03 1.161912554461774682e-06
2.543000000000000000e+03 1.161911313778040530e-06
2.544000000000000000e+03 1.161910867080258464e-06
2.545000000000000000e+03 1.161910024729307849e-06
2.546000000000000000e+03 1.161907852023688279e-06
2.547000000000000000e+03 1.161907449828508195e-06
2.548000000000000000e+03 1.161906028461486523e-06
2.549000000000000000e+03 1.161908437911259486e-06
2.550000000000000000e+03 1.161903287619540234e-06
2.551000000000000000e+03 1.161902275039538163e-06
2.552000000000000000e+03 1.161901987609703583e-06
2.553000000000000000e+03 1.161901199794512302e-06
2.554000000000000000e+03 1.161899572938572834e-06
2.555000000000000000e+03 1.161897629140052051e-06
2.556000000000000000e+03 1.161896509832860376e-06
2.557000000000000000e+03 1.161896191608497982e-06
2.558000000000000000e+03 1.161894254162286387e-06
2.559000000000000000e+03 1.161895580292742953e-06
2.560000000000000000e+03 1.161893061619715321e-06
2.561000000000000000e+03 1.161891217535482640e-06
2.562000000000000000e+03 1.161889735982897643e-06
2.563000000000000000e+03 1.161889363856990986e-06
2.564000000000000000e+03 1.161887671298800301e-06
2.565000000000000000e+03 1.161888237727115999e-06
2.566000000000000000e+03 1.161888597730833450e-06
2.567000000000000000e+03 1.161884641497196825e-06
2.568000000000000000e+03 1.161883621784099913e-06
2.569000000000000000e+03 1.161883181486912572e-06
2.570000000000000000e+03 1.161880267923276859e-06
2.571000000000000000e+03 1.161880434800568755e-06
2.572000000000000000e+03 1.161881924429680455e-06
2.573000000000000000e+03 1.161883508060684132e-06
2.574000000000000000e+03 1.161876457368779177e-06
2.575000000000000000e+03 1.161876556775347198e-06
2.576000000000000000e+03 1.161874276971296400e-06
2.577000000000000000e+03 1.161874158220937860e-06
2.578000000000000000e+03 1.161873866337476676e-06
2.579000000000000000e+03 1.161872496133970135e-06
2.580000000000000000e+03 1.161870789056876215e-06
2.581000000000000000e+03 1.161869401452970468e-06
2.582000000000000000e+03 1.161868634040822311e-06
2.583000000000000000e+03 1.161867064256944061e-06
2.584000000000000000e+03 1.161866087091171404e-06
2.585000000000000000e+03 1.161866160343778811e-06
2.586000000000000000e+03 1.161864801245172364e-06
2.587000000000000000e+03 1.161863045727971598e-06
2.588000000000000000e+03 1.161863178162730583e-06
2.589000000000000000e+03 1.161860599536027812e-06
2.590000000000000000e+03 1.161860305762577566e-06
2.591000000000000000e+03 1.161859369653717519e-06
2.592000000000000000e+03 1.161860240044130866e-06
2.593000000000000000e+03 1.161856713579580432e-06
2.594000000000000000e+03 1.161855547704645699e-06
2.595000000000000000e+03 1.161854347386977521e-06
2.596000000000000000e+03 1.161853650483589794e-06
2.597000000000000000e+03 1.161852147267285479e-06
2.598000000000000000e+03 1.161851641945642897e-06
2.599000000000000000e+03 1.161851028351742145e-06
2.600000000000000000e+03 1.161850116469594366e-06
2.601000000000000000e+03 1.161847961173026867e-06
2.602000000000000000e+03 1.161847551938497313e-06
2.603000000000000000e+03 1.161846430131783197e-06
2.604000000000000000e+03 1.161844840162705355e-06
2.605000000000000000e+03 1.161844203346522429e-06
2.606000000000000000e+03 1.161844352950433214e-06
2.607000000000000000e+03 1.161842093129587096e-06
2.608000000000000000e+03 1.161841436581441744e-06
2.609000000000000000e+03 1.161842428926428521e-06
2.610000000000000000e+03 1.161840185272050481e-06
2.611000000000000000e+03 1.161839791942344128e-06
2.612000000000000000e+03 1.161837186943450538e-06
2.613000000000000000e+03 1.161837302452709080e-06
2.614000000000000000e+03 1.161835233599621875e-06
2.615000000000000000e+03 1.161833939817838914e-06
2.616000000000000000e+03 1.161834237910593915e-06
2.617000000000000000e+03 1.161833395891092797e-06
2.618000000000000000e+03 1.161831318941532534e-06
2.619000000000000000e+03 1.161830075609453522e-06
2.620000000000000000e+03 1.161830133226686744e-06
2.621000000000000000e+03 1.161830679487273963e-06
2.622000000000000000e+03 1.161827093931175253e-06
2.623000000000000000e+03 1.161825764489739953e-06
2.624000000000000000e+03 1.161825496234373158e-06
2.625000000000000000e+03 1.161824273878293015e-06
2.626000000000000000e+03 1.161822783341118161e-06
2.627000000000000000e+03 1.161822513910023685e-06
2.628000000000000000e+03 1.161821258890545527e-06
2.629000000000000000e+03 1.161820141218403361e-06
2.630000000000000000e+03 1.161820682167488373e-06
2.631000000000000000e+03 1.161817774970664111e-06
2.632000000000000000e+03 1.161818120209037693e-06
2.633000000000000000e+03 1.161818244654762338e-06
2.634000000000000000e+03 1.161815429828882512e-06
2.635000000000000000e+03 1.161815262418374906e-06
2.636000000000000000e+03 1.161816823531178146e-06
2.637000000000000000e+03 1.161813336287298465e-06
2.638000000000000000e+03 1.161812394882293130e-06
2.639000000000000000e+03 1.161810728895138906e-06
2.640000000000000000e+03 1.161811160655991731e-06
2.641000000000000000e+03 1.161808180410642063e-06
2.642000000000000000e+03 1.161809245765694716e-06
2.643000000000000000e+03 1.161806347137809384e-06
2.644000000000000000e+03 1.161806686756102843e-06
2.645000000000000000e+03 1.161805471868354548e-06
2.646000000000000000e+03 1.161803922692533370e-06
2.647000000000000000e+03 1.161803832635253500e-06
2.648000000000000000e+03 1.161803139827498136e-06
2.649000000000000000e+03 1.161802684034578885e-06
2.650000000000000000e+03 1.161801247452876552e-06
2.651000000000000000e+03 1.161800092127834587e-06
2.652000000000000000e+03 1.161799692447417184e-06
2.653000000000000000e+03 1.161797975991101182e-06
2.654000000000000000e+03 1.161796935365817052e-06
2.655000000000000000e+03 1.161795545245872356e-06
2.656000000000000000e+03 1.161796069884346305e-06
2.657000000000000000e+03 1.161793859029281398e-06
2.658000000000000000e+03 1.161794821023760327e-06
2.659000000000000000e+03 1.161792072702540219e-06
2.660000000000000000e+03 1.161791917005239794e-06
2.661000000000000000e+03 1.161790134567788458e-06
2.662000000000000000e+03 1.161790054046600748e-06
2.663000000000000000e+03 1.161788275392478611e-06
2.664000000000000000e+03 1.161787608791288420e-06
2.665000000000000000e+03 1.161786944462363636e-06
2.666000000000000000e+03 1.161785770418572009e-06
2.667000000000000000e+03 1.161786756289098341e-06
2.668000000000000000e+03 1.161786259129269150e-06
2.669000000000000000e+03 1.161783056897745643e-06
2.670000000000000000e+03 1.161782348795778731e-06
2.671000000000000000e+03 1.161782595810459237e-06
2.672000000000000000e+03 1.161780144925894902e-06
2.673000000000000000e+03 1.161779552796477555e-06
2.674000000000000000e+03 1.161778753929574979e-06
2.675000000000000000e+03 1.161779299195154078e-06
2.676000000000000000e+03 1.161776713538822174e-06
2.677000000000000000e+03 1.161776018920024396e-06
2.678000000000000000e+03 1.161776161077736305e-06
2.679000000000000000e+03 1.161775237359127251e-06
2.680000000000000000e+03 1.161774948375346566e-06
2.681000000000000000e+03 1.161772695408588565e-06
2.682000000000000000e+03 1.161772287360912048e-06
2.683000000000000000e+03 1.161771155420086957e-06
2.684000000000000000e+03 1.161769822499300984e-06
2.685000000000000000e+03 1.161770483332724294e-06
2.686000000000000000e+03 1.161767808853427777e-06
2.687000000000000000e+03 1.161767713195067157e-06
2.688000000000000000e+03 1.161766422064115521e-06
2.689000000000000000e+03 1.161765723517557992e-06
2.690000000000000000e+03 1.161765168271952105e-06
2.691000000000000000e+03 1.161763485486834341e-06
2.692000000000000000e+03 1.161763583366545219e-06
2.693000000000000000e+03 1.161761865592118683e-06
2.694000000000000000e+03 1.161762186673997547e-06
2.695000000000000000e+03 1.161761950196516171e-06
2.696000000000000000e+03 1.161761048032555696e-06
2.697000000000000000e+03 1.161761020711233967e-06
2.698000000000000000e+03 1.161757741622762505e-06
2.699000000000000000e+03 1.161758036863818458e-06
2.700000000000000000e+03 1.161756278995325169e-06
2.701000000000000000e+03 1.161755937258057455e-06
2.702000000000000000e+03 1.161757179658433894e-06
2.703000000000000000e+03 1.161753609356410923e-06
2.704000000000000000e+03 1.161754062910763337e-06
2.705000000000000000e+03 1.161752401671436517e-06
2.706000000000000000e+03 1.161751165777912122e-06
2.707000000000000000e+03 1.161750494754216588e-06
2.708000000000000000e+03 1.161750104197100216e-06
2.709000000000000000e+03 1.161749859713453471e-06
2.710000000000000000e+03 1.161748312965827149e-06
2.711000000000000000e+03 1.161747372969041829e-06
2.712000000000000000e+03 1.161747216672799325e-06
2.713000000000000000e+03 1.161745905977096132e-06
2.714000000000000000e+03 1.161745221523115755e-06
2.715000000000000000e+03 1.161745675133192984e-06
2.716000000000000000e+03 1.161742924460851030e-06
2.717000000000000000e+03 1.161742602894044746e-06
2.718000000000000000e+03 1.161742269848485553e-06
2.719000000000000000e+03 1.161740721107350673e-06
2.720000000000000000e+03 1.161740977574987269e-06
2.721000000000000000e+03 1.161738966167945385e-06
2.722000000000000000e+03 1.161738898041205292e-06
2.723000000000000000e+03 1.161737770674709847e-06
2.724000000000000000e+03 1.161736814066382140e-06
2.725000000000000000e+03 1.161736123828178514e-06
2.726000000000000000e+03 1.161734805504836269e-06
2.727000000000000000e+03 1.161735789078534721e-06
2.728000000000000000e+03 1.161734660389143642e-06
2.729000000000000000e+03 1.161733225154436724e-06
2.730000000000000000e+03 1.161733694738075361e-06
2.731000000000000000e+03 1.161731169842078565e-06
2.732000000000000000e+03 1.161730980206810686e-06
2.733000000000000000e+03 1.161730076697130428e-06
2.734000000000000000e+03 1.161728843634195537e-06
2.735000000000000000e+03 1.161727770715972570e-06
2.736000000000000000e+03 1.161727634366734886e-06
2.737000000000000000e+03 1.161728236513095893e-06
2.738000000000000000e+03 1.161725598161220367e-06
2.739000000000000000e+03 1.161724896481096849e-06
2.740000000000000000e+03 1.161723818009179543e-06
2.741000000000000000e+03 1.161723239380505781e-06
2.742000000000000000e+03 1.161722970734618893e-06
2.743000000000000000e+03 1.161722314311628377e-06
2.744000000000000000e+03 1.161721853681648495e-06
2.745000000000000000e+03 1.161721052945454954e-06
2.746000000000000000e+03 1.161720003730164913e-06
2.747000000000000000e+03 1.161718904527159211e-06
2.748000000000000000e+03 1.161719651332952195e-06
2.749000000000000000e+03 1.161719973221666786e-06
2.750000000000000000e+03 1.161716927561068826e-06
2.751000000000000000e+03 1.161715220806158288e-06
2.752000000000000000e+03 1.161715721938355373e-06
2.753000000000000000e+03 1.161713990684584058e-06
2.754000000000000000e+03 1.161713263061550254e-06
2.755000000000000000e+03 1.161712583278111453e-06
2.756000000000000000e+03 1.161712843782471601e-06
2.757000000000000000e+03 1.161712180893957260e-06
2.758000000000000000e+03 1.161710843925145775e-06
2.759000000000000000e+03 1.161711190941949944e-06
2.760000000000000000e+03 1.161708443697968338e-06
2.761000000000000000e+03 1.161707895248642053e-06
2.762000000000000000e+03 1.161707385796329378e-06
2.763000000000000000e+03 1.161706357167179857e-06
2.764000000000000000e+03 1.161705855397840989e-06
2.765000000000000000e+03 1.161704759902465362e-06
2.766000000000000000e+03 1.161704450314772348e-06
2.767000000000000000e+03 1.161704246846316546e-06
2.768000000000000000e+03 1.161704063684267786e-06
2.769000000000000000e+03 1.161702335476849195e-06
2.770000000000000000e+03 1.161701893225568491e-06
2.771000000000000000e+03 1.161701425693660917e-06
2.772000000000000000e+03 1.161699957496977506e-06
2.773000000000000000e+03 1.161699276393363107e-06
2.774000000000000000e+03 1.161698561232347279e-06
2.775000000000000000e+03 1.161697851805757422e-06
2.776000000000000000e+03 1.161697142951641981e-06
2.777000000000000000e+03 1.161696671914576970e-06
2.778000000000000000e+03 1.161697248096587381e-06
2.779000000000000000e+03 1.161695145152181219e-06
2.780000000000000000e+03 1.161693805693543278e-06
2.781000000000000000e+03 1.161693511606407297e-06
2.782000000000000000e+03 1.161693640018366471e-06
2.783000000000000000e+03 1.161691938506200241e-06
2.784000000000000000e+03 1.161691569441064715e-06
2.785000000000000000e+03 1.161690388629177449e-06
2.786000000000000000e+03 1.161689888039524025e-06
2.787000000000000000e+03 1.161689177977667292e-06
2.788000000000000000e+03 1.161688337175966407e-06
2.789000000000000000e+03 1.161687773199955723e-06
2.790000000000000000e+03 1.161687762822293553e-06
2.791000000000000000e+03 1.161688282658529454e-06
2.792000000000000000e+03 1.161686583710671615e-06
2.793000000000000000e+03 1.161685210754267338e-06
2.794000000000000000e+03 1.161684254346964054e-06
2.795000000000000000e+03 1.161683715896469324e-06
2.796000000000000000e+03 1.161682695762161985e-06
2.797000000000000000e+03 1.161682365981719987e-06
2.798000000000000000e+03 1.161682704808854603e-06
2.799000000000000000e+03 1.161681903426055168e-06
2.800000000000000000e+03 1.161680066834929837e-06
2.801000000000000000e+03 1.161680344117137974e-06
2.802000000000000000e+03 1.161679378383872133e-06
2.803000000000000000e+03 1.161678061394734047e-06
2.804000000000000000e+03 1.161677167781400074e-06
2.805000000000000000e+03 1.161676376057256562e-06
2.806000000000000000e+03 1.161676427962619665e-06
2.807000000000000000e+03 1.161675808303255316e-06
2.808000000000000000e+03 1.161674641571357021e-06
2.809000000000000000e+03 1.161673592143281929e-06
2.810000000000000000e+03 1.161673019841113979e-06
2.811000000000000000e+03 1.161672849817092143e-06
2.812000000000000000e+03 1.161672054993455601e-06
2.813000000000000000e+03 1.161672457388806934e-06
2.814000000000000000e+03 1.161671123045689589e-06
2.815000000000000000e+03 1.161669689495325686e-06
2.816000000000000000e+03 1.161669338215352813e-06
2.817000000000000000e+03 1.161668947073606889e-06
2.818000000000000000e+03 1.161667736878286231e-06
2.819000000000000000e+03 1.161667206483569708e-06
2.820000000000000000e+03 1.161666885419118125e-06
2.821000000000000000e+03 1.161665577856370422e-06
2.822000000000000000e+03 1.161666278910589108e-06
2.823000000000000000e+03 1.161664473533233300e-06
2.824000000000000000e+03 1.161664089719227214e-06
2.825000000000000000e+03 1.161663936209979122e-06
2.826000000000000000e+03 1.161662342228310332e-06
2.827000000000000000e+03 1.161662282286744165e-06
2.828000000000000000e+03 1.161661273113777330e-06
2.829000000000000000e+03 1.161661355243040572e-06
