0.000000000000000000e+00 1.555690333577441908e-03
1.000000000000000000e+00 3.874643955349028608e-04
2.000000000000000000e+00 3.621739552614315107e-04
3.000000000000000000e+00 3.494753800113817072e-04
4.000000000000000000e+00 3.335801658294775245e-04
5.000000000000000000e+00 2.949929568607920953e-04
6.000000000000000000e+00 2.415872265471786704e-04
7.000000000000000000e+00 1.657477653968580055e-04
8.000000000000000000e+00 1.318146087918099958e-04
9.000000000000000000e+00 1.287241737387631590e-04
1.000000000000000000e+01 1.280346146413506342e-04
1.100000000000000000e+01 1.231022498741649669e-04
1.200000000000000000e+01 1.200367545057608756e-04
1.300000000000000000e+01 1.357853979497227370e-04
1.400000000000000000e+01 1.190553961147882865e-04
1.500000000000000000e+01 1.168785782677696212e-04
1.600000000000000000e+01 1.215483484268404352e-04
1.700000000000000000e+01 1.227406658452565426e-04
1.800000000000000000e+01 1.257537039840061674e-04
1.900000000000000000e+01 1.327883652102817788e-04
2.000000000000000000e+01 1.197486877833109554e-04
2.100000000000000000e+01 1.197697427155558573e-04
2.200000000000000000e+01 1.196304232511484218e-04
2.300000000000000000e+01 1.176109951803081227e-04
2.400000000000000000e+01 1.162932603585620678e-04
2.500000000000000000e+01 1.148764294283907851e-04
2.600000000000000000e+01 1.150320125868588343e-04
2.700000000000000000e+01 1.161553952014190906e-04
2.800000000000000000e+01 1.164090559373096782e-04
2.900000000000000000e+01 1.134642560039331367e-04
3.000000000000000000e+01 1.133244931431145206e-04
3.100000000000000000e+01 1.129273493961377797e-04
3.200000000000000000e+01 1.128088144984429022e-04
3.300000000000000000e+01 1.134389337314222531e-04
3.400000000000000000e+01 1.144290088881557262e-04
3.500000000000000000e+01 1.179283534432583981e-04
3.600000000000000000e+01 1.143450933542843219e-04
3.700000000000000000e+01 1.185303324787153543e-04
3.800000000000000000e+01 1.168748061310318203e-04
3.900000000000000000e+01 1.140973953358173751e-04
4.000000000000000000e+01 1.112683110050129815e-04
4.100000000000000000e+01 1.110782891841113727e-04
4.200000000000000000e+01 1.156662971015606252e-04
4.300000000000000000e+01 1.123305369858300460e-04
4.400000000000000000e+01 1.114286502162354590e-04
4.500000000000000000e+01 1.204850080557657129e-04
4.600000000000000000e+01 1.237140357502372449e-04
4.700000000000000000e+01 1.099005037639300949e-04
4.800000000000000000e+01 1.120916723429520593e-04
4.900000000000000000e+01 1.163945380911269239e-04
5.000000000000000000e+01 1.135804269647123718e-04
5.100000000000000000e+01 1.154387157458096276e-04
5.200000000000000000e+01 1.122132491040849254e-04
5.300000000000000000e+01 1.107890611557065696e-04
5.400000000000000000e+01 1.116827693034359560e-04
5.500000000000000000e+01 1.097323516873409372e-04
5.600000000000000000e+01 1.134283715969373695e-04
5.700000000000000000e+01 1.182675738158777188e-04
5.800000000000000000e+01 1.163952372738544808e-04
5.900000000000000000e+01 1.186115799345601249e-04
6.000000000000000000e+01 1.119439318606056427e-04
6.100000000000000000e+01 1.101074712473625516e-04
6.200000000000000000e+01 1.117533235465655554e-04
6.300000000000000000e+01 1.118933096389530081e-04
6.400000000000000000e+01 1.098496550711507640e-04
6.500000000000000000e+01 1.107375150851535868e-04
6.600000000000000000e+01 1.141331474160967718e-04
6.700000000000000000e+01 1.107515091395821219e-04
6.800000000000000000e+01 1.106160480323419107e-04
6.900000000000000000e+01 1.100971809737951807e-04
7.000000000000000000e+01 1.100383226350813769e-04
7.100000000000000000e+01 1.126907519311069452e-04
7.200000000000000000e+01 1.118427144003940435e-04
7.300000000000000000e+01 1.136354299821529023e-04
7.400000000000000000e+01 1.085109796190098560e-04
7.500000000000000000e+01 1.086196945464945612e-04
7.600000000000000000e+01 1.100897855071373042e-04
7.700000000000000000e+01 1.102024013899004836e-04
7.800000000000000000e+01 1.114189128255398565e-04
7.900000000000000000e+01 1.121958960217720163e-04
8.000000000000000000e+01 1.161599418436905055e-04
8.100000000000000000e+01 1.127376328627649617e-04
8.200000000000000000e+01 1.113082789704129854e-04
8.300000000000000000e+01 1.097711472837092797e-04
8.400000000000000000e+01 1.162095050886012587e-04
8.500000000000000000e+01 1.095337873466395288e-04
8.600000000000000000e+01 1.119334606702888083e-04
8.700000000000000000e+01 1.076648481591680254e-04
8.800000000000000000e+01 1.075943898061305844e-04
8.900000000000000000e+01 1.088054553184460046e-04
9.000000000000000000e+01 1.090750987671951688e-04
9.100000000000000000e+01 1.085079646051801246e-04
9.200000000000000000e+01 1.082255516527429645e-04
9.300000000000000000e+01 1.097936274915565694e-04
9.400000000000000000e+01 1.087982442705659166e-04
9.500000000000000000e+01 1.075734944442796224e-04
9.600000000000000000e+01 1.094421492870943375e-04
9.700000000000000000e+01 1.088196799144612560e-04
9.800000000000000000e+01 1.070348084337139532e-04
9.900000000000000000e+01 1.068228092119767250e-04
1.000000000000000000e+02 1.069537906451142027e-04
1.010000000000000000e+02 1.081392119007408532e-04
1.020000000000000000e+02 1.082044519137763888e-04
1.030000000000000000e+02 1.079368197374223963e-04
1.040000000000000000e+02 1.125984649664230113e-04
1.050000000000000000e+02 1.130292199345016730e-04
1.060000000000000000e+02 1.094961129242319193e-04
1.070000000000000000e+02 1.081585625134662032e-04
1.080000000000000000e+02 1.079546740403029191e-04
1.090000000000000000e+02 1.088595403775853121e-04
1.100000000000000000e+02 1.081143825092343582e-04
1.110000000000000000e+02 1.103651604273807758e-04
1.120000000000000000e+02 1.064110693628406612e-04
1.130000000000000000e+02 1.081852638755389953e-04
1.140000000000000000e+02 1.086892569964695722e-04
1.150000000000000000e+02 1.067124380037971765e-04
1.160000000000000000e+02 1.061271792439893839e-04
1.170000000000000000e+02 1.089156860095924446e-04
1.180000000000000000e+02 1.057037175118263894e-04
1.190000000000000000e+02 1.058282623261662728e-04
1.200000000000000000e+02 1.068273777644343568e-04
1.210000000000000000e+02 1.073449916710640260e-04
1.220000000000000000e+02 1.074187293186963443e-04
1.230000000000000000e+02 1.056905510321488916e-04
1.240000000000000000e+02 1.063050668675638469e-04
1.250000000000000000e+02 1.066451232973089874e-04
1.260000000000000000e+02 1.072746826154021677e-04
1.270000000000000000e+02 1.066388864754963799e-04
1.280000000000000000e+02 1.070173093188774461e-04
1.290000000000000000e+02 1.049188117830433342e-04
1.300000000000000000e+02 1.057887746826503963e-04
1.310000000000000000e+02 1.048836109632258850e-04
1.320000000000000000e+02 1.055669837636009212e-04
1.330000000000000000e+02 1.045482680967444058e-04
1.340000000000000000e+02 1.044505002938585914e-04
1.350000000000000000e+02 1.043341853078659292e-04
1.360000000000000000e+02 1.048803763533917821e-04
1.370000000000000000e+02 1.068834464890519207e-04
1.380000000000000000e+02 1.040877745382303408e-04
1.390000000000000000e+02 1.044121358655651795e-04
1.400000000000000000e+02 1.079265726290543726e-04
1.410000000000000000e+02 1.056944265970050708e-04
1.420000000000000000e+02 1.042193720580527960e-04
1.430000000000000000e+02 1.060927818018390603e-04
1.440000000000000000e+02 1.052830498565501642e-04
1.450000000000000000e+02 1.044661025901993690e-04
1.460000000000000000e+02 1.033043069909693468e-04
1.470000000000000000e+02 1.057925131897893221e-04
1.480000000000000000e+02 1.054069071699900067e-04
1.490000000000000000e+02 1.038267818317022216e-04
1.500000000000000000e+02 1.061427732802689745e-04
1.510000000000000000e+02 1.049315238545957989e-04
1.520000000000000000e+02 1.038484051388657462e-04
1.530000000000000000e+02 1.040977612939305951e-04
1.540000000000000000e+02 1.036651318517531800e-04
1.550000000000000000e+02 1.034687518228118711e-04
1.560000000000000000e+02 1.038372726848669033e-04
1.570000000000000000e+02 1.063522369462425077e-04
1.580000000000000000e+02 1.029401418969376410e-04
1.590000000000000000e+02 1.030724103596841995e-04
1.600000000000000000e+02 1.027490616530640170e-04
1.610000000000000000e+02 1.036430113297161470e-04
1.620000000000000000e+02 1.031875442090172056e-04
1.630000000000000000e+02 1.026959359497466116e-04
1.640000000000000000e+02 1.027254009837943219e-04
1.650000000000000000e+02 1.039293955414349061e-04
1.660000000000000000e+02 1.052945630324485162e-04
1.670000000000000000e+02 1.034556073536243751e-04
1.680000000000000000e+02 1.050327372733202960e-04
1.690000000000000000e+02 1.030533341509380570e-04
1.700000000000000000e+02 1.018578795590306950e-04
1.710000000000000000e+02 1.019847616101123835e-04
1.720000000000000000e+02 1.017220889261524655e-04
1.730000000000000000e+02 1.027435232537707315e-04
1.740000000000000000e+02 1.015497551088183006e-04
1.750000000000000000e+02 1.025506418299767250e-04
1.760000000000000000e+02 1.013123079114892558e-04
1.770000000000000000e+02 1.026614380182738854e-04
1.780000000000000000e+02 1.043988166661133685e-04
1.790000000000000000e+02 1.017718989756621255e-04
1.800000000000000000e+02 1.012507291044985856e-04
1.810000000000000000e+02 1.018846185457380013e-04
1.820000000000000000e+02 1.018659057348887974e-04
1.830000000000000000e+02 1.012167057123211151e-04
1.840000000000000000e+02 1.015396468654647757e-04
1.850000000000000000e+02 1.025063110909963174e-04
1.860000000000000000e+02 1.011002207607440538e-04
1.870000000000000000e+02 1.011943949562841156e-04
1.880000000000000000e+02 1.015280646363790070e-04
1.890000000000000000e+02 1.024478684987189229e-04
1.900000000000000000e+02 1.015990517607546866e-04
1.910000000000000000e+02 1.023841578058250760e-04
1.920000000000000000e+02 1.011726504390145247e-04
1.930000000000000000e+02 1.017978245000582759e-04
1.940000000000000000e+02 9.995829337838658762e-05
1.950000000000000000e+02 1.015681352596247089e-04
1.960000000000000000e+02 1.002596781601468301e-04
1.970000000000000000e+02 1.001312378865027266e-04
1.980000000000000000e+02 1.014640077965749256e-04
1.990000000000000000e+02 9.990212764006336111e-05
2.000000000000000000e+02 9.975632529319573914e-05
2.010000000000000000e+02 9.947719038473476136e-05
2.020000000000000000e+02 1.012680376295179438e-04
2.030000000000000000e+02 1.036765454730638139e-04
2.040000000000000000e+02 1.007187286001583627e-04
2.050000000000000000e+02 9.988874666997314114e-05
2.060000000000000000e+02 9.903735543935807519e-05
2.070000000000000000e+02 9.881543982209128549e-05
2.080000000000000000e+02 9.903097380019978458e-05
2.090000000000000000e+02 1.010005931753280722e-04
2.100000000000000000e+02 1.024055353724548980e-04
2.110000000000000000e+02 9.870230908693018149e-05
2.120000000000000000e+02 9.830685658431815557e-05
2.130000000000000000e+02 9.854516005195875969e-05
2.140000000000000000e+02 9.817180297385623563e-05
2.150000000000000000e+02 9.923628138302011158e-05
2.160000000000000000e+02 1.011967594471450483e-04
2.170000000000000000e+02 9.830619662212971438e-05
2.180000000000000000e+02 9.832182267724676975e-05
2.190000000000000000e+02 9.788814225141719732e-05
2.200000000000000000e+02 9.769907329291633333e-05
2.210000000000000000e+02 9.868264278923187733e-05
2.220000000000000000e+02 9.750925425550405212e-05
2.230000000000000000e+02 9.859154246284122618e-05
2.240000000000000000e+02 9.735896535751876145e-05
2.250000000000000000e+02 9.823549299852435250e-05
2.260000000000000000e+02 9.789768695222306660e-05
2.270000000000000000e+02 9.793977312164634517e-05
2.280000000000000000e+02 9.694907460490353643e-05
2.290000000000000000e+02 9.779146800246981211e-05
2.300000000000000000e+02 9.724504232095269949e-05
2.310000000000000000e+02 9.680460505822666953e-05
2.320000000000000000e+02 9.669016369239874465e-05
2.330000000000000000e+02 9.800785495637641832e-05
2.340000000000000000e+02 9.792053699351245262e-05
2.350000000000000000e+02 9.640711190536325863e-05
2.360000000000000000e+02 9.682414616171882967e-05
2.370000000000000000e+02 9.853499859183524124e-05
2.380000000000000000e+02 9.828569309862887626e-05
2.390000000000000000e+02 9.605838257447339712e-05
2.400000000000000000e+02 9.703594214031130449e-05
2.410000000000000000e+02 9.760645133251639083e-05
2.420000000000000000e+02 9.618628154249277357e-05
2.430000000000000000e+02 9.623064093944816791e-05
2.440000000000000000e+02 9.610502566017464386e-05
2.450000000000000000e+02 9.539363519183436508e-05
2.460000000000000000e+02 9.616833431632312444e-05
2.470000000000000000e+02 9.556402134320379717e-05
2.480000000000000000e+02 9.547499399085930842e-05
2.490000000000000000e+02 9.557098658849093808e-05
2.500000000000000000e+02 9.536653678129917316e-05
2.510000000000000000e+02 9.571989272312729697e-05
2.520000000000000000e+02 9.510067440527601680e-05
2.530000000000000000e+02 9.492697718971931172e-05
2.540000000000000000e+02 9.490380099101332638e-05
2.550000000000000000e+02 9.435779559038815715e-05
2.560000000000000000e+02 9.572547984524190569e-05
2.570000000000000000e+02 9.493715372230763149e-05
2.580000000000000000e+02 9.418183996566043339e-05
2.590000000000000000e+02 9.515668731663062027e-05
2.600000000000000000e+02 9.450483635221311343e-05
2.610000000000000000e+02 9.407511451353455607e-05
2.620000000000000000e+02 9.428213002750704787e-05
2.630000000000000000e+02 9.423330181071720984e-05
2.640000000000000000e+02 9.412911909862581100e-05
2.650000000000000000e+02 9.418976346751528443e-05
2.660000000000000000e+02 9.405119873369990457e-05
2.670000000000000000e+02 9.412074468699978226e-05
2.680000000000000000e+02 9.432126116173237033e-05
2.690000000000000000e+02 9.416907897013056413e-05
2.700000000000000000e+02 9.303855033340756081e-05
2.710000000000000000e+02 9.317292389310367223e-05
2.720000000000000000e+02 9.517576185679216716e-05
2.730000000000000000e+02 9.301380499759332268e-05
2.740000000000000000e+02 9.287872049944608964e-05
2.750000000000000000e+02 9.397226648190768101e-05
2.760000000000000000e+02 9.375072253449102065e-05
2.770000000000000000e+02 9.242109560356318075e-05
2.780000000000000000e+02 9.220716159902071134e-05
2.790000000000000000e+02 9.230385077528912674e-05
2.800000000000000000e+02 9.239945669136561323e-05
2.810000000000000000e+02 9.214968676391666503e-05
2.820000000000000000e+02 9.227801912116417871e-05
2.830000000000000000e+02 9.244289603543830462e-05
2.840000000000000000e+02 9.224722279351997404e-05
2.850000000000000000e+02 9.255986243582921963e-05
2.860000000000000000e+02 9.211842375237853844e-05
2.870000000000000000e+02 9.144129564635114461e-05
2.880000000000000000e+02 9.200089935694987474e-05
2.890000000000000000e+02 9.173431104125309677e-05
2.900000000000000000e+02 9.138440010449593942e-05
2.910000000000000000e+02 9.197940818739909138e-05
2.920000000000000000e+02 9.139670653058921902e-05
2.930000000000000000e+02 9.156069507900314115e-05
2.940000000000000000e+02 9.097474769343713932e-05
2.950000000000000000e+02 9.114020269766920791e-05
2.960000000000000000e+02 9.075202824777051113e-05
2.970000000000000000e+02 9.060852290049973884e-05
2.980000000000000000e+02 9.083013033151760116e-05
2.990000000000000000e+02 9.072875338662729689e-05
3.000000000000000000e+02 9.053050603312076336e-05
3.010000000000000000e+02 9.049288438839336998e-05
3.020000000000000000e+02 9.084346337692099198e-05
3.030000000000000000e+02 9.038022267178988671e-05
3.040000000000000000e+02 9.042072693197993429e-05
3.050000000000000000e+02 9.065541152003173380e-05
3.060000000000000000e+02 9.037317532736679809e-05
3.070000000000000000e+02 9.011873556556842277e-05
3.080000000000000000e+02 8.985213572637990281e-05
3.090000000000000000e+02 8.971645494856386759e-05
3.100000000000000000e+02 8.969722898524082192e-05
3.110000000000000000e+02 8.947489148257858503e-05
3.120000000000000000e+02 8.932818229316077333e-05
3.130000000000000000e+02 9.019613274823998737e-05
3.140000000000000000e+02 8.982249638947837169e-05
3.150000000000000000e+02 8.919468102737187955e-05
3.160000000000000000e+02 8.936694646809214388e-05
3.170000000000000000e+02 8.879743082521245696e-05
3.180000000000000000e+02 8.910140784319400375e-05
3.190000000000000000e+02 8.880444722905917777e-05
3.200000000000000000e+02 8.875021017880388820e-05
3.210000000000000000e+02 8.912815288460791859e-05
3.220000000000000000e+02 8.856865689478570110e-05
3.230000000000000000e+02 8.889549756847412929e-05
3.240000000000000000e+02 8.820842579965229829e-05
3.250000000000000000e+02 8.820779595711454070e-05
3.260000000000000000e+02 8.842690507076479060e-05
3.270000000000000000e+02 8.826325974299774530e-05
3.280000000000000000e+02 8.797571979389858128e-05
3.290000000000000000e+02 8.815907798631462500e-05
3.300000000000000000e+02 8.813706745279726749e-05
3.310000000000000000e+02 8.822656334391070995e-05
3.320000000000000000e+02 8.769078369793525095e-05
3.330000000000000000e+02 8.771099235325917581e-05
3.340000000000000000e+02 8.723889382349012394e-05
3.350000000000000000e+02 8.778316864481136887e-05
3.360000000000000000e+02 8.789776684437950230e-05
3.370000000000000000e+02 8.733363846501975729e-05
3.380000000000000000e+02 8.716502817181272515e-05
3.390000000000000000e+02 8.678609610403325214e-05
3.400000000000000000e+02 8.712780890590617359e-05
3.410000000000000000e+02 8.728672105014437395e-05
3.420000000000000000e+02 8.674180011088514089e-05
3.430000000000000000e+02 8.681847731501331428e-05
3.440000000000000000e+02 8.669487763612754327e-05
3.450000000000000000e+02 8.705095428731475277e-05
3.460000000000000000e+02 8.722345153583994264e-05
3.470000000000000000e+02 8.649939662016627488e-05
3.480000000000000000e+02 8.669125525503782381e-05
3.490000000000000000e+02 8.723599332064805299e-05
3.500000000000000000e+02 8.637008218431794625e-05
3.510000000000000000e+02 8.598245581025269204e-05
3.520000000000000000e+02 8.618313412420646304e-05
3.530000000000000000e+02 8.609398127483329814e-05
3.540000000000000000e+02 8.585434868474754700e-05
3.550000000000000000e+02 8.580806058282649119e-05
3.560000000000000000e+02 8.588782019238159506e-05
3.570000000000000000e+02 8.576207404809577648e-05
3.580000000000000000e+02 8.544639915770002451e-05
3.590000000000000000e+02 8.554735216329620447e-05
3.600000000000000000e+02 8.549892634651768222e-05
3.610000000000000000e+02 8.629315718817027147e-05
3.620000000000000000e+02 8.525431663834062246e-05
3.630000000000000000e+02 8.553457710136064794e-05
3.640000000000000000e+02 8.477405055388316740e-05
3.650000000000000000e+02 8.531277897572157258e-05
3.660000000000000000e+02 8.556679399583873617e-05
3.670000000000000000e+02 8.487621796821547644e-05
3.680000000000000000e+02 8.476254043918849041e-05
3.690000000000000000e+02 8.498018141723303210e-05
3.700000000000000000e+02 8.482258072200548552e-05
3.710000000000000000e+02 8.461298167658298178e-05
3.720000000000000000e+02 8.468704605927039521e-05
3.730000000000000000e+02 8.474182593387125702e-05
3.740000000000000000e+02 8.491699469477817584e-05
3.750000000000000000e+02 8.431235128490017757e-05
3.760000000000000000e+02 8.430408025459681638e-05
3.770000000000000000e+02 8.480106449492547625e-05
3.780000000000000000e+02 8.466832538051258261e-05
3.790000000000000000e+02 8.445073461859099457e-05
3.800000000000000000e+02 8.384470204327752133e-05
3.810000000000000000e+02 8.420741484720635299e-05
3.820000000000000000e+02 8.407455227383284820e-05
3.830000000000000000e+02 8.386851524201711949e-05
3.840000000000000000e+02 8.401344052144143809e-05
3.850000000000000000e+02 8.378152860746270955e-05
3.860000000000000000e+02 8.365190746412779724e-05
3.870000000000000000e+02 8.373718859624890306e-05
3.880000000000000000e+02 8.378272600451506960e-05
3.890000000000000000e+02 8.386864302863049586e-05
3.900000000000000000e+02 8.336644203111266888e-05
3.910000000000000000e+02 8.328762189297127369e-05
3.920000000000000000e+02 8.326919669641195748e-05
3.930000000000000000e+02 8.325942729304758045e-05
3.940000000000000000e+02 8.309931651563290194e-05
3.950000000000000000e+02 8.298580448023236845e-05
3.960000000000000000e+02 8.311182425621501009e-05
3.970000000000000000e+02 8.309725565109767043e-05
3.980000000000000000e+02 8.298501750041349136e-05
3.990000000000000000e+02 8.283133753594894581e-05
4.000000000000000000e+02 8.291548040113257210e-05
4.010000000000000000e+02 8.322543681979186240e-05
4.020000000000000000e+02 8.290593513712644599e-05
4.030000000000000000e+02 8.255563190908098137e-05
4.040000000000000000e+02 8.242388913461594303e-05
4.050000000000000000e+02 8.248456673506339768e-05
4.060000000000000000e+02 8.242002580130950774e-05
4.070000000000000000e+02 8.228951102240901103e-05
4.080000000000000000e+02 8.226687942981403409e-05
4.090000000000000000e+02 8.221103228466119400e-05
4.100000000000000000e+02 8.221064433012606552e-05
4.110000000000000000e+02 8.205284156685119278e-05
4.120000000000000000e+02 8.217173892270246817e-05
4.130000000000000000e+02 8.206262326208636521e-05
4.140000000000000000e+02 8.196952751386894515e-05
4.150000000000000000e+02 8.179306257683159598e-05
4.160000000000000000e+02 8.179039527575474229e-05
4.170000000000000000e+02 8.185723205016517436e-05
4.180000000000000000e+02 8.168383762020678038e-05
4.190000000000000000e+02 8.160960170943856544e-05
4.200000000000000000e+02 8.154195843659713366e-05
4.210000000000000000e+02 8.153637291312288023e-05
4.220000000000000000e+02 8.141948507689092786e-05
4.230000000000000000e+02 8.215002797773905371e-05
4.240000000000000000e+02 8.163601761294192330e-05
4.250000000000000000e+02 8.132526150123802009e-05
4.260000000000000000e+02 8.133897005481162358e-05
4.270000000000000000e+02 8.143671162423485148e-05
4.280000000000000000e+02 8.127106174684620382e-05
4.290000000000000000e+02 8.113371699055564221e-05
4.300000000000000000e+02 8.104793149921684335e-05
4.310000000000000000e+02 8.097308166804283766e-05
4.320000000000000000e+02 8.112738948928721497e-05
4.330000000000000000e+02 8.114950096916416088e-05
4.340000000000000000e+02 8.088443001766980832e-05
4.350000000000000000e+02 8.087296800739132013e-05
4.360000000000000000e+02 8.069315064343516653e-05
4.370000000000000000e+02 8.073677222494315096e-05
4.380000000000000000e+02 8.100941084805473799e-05
4.390000000000000000e+02 8.064250515328735542e-05
4.400000000000000000e+02 8.046252637845628794e-05
4.410000000000000000e+02 8.053663648538642570e-05
4.420000000000000000e+02 8.045513498241107348e-05
4.430000000000000000e+02 8.035390815004550178e-05
4.440000000000000000e+02 8.032071065038072207e-05
4.450000000000000000e+02 8.025754052817450732e-05
4.460000000000000000e+02 8.054023060416813748e-05
4.470000000000000000e+02 8.046744978316894877e-05
4.480000000000000000e+02 8.023812282224743533e-05
4.490000000000000000e+02 8.014080557890165628e-05
4.500000000000000000e+02 8.015637775357757372e-05
4.510000000000000000e+02 8.008737247382810131e-05
4.520000000000000000e+02 8.020233843612363761e-05
4.530000000000000000e+02 7.997810487180560162e-05
4.540000000000000000e+02 8.002171258388562751e-05
4.550000000000000000e+02 8.007153994729385269e-05
4.560000000000000000e+02 7.983378756211818817e-05
4.570000000000000000e+02 7.970928541446546407e-05
4.580000000000000000e+02 7.975452365611407205e-05
4.590000000000000000e+02 7.969574330591160127e-05
4.600000000000000000e+02 7.966187556775544622e-05
4.610000000000000000e+02 7.972019404395304083e-05
4.620000000000000000e+02 7.953017282209960041e-05
4.630000000000000000e+02 7.964651943287243618e-05
4.640000000000000000e+02 7.952943136709608610e-05
4.650000000000000000e+02 7.937670260371299631e-05
4.660000000000000000e+02 7.952288720588825274e-05
4.670000000000000000e+02 7.955886352984344241e-05
4.680000000000000000e+02 7.933913747869376031e-05
4.690000000000000000e+02 7.965505112698352877e-05
4.700000000000000000e+02 7.917052028182614226e-05
4.710000000000000000e+02 7.928124857455953831e-05
4.720000000000000000e+02 7.923610880031431013e-05
4.730000000000000000e+02 7.947326188955774529e-05
4.740000000000000000e+02 7.926795417184443989e-05
4.750000000000000000e+02 7.904919162595672871e-05
4.760000000000000000e+02 7.903865223609175328e-05
4.770000000000000000e+02 7.898912677598666642e-05
4.780000000000000000e+02 7.904304593712744242e-05
4.790000000000000000e+02 7.891927098250268026e-05
4.800000000000000000e+02 7.889962979634488152e-05
4.810000000000000000e+02 7.879239906192961990e-05
4.820000000000000000e+02 7.885972723784136999e-05
4.830000000000000000e+02 7.934157517467742922e-05
4.840000000000000000e+02 7.868806357064892410e-05
4.850000000000000000e+02 7.880825028223965747e-05
4.860000000000000000e+02 7.864543855790468970e-05
4.870000000000000000e+02 7.871444907464385059e-05
4.880000000000000000e+02 7.881244064718990994e-05
4.890000000000000000e+02 7.850993448839092858e-05
4.900000000000000000e+02 7.859071206131821165e-05
4.910000000000000000e+02 7.858163426502755571e-05
4.920000000000000000e+02 7.843904470812157611e-05
4.930000000000000000e+02 7.845957030449835770e-05
4.940000000000000000e+02 7.857337866276316784e-05
4.950000000000000000e+02 7.871437551845124672e-05
4.960000000000000000e+02 7.826280422161965508e-05
4.970000000000000000e+02 7.828825824923069554e-05
4.980000000000000000e+02 7.827813510165766979e-05
4.990000000000000000e+02 7.837812717371426847e-05
5.000000000000000000e+02 7.825316959881998451e-05
5.010000000000000000e+02 7.813688432961990698e-05
5.020000000000000000e+02 7.824416387865067212e-05
5.030000000000000000e+02 7.825292779788518664e-05
5.040000000000000000e+02 7.814317622100961389e-05
5.050000000000000000e+02 7.800273180886101707e-05
5.060000000000000000e+02 7.830881321576909401e-05
5.070000000000000000e+02 7.788446537357661761e-05
5.080000000000000000e+02 7.813219006057862048e-05
5.090000000000000000e+02 7.820538247344114354e-05
5.100000000000000000e+02 7.796458952860768079e-05
5.110000000000000000e+02 7.792995615997729052e-05
5.120000000000000000e+02 7.800216423514027457e-05
5.130000000000000000e+02 7.782509717347444800e-05
5.140000000000000000e+02 7.788524809294694693e-05
5.150000000000000000e+02 7.781966410343873976e-05
5.160000000000000000e+02 7.769790374252968999e-05
5.170000000000000000e+02 7.765455686527841621e-05
5.180000000000000000e+02 7.775970544555724727e-05
5.190000000000000000e+02 7.777730433804629811e-05
5.200000000000000000e+02 7.774365212690810155e-05
5.210000000000000000e+02 7.787712475659777970e-05
5.220000000000000000e+02 7.772687541824633737e-05
5.230000000000000000e+02 7.754422541636711954e-05
5.240000000000000000e+02 7.753904614148936941e-05
5.250000000000000000e+02 7.764118055948516681e-05
5.260000000000000000e+02 7.740145241764888957e-05
5.270000000000000000e+02 7.744995587084937483e-05
5.280000000000000000e+02 7.751269210527775093e-05
5.290000000000000000e+02 7.727736554283349602e-05
5.300000000000000000e+02 7.738623755785075829e-05
5.310000000000000000e+02 7.734453294592537071e-05
5.320000000000000000e+02 7.727850954509898668e-05
5.330000000000000000e+02 7.724040088954707583e-05
5.340000000000000000e+02 7.720174800438072001e-05
5.350000000000000000e+02 7.729480962026019284e-05
5.360000000000000000e+02 7.716792146298183353e-05
5.370000000000000000e+02 7.727291221824739305e-05
5.380000000000000000e+02 7.721477666535045067e-05
5.390000000000000000e+02 7.716176081598428473e-05
5.400000000000000000e+02 7.710059975054790770e-05
5.410000000000000000e+02 7.742313747282036614e-05
5.420000000000000000e+02 7.716771825607283801e-05
5.430000000000000000e+02 7.708552334635362414e-05
5.440000000000000000e+02 7.696527750195054235e-05
5.450000000000000000e+02 7.692138700805773929e-05
5.460000000000000000e+02 7.696803532267184266e-05
5.470000000000000000e+02 7.691301288262161913e-05
5.480000000000000000e+02 7.691470097782506378e-05
5.490000000000000000e+02 7.695631186865436839e-05
5.500000000000000000e+02 7.696233837501377192e-05
5.510000000000000000e+02 7.685540964432716234e-05
5.520000000000000000e+02 7.687454649667028756e-05
5.530000000000000000e+02 7.679543329686498037e-05
5.540000000000000000e+02 7.680014768468750096e-05
5.550000000000000000e+02 7.677112851015565622e-05
5.560000000000000000e+02 7.677825794638320903e-05
5.570000000000000000e+02 7.670528381179225579e-05
5.580000000000000000e+02 7.675859628684742603e-05
5.590000000000000000e+02 7.668632591132775529e-05
5.600000000000000000e+02 7.662662438973064159e-05
5.610000000000000000e+02 7.666068709617989373e-05
5.620000000000000000e+02 7.658067961656886131e-05
5.630000000000000000e+02 7.662966060288184606e-05
5.640000000000000000e+02 7.667195763726877117e-05
5.650000000000000000e+02 7.653282474531231930e-05
5.660000000000000000e+02 7.679263461630395776e-05
5.670000000000000000e+02 7.657899954019060386e-05
5.680000000000000000e+02 7.651212888694396618e-05
5.690000000000000000e+02 7.644426254641287558e-05
5.700000000000000000e+02 7.644844517337172807e-05
5.710000000000000000e+02 7.648238632033190236e-05
5.720000000000000000e+02 7.643402567914633005e-05
5.730000000000000000e+02 7.642548160456276289e-05
5.740000000000000000e+02 7.642525511396994849e-05
5.750000000000000000e+02 7.638928103062828307e-05
5.760000000000000000e+02 7.640693956782473341e-05
5.770000000000000000e+02 7.633900163044564499e-05
5.780000000000000000e+02 7.629792915311582103e-05
5.790000000000000000e+02 7.628299760500125120e-05
5.800000000000000000e+02 7.633386917295576553e-05
5.810000000000000000e+02 7.626622157715821036e-05
5.820000000000000000e+02 7.620919116044213226e-05
5.830000000000000000e+02 7.639271164127793925e-05
5.840000000000000000e+02 7.619998604256616754e-05
5.850000000000000000e+02 7.615620600217195256e-05
5.860000000000000000e+02 7.615670480945611247e-05
5.870000000000000000e+02 7.611974894005405163e-05
5.880000000000000000e+02 7.615976010779713923e-05
5.890000000000000000e+02 7.608436019459711562e-05
5.900000000000000000e+02 7.606029989571741761e-05
5.910000000000000000e+02 7.621567445754058600e-05
5.920000000000000000e+02 7.604604719534944536e-05
5.930000000000000000e+02 7.620188554743328600e-05
5.940000000000000000e+02 7.603962501900114919e-05
5.950000000000000000e+02 7.606499714963946572e-05
5.960000000000000000e+02 7.605574531715406604e-05
5.970000000000000000e+02 7.600516622931895335e-05
5.980000000000000000e+02 7.601100434338517692e-05
5.990000000000000000e+02 7.598882601458044339e-05
6.000000000000000000e+02 7.592207776923355362e-05
6.010000000000000000e+02 7.592354320783385529e-05
6.020000000000000000e+02 7.591466474717362589e-05
6.030000000000000000e+02 7.589863246332854637e-05
6.040000000000000000e+02 7.587428286479773237e-05
6.050000000000000000e+02 7.585292740650752415e-05
6.060000000000000000e+02 7.586847119918244142e-05
6.070000000000000000e+02 7.580064290753191181e-05
6.080000000000000000e+02 7.587153850958779859e-05
6.090000000000000000e+02 7.578441333277292045e-05
6.100000000000000000e+02 7.581622483473341215e-05
6.110000000000000000e+02 7.577126605421562221e-05
6.120000000000000000e+02 7.574751920557095731e-05
6.130000000000000000e+02 7.581065004811479073e-05
6.140000000000000000e+02 7.571426835988124670e-05
6.150000000000000000e+02 7.577005328075414538e-05
6.160000000000000000e+02 7.571665367028556140e-05
6.170000000000000000e+02 7.568720747365543882e-05
6.180000000000000000e+02 7.567344498979359450e-05
6.190000000000000000e+02 7.564315078216761576e-05
6.200000000000000000e+02 7.566439915505631048e-05
6.210000000000000000e+02 7.566814994451721919e-05
6.220000000000000000e+02 7.562598036149380330e-05
6.230000000000000000e+02 7.563222231265020567e-05
6.240000000000000000e+02 7.559100142542014074e-05
6.250000000000000000e+02 7.558890909073255171e-05
6.260000000000000000e+02 7.556245908637285917e-05
6.270000000000000000e+02 7.561158019984268370e-05
6.280000000000000000e+02 7.554313698182390591e-05
6.290000000000000000e+02 7.556798682661590980e-05
6.300000000000000000e+02 7.552922193480325944e-05
6.310000000000000000e+02 7.552360550638063290e-05
6.320000000000000000e+02 7.547821839523577252e-05
6.330000000000000000e+02 7.551093213406554568e-05
6.340000000000000000e+02 7.546966015306967937e-05
6.350000000000000000e+02 7.546704421809605039e-05
6.360000000000000000e+02 7.545955439782662080e-05
6.370000000000000000e+02 7.543746200349900506e-05
6.380000000000000000e+02 7.542755067074851045e-05
6.390000000000000000e+02 7.541394589404085960e-05
6.400000000000000000e+02 7.547651197388409818e-05
6.410000000000000000e+02 7.545588261277221746e-05
6.420000000000000000e+02 7.535641560179152183e-05
6.430000000000000000e+02 7.534331536443468057e-05
6.440000000000000000e+02 7.533633763869289519e-05
6.450000000000000000e+02 7.535456900723657553e-05
6.460000000000000000e+02 7.533570353118833991e-05
6.470000000000000000e+02 7.537339196134585186e-05
6.480000000000000000e+02 7.527677036959796314e-05
6.490000000000000000e+02 7.528425139667151210e-05
6.500000000000000000e+02 7.529693278576805187e-05
6.510000000000000000e+02 7.527651442278675980e-05
6.520000000000000000e+02 7.530139685080773887e-05
6.530000000000000000e+02 7.530670186613560484e-05
6.540000000000000000e+02 7.534326172359097416e-05
6.550000000000000000e+02 7.524419151372555947e-05
6.560000000000000000e+02 7.522394449195022063e-05
6.570000000000000000e+02 7.520049842964723094e-05
6.580000000000000000e+02 7.524237663155823900e-05
6.590000000000000000e+02 7.518548970504287997e-05
6.600000000000000000e+02 7.521031677387513611e-05
6.610000000000000000e+02 7.518177367568703033e-05
6.620000000000000000e+02 7.518147356832054174e-05
6.630000000000000000e+02 7.512176202662211577e-05
6.640000000000000000e+02 7.520498828342533156e-05
6.650000000000000000e+02 7.512123127046556163e-05
6.660000000000000000e+02 7.516802318812742590e-05
6.670000000000000000e+02 7.510742228315309089e-05
6.680000000000000000e+02 7.511839692439398219e-05
6.690000000000000000e+02 7.512514242169792604e-05
6.700000000000000000e+02 7.508753894434628531e-05
6.710000000000000000e+02 7.508727151695739012e-05
6.720000000000000000e+02 7.509178001646517212e-05
6.730000000000000000e+02 7.505853049516152402e-05
6.740000000000000000e+02 7.503573959158743839e-05
6.750000000000000000e+02 7.503701510874461161e-05
6.760000000000000000e+02 7.502227939310626714e-05
6.770000000000000000e+02 7.500939493998644866e-05
6.780000000000000000e+02 7.500830554480245570e-05
6.790000000000000000e+02 7.502153634642330074e-05
6.800000000000000000e+02 7.499133088207636402e-05
6.810000000000000000e+02 7.498274391828172044e-05
6.820000000000000000e+02 7.498762085249513899e-05
6.830000000000000000e+02 7.496502901782438268e-05
6.840000000000000000e+02 7.496991959823509188e-05
6.850000000000000000e+02 7.495838946351584989e-05
6.860000000000000000e+02 7.501382429812893517e-05
6.870000000000000000e+02 7.496554733958677851e-05
6.880000000000000000e+02 7.495381760140510231e-05
6.890000000000000000e+02 7.490577712364852869e-05
6.900000000000000000e+02 7.493554273556921454e-05
6.910000000000000000e+02 7.491810951044437653e-05
6.920000000000000000e+02 7.493289599664308426e-05
6.930000000000000000e+02 7.488039857567147873e-05
6.940000000000000000e+02 7.488239721337290350e-05
6.950000000000000000e+02 7.487087550800775938e-05
6.960000000000000000e+02 7.487117143744306715e-05
6.970000000000000000e+02 7.489905059122005837e-05
6.980000000000000000e+02 7.485413036195975097e-05
6.990000000000000000e+02 7.485048461589103967e-05
7.000000000000000000e+02 7.483389419180625933e-05
7.010000000000000000e+02 7.483590381005061573e-05
7.020000000000000000e+02 7.483469283433267930e-05
7.030000000000000000e+02 7.483925464461127107e-05
7.040000000000000000e+02 7.483901154962309421e-05
7.050000000000000000e+02 7.482859560555296479e-05
7.060000000000000000e+02 7.477860563623379866e-05
7.070000000000000000e+02 7.481232576690111341e-05
7.080000000000000000e+02 7.479672826404231269e-05
7.090000000000000000e+02 7.476827491291121518e-05
7.100000000000000000e+02 7.476381466898956497e-05
7.110000000000000000e+02 7.477776250273764601e-05
7.120000000000000000e+02 7.480278535109199933e-05
7.130000000000000000e+02 7.473541704271066319e-05
7.140000000000000000e+02 7.474776312571475463e-05
7.150000000000000000e+02 7.474874906609895342e-05
7.160000000000000000e+02 7.474913425719519012e-05
7.170000000000000000e+02 7.474390869128341860e-05
7.180000000000000000e+02 7.473172462677522311e-05
7.190000000000000000e+02 7.473089755448593255e-05
7.200000000000000000e+02 7.471315126804535913e-05
7.210000000000000000e+02 7.472128060163916519e-05
7.220000000000000000e+02 7.470166308947204497e-05
7.230000000000000000e+02 7.469083406214834507e-05
7.240000000000000000e+02 7.467727700371040527e-05
7.250000000000000000e+02 7.468651756712781011e-05
7.260000000000000000e+02 7.472687284080285167e-05
7.270000000000000000e+02 7.466171040697578136e-05
7.280000000000000000e+02 7.468068863035216007e-05
7.290000000000000000e+02 7.467096198755691645e-05
7.300000000000000000e+02 7.466327396684135985e-05
7.310000000000000000e+02 7.463444685499772411e-05
7.320000000000000000e+02 7.465046330364188238e-05
7.330000000000000000e+02 7.462870400858275801e-05
7.340000000000000000e+02 7.461813053764689073e-05
7.350000000000000000e+02 7.463059357383896100e-05
7.360000000000000000e+02 7.462564511277916632e-05
7.370000000000000000e+02 7.459854368555310052e-05
7.380000000000000000e+02 7.461408753664340783e-05
7.390000000000000000e+02 7.463066511530870367e-05
7.400000000000000000e+02 7.459955811882273209e-05
7.410000000000000000e+02 7.458228883361931957e-05
7.420000000000000000e+02 7.460875827143755728e-05
7.430000000000000000e+02 7.457440453771405835e-05
7.440000000000000000e+02 7.457485814191162378e-05
7.450000000000000000e+02 7.455966988045696110e-05
7.460000000000000000e+02 7.457209359176974095e-05
7.470000000000000000e+02 7.454685898665212678e-05
7.480000000000000000e+02 7.455701387329900537e-05
7.490000000000000000e+02 7.454780593880704098e-05
7.500000000000000000e+02 7.453727122841580655e-05
7.510000000000000000e+02 7.453151691097139187e-05
7.520000000000000000e+02 7.453802677623923593e-05
7.530000000000000000e+02 7.452631797603737106e-05
7.540000000000000000e+02 7.451798826596055367e-05
7.550000000000000000e+02 7.451533814362772297e-05
7.560000000000000000e+02 7.452945559066366922e-05
7.570000000000000000e+02 7.451952743344652293e-05
7.580000000000000000e+02 7.449749879994457379e-05
7.590000000000000000e+02 7.452401863898448699e-05
7.600000000000000000e+02 7.450600031836478155e-05
7.610000000000000000e+02 7.449533314926103740e-05
7.620000000000000000e+02 7.447873207145354780e-05
7.630000000000000000e+02 7.447312332121795980e-05
7.640000000000000000e+02 7.446868631050315831e-05
7.650000000000000000e+02 7.447048455593416512e-05
7.660000000000000000e+02 7.445670780192170787e-05
7.670000000000000000e+02 7.446981277208256870e-05
7.680000000000000000e+02 7.445230463991698254e-05
7.690000000000000000e+02 7.445524185539874990e-05
7.700000000000000000e+02 7.444448782760749984e-05
7.710000000000000000e+02 7.444332606420046622e-05
7.720000000000000000e+02 7.443967939717002953e-05
7.730000000000000000e+02 7.444106881405298116e-05
7.740000000000000000e+02 7.444073966913926420e-05
7.750000000000000000e+02 7.443043629817838931e-05
7.760000000000000000e+02 7.443036274563800177e-05
7.770000000000000000e+02 7.442186041907599184e-05
7.780000000000000000e+02 7.441615908645230458e-05
7.790000000000000000e+02 7.440758112933408780e-05
7.800000000000000000e+02 7.441056167782259369e-05
7.810000000000000000e+02 7.442622755470233058e-05
7.820000000000000000e+02 7.440715765646154260e-05
7.830000000000000000e+02 7.439886151908732656e-05
7.840000000000000000e+02 7.438998753058083716e-05
7.850000000000000000e+02 7.438748995829842488e-05
7.860000000000000000e+02 7.437790404076298197e-05
7.870000000000000000e+02 7.438973459534571619e-05
7.880000000000000000e+02 7.437696180618235363e-05
7.890000000000000000e+02 7.437435032100015787e-05
7.900000000000000000e+02 7.437486211838539158e-05
7.910000000000000000e+02 7.437201009906966415e-05
7.920000000000000000e+02 7.438887025767827797e-05
7.930000000000000000e+02 7.437487066608363957e-05
7.940000000000000000e+02 7.435933103447889237e-05
7.950000000000000000e+02 7.435268975419354910e-05
7.960000000000000000e+02 7.435084019379796278e-05
7.970000000000000000e+02 7.435618859895697195e-05
7.980000000000000000e+02 7.433812466932075724e-05
7.990000000000000000e+02 7.439024927705023885e-05
8.000000000000000000e+02 7.437739352454336510e-05
8.010000000000000000e+02 7.433366435753202192e-05
8.020000000000000000e+02 7.432512894267883112e-05
8.030000000000000000e+02 7.432193576403191748e-05
8.040000000000000000e+02 7.432704146276459959e-05
8.050000000000000000e+02 7.433017467005646924e-05
8.060000000000000000e+02 7.433861914302053605e-05
8.070000000000000000e+02 7.431092062643071918e-05
8.080000000000000000e+02 7.431727706160847846e-05
8.090000000000000000e+02 7.432462828261662195e-05
8.100000000000000000e+02 7.433083471573484740e-05
8.110000000000000000e+02 7.430237011919619064e-05
8.120000000000000000e+02 7.429749177569171259e-05
8.130000000000000000e+02 7.429117648391481404e-05
8.140000000000000000e+02 7.429750299870832857e-05
8.150000000000000000e+02 7.428678219833716146e-05
8.160000000000000000e+02 7.429188483378676368e-05
8.170000000000000000e+02 7.428955897098559337e-05
8.180000000000000000e+02 7.429240982936765334e-05
8.190000000000000000e+02 7.427676649300810736e-05
8.200000000000000000e+02 7.429865235753120708e-05
8.210000000000000000e+02 7.426777684215536733e-05
8.220000000000000000e+02 7.427387271329374688e-05
8.230000000000000000e+02 7.427192330064766909e-05
8.240000000000000000e+02 7.426824109109034363e-05
8.250000000000000000e+02 7.426354419414501855e-05
8.260000000000000000e+02 7.427614350507859362e-05
8.270000000000000000e+02 7.425129443051858532e-05
8.280000000000000000e+02 7.425729673371147253e-05
8.290000000000000000e+02 7.424969669394712146e-05
8.300000000000000000e+02 7.425262941991011959e-05
8.310000000000000000e+02 7.424500618666067216e-05
8.320000000000000000e+02 7.425187917312133944e-05
8.330000000000000000e+02 7.425074534725726412e-05
8.340000000000000000e+02 7.423349153203458964e-05
8.350000000000000000e+02 7.424755218254333773e-05
8.360000000000000000e+02 7.423247358834656167e-05
8.370000000000000000e+02 7.423111469267121450e-05
8.380000000000000000e+02 7.423303702112159339e-05
8.390000000000000000e+02 7.424130545267888001e-05
8.400000000000000000e+02 7.421943702237975308e-05
8.410000000000000000e+02 7.422279070785862683e-05
8.420000000000000000e+02 7.422014433579467683e-05
8.430000000000000000e+02 7.421766087677508263e-05
8.440000000000000000e+02 7.421617915876060358e-05
8.450000000000000000e+02 7.422546188707156048e-05
8.460000000000000000e+02 7.422591346377684324e-05
8.470000000000000000e+02 7.420854316909248629e-05
8.480000000000000000e+02 7.420795156790135504e-05
8.490000000000000000e+02 7.420048007481424006e-05
8.500000000000000000e+02 7.422608391403672033e-05
8.510000000000000000e+02 7.419912790175799057e-05
8.520000000000000000e+02 7.419338242821282164e-05
8.530000000000000000e+02 7.419091955388249469e-05
8.540000000000000000e+02 7.419039119043535711e-05
8.550000000000000000e+02 7.419125035216175292e-05
8.560000000000000000e+02 7.418731496602514396e-05
8.570000000000000000e+02 7.418904782099308693e-05
8.580000000000000000e+02 7.418996259710456884e-05
8.590000000000000000e+02 7.417877251232390598e-05
8.600000000000000000e+02 7.418965201494420996e-05
8.610000000000000000e+02 7.418747954271334537e-05
8.620000000000000000e+02 7.418052639315782021e-05
8.630000000000000000e+02 7.418317724505313880e-05
8.640000000000000000e+02 7.417681405429721341e-05
8.650000000000000000e+02 7.418652279212954433e-05
8.660000000000000000e+02 7.417688156342083024e-05
8.670000000000000000e+02 7.418307560613394752e-05
8.680000000000000000e+02 7.415894288090813327e-05
8.690000000000000000e+02 7.416491620335477800e-05
8.700000000000000000e+02 7.416069408939828303e-05
8.710000000000000000e+02 7.418167412785384033e-05
8.720000000000000000e+02 7.415570619312015967e-05
8.730000000000000000e+02 7.416789399573785429e-05
8.740000000000000000e+02 7.415131303020942150e-05
8.750000000000000000e+02 7.414585954023042978e-05
8.760000000000000000e+02 7.414899282767760998e-05
8.770000000000000000e+02 7.414560587015359659e-05
8.780000000000000000e+02 7.414437782832717825e-05
8.790000000000000000e+02 7.414392904146749341e-05
8.800000000000000000e+02 7.414377749783207842e-05
8.810000000000000000e+02 7.413737494945710118e-05
8.820000000000000000e+02 7.413797954421002536e-05
8.830000000000000000e+02 7.413994935805149819e-05
8.840000000000000000e+02 7.413201407184888468e-05
8.850000000000000000e+02 7.413520260396558098e-05
8.860000000000000000e+02 7.414904781713433724e-05
8.870000000000000000e+02 7.412528707166565962e-05
8.880000000000000000e+02 7.413637600804491383e-05
8.890000000000000000e+02 7.412802578911684669e-05
8.900000000000000000e+02 7.412281112184175038e-05
8.910000000000000000e+02 7.411924517857909893e-05
8.920000000000000000e+02 7.412792295762341780e-05
8.930000000000000000e+02 7.412277016832010280e-05
8.940000000000000000e+02 7.411490065169616952e-05
8.950000000000000000e+02 7.411861600109098105e-05
8.960000000000000000e+02 7.411543074919724758e-05
8.970000000000000000e+02 7.411153355624173252e-05
8.980000000000000000e+02 7.411056898930136071e-05
8.990000000000000000e+02 7.411133684743568249e-05
9.000000000000000000e+02 7.412700979931361302e-05
9.010000000000000000e+02 7.410453850858525189e-05
9.020000000000000000e+02 7.410374680376585971e-05
9.030000000000000000e+02 7.410430648039772203e-05
9.040000000000000000e+02 7.409835924240076811e-05
9.050000000000000000e+02 7.410441058314177955e-05
9.060000000000000000e+02 7.410133159320282073e-05
9.070000000000000000e+02 7.409754407418647976e-05
9.080000000000000000e+02 7.409479034304004960e-05
9.090000000000000000e+02 7.409583539298001298e-05
9.100000000000000000e+02 7.410233044542520345e-05
9.110000000000000000e+02 7.408928898275289013e-05
9.120000000000000000e+02 7.409125979537552599e-05
9.130000000000000000e+02 7.409289602095626504e-05
9.140000000000000000e+02 7.408665130616222307e-05
9.150000000000000000e+02 7.409295463529897395e-05
9.160000000000000000e+02 7.408655856013815976e-05
9.170000000000000000e+02 7.409134619702786536e-05
9.180000000000000000e+02 7.408599983828564385e-05
9.190000000000000000e+02 7.408639818356017512e-05
9.200000000000000000e+02 7.407676979905681528e-05
9.210000000000000000e+02 7.408095230175254628e-05
9.220000000000000000e+02 7.407645283810678871e-05
9.230000000000000000e+02 7.408034533218234676e-05
9.240000000000000000e+02 7.407989295219580793e-05
9.250000000000000000e+02 7.407202217719181000e-05
9.260000000000000000e+02 7.406821372528079629e-05
9.270000000000000000e+02 7.406730686534973443e-05
9.280000000000000000e+02 7.407100365394222324e-05
9.290000000000000000e+02 7.406755593338592235e-05
9.300000000000000000e+02 7.407456603393763970e-05
9.310000000000000000e+02 7.407054729695313280e-05
9.320000000000000000e+02 7.406521374033485556e-05
9.330000000000000000e+02 7.405915516334945776e-05
9.340000000000000000e+02 7.405718633682983572e-05
9.350000000000000000e+02 7.405909846726020098e-05
9.360000000000000000e+02 7.407034679027818948e-05
9.370000000000000000e+02 7.405231486450916895e-05
9.380000000000000000e+02 7.405977356064458032e-05
9.390000000000000000e+02 7.405886351382615963e-05
9.400000000000000000e+02 7.405760258836444629e-05
9.410000000000000000e+02 7.404992020865021406e-05
9.420000000000000000e+02 7.405004959820928544e-05
9.430000000000000000e+02 7.405789430956849712e-05
9.440000000000000000e+02 7.404623816686149251e-05
9.450000000000000000e+02 7.404341836218373185e-05
9.460000000000000000e+02 7.404185586173192698e-05
9.470000000000000000e+02 7.404379134588723842e-05
9.480000000000000000e+02 7.404152097455636008e-05
9.490000000000000000e+02 7.404246505642978783e-05
9.500000000000000000e+02 7.404417627845851640e-05
9.510000000000000000e+02 7.403984936890688684e-05
9.520000000000000000e+02 7.403639854458278708e-05
9.530000000000000000e+02 7.403659641974465384e-05
9.540000000000000000e+02 7.403390549813163620e-05
9.550000000000000000e+02 7.403187097469843378e-05
9.560000000000000000e+02 7.403263763658301838e-05
9.570000000000000000e+02 7.403184778621252587e-05
9.580000000000000000e+02 7.403056933971103129e-05
9.590000000000000000e+02 7.403105805200390136e-05
9.600000000000000000e+02 7.402664493723131811e-05
9.610000000000000000e+02 7.402351339675922041e-05
9.620000000000000000e+02 7.402451649195446529e-05
9.630000000000000000e+02 7.402071334748412288e-05
9.640000000000000000e+02 7.401967978501247116e-05
9.650000000000000000e+02 7.401979641286153240e-05
9.660000000000000000e+02 7.402087459368637216e-05
9.670000000000000000e+02 7.401677458944456447e-05
9.680000000000000000e+02 7.401838585023387963e-05
9.690000000000000000e+02 7.401706471988200723e-05
9.700000000000000000e+02 7.401419447169250640e-05
9.710000000000000000e+02 7.401654360816492919e-05
9.720000000000000000e+02 7.400887753500183129e-05
9.730000000000000000e+02 7.401178654797023525e-05
9.740000000000000000e+02 7.401940309364889745e-05
9.750000000000000000e+02 7.400727785070103609e-05
9.760000000000000000e+02 7.400453905607784271e-05
9.770000000000000000e+02 7.400397126470528947e-05
9.780000000000000000e+02 7.400376163909887900e-05
9.790000000000000000e+02 7.400269285516400300e-05
9.800000000000000000e+02 7.399870097311750145e-05
9.810000000000000000e+02 7.399766151742470373e-05
9.820000000000000000e+02 7.399587078386461010e-05
9.830000000000000000e+02 7.399826676789964593e-05
9.840000000000000000e+02 7.399453347531798108e-05
9.850000000000000000e+02 7.399554298788531216e-05
9.860000000000000000e+02 7.399352799649989607e-05
9.870000000000000000e+02 7.398835336234948286e-05
9.880000000000000000e+02 7.398931400322348705e-05
9.890000000000000000e+02 7.399126275786267206e-05
9.900000000000000000e+02 7.398782106050228347e-05
9.910000000000000000e+02 7.399044317242475745e-05
9.920000000000000000e+02 7.398593134465268910e-05
9.930000000000000000e+02 7.398888062814208753e-05
9.940000000000000000e+02 7.398370444842942571e-05
9.950000000000000000e+02 7.399126200002680714e-05
9.960000000000000000e+02 7.398258075446319389e-05
9.970000000000000000e+02 7.398023958351885633e-05
9.980000000000000000e+02 7.398366760854392698e-05
9.990000000000000000e+02 7.398109364554485926e-05
1.000000000000000000e+03 7.397553517132954314e-05
1.001000000000000000e+03 7.397238051547251375e-05
1.002000000000000000e+03 7.397345553655712959e-05
1.003000000000000000e+03 7.397418234140790312e-05
1.004000000000000000e+03 7.396962486075119101e-05
1.005000000000000000e+03 7.396734289158408233e-05
1.006000000000000000e+03 7.396819275172749611e-05
1.007000000000000000e+03 7.396789532612887410e-05
1.008000000000000000e+03 7.397522503926411521e-05
1.009000000000000000e+03 7.396636731545774314e-05
1.010000000000000000e+03 7.396124585128216835e-05
1.011000000000000000e+03 7.396421297558414786e-05
1.012000000000000000e+03 7.396317449313936226e-05
1.013000000000000000e+03 7.396227099336981467e-05
1.014000000000000000e+03 7.396056847782364249e-05
1.015000000000000000e+03 7.395890223434112428e-05
1.016000000000000000e+03 7.395801325069710161e-05
1.017000000000000000e+03 7.395841949956225665e-05
1.018000000000000000e+03 7.395349607397508547e-05
1.019000000000000000e+03 7.395325212290858460e-05
1.020000000000000000e+03 7.395164823143407680e-05
1.021000000000000000e+03 7.395371521726822419e-05
1.022000000000000000e+03 7.394801609058068140e-05
1.023000000000000000e+03 7.395000238162638526e-05
1.024000000000000000e+03 7.395310910569897794e-05
1.025000000000000000e+03 7.394418455845834157e-05
1.026000000000000000e+03 7.394639116545900532e-05
1.027000000000000000e+03 7.394421780705961501e-05
1.028000000000000000e+03 7.394155363932656546e-05
1.029000000000000000e+03 7.394102515631805752e-05
1.030000000000000000e+03 7.394106976195389288e-05
1.031000000000000000e+03 7.394283477355920121e-05
1.032000000000000000e+03 7.393729300670995297e-05
1.033000000000000000e+03 7.394562364420208722e-05
1.034000000000000000e+03 7.394105200551559184e-05
1.035000000000000000e+03 7.393503771530589741e-05
1.036000000000000000e+03 7.393387170574941124e-05
1.037000000000000000e+03 7.393519725311454758e-05
1.038000000000000000e+03 7.393198947658528278e-05
1.039000000000000000e+03 7.392945134098092273e-05
1.040000000000000000e+03 7.393290969811701602e-05
1.041000000000000000e+03 7.392613259017505550e-05
1.042000000000000000e+03 7.392715935073062119e-05
1.043000000000000000e+03 7.392696082408801333e-05
1.044000000000000000e+03 7.392574915708452000e-05
1.045000000000000000e+03 7.392268241430338465e-05
1.046000000000000000e+03 7.392657036990822855e-05
1.047000000000000000e+03 7.392169311031696955e-05
1.048000000000000000e+03 7.392503025447352209e-05
1.049000000000000000e+03 7.392014853727630719e-05
1.050000000000000000e+03 7.391838389638560696e-05
1.051000000000000000e+03 7.391669394793287814e-05
1.052000000000000000e+03 7.391444973683243514e-05
1.053000000000000000e+03 7.391365263510014591e-05
1.054000000000000000e+03 7.391183445877722773e-05
1.055000000000000000e+03 7.391553279418154880e-05
1.056000000000000000e+03 7.392510296385526396e-05
1.057000000000000000e+03 7.391385507396872501e-05
1.058000000000000000e+03 7.391015213887502727e-05
1.059000000000000000e+03 7.390966900519501911e-05
1.060000000000000000e+03 7.391006139748559499e-05
1.061000000000000000e+03 7.390598493760917854e-05
1.062000000000000000e+03 7.391463432621432790e-05
1.063000000000000000e+03 7.390418866290687349e-05
1.064000000000000000e+03 7.390883439418643238e-05
1.065000000000000000e+03 7.390029527699670852e-05
1.066000000000000000e+03 7.390351597707882619e-05
1.067000000000000000e+03 7.390312847554992833e-05
1.068000000000000000e+03 7.390359908474993466e-05
1.069000000000000000e+03 7.389802947754971728e-05
1.070000000000000000e+03 7.389552743615663589e-05
1.071000000000000000e+03 7.389755829516805852e-05
1.072000000000000000e+03 7.389292158888488028e-05
1.073000000000000000e+03 7.389168797958305330e-05
1.074000000000000000e+03 7.389513568053002646e-05
1.075000000000000000e+03 7.388926432230560350e-05
1.076000000000000000e+03 7.389131783768795967e-05
1.077000000000000000e+03 7.388983941112617587e-05
1.078000000000000000e+03 7.388917268571447959e-05
1.079000000000000000e+03 7.388985239787653641e-05
1.080000000000000000e+03 7.388603440294787435e-05
1.081000000000000000e+03 7.388588154034140393e-05
1.082000000000000000e+03 7.388366580527382620e-05
1.083000000000000000e+03 7.388918502678196501e-05
1.084000000000000000e+03 7.388218113368309368e-05
1.085000000000000000e+03 7.387934611694276638e-05
1.086000000000000000e+03 7.388211024549361022e-05
1.087000000000000000e+03 7.388003427327711873e-05
1.088000000000000000e+03 7.387924388104849614e-05
1.089000000000000000e+03 7.387747029254756505e-05
1.090000000000000000e+03 7.387626156338925640e-05
1.091000000000000000e+03 7.388448241595014978e-05
1.092000000000000000e+03 7.387394171448724936e-05
1.093000000000000000e+03 7.387773711718036108e-05
1.094000000000000000e+03 7.386929919765091487e-05
1.095000000000000000e+03 7.387049902579308246e-05
1.096000000000000000e+03 7.387012836372860492e-05
1.097000000000000000e+03 7.387308963117824136e-05
1.098000000000000000e+03 7.386575468155018808e-05
1.099000000000000000e+03 7.386586916493551134e-05
1.100000000000000000e+03 7.386488756283488336e-05
1.101000000000000000e+03 7.386394726313805388e-05
1.102000000000000000e+03 7.386565303117915201e-05
1.103000000000000000e+03 7.386569162108720871e-05
1.104000000000000000e+03 7.386119375166501073e-05
1.105000000000000000e+03 7.386390367682166725e-05
1.106000000000000000e+03 7.386607223619933609e-05
1.107000000000000000e+03 7.385739492578458759e-05
1.108000000000000000e+03 7.385639434294687935e-05
1.109000000000000000e+03 7.386168281747335616e-05
1.110000000000000000e+03 7.385463721229852576e-05
1.111000000000000000e+03 7.385277481067080636e-05
1.112000000000000000e+03 7.385514259643954265e-05
1.113000000000000000e+03 7.385684418309393145e-05
1.114000000000000000e+03 7.385251643593313149e-05
1.115000000000000000e+03 7.385495416450188683e-05
1.116000000000000000e+03 7.384943048776325197e-05
1.117000000000000000e+03 7.384963035900588251e-05
1.118000000000000000e+03 7.384805175469270986e-05
1.119000000000000000e+03 7.385604128238910688e-05
1.120000000000000000e+03 7.384868011645309336e-05
1.121000000000000000e+03 7.384373547623827915e-05
1.122000000000000000e+03 7.384821541171564772e-05
1.123000000000000000e+03 7.384690102135794466e-05
1.124000000000000000e+03 7.384057490099972835e-05
1.125000000000000000e+03 7.384417248369248290e-05
1.126000000000000000e+03 7.383979577021499091e-05
1.127000000000000000e+03 7.383869078950490992e-05
1.128000000000000000e+03 7.384289724660629290e-05
1.129000000000000000e+03 7.384339160322847301e-05
1.130000000000000000e+03 7.383517415789168101e-05
1.131000000000000000e+03 7.383598376350375132e-05
1.132000000000000000e+03 7.383380933502623931e-05
1.133000000000000000e+03 7.383478039930770130e-05
1.134000000000000000e+03 7.383496979212290706e-05
1.135000000000000000e+03 7.383687936214174054e-05
1.136000000000000000e+03 7.383220581282753556e-05
1.137000000000000000e+03 7.383028721246872260e-05
1.138000000000000000e+03 7.382845063725060406e-05
1.139000000000000000e+03 7.382765626228554535e-05
1.140000000000000000e+03 7.382612279736114086e-05
1.141000000000000000e+03 7.382539445321311322e-05
1.142000000000000000e+03 7.382819423199681779e-05
1.143000000000000000e+03 7.382549198288759459e-05
1.144000000000000000e+03 7.382348183366904779e-05
1.145000000000000000e+03 7.382592111770988998e-05
1.146000000000000000e+03 7.382073908778170673e-05
1.147000000000000000e+03 7.382245498435398377e-05
1.148000000000000000e+03 7.382263876505697415e-05
1.149000000000000000e+03 7.381720520546915503e-05
1.150000000000000000e+03 7.381907992874919919e-05
1.151000000000000000e+03 7.381669353082975608e-05
1.152000000000000000e+03 7.381553820244365492e-05
1.153000000000000000e+03 7.381456903176105029e-05
1.154000000000000000e+03 7.381536604999802220e-05
1.155000000000000000e+03 7.382207315158990056e-05
1.156000000000000000e+03 7.381193435783912134e-05
1.157000000000000000e+03 7.381294961494476101e-05
1.158000000000000000e+03 7.380990632633076872e-05
1.159000000000000000e+03 7.380772570957478361e-05
1.160000000000000000e+03 7.380850545166796957e-05
1.161000000000000000e+03 7.380963724719793279e-05
1.162000000000000000e+03 7.381180075678812273e-05
1.163000000000000000e+03 7.380776733183918876e-05
1.164000000000000000e+03 7.380569136173294772e-05
1.165000000000000000e+03 7.380577231098770690e-05
1.166000000000000000e+03 7.380318174528850814e-05
1.167000000000000000e+03 7.380243638241083392e-05
1.168000000000000000e+03 7.380199269163650020e-05
1.169000000000000000e+03 7.380649688125966613e-05
1.170000000000000000e+03 7.379856877129309844e-05
1.171000000000000000e+03 7.380063675746480819e-05
1.172000000000000000e+03 7.379981682690700550e-05
1.173000000000000000e+03 7.379629283882639906e-05
1.174000000000000000e+03 7.379640332684454774e-05
1.175000000000000000e+03 7.380703884739783945e-05
1.176000000000000000e+03 7.379438320671858687e-05
1.177000000000000000e+03 7.379526439863026233e-05
1.178000000000000000e+03 7.379248239974622132e-05
1.179000000000000000e+03 7.379417773218035104e-05
1.180000000000000000e+03 7.378988726119022664e-05
1.181000000000000000e+03 7.379700110315884950e-05
1.182000000000000000e+03 7.378795153546973806e-05
1.183000000000000000e+03 7.378920326120266338e-05
1.184000000000000000e+03 7.378932060380841542e-05
1.185000000000000000e+03 7.379579667153011752e-05
1.186000000000000000e+03 7.378468369015833087e-05
1.187000000000000000e+03 7.378769674413518224e-05
1.188000000000000000e+03 7.378333990454872952e-05
1.189000000000000000e+03 7.378612542449055126e-05
1.190000000000000000e+03 7.378384282201967616e-05
1.191000000000000000e+03 7.378331630938541718e-05
1.192000000000000000e+03 7.378077305766536902e-05
1.193000000000000000e+03 7.378017531336639190e-05
1.194000000000000000e+03 7.377955878995007483e-05
1.195000000000000000e+03 7.378166270014607862e-05
1.196000000000000000e+03 7.377814813803846802e-05
1.197000000000000000e+03 7.378183788349737017e-05
1.198000000000000000e+03 7.377560528608030849e-05
1.199000000000000000e+03 7.377504967315736957e-05
1.200000000000000000e+03 7.377559630985052841e-05
1.201000000000000000e+03 7.377457734018294684e-05
1.202000000000000000e+03 7.377452052008943539e-05
1.203000000000000000e+03 7.377254433636019101e-05
1.204000000000000000e+03 7.377264385596426935e-05
1.205000000000000000e+03 7.377055589955611691e-05
1.206000000000000000e+03 7.377160463923526830e-05
1.207000000000000000e+03 7.377196768690031910e-05
1.208000000000000000e+03 7.376830056028213663e-05
1.209000000000000000e+03 7.376991000531054482e-05
1.210000000000000000e+03 7.376709011881921348e-05
1.211000000000000000e+03 7.376891058009261298e-05
1.212000000000000000e+03 7.376507160238029797e-05
1.213000000000000000e+03 7.376437625592953699e-05
1.214000000000000000e+03 7.376974630069789429e-05
1.215000000000000000e+03 7.376290956776678366e-05
1.216000000000000000e+03 7.376482986206320291e-05
1.217000000000000000e+03 7.376093267967802206e-05
1.218000000000000000e+03 7.376133425148948377e-05
1.219000000000000000e+03 7.376099195754888267e-05
1.220000000000000000e+03 7.375847101264951819e-05
1.221000000000000000e+03 7.375693471874384245e-05
1.222000000000000000e+03 7.375845468100329129e-05
1.223000000000000000e+03 7.375918699437916518e-05
1.224000000000000000e+03 7.375727402852134246e-05
1.225000000000000000e+03 7.375365133208381817e-05
1.226000000000000000e+03 7.375506312205187094e-05
1.227000000000000000e+03 7.375352734371043038e-05
1.228000000000000000e+03 7.375252551830634249e-05
1.229000000000000000e+03 7.375448307634762659e-05
1.230000000000000000e+03 7.376116687220865174e-05
1.231000000000000000e+03 7.374885608066802391e-05
1.232000000000000000e+03 7.374859299933543978e-05
1.233000000000000000e+03 7.374782924358952311e-05
1.234000000000000000e+03 7.374830045663344929e-05
1.235000000000000000e+03 7.375316319310636396e-05
1.236000000000000000e+03 7.375001609887108704e-05
1.237000000000000000e+03 7.374648593199597114e-05
1.238000000000000000e+03 7.374611801313299289e-05
1.239000000000000000e+03 7.374509081058159491e-05
1.240000000000000000e+03 7.374411203136200176e-05
1.241000000000000000e+03 7.374194234364702760e-05
1.242000000000000000e+03 7.374308196831476023e-05
1.243000000000000000e+03 7.374057958071227601e-05
1.244000000000000000e+03 7.374013434537574822e-05
1.245000000000000000e+03 7.373841660850862759e-05
1.246000000000000000e+03 7.373764873803628837e-05
1.247000000000000000e+03 7.373802055398861002e-05
1.248000000000000000e+03 7.373636161918610662e-05
1.249000000000000000e+03 7.374102146468667436e-05
1.250000000000000000e+03 7.373555523197081749e-05
1.251000000000000000e+03 7.373473103412889760e-05
1.252000000000000000e+03 7.373627776051161270e-05
1.253000000000000000e+03 7.373496120116748362e-05
1.254000000000000000e+03 7.373286460035065597e-05
1.255000000000000000e+03 7.373151555894938956e-05
1.256000000000000000e+03 7.373403282502463587e-05
1.257000000000000000e+03 7.372969675405664336e-05
1.258000000000000000e+03 7.373015877101606963e-05
1.259000000000000000e+03 7.372937145760550420e-05
1.260000000000000000e+03 7.373339783275826653e-05
1.261000000000000000e+03 7.372944673796659129e-05
1.262000000000000000e+03 7.373072011734581343e-05
1.263000000000000000e+03 7.372985246727125036e-05
1.264000000000000000e+03 7.372504165259427284e-05
1.265000000000000000e+03 7.372462766467400706e-05
1.266000000000000000e+03 7.372396213338705236e-05
1.267000000000000000e+03 7.372229892087245329e-05
1.268000000000000000e+03 7.372231807039105334e-05
1.269000000000000000e+03 7.372095439707256775e-05
1.270000000000000000e+03 7.372186377148555198e-05
1.271000000000000000e+03 7.372061995479110884e-05
1.272000000000000000e+03 7.372081083391653501e-05
1.273000000000000000e+03 7.371840283904918835e-05
1.274000000000000000e+03 7.371861485394502159e-05
1.275000000000000000e+03 7.371792427773118689e-05
1.276000000000000000e+03 7.371744374937845535e-05
1.277000000000000000e+03 7.371549742115481127e-05
1.278000000000000000e+03 7.371813727118632187e-05
1.279000000000000000e+03 7.371382224660197292e-05
1.280000000000000000e+03 7.371633394701772725e-05
1.281000000000000000e+03 7.371650002665802899e-05
1.282000000000000000e+03 7.371297707626499080e-05
1.283000000000000000e+03 7.371158883481170650e-05
1.284000000000000000e+03 7.371299325560412281e-05
1.285000000000000000e+03 7.371332376295174136e-05
1.286000000000000000e+03 7.371911838690377219e-05
1.287000000000000000e+03 7.370892264930887594e-05
1.288000000000000000e+03 7.371041747341317680e-05
1.289000000000000000e+03 7.371109260820559524e-05
1.290000000000000000e+03 7.370885370347658337e-05
1.291000000000000000e+03 7.370639034238676574e-05
1.292000000000000000e+03 7.370601675048923560e-05
1.293000000000000000e+03 7.370665811771775437e-05
1.294000000000000000e+03 7.370855187939536596e-05
1.295000000000000000e+03 7.370308798006391709e-05
1.296000000000000000e+03 7.370404647741546052e-05
1.297000000000000000e+03 7.370294074967631331e-05
1.298000000000000000e+03 7.370148902679906765e-05
1.299000000000000000e+03 7.370151881794021994e-05
1.300000000000000000e+03 7.370162781029007400e-05
1.301000000000000000e+03 7.370160142771481815e-05
1.302000000000000000e+03 7.370472616742688749e-05
1.303000000000000000e+03 7.370227908435849468e-05
1.304000000000000000e+03 7.369742880571120397e-05
1.305000000000000000e+03 7.369663403734154382e-05
1.306000000000000000e+03 7.369719601040196995e-05
1.307000000000000000e+03 7.369866013753926203e-05
1.308000000000000000e+03 7.369459898197364275e-05
1.309000000000000000e+03 7.369654354992072418e-05
1.310000000000000000e+03 7.369496926138742205e-05
1.311000000000000000e+03 7.369402746437136976e-05
1.312000000000000000e+03 7.369317132673047256e-05
1.313000000000000000e+03 7.369257778453307988e-05
1.314000000000000000e+03 7.369015337952908307e-05
1.315000000000000000e+03 7.369103749880298213e-05
1.316000000000000000e+03 7.368970934196378047e-05
1.317000000000000000e+03 7.368995561349614941e-05
1.318000000000000000e+03 7.369190879927868000e-05
1.319000000000000000e+03 7.369068700855388096e-05
1.320000000000000000e+03 7.368768657380316890e-05
1.321000000000000000e+03 7.369085528503961722e-05
1.322000000000000000e+03 7.368558460343415338e-05
1.323000000000000000e+03 7.368704918635378930e-05
1.324000000000000000e+03 7.368722071283041882e-05
1.325000000000000000e+03 7.368363718661414673e-05
1.326000000000000000e+03 7.368297611399263029e-05
1.327000000000000000e+03 7.368488063269502941e-05
1.328000000000000000e+03 7.368495506448948396e-05
1.329000000000000000e+03 7.368086689801981251e-05
1.330000000000000000e+03 7.368133177576156921e-05
1.331000000000000000e+03 7.368042941624931667e-05
1.332000000000000000e+03 7.368164429752977200e-05
1.333000000000000000e+03 7.368134266045087795e-05
1.334000000000000000e+03 7.367929973482919821e-05
1.335000000000000000e+03 7.367841559994365522e-05
1.336000000000000000e+03 7.367739537101075794e-05
1.337000000000000000e+03 7.367891414986180079e-05
1.338000000000000000e+03 7.368217392379381413e-05
1.339000000000000000e+03 7.367752003841954622e-05
1.340000000000000000e+03 7.367437236101428239e-05
1.341000000000000000e+03 7.367557221998073788e-05
1.342000000000000000e+03 7.367399753799583415e-05
1.343000000000000000e+03 7.367319077375646303e-05
1.344000000000000000e+03 7.367625413936592781e-05
1.345000000000000000e+03 7.367690590382494067e-05
1.346000000000000000e+03 7.367014108693040533e-05
1.347000000000000000e+03 7.367176890295025493e-05
1.348000000000000000e+03 7.367148949032729260e-05
1.349000000000000000e+03 7.367069877212113023e-05
1.350000000000000000e+03 7.366973213814252675e-05
1.351000000000000000e+03 7.367116631624347168e-05
1.352000000000000000e+03 7.366831781043373161e-05
1.353000000000000000e+03 7.366763504680035415e-05
1.354000000000000000e+03 7.367626255999892024e-05
1.355000000000000000e+03 7.367337430147086468e-05
1.356000000000000000e+03 7.366419587615662156e-05
1.357000000000000000e+03 7.366339023191672934e-05
1.358000000000000000e+03 7.366287159948762577e-05
1.359000000000000000e+03 7.366245543012393891e-05
1.360000000000000000e+03 7.366633102005776853e-05
1.361000000000000000e+03 7.366164470147746387e-05
1.362000000000000000e+03 7.366262530664276947e-05
1.363000000000000000e+03 7.366180528960489509e-05
1.364000000000000000e+03 7.366075347801614146e-05
1.365000000000000000e+03 7.366199676077970712e-05
1.366000000000000000e+03 7.365911204256304684e-05
1.367000000000000000e+03 7.365893343456387447e-05
1.368000000000000000e+03 7.365937284349503118e-05
1.369000000000000000e+03 7.365754145228357896e-05
1.370000000000000000e+03 7.365773896760169912e-05
1.371000000000000000e+03 7.365607779269259020e-05
1.372000000000000000e+03 7.365574785145365502e-05
1.373000000000000000e+03 7.365888047282888773e-05
1.374000000000000000e+03 7.365486144452509823e-05
1.375000000000000000e+03 7.365636535826877284e-05
1.376000000000000000e+03 7.365225999268251299e-05
1.377000000000000000e+03 7.365660182329917714e-05
1.378000000000000000e+03 7.365570388859538531e-05
1.379000000000000000e+03 7.365417770423683371e-05
1.380000000000000000e+03 7.365030513072952237e-05
1.381000000000000000e+03 7.365290498475603057e-05
1.382000000000000000e+03 7.364978537358342716e-05
1.383000000000000000e+03 7.364890464910864548e-05
1.384000000000000000e+03 7.365053966878164216e-05
1.385000000000000000e+03 7.365259836017905108e-05
1.386000000000000000e+03 7.364746148956384313e-05
1.387000000000000000e+03 7.364980872687610194e-05
1.388000000000000000e+03 7.364702882433321444e-05
1.389000000000000000e+03 7.364577585910511541e-05
1.390000000000000000e+03 7.364472951200436829e-05
1.391000000000000000e+03 7.364442750708992435e-05
1.392000000000000000e+03 7.364558248363912551e-05
1.393000000000000000e+03 7.364302889533741621e-05
1.394000000000000000e+03 7.364322413421007900e-05
1.395000000000000000e+03 7.364657575566829967e-05
1.396000000000000000e+03 7.364102759136985778e-05
1.397000000000000000e+03 7.364217418250885419e-05
1.398000000000000000e+03 7.364023658247289769e-05
1.399000000000000000e+03 7.364103970362352201e-05
1.400000000000000000e+03 7.364145911269094798e-05
1.401000000000000000e+03 7.363900757039727556e-05
1.402000000000000000e+03 7.363964569876141743e-05
1.403000000000000000e+03 7.363839244806334716e-05
1.404000000000000000e+03 7.363770834698236099e-05
1.405000000000000000e+03 7.363796055735559324e-05
1.406000000000000000e+03 7.363661400408726327e-05
1.407000000000000000e+03 7.363632063356642091e-05
1.408000000000000000e+03 7.363666493565070048e-05
1.409000000000000000e+03 7.363504027686614765e-05
1.410000000000000000e+03 7.363775642537245282e-05
1.411000000000000000e+03 7.363286549250694325e-05
1.412000000000000000e+03 7.363254025286231942e-05
1.413000000000000000e+03 7.363222262379879267e-05
1.414000000000000000e+03 7.363200942541871350e-05
1.415000000000000000e+03 7.363247480877967122e-05
1.416000000000000000e+03 7.363378820622970035e-05
1.417000000000000000e+03 7.362923187174578521e-05
1.418000000000000000e+03 7.363068753408146374e-05
1.419000000000000000e+03 7.362887818981164929e-05
1.420000000000000000e+03 7.362965372582197911e-05
1.421000000000000000e+03 7.363003261388409849e-05
1.422000000000000000e+03 7.362825229682078512e-05
1.423000000000000000e+03 7.362822104501052275e-05
1.424000000000000000e+03 7.362640724934038682e-05
1.425000000000000000e+03 7.362581103217104230e-05
1.426000000000000000e+03 7.362846967118487221e-05
1.427000000000000000e+03 7.362485666432392229e-05
1.428000000000000000e+03 7.362450353968551882e-05
1.429000000000000000e+03 7.362621612141703015e-05
1.430000000000000000e+03 7.362814395864220117e-05
1.431000000000000000e+03 7.362287015466931466e-05
1.432000000000000000e+03 7.362229576385384544e-05
1.433000000000000000e+03 7.363439354260004467e-05
1.434000000000000000e+03 7.362116316454631905e-05
1.435000000000000000e+03 7.362611924844483465e-05
1.436000000000000000e+03 7.362073711131345065e-05
1.437000000000000000e+03 7.361972677130020613e-05
1.438000000000000000e+03 7.361948118065082662e-05
1.439000000000000000e+03 7.361969693736417108e-05
1.440000000000000000e+03 7.361918006779688312e-05
1.441000000000000000e+03 7.361885482815427862e-05
1.442000000000000000e+03 7.361795707528390339e-05
1.443000000000000000e+03 7.361684145908147122e-05
1.444000000000000000e+03 7.361674093915677119e-05
1.445000000000000000e+03 7.361609535125036808e-05
1.446000000000000000e+03 7.361493578039127617e-05
1.447000000000000000e+03 7.361440410181298289e-05
1.448000000000000000e+03 7.361471591192067813e-05
1.449000000000000000e+03 7.361359537897535694e-05
1.450000000000000000e+03 7.361446759716567601e-05
1.451000000000000000e+03 7.361277966179810746e-05
1.452000000000000000e+03 7.361398717757376383e-05
1.453000000000000000e+03 7.361451296170802593e-05
1.454000000000000000e+03 7.361408296098818048e-05
1.455000000000000000e+03 7.360959861567844935e-05
1.456000000000000000e+03 7.361043095848151521e-05
1.457000000000000000e+03 7.361286569475375581e-05
1.458000000000000000e+03 7.361009064168883812e-05
1.459000000000000000e+03 7.360889097379099267e-05
1.460000000000000000e+03 7.360881130524569939e-05
1.461000000000000000e+03 7.360855832115131923e-05
1.462000000000000000e+03 7.360693495778937077e-05
1.463000000000000000e+03 7.360672266609353804e-05
1.464000000000000000e+03 7.360621072644071828e-05
1.465000000000000000e+03 7.360738686149475858e-05
1.466000000000000000e+03 7.360534062609502229e-05
1.467000000000000000e+03 7.360665050170682130e-05
1.468000000000000000e+03 7.360632281679759849e-05
1.469000000000000000e+03 7.361003615888011132e-05
1.470000000000000000e+03 7.360402495452494616e-05
1.471000000000000000e+03 7.360467153570553775e-05
1.472000000000000000e+03 7.360265378757425384e-05
1.473000000000000000e+03 7.360354265504856161e-05
1.474000000000000000e+03 7.360159740591788215e-05
1.475000000000000000e+03 7.360092886311527579e-05
1.476000000000000000e+03 7.360118217599798986e-05
1.477000000000000000e+03 7.360205369410702638e-05
1.478000000000000000e+03 7.360058301010654117e-05
1.479000000000000000e+03 7.360129678707278452e-05
1.480000000000000000e+03 7.359893710761959381e-05
1.481000000000000000e+03 7.359895223348944299e-05
1.482000000000000000e+03 7.359731546007393648e-05
1.483000000000000000e+03 7.359830107506882939e-05
1.484000000000000000e+03 7.359845367459671907e-05
1.485000000000000000e+03 7.359568664730264519e-05
1.486000000000000000e+03 7.359791330140051061e-05
1.487000000000000000e+03 7.359493149322437870e-05
1.488000000000000000e+03 7.359504889880376420e-05
1.489000000000000000e+03 7.359584436600895860e-05
1.490000000000000000e+03 7.359454559447735291e-05
1.491000000000000000e+03 7.359389682848197292e-05
1.492000000000000000e+03 7.359344925837626701e-05
1.493000000000000000e+03 7.359575406924257022e-05
1.494000000000000000e+03 7.359247949461607339e-05
1.495000000000000000e+03 7.359199130399735143e-05
1.496000000000000000e+03 7.359099422898484483e-05
1.497000000000000000e+03 7.359128056820943341e-05
1.498000000000000000e+03 7.359041629470970116e-05
1.499000000000000000e+03 7.359119434562252894e-05
1.500000000000000000e+03 7.358944244417239399e-05
1.501000000000000000e+03 7.358901116649453058e-05
1.502000000000000000e+03 7.359453640460548052e-05
1.503000000000000000e+03 7.358907637764321315e-05
1.504000000000000000e+03 7.358762806700080408e-05
1.505000000000000000e+03 7.358750910541040193e-05
1.506000000000000000e+03 7.358746583136634514e-05
1.507000000000000000e+03 7.358710250194367200e-05
1.508000000000000000e+03 7.358726759426534845e-05
1.509000000000000000e+03 7.358962027575463105e-05
1.510000000000000000e+03 7.358769970053629251e-05
1.511000000000000000e+03 7.358417960636735487e-05
1.512000000000000000e+03 7.358600359788159198e-05
1.513000000000000000e+03 7.358330474469710486e-05
1.514000000000000000e+03 7.358447290217104148e-05
1.515000000000000000e+03 7.358414765250039359e-05
1.516000000000000000e+03 7.358388628888449016e-05
1.517000000000000000e+03 7.358236614884072681e-05
1.518000000000000000e+03 7.358101657313831432e-05
1.519000000000000000e+03 7.358094655350609148e-05
1.520000000000000000e+03 7.358182083303236220e-05
1.521000000000000000e+03 7.358217680885728346e-05
1.522000000000000000e+03 7.357926271535105529e-05
1.523000000000000000e+03 7.358051260487207977e-05
1.524000000000000000e+03 7.357881952562736569e-05
1.525000000000000000e+03 7.358401053505414437e-05
1.526000000000000000e+03 7.358470893305830009e-05
1.527000000000000000e+03 7.357754830792754836e-05
1.528000000000000000e+03 7.357746956053066653e-05
1.529000000000000000e+03 7.357691980614570690e-05
1.530000000000000000e+03 7.357652415394137552e-05
1.531000000000000000e+03 7.357731944400807398e-05
1.532000000000000000e+03 7.357585317906220211e-05
1.533000000000000000e+03 7.357566255974490148e-05
1.534000000000000000e+03 7.357461731143330485e-05
1.535000000000000000e+03 7.357633110802394853e-05
1.536000000000000000e+03 7.357350005657226283e-05
1.537000000000000000e+03 7.357349159972969611e-05
1.538000000000000000e+03 7.357296559476403776e-05
1.539000000000000000e+03 7.357570149077138130e-05
1.540000000000000000e+03 7.357251223457847693e-05
1.541000000000000000e+03 7.357227006146272819e-05
1.542000000000000000e+03 7.357158875818145365e-05
1.543000000000000000e+03 7.357538405638002735e-05
1.544000000000000000e+03 7.356988559864773263e-05
1.545000000000000000e+03 7.357059614379459574e-05
1.546000000000000000e+03 7.356940288136149127e-05
1.547000000000000000e+03 7.356982427934722463e-05
1.548000000000000000e+03 7.356869629641088059e-05
1.549000000000000000e+03 7.356901287057046753e-05
1.550000000000000000e+03 7.357055779466209174e-05
1.551000000000000000e+03 7.357079842332929791e-05
1.552000000000000000e+03 7.356847840569714870e-05
1.553000000000000000e+03 7.356656323601965257e-05
1.554000000000000000e+03 7.356735319948305685e-05
1.555000000000000000e+03 7.356659796639869345e-05
1.556000000000000000e+03 7.356675264769455512e-05
1.557000000000000000e+03 7.356542576000258923e-05
1.558000000000000000e+03 7.356756115069567584e-05
1.559000000000000000e+03 7.356512743048511393e-05
1.560000000000000000e+03 7.356440716728953808e-05
1.561000000000000000e+03 7.356716029559723933e-05
1.562000000000000000e+03 7.356483119846106867e-05
1.563000000000000000e+03 7.356303835347600788e-05
1.564000000000000000e+03 7.356305100525374532e-05
1.565000000000000000e+03 7.356182988819162357e-05
1.566000000000000000e+03 7.356244408274735264e-05
1.567000000000000000e+03 7.356309794992482330e-05
1.568000000000000000e+03 7.356092617294919989e-05
1.569000000000000000e+03 7.356467390926415639e-05
1.570000000000000000e+03 7.356253441136025538e-05
1.571000000000000000e+03 7.356288103561158399e-05
1.572000000000000000e+03 7.355990258941494300e-05
1.573000000000000000e+03 7.355931234931006358e-05
1.574000000000000000e+03 7.356297172151434090e-05
1.575000000000000000e+03 7.355897974508264633e-05
1.576000000000000000e+03 7.355818902621815640e-05
1.577000000000000000e+03 7.355723071223379617e-05
1.578000000000000000e+03 7.355741858998851817e-05
1.579000000000000000e+03 7.355697030245813032e-05
1.580000000000000000e+03 7.355659927786303636e-05
1.581000000000000000e+03 7.355717038929044619e-05
1.582000000000000000e+03 7.355590611776165709e-05
1.583000000000000000e+03 7.355509388657991679e-05
1.584000000000000000e+03 7.355520415916164568e-05
1.585000000000000000e+03 7.355486301873432394e-05
1.586000000000000000e+03 7.355475574989130518e-05
1.587000000000000000e+03 7.355449946045848663e-05
1.588000000000000000e+03 7.355427489729341275e-05
1.589000000000000000e+03 7.355367243425493058e-05
1.590000000000000000e+03 7.355285535171841231e-05
1.591000000000000000e+03 7.355333451424373012e-05
1.592000000000000000e+03 7.355251080795259359e-05
1.593000000000000000e+03 7.355178743071773143e-05
1.594000000000000000e+03 7.355403035022773685e-05
1.595000000000000000e+03 7.355297937711337405e-05
1.596000000000000000e+03 7.355025977884958074e-05
1.597000000000000000e+03 7.355034610327536488e-05
1.598000000000000000e+03 7.354939242904364382e-05
1.599000000000000000e+03 7.355006933256510570e-05
1.600000000000000000e+03 7.354904409532198137e-05
1.601000000000000000e+03 7.354885762216776212e-05
1.602000000000000000e+03 7.354873615293077663e-05
1.603000000000000000e+03 7.354821878979119680e-05
1.604000000000000000e+03 7.354840475966469004e-05
1.605000000000000000e+03 7.354766537881840083e-05
1.606000000000000000e+03 7.354766708958679572e-05
1.607000000000000000e+03 7.354936990987520195e-05
1.608000000000000000e+03 7.354590015855061880e-05
1.609000000000000000e+03 7.354811616686984625e-05
1.610000000000000000e+03 7.354516182244119063e-05
1.611000000000000000e+03 7.354668943340660818e-05
1.612000000000000000e+03 7.354481609043772615e-05
1.613000000000000000e+03 7.354512343631311997e-05
1.614000000000000000e+03 7.354522972280691344e-05
1.615000000000000000e+03 7.354331090984461965e-05
1.616000000000000000e+03 7.354383670881757084e-05
1.617000000000000000e+03 7.354333035133185810e-05
1.618000000000000000e+03 7.354410656675537867e-05
1.619000000000000000e+03 7.354217980002695338e-05
1.620000000000000000e+03 7.354189364040049533e-05
1.621000000000000000e+03 7.354245827914619379e-05
1.622000000000000000e+03 7.354105908233774262e-05
1.623000000000000000e+03 7.354059048782110542e-05
1.624000000000000000e+03 7.354183849434183667e-05
1.625000000000000000e+03 7.354048967173754245e-05
1.626000000000000000e+03 7.354191389014034142e-05
1.627000000000000000e+03 7.354089678494208639e-05
1.628000000000000000e+03 7.353988925898737126e-05
1.629000000000000000e+03 7.353863158631796697e-05
1.630000000000000000e+03 7.353901639700095990e-05
1.631000000000000000e+03 7.353996780310195650e-05
1.632000000000000000e+03 7.353751069439165306e-05
1.633000000000000000e+03 7.353708178778833133e-05
1.634000000000000000e+03 7.353717614771774732e-05
1.635000000000000000e+03 7.353805614409000065e-05
1.636000000000000000e+03 7.353655990212741025e-05
1.637000000000000000e+03 7.353700607507452291e-05
1.638000000000000000e+03 7.353528576688585575e-05
1.639000000000000000e+03 7.353651595073487667e-05
1.640000000000000000e+03 7.353489119936254829e-05
1.641000000000000000e+03 7.353449824161751019e-05
1.642000000000000000e+03 7.353443546042891005e-05
1.643000000000000000e+03 7.353390768096552087e-05
1.644000000000000000e+03 7.353394479731091842e-05
1.645000000000000000e+03 7.353299747676489558e-05
1.646000000000000000e+03 7.353315459566741946e-05
1.647000000000000000e+03 7.353347059111889090e-05
1.648000000000000000e+03 7.353211949791862686e-05
1.649000000000000000e+03 7.353225023643473644e-05
1.650000000000000000e+03 7.353351504001277015e-05
1.651000000000000000e+03 7.353343199998719007e-05
1.652000000000000000e+03 7.353162365756414740e-05
1.653000000000000000e+03 7.353150199033296655e-05
1.654000000000000000e+03 7.353152658087093289e-05
1.655000000000000000e+03 7.353025158282666988e-05
1.656000000000000000e+03 7.352930538138376180e-05
1.657000000000000000e+03 7.353071779274635196e-05
1.658000000000000000e+03 7.352941967708727866e-05
1.659000000000000000e+03 7.352849700042534363e-05
1.660000000000000000e+03 7.352863715894064416e-05
1.661000000000000000e+03 7.352821606298052723e-05
1.662000000000000000e+03 7.352868984585321619e-05
1.663000000000000000e+03 7.352717520470633647e-05
1.664000000000000000e+03 7.352697248579450262e-05
1.665000000000000000e+03 7.352752252124446913e-05
1.666000000000000000e+03 7.352771818029351747e-05
1.667000000000000000e+03 7.352573025033452467e-05
1.668000000000000000e+03 7.352723479367353349e-05
1.669000000000000000e+03 7.352563330109812534e-05
1.670000000000000000e+03 7.352538127744940319e-05
1.671000000000000000e+03 7.352515177830179841e-05
1.672000000000000000e+03 7.352540876174608851e-05
1.673000000000000000e+03 7.352400529560674971e-05
1.674000000000000000e+03 7.352592486758195895e-05
1.675000000000000000e+03 7.352373352694854000e-05
1.676000000000000000e+03 7.352290751760876897e-05
1.677000000000000000e+03 7.352347224460822612e-05
1.678000000000000000e+03 7.352323960941051304e-05
1.679000000000000000e+03 7.352274592867626742e-05
1.680000000000000000e+03 7.352302983429072564e-05
1.681000000000000000e+03 7.352111699718547522e-05
1.682000000000000000e+03 7.352186122829003454e-05
1.683000000000000000e+03 7.352130257070217938e-05
1.684000000000000000e+03 7.352050378385614456e-05
1.685000000000000000e+03 7.352101868289019886e-05
1.686000000000000000e+03 7.352248583523107305e-05
1.687000000000000000e+03 7.352017482967634443e-05
1.688000000000000000e+03 7.351925127978124232e-05
1.689000000000000000e+03 7.351922763161358970e-05
1.690000000000000000e+03 7.351962655776556239e-05
1.691000000000000000e+03 7.351914940193041452e-05
1.692000000000000000e+03 7.351755835975484277e-05
1.693000000000000000e+03 7.351794388480115084e-05
1.694000000000000000e+03 7.351807334680895598e-05
1.695000000000000000e+03 7.351733597154517510e-05
1.696000000000000000e+03 7.351724340982127806e-05
1.697000000000000000e+03 7.351702007052482619e-05
1.698000000000000000e+03 7.351784092066434109e-05
1.699000000000000000e+03 7.351820256178784199e-05
1.700000000000000000e+03 7.351561455487018546e-05
1.701000000000000000e+03 7.351518405572857445e-05
1.702000000000000000e+03 7.351601445431672321e-05
1.703000000000000000e+03 7.351561188662954346e-05
1.704000000000000000e+03 7.351425713906085914e-05
1.705000000000000000e+03 7.351434829059055626e-05
1.706000000000000000e+03 7.351401993842171024e-05
1.707000000000000000e+03 7.351400171455593443e-05
1.708000000000000000e+03 7.351408456838361496e-05
1.709000000000000000e+03 7.351347858953620517e-05
1.710000000000000000e+03 7.351396879017938466e-05
1.711000000000000000e+03 7.351309050397310284e-05
1.712000000000000000e+03 7.351222450702897180e-05
1.713000000000000000e+03 7.351259907051334015e-05
1.714000000000000000e+03 7.351145990762688264e-05
1.715000000000000000e+03 7.351195666025583627e-05
1.716000000000000000e+03 7.351087874793117087e-05
1.717000000000000000e+03 7.351044143188620837e-05
1.718000000000000000e+03 7.351108409348603486e-05
1.719000000000000000e+03 7.351126605855201547e-05
1.720000000000000000e+03 7.351050194023887700e-05
1.721000000000000000e+03 7.350956376284192839e-05
1.722000000000000000e+03 7.350875502282598639e-05
1.723000000000000000e+03 7.350906068655210085e-05
1.724000000000000000e+03 7.350930306035986523e-05
1.725000000000000000e+03 7.350960711422831965e-05
1.726000000000000000e+03 7.350748809939441138e-05
1.727000000000000000e+03 7.350803214439446118e-05
1.728000000000000000e+03 7.350782286022789912e-05
1.729000000000000000e+03 7.350798804353164771e-05
1.730000000000000000e+03 7.350732259580115932e-05
1.731000000000000000e+03 7.350730234623237323e-05
1.732000000000000000e+03 7.350646452807854377e-05
1.733000000000000000e+03 7.350747825074448031e-05
1.734000000000000000e+03 7.350762708134115796e-05
1.735000000000000000e+03 7.350661310140694789e-05
1.736000000000000000e+03 7.350516778645613779e-05
1.737000000000000000e+03 7.350509754091502374e-05
1.738000000000000000e+03 7.350434955109723444e-05
1.739000000000000000e+03 7.350518436956580623e-05
1.740000000000000000e+03 7.350350929910182455e-05
1.741000000000000000e+03 7.350381935429037956e-05
1.742000000000000000e+03 7.350331588861973655e-05
1.743000000000000000e+03 7.350326377268673458e-05
1.744000000000000000e+03 7.350352244067561835e-05
1.745000000000000000e+03 7.350283091040597956e-05
1.746000000000000000e+03 7.350300583317204367e-05
1.747000000000000000e+03 7.350274346130685648e-05
1.748000000000000000e+03 7.350340427633367322e-05
1.749000000000000000e+03 7.350160334371289451e-05
1.750000000000000000e+03 7.350106691441614653e-05
1.751000000000000000e+03 7.350147837391745047e-05
1.752000000000000000e+03 7.350296498794893876e-05
1.753000000000000000e+03 7.350023264319608697e-05
1.754000000000000000e+03 7.350042766459808209e-05
1.755000000000000000e+03 7.349957130397984084e-05
1.756000000000000000e+03 7.350086348521288142e-05
1.757000000000000000e+03 7.349977288128630977e-05
1.758000000000000000e+03 7.350008318626765919e-05
1.759000000000000000e+03 7.349862119418352840e-05
1.760000000000000000e+03 7.349875000583989742e-05
1.761000000000000000e+03 7.349857651140111127e-05
1.762000000000000000e+03 7.349774508258210312e-05
1.763000000000000000e+03 7.349730585125043155e-05
1.764000000000000000e+03 7.349801296323865718e-05
1.765000000000000000e+03 7.349788500028847107e-05
1.766000000000000000e+03 7.349799218375634212e-05
1.767000000000000000e+03 7.349652179406405451e-05
1.768000000000000000e+03 7.349647851094377542e-05
1.769000000000000000e+03 7.349633325819635054e-05
1.770000000000000000e+03 7.349710189246209653e-05
1.771000000000000000e+03 7.349597067580872028e-05
1.772000000000000000e+03 7.349531418522133746e-05
1.773000000000000000e+03 7.349649294621984289e-05
1.774000000000000000e+03 7.349666381234599532e-05
1.775000000000000000e+03 7.349427767914847173e-05
1.776000000000000000e+03 7.349470425380609463e-05
1.777000000000000000e+03 7.349412824232776586e-05
1.778000000000000000e+03 7.349372286788161048e-05
1.779000000000000000e+03 7.349305275759723691e-05
1.780000000000000000e+03 7.349350904756906701e-05
1.781000000000000000e+03 7.349315519997687578e-05
1.782000000000000000e+03 7.349336744317710426e-05
1.783000000000000000e+03 7.349312793139674098e-05
1.784000000000000000e+03 7.349191937236651767e-05
1.785000000000000000e+03 7.349512965068787736e-05
1.786000000000000000e+03 7.349141781156663992e-05
1.787000000000000000e+03 7.349191315008053911e-05
1.788000000000000000e+03 7.349300401177919948e-05
1.789000000000000000e+03 7.349126785720445291e-05
1.790000000000000000e+03 7.349089455311363429e-05
1.791000000000000000e+03 7.349050832419303013e-05
1.792000000000000000e+03 7.348999192251367760e-05
1.793000000000000000e+03 7.349224379112287583e-05
1.794000000000000000e+03 7.349004781926919065e-05
1.795000000000000000e+03 7.348948746372338558e-05
1.796000000000000000e+03 7.349044883090143001e-05
1.797000000000000000e+03 7.348875470281621743e-05
1.798000000000000000e+03 7.348859479446735309e-05
1.799000000000000000e+03 7.348828232400336671e-05
1.800000000000000000e+03 7.348811676242031463e-05
1.801000000000000000e+03 7.348902610269150140e-05
1.802000000000000000e+03 7.348787342846798873e-05
1.803000000000000000e+03 7.348676514234884713e-05
1.804000000000000000e+03 7.348672028643033415e-05
1.805000000000000000e+03 7.348646716732948672e-05
1.806000000000000000e+03 7.348910913653658699e-05
1.807000000000000000e+03 7.348750786917979919e-05
1.808000000000000000e+03 7.348569201932163969e-05
1.809000000000000000e+03 7.348659448745044494e-05
1.810000000000000000e+03 7.348533083283374909e-05
1.811000000000000000e+03 7.348570971376943469e-05
1.812000000000000000e+03 7.348501036327668913e-05
1.813000000000000000e+03 7.348780771185285568e-05
1.814000000000000000e+03 7.348384853469564729e-05
1.815000000000000000e+03 7.348407411526946685e-05
1.816000000000000000e+03 7.348506804587679993e-05
1.817000000000000000e+03 7.348387073685795645e-05
1.818000000000000000e+03 7.348431111016223932e-05
1.819000000000000000e+03 7.348354264468012732e-05
1.820000000000000000e+03 7.348410999318059607e-05
1.821000000000000000e+03 7.348403363667690242e-05
1.822000000000000000e+03 7.348260378119500242e-05
1.823000000000000000e+03 7.348338269867068736e-05
1.824000000000000000e+03 7.348257862531991163e-05
1.825000000000000000e+03 7.348264278865013243e-05
1.826000000000000000e+03 7.348210980522633883e-05
1.827000000000000000e+03 7.348334158240114574e-05
1.828000000000000000e+03 7.348153776081642373e-05
1.829000000000000000e+03 7.348105935021499258e-05
1.830000000000000000e+03 7.348084969203535414e-05
1.831000000000000000e+03 7.348072443372814192e-05
1.832000000000000000e+03 7.348059583477875437e-05
1.833000000000000000e+03 7.348003289934330537e-05
1.834000000000000000e+03 7.348073194718638128e-05
1.835000000000000000e+03 7.347958638665412360e-05
1.836000000000000000e+03 7.347923769086939336e-05
1.837000000000000000e+03 7.347909086323041125e-05
1.838000000000000000e+03 7.347906612138722059e-05
1.839000000000000000e+03 7.347841119285837151e-05
1.840000000000000000e+03 7.347978850089422213e-05
1.841000000000000000e+03 7.347873398230961328e-05
1.842000000000000000e+03 7.347790161089325946e-05
1.843000000000000000e+03 7.347779044622877688e-05
1.844000000000000000e+03 7.347765913385272444e-05
1.845000000000000000e+03 7.347782385462772183e-05
1.846000000000000000e+03 7.347690658554719258e-05
1.847000000000000000e+03 7.347698465891001722e-05
1.848000000000000000e+03 7.347693129945099470e-05
1.849000000000000000e+03 7.347652732494805677e-05
1.850000000000000000e+03 7.347626576807754777e-05
1.851000000000000000e+03 7.347606009335207373e-05
1.852000000000000000e+03 7.347707303499261943e-05
1.853000000000000000e+03 7.347627975272105554e-05
1.854000000000000000e+03 7.347707091104965728e-05
1.855000000000000000e+03 7.347631228353293498e-05
1.856000000000000000e+03 7.347533758901231087e-05
1.857000000000000000e+03 7.347465290785433619e-05
1.858000000000000000e+03 7.347589730189306337e-05
1.859000000000000000e+03 7.347552491479713188e-05
1.860000000000000000e+03 7.347381550946447532e-05
1.861000000000000000e+03 7.347385252545811200e-05
1.862000000000000000e+03 7.347370634600061668e-05
1.863000000000000000e+03 7.347391380625171618e-05
1.864000000000000000e+03 7.347484250016856927e-05
1.865000000000000000e+03 7.347300876131897414e-05
1.866000000000000000e+03 7.347300228264848235e-05
1.867000000000000000e+03 7.347362546778462699e-05
1.868000000000000000e+03 7.347217799302521648e-05
1.869000000000000000e+03 7.347195376042899397e-05
1.870000000000000000e+03 7.347222973422599078e-05
1.871000000000000000e+03 7.347223143063233897e-05
1.872000000000000000e+03 7.347129934447034223e-05
1.873000000000000000e+03 7.347130410899195096e-05
1.874000000000000000e+03 7.347258093345737618e-05
1.875000000000000000e+03 7.347121309428873064e-05
1.876000000000000000e+03 7.347096698062292007e-05
1.877000000000000000e+03 7.347029895528164520e-05
1.878000000000000000e+03 7.347074160847550273e-05
1.879000000000000000e+03 7.346971352754025906e-05
1.880000000000000000e+03 7.347019570450544375e-05
1.881000000000000000e+03 7.346951484571815239e-05
1.882000000000000000e+03 7.346986936013386006e-05
1.883000000000000000e+03 7.346935138995433566e-05
1.884000000000000000e+03 7.347041954218246150e-05
1.885000000000000000e+03 7.346893591060632035e-05
1.886000000000000000e+03 7.346843334888763946e-05
1.887000000000000000e+03 7.346890099822465958e-05
1.888000000000000000e+03 7.346862525177310830e-05
1.889000000000000000e+03 7.346811919596858806e-05
1.890000000000000000e+03 7.346802011754672960e-05
1.891000000000000000e+03 7.346896370380154230e-05
1.892000000000000000e+03 7.346821117469206741e-05
1.893000000000000000e+03 7.346692050553386174e-05
1.894000000000000000e+03 7.346754122410212220e-05
1.895000000000000000e+03 7.346647204301405640e-05
1.896000000000000000e+03 7.346782752090068715e-05
1.897000000000000000e+03 7.346597670874417175e-05
1.898000000000000000e+03 7.346727094405138111e-05
1.899000000000000000e+03 7.346623869333865841e-05
1.900000000000000000e+03 7.346552048638442241e-05
1.901000000000000000e+03 7.346557723577725927e-05
1.902000000000000000e+03 7.346635402527147804e-05
1.903000000000000000e+03 7.346513078260408182e-05
1.904000000000000000e+03 7.346498491741815804e-05
1.905000000000000000e+03 7.346507332589562341e-05
1.906000000000000000e+03 7.346528278395922861e-05
1.907000000000000000e+03 7.346406312234002366e-05
1.908000000000000000e+03 7.346397524586210578e-05
1.909000000000000000e+03 7.346372175209786397e-05
1.910000000000000000e+03 7.346412502625974451e-05
1.911000000000000000e+03 7.346387561953725645e-05
1.912000000000000000e+03 7.346357581231218999e-05
1.913000000000000000e+03 7.346294924918568016e-05
1.914000000000000000e+03 7.346361581068448006e-05
1.915000000000000000e+03 7.346262259041571392e-05
1.916000000000000000e+03 7.346242798188956126e-05
1.917000000000000000e+03 7.346328789469408471e-05
1.918000000000000000e+03 7.346227071397373515e-05
1.919000000000000000e+03 7.346217324062633491e-05
1.920000000000000000e+03 7.346170462651226910e-05
1.921000000000000000e+03 7.346262766663307379e-05
1.922000000000000000e+03 7.346141693102287574e-05
1.923000000000000000e+03 7.346145198202525949e-05
1.924000000000000000e+03 7.346122240698407184e-05
1.925000000000000000e+03 7.346074860582665206e-05
1.926000000000000000e+03 7.346140072564784828e-05
1.927000000000000000e+03 7.346011760062181814e-05
1.928000000000000000e+03 7.346014522907238446e-05
1.929000000000000000e+03 7.346075176377532675e-05
1.930000000000000000e+03 7.346014249710263691e-05
1.931000000000000000e+03 7.345947419162262974e-05
1.932000000000000000e+03 7.346125076798724722e-05
1.933000000000000000e+03 7.345962829317738874e-05
1.934000000000000000e+03 7.345909278956676356e-05
1.935000000000000000e+03 7.345956769068462454e-05
1.936000000000000000e+03 7.345867908589527790e-05
1.937000000000000000e+03 7.345919251079624718e-05
1.938000000000000000e+03 7.345907408379187878e-05
1.939000000000000000e+03 7.345852114510222476e-05
1.940000000000000000e+03 7.345804829542890862e-05
1.941000000000000000e+03 7.345834895312944042e-05
1.942000000000000000e+03 7.345772085931887669e-05
1.943000000000000000e+03 7.345739235650039630e-05
1.944000000000000000e+03 7.345720122790933373e-05
1.945000000000000000e+03 7.345720936671154729e-05
1.946000000000000000e+03 7.345682294807127032e-05
1.947000000000000000e+03 7.345637151792438503e-05
1.948000000000000000e+03 7.345661068440772871e-05
1.949000000000000000e+03 7.345646435701438416e-05
1.950000000000000000e+03 7.345632172484268564e-05
1.951000000000000000e+03 7.345584117369433237e-05
1.952000000000000000e+03 7.345634115126848567e-05
1.953000000000000000e+03 7.345707261497619117e-05
1.954000000000000000e+03 7.345599253399286762e-05
1.955000000000000000e+03 7.345505385714340245e-05
1.956000000000000000e+03 7.345524086941705711e-05
1.957000000000000000e+03 7.345462190919553364e-05
1.958000000000000000e+03 7.345481002031380928e-05
1.959000000000000000e+03 7.345562737176191596e-05
1.960000000000000000e+03 7.345500763987421427e-05
1.961000000000000000e+03 7.345391502377837569e-05
1.962000000000000000e+03 7.345561243319918647e-05
1.963000000000000000e+03 7.345408236751668882e-05
1.964000000000000000e+03 7.345375415528471944e-05
1.965000000000000000e+03 7.345318656767571303e-05
1.966000000000000000e+03 7.345321229757214372e-05
1.967000000000000000e+03 7.345298758275570043e-05
1.968000000000000000e+03 7.345274490488958963e-05
1.969000000000000000e+03 7.345293750589840741e-05
1.970000000000000000e+03 7.345420178072936462e-05
1.971000000000000000e+03 7.345215595146559575e-05
1.972000000000000000e+03 7.345201823409549515e-05
1.973000000000000000e+03 7.345259980110751814e-05
1.974000000000000000e+03 7.345212461765998266e-05
1.975000000000000000e+03 7.345271067488503018e-05
1.976000000000000000e+03 7.345150244620055654e-05
1.977000000000000000e+03 7.345224654023562870e-05
1.978000000000000000e+03 7.345168273912028322e-05
1.979000000000000000e+03 7.345096675070777667e-05
1.980000000000000000e+03 7.345110128245666329e-05
1.981000000000000000e+03 7.345063030506859228e-05
1.982000000000000000e+03 7.345028550109745057e-05
1.983000000000000000e+03 7.345046151694114233e-05
1.984000000000000000e+03 7.345041608209478673e-05
1.985000000000000000e+03 7.345109265578153763e-05
1.986000000000000000e+03 7.345043925205063597e-05
1.987000000000000000e+03 7.344941059679778060e-05
1.988000000000000000e+03 7.344978647438832147e-05
1.989000000000000000e+03 7.344966800505184845e-05
1.990000000000000000e+03 7.344890874734745165e-05
1.991000000000000000e+03 7.344904548962504116e-05
1.992000000000000000e+03 7.344852139111609189e-05
1.993000000000000000e+03 7.344837202003162084e-05
1.994000000000000000e+03 7.344824923636176562e-05
1.995000000000000000e+03 7.344862503610771537e-05
1.996000000000000000e+03 7.344897456360709339e-05
1.997000000000000000e+03 7.344989181468014941e-05
1.998000000000000000e+03 7.344781505458039018e-05
1.999000000000000000e+03 7.344868992723612897e-05
2.000000000000000000e+03 7.344744068826321488e-05
2.001000000000000000e+03 7.344717023871735924e-05
2.002000000000000000e+03 7.344780027888523711e-05
2.003000000000000000e+03 7.344714960334200633e-05
2.004000000000000000e+03 7.344685441791127438e-05
2.005000000000000000e+03 7.344688599911656309e-05
2.006000000000000000e+03 7.344654538110597308e-05
2.007000000000000000e+03 7.344674513876648628e-05
2.008000000000000000e+03 7.344629750380223432e-05
2.009000000000000000e+03 7.344656502431900038e-05
2.010000000000000000e+03 7.344621881398825144e-05
2.011000000000000000e+03 7.344616729874071221e-05
2.012000000000000000e+03 7.344543815830409882e-05
2.013000000000000000e+03 7.344619863631884741e-05
2.014000000000000000e+03 7.344609274836420647e-05
2.015000000000000000e+03 7.344504155762202090e-05
2.016000000000000000e+03 7.344497653840925590e-05
2.017000000000000000e+03 7.344472677675699141e-05
2.018000000000000000e+03 7.344447971760900359e-05
2.019000000000000000e+03 7.344512656193616894e-05
2.020000000000000000e+03 7.344457019373670564e-05
2.021000000000000000e+03 7.344412395869562695e-05
2.022000000000000000e+03 7.344426830018439378e-05
2.023000000000000000e+03 7.344413104863019629e-05
2.024000000000000000e+03 7.344396389420880197e-05
2.025000000000000000e+03 7.344437843967323157e-05
2.026000000000000000e+03 7.344362892341748999e-05
2.027000000000000000e+03 7.344354533850011438e-05
2.028000000000000000e+03 7.344337012996981302e-05
2.029000000000000000e+03 7.344291470418567839e-05
2.030000000000000000e+03 7.344251403006690348e-05
2.031000000000000000e+03 7.344258083835617803e-05
2.032000000000000000e+03 7.344270267247998165e-05
2.033000000000000000e+03 7.344213702444547993e-05
2.034000000000000000e+03 7.344385055225157658e-05
2.035000000000000000e+03 7.344165060145024045e-05
2.036000000000000000e+03 7.344180814393091550e-05
2.037000000000000000e+03 7.344165104930338011e-05
2.038000000000000000e+03 7.344171623689245789e-05
2.039000000000000000e+03 7.344133708099805980e-05
2.040000000000000000e+03 7.344158210658053871e-05
2.041000000000000000e+03 7.344073916380086079e-05
2.042000000000000000e+03 7.344092429291550856e-05
2.043000000000000000e+03 7.344101431515435811e-05
2.044000000000000000e+03 7.344033777493953036e-05
2.045000000000000000e+03 7.344038032979286184e-05
2.046000000000000000e+03 7.344066553417035131e-05
2.047000000000000000e+03 7.343975499419967223e-05
2.048000000000000000e+03 7.344049731266414130e-05
2.049000000000000000e+03 7.343971967999790053e-05
2.050000000000000000e+03 7.343932704480210071e-05
2.051000000000000000e+03 7.343976926366924357e-05
2.052000000000000000e+03 7.343934708226364531e-05
2.053000000000000000e+03 7.343912117844035548e-05
2.054000000000000000e+03 7.344035847904638922e-05
2.055000000000000000e+03 7.343893818664956781e-05
2.056000000000000000e+03 7.343883516214701028e-05
2.057000000000000000e+03 7.343861328691514575e-05
2.058000000000000000e+03 7.343876277744751184e-05
2.059000000000000000e+03 7.343857205590454242e-05
2.060000000000000000e+03 7.343820429902398438e-05
2.061000000000000000e+03 7.343808050902546889e-05
2.062000000000000000e+03 7.343803800427503071e-05
2.063000000000000000e+03 7.343808541376197082e-05
2.064000000000000000e+03 7.343736685440757823e-05
2.065000000000000000e+03 7.343725513701976901e-05
2.066000000000000000e+03 7.343732287656743699e-05
2.067000000000000000e+03 7.343716709566913768e-05
2.068000000000000000e+03 7.343703926391482767e-05
2.069000000000000000e+03 7.343710667521725216e-05
2.070000000000000000e+03 7.343822629469076051e-05
2.071000000000000000e+03 7.343666200784703909e-05
2.072000000000000000e+03 7.343620848187867194e-05
2.073000000000000000e+03 7.343663962376380467e-05
2.074000000000000000e+03 7.343651055204473944e-05
2.075000000000000000e+03 7.343590220414536712e-05
2.076000000000000000e+03 7.343601766178207741e-05
2.077000000000000000e+03 7.343567908142797571e-05
2.078000000000000000e+03 7.343577545069568478e-05
2.079000000000000000e+03 7.343514188222504844e-05
2.080000000000000000e+03 7.343565219238788180e-05
2.081000000000000000e+03 7.343508768528762387e-05
2.082000000000000000e+03 7.343700202884835711e-05
2.083000000000000000e+03 7.343449246951463288e-05
2.084000000000000000e+03 7.343509126850066872e-05
2.085000000000000000e+03 7.343453246843208691e-05
2.086000000000000000e+03 7.343448591698975277e-05
2.087000000000000000e+03 7.343439848991179224e-05
2.088000000000000000e+03 7.343408741008318832e-05
2.089000000000000000e+03 7.343407982828507039e-05
2.090000000000000000e+03 7.343379396504675694e-05
2.091000000000000000e+03 7.343376676662549381e-05
2.092000000000000000e+03 7.343361771085588140e-05
2.093000000000000000e+03 7.343393912357869355e-05
2.094000000000000000e+03 7.343390308711953069e-05
2.095000000000000000e+03 7.343289847365163628e-05
2.096000000000000000e+03 7.343336008173743045e-05
2.097000000000000000e+03 7.343287343618559867e-05
2.098000000000000000e+03 7.343265238729141677e-05
2.099000000000000000e+03 7.343260014733166293e-05
2.100000000000000000e+03 7.343284880779508516e-05
2.101000000000000000e+03 7.343229262819138360e-05
2.102000000000000000e+03 7.343247552555408450e-05
2.103000000000000000e+03 7.343228826752775220e-05
2.104000000000000000e+03 7.343213657668165660e-05
2.105000000000000000e+03 7.343260434521983444e-05
2.106000000000000000e+03 7.343136760058360812e-05
2.107000000000000000e+03 7.343318912986961577e-05
2.108000000000000000e+03 7.343116965642896979e-05
2.109000000000000000e+03 7.343114833412725745e-05
2.110000000000000000e+03 7.343170360863761662e-05
2.111000000000000000e+03 7.343094146743471258e-05
2.112000000000000000e+03 7.343075354747778693e-05
2.113000000000000000e+03 7.343079908607987808e-05
2.114000000000000000e+03 7.343082340795138057e-05
2.115000000000000000e+03 7.343070340075868009e-05
2.116000000000000000e+03 7.343267221602408029e-05
2.117000000000000000e+03 7.343146065609085053e-05
2.118000000000000000e+03 7.343059583488534378e-05
2.119000000000000000e+03 7.343103383535844707e-05
2.120000000000000000e+03 7.342971348305419069e-05
2.121000000000000000e+03 7.343036351100671645e-05
2.122000000000000000e+03 7.343019720132751282e-05
2.123000000000000000e+03 7.342957938960491498e-05
2.124000000000000000e+03 7.342919836103947197e-05
2.125000000000000000e+03 7.342938428232489208e-05
2.126000000000000000e+03 7.342943983523749038e-05
2.127000000000000000e+03 7.342898500332300865e-05
2.128000000000000000e+03 7.342904333964317171e-05
2.129000000000000000e+03 7.342886991800357411e-05
2.130000000000000000e+03 7.342838414775087021e-05
2.131000000000000000e+03 7.342870579408257740e-05
2.132000000000000000e+03 7.342803492181907386e-05
2.133000000000000000e+03 7.342809305248664399e-05
2.134000000000000000e+03 7.342816235345202801e-05
2.135000000000000000e+03 7.342783717568896146e-05
2.136000000000000000e+03 7.342757917687226063e-05
2.137000000000000000e+03 7.342775122470570584e-05
2.138000000000000000e+03 7.342733821238690275e-05
2.139000000000000000e+03 7.342748822687689581e-05
2.140000000000000000e+03 7.342710597118674127e-05
2.141000000000000000e+03 7.342746172673144756e-05
2.142000000000000000e+03 7.342721819512644998e-05
2.143000000000000000e+03 7.342693893772285799e-05
2.144000000000000000e+03 7.342658255159514999e-05
2.145000000000000000e+03 7.342676154652515261e-05
2.146000000000000000e+03 7.342633678152801053e-05
2.147000000000000000e+03 7.342650129637102964e-05
2.148000000000000000e+03 7.342614410068086224e-05
2.149000000000000000e+03 7.342604734073910136e-05
2.150000000000000000e+03 7.342634780190579035e-05
2.151000000000000000e+03 7.342560698012627228e-05
2.152000000000000000e+03 7.342594968766066096e-05
2.153000000000000000e+03 7.342602256418600485e-05
2.154000000000000000e+03 7.342538765241920736e-05
2.155000000000000000e+03 7.342520255174288441e-05
2.156000000000000000e+03 7.342521236033604465e-05
2.157000000000000000e+03 7.342498027315544828e-05
2.158000000000000000e+03 7.342487797279028847e-05
2.159000000000000000e+03 7.342547821822730198e-05
2.160000000000000000e+03 7.342474145636338205e-05
2.161000000000000000e+03 7.342477187035918035e-05
2.162000000000000000e+03 7.342471191443157433e-05
2.163000000000000000e+03 7.342440035447833624e-05
2.164000000000000000e+03 7.342455365401319997e-05
2.165000000000000000e+03 7.342433889704196048e-05
2.166000000000000000e+03 7.342407152246222207e-05
2.167000000000000000e+03 7.342435701867064271e-05
2.168000000000000000e+03 7.342467955616925092e-05
2.169000000000000000e+03 7.342418917694298452e-05
2.170000000000000000e+03 7.342351494402637590e-05
2.171000000000000000e+03 7.342357493230077426e-05
2.172000000000000000e+03 7.342444648715716290e-05
2.173000000000000000e+03 7.342345349255663574e-05
2.174000000000000000e+03 7.342304962024127045e-05
2.175000000000000000e+03 7.342325041658441910e-05
2.176000000000000000e+03 7.342293214977601700e-05
2.177000000000000000e+03 7.342283015279838063e-05
2.178000000000000000e+03 7.342306083968698526e-05
2.179000000000000000e+03 7.342281393139132341e-05
2.180000000000000000e+03 7.342276710375970732e-05
2.181000000000000000e+03 7.342237206273557689e-05
2.182000000000000000e+03 7.342220644036384332e-05
2.183000000000000000e+03 7.342250907571265842e-05
2.184000000000000000e+03 7.342174267210648496e-05
2.185000000000000000e+03 7.342198810239036917e-05
2.186000000000000000e+03 7.342178515461988237e-05
2.187000000000000000e+03 7.342258003373904615e-05
2.188000000000000000e+03 7.342147388454854586e-05
2.189000000000000000e+03 7.342116023969144363e-05
2.190000000000000000e+03 7.342122060807381508e-05
2.191000000000000000e+03 7.342126430696925587e-05
2.192000000000000000e+03 7.342105176392455467e-05
2.193000000000000000e+03 7.342080856305116076e-05
2.194000000000000000e+03 7.342061815219937495e-05
2.195000000000000000e+03 7.342090161962567824e-05
2.196000000000000000e+03 7.342040585162587800e-05
2.197000000000000000e+03 7.342096918564604312e-05
2.198000000000000000e+03 7.342053252960573789e-05
2.199000000000000000e+03 7.342045398045525040e-05
2.200000000000000000e+03 7.342029644782376604e-05
2.201000000000000000e+03 7.341984221407743289e-05
2.202000000000000000e+03 7.341980696587104742e-05
2.203000000000000000e+03 7.342021111132796170e-05
2.204000000000000000e+03 7.342009740867561996e-05
2.205000000000000000e+03 7.341991134615356808e-05
2.206000000000000000e+03 7.341934666606411014e-05
2.207000000000000000e+03 7.341917714779829830e-05
2.208000000000000000e+03 7.341967259773149413e-05
2.209000000000000000e+03 7.341895231303984838e-05
2.210000000000000000e+03 7.341888981549447434e-05
2.211000000000000000e+03 7.341867112768842409e-05
2.212000000000000000e+03 7.341894425319750407e-05
2.213000000000000000e+03 7.341871651327427082e-05
2.214000000000000000e+03 7.341845280540045514e-05
2.215000000000000000e+03 7.341897869449683100e-05
2.216000000000000000e+03 7.341852736446738339e-05
2.217000000000000000e+03 7.341806836860731900e-05
2.218000000000000000e+03 7.341807370864386454e-05
2.219000000000000000e+03 7.341810838692300659e-05
2.220000000000000000e+03 7.341798692731601322e-05
2.221000000000000000e+03 7.341777697425486463e-05
2.222000000000000000e+03 7.341797079186316254e-05
2.223000000000000000e+03 7.341737860501057489e-05
2.224000000000000000e+03 7.341729650978694361e-05
2.225000000000000000e+03 7.341780390856958785e-05
2.226000000000000000e+03 7.341724143401803337e-05
2.227000000000000000e+03 7.341799951766534924e-05
2.228000000000000000e+03 7.341710889553383092e-05
2.229000000000000000e+03 7.341706678959976221e-05
2.230000000000000000e+03 7.341664190292667607e-05
2.231000000000000000e+03 7.341665266571670864e-05
2.232000000000000000e+03 7.341685739269165119e-05
2.233000000000000000e+03 7.341648958222045699e-05
2.234000000000000000e+03 7.341641202280732787e-05
2.235000000000000000e+03 7.341662240597471734e-05
2.236000000000000000e+03 7.341619416492849615e-05
2.237000000000000000e+03 7.341605801331980497e-05
2.238000000000000000e+03 7.341586119186960799e-05
2.239000000000000000e+03 7.341572726001540771e-05
2.240000000000000000e+03 7.341561398447413059e-05
2.241000000000000000e+03 7.341584924152953068e-05
2.242000000000000000e+03 7.341609112994124282e-05
2.243000000000000000e+03 7.341526071351227626e-05
2.244000000000000000e+03 7.341539676787810209e-05
2.245000000000000000e+03 7.341556571895383376e-05
2.246000000000000000e+03 7.341531517921524722e-05
2.247000000000000000e+03 7.341536418042370646e-05
2.248000000000000000e+03 7.341476262620131037e-05
2.249000000000000000e+03 7.341480699420279777e-05
2.250000000000000000e+03 7.341482570533370904e-05
2.251000000000000000e+03 7.341470096320200519e-05
2.252000000000000000e+03 7.341462577302326916e-05
2.253000000000000000e+03 7.341428855007561002e-05
2.254000000000000000e+03 7.341464337586945180e-05
2.255000000000000000e+03 7.341432276772728491e-05
2.256000000000000000e+03 7.341422887039659182e-05
2.257000000000000000e+03 7.341399653968684027e-05
2.258000000000000000e+03 7.341402103308180985e-05
2.259000000000000000e+03 7.341390232916807307e-05
2.260000000000000000e+03 7.341362965164023124e-05
2.261000000000000000e+03 7.341354549782367982e-05
2.262000000000000000e+03 7.341350307042204067e-05
2.263000000000000000e+03 7.341330000392777035e-05
2.264000000000000000e+03 7.341397027868638598e-05
2.265000000000000000e+03 7.341304259352230657e-05
2.266000000000000000e+03 7.341329387100260220e-05
2.267000000000000000e+03 7.341298108529555847e-05
2.268000000000000000e+03 7.341286021480916853e-05
2.269000000000000000e+03 7.341291798969670377e-05
2.270000000000000000e+03 7.341300878688011497e-05
2.271000000000000000e+03 7.341297392591968312e-05
2.272000000000000000e+03 7.341275879897866887e-05
2.273000000000000000e+03 7.341240646359617375e-05
2.274000000000000000e+03 7.341220466191291326e-05
2.275000000000000000e+03 7.341210600999945209e-05
2.276000000000000000e+03 7.341311641031226739e-05
2.277000000000000000e+03 7.341199043645453646e-05
2.278000000000000000e+03 7.341205147935908647e-05
2.279000000000000000e+03 7.341183077317683383e-05
2.280000000000000000e+03 7.341199415721890147e-05
2.281000000000000000e+03 7.341247991973778799e-05
2.282000000000000000e+03 7.341151150925147837e-05
2.283000000000000000e+03 7.341134460134610780e-05
2.284000000000000000e+03 7.341134979242578383e-05
2.285000000000000000e+03 7.341162508983196608e-05
2.286000000000000000e+03 7.341115283239825907e-05
2.287000000000000000e+03 7.341120755465269684e-05
2.288000000000000000e+03 7.341114483068061664e-05
2.289000000000000000e+03 7.341090659892303980e-05
2.290000000000000000e+03 7.341073239539346788e-05
2.291000000000000000e+03 7.341061356911981811e-05
2.292000000000000000e+03 7.341072531815653229e-05
2.293000000000000000e+03 7.341051521555347868e-05
2.294000000000000000e+03 7.341031943466062469e-05
2.295000000000000000e+03 7.341027975961966214e-05
2.296000000000000000e+03 7.341030641028217394e-05
2.297000000000000000e+03 7.341035200752808298e-05
2.298000000000000000e+03 7.340990718112208081e-05
2.299000000000000000e+03 7.340991436768497616e-05
2.300000000000000000e+03 7.340998557865953899e-05
2.301000000000000000e+03 7.340970563567357813e-05
2.302000000000000000e+03 7.340961061043382602e-05
2.303000000000000000e+03 7.340984775284502988e-05
2.304000000000000000e+03 7.340952740557712519e-05
2.305000000000000000e+03 7.340969707033111885e-05
2.306000000000000000e+03 7.340946319340916661e-05
2.307000000000000000e+03 7.341009299226563839e-05
2.308000000000000000e+03 7.340928482055460744e-05
2.309000000000000000e+03 7.340921668875651190e-05
2.310000000000000000e+03 7.340901022531718995e-05
2.311000000000000000e+03 7.340885720105602653e-05
2.312000000000000000e+03 7.340871566648718514e-05
2.313000000000000000e+03 7.340876194531306296e-05
2.314000000000000000e+03 7.340930715731703844e-05
2.315000000000000000e+03 7.340865358989462092e-05
2.316000000000000000e+03 7.340920052186160848e-05
2.317000000000000000e+03 7.340836252634302364e-05
2.318000000000000000e+03 7.340831626099597433e-05
2.319000000000000000e+03 7.340828678729468984e-05
2.320000000000000000e+03 7.340803480408052877e-05
2.321000000000000000e+03 7.340791624888088154e-05
2.322000000000000000e+03 7.340781730143614784e-05
2.323000000000000000e+03 7.340823508942270011e-05
2.324000000000000000e+03 7.340768469490434062e-05
2.325000000000000000e+03 7.340775379805863747e-05
2.326000000000000000e+03 7.340776571473438641e-05
2.327000000000000000e+03 7.340755233398460358e-05
2.328000000000000000e+03 7.340735917633594144e-05
2.329000000000000000e+03 7.340721248411826946e-05
2.330000000000000000e+03 7.340725936574173072e-05
2.331000000000000000e+03 7.340717760112434225e-05
2.332000000000000000e+03 7.340757019900260802e-05
2.333000000000000000e+03 7.340693219433152769e-05
2.334000000000000000e+03 7.340698612605052237e-05
2.335000000000000000e+03 7.340690068419745322e-05
2.336000000000000000e+03 7.340686585040219470e-05
2.337000000000000000e+03 7.340677084009009047e-05
2.338000000000000000e+03 7.340649914779283608e-05
2.339000000000000000e+03 7.340647034746454361e-05
2.340000000000000000e+03 7.340667063858517371e-05
2.341000000000000000e+03 7.340629651549836101e-05
2.342000000000000000e+03 7.340643642292368700e-05
2.343000000000000000e+03 7.340615243904734179e-05
2.344000000000000000e+03 7.340614213299154190e-05
2.345000000000000000e+03 7.340587744389617960e-05
2.346000000000000000e+03 7.340600699432541529e-05
2.347000000000000000e+03 7.340582931588283196e-05
2.348000000000000000e+03 7.340577988974212079e-05
2.349000000000000000e+03 7.340559154028349184e-05
2.350000000000000000e+03 7.340551157791173908e-05
2.351000000000000000e+03 7.340582597933560693e-05
2.352000000000000000e+03 7.340543979220668681e-05
2.353000000000000000e+03 7.340537948373858780e-05
2.354000000000000000e+03 7.340544965375808163e-05
2.355000000000000000e+03 7.340538522577348712e-05
2.356000000000000000e+03 7.340511212140720331e-05
2.357000000000000000e+03 7.340514957176348242e-05
2.358000000000000000e+03 7.340480756705638934e-05
2.359000000000000000e+03 7.340503914624778650e-05
2.360000000000000000e+03 7.340479771251013318e-05
2.361000000000000000e+03 7.340461555819781533e-05
2.362000000000000000e+03 7.340473181711998233e-05
2.363000000000000000e+03 7.340475930256730431e-05
2.364000000000000000e+03 7.340430982138907475e-05
2.365000000000000000e+03 7.340439176488145802e-05
2.366000000000000000e+03 7.340445202084750051e-05
2.367000000000000000e+03 7.340434359709255448e-05
2.368000000000000000e+03 7.340488952534261638e-05
2.369000000000000000e+03 7.340387018725526259e-05
2.370000000000000000e+03 7.340411293798606131e-05
2.371000000000000000e+03 7.340415232852230427e-05
2.372000000000000000e+03 7.340369524738395764e-05
2.373000000000000000e+03 7.340387898454822126e-05
2.374000000000000000e+03 7.340383588772672672e-05
2.375000000000000000e+03 7.340368176902348077e-05
2.376000000000000000e+03 7.340366559656208011e-05
2.377000000000000000e+03 7.340357776851650327e-05
2.378000000000000000e+03 7.340405081459874857e-05
2.379000000000000000e+03 7.340369077725515494e-05
2.380000000000000000e+03 7.340323020944166700e-05
2.381000000000000000e+03 7.340304641600855747e-05
2.382000000000000000e+03 7.340365164770660882e-05
2.383000000000000000e+03 7.340326129024366160e-05
2.384000000000000000e+03 7.340302703332179056e-05
2.385000000000000000e+03 7.340307161889653826e-05
2.386000000000000000e+03 7.340283441629244911e-05
2.387000000000000000e+03 7.340260564641677959e-05
2.388000000000000000e+03 7.340249897549097082e-05
2.389000000000000000e+03 7.340242499512515141e-05
2.390000000000000000e+03 7.340233492216370571e-05
2.391000000000000000e+03 7.340243688631583382e-05
2.392000000000000000e+03 7.340218488378318226e-05
2.393000000000000000e+03 7.340255137743074607e-05
2.394000000000000000e+03 7.340202263752636095e-05
2.395000000000000000e+03 7.340232867653492213e-05
2.396000000000000000e+03 7.340209101535174899e-05
2.397000000000000000e+03 7.340196726082427639e-05
2.398000000000000000e+03 7.340183847885955635e-05
2.399000000000000000e+03 7.340173168492965586e-05
2.400000000000000000e+03 7.340167068893224548e-05
2.401000000000000000e+03 7.340212990359924316e-05
2.402000000000000000e+03 7.340179770284461331e-05
2.403000000000000000e+03 7.340309589067077175e-05
2.404000000000000000e+03 7.340127046142208166e-05
2.405000000000000000e+03 7.340147569615295732e-05
2.406000000000000000e+03 7.340115517288621581e-05
2.407000000000000000e+03 7.340138689493798656e-05
2.408000000000000000e+03 7.340109713268879821e-05
2.409000000000000000e+03 7.340089276050147963e-05
2.410000000000000000e+03 7.340127069612031527e-05
2.411000000000000000e+03 7.340081929909331269e-05
2.412000000000000000e+03 7.340074035128793409e-05
2.413000000000000000e+03 7.340068186399515283e-05
2.414000000000000000e+03 7.340076449867582651e-05
2.415000000000000000e+03 7.340088909317105646e-05
2.416000000000000000e+03 7.340045809152336833e-05
2.417000000000000000e+03 7.340053741902161967e-05
2.418000000000000000e+03 7.340037475703692143e-05
2.419000000000000000e+03 7.340102560408720718e-05
2.420000000000000000e+03 7.340010273319531832e-05
2.421000000000000000e+03 7.340012516057342889e-05
2.422000000000000000e+03 7.340015328152382139e-05
2.423000000000000000e+03 7.340029904414675397e-05
2.424000000000000000e+03 7.339984971974921365e-05
2.425000000000000000e+03 7.340016202882744339e-05
2.426000000000000000e+03 7.340003305511473867e-05
2.427000000000000000e+03 7.339973613171116328e-05
2.428000000000000000e+03 7.339953625005558402e-05
2.429000000000000000e+03 7.339960206877712363e-05
2.430000000000000000e+03 7.339963128090230121e-05
2.431000000000000000e+03 7.340012315760527080e-05
2.432000000000000000e+03 7.339940052836091823e-05
2.433000000000000000e+03 7.339931438300585447e-05
2.434000000000000000e+03 7.339927256895226496e-05
2.435000000000000000e+03 7.339901673428166442e-05
2.436000000000000000e+03 7.339908622839546996e-05
2.437000000000000000e+03 7.340001717811752552e-05
2.438000000000000000e+03 7.339884127020722849e-05
2.439000000000000000e+03 7.339885536125303643e-05
2.440000000000000000e+03 7.339889523797979431e-05
2.441000000000000000e+03 7.339862952707786417e-05
2.442000000000000000e+03 7.339862899932097595e-05
2.443000000000000000e+03 7.339854690128325729e-05
2.444000000000000000e+03 7.339866200826972685e-05
2.445000000000000000e+03 7.339887625677062532e-05
2.446000000000000000e+03 7.339853785461351258e-05
2.447000000000000000e+03 7.339849976788039086e-05
2.448000000000000000e+03 7.339829377111529421e-05
2.449000000000000000e+03 7.339815704214288467e-05
2.450000000000000000e+03 7.339807109213744389e-05
2.451000000000000000e+03 7.339797731733129990e-05
2.452000000000000000e+03 7.339804577179050984e-05
2.453000000000000000e+03 7.339797081933878040e-05
2.454000000000000000e+03 7.339791213039908600e-05
2.455000000000000000e+03 7.339769323064965786e-05
2.456000000000000000e+03 7.339778672303478332e-05
2.457000000000000000e+03 7.339755985396849837e-05
2.458000000000000000e+03 7.339895919035053715e-05
2.459000000000000000e+03 7.339765749362386535e-05
2.460000000000000000e+03 7.339738742293398679e-05
2.461000000000000000e+03 7.339733739184750821e-05
2.462000000000000000e+03 7.339726361980128356e-05
2.463000000000000000e+03 7.339736186342086263e-05
2.464000000000000000e+03 7.339713532807933829e-05
2.465000000000000000e+03 7.339722719763813296e-05
2.466000000000000000e+03 7.339726965078744597e-05
2.467000000000000000e+03 7.339688866806472710e-05
2.468000000000000000e+03 7.339771532533396212e-05
2.469000000000000000e+03 7.339682367479225802e-05
2.470000000000000000e+03 7.339684452676037299e-05
2.471000000000000000e+03 7.339661000747594189e-05
2.472000000000000000e+03 7.339666789930101047e-05
2.473000000000000000e+03 7.339657008937339991e-05
2.474000000000000000e+03 7.339680653084306101e-05
2.475000000000000000e+03 7.339647455487301826e-05
2.476000000000000000e+03 7.339657142489242980e-05
2.477000000000000000e+03 7.339633957588925827e-05
2.478000000000000000e+03 7.339639941671065684e-05
2.479000000000000000e+03 7.339635795955578202e-05
2.480000000000000000e+03 7.339645280923598892e-05
2.481000000000000000e+03 7.339620927889538792e-05
2.482000000000000000e+03 7.339606847846869085e-05
2.483000000000000000e+03 7.339608539994784200e-05
2.484000000000000000e+03 7.339606956155956966e-05
2.485000000000000000e+03 7.339591602226612130e-05
2.486000000000000000e+03 7.339595925802220179e-05
2.487000000000000000e+03 7.339563617761938458e-05
2.488000000000000000e+03 7.339571601448466635e-05
2.489000000000000000e+03 7.339557051425011139e-05
2.490000000000000000e+03 7.339546840453390762e-05
2.491000000000000000e+03 7.339541181011329722e-05
2.492000000000000000e+03 7.339545101383654563e-05
2.493000000000000000e+03 7.339534748437665185e-05
2.494000000000000000e+03 7.339535292148241421e-05
2.495000000000000000e+03 7.339573132383047131e-05
2.496000000000000000e+03 7.339554786279882653e-05
2.497000000000000000e+03 7.339512633952483141e-05
2.498000000000000000e+03 7.339500016186381983e-05
2.499000000000000000e+03 7.339497987373001667e-05
2.500000000000000000e+03 7.339503272457577321e-05
2.501000000000000000e+03 7.339516116012910355e-05
2.502000000000000000e+03 7.339506159844749126e-05
2.503000000000000000e+03 7.339496631548450729e-05
2.504000000000000000e+03 7.339478568502044351e-05
2.505000000000000000e+03 7.339451487257005722e-05
2.506000000000000000e+03 7.339445998054728595e-05
2.507000000000000000e+03 7.339448122657557874e-05
2.508000000000000000e+03 7.339477479054356743e-05
2.509000000000000000e+03 7.339422954370894664e-05
2.510000000000000000e+03 7.339455671513393548e-05
2.511000000000000000e+03 7.339417736458765272e-05
2.512000000000000000e+03 7.339416496559987818e-05
2.513000000000000000e+03 7.339418445654978854e-05
2.514000000000000000e+03 7.339413841231659725e-05
2.515000000000000000e+03 7.339400180540532170e-05
2.516000000000000000e+03 7.339410251159388142e-05
2.517000000000000000e+03 7.339382433422043841e-05
2.518000000000000000e+03 7.339407809318015214e-05
2.519000000000000000e+03 7.339374068620176453e-05
2.520000000000000000e+03 7.339370381963730293e-05
2.521000000000000000e+03 7.339376372172810468e-05
2.522000000000000000e+03 7.339385095601116136e-05
2.523000000000000000e+03 7.339369748457293965e-05
2.524000000000000000e+03 7.339352160315036795e-05
2.525000000000000000e+03 7.339340047571542216e-05
2.526000000000000000e+03 7.339335836791262258e-05
2.527000000000000000e+03 7.339366250761831167e-05
2.528000000000000000e+03 7.339318110075245688e-05
2.529000000000000000e+03 7.339316923821628921e-05
2.530000000000000000e+03 7.339352438099722240e-05
2.531000000000000000e+03 7.339300328869866605e-05
2.532000000000000000e+03 7.339307448655768942e-05
2.533000000000000000e+03 7.339305758581238692e-05
2.534000000000000000e+03 7.339286749141292335e-05
2.535000000000000000e+03 7.339295858661579685e-05
2.536000000000000000e+03 7.339292725847535695e-05
2.537000000000000000e+03 7.339276271556169308e-05
2.538000000000000000e+03 7.339276950667598129e-05
2.539000000000000000e+03 7.339271893327240274e-05
2.540000000000000000e+03 7.339273354226722986e-05
2.541000000000000000e+03 7.339252249481776160e-05
2.542000000000000000e+03 7.339239334083409760e-05
2.543000000000000000e+03 7.339290803507247170e-05
2.544000000000000000e+03 7.339263694590890342e-05
2.545000000000000000e+03 7.339235744110139388e-05
2.546000000000000000e+03 7.339221865962091849e-05
2.547000000000000000e+03 7.339221677721381937e-05
2.548000000000000000e+03 7.339223673975029890e-05
2.549000000000000000e+03 7.339240925600303347e-05
2.550000000000000000e+03 7.339204213349782662e-05
2.551000000000000000e+03 7.339187378355756936e-05
2.552000000000000000e+03 7.339191123760012230e-05
2.553000000000000000e+03 7.339201446942838645e-05
2.554000000000000000e+03 7.339204957575569616e-05
2.555000000000000000e+03 7.339203493416080707e-05
2.556000000000000000e+03 7.339167535628562781e-05
2.557000000000000000e+03 7.339178905330331665e-05
2.558000000000000000e+03 7.339209589453951979e-05
2.559000000000000000e+03 7.339168895622757407e-05
2.560000000000000000e+03 7.339155047790624849e-05
2.561000000000000000e+03 7.339176917615500880e-05
2.562000000000000000e+03 7.339140096104052253e-05
2.563000000000000000e+03 7.339157557093343260e-05
2.564000000000000000e+03 7.339147501700183697e-05
2.565000000000000000e+03 7.339131292115132796e-05
2.566000000000000000e+03 7.339120754154937855e-05
2.567000000000000000e+03 7.339113299115769399e-05
2.568000000000000000e+03 7.339123615523228058e-05
2.569000000000000000e+03 7.339128300523567667e-05
2.570000000000000000e+03 7.339094888505513846e-05
2.571000000000000000e+03 7.339080725544921394e-05
2.572000000000000000e+03 7.339090468848723779e-05
2.573000000000000000e+03 7.339134614500354551e-05
2.574000000000000000e+03 7.339100315574689304e-05
2.575000000000000000e+03 7.339073046018141006e-05
2.576000000000000000e+03 7.339059720271889106e-05
2.577000000000000000e+03 7.339060514890440295e-05
2.578000000000000000e+03 7.339053390673075709e-05
2.579000000000000000e+03 7.339045396488502499e-05
2.580000000000000000e+03 7.339041654998524689e-05
2.581000000000000000e+03 7.339069687487232926e-05
2.582000000000000000e+03 7.339039028643556224e-05
2.583000000000000000e+03 7.339019463958609227e-05
2.584000000000000000e+03 7.339039514260087748e-05
2.585000000000000000e+03 7.339015947263788137e-05
2.586000000000000000e+03 7.339023854454716637e-05
2.587000000000000000e+03 7.339039817883543065e-05
2.588000000000000000e+03 7.339038737351889601e-05
2.589000000000000000e+03 7.338984766069151476e-05
2.590000000000000000e+03 7.338992917109458329e-05
2.591000000000000000e+03 7.338983028388425982e-05
2.592000000000000000e+03 7.338993645474234861e-05
2.593000000000000000e+03 7.338996293146125079e-05
2.594000000000000000e+03 7.339001705960561384e-05
2.595000000000000000e+03 7.338967383717972387e-05
2.596000000000000000e+03 7.338977868167053330e-05
2.597000000000000000e+03 7.338965165807998057e-05
2.598000000000000000e+03 7.338985700029162585e-05
2.599000000000000000e+03 7.338976273577590417e-05
2.600000000000000000e+03 7.338951432533526273e-05
2.601000000000000000e+03 7.338950299375189958e-05
2.602000000000000000e+03 7.338930605186277901e-05
2.603000000000000000e+03 7.338925054382167655e-05
2.604000000000000000e+03 7.338918775002513330e-05
2.605000000000000000e+03 7.338912153539672140e-05
2.606000000000000000e+03 7.338907174581149270e-05
2.607000000000000000e+03 7.338906335705557558e-05
2.608000000000000000e+03 7.338900181041887842e-05
2.609000000000000000e+03 7.338890548806974732e-05
2.610000000000000000e+03 7.338896603427020617e-05
2.611000000000000000e+03 7.338887577971083258e-05
2.612000000000000000e+03 7.338878820604270747e-05
2.613000000000000000e+03 7.338879036086433025e-05
2.614000000000000000e+03 7.338876765863386743e-05
2.615000000000000000e+03 7.338871740116922784e-05
2.616000000000000000e+03 7.338895055703539665e-05
2.617000000000000000e+03 7.338852976296352773e-05
2.618000000000000000e+03 7.338882710657326357e-05
2.619000000000000000e+03 7.338847999216997569e-05
2.620000000000000000e+03 7.338839261507285440e-05
2.621000000000000000e+03 7.338841814701325364e-05
2.622000000000000000e+03 7.338827801091615051e-05
2.623000000000000000e+03 7.338830116072952916e-05
2.624000000000000000e+03 7.338822166676295757e-05
2.625000000000000000e+03 7.338824728106542537e-05
2.626000000000000000e+03 7.338852508326233466e-05
2.627000000000000000e+03 7.338821723802492806e-05
2.628000000000000000e+03 7.338807855740088254e-05
2.629000000000000000e+03 7.338815356920891332e-05
2.630000000000000000e+03 7.338792341764959013e-05
2.631000000000000000e+03 7.338792250975019699e-05
2.632000000000000000e+03 7.338786455458222923e-05
2.633000000000000000e+03 7.338777218188411561e-05
2.634000000000000000e+03 7.338770090142863274e-05
2.635000000000000000e+03 7.338820232047513442e-05
2.636000000000000000e+03 7.338777801572647663e-05
2.637000000000000000e+03 7.338762965029245672e-05
2.638000000000000000e+03 7.338764374246948055e-05
2.639000000000000000e+03 7.338750681151085681e-05
2.640000000000000000e+03 7.338744825166139592e-05
2.641000000000000000e+03 7.338744692600867355e-05
2.642000000000000000e+03 7.338774116132759011e-05
2.643000000000000000e+03 7.338730614704359586e-05
2.644000000000000000e+03 7.338723943210925121e-05
2.645000000000000000e+03 7.338722842496234286e-05
2.646000000000000000e+03 7.338718231565110879e-05
2.647000000000000000e+03 7.338742980649725798e-05
2.648000000000000000e+03 7.338707014433942734e-05
2.649000000000000000e+03 7.338717675997569580e-05
2.650000000000000000e+03 7.338708426540934131e-05
2.651000000000000000e+03 7.338727054165995062e-05
2.652000000000000000e+03 7.338697386189770467e-05
2.653000000000000000e+03 7.338697956564672832e-05
2.654000000000000000e+03 7.338684947392042361e-05
2.655000000000000000e+03 7.338674451389730173e-05
2.656000000000000000e+03 7.338679924207370598e-05
2.657000000000000000e+03 7.338665965722428967e-05
2.658000000000000000e+03 7.338677244912382143e-05
2.659000000000000000e+03 7.338663880821374270e-05
2.660000000000000000e+03 7.338657052822713817e-05
2.661000000000000000e+03 7.338681261844665906e-05
2.662000000000000000e+03 7.338658250736359808e-05
2.663000000000000000e+03 7.338657945539629561e-05
2.664000000000000000e+03 7.338647928433524731e-05
2.665000000000000000e+03 7.338635377556773805e-05
2.666000000000000000e+03 7.338636982749473757e-05
2.667000000000000000e+03 7.338623769643330143e-05
2.668000000000000000e+03 7.338636770254829210e-05
2.669000000000000000e+03 7.338643693433741688e-05
2.670000000000000000e+03 7.338629598409226193e-05
2.671000000000000000e+03 7.338654215788600053e-05
2.672000000000000000e+03 7.338649108585968599e-05
2.673000000000000000e+03 7.338601963570246585e-05
2.674000000000000000e+03 7.338589931729540001e-05
2.675000000000000000e+03 7.338591127131322662e-05
2.676000000000000000e+03 7.338639065725322853e-05
2.677000000000000000e+03 7.338602917841995283e-05
2.678000000000000000e+03 7.338579807237718912e-05
2.679000000000000000e+03 7.338567455850976103e-05
2.680000000000000000e+03 7.338575650905143708e-05
2.681000000000000000e+03 7.338576303418339365e-05
2.682000000000000000e+03 7.338567023547018118e-05
2.683000000000000000e+03 7.338578188183197384e-05
2.684000000000000000e+03 7.338556735801777457e-05
2.685000000000000000e+03 7.338556215776947510e-05
2.686000000000000000e+03 7.338553698072105430e-05
2.687000000000000000e+03 7.338541694163250827e-05
2.688000000000000000e+03 7.338533912350675859e-05
2.689000000000000000e+03 7.338530259931942462e-05
2.690000000000000000e+03 7.338559651166584390e-05
2.691000000000000000e+03 7.338538400518317757e-05
2.692000000000000000e+03 7.338544692173516433e-05
2.693000000000000000e+03 7.338536017096266456e-05
2.694000000000000000e+03 7.338510292486782318e-05
2.695000000000000000e+03 7.338530442459547960e-05
2.696000000000000000e+03 7.338522560750020032e-05
2.697000000000000000e+03 7.338507816914157278e-05
2.698000000000000000e+03 7.338493270503926140e-05
2.699000000000000000e+03 7.338487539953667373e-05
2.700000000000000000e+03 7.338487370326323518e-05
2.701000000000000000e+03 7.338483146952044637e-05
2.702000000000000000e+03 7.338527579977558509e-05
2.703000000000000000e+03 7.338494114697791072e-05
2.704000000000000000e+03 7.338484550537285563e-05
2.705000000000000000e+03 7.338455599491756009e-05
2.706000000000000000e+03 7.338509699088884767e-05
2.707000000000000000e+03 7.338462947453689475e-05
2.708000000000000000e+03 7.338449174617032783e-05
2.709000000000000000e+03 7.338448644137691231e-05
2.710000000000000000e+03 7.338489361000470580e-05
2.711000000000000000e+03 7.338449218910793879e-05
2.712000000000000000e+03 7.338438784253083777e-05
2.713000000000000000e+03 7.338441436299958799e-05
2.714000000000000000e+03 7.338454933955302750e-05
2.715000000000000000e+03 7.338425961966079910e-05
2.716000000000000000e+03 7.338432668521155736e-05
2.717000000000000000e+03 7.338428062380281472e-05
2.718000000000000000e+03 7.338425075169414892e-05
2.719000000000000000e+03 7.338403017454618496e-05
2.720000000000000000e+03 7.338411683116285468e-05
2.721000000000000000e+03 7.338417915181916706e-05
2.722000000000000000e+03 7.338402267444211796e-05
2.723000000000000000e+03 7.338403417523210303e-05
2.724000000000000000e+03 7.338396272164102575e-05
2.725000000000000000e+03 7.338395905572434800e-05
2.726000000000000000e+03 7.338381128892284048e-05
2.727000000000000000e+03 7.338378801530755994e-05
2.728000000000000000e+03 7.338388659084842417e-05
2.729000000000000000e+03 7.338363200803946153e-05
2.730000000000000000e+03 7.338369719295126468e-05
2.731000000000000000e+03 7.338372605984427150e-05
2.732000000000000000e+03 7.338365578663801785e-05
2.733000000000000000e+03 7.338355494380926082e-05
2.734000000000000000e+03 7.338355125990877255e-05
2.735000000000000000e+03 7.338379544668730383e-05
2.736000000000000000e+03 7.338351842073837048e-05
2.737000000000000000e+03 7.338344245385436913e-05
2.738000000000000000e+03 7.338347043118716769e-05
2.739000000000000000e+03 7.338340845121654624e-05
2.740000000000000000e+03 7.338338054962593527e-05
2.741000000000000000e+03 7.338323690804106196e-05
2.742000000000000000e+03 7.338328182975519692e-05
2.743000000000000000e+03 7.338355354421165992e-05
2.744000000000000000e+03 7.338318155104093664e-05
2.745000000000000000e+03 7.338314314582390109e-05
2.746000000000000000e+03 7.338315687452295975e-05
2.747000000000000000e+03 7.338348193404356078e-05
2.748000000000000000e+03 7.338316572511128567e-05
2.749000000000000000e+03 7.338302972461545424e-05
2.750000000000000000e+03 7.338311020475458166e-05
2.751000000000000000e+03 7.338299420889546419e-05
2.752000000000000000e+03 7.338290942238442731e-05
2.753000000000000000e+03 7.338278980488639172e-05
2.754000000000000000e+03 7.338280403741135390e-05
2.755000000000000000e+03 7.338276001440940813e-05
2.756000000000000000e+03 7.338272138413216774e-05
2.757000000000000000e+03 7.338281322383257668e-05
2.758000000000000000e+03 7.338263771669704570e-05
2.759000000000000000e+03 7.338257130032767967e-05
2.760000000000000000e+03 7.338294856685544424e-05
2.761000000000000000e+03 7.338255966582680828e-05
2.762000000000000000e+03 7.338278823024639650e-05
2.763000000000000000e+03 7.338254001772636021e-05
2.764000000000000000e+03 7.338244855575841029e-05
2.765000000000000000e+03 7.338246911020337006e-05
2.766000000000000000e+03 7.338237153357739164e-05
2.767000000000000000e+03 7.338251251780465462e-05
2.768000000000000000e+03 7.338242705169074583e-05
2.769000000000000000e+03 7.338224592053348583e-05
2.770000000000000000e+03 7.338221835036174074e-05
2.771000000000000000e+03 7.338216272218828641e-05
2.772000000000000000e+03 7.338214841824507043e-05
2.773000000000000000e+03 7.338223201822303065e-05
2.774000000000000000e+03 7.338207949911726012e-05
2.775000000000000000e+03 7.338205190429958032e-05
2.776000000000000000e+03 7.338209154345820789e-05
2.777000000000000000e+03 7.338204513298791953e-05
2.778000000000000000e+03 7.338197670565112468e-05
2.779000000000000000e+03 7.338200575509916596e-05
2.780000000000000000e+03 7.338194665725016920e-05
2.781000000000000000e+03 7.338189709543884917e-05
2.782000000000000000e+03 7.338179785746617848e-05
2.783000000000000000e+03 7.338187296261869017e-05
2.784000000000000000e+03 7.338184053335356568e-05
2.785000000000000000e+03 7.338175781799191957e-05
2.786000000000000000e+03 7.338164468772966781e-05
2.787000000000000000e+03 7.338168966623302507e-05
2.788000000000000000e+03 7.338170499015655166e-05
2.789000000000000000e+03 7.338158919257426751e-05
2.790000000000000000e+03 7.338195312825414546e-05
2.791000000000000000e+03 7.338149297803021800e-05
2.792000000000000000e+03 7.338142240210100264e-05
2.793000000000000000e+03 7.338154288369261140e-05
2.794000000000000000e+03 7.338156170629713784e-05
2.795000000000000000e+03 7.338146835609714487e-05
2.796000000000000000e+03 7.338140621717990995e-05
2.797000000000000000e+03 7.338138374489592078e-05
2.798000000000000000e+03 7.338131298868406384e-05
2.799000000000000000e+03 7.338128793037615037e-05
2.800000000000000000e+03 7.338119550308973131e-05
2.801000000000000000e+03 7.338121177809605765e-05
2.802000000000000000e+03 7.338115267243901631e-05
2.803000000000000000e+03 7.338110261045651631e-05
2.804000000000000000e+03 7.338105678118197756e-05
2.805000000000000000e+03 7.338107077617340903e-05
2.806000000000000000e+03 7.338119194159154835e-05
2.807000000000000000e+03 7.338093084153372761e-05
2.808000000000000000e+03 7.338104598600059193e-05
2.809000000000000000e+03 7.338130243485609713e-05
2.810000000000000000e+03 7.338085794630440546e-05
2.811000000000000000e+03 7.338088878718659457e-05
2.812000000000000000e+03 7.338112089300390800e-05
2.813000000000000000e+03 7.338078417960035662e-05
2.814000000000000000e+03 7.338073453903269921e-05
2.815000000000000000e+03 7.338074236088681197e-05
2.816000000000000000e+03 7.338074930690786793e-05
2.817000000000000000e+03 7.338075660224394254e-05
2.818000000000000000e+03 7.338061625713323329e-05
2.819000000000000000e+03 7.338073659310819614e-05
2.820000000000000000e+03 7.338054270446153532e-05
2.821000000000000000e+03 7.338067912219847820e-05
2.822000000000000000e+03 7.338058731152698611e-05
2.823000000000000000e+03 7.338045364447337777e-05
2.824000000000000000e+03 7.338047829303200324e-05
2.825000000000000000e+03 7.338036995760437902e-05
2.826000000000000000e+03 7.338032360052069351e-05
2.827000000000000000e+03 7.338034857176944936e-05
2.828000000000000000e+03 7.338031090653126566e-05
2.829000000000000000e+03 7.338034080653360733e-05
2.830000000000000000e+03 7.338031380386053344e-05
2.831000000000000000e+03 7.338043185964959563e-05
2.832000000000000000e+03 7.338018088383870181e-05
2.833000000000000000e+03 7.338016574164181146e-05
2.834000000000000000e+03 7.338023932554426471e-05
2.835000000000000000e+03 7.338008437107568325e-05
2.836000000000000000e+03 7.338003134615491178e-05
2.837000000000000000e+03 7.338000032333066901e-05
2.838000000000000000e+03 7.338020132588631971e-05
2.839000000000000000e+03 7.338005087673716848e-05
2.840000000000000000e+03 7.337994837387888929e-05
2.841000000000000000e+03 7.337993945483359097e-05
2.842000000000000000e+03 7.337988777243380320e-05
2.843000000000000000e+03 7.337996980799416839e-05
2.844000000000000000e+03 7.338010705849753003e-05
2.845000000000000000e+03 7.337979127247472441e-05
2.846000000000000000e+03 7.338009746747206001e-05
2.847000000000000000e+03 7.337970950390793978e-05
2.848000000000000000e+03 7.337981134562156379e-05
2.849000000000000000e+03 7.337962179772217414e-05
2.850000000000000000e+03 7.337971570948560393e-05
2.851000000000000000e+03 7.337972301751952912e-05
2.852000000000000000e+03 7.337957659735047612e-05
2.853000000000000000e+03 7.337952107874044891e-05
2.854000000000000000e+03 7.337954046752951222e-05
2.855000000000000000e+03 7.337946830521785001e-05
2.856000000000000000e+03 7.337951500651043626e-05
2.857000000000000000e+03 7.337953418897649022e-05
2.858000000000000000e+03 7.337939062376200479e-05
2.859000000000000000e+03 7.337956043294670337e-05
2.860000000000000000e+03 7.337962105690654861e-05
2.861000000000000000e+03 7.337946240683985901e-05
2.862000000000000000e+03 7.337920922707348191e-05
2.863000000000000000e+03 7.337944323226100994e-05
2.864000000000000000e+03 7.337924774359945587e-05
2.865000000000000000e+03 7.337918602713113490e-05
2.866000000000000000e+03 7.337921677354758833e-05
2.867000000000000000e+03 7.337911949873369272e-05
2.868000000000000000e+03 7.337913642507592430e-05
2.869000000000000000e+03 7.337908129145425719e-05
2.870000000000000000e+03 7.337903914058593088e-05
2.871000000000000000e+03 7.337914802401362274e-05
2.872000000000000000e+03 7.337916072804292534e-05
2.873000000000000000e+03 7.337902935409451653e-05
2.874000000000000000e+03 7.337886836116822378e-05
2.875000000000000000e+03 7.337886947646315972e-05
2.876000000000000000e+03 7.337886583018863392e-05
2.877000000000000000e+03 7.337892779179513384e-05
2.878000000000000000e+03 7.337881610575452322e-05
2.879000000000000000e+03 7.337882152731435787e-05
2.880000000000000000e+03 7.337874039969283723e-05
2.881000000000000000e+03 7.337898381314989817e-05
2.882000000000000000e+03 7.337873124801769199e-05
2.883000000000000000e+03 7.337864529188476066e-05
2.884000000000000000e+03 7.337867592707100230e-05
2.885000000000000000e+03 7.337863200203542354e-05
2.886000000000000000e+03 7.337868219678028204e-05
2.887000000000000000e+03 7.337854483478393867e-05
2.888000000000000000e+03 7.337849914380287003e-05
2.889000000000000000e+03 7.337849567435583676e-05
2.890000000000000000e+03 7.337857641582968703e-05
2.891000000000000000e+03 7.337837830361207034e-05
2.892000000000000000e+03 7.337844146662639928e-05
2.893000000000000000e+03 7.337840258794239498e-05
2.894000000000000000e+03 7.337835162638075062e-05
2.895000000000000000e+03 7.337831365481991847e-05
2.896000000000000000e+03 7.337836776164969352e-05
2.897000000000000000e+03 7.337829769126584501e-05
2.898000000000000000e+03 7.337826604930610850e-05
2.899000000000000000e+03 7.337817793503968267e-05
2.900000000000000000e+03 7.337828080943962648e-05
2.901000000000000000e+03 7.337812332426257346e-05
2.902000000000000000e+03 7.337832509139832803e-05
2.903000000000000000e+03 7.337810955089654015e-05
2.904000000000000000e+03 7.337807384487887556e-05
2.905000000000000000e+03 7.337821617016350353e-05
2.906000000000000000e+03 7.337798468147344326e-05
2.907000000000000000e+03 7.337807530247133158e-05
2.908000000000000000e+03 7.337795186051576744e-05
2.909000000000000000e+03 7.337794289043783180e-05
2.910000000000000000e+03 7.337787989148355258e-05
2.911000000000000000e+03 7.337792435959575559e-05
2.912000000000000000e+03 7.337784391486110104e-05
2.913000000000000000e+03 7.337783278981052681e-05
2.914000000000000000e+03 7.337778321897527013e-05
2.915000000000000000e+03 7.337775795148361211e-05
2.916000000000000000e+03 7.337775154780849590e-05
2.917000000000000000e+03 7.337770114476979244e-05
2.918000000000000000e+03 7.337769297559931997e-05
2.919000000000000000e+03 7.337767320066373826e-05
2.920000000000000000e+03 7.337763717075257376e-05
2.921000000000000000e+03 7.337781897237843790e-05
2.922000000000000000e+03 7.337755553365999349e-05
2.923000000000000000e+03 7.337760294788270158e-05
2.924000000000000000e+03 7.337757580618695032e-05
2.925000000000000000e+03 7.337748345597676185e-05
2.926000000000000000e+03 7.337760610827495113e-05
2.927000000000000000e+03 7.337753447474722830e-05
2.928000000000000000e+03 7.337753037508298957e-05
2.929000000000000000e+03 7.337760950458854987e-05
2.930000000000000000e+03 7.337735610649860391e-05
2.931000000000000000e+03 7.337731835248082347e-05
2.932000000000000000e+03 7.337729526141656584e-05
2.933000000000000000e+03 7.337726081188495958e-05
2.934000000000000000e+03 7.337725661812177075e-05
2.935000000000000000e+03 7.337722064480953752e-05
2.936000000000000000e+03 7.337726242703816119e-05
2.937000000000000000e+03 7.337718525563948174e-05
2.938000000000000000e+03 7.337715496383282105e-05
2.939000000000000000e+03 7.337737220925592862e-05
2.940000000000000000e+03 7.337711102046007674e-05
2.941000000000000000e+03 7.337707120436710851e-05
2.942000000000000000e+03 7.337706024493500265e-05
2.943000000000000000e+03 7.337708308686021266e-05
2.944000000000000000e+03 7.337707317198577633e-05
2.945000000000000000e+03 7.337691207206127879e-05
2.946000000000000000e+03 7.337693122283070934e-05
2.947000000000000000e+03 7.337696917058490124e-05
2.948000000000000000e+03 7.337702829053174077e-05
2.949000000000000000e+03 7.337695700121428749e-05
2.950000000000000000e+03 7.337686674709911153e-05
2.951000000000000000e+03 7.337688060846084986e-05
2.952000000000000000e+03 7.337680213660594062e-05
2.953000000000000000e+03 7.337676901179594389e-05
2.954000000000000000e+03 7.337677457313594731e-05
2.955000000000000000e+03 7.337684842828079326e-05
2.956000000000000000e+03 7.337671255051140293e-05
2.957000000000000000e+03 7.337669955868185336e-05
2.958000000000000000e+03 7.337661994672753602e-05
2.959000000000000000e+03 7.337663358561090723e-05
2.960000000000000000e+03 7.337662239468988750e-05
2.961000000000000000e+03 7.337664568232918762e-05
2.962000000000000000e+03 7.337664340286108300e-05
2.963000000000000000e+03 7.337649203153264734e-05
2.964000000000000000e+03 7.337650914943056680e-05
2.965000000000000000e+03 7.337680682140835912e-05
2.966000000000000000e+03 7.337643967416968178e-05
2.967000000000000000e+03 7.337645172606268044e-05
2.968000000000000000e+03 7.337639138484484535e-05
2.969000000000000000e+03 7.337648474468601127e-05
2.970000000000000000e+03 7.337633504745829369e-05
2.971000000000000000e+03 7.337662945277619421e-05
2.972000000000000000e+03 7.337629832960541442e-05
2.973000000000000000e+03 7.337622145545813490e-05
2.974000000000000000e+03 7.337623710361359511e-05
2.975000000000000000e+03 7.337635922313535182e-05
2.976000000000000000e+03 7.337623374812329814e-05
2.977000000000000000e+03 7.337622691123704352e-05
2.978000000000000000e+03 7.337620984016329513e-05
2.979000000000000000e+03 7.337618528688279803e-05
2.980000000000000000e+03 7.337612204953629998e-05
2.981000000000000000e+03 7.337613908152823279e-05
2.982000000000000000e+03 7.337612499195935215e-05
2.983000000000000000e+03 7.337618258307746519e-05
2.984000000000000000e+03 7.337602927268649866e-05
2.985000000000000000e+03 7.337597786391060787e-05
2.986000000000000000e+03 7.337594193962630859e-05
2.987000000000000000e+03 7.337599734537751683e-05
2.988000000000000000e+03 7.337595414795879806e-05
2.989000000000000000e+03 7.337593978158017368e-05
2.990000000000000000e+03 7.337595879565624035e-05
2.991000000000000000e+03 7.337608803639876509e-05
2.992000000000000000e+03 7.337581835715185452e-05
2.993000000000000000e+03 7.337580217281995795e-05
2.994000000000000000e+03 7.337579580554801388e-05
2.995000000000000000e+03 7.337587784969002900e-05
2.996000000000000000e+03 7.337594501678817917e-05
2.997000000000000000e+03 7.337572376490324264e-05
2.998000000000000000e+03 7.337577145393542279e-05
