PID: 131880
>> Device being used: cuda (NVIDIA GeForce RTX 4090)
Total number of parameters: 100226
>> Training Mesh resolution: 257x257
>> Preprocessing completed, time elapsed:  0.48s
>> ntrain: 300, lr: 0.01, gamma: 0.6, w_d: 0.0
----------------------------------------------------------------------------------------------------
>> epoch [   1/3000], runtime: 13.48s, train err *1e8: 5555.7612, valid err*1e8: 510.0734 , test err*1e8: 421.6951
>> epoch [   2/3000], runtime: 13.13s, train err *1e8: 1730.9872, valid err*1e8: 174.6207 , test err*1e8: 188.8189
>> epoch [   3/3000], runtime: 13.10s, train err *1e8: 645.0301, valid err*1e8: 88.3889 , test err*1e8: 100.0078
>> epoch [   4/3000], runtime: 13.11s, train err *1e8: 172.5546, valid err*1e8: 22.1296 , test err*1e8: 34.2929
>> epoch [   5/3000], runtime: 13.12s, train err *1e8: 114.0229, valid err*1e8: 13.1140 , test err*1e8: 21.5802
>> epoch [   6/3000], runtime: 13.13s, train err *1e8: 84.7637, valid err*1e8: 11.9219 , test err*1e8: 13.4938
>> epoch [   7/3000], runtime:  13.17s, train err*1e8:  102.4250 (best*1e8:  84.7637/ 11.9219)
>> epoch [   8/3000], runtime: 13.13s, train err *1e8: 63.9758, valid err*1e8: 8.0202 , test err*1e8: 9.4427
>> epoch [   9/3000], runtime:  13.18s, train err*1e8:  66.2931 (best*1e8:  63.9758/ 8.0202)
>> epoch [  10/3000], runtime:  13.16s, train err*1e8:  119.4704 (best*1e8:  63.9758/ 8.0202)
>> epoch [  11/3000], runtime:  13.09s, train err*1e8:  82.0840 (best*1e8:  63.9758/ 8.0202)
>> epoch [  12/3000], runtime:  13.15s, train err*1e8:  57.3418 (best*1e8:  63.9758/ 8.0202)
>> epoch [  13/3000], runtime: 13.16s, train err *1e8: 51.5957, valid err*1e8: 5.4375 , test err*1e8: 6.1946
>> epoch [  14/3000], runtime: 13.14s, train err *1e8: 39.4306, valid err*1e8: 5.0531 , test err*1e8: 5.6868
>> epoch [  15/3000], runtime:  13.10s, train err*1e8:  39.3068 (best*1e8:  39.4306/ 5.0531)
>> epoch [  16/3000], runtime:  13.23s, train err*1e8:  45.1932 (best*1e8:  39.4306/ 5.0531)
>> epoch [  17/3000], runtime:  13.13s, train err*1e8:  37.9061 (best*1e8:  39.4306/ 5.0531)
>> epoch [  18/3000], runtime:  13.09s, train err*1e8:  32.5631 (best*1e8:  39.4306/ 5.0531)
>> epoch [  19/3000], runtime:  13.15s, train err*1e8:  36.0674 (best*1e8:  39.4306/ 5.0531)
>> epoch [  20/3000], runtime:  13.16s, train err*1e8:  48.5075 (best*1e8:  39.4306/ 5.0531)
>> epoch [  21/3000], runtime:  13.10s, train err*1e8:  40.8349 (best*1e8:  39.4306/ 5.0531)
>> epoch [  22/3000], runtime:  13.18s, train err*1e8:  57.6711 (best*1e8:  39.4306/ 5.0531)
>> epoch [  23/3000], runtime:  13.16s, train err*1e8:  41.0145 (best*1e8:  39.4306/ 5.0531)
>> epoch [  24/3000], runtime: 13.12s, train err *1e8: 33.7026, valid err*1e8: 5.0316 , test err*1e8: 5.3577
>> epoch [  25/3000], runtime: 13.19s, train err *1e8: 30.7107, valid err*1e8: 4.7534 , test err*1e8: 4.4033
>> epoch [  26/3000], runtime:  13.20s, train err*1e8:  41.7287 (best*1e8:  30.7107/ 4.7534)
>> epoch [  27/3000], runtime:  13.12s, train err*1e8:  34.2809 (best*1e8:  30.7107/ 4.7534)
>> epoch [  28/3000], runtime:  13.15s, train err*1e8:  30.6322 (best*1e8:  30.7107/ 4.7534)
>> epoch [  29/3000], runtime:  13.06s, train err*1e8:  40.3636 (best*1e8:  30.7107/ 4.7534)
>> epoch [  30/3000], runtime:  13.18s, train err*1e8:  31.7102 (best*1e8:  30.7107/ 4.7534)
>> epoch [  31/3000], runtime:  13.15s, train err*1e8:  40.0121 (best*1e8:  30.7107/ 4.7534)
>> epoch [  32/3000], runtime:  13.12s, train err*1e8:  43.4916 (best*1e8:  30.7107/ 4.7534)
>> epoch [  33/3000], runtime:  13.17s, train err*1e8:  39.3162 (best*1e8:  30.7107/ 4.7534)
>> epoch [  34/3000], runtime:  13.20s, train err*1e8:  43.7126 (best*1e8:  30.7107/ 4.7534)
>> epoch [  35/3000], runtime:  13.20s, train err*1e8:  69.7167 (best*1e8:  30.7107/ 4.7534)
>> epoch [  36/3000], runtime:  13.14s, train err*1e8:  43.1477 (best*1e8:  30.7107/ 4.7534)
>> epoch [  37/3000], runtime:  13.20s, train err*1e8:  28.9902 (best*1e8:  30.7107/ 4.7534)
>> epoch [  38/3000], runtime:  13.16s, train err*1e8:  34.8191 (best*1e8:  30.7107/ 4.7534)
>> epoch [  39/3000], runtime: 13.15s, train err *1e8: 28.0340, valid err*1e8: 4.2251 , test err*1e8: 4.2568
>> epoch [  40/3000], runtime: 13.13s, train err *1e8: 26.0758, valid err*1e8: 3.8936 , test err*1e8: 4.1913
>> epoch [  41/3000], runtime:  13.22s, train err*1e8:  26.0405 (best*1e8:  26.0758/ 3.8936)
>> epoch [  42/3000], runtime:  13.23s, train err*1e8:  35.9595 (best*1e8:  26.0758/ 3.8936)
>> epoch [  43/3000], runtime:  13.15s, train err*1e8:  27.7434 (best*1e8:  26.0758/ 3.8936)
>> epoch [  44/3000], runtime:  13.16s, train err*1e8:  42.2429 (best*1e8:  26.0758/ 3.8936)
>> epoch [  45/3000], runtime:  13.14s, train err*1e8:  26.4488 (best*1e8:  26.0758/ 3.8936)
>> epoch [  46/3000], runtime:  13.22s, train err*1e8:  30.7834 (best*1e8:  26.0758/ 3.8936)
>> epoch [  47/3000], runtime:  13.16s, train err*1e8:  32.1865 (best*1e8:  26.0758/ 3.8936)
>> epoch [  48/3000], runtime:  13.15s, train err*1e8:  35.2577 (best*1e8:  26.0758/ 3.8936)
>> epoch [  49/3000], runtime:  13.24s, train err*1e8:  25.0554 (best*1e8:  26.0758/ 3.8936)
>> epoch [  50/3000], runtime:  13.08s, train err*1e8:  32.6358 (best*1e8:  26.0758/ 3.8936)
>> epoch [  51/3000], runtime:  13.14s, train err*1e8:  46.9480 (best*1e8:  26.0758/ 3.8936)
>> epoch [  52/3000], runtime:  13.19s, train err*1e8:  35.2220 (best*1e8:  26.0758/ 3.8936)
>> epoch [  53/3000], runtime:  13.11s, train err*1e8:  29.6163 (best*1e8:  26.0758/ 3.8936)
>> epoch [  54/3000], runtime:  13.23s, train err*1e8:  27.9903 (best*1e8:  26.0758/ 3.8936)
>> epoch [  55/3000], runtime:  13.15s, train err*1e8:  26.5553 (best*1e8:  26.0758/ 3.8936)
>> epoch [  56/3000], runtime: 13.16s, train err *1e8: 24.7601, valid err*1e8: 3.5342 , test err*1e8: 4.5498
>> epoch [  57/3000], runtime:  13.13s, train err*1e8:  28.7674 (best*1e8:  24.7601/ 3.5342)
>> epoch [  58/3000], runtime:  13.18s, train err*1e8:  41.3601 (best*1e8:  24.7601/ 3.5342)
>> epoch [  59/3000], runtime:  13.13s, train err*1e8:  58.8007 (best*1e8:  24.7601/ 3.5342)
>> epoch [  60/3000], runtime:  13.18s, train err*1e8:  40.2830 (best*1e8:  24.7601/ 3.5342)
>> epoch [  61/3000], runtime:  13.09s, train err*1e8:  34.2020 (best*1e8:  24.7601/ 3.5342)
>> epoch [  62/3000], runtime:  13.17s, train err*1e8:  38.0390 (best*1e8:  24.7601/ 3.5342)
>> epoch [  63/3000], runtime:  13.19s, train err*1e8:  33.7410 (best*1e8:  24.7601/ 3.5342)
>> epoch [  64/3000], runtime:  13.16s, train err*1e8:  32.2293 (best*1e8:  24.7601/ 3.5342)
>> epoch [  65/3000], runtime:  13.17s, train err*1e8:  76.7472 (best*1e8:  24.7601/ 3.5342)
>> epoch [  66/3000], runtime:  13.19s, train err*1e8:  32.1112 (best*1e8:  24.7601/ 3.5342)
>> epoch [  67/3000], runtime:  13.19s, train err*1e8:  28.3773 (best*1e8:  24.7601/ 3.5342)
>> epoch [  68/3000], runtime:  13.21s, train err*1e8:  32.6784 (best*1e8:  24.7601/ 3.5342)
>> epoch [  69/3000], runtime:  13.24s, train err*1e8:  39.0534 (best*1e8:  24.7601/ 3.5342)
>> epoch [  70/3000], runtime:  13.22s, train err*1e8:  28.2620 (best*1e8:  24.7601/ 3.5342)
>> epoch [  71/3000], runtime: 13.13s, train err *1e8: 23.5570, valid err*1e8: 3.4462 , test err*1e8: 3.4841
>> epoch [  72/3000], runtime:  13.23s, train err*1e8:  22.8699 (best*1e8:  23.5570/ 3.4462)
>> epoch [  73/3000], runtime:  13.22s, train err*1e8:  23.0780 (best*1e8:  23.5570/ 3.4462)
>> epoch [  74/3000], runtime:  13.84s, train err*1e8:  21.1246 (best*1e8:  23.5570/ 3.4462)
>> epoch [  75/3000], runtime:  14.39s, train err*1e8:  22.8515 (best*1e8:  23.5570/ 3.4462)
>> epoch [  76/3000], runtime:  14.33s, train err*1e8:  23.4076 (best*1e8:  23.5570/ 3.4462)
>> epoch [  77/3000], runtime:  14.33s, train err*1e8:  24.1930 (best*1e8:  23.5570/ 3.4462)
>> epoch [  78/3000], runtime:  14.37s, train err*1e8:  25.7278 (best*1e8:  23.5570/ 3.4462)
>> epoch [  79/3000], runtime:  15.27s, train err*1e8:  31.0056 (best*1e8:  23.5570/ 3.4462)
>> epoch [  80/3000], runtime:  15.28s, train err*1e8:  35.1408 (best*1e8:  23.5570/ 3.4462)
>> epoch [  81/3000], runtime:  15.44s, train err*1e8:  23.1560 (best*1e8:  23.5570/ 3.4462)
>> epoch [  82/3000], runtime: 15.38s, train err *1e8: 22.6949, valid err*1e8: 2.9612 , test err*1e8: 2.6818
>> epoch [  83/3000], runtime:  15.53s, train err*1e8:  24.0871 (best*1e8:  22.6949/ 2.9612)
>> epoch [  84/3000], runtime:  15.44s, train err*1e8:  43.4447 (best*1e8:  22.6949/ 2.9612)
>> epoch [  85/3000], runtime:  15.30s, train err*1e8:  47.8348 (best*1e8:  22.6949/ 2.9612)
>> epoch [  86/3000], runtime:  15.43s, train err*1e8:  35.2510 (best*1e8:  22.6949/ 2.9612)
>> epoch [  87/3000], runtime:  15.52s, train err*1e8:  62.8755 (best*1e8:  22.6949/ 2.9612)
>> epoch [  88/3000], runtime:  15.48s, train err*1e8:  28.6380 (best*1e8:  22.6949/ 2.9612)
>> epoch [  89/3000], runtime:  15.39s, train err*1e8:  21.5118 (best*1e8:  22.6949/ 2.9612)
>> epoch [  90/3000], runtime:  15.43s, train err*1e8:  21.7447 (best*1e8:  22.6949/ 2.9612)
>> epoch [  91/3000], runtime:  15.39s, train err*1e8:  18.3838 (best*1e8:  22.6949/ 2.9612)
>> epoch [  92/3000], runtime:  15.56s, train err*1e8:  17.1508 (best*1e8:  22.6949/ 2.9612)
>> epoch [  93/3000], runtime:  15.46s, train err*1e8:  23.0805 (best*1e8:  22.6949/ 2.9612)
>> epoch [  94/3000], runtime:  15.52s, train err*1e8:  25.0040 (best*1e8:  22.6949/ 2.9612)
>> epoch [  95/3000], runtime: 15.50s, train err *1e8: 17.2385, valid err*1e8: 2.8677 , test err*1e8: 2.4568
>> epoch [  96/3000], runtime:  15.44s, train err*1e8:  16.1970 (best*1e8:  17.2385/ 2.8677)
>> epoch [  97/3000], runtime:  15.56s, train err*1e8:  18.0830 (best*1e8:  17.2385/ 2.8677)
>> epoch [  98/3000], runtime:  15.57s, train err*1e8:  19.0233 (best*1e8:  17.2385/ 2.8677)
>> epoch [  99/3000], runtime:  15.58s, train err*1e8:  42.8810 (best*1e8:  17.2385/ 2.8677)
>> epoch [ 100/3000], runtime:  15.54s, train err*1e8:  39.1616 (best*1e8:  17.2385/ 2.8677)
>> epoch [ 101/3000], runtime:  15.33s, train err*1e8:  23.5936 (best*1e8:  17.2385/ 2.8677)
>> epoch [ 102/3000], runtime:  15.32s, train err*1e8:  18.0998 (best*1e8:  17.2385/ 2.8677)
>> epoch [ 103/3000], runtime:  15.49s, train err*1e8:  17.1155 (best*1e8:  17.2385/ 2.8677)
>> epoch [ 104/3000], runtime:  15.52s, train err*1e8:  283.2855 (best*1e8:  17.2385/ 2.8677)
>> epoch [ 105/3000], runtime:  15.45s, train err*1e8:  343.9040 (best*1e8:  17.2385/ 2.8677)
>> epoch [ 106/3000], runtime:  14.86s, train err*1e8:  75.4284 (best*1e8:  17.2385/ 2.8677)
>> epoch [ 107/3000], runtime:  14.36s, train err*1e8:  42.0609 (best*1e8:  17.2385/ 2.8677)
>> epoch [ 108/3000], runtime:  14.28s, train err*1e8:  33.8328 (best*1e8:  17.2385/ 2.8677)
>> epoch [ 109/3000], runtime:  14.35s, train err*1e8:  21.8745 (best*1e8:  17.2385/ 2.8677)
>> epoch [ 110/3000], runtime:  14.39s, train err*1e8:  25.1984 (best*1e8:  17.2385/ 2.8677)
>> epoch [ 111/3000], runtime:  14.20s, train err*1e8:  23.7805 (best*1e8:  17.2385/ 2.8677)
>> epoch [ 112/3000], runtime:  14.30s, train err*1e8:  22.4852 (best*1e8:  17.2385/ 2.8677)
>> epoch [ 113/3000], runtime:  14.35s, train err*1e8:  21.5365 (best*1e8:  17.2385/ 2.8677)
>> epoch [ 114/3000], runtime:  14.35s, train err*1e8:  19.7389 (best*1e8:  17.2385/ 2.8677)
>> epoch [ 115/3000], runtime:  14.41s, train err*1e8:  20.5229 (best*1e8:  17.2385/ 2.8677)
>> epoch [ 116/3000], runtime:  14.29s, train err*1e8:  21.3942 (best*1e8:  17.2385/ 2.8677)
>> epoch [ 117/3000], runtime:  14.32s, train err*1e8:  21.3450 (best*1e8:  17.2385/ 2.8677)
>> epoch [ 118/3000], runtime:  14.29s, train err*1e8:  21.9743 (best*1e8:  17.2385/ 2.8677)
>> epoch [ 119/3000], runtime:  14.24s, train err*1e8:  24.0716 (best*1e8:  17.2385/ 2.8677)
>> epoch [ 120/3000], runtime:  14.14s, train err*1e8:  19.5012 (best*1e8:  17.2385/ 2.8677)
>> epoch [ 121/3000], runtime:  14.36s, train err*1e8:  20.0779 (best*1e8:  17.2385/ 2.8677)
>> epoch [ 122/3000], runtime:  14.33s, train err*1e8:  21.6312 (best*1e8:  17.2385/ 2.8677)
>> epoch [ 123/3000], runtime:  14.38s, train err*1e8:  18.7473 (best*1e8:  17.2385/ 2.8677)
>> epoch [ 124/3000], runtime:  14.35s, train err*1e8:  18.6336 (best*1e8:  17.2385/ 2.8677)
>> epoch [ 125/3000], runtime:  14.20s, train err*1e8:  18.1375 (best*1e8:  17.2385/ 2.8677)
>> epoch [ 126/3000], runtime:  14.35s, train err*1e8:  17.6882 (best*1e8:  17.2385/ 2.8677)
>> epoch [ 127/3000], runtime:  14.37s, train err*1e8:  18.0190 (best*1e8:  17.2385/ 2.8677)
>> epoch [ 128/3000], runtime:  14.39s, train err*1e8:  17.6807 (best*1e8:  17.2385/ 2.8677)
>> epoch [ 129/3000], runtime:  14.37s, train err*1e8:  21.0608 (best*1e8:  17.2385/ 2.8677)
>> epoch [ 130/3000], runtime:  14.32s, train err*1e8:  20.2618 (best*1e8:  17.2385/ 2.8677)
>> epoch [ 131/3000], runtime:  14.38s, train err*1e8:  20.9878 (best*1e8:  17.2385/ 2.8677)
>> epoch [ 132/3000], runtime:  14.37s, train err*1e8:  18.3300 (best*1e8:  17.2385/ 2.8677)
>> epoch [ 133/3000], runtime:  14.41s, train err*1e8:  17.4555 (best*1e8:  17.2385/ 2.8677)
>> epoch [ 134/3000], runtime: 14.33s, train err *1e8: 16.1895, valid err*1e8: 2.6817 , test err*1e8: 3.8697
>> epoch [ 135/3000], runtime:  14.36s, train err*1e8:  17.4673 (best*1e8:  16.1895/ 2.6817)
>> epoch [ 136/3000], runtime:  14.36s, train err*1e8:  23.3676 (best*1e8:  16.1895/ 2.6817)
>> epoch [ 137/3000], runtime:  14.40s, train err*1e8:  17.0160 (best*1e8:  16.1895/ 2.6817)
>> epoch [ 138/3000], runtime:  14.40s, train err*1e8:  15.4179 (best*1e8:  16.1895/ 2.6817)
>> epoch [ 139/3000], runtime:  14.33s, train err*1e8:  27.2425 (best*1e8:  16.1895/ 2.6817)
>> epoch [ 140/3000], runtime:  14.30s, train err*1e8:  29.3593 (best*1e8:  16.1895/ 2.6817)
>> epoch [ 141/3000], runtime:  14.36s, train err*1e8:  20.8641 (best*1e8:  16.1895/ 2.6817)
>> epoch [ 142/3000], runtime:  14.38s, train err*1e8:  21.6951 (best*1e8:  16.1895/ 2.6817)
>> epoch [ 143/3000], runtime:  14.38s, train err*1e8:  18.9028 (best*1e8:  16.1895/ 2.6817)
>> epoch [ 144/3000], runtime:  14.40s, train err*1e8:  15.7596 (best*1e8:  16.1895/ 2.6817)
>> epoch [ 145/3000], runtime: 14.35s, train err *1e8: 15.7220, valid err*1e8: 2.3129 , test err*1e8: 2.0030
>> epoch [ 146/3000], runtime:  14.41s, train err*1e8:  17.3200 (best*1e8:  15.7220/ 2.3129)
>> epoch [ 147/3000], runtime:  14.34s, train err*1e8:  28.1902 (best*1e8:  15.7220/ 2.3129)
>> epoch [ 148/3000], runtime:  14.29s, train err*1e8:  36.0527 (best*1e8:  15.7220/ 2.3129)
>> epoch [ 149/3000], runtime:  14.38s, train err*1e8:  17.6477 (best*1e8:  15.7220/ 2.3129)
>> epoch [ 150/3000], runtime:  14.33s, train err*1e8:  14.6484 (best*1e8:  15.7220/ 2.3129)
>> epoch [ 151/3000], runtime:  14.33s, train err*1e8:  15.1313 (best*1e8:  15.7220/ 2.3129)
>> epoch [ 152/3000], runtime:  14.38s, train err*1e8:  15.6969 (best*1e8:  15.7220/ 2.3129)
>> epoch [ 153/3000], runtime:  14.40s, train err*1e8:  15.2114 (best*1e8:  15.7220/ 2.3129)
>> epoch [ 154/3000], runtime:  14.37s, train err*1e8:  15.6505 (best*1e8:  15.7220/ 2.3129)
>> epoch [ 155/3000], runtime:  14.38s, train err*1e8:  15.5015 (best*1e8:  15.7220/ 2.3129)
>> epoch [ 156/3000], runtime:  14.34s, train err*1e8:  14.1277 (best*1e8:  15.7220/ 2.3129)
>> epoch [ 157/3000], runtime:  14.29s, train err*1e8:  13.4692 (best*1e8:  15.7220/ 2.3129)
>> epoch [ 158/3000], runtime:  14.36s, train err*1e8:  15.2771 (best*1e8:  15.7220/ 2.3129)
>> epoch [ 159/3000], runtime:  14.38s, train err*1e8:  16.2468 (best*1e8:  15.7220/ 2.3129)
>> epoch [ 160/3000], runtime:  14.31s, train err*1e8:  18.3938 (best*1e8:  15.7220/ 2.3129)
>> epoch [ 161/3000], runtime:  14.37s, train err*1e8:  15.2649 (best*1e8:  15.7220/ 2.3129)
>> epoch [ 162/3000], runtime:  14.30s, train err*1e8:  14.7958 (best*1e8:  15.7220/ 2.3129)
>> epoch [ 163/3000], runtime:  14.29s, train err*1e8:  14.5584 (best*1e8:  15.7220/ 2.3129)
>> epoch [ 164/3000], runtime:  14.37s, train err*1e8:  16.5890 (best*1e8:  15.7220/ 2.3129)
>> epoch [ 165/3000], runtime:  14.41s, train err*1e8:  15.9184 (best*1e8:  15.7220/ 2.3129)
>> epoch [ 166/3000], runtime:  14.42s, train err*1e8:  14.3844 (best*1e8:  15.7220/ 2.3129)
>> epoch [ 167/3000], runtime:  14.33s, train err*1e8:  18.1515 (best*1e8:  15.7220/ 2.3129)
>> epoch [ 168/3000], runtime: 14.37s, train err *1e8: 15.0465, valid err*1e8: 2.2927 , test err*1e8: 1.7654
>> epoch [ 169/3000], runtime:  14.40s, train err*1e8:  12.0185 (best*1e8:  15.0465/ 2.2927)
>> epoch [ 170/3000], runtime:  14.38s, train err*1e8:  12.8041 (best*1e8:  15.0465/ 2.2927)
>> epoch [ 171/3000], runtime:  14.37s, train err*1e8:  12.8070 (best*1e8:  15.0465/ 2.2927)
>> epoch [ 172/3000], runtime:  14.40s, train err*1e8:  15.2698 (best*1e8:  15.0465/ 2.2927)
>> epoch [ 173/3000], runtime:  14.27s, train err*1e8:  14.4000 (best*1e8:  15.0465/ 2.2927)
>> epoch [ 174/3000], runtime:  14.32s, train err*1e8:  12.0310 (best*1e8:  15.0465/ 2.2927)
>> epoch [ 175/3000], runtime:  14.39s, train err*1e8:  15.8483 (best*1e8:  15.0465/ 2.2927)
>> epoch [ 176/3000], runtime:  14.35s, train err*1e8:  27.7501 (best*1e8:  15.0465/ 2.2927)
>> epoch [ 177/3000], runtime:  14.34s, train err*1e8:  32.9286 (best*1e8:  15.0465/ 2.2927)
>> epoch [ 178/3000], runtime:  14.33s, train err*1e8:  17.4921 (best*1e8:  15.0465/ 2.2927)
>> epoch [ 179/3000], runtime:  14.33s, train err*1e8:  15.4464 (best*1e8:  15.0465/ 2.2927)
>> epoch [ 180/3000], runtime: 14.36s, train err *1e8: 12.6923, valid err*1e8: 2.1265 , test err*1e8: 1.7244
>> epoch [ 181/3000], runtime:  14.32s, train err*1e8:  11.1795 (best*1e8:  12.6923/ 2.1265)
>> epoch [ 182/3000], runtime:  14.38s, train err*1e8:  16.6961 (best*1e8:  12.6923/ 2.1265)
>> epoch [ 183/3000], runtime:  14.36s, train err*1e8:  18.1894 (best*1e8:  12.6923/ 2.1265)
>> epoch [ 184/3000], runtime:  14.34s, train err*1e8:  14.2492 (best*1e8:  12.6923/ 2.1265)
>> epoch [ 185/3000], runtime:  14.40s, train err*1e8:  15.1886 (best*1e8:  12.6923/ 2.1265)
>> epoch [ 186/3000], runtime:  14.34s, train err*1e8:  16.4324 (best*1e8:  12.6923/ 2.1265)
>> epoch [ 187/3000], runtime:  14.34s, train err*1e8:  21.7298 (best*1e8:  12.6923/ 2.1265)
>> epoch [ 188/3000], runtime:  14.39s, train err*1e8:  15.1408 (best*1e8:  12.6923/ 2.1265)
>> epoch [ 189/3000], runtime:  14.38s, train err*1e8:  14.2459 (best*1e8:  12.6923/ 2.1265)
>> epoch [ 190/3000], runtime:  14.40s, train err*1e8:  13.5447 (best*1e8:  12.6923/ 2.1265)
>> epoch [ 191/3000], runtime: 14.39s, train err *1e8: 12.0327, valid err*1e8: 2.0237 , test err*1e8: 1.3848
>> epoch [ 192/3000], runtime: 14.36s, train err *1e8: 11.1233, valid err*1e8: 1.9050 , test err*1e8: 1.5206
>> epoch [ 193/3000], runtime:  14.40s, train err*1e8:  12.4033 (best*1e8:  11.1233/ 1.9050)
>> epoch [ 194/3000], runtime:  14.37s, train err*1e8:  12.9842 (best*1e8:  11.1233/ 1.9050)
>> epoch [ 195/3000], runtime:  14.40s, train err*1e8:  13.3701 (best*1e8:  11.1233/ 1.9050)
>> epoch [ 196/3000], runtime:  14.39s, train err*1e8:  12.8966 (best*1e8:  11.1233/ 1.9050)
>> epoch [ 197/3000], runtime:  14.29s, train err*1e8:  13.5894 (best*1e8:  11.1233/ 1.9050)
>> epoch [ 198/3000], runtime: 14.33s, train err *1e8: 10.1187, valid err*1e8: 1.7599 , test err*1e8: 1.3613
>> epoch [ 199/3000], runtime:  14.37s, train err*1e8:  9.7674 (best*1e8:  10.1187/ 1.7599)
>> epoch [ 200/3000], runtime:  14.38s, train err*1e8:  10.4990 (best*1e8:  10.1187/ 1.7599)
>> epoch [ 201/3000], runtime:  14.34s, train err*1e8:  18.7240 (best*1e8:  10.1187/ 1.7599)
>> epoch [ 202/3000], runtime:  14.39s, train err*1e8:  37.8544 (best*1e8:  10.1187/ 1.7599)
>> epoch [ 203/3000], runtime:  14.39s, train err*1e8:  20.5243 (best*1e8:  10.1187/ 1.7599)
>> epoch [ 204/3000], runtime:  14.33s, train err*1e8:  11.3497 (best*1e8:  10.1187/ 1.7599)
>> epoch [ 205/3000], runtime:  14.31s, train err*1e8:  9.9599 (best*1e8:  10.1187/ 1.7599)
>> epoch [ 206/3000], runtime: 14.37s, train err *1e8: 9.7443, valid err*1e8: 1.7475 , test err*1e8: 1.3402
>> epoch [ 207/3000], runtime: 14.36s, train err *1e8: 8.4492, valid err*1e8: 1.5440 , test err*1e8: 1.0666
>> epoch [ 208/3000], runtime: 14.31s, train err *1e8: 7.7750, valid err*1e8: 1.4695 , test err*1e8: 1.1797
>> epoch [ 209/3000], runtime:  14.39s, train err*1e8:  8.8871 (best*1e8:  7.7750/ 1.4695)
>> epoch [ 210/3000], runtime:  14.27s, train err*1e8:  9.5910 (best*1e8:  7.7750/ 1.4695)
>> epoch [ 211/3000], runtime:  14.29s, train err*1e8:  9.3637 (best*1e8:  7.7750/ 1.4695)
>> epoch [ 212/3000], runtime:  14.34s, train err*1e8:  12.2808 (best*1e8:  7.7750/ 1.4695)
>> epoch [ 213/3000], runtime:  14.33s, train err*1e8:  9.4132 (best*1e8:  7.7750/ 1.4695)
>> epoch [ 214/3000], runtime:  14.38s, train err*1e8:  11.5247 (best*1e8:  7.7750/ 1.4695)
>> epoch [ 215/3000], runtime:  14.28s, train err*1e8:  8.6074 (best*1e8:  7.7750/ 1.4695)
>> epoch [ 216/3000], runtime:  14.40s, train err*1e8:  8.2504 (best*1e8:  7.7750/ 1.4695)
>> epoch [ 217/3000], runtime: 14.36s, train err *1e8: 7.4022, valid err*1e8: 1.0713 , test err*1e8: 0.9338
>> epoch [ 218/3000], runtime:  14.31s, train err*1e8:  7.5398 (best*1e8:  7.4022/ 1.0713)
>> epoch [ 219/3000], runtime:  14.39s, train err*1e8:  7.5494 (best*1e8:  7.4022/ 1.0713)
>> epoch [ 220/3000], runtime:  14.40s, train err*1e8:  7.2887 (best*1e8:  7.4022/ 1.0713)
>> epoch [ 221/3000], runtime:  14.32s, train err*1e8:  7.4007 (best*1e8:  7.4022/ 1.0713)
>> epoch [ 222/3000], runtime:  14.43s, train err*1e8:  16.3894 (best*1e8:  7.4022/ 1.0713)
>> epoch [ 223/3000], runtime:  14.35s, train err*1e8:  11.8371 (best*1e8:  7.4022/ 1.0713)
>> epoch [ 224/3000], runtime:  14.38s, train err*1e8:  9.5087 (best*1e8:  7.4022/ 1.0713)
>> epoch [ 225/3000], runtime:  14.32s, train err*1e8:  6.8749 (best*1e8:  7.4022/ 1.0713)
>> epoch [ 226/3000], runtime:  14.39s, train err*1e8:  10.6760 (best*1e8:  7.4022/ 1.0713)
>> epoch [ 227/3000], runtime:  14.40s, train err*1e8:  14.0809 (best*1e8:  7.4022/ 1.0713)
>> epoch [ 228/3000], runtime:  14.36s, train err*1e8:  9.9286 (best*1e8:  7.4022/ 1.0713)
>> epoch [ 229/3000], runtime:  14.35s, train err*1e8:  7.2180 (best*1e8:  7.4022/ 1.0713)
>> epoch [ 230/3000], runtime:  14.36s, train err*1e8:  10.9468 (best*1e8:  7.4022/ 1.0713)
>> epoch [ 231/3000], runtime:  14.40s, train err*1e8:  24.6930 (best*1e8:  7.4022/ 1.0713)
>> epoch [ 232/3000], runtime:  14.28s, train err*1e8:  17.0826 (best*1e8:  7.4022/ 1.0713)
>> epoch [ 233/3000], runtime:  14.30s, train err*1e8:  7.4078 (best*1e8:  7.4022/ 1.0713)
>> epoch [ 234/3000], runtime: 14.34s, train err *1e8: 6.4185, valid err*1e8: 1.0018 , test err*1e8: 1.0800
>> epoch [ 235/3000], runtime: 14.40s, train err *1e8: 5.7000, valid err*1e8: 0.9126 , test err*1e8: 0.8067
>> epoch [ 236/3000], runtime:  14.38s, train err*1e8:  5.3182 (best*1e8:  5.7000/ 0.9126)
>> epoch [ 237/3000], runtime:  14.42s, train err*1e8:  6.5965 (best*1e8:  5.7000/ 0.9126)
>> epoch [ 238/3000], runtime:  14.40s, train err*1e8:  13.7954 (best*1e8:  5.7000/ 0.9126)
>> epoch [ 239/3000], runtime:  14.37s, train err*1e8:  11.0509 (best*1e8:  5.7000/ 0.9126)
>> epoch [ 240/3000], runtime:  14.19s, train err*1e8:  7.3683 (best*1e8:  5.7000/ 0.9126)
>> epoch [ 241/3000], runtime:  13.23s, train err*1e8:  8.2636 (best*1e8:  5.7000/ 0.9126)
>> epoch [ 242/3000], runtime:  13.21s, train err*1e8:  8.5308 (best*1e8:  5.7000/ 0.9126)
>> epoch [ 243/3000], runtime:  13.21s, train err*1e8:  7.0077 (best*1e8:  5.7000/ 0.9126)
>> epoch [ 244/3000], runtime:  13.21s, train err*1e8:  8.0964 (best*1e8:  5.7000/ 0.9126)
>> epoch [ 245/3000], runtime:  13.19s, train err*1e8:  7.9624 (best*1e8:  5.7000/ 0.9126)
>> epoch [ 246/3000], runtime: 13.21s, train err *1e8: 5.6511, valid err*1e8: 0.8735 , test err*1e8: 0.8267
>> epoch [ 247/3000], runtime: 13.23s, train err *1e8: 5.2420, valid err*1e8: 0.8146 , test err*1e8: 0.6899
>> epoch [ 248/3000], runtime:  13.18s, train err*1e8:  5.1752 (best*1e8:  5.2420/ 0.8146)
>> epoch [ 249/3000], runtime:  13.15s, train err*1e8:  6.6346 (best*1e8:  5.2420/ 0.8146)
>> epoch [ 250/3000], runtime:  13.19s, train err*1e8:  6.0310 (best*1e8:  5.2420/ 0.8146)
>> epoch [ 251/3000], runtime:  13.11s, train err*1e8:  5.4496 (best*1e8:  5.2420/ 0.8146)
>> epoch [ 252/3000], runtime:  13.19s, train err*1e8:  12.1089 (best*1e8:  5.2420/ 0.8146)
>> epoch [ 253/3000], runtime:  13.23s, train err*1e8:  10.6115 (best*1e8:  5.2420/ 0.8146)
>> epoch [ 254/3000], runtime:  13.21s, train err*1e8:  8.5329 (best*1e8:  5.2420/ 0.8146)
>> epoch [ 255/3000], runtime:  13.17s, train err*1e8:  7.3592 (best*1e8:  5.2420/ 0.8146)
>> epoch [ 256/3000], runtime:  13.21s, train err*1e8:  5.5813 (best*1e8:  5.2420/ 0.8146)
>> epoch [ 257/3000], runtime: 13.19s, train err *1e8: 4.7912, valid err*1e8: 0.6935 , test err*1e8: 0.6727
>> epoch [ 258/3000], runtime:  13.12s, train err*1e8:  4.1475 (best*1e8:  4.7912/ 0.6935)
>> epoch [ 259/3000], runtime:  13.13s, train err*1e8:  4.3750 (best*1e8:  4.7912/ 0.6935)
>> epoch [ 260/3000], runtime:  13.19s, train err*1e8:  4.7712 (best*1e8:  4.7912/ 0.6935)
>> epoch [ 261/3000], runtime:  13.18s, train err*1e8:  4.8034 (best*1e8:  4.7912/ 0.6935)
>> epoch [ 262/3000], runtime:  13.16s, train err*1e8:  5.6433 (best*1e8:  4.7912/ 0.6935)
>> epoch [ 263/3000], runtime:  13.23s, train err*1e8:  6.6199 (best*1e8:  4.7912/ 0.6935)
>> epoch [ 264/3000], runtime:  13.20s, train err*1e8:  6.3449 (best*1e8:  4.7912/ 0.6935)
>> epoch [ 265/3000], runtime:  13.25s, train err*1e8:  5.3849 (best*1e8:  4.7912/ 0.6935)
>> epoch [ 266/3000], runtime:  13.20s, train err*1e8:  6.6836 (best*1e8:  4.7912/ 0.6935)
>> epoch [ 267/3000], runtime:  13.19s, train err*1e8:  6.4578 (best*1e8:  4.7912/ 0.6935)
>> epoch [ 268/3000], runtime:  13.23s, train err*1e8:  5.5124 (best*1e8:  4.7912/ 0.6935)
>> epoch [ 269/3000], runtime:  13.11s, train err*1e8:  4.6834 (best*1e8:  4.7912/ 0.6935)
>> epoch [ 270/3000], runtime:  13.19s, train err*1e8:  5.2865 (best*1e8:  4.7912/ 0.6935)
>> epoch [ 271/3000], runtime:  13.26s, train err*1e8:  4.9300 (best*1e8:  4.7912/ 0.6935)
>> epoch [ 272/3000], runtime:  13.13s, train err*1e8:  5.6470 (best*1e8:  4.7912/ 0.6935)
>> epoch [ 273/3000], runtime: 13.19s, train err *1e8: 4.7498, valid err*1e8: 0.6436 , test err*1e8: 0.5486
>> epoch [ 274/3000], runtime:  13.21s, train err*1e8:  4.0605 (best*1e8:  4.7498/ 0.6436)
>> epoch [ 275/3000], runtime: 13.19s, train err *1e8: 4.0167, valid err*1e8: 0.6281 , test err*1e8: 0.5657
>> epoch [ 276/3000], runtime:  13.19s, train err*1e8:  4.1779 (best*1e8:  4.0167/ 0.6281)
>> epoch [ 277/3000], runtime:  13.24s, train err*1e8:  4.5503 (best*1e8:  4.0167/ 0.6281)
>> epoch [ 278/3000], runtime:  13.20s, train err*1e8:  13.1431 (best*1e8:  4.0167/ 0.6281)
>> epoch [ 279/3000], runtime:  13.18s, train err*1e8:  6.3665 (best*1e8:  4.0167/ 0.6281)
>> epoch [ 280/3000], runtime:  13.21s, train err*1e8:  6.0992 (best*1e8:  4.0167/ 0.6281)
>> epoch [ 281/3000], runtime:  13.20s, train err*1e8:  7.0088 (best*1e8:  4.0167/ 0.6281)
>> epoch [ 282/3000], runtime:  13.22s, train err*1e8:  6.3460 (best*1e8:  4.0167/ 0.6281)
>> epoch [ 283/3000], runtime:  13.21s, train err*1e8:  5.0314 (best*1e8:  4.0167/ 0.6281)
>> epoch [ 284/3000], runtime:  13.20s, train err*1e8:  4.1607 (best*1e8:  4.0167/ 0.6281)
>> epoch [ 285/3000], runtime: 13.10s, train err *1e8: 3.6658, valid err*1e8: 0.5791 , test err*1e8: 0.5463
>> epoch [ 286/3000], runtime:  13.16s, train err*1e8:  5.5567 (best*1e8:  3.6658/ 0.5791)
>> epoch [ 287/3000], runtime:  13.22s, train err*1e8:  11.6776 (best*1e8:  3.6658/ 0.5791)
>> epoch [ 288/3000], runtime:  13.25s, train err*1e8:  8.8837 (best*1e8:  3.6658/ 0.5791)
>> epoch [ 289/3000], runtime:  13.16s, train err*1e8:  5.1338 (best*1e8:  3.6658/ 0.5791)
>> epoch [ 290/3000], runtime:  13.12s, train err*1e8:  5.8183 (best*1e8:  3.6658/ 0.5791)
>> epoch [ 291/3000], runtime:  13.16s, train err*1e8:  3.8374 (best*1e8:  3.6658/ 0.5791)
>> epoch [ 292/3000], runtime:  13.21s, train err*1e8:  4.9849 (best*1e8:  3.6658/ 0.5791)
>> epoch [ 293/3000], runtime:  13.12s, train err*1e8:  7.2973 (best*1e8:  3.6658/ 0.5791)
>> epoch [ 294/3000], runtime:  13.18s, train err*1e8:  7.6157 (best*1e8:  3.6658/ 0.5791)
>> epoch [ 295/3000], runtime:  13.14s, train err*1e8:  5.3016 (best*1e8:  3.6658/ 0.5791)
>> epoch [ 296/3000], runtime:  13.23s, train err*1e8:  5.5129 (best*1e8:  3.6658/ 0.5791)
>> epoch [ 297/3000], runtime:  13.20s, train err*1e8:  4.7776 (best*1e8:  3.6658/ 0.5791)
>> epoch [ 298/3000], runtime:  13.20s, train err*1e8:  4.5364 (best*1e8:  3.6658/ 0.5791)
>> epoch [ 299/3000], runtime:  13.23s, train err*1e8:  4.7612 (best*1e8:  3.6658/ 0.5791)
>> epoch [ 300/3000], runtime:  13.20s, train err*1e8:  3.7243 (best*1e8:  3.6658/ 0.5791)
>> epoch [ 301/3000], runtime:  13.13s, train err*1e8:  3.1625 (best*1e8:  3.6658/ 0.5791)
>> epoch [ 302/3000], runtime:  13.19s, train err*1e8:  4.0981 (best*1e8:  3.6658/ 0.5791)
>> epoch [ 303/3000], runtime:  13.25s, train err*1e8:  5.7711 (best*1e8:  3.6658/ 0.5791)
>> epoch [ 304/3000], runtime:  13.05s, train err*1e8:  5.9595 (best*1e8:  3.6658/ 0.5791)
>> epoch [ 305/3000], runtime:  13.21s, train err*1e8:  6.8800 (best*1e8:  3.6658/ 0.5791)
>> epoch [ 306/3000], runtime:  13.17s, train err*1e8:  4.2379 (best*1e8:  3.6658/ 0.5791)
>> epoch [ 307/3000], runtime:  13.20s, train err*1e8:  4.5373 (best*1e8:  3.6658/ 0.5791)
>> epoch [ 308/3000], runtime:  13.22s, train err*1e8:  5.5763 (best*1e8:  3.6658/ 0.5791)
>> epoch [ 309/3000], runtime:  13.21s, train err*1e8:  9.2018 (best*1e8:  3.6658/ 0.5791)
>> epoch [ 310/3000], runtime:  13.25s, train err*1e8:  3.8753 (best*1e8:  3.6658/ 0.5791)
>> epoch [ 311/3000], runtime: 13.13s, train err *1e8: 3.3869, valid err*1e8: 0.5408 , test err*1e8: 0.4286
>> epoch [ 312/3000], runtime:  13.23s, train err*1e8:  3.3763 (best*1e8:  3.3869/ 0.5408)
>> epoch [ 313/3000], runtime: 13.18s, train err *1e8: 2.8559, valid err*1e8: 0.4472 , test err*1e8: 0.4223
>> epoch [ 314/3000], runtime:  13.22s, train err*1e8:  3.2342 (best*1e8:  2.8559/ 0.4472)
>> epoch [ 315/3000], runtime:  13.17s, train err*1e8:  5.0174 (best*1e8:  2.8559/ 0.4472)
>> epoch [ 316/3000], runtime:  13.20s, train err*1e8:  4.2036 (best*1e8:  2.8559/ 0.4472)
>> epoch [ 317/3000], runtime:  13.20s, train err*1e8:  3.6081 (best*1e8:  2.8559/ 0.4472)
>> epoch [ 318/3000], runtime:  13.17s, train err*1e8:  5.0295 (best*1e8:  2.8559/ 0.4472)
>> epoch [ 319/3000], runtime:  13.22s, train err*1e8:  6.0422 (best*1e8:  2.8559/ 0.4472)
>> epoch [ 320/3000], runtime:  13.19s, train err*1e8:  4.5896 (best*1e8:  2.8559/ 0.4472)
>> epoch [ 321/3000], runtime:  13.21s, train err*1e8:  4.7125 (best*1e8:  2.8559/ 0.4472)
>> epoch [ 322/3000], runtime:  13.20s, train err*1e8:  5.9511 (best*1e8:  2.8559/ 0.4472)
>> epoch [ 323/3000], runtime:  13.17s, train err*1e8:  9.2631 (best*1e8:  2.8559/ 0.4472)
>> epoch [ 324/3000], runtime:  13.23s, train err*1e8:  5.2121 (best*1e8:  2.8559/ 0.4472)
>> epoch [ 325/3000], runtime:  13.20s, train err*1e8:  4.1153 (best*1e8:  2.8559/ 0.4472)
>> epoch [ 326/3000], runtime:  13.20s, train err*1e8:  3.0164 (best*1e8:  2.8559/ 0.4472)
>> epoch [ 327/3000], runtime:  13.16s, train err*1e8:  2.8243 (best*1e8:  2.8559/ 0.4472)
>> epoch [ 328/3000], runtime:  13.17s, train err*1e8:  2.7634 (best*1e8:  2.8559/ 0.4472)
>> epoch [ 329/3000], runtime:  13.19s, train err*1e8:  2.3915 (best*1e8:  2.8559/ 0.4472)
>> epoch [ 330/3000], runtime: 13.18s, train err *1e8: 2.6582, valid err*1e8: 0.4227 , test err*1e8: 0.3299
>> epoch [ 331/3000], runtime:  13.23s, train err*1e8:  2.2146 (best*1e8:  2.6582/ 0.4227)
>> epoch [ 332/3000], runtime:  13.24s, train err*1e8:  2.8399 (best*1e8:  2.6582/ 0.4227)
>> epoch [ 333/3000], runtime:  13.22s, train err*1e8:  2.9910 (best*1e8:  2.6582/ 0.4227)
>> epoch [ 334/3000], runtime:  13.21s, train err*1e8:  3.6405 (best*1e8:  2.6582/ 0.4227)
>> epoch [ 335/3000], runtime:  13.22s, train err*1e8:  2.2123 (best*1e8:  2.6582/ 0.4227)
>> epoch [ 336/3000], runtime: 13.21s, train err *1e8: 2.2349, valid err*1e8: 0.3973 , test err*1e8: 0.2735
>> epoch [ 337/3000], runtime:  13.19s, train err*1e8:  2.3270 (best*1e8:  2.2349/ 0.3973)
>> epoch [ 338/3000], runtime: 13.20s, train err *1e8: 1.9839, valid err*1e8: 0.3056 , test err*1e8: 0.2675
>> epoch [ 339/3000], runtime:  13.17s, train err*1e8:  2.7734 (best*1e8:  1.9839/ 0.3056)
>> epoch [ 340/3000], runtime:  13.24s, train err*1e8:  2.8241 (best*1e8:  1.9839/ 0.3056)
>> epoch [ 341/3000], runtime:  13.18s, train err*1e8:  4.7903 (best*1e8:  1.9839/ 0.3056)
>> epoch [ 342/3000], runtime:  13.16s, train err*1e8:  2.9288 (best*1e8:  1.9839/ 0.3056)
>> epoch [ 343/3000], runtime:  13.20s, train err*1e8:  2.6981 (best*1e8:  1.9839/ 0.3056)
>> epoch [ 344/3000], runtime:  13.20s, train err*1e8:  2.3401 (best*1e8:  1.9839/ 0.3056)
>> epoch [ 345/3000], runtime:  13.17s, train err*1e8:  4.4219 (best*1e8:  1.9839/ 0.3056)
>> epoch [ 346/3000], runtime:  13.20s, train err*1e8:  3.9481 (best*1e8:  1.9839/ 0.3056)
>> epoch [ 347/3000], runtime:  13.18s, train err*1e8:  5.5488 (best*1e8:  1.9839/ 0.3056)
>> epoch [ 348/3000], runtime:  13.19s, train err*1e8:  5.9557 (best*1e8:  1.9839/ 0.3056)
>> epoch [ 349/3000], runtime:  13.20s, train err*1e8:  4.1918 (best*1e8:  1.9839/ 0.3056)
>> epoch [ 350/3000], runtime:  13.20s, train err*1e8:  3.0271 (best*1e8:  1.9839/ 0.3056)
>> epoch [ 351/3000], runtime:  13.21s, train err*1e8:  9.1394 (best*1e8:  1.9839/ 0.3056)
>> epoch [ 352/3000], runtime:  13.20s, train err*1e8:  6.5645 (best*1e8:  1.9839/ 0.3056)
>> epoch [ 353/3000], runtime:  13.20s, train err*1e8:  2.7981 (best*1e8:  1.9839/ 0.3056)
>> epoch [ 354/3000], runtime:  13.15s, train err*1e8:  2.1933 (best*1e8:  1.9839/ 0.3056)
>> epoch [ 355/3000], runtime:  13.20s, train err*1e8:  3.0461 (best*1e8:  1.9839/ 0.3056)
>> epoch [ 356/3000], runtime:  13.18s, train err*1e8:  2.5999 (best*1e8:  1.9839/ 0.3056)
>> epoch [ 357/3000], runtime:  13.23s, train err*1e8:  2.0663 (best*1e8:  1.9839/ 0.3056)
>> epoch [ 358/3000], runtime:  13.20s, train err*1e8:  1.7821 (best*1e8:  1.9839/ 0.3056)
>> epoch [ 359/3000], runtime:  13.14s, train err*1e8:  2.0459 (best*1e8:  1.9839/ 0.3056)
>> epoch [ 360/3000], runtime:  13.07s, train err*1e8:  2.1503 (best*1e8:  1.9839/ 0.3056)
>> epoch [ 361/3000], runtime:  13.17s, train err*1e8:  4.7496 (best*1e8:  1.9839/ 0.3056)
>> epoch [ 362/3000], runtime:  13.19s, train err*1e8:  4.0417 (best*1e8:  1.9839/ 0.3056)
>> epoch [ 363/3000], runtime:  13.23s, train err*1e8:  3.4656 (best*1e8:  1.9839/ 0.3056)
>> epoch [ 364/3000], runtime:  13.19s, train err*1e8:  1.7656 (best*1e8:  1.9839/ 0.3056)
>> epoch [ 365/3000], runtime:  13.21s, train err*1e8:  1.5845 (best*1e8:  1.9839/ 0.3056)
>> epoch [ 366/3000], runtime:  13.24s, train err*1e8:  1.8549 (best*1e8:  1.9839/ 0.3056)
>> epoch [ 367/3000], runtime:  13.16s, train err*1e8:  3.4352 (best*1e8:  1.9839/ 0.3056)
>> epoch [ 368/3000], runtime:  13.17s, train err*1e8:  3.8598 (best*1e8:  1.9839/ 0.3056)
>> epoch [ 369/3000], runtime:  13.20s, train err*1e8:  2.3804 (best*1e8:  1.9839/ 0.3056)
>> epoch [ 370/3000], runtime:  13.22s, train err*1e8:  1.5688 (best*1e8:  1.9839/ 0.3056)
>> epoch [ 371/3000], runtime:  13.24s, train err*1e8:  2.1444 (best*1e8:  1.9839/ 0.3056)
>> epoch [ 372/3000], runtime:  13.22s, train err*1e8:  3.3309 (best*1e8:  1.9839/ 0.3056)
>> epoch [ 373/3000], runtime:  13.20s, train err*1e8:  2.3631 (best*1e8:  1.9839/ 0.3056)
>> epoch [ 374/3000], runtime:  13.20s, train err*1e8:  4.5171 (best*1e8:  1.9839/ 0.3056)
>> epoch [ 375/3000], runtime:  13.23s, train err*1e8:  5.2234 (best*1e8:  1.9839/ 0.3056)
>> epoch [ 376/3000], runtime: 13.20s, train err *1e8: 1.7928, valid err*1e8: 0.2923 , test err*1e8: 0.2545
>> epoch [ 377/3000], runtime:  13.19s, train err*1e8:  1.7461 (best*1e8:  1.7928/ 0.2923)
>> epoch [ 378/3000], runtime:  13.20s, train err*1e8:  1.8432 (best*1e8:  1.7928/ 0.2923)
>> epoch [ 379/3000], runtime:  13.17s, train err*1e8:  1.5803 (best*1e8:  1.7928/ 0.2923)
>> epoch [ 380/3000], runtime:  13.19s, train err*1e8:  3.2771 (best*1e8:  1.7928/ 0.2923)
>> epoch [ 381/3000], runtime:  13.21s, train err*1e8:  2.0193 (best*1e8:  1.7928/ 0.2923)
>> epoch [ 382/3000], runtime:  13.22s, train err*1e8:  1.3751 (best*1e8:  1.7928/ 0.2923)
>> epoch [ 383/3000], runtime:  13.14s, train err*1e8:  1.6818 (best*1e8:  1.7928/ 0.2923)
>> epoch [ 384/3000], runtime: 13.24s, train err *1e8: 1.3751, valid err*1e8: 0.2413 , test err*1e8: 0.2136
>> epoch [ 385/3000], runtime:  13.14s, train err*1e8:  1.7399 (best*1e8:  1.3751/ 0.2413)
>> epoch [ 386/3000], runtime:  13.11s, train err*1e8:  1.9637 (best*1e8:  1.3751/ 0.2413)
>> epoch [ 387/3000], runtime:  13.23s, train err*1e8:  1.8061 (best*1e8:  1.3751/ 0.2413)
>> epoch [ 388/3000], runtime:  13.22s, train err*1e8:  2.0575 (best*1e8:  1.3751/ 0.2413)
>> epoch [ 389/3000], runtime:  13.20s, train err*1e8:  1.4257 (best*1e8:  1.3751/ 0.2413)
>> epoch [ 390/3000], runtime: 13.22s, train err *1e8: 1.1898, valid err*1e8: 0.2312 , test err*1e8: 0.2028
>> epoch [ 391/3000], runtime:  13.21s, train err*1e8:  1.5000 (best*1e8:  1.1898/ 0.2312)
>> epoch [ 392/3000], runtime:  13.17s, train err*1e8:  1.6630 (best*1e8:  1.1898/ 0.2312)
>> epoch [ 393/3000], runtime:  13.17s, train err*1e8:  1.4029 (best*1e8:  1.1898/ 0.2312)
>> epoch [ 394/3000], runtime:  13.23s, train err*1e8:  1.2069 (best*1e8:  1.1898/ 0.2312)
>> epoch [ 395/3000], runtime:  13.11s, train err*1e8:  1.8083 (best*1e8:  1.1898/ 0.2312)
>> epoch [ 396/3000], runtime:  13.09s, train err*1e8:  4.1517 (best*1e8:  1.1898/ 0.2312)
>> epoch [ 397/3000], runtime:  13.20s, train err*1e8:  2.1199 (best*1e8:  1.1898/ 0.2312)
>> epoch [ 398/3000], runtime:  13.09s, train err*1e8:  2.7863 (best*1e8:  1.1898/ 0.2312)
>> epoch [ 399/3000], runtime:  13.17s, train err*1e8:  1.8418 (best*1e8:  1.1898/ 0.2312)
>> epoch [ 400/3000], runtime:  13.19s, train err*1e8:  1.6174 (best*1e8:  1.1898/ 0.2312)
>> epoch [ 401/3000], runtime:  13.20s, train err*1e8:  1.7159 (best*1e8:  1.1898/ 0.2312)
>> epoch [ 402/3000], runtime:  13.10s, train err*1e8:  2.7976 (best*1e8:  1.1898/ 0.2312)
>> epoch [ 403/3000], runtime:  13.09s, train err*1e8:  2.1376 (best*1e8:  1.1898/ 0.2312)
>> epoch [ 404/3000], runtime:  13.17s, train err*1e8:  1.9837 (best*1e8:  1.1898/ 0.2312)
>> epoch [ 405/3000], runtime:  13.21s, train err*1e8:  1.2724 (best*1e8:  1.1898/ 0.2312)
>> epoch [ 406/3000], runtime:  13.20s, train err*1e8:  2.4151 (best*1e8:  1.1898/ 0.2312)
>> epoch [ 407/3000], runtime:  13.15s, train err*1e8:  2.6539 (best*1e8:  1.1898/ 0.2312)
>> epoch [ 408/3000], runtime:  13.21s, train err*1e8:  3.5502 (best*1e8:  1.1898/ 0.2312)
>> epoch [ 409/3000], runtime:  13.20s, train err*1e8:  5.1981 (best*1e8:  1.1898/ 0.2312)
>> epoch [ 410/3000], runtime:  13.14s, train err*1e8:  2.3723 (best*1e8:  1.1898/ 0.2312)
>> epoch [ 411/3000], runtime:  13.18s, train err*1e8:  1.7231 (best*1e8:  1.1898/ 0.2312)
>> epoch [ 412/3000], runtime:  13.20s, train err*1e8:  1.4402 (best*1e8:  1.1898/ 0.2312)
>> epoch [ 413/3000], runtime:  13.23s, train err*1e8:  1.5000 (best*1e8:  1.1898/ 0.2312)
>> epoch [ 414/3000], runtime:  13.15s, train err*1e8:  3.4141 (best*1e8:  1.1898/ 0.2312)
>> epoch [ 415/3000], runtime:  13.18s, train err*1e8:  8.3532 (best*1e8:  1.1898/ 0.2312)
>> epoch [ 416/3000], runtime:  13.06s, train err*1e8:  6.8117 (best*1e8:  1.1898/ 0.2312)
>> epoch [ 417/3000], runtime:  13.17s, train err*1e8:  3.4927 (best*1e8:  1.1898/ 0.2312)
>> epoch [ 418/3000], runtime:  13.07s, train err*1e8:  1.6809 (best*1e8:  1.1898/ 0.2312)
>> epoch [ 419/3000], runtime:  13.24s, train err*1e8:  1.4190 (best*1e8:  1.1898/ 0.2312)
>> epoch [ 420/3000], runtime:  13.20s, train err*1e8:  1.2381 (best*1e8:  1.1898/ 0.2312)
>> epoch [ 421/3000], runtime:  13.20s, train err*1e8:  1.3610 (best*1e8:  1.1898/ 0.2312)
>> epoch [ 422/3000], runtime:  13.23s, train err*1e8:  1.3377 (best*1e8:  1.1898/ 0.2312)
>> epoch [ 423/3000], runtime:  13.18s, train err*1e8:  1.1425 (best*1e8:  1.1898/ 0.2312)
>> epoch [ 424/3000], runtime: 13.21s, train err *1e8: 1.0987, valid err*1e8: 0.2244 , test err*1e8: 0.1842
>> epoch [ 425/3000], runtime:  13.20s, train err*1e8:  1.0719 (best*1e8:  1.0987/ 0.2244)
>> epoch [ 426/3000], runtime:  13.22s, train err*1e8:  1.1649 (best*1e8:  1.0987/ 0.2244)
>> epoch [ 427/3000], runtime:  13.23s, train err*1e8:  1.0638 (best*1e8:  1.0987/ 0.2244)
>> epoch [ 428/3000], runtime:  13.23s, train err*1e8:  2.5078 (best*1e8:  1.0987/ 0.2244)
>> epoch [ 429/3000], runtime:  13.15s, train err*1e8:  1.6444 (best*1e8:  1.0987/ 0.2244)
>> epoch [ 430/3000], runtime:  13.13s, train err*1e8:  1.2869 (best*1e8:  1.0987/ 0.2244)
>> epoch [ 431/3000], runtime:  13.19s, train err*1e8:  1.2175 (best*1e8:  1.0987/ 0.2244)
>> epoch [ 432/3000], runtime:  13.20s, train err*1e8:  1.5857 (best*1e8:  1.0987/ 0.2244)
>> epoch [ 433/3000], runtime:  13.24s, train err*1e8:  1.9220 (best*1e8:  1.0987/ 0.2244)
>> epoch [ 434/3000], runtime:  13.15s, train err*1e8:  4.0187 (best*1e8:  1.0987/ 0.2244)
>> epoch [ 435/3000], runtime:  13.23s, train err*1e8:  1.4483 (best*1e8:  1.0987/ 0.2244)
>> epoch [ 436/3000], runtime: 13.18s, train err *1e8: 1.0911, valid err*1e8: 0.1874 , test err*1e8: 0.1556
>> epoch [ 437/3000], runtime:  13.19s, train err*1e8:  1.1381 (best*1e8:  1.0911/ 0.1874)
>> epoch [ 438/3000], runtime:  13.21s, train err*1e8:  1.1907 (best*1e8:  1.0911/ 0.1874)
>> epoch [ 439/3000], runtime:  13.20s, train err*1e8:  1.6979 (best*1e8:  1.0911/ 0.1874)
>> epoch [ 440/3000], runtime:  13.24s, train err*1e8:  1.2464 (best*1e8:  1.0911/ 0.1874)
>> epoch [ 441/3000], runtime: 13.19s, train err *1e8: 1.0136, valid err*1e8: 0.1707 , test err*1e8: 0.1609
>> epoch [ 442/3000], runtime:  13.23s, train err*1e8:  0.9586 (best*1e8:  1.0136/ 0.1707)
>> epoch [ 443/3000], runtime:  13.20s, train err*1e8:  1.2143 (best*1e8:  1.0136/ 0.1707)
>> epoch [ 444/3000], runtime:  13.24s, train err*1e8:  1.1148 (best*1e8:  1.0136/ 0.1707)
>> epoch [ 445/3000], runtime:  13.21s, train err*1e8:  0.9309 (best*1e8:  1.0136/ 0.1707)
>> epoch [ 446/3000], runtime: 13.21s, train err *1e8: 0.9242, valid err*1e8: 0.1705 , test err*1e8: 0.1549
>> epoch [ 447/3000], runtime: 13.24s, train err *1e8: 0.8868, valid err*1e8: 0.1528 , test err*1e8: 0.1461
>> epoch [ 448/3000], runtime:  13.22s, train err*1e8:  1.2134 (best*1e8:  0.8868/ 0.1528)
>> epoch [ 449/3000], runtime:  13.16s, train err*1e8:  1.1983 (best*1e8:  0.8868/ 0.1528)
>> epoch [ 450/3000], runtime:  13.20s, train err*1e8:  1.0322 (best*1e8:  0.8868/ 0.1528)
>> epoch [ 451/3000], runtime:  13.21s, train err*1e8:  1.0049 (best*1e8:  0.8868/ 0.1528)
>> epoch [ 452/3000], runtime:  13.17s, train err*1e8:  0.8557 (best*1e8:  0.8868/ 0.1528)
>> epoch [ 453/3000], runtime:  13.22s, train err*1e8:  0.9391 (best*1e8:  0.8868/ 0.1528)
>> epoch [ 454/3000], runtime:  13.23s, train err*1e8:  1.6915 (best*1e8:  0.8868/ 0.1528)
>> epoch [ 455/3000], runtime:  13.18s, train err*1e8:  2.9162 (best*1e8:  0.8868/ 0.1528)
>> epoch [ 456/3000], runtime:  13.20s, train err*1e8:  2.2402 (best*1e8:  0.8868/ 0.1528)
>> epoch [ 457/3000], runtime:  13.22s, train err*1e8:  1.0508 (best*1e8:  0.8868/ 0.1528)
>> epoch [ 458/3000], runtime:  13.23s, train err*1e8:  1.7485 (best*1e8:  0.8868/ 0.1528)
>> epoch [ 459/3000], runtime:  13.20s, train err*1e8:  2.5074 (best*1e8:  0.8868/ 0.1528)
>> epoch [ 460/3000], runtime:  13.24s, train err*1e8:  1.1104 (best*1e8:  0.8868/ 0.1528)
>> epoch [ 461/3000], runtime:  13.23s, train err*1e8:  1.1093 (best*1e8:  0.8868/ 0.1528)
>> epoch [ 462/3000], runtime:  13.25s, train err*1e8:  0.9227 (best*1e8:  0.8868/ 0.1528)
>> epoch [ 463/3000], runtime:  13.21s, train err*1e8:  0.9534 (best*1e8:  0.8868/ 0.1528)
>> epoch [ 464/3000], runtime:  13.21s, train err*1e8:  1.2356 (best*1e8:  0.8868/ 0.1528)
>> epoch [ 465/3000], runtime:  13.24s, train err*1e8:  0.9594 (best*1e8:  0.8868/ 0.1528)
>> epoch [ 466/3000], runtime:  13.17s, train err*1e8:  0.9376 (best*1e8:  0.8868/ 0.1528)
>> epoch [ 467/3000], runtime:  13.19s, train err*1e8:  0.8384 (best*1e8:  0.8868/ 0.1528)
>> epoch [ 468/3000], runtime:  13.23s, train err*1e8:  0.9413 (best*1e8:  0.8868/ 0.1528)
>> epoch [ 469/3000], runtime:  13.22s, train err*1e8:  1.2002 (best*1e8:  0.8868/ 0.1528)
>> epoch [ 470/3000], runtime:  13.26s, train err*1e8:  0.9230 (best*1e8:  0.8868/ 0.1528)
>> epoch [ 471/3000], runtime:  13.25s, train err*1e8:  1.7965 (best*1e8:  0.8868/ 0.1528)
>> epoch [ 472/3000], runtime:  13.23s, train err*1e8:  1.4004 (best*1e8:  0.8868/ 0.1528)
>> epoch [ 473/3000], runtime:  13.20s, train err*1e8:  0.8332 (best*1e8:  0.8868/ 0.1528)
>> epoch [ 474/3000], runtime:  13.11s, train err*1e8:  1.0514 (best*1e8:  0.8868/ 0.1528)
>> epoch [ 475/3000], runtime:  13.18s, train err*1e8:  6.4994 (best*1e8:  0.8868/ 0.1528)
>> epoch [ 476/3000], runtime:  13.19s, train err*1e8:  3.4286 (best*1e8:  0.8868/ 0.1528)
>> epoch [ 477/3000], runtime:  13.18s, train err*1e8:  4.5651 (best*1e8:  0.8868/ 0.1528)
>> epoch [ 478/3000], runtime:  13.21s, train err*1e8:  2.8609 (best*1e8:  0.8868/ 0.1528)
>> epoch [ 479/3000], runtime:  13.18s, train err*1e8:  1.0597 (best*1e8:  0.8868/ 0.1528)
>> epoch [ 480/3000], runtime:  13.21s, train err*1e8:  0.9463 (best*1e8:  0.8868/ 0.1528)
>> epoch [ 481/3000], runtime:  13.20s, train err*1e8:  1.1492 (best*1e8:  0.8868/ 0.1528)
>> epoch [ 482/3000], runtime:  13.16s, train err*1e8:  0.8952 (best*1e8:  0.8868/ 0.1528)
>> epoch [ 483/3000], runtime:  13.18s, train err*1e8:  1.0021 (best*1e8:  0.8868/ 0.1528)
>> epoch [ 484/3000], runtime:  13.19s, train err*1e8:  1.1249 (best*1e8:  0.8868/ 0.1528)
>> epoch [ 485/3000], runtime:  13.18s, train err*1e8:  1.4804 (best*1e8:  0.8868/ 0.1528)
>> epoch [ 486/3000], runtime:  13.19s, train err*1e8:  1.8364 (best*1e8:  0.8868/ 0.1528)
>> epoch [ 487/3000], runtime:  13.17s, train err*1e8:  1.2444 (best*1e8:  0.8868/ 0.1528)
>> epoch [ 488/3000], runtime:  13.18s, train err*1e8:  1.0643 (best*1e8:  0.8868/ 0.1528)
>> epoch [ 489/3000], runtime:  13.22s, train err*1e8:  0.9172 (best*1e8:  0.8868/ 0.1528)
>> epoch [ 490/3000], runtime:  13.21s, train err*1e8:  0.7845 (best*1e8:  0.8868/ 0.1528)
>> epoch [ 491/3000], runtime:  13.21s, train err*1e8:  0.9958 (best*1e8:  0.8868/ 0.1528)
>> epoch [ 492/3000], runtime:  13.13s, train err*1e8:  1.3174 (best*1e8:  0.8868/ 0.1528)
>> epoch [ 493/3000], runtime:  13.21s, train err*1e8:  0.9945 (best*1e8:  0.8868/ 0.1528)
>> epoch [ 494/3000], runtime:  13.19s, train err*1e8:  1.0646 (best*1e8:  0.8868/ 0.1528)
>> epoch [ 495/3000], runtime:  13.22s, train err*1e8:  0.8765 (best*1e8:  0.8868/ 0.1528)
>> epoch [ 496/3000], runtime:  13.16s, train err*1e8:  1.1491 (best*1e8:  0.8868/ 0.1528)
>> epoch [ 497/3000], runtime:  13.21s, train err*1e8:  1.0977 (best*1e8:  0.8868/ 0.1528)
>> epoch [ 498/3000], runtime:  13.11s, train err*1e8:  0.8513 (best*1e8:  0.8868/ 0.1528)
>> epoch [ 499/3000], runtime:  13.18s, train err*1e8:  0.7772 (best*1e8:  0.8868/ 0.1528)
>> epoch [ 500/3000], runtime:  13.20s, train err*1e8:  0.9052 (best*1e8:  0.8868/ 0.1528)
>> epoch [ 501/3000], runtime:  13.17s, train err*1e8:  0.8177 (best*1e8:  0.8868/ 0.1528)
>> epoch [ 502/3000], runtime: 13.20s, train err *1e8: 0.6954, valid err*1e8: 0.1256 , test err*1e8: 0.1243
>> epoch [ 503/3000], runtime:  13.18s, train err*1e8:  0.6916 (best*1e8:  0.6954/ 0.1256)
>> epoch [ 504/3000], runtime:  13.10s, train err*1e8:  0.7277 (best*1e8:  0.6954/ 0.1256)
>> epoch [ 505/3000], runtime:  13.19s, train err*1e8:  1.2228 (best*1e8:  0.6954/ 0.1256)
>> epoch [ 506/3000], runtime:  13.22s, train err*1e8:  0.7192 (best*1e8:  0.6954/ 0.1256)
>> epoch [ 507/3000], runtime:  13.22s, train err*1e8:  0.6704 (best*1e8:  0.6954/ 0.1256)
>> epoch [ 508/3000], runtime:  13.22s, train err*1e8:  0.7005 (best*1e8:  0.6954/ 0.1256)
>> epoch [ 509/3000], runtime:  13.19s, train err*1e8:  0.7445 (best*1e8:  0.6954/ 0.1256)
>> epoch [ 510/3000], runtime: 13.22s, train err *1e8: 0.6652, valid err*1e8: 0.1183 , test err*1e8: 0.1125
>> epoch [ 511/3000], runtime:  13.25s, train err*1e8:  0.6994 (best*1e8:  0.6652/ 0.1183)
>> epoch [ 512/3000], runtime:  13.21s, train err*1e8:  0.6682 (best*1e8:  0.6652/ 0.1183)
>> epoch [ 513/3000], runtime:  13.25s, train err*1e8:  0.7966 (best*1e8:  0.6652/ 0.1183)
>> epoch [ 514/3000], runtime:  13.14s, train err*1e8:  0.8706 (best*1e8:  0.6652/ 0.1183)
>> epoch [ 515/3000], runtime:  13.23s, train err*1e8:  0.7579 (best*1e8:  0.6652/ 0.1183)
>> epoch [ 516/3000], runtime:  13.22s, train err*1e8:  0.7850 (best*1e8:  0.6652/ 0.1183)
>> epoch [ 517/3000], runtime:  13.24s, train err*1e8:  0.9811 (best*1e8:  0.6652/ 0.1183)
>> epoch [ 518/3000], runtime:  13.10s, train err*1e8:  0.7155 (best*1e8:  0.6652/ 0.1183)
>> epoch [ 519/3000], runtime: 13.25s, train err *1e8: 0.6346, valid err*1e8: 0.1094 , test err*1e8: 0.1158
>> epoch [ 520/3000], runtime:  13.23s, train err*1e8:  0.6712 (best*1e8:  0.6346/ 0.1094)
>> epoch [ 521/3000], runtime:  13.26s, train err*1e8:  0.9270 (best*1e8:  0.6346/ 0.1094)
>> epoch [ 522/3000], runtime:  13.20s, train err*1e8:  1.6310 (best*1e8:  0.6346/ 0.1094)
>> epoch [ 523/3000], runtime:  13.26s, train err*1e8:  1.1011 (best*1e8:  0.6346/ 0.1094)
>> epoch [ 524/3000], runtime:  13.20s, train err*1e8:  0.8278 (best*1e8:  0.6346/ 0.1094)
>> epoch [ 525/3000], runtime:  13.09s, train err*1e8:  0.6795 (best*1e8:  0.6346/ 0.1094)
>> epoch [ 526/3000], runtime:  13.12s, train err*1e8:  0.8500 (best*1e8:  0.6346/ 0.1094)
>> epoch [ 527/3000], runtime:  13.22s, train err*1e8:  0.8368 (best*1e8:  0.6346/ 0.1094)
>> epoch [ 528/3000], runtime:  13.20s, train err*1e8:  1.0553 (best*1e8:  0.6346/ 0.1094)
>> epoch [ 529/3000], runtime:  13.21s, train err*1e8:  0.8657 (best*1e8:  0.6346/ 0.1094)
>> epoch [ 530/3000], runtime:  13.10s, train err*1e8:  0.8871 (best*1e8:  0.6346/ 0.1094)
>> epoch [ 531/3000], runtime:  13.22s, train err*1e8:  0.7140 (best*1e8:  0.6346/ 0.1094)
>> epoch [ 532/3000], runtime:  13.24s, train err*1e8:  0.8180 (best*1e8:  0.6346/ 0.1094)
>> epoch [ 533/3000], runtime:  13.20s, train err*1e8:  1.0559 (best*1e8:  0.6346/ 0.1094)
>> epoch [ 534/3000], runtime:  13.19s, train err*1e8:  0.7306 (best*1e8:  0.6346/ 0.1094)
>> epoch [ 535/3000], runtime:  13.16s, train err*1e8:  0.9899 (best*1e8:  0.6346/ 0.1094)
>> epoch [ 536/3000], runtime:  13.24s, train err*1e8:  1.0930 (best*1e8:  0.6346/ 0.1094)
>> epoch [ 537/3000], runtime:  13.19s, train err*1e8:  0.9670 (best*1e8:  0.6346/ 0.1094)
>> epoch [ 538/3000], runtime:  13.14s, train err*1e8:  0.6439 (best*1e8:  0.6346/ 0.1094)
>> epoch [ 539/3000], runtime:  13.27s, train err*1e8:  0.6722 (best*1e8:  0.6346/ 0.1094)
>> epoch [ 540/3000], runtime:  13.26s, train err*1e8:  0.6535 (best*1e8:  0.6346/ 0.1094)
>> epoch [ 541/3000], runtime:  13.12s, train err*1e8:  0.7572 (best*1e8:  0.6346/ 0.1094)
>> epoch [ 542/3000], runtime:  13.21s, train err*1e8:  0.8760 (best*1e8:  0.6346/ 0.1094)
>> epoch [ 543/3000], runtime:  13.22s, train err*1e8:  0.7682 (best*1e8:  0.6346/ 0.1094)
>> epoch [ 544/3000], runtime:  13.20s, train err*1e8:  0.6281 (best*1e8:  0.6346/ 0.1094)
>> epoch [ 545/3000], runtime:  13.22s, train err*1e8:  0.6779 (best*1e8:  0.6346/ 0.1094)
>> epoch [ 546/3000], runtime:  13.24s, train err*1e8:  0.6906 (best*1e8:  0.6346/ 0.1094)
>> epoch [ 547/3000], runtime:  13.22s, train err*1e8:  0.7471 (best*1e8:  0.6346/ 0.1094)
>> epoch [ 548/3000], runtime:  13.22s, train err*1e8:  0.6492 (best*1e8:  0.6346/ 0.1094)
>> epoch [ 549/3000], runtime: 13.13s, train err *1e8: 0.5506, valid err*1e8: 0.1041 , test err*1e8: 0.1006
>> epoch [ 550/3000], runtime:  13.19s, train err*1e8:  0.5659 (best*1e8:  0.5506/ 0.1041)
>> epoch [ 551/3000], runtime:  13.20s, train err*1e8:  0.5359 (best*1e8:  0.5506/ 0.1041)
>> epoch [ 552/3000], runtime:  13.23s, train err*1e8:  0.5572 (best*1e8:  0.5506/ 0.1041)
>> epoch [ 553/3000], runtime:  13.16s, train err*1e8:  0.5590 (best*1e8:  0.5506/ 0.1041)
>> epoch [ 554/3000], runtime:  13.24s, train err*1e8:  0.5288 (best*1e8:  0.5506/ 0.1041)
>> epoch [ 555/3000], runtime:  13.22s, train err*1e8:  0.6164 (best*1e8:  0.5506/ 0.1041)
>> epoch [ 556/3000], runtime:  13.17s, train err*1e8:  0.6088 (best*1e8:  0.5506/ 0.1041)
>> epoch [ 557/3000], runtime:  13.18s, train err*1e8:  0.6341 (best*1e8:  0.5506/ 0.1041)
>> epoch [ 558/3000], runtime:  13.24s, train err*1e8:  0.6016 (best*1e8:  0.5506/ 0.1041)
>> epoch [ 559/3000], runtime:  13.19s, train err*1e8:  0.9051 (best*1e8:  0.5506/ 0.1041)
>> epoch [ 560/3000], runtime:  13.23s, train err*1e8:  1.1650 (best*1e8:  0.5506/ 0.1041)
>> epoch [ 561/3000], runtime:  13.26s, train err*1e8:  3.1582 (best*1e8:  0.5506/ 0.1041)
>> epoch [ 562/3000], runtime:  13.19s, train err*1e8:  1.8341 (best*1e8:  0.5506/ 0.1041)
>> epoch [ 563/3000], runtime:  13.22s, train err*1e8:  0.7307 (best*1e8:  0.5506/ 0.1041)
>> epoch [ 564/3000], runtime:  13.25s, train err*1e8:  0.5953 (best*1e8:  0.5506/ 0.1041)
>> epoch [ 565/3000], runtime:  13.20s, train err*1e8:  0.6625 (best*1e8:  0.5506/ 0.1041)
>> epoch [ 566/3000], runtime: 13.23s, train err *1e8: 0.5434, valid err*1e8: 0.0947 , test err*1e8: 0.0899
>> epoch [ 567/3000], runtime: 13.19s, train err *1e8: 0.5281, valid err*1e8: 0.0909 , test err*1e8: 0.0989
>> epoch [ 568/3000], runtime:  13.25s, train err*1e8:  0.5519 (best*1e8:  0.5281/ 0.0909)
>> epoch [ 569/3000], runtime:  13.18s, train err*1e8:  0.5532 (best*1e8:  0.5281/ 0.0909)
>> epoch [ 570/3000], runtime: 13.22s, train err *1e8: 0.5144, valid err*1e8: 0.0853 , test err*1e8: 0.0898
>> epoch [ 571/3000], runtime:  13.25s, train err*1e8:  0.5250 (best*1e8:  0.5144/ 0.0853)
>> epoch [ 572/3000], runtime:  13.24s, train err*1e8:  0.7844 (best*1e8:  0.5144/ 0.0853)
>> epoch [ 573/3000], runtime:  13.19s, train err*1e8:  0.6287 (best*1e8:  0.5144/ 0.0853)
>> epoch [ 574/3000], runtime:  13.20s, train err*1e8:  0.5609 (best*1e8:  0.5144/ 0.0853)
>> epoch [ 575/3000], runtime:  13.21s, train err*1e8:  0.5487 (best*1e8:  0.5144/ 0.0853)
>> epoch [ 576/3000], runtime:  13.25s, train err*1e8:  0.5475 (best*1e8:  0.5144/ 0.0853)
>> epoch [ 577/3000], runtime:  13.18s, train err*1e8:  0.5830 (best*1e8:  0.5144/ 0.0853)
>> epoch [ 578/3000], runtime:  13.24s, train err*1e8:  0.7197 (best*1e8:  0.5144/ 0.0853)
>> epoch [ 579/3000], runtime:  13.23s, train err*1e8:  0.6164 (best*1e8:  0.5144/ 0.0853)
>> epoch [ 580/3000], runtime:  13.19s, train err*1e8:  0.6615 (best*1e8:  0.5144/ 0.0853)
>> epoch [ 581/3000], runtime:  13.14s, train err*1e8:  0.5742 (best*1e8:  0.5144/ 0.0853)
>> epoch [ 582/3000], runtime:  13.19s, train err*1e8:  0.5359 (best*1e8:  0.5144/ 0.0853)
>> epoch [ 583/3000], runtime:  13.20s, train err*1e8:  0.5673 (best*1e8:  0.5144/ 0.0853)
>> epoch [ 584/3000], runtime: 13.20s, train err *1e8: 0.5023, valid err*1e8: 0.0838 , test err*1e8: 0.0827
>> epoch [ 585/3000], runtime:  13.20s, train err*1e8:  0.5377 (best*1e8:  0.5023/ 0.0838)
>> epoch [ 586/3000], runtime:  13.22s, train err*1e8:  0.7872 (best*1e8:  0.5023/ 0.0838)
>> epoch [ 587/3000], runtime:  13.19s, train err*1e8:  0.8870 (best*1e8:  0.5023/ 0.0838)
>> epoch [ 588/3000], runtime:  13.18s, train err*1e8:  0.6362 (best*1e8:  0.5023/ 0.0838)
>> epoch [ 589/3000], runtime:  13.24s, train err*1e8:  0.6636 (best*1e8:  0.5023/ 0.0838)
>> epoch [ 590/3000], runtime:  13.20s, train err*1e8:  0.5371 (best*1e8:  0.5023/ 0.0838)
>> epoch [ 591/3000], runtime:  13.15s, train err*1e8:  0.6091 (best*1e8:  0.5023/ 0.0838)
>> epoch [ 592/3000], runtime:  13.19s, train err*1e8:  0.5629 (best*1e8:  0.5023/ 0.0838)
>> epoch [ 593/3000], runtime:  13.14s, train err*1e8:  0.5069 (best*1e8:  0.5023/ 0.0838)
>> epoch [ 594/3000], runtime:  13.19s, train err*1e8:  0.6414 (best*1e8:  0.5023/ 0.0838)
>> epoch [ 595/3000], runtime:  13.24s, train err*1e8:  0.9395 (best*1e8:  0.5023/ 0.0838)
>> epoch [ 596/3000], runtime:  13.22s, train err*1e8:  0.7129 (best*1e8:  0.5023/ 0.0838)
>> epoch [ 597/3000], runtime:  13.18s, train err*1e8:  0.9974 (best*1e8:  0.5023/ 0.0838)
>> epoch [ 598/3000], runtime:  13.24s, train err*1e8:  0.7536 (best*1e8:  0.5023/ 0.0838)
>> epoch [ 599/3000], runtime:  13.22s, train err*1e8:  0.5769 (best*1e8:  0.5023/ 0.0838)
>> epoch [ 600/3000], runtime:  13.17s, train err*1e8:  0.5855 (best*1e8:  0.5023/ 0.0838)
>> epoch [ 601/3000], runtime:  13.25s, train err*1e8:  0.5305 (best*1e8:  0.5023/ 0.0838)
>> epoch [ 602/3000], runtime:  13.23s, train err*1e8:  0.5009 (best*1e8:  0.5023/ 0.0838)
>> epoch [ 603/3000], runtime:  13.19s, train err*1e8:  0.5128 (best*1e8:  0.5023/ 0.0838)
>> epoch [ 604/3000], runtime:  13.25s, train err*1e8:  0.4913 (best*1e8:  0.5023/ 0.0838)
>> epoch [ 605/3000], runtime:  13.10s, train err*1e8:  0.5552 (best*1e8:  0.5023/ 0.0838)
>> epoch [ 606/3000], runtime:  13.22s, train err*1e8:  0.4775 (best*1e8:  0.5023/ 0.0838)
>> epoch [ 607/3000], runtime: 13.23s, train err *1e8: 0.4984, valid err*1e8: 0.0817 , test err*1e8: 0.1019
>> epoch [ 608/3000], runtime:  13.23s, train err*1e8:  0.5722 (best*1e8:  0.4984/ 0.0817)
>> epoch [ 609/3000], runtime:  13.17s, train err*1e8:  0.5116 (best*1e8:  0.4984/ 0.0817)
>> epoch [ 610/3000], runtime: 13.23s, train err *1e8: 0.4414, valid err*1e8: 0.0785 , test err*1e8: 0.0786
>> epoch [ 611/3000], runtime:  13.21s, train err*1e8:  0.4363 (best*1e8:  0.4414/ 0.0785)
>> epoch [ 612/3000], runtime:  13.20s, train err*1e8:  0.4459 (best*1e8:  0.4414/ 0.0785)
>> epoch [ 613/3000], runtime:  13.18s, train err*1e8:  0.4279 (best*1e8:  0.4414/ 0.0785)
>> epoch [ 614/3000], runtime:  13.21s, train err*1e8:  0.4706 (best*1e8:  0.4414/ 0.0785)
>> epoch [ 615/3000], runtime:  13.16s, train err*1e8:  0.4392 (best*1e8:  0.4414/ 0.0785)
>> epoch [ 616/3000], runtime:  13.23s, train err*1e8:  0.7368 (best*1e8:  0.4414/ 0.0785)
>> epoch [ 617/3000], runtime:  13.24s, train err*1e8:  0.6257 (best*1e8:  0.4414/ 0.0785)
>> epoch [ 618/3000], runtime:  13.22s, train err*1e8:  0.4717 (best*1e8:  0.4414/ 0.0785)
>> epoch [ 619/3000], runtime:  13.12s, train err*1e8:  0.4720 (best*1e8:  0.4414/ 0.0785)
>> epoch [ 620/3000], runtime: 13.22s, train err *1e8: 0.4406, valid err*1e8: 0.0780 , test err*1e8: 0.0879
>> epoch [ 621/3000], runtime:  13.18s, train err*1e8:  0.4712 (best*1e8:  0.4406/ 0.0780)
>> epoch [ 622/3000], runtime:  13.21s, train err*1e8:  0.5640 (best*1e8:  0.4406/ 0.0780)
>> epoch [ 623/3000], runtime:  13.20s, train err*1e8:  0.6829 (best*1e8:  0.4406/ 0.0780)
>> epoch [ 624/3000], runtime:  13.14s, train err*1e8:  0.6922 (best*1e8:  0.4406/ 0.0780)
>> epoch [ 625/3000], runtime:  13.18s, train err*1e8:  0.6241 (best*1e8:  0.4406/ 0.0780)
>> epoch [ 626/3000], runtime:  13.05s, train err*1e8:  0.5847 (best*1e8:  0.4406/ 0.0780)
>> epoch [ 627/3000], runtime:  13.22s, train err*1e8:  0.6482 (best*1e8:  0.4406/ 0.0780)
>> epoch [ 628/3000], runtime:  13.20s, train err*1e8:  0.4981 (best*1e8:  0.4406/ 0.0780)
>> epoch [ 629/3000], runtime:  13.10s, train err*1e8:  0.5561 (best*1e8:  0.4406/ 0.0780)
>> epoch [ 630/3000], runtime:  13.08s, train err*1e8:  0.5341 (best*1e8:  0.4406/ 0.0780)
>> epoch [ 631/3000], runtime:  13.18s, train err*1e8:  0.4466 (best*1e8:  0.4406/ 0.0780)
>> epoch [ 632/3000], runtime:  13.11s, train err*1e8:  0.4232 (best*1e8:  0.4406/ 0.0780)
>> epoch [ 633/3000], runtime:  13.20s, train err*1e8:  0.4192 (best*1e8:  0.4406/ 0.0780)
>> epoch [ 634/3000], runtime: 13.23s, train err *1e8: 0.4335, valid err*1e8: 0.0727 , test err*1e8: 0.0728
>> epoch [ 635/3000], runtime:  13.20s, train err*1e8:  0.4156 (best*1e8:  0.4335/ 0.0727)
>> epoch [ 636/3000], runtime:  13.22s, train err*1e8:  0.4356 (best*1e8:  0.4335/ 0.0727)
>> epoch [ 637/3000], runtime:  13.26s, train err*1e8:  0.4540 (best*1e8:  0.4335/ 0.0727)
>> epoch [ 638/3000], runtime: 13.18s, train err *1e8: 0.4224, valid err*1e8: 0.0684 , test err*1e8: 0.0717
>> epoch [ 639/3000], runtime:  13.25s, train err*1e8:  0.4035 (best*1e8:  0.4224/ 0.0684)
>> epoch [ 640/3000], runtime:  13.20s, train err*1e8:  0.5487 (best*1e8:  0.4224/ 0.0684)
>> epoch [ 641/3000], runtime:  13.09s, train err*1e8:  0.4605 (best*1e8:  0.4224/ 0.0684)
>> epoch [ 642/3000], runtime:  13.21s, train err*1e8:  0.4445 (best*1e8:  0.4224/ 0.0684)
>> epoch [ 643/3000], runtime:  13.15s, train err*1e8:  0.4716 (best*1e8:  0.4224/ 0.0684)
>> epoch [ 644/3000], runtime:  13.16s, train err*1e8:  0.4288 (best*1e8:  0.4224/ 0.0684)
>> epoch [ 645/3000], runtime:  13.22s, train err*1e8:  0.7201 (best*1e8:  0.4224/ 0.0684)
>> epoch [ 646/3000], runtime:  13.18s, train err*1e8:  1.0978 (best*1e8:  0.4224/ 0.0684)
>> epoch [ 647/3000], runtime:  13.15s, train err*1e8:  0.8439 (best*1e8:  0.4224/ 0.0684)
>> epoch [ 648/3000], runtime:  13.18s, train err*1e8:  0.5118 (best*1e8:  0.4224/ 0.0684)
>> epoch [ 649/3000], runtime:  13.20s, train err*1e8:  0.4740 (best*1e8:  0.4224/ 0.0684)
>> epoch [ 650/3000], runtime:  13.17s, train err*1e8:  0.4178 (best*1e8:  0.4224/ 0.0684)
>> epoch [ 651/3000], runtime: 13.22s, train err *1e8: 0.4002, valid err*1e8: 0.0679 , test err*1e8: 0.0721
>> epoch [ 652/3000], runtime:  13.23s, train err*1e8:  0.4126 (best*1e8:  0.4002/ 0.0679)
>> epoch [ 653/3000], runtime:  13.23s, train err*1e8:  0.5011 (best*1e8:  0.4002/ 0.0679)
>> epoch [ 654/3000], runtime:  13.19s, train err*1e8:  0.5290 (best*1e8:  0.4002/ 0.0679)
>> epoch [ 655/3000], runtime:  13.11s, train err*1e8:  0.4837 (best*1e8:  0.4002/ 0.0679)
>> epoch [ 656/3000], runtime:  13.19s, train err*1e8:  0.3996 (best*1e8:  0.4002/ 0.0679)
>> epoch [ 657/3000], runtime: 13.20s, train err *1e8: 0.3928, valid err*1e8: 0.0672 , test err*1e8: 0.0701
>> epoch [ 658/3000], runtime:  13.21s, train err*1e8:  0.4013 (best*1e8:  0.3928/ 0.0672)
>> epoch [ 659/3000], runtime:  13.21s, train err*1e8:  0.3961 (best*1e8:  0.3928/ 0.0672)
>> epoch [ 660/3000], runtime:  13.22s, train err*1e8:  0.3893 (best*1e8:  0.3928/ 0.0672)
>> epoch [ 661/3000], runtime:  13.20s, train err*1e8:  0.4042 (best*1e8:  0.3928/ 0.0672)
>> epoch [ 662/3000], runtime:  13.22s, train err*1e8:  0.4298 (best*1e8:  0.3928/ 0.0672)
>> epoch [ 663/3000], runtime:  13.20s, train err*1e8:  0.3897 (best*1e8:  0.3928/ 0.0672)
>> epoch [ 664/3000], runtime:  13.22s, train err*1e8:  0.4073 (best*1e8:  0.3928/ 0.0672)
>> epoch [ 665/3000], runtime:  13.19s, train err*1e8:  0.4521 (best*1e8:  0.3928/ 0.0672)
>> epoch [ 666/3000], runtime:  13.21s, train err*1e8:  0.4193 (best*1e8:  0.3928/ 0.0672)
>> epoch [ 667/3000], runtime:  13.22s, train err*1e8:  0.4187 (best*1e8:  0.3928/ 0.0672)
>> epoch [ 668/3000], runtime:  13.22s, train err*1e8:  0.4054 (best*1e8:  0.3928/ 0.0672)
>> epoch [ 669/3000], runtime:  13.12s, train err*1e8:  0.5097 (best*1e8:  0.3928/ 0.0672)
>> epoch [ 670/3000], runtime:  13.20s, train err*1e8:  0.9515 (best*1e8:  0.3928/ 0.0672)
>> epoch [ 671/3000], runtime:  13.20s, train err*1e8:  0.8586 (best*1e8:  0.3928/ 0.0672)
>> epoch [ 672/3000], runtime:  13.18s, train err*1e8:  0.4756 (best*1e8:  0.3928/ 0.0672)
>> epoch [ 673/3000], runtime:  13.22s, train err*1e8:  0.3865 (best*1e8:  0.3928/ 0.0672)
>> epoch [ 674/3000], runtime:  13.22s, train err*1e8:  0.3750 (best*1e8:  0.3928/ 0.0672)
>> epoch [ 675/3000], runtime:  13.25s, train err*1e8:  0.4156 (best*1e8:  0.3928/ 0.0672)
>> epoch [ 676/3000], runtime:  13.21s, train err*1e8:  0.4334 (best*1e8:  0.3928/ 0.0672)
>> epoch [ 677/3000], runtime:  13.12s, train err*1e8:  0.3744 (best*1e8:  0.3928/ 0.0672)
>> epoch [ 678/3000], runtime:  13.11s, train err*1e8:  0.3659 (best*1e8:  0.3928/ 0.0672)
>> epoch [ 679/3000], runtime: 13.22s, train err *1e8: 0.3725, valid err*1e8: 0.0652 , test err*1e8: 0.0702
>> epoch [ 680/3000], runtime:  13.18s, train err*1e8:  0.3730 (best*1e8:  0.3725/ 0.0652)
>> epoch [ 681/3000], runtime:  13.23s, train err*1e8:  0.4008 (best*1e8:  0.3725/ 0.0652)
>> epoch [ 682/3000], runtime:  13.20s, train err*1e8:  0.4042 (best*1e8:  0.3725/ 0.0652)
>> epoch [ 683/3000], runtime:  13.22s, train err*1e8:  0.3834 (best*1e8:  0.3725/ 0.0652)
>> epoch [ 684/3000], runtime:  13.10s, train err*1e8:  0.3765 (best*1e8:  0.3725/ 0.0652)
>> epoch [ 685/3000], runtime:  13.22s, train err*1e8:  0.3682 (best*1e8:  0.3725/ 0.0652)
>> epoch [ 686/3000], runtime:  13.21s, train err*1e8:  0.3755 (best*1e8:  0.3725/ 0.0652)
>> epoch [ 687/3000], runtime:  13.08s, train err*1e8:  0.3966 (best*1e8:  0.3725/ 0.0652)
>> epoch [ 688/3000], runtime:  13.20s, train err*1e8:  0.4324 (best*1e8:  0.3725/ 0.0652)
>> epoch [ 689/3000], runtime:  13.12s, train err*1e8:  0.3902 (best*1e8:  0.3725/ 0.0652)
>> epoch [ 690/3000], runtime: 13.22s, train err *1e8: 0.3718, valid err*1e8: 0.0618 , test err*1e8: 0.0685
>> epoch [ 691/3000], runtime:  13.18s, train err*1e8:  0.3771 (best*1e8:  0.3718/ 0.0618)
>> epoch [ 692/3000], runtime: 13.10s, train err *1e8: 0.3655, valid err*1e8: 0.0609 , test err*1e8: 0.0708
>> epoch [ 693/3000], runtime:  13.20s, train err*1e8:  0.3778 (best*1e8:  0.3655/ 0.0609)
>> epoch [ 694/3000], runtime:  13.18s, train err*1e8:  0.3843 (best*1e8:  0.3655/ 0.0609)
>> epoch [ 695/3000], runtime:  13.14s, train err*1e8:  0.4028 (best*1e8:  0.3655/ 0.0609)
>> epoch [ 696/3000], runtime:  13.23s, train err*1e8:  0.3719 (best*1e8:  0.3655/ 0.0609)
>> epoch [ 697/3000], runtime:  13.23s, train err*1e8:  0.3578 (best*1e8:  0.3655/ 0.0609)
>> epoch [ 698/3000], runtime:  13.11s, train err*1e8:  0.4049 (best*1e8:  0.3655/ 0.0609)
>> epoch [ 699/3000], runtime:  13.19s, train err*1e8:  0.5590 (best*1e8:  0.3655/ 0.0609)
>> epoch [ 700/3000], runtime:  13.19s, train err*1e8:  1.0976 (best*1e8:  0.3655/ 0.0609)
>> epoch [ 701/3000], runtime:  13.19s, train err*1e8:  1.1473 (best*1e8:  0.3655/ 0.0609)
>> epoch [ 702/3000], runtime:  13.20s, train err*1e8:  0.4277 (best*1e8:  0.3655/ 0.0609)
>> epoch [ 703/3000], runtime:  13.22s, train err*1e8:  0.3562 (best*1e8:  0.3655/ 0.0609)
>> epoch [ 704/3000], runtime:  13.18s, train err*1e8:  0.3496 (best*1e8:  0.3655/ 0.0609)
>> epoch [ 705/3000], runtime: 13.24s, train err *1e8: 0.3377, valid err*1e8: 0.0587 , test err*1e8: 0.0643
>> epoch [ 706/3000], runtime:  13.19s, train err*1e8:  0.3449 (best*1e8:  0.3377/ 0.0587)
>> epoch [ 707/3000], runtime:  13.20s, train err*1e8:  0.3524 (best*1e8:  0.3377/ 0.0587)
>> epoch [ 708/3000], runtime:  13.12s, train err*1e8:  0.3465 (best*1e8:  0.3377/ 0.0587)
>> epoch [ 709/3000], runtime:  13.22s, train err*1e8:  0.3560 (best*1e8:  0.3377/ 0.0587)
>> epoch [ 710/3000], runtime:  13.17s, train err*1e8:  0.3856 (best*1e8:  0.3377/ 0.0587)
>> epoch [ 711/3000], runtime:  13.17s, train err*1e8:  0.5117 (best*1e8:  0.3377/ 0.0587)
>> epoch [ 712/3000], runtime:  13.19s, train err*1e8:  0.4210 (best*1e8:  0.3377/ 0.0587)
>> epoch [ 713/3000], runtime:  13.24s, train err*1e8:  0.5314 (best*1e8:  0.3377/ 0.0587)
>> epoch [ 714/3000], runtime:  13.21s, train err*1e8:  0.3901 (best*1e8:  0.3377/ 0.0587)
>> epoch [ 715/3000], runtime:  13.20s, train err*1e8:  0.4275 (best*1e8:  0.3377/ 0.0587)
>> epoch [ 716/3000], runtime:  13.18s, train err*1e8:  0.4379 (best*1e8:  0.3377/ 0.0587)
>> epoch [ 717/3000], runtime:  13.25s, train err*1e8:  0.3747 (best*1e8:  0.3377/ 0.0587)
>> epoch [ 718/3000], runtime:  13.17s, train err*1e8:  0.3511 (best*1e8:  0.3377/ 0.0587)
>> epoch [ 719/3000], runtime:  13.20s, train err*1e8:  0.3558 (best*1e8:  0.3377/ 0.0587)
>> epoch [ 720/3000], runtime:  13.23s, train err*1e8:  0.3685 (best*1e8:  0.3377/ 0.0587)
>> epoch [ 721/3000], runtime:  13.22s, train err*1e8:  0.3495 (best*1e8:  0.3377/ 0.0587)
>> epoch [ 722/3000], runtime: 13.21s, train err *1e8: 0.3275, valid err*1e8: 0.0582 , test err*1e8: 0.0632
>> epoch [ 723/3000], runtime:  13.10s, train err*1e8:  0.3317 (best*1e8:  0.3275/ 0.0582)
>> epoch [ 724/3000], runtime:  13.22s, train err*1e8:  0.3296 (best*1e8:  0.3275/ 0.0582)
>> epoch [ 725/3000], runtime:  13.21s, train err*1e8:  0.3407 (best*1e8:  0.3275/ 0.0582)
>> epoch [ 726/3000], runtime:  13.22s, train err*1e8:  0.3356 (best*1e8:  0.3275/ 0.0582)
>> epoch [ 727/3000], runtime:  13.19s, train err*1e8:  0.3380 (best*1e8:  0.3275/ 0.0582)
>> epoch [ 728/3000], runtime:  13.21s, train err*1e8:  0.3446 (best*1e8:  0.3275/ 0.0582)
>> epoch [ 729/3000], runtime:  13.23s, train err*1e8:  0.4043 (best*1e8:  0.3275/ 0.0582)
>> epoch [ 730/3000], runtime:  13.18s, train err*1e8:  0.3803 (best*1e8:  0.3275/ 0.0582)
>> epoch [ 731/3000], runtime:  13.24s, train err*1e8:  0.3519 (best*1e8:  0.3275/ 0.0582)
>> epoch [ 732/3000], runtime:  13.16s, train err*1e8:  0.3806 (best*1e8:  0.3275/ 0.0582)
>> epoch [ 733/3000], runtime:  13.21s, train err*1e8:  0.3874 (best*1e8:  0.3275/ 0.0582)
>> epoch [ 734/3000], runtime:  13.22s, train err*1e8:  0.5280 (best*1e8:  0.3275/ 0.0582)
>> epoch [ 735/3000], runtime:  13.23s, train err*1e8:  0.5395 (best*1e8:  0.3275/ 0.0582)
>> epoch [ 736/3000], runtime:  13.16s, train err*1e8:  0.5262 (best*1e8:  0.3275/ 0.0582)
>> epoch [ 737/3000], runtime:  13.20s, train err*1e8:  0.4064 (best*1e8:  0.3275/ 0.0582)
>> epoch [ 738/3000], runtime:  13.21s, train err*1e8:  0.3604 (best*1e8:  0.3275/ 0.0582)
>> epoch [ 739/3000], runtime:  13.19s, train err*1e8:  0.3946 (best*1e8:  0.3275/ 0.0582)
>> epoch [ 740/3000], runtime:  13.17s, train err*1e8:  0.3941 (best*1e8:  0.3275/ 0.0582)
>> epoch [ 741/3000], runtime:  13.12s, train err*1e8:  0.3758 (best*1e8:  0.3275/ 0.0582)
>> epoch [ 742/3000], runtime:  13.19s, train err*1e8:  0.3827 (best*1e8:  0.3275/ 0.0582)
>> epoch [ 743/3000], runtime:  13.20s, train err*1e8:  0.3634 (best*1e8:  0.3275/ 0.0582)
>> epoch [ 744/3000], runtime:  13.18s, train err*1e8:  0.3320 (best*1e8:  0.3275/ 0.0582)
>> epoch [ 745/3000], runtime: 13.22s, train err *1e8: 0.3222, valid err*1e8: 0.0549 , test err*1e8: 0.0611
>> epoch [ 746/3000], runtime:  13.18s, train err*1e8:  0.3303 (best*1e8:  0.3222/ 0.0549)
>> epoch [ 747/3000], runtime:  13.18s, train err*1e8:  0.3348 (best*1e8:  0.3222/ 0.0549)
>> epoch [ 748/3000], runtime: 13.19s, train err *1e8: 0.3129, valid err*1e8: 0.0541 , test err*1e8: 0.0617
>> epoch [ 749/3000], runtime:  13.16s, train err*1e8:  0.3760 (best*1e8:  0.3129/ 0.0541)
>> epoch [ 750/3000], runtime:  13.24s, train err*1e8:  0.4009 (best*1e8:  0.3129/ 0.0541)
>> epoch [ 751/3000], runtime:  13.20s, train err*1e8:  0.3283 (best*1e8:  0.3129/ 0.0541)
>> epoch [ 752/3000], runtime:  13.11s, train err*1e8:  0.3343 (best*1e8:  0.3129/ 0.0541)
>> epoch [ 753/3000], runtime:  13.19s, train err*1e8:  0.3188 (best*1e8:  0.3129/ 0.0541)
>> epoch [ 754/3000], runtime:  13.20s, train err*1e8:  0.3153 (best*1e8:  0.3129/ 0.0541)
>> epoch [ 755/3000], runtime:  13.22s, train err*1e8:  0.3149 (best*1e8:  0.3129/ 0.0541)
>> epoch [ 756/3000], runtime:  13.13s, train err*1e8:  0.3220 (best*1e8:  0.3129/ 0.0541)
>> epoch [ 757/3000], runtime:  13.23s, train err*1e8:  0.3195 (best*1e8:  0.3129/ 0.0541)
>> epoch [ 758/3000], runtime:  13.11s, train err*1e8:  0.3166 (best*1e8:  0.3129/ 0.0541)
>> epoch [ 759/3000], runtime:  13.21s, train err*1e8:  0.3486 (best*1e8:  0.3129/ 0.0541)
>> epoch [ 760/3000], runtime:  13.19s, train err*1e8:  0.3350 (best*1e8:  0.3129/ 0.0541)
>> epoch [ 761/3000], runtime:  13.17s, train err*1e8:  0.3413 (best*1e8:  0.3129/ 0.0541)
>> epoch [ 762/3000], runtime:  13.17s, train err*1e8:  0.3421 (best*1e8:  0.3129/ 0.0541)
>> epoch [ 763/3000], runtime:  13.18s, train err*1e8:  0.3392 (best*1e8:  0.3129/ 0.0541)
>> epoch [ 764/3000], runtime:  13.24s, train err*1e8:  0.3408 (best*1e8:  0.3129/ 0.0541)
>> epoch [ 765/3000], runtime:  13.22s, train err*1e8:  0.3203 (best*1e8:  0.3129/ 0.0541)
>> epoch [ 766/3000], runtime:  13.17s, train err*1e8:  0.3120 (best*1e8:  0.3129/ 0.0541)
>> epoch [ 767/3000], runtime: 13.20s, train err *1e8: 0.3048, valid err*1e8: 0.0536 , test err*1e8: 0.0612
>> epoch [ 768/3000], runtime: 13.23s, train err *1e8: 0.3039, valid err*1e8: 0.0532 , test err*1e8: 0.0633
>> epoch [ 769/3000], runtime:  13.17s, train err*1e8:  0.3166 (best*1e8:  0.3039/ 0.0532)
>> epoch [ 770/3000], runtime:  13.19s, train err*1e8:  0.3118 (best*1e8:  0.3039/ 0.0532)
>> epoch [ 771/3000], runtime:  13.20s, train err*1e8:  0.3102 (best*1e8:  0.3039/ 0.0532)
>> epoch [ 772/3000], runtime:  13.20s, train err*1e8:  0.3107 (best*1e8:  0.3039/ 0.0532)
>> epoch [ 773/3000], runtime:  13.11s, train err*1e8:  0.3325 (best*1e8:  0.3039/ 0.0532)
>> epoch [ 774/3000], runtime:  13.18s, train err*1e8:  0.3217 (best*1e8:  0.3039/ 0.0532)
>> epoch [ 775/3000], runtime:  13.21s, train err*1e8:  0.3395 (best*1e8:  0.3039/ 0.0532)
>> epoch [ 776/3000], runtime:  13.19s, train err*1e8:  0.3990 (best*1e8:  0.3039/ 0.0532)
>> epoch [ 777/3000], runtime:  13.22s, train err*1e8:  0.4062 (best*1e8:  0.3039/ 0.0532)
>> epoch [ 778/3000], runtime:  13.17s, train err*1e8:  0.3488 (best*1e8:  0.3039/ 0.0532)
>> epoch [ 779/3000], runtime:  13.19s, train err*1e8:  0.3091 (best*1e8:  0.3039/ 0.0532)
>> epoch [ 780/3000], runtime:  13.18s, train err*1e8:  0.3178 (best*1e8:  0.3039/ 0.0532)
>> epoch [ 781/3000], runtime:  13.23s, train err*1e8:  0.3202 (best*1e8:  0.3039/ 0.0532)
>> epoch [ 782/3000], runtime:  13.22s, train err*1e8:  0.3837 (best*1e8:  0.3039/ 0.0532)
>> epoch [ 783/3000], runtime:  13.20s, train err*1e8:  0.3599 (best*1e8:  0.3039/ 0.0532)
>> epoch [ 784/3000], runtime:  13.20s, train err*1e8:  0.3273 (best*1e8:  0.3039/ 0.0532)
>> epoch [ 785/3000], runtime:  13.22s, train err*1e8:  0.3657 (best*1e8:  0.3039/ 0.0532)
>> epoch [ 786/3000], runtime:  13.10s, train err*1e8:  0.3092 (best*1e8:  0.3039/ 0.0532)
>> epoch [ 787/3000], runtime:  13.12s, train err*1e8:  0.3127 (best*1e8:  0.3039/ 0.0532)
>> epoch [ 788/3000], runtime:  13.22s, train err*1e8:  0.3215 (best*1e8:  0.3039/ 0.0532)
>> epoch [ 789/3000], runtime:  13.20s, train err*1e8:  0.3809 (best*1e8:  0.3039/ 0.0532)
>> epoch [ 790/3000], runtime:  13.17s, train err*1e8:  0.3112 (best*1e8:  0.3039/ 0.0532)
>> epoch [ 791/3000], runtime:  13.21s, train err*1e8:  0.3007 (best*1e8:  0.3039/ 0.0532)
>> epoch [ 792/3000], runtime:  13.24s, train err*1e8:  0.3093 (best*1e8:  0.3039/ 0.0532)
>> epoch [ 793/3000], runtime:  13.17s, train err*1e8:  0.3099 (best*1e8:  0.3039/ 0.0532)
>> epoch [ 794/3000], runtime:  13.13s, train err*1e8:  0.3097 (best*1e8:  0.3039/ 0.0532)
>> epoch [ 795/3000], runtime:  13.22s, train err*1e8:  0.3054 (best*1e8:  0.3039/ 0.0532)
>> epoch [ 796/3000], runtime: 13.18s, train err *1e8: 0.2972, valid err*1e8: 0.0527 , test err*1e8: 0.0586
>> epoch [ 797/3000], runtime:  13.18s, train err*1e8:  0.3324 (best*1e8:  0.2972/ 0.0527)
>> epoch [ 798/3000], runtime:  13.19s, train err*1e8:  0.3379 (best*1e8:  0.2972/ 0.0527)
>> epoch [ 799/3000], runtime:  13.19s, train err*1e8:  0.3461 (best*1e8:  0.2972/ 0.0527)
>> epoch [ 800/3000], runtime:  13.20s, train err*1e8:  0.3180 (best*1e8:  0.2972/ 0.0527)
>> epoch [ 801/3000], runtime:  13.11s, train err*1e8:  0.3214 (best*1e8:  0.2972/ 0.0527)
>> epoch [ 802/3000], runtime:  13.16s, train err*1e8:  0.3113 (best*1e8:  0.2972/ 0.0527)
>> epoch [ 803/3000], runtime:  13.19s, train err*1e8:  0.3065 (best*1e8:  0.2972/ 0.0527)
>> epoch [ 804/3000], runtime:  13.17s, train err*1e8:  0.3005 (best*1e8:  0.2972/ 0.0527)
>> epoch [ 805/3000], runtime:  13.21s, train err*1e8:  0.3258 (best*1e8:  0.2972/ 0.0527)
>> epoch [ 806/3000], runtime:  13.22s, train err*1e8:  0.3452 (best*1e8:  0.2972/ 0.0527)
>> epoch [ 807/3000], runtime:  13.23s, train err*1e8:  0.3086 (best*1e8:  0.2972/ 0.0527)
>> epoch [ 808/3000], runtime: 13.19s, train err *1e8: 0.2921, valid err*1e8: 0.0517 , test err*1e8: 0.0603
>> epoch [ 809/3000], runtime:  13.21s, train err*1e8:  0.2932 (best*1e8:  0.2921/ 0.0517)
>> epoch [ 810/3000], runtime:  13.24s, train err*1e8:  0.3286 (best*1e8:  0.2921/ 0.0517)
>> epoch [ 811/3000], runtime:  13.17s, train err*1e8:  0.3114 (best*1e8:  0.2921/ 0.0517)
>> epoch [ 812/3000], runtime:  13.17s, train err*1e8:  0.3007 (best*1e8:  0.2921/ 0.0517)
>> epoch [ 813/3000], runtime:  13.13s, train err*1e8:  0.3004 (best*1e8:  0.2921/ 0.0517)
>> epoch [ 814/3000], runtime: 13.21s, train err *1e8: 0.2899, valid err*1e8: 0.0496 , test err*1e8: 0.0577
>> epoch [ 815/3000], runtime:  13.18s, train err*1e8:  0.2937 (best*1e8:  0.2899/ 0.0496)
>> epoch [ 816/3000], runtime:  13.20s, train err*1e8:  0.2891 (best*1e8:  0.2899/ 0.0496)
>> epoch [ 817/3000], runtime:  13.22s, train err*1e8:  0.2895 (best*1e8:  0.2899/ 0.0496)
>> epoch [ 818/3000], runtime:  13.18s, train err*1e8:  0.3041 (best*1e8:  0.2899/ 0.0496)
>> epoch [ 819/3000], runtime:  13.17s, train err*1e8:  0.3104 (best*1e8:  0.2899/ 0.0496)
>> epoch [ 820/3000], runtime:  13.21s, train err*1e8:  0.2963 (best*1e8:  0.2899/ 0.0496)
>> epoch [ 821/3000], runtime:  13.18s, train err*1e8:  0.3286 (best*1e8:  0.2899/ 0.0496)
>> epoch [ 822/3000], runtime:  13.19s, train err*1e8:  0.3176 (best*1e8:  0.2899/ 0.0496)
>> epoch [ 823/3000], runtime:  13.20s, train err*1e8:  0.3010 (best*1e8:  0.2899/ 0.0496)
>> epoch [ 824/3000], runtime:  13.18s, train err*1e8:  0.2925 (best*1e8:  0.2899/ 0.0496)
>> epoch [ 825/3000], runtime:  13.18s, train err*1e8:  0.3234 (best*1e8:  0.2899/ 0.0496)
>> epoch [ 826/3000], runtime:  13.22s, train err*1e8:  0.2869 (best*1e8:  0.2899/ 0.0496)
>> epoch [ 827/3000], runtime:  13.21s, train err*1e8:  0.3044 (best*1e8:  0.2899/ 0.0496)
>> epoch [ 828/3000], runtime:  13.18s, train err*1e8:  0.2888 (best*1e8:  0.2899/ 0.0496)
>> epoch [ 829/3000], runtime:  13.21s, train err*1e8:  0.3047 (best*1e8:  0.2899/ 0.0496)
>> epoch [ 830/3000], runtime:  13.20s, train err*1e8:  0.3346 (best*1e8:  0.2899/ 0.0496)
>> epoch [ 831/3000], runtime:  13.24s, train err*1e8:  0.3231 (best*1e8:  0.2899/ 0.0496)
>> epoch [ 832/3000], runtime:  13.20s, train err*1e8:  0.3526 (best*1e8:  0.2899/ 0.0496)
>> epoch [ 833/3000], runtime:  13.21s, train err*1e8:  0.3447 (best*1e8:  0.2899/ 0.0496)
>> epoch [ 834/3000], runtime:  13.26s, train err*1e8:  0.3297 (best*1e8:  0.2899/ 0.0496)
>> epoch [ 835/3000], runtime:  13.22s, train err*1e8:  0.3679 (best*1e8:  0.2899/ 0.0496)
>> epoch [ 836/3000], runtime:  13.18s, train err*1e8:  0.3226 (best*1e8:  0.2899/ 0.0496)
>> epoch [ 837/3000], runtime: 13.19s, train err *1e8: 0.2844, valid err*1e8: 0.0489 , test err*1e8: 0.0589
>> epoch [ 838/3000], runtime:  13.23s, train err*1e8:  0.2769 (best*1e8:  0.2844/ 0.0489)
>> epoch [ 839/3000], runtime: 13.18s, train err *1e8: 0.2808, valid err*1e8: 0.0489 , test err*1e8: 0.0589
>> epoch [ 840/3000], runtime:  13.22s, train err*1e8:  0.2733 (best*1e8:  0.2808/ 0.0489)
>> epoch [ 841/3000], runtime:  13.23s, train err*1e8:  0.2726 (best*1e8:  0.2808/ 0.0489)
>> epoch [ 842/3000], runtime:  13.19s, train err*1e8:  0.2842 (best*1e8:  0.2808/ 0.0489)
>> epoch [ 843/3000], runtime:  13.19s, train err*1e8:  0.2921 (best*1e8:  0.2808/ 0.0489)
>> epoch [ 844/3000], runtime:  13.18s, train err*1e8:  0.2792 (best*1e8:  0.2808/ 0.0489)
>> epoch [ 845/3000], runtime:  13.18s, train err*1e8:  0.2784 (best*1e8:  0.2808/ 0.0489)
>> epoch [ 846/3000], runtime:  13.22s, train err*1e8:  0.3000 (best*1e8:  0.2808/ 0.0489)
>> epoch [ 847/3000], runtime:  13.19s, train err*1e8:  0.3171 (best*1e8:  0.2808/ 0.0489)
>> epoch [ 848/3000], runtime: 13.18s, train err *1e8: 0.2714, valid err*1e8: 0.0480 , test err*1e8: 0.0563
>> epoch [ 849/3000], runtime:  13.24s, train err*1e8:  0.2738 (best*1e8:  0.2714/ 0.0480)
>> epoch [ 850/3000], runtime:  13.15s, train err*1e8:  0.2777 (best*1e8:  0.2714/ 0.0480)
>> epoch [ 851/3000], runtime:  13.18s, train err*1e8:  0.2707 (best*1e8:  0.2714/ 0.0480)
>> epoch [ 852/3000], runtime:  13.26s, train err*1e8:  0.2828 (best*1e8:  0.2714/ 0.0480)
>> epoch [ 853/3000], runtime:  13.21s, train err*1e8:  0.2725 (best*1e8:  0.2714/ 0.0480)
>> epoch [ 854/3000], runtime:  13.19s, train err*1e8:  0.2725 (best*1e8:  0.2714/ 0.0480)
>> epoch [ 855/3000], runtime:  13.20s, train err*1e8:  0.2761 (best*1e8:  0.2714/ 0.0480)
>> epoch [ 856/3000], runtime:  13.19s, train err*1e8:  0.2813 (best*1e8:  0.2714/ 0.0480)
>> epoch [ 857/3000], runtime:  13.23s, train err*1e8:  0.2801 (best*1e8:  0.2714/ 0.0480)
>> epoch [ 858/3000], runtime:  13.14s, train err*1e8:  0.2719 (best*1e8:  0.2714/ 0.0480)
>> epoch [ 859/3000], runtime: 13.23s, train err *1e8: 0.2696, valid err*1e8: 0.0470 , test err*1e8: 0.0565
>> epoch [ 860/3000], runtime:  13.18s, train err*1e8:  0.2905 (best*1e8:  0.2696/ 0.0470)
>> epoch [ 861/3000], runtime:  13.22s, train err*1e8:  0.2847 (best*1e8:  0.2696/ 0.0470)
>> epoch [ 862/3000], runtime:  13.27s, train err*1e8:  0.3091 (best*1e8:  0.2696/ 0.0470)
>> epoch [ 863/3000], runtime: 13.20s, train err *1e8: 0.2659, valid err*1e8: 0.0469 , test err*1e8: 0.0557
>> epoch [ 864/3000], runtime:  13.24s, train err*1e8:  0.2676 (best*1e8:  0.2659/ 0.0469)
>> epoch [ 865/3000], runtime:  13.19s, train err*1e8:  0.2746 (best*1e8:  0.2659/ 0.0469)
>> epoch [ 866/3000], runtime:  13.23s, train err*1e8:  0.2647 (best*1e8:  0.2659/ 0.0469)
>> epoch [ 867/3000], runtime:  13.22s, train err*1e8:  0.2687 (best*1e8:  0.2659/ 0.0469)
>> epoch [ 868/3000], runtime:  13.22s, train err*1e8:  0.2796 (best*1e8:  0.2659/ 0.0469)
>> epoch [ 869/3000], runtime:  13.19s, train err*1e8:  0.3302 (best*1e8:  0.2659/ 0.0469)
>> epoch [ 870/3000], runtime:  13.19s, train err*1e8:  0.2913 (best*1e8:  0.2659/ 0.0469)
>> epoch [ 871/3000], runtime:  13.21s, train err*1e8:  0.2817 (best*1e8:  0.2659/ 0.0469)
>> epoch [ 872/3000], runtime:  13.21s, train err*1e8:  0.2670 (best*1e8:  0.2659/ 0.0469)
>> epoch [ 873/3000], runtime:  13.19s, train err*1e8:  0.2623 (best*1e8:  0.2659/ 0.0469)
>> epoch [ 874/3000], runtime: 13.18s, train err *1e8: 0.2636, valid err*1e8: 0.0464 , test err*1e8: 0.0547
>> epoch [ 875/3000], runtime:  13.21s, train err*1e8:  0.2629 (best*1e8:  0.2636/ 0.0464)
>> epoch [ 876/3000], runtime:  13.13s, train err*1e8:  0.2669 (best*1e8:  0.2636/ 0.0464)
>> epoch [ 877/3000], runtime:  13.18s, train err*1e8:  0.2662 (best*1e8:  0.2636/ 0.0464)
>> epoch [ 878/3000], runtime:  13.19s, train err*1e8:  0.2655 (best*1e8:  0.2636/ 0.0464)
>> epoch [ 879/3000], runtime:  13.19s, train err*1e8:  0.2726 (best*1e8:  0.2636/ 0.0464)
>> epoch [ 880/3000], runtime:  13.21s, train err*1e8:  0.2680 (best*1e8:  0.2636/ 0.0464)
>> epoch [ 881/3000], runtime: 13.21s, train err *1e8: 0.2628, valid err*1e8: 0.0452 , test err*1e8: 0.0522
>> epoch [ 882/3000], runtime: 13.19s, train err *1e8: 0.2620, valid err*1e8: 0.0450 , test err*1e8: 0.0534
>> epoch [ 883/3000], runtime:  13.19s, train err*1e8:  0.2607 (best*1e8:  0.2620/ 0.0450)
>> epoch [ 884/3000], runtime:  13.24s, train err*1e8:  0.2598 (best*1e8:  0.2620/ 0.0450)
>> epoch [ 885/3000], runtime:  13.19s, train err*1e8:  0.2617 (best*1e8:  0.2620/ 0.0450)
>> epoch [ 886/3000], runtime:  13.12s, train err*1e8:  0.2713 (best*1e8:  0.2620/ 0.0450)
>> epoch [ 887/3000], runtime:  13.13s, train err*1e8:  0.2603 (best*1e8:  0.2620/ 0.0450)
>> epoch [ 888/3000], runtime:  13.19s, train err*1e8:  0.2619 (best*1e8:  0.2620/ 0.0450)
>> epoch [ 889/3000], runtime: 13.19s, train err *1e8: 0.2592, valid err*1e8: 0.0436 , test err*1e8: 0.0516
>> epoch [ 890/3000], runtime:  13.22s, train err*1e8:  0.2576 (best*1e8:  0.2592/ 0.0436)
>> epoch [ 891/3000], runtime:  13.22s, train err*1e8:  0.2678 (best*1e8:  0.2592/ 0.0436)
>> epoch [ 892/3000], runtime:  13.19s, train err*1e8:  0.2614 (best*1e8:  0.2592/ 0.0436)
>> epoch [ 893/3000], runtime:  13.21s, train err*1e8:  0.2586 (best*1e8:  0.2592/ 0.0436)
>> epoch [ 894/3000], runtime:  13.20s, train err*1e8:  0.2616 (best*1e8:  0.2592/ 0.0436)
>> epoch [ 895/3000], runtime:  13.23s, train err*1e8:  0.2580 (best*1e8:  0.2592/ 0.0436)
>> epoch [ 896/3000], runtime:  13.23s, train err*1e8:  0.2632 (best*1e8:  0.2592/ 0.0436)
>> epoch [ 897/3000], runtime:  13.14s, train err*1e8:  0.2650 (best*1e8:  0.2592/ 0.0436)
>> epoch [ 898/3000], runtime: 13.12s, train err *1e8: 0.2548, valid err*1e8: 0.0434 , test err*1e8: 0.0515
>> epoch [ 899/3000], runtime:  13.13s, train err*1e8:  0.2613 (best*1e8:  0.2548/ 0.0434)
>> epoch [ 900/3000], runtime:  13.12s, train err*1e8:  0.2752 (best*1e8:  0.2548/ 0.0434)
>> epoch [ 901/3000], runtime:  13.20s, train err*1e8:  0.2611 (best*1e8:  0.2548/ 0.0434)
>> epoch [ 902/3000], runtime:  13.18s, train err*1e8:  0.2584 (best*1e8:  0.2548/ 0.0434)
>> epoch [ 903/3000], runtime:  13.13s, train err*1e8:  0.2779 (best*1e8:  0.2548/ 0.0434)
>> epoch [ 904/3000], runtime:  13.15s, train err*1e8:  0.2624 (best*1e8:  0.2548/ 0.0434)
>> epoch [ 905/3000], runtime:  13.13s, train err*1e8:  0.2728 (best*1e8:  0.2548/ 0.0434)
>> epoch [ 906/3000], runtime:  13.16s, train err*1e8:  0.2547 (best*1e8:  0.2548/ 0.0434)
>> epoch [ 907/3000], runtime:  13.21s, train err*1e8:  0.2776 (best*1e8:  0.2548/ 0.0434)
>> epoch [ 908/3000], runtime:  13.13s, train err*1e8:  0.2599 (best*1e8:  0.2548/ 0.0434)
>> epoch [ 909/3000], runtime:  13.20s, train err*1e8:  0.2727 (best*1e8:  0.2548/ 0.0434)
>> epoch [ 910/3000], runtime:  13.22s, train err*1e8:  0.2558 (best*1e8:  0.2548/ 0.0434)
>> epoch [ 911/3000], runtime: 13.18s, train err *1e8: 0.2514, valid err*1e8: 0.0433 , test err*1e8: 0.0511
>> epoch [ 912/3000], runtime:  13.14s, train err*1e8:  0.2558 (best*1e8:  0.2514/ 0.0433)
>> epoch [ 913/3000], runtime:  13.19s, train err*1e8:  0.2539 (best*1e8:  0.2514/ 0.0433)
>> epoch [ 914/3000], runtime:  13.20s, train err*1e8:  0.2503 (best*1e8:  0.2514/ 0.0433)
>> epoch [ 915/3000], runtime: 13.13s, train err *1e8: 0.2479, valid err*1e8: 0.0432 , test err*1e8: 0.0519
>> epoch [ 916/3000], runtime:  13.23s, train err*1e8:  0.2544 (best*1e8:  0.2479/ 0.0432)
>> epoch [ 917/3000], runtime:  13.20s, train err*1e8:  0.2513 (best*1e8:  0.2479/ 0.0432)
>> epoch [ 918/3000], runtime:  13.22s, train err*1e8:  0.2699 (best*1e8:  0.2479/ 0.0432)
>> epoch [ 919/3000], runtime:  13.21s, train err*1e8:  0.2670 (best*1e8:  0.2479/ 0.0432)
>> epoch [ 920/3000], runtime:  13.22s, train err*1e8:  0.2608 (best*1e8:  0.2479/ 0.0432)
>> epoch [ 921/3000], runtime:  13.20s, train err*1e8:  0.2580 (best*1e8:  0.2479/ 0.0432)
>> epoch [ 922/3000], runtime:  13.15s, train err*1e8:  0.2536 (best*1e8:  0.2479/ 0.0432)
>> epoch [ 923/3000], runtime:  13.21s, train err*1e8:  0.2520 (best*1e8:  0.2479/ 0.0432)
>> epoch [ 924/3000], runtime:  13.12s, train err*1e8:  0.2499 (best*1e8:  0.2479/ 0.0432)
>> epoch [ 925/3000], runtime:  13.18s, train err*1e8:  0.2500 (best*1e8:  0.2479/ 0.0432)
>> epoch [ 926/3000], runtime:  13.16s, train err*1e8:  0.2646 (best*1e8:  0.2479/ 0.0432)
>> epoch [ 927/3000], runtime:  13.21s, train err*1e8:  0.2744 (best*1e8:  0.2479/ 0.0432)
>> epoch [ 928/3000], runtime:  13.11s, train err*1e8:  0.2718 (best*1e8:  0.2479/ 0.0432)
>> epoch [ 929/3000], runtime:  13.15s, train err*1e8:  0.2547 (best*1e8:  0.2479/ 0.0432)
>> epoch [ 930/3000], runtime:  13.18s, train err*1e8:  0.2597 (best*1e8:  0.2479/ 0.0432)
>> epoch [ 931/3000], runtime:  13.18s, train err*1e8:  0.2588 (best*1e8:  0.2479/ 0.0432)
>> epoch [ 932/3000], runtime: 13.20s, train err *1e8: 0.2469, valid err*1e8: 0.0423 , test err*1e8: 0.0513
>> epoch [ 933/3000], runtime:  13.15s, train err*1e8:  0.2463 (best*1e8:  0.2469/ 0.0423)
>> epoch [ 934/3000], runtime:  13.24s, train err*1e8:  0.2512 (best*1e8:  0.2469/ 0.0423)
>> epoch [ 935/3000], runtime:  13.21s, train err*1e8:  0.2568 (best*1e8:  0.2469/ 0.0423)
>> epoch [ 936/3000], runtime:  13.12s, train err*1e8:  0.2665 (best*1e8:  0.2469/ 0.0423)
>> epoch [ 937/3000], runtime: 13.12s, train err *1e8: 0.2467, valid err*1e8: 0.0423 , test err*1e8: 0.0520
>> epoch [ 938/3000], runtime:  13.17s, train err*1e8:  0.2404 (best*1e8:  0.2467/ 0.0423)
>> epoch [ 939/3000], runtime: 13.17s, train err *1e8: 0.2448, valid err*1e8: 0.0413 , test err*1e8: 0.0515
>> epoch [ 940/3000], runtime:  13.23s, train err*1e8:  0.2526 (best*1e8:  0.2448/ 0.0413)
>> epoch [ 941/3000], runtime:  13.22s, train err*1e8:  0.2469 (best*1e8:  0.2448/ 0.0413)
>> epoch [ 942/3000], runtime:  13.21s, train err*1e8:  0.2546 (best*1e8:  0.2448/ 0.0413)
>> epoch [ 943/3000], runtime:  13.19s, train err*1e8:  0.2502 (best*1e8:  0.2448/ 0.0413)
>> epoch [ 944/3000], runtime:  13.20s, train err*1e8:  0.2421 (best*1e8:  0.2448/ 0.0413)
>> epoch [ 945/3000], runtime:  13.19s, train err*1e8:  0.2472 (best*1e8:  0.2448/ 0.0413)
>> epoch [ 946/3000], runtime:  13.15s, train err*1e8:  0.2476 (best*1e8:  0.2448/ 0.0413)
>> epoch [ 947/3000], runtime:  13.22s, train err*1e8:  0.2789 (best*1e8:  0.2448/ 0.0413)
>> epoch [ 948/3000], runtime:  13.15s, train err*1e8:  0.2455 (best*1e8:  0.2448/ 0.0413)
>> epoch [ 949/3000], runtime:  13.17s, train err*1e8:  0.2395 (best*1e8:  0.2448/ 0.0413)
>> epoch [ 950/3000], runtime:  13.14s, train err*1e8:  0.2407 (best*1e8:  0.2448/ 0.0413)
>> epoch [ 951/3000], runtime:  13.19s, train err*1e8:  0.2413 (best*1e8:  0.2448/ 0.0413)
>> epoch [ 952/3000], runtime:  13.24s, train err*1e8:  0.2445 (best*1e8:  0.2448/ 0.0413)
>> epoch [ 953/3000], runtime:  13.18s, train err*1e8:  0.2503 (best*1e8:  0.2448/ 0.0413)
>> epoch [ 954/3000], runtime:  13.15s, train err*1e8:  0.2508 (best*1e8:  0.2448/ 0.0413)
>> epoch [ 955/3000], runtime:  13.15s, train err*1e8:  0.2722 (best*1e8:  0.2448/ 0.0413)
>> epoch [ 956/3000], runtime:  13.24s, train err*1e8:  0.2428 (best*1e8:  0.2448/ 0.0413)
>> epoch [ 957/3000], runtime:  13.21s, train err*1e8:  0.2379 (best*1e8:  0.2448/ 0.0413)
>> epoch [ 958/3000], runtime:  13.20s, train err*1e8:  0.2431 (best*1e8:  0.2448/ 0.0413)
>> epoch [ 959/3000], runtime:  13.22s, train err*1e8:  0.2385 (best*1e8:  0.2448/ 0.0413)
>> epoch [ 960/3000], runtime: 13.11s, train err *1e8: 0.2394, valid err*1e8: 0.0412 , test err*1e8: 0.0503
>> epoch [ 961/3000], runtime:  13.18s, train err*1e8:  0.2388 (best*1e8:  0.2394/ 0.0412)
>> epoch [ 962/3000], runtime:  13.21s, train err*1e8:  0.2473 (best*1e8:  0.2394/ 0.0412)
>> epoch [ 963/3000], runtime:  13.18s, train err*1e8:  0.3239 (best*1e8:  0.2394/ 0.0412)
>> epoch [ 964/3000], runtime:  13.08s, train err*1e8:  0.2578 (best*1e8:  0.2394/ 0.0412)
>> epoch [ 965/3000], runtime:  13.18s, train err*1e8:  0.2418 (best*1e8:  0.2394/ 0.0412)
>> epoch [ 966/3000], runtime:  13.20s, train err*1e8:  0.2652 (best*1e8:  0.2394/ 0.0412)
>> epoch [ 967/3000], runtime:  13.13s, train err*1e8:  0.2561 (best*1e8:  0.2394/ 0.0412)
>> epoch [ 968/3000], runtime:  13.20s, train err*1e8:  0.2400 (best*1e8:  0.2394/ 0.0412)
>> epoch [ 969/3000], runtime:  13.18s, train err*1e8:  0.2386 (best*1e8:  0.2394/ 0.0412)
>> epoch [ 970/3000], runtime:  13.22s, train err*1e8:  0.2425 (best*1e8:  0.2394/ 0.0412)
>> epoch [ 971/3000], runtime:  13.21s, train err*1e8:  0.2419 (best*1e8:  0.2394/ 0.0412)
>> epoch [ 972/3000], runtime:  13.19s, train err*1e8:  0.2390 (best*1e8:  0.2394/ 0.0412)
>> epoch [ 973/3000], runtime: 13.22s, train err *1e8: 0.2381, valid err*1e8: 0.0409 , test err*1e8: 0.0499
>> epoch [ 974/3000], runtime:  13.19s, train err*1e8:  0.2359 (best*1e8:  0.2381/ 0.0409)
>> epoch [ 975/3000], runtime:  13.20s, train err*1e8:  0.2343 (best*1e8:  0.2381/ 0.0409)
>> epoch [ 976/3000], runtime:  13.17s, train err*1e8:  0.2395 (best*1e8:  0.2381/ 0.0409)
>> epoch [ 977/3000], runtime:  13.22s, train err*1e8:  0.2358 (best*1e8:  0.2381/ 0.0409)
>> epoch [ 978/3000], runtime:  13.22s, train err*1e8:  0.2348 (best*1e8:  0.2381/ 0.0409)
>> epoch [ 979/3000], runtime:  13.19s, train err*1e8:  0.2368 (best*1e8:  0.2381/ 0.0409)
>> epoch [ 980/3000], runtime:  13.23s, train err*1e8:  0.2435 (best*1e8:  0.2381/ 0.0409)
>> epoch [ 981/3000], runtime:  13.22s, train err*1e8:  0.2459 (best*1e8:  0.2381/ 0.0409)
>> epoch [ 982/3000], runtime:  13.19s, train err*1e8:  0.2365 (best*1e8:  0.2381/ 0.0409)
>> epoch [ 983/3000], runtime:  13.23s, train err*1e8:  0.2399 (best*1e8:  0.2381/ 0.0409)
>> epoch [ 984/3000], runtime:  13.18s, train err*1e8:  0.2378 (best*1e8:  0.2381/ 0.0409)
>> epoch [ 985/3000], runtime:  13.23s, train err*1e8:  0.2397 (best*1e8:  0.2381/ 0.0409)
>> epoch [ 986/3000], runtime:  13.20s, train err*1e8:  0.2639 (best*1e8:  0.2381/ 0.0409)
>> epoch [ 987/3000], runtime:  13.19s, train err*1e8:  0.2471 (best*1e8:  0.2381/ 0.0409)
>> epoch [ 988/3000], runtime:  13.14s, train err*1e8:  0.2314 (best*1e8:  0.2381/ 0.0409)
>> epoch [ 989/3000], runtime:  13.20s, train err*1e8:  0.2461 (best*1e8:  0.2381/ 0.0409)
>> epoch [ 990/3000], runtime:  13.20s, train err*1e8:  0.2441 (best*1e8:  0.2381/ 0.0409)
>> epoch [ 991/3000], runtime:  13.20s, train err*1e8:  0.2330 (best*1e8:  0.2381/ 0.0409)
>> epoch [ 992/3000], runtime:  13.18s, train err*1e8:  0.2511 (best*1e8:  0.2381/ 0.0409)
>> epoch [ 993/3000], runtime:  13.21s, train err*1e8:  0.2398 (best*1e8:  0.2381/ 0.0409)
>> epoch [ 994/3000], runtime:  13.23s, train err*1e8:  0.2384 (best*1e8:  0.2381/ 0.0409)
>> epoch [ 995/3000], runtime: 13.28s, train err *1e8: 0.2362, valid err*1e8: 0.0402 , test err*1e8: 0.0486
>> epoch [ 996/3000], runtime:  13.21s, train err*1e8:  0.2339 (best*1e8:  0.2362/ 0.0402)
>> epoch [ 997/3000], runtime:  13.24s, train err*1e8:  0.2406 (best*1e8:  0.2362/ 0.0402)
>> epoch [ 998/3000], runtime:  13.28s, train err*1e8:  0.2511 (best*1e8:  0.2362/ 0.0402)
>> epoch [ 999/3000], runtime:  13.20s, train err*1e8:  0.2365 (best*1e8:  0.2362/ 0.0402)
>> epoch [1000/3000], runtime:  13.25s, train err*1e8:  0.2333 (best*1e8:  0.2362/ 0.0402)
>> epoch [1001/3000], runtime:  13.19s, train err*1e8:  0.2375 (best*1e8:  0.2362/ 0.0402)
>> epoch [1002/3000], runtime: 13.12s, train err *1e8: 0.2289, valid err*1e8: 0.0397 , test err*1e8: 0.0485
>> epoch [1003/3000], runtime:  13.14s, train err*1e8:  0.2277 (best*1e8:  0.2289/ 0.0397)
>> epoch [1004/3000], runtime:  13.21s, train err*1e8:  0.2307 (best*1e8:  0.2289/ 0.0397)
>> epoch [1005/3000], runtime:  13.24s, train err*1e8:  0.2300 (best*1e8:  0.2289/ 0.0397)
>> epoch [1006/3000], runtime:  13.17s, train err*1e8:  0.2423 (best*1e8:  0.2289/ 0.0397)
>> epoch [1007/3000], runtime:  13.08s, train err*1e8:  0.2311 (best*1e8:  0.2289/ 0.0397)
>> epoch [1008/3000], runtime:  13.16s, train err*1e8:  0.2274 (best*1e8:  0.2289/ 0.0397)
>> epoch [1009/3000], runtime:  13.18s, train err*1e8:  0.2306 (best*1e8:  0.2289/ 0.0397)
>> epoch [1010/3000], runtime:  13.19s, train err*1e8:  0.2295 (best*1e8:  0.2289/ 0.0397)
>> epoch [1011/3000], runtime:  13.19s, train err*1e8:  0.2319 (best*1e8:  0.2289/ 0.0397)
>> epoch [1012/3000], runtime:  13.25s, train err*1e8:  0.2242 (best*1e8:  0.2289/ 0.0397)
>> epoch [1013/3000], runtime:  13.20s, train err*1e8:  0.2278 (best*1e8:  0.2289/ 0.0397)
>> epoch [1014/3000], runtime: 13.19s, train err *1e8: 0.2274, valid err*1e8: 0.0396 , test err*1e8: 0.0476
>> epoch [1015/3000], runtime:  13.22s, train err*1e8:  0.2288 (best*1e8:  0.2274/ 0.0396)
>> epoch [1016/3000], runtime:  13.19s, train err*1e8:  0.2290 (best*1e8:  0.2274/ 0.0396)
>> epoch [1017/3000], runtime:  13.24s, train err*1e8:  0.2278 (best*1e8:  0.2274/ 0.0396)
>> epoch [1018/3000], runtime:  13.22s, train err*1e8:  0.2344 (best*1e8:  0.2274/ 0.0396)
>> epoch [1019/3000], runtime:  13.20s, train err*1e8:  0.2282 (best*1e8:  0.2274/ 0.0396)
>> epoch [1020/3000], runtime:  13.14s, train err*1e8:  0.2441 (best*1e8:  0.2274/ 0.0396)
>> epoch [1021/3000], runtime:  13.21s, train err*1e8:  0.2376 (best*1e8:  0.2274/ 0.0396)
>> epoch [1022/3000], runtime:  13.25s, train err*1e8:  0.2298 (best*1e8:  0.2274/ 0.0396)
>> epoch [1023/3000], runtime:  13.23s, train err*1e8:  0.2228 (best*1e8:  0.2274/ 0.0396)
>> epoch [1024/3000], runtime: 13.11s, train err *1e8: 0.2271, valid err*1e8: 0.0392 , test err*1e8: 0.0487
>> epoch [1025/3000], runtime:  13.12s, train err*1e8:  0.2262 (best*1e8:  0.2271/ 0.0392)
>> epoch [1026/3000], runtime:  13.19s, train err*1e8:  0.2296 (best*1e8:  0.2271/ 0.0392)
>> epoch [1027/3000], runtime:  13.17s, train err*1e8:  0.2230 (best*1e8:  0.2271/ 0.0392)
>> epoch [1028/3000], runtime:  13.23s, train err*1e8:  0.2246 (best*1e8:  0.2271/ 0.0392)
>> epoch [1029/3000], runtime:  13.19s, train err*1e8:  0.2342 (best*1e8:  0.2271/ 0.0392)
>> epoch [1030/3000], runtime:  13.18s, train err*1e8:  0.2332 (best*1e8:  0.2271/ 0.0392)
>> epoch [1031/3000], runtime:  13.20s, train err*1e8:  0.2263 (best*1e8:  0.2271/ 0.0392)
>> epoch [1032/3000], runtime:  13.22s, train err*1e8:  0.2291 (best*1e8:  0.2271/ 0.0392)
>> epoch [1033/3000], runtime:  13.20s, train err*1e8:  0.2296 (best*1e8:  0.2271/ 0.0392)
>> epoch [1034/3000], runtime:  13.21s, train err*1e8:  0.2316 (best*1e8:  0.2271/ 0.0392)
>> epoch [1035/3000], runtime:  13.14s, train err*1e8:  0.2276 (best*1e8:  0.2271/ 0.0392)
>> epoch [1036/3000], runtime:  13.11s, train err*1e8:  0.2391 (best*1e8:  0.2271/ 0.0392)
>> epoch [1037/3000], runtime:  13.20s, train err*1e8:  0.2234 (best*1e8:  0.2271/ 0.0392)
>> epoch [1038/3000], runtime:  13.23s, train err*1e8:  0.2302 (best*1e8:  0.2271/ 0.0392)
>> epoch [1039/3000], runtime: 13.16s, train err *1e8: 0.2214, valid err*1e8: 0.0390 , test err*1e8: 0.0486
>> epoch [1040/3000], runtime:  13.23s, train err*1e8:  0.2202 (best*1e8:  0.2214/ 0.0390)
>> epoch [1041/3000], runtime:  13.14s, train err*1e8:  0.2214 (best*1e8:  0.2214/ 0.0390)
>> epoch [1042/3000], runtime:  13.14s, train err*1e8:  0.2198 (best*1e8:  0.2214/ 0.0390)
>> epoch [1043/3000], runtime:  13.21s, train err*1e8:  0.2375 (best*1e8:  0.2214/ 0.0390)
>> epoch [1044/3000], runtime:  13.17s, train err*1e8:  0.2353 (best*1e8:  0.2214/ 0.0390)
>> epoch [1045/3000], runtime:  13.12s, train err*1e8:  0.2340 (best*1e8:  0.2214/ 0.0390)
>> epoch [1046/3000], runtime:  13.22s, train err*1e8:  0.2213 (best*1e8:  0.2214/ 0.0390)
>> epoch [1047/3000], runtime: 13.15s, train err *1e8: 0.2171, valid err*1e8: 0.0384 , test err*1e8: 0.0469
>> epoch [1048/3000], runtime:  13.20s, train err*1e8:  0.2186 (best*1e8:  0.2171/ 0.0384)
>> epoch [1049/3000], runtime:  13.19s, train err*1e8:  0.2237 (best*1e8:  0.2171/ 0.0384)
>> epoch [1050/3000], runtime:  13.12s, train err*1e8:  0.2191 (best*1e8:  0.2171/ 0.0384)
>> epoch [1051/3000], runtime:  13.18s, train err*1e8:  0.2261 (best*1e8:  0.2171/ 0.0384)
>> epoch [1052/3000], runtime:  13.18s, train err*1e8:  0.2215 (best*1e8:  0.2171/ 0.0384)
>> epoch [1053/3000], runtime:  13.12s, train err*1e8:  0.2230 (best*1e8:  0.2171/ 0.0384)
>> epoch [1054/3000], runtime:  13.20s, train err*1e8:  0.2218 (best*1e8:  0.2171/ 0.0384)
>> epoch [1055/3000], runtime:  13.19s, train err*1e8:  0.2270 (best*1e8:  0.2171/ 0.0384)
>> epoch [1056/3000], runtime:  13.16s, train err*1e8:  0.2297 (best*1e8:  0.2171/ 0.0384)
>> epoch [1057/3000], runtime:  13.19s, train err*1e8:  0.2575 (best*1e8:  0.2171/ 0.0384)
>> epoch [1058/3000], runtime:  13.21s, train err*1e8:  0.2386 (best*1e8:  0.2171/ 0.0384)
>> epoch [1059/3000], runtime:  13.17s, train err*1e8:  0.2325 (best*1e8:  0.2171/ 0.0384)
>> epoch [1060/3000], runtime:  13.15s, train err*1e8:  0.2187 (best*1e8:  0.2171/ 0.0384)
>> epoch [1061/3000], runtime:  13.21s, train err*1e8:  0.2239 (best*1e8:  0.2171/ 0.0384)
>> epoch [1062/3000], runtime:  13.22s, train err*1e8:  0.2368 (best*1e8:  0.2171/ 0.0384)
>> epoch [1063/3000], runtime:  13.11s, train err*1e8:  0.2186 (best*1e8:  0.2171/ 0.0384)
>> epoch [1064/3000], runtime:  13.12s, train err*1e8:  0.2147 (best*1e8:  0.2171/ 0.0384)
>> epoch [1065/3000], runtime:  13.21s, train err*1e8:  0.2146 (best*1e8:  0.2171/ 0.0384)
>> epoch [1066/3000], runtime:  13.25s, train err*1e8:  0.2189 (best*1e8:  0.2171/ 0.0384)
>> epoch [1067/3000], runtime:  13.06s, train err*1e8:  0.2174 (best*1e8:  0.2171/ 0.0384)
>> epoch [1068/3000], runtime:  13.22s, train err*1e8:  0.2184 (best*1e8:  0.2171/ 0.0384)
>> epoch [1069/3000], runtime:  13.15s, train err*1e8:  0.2159 (best*1e8:  0.2171/ 0.0384)
>> epoch [1070/3000], runtime:  13.17s, train err*1e8:  0.2204 (best*1e8:  0.2171/ 0.0384)
>> epoch [1071/3000], runtime:  13.11s, train err*1e8:  0.2152 (best*1e8:  0.2171/ 0.0384)
>> epoch [1072/3000], runtime:  13.12s, train err*1e8:  0.2145 (best*1e8:  0.2171/ 0.0384)
>> epoch [1073/3000], runtime:  13.16s, train err*1e8:  0.2187 (best*1e8:  0.2171/ 0.0384)
>> epoch [1074/3000], runtime: 13.18s, train err *1e8: 0.2128, valid err*1e8: 0.0370 , test err*1e8: 0.0468
>> epoch [1075/3000], runtime:  13.17s, train err*1e8:  0.2185 (best*1e8:  0.2128/ 0.0370)
>> epoch [1076/3000], runtime:  13.21s, train err*1e8:  0.2161 (best*1e8:  0.2128/ 0.0370)
>> epoch [1077/3000], runtime:  13.18s, train err*1e8:  0.2204 (best*1e8:  0.2128/ 0.0370)
>> epoch [1078/3000], runtime:  13.21s, train err*1e8:  0.2174 (best*1e8:  0.2128/ 0.0370)
>> epoch [1079/3000], runtime:  13.27s, train err*1e8:  0.2189 (best*1e8:  0.2128/ 0.0370)
>> epoch [1080/3000], runtime:  13.13s, train err*1e8:  0.2155 (best*1e8:  0.2128/ 0.0370)
>> epoch [1081/3000], runtime:  13.14s, train err*1e8:  0.2155 (best*1e8:  0.2128/ 0.0370)
>> epoch [1082/3000], runtime:  13.24s, train err*1e8:  0.2149 (best*1e8:  0.2128/ 0.0370)
>> epoch [1083/3000], runtime:  13.21s, train err*1e8:  0.2134 (best*1e8:  0.2128/ 0.0370)
>> epoch [1084/3000], runtime:  13.20s, train err*1e8:  0.2414 (best*1e8:  0.2128/ 0.0370)
>> epoch [1085/3000], runtime:  14.57s, train err*1e8:  0.2370 (best*1e8:  0.2128/ 0.0370)
>> epoch [1086/3000], runtime:  19.80s, train err*1e8:  0.2291 (best*1e8:  0.2128/ 0.0370)
>> epoch [1087/3000], runtime:  19.82s, train err*1e8:  0.2133 (best*1e8:  0.2128/ 0.0370)
>> epoch [1088/3000], runtime:  19.81s, train err*1e8:  0.2202 (best*1e8:  0.2128/ 0.0370)
>> epoch [1089/3000], runtime:  19.77s, train err*1e8:  0.2150 (best*1e8:  0.2128/ 0.0370)
>> epoch [1090/3000], runtime:  19.81s, train err*1e8:  0.2145 (best*1e8:  0.2128/ 0.0370)
>> epoch [1091/3000], runtime:  19.78s, train err*1e8:  0.2147 (best*1e8:  0.2128/ 0.0370)
>> epoch [1092/3000], runtime:  19.78s, train err*1e8:  0.2133 (best*1e8:  0.2128/ 0.0370)
>> epoch [1093/3000], runtime:  19.69s, train err*1e8:  0.2155 (best*1e8:  0.2128/ 0.0370)
>> epoch [1094/3000], runtime:  19.76s, train err*1e8:  0.2191 (best*1e8:  0.2128/ 0.0370)
>> epoch [1095/3000], runtime:  19.80s, train err*1e8:  0.2102 (best*1e8:  0.2128/ 0.0370)
>> epoch [1096/3000], runtime:  19.79s, train err*1e8:  0.2133 (best*1e8:  0.2128/ 0.0370)
>> epoch [1097/3000], runtime:  19.83s, train err*1e8:  0.2104 (best*1e8:  0.2128/ 0.0370)
>> epoch [1098/3000], runtime:  19.78s, train err*1e8:  0.2165 (best*1e8:  0.2128/ 0.0370)
>> epoch [1099/3000], runtime:  19.87s, train err*1e8:  0.2130 (best*1e8:  0.2128/ 0.0370)
>> epoch [1100/3000], runtime:  19.72s, train err*1e8:  0.2126 (best*1e8:  0.2128/ 0.0370)
>> epoch [1101/3000], runtime:  19.77s, train err*1e8:  0.2100 (best*1e8:  0.2128/ 0.0370)
>> epoch [1102/3000], runtime:  19.69s, train err*1e8:  0.2097 (best*1e8:  0.2128/ 0.0370)
>> epoch [1103/3000], runtime:  19.81s, train err*1e8:  0.2137 (best*1e8:  0.2128/ 0.0370)
>> epoch [1104/3000], runtime:  19.76s, train err*1e8:  0.2145 (best*1e8:  0.2128/ 0.0370)
>> epoch [1105/3000], runtime:  19.83s, train err*1e8:  0.2274 (best*1e8:  0.2128/ 0.0370)
>> epoch [1106/3000], runtime:  19.77s, train err*1e8:  0.2273 (best*1e8:  0.2128/ 0.0370)
>> epoch [1107/3000], runtime:  19.77s, train err*1e8:  0.2100 (best*1e8:  0.2128/ 0.0370)
>> epoch [1108/3000], runtime: 19.80s, train err *1e8: 0.2080, valid err*1e8: 0.0368 , test err*1e8: 0.0466
>> epoch [1109/3000], runtime:  19.74s, train err*1e8:  0.2087 (best*1e8:  0.2080/ 0.0368)
>> epoch [1110/3000], runtime:  19.80s, train err*1e8:  0.2083 (best*1e8:  0.2080/ 0.0368)
>> epoch [1111/3000], runtime: 19.76s, train err *1e8: 0.2064, valid err*1e8: 0.0368 , test err*1e8: 0.0459
>> epoch [1112/3000], runtime:  19.74s, train err*1e8:  0.2080 (best*1e8:  0.2064/ 0.0368)
>> epoch [1113/3000], runtime:  19.73s, train err*1e8:  0.2047 (best*1e8:  0.2064/ 0.0368)
>> epoch [1114/3000], runtime:  19.76s, train err*1e8:  0.2136 (best*1e8:  0.2064/ 0.0368)
>> epoch [1115/3000], runtime:  19.82s, train err*1e8:  0.2121 (best*1e8:  0.2064/ 0.0368)
>> epoch [1116/3000], runtime:  19.83s, train err*1e8:  0.2059 (best*1e8:  0.2064/ 0.0368)
>> epoch [1117/3000], runtime:  19.85s, train err*1e8:  0.2053 (best*1e8:  0.2064/ 0.0368)
>> epoch [1118/3000], runtime:  19.80s, train err*1e8:  0.2071 (best*1e8:  0.2064/ 0.0368)
>> epoch [1119/3000], runtime:  19.80s, train err*1e8:  0.2210 (best*1e8:  0.2064/ 0.0368)
>> epoch [1120/3000], runtime:  19.77s, train err*1e8:  0.2193 (best*1e8:  0.2064/ 0.0368)
>> epoch [1121/3000], runtime:  19.88s, train err*1e8:  0.2392 (best*1e8:  0.2064/ 0.0368)
>> epoch [1122/3000], runtime:  19.81s, train err*1e8:  0.2175 (best*1e8:  0.2064/ 0.0368)
>> epoch [1123/3000], runtime:  19.87s, train err*1e8:  0.2209 (best*1e8:  0.2064/ 0.0368)
>> epoch [1124/3000], runtime:  19.87s, train err*1e8:  0.2155 (best*1e8:  0.2064/ 0.0368)
>> epoch [1125/3000], runtime:  19.74s, train err*1e8:  0.2184 (best*1e8:  0.2064/ 0.0368)
>> epoch [1126/3000], runtime:  19.77s, train err*1e8:  0.2154 (best*1e8:  0.2064/ 0.0368)
>> epoch [1127/3000], runtime:  19.76s, train err*1e8:  0.2123 (best*1e8:  0.2064/ 0.0368)
>> epoch [1128/3000], runtime:  19.85s, train err*1e8:  0.2121 (best*1e8:  0.2064/ 0.0368)
>> epoch [1129/3000], runtime: 19.81s, train err *1e8: 0.2060, valid err*1e8: 0.0367 , test err*1e8: 0.0452
>> epoch [1130/3000], runtime: 19.80s, train err *1e8: 0.2049, valid err*1e8: 0.0363 , test err*1e8: 0.0452
>> epoch [1131/3000], runtime:  19.78s, train err*1e8:  0.2054 (best*1e8:  0.2049/ 0.0363)
>> epoch [1132/3000], runtime: 19.73s, train err *1e8: 0.2043, valid err*1e8: 0.0361 , test err*1e8: 0.0453
>> epoch [1133/3000], runtime:  19.81s, train err*1e8:  0.2035 (best*1e8:  0.2043/ 0.0361)
>> epoch [1134/3000], runtime:  19.82s, train err*1e8:  0.2085 (best*1e8:  0.2043/ 0.0361)
>> epoch [1135/3000], runtime:  19.85s, train err*1e8:  0.2056 (best*1e8:  0.2043/ 0.0361)
>> epoch [1136/3000], runtime:  19.74s, train err*1e8:  0.2074 (best*1e8:  0.2043/ 0.0361)
>> epoch [1137/3000], runtime:  19.82s, train err*1e8:  0.2071 (best*1e8:  0.2043/ 0.0361)
>> epoch [1138/3000], runtime:  19.87s, train err*1e8:  0.2101 (best*1e8:  0.2043/ 0.0361)
>> epoch [1139/3000], runtime:  19.86s, train err*1e8:  0.2088 (best*1e8:  0.2043/ 0.0361)
>> epoch [1140/3000], runtime:  19.92s, train err*1e8:  0.2076 (best*1e8:  0.2043/ 0.0361)
>> epoch [1141/3000], runtime:  19.84s, train err*1e8:  0.2044 (best*1e8:  0.2043/ 0.0361)
>> epoch [1142/3000], runtime:  19.83s, train err*1e8:  0.2032 (best*1e8:  0.2043/ 0.0361)
>> epoch [1143/3000], runtime:  19.88s, train err*1e8:  0.2043 (best*1e8:  0.2043/ 0.0361)
>> epoch [1144/3000], runtime:  19.82s, train err*1e8:  0.2084 (best*1e8:  0.2043/ 0.0361)
>> epoch [1145/3000], runtime:  19.85s, train err*1e8:  0.2062 (best*1e8:  0.2043/ 0.0361)
>> epoch [1146/3000], runtime:  19.80s, train err*1e8:  0.2033 (best*1e8:  0.2043/ 0.0361)
>> epoch [1147/3000], runtime: 19.82s, train err *1e8: 0.2029, valid err*1e8: 0.0359 , test err*1e8: 0.0463
>> epoch [1148/3000], runtime:  19.80s, train err*1e8:  0.2029 (best*1e8:  0.2029/ 0.0359)
>> epoch [1149/3000], runtime:  19.87s, train err*1e8:  0.2028 (best*1e8:  0.2029/ 0.0359)
>> epoch [1150/3000], runtime:  19.79s, train err*1e8:  0.2080 (best*1e8:  0.2029/ 0.0359)
>> epoch [1151/3000], runtime:  19.86s, train err*1e8:  0.2119 (best*1e8:  0.2029/ 0.0359)
>> epoch [1152/3000], runtime:  19.88s, train err*1e8:  0.2112 (best*1e8:  0.2029/ 0.0359)
>> epoch [1153/3000], runtime:  19.86s, train err*1e8:  0.2155 (best*1e8:  0.2029/ 0.0359)
>> epoch [1154/3000], runtime:  19.83s, train err*1e8:  0.2113 (best*1e8:  0.2029/ 0.0359)
>> epoch [1155/3000], runtime:  19.86s, train err*1e8:  0.2174 (best*1e8:  0.2029/ 0.0359)
>> epoch [1156/3000], runtime:  19.82s, train err*1e8:  0.2024 (best*1e8:  0.2029/ 0.0359)
>> epoch [1157/3000], runtime:  19.85s, train err*1e8:  0.1999 (best*1e8:  0.2029/ 0.0359)
>> epoch [1158/3000], runtime:  19.85s, train err*1e8:  0.2029 (best*1e8:  0.2029/ 0.0359)
>> epoch [1159/3000], runtime:  19.79s, train err*1e8:  0.2214 (best*1e8:  0.2029/ 0.0359)
>> epoch [1160/3000], runtime:  19.80s, train err*1e8:  0.2024 (best*1e8:  0.2029/ 0.0359)
>> epoch [1161/3000], runtime: 20.00s, train err *1e8: 0.1974, valid err*1e8: 0.0352 , test err*1e8: 0.0446
>> epoch [1162/3000], runtime:  20.31s, train err*1e8:  0.1985 (best*1e8:  0.1974/ 0.0352)
>> epoch [1163/3000], runtime:  20.38s, train err*1e8:  0.1998 (best*1e8:  0.1974/ 0.0352)
>> epoch [1164/3000], runtime:  20.24s, train err*1e8:  0.2050 (best*1e8:  0.1974/ 0.0352)
>> epoch [1165/3000], runtime:  20.31s, train err*1e8:  0.2017 (best*1e8:  0.1974/ 0.0352)
>> epoch [1166/3000], runtime:  20.31s, train err*1e8:  0.2073 (best*1e8:  0.1974/ 0.0352)
>> epoch [1167/3000], runtime:  20.32s, train err*1e8:  0.2006 (best*1e8:  0.1974/ 0.0352)
>> epoch [1168/3000], runtime:  20.29s, train err*1e8:  0.1983 (best*1e8:  0.1974/ 0.0352)
>> epoch [1169/3000], runtime:  20.33s, train err*1e8:  0.2063 (best*1e8:  0.1974/ 0.0352)
>> epoch [1170/3000], runtime:  20.37s, train err*1e8:  0.2047 (best*1e8:  0.1974/ 0.0352)
>> epoch [1171/3000], runtime:  20.55s, train err*1e8:  0.2015 (best*1e8:  0.1974/ 0.0352)
>> epoch [1172/3000], runtime:  20.43s, train err*1e8:  0.2012 (best*1e8:  0.1974/ 0.0352)
>> epoch [1173/3000], runtime:  20.43s, train err*1e8:  0.2000 (best*1e8:  0.1974/ 0.0352)
>> epoch [1174/3000], runtime:  20.46s, train err*1e8:  0.2007 (best*1e8:  0.1974/ 0.0352)
>> epoch [1175/3000], runtime:  20.48s, train err*1e8:  0.2012 (best*1e8:  0.1974/ 0.0352)
>> epoch [1176/3000], runtime:  20.56s, train err*1e8:  0.2045 (best*1e8:  0.1974/ 0.0352)
>> epoch [1177/3000], runtime:  20.52s, train err*1e8:  0.2007 (best*1e8:  0.1974/ 0.0352)
>> epoch [1178/3000], runtime:  20.50s, train err*1e8:  0.2001 (best*1e8:  0.1974/ 0.0352)
>> epoch [1179/3000], runtime:  20.44s, train err*1e8:  0.2060 (best*1e8:  0.1974/ 0.0352)
>> epoch [1180/3000], runtime:  20.58s, train err*1e8:  0.2020 (best*1e8:  0.1974/ 0.0352)
>> epoch [1181/3000], runtime:  20.39s, train err*1e8:  0.2094 (best*1e8:  0.1974/ 0.0352)
>> epoch [1182/3000], runtime:  20.49s, train err*1e8:  0.1975 (best*1e8:  0.1974/ 0.0352)
>> epoch [1183/3000], runtime:  20.40s, train err*1e8:  0.1972 (best*1e8:  0.1974/ 0.0352)
>> epoch [1184/3000], runtime:  20.41s, train err*1e8:  0.1985 (best*1e8:  0.1974/ 0.0352)
>> epoch [1185/3000], runtime: 20.41s, train err *1e8: 0.1959, valid err*1e8: 0.0349 , test err*1e8: 0.0438
>> epoch [1186/3000], runtime:  20.46s, train err*1e8:  0.1972 (best*1e8:  0.1959/ 0.0349)
>> epoch [1187/3000], runtime:  20.54s, train err*1e8:  0.1997 (best*1e8:  0.1959/ 0.0349)
>> epoch [1188/3000], runtime:  20.50s, train err*1e8:  0.1969 (best*1e8:  0.1959/ 0.0349)
>> epoch [1189/3000], runtime:  20.65s, train err*1e8:  0.2030 (best*1e8:  0.1959/ 0.0349)
>> epoch [1190/3000], runtime:  20.44s, train err*1e8:  0.2045 (best*1e8:  0.1959/ 0.0349)
>> epoch [1191/3000], runtime:  20.53s, train err*1e8:  0.1976 (best*1e8:  0.1959/ 0.0349)
>> epoch [1192/3000], runtime:  20.59s, train err*1e8:  0.1953 (best*1e8:  0.1959/ 0.0349)
>> epoch [1193/3000], runtime:  20.61s, train err*1e8:  0.1962 (best*1e8:  0.1959/ 0.0349)
>> epoch [1194/3000], runtime:  20.57s, train err*1e8:  0.1971 (best*1e8:  0.1959/ 0.0349)
>> epoch [1195/3000], runtime:  20.68s, train err*1e8:  0.1995 (best*1e8:  0.1959/ 0.0349)
>> epoch [1196/3000], runtime:  20.59s, train err*1e8:  0.1987 (best*1e8:  0.1959/ 0.0349)
>> epoch [1197/3000], runtime:  20.52s, train err*1e8:  0.2121 (best*1e8:  0.1959/ 0.0349)
>> epoch [1198/3000], runtime:  20.52s, train err*1e8:  0.1946 (best*1e8:  0.1959/ 0.0349)
>> epoch [1199/3000], runtime:  20.56s, train err*1e8:  0.1951 (best*1e8:  0.1959/ 0.0349)
>> epoch [1200/3000], runtime:  20.42s, train err*1e8:  0.2016 (best*1e8:  0.1959/ 0.0349)
>> epoch [1201/3000], runtime:  20.59s, train err*1e8:  0.1998 (best*1e8:  0.1959/ 0.0349)
>> epoch [1202/3000], runtime:  20.60s, train err*1e8:  0.1976 (best*1e8:  0.1959/ 0.0349)
>> epoch [1203/3000], runtime:  20.67s, train err*1e8:  0.1943 (best*1e8:  0.1959/ 0.0349)
>> epoch [1204/3000], runtime:  20.69s, train err*1e8:  0.1938 (best*1e8:  0.1959/ 0.0349)
>> epoch [1205/3000], runtime: 20.49s, train err *1e8: 0.1914, valid err*1e8: 0.0349 , test err*1e8: 0.0439
>> epoch [1206/3000], runtime:  20.46s, train err*1e8:  0.1943 (best*1e8:  0.1914/ 0.0349)
>> epoch [1207/3000], runtime:  20.55s, train err*1e8:  0.1919 (best*1e8:  0.1914/ 0.0349)
>> epoch [1208/3000], runtime:  20.47s, train err*1e8:  0.1954 (best*1e8:  0.1914/ 0.0349)
>> epoch [1209/3000], runtime:  20.48s, train err*1e8:  0.1965 (best*1e8:  0.1914/ 0.0349)
>> epoch [1210/3000], runtime:  20.56s, train err*1e8:  0.1916 (best*1e8:  0.1914/ 0.0349)
>> epoch [1211/3000], runtime:  20.55s, train err*1e8:  0.1937 (best*1e8:  0.1914/ 0.0349)
>> epoch [1212/3000], runtime:  20.59s, train err*1e8:  0.1948 (best*1e8:  0.1914/ 0.0349)
>> epoch [1213/3000], runtime:  20.61s, train err*1e8:  0.2040 (best*1e8:  0.1914/ 0.0349)
>> epoch [1214/3000], runtime:  20.50s, train err*1e8:  0.1992 (best*1e8:  0.1914/ 0.0349)
>> epoch [1215/3000], runtime:  20.60s, train err*1e8:  0.1965 (best*1e8:  0.1914/ 0.0349)
>> epoch [1216/3000], runtime:  20.52s, train err*1e8:  0.2123 (best*1e8:  0.1914/ 0.0349)
>> epoch [1217/3000], runtime:  20.65s, train err*1e8:  0.1950 (best*1e8:  0.1914/ 0.0349)
>> epoch [1218/3000], runtime:  20.48s, train err*1e8:  0.1965 (best*1e8:  0.1914/ 0.0349)
>> epoch [1219/3000], runtime:  20.58s, train err*1e8:  0.1925 (best*1e8:  0.1914/ 0.0349)
>> epoch [1220/3000], runtime:  20.60s, train err*1e8:  0.1943 (best*1e8:  0.1914/ 0.0349)
>> epoch [1221/3000], runtime:  20.49s, train err*1e8:  0.1914 (best*1e8:  0.1914/ 0.0349)
>> epoch [1222/3000], runtime:  20.53s, train err*1e8:  0.1915 (best*1e8:  0.1914/ 0.0349)
>> epoch [1223/3000], runtime:  20.39s, train err*1e8:  0.2002 (best*1e8:  0.1914/ 0.0349)
>> epoch [1224/3000], runtime:  20.49s, train err*1e8:  0.1981 (best*1e8:  0.1914/ 0.0349)
>> epoch [1225/3000], runtime:  20.54s, train err*1e8:  0.1937 (best*1e8:  0.1914/ 0.0349)
>> epoch [1226/3000], runtime:  20.56s, train err*1e8:  0.1952 (best*1e8:  0.1914/ 0.0349)
>> epoch [1227/3000], runtime: 20.60s, train err *1e8: 0.1907, valid err*1e8: 0.0346 , test err*1e8: 0.0445
>> epoch [1228/3000], runtime:  20.48s, train err*1e8:  0.2038 (best*1e8:  0.1907/ 0.0346)
>> epoch [1229/3000], runtime:  20.58s, train err*1e8:  0.1948 (best*1e8:  0.1907/ 0.0346)
>> epoch [1230/3000], runtime:  20.65s, train err*1e8:  0.1895 (best*1e8:  0.1907/ 0.0346)
>> epoch [1231/3000], runtime:  20.53s, train err*1e8:  0.1906 (best*1e8:  0.1907/ 0.0346)
>> epoch [1232/3000], runtime:  20.58s, train err*1e8:  0.1898 (best*1e8:  0.1907/ 0.0346)
>> epoch [1233/3000], runtime:  20.59s, train err*1e8:  0.1896 (best*1e8:  0.1907/ 0.0346)
>> epoch [1234/3000], runtime:  20.50s, train err*1e8:  0.1957 (best*1e8:  0.1907/ 0.0346)
>> epoch [1235/3000], runtime:  20.44s, train err*1e8:  0.1952 (best*1e8:  0.1907/ 0.0346)
>> epoch [1236/3000], runtime:  20.55s, train err*1e8:  0.2081 (best*1e8:  0.1907/ 0.0346)
>> epoch [1237/3000], runtime:  20.59s, train err*1e8:  0.1947 (best*1e8:  0.1907/ 0.0346)
>> epoch [1238/3000], runtime: 20.50s, train err *1e8: 0.1904, valid err*1e8: 0.0339 , test err*1e8: 0.0430
>> epoch [1239/3000], runtime:  20.48s, train err*1e8:  0.1886 (best*1e8:  0.1904/ 0.0339)
>> epoch [1240/3000], runtime:  20.64s, train err*1e8:  0.1917 (best*1e8:  0.1904/ 0.0339)
>> epoch [1241/3000], runtime:  20.68s, train err*1e8:  0.1941 (best*1e8:  0.1904/ 0.0339)
>> epoch [1242/3000], runtime:  20.61s, train err*1e8:  0.1909 (best*1e8:  0.1904/ 0.0339)
>> epoch [1243/3000], runtime:  20.67s, train err*1e8:  0.1881 (best*1e8:  0.1904/ 0.0339)
>> epoch [1244/3000], runtime: 19.75s, train err *1e8: 0.1874, valid err*1e8: 0.0337 , test err*1e8: 0.0429
>> epoch [1245/3000], runtime:  19.82s, train err*1e8:  0.1903 (best*1e8:  0.1874/ 0.0337)
>> epoch [1246/3000], runtime:  19.82s, train err*1e8:  0.1915 (best*1e8:  0.1874/ 0.0337)
>> epoch [1247/3000], runtime:  19.86s, train err*1e8:  0.1936 (best*1e8:  0.1874/ 0.0337)
>> epoch [1248/3000], runtime:  19.86s, train err*1e8:  0.1897 (best*1e8:  0.1874/ 0.0337)
>> epoch [1249/3000], runtime:  19.80s, train err*1e8:  0.1863 (best*1e8:  0.1874/ 0.0337)
>> epoch [1250/3000], runtime:  19.92s, train err*1e8:  0.1989 (best*1e8:  0.1874/ 0.0337)
>> epoch [1251/3000], runtime:  19.74s, train err*1e8:  0.1893 (best*1e8:  0.1874/ 0.0337)
>> epoch [1252/3000], runtime:  19.73s, train err*1e8:  0.1892 (best*1e8:  0.1874/ 0.0337)
>> epoch [1253/3000], runtime:  19.84s, train err*1e8:  0.1990 (best*1e8:  0.1874/ 0.0337)
>> epoch [1254/3000], runtime:  19.83s, train err*1e8:  0.1974 (best*1e8:  0.1874/ 0.0337)
>> epoch [1255/3000], runtime:  19.88s, train err*1e8:  0.1890 (best*1e8:  0.1874/ 0.0337)
>> epoch [1256/3000], runtime:  19.79s, train err*1e8:  0.1891 (best*1e8:  0.1874/ 0.0337)
>> epoch [1257/3000], runtime:  19.83s, train err*1e8:  0.1909 (best*1e8:  0.1874/ 0.0337)
>> epoch [1258/3000], runtime:  19.77s, train err*1e8:  0.1900 (best*1e8:  0.1874/ 0.0337)
>> epoch [1259/3000], runtime: 19.82s, train err *1e8: 0.1869, valid err*1e8: 0.0334 , test err*1e8: 0.0430
>> epoch [1260/3000], runtime:  19.78s, train err*1e8:  0.1873 (best*1e8:  0.1869/ 0.0334)
>> epoch [1261/3000], runtime:  19.85s, train err*1e8:  0.1900 (best*1e8:  0.1869/ 0.0334)
>> epoch [1262/3000], runtime:  19.82s, train err*1e8:  0.1932 (best*1e8:  0.1869/ 0.0334)
>> epoch [1263/3000], runtime:  19.86s, train err*1e8:  0.1877 (best*1e8:  0.1869/ 0.0334)
>> epoch [1264/3000], runtime:  19.85s, train err*1e8:  0.1863 (best*1e8:  0.1869/ 0.0334)
>> epoch [1265/3000], runtime:  19.74s, train err*1e8:  0.1884 (best*1e8:  0.1869/ 0.0334)
>> epoch [1266/3000], runtime:  19.85s, train err*1e8:  0.1900 (best*1e8:  0.1869/ 0.0334)
>> epoch [1267/3000], runtime:  19.80s, train err*1e8:  0.1875 (best*1e8:  0.1869/ 0.0334)
>> epoch [1268/3000], runtime:  19.81s, train err*1e8:  0.1868 (best*1e8:  0.1869/ 0.0334)
>> epoch [1269/3000], runtime:  19.86s, train err*1e8:  0.1905 (best*1e8:  0.1869/ 0.0334)
>> epoch [1270/3000], runtime:  19.89s, train err*1e8:  0.1891 (best*1e8:  0.1869/ 0.0334)
>> epoch [1271/3000], runtime:  19.86s, train err*1e8:  0.1870 (best*1e8:  0.1869/ 0.0334)
>> epoch [1272/3000], runtime:  19.84s, train err*1e8:  0.1886 (best*1e8:  0.1869/ 0.0334)
>> epoch [1273/3000], runtime:  19.85s, train err*1e8:  0.1918 (best*1e8:  0.1869/ 0.0334)
>> epoch [1274/3000], runtime:  19.74s, train err*1e8:  0.1910 (best*1e8:  0.1869/ 0.0334)
>> epoch [1275/3000], runtime:  19.79s, train err*1e8:  0.1949 (best*1e8:  0.1869/ 0.0334)
>> epoch [1276/3000], runtime:  19.81s, train err*1e8:  0.1874 (best*1e8:  0.1869/ 0.0334)
>> epoch [1277/3000], runtime:  19.83s, train err*1e8:  0.1881 (best*1e8:  0.1869/ 0.0334)
>> epoch [1278/3000], runtime:  19.88s, train err*1e8:  0.1841 (best*1e8:  0.1869/ 0.0334)
>> epoch [1279/3000], runtime:  19.72s, train err*1e8:  0.1834 (best*1e8:  0.1869/ 0.0334)
>> epoch [1280/3000], runtime:  19.90s, train err*1e8:  0.1842 (best*1e8:  0.1869/ 0.0334)
>> epoch [1281/3000], runtime:  19.85s, train err*1e8:  0.1909 (best*1e8:  0.1869/ 0.0334)
>> epoch [1282/3000], runtime:  19.84s, train err*1e8:  0.1896 (best*1e8:  0.1869/ 0.0334)
>> epoch [1283/3000], runtime:  19.75s, train err*1e8:  0.1857 (best*1e8:  0.1869/ 0.0334)
>> epoch [1284/3000], runtime:  19.90s, train err*1e8:  0.1860 (best*1e8:  0.1869/ 0.0334)
>> epoch [1285/3000], runtime:  19.88s, train err*1e8:  0.1884 (best*1e8:  0.1869/ 0.0334)
>> epoch [1286/3000], runtime:  19.91s, train err*1e8:  0.1887 (best*1e8:  0.1869/ 0.0334)
>> epoch [1287/3000], runtime:  19.85s, train err*1e8:  0.1920 (best*1e8:  0.1869/ 0.0334)
>> epoch [1288/3000], runtime: 19.87s, train err *1e8: 0.1834, valid err*1e8: 0.0334 , test err*1e8: 0.0428
>> epoch [1289/3000], runtime:  19.94s, train err*1e8:  0.1874 (best*1e8:  0.1834/ 0.0334)
>> epoch [1290/3000], runtime:  19.95s, train err*1e8:  0.1880 (best*1e8:  0.1834/ 0.0334)
>> epoch [1291/3000], runtime:  19.88s, train err*1e8:  0.1873 (best*1e8:  0.1834/ 0.0334)
>> epoch [1292/3000], runtime:  19.86s, train err*1e8:  0.1843 (best*1e8:  0.1834/ 0.0334)
>> epoch [1293/3000], runtime: 19.85s, train err *1e8: 0.1829, valid err*1e8: 0.0329 , test err*1e8: 0.0425
>> epoch [1294/3000], runtime:  19.80s, train err*1e8:  0.1855 (best*1e8:  0.1829/ 0.0329)
>> epoch [1295/3000], runtime:  19.85s, train err*1e8:  0.1836 (best*1e8:  0.1829/ 0.0329)
>> epoch [1296/3000], runtime:  19.84s, train err*1e8:  0.1836 (best*1e8:  0.1829/ 0.0329)
>> epoch [1297/3000], runtime:  19.90s, train err*1e8:  0.1837 (best*1e8:  0.1829/ 0.0329)
>> epoch [1298/3000], runtime:  19.88s, train err*1e8:  0.1858 (best*1e8:  0.1829/ 0.0329)
>> epoch [1299/3000], runtime:  19.88s, train err*1e8:  0.1894 (best*1e8:  0.1829/ 0.0329)
>> epoch [1300/3000], runtime:  19.85s, train err*1e8:  0.1888 (best*1e8:  0.1829/ 0.0329)
>> epoch [1301/3000], runtime:  19.84s, train err*1e8:  0.1920 (best*1e8:  0.1829/ 0.0329)
>> epoch [1302/3000], runtime:  19.82s, train err*1e8:  0.1890 (best*1e8:  0.1829/ 0.0329)
>> epoch [1303/3000], runtime:  19.83s, train err*1e8:  0.1810 (best*1e8:  0.1829/ 0.0329)
>> epoch [1304/3000], runtime:  19.83s, train err*1e8:  0.1870 (best*1e8:  0.1829/ 0.0329)
>> epoch [1305/3000], runtime:  19.83s, train err*1e8:  0.1887 (best*1e8:  0.1829/ 0.0329)
>> epoch [1306/3000], runtime:  19.85s, train err*1e8:  0.1810 (best*1e8:  0.1829/ 0.0329)
>> epoch [1307/3000], runtime:  19.78s, train err*1e8:  0.1816 (best*1e8:  0.1829/ 0.0329)
>> epoch [1308/3000], runtime:  19.86s, train err*1e8:  0.1815 (best*1e8:  0.1829/ 0.0329)
>> epoch [1309/3000], runtime:  19.85s, train err*1e8:  0.1813 (best*1e8:  0.1829/ 0.0329)
>> epoch [1310/3000], runtime:  19.79s, train err*1e8:  0.1820 (best*1e8:  0.1829/ 0.0329)
>> epoch [1311/3000], runtime: 19.82s, train err *1e8: 0.1811, valid err*1e8: 0.0328 , test err*1e8: 0.0423
>> epoch [1312/3000], runtime:  19.83s, train err*1e8:  0.1798 (best*1e8:  0.1811/ 0.0328)
>> epoch [1313/3000], runtime:  19.77s, train err*1e8:  0.1817 (best*1e8:  0.1811/ 0.0328)
>> epoch [1314/3000], runtime:  19.86s, train err*1e8:  0.1937 (best*1e8:  0.1811/ 0.0328)
>> epoch [1315/3000], runtime:  19.89s, train err*1e8:  0.1816 (best*1e8:  0.1811/ 0.0328)
>> epoch [1316/3000], runtime:  19.88s, train err*1e8:  0.1802 (best*1e8:  0.1811/ 0.0328)
>> epoch [1317/3000], runtime: 19.95s, train err *1e8: 0.1793, valid err*1e8: 0.0323 , test err*1e8: 0.0423
>> epoch [1318/3000], runtime:  19.83s, train err*1e8:  0.1796 (best*1e8:  0.1793/ 0.0323)
>> epoch [1319/3000], runtime:  19.79s, train err*1e8:  0.1807 (best*1e8:  0.1793/ 0.0323)
>> epoch [1320/3000], runtime:  19.82s, train err*1e8:  0.1835 (best*1e8:  0.1793/ 0.0323)
>> epoch [1321/3000], runtime:  19.82s, train err*1e8:  0.1846 (best*1e8:  0.1793/ 0.0323)
>> epoch [1322/3000], runtime:  19.85s, train err*1e8:  0.1815 (best*1e8:  0.1793/ 0.0323)
>> epoch [1323/3000], runtime:  19.81s, train err*1e8:  0.1800 (best*1e8:  0.1793/ 0.0323)
>> epoch [1324/3000], runtime:  19.86s, train err*1e8:  0.1834 (best*1e8:  0.1793/ 0.0323)
>> epoch [1325/3000], runtime:  19.85s, train err*1e8:  0.1850 (best*1e8:  0.1793/ 0.0323)
>> epoch [1326/3000], runtime:  19.86s, train err*1e8:  0.1807 (best*1e8:  0.1793/ 0.0323)
>> epoch [1327/3000], runtime:  19.86s, train err*1e8:  0.1841 (best*1e8:  0.1793/ 0.0323)
>> epoch [1328/3000], runtime:  19.85s, train err*1e8:  0.1836 (best*1e8:  0.1793/ 0.0323)
>> epoch [1329/3000], runtime:  19.85s, train err*1e8:  0.1830 (best*1e8:  0.1793/ 0.0323)
>> epoch [1330/3000], runtime:  19.86s, train err*1e8:  0.1808 (best*1e8:  0.1793/ 0.0323)
>> epoch [1331/3000], runtime:  19.90s, train err*1e8:  0.1830 (best*1e8:  0.1793/ 0.0323)
>> epoch [1332/3000], runtime:  19.86s, train err*1e8:  0.1814 (best*1e8:  0.1793/ 0.0323)
>> epoch [1333/3000], runtime:  19.89s, train err*1e8:  0.1836 (best*1e8:  0.1793/ 0.0323)
>> epoch [1334/3000], runtime:  19.80s, train err*1e8:  0.1811 (best*1e8:  0.1793/ 0.0323)
>> epoch [1335/3000], runtime:  19.88s, train err*1e8:  0.1810 (best*1e8:  0.1793/ 0.0323)
>> epoch [1336/3000], runtime: 19.85s, train err *1e8: 0.1790, valid err*1e8: 0.0322 , test err*1e8: 0.0417
>> epoch [1337/3000], runtime:  19.86s, train err*1e8:  0.1820 (best*1e8:  0.1790/ 0.0322)
>> epoch [1338/3000], runtime:  19.85s, train err*1e8:  0.1781 (best*1e8:  0.1790/ 0.0322)
>> epoch [1339/3000], runtime:  19.84s, train err*1e8:  0.1782 (best*1e8:  0.1790/ 0.0322)
>> epoch [1340/3000], runtime:  19.84s, train err*1e8:  0.1767 (best*1e8:  0.1790/ 0.0322)
>> epoch [1341/3000], runtime:  19.89s, train err*1e8:  0.1810 (best*1e8:  0.1790/ 0.0322)
>> epoch [1342/3000], runtime:  19.86s, train err*1e8:  0.1876 (best*1e8:  0.1790/ 0.0322)
>> epoch [1343/3000], runtime:  19.87s, train err*1e8:  0.1798 (best*1e8:  0.1790/ 0.0322)
>> epoch [1344/3000], runtime:  19.87s, train err*1e8:  0.1776 (best*1e8:  0.1790/ 0.0322)
>> epoch [1345/3000], runtime:  19.86s, train err*1e8:  0.1809 (best*1e8:  0.1790/ 0.0322)
>> epoch [1346/3000], runtime:  19.81s, train err*1e8:  0.1853 (best*1e8:  0.1790/ 0.0322)
>> epoch [1347/3000], runtime:  19.82s, train err*1e8:  0.2026 (best*1e8:  0.1790/ 0.0322)
>> epoch [1348/3000], runtime:  19.85s, train err*1e8:  0.1862 (best*1e8:  0.1790/ 0.0322)
>> epoch [1349/3000], runtime:  19.87s, train err*1e8:  0.1795 (best*1e8:  0.1790/ 0.0322)
>> epoch [1350/3000], runtime:  19.77s, train err*1e8:  0.1781 (best*1e8:  0.1790/ 0.0322)
>> epoch [1351/3000], runtime:  19.88s, train err*1e8:  0.1795 (best*1e8:  0.1790/ 0.0322)
>> epoch [1352/3000], runtime: 19.82s, train err *1e8: 0.1782, valid err*1e8: 0.0319 , test err*1e8: 0.0412
>> epoch [1353/3000], runtime:  19.82s, train err*1e8:  0.1768 (best*1e8:  0.1782/ 0.0319)
>> epoch [1354/3000], runtime:  19.86s, train err*1e8:  0.1791 (best*1e8:  0.1782/ 0.0319)
>> epoch [1355/3000], runtime:  19.87s, train err*1e8:  0.1802 (best*1e8:  0.1782/ 0.0319)
>> epoch [1356/3000], runtime:  19.85s, train err*1e8:  0.1776 (best*1e8:  0.1782/ 0.0319)
>> epoch [1357/3000], runtime:  19.79s, train err*1e8:  0.1807 (best*1e8:  0.1782/ 0.0319)
>> epoch [1358/3000], runtime:  19.81s, train err*1e8:  0.1789 (best*1e8:  0.1782/ 0.0319)
>> epoch [1359/3000], runtime:  19.86s, train err*1e8:  0.1798 (best*1e8:  0.1782/ 0.0319)
>> epoch [1360/3000], runtime:  19.87s, train err*1e8:  0.1817 (best*1e8:  0.1782/ 0.0319)
>> epoch [1361/3000], runtime:  19.86s, train err*1e8:  0.1775 (best*1e8:  0.1782/ 0.0319)
>> epoch [1362/3000], runtime:  19.89s, train err*1e8:  0.1778 (best*1e8:  0.1782/ 0.0319)
>> epoch [1363/3000], runtime:  19.90s, train err*1e8:  0.1787 (best*1e8:  0.1782/ 0.0319)
>> epoch [1364/3000], runtime:  19.81s, train err*1e8:  0.1781 (best*1e8:  0.1782/ 0.0319)
>> epoch [1365/3000], runtime:  19.80s, train err*1e8:  0.1796 (best*1e8:  0.1782/ 0.0319)
>> epoch [1366/3000], runtime:  19.84s, train err*1e8:  0.1798 (best*1e8:  0.1782/ 0.0319)
>> epoch [1367/3000], runtime:  19.83s, train err*1e8:  0.1778 (best*1e8:  0.1782/ 0.0319)
>> epoch [1368/3000], runtime:  19.86s, train err*1e8:  0.1758 (best*1e8:  0.1782/ 0.0319)
>> epoch [1369/3000], runtime: 19.87s, train err *1e8: 0.1766, valid err*1e8: 0.0318 , test err*1e8: 0.0410
>> epoch [1370/3000], runtime: 19.87s, train err *1e8: 0.1758, valid err*1e8: 0.0317 , test err*1e8: 0.0412
>> epoch [1371/3000], runtime:  19.81s, train err*1e8:  0.1762 (best*1e8:  0.1758/ 0.0317)
>> epoch [1372/3000], runtime:  19.82s, train err*1e8:  0.1753 (best*1e8:  0.1758/ 0.0317)
>> epoch [1373/3000], runtime:  19.80s, train err*1e8:  0.1793 (best*1e8:  0.1758/ 0.0317)
>> epoch [1374/3000], runtime:  19.85s, train err*1e8:  0.1761 (best*1e8:  0.1758/ 0.0317)
>> epoch [1375/3000], runtime:  19.82s, train err*1e8:  0.1813 (best*1e8:  0.1758/ 0.0317)
>> epoch [1376/3000], runtime:  19.82s, train err*1e8:  0.1783 (best*1e8:  0.1758/ 0.0317)
>> epoch [1377/3000], runtime:  19.83s, train err*1e8:  0.1758 (best*1e8:  0.1758/ 0.0317)
>> epoch [1378/3000], runtime:  19.85s, train err*1e8:  0.1768 (best*1e8:  0.1758/ 0.0317)
>> epoch [1379/3000], runtime: 19.83s, train err *1e8: 0.1747, valid err*1e8: 0.0317 , test err*1e8: 0.0416
>> epoch [1380/3000], runtime:  19.86s, train err*1e8:  0.1817 (best*1e8:  0.1747/ 0.0317)
>> epoch [1381/3000], runtime:  19.80s, train err*1e8:  0.1817 (best*1e8:  0.1747/ 0.0317)
>> epoch [1382/3000], runtime:  19.89s, train err*1e8:  0.1774 (best*1e8:  0.1747/ 0.0317)
>> epoch [1383/3000], runtime:  19.86s, train err*1e8:  0.1735 (best*1e8:  0.1747/ 0.0317)
>> epoch [1384/3000], runtime:  19.81s, train err*1e8:  0.1752 (best*1e8:  0.1747/ 0.0317)
>> epoch [1385/3000], runtime: 19.86s, train err *1e8: 0.1744, valid err*1e8: 0.0315 , test err*1e8: 0.0409
>> epoch [1386/3000], runtime:  19.83s, train err*1e8:  0.1747 (best*1e8:  0.1744/ 0.0315)
>> epoch [1387/3000], runtime:  19.83s, train err*1e8:  0.1756 (best*1e8:  0.1744/ 0.0315)
>> epoch [1388/3000], runtime:  19.83s, train err*1e8:  0.1753 (best*1e8:  0.1744/ 0.0315)
>> epoch [1389/3000], runtime:  20.02s, train err*1e8:  0.1764 (best*1e8:  0.1744/ 0.0315)
>> epoch [1390/3000], runtime: 20.37s, train err *1e8: 0.1743, valid err*1e8: 0.0310 , test err*1e8: 0.0411
>> epoch [1391/3000], runtime:  19.75s, train err*1e8:  0.1761 (best*1e8:  0.1743/ 0.0310)
>> epoch [1392/3000], runtime:  19.85s, train err*1e8:  0.1739 (best*1e8:  0.1743/ 0.0310)
>> epoch [1393/3000], runtime:  19.89s, train err*1e8:  0.1776 (best*1e8:  0.1743/ 0.0310)
>> epoch [1394/3000], runtime:  19.78s, train err*1e8:  0.1859 (best*1e8:  0.1743/ 0.0310)
>> epoch [1395/3000], runtime:  19.87s, train err*1e8:  0.1762 (best*1e8:  0.1743/ 0.0310)
>> epoch [1396/3000], runtime:  19.80s, train err*1e8:  0.1747 (best*1e8:  0.1743/ 0.0310)
>> epoch [1397/3000], runtime:  19.81s, train err*1e8:  0.1762 (best*1e8:  0.1743/ 0.0310)
>> epoch [1398/3000], runtime:  19.79s, train err*1e8:  0.1731 (best*1e8:  0.1743/ 0.0310)
>> epoch [1399/3000], runtime:  19.86s, train err*1e8:  0.1724 (best*1e8:  0.1743/ 0.0310)
>> epoch [1400/3000], runtime:  19.73s, train err*1e8:  0.1762 (best*1e8:  0.1743/ 0.0310)
>> epoch [1401/3000], runtime:  19.83s, train err*1e8:  0.1800 (best*1e8:  0.1743/ 0.0310)
>> epoch [1402/3000], runtime:  19.85s, train err*1e8:  0.1738 (best*1e8:  0.1743/ 0.0310)
>> epoch [1403/3000], runtime:  20.30s, train err*1e8:  0.1739 (best*1e8:  0.1743/ 0.0310)
>> epoch [1404/3000], runtime:  21.58s, train err*1e8:  0.1733 (best*1e8:  0.1743/ 0.0310)
>> epoch [1405/3000], runtime:  22.19s, train err*1e8:  0.1757 (best*1e8:  0.1743/ 0.0310)
>> epoch [1406/3000], runtime:  22.14s, train err*1e8:  0.1728 (best*1e8:  0.1743/ 0.0310)
>> epoch [1407/3000], runtime:  21.88s, train err*1e8:  0.1769 (best*1e8:  0.1743/ 0.0310)
>> epoch [1408/3000], runtime:  21.38s, train err*1e8:  0.1776 (best*1e8:  0.1743/ 0.0310)
>> epoch [1409/3000], runtime:  21.17s, train err*1e8:  0.1724 (best*1e8:  0.1743/ 0.0310)
>> epoch [1410/3000], runtime:  21.23s, train err*1e8:  0.1711 (best*1e8:  0.1743/ 0.0310)
>> epoch [1411/3000], runtime:  21.58s, train err*1e8:  0.1770 (best*1e8:  0.1743/ 0.0310)
>> epoch [1412/3000], runtime:  21.66s, train err*1e8:  0.1725 (best*1e8:  0.1743/ 0.0310)
>> epoch [1413/3000], runtime:  21.41s, train err*1e8:  0.1713 (best*1e8:  0.1743/ 0.0310)
>> epoch [1414/3000], runtime:  21.41s, train err*1e8:  0.1728 (best*1e8:  0.1743/ 0.0310)
>> epoch [1415/3000], runtime:  22.21s, train err*1e8:  0.1748 (best*1e8:  0.1743/ 0.0310)
>> epoch [1416/3000], runtime:  21.93s, train err*1e8:  0.1744 (best*1e8:  0.1743/ 0.0310)
>> epoch [1417/3000], runtime:  22.20s, train err*1e8:  0.1750 (best*1e8:  0.1743/ 0.0310)
>> epoch [1418/3000], runtime:  21.69s, train err*1e8:  0.1726 (best*1e8:  0.1743/ 0.0310)
>> epoch [1419/3000], runtime:  22.21s, train err*1e8:  0.1720 (best*1e8:  0.1743/ 0.0310)
>> epoch [1420/3000], runtime:  21.97s, train err*1e8:  0.1744 (best*1e8:  0.1743/ 0.0310)
>> epoch [1421/3000], runtime:  21.96s, train err*1e8:  0.1766 (best*1e8:  0.1743/ 0.0310)
>> epoch [1422/3000], runtime:  22.20s, train err*1e8:  0.1727 (best*1e8:  0.1743/ 0.0310)
>> epoch [1423/3000], runtime:  21.94s, train err*1e8:  0.1723 (best*1e8:  0.1743/ 0.0310)
>> epoch [1424/3000], runtime:  22.15s, train err*1e8:  0.1783 (best*1e8:  0.1743/ 0.0310)
>> epoch [1425/3000], runtime:  22.23s, train err*1e8:  0.1790 (best*1e8:  0.1743/ 0.0310)
>> epoch [1426/3000], runtime:  21.87s, train err*1e8:  0.1749 (best*1e8:  0.1743/ 0.0310)
>> epoch [1427/3000], runtime:  21.83s, train err*1e8:  0.1738 (best*1e8:  0.1743/ 0.0310)
>> epoch [1428/3000], runtime: 21.96s, train err *1e8: 0.1711, valid err*1e8: 0.0310 , test err*1e8: 0.0405
>> epoch [1429/3000], runtime:  22.07s, train err*1e8:  0.1696 (best*1e8:  0.1711/ 0.0310)
>> epoch [1430/3000], runtime:  21.95s, train err*1e8:  0.1718 (best*1e8:  0.1711/ 0.0310)
>> epoch [1431/3000], runtime:  21.64s, train err*1e8:  0.1712 (best*1e8:  0.1711/ 0.0310)
>> epoch [1432/3000], runtime:  22.14s, train err*1e8:  0.1730 (best*1e8:  0.1711/ 0.0310)
>> epoch [1433/3000], runtime:  22.21s, train err*1e8:  0.1716 (best*1e8:  0.1711/ 0.0310)
>> epoch [1434/3000], runtime:  22.24s, train err*1e8:  0.1708 (best*1e8:  0.1711/ 0.0310)
>> epoch [1435/3000], runtime:  21.69s, train err*1e8:  0.1713 (best*1e8:  0.1711/ 0.0310)
>> epoch [1436/3000], runtime:  21.60s, train err*1e8:  0.1706 (best*1e8:  0.1711/ 0.0310)
>> epoch [1437/3000], runtime:  22.12s, train err*1e8:  0.1723 (best*1e8:  0.1711/ 0.0310)
>> epoch [1438/3000], runtime:  22.22s, train err*1e8:  0.1744 (best*1e8:  0.1711/ 0.0310)
>> epoch [1439/3000], runtime:  21.95s, train err*1e8:  0.1738 (best*1e8:  0.1711/ 0.0310)
>> epoch [1440/3000], runtime:  21.87s, train err*1e8:  0.1717 (best*1e8:  0.1711/ 0.0310)
>> epoch [1441/3000], runtime:  21.97s, train err*1e8:  0.1724 (best*1e8:  0.1711/ 0.0310)
>> epoch [1442/3000], runtime: 22.25s, train err *1e8: 0.1701, valid err*1e8: 0.0309 , test err*1e8: 0.0409
>> epoch [1443/3000], runtime:  22.21s, train err*1e8:  0.1701 (best*1e8:  0.1701/ 0.0309)
>> epoch [1444/3000], runtime:  21.56s, train err*1e8:  0.1704 (best*1e8:  0.1701/ 0.0309)
>> epoch [1445/3000], runtime:  21.84s, train err*1e8:  0.1728 (best*1e8:  0.1701/ 0.0309)
>> epoch [1446/3000], runtime:  21.90s, train err*1e8:  0.1716 (best*1e8:  0.1701/ 0.0309)
>> epoch [1447/3000], runtime:  21.43s, train err*1e8:  0.1749 (best*1e8:  0.1701/ 0.0309)
>> epoch [1448/3000], runtime:  21.96s, train err*1e8:  0.1710 (best*1e8:  0.1701/ 0.0309)
>> epoch [1449/3000], runtime: 21.68s, train err *1e8: 0.1688, valid err*1e8: 0.0308 , test err*1e8: 0.0402
>> epoch [1450/3000], runtime:  21.59s, train err*1e8:  0.1699 (best*1e8:  0.1688/ 0.0308)
>> epoch [1451/3000], runtime:  21.66s, train err*1e8:  0.1727 (best*1e8:  0.1688/ 0.0308)
>> epoch [1452/3000], runtime:  21.88s, train err*1e8:  0.1739 (best*1e8:  0.1688/ 0.0308)
>> epoch [1453/3000], runtime:  21.13s, train err*1e8:  0.1727 (best*1e8:  0.1688/ 0.0308)
>> epoch [1454/3000], runtime:  21.10s, train err*1e8:  0.1701 (best*1e8:  0.1688/ 0.0308)
>> epoch [1455/3000], runtime:  21.51s, train err*1e8:  0.1733 (best*1e8:  0.1688/ 0.0308)
>> epoch [1456/3000], runtime:  21.51s, train err*1e8:  0.1714 (best*1e8:  0.1688/ 0.0308)
>> epoch [1457/3000], runtime:  21.11s, train err*1e8:  0.1740 (best*1e8:  0.1688/ 0.0308)
>> epoch [1458/3000], runtime: 21.13s, train err *1e8: 0.1686, valid err*1e8: 0.0307 , test err*1e8: 0.0395
>> epoch [1459/3000], runtime:  21.07s, train err*1e8:  0.1691 (best*1e8:  0.1686/ 0.0307)
>> epoch [1460/3000], runtime:  21.03s, train err*1e8:  0.1695 (best*1e8:  0.1686/ 0.0307)
>> epoch [1461/3000], runtime:  21.11s, train err*1e8:  0.1681 (best*1e8:  0.1686/ 0.0307)
>> epoch [1462/3000], runtime:  21.36s, train err*1e8:  0.1728 (best*1e8:  0.1686/ 0.0307)
>> epoch [1463/3000], runtime:  21.30s, train err*1e8:  0.1702 (best*1e8:  0.1686/ 0.0307)
>> epoch [1464/3000], runtime:  21.10s, train err*1e8:  0.1687 (best*1e8:  0.1686/ 0.0307)
>> epoch [1465/3000], runtime:  21.52s, train err*1e8:  0.1696 (best*1e8:  0.1686/ 0.0307)
>> epoch [1466/3000], runtime:  21.50s, train err*1e8:  0.1751 (best*1e8:  0.1686/ 0.0307)
>> epoch [1467/3000], runtime:  21.50s, train err*1e8:  0.1732 (best*1e8:  0.1686/ 0.0307)
>> epoch [1468/3000], runtime:  21.27s, train err*1e8:  0.1690 (best*1e8:  0.1686/ 0.0307)
>> epoch [1469/3000], runtime:  21.35s, train err*1e8:  0.1729 (best*1e8:  0.1686/ 0.0307)
>> epoch [1470/3000], runtime:  21.67s, train err*1e8:  0.1677 (best*1e8:  0.1686/ 0.0307)
>> epoch [1471/3000], runtime:  21.81s, train err*1e8:  0.1683 (best*1e8:  0.1686/ 0.0307)
>> epoch [1472/3000], runtime:  21.41s, train err*1e8:  0.1733 (best*1e8:  0.1686/ 0.0307)
>> epoch [1473/3000], runtime:  21.65s, train err*1e8:  0.1690 (best*1e8:  0.1686/ 0.0307)
>> epoch [1474/3000], runtime:  21.89s, train err*1e8:  0.1666 (best*1e8:  0.1686/ 0.0307)
>> epoch [1475/3000], runtime: 21.39s, train err *1e8: 0.1664, valid err*1e8: 0.0304 , test err*1e8: 0.0394
>> epoch [1476/3000], runtime:  21.52s, train err*1e8:  0.1671 (best*1e8:  0.1664/ 0.0304)
>> epoch [1477/3000], runtime:  21.62s, train err*1e8:  0.1680 (best*1e8:  0.1664/ 0.0304)
>> epoch [1478/3000], runtime:  21.30s, train err*1e8:  0.1679 (best*1e8:  0.1664/ 0.0304)
>> epoch [1479/3000], runtime:  21.54s, train err*1e8:  0.1680 (best*1e8:  0.1664/ 0.0304)
>> epoch [1480/3000], runtime:  21.75s, train err*1e8:  0.1681 (best*1e8:  0.1664/ 0.0304)
>> epoch [1481/3000], runtime:  21.65s, train err*1e8:  0.1708 (best*1e8:  0.1664/ 0.0304)
>> epoch [1482/3000], runtime:  21.41s, train err*1e8:  0.1670 (best*1e8:  0.1664/ 0.0304)
>> epoch [1483/3000], runtime:  21.63s, train err*1e8:  0.1672 (best*1e8:  0.1664/ 0.0304)
>> epoch [1484/3000], runtime:  21.71s, train err*1e8:  0.1672 (best*1e8:  0.1664/ 0.0304)
>> epoch [1485/3000], runtime:  21.48s, train err*1e8:  0.1824 (best*1e8:  0.1664/ 0.0304)
>> epoch [1486/3000], runtime:  22.12s, train err*1e8:  0.1749 (best*1e8:  0.1664/ 0.0304)
>> epoch [1487/3000], runtime:  21.08s, train err*1e8:  0.1671 (best*1e8:  0.1664/ 0.0304)
>> epoch [1488/3000], runtime:  21.66s, train err*1e8:  0.1683 (best*1e8:  0.1664/ 0.0304)
>> epoch [1489/3000], runtime: 21.40s, train err *1e8: 0.1664, valid err*1e8: 0.0300 , test err*1e8: 0.0394
>> epoch [1490/3000], runtime:  21.32s, train err*1e8:  0.1690 (best*1e8:  0.1664/ 0.0300)
>> epoch [1491/3000], runtime:  21.48s, train err*1e8:  0.1697 (best*1e8:  0.1664/ 0.0300)
>> epoch [1492/3000], runtime:  21.68s, train err*1e8:  0.1674 (best*1e8:  0.1664/ 0.0300)
>> epoch [1493/3000], runtime:  21.68s, train err*1e8:  0.1661 (best*1e8:  0.1664/ 0.0300)
>> epoch [1494/3000], runtime:  21.28s, train err*1e8:  0.1660 (best*1e8:  0.1664/ 0.0300)
>> epoch [1495/3000], runtime:  21.67s, train err*1e8:  0.1680 (best*1e8:  0.1664/ 0.0300)
>> epoch [1496/3000], runtime:  21.10s, train err*1e8:  0.1682 (best*1e8:  0.1664/ 0.0300)
>> epoch [1497/3000], runtime:  21.67s, train err*1e8:  0.1705 (best*1e8:  0.1664/ 0.0300)
>> epoch [1498/3000], runtime:  21.60s, train err*1e8:  0.1671 (best*1e8:  0.1664/ 0.0300)
>> epoch [1499/3000], runtime:  21.16s, train err*1e8:  0.1673 (best*1e8:  0.1664/ 0.0300)
>> epoch [1500/3000], runtime:  21.94s, train err*1e8:  0.1704 (best*1e8:  0.1664/ 0.0300)
>> epoch [1501/3000], runtime:  21.38s, train err*1e8:  0.1702 (best*1e8:  0.1664/ 0.0300)
>> epoch [1502/3000], runtime:  21.24s, train err*1e8:  0.1663 (best*1e8:  0.1664/ 0.0300)
>> epoch [1503/3000], runtime:  21.38s, train err*1e8:  0.1662 (best*1e8:  0.1664/ 0.0300)
>> epoch [1504/3000], runtime:  21.52s, train err*1e8:  0.1676 (best*1e8:  0.1664/ 0.0300)
>> epoch [1505/3000], runtime:  21.31s, train err*1e8:  0.1682 (best*1e8:  0.1664/ 0.0300)
>> epoch [1506/3000], runtime:  21.29s, train err*1e8:  0.1669 (best*1e8:  0.1664/ 0.0300)
>> epoch [1507/3000], runtime:  21.09s, train err*1e8:  0.1651 (best*1e8:  0.1664/ 0.0300)
>> epoch [1508/3000], runtime:  21.16s, train err*1e8:  0.1667 (best*1e8:  0.1664/ 0.0300)
>> epoch [1509/3000], runtime: 21.17s, train err *1e8: 0.1653, valid err*1e8: 0.0299 , test err*1e8: 0.0394
>> epoch [1510/3000], runtime:  21.42s, train err*1e8:  0.1683 (best*1e8:  0.1653/ 0.0299)
>> epoch [1511/3000], runtime:  21.14s, train err*1e8:  0.1663 (best*1e8:  0.1653/ 0.0299)
>> epoch [1512/3000], runtime:  21.08s, train err*1e8:  0.1664 (best*1e8:  0.1653/ 0.0299)
>> epoch [1513/3000], runtime:  21.35s, train err*1e8:  0.1686 (best*1e8:  0.1653/ 0.0299)
>> epoch [1514/3000], runtime:  21.07s, train err*1e8:  0.1648 (best*1e8:  0.1653/ 0.0299)
>> epoch [1515/3000], runtime:  15.34s, train err*1e8:  0.1656 (best*1e8:  0.1653/ 0.0299)
>> epoch [1516/3000], runtime:  14.43s, train err*1e8:  0.1677 (best*1e8:  0.1653/ 0.0299)
>> epoch [1517/3000], runtime:  14.64s, train err*1e8:  0.1663 (best*1e8:  0.1653/ 0.0299)
>> epoch [1518/3000], runtime:  14.86s, train err*1e8:  0.1672 (best*1e8:  0.1653/ 0.0299)
>> epoch [1519/3000], runtime:  15.63s, train err*1e8:  0.1699 (best*1e8:  0.1653/ 0.0299)
>> epoch [1520/3000], runtime:  15.16s, train err*1e8:  0.1645 (best*1e8:  0.1653/ 0.0299)
>> epoch [1521/3000], runtime:  15.28s, train err*1e8:  0.1644 (best*1e8:  0.1653/ 0.0299)
>> epoch [1522/3000], runtime:  15.07s, train err*1e8:  0.1660 (best*1e8:  0.1653/ 0.0299)
>> epoch [1523/3000], runtime:  15.03s, train err*1e8:  0.1666 (best*1e8:  0.1653/ 0.0299)
>> epoch [1524/3000], runtime:  15.09s, train err*1e8:  0.1653 (best*1e8:  0.1653/ 0.0299)
>> epoch [1525/3000], runtime: 15.09s, train err *1e8: 0.1644, valid err*1e8: 0.0299 , test err*1e8: 0.0388
>> epoch [1526/3000], runtime:  15.58s, train err*1e8:  0.1657 (best*1e8:  0.1644/ 0.0299)
>> epoch [1527/3000], runtime:  15.51s, train err*1e8:  0.1660 (best*1e8:  0.1644/ 0.0299)
>> epoch [1528/3000], runtime:  15.01s, train err*1e8:  0.1661 (best*1e8:  0.1644/ 0.0299)
>> epoch [1529/3000], runtime:  15.30s, train err*1e8:  0.1639 (best*1e8:  0.1644/ 0.0299)
>> epoch [1530/3000], runtime:  14.66s, train err*1e8:  0.1631 (best*1e8:  0.1644/ 0.0299)
>> epoch [1531/3000], runtime:  15.33s, train err*1e8:  0.1647 (best*1e8:  0.1644/ 0.0299)
>> epoch [1532/3000], runtime:  15.33s, train err*1e8:  0.1684 (best*1e8:  0.1644/ 0.0299)
>> epoch [1533/3000], runtime:  15.32s, train err*1e8:  0.1648 (best*1e8:  0.1644/ 0.0299)
>> epoch [1534/3000], runtime:  15.25s, train err*1e8:  0.1651 (best*1e8:  0.1644/ 0.0299)
>> epoch [1535/3000], runtime:  14.83s, train err*1e8:  0.1633 (best*1e8:  0.1644/ 0.0299)
>> epoch [1536/3000], runtime:  15.35s, train err*1e8:  0.1640 (best*1e8:  0.1644/ 0.0299)
>> epoch [1537/3000], runtime:  15.45s, train err*1e8:  0.1637 (best*1e8:  0.1644/ 0.0299)
>> epoch [1538/3000], runtime:  15.35s, train err*1e8:  0.1632 (best*1e8:  0.1644/ 0.0299)
>> epoch [1539/3000], runtime:  14.99s, train err*1e8:  0.1663 (best*1e8:  0.1644/ 0.0299)
>> epoch [1540/3000], runtime:  15.06s, train err*1e8:  0.1650 (best*1e8:  0.1644/ 0.0299)
>> epoch [1541/3000], runtime:  15.32s, train err*1e8:  0.1645 (best*1e8:  0.1644/ 0.0299)
>> epoch [1542/3000], runtime:  14.89s, train err*1e8:  0.1672 (best*1e8:  0.1644/ 0.0299)
>> epoch [1543/3000], runtime:  14.71s, train err*1e8:  0.1635 (best*1e8:  0.1644/ 0.0299)
>> epoch [1544/3000], runtime:  15.00s, train err*1e8:  0.1628 (best*1e8:  0.1644/ 0.0299)
>> epoch [1545/3000], runtime:  14.83s, train err*1e8:  0.1627 (best*1e8:  0.1644/ 0.0299)
>> epoch [1546/3000], runtime: 15.05s, train err *1e8: 0.1629, valid err*1e8: 0.0296 , test err*1e8: 0.0391
>> epoch [1547/3000], runtime:  14.73s, train err*1e8:  0.1649 (best*1e8:  0.1629/ 0.0296)
>> epoch [1548/3000], runtime:  14.84s, train err*1e8:  0.1644 (best*1e8:  0.1629/ 0.0296)
>> epoch [1549/3000], runtime:  14.69s, train err*1e8:  0.1676 (best*1e8:  0.1629/ 0.0296)
>> epoch [1550/3000], runtime:  14.68s, train err*1e8:  0.1627 (best*1e8:  0.1629/ 0.0296)
>> epoch [1551/3000], runtime:  15.05s, train err*1e8:  0.1646 (best*1e8:  0.1629/ 0.0296)
>> epoch [1552/3000], runtime:  15.18s, train err*1e8:  0.1634 (best*1e8:  0.1629/ 0.0296)
>> epoch [1553/3000], runtime:  14.47s, train err*1e8:  0.1617 (best*1e8:  0.1629/ 0.0296)
>> epoch [1554/3000], runtime:  14.56s, train err*1e8:  0.1627 (best*1e8:  0.1629/ 0.0296)
>> epoch [1555/3000], runtime:  14.70s, train err*1e8:  0.1620 (best*1e8:  0.1629/ 0.0296)
>> epoch [1556/3000], runtime:  14.52s, train err*1e8:  0.1622 (best*1e8:  0.1629/ 0.0296)
>> epoch [1557/3000], runtime:  14.82s, train err*1e8:  0.1625 (best*1e8:  0.1629/ 0.0296)
>> epoch [1558/3000], runtime:  14.79s, train err*1e8:  0.1617 (best*1e8:  0.1629/ 0.0296)
>> epoch [1559/3000], runtime:  14.69s, train err*1e8:  0.1617 (best*1e8:  0.1629/ 0.0296)
>> epoch [1560/3000], runtime:  14.48s, train err*1e8:  0.1639 (best*1e8:  0.1629/ 0.0296)
>> epoch [1561/3000], runtime:  14.80s, train err*1e8:  0.1673 (best*1e8:  0.1629/ 0.0296)
>> epoch [1562/3000], runtime:  14.43s, train err*1e8:  0.1638 (best*1e8:  0.1629/ 0.0296)
>> epoch [1563/3000], runtime: 14.46s, train err *1e8: 0.1619, valid err*1e8: 0.0296 , test err*1e8: 0.0386
>> epoch [1564/3000], runtime:  14.49s, train err*1e8:  0.1624 (best*1e8:  0.1619/ 0.0296)
>> epoch [1565/3000], runtime:  14.43s, train err*1e8:  0.1632 (best*1e8:  0.1619/ 0.0296)
>> epoch [1566/3000], runtime:  14.41s, train err*1e8:  0.1613 (best*1e8:  0.1619/ 0.0296)
>> epoch [1567/3000], runtime:  14.48s, train err*1e8:  0.1621 (best*1e8:  0.1619/ 0.0296)
>> epoch [1568/3000], runtime:  14.45s, train err*1e8:  0.1625 (best*1e8:  0.1619/ 0.0296)
>> epoch [1569/3000], runtime:  14.53s, train err*1e8:  0.1628 (best*1e8:  0.1619/ 0.0296)
>> epoch [1570/3000], runtime:  14.56s, train err*1e8:  0.1620 (best*1e8:  0.1619/ 0.0296)
>> epoch [1571/3000], runtime:  14.44s, train err*1e8:  0.1621 (best*1e8:  0.1619/ 0.0296)
>> epoch [1572/3000], runtime:  14.65s, train err*1e8:  0.1659 (best*1e8:  0.1619/ 0.0296)
>> epoch [1573/3000], runtime:  14.68s, train err*1e8:  0.1650 (best*1e8:  0.1619/ 0.0296)
>> epoch [1574/3000], runtime:  14.56s, train err*1e8:  0.1647 (best*1e8:  0.1619/ 0.0296)
>> epoch [1575/3000], runtime:  14.81s, train err*1e8:  0.1621 (best*1e8:  0.1619/ 0.0296)
>> epoch [1576/3000], runtime:  14.54s, train err*1e8:  0.1626 (best*1e8:  0.1619/ 0.0296)
>> epoch [1577/3000], runtime:  14.70s, train err*1e8:  0.1610 (best*1e8:  0.1619/ 0.0296)
>> epoch [1578/3000], runtime:  15.03s, train err*1e8:  0.1620 (best*1e8:  0.1619/ 0.0296)
>> epoch [1579/3000], runtime:  15.41s, train err*1e8:  0.1624 (best*1e8:  0.1619/ 0.0296)
>> epoch [1580/3000], runtime:  15.27s, train err*1e8:  0.1608 (best*1e8:  0.1619/ 0.0296)
>> epoch [1581/3000], runtime:  14.71s, train err*1e8:  0.1632 (best*1e8:  0.1619/ 0.0296)
>> epoch [1582/3000], runtime:  15.08s, train err*1e8:  0.1613 (best*1e8:  0.1619/ 0.0296)
>> epoch [1583/3000], runtime:  14.74s, train err*1e8:  0.1613 (best*1e8:  0.1619/ 0.0296)
>> epoch [1584/3000], runtime:  14.69s, train err*1e8:  0.1612 (best*1e8:  0.1619/ 0.0296)
>> epoch [1585/3000], runtime:  14.62s, train err*1e8:  0.1639 (best*1e8:  0.1619/ 0.0296)
>> epoch [1586/3000], runtime:  14.73s, train err*1e8:  0.1625 (best*1e8:  0.1619/ 0.0296)
>> epoch [1587/3000], runtime:  14.95s, train err*1e8:  0.1615 (best*1e8:  0.1619/ 0.0296)
>> epoch [1588/3000], runtime: 15.03s, train err *1e8: 0.1607, valid err*1e8: 0.0295 , test err*1e8: 0.0385
>> epoch [1589/3000], runtime:  14.48s, train err*1e8:  0.1606 (best*1e8:  0.1607/ 0.0295)
>> epoch [1590/3000], runtime:  14.78s, train err*1e8:  0.1613 (best*1e8:  0.1607/ 0.0295)
>> epoch [1591/3000], runtime: 15.33s, train err *1e8: 0.1603, valid err*1e8: 0.0293 , test err*1e8: 0.0385
>> epoch [1592/3000], runtime:  15.12s, train err*1e8:  0.1594 (best*1e8:  0.1603/ 0.0293)
>> epoch [1593/3000], runtime:  14.84s, train err*1e8:  0.1597 (best*1e8:  0.1603/ 0.0293)
>> epoch [1594/3000], runtime:  14.83s, train err*1e8:  0.1614 (best*1e8:  0.1603/ 0.0293)
>> epoch [1595/3000], runtime:  14.49s, train err*1e8:  0.1624 (best*1e8:  0.1603/ 0.0293)
>> epoch [1596/3000], runtime:  14.59s, train err*1e8:  0.1606 (best*1e8:  0.1603/ 0.0293)
>> epoch [1597/3000], runtime:  15.56s, train err*1e8:  0.1599 (best*1e8:  0.1603/ 0.0293)
>> epoch [1598/3000], runtime:  15.25s, train err*1e8:  0.1614 (best*1e8:  0.1603/ 0.0293)
>> epoch [1599/3000], runtime:  14.54s, train err*1e8:  0.1607 (best*1e8:  0.1603/ 0.0293)
>> epoch [1600/3000], runtime:  15.02s, train err*1e8:  0.1615 (best*1e8:  0.1603/ 0.0293)
>> epoch [1601/3000], runtime: 15.08s, train err *1e8: 0.1599, valid err*1e8: 0.0292 , test err*1e8: 0.0388
>> epoch [1602/3000], runtime:  15.06s, train err*1e8:  0.1590 (best*1e8:  0.1599/ 0.0292)
>> epoch [1603/3000], runtime:  15.32s, train err*1e8:  0.1608 (best*1e8:  0.1599/ 0.0292)
>> epoch [1604/3000], runtime:  15.58s, train err*1e8:  0.1602 (best*1e8:  0.1599/ 0.0292)
>> epoch [1605/3000], runtime:  15.59s, train err*1e8:  0.1605 (best*1e8:  0.1599/ 0.0292)
>> epoch [1606/3000], runtime:  15.35s, train err*1e8:  0.1611 (best*1e8:  0.1599/ 0.0292)
>> epoch [1607/3000], runtime:  15.35s, train err*1e8:  0.1602 (best*1e8:  0.1599/ 0.0292)
>> epoch [1608/3000], runtime:  15.13s, train err*1e8:  0.1601 (best*1e8:  0.1599/ 0.0292)
>> epoch [1609/3000], runtime:  15.17s, train err*1e8:  0.1592 (best*1e8:  0.1599/ 0.0292)
>> epoch [1610/3000], runtime:  15.58s, train err*1e8:  0.1589 (best*1e8:  0.1599/ 0.0292)
>> epoch [1611/3000], runtime:  14.89s, train err*1e8:  0.1610 (best*1e8:  0.1599/ 0.0292)
>> epoch [1612/3000], runtime:  14.86s, train err*1e8:  0.1599 (best*1e8:  0.1599/ 0.0292)
>> epoch [1613/3000], runtime:  15.21s, train err*1e8:  0.1594 (best*1e8:  0.1599/ 0.0292)
>> epoch [1614/3000], runtime: 14.71s, train err *1e8: 0.1585, valid err*1e8: 0.0292 , test err*1e8: 0.0389
>> epoch [1615/3000], runtime:  14.52s, train err*1e8:  0.1608 (best*1e8:  0.1585/ 0.0292)
>> epoch [1616/3000], runtime:  15.15s, train err*1e8:  0.1642 (best*1e8:  0.1585/ 0.0292)
>> epoch [1617/3000], runtime:  14.75s, train err*1e8:  0.1607 (best*1e8:  0.1585/ 0.0292)
>> epoch [1618/3000], runtime:  14.62s, train err*1e8:  0.1607 (best*1e8:  0.1585/ 0.0292)
>> epoch [1619/3000], runtime:  15.20s, train err*1e8:  0.1587 (best*1e8:  0.1585/ 0.0292)
>> epoch [1620/3000], runtime:  14.81s, train err*1e8:  0.1603 (best*1e8:  0.1585/ 0.0292)
>> epoch [1621/3000], runtime:  15.33s, train err*1e8:  0.1586 (best*1e8:  0.1585/ 0.0292)
>> epoch [1622/3000], runtime:  15.33s, train err*1e8:  0.1585 (best*1e8:  0.1585/ 0.0292)
>> epoch [1623/3000], runtime:  15.33s, train err*1e8:  0.1600 (best*1e8:  0.1585/ 0.0292)
>> epoch [1624/3000], runtime:  15.46s, train err*1e8:  0.1591 (best*1e8:  0.1585/ 0.0292)
>> epoch [1625/3000], runtime:  15.17s, train err*1e8:  0.1618 (best*1e8:  0.1585/ 0.0292)
>> epoch [1626/3000], runtime:  15.61s, train err*1e8:  0.1631 (best*1e8:  0.1585/ 0.0292)
>> epoch [1627/3000], runtime:  15.22s, train err*1e8:  0.1589 (best*1e8:  0.1585/ 0.0292)
>> epoch [1628/3000], runtime:  14.89s, train err*1e8:  0.1602 (best*1e8:  0.1585/ 0.0292)
>> epoch [1629/3000], runtime:  15.05s, train err*1e8:  0.1607 (best*1e8:  0.1585/ 0.0292)
>> epoch [1630/3000], runtime: 14.79s, train err *1e8: 0.1580, valid err*1e8: 0.0291 , test err*1e8: 0.0376
>> epoch [1631/3000], runtime:  15.06s, train err*1e8:  0.1609 (best*1e8:  0.1580/ 0.0291)
>> epoch [1632/3000], runtime:  15.04s, train err*1e8:  0.1601 (best*1e8:  0.1580/ 0.0291)
>> epoch [1633/3000], runtime:  14.98s, train err*1e8:  0.1610 (best*1e8:  0.1580/ 0.0291)
>> epoch [1634/3000], runtime:  15.29s, train err*1e8:  0.1664 (best*1e8:  0.1580/ 0.0291)
>> epoch [1635/3000], runtime:  15.18s, train err*1e8:  0.1614 (best*1e8:  0.1580/ 0.0291)
>> epoch [1636/3000], runtime:  14.85s, train err*1e8:  0.1604 (best*1e8:  0.1580/ 0.0291)
>> epoch [1637/3000], runtime:  14.78s, train err*1e8:  0.1589 (best*1e8:  0.1580/ 0.0291)
>> epoch [1638/3000], runtime:  15.06s, train err*1e8:  0.1580 (best*1e8:  0.1580/ 0.0291)
>> epoch [1639/3000], runtime:  14.80s, train err*1e8:  0.1577 (best*1e8:  0.1580/ 0.0291)
>> epoch [1640/3000], runtime:  14.78s, train err*1e8:  0.1583 (best*1e8:  0.1580/ 0.0291)
>> epoch [1641/3000], runtime:  15.03s, train err*1e8:  0.1577 (best*1e8:  0.1580/ 0.0291)
>> epoch [1642/3000], runtime:  14.99s, train err*1e8:  0.1587 (best*1e8:  0.1580/ 0.0291)
>> epoch [1643/3000], runtime: 15.40s, train err *1e8: 0.1577, valid err*1e8: 0.0290 , test err*1e8: 0.0380
>> epoch [1644/3000], runtime: 15.54s, train err *1e8: 0.1571, valid err*1e8: 0.0290 , test err*1e8: 0.0377
>> epoch [1645/3000], runtime:  15.05s, train err*1e8:  0.1578 (best*1e8:  0.1571/ 0.0290)
>> epoch [1646/3000], runtime:  14.78s, train err*1e8:  0.1574 (best*1e8:  0.1571/ 0.0290)
>> epoch [1647/3000], runtime:  14.78s, train err*1e8:  0.1584 (best*1e8:  0.1571/ 0.0290)
>> epoch [1648/3000], runtime:  15.02s, train err*1e8:  0.1590 (best*1e8:  0.1571/ 0.0290)
>> epoch [1649/3000], runtime:  14.76s, train err*1e8:  0.1587 (best*1e8:  0.1571/ 0.0290)
>> epoch [1650/3000], runtime:  14.82s, train err*1e8:  0.1570 (best*1e8:  0.1571/ 0.0290)
>> epoch [1651/3000], runtime:  14.81s, train err*1e8:  0.1585 (best*1e8:  0.1571/ 0.0290)
>> epoch [1652/3000], runtime:  15.06s, train err*1e8:  0.1586 (best*1e8:  0.1571/ 0.0290)
>> epoch [1653/3000], runtime:  14.70s, train err*1e8:  0.1574 (best*1e8:  0.1571/ 0.0290)
>> epoch [1654/3000], runtime:  14.81s, train err*1e8:  0.1566 (best*1e8:  0.1571/ 0.0290)
>> epoch [1655/3000], runtime:  14.72s, train err*1e8:  0.1566 (best*1e8:  0.1571/ 0.0290)
>> epoch [1656/3000], runtime:  15.06s, train err*1e8:  0.1565 (best*1e8:  0.1571/ 0.0290)
>> epoch [1657/3000], runtime:  14.60s, train err*1e8:  0.1567 (best*1e8:  0.1571/ 0.0290)
>> epoch [1658/3000], runtime:  14.71s, train err*1e8:  0.1571 (best*1e8:  0.1571/ 0.0290)
>> epoch [1659/3000], runtime: 14.60s, train err *1e8: 0.1569, valid err*1e8: 0.0290 , test err*1e8: 0.0379
>> epoch [1660/3000], runtime:  14.53s, train err*1e8:  0.1574 (best*1e8:  0.1569/ 0.0290)
>> epoch [1661/3000], runtime:  14.86s, train err*1e8:  0.1574 (best*1e8:  0.1569/ 0.0290)
>> epoch [1662/3000], runtime: 14.46s, train err *1e8: 0.1565, valid err*1e8: 0.0289 , test err*1e8: 0.0377
>> epoch [1663/3000], runtime:  14.45s, train err*1e8:  0.1572 (best*1e8:  0.1565/ 0.0289)
>> epoch [1664/3000], runtime:  14.55s, train err*1e8:  0.1573 (best*1e8:  0.1565/ 0.0289)
>> epoch [1665/3000], runtime:  14.53s, train err*1e8:  0.1575 (best*1e8:  0.1565/ 0.0289)
>> epoch [1666/3000], runtime:  14.77s, train err*1e8:  0.1585 (best*1e8:  0.1565/ 0.0289)
>> epoch [1667/3000], runtime:  14.56s, train err*1e8:  0.1576 (best*1e8:  0.1565/ 0.0289)
>> epoch [1668/3000], runtime: 14.82s, train err *1e8: 0.1563, valid err*1e8: 0.0288 , test err*1e8: 0.0378
>> epoch [1669/3000], runtime:  14.58s, train err*1e8:  0.1563 (best*1e8:  0.1563/ 0.0288)
>> epoch [1670/3000], runtime:  14.66s, train err*1e8:  0.1568 (best*1e8:  0.1563/ 0.0288)
>> epoch [1671/3000], runtime:  14.58s, train err*1e8:  0.1571 (best*1e8:  0.1563/ 0.0288)
>> epoch [1672/3000], runtime:  15.20s, train err*1e8:  0.1573 (best*1e8:  0.1563/ 0.0288)
>> epoch [1673/3000], runtime:  14.66s, train err*1e8:  0.1554 (best*1e8:  0.1563/ 0.0288)
>> epoch [1674/3000], runtime: 14.83s, train err *1e8: 0.1560, valid err*1e8: 0.0288 , test err*1e8: 0.0373
>> epoch [1675/3000], runtime:  14.81s, train err*1e8:  0.1578 (best*1e8:  0.1560/ 0.0288)
>> epoch [1676/3000], runtime:  14.69s, train err*1e8:  0.1583 (best*1e8:  0.1560/ 0.0288)
>> epoch [1677/3000], runtime:  14.70s, train err*1e8:  0.1568 (best*1e8:  0.1560/ 0.0288)
>> epoch [1678/3000], runtime:  15.17s, train err*1e8:  0.1570 (best*1e8:  0.1560/ 0.0288)
>> epoch [1679/3000], runtime:  15.29s, train err*1e8:  0.1562 (best*1e8:  0.1560/ 0.0288)
>> epoch [1680/3000], runtime:  14.67s, train err*1e8:  0.1562 (best*1e8:  0.1560/ 0.0288)
>> epoch [1681/3000], runtime:  14.88s, train err*1e8:  0.1565 (best*1e8:  0.1560/ 0.0288)
>> epoch [1682/3000], runtime:  14.85s, train err*1e8:  0.1577 (best*1e8:  0.1560/ 0.0288)
>> epoch [1683/3000], runtime:  14.55s, train err*1e8:  0.1575 (best*1e8:  0.1560/ 0.0288)
>> epoch [1684/3000], runtime:  15.03s, train err*1e8:  0.1563 (best*1e8:  0.1560/ 0.0288)
>> epoch [1685/3000], runtime:  14.84s, train err*1e8:  0.1570 (best*1e8:  0.1560/ 0.0288)
>> epoch [1686/3000], runtime:  14.92s, train err*1e8:  0.1561 (best*1e8:  0.1560/ 0.0288)
>> epoch [1687/3000], runtime:  14.96s, train err*1e8:  0.1565 (best*1e8:  0.1560/ 0.0288)
>> epoch [1688/3000], runtime:  15.33s, train err*1e8:  0.1587 (best*1e8:  0.1560/ 0.0288)
>> epoch [1689/3000], runtime:  14.97s, train err*1e8:  0.1570 (best*1e8:  0.1560/ 0.0288)
>> epoch [1690/3000], runtime:  14.57s, train err*1e8:  0.1558 (best*1e8:  0.1560/ 0.0288)
>> epoch [1691/3000], runtime:  14.89s, train err*1e8:  0.1565 (best*1e8:  0.1560/ 0.0288)
>> epoch [1692/3000], runtime: 14.63s, train err *1e8: 0.1556, valid err*1e8: 0.0286 , test err*1e8: 0.0381
>> epoch [1693/3000], runtime:  14.59s, train err*1e8:  0.1560 (best*1e8:  0.1556/ 0.0286)
>> epoch [1694/3000], runtime:  14.78s, train err*1e8:  0.1554 (best*1e8:  0.1556/ 0.0286)
>> epoch [1695/3000], runtime:  15.06s, train err*1e8:  0.1550 (best*1e8:  0.1556/ 0.0286)
>> epoch [1696/3000], runtime:  14.72s, train err*1e8:  0.1546 (best*1e8:  0.1556/ 0.0286)
>> epoch [1697/3000], runtime:  14.55s, train err*1e8:  0.1550 (best*1e8:  0.1556/ 0.0286)
>> epoch [1698/3000], runtime:  14.60s, train err*1e8:  0.1549 (best*1e8:  0.1556/ 0.0286)
>> epoch [1699/3000], runtime:  15.21s, train err*1e8:  0.1556 (best*1e8:  0.1556/ 0.0286)
>> epoch [1700/3000], runtime:  15.41s, train err*1e8:  0.1557 (best*1e8:  0.1556/ 0.0286)
>> epoch [1701/3000], runtime:  15.00s, train err*1e8:  0.1567 (best*1e8:  0.1556/ 0.0286)
>> epoch [1702/3000], runtime:  15.07s, train err*1e8:  0.1558 (best*1e8:  0.1556/ 0.0286)
>> epoch [1703/3000], runtime:  15.04s, train err*1e8:  0.1547 (best*1e8:  0.1556/ 0.0286)
>> epoch [1704/3000], runtime:  15.19s, train err*1e8:  0.1557 (best*1e8:  0.1556/ 0.0286)
>> epoch [1705/3000], runtime:  14.99s, train err*1e8:  0.1559 (best*1e8:  0.1556/ 0.0286)
>> epoch [1706/3000], runtime:  15.13s, train err*1e8:  0.1559 (best*1e8:  0.1556/ 0.0286)
>> epoch [1707/3000], runtime:  15.40s, train err*1e8:  0.1562 (best*1e8:  0.1556/ 0.0286)
>> epoch [1708/3000], runtime:  15.33s, train err*1e8:  0.1558 (best*1e8:  0.1556/ 0.0286)
>> epoch [1709/3000], runtime:  15.57s, train err*1e8:  0.1542 (best*1e8:  0.1556/ 0.0286)
>> epoch [1710/3000], runtime:  15.42s, train err*1e8:  0.1551 (best*1e8:  0.1556/ 0.0286)
>> epoch [1711/3000], runtime:  14.82s, train err*1e8:  0.1536 (best*1e8:  0.1556/ 0.0286)
>> epoch [1712/3000], runtime:  15.35s, train err*1e8:  0.1556 (best*1e8:  0.1556/ 0.0286)
>> epoch [1713/3000], runtime:  15.31s, train err*1e8:  0.1554 (best*1e8:  0.1556/ 0.0286)
>> epoch [1714/3000], runtime:  14.97s, train err*1e8:  0.1554 (best*1e8:  0.1556/ 0.0286)
>> epoch [1715/3000], runtime:  14.99s, train err*1e8:  0.1537 (best*1e8:  0.1556/ 0.0286)
>> epoch [1716/3000], runtime:  14.95s, train err*1e8:  0.1545 (best*1e8:  0.1556/ 0.0286)
>> epoch [1717/3000], runtime:  15.07s, train err*1e8:  0.1554 (best*1e8:  0.1556/ 0.0286)
>> epoch [1718/3000], runtime:  15.58s, train err*1e8:  0.1557 (best*1e8:  0.1556/ 0.0286)
>> epoch [1719/3000], runtime:  15.27s, train err*1e8:  0.1555 (best*1e8:  0.1556/ 0.0286)
>> epoch [1720/3000], runtime:  15.57s, train err*1e8:  0.1549 (best*1e8:  0.1556/ 0.0286)
>> epoch [1721/3000], runtime: 15.63s, train err *1e8: 0.1540, valid err*1e8: 0.0285 , test err*1e8: 0.0381
>> epoch [1722/3000], runtime:  15.03s, train err*1e8:  0.1544 (best*1e8:  0.1540/ 0.0285)
>> epoch [1723/3000], runtime:  15.25s, train err*1e8:  0.1539 (best*1e8:  0.1540/ 0.0285)
>> epoch [1724/3000], runtime:  15.25s, train err*1e8:  0.1551 (best*1e8:  0.1540/ 0.0285)
>> epoch [1725/3000], runtime:  15.06s, train err*1e8:  0.1539 (best*1e8:  0.1540/ 0.0285)
>> epoch [1726/3000], runtime:  15.02s, train err*1e8:  0.1538 (best*1e8:  0.1540/ 0.0285)
>> epoch [1727/3000], runtime:  14.72s, train err*1e8:  0.1538 (best*1e8:  0.1540/ 0.0285)
>> epoch [1728/3000], runtime:  15.34s, train err*1e8:  0.1541 (best*1e8:  0.1540/ 0.0285)
>> epoch [1729/3000], runtime:  14.81s, train err*1e8:  0.1536 (best*1e8:  0.1540/ 0.0285)
>> epoch [1730/3000], runtime: 14.68s, train err *1e8: 0.1529, valid err*1e8: 0.0284 , test err*1e8: 0.0376
>> epoch [1731/3000], runtime:  14.87s, train err*1e8:  0.1541 (best*1e8:  0.1529/ 0.0284)
>> epoch [1732/3000], runtime:  14.90s, train err*1e8:  0.1545 (best*1e8:  0.1529/ 0.0284)
>> epoch [1733/3000], runtime:  14.99s, train err*1e8:  0.1556 (best*1e8:  0.1529/ 0.0284)
>> epoch [1734/3000], runtime:  15.06s, train err*1e8:  0.1538 (best*1e8:  0.1529/ 0.0284)
>> epoch [1735/3000], runtime:  14.67s, train err*1e8:  0.1534 (best*1e8:  0.1529/ 0.0284)
>> epoch [1736/3000], runtime:  14.89s, train err*1e8:  0.1564 (best*1e8:  0.1529/ 0.0284)
>> epoch [1737/3000], runtime:  15.06s, train err*1e8:  0.1548 (best*1e8:  0.1529/ 0.0284)
>> epoch [1738/3000], runtime:  15.06s, train err*1e8:  0.1537 (best*1e8:  0.1529/ 0.0284)
>> epoch [1739/3000], runtime:  15.09s, train err*1e8:  0.1543 (best*1e8:  0.1529/ 0.0284)
>> epoch [1740/3000], runtime:  14.78s, train err*1e8:  0.1554 (best*1e8:  0.1529/ 0.0284)
>> epoch [1741/3000], runtime:  14.55s, train err*1e8:  0.1546 (best*1e8:  0.1529/ 0.0284)
>> epoch [1742/3000], runtime:  14.73s, train err*1e8:  0.1535 (best*1e8:  0.1529/ 0.0284)
>> epoch [1743/3000], runtime:  14.62s, train err*1e8:  0.1529 (best*1e8:  0.1529/ 0.0284)
>> epoch [1744/3000], runtime:  14.52s, train err*1e8:  0.1544 (best*1e8:  0.1529/ 0.0284)
>> epoch [1745/3000], runtime:  14.42s, train err*1e8:  0.1538 (best*1e8:  0.1529/ 0.0284)
>> epoch [1746/3000], runtime:  14.59s, train err*1e8:  0.1537 (best*1e8:  0.1529/ 0.0284)
>> epoch [1747/3000], runtime:  14.75s, train err*1e8:  0.1527 (best*1e8:  0.1529/ 0.0284)
>> epoch [1748/3000], runtime:  14.74s, train err*1e8:  0.1528 (best*1e8:  0.1529/ 0.0284)
>> epoch [1749/3000], runtime:  14.51s, train err*1e8:  0.1545 (best*1e8:  0.1529/ 0.0284)
>> epoch [1750/3000], runtime:  14.55s, train err*1e8:  0.1531 (best*1e8:  0.1529/ 0.0284)
>> epoch [1751/3000], runtime:  14.53s, train err*1e8:  0.1538 (best*1e8:  0.1529/ 0.0284)
>> epoch [1752/3000], runtime:  14.42s, train err*1e8:  0.1525 (best*1e8:  0.1529/ 0.0284)
>> epoch [1753/3000], runtime: 14.53s, train err *1e8: 0.1525, valid err*1e8: 0.0281 , test err*1e8: 0.0367
>> epoch [1754/3000], runtime:  14.49s, train err*1e8:  0.1538 (best*1e8:  0.1525/ 0.0281)
>> epoch [1755/3000], runtime:  14.64s, train err*1e8:  0.1527 (best*1e8:  0.1525/ 0.0281)
>> epoch [1756/3000], runtime:  14.45s, train err*1e8:  0.1538 (best*1e8:  0.1525/ 0.0281)
>> epoch [1757/3000], runtime:  14.33s, train err*1e8:  0.1533 (best*1e8:  0.1525/ 0.0281)
>> epoch [1758/3000], runtime:  14.44s, train err*1e8:  0.1530 (best*1e8:  0.1525/ 0.0281)
>> epoch [1759/3000], runtime:  14.64s, train err*1e8:  0.1536 (best*1e8:  0.1525/ 0.0281)
>> epoch [1760/3000], runtime:  14.71s, train err*1e8:  0.1565 (best*1e8:  0.1525/ 0.0281)
>> epoch [1761/3000], runtime:  14.50s, train err*1e8:  0.1537 (best*1e8:  0.1525/ 0.0281)
>> epoch [1762/3000], runtime:  14.67s, train err*1e8:  0.1541 (best*1e8:  0.1525/ 0.0281)
>> epoch [1763/3000], runtime:  14.48s, train err*1e8:  0.1541 (best*1e8:  0.1525/ 0.0281)
>> epoch [1764/3000], runtime:  14.52s, train err*1e8:  0.1523 (best*1e8:  0.1525/ 0.0281)
>> epoch [1765/3000], runtime:  14.45s, train err*1e8:  0.1532 (best*1e8:  0.1525/ 0.0281)
>> epoch [1766/3000], runtime:  14.54s, train err*1e8:  0.1525 (best*1e8:  0.1525/ 0.0281)
>> epoch [1767/3000], runtime:  14.53s, train err*1e8:  0.1535 (best*1e8:  0.1525/ 0.0281)
>> epoch [1768/3000], runtime:  14.52s, train err*1e8:  0.1530 (best*1e8:  0.1525/ 0.0281)
>> epoch [1769/3000], runtime:  14.54s, train err*1e8:  0.1528 (best*1e8:  0.1525/ 0.0281)
>> epoch [1770/3000], runtime:  14.55s, train err*1e8:  0.1529 (best*1e8:  0.1525/ 0.0281)
>> epoch [1771/3000], runtime:  14.49s, train err*1e8:  0.1564 (best*1e8:  0.1525/ 0.0281)
>> epoch [1772/3000], runtime:  14.49s, train err*1e8:  0.1535 (best*1e8:  0.1525/ 0.0281)
>> epoch [1773/3000], runtime:  14.48s, train err*1e8:  0.1524 (best*1e8:  0.1525/ 0.0281)
>> epoch [1774/3000], runtime:  14.50s, train err*1e8:  0.1523 (best*1e8:  0.1525/ 0.0281)
>> epoch [1775/3000], runtime:  14.52s, train err*1e8:  0.1564 (best*1e8:  0.1525/ 0.0281)
>> epoch [1776/3000], runtime:  14.46s, train err*1e8:  0.1538 (best*1e8:  0.1525/ 0.0281)
>> epoch [1777/3000], runtime:  14.55s, train err*1e8:  0.1542 (best*1e8:  0.1525/ 0.0281)
>> epoch [1778/3000], runtime:  14.47s, train err*1e8:  0.1527 (best*1e8:  0.1525/ 0.0281)
>> epoch [1779/3000], runtime: 14.51s, train err *1e8: 0.1524, valid err*1e8: 0.0281 , test err*1e8: 0.0367
>> epoch [1780/3000], runtime: 14.50s, train err *1e8: 0.1524, valid err*1e8: 0.0280 , test err*1e8: 0.0368
>> epoch [1781/3000], runtime:  14.55s, train err*1e8:  0.1522 (best*1e8:  0.1524/ 0.0280)
>> epoch [1782/3000], runtime:  14.50s, train err*1e8:  0.1520 (best*1e8:  0.1524/ 0.0280)
>> epoch [1783/3000], runtime:  14.53s, train err*1e8:  0.1555 (best*1e8:  0.1524/ 0.0280)
>> epoch [1784/3000], runtime:  14.57s, train err*1e8:  0.1529 (best*1e8:  0.1524/ 0.0280)
>> epoch [1785/3000], runtime:  14.49s, train err*1e8:  0.1526 (best*1e8:  0.1524/ 0.0280)
>> epoch [1786/3000], runtime:  14.57s, train err*1e8:  0.1513 (best*1e8:  0.1524/ 0.0280)
>> epoch [1787/3000], runtime:  14.45s, train err*1e8:  0.1518 (best*1e8:  0.1524/ 0.0280)
>> epoch [1788/3000], runtime:  14.53s, train err*1e8:  0.1530 (best*1e8:  0.1524/ 0.0280)
>> epoch [1789/3000], runtime:  14.51s, train err*1e8:  0.1515 (best*1e8:  0.1524/ 0.0280)
>> epoch [1790/3000], runtime: 14.48s, train err *1e8: 0.1512, valid err*1e8: 0.0279 , test err*1e8: 0.0367
>> epoch [1791/3000], runtime:  14.51s, train err*1e8:  0.1513 (best*1e8:  0.1512/ 0.0279)
>> epoch [1792/3000], runtime:  14.39s, train err*1e8:  0.1511 (best*1e8:  0.1512/ 0.0279)
>> epoch [1793/3000], runtime:  14.41s, train err*1e8:  0.1517 (best*1e8:  0.1512/ 0.0279)
>> epoch [1794/3000], runtime:  14.54s, train err*1e8:  0.1511 (best*1e8:  0.1512/ 0.0279)
>> epoch [1795/3000], runtime:  14.54s, train err*1e8:  0.1522 (best*1e8:  0.1512/ 0.0279)
>> epoch [1796/3000], runtime:  14.51s, train err*1e8:  0.1518 (best*1e8:  0.1512/ 0.0279)
>> epoch [1797/3000], runtime:  14.54s, train err*1e8:  0.1515 (best*1e8:  0.1512/ 0.0279)
>> epoch [1798/3000], runtime:  14.55s, train err*1e8:  0.1511 (best*1e8:  0.1512/ 0.0279)
>> epoch [1799/3000], runtime:  15.25s, train err*1e8:  0.1511 (best*1e8:  0.1512/ 0.0279)
>> epoch [1800/3000], runtime:  15.24s, train err*1e8:  0.1512 (best*1e8:  0.1512/ 0.0279)
>> epoch [1801/3000], runtime: 15.28s, train err *1e8: 0.1511, valid err*1e8: 0.0278 , test err*1e8: 0.0369
>> epoch [1802/3000], runtime:  15.38s, train err*1e8:  0.1508 (best*1e8:  0.1511/ 0.0278)
>> epoch [1803/3000], runtime:  15.52s, train err*1e8:  0.1517 (best*1e8:  0.1511/ 0.0278)
>> epoch [1804/3000], runtime:  15.42s, train err*1e8:  0.1505 (best*1e8:  0.1511/ 0.0278)
>> epoch [1805/3000], runtime:  15.02s, train err*1e8:  0.1513 (best*1e8:  0.1511/ 0.0278)
>> epoch [1806/3000], runtime:  14.87s, train err*1e8:  0.1514 (best*1e8:  0.1511/ 0.0278)
>> epoch [1807/3000], runtime:  14.88s, train err*1e8:  0.1519 (best*1e8:  0.1511/ 0.0278)
>> epoch [1808/3000], runtime:  14.86s, train err*1e8:  0.1502 (best*1e8:  0.1511/ 0.0278)
>> epoch [1809/3000], runtime:  14.64s, train err*1e8:  0.1508 (best*1e8:  0.1511/ 0.0278)
>> epoch [1810/3000], runtime:  14.76s, train err*1e8:  0.1516 (best*1e8:  0.1511/ 0.0278)
>> epoch [1811/3000], runtime:  14.88s, train err*1e8:  0.1519 (best*1e8:  0.1511/ 0.0278)
>> epoch [1812/3000], runtime:  14.75s, train err*1e8:  0.1528 (best*1e8:  0.1511/ 0.0278)
>> epoch [1813/3000], runtime:  14.84s, train err*1e8:  0.1513 (best*1e8:  0.1511/ 0.0278)
>> epoch [1814/3000], runtime:  14.80s, train err*1e8:  0.1527 (best*1e8:  0.1511/ 0.0278)
>> epoch [1815/3000], runtime:  14.81s, train err*1e8:  0.1518 (best*1e8:  0.1511/ 0.0278)
>> epoch [1816/3000], runtime:  14.69s, train err*1e8:  0.1503 (best*1e8:  0.1511/ 0.0278)
>> epoch [1817/3000], runtime:  14.82s, train err*1e8:  0.1508 (best*1e8:  0.1511/ 0.0278)
>> epoch [1818/3000], runtime:  14.52s, train err*1e8:  0.1501 (best*1e8:  0.1511/ 0.0278)
>> epoch [1819/3000], runtime:  14.43s, train err*1e8:  0.1501 (best*1e8:  0.1511/ 0.0278)
>> epoch [1820/3000], runtime:  14.58s, train err*1e8:  0.1545 (best*1e8:  0.1511/ 0.0278)
>> epoch [1821/3000], runtime:  14.53s, train err*1e8:  0.1517 (best*1e8:  0.1511/ 0.0278)
>> epoch [1822/3000], runtime:  14.87s, train err*1e8:  0.1497 (best*1e8:  0.1511/ 0.0278)
>> epoch [1823/3000], runtime:  14.46s, train err*1e8:  0.1504 (best*1e8:  0.1511/ 0.0278)
>> epoch [1824/3000], runtime:  14.70s, train err*1e8:  0.1518 (best*1e8:  0.1511/ 0.0278)
>> epoch [1825/3000], runtime: 14.40s, train err *1e8: 0.1508, valid err*1e8: 0.0278 , test err*1e8: 0.0364
>> epoch [1826/3000], runtime: 14.57s, train err *1e8: 0.1499, valid err*1e8: 0.0277 , test err*1e8: 0.0363
>> epoch [1827/3000], runtime:  14.54s, train err*1e8:  0.1499 (best*1e8:  0.1499/ 0.0277)
>> epoch [1828/3000], runtime:  14.42s, train err*1e8:  0.1503 (best*1e8:  0.1499/ 0.0277)
>> epoch [1829/3000], runtime:  14.68s, train err*1e8:  0.1517 (best*1e8:  0.1499/ 0.0277)
>> epoch [1830/3000], runtime:  14.57s, train err*1e8:  0.1498 (best*1e8:  0.1499/ 0.0277)
>> epoch [1831/3000], runtime:  14.83s, train err*1e8:  0.1497 (best*1e8:  0.1499/ 0.0277)
>> epoch [1832/3000], runtime:  15.05s, train err*1e8:  0.1505 (best*1e8:  0.1499/ 0.0277)
>> epoch [1833/3000], runtime:  14.47s, train err*1e8:  0.1503 (best*1e8:  0.1499/ 0.0277)
>> epoch [1834/3000], runtime:  14.84s, train err*1e8:  0.1499 (best*1e8:  0.1499/ 0.0277)
>> epoch [1835/3000], runtime:  14.48s, train err*1e8:  0.1496 (best*1e8:  0.1499/ 0.0277)
>> epoch [1836/3000], runtime:  14.87s, train err*1e8:  0.1501 (best*1e8:  0.1499/ 0.0277)
>> epoch [1837/3000], runtime:  14.71s, train err*1e8:  0.1507 (best*1e8:  0.1499/ 0.0277)
>> epoch [1838/3000], runtime:  14.53s, train err*1e8:  0.1509 (best*1e8:  0.1499/ 0.0277)
>> epoch [1839/3000], runtime:  14.44s, train err*1e8:  0.1503 (best*1e8:  0.1499/ 0.0277)
>> epoch [1840/3000], runtime:  14.45s, train err*1e8:  0.1495 (best*1e8:  0.1499/ 0.0277)
>> epoch [1841/3000], runtime:  14.58s, train err*1e8:  0.1499 (best*1e8:  0.1499/ 0.0277)
>> epoch [1842/3000], runtime:  14.86s, train err*1e8:  0.1512 (best*1e8:  0.1499/ 0.0277)
>> epoch [1843/3000], runtime:  14.49s, train err*1e8:  0.1503 (best*1e8:  0.1499/ 0.0277)
>> epoch [1844/3000], runtime:  14.47s, train err*1e8:  0.1487 (best*1e8:  0.1499/ 0.0277)
>> epoch [1845/3000], runtime:  14.50s, train err*1e8:  0.1496 (best*1e8:  0.1499/ 0.0277)
>> epoch [1846/3000], runtime:  14.57s, train err*1e8:  0.1504 (best*1e8:  0.1499/ 0.0277)
>> epoch [1847/3000], runtime:  14.76s, train err*1e8:  0.1507 (best*1e8:  0.1499/ 0.0277)
>> epoch [1848/3000], runtime:  14.43s, train err*1e8:  0.1529 (best*1e8:  0.1499/ 0.0277)
>> epoch [1849/3000], runtime: 14.44s, train err *1e8: 0.1497, valid err*1e8: 0.0276 , test err*1e8: 0.0361
>> epoch [1850/3000], runtime:  14.54s, train err*1e8:  0.1500 (best*1e8:  0.1497/ 0.0276)
>> epoch [1851/3000], runtime:  14.54s, train err*1e8:  0.1502 (best*1e8:  0.1497/ 0.0276)
>> epoch [1852/3000], runtime:  14.47s, train err*1e8:  0.1495 (best*1e8:  0.1497/ 0.0276)
>> epoch [1853/3000], runtime:  14.50s, train err*1e8:  0.1501 (best*1e8:  0.1497/ 0.0276)
>> epoch [1854/3000], runtime:  14.67s, train err*1e8:  0.1493 (best*1e8:  0.1497/ 0.0276)
>> epoch [1855/3000], runtime:  14.58s, train err*1e8:  0.1490 (best*1e8:  0.1497/ 0.0276)
>> epoch [1856/3000], runtime:  14.52s, train err*1e8:  0.1487 (best*1e8:  0.1497/ 0.0276)
>> epoch [1857/3000], runtime:  14.49s, train err*1e8:  0.1490 (best*1e8:  0.1497/ 0.0276)
>> epoch [1858/3000], runtime:  14.49s, train err*1e8:  0.1496 (best*1e8:  0.1497/ 0.0276)
>> epoch [1859/3000], runtime:  14.62s, train err*1e8:  0.1500 (best*1e8:  0.1497/ 0.0276)
>> epoch [1860/3000], runtime:  14.51s, train err*1e8:  0.1485 (best*1e8:  0.1497/ 0.0276)
>> epoch [1861/3000], runtime:  14.46s, train err*1e8:  0.1484 (best*1e8:  0.1497/ 0.0276)
>> epoch [1862/3000], runtime:  14.72s, train err*1e8:  0.1489 (best*1e8:  0.1497/ 0.0276)
>> epoch [1863/3000], runtime:  14.49s, train err*1e8:  0.1486 (best*1e8:  0.1497/ 0.0276)
>> epoch [1864/3000], runtime:  14.72s, train err*1e8:  0.1493 (best*1e8:  0.1497/ 0.0276)
>> epoch [1865/3000], runtime:  14.49s, train err*1e8:  0.1488 (best*1e8:  0.1497/ 0.0276)
>> epoch [1866/3000], runtime:  14.53s, train err*1e8:  0.1484 (best*1e8:  0.1497/ 0.0276)
>> epoch [1867/3000], runtime:  14.45s, train err*1e8:  0.1493 (best*1e8:  0.1497/ 0.0276)
>> epoch [1868/3000], runtime:  14.53s, train err*1e8:  0.1486 (best*1e8:  0.1497/ 0.0276)
>> epoch [1869/3000], runtime:  14.66s, train err*1e8:  0.1488 (best*1e8:  0.1497/ 0.0276)
>> epoch [1870/3000], runtime:  14.51s, train err*1e8:  0.1506 (best*1e8:  0.1497/ 0.0276)
>> epoch [1871/3000], runtime:  14.49s, train err*1e8:  0.1493 (best*1e8:  0.1497/ 0.0276)
>> epoch [1872/3000], runtime:  14.63s, train err*1e8:  0.1484 (best*1e8:  0.1497/ 0.0276)
>> epoch [1873/3000], runtime:  14.49s, train err*1e8:  0.1478 (best*1e8:  0.1497/ 0.0276)
>> epoch [1874/3000], runtime: 14.55s, train err *1e8: 0.1486, valid err*1e8: 0.0275 , test err*1e8: 0.0364
>> epoch [1875/3000], runtime:  14.68s, train err*1e8:  0.1483 (best*1e8:  0.1486/ 0.0275)
>> epoch [1876/3000], runtime:  14.48s, train err*1e8:  0.1491 (best*1e8:  0.1486/ 0.0275)
>> epoch [1877/3000], runtime:  14.54s, train err*1e8:  0.1487 (best*1e8:  0.1486/ 0.0275)
>> epoch [1878/3000], runtime:  14.55s, train err*1e8:  0.1488 (best*1e8:  0.1486/ 0.0275)
>> epoch [1879/3000], runtime:  14.65s, train err*1e8:  0.1499 (best*1e8:  0.1486/ 0.0275)
>> epoch [1880/3000], runtime:  14.42s, train err*1e8:  0.1483 (best*1e8:  0.1486/ 0.0275)
>> epoch [1881/3000], runtime:  14.62s, train err*1e8:  0.1480 (best*1e8:  0.1486/ 0.0275)
>> epoch [1882/3000], runtime:  14.62s, train err*1e8:  0.1486 (best*1e8:  0.1486/ 0.0275)
>> epoch [1883/3000], runtime:  14.44s, train err*1e8:  0.1486 (best*1e8:  0.1486/ 0.0275)
>> epoch [1884/3000], runtime:  14.46s, train err*1e8:  0.1485 (best*1e8:  0.1486/ 0.0275)
>> epoch [1885/3000], runtime: 14.80s, train err *1e8: 0.1484, valid err*1e8: 0.0275 , test err*1e8: 0.0359
>> epoch [1886/3000], runtime:  15.31s, train err*1e8:  0.1479 (best*1e8:  0.1484/ 0.0275)
>> epoch [1887/3000], runtime:  16.30s, train err*1e8:  0.1498 (best*1e8:  0.1484/ 0.0275)
>> epoch [1888/3000], runtime:  16.78s, train err*1e8:  0.1486 (best*1e8:  0.1484/ 0.0275)
>> epoch [1889/3000], runtime:  17.86s, train err*1e8:  0.1481 (best*1e8:  0.1484/ 0.0275)
>> epoch [1890/3000], runtime:  17.52s, train err*1e8:  0.1491 (best*1e8:  0.1484/ 0.0275)
>> epoch [1891/3000], runtime:  17.71s, train err*1e8:  0.1484 (best*1e8:  0.1484/ 0.0275)
>> epoch [1892/3000], runtime:  18.12s, train err*1e8:  0.1478 (best*1e8:  0.1484/ 0.0275)
>> epoch [1893/3000], runtime:  17.63s, train err*1e8:  0.1482 (best*1e8:  0.1484/ 0.0275)
>> epoch [1894/3000], runtime:  17.53s, train err*1e8:  0.1483 (best*1e8:  0.1484/ 0.0275)
>> epoch [1895/3000], runtime: 18.17s, train err *1e8: 0.1479, valid err*1e8: 0.0275 , test err*1e8: 0.0357
>> epoch [1896/3000], runtime:  18.18s, train err*1e8:  0.1480 (best*1e8:  0.1479/ 0.0275)
>> epoch [1897/3000], runtime:  18.18s, train err*1e8:  0.1479 (best*1e8:  0.1479/ 0.0275)
>> epoch [1898/3000], runtime:  17.62s, train err*1e8:  0.1478 (best*1e8:  0.1479/ 0.0275)
>> epoch [1899/3000], runtime:  17.62s, train err*1e8:  0.1474 (best*1e8:  0.1479/ 0.0275)
>> epoch [1900/3000], runtime:  17.06s, train err*1e8:  0.1481 (best*1e8:  0.1479/ 0.0275)
>> epoch [1901/3000], runtime:  16.41s, train err*1e8:  0.1485 (best*1e8:  0.1479/ 0.0275)
>> epoch [1902/3000], runtime:  16.25s, train err*1e8:  0.1480 (best*1e8:  0.1479/ 0.0275)
>> epoch [1903/3000], runtime:  16.25s, train err*1e8:  0.1478 (best*1e8:  0.1479/ 0.0275)
>> epoch [1904/3000], runtime:  16.50s, train err*1e8:  0.1492 (best*1e8:  0.1479/ 0.0275)
>> epoch [1905/3000], runtime:  17.11s, train err*1e8:  0.1491 (best*1e8:  0.1479/ 0.0275)
>> epoch [1906/3000], runtime:  16.50s, train err*1e8:  0.1483 (best*1e8:  0.1479/ 0.0275)
>> epoch [1907/3000], runtime:  17.67s, train err*1e8:  0.1481 (best*1e8:  0.1479/ 0.0275)
>> epoch [1908/3000], runtime:  17.13s, train err*1e8:  0.1476 (best*1e8:  0.1479/ 0.0275)
>> epoch [1909/3000], runtime: 17.02s, train err *1e8: 0.1478, valid err*1e8: 0.0275 , test err*1e8: 0.0354
>> epoch [1910/3000], runtime:  17.14s, train err*1e8:  0.1477 (best*1e8:  0.1478/ 0.0275)
>> epoch [1911/3000], runtime: 17.90s, train err *1e8: 0.1470, valid err*1e8: 0.0274 , test err*1e8: 0.0359
>> epoch [1912/3000], runtime:  17.15s, train err*1e8:  0.1470 (best*1e8:  0.1470/ 0.0274)
>> epoch [1913/3000], runtime:  18.27s, train err*1e8:  0.1481 (best*1e8:  0.1470/ 0.0274)
>> epoch [1914/3000], runtime:  18.25s, train err*1e8:  0.1476 (best*1e8:  0.1470/ 0.0274)
>> epoch [1915/3000], runtime:  17.69s, train err*1e8:  0.1475 (best*1e8:  0.1470/ 0.0274)
>> epoch [1916/3000], runtime:  18.27s, train err*1e8:  0.1480 (best*1e8:  0.1470/ 0.0274)
>> epoch [1917/3000], runtime:  18.15s, train err*1e8:  0.1473 (best*1e8:  0.1470/ 0.0274)
>> epoch [1918/3000], runtime:  18.29s, train err*1e8:  0.1469 (best*1e8:  0.1470/ 0.0274)
>> epoch [1919/3000], runtime:  17.27s, train err*1e8:  0.1476 (best*1e8:  0.1470/ 0.0274)
>> epoch [1920/3000], runtime:  17.36s, train err*1e8:  0.1476 (best*1e8:  0.1470/ 0.0274)
>> epoch [1921/3000], runtime:  17.48s, train err*1e8:  0.1473 (best*1e8:  0.1470/ 0.0274)
>> epoch [1922/3000], runtime:  18.25s, train err*1e8:  0.1501 (best*1e8:  0.1470/ 0.0274)
>> epoch [1923/3000], runtime:  17.64s, train err*1e8:  0.1473 (best*1e8:  0.1470/ 0.0274)
>> epoch [1924/3000], runtime:  17.71s, train err*1e8:  0.1472 (best*1e8:  0.1470/ 0.0274)
>> epoch [1925/3000], runtime:  17.69s, train err*1e8:  0.1476 (best*1e8:  0.1470/ 0.0274)
>> epoch [1926/3000], runtime:  18.17s, train err*1e8:  0.1479 (best*1e8:  0.1470/ 0.0274)
>> epoch [1927/3000], runtime:  18.26s, train err*1e8:  0.1475 (best*1e8:  0.1470/ 0.0274)
>> epoch [1928/3000], runtime:  18.29s, train err*1e8:  0.1479 (best*1e8:  0.1470/ 0.0274)
>> epoch [1929/3000], runtime:  17.17s, train err*1e8:  0.1473 (best*1e8:  0.1470/ 0.0274)
>> epoch [1930/3000], runtime:  18.26s, train err*1e8:  0.1486 (best*1e8:  0.1470/ 0.0274)
>> epoch [1931/3000], runtime:  18.19s, train err*1e8:  0.1478 (best*1e8:  0.1470/ 0.0274)
>> epoch [1932/3000], runtime:  17.08s, train err*1e8:  0.1466 (best*1e8:  0.1470/ 0.0274)
>> epoch [1933/3000], runtime:  17.69s, train err*1e8:  0.1473 (best*1e8:  0.1470/ 0.0274)
>> epoch [1934/3000], runtime:  18.27s, train err*1e8:  0.1466 (best*1e8:  0.1470/ 0.0274)
>> epoch [1935/3000], runtime:  17.63s, train err*1e8:  0.1470 (best*1e8:  0.1470/ 0.0274)
>> epoch [1936/3000], runtime:  18.27s, train err*1e8:  0.1471 (best*1e8:  0.1470/ 0.0274)
>> epoch [1937/3000], runtime:  17.70s, train err*1e8:  0.1467 (best*1e8:  0.1470/ 0.0274)
>> epoch [1938/3000], runtime:  17.67s, train err*1e8:  0.1466 (best*1e8:  0.1470/ 0.0274)
>> epoch [1939/3000], runtime:  18.29s, train err*1e8:  0.1472 (best*1e8:  0.1470/ 0.0274)
>> epoch [1940/3000], runtime: 18.26s, train err *1e8: 0.1464, valid err*1e8: 0.0273 , test err*1e8: 0.0354
>> epoch [1941/3000], runtime:  17.43s, train err*1e8:  0.1470 (best*1e8:  0.1464/ 0.0273)
>> epoch [1942/3000], runtime:  18.27s, train err*1e8:  0.1463 (best*1e8:  0.1464/ 0.0273)
>> epoch [1943/3000], runtime:  18.27s, train err*1e8:  0.1461 (best*1e8:  0.1464/ 0.0273)
>> epoch [1944/3000], runtime:  17.71s, train err*1e8:  0.1474 (best*1e8:  0.1464/ 0.0273)
>> epoch [1945/3000], runtime:  17.12s, train err*1e8:  0.1469 (best*1e8:  0.1464/ 0.0273)
>> epoch [1946/3000], runtime:  18.16s, train err*1e8:  0.1459 (best*1e8:  0.1464/ 0.0273)
>> epoch [1947/3000], runtime: 18.27s, train err *1e8: 0.1460, valid err*1e8: 0.0273 , test err*1e8: 0.0356
>> epoch [1948/3000], runtime:  17.62s, train err*1e8:  0.1458 (best*1e8:  0.1460/ 0.0273)
>> epoch [1949/3000], runtime:  18.28s, train err*1e8:  0.1468 (best*1e8:  0.1460/ 0.0273)
>> epoch [1950/3000], runtime:  18.27s, train err*1e8:  0.1471 (best*1e8:  0.1460/ 0.0273)
>> epoch [1951/3000], runtime:  18.25s, train err*1e8:  0.1467 (best*1e8:  0.1460/ 0.0273)
>> epoch [1952/3000], runtime:  17.38s, train err*1e8:  0.1463 (best*1e8:  0.1460/ 0.0273)
>> epoch [1953/3000], runtime:  18.03s, train err*1e8:  0.1465 (best*1e8:  0.1460/ 0.0273)
>> epoch [1954/3000], runtime:  18.26s, train err*1e8:  0.1460 (best*1e8:  0.1460/ 0.0273)
>> epoch [1955/3000], runtime:  18.26s, train err*1e8:  0.1469 (best*1e8:  0.1460/ 0.0273)
>> epoch [1956/3000], runtime:  18.26s, train err*1e8:  0.1464 (best*1e8:  0.1460/ 0.0273)
>> epoch [1957/3000], runtime:  18.28s, train err*1e8:  0.1462 (best*1e8:  0.1460/ 0.0273)
>> epoch [1958/3000], runtime:  17.68s, train err*1e8:  0.1466 (best*1e8:  0.1460/ 0.0273)
>> epoch [1959/3000], runtime:  18.23s, train err*1e8:  0.1462 (best*1e8:  0.1460/ 0.0273)
>> epoch [1960/3000], runtime:  17.09s, train err*1e8:  0.1460 (best*1e8:  0.1460/ 0.0273)
>> epoch [1961/3000], runtime:  17.99s, train err*1e8:  0.1476 (best*1e8:  0.1460/ 0.0273)
>> epoch [1962/3000], runtime:  18.04s, train err*1e8:  0.1488 (best*1e8:  0.1460/ 0.0273)
>> epoch [1963/3000], runtime:  17.70s, train err*1e8:  0.1462 (best*1e8:  0.1460/ 0.0273)
>> epoch [1964/3000], runtime:  17.32s, train err*1e8:  0.1458 (best*1e8:  0.1460/ 0.0273)
>> epoch [1965/3000], runtime:  17.71s, train err*1e8:  0.1466 (best*1e8:  0.1460/ 0.0273)
>> epoch [1966/3000], runtime:  17.10s, train err*1e8:  0.1464 (best*1e8:  0.1460/ 0.0273)
>> epoch [1967/3000], runtime:  17.68s, train err*1e8:  0.1465 (best*1e8:  0.1460/ 0.0273)
>> epoch [1968/3000], runtime:  17.68s, train err*1e8:  0.1465 (best*1e8:  0.1460/ 0.0273)
>> epoch [1969/3000], runtime:  17.69s, train err*1e8:  0.1464 (best*1e8:  0.1460/ 0.0273)
>> epoch [1970/3000], runtime:  18.27s, train err*1e8:  0.1474 (best*1e8:  0.1460/ 0.0273)
>> epoch [1971/3000], runtime:  17.12s, train err*1e8:  0.1470 (best*1e8:  0.1460/ 0.0273)
>> epoch [1972/3000], runtime:  17.71s, train err*1e8:  0.1479 (best*1e8:  0.1460/ 0.0273)
>> epoch [1973/3000], runtime:  18.24s, train err*1e8:  0.1468 (best*1e8:  0.1460/ 0.0273)
>> epoch [1974/3000], runtime:  17.29s, train err*1e8:  0.1472 (best*1e8:  0.1460/ 0.0273)
>> epoch [1975/3000], runtime:  18.09s, train err*1e8:  0.1471 (best*1e8:  0.1460/ 0.0273)
>> epoch [1976/3000], runtime:  16.48s, train err*1e8:  0.1471 (best*1e8:  0.1460/ 0.0273)
>> epoch [1977/3000], runtime: 17.67s, train err *1e8: 0.1460, valid err*1e8: 0.0270 , test err*1e8: 0.0359
>> epoch [1978/3000], runtime:  17.72s, train err*1e8:  0.1459 (best*1e8:  0.1460/ 0.0270)
>> epoch [1979/3000], runtime:  17.66s, train err*1e8:  0.1457 (best*1e8:  0.1460/ 0.0270)
>> epoch [1980/3000], runtime:  17.10s, train err*1e8:  0.1457 (best*1e8:  0.1460/ 0.0270)
>> epoch [1981/3000], runtime:  17.56s, train err*1e8:  0.1462 (best*1e8:  0.1460/ 0.0270)
>> epoch [1982/3000], runtime:  16.29s, train err*1e8:  0.1452 (best*1e8:  0.1460/ 0.0270)
>> epoch [1983/3000], runtime:  17.66s, train err*1e8:  0.1456 (best*1e8:  0.1460/ 0.0270)
>> epoch [1984/3000], runtime:  18.29s, train err*1e8:  0.1456 (best*1e8:  0.1460/ 0.0270)
>> epoch [1985/3000], runtime:  18.20s, train err*1e8:  0.1451 (best*1e8:  0.1460/ 0.0270)
>> epoch [1986/3000], runtime:  17.15s, train err*1e8:  0.1453 (best*1e8:  0.1460/ 0.0270)
>> epoch [1987/3000], runtime:  17.67s, train err*1e8:  0.1461 (best*1e8:  0.1460/ 0.0270)
>> epoch [1988/3000], runtime:  17.58s, train err*1e8:  0.1456 (best*1e8:  0.1460/ 0.0270)
>> epoch [1989/3000], runtime:  17.69s, train err*1e8:  0.1462 (best*1e8:  0.1460/ 0.0270)
>> epoch [1990/3000], runtime:  17.71s, train err*1e8:  0.1455 (best*1e8:  0.1460/ 0.0270)
>> epoch [1991/3000], runtime:  18.23s, train err*1e8:  0.1453 (best*1e8:  0.1460/ 0.0270)
>> epoch [1992/3000], runtime:  17.68s, train err*1e8:  0.1455 (best*1e8:  0.1460/ 0.0270)
>> epoch [1993/3000], runtime:  18.25s, train err*1e8:  0.1456 (best*1e8:  0.1460/ 0.0270)
>> epoch [1994/3000], runtime:  17.76s, train err*1e8:  0.1454 (best*1e8:  0.1460/ 0.0270)
>> epoch [1995/3000], runtime:  18.20s, train err*1e8:  0.1449 (best*1e8:  0.1460/ 0.0270)
>> epoch [1996/3000], runtime:  17.73s, train err*1e8:  0.1449 (best*1e8:  0.1460/ 0.0270)
>> epoch [1997/3000], runtime:  17.14s, train err*1e8:  0.1453 (best*1e8:  0.1460/ 0.0270)
>> epoch [1998/3000], runtime:  18.29s, train err*1e8:  0.1463 (best*1e8:  0.1460/ 0.0270)
>> epoch [1999/3000], runtime:  17.70s, train err*1e8:  0.1472 (best*1e8:  0.1460/ 0.0270)
>> epoch [2000/3000], runtime:  17.70s, train err*1e8:  0.1454 (best*1e8:  0.1460/ 0.0270)
>> epoch [2001/3000], runtime:  17.22s, train err*1e8:  0.1453 (best*1e8:  0.1460/ 0.0270)
>> epoch [2002/3000], runtime:  18.29s, train err*1e8:  0.1450 (best*1e8:  0.1460/ 0.0270)
>> epoch [2003/3000], runtime:  17.70s, train err*1e8:  0.1457 (best*1e8:  0.1460/ 0.0270)
>> epoch [2004/3000], runtime:  16.80s, train err*1e8:  0.1462 (best*1e8:  0.1460/ 0.0270)
>> epoch [2005/3000], runtime:  17.10s, train err*1e8:  0.1450 (best*1e8:  0.1460/ 0.0270)
>> epoch [2006/3000], runtime:  17.71s, train err*1e8:  0.1447 (best*1e8:  0.1460/ 0.0270)
>> epoch [2007/3000], runtime:  16.58s, train err*1e8:  0.1453 (best*1e8:  0.1460/ 0.0270)
>> epoch [2008/3000], runtime:  17.64s, train err*1e8:  0.1455 (best*1e8:  0.1460/ 0.0270)
>> epoch [2009/3000], runtime:  17.74s, train err*1e8:  0.1455 (best*1e8:  0.1460/ 0.0270)
>> epoch [2010/3000], runtime:  17.69s, train err*1e8:  0.1452 (best*1e8:  0.1460/ 0.0270)
>> epoch [2011/3000], runtime:  17.60s, train err*1e8:  0.1451 (best*1e8:  0.1460/ 0.0270)
>> epoch [2012/3000], runtime:  18.11s, train err*1e8:  0.1491 (best*1e8:  0.1460/ 0.0270)
>> epoch [2013/3000], runtime:  17.16s, train err*1e8:  0.1458 (best*1e8:  0.1460/ 0.0270)
>> epoch [2014/3000], runtime:  16.57s, train err*1e8:  0.1446 (best*1e8:  0.1460/ 0.0270)
>> epoch [2015/3000], runtime:  17.09s, train err*1e8:  0.1457 (best*1e8:  0.1460/ 0.0270)
>> epoch [2016/3000], runtime:  17.15s, train err*1e8:  0.1450 (best*1e8:  0.1460/ 0.0270)
>> epoch [2017/3000], runtime: 17.71s, train err *1e8: 0.1453, valid err*1e8: 0.0270 , test err*1e8: 0.0353
>> epoch [2018/3000], runtime:  17.68s, train err*1e8:  0.1448 (best*1e8:  0.1453/ 0.0270)
>> epoch [2019/3000], runtime:  17.03s, train err*1e8:  0.1450 (best*1e8:  0.1453/ 0.0270)
>> epoch [2020/3000], runtime:  16.94s, train err*1e8:  0.1454 (best*1e8:  0.1453/ 0.0270)
>> epoch [2021/3000], runtime:  17.17s, train err*1e8:  0.1450 (best*1e8:  0.1453/ 0.0270)
>> epoch [2022/3000], runtime:  16.98s, train err*1e8:  0.1450 (best*1e8:  0.1453/ 0.0270)
>> epoch [2023/3000], runtime:  17.15s, train err*1e8:  0.1446 (best*1e8:  0.1453/ 0.0270)
>> epoch [2024/3000], runtime:  16.30s, train err*1e8:  0.1454 (best*1e8:  0.1453/ 0.0270)
>> epoch [2025/3000], runtime:  16.74s, train err*1e8:  0.1448 (best*1e8:  0.1453/ 0.0270)
>> epoch [2026/3000], runtime:  16.51s, train err*1e8:  0.1450 (best*1e8:  0.1453/ 0.0270)
>> epoch [2027/3000], runtime:  16.86s, train err*1e8:  0.1446 (best*1e8:  0.1453/ 0.0270)
>> epoch [2028/3000], runtime:  17.25s, train err*1e8:  0.1448 (best*1e8:  0.1453/ 0.0270)
>> epoch [2029/3000], runtime:  17.13s, train err*1e8:  0.1447 (best*1e8:  0.1453/ 0.0270)
>> epoch [2030/3000], runtime:  16.70s, train err*1e8:  0.1444 (best*1e8:  0.1453/ 0.0270)
>> epoch [2031/3000], runtime:  17.09s, train err*1e8:  0.1448 (best*1e8:  0.1453/ 0.0270)
>> epoch [2032/3000], runtime:  16.75s, train err*1e8:  0.1454 (best*1e8:  0.1453/ 0.0270)
>> epoch [2033/3000], runtime:  16.96s, train err*1e8:  0.1446 (best*1e8:  0.1453/ 0.0270)
>> epoch [2034/3000], runtime:  16.55s, train err*1e8:  0.1446 (best*1e8:  0.1453/ 0.0270)
>> epoch [2035/3000], runtime:  17.18s, train err*1e8:  0.1443 (best*1e8:  0.1453/ 0.0270)
>> epoch [2036/3000], runtime:  17.60s, train err*1e8:  0.1452 (best*1e8:  0.1453/ 0.0270)
>> epoch [2037/3000], runtime:  16.25s, train err*1e8:  0.1444 (best*1e8:  0.1453/ 0.0270)
>> epoch [2038/3000], runtime:  16.53s, train err*1e8:  0.1458 (best*1e8:  0.1453/ 0.0270)
>> epoch [2039/3000], runtime:  17.31s, train err*1e8:  0.1440 (best*1e8:  0.1453/ 0.0270)
>> epoch [2040/3000], runtime:  18.62s, train err*1e8:  0.1449 (best*1e8:  0.1453/ 0.0270)
>> epoch [2041/3000], runtime:  18.92s, train err*1e8:  0.1448 (best*1e8:  0.1453/ 0.0270)
>> epoch [2042/3000], runtime:  18.35s, train err*1e8:  0.1444 (best*1e8:  0.1453/ 0.0270)
>> epoch [2043/3000], runtime:  18.87s, train err*1e8:  0.1446 (best*1e8:  0.1453/ 0.0270)
>> epoch [2044/3000], runtime:  19.50s, train err*1e8:  0.1441 (best*1e8:  0.1453/ 0.0270)
>> epoch [2045/3000], runtime: 19.53s, train err *1e8: 0.1446, valid err*1e8: 0.0268 , test err*1e8: 0.0355
>> epoch [2046/3000], runtime:  19.50s, train err*1e8:  0.1451 (best*1e8:  0.1446/ 0.0268)
>> epoch [2047/3000], runtime:  19.53s, train err*1e8:  0.1447 (best*1e8:  0.1446/ 0.0268)
>> epoch [2048/3000], runtime:  19.53s, train err*1e8:  0.1439 (best*1e8:  0.1446/ 0.0268)
>> epoch [2049/3000], runtime:  19.51s, train err*1e8:  0.1439 (best*1e8:  0.1446/ 0.0268)
>> epoch [2050/3000], runtime:  19.51s, train err*1e8:  0.1437 (best*1e8:  0.1446/ 0.0268)
>> epoch [2051/3000], runtime:  19.32s, train err*1e8:  0.1440 (best*1e8:  0.1446/ 0.0268)
>> epoch [2052/3000], runtime:  19.50s, train err*1e8:  0.1443 (best*1e8:  0.1446/ 0.0268)
>> epoch [2053/3000], runtime:  19.50s, train err*1e8:  0.1444 (best*1e8:  0.1446/ 0.0268)
>> epoch [2054/3000], runtime:  18.92s, train err*1e8:  0.1440 (best*1e8:  0.1446/ 0.0268)
>> epoch [2055/3000], runtime:  19.42s, train err*1e8:  0.1444 (best*1e8:  0.1446/ 0.0268)
>> epoch [2056/3000], runtime:  19.49s, train err*1e8:  0.1444 (best*1e8:  0.1446/ 0.0268)
>> epoch [2057/3000], runtime:  19.50s, train err*1e8:  0.1444 (best*1e8:  0.1446/ 0.0268)
>> epoch [2058/3000], runtime:  19.51s, train err*1e8:  0.1446 (best*1e8:  0.1446/ 0.0268)
>> epoch [2059/3000], runtime:  18.92s, train err*1e8:  0.1442 (best*1e8:  0.1446/ 0.0268)
>> epoch [2060/3000], runtime:  18.93s, train err*1e8:  0.1446 (best*1e8:  0.1446/ 0.0268)
>> epoch [2061/3000], runtime:  19.52s, train err*1e8:  0.1452 (best*1e8:  0.1446/ 0.0268)
>> epoch [2062/3000], runtime:  19.47s, train err*1e8:  0.1454 (best*1e8:  0.1446/ 0.0268)
>> epoch [2063/3000], runtime:  18.94s, train err*1e8:  0.1438 (best*1e8:  0.1446/ 0.0268)
>> epoch [2064/3000], runtime:  19.08s, train err*1e8:  0.1440 (best*1e8:  0.1446/ 0.0268)
>> epoch [2065/3000], runtime:  18.92s, train err*1e8:  0.1436 (best*1e8:  0.1446/ 0.0268)
>> epoch [2066/3000], runtime:  18.25s, train err*1e8:  0.1438 (best*1e8:  0.1446/ 0.0268)
>> epoch [2067/3000], runtime:  18.92s, train err*1e8:  0.1440 (best*1e8:  0.1446/ 0.0268)
>> epoch [2068/3000], runtime:  18.92s, train err*1e8:  0.1434 (best*1e8:  0.1446/ 0.0268)
>> epoch [2069/3000], runtime:  18.95s, train err*1e8:  0.1438 (best*1e8:  0.1446/ 0.0268)
>> epoch [2070/3000], runtime:  18.34s, train err*1e8:  0.1440 (best*1e8:  0.1446/ 0.0268)
>> epoch [2071/3000], runtime:  18.75s, train err*1e8:  0.1440 (best*1e8:  0.1446/ 0.0268)
>> epoch [2072/3000], runtime:  19.00s, train err*1e8:  0.1437 (best*1e8:  0.1446/ 0.0268)
>> epoch [2073/3000], runtime:  18.39s, train err*1e8:  0.1432 (best*1e8:  0.1446/ 0.0268)
>> epoch [2074/3000], runtime:  18.87s, train err*1e8:  0.1435 (best*1e8:  0.1446/ 0.0268)
>> epoch [2075/3000], runtime:  19.42s, train err*1e8:  0.1439 (best*1e8:  0.1446/ 0.0268)
>> epoch [2076/3000], runtime:  19.00s, train err*1e8:  0.1435 (best*1e8:  0.1446/ 0.0268)
>> epoch [2077/3000], runtime:  18.35s, train err*1e8:  0.1436 (best*1e8:  0.1446/ 0.0268)
>> epoch [2078/3000], runtime:  19.52s, train err*1e8:  0.1434 (best*1e8:  0.1446/ 0.0268)
>> epoch [2079/3000], runtime:  19.49s, train err*1e8:  0.1434 (best*1e8:  0.1446/ 0.0268)
>> epoch [2080/3000], runtime:  18.33s, train err*1e8:  0.1437 (best*1e8:  0.1446/ 0.0268)
>> epoch [2081/3000], runtime:  19.40s, train err*1e8:  0.1437 (best*1e8:  0.1446/ 0.0268)
>> epoch [2082/3000], runtime:  19.50s, train err*1e8:  0.1442 (best*1e8:  0.1446/ 0.0268)
>> epoch [2083/3000], runtime:  19.51s, train err*1e8:  0.1451 (best*1e8:  0.1446/ 0.0268)
>> epoch [2084/3000], runtime:  19.46s, train err*1e8:  0.1433 (best*1e8:  0.1446/ 0.0268)
>> epoch [2085/3000], runtime: 18.90s, train err *1e8: 0.1440, valid err*1e8: 0.0268 , test err*1e8: 0.0354
>> epoch [2086/3000], runtime:  19.44s, train err*1e8:  0.1433 (best*1e8:  0.1440/ 0.0268)
>> epoch [2087/3000], runtime:  18.85s, train err*1e8:  0.1431 (best*1e8:  0.1440/ 0.0268)
>> epoch [2088/3000], runtime:  19.46s, train err*1e8:  0.1434 (best*1e8:  0.1440/ 0.0268)
>> epoch [2089/3000], runtime:  19.48s, train err*1e8:  0.1438 (best*1e8:  0.1440/ 0.0268)
>> epoch [2090/3000], runtime:  19.49s, train err*1e8:  0.1429 (best*1e8:  0.1440/ 0.0268)
>> epoch [2091/3000], runtime:  18.92s, train err*1e8:  0.1441 (best*1e8:  0.1440/ 0.0268)
>> epoch [2092/3000], runtime:  18.96s, train err*1e8:  0.1436 (best*1e8:  0.1440/ 0.0268)
>> epoch [2093/3000], runtime: 19.43s, train err *1e8: 0.1429, valid err*1e8: 0.0267 , test err*1e8: 0.0348
>> epoch [2094/3000], runtime:  19.06s, train err*1e8:  0.1428 (best*1e8:  0.1429/ 0.0267)
>> epoch [2095/3000], runtime:  18.85s, train err*1e8:  0.1429 (best*1e8:  0.1429/ 0.0267)
>> epoch [2096/3000], runtime:  18.90s, train err*1e8:  0.1432 (best*1e8:  0.1429/ 0.0267)
>> epoch [2097/3000], runtime:  19.49s, train err*1e8:  0.1436 (best*1e8:  0.1429/ 0.0267)
>> epoch [2098/3000], runtime:  19.42s, train err*1e8:  0.1432 (best*1e8:  0.1429/ 0.0267)
>> epoch [2099/3000], runtime:  19.45s, train err*1e8:  0.1431 (best*1e8:  0.1429/ 0.0267)
>> epoch [2100/3000], runtime: 19.44s, train err *1e8: 0.1429, valid err*1e8: 0.0266 , test err*1e8: 0.0353
>> epoch [2101/3000], runtime:  19.48s, train err*1e8:  0.1432 (best*1e8:  0.1429/ 0.0266)
>> epoch [2102/3000], runtime:  19.46s, train err*1e8:  0.1430 (best*1e8:  0.1429/ 0.0266)
>> epoch [2103/3000], runtime:  19.49s, train err*1e8:  0.1435 (best*1e8:  0.1429/ 0.0266)
>> epoch [2104/3000], runtime:  18.90s, train err*1e8:  0.1433 (best*1e8:  0.1429/ 0.0266)
>> epoch [2105/3000], runtime:  18.92s, train err*1e8:  0.1438 (best*1e8:  0.1429/ 0.0266)
>> epoch [2106/3000], runtime:  19.38s, train err*1e8:  0.1429 (best*1e8:  0.1429/ 0.0266)
>> epoch [2107/3000], runtime:  19.49s, train err*1e8:  0.1427 (best*1e8:  0.1429/ 0.0266)
>> epoch [2108/3000], runtime:  19.48s, train err*1e8:  0.1433 (best*1e8:  0.1429/ 0.0266)
>> epoch [2109/3000], runtime:  19.50s, train err*1e8:  0.1435 (best*1e8:  0.1429/ 0.0266)
>> epoch [2110/3000], runtime:  19.44s, train err*1e8:  0.1434 (best*1e8:  0.1429/ 0.0266)
>> epoch [2111/3000], runtime:  18.94s, train err*1e8:  0.1434 (best*1e8:  0.1429/ 0.0266)
>> epoch [2112/3000], runtime:  19.37s, train err*1e8:  0.1428 (best*1e8:  0.1429/ 0.0266)
>> epoch [2113/3000], runtime:  19.37s, train err*1e8:  0.1430 (best*1e8:  0.1429/ 0.0266)
>> epoch [2114/3000], runtime:  19.48s, train err*1e8:  0.1426 (best*1e8:  0.1429/ 0.0266)
>> epoch [2115/3000], runtime:  19.46s, train err*1e8:  0.1426 (best*1e8:  0.1429/ 0.0266)
>> epoch [2116/3000], runtime:  19.41s, train err*1e8:  0.1426 (best*1e8:  0.1429/ 0.0266)
>> epoch [2117/3000], runtime:  19.43s, train err*1e8:  0.1430 (best*1e8:  0.1429/ 0.0266)
>> epoch [2118/3000], runtime:  19.38s, train err*1e8:  0.1434 (best*1e8:  0.1429/ 0.0266)
>> epoch [2119/3000], runtime:  19.45s, train err*1e8:  0.1427 (best*1e8:  0.1429/ 0.0266)
>> epoch [2120/3000], runtime:  19.44s, train err*1e8:  0.1431 (best*1e8:  0.1429/ 0.0266)
>> epoch [2121/3000], runtime:  19.46s, train err*1e8:  0.1433 (best*1e8:  0.1429/ 0.0266)
>> epoch [2122/3000], runtime:  19.48s, train err*1e8:  0.1430 (best*1e8:  0.1429/ 0.0266)
>> epoch [2123/3000], runtime:  18.43s, train err*1e8:  0.1434 (best*1e8:  0.1429/ 0.0266)
>> epoch [2124/3000], runtime:  18.83s, train err*1e8:  0.1431 (best*1e8:  0.1429/ 0.0266)
>> epoch [2125/3000], runtime:  18.88s, train err*1e8:  0.1427 (best*1e8:  0.1429/ 0.0266)
>> epoch [2126/3000], runtime:  19.45s, train err*1e8:  0.1425 (best*1e8:  0.1429/ 0.0266)
>> epoch [2127/3000], runtime:  18.89s, train err*1e8:  0.1428 (best*1e8:  0.1429/ 0.0266)
>> epoch [2128/3000], runtime:  19.40s, train err*1e8:  0.1429 (best*1e8:  0.1429/ 0.0266)
>> epoch [2129/3000], runtime:  19.42s, train err*1e8:  0.1434 (best*1e8:  0.1429/ 0.0266)
>> epoch [2130/3000], runtime:  19.48s, train err*1e8:  0.1429 (best*1e8:  0.1429/ 0.0266)
>> epoch [2131/3000], runtime:  19.45s, train err*1e8:  0.1426 (best*1e8:  0.1429/ 0.0266)
>> epoch [2132/3000], runtime:  18.91s, train err*1e8:  0.1429 (best*1e8:  0.1429/ 0.0266)
>> epoch [2133/3000], runtime:  19.34s, train err*1e8:  0.1429 (best*1e8:  0.1429/ 0.0266)
>> epoch [2134/3000], runtime:  19.41s, train err*1e8:  0.1426 (best*1e8:  0.1429/ 0.0266)
>> epoch [2135/3000], runtime: 19.43s, train err *1e8: 0.1427, valid err*1e8: 0.0266 , test err*1e8: 0.0354
>> epoch [2136/3000], runtime:  18.34s, train err*1e8:  0.1425 (best*1e8:  0.1427/ 0.0266)
>> epoch [2137/3000], runtime:  18.90s, train err*1e8:  0.1433 (best*1e8:  0.1427/ 0.0266)
>> epoch [2138/3000], runtime:  19.44s, train err*1e8:  0.1442 (best*1e8:  0.1427/ 0.0266)
>> epoch [2139/3000], runtime:  19.43s, train err*1e8:  0.1430 (best*1e8:  0.1427/ 0.0266)
>> epoch [2140/3000], runtime:  19.43s, train err*1e8:  0.1427 (best*1e8:  0.1427/ 0.0266)
>> epoch [2141/3000], runtime: 19.44s, train err *1e8: 0.1424, valid err*1e8: 0.0266 , test err*1e8: 0.0354
>> epoch [2142/3000], runtime:  19.37s, train err*1e8:  0.1430 (best*1e8:  0.1424/ 0.0266)
>> epoch [2143/3000], runtime:  19.44s, train err*1e8:  0.1420 (best*1e8:  0.1424/ 0.0266)
>> epoch [2144/3000], runtime:  19.35s, train err*1e8:  0.1425 (best*1e8:  0.1424/ 0.0266)
>> epoch [2145/3000], runtime:  19.45s, train err*1e8:  0.1426 (best*1e8:  0.1424/ 0.0266)
>> epoch [2146/3000], runtime:  19.45s, train err*1e8:  0.1423 (best*1e8:  0.1424/ 0.0266)
>> epoch [2147/3000], runtime:  19.43s, train err*1e8:  0.1424 (best*1e8:  0.1424/ 0.0266)
>> epoch [2148/3000], runtime:  19.43s, train err*1e8:  0.1421 (best*1e8:  0.1424/ 0.0266)
>> epoch [2149/3000], runtime:  19.42s, train err*1e8:  0.1424 (best*1e8:  0.1424/ 0.0266)
>> epoch [2150/3000], runtime:  19.43s, train err*1e8:  0.1428 (best*1e8:  0.1424/ 0.0266)
>> epoch [2151/3000], runtime:  19.39s, train err*1e8:  0.1430 (best*1e8:  0.1424/ 0.0266)
>> epoch [2152/3000], runtime:  19.45s, train err*1e8:  0.1420 (best*1e8:  0.1424/ 0.0266)
>> epoch [2153/3000], runtime:  19.45s, train err*1e8:  0.1419 (best*1e8:  0.1424/ 0.0266)
>> epoch [2154/3000], runtime:  18.85s, train err*1e8:  0.1434 (best*1e8:  0.1424/ 0.0266)
>> epoch [2155/3000], runtime:  19.47s, train err*1e8:  0.1427 (best*1e8:  0.1424/ 0.0266)
>> epoch [2156/3000], runtime:  18.88s, train err*1e8:  0.1448 (best*1e8:  0.1424/ 0.0266)
>> epoch [2157/3000], runtime:  19.35s, train err*1e8:  0.1430 (best*1e8:  0.1424/ 0.0266)
>> epoch [2158/3000], runtime:  19.45s, train err*1e8:  0.1421 (best*1e8:  0.1424/ 0.0266)
>> epoch [2159/3000], runtime: 19.40s, train err *1e8: 0.1421, valid err*1e8: 0.0266 , test err*1e8: 0.0348
>> epoch [2160/3000], runtime:  19.42s, train err*1e8:  0.1417 (best*1e8:  0.1421/ 0.0266)
>> epoch [2161/3000], runtime:  19.46s, train err*1e8:  0.1426 (best*1e8:  0.1421/ 0.0266)
>> epoch [2162/3000], runtime:  19.44s, train err*1e8:  0.1424 (best*1e8:  0.1421/ 0.0266)
>> epoch [2163/3000], runtime:  19.44s, train err*1e8:  0.1423 (best*1e8:  0.1421/ 0.0266)
>> epoch [2164/3000], runtime:  19.47s, train err*1e8:  0.1416 (best*1e8:  0.1421/ 0.0266)
>> epoch [2165/3000], runtime:  18.89s, train err*1e8:  0.1419 (best*1e8:  0.1421/ 0.0266)
>> epoch [2166/3000], runtime:  19.46s, train err*1e8:  0.1419 (best*1e8:  0.1421/ 0.0266)
>> epoch [2167/3000], runtime:  19.47s, train err*1e8:  0.1415 (best*1e8:  0.1421/ 0.0266)
>> epoch [2168/3000], runtime:  19.47s, train err*1e8:  0.1426 (best*1e8:  0.1421/ 0.0266)
>> epoch [2169/3000], runtime:  18.83s, train err*1e8:  0.1418 (best*1e8:  0.1421/ 0.0266)
>> epoch [2170/3000], runtime:  19.49s, train err*1e8:  0.1419 (best*1e8:  0.1421/ 0.0266)
>> epoch [2171/3000], runtime: 19.47s, train err *1e8: 0.1416, valid err*1e8: 0.0265 , test err*1e8: 0.0349
>> epoch [2172/3000], runtime:  19.41s, train err*1e8:  0.1417 (best*1e8:  0.1416/ 0.0265)
>> epoch [2173/3000], runtime:  19.49s, train err*1e8:  0.1419 (best*1e8:  0.1416/ 0.0265)
>> epoch [2174/3000], runtime:  19.48s, train err*1e8:  0.1421 (best*1e8:  0.1416/ 0.0265)
>> epoch [2175/3000], runtime:  19.49s, train err*1e8:  0.1415 (best*1e8:  0.1416/ 0.0265)
>> epoch [2176/3000], runtime:  19.50s, train err*1e8:  0.1415 (best*1e8:  0.1416/ 0.0265)
>> epoch [2177/3000], runtime:  19.49s, train err*1e8:  0.1414 (best*1e8:  0.1416/ 0.0265)
>> epoch [2178/3000], runtime:  19.46s, train err*1e8:  0.1426 (best*1e8:  0.1416/ 0.0265)
>> epoch [2179/3000], runtime:  19.47s, train err*1e8:  0.1419 (best*1e8:  0.1416/ 0.0265)
>> epoch [2180/3000], runtime:  18.93s, train err*1e8:  0.1417 (best*1e8:  0.1416/ 0.0265)
>> epoch [2181/3000], runtime:  19.50s, train err*1e8:  0.1418 (best*1e8:  0.1416/ 0.0265)
>> epoch [2182/3000], runtime:  19.51s, train err*1e8:  0.1421 (best*1e8:  0.1416/ 0.0265)
>> epoch [2183/3000], runtime:  19.50s, train err*1e8:  0.1416 (best*1e8:  0.1416/ 0.0265)
>> epoch [2184/3000], runtime:  18.86s, train err*1e8:  0.1416 (best*1e8:  0.1416/ 0.0265)
>> epoch [2185/3000], runtime:  19.06s, train err*1e8:  0.1416 (best*1e8:  0.1416/ 0.0265)
>> epoch [2186/3000], runtime:  18.67s, train err*1e8:  0.1423 (best*1e8:  0.1416/ 0.0265)
>> epoch [2187/3000], runtime:  19.52s, train err*1e8:  0.1419 (best*1e8:  0.1416/ 0.0265)
>> epoch [2188/3000], runtime:  19.51s, train err*1e8:  0.1426 (best*1e8:  0.1416/ 0.0265)
>> epoch [2189/3000], runtime:  18.88s, train err*1e8:  0.1417 (best*1e8:  0.1416/ 0.0265)
>> epoch [2190/3000], runtime:  19.51s, train err*1e8:  0.1421 (best*1e8:  0.1416/ 0.0265)
>> epoch [2191/3000], runtime:  19.51s, train err*1e8:  0.1418 (best*1e8:  0.1416/ 0.0265)
>> epoch [2192/3000], runtime:  18.93s, train err*1e8:  0.1417 (best*1e8:  0.1416/ 0.0265)
>> epoch [2193/3000], runtime:  19.54s, train err*1e8:  0.1411 (best*1e8:  0.1416/ 0.0265)
>> epoch [2194/3000], runtime:  18.92s, train err*1e8:  0.1416 (best*1e8:  0.1416/ 0.0265)
>> epoch [2195/3000], runtime:  18.57s, train err*1e8:  0.1415 (best*1e8:  0.1416/ 0.0265)
>> epoch [2196/3000], runtime:  19.48s, train err*1e8:  0.1415 (best*1e8:  0.1416/ 0.0265)
>> epoch [2197/3000], runtime:  19.16s, train err*1e8:  0.1412 (best*1e8:  0.1416/ 0.0265)
>> epoch [2198/3000], runtime: 19.55s, train err *1e8: 0.1413, valid err*1e8: 0.0265 , test err*1e8: 0.0348
>> epoch [2199/3000], runtime:  18.95s, train err*1e8:  0.1415 (best*1e8:  0.1413/ 0.0265)
>> epoch [2200/3000], runtime:  19.52s, train err*1e8:  0.1416 (best*1e8:  0.1413/ 0.0265)
>> epoch [2201/3000], runtime:  19.51s, train err*1e8:  0.1416 (best*1e8:  0.1413/ 0.0265)
>> epoch [2202/3000], runtime:  18.38s, train err*1e8:  0.1415 (best*1e8:  0.1413/ 0.0265)
>> epoch [2203/3000], runtime:  19.42s, train err*1e8:  0.1414 (best*1e8:  0.1413/ 0.0265)
>> epoch [2204/3000], runtime:  18.42s, train err*1e8:  0.1413 (best*1e8:  0.1413/ 0.0265)
>> epoch [2205/3000], runtime:  19.52s, train err*1e8:  0.1414 (best*1e8:  0.1413/ 0.0265)
>> epoch [2206/3000], runtime:  18.92s, train err*1e8:  0.1415 (best*1e8:  0.1413/ 0.0265)
>> epoch [2207/3000], runtime:  19.51s, train err*1e8:  0.1416 (best*1e8:  0.1413/ 0.0265)
>> epoch [2208/3000], runtime:  19.59s, train err*1e8:  0.1416 (best*1e8:  0.1413/ 0.0265)
>> epoch [2209/3000], runtime:  18.94s, train err*1e8:  0.1416 (best*1e8:  0.1413/ 0.0265)
>> epoch [2210/3000], runtime: 18.35s, train err *1e8: 0.1411, valid err*1e8: 0.0263 , test err*1e8: 0.0353
>> epoch [2211/3000], runtime:  18.94s, train err*1e8:  0.1410 (best*1e8:  0.1411/ 0.0263)
>> epoch [2212/3000], runtime:  19.51s, train err*1e8:  0.1410 (best*1e8:  0.1411/ 0.0263)
>> epoch [2213/3000], runtime:  19.12s, train err*1e8:  0.1411 (best*1e8:  0.1411/ 0.0263)
>> epoch [2214/3000], runtime:  19.42s, train err*1e8:  0.1414 (best*1e8:  0.1411/ 0.0263)
>> epoch [2215/3000], runtime:  18.47s, train err*1e8:  0.1412 (best*1e8:  0.1411/ 0.0263)
>> epoch [2216/3000], runtime:  18.95s, train err*1e8:  0.1412 (best*1e8:  0.1411/ 0.0263)
>> epoch [2217/3000], runtime:  18.94s, train err*1e8:  0.1415 (best*1e8:  0.1411/ 0.0263)
>> epoch [2218/3000], runtime:  18.95s, train err*1e8:  0.1412 (best*1e8:  0.1411/ 0.0263)
>> epoch [2219/3000], runtime:  18.94s, train err*1e8:  0.1413 (best*1e8:  0.1411/ 0.0263)
>> epoch [2220/3000], runtime:  19.46s, train err*1e8:  0.1413 (best*1e8:  0.1411/ 0.0263)
>> epoch [2221/3000], runtime:  18.97s, train err*1e8:  0.1412 (best*1e8:  0.1411/ 0.0263)
>> epoch [2222/3000], runtime: 19.53s, train err *1e8: 0.1410, valid err*1e8: 0.0263 , test err*1e8: 0.0349
>> epoch [2223/3000], runtime:  18.96s, train err*1e8:  0.1410 (best*1e8:  0.1410/ 0.0263)
>> epoch [2224/3000], runtime:  19.53s, train err*1e8:  0.1409 (best*1e8:  0.1410/ 0.0263)
>> epoch [2225/3000], runtime:  19.52s, train err*1e8:  0.1408 (best*1e8:  0.1410/ 0.0263)
>> epoch [2226/3000], runtime:  18.94s, train err*1e8:  0.1414 (best*1e8:  0.1410/ 0.0263)
>> epoch [2227/3000], runtime:  18.93s, train err*1e8:  0.1417 (best*1e8:  0.1410/ 0.0263)
>> epoch [2228/3000], runtime:  19.50s, train err*1e8:  0.1421 (best*1e8:  0.1410/ 0.0263)
>> epoch [2229/3000], runtime:  18.30s, train err*1e8:  0.1408 (best*1e8:  0.1410/ 0.0263)
>> epoch [2230/3000], runtime:  18.96s, train err*1e8:  0.1411 (best*1e8:  0.1410/ 0.0263)
>> epoch [2231/3000], runtime:  18.92s, train err*1e8:  0.1413 (best*1e8:  0.1410/ 0.0263)
>> epoch [2232/3000], runtime:  18.96s, train err*1e8:  0.1410 (best*1e8:  0.1410/ 0.0263)
>> epoch [2233/3000], runtime:  19.51s, train err*1e8:  0.1407 (best*1e8:  0.1410/ 0.0263)
>> epoch [2234/3000], runtime:  19.53s, train err*1e8:  0.1408 (best*1e8:  0.1410/ 0.0263)
>> epoch [2235/3000], runtime:  18.32s, train err*1e8:  0.1409 (best*1e8:  0.1410/ 0.0263)
>> epoch [2236/3000], runtime:  18.96s, train err*1e8:  0.1409 (best*1e8:  0.1410/ 0.0263)
>> epoch [2237/3000], runtime:  19.55s, train err*1e8:  0.1406 (best*1e8:  0.1410/ 0.0263)
>> epoch [2238/3000], runtime:  18.92s, train err*1e8:  0.1410 (best*1e8:  0.1410/ 0.0263)
>> epoch [2239/3000], runtime:  18.96s, train err*1e8:  0.1407 (best*1e8:  0.1410/ 0.0263)
>> epoch [2240/3000], runtime:  18.38s, train err*1e8:  0.1408 (best*1e8:  0.1410/ 0.0263)
>> epoch [2241/3000], runtime:  18.86s, train err*1e8:  0.1408 (best*1e8:  0.1410/ 0.0263)
>> epoch [2242/3000], runtime:  19.53s, train err*1e8:  0.1409 (best*1e8:  0.1410/ 0.0263)
>> epoch [2243/3000], runtime:  19.73s, train err*1e8:  0.1416 (best*1e8:  0.1410/ 0.0263)
>> epoch [2244/3000], runtime:  19.92s, train err*1e8:  0.1413 (best*1e8:  0.1410/ 0.0263)
>> epoch [2245/3000], runtime:  19.46s, train err*1e8:  0.1414 (best*1e8:  0.1410/ 0.0263)
>> epoch [2246/3000], runtime:  19.98s, train err*1e8:  0.1408 (best*1e8:  0.1410/ 0.0263)
>> epoch [2247/3000], runtime:  19.40s, train err*1e8:  0.1409 (best*1e8:  0.1410/ 0.0263)
>> epoch [2248/3000], runtime:  19.89s, train err*1e8:  0.1408 (best*1e8:  0.1410/ 0.0263)
>> epoch [2249/3000], runtime:  19.41s, train err*1e8:  0.1408 (best*1e8:  0.1410/ 0.0263)
>> epoch [2250/3000], runtime:  19.99s, train err*1e8:  0.1407 (best*1e8:  0.1410/ 0.0263)
>> epoch [2251/3000], runtime:  19.34s, train err*1e8:  0.1404 (best*1e8:  0.1410/ 0.0263)
>> epoch [2252/3000], runtime:  19.94s, train err*1e8:  0.1406 (best*1e8:  0.1410/ 0.0263)
>> epoch [2253/3000], runtime:  19.33s, train err*1e8:  0.1403 (best*1e8:  0.1410/ 0.0263)
>> epoch [2254/3000], runtime:  19.94s, train err*1e8:  0.1404 (best*1e8:  0.1410/ 0.0263)
>> epoch [2255/3000], runtime:  19.39s, train err*1e8:  0.1406 (best*1e8:  0.1410/ 0.0263)
>> epoch [2256/3000], runtime:  19.98s, train err*1e8:  0.1414 (best*1e8:  0.1410/ 0.0263)
>> epoch [2257/3000], runtime:  19.38s, train err*1e8:  0.1410 (best*1e8:  0.1410/ 0.0263)
>> epoch [2258/3000], runtime:  19.94s, train err*1e8:  0.1404 (best*1e8:  0.1410/ 0.0263)
>> epoch [2259/3000], runtime:  19.33s, train err*1e8:  0.1406 (best*1e8:  0.1410/ 0.0263)
>> epoch [2260/3000], runtime:  19.98s, train err*1e8:  0.1406 (best*1e8:  0.1410/ 0.0263)
>> epoch [2261/3000], runtime:  19.97s, train err*1e8:  0.1407 (best*1e8:  0.1410/ 0.0263)
>> epoch [2262/3000], runtime:  19.96s, train err*1e8:  0.1410 (best*1e8:  0.1410/ 0.0263)
>> epoch [2263/3000], runtime:  19.95s, train err*1e8:  0.1402 (best*1e8:  0.1410/ 0.0263)
>> epoch [2264/3000], runtime:  19.95s, train err*1e8:  0.1405 (best*1e8:  0.1410/ 0.0263)
>> epoch [2265/3000], runtime:  19.95s, train err*1e8:  0.1401 (best*1e8:  0.1410/ 0.0263)
>> epoch [2266/3000], runtime:  19.97s, train err*1e8:  0.1401 (best*1e8:  0.1410/ 0.0263)
>> epoch [2267/3000], runtime:  19.95s, train err*1e8:  0.1406 (best*1e8:  0.1410/ 0.0263)
>> epoch [2268/3000], runtime:  19.97s, train err*1e8:  0.1402 (best*1e8:  0.1410/ 0.0263)
>> epoch [2269/3000], runtime:  19.96s, train err*1e8:  0.1403 (best*1e8:  0.1410/ 0.0263)
>> epoch [2270/3000], runtime:  19.98s, train err*1e8:  0.1401 (best*1e8:  0.1410/ 0.0263)
>> epoch [2271/3000], runtime:  19.99s, train err*1e8:  0.1411 (best*1e8:  0.1410/ 0.0263)
>> epoch [2272/3000], runtime:  20.02s, train err*1e8:  0.1403 (best*1e8:  0.1410/ 0.0263)
>> epoch [2273/3000], runtime:  19.98s, train err*1e8:  0.1404 (best*1e8:  0.1410/ 0.0263)
>> epoch [2274/3000], runtime:  19.98s, train err*1e8:  0.1406 (best*1e8:  0.1410/ 0.0263)
>> epoch [2275/3000], runtime:  20.01s, train err*1e8:  0.1403 (best*1e8:  0.1410/ 0.0263)
>> epoch [2276/3000], runtime:  19.95s, train err*1e8:  0.1408 (best*1e8:  0.1410/ 0.0263)
>> epoch [2277/3000], runtime:  19.99s, train err*1e8:  0.1404 (best*1e8:  0.1410/ 0.0263)
>> epoch [2278/3000], runtime:  19.40s, train err*1e8:  0.1407 (best*1e8:  0.1410/ 0.0263)
>> epoch [2279/3000], runtime:  19.95s, train err*1e8:  0.1402 (best*1e8:  0.1410/ 0.0263)
>> epoch [2280/3000], runtime:  19.97s, train err*1e8:  0.1400 (best*1e8:  0.1410/ 0.0263)
>> epoch [2281/3000], runtime:  19.94s, train err*1e8:  0.1415 (best*1e8:  0.1410/ 0.0263)
>> epoch [2282/3000], runtime:  19.99s, train err*1e8:  0.1402 (best*1e8:  0.1410/ 0.0263)
>> epoch [2283/3000], runtime: 19.91s, train err *1e8: 0.1400, valid err*1e8: 0.0262 , test err*1e8: 0.0347
>> epoch [2284/3000], runtime:  19.96s, train err*1e8:  0.1404 (best*1e8:  0.1400/ 0.0262)
>> epoch [2285/3000], runtime:  19.34s, train err*1e8:  0.1400 (best*1e8:  0.1400/ 0.0262)
>> epoch [2286/3000], runtime:  19.96s, train err*1e8:  0.1406 (best*1e8:  0.1400/ 0.0262)
>> epoch [2287/3000], runtime:  19.98s, train err*1e8:  0.1407 (best*1e8:  0.1400/ 0.0262)
>> epoch [2288/3000], runtime:  19.92s, train err*1e8:  0.1401 (best*1e8:  0.1400/ 0.0262)
>> epoch [2289/3000], runtime:  19.40s, train err*1e8:  0.1400 (best*1e8:  0.1400/ 0.0262)
>> epoch [2290/3000], runtime:  19.89s, train err*1e8:  0.1402 (best*1e8:  0.1400/ 0.0262)
>> epoch [2291/3000], runtime:  19.95s, train err*1e8:  0.1400 (best*1e8:  0.1400/ 0.0262)
>> epoch [2292/3000], runtime:  19.95s, train err*1e8:  0.1403 (best*1e8:  0.1400/ 0.0262)
>> epoch [2293/3000], runtime:  20.00s, train err*1e8:  0.1403 (best*1e8:  0.1400/ 0.0262)
>> epoch [2294/3000], runtime:  19.95s, train err*1e8:  0.1400 (best*1e8:  0.1400/ 0.0262)
>> epoch [2295/3000], runtime:  20.00s, train err*1e8:  0.1402 (best*1e8:  0.1400/ 0.0262)
>> epoch [2296/3000], runtime:  19.98s, train err*1e8:  0.1403 (best*1e8:  0.1400/ 0.0262)
>> epoch [2297/3000], runtime:  19.98s, train err*1e8:  0.1401 (best*1e8:  0.1400/ 0.0262)
>> epoch [2298/3000], runtime:  19.98s, train err*1e8:  0.1397 (best*1e8:  0.1400/ 0.0262)
>> epoch [2299/3000], runtime:  19.39s, train err*1e8:  0.1405 (best*1e8:  0.1400/ 0.0262)
>> epoch [2300/3000], runtime:  19.98s, train err*1e8:  0.1402 (best*1e8:  0.1400/ 0.0262)
>> epoch [2301/3000], runtime:  20.00s, train err*1e8:  0.1402 (best*1e8:  0.1400/ 0.0262)
>> epoch [2302/3000], runtime:  19.98s, train err*1e8:  0.1398 (best*1e8:  0.1400/ 0.0262)
>> epoch [2303/3000], runtime: 19.95s, train err *1e8: 0.1400, valid err*1e8: 0.0262 , test err*1e8: 0.0350
>> epoch [2304/3000], runtime:  19.78s, train err*1e8:  0.1404 (best*1e8:  0.1400/ 0.0262)
>> epoch [2305/3000], runtime:  19.53s, train err*1e8:  0.1401 (best*1e8:  0.1400/ 0.0262)
>> epoch [2306/3000], runtime: 19.99s, train err *1e8: 0.1398, valid err*1e8: 0.0262 , test err*1e8: 0.0346
>> epoch [2307/3000], runtime:  19.96s, train err*1e8:  0.1397 (best*1e8:  0.1398/ 0.0262)
>> epoch [2308/3000], runtime:  19.90s, train err*1e8:  0.1400 (best*1e8:  0.1398/ 0.0262)
>> epoch [2309/3000], runtime:  19.95s, train err*1e8:  0.1401 (best*1e8:  0.1398/ 0.0262)
>> epoch [2310/3000], runtime:  20.00s, train err*1e8:  0.1398 (best*1e8:  0.1398/ 0.0262)
>> epoch [2311/3000], runtime:  19.95s, train err*1e8:  0.1398 (best*1e8:  0.1398/ 0.0262)
>> epoch [2312/3000], runtime:  19.43s, train err*1e8:  0.1402 (best*1e8:  0.1398/ 0.0262)
>> epoch [2313/3000], runtime:  19.96s, train err*1e8:  0.1398 (best*1e8:  0.1398/ 0.0262)
>> epoch [2314/3000], runtime:  19.96s, train err*1e8:  0.1421 (best*1e8:  0.1398/ 0.0262)
>> epoch [2315/3000], runtime:  19.97s, train err*1e8:  0.1397 (best*1e8:  0.1398/ 0.0262)
>> epoch [2316/3000], runtime:  19.40s, train err*1e8:  0.1398 (best*1e8:  0.1398/ 0.0262)
>> epoch [2317/3000], runtime:  19.96s, train err*1e8:  0.1399 (best*1e8:  0.1398/ 0.0262)
>> epoch [2318/3000], runtime:  19.91s, train err*1e8:  0.1400 (best*1e8:  0.1398/ 0.0262)
>> epoch [2319/3000], runtime:  19.95s, train err*1e8:  0.1400 (best*1e8:  0.1398/ 0.0262)
>> epoch [2320/3000], runtime:  19.89s, train err*1e8:  0.1400 (best*1e8:  0.1398/ 0.0262)
>> epoch [2321/3000], runtime:  19.97s, train err*1e8:  0.1402 (best*1e8:  0.1398/ 0.0262)
>> epoch [2322/3000], runtime:  19.95s, train err*1e8:  0.1396 (best*1e8:  0.1398/ 0.0262)
>> epoch [2323/3000], runtime:  19.91s, train err*1e8:  0.1397 (best*1e8:  0.1398/ 0.0262)
>> epoch [2324/3000], runtime:  19.95s, train err*1e8:  0.1400 (best*1e8:  0.1398/ 0.0262)
>> epoch [2325/3000], runtime:  19.96s, train err*1e8:  0.1404 (best*1e8:  0.1398/ 0.0262)
>> epoch [2326/3000], runtime:  20.00s, train err*1e8:  0.1398 (best*1e8:  0.1398/ 0.0262)
>> epoch [2327/3000], runtime:  19.97s, train err*1e8:  0.1395 (best*1e8:  0.1398/ 0.0262)
>> epoch [2328/3000], runtime:  20.00s, train err*1e8:  0.1398 (best*1e8:  0.1398/ 0.0262)
>> epoch [2329/3000], runtime:  19.97s, train err*1e8:  0.1400 (best*1e8:  0.1398/ 0.0262)
>> epoch [2330/3000], runtime:  19.90s, train err*1e8:  0.1400 (best*1e8:  0.1398/ 0.0262)
>> epoch [2331/3000], runtime:  19.32s, train err*1e8:  0.1397 (best*1e8:  0.1398/ 0.0262)
>> epoch [2332/3000], runtime:  19.96s, train err*1e8:  0.1399 (best*1e8:  0.1398/ 0.0262)
>> epoch [2333/3000], runtime:  19.97s, train err*1e8:  0.1395 (best*1e8:  0.1398/ 0.0262)
>> epoch [2334/3000], runtime:  19.95s, train err*1e8:  0.1393 (best*1e8:  0.1398/ 0.0262)
>> epoch [2335/3000], runtime:  19.46s, train err*1e8:  0.1394 (best*1e8:  0.1398/ 0.0262)
>> epoch [2336/3000], runtime:  19.96s, train err*1e8:  0.1394 (best*1e8:  0.1398/ 0.0262)
>> epoch [2337/3000], runtime:  19.52s, train err*1e8:  0.1396 (best*1e8:  0.1398/ 0.0262)
>> epoch [2338/3000], runtime:  19.98s, train err*1e8:  0.1394 (best*1e8:  0.1398/ 0.0262)
>> epoch [2339/3000], runtime:  19.93s, train err*1e8:  0.1398 (best*1e8:  0.1398/ 0.0262)
>> epoch [2340/3000], runtime: 20.00s, train err *1e8: 0.1396, valid err*1e8: 0.0261 , test err*1e8: 0.0350
>> epoch [2341/3000], runtime:  19.99s, train err*1e8:  0.1400 (best*1e8:  0.1396/ 0.0261)
>> epoch [2342/3000], runtime:  19.39s, train err*1e8:  0.1394 (best*1e8:  0.1396/ 0.0261)
>> epoch [2343/3000], runtime:  20.00s, train err*1e8:  0.1393 (best*1e8:  0.1396/ 0.0261)
>> epoch [2344/3000], runtime:  19.95s, train err*1e8:  0.1397 (best*1e8:  0.1396/ 0.0261)
>> epoch [2345/3000], runtime:  19.95s, train err*1e8:  0.1393 (best*1e8:  0.1396/ 0.0261)
>> epoch [2346/3000], runtime:  19.36s, train err*1e8:  0.1393 (best*1e8:  0.1396/ 0.0261)
>> epoch [2347/3000], runtime:  19.94s, train err*1e8:  0.1391 (best*1e8:  0.1396/ 0.0261)
>> epoch [2348/3000], runtime:  19.97s, train err*1e8:  0.1394 (best*1e8:  0.1396/ 0.0261)
>> epoch [2349/3000], runtime:  19.94s, train err*1e8:  0.1392 (best*1e8:  0.1396/ 0.0261)
>> epoch [2350/3000], runtime:  19.99s, train err*1e8:  0.1395 (best*1e8:  0.1396/ 0.0261)
>> epoch [2351/3000], runtime:  19.38s, train err*1e8:  0.1390 (best*1e8:  0.1396/ 0.0261)
>> epoch [2352/3000], runtime:  19.92s, train err*1e8:  0.1391 (best*1e8:  0.1396/ 0.0261)
>> epoch [2353/3000], runtime:  19.88s, train err*1e8:  0.1399 (best*1e8:  0.1396/ 0.0261)
>> epoch [2354/3000], runtime:  19.99s, train err*1e8:  0.1402 (best*1e8:  0.1396/ 0.0261)
>> epoch [2355/3000], runtime:  19.37s, train err*1e8:  0.1395 (best*1e8:  0.1396/ 0.0261)
>> epoch [2356/3000], runtime:  19.95s, train err*1e8:  0.1393 (best*1e8:  0.1396/ 0.0261)
>> epoch [2357/3000], runtime:  19.38s, train err*1e8:  0.1392 (best*1e8:  0.1396/ 0.0261)
>> epoch [2358/3000], runtime:  19.94s, train err*1e8:  0.1397 (best*1e8:  0.1396/ 0.0261)
>> epoch [2359/3000], runtime:  19.36s, train err*1e8:  0.1392 (best*1e8:  0.1396/ 0.0261)
>> epoch [2360/3000], runtime:  19.94s, train err*1e8:  0.1390 (best*1e8:  0.1396/ 0.0261)
>> epoch [2361/3000], runtime:  19.40s, train err*1e8:  0.1394 (best*1e8:  0.1396/ 0.0261)
>> epoch [2362/3000], runtime:  19.95s, train err*1e8:  0.1395 (best*1e8:  0.1396/ 0.0261)
>> epoch [2363/3000], runtime:  19.38s, train err*1e8:  0.1395 (best*1e8:  0.1396/ 0.0261)
>> epoch [2364/3000], runtime: 19.94s, train err *1e8: 0.1392, valid err*1e8: 0.0261 , test err*1e8: 0.0345
>> epoch [2365/3000], runtime:  19.43s, train err*1e8:  0.1391 (best*1e8:  0.1392/ 0.0261)
>> epoch [2366/3000], runtime:  19.94s, train err*1e8:  0.1394 (best*1e8:  0.1392/ 0.0261)
>> epoch [2367/3000], runtime:  19.41s, train err*1e8:  0.1397 (best*1e8:  0.1392/ 0.0261)
>> epoch [2368/3000], runtime:  19.94s, train err*1e8:  0.1391 (best*1e8:  0.1392/ 0.0261)
>> epoch [2369/3000], runtime:  19.98s, train err*1e8:  0.1392 (best*1e8:  0.1392/ 0.0261)
>> epoch [2370/3000], runtime:  19.96s, train err*1e8:  0.1392 (best*1e8:  0.1392/ 0.0261)
>> epoch [2371/3000], runtime:  19.33s, train err*1e8:  0.1388 (best*1e8:  0.1392/ 0.0261)
>> epoch [2372/3000], runtime:  19.95s, train err*1e8:  0.1390 (best*1e8:  0.1392/ 0.0261)
>> epoch [2373/3000], runtime:  19.41s, train err*1e8:  0.1391 (best*1e8:  0.1392/ 0.0261)
>> epoch [2374/3000], runtime:  19.96s, train err*1e8:  0.1391 (best*1e8:  0.1392/ 0.0261)
>> epoch [2375/3000], runtime:  19.32s, train err*1e8:  0.1394 (best*1e8:  0.1392/ 0.0261)
>> epoch [2376/3000], runtime: 19.94s, train err *1e8: 0.1390, valid err*1e8: 0.0261 , test err*1e8: 0.0343
>> epoch [2377/3000], runtime:  19.98s, train err*1e8:  0.1390 (best*1e8:  0.1390/ 0.0261)
>> epoch [2378/3000], runtime:  19.95s, train err*1e8:  0.1393 (best*1e8:  0.1390/ 0.0261)
>> epoch [2379/3000], runtime:  19.39s, train err*1e8:  0.1389 (best*1e8:  0.1390/ 0.0261)
>> epoch [2380/3000], runtime:  19.97s, train err*1e8:  0.1389 (best*1e8:  0.1390/ 0.0261)
>> epoch [2381/3000], runtime:  19.42s, train err*1e8:  0.1388 (best*1e8:  0.1390/ 0.0261)
>> epoch [2382/3000], runtime:  19.96s, train err*1e8:  0.1388 (best*1e8:  0.1390/ 0.0261)
>> epoch [2383/3000], runtime:  19.95s, train err*1e8:  0.1388 (best*1e8:  0.1390/ 0.0261)
>> epoch [2384/3000], runtime:  19.94s, train err*1e8:  0.1395 (best*1e8:  0.1390/ 0.0261)
>> epoch [2385/3000], runtime:  19.96s, train err*1e8:  0.1398 (best*1e8:  0.1390/ 0.0261)
>> epoch [2386/3000], runtime:  19.96s, train err*1e8:  0.1389 (best*1e8:  0.1390/ 0.0261)
>> epoch [2387/3000], runtime:  19.92s, train err*1e8:  0.1391 (best*1e8:  0.1390/ 0.0261)
>> epoch [2388/3000], runtime:  19.97s, train err*1e8:  0.1390 (best*1e8:  0.1390/ 0.0261)
>> epoch [2389/3000], runtime:  19.94s, train err*1e8:  0.1392 (best*1e8:  0.1390/ 0.0261)
>> epoch [2390/3000], runtime:  19.94s, train err*1e8:  0.1388 (best*1e8:  0.1390/ 0.0261)
>> epoch [2391/3000], runtime:  19.93s, train err*1e8:  0.1389 (best*1e8:  0.1390/ 0.0261)
>> epoch [2392/3000], runtime:  19.40s, train err*1e8:  0.1389 (best*1e8:  0.1390/ 0.0261)
>> epoch [2393/3000], runtime:  19.94s, train err*1e8:  0.1387 (best*1e8:  0.1390/ 0.0261)
>> epoch [2394/3000], runtime:  19.94s, train err*1e8:  0.1388 (best*1e8:  0.1390/ 0.0261)
>> epoch [2395/3000], runtime:  19.98s, train err*1e8:  0.1390 (best*1e8:  0.1390/ 0.0261)
>> epoch [2396/3000], runtime:  19.96s, train err*1e8:  0.1396 (best*1e8:  0.1390/ 0.0261)
>> epoch [2397/3000], runtime:  19.93s, train err*1e8:  0.1392 (best*1e8:  0.1390/ 0.0261)
>> epoch [2398/3000], runtime:  19.35s, train err*1e8:  0.1391 (best*1e8:  0.1390/ 0.0261)
>> epoch [2399/3000], runtime:  19.93s, train err*1e8:  0.1386 (best*1e8:  0.1390/ 0.0261)
>> epoch [2400/3000], runtime:  19.39s, train err*1e8:  0.1386 (best*1e8:  0.1390/ 0.0261)
>> epoch [2401/3000], runtime:  19.97s, train err*1e8:  0.1390 (best*1e8:  0.1390/ 0.0261)
>> epoch [2402/3000], runtime: 19.39s, train err *1e8: 0.1388, valid err*1e8: 0.0260 , test err*1e8: 0.0344
>> epoch [2403/3000], runtime:  19.97s, train err*1e8:  0.1387 (best*1e8:  0.1388/ 0.0260)
>> epoch [2404/3000], runtime: 19.40s, train err *1e8: 0.1385, valid err*1e8: 0.0260 , test err*1e8: 0.0345
>> epoch [2405/3000], runtime:  19.92s, train err*1e8:  0.1393 (best*1e8:  0.1385/ 0.0260)
>> epoch [2406/3000], runtime:  19.33s, train err*1e8:  0.1387 (best*1e8:  0.1385/ 0.0260)
>> epoch [2407/3000], runtime:  19.96s, train err*1e8:  0.1386 (best*1e8:  0.1385/ 0.0260)
>> epoch [2408/3000], runtime:  19.87s, train err*1e8:  0.1388 (best*1e8:  0.1385/ 0.0260)
>> epoch [2409/3000], runtime:  19.95s, train err*1e8:  0.1388 (best*1e8:  0.1385/ 0.0260)
>> epoch [2410/3000], runtime:  19.93s, train err*1e8:  0.1387 (best*1e8:  0.1385/ 0.0260)
>> epoch [2411/3000], runtime:  19.96s, train err*1e8:  0.1388 (best*1e8:  0.1385/ 0.0260)
>> epoch [2412/3000], runtime:  19.93s, train err*1e8:  0.1386 (best*1e8:  0.1385/ 0.0260)
>> epoch [2413/3000], runtime:  19.93s, train err*1e8:  0.1387 (best*1e8:  0.1385/ 0.0260)
>> epoch [2414/3000], runtime:  19.44s, train err*1e8:  0.1385 (best*1e8:  0.1385/ 0.0260)
>> epoch [2415/3000], runtime:  19.94s, train err*1e8:  0.1387 (best*1e8:  0.1385/ 0.0260)
>> epoch [2416/3000], runtime:  20.00s, train err*1e8:  0.1387 (best*1e8:  0.1385/ 0.0260)
>> epoch [2417/3000], runtime:  19.89s, train err*1e8:  0.1389 (best*1e8:  0.1385/ 0.0260)
>> epoch [2418/3000], runtime:  19.39s, train err*1e8:  0.1388 (best*1e8:  0.1385/ 0.0260)
>> epoch [2419/3000], runtime:  19.95s, train err*1e8:  0.1392 (best*1e8:  0.1385/ 0.0260)
>> epoch [2420/3000], runtime:  19.94s, train err*1e8:  0.1387 (best*1e8:  0.1385/ 0.0260)
>> epoch [2421/3000], runtime:  19.94s, train err*1e8:  0.1386 (best*1e8:  0.1385/ 0.0260)
>> epoch [2422/3000], runtime:  19.97s, train err*1e8:  0.1391 (best*1e8:  0.1385/ 0.0260)
>> epoch [2423/3000], runtime:  19.93s, train err*1e8:  0.1383 (best*1e8:  0.1385/ 0.0260)
>> epoch [2424/3000], runtime:  19.40s, train err*1e8:  0.1386 (best*1e8:  0.1385/ 0.0260)
>> epoch [2425/3000], runtime:  19.95s, train err*1e8:  0.1391 (best*1e8:  0.1385/ 0.0260)
>> epoch [2426/3000], runtime:  19.94s, train err*1e8:  0.1386 (best*1e8:  0.1385/ 0.0260)
>> epoch [2427/3000], runtime:  19.97s, train err*1e8:  0.1384 (best*1e8:  0.1385/ 0.0260)
>> epoch [2428/3000], runtime:  19.95s, train err*1e8:  0.1385 (best*1e8:  0.1385/ 0.0260)
>> epoch [2429/3000], runtime:  19.94s, train err*1e8:  0.1392 (best*1e8:  0.1385/ 0.0260)
>> epoch [2430/3000], runtime:  19.87s, train err*1e8:  0.1383 (best*1e8:  0.1385/ 0.0260)
>> epoch [2431/3000], runtime:  19.56s, train err*1e8:  0.1384 (best*1e8:  0.1385/ 0.0260)
>> epoch [2432/3000], runtime: 19.93s, train err *1e8: 0.1384, valid err*1e8: 0.0260 , test err*1e8: 0.0348
>> epoch [2433/3000], runtime:  19.96s, train err*1e8:  0.1387 (best*1e8:  0.1384/ 0.0260)
>> epoch [2434/3000], runtime:  19.96s, train err*1e8:  0.1386 (best*1e8:  0.1384/ 0.0260)
>> epoch [2435/3000], runtime:  19.86s, train err*1e8:  0.1385 (best*1e8:  0.1384/ 0.0260)
>> epoch [2436/3000], runtime:  19.93s, train err*1e8:  0.1384 (best*1e8:  0.1384/ 0.0260)
>> epoch [2437/3000], runtime:  19.93s, train err*1e8:  0.1388 (best*1e8:  0.1384/ 0.0260)
>> epoch [2438/3000], runtime:  19.96s, train err*1e8:  0.1386 (best*1e8:  0.1384/ 0.0260)
>> epoch [2439/3000], runtime:  19.94s, train err*1e8:  0.1385 (best*1e8:  0.1384/ 0.0260)
>> epoch [2440/3000], runtime:  19.94s, train err*1e8:  0.1383 (best*1e8:  0.1384/ 0.0260)
>> epoch [2441/3000], runtime:  19.91s, train err*1e8:  0.1387 (best*1e8:  0.1384/ 0.0260)
>> epoch [2442/3000], runtime:  19.89s, train err*1e8:  0.1384 (best*1e8:  0.1384/ 0.0260)
>> epoch [2443/3000], runtime:  19.55s, train err*1e8:  0.1382 (best*1e8:  0.1384/ 0.0260)
>> epoch [2444/3000], runtime:  19.95s, train err*1e8:  0.1386 (best*1e8:  0.1384/ 0.0260)
>> epoch [2445/3000], runtime:  19.94s, train err*1e8:  0.1382 (best*1e8:  0.1384/ 0.0260)
>> epoch [2446/3000], runtime:  19.95s, train err*1e8:  0.1388 (best*1e8:  0.1384/ 0.0260)
>> epoch [2447/3000], runtime:  19.92s, train err*1e8:  0.1390 (best*1e8:  0.1384/ 0.0260)
>> epoch [2448/3000], runtime:  19.95s, train err*1e8:  0.1383 (best*1e8:  0.1384/ 0.0260)
>> epoch [2449/3000], runtime:  19.93s, train err*1e8:  0.1383 (best*1e8:  0.1384/ 0.0260)
>> epoch [2450/3000], runtime: 19.94s, train err *1e8: 0.1382, valid err*1e8: 0.0259 , test err*1e8: 0.0345
>> epoch [2451/3000], runtime:  19.95s, train err*1e8:  0.1383 (best*1e8:  0.1382/ 0.0259)
>> epoch [2452/3000], runtime:  19.95s, train err*1e8:  0.1382 (best*1e8:  0.1382/ 0.0259)
>> epoch [2453/3000], runtime:  19.90s, train err*1e8:  0.1381 (best*1e8:  0.1382/ 0.0259)
>> epoch [2454/3000], runtime:  19.86s, train err*1e8:  0.1382 (best*1e8:  0.1382/ 0.0259)
>> epoch [2455/3000], runtime:  19.97s, train err*1e8:  0.1380 (best*1e8:  0.1382/ 0.0259)
>> epoch [2456/3000], runtime:  19.96s, train err*1e8:  0.1381 (best*1e8:  0.1382/ 0.0259)
>> epoch [2457/3000], runtime:  19.94s, train err*1e8:  0.1383 (best*1e8:  0.1382/ 0.0259)
>> epoch [2458/3000], runtime:  19.92s, train err*1e8:  0.1382 (best*1e8:  0.1382/ 0.0259)
>> epoch [2459/3000], runtime:  19.39s, train err*1e8:  0.1382 (best*1e8:  0.1382/ 0.0259)
>> epoch [2460/3000], runtime:  19.98s, train err*1e8:  0.1381 (best*1e8:  0.1382/ 0.0259)
>> epoch [2461/3000], runtime:  19.97s, train err*1e8:  0.1381 (best*1e8:  0.1382/ 0.0259)
>> epoch [2462/3000], runtime:  19.91s, train err*1e8:  0.1382 (best*1e8:  0.1382/ 0.0259)
>> epoch [2463/3000], runtime:  19.35s, train err*1e8:  0.1384 (best*1e8:  0.1382/ 0.0259)
>> epoch [2464/3000], runtime:  19.96s, train err*1e8:  0.1381 (best*1e8:  0.1382/ 0.0259)
>> epoch [2465/3000], runtime:  19.96s, train err*1e8:  0.1381 (best*1e8:  0.1382/ 0.0259)
>> epoch [2466/3000], runtime:  19.96s, train err*1e8:  0.1389 (best*1e8:  0.1382/ 0.0259)
>> epoch [2467/3000], runtime:  19.97s, train err*1e8:  0.1379 (best*1e8:  0.1382/ 0.0259)
>> epoch [2468/3000], runtime:  19.95s, train err*1e8:  0.1382 (best*1e8:  0.1382/ 0.0259)
>> epoch [2469/3000], runtime:  19.90s, train err*1e8:  0.1385 (best*1e8:  0.1382/ 0.0259)
>> epoch [2470/3000], runtime:  19.88s, train err*1e8:  0.1380 (best*1e8:  0.1382/ 0.0259)
>> epoch [2471/3000], runtime:  19.96s, train err*1e8:  0.1381 (best*1e8:  0.1382/ 0.0259)
>> epoch [2472/3000], runtime:  19.96s, train err*1e8:  0.1385 (best*1e8:  0.1382/ 0.0259)
>> epoch [2473/3000], runtime:  19.98s, train err*1e8:  0.1381 (best*1e8:  0.1382/ 0.0259)
>> epoch [2474/3000], runtime:  19.96s, train err*1e8:  0.1379 (best*1e8:  0.1382/ 0.0259)
>> epoch [2475/3000], runtime:  19.90s, train err*1e8:  0.1379 (best*1e8:  0.1382/ 0.0259)
>> epoch [2476/3000], runtime:  19.91s, train err*1e8:  0.1380 (best*1e8:  0.1382/ 0.0259)
>> epoch [2477/3000], runtime:  19.97s, train err*1e8:  0.1381 (best*1e8:  0.1382/ 0.0259)
>> epoch [2478/3000], runtime:  19.98s, train err*1e8:  0.1380 (best*1e8:  0.1382/ 0.0259)
>> epoch [2479/3000], runtime:  19.97s, train err*1e8:  0.1380 (best*1e8:  0.1382/ 0.0259)
>> epoch [2480/3000], runtime:  19.40s, train err*1e8:  0.1380 (best*1e8:  0.1382/ 0.0259)
>> epoch [2481/3000], runtime:  19.91s, train err*1e8:  0.1380 (best*1e8:  0.1382/ 0.0259)
>> epoch [2482/3000], runtime: 19.98s, train err *1e8: 0.1382, valid err*1e8: 0.0259 , test err*1e8: 0.0342
>> epoch [2483/3000], runtime:  19.95s, train err*1e8:  0.1379 (best*1e8:  0.1382/ 0.0259)
>> epoch [2484/3000], runtime:  19.91s, train err*1e8:  0.1379 (best*1e8:  0.1382/ 0.0259)
>> epoch [2485/3000], runtime:  19.94s, train err*1e8:  0.1380 (best*1e8:  0.1382/ 0.0259)
>> epoch [2486/3000], runtime: 19.62s, train err *1e8: 0.1380, valid err*1e8: 0.0259 , test err*1e8: 0.0342
>> epoch [2487/3000], runtime:  19.93s, train err*1e8:  0.1378 (best*1e8:  0.1380/ 0.0259)
>> epoch [2488/3000], runtime:  19.67s, train err*1e8:  0.1381 (best*1e8:  0.1380/ 0.0259)
>> epoch [2489/3000], runtime:  19.96s, train err*1e8:  0.1385 (best*1e8:  0.1380/ 0.0259)
>> epoch [2490/3000], runtime:  19.96s, train err*1e8:  0.1384 (best*1e8:  0.1380/ 0.0259)
>> epoch [2491/3000], runtime:  19.99s, train err*1e8:  0.1381 (best*1e8:  0.1380/ 0.0259)
>> epoch [2492/3000], runtime:  19.97s, train err*1e8:  0.1379 (best*1e8:  0.1380/ 0.0259)
>> epoch [2493/3000], runtime:  19.96s, train err*1e8:  0.1377 (best*1e8:  0.1380/ 0.0259)
>> epoch [2494/3000], runtime: 19.94s, train err *1e8: 0.1379, valid err*1e8: 0.0259 , test err*1e8: 0.0343
>> epoch [2495/3000], runtime:  19.98s, train err*1e8:  0.1378 (best*1e8:  0.1379/ 0.0259)
>> epoch [2496/3000], runtime:  19.96s, train err*1e8:  0.1379 (best*1e8:  0.1379/ 0.0259)
>> epoch [2497/3000], runtime:  19.40s, train err*1e8:  0.1382 (best*1e8:  0.1379/ 0.0259)
>> epoch [2498/3000], runtime:  19.95s, train err*1e8:  0.1381 (best*1e8:  0.1379/ 0.0259)
>> epoch [2499/3000], runtime:  19.97s, train err*1e8:  0.1378 (best*1e8:  0.1379/ 0.0259)
>> epoch [2500/3000], runtime:  19.90s, train err*1e8:  0.1379 (best*1e8:  0.1379/ 0.0259)
>> epoch [2501/3000], runtime:  19.94s, train err*1e8:  0.1382 (best*1e8:  0.1379/ 0.0259)
>> epoch [2502/3000], runtime:  19.95s, train err*1e8:  0.1380 (best*1e8:  0.1379/ 0.0259)
>> epoch [2503/3000], runtime:  19.94s, train err*1e8:  0.1378 (best*1e8:  0.1379/ 0.0259)
>> epoch [2504/3000], runtime:  19.95s, train err*1e8:  0.1378 (best*1e8:  0.1379/ 0.0259)
>> epoch [2505/3000], runtime:  19.97s, train err*1e8:  0.1379 (best*1e8:  0.1379/ 0.0259)
>> epoch [2506/3000], runtime:  19.38s, train err*1e8:  0.1377 (best*1e8:  0.1379/ 0.0259)
>> epoch [2507/3000], runtime:  19.92s, train err*1e8:  0.1377 (best*1e8:  0.1379/ 0.0259)
>> epoch [2508/3000], runtime:  19.93s, train err*1e8:  0.1377 (best*1e8:  0.1379/ 0.0259)
>> epoch [2509/3000], runtime:  19.93s, train err*1e8:  0.1380 (best*1e8:  0.1379/ 0.0259)
>> epoch [2510/3000], runtime:  19.37s, train err*1e8:  0.1384 (best*1e8:  0.1379/ 0.0259)
>> epoch [2511/3000], runtime: 19.95s, train err *1e8: 0.1378, valid err*1e8: 0.0258 , test err*1e8: 0.0342
>> epoch [2512/3000], runtime:  19.93s, train err*1e8:  0.1378 (best*1e8:  0.1378/ 0.0258)
>> epoch [2513/3000], runtime:  19.96s, train err*1e8:  0.1383 (best*1e8:  0.1378/ 0.0258)
>> epoch [2514/3000], runtime:  19.37s, train err*1e8:  0.1380 (best*1e8:  0.1378/ 0.0258)
>> epoch [2515/3000], runtime:  19.92s, train err*1e8:  0.1376 (best*1e8:  0.1378/ 0.0258)
>> epoch [2516/3000], runtime:  19.94s, train err*1e8:  0.1377 (best*1e8:  0.1378/ 0.0258)
>> epoch [2517/3000], runtime:  19.93s, train err*1e8:  0.1377 (best*1e8:  0.1378/ 0.0258)
>> epoch [2518/3000], runtime:  19.87s, train err*1e8:  0.1375 (best*1e8:  0.1378/ 0.0258)
>> epoch [2519/3000], runtime:  19.94s, train err*1e8:  0.1376 (best*1e8:  0.1378/ 0.0258)
>> epoch [2520/3000], runtime:  19.91s, train err*1e8:  0.1374 (best*1e8:  0.1378/ 0.0258)
>> epoch [2521/3000], runtime:  19.37s, train err*1e8:  0.1379 (best*1e8:  0.1378/ 0.0258)
>> epoch [2522/3000], runtime:  19.88s, train err*1e8:  0.1379 (best*1e8:  0.1378/ 0.0258)
>> epoch [2523/3000], runtime:  19.88s, train err*1e8:  0.1375 (best*1e8:  0.1378/ 0.0258)
>> epoch [2524/3000], runtime:  19.95s, train err*1e8:  0.1376 (best*1e8:  0.1378/ 0.0258)
>> epoch [2525/3000], runtime:  19.36s, train err*1e8:  0.1376 (best*1e8:  0.1378/ 0.0258)
>> epoch [2526/3000], runtime:  19.93s, train err*1e8:  0.1379 (best*1e8:  0.1378/ 0.0258)
>> epoch [2527/3000], runtime:  19.38s, train err*1e8:  0.1382 (best*1e8:  0.1378/ 0.0258)
>> epoch [2528/3000], runtime:  19.97s, train err*1e8:  0.1375 (best*1e8:  0.1378/ 0.0258)
>> epoch [2529/3000], runtime:  19.37s, train err*1e8:  0.1377 (best*1e8:  0.1378/ 0.0258)
>> epoch [2530/3000], runtime:  19.92s, train err*1e8:  0.1376 (best*1e8:  0.1378/ 0.0258)
>> epoch [2531/3000], runtime:  19.93s, train err*1e8:  0.1377 (best*1e8:  0.1378/ 0.0258)
>> epoch [2532/3000], runtime:  19.88s, train err*1e8:  0.1374 (best*1e8:  0.1378/ 0.0258)
>> epoch [2533/3000], runtime:  19.89s, train err*1e8:  0.1374 (best*1e8:  0.1378/ 0.0258)
>> epoch [2534/3000], runtime:  19.96s, train err*1e8:  0.1375 (best*1e8:  0.1378/ 0.0258)
>> epoch [2535/3000], runtime:  19.93s, train err*1e8:  0.1376 (best*1e8:  0.1378/ 0.0258)
>> epoch [2536/3000], runtime:  19.43s, train err*1e8:  0.1375 (best*1e8:  0.1378/ 0.0258)
>> epoch [2537/3000], runtime:  19.94s, train err*1e8:  0.1376 (best*1e8:  0.1378/ 0.0258)
>> epoch [2538/3000], runtime: 19.40s, train err *1e8: 0.1378, valid err*1e8: 0.0258 , test err*1e8: 0.0341
>> epoch [2539/3000], runtime:  19.97s, train err*1e8:  0.1374 (best*1e8:  0.1378/ 0.0258)
>> epoch [2540/3000], runtime:  19.90s, train err*1e8:  0.1376 (best*1e8:  0.1378/ 0.0258)
>> epoch [2541/3000], runtime:  19.98s, train err*1e8:  0.1377 (best*1e8:  0.1378/ 0.0258)
>> epoch [2542/3000], runtime:  19.40s, train err*1e8:  0.1375 (best*1e8:  0.1378/ 0.0258)
>> epoch [2543/3000], runtime:  19.88s, train err*1e8:  0.1375 (best*1e8:  0.1378/ 0.0258)
>> epoch [2544/3000], runtime: 19.88s, train err *1e8: 0.1374, valid err*1e8: 0.0258 , test err*1e8: 0.0343
>> epoch [2545/3000], runtime:  19.96s, train err*1e8:  0.1374 (best*1e8:  0.1374/ 0.0258)
>> epoch [2546/3000], runtime:  19.94s, train err*1e8:  0.1376 (best*1e8:  0.1374/ 0.0258)
>> epoch [2547/3000], runtime:  19.95s, train err*1e8:  0.1374 (best*1e8:  0.1374/ 0.0258)
>> epoch [2548/3000], runtime:  19.97s, train err*1e8:  0.1375 (best*1e8:  0.1374/ 0.0258)
>> epoch [2549/3000], runtime:  19.91s, train err*1e8:  0.1375 (best*1e8:  0.1374/ 0.0258)
>> epoch [2550/3000], runtime:  19.94s, train err*1e8:  0.1374 (best*1e8:  0.1374/ 0.0258)
>> epoch [2551/3000], runtime:  19.44s, train err*1e8:  0.1379 (best*1e8:  0.1374/ 0.0258)
>> epoch [2552/3000], runtime:  19.94s, train err*1e8:  0.1374 (best*1e8:  0.1374/ 0.0258)
>> epoch [2553/3000], runtime:  19.95s, train err*1e8:  0.1376 (best*1e8:  0.1374/ 0.0258)
>> epoch [2554/3000], runtime:  19.96s, train err*1e8:  0.1375 (best*1e8:  0.1374/ 0.0258)
>> epoch [2555/3000], runtime:  19.37s, train err*1e8:  0.1377 (best*1e8:  0.1374/ 0.0258)
>> epoch [2556/3000], runtime:  19.94s, train err*1e8:  0.1373 (best*1e8:  0.1374/ 0.0258)
>> epoch [2557/3000], runtime:  19.94s, train err*1e8:  0.1374 (best*1e8:  0.1374/ 0.0258)
>> epoch [2558/3000], runtime:  19.96s, train err*1e8:  0.1376 (best*1e8:  0.1374/ 0.0258)
>> epoch [2559/3000], runtime:  19.91s, train err*1e8:  0.1383 (best*1e8:  0.1374/ 0.0258)
>> epoch [2560/3000], runtime:  19.97s, train err*1e8:  0.1372 (best*1e8:  0.1374/ 0.0258)
>> epoch [2561/3000], runtime:  19.95s, train err*1e8:  0.1376 (best*1e8:  0.1374/ 0.0258)
>> epoch [2562/3000], runtime:  19.95s, train err*1e8:  0.1374 (best*1e8:  0.1374/ 0.0258)
>> epoch [2563/3000], runtime:  19.90s, train err*1e8:  0.1374 (best*1e8:  0.1374/ 0.0258)
>> epoch [2564/3000], runtime:  19.36s, train err*1e8:  0.1374 (best*1e8:  0.1374/ 0.0258)
>> epoch [2565/3000], runtime:  19.97s, train err*1e8:  0.1372 (best*1e8:  0.1374/ 0.0258)
>> epoch [2566/3000], runtime:  19.95s, train err*1e8:  0.1372 (best*1e8:  0.1374/ 0.0258)
>> epoch [2567/3000], runtime:  19.88s, train err*1e8:  0.1373 (best*1e8:  0.1374/ 0.0258)
>> epoch [2568/3000], runtime:  19.30s, train err*1e8:  0.1372 (best*1e8:  0.1374/ 0.0258)
>> epoch [2569/3000], runtime:  19.98s, train err*1e8:  0.1373 (best*1e8:  0.1374/ 0.0258)
>> epoch [2570/3000], runtime:  19.90s, train err*1e8:  0.1372 (best*1e8:  0.1374/ 0.0258)
>> epoch [2571/3000], runtime:  19.51s, train err*1e8:  0.1374 (best*1e8:  0.1374/ 0.0258)
>> epoch [2572/3000], runtime:  19.97s, train err*1e8:  0.1373 (best*1e8:  0.1374/ 0.0258)
>> epoch [2573/3000], runtime:  19.91s, train err*1e8:  0.1384 (best*1e8:  0.1374/ 0.0258)
>> epoch [2574/3000], runtime:  19.97s, train err*1e8:  0.1379 (best*1e8:  0.1374/ 0.0258)
>> epoch [2575/3000], runtime:  19.32s, train err*1e8:  0.1371 (best*1e8:  0.1374/ 0.0258)
>> epoch [2576/3000], runtime: 19.89s, train err *1e8: 0.1372, valid err*1e8: 0.0258 , test err*1e8: 0.0343
>> epoch [2577/3000], runtime:  19.96s, train err*1e8:  0.1373 (best*1e8:  0.1372/ 0.0258)
>> epoch [2578/3000], runtime:  19.95s, train err*1e8:  0.1373 (best*1e8:  0.1372/ 0.0258)
>> epoch [2579/3000], runtime:  19.95s, train err*1e8:  0.1372 (best*1e8:  0.1372/ 0.0258)
>> epoch [2580/3000], runtime:  19.97s, train err*1e8:  0.1375 (best*1e8:  0.1372/ 0.0258)
>> epoch [2581/3000], runtime:  19.96s, train err*1e8:  0.1371 (best*1e8:  0.1372/ 0.0258)
>> epoch [2582/3000], runtime: 19.96s, train err *1e8: 0.1371, valid err*1e8: 0.0258 , test err*1e8: 0.0342
>> epoch [2583/3000], runtime:  19.94s, train err*1e8:  0.1372 (best*1e8:  0.1371/ 0.0258)
>> epoch [2584/3000], runtime:  19.95s, train err*1e8:  0.1374 (best*1e8:  0.1371/ 0.0258)
>> epoch [2585/3000], runtime:  20.02s, train err*1e8:  0.1371 (best*1e8:  0.1371/ 0.0258)
>> epoch [2586/3000], runtime:  19.89s, train err*1e8:  0.1373 (best*1e8:  0.1371/ 0.0258)
>> epoch [2587/3000], runtime:  19.96s, train err*1e8:  0.1370 (best*1e8:  0.1371/ 0.0258)
>> epoch [2588/3000], runtime:  19.94s, train err*1e8:  0.1372 (best*1e8:  0.1371/ 0.0258)
>> epoch [2589/3000], runtime:  19.88s, train err*1e8:  0.1378 (best*1e8:  0.1371/ 0.0258)
>> epoch [2590/3000], runtime:  19.92s, train err*1e8:  0.1372 (best*1e8:  0.1371/ 0.0258)
>> epoch [2591/3000], runtime: 19.94s, train err *1e8: 0.1370, valid err*1e8: 0.0258 , test err*1e8: 0.0340
>> epoch [2592/3000], runtime:  19.89s, train err*1e8:  0.1370 (best*1e8:  0.1370/ 0.0258)
>> epoch [2593/3000], runtime:  19.91s, train err*1e8:  0.1371 (best*1e8:  0.1370/ 0.0258)
>> epoch [2594/3000], runtime:  19.86s, train err*1e8:  0.1371 (best*1e8:  0.1370/ 0.0258)
>> epoch [2595/3000], runtime:  19.99s, train err*1e8:  0.1372 (best*1e8:  0.1370/ 0.0258)
>> epoch [2596/3000], runtime:  19.96s, train err*1e8:  0.1371 (best*1e8:  0.1370/ 0.0258)
>> epoch [2597/3000], runtime:  19.89s, train err*1e8:  0.1370 (best*1e8:  0.1370/ 0.0258)
>> epoch [2598/3000], runtime:  19.97s, train err*1e8:  0.1370 (best*1e8:  0.1370/ 0.0258)
>> epoch [2599/3000], runtime:  19.89s, train err*1e8:  0.1371 (best*1e8:  0.1370/ 0.0258)
>> epoch [2600/3000], runtime:  19.97s, train err*1e8:  0.1368 (best*1e8:  0.1370/ 0.0258)
>> epoch [2601/3000], runtime:  19.39s, train err*1e8:  0.1372 (best*1e8:  0.1370/ 0.0258)
>> epoch [2602/3000], runtime:  19.96s, train err*1e8:  0.1372 (best*1e8:  0.1370/ 0.0258)
>> epoch [2603/3000], runtime:  19.95s, train err*1e8:  0.1369 (best*1e8:  0.1370/ 0.0258)
>> epoch [2604/3000], runtime:  19.93s, train err*1e8:  0.1370 (best*1e8:  0.1370/ 0.0258)
>> epoch [2605/3000], runtime:  19.97s, train err*1e8:  0.1372 (best*1e8:  0.1370/ 0.0258)
>> epoch [2606/3000], runtime:  19.97s, train err*1e8:  0.1370 (best*1e8:  0.1370/ 0.0258)
>> epoch [2607/3000], runtime:  19.94s, train err*1e8:  0.1373 (best*1e8:  0.1370/ 0.0258)
>> epoch [2608/3000], runtime:  19.97s, train err*1e8:  0.1370 (best*1e8:  0.1370/ 0.0258)
>> epoch [2609/3000], runtime:  19.96s, train err*1e8:  0.1370 (best*1e8:  0.1370/ 0.0258)
>> epoch [2610/3000], runtime:  19.98s, train err*1e8:  0.1373 (best*1e8:  0.1370/ 0.0258)
>> epoch [2611/3000], runtime:  19.97s, train err*1e8:  0.1369 (best*1e8:  0.1370/ 0.0258)
>> epoch [2612/3000], runtime:  19.90s, train err*1e8:  0.1371 (best*1e8:  0.1370/ 0.0258)
>> epoch [2613/3000], runtime:  19.95s, train err*1e8:  0.1368 (best*1e8:  0.1370/ 0.0258)
>> epoch [2614/3000], runtime:  19.91s, train err*1e8:  0.1368 (best*1e8:  0.1370/ 0.0258)
>> epoch [2615/3000], runtime:  19.94s, train err*1e8:  0.1370 (best*1e8:  0.1370/ 0.0258)
>> epoch [2616/3000], runtime:  19.41s, train err*1e8:  0.1374 (best*1e8:  0.1370/ 0.0258)
>> epoch [2617/3000], runtime:  19.89s, train err*1e8:  0.1378 (best*1e8:  0.1370/ 0.0258)
>> epoch [2618/3000], runtime: 19.41s, train err *1e8: 0.1369, valid err*1e8: 0.0257 , test err*1e8: 0.0342
>> epoch [2619/3000], runtime:  19.96s, train err*1e8:  0.1370 (best*1e8:  0.1369/ 0.0257)
>> epoch [2620/3000], runtime:  19.98s, train err*1e8:  0.1369 (best*1e8:  0.1369/ 0.0257)
>> epoch [2621/3000], runtime:  19.97s, train err*1e8:  0.1369 (best*1e8:  0.1369/ 0.0257)
>> epoch [2622/3000], runtime:  19.90s, train err*1e8:  0.1371 (best*1e8:  0.1369/ 0.0257)
>> epoch [2623/3000], runtime:  19.95s, train err*1e8:  0.1370 (best*1e8:  0.1369/ 0.0257)
>> epoch [2624/3000], runtime:  19.91s, train err*1e8:  0.1369 (best*1e8:  0.1369/ 0.0257)
>> epoch [2625/3000], runtime:  19.92s, train err*1e8:  0.1370 (best*1e8:  0.1369/ 0.0257)
>> epoch [2626/3000], runtime:  19.36s, train err*1e8:  0.1367 (best*1e8:  0.1369/ 0.0257)
>> epoch [2627/3000], runtime:  19.92s, train err*1e8:  0.1368 (best*1e8:  0.1369/ 0.0257)
>> epoch [2628/3000], runtime:  19.95s, train err*1e8:  0.1367 (best*1e8:  0.1369/ 0.0257)
>> epoch [2629/3000], runtime:  19.97s, train err*1e8:  0.1369 (best*1e8:  0.1369/ 0.0257)
>> epoch [2630/3000], runtime:  19.86s, train err*1e8:  0.1367 (best*1e8:  0.1369/ 0.0257)
>> epoch [2631/3000], runtime:  19.93s, train err*1e8:  0.1368 (best*1e8:  0.1369/ 0.0257)
>> epoch [2632/3000], runtime:  19.97s, train err*1e8:  0.1370 (best*1e8:  0.1369/ 0.0257)
>> epoch [2633/3000], runtime:  19.94s, train err*1e8:  0.1369 (best*1e8:  0.1369/ 0.0257)
>> epoch [2634/3000], runtime:  20.01s, train err*1e8:  0.1368 (best*1e8:  0.1369/ 0.0257)
>> epoch [2635/3000], runtime:  19.95s, train err*1e8:  0.1368 (best*1e8:  0.1369/ 0.0257)
>> epoch [2636/3000], runtime:  19.97s, train err*1e8:  0.1369 (best*1e8:  0.1369/ 0.0257)
>> epoch [2637/3000], runtime:  19.94s, train err*1e8:  0.1370 (best*1e8:  0.1369/ 0.0257)
>> epoch [2638/3000], runtime:  19.94s, train err*1e8:  0.1374 (best*1e8:  0.1369/ 0.0257)
>> epoch [2639/3000], runtime:  19.95s, train err*1e8:  0.1370 (best*1e8:  0.1369/ 0.0257)
>> epoch [2640/3000], runtime:  19.37s, train err*1e8:  0.1368 (best*1e8:  0.1369/ 0.0257)
>> epoch [2641/3000], runtime: 19.93s, train err *1e8: 0.1367, valid err*1e8: 0.0257 , test err*1e8: 0.0341
>> epoch [2642/3000], runtime:  19.94s, train err*1e8:  0.1367 (best*1e8:  0.1367/ 0.0257)
>> epoch [2643/3000], runtime:  19.92s, train err*1e8:  0.1369 (best*1e8:  0.1367/ 0.0257)
>> epoch [2644/3000], runtime:  19.93s, train err*1e8:  0.1374 (best*1e8:  0.1367/ 0.0257)
>> epoch [2645/3000], runtime:  19.95s, train err*1e8:  0.1368 (best*1e8:  0.1367/ 0.0257)
>> epoch [2646/3000], runtime:  19.89s, train err*1e8:  0.1368 (best*1e8:  0.1367/ 0.0257)
>> epoch [2647/3000], runtime:  19.95s, train err*1e8:  0.1366 (best*1e8:  0.1367/ 0.0257)
>> epoch [2648/3000], runtime:  19.94s, train err*1e8:  0.1367 (best*1e8:  0.1367/ 0.0257)
>> epoch [2649/3000], runtime:  19.90s, train err*1e8:  0.1368 (best*1e8:  0.1367/ 0.0257)
>> epoch [2650/3000], runtime:  19.93s, train err*1e8:  0.1368 (best*1e8:  0.1367/ 0.0257)
>> epoch [2651/3000], runtime:  19.94s, train err*1e8:  0.1369 (best*1e8:  0.1367/ 0.0257)
>> epoch [2652/3000], runtime:  19.89s, train err*1e8:  0.1368 (best*1e8:  0.1367/ 0.0257)
>> epoch [2653/3000], runtime:  19.90s, train err*1e8:  0.1367 (best*1e8:  0.1367/ 0.0257)
>> epoch [2654/3000], runtime:  19.94s, train err*1e8:  0.1368 (best*1e8:  0.1367/ 0.0257)
>> epoch [2655/3000], runtime:  19.96s, train err*1e8:  0.1365 (best*1e8:  0.1367/ 0.0257)
>> epoch [2656/3000], runtime:  19.96s, train err*1e8:  0.1368 (best*1e8:  0.1367/ 0.0257)
>> epoch [2657/3000], runtime:  19.96s, train err*1e8:  0.1371 (best*1e8:  0.1367/ 0.0257)
>> epoch [2658/3000], runtime:  19.88s, train err*1e8:  0.1369 (best*1e8:  0.1367/ 0.0257)
>> epoch [2659/3000], runtime:  20.00s, train err*1e8:  0.1367 (best*1e8:  0.1367/ 0.0257)
>> epoch [2660/3000], runtime: 19.96s, train err *1e8: 0.1366, valid err*1e8: 0.0257 , test err*1e8: 0.0341
>> epoch [2661/3000], runtime:  19.98s, train err*1e8:  0.1370 (best*1e8:  0.1366/ 0.0257)
>> epoch [2662/3000], runtime:  19.93s, train err*1e8:  0.1369 (best*1e8:  0.1366/ 0.0257)
>> epoch [2663/3000], runtime:  19.98s, train err*1e8:  0.1365 (best*1e8:  0.1366/ 0.0257)
>> epoch [2664/3000], runtime: 19.38s, train err *1e8: 0.1366, valid err*1e8: 0.0257 , test err*1e8: 0.0343
>> epoch [2665/3000], runtime:  19.94s, train err*1e8:  0.1368 (best*1e8:  0.1366/ 0.0257)
>> epoch [2666/3000], runtime:  19.94s, train err*1e8:  0.1368 (best*1e8:  0.1366/ 0.0257)
>> epoch [2667/3000], runtime:  19.93s, train err*1e8:  0.1368 (best*1e8:  0.1366/ 0.0257)
>> epoch [2668/3000], runtime:  19.94s, train err*1e8:  0.1366 (best*1e8:  0.1366/ 0.0257)
>> epoch [2669/3000], runtime:  19.94s, train err*1e8:  0.1368 (best*1e8:  0.1366/ 0.0257)
>> epoch [2670/3000], runtime:  19.92s, train err*1e8:  0.1367 (best*1e8:  0.1366/ 0.0257)
>> epoch [2671/3000], runtime:  19.96s, train err*1e8:  0.1367 (best*1e8:  0.1366/ 0.0257)
>> epoch [2672/3000], runtime:  19.96s, train err*1e8:  0.1366 (best*1e8:  0.1366/ 0.0257)
>> epoch [2673/3000], runtime:  19.38s, train err*1e8:  0.1368 (best*1e8:  0.1366/ 0.0257)
>> epoch [2674/3000], runtime:  19.90s, train err*1e8:  0.1371 (best*1e8:  0.1366/ 0.0257)
>> epoch [2675/3000], runtime:  19.92s, train err*1e8:  0.1365 (best*1e8:  0.1366/ 0.0257)
>> epoch [2676/3000], runtime:  19.88s, train err*1e8:  0.1368 (best*1e8:  0.1366/ 0.0257)
>> epoch [2677/3000], runtime:  19.94s, train err*1e8:  0.1368 (best*1e8:  0.1366/ 0.0257)
>> epoch [2678/3000], runtime:  19.96s, train err*1e8:  0.1365 (best*1e8:  0.1366/ 0.0257)
>> epoch [2679/3000], runtime:  19.97s, train err*1e8:  0.1365 (best*1e8:  0.1366/ 0.0257)
>> epoch [2680/3000], runtime:  19.95s, train err*1e8:  0.1366 (best*1e8:  0.1366/ 0.0257)
>> epoch [2681/3000], runtime:  19.95s, train err*1e8:  0.1371 (best*1e8:  0.1366/ 0.0257)
>> epoch [2682/3000], runtime:  19.92s, train err*1e8:  0.1366 (best*1e8:  0.1366/ 0.0257)
>> epoch [2683/3000], runtime:  19.96s, train err*1e8:  0.1367 (best*1e8:  0.1366/ 0.0257)
>> epoch [2684/3000], runtime:  19.51s, train err*1e8:  0.1366 (best*1e8:  0.1366/ 0.0257)
>> epoch [2685/3000], runtime:  19.96s, train err*1e8:  0.1366 (best*1e8:  0.1366/ 0.0257)
>> epoch [2686/3000], runtime:  19.94s, train err*1e8:  0.1367 (best*1e8:  0.1366/ 0.0257)
>> epoch [2687/3000], runtime:  19.94s, train err*1e8:  0.1367 (best*1e8:  0.1366/ 0.0257)
>> epoch [2688/3000], runtime:  19.96s, train err*1e8:  0.1368 (best*1e8:  0.1366/ 0.0257)
>> epoch [2689/3000], runtime:  19.96s, train err*1e8:  0.1364 (best*1e8:  0.1366/ 0.0257)
>> epoch [2690/3000], runtime:  19.94s, train err*1e8:  0.1363 (best*1e8:  0.1366/ 0.0257)
>> epoch [2691/3000], runtime:  19.92s, train err*1e8:  0.1365 (best*1e8:  0.1366/ 0.0257)
>> epoch [2692/3000], runtime:  19.38s, train err*1e8:  0.1363 (best*1e8:  0.1366/ 0.0257)
>> epoch [2693/3000], runtime:  19.92s, train err*1e8:  0.1363 (best*1e8:  0.1366/ 0.0257)
>> epoch [2694/3000], runtime:  19.91s, train err*1e8:  0.1365 (best*1e8:  0.1366/ 0.0257)
>> epoch [2695/3000], runtime:  19.96s, train err*1e8:  0.1366 (best*1e8:  0.1366/ 0.0257)
>> epoch [2696/3000], runtime:  19.92s, train err*1e8:  0.1365 (best*1e8:  0.1366/ 0.0257)
>> epoch [2697/3000], runtime:  19.97s, train err*1e8:  0.1366 (best*1e8:  0.1366/ 0.0257)
>> epoch [2698/3000], runtime:  19.96s, train err*1e8:  0.1363 (best*1e8:  0.1366/ 0.0257)
>> epoch [2699/3000], runtime:  19.96s, train err*1e8:  0.1363 (best*1e8:  0.1366/ 0.0257)
>> epoch [2700/3000], runtime:  19.93s, train err*1e8:  0.1363 (best*1e8:  0.1366/ 0.0257)
>> epoch [2701/3000], runtime: 19.97s, train err *1e8: 0.1363, valid err*1e8: 0.0257 , test err*1e8: 0.0340
>> epoch [2702/3000], runtime:  19.96s, train err*1e8:  0.1365 (best*1e8:  0.1363/ 0.0257)
>> epoch [2703/3000], runtime:  19.94s, train err*1e8:  0.1365 (best*1e8:  0.1363/ 0.0257)
>> epoch [2704/3000], runtime:  19.98s, train err*1e8:  0.1362 (best*1e8:  0.1363/ 0.0257)
>> epoch [2705/3000], runtime:  19.89s, train err*1e8:  0.1364 (best*1e8:  0.1363/ 0.0257)
>> epoch [2706/3000], runtime:  19.94s, train err*1e8:  0.1362 (best*1e8:  0.1363/ 0.0257)
>> epoch [2707/3000], runtime:  19.96s, train err*1e8:  0.1364 (best*1e8:  0.1363/ 0.0257)
>> epoch [2708/3000], runtime:  19.96s, train err*1e8:  0.1365 (best*1e8:  0.1363/ 0.0257)
>> epoch [2709/3000], runtime:  19.64s, train err*1e8:  0.1364 (best*1e8:  0.1363/ 0.0257)
>> epoch [2710/3000], runtime:  19.69s, train err*1e8:  0.1365 (best*1e8:  0.1363/ 0.0257)
>> epoch [2711/3000], runtime:  19.94s, train err*1e8:  0.1364 (best*1e8:  0.1363/ 0.0257)
>> epoch [2712/3000], runtime:  19.96s, train err*1e8:  0.1364 (best*1e8:  0.1363/ 0.0257)
>> epoch [2713/3000], runtime:  19.98s, train err*1e8:  0.1363 (best*1e8:  0.1363/ 0.0257)
>> epoch [2714/3000], runtime:  19.91s, train err*1e8:  0.1363 (best*1e8:  0.1363/ 0.0257)
>> epoch [2715/3000], runtime:  19.94s, train err*1e8:  0.1363 (best*1e8:  0.1363/ 0.0257)
>> epoch [2716/3000], runtime:  19.96s, train err*1e8:  0.1364 (best*1e8:  0.1363/ 0.0257)
>> epoch [2717/3000], runtime:  19.97s, train err*1e8:  0.1364 (best*1e8:  0.1363/ 0.0257)
>> epoch [2718/3000], runtime:  19.89s, train err*1e8:  0.1364 (best*1e8:  0.1363/ 0.0257)
>> epoch [2719/3000], runtime:  19.94s, train err*1e8:  0.1362 (best*1e8:  0.1363/ 0.0257)
>> epoch [2720/3000], runtime: 19.87s, train err *1e8: 0.1362, valid err*1e8: 0.0257 , test err*1e8: 0.0344
>> epoch [2721/3000], runtime:  19.93s, train err*1e8:  0.1362 (best*1e8:  0.1362/ 0.0257)
>> epoch [2722/3000], runtime:  19.94s, train err*1e8:  0.1362 (best*1e8:  0.1362/ 0.0257)
>> epoch [2723/3000], runtime:  19.93s, train err*1e8:  0.1362 (best*1e8:  0.1362/ 0.0257)
>> epoch [2724/3000], runtime:  19.96s, train err*1e8:  0.1363 (best*1e8:  0.1362/ 0.0257)
>> epoch [2725/3000], runtime:  19.95s, train err*1e8:  0.1363 (best*1e8:  0.1362/ 0.0257)
>> epoch [2726/3000], runtime:  19.40s, train err*1e8:  0.1366 (best*1e8:  0.1362/ 0.0257)
>> epoch [2727/3000], runtime:  19.95s, train err*1e8:  0.1363 (best*1e8:  0.1362/ 0.0257)
>> epoch [2728/3000], runtime:  19.39s, train err*1e8:  0.1362 (best*1e8:  0.1362/ 0.0257)
>> epoch [2729/3000], runtime:  19.86s, train err*1e8:  0.1364 (best*1e8:  0.1362/ 0.0257)
>> epoch [2730/3000], runtime:  19.61s, train err*1e8:  0.1363 (best*1e8:  0.1362/ 0.0257)
>> epoch [2731/3000], runtime:  19.62s, train err*1e8:  0.1364 (best*1e8:  0.1362/ 0.0257)
>> epoch [2732/3000], runtime:  19.93s, train err*1e8:  0.1362 (best*1e8:  0.1362/ 0.0257)
>> epoch [2733/3000], runtime:  19.94s, train err*1e8:  0.1364 (best*1e8:  0.1362/ 0.0257)
>> epoch [2734/3000], runtime:  19.94s, train err*1e8:  0.1362 (best*1e8:  0.1362/ 0.0257)
>> epoch [2735/3000], runtime:  19.96s, train err*1e8:  0.1362 (best*1e8:  0.1362/ 0.0257)
>> epoch [2736/3000], runtime:  19.97s, train err*1e8:  0.1361 (best*1e8:  0.1362/ 0.0257)
>> epoch [2737/3000], runtime:  19.96s, train err*1e8:  0.1361 (best*1e8:  0.1362/ 0.0257)
>> epoch [2738/3000], runtime:  19.94s, train err*1e8:  0.1362 (best*1e8:  0.1362/ 0.0257)
>> epoch [2739/3000], runtime:  19.89s, train err*1e8:  0.1363 (best*1e8:  0.1362/ 0.0257)
>> epoch [2740/3000], runtime:  19.95s, train err*1e8:  0.1361 (best*1e8:  0.1362/ 0.0257)
>> epoch [2741/3000], runtime:  19.95s, train err*1e8:  0.1361 (best*1e8:  0.1362/ 0.0257)
>> epoch [2742/3000], runtime:  19.96s, train err*1e8:  0.1362 (best*1e8:  0.1362/ 0.0257)
>> epoch [2743/3000], runtime:  19.96s, train err*1e8:  0.1364 (best*1e8:  0.1362/ 0.0257)
>> epoch [2744/3000], runtime:  19.96s, train err*1e8:  0.1362 (best*1e8:  0.1362/ 0.0257)
>> epoch [2745/3000], runtime:  19.93s, train err*1e8:  0.1360 (best*1e8:  0.1362/ 0.0257)
>> epoch [2746/3000], runtime:  20.04s, train err*1e8:  0.1362 (best*1e8:  0.1362/ 0.0257)
>> epoch [2747/3000], runtime:  19.94s, train err*1e8:  0.1360 (best*1e8:  0.1362/ 0.0257)
>> epoch [2748/3000], runtime:  19.94s, train err*1e8:  0.1362 (best*1e8:  0.1362/ 0.0257)
>> epoch [2749/3000], runtime:  19.89s, train err*1e8:  0.1365 (best*1e8:  0.1362/ 0.0257)
>> epoch [2750/3000], runtime:  19.93s, train err*1e8:  0.1361 (best*1e8:  0.1362/ 0.0257)
>> epoch [2751/3000], runtime: 19.95s, train err *1e8: 0.1361, valid err*1e8: 0.0256 , test err*1e8: 0.0340
>> epoch [2752/3000], runtime:  19.99s, train err*1e8:  0.1361 (best*1e8:  0.1361/ 0.0256)
>> epoch [2753/3000], runtime:  19.94s, train err*1e8:  0.1360 (best*1e8:  0.1361/ 0.0256)
>> epoch [2754/3000], runtime:  19.93s, train err*1e8:  0.1360 (best*1e8:  0.1361/ 0.0256)
>> epoch [2755/3000], runtime:  19.96s, train err*1e8:  0.1363 (best*1e8:  0.1361/ 0.0256)
>> epoch [2756/3000], runtime:  19.97s, train err*1e8:  0.1361 (best*1e8:  0.1361/ 0.0256)
>> epoch [2757/3000], runtime:  19.33s, train err*1e8:  0.1360 (best*1e8:  0.1361/ 0.0256)
>> epoch [2758/3000], runtime:  19.94s, train err*1e8:  0.1361 (best*1e8:  0.1361/ 0.0256)
>> epoch [2759/3000], runtime:  19.92s, train err*1e8:  0.1361 (best*1e8:  0.1361/ 0.0256)
>> epoch [2760/3000], runtime:  19.89s, train err*1e8:  0.1361 (best*1e8:  0.1361/ 0.0256)
>> epoch [2761/3000], runtime:  19.93s, train err*1e8:  0.1362 (best*1e8:  0.1361/ 0.0256)
>> epoch [2762/3000], runtime:  19.88s, train err*1e8:  0.1361 (best*1e8:  0.1361/ 0.0256)
>> epoch [2763/3000], runtime:  19.98s, train err*1e8:  0.1360 (best*1e8:  0.1361/ 0.0256)
>> epoch [2764/3000], runtime:  19.94s, train err*1e8:  0.1359 (best*1e8:  0.1361/ 0.0256)
>> epoch [2765/3000], runtime:  19.99s, train err*1e8:  0.1362 (best*1e8:  0.1361/ 0.0256)
>> epoch [2766/3000], runtime:  19.96s, train err*1e8:  0.1360 (best*1e8:  0.1361/ 0.0256)
>> epoch [2767/3000], runtime:  19.88s, train err*1e8:  0.1360 (best*1e8:  0.1361/ 0.0256)
>> epoch [2768/3000], runtime: 19.96s, train err *1e8: 0.1360, valid err*1e8: 0.0256 , test err*1e8: 0.0339
>> epoch [2769/3000], runtime:  19.95s, train err*1e8:  0.1359 (best*1e8:  0.1360/ 0.0256)
>> epoch [2770/3000], runtime:  19.97s, train err*1e8:  0.1361 (best*1e8:  0.1360/ 0.0256)
>> epoch [2771/3000], runtime:  19.94s, train err*1e8:  0.1361 (best*1e8:  0.1360/ 0.0256)
>> epoch [2772/3000], runtime:  19.92s, train err*1e8:  0.1362 (best*1e8:  0.1360/ 0.0256)
>> epoch [2773/3000], runtime:  19.34s, train err*1e8:  0.1362 (best*1e8:  0.1360/ 0.0256)
>> epoch [2774/3000], runtime:  19.95s, train err*1e8:  0.1363 (best*1e8:  0.1360/ 0.0256)
>> epoch [2775/3000], runtime:  19.35s, train err*1e8:  0.1360 (best*1e8:  0.1360/ 0.0256)
>> epoch [2776/3000], runtime:  19.97s, train err*1e8:  0.1361 (best*1e8:  0.1360/ 0.0256)
>> epoch [2777/3000], runtime: 19.33s, train err *1e8: 0.1359, valid err*1e8: 0.0256 , test err*1e8: 0.0338
>> epoch [2778/3000], runtime:  19.96s, train err*1e8:  0.1359 (best*1e8:  0.1359/ 0.0256)
>> epoch [2779/3000], runtime:  19.37s, train err*1e8:  0.1358 (best*1e8:  0.1359/ 0.0256)
>> epoch [2780/3000], runtime:  19.93s, train err*1e8:  0.1363 (best*1e8:  0.1359/ 0.0256)
>> epoch [2781/3000], runtime:  20.00s, train err*1e8:  0.1363 (best*1e8:  0.1359/ 0.0256)
>> epoch [2782/3000], runtime:  19.96s, train err*1e8:  0.1362 (best*1e8:  0.1359/ 0.0256)
>> epoch [2783/3000], runtime:  19.95s, train err*1e8:  0.1359 (best*1e8:  0.1359/ 0.0256)
>> epoch [2784/3000], runtime: 19.88s, train err *1e8: 0.1359, valid err*1e8: 0.0256 , test err*1e8: 0.0341
>> epoch [2785/3000], runtime:  19.96s, train err*1e8:  0.1362 (best*1e8:  0.1359/ 0.0256)
>> epoch [2786/3000], runtime:  19.89s, train err*1e8:  0.1359 (best*1e8:  0.1359/ 0.0256)
>> epoch [2787/3000], runtime: 19.93s, train err *1e8: 0.1358, valid err*1e8: 0.0256 , test err*1e8: 0.0340
>> epoch [2788/3000], runtime:  19.95s, train err*1e8:  0.1360 (best*1e8:  0.1358/ 0.0256)
>> epoch [2789/3000], runtime:  19.96s, train err*1e8:  0.1361 (best*1e8:  0.1358/ 0.0256)
>> epoch [2790/3000], runtime:  19.41s, train err*1e8:  0.1358 (best*1e8:  0.1358/ 0.0256)
>> epoch [2791/3000], runtime:  19.90s, train err*1e8:  0.1361 (best*1e8:  0.1358/ 0.0256)
>> epoch [2792/3000], runtime:  19.51s, train err*1e8:  0.1360 (best*1e8:  0.1358/ 0.0256)
>> epoch [2793/3000], runtime:  19.75s, train err*1e8:  0.1360 (best*1e8:  0.1358/ 0.0256)
>> epoch [2794/3000], runtime:  19.88s, train err*1e8:  0.1359 (best*1e8:  0.1358/ 0.0256)
>> epoch [2795/3000], runtime:  19.40s, train err*1e8:  0.1359 (best*1e8:  0.1358/ 0.0256)
>> epoch [2796/3000], runtime:  19.97s, train err*1e8:  0.1359 (best*1e8:  0.1358/ 0.0256)
>> epoch [2797/3000], runtime:  19.99s, train err*1e8:  0.1358 (best*1e8:  0.1358/ 0.0256)
>> epoch [2798/3000], runtime:  19.85s, train err*1e8:  0.1358 (best*1e8:  0.1358/ 0.0256)
>> epoch [2799/3000], runtime:  19.39s, train err*1e8:  0.1359 (best*1e8:  0.1358/ 0.0256)
>> epoch [2800/3000], runtime:  19.95s, train err*1e8:  0.1358 (best*1e8:  0.1358/ 0.0256)
>> epoch [2801/3000], runtime:  19.92s, train err*1e8:  0.1358 (best*1e8:  0.1358/ 0.0256)
>> epoch [2802/3000], runtime:  19.96s, train err*1e8:  0.1358 (best*1e8:  0.1358/ 0.0256)
>> epoch [2803/3000], runtime:  19.92s, train err*1e8:  0.1360 (best*1e8:  0.1358/ 0.0256)
>> epoch [2804/3000], runtime:  19.97s, train err*1e8:  0.1358 (best*1e8:  0.1358/ 0.0256)
>> epoch [2805/3000], runtime:  19.95s, train err*1e8:  0.1358 (best*1e8:  0.1358/ 0.0256)
>> epoch [2806/3000], runtime:  19.97s, train err*1e8:  0.1359 (best*1e8:  0.1358/ 0.0256)
>> epoch [2807/3000], runtime:  19.95s, train err*1e8:  0.1358 (best*1e8:  0.1358/ 0.0256)
>> epoch [2808/3000], runtime:  19.87s, train err*1e8:  0.1357 (best*1e8:  0.1358/ 0.0256)
>> epoch [2809/3000], runtime:  19.87s, train err*1e8:  0.1358 (best*1e8:  0.1358/ 0.0256)
>> epoch [2810/3000], runtime:  19.94s, train err*1e8:  0.1360 (best*1e8:  0.1358/ 0.0256)
>> epoch [2811/3000], runtime:  19.39s, train err*1e8:  0.1358 (best*1e8:  0.1358/ 0.0256)
>> epoch [2812/3000], runtime:  19.96s, train err*1e8:  0.1360 (best*1e8:  0.1358/ 0.0256)
>> epoch [2813/3000], runtime:  19.50s, train err*1e8:  0.1360 (best*1e8:  0.1358/ 0.0256)
>> epoch [2814/3000], runtime:  19.75s, train err*1e8:  0.1359 (best*1e8:  0.1358/ 0.0256)
>> epoch [2815/3000], runtime:  19.96s, train err*1e8:  0.1357 (best*1e8:  0.1358/ 0.0256)
>> epoch [2816/3000], runtime:  19.86s, train err*1e8:  0.1359 (best*1e8:  0.1358/ 0.0256)
>> epoch [2817/3000], runtime:  19.44s, train err*1e8:  0.1356 (best*1e8:  0.1358/ 0.0256)
>> epoch [2818/3000], runtime:  19.96s, train err*1e8:  0.1357 (best*1e8:  0.1358/ 0.0256)
>> epoch [2819/3000], runtime:  20.06s, train err*1e8:  0.1357 (best*1e8:  0.1358/ 0.0256)
>> epoch [2820/3000], runtime: 19.97s, train err *1e8: 0.1357, valid err*1e8: 0.0256 , test err*1e8: 0.0339
>> epoch [2821/3000], runtime:  20.01s, train err*1e8:  0.1358 (best*1e8:  0.1357/ 0.0256)
>> epoch [2822/3000], runtime:  20.07s, train err*1e8:  0.1358 (best*1e8:  0.1357/ 0.0256)
>> epoch [2823/3000], runtime:  20.00s, train err*1e8:  0.1358 (best*1e8:  0.1357/ 0.0256)
>> epoch [2824/3000], runtime:  19.93s, train err*1e8:  0.1358 (best*1e8:  0.1357/ 0.0256)
>> epoch [2825/3000], runtime:  20.04s, train err*1e8:  0.1357 (best*1e8:  0.1357/ 0.0256)
>> epoch [2826/3000], runtime:  20.03s, train err*1e8:  0.1360 (best*1e8:  0.1357/ 0.0256)
>> epoch [2827/3000], runtime:  19.95s, train err*1e8:  0.1357 (best*1e8:  0.1357/ 0.0256)
>> epoch [2828/3000], runtime:  19.95s, train err*1e8:  0.1356 (best*1e8:  0.1357/ 0.0256)
>> epoch [2829/3000], runtime:  19.89s, train err*1e8:  0.1357 (best*1e8:  0.1357/ 0.0256)
>> epoch [2830/3000], runtime:  19.95s, train err*1e8:  0.1358 (best*1e8:  0.1357/ 0.0256)
>> epoch [2831/3000], runtime:  19.92s, train err*1e8:  0.1356 (best*1e8:  0.1357/ 0.0256)
>> epoch [2832/3000], runtime:  19.88s, train err*1e8:  0.1358 (best*1e8:  0.1357/ 0.0256)
>> epoch [2833/3000], runtime:  19.88s, train err*1e8:  0.1357 (best*1e8:  0.1357/ 0.0256)
>> epoch [2834/3000], runtime:  19.41s, train err*1e8:  0.1357 (best*1e8:  0.1357/ 0.0256)
>> epoch [2835/3000], runtime:  19.88s, train err*1e8:  0.1356 (best*1e8:  0.1357/ 0.0256)
>> epoch [2836/3000], runtime:  19.95s, train err*1e8:  0.1355 (best*1e8:  0.1357/ 0.0256)
>> epoch [2837/3000], runtime:  19.96s, train err*1e8:  0.1356 (best*1e8:  0.1357/ 0.0256)
>> epoch [2838/3000], runtime:  19.99s, train err*1e8:  0.1356 (best*1e8:  0.1357/ 0.0256)
>> epoch [2839/3000], runtime:  19.95s, train err*1e8:  0.1356 (best*1e8:  0.1357/ 0.0256)
>> epoch [2840/3000], runtime:  19.93s, train err*1e8:  0.1356 (best*1e8:  0.1357/ 0.0256)
>> epoch [2841/3000], runtime:  19.95s, train err*1e8:  0.1357 (best*1e8:  0.1357/ 0.0256)
>> epoch [2842/3000], runtime: 19.94s, train err *1e8: 0.1356, valid err*1e8: 0.0255 , test err*1e8: 0.0341
>> epoch [2843/3000], runtime:  19.94s, train err*1e8:  0.1358 (best*1e8:  0.1356/ 0.0255)
>> epoch [2844/3000], runtime:  19.94s, train err*1e8:  0.1358 (best*1e8:  0.1356/ 0.0255)
>> epoch [2845/3000], runtime:  19.93s, train err*1e8:  0.1355 (best*1e8:  0.1356/ 0.0255)
>> epoch [2846/3000], runtime:  19.96s, train err*1e8:  0.1357 (best*1e8:  0.1356/ 0.0255)
>> epoch [2847/3000], runtime:  19.92s, train err*1e8:  0.1357 (best*1e8:  0.1356/ 0.0255)
>> epoch [2848/3000], runtime:  19.92s, train err*1e8:  0.1355 (best*1e8:  0.1356/ 0.0255)
>> epoch [2849/3000], runtime:  19.95s, train err*1e8:  0.1357 (best*1e8:  0.1356/ 0.0255)
>> epoch [2850/3000], runtime:  19.96s, train err*1e8:  0.1356 (best*1e8:  0.1356/ 0.0255)
>> epoch [2851/3000], runtime:  19.93s, train err*1e8:  0.1355 (best*1e8:  0.1356/ 0.0255)
>> epoch [2852/3000], runtime:  19.91s, train err*1e8:  0.1357 (best*1e8:  0.1356/ 0.0255)
>> epoch [2853/3000], runtime:  19.95s, train err*1e8:  0.1357 (best*1e8:  0.1356/ 0.0255)
>> epoch [2854/3000], runtime:  19.95s, train err*1e8:  0.1357 (best*1e8:  0.1356/ 0.0255)
>> epoch [2855/3000], runtime:  19.98s, train err*1e8:  0.1358 (best*1e8:  0.1356/ 0.0255)
>> epoch [2856/3000], runtime:  19.97s, train err*1e8:  0.1356 (best*1e8:  0.1356/ 0.0255)
>> epoch [2857/3000], runtime:  19.95s, train err*1e8:  0.1356 (best*1e8:  0.1356/ 0.0255)
>> epoch [2858/3000], runtime:  19.93s, train err*1e8:  0.1355 (best*1e8:  0.1356/ 0.0255)
>> epoch [2859/3000], runtime:  19.94s, train err*1e8:  0.1355 (best*1e8:  0.1356/ 0.0255)
>> epoch [2860/3000], runtime:  19.94s, train err*1e8:  0.1357 (best*1e8:  0.1356/ 0.0255)
>> epoch [2861/3000], runtime:  19.95s, train err*1e8:  0.1356 (best*1e8:  0.1356/ 0.0255)
>> epoch [2862/3000], runtime:  19.93s, train err*1e8:  0.1356 (best*1e8:  0.1356/ 0.0255)
>> epoch [2863/3000], runtime:  19.98s, train err*1e8:  0.1356 (best*1e8:  0.1356/ 0.0255)
>> epoch [2864/3000], runtime:  19.95s, train err*1e8:  0.1355 (best*1e8:  0.1356/ 0.0255)
>> epoch [2865/3000], runtime:  19.94s, train err*1e8:  0.1354 (best*1e8:  0.1356/ 0.0255)
>> epoch [2866/3000], runtime:  19.97s, train err*1e8:  0.1355 (best*1e8:  0.1356/ 0.0255)
>> epoch [2867/3000], runtime:  19.96s, train err*1e8:  0.1356 (best*1e8:  0.1356/ 0.0255)
>> epoch [2868/3000], runtime:  19.95s, train err*1e8:  0.1357 (best*1e8:  0.1356/ 0.0255)
>> epoch [2869/3000], runtime: 19.96s, train err *1e8: 0.1355, valid err*1e8: 0.0255 , test err*1e8: 0.0339
>> epoch [2870/3000], runtime:  19.95s, train err*1e8:  0.1356 (best*1e8:  0.1355/ 0.0255)
>> epoch [2871/3000], runtime:  19.94s, train err*1e8:  0.1356 (best*1e8:  0.1355/ 0.0255)
>> epoch [2872/3000], runtime:  19.98s, train err*1e8:  0.1355 (best*1e8:  0.1355/ 0.0255)
>> epoch [2873/3000], runtime:  19.98s, train err*1e8:  0.1355 (best*1e8:  0.1355/ 0.0255)
>> epoch [2874/3000], runtime:  19.96s, train err*1e8:  0.1356 (best*1e8:  0.1355/ 0.0255)
>> epoch [2875/3000], runtime:  19.96s, train err*1e8:  0.1356 (best*1e8:  0.1355/ 0.0255)
>> epoch [2876/3000], runtime:  19.97s, train err*1e8:  0.1355 (best*1e8:  0.1355/ 0.0255)
>> epoch [2877/3000], runtime:  19.91s, train err*1e8:  0.1356 (best*1e8:  0.1355/ 0.0255)
>> epoch [2878/3000], runtime:  19.96s, train err*1e8:  0.1355 (best*1e8:  0.1355/ 0.0255)
>> epoch [2879/3000], runtime:  19.95s, train err*1e8:  0.1357 (best*1e8:  0.1355/ 0.0255)
>> epoch [2880/3000], runtime:  19.94s, train err*1e8:  0.1355 (best*1e8:  0.1355/ 0.0255)
>> epoch [2881/3000], runtime:  19.96s, train err*1e8:  0.1355 (best*1e8:  0.1355/ 0.0255)
>> epoch [2882/3000], runtime:  19.95s, train err*1e8:  0.1355 (best*1e8:  0.1355/ 0.0255)
>> epoch [2883/3000], runtime:  19.94s, train err*1e8:  0.1354 (best*1e8:  0.1355/ 0.0255)
>> epoch [2884/3000], runtime:  19.97s, train err*1e8:  0.1355 (best*1e8:  0.1355/ 0.0255)
>> epoch [2885/3000], runtime:  19.95s, train err*1e8:  0.1357 (best*1e8:  0.1355/ 0.0255)
>> epoch [2886/3000], runtime:  19.92s, train err*1e8:  0.1354 (best*1e8:  0.1355/ 0.0255)
>> epoch [2887/3000], runtime:  19.96s, train err*1e8:  0.1354 (best*1e8:  0.1355/ 0.0255)
>> epoch [2888/3000], runtime:  19.88s, train err*1e8:  0.1355 (best*1e8:  0.1355/ 0.0255)
>> epoch [2889/3000], runtime:  19.98s, train err*1e8:  0.1356 (best*1e8:  0.1355/ 0.0255)
>> epoch [2890/3000], runtime:  19.91s, train err*1e8:  0.1355 (best*1e8:  0.1355/ 0.0255)
>> epoch [2891/3000], runtime:  19.98s, train err*1e8:  0.1354 (best*1e8:  0.1355/ 0.0255)
>> epoch [2892/3000], runtime:  19.97s, train err*1e8:  0.1354 (best*1e8:  0.1355/ 0.0255)
>> epoch [2893/3000], runtime:  19.95s, train err*1e8:  0.1354 (best*1e8:  0.1355/ 0.0255)
>> epoch [2894/3000], runtime:  19.93s, train err*1e8:  0.1355 (best*1e8:  0.1355/ 0.0255)
>> epoch [2895/3000], runtime:  19.96s, train err*1e8:  0.1354 (best*1e8:  0.1355/ 0.0255)
>> epoch [2896/3000], runtime:  19.95s, train err*1e8:  0.1355 (best*1e8:  0.1355/ 0.0255)
>> epoch [2897/3000], runtime:  19.89s, train err*1e8:  0.1354 (best*1e8:  0.1355/ 0.0255)
>> epoch [2898/3000], runtime:  19.94s, train err*1e8:  0.1355 (best*1e8:  0.1355/ 0.0255)
>> epoch [2899/3000], runtime:  19.96s, train err*1e8:  0.1354 (best*1e8:  0.1355/ 0.0255)
>> epoch [2900/3000], runtime:  19.94s, train err*1e8:  0.1354 (best*1e8:  0.1355/ 0.0255)
>> epoch [2901/3000], runtime:  19.97s, train err*1e8:  0.1354 (best*1e8:  0.1355/ 0.0255)
>> epoch [2902/3000], runtime:  19.96s, train err*1e8:  0.1354 (best*1e8:  0.1355/ 0.0255)
>> epoch [2903/3000], runtime:  19.97s, train err*1e8:  0.1354 (best*1e8:  0.1355/ 0.0255)
>> epoch [2904/3000], runtime:  19.90s, train err*1e8:  0.1355 (best*1e8:  0.1355/ 0.0255)
>> epoch [2905/3000], runtime:  19.93s, train err*1e8:  0.1354 (best*1e8:  0.1355/ 0.0255)
>> epoch [2906/3000], runtime:  19.93s, train err*1e8:  0.1354 (best*1e8:  0.1355/ 0.0255)
>> epoch [2907/3000], runtime:  19.51s, train err*1e8:  0.1354 (best*1e8:  0.1355/ 0.0255)
>> epoch [2908/3000], runtime:  19.94s, train err*1e8:  0.1353 (best*1e8:  0.1355/ 0.0255)
>> epoch [2909/3000], runtime: 19.95s, train err *1e8: 0.1353, valid err*1e8: 0.0255 , test err*1e8: 0.0340
>> epoch [2910/3000], runtime:  19.95s, train err*1e8:  0.1353 (best*1e8:  0.1353/ 0.0255)
>> epoch [2911/3000], runtime:  19.95s, train err*1e8:  0.1355 (best*1e8:  0.1353/ 0.0255)
>> epoch [2912/3000], runtime:  19.88s, train err*1e8:  0.1354 (best*1e8:  0.1353/ 0.0255)
>> epoch [2913/3000], runtime:  19.97s, train err*1e8:  0.1354 (best*1e8:  0.1353/ 0.0255)
>> epoch [2914/3000], runtime:  19.98s, train err*1e8:  0.1357 (best*1e8:  0.1353/ 0.0255)
>> epoch [2915/3000], runtime:  19.95s, train err*1e8:  0.1353 (best*1e8:  0.1353/ 0.0255)
>> epoch [2916/3000], runtime:  19.97s, train err*1e8:  0.1353 (best*1e8:  0.1353/ 0.0255)
>> epoch [2917/3000], runtime:  19.98s, train err*1e8:  0.1355 (best*1e8:  0.1353/ 0.0255)
>> epoch [2918/3000], runtime:  19.93s, train err*1e8:  0.1353 (best*1e8:  0.1353/ 0.0255)
>> epoch [2919/3000], runtime:  19.96s, train err*1e8:  0.1353 (best*1e8:  0.1353/ 0.0255)
>> epoch [2920/3000], runtime:  19.95s, train err*1e8:  0.1356 (best*1e8:  0.1353/ 0.0255)
>> epoch [2921/3000], runtime:  19.96s, train err*1e8:  0.1353 (best*1e8:  0.1353/ 0.0255)
>> epoch [2922/3000], runtime:  19.97s, train err*1e8:  0.1354 (best*1e8:  0.1353/ 0.0255)
>> epoch [2923/3000], runtime:  19.95s, train err*1e8:  0.1353 (best*1e8:  0.1353/ 0.0255)
>> epoch [2924/3000], runtime:  19.93s, train err*1e8:  0.1355 (best*1e8:  0.1353/ 0.0255)
>> epoch [2925/3000], runtime:  19.94s, train err*1e8:  0.1355 (best*1e8:  0.1353/ 0.0255)
>> epoch [2926/3000], runtime:  19.89s, train err*1e8:  0.1353 (best*1e8:  0.1353/ 0.0255)
>> epoch [2927/3000], runtime:  19.96s, train err*1e8:  0.1353 (best*1e8:  0.1353/ 0.0255)
>> epoch [2928/3000], runtime:  19.93s, train err*1e8:  0.1352 (best*1e8:  0.1353/ 0.0255)
>> epoch [2929/3000], runtime:  19.96s, train err*1e8:  0.1352 (best*1e8:  0.1353/ 0.0255)
>> epoch [2930/3000], runtime:  19.95s, train err*1e8:  0.1353 (best*1e8:  0.1353/ 0.0255)
>> epoch [2931/3000], runtime:  19.95s, train err*1e8:  0.1354 (best*1e8:  0.1353/ 0.0255)
>> epoch [2932/3000], runtime:  19.97s, train err*1e8:  0.1353 (best*1e8:  0.1353/ 0.0255)
>> epoch [2933/3000], runtime:  19.94s, train err*1e8:  0.1354 (best*1e8:  0.1353/ 0.0255)
>> epoch [2934/3000], runtime:  20.01s, train err*1e8:  0.1354 (best*1e8:  0.1353/ 0.0255)
>> epoch [2935/3000], runtime:  19.97s, train err*1e8:  0.1352 (best*1e8:  0.1353/ 0.0255)
>> epoch [2936/3000], runtime:  19.38s, train err*1e8:  0.1354 (best*1e8:  0.1353/ 0.0255)
>> epoch [2937/3000], runtime:  19.96s, train err*1e8:  0.1352 (best*1e8:  0.1353/ 0.0255)
>> epoch [2938/3000], runtime: 19.93s, train err *1e8: 0.1353, valid err*1e8: 0.0255 , test err*1e8: 0.0338
>> epoch [2939/3000], runtime:  19.98s, train err*1e8:  0.1353 (best*1e8:  0.1353/ 0.0255)
>> epoch [2940/3000], runtime:  19.89s, train err*1e8:  0.1353 (best*1e8:  0.1353/ 0.0255)
>> epoch [2941/3000], runtime:  19.94s, train err*1e8:  0.1352 (best*1e8:  0.1353/ 0.0255)
>> epoch [2942/3000], runtime:  19.93s, train err*1e8:  0.1353 (best*1e8:  0.1353/ 0.0255)
>> epoch [2943/3000], runtime:  19.95s, train err*1e8:  0.1354 (best*1e8:  0.1353/ 0.0255)
>> epoch [2944/3000], runtime:  19.93s, train err*1e8:  0.1352 (best*1e8:  0.1353/ 0.0255)
>> epoch [2945/3000], runtime:  19.97s, train err*1e8:  0.1352 (best*1e8:  0.1353/ 0.0255)
>> epoch [2946/3000], runtime:  19.95s, train err*1e8:  0.1353 (best*1e8:  0.1353/ 0.0255)
>> epoch [2947/3000], runtime:  19.94s, train err*1e8:  0.1352 (best*1e8:  0.1353/ 0.0255)
>> epoch [2948/3000], runtime:  19.88s, train err*1e8:  0.1353 (best*1e8:  0.1353/ 0.0255)
>> epoch [2949/3000], runtime:  19.95s, train err*1e8:  0.1352 (best*1e8:  0.1353/ 0.0255)
>> epoch [2950/3000], runtime:  19.94s, train err*1e8:  0.1352 (best*1e8:  0.1353/ 0.0255)
>> epoch [2951/3000], runtime:  19.95s, train err*1e8:  0.1352 (best*1e8:  0.1353/ 0.0255)
>> epoch [2952/3000], runtime:  19.93s, train err*1e8:  0.1353 (best*1e8:  0.1353/ 0.0255)
>> epoch [2953/3000], runtime:  19.97s, train err*1e8:  0.1353 (best*1e8:  0.1353/ 0.0255)
>> epoch [2954/3000], runtime:  19.95s, train err*1e8:  0.1352 (best*1e8:  0.1353/ 0.0255)
>> epoch [2955/3000], runtime:  19.96s, train err*1e8:  0.1352 (best*1e8:  0.1353/ 0.0255)
>> epoch [2956/3000], runtime:  19.97s, train err*1e8:  0.1352 (best*1e8:  0.1353/ 0.0255)
>> epoch [2957/3000], runtime:  19.32s, train err*1e8:  0.1352 (best*1e8:  0.1353/ 0.0255)
>> epoch [2958/3000], runtime:  19.95s, train err*1e8:  0.1354 (best*1e8:  0.1353/ 0.0255)
>> epoch [2959/3000], runtime: 19.95s, train err *1e8: 0.1352, valid err*1e8: 0.0255 , test err*1e8: 0.0339
>> epoch [2960/3000], runtime:  19.96s, train err*1e8:  0.1353 (best*1e8:  0.1352/ 0.0255)
>> epoch [2961/3000], runtime:  19.96s, train err*1e8:  0.1352 (best*1e8:  0.1352/ 0.0255)
>> epoch [2962/3000], runtime:  19.97s, train err*1e8:  0.1353 (best*1e8:  0.1352/ 0.0255)
>> epoch [2963/3000], runtime:  19.95s, train err*1e8:  0.1351 (best*1e8:  0.1352/ 0.0255)
>> epoch [2964/3000], runtime:  19.95s, train err*1e8:  0.1352 (best*1e8:  0.1352/ 0.0255)
>> epoch [2965/3000], runtime:  19.95s, train err*1e8:  0.1352 (best*1e8:  0.1352/ 0.0255)
>> epoch [2966/3000], runtime:  19.95s, train err*1e8:  0.1352 (best*1e8:  0.1352/ 0.0255)
>> epoch [2967/3000], runtime:  19.95s, train err*1e8:  0.1351 (best*1e8:  0.1352/ 0.0255)
>> epoch [2968/3000], runtime:  19.97s, train err*1e8:  0.1352 (best*1e8:  0.1352/ 0.0255)
>> epoch [2969/3000], runtime:  19.95s, train err*1e8:  0.1351 (best*1e8:  0.1352/ 0.0255)
>> epoch [2970/3000], runtime:  19.97s, train err*1e8:  0.1352 (best*1e8:  0.1352/ 0.0255)
>> epoch [2971/3000], runtime:  19.90s, train err*1e8:  0.1351 (best*1e8:  0.1352/ 0.0255)
>> epoch [2972/3000], runtime:  19.96s, train err*1e8:  0.1351 (best*1e8:  0.1352/ 0.0255)
>> epoch [2973/3000], runtime:  19.97s, train err*1e8:  0.1351 (best*1e8:  0.1352/ 0.0255)
>> epoch [2974/3000], runtime:  19.96s, train err*1e8:  0.1352 (best*1e8:  0.1352/ 0.0255)
>> epoch [2975/3000], runtime:  19.94s, train err*1e8:  0.1351 (best*1e8:  0.1352/ 0.0255)
>> epoch [2976/3000], runtime:  19.91s, train err*1e8:  0.1350 (best*1e8:  0.1352/ 0.0255)
>> epoch [2977/3000], runtime:  19.95s, train err*1e8:  0.1351 (best*1e8:  0.1352/ 0.0255)
>> epoch [2978/3000], runtime:  19.98s, train err*1e8:  0.1351 (best*1e8:  0.1352/ 0.0255)
>> epoch [2979/3000], runtime:  19.91s, train err*1e8:  0.1351 (best*1e8:  0.1352/ 0.0255)
>> epoch [2980/3000], runtime:  19.96s, train err*1e8:  0.1351 (best*1e8:  0.1352/ 0.0255)
>> epoch [2981/3000], runtime:  19.94s, train err*1e8:  0.1351 (best*1e8:  0.1352/ 0.0255)
>> epoch [2982/3000], runtime:  19.97s, train err*1e8:  0.1351 (best*1e8:  0.1352/ 0.0255)
>> epoch [2983/3000], runtime:  19.96s, train err*1e8:  0.1351 (best*1e8:  0.1352/ 0.0255)
>> epoch [2984/3000], runtime:  19.93s, train err*1e8:  0.1352 (best*1e8:  0.1352/ 0.0255)
>> epoch [2985/3000], runtime:  19.93s, train err*1e8:  0.1350 (best*1e8:  0.1352/ 0.0255)
>> epoch [2986/3000], runtime:  19.94s, train err*1e8:  0.1352 (best*1e8:  0.1352/ 0.0255)
>> epoch [2987/3000], runtime:  19.93s, train err*1e8:  0.1351 (best*1e8:  0.1352/ 0.0255)
>> epoch [2988/3000], runtime:  19.93s, train err*1e8:  0.1352 (best*1e8:  0.1352/ 0.0255)
>> epoch [2989/3000], runtime:  19.96s, train err*1e8:  0.1351 (best*1e8:  0.1352/ 0.0255)
>> epoch [2990/3000], runtime:  19.40s, train err*1e8:  0.1350 (best*1e8:  0.1352/ 0.0255)
>> epoch [2991/3000], runtime: 19.94s, train err *1e8: 0.1350, valid err*1e8: 0.0255 , test err*1e8: 0.0337
>> epoch [2992/3000], runtime:  19.97s, train err*1e8:  0.1350 (best*1e8:  0.1350/ 0.0255)
>> epoch [2993/3000], runtime:  19.96s, train err*1e8:  0.1350 (best*1e8:  0.1350/ 0.0255)
>> epoch [2994/3000], runtime:  20.01s, train err*1e8:  0.1351 (best*1e8:  0.1350/ 0.0255)
>> epoch [2995/3000], runtime:  19.97s, train err*1e8:  0.1349 (best*1e8:  0.1350/ 0.0255)
>> epoch [2996/3000], runtime:  19.95s, train err*1e8:  0.1351 (best*1e8:  0.1350/ 0.0255)
>> epoch [2997/3000], runtime:  19.97s, train err*1e8:  0.1350 (best*1e8:  0.1350/ 0.0255)
>> epoch [2998/3000], runtime:  19.96s, train err*1e8:  0.1350 (best*1e8:  0.1350/ 0.0255)
>> epoch [2999/3000], runtime:  19.50s, train err*1e8:  0.1351 (best*1e8:  0.1350/ 0.0255)
>> epoch [3000/3000], runtime:  19.87s, train err*1e8:  0.1351 (best*1e8:  0.1350/ 0.0255)
----------------------------------------------------------------------------------------------------
----------------------------------------------------------------------------------------------------
>> ntrain: 300, lr: 0.01, gamma: 0.6, w_d: 0.0
>> Best train error*1e8:  0.1350
>> Best valid error*1e8:  0.0255
>> Best test error*1e8:  0.0337
>> Best epoch: 2990
----------------------------------------------------------------------------------------------------
----------------------------------------------------------------------------------------------------
>> Training Completed!!
