0.000000000000000000e+00 5.058954550198633271e+00
1.000000000000000000e+00 4.088240319830568126e+00
2.000000000000000000e+00 1.307738750214816559e+00
3.000000000000000000e+00 8.493584808412962817e-01
4.000000000000000000e+00 7.934415261804299568e-01
5.000000000000000000e+00 5.835108311060851483e-01
6.000000000000000000e+00 5.873427530085664205e-01
7.000000000000000000e+00 4.020837893863116741e-01
8.000000000000000000e+00 3.175643512828231763e-01
9.000000000000000000e+00 2.528573334215768464e-01
1.000000000000000000e+01 1.625500363182786623e-01
1.100000000000000000e+01 9.987353683548193251e-02
1.200000000000000000e+01 8.109294362465051254e-02
1.300000000000000000e+01 7.629991884139430969e-02
1.400000000000000000e+01 7.225303488114695472e-02
1.500000000000000000e+01 6.952098418047258921e-02
1.600000000000000000e+01 6.396999114331877734e-02
1.700000000000000000e+01 6.884850235003640850e-02
1.800000000000000000e+01 6.079474094534258882e-02
1.900000000000000000e+01 6.215887415271496158e-02
2.000000000000000000e+01 6.881497457267554685e-02
2.100000000000000000e+01 5.957463207287310575e-02
2.200000000000000000e+01 5.593456990184873800e-02
2.300000000000000000e+01 5.696025802419624889e-02
2.400000000000000000e+01 5.366594481047812226e-02
2.500000000000000000e+01 5.007904891084304089e-02
2.600000000000000000e+01 4.778131980512099336e-02
2.700000000000000000e+01 4.910313092235882998e-02
2.800000000000000000e+01 4.996548097462255589e-02
2.900000000000000000e+01 4.450405071941294921e-02
3.000000000000000000e+01 4.185057675905463903e-02
3.100000000000000000e+01 4.380040642051179212e-02
3.200000000000000000e+01 3.991482220727069624e-02
3.300000000000000000e+01 3.666641317619374896e-02
3.400000000000000000e+01 3.528483200344431636e-02
3.500000000000000000e+01 3.322141621317425270e-02
3.600000000000000000e+01 3.349983036219276317e-02
3.700000000000000000e+01 3.903048535703385752e-02
3.800000000000000000e+01 3.027473548774583384e-02
3.900000000000000000e+01 2.887405202847172572e-02
4.000000000000000000e+01 2.988819697552911811e-02
4.100000000000000000e+01 3.423890217684214671e-02
4.200000000000000000e+01 3.225761812657145650e-02
4.300000000000000000e+01 2.852850570658594515e-02
4.400000000000000000e+01 2.700507920552823807e-02
4.500000000000000000e+01 3.011014510864407773e-02
4.600000000000000000e+01 3.491804466724702377e-02
4.700000000000000000e+01 3.857702977978820502e-02
4.800000000000000000e+01 3.432121191542862604e-02
4.900000000000000000e+01 2.553173000165134474e-02
5.000000000000000000e+01 2.545654789413362776e-02
5.100000000000000000e+01 2.793150141094995556e-02
5.200000000000000000e+01 2.759503493956845521e-02
5.300000000000000000e+01 2.366324289657246310e-02
5.400000000000000000e+01 3.205997295310200612e-02
5.500000000000000000e+01 2.794426864222599241e-02
5.600000000000000000e+01 2.450726092600513661e-02
5.700000000000000000e+01 2.542248400857034102e-02
5.800000000000000000e+01 2.495888165987582633e-02
5.900000000000000000e+01 2.451480151330718421e-02
6.000000000000000000e+01 2.460684242090733012e-02
6.100000000000000000e+01 2.523866223345426485e-02
6.200000000000000000e+01 2.531810668259604213e-02
6.300000000000000000e+01 2.361216069391623359e-02
6.400000000000000000e+01 2.499573912271897680e-02
6.500000000000000000e+01 2.405995031763289577e-02
6.600000000000000000e+01 2.281844643932021480e-02
6.700000000000000000e+01 2.335583041498639004e-02
6.800000000000000000e+01 2.760966140228168428e-02
6.900000000000000000e+01 2.862719858526125913e-02
7.000000000000000000e+01 2.507014132019778213e-02
7.100000000000000000e+01 2.091887459665641921e-02
7.200000000000000000e+01 2.435273349596552006e-02
7.300000000000000000e+01 2.242680498048162108e-02
7.400000000000000000e+01 2.116025718208596265e-02
7.500000000000000000e+01 2.374159023044002809e-02
7.600000000000000000e+01 2.223177396109716000e-02
7.700000000000000000e+01 2.851577376835139066e-02
7.800000000000000000e+01 2.340286386356902476e-02
7.900000000000000000e+01 2.483213094121326792e-02
8.000000000000000000e+01 2.148027885000185558e-02
8.100000000000000000e+01 2.114533463988230513e-02
8.200000000000000000e+01 2.104380547857404027e-02
8.300000000000000000e+01 2.342101065042219779e-02
8.400000000000000000e+01 2.045645079424113569e-02
8.500000000000000000e+01 1.992058529616546475e-02
8.600000000000000000e+01 1.885276584856882334e-02
8.700000000000000000e+01 1.993247630463728520e-02
8.800000000000000000e+01 1.925334330422279888e-02
8.900000000000000000e+01 1.861994984545802673e-02
9.000000000000000000e+01 1.983641814467212300e-02
9.100000000000000000e+01 1.894175888587563972e-02
9.200000000000000000e+01 2.140585290246032127e-02
9.300000000000000000e+01 2.563274458950886084e-02
9.400000000000000000e+01 2.276269758224857415e-02
9.500000000000000000e+01 1.951343387598902454e-02
9.600000000000000000e+01 2.213446191644715885e-02
9.700000000000000000e+01 1.977290870820824775e-02
9.800000000000000000e+01 1.797387564245025299e-02
9.900000000000000000e+01 1.757230267394177536e-02
1.000000000000000000e+02 1.732544168442244625e-02
1.010000000000000000e+02 1.747304476989120642e-02
1.020000000000000000e+02 1.759198280638925999e-02
1.030000000000000000e+02 1.674753656945515701e-02
1.040000000000000000e+02 1.587659313406061465e-02
1.050000000000000000e+02 1.643150996156739208e-02
1.060000000000000000e+02 1.978719224099753649e-02
1.070000000000000000e+02 1.783251882659714696e-02
1.080000000000000000e+02 1.761281075339330565e-02
1.090000000000000000e+02 3.854387580897719601e-02
1.100000000000000000e+02 2.076704889525052278e-02
1.110000000000000000e+02 1.480459330331565515e-02
1.120000000000000000e+02 1.400767445810632492e-02
1.130000000000000000e+02 1.519591896148721720e-02
1.140000000000000000e+02 1.454742352224203811e-02
1.150000000000000000e+02 1.442667360496920764e-02
1.160000000000000000e+02 1.369271253719896164e-02
1.170000000000000000e+02 1.320207189776997046e-02
1.180000000000000000e+02 1.406415840353347421e-02
1.190000000000000000e+02 1.522519664004753047e-02
1.200000000000000000e+02 1.426371455816774492e-02
1.210000000000000000e+02 1.274731221754970764e-02
1.220000000000000000e+02 1.350860482489414649e-02
1.230000000000000000e+02 1.259842752390277938e-02
1.240000000000000000e+02 1.308172451243001973e-02
1.250000000000000000e+02 1.196426841644687537e-02
1.260000000000000000e+02 1.263047052936312233e-02
1.270000000000000000e+02 1.533128466213033031e-02
1.280000000000000000e+02 1.305369239127093794e-02
1.290000000000000000e+02 1.254832368750414748e-02
1.300000000000000000e+02 1.272814269285091858e-02
1.310000000000000000e+02 1.356986132863358813e-02
1.320000000000000000e+02 1.131131293440072565e-02
1.330000000000000000e+02 1.037743132576856610e-02
1.340000000000000000e+02 1.040741168257745299e-02
1.350000000000000000e+02 1.208755138817833863e-02
1.360000000000000000e+02 1.253562614387015821e-02
1.370000000000000000e+02 1.061479114749378817e-02
1.380000000000000000e+02 1.042978335763754781e-02
1.390000000000000000e+02 1.181528576381244387e-02
1.400000000000000000e+02 1.055129265312847175e-02
1.410000000000000000e+02 1.434926120408409715e-02
1.420000000000000000e+02 1.755274959347271485e-02
1.430000000000000000e+02 1.160380160145945382e-02
1.440000000000000000e+02 9.910797312497615294e-03
1.450000000000000000e+02 9.080849281586179933e-03
1.460000000000000000e+02 9.505181527699775937e-03
1.470000000000000000e+02 9.653937608926273575e-03
1.480000000000000000e+02 1.070139497727007512e-02
1.490000000000000000e+02 9.295484793771749410e-03
1.500000000000000000e+02 8.777623175462535149e-03
1.510000000000000000e+02 8.956760294188263402e-03
1.520000000000000000e+02 9.326539781248942285e-03
1.530000000000000000e+02 9.669859234887603558e-03
1.540000000000000000e+02 8.172771790844161541e-03
1.550000000000000000e+02 8.605660804011800932e-03
1.560000000000000000e+02 1.573236555428738151e-02
1.570000000000000000e+02 1.037148478658709953e-02
1.580000000000000000e+02 8.389798572674305940e-03
1.590000000000000000e+02 8.443389654848702103e-03
1.600000000000000000e+02 9.410689943086501114e-03
1.610000000000000000e+02 9.550574290719059112e-03
1.620000000000000000e+02 1.012012499181813054e-02
1.630000000000000000e+02 8.738147841026383880e-03
1.640000000000000000e+02 8.845186850732027900e-03
1.650000000000000000e+02 7.927757802721337871e-03
1.660000000000000000e+02 8.374138169017972949e-03
1.670000000000000000e+02 7.958539939919153511e-03
1.680000000000000000e+02 7.429207729881310077e-03
1.690000000000000000e+02 8.013601161759222741e-03
1.700000000000000000e+02 8.317625003229099645e-03
1.710000000000000000e+02 7.534866066935748050e-03
1.720000000000000000e+02 7.682453810815633062e-03
1.730000000000000000e+02 7.848773560870350025e-03
1.740000000000000000e+02 7.315791831576969918e-03
1.750000000000000000e+02 7.204244648036226516e-03
1.760000000000000000e+02 7.206602952498697423e-03
1.770000000000000000e+02 7.400441146160373525e-03
1.780000000000000000e+02 9.689958634512937236e-03
1.790000000000000000e+02 1.502628782574523016e-02
1.800000000000000000e+02 1.000819574310260127e-02
1.810000000000000000e+02 8.105178842146693735e-03
1.820000000000000000e+02 7.521806054301194422e-03
1.830000000000000000e+02 7.690171458483404006e-03
1.840000000000000000e+02 7.260311370997130781e-03
1.850000000000000000e+02 8.228883228868747943e-03
1.860000000000000000e+02 9.637339438914472450e-03
1.870000000000000000e+02 8.797068973789182872e-03
1.880000000000000000e+02 1.179036389141236048e-02
1.890000000000000000e+02 1.147360779508284356e-02
1.900000000000000000e+02 8.172688978058863934e-03
1.910000000000000000e+02 1.004326415641707514e-02
1.920000000000000000e+02 8.148844317208287988e-03
1.930000000000000000e+02 7.118108337389286375e-03
1.940000000000000000e+02 6.266058301570181718e-03
1.950000000000000000e+02 6.410814609732357408e-03
1.960000000000000000e+02 6.705785796396806706e-03
1.970000000000000000e+02 7.427948925471521656e-03
1.980000000000000000e+02 6.535406895637074602e-03
1.990000000000000000e+02 6.394776298774622683e-03
2.000000000000000000e+02 8.033365861059096197e-03
2.010000000000000000e+02 6.691276680801304562e-03
2.020000000000000000e+02 6.728276040191478666e-03
2.030000000000000000e+02 8.671698495490841319e-03
2.040000000000000000e+02 1.727346651955461929e-02
2.050000000000000000e+02 9.858153800397962893e-03
2.060000000000000000e+02 6.273166497021181315e-03
2.070000000000000000e+02 6.103496243174183836e-03
2.080000000000000000e+02 6.332152128022193287e-03
2.090000000000000000e+02 6.096377078127854926e-03
2.100000000000000000e+02 6.012649097003004706e-03
2.110000000000000000e+02 6.123844848271744329e-03
2.120000000000000000e+02 6.083016142257578231e-03
2.130000000000000000e+02 6.066847735509152927e-03
2.140000000000000000e+02 6.171610410921723848e-03
2.150000000000000000e+02 6.183373586713120616e-03
2.160000000000000000e+02 6.165096093766512901e-03
2.170000000000000000e+02 6.185185693466464969e-03
2.180000000000000000e+02 6.032644595248005601e-03
2.190000000000000000e+02 5.926181313621374513e-03
2.200000000000000000e+02 5.915607490682145767e-03
2.210000000000000000e+02 8.460465375823060519e-03
2.220000000000000000e+02 6.170178441837113024e-03
2.230000000000000000e+02 5.595631301146517661e-03
2.240000000000000000e+02 5.642505911823280859e-03
2.250000000000000000e+02 5.754989188379444273e-03
2.260000000000000000e+02 6.186933386653407571e-03
2.270000000000000000e+02 5.827000872740110797e-03
2.280000000000000000e+02 6.346160016463608250e-03
2.290000000000000000e+02 6.712856090656085621e-03
2.300000000000000000e+02 9.101682639571293323e-03
2.310000000000000000e+02 6.051086706713379448e-03
2.320000000000000000e+02 5.298471541783281342e-03
2.330000000000000000e+02 5.511133987166702206e-03
2.340000000000000000e+02 5.280390200374678045e-03
2.350000000000000000e+02 5.355590132493798401e-03
2.360000000000000000e+02 6.034496878712089507e-03
2.370000000000000000e+02 5.655021052414646934e-03
2.380000000000000000e+02 6.595356068447808320e-03
2.390000000000000000e+02 5.531080264925995055e-03
2.400000000000000000e+02 7.052504506337532036e-03
2.410000000000000000e+02 6.610781249379816746e-03
2.420000000000000000e+02 5.392729820400681169e-03
2.430000000000000000e+02 5.515160242314904107e-03
2.440000000000000000e+02 5.629554036174305026e-03
2.450000000000000000e+02 5.497758209366985713e-03
2.460000000000000000e+02 5.104732396654059270e-03
2.470000000000000000e+02 5.433325213098154707e-03
2.480000000000000000e+02 6.612285825816119345e-03
2.490000000000000000e+02 5.550575291067975578e-03
2.500000000000000000e+02 5.063829282039288351e-03
2.510000000000000000e+02 5.779450588565519450e-03
2.520000000000000000e+02 5.116543806217381356e-03
2.530000000000000000e+02 5.370379677394597658e-03
2.540000000000000000e+02 5.294818764332749617e-03
2.550000000000000000e+02 5.086255901424813729e-03
2.560000000000000000e+02 5.216344060654451442e-03
2.570000000000000000e+02 5.009293540314532431e-03
2.580000000000000000e+02 5.016647346613365560e-03
2.590000000000000000e+02 4.812647302606462216e-03
2.600000000000000000e+02 4.710560002447731175e-03
2.610000000000000000e+02 5.261140608541048369e-03
2.620000000000000000e+02 4.817860831939846204e-03
2.630000000000000000e+02 4.772076047736270761e-03
2.640000000000000000e+02 5.239422580858841584e-03
2.650000000000000000e+02 4.676933830535714293e-03
2.660000000000000000e+02 4.745372372608241442e-03
2.670000000000000000e+02 4.862071236021463586e-03
2.680000000000000000e+02 5.129601238759644126e-03
2.690000000000000000e+02 4.721174634457524569e-03
2.700000000000000000e+02 4.672315436766289604e-03
2.710000000000000000e+02 4.532797015053279671e-03
2.720000000000000000e+02 4.659695166762349745e-03
2.730000000000000000e+02 4.570817665476101764e-03
2.740000000000000000e+02 5.028360649211236801e-03
2.750000000000000000e+02 4.962900391236596195e-03
2.760000000000000000e+02 4.893834001574201391e-03
2.770000000000000000e+02 4.810862681590282429e-03
2.780000000000000000e+02 4.427527929976880772e-03
2.790000000000000000e+02 4.688642245637425141e-03
2.800000000000000000e+02 5.405568416160759851e-03
2.810000000000000000e+02 5.907665106730361840e-03
2.820000000000000000e+02 4.731968826755695613e-03
2.830000000000000000e+02 4.496123058085295561e-03
2.840000000000000000e+02 4.217334400562735425e-03
2.850000000000000000e+02 4.310585353389230663e-03
2.860000000000000000e+02 4.369647887873697248e-03
2.870000000000000000e+02 4.538113639160713808e-03
2.880000000000000000e+02 4.380680977183718135e-03
2.890000000000000000e+02 4.284560253616819143e-03
2.900000000000000000e+02 4.711145236103147366e-03
2.910000000000000000e+02 4.937043466357773046e-03
2.920000000000000000e+02 4.744696377183218322e-03
2.930000000000000000e+02 5.233199136051004674e-03
2.940000000000000000e+02 4.758267061110560241e-03
2.950000000000000000e+02 4.178539946974316015e-03
2.960000000000000000e+02 4.325088977774307203e-03
2.970000000000000000e+02 3.941925206785172955e-03
2.980000000000000000e+02 3.945369249290928831e-03
2.990000000000000000e+02 4.004208121191950125e-03
3.000000000000000000e+02 4.084356525822282341e-03
3.010000000000000000e+02 4.133692763801074047e-03
3.020000000000000000e+02 3.975360659519316595e-03
3.030000000000000000e+02 4.206745870976837109e-03
3.040000000000000000e+02 3.876719098514315454e-03
3.050000000000000000e+02 3.974428285582461660e-03
3.060000000000000000e+02 4.046202749305062921e-03
3.070000000000000000e+02 3.972389621939710451e-03
3.080000000000000000e+02 4.016267434785553495e-03
3.090000000000000000e+02 4.810891562737240786e-03
3.100000000000000000e+02 3.976460849836796659e-03
3.110000000000000000e+02 4.728544776778721530e-03
3.120000000000000000e+02 5.037460004418788800e-03
3.130000000000000000e+02 4.840276168093491510e-03
3.140000000000000000e+02 4.493681765381387846e-03
3.150000000000000000e+02 3.729912312295001215e-03
3.160000000000000000e+02 3.733964169962077605e-03
3.170000000000000000e+02 3.883455953565956298e-03
3.180000000000000000e+02 3.625282954826389466e-03
3.190000000000000000e+02 3.744029881079312654e-03
3.200000000000000000e+02 3.895139291793881745e-03
3.210000000000000000e+02 3.792346074111777304e-03
3.220000000000000000e+02 3.634732886645899823e-03
3.230000000000000000e+02 3.784990658580921364e-03
3.240000000000000000e+02 3.620334575546462711e-03
3.250000000000000000e+02 3.542118692394507530e-03
3.260000000000000000e+02 3.571333724630157847e-03
3.270000000000000000e+02 3.708958678382383300e-03
3.280000000000000000e+02 3.985631182571835150e-03
3.290000000000000000e+02 3.584539455529470783e-03
3.300000000000000000e+02 3.646744234847214532e-03
3.310000000000000000e+02 3.901172243278560551e-03
3.320000000000000000e+02 3.456074083508327809e-03
3.330000000000000000e+02 3.380270441443294568e-03
3.340000000000000000e+02 3.596758066668226742e-03
3.350000000000000000e+02 3.435755833814946748e-03
3.360000000000000000e+02 3.532906363986638727e-03
3.370000000000000000e+02 3.328683732517623631e-03
3.380000000000000000e+02 3.309310830142105433e-03
3.390000000000000000e+02 3.631080324690388363e-03
3.400000000000000000e+02 3.565442612261765856e-03
3.410000000000000000e+02 3.905875129967487352e-03
3.420000000000000000e+02 4.148961287442960548e-03
3.430000000000000000e+02 3.470141168649286314e-03
3.440000000000000000e+02 3.469638486298127784e-03
3.450000000000000000e+02 3.630235421776657756e-03
3.460000000000000000e+02 3.478008076625186112e-03
3.470000000000000000e+02 3.701484946813593784e-03
3.480000000000000000e+02 3.242983306289065355e-03
3.490000000000000000e+02 3.342566656778971860e-03
3.500000000000000000e+02 3.535650289828957699e-03
3.510000000000000000e+02 3.373756514652526649e-03
3.520000000000000000e+02 3.257663398724173088e-03
3.530000000000000000e+02 3.329326058287690720e-03
3.540000000000000000e+02 3.240651935868700019e-03
3.550000000000000000e+02 3.295918113283406638e-03
3.560000000000000000e+02 3.260306324883846096e-03
3.570000000000000000e+02 3.367026750870506357e-03
3.580000000000000000e+02 3.198816199720617374e-03
3.590000000000000000e+02 3.453606194489918652e-03
3.600000000000000000e+02 3.254050985453713941e-03
3.610000000000000000e+02 3.120635266384221181e-03
3.620000000000000000e+02 3.352750060511180095e-03
3.630000000000000000e+02 3.175166330561272898e-03
3.640000000000000000e+02 3.100619356173927796e-03
3.650000000000000000e+02 3.149170806668154330e-03
3.660000000000000000e+02 3.609877102672361983e-03
3.670000000000000000e+02 3.440501138269584040e-03
3.680000000000000000e+02 3.212383938038775207e-03
3.690000000000000000e+02 3.018640892987917504e-03
3.700000000000000000e+02 3.038549709251607295e-03
3.710000000000000000e+02 3.179945158204619971e-03
3.720000000000000000e+02 3.298159477276442920e-03
3.730000000000000000e+02 2.908532913384570800e-03
3.740000000000000000e+02 3.143573490048967752e-03
3.750000000000000000e+02 3.062749560317669460e-03
3.760000000000000000e+02 3.139204812300694630e-03
3.770000000000000000e+02 2.946601304719141060e-03
3.780000000000000000e+02 3.192182318052768589e-03
3.790000000000000000e+02 3.928437964360264288e-03
3.800000000000000000e+02 3.130627202303312099e-03
3.810000000000000000e+02 2.985886609689622669e-03
3.820000000000000000e+02 2.851667369088350598e-03
3.830000000000000000e+02 2.842789191492474735e-03
3.840000000000000000e+02 2.788716850141839849e-03
3.850000000000000000e+02 2.831062683883951714e-03
3.860000000000000000e+02 2.941628604264435749e-03
3.870000000000000000e+02 3.097608600740085674e-03
3.880000000000000000e+02 3.178958600391404953e-03
3.890000000000000000e+02 2.992063377606235877e-03
3.900000000000000000e+02 2.775003275591238477e-03
3.910000000000000000e+02 2.765903818812984541e-03
3.920000000000000000e+02 2.767840643618645503e-03
3.930000000000000000e+02 2.902778279822436878e-03
3.940000000000000000e+02 2.819256317992112262e-03
3.950000000000000000e+02 2.705160811825482996e-03
3.960000000000000000e+02 2.713654073806882720e-03
3.970000000000000000e+02 2.715143818546996400e-03
3.980000000000000000e+02 2.748742652587756602e-03
3.990000000000000000e+02 3.855948630323573819e-03
4.000000000000000000e+02 3.599470837950333266e-03
4.010000000000000000e+02 2.705487390694940285e-03
4.020000000000000000e+02 2.640663713703248101e-03
4.030000000000000000e+02 2.773085895002652072e-03
4.040000000000000000e+02 2.788350226525420587e-03
4.050000000000000000e+02 2.623831630248442057e-03
4.060000000000000000e+02 2.730071246136659812e-03
4.070000000000000000e+02 2.865774916597116102e-03
4.080000000000000000e+02 2.799130769942757488e-03
4.090000000000000000e+02 2.581523759973930205e-03
4.100000000000000000e+02 2.550741303853389531e-03
4.110000000000000000e+02 2.540531622078703606e-03
4.120000000000000000e+02 2.563175785487183979e-03
4.130000000000000000e+02 2.564472863647284696e-03
4.140000000000000000e+02 2.559121009344314523e-03
4.150000000000000000e+02 2.739990097702504381e-03
4.160000000000000000e+02 2.561387970531355841e-03
4.170000000000000000e+02 2.523855598984667617e-03
4.180000000000000000e+02 2.521967311462609568e-03
4.190000000000000000e+02 2.588548618544108271e-03
4.200000000000000000e+02 2.567618707391617315e-03
4.210000000000000000e+02 2.579852228731102735e-03
4.220000000000000000e+02 2.488739933606797135e-03
4.230000000000000000e+02 2.496161444095988929e-03
4.240000000000000000e+02 2.511871678835843596e-03
4.250000000000000000e+02 2.468662889358767560e-03
4.260000000000000000e+02 2.465965298006528826e-03
4.270000000000000000e+02 2.747466525726915618e-03
4.280000000000000000e+02 2.681693421465991631e-03
4.290000000000000000e+02 2.526694125272803317e-03
4.300000000000000000e+02 2.429785859851459409e-03
4.310000000000000000e+02 2.429573733653023291e-03
4.320000000000000000e+02 2.525080361681081211e-03
4.330000000000000000e+02 2.536042523512623513e-03
4.340000000000000000e+02 2.548184690558022870e-03
4.350000000000000000e+02 3.279279123784150426e-03
4.360000000000000000e+02 2.492958278266244228e-03
4.370000000000000000e+02 2.441004008395225577e-03
4.380000000000000000e+02 2.416514669153710989e-03
4.390000000000000000e+02 2.370473087941031304e-03
4.400000000000000000e+02 2.349097070686607253e-03
4.410000000000000000e+02 2.298043398732896574e-03
4.420000000000000000e+02 2.374607629454793343e-03
4.430000000000000000e+02 2.546720688950845305e-03
4.440000000000000000e+02 2.494889514001556730e-03
4.450000000000000000e+02 2.432901452297653658e-03
4.460000000000000000e+02 2.433436897064634140e-03
4.470000000000000000e+02 2.384426663751909158e-03
4.480000000000000000e+02 2.287791826997262728e-03
4.490000000000000000e+02 2.274351230725931393e-03
4.500000000000000000e+02 2.244997201729896554e-03
4.510000000000000000e+02 2.254125028627161024e-03
4.520000000000000000e+02 2.247517162392095088e-03
4.530000000000000000e+02 2.268169111151956130e-03
4.540000000000000000e+02 2.241580705539692169e-03
4.550000000000000000e+02 2.212511102005832939e-03
4.560000000000000000e+02 2.229562035403060728e-03
4.570000000000000000e+02 2.313341979371835808e-03
4.580000000000000000e+02 2.258032850295258343e-03
4.590000000000000000e+02 2.278111943390072856e-03
4.600000000000000000e+02 2.254923160503847016e-03
4.610000000000000000e+02 2.215207142275802538e-03
4.620000000000000000e+02 2.239227664301539876e-03
4.630000000000000000e+02 2.181061218595218079e-03
4.640000000000000000e+02 2.178770818376269108e-03
4.650000000000000000e+02 2.174227633307899109e-03
4.660000000000000000e+02 2.159165392982897308e-03
4.670000000000000000e+02 2.161502404020644239e-03
4.680000000000000000e+02 2.190703186246119663e-03
4.690000000000000000e+02 2.186449979325861756e-03
4.700000000000000000e+02 2.267493245006158356e-03
4.710000000000000000e+02 2.148267548850577545e-03
4.720000000000000000e+02 2.141241761498734186e-03
4.730000000000000000e+02 2.131518722661333333e-03
4.740000000000000000e+02 2.143489507053776295e-03
4.750000000000000000e+02 2.192879371663916232e-03
4.760000000000000000e+02 2.149072228149095237e-03
4.770000000000000000e+02 2.178407411376459199e-03
4.780000000000000000e+02 2.244243622497268942e-03
4.790000000000000000e+02 2.259380544054879775e-03
4.800000000000000000e+02 2.179844840994098806e-03
4.810000000000000000e+02 2.098792408911261988e-03
4.820000000000000000e+02 2.139708513743881352e-03
4.830000000000000000e+02 2.157451721964632942e-03
4.840000000000000000e+02 2.433995107782276155e-03
4.850000000000000000e+02 2.653481157854471317e-03
4.860000000000000000e+02 2.149021329015580063e-03
4.870000000000000000e+02 2.166169876206474471e-03
4.880000000000000000e+02 2.139684256292397231e-03
4.890000000000000000e+02 2.173666631941446100e-03
4.900000000000000000e+02 2.126257135220403337e-03
4.910000000000000000e+02 2.034882421954755868e-03
4.920000000000000000e+02 2.032221596160178802e-03
4.930000000000000000e+02 2.056710241554842323e-03
4.940000000000000000e+02 2.130214196617808038e-03
4.950000000000000000e+02 2.099445771729093954e-03
4.960000000000000000e+02 2.035407766709040368e-03
4.970000000000000000e+02 2.038860640423602148e-03
4.980000000000000000e+02 2.047613047557985972e-03
4.990000000000000000e+02 1.995126645500696575e-03
5.000000000000000000e+02 2.003702520095003523e-03
5.010000000000000000e+02 1.982517213556949515e-03
5.020000000000000000e+02 1.985988899368305687e-03
5.030000000000000000e+02 2.042616605280373268e-03
5.040000000000000000e+02 2.031277725824430676e-03
5.050000000000000000e+02 2.031599886096704510e-03
5.060000000000000000e+02 1.979602538058914708e-03
5.070000000000000000e+02 1.946251433567707315e-03
5.080000000000000000e+02 1.954001541406178485e-03
5.090000000000000000e+02 2.001321093511474955e-03
5.100000000000000000e+02 1.987224980920531542e-03
5.110000000000000000e+02 1.980189472244696727e-03
5.120000000000000000e+02 1.951113716157628188e-03
5.130000000000000000e+02 1.943298612972182982e-03
5.140000000000000000e+02 1.948776207044095347e-03
5.150000000000000000e+02 1.937858603480245578e-03
5.160000000000000000e+02 1.942819063627720423e-03
5.170000000000000000e+02 2.014371762397671080e-03
5.180000000000000000e+02 1.950145619562148247e-03
5.190000000000000000e+02 1.915235683982102668e-03
5.200000000000000000e+02 1.927130512608304100e-03
5.210000000000000000e+02 1.952783194870181226e-03
5.220000000000000000e+02 2.024295411995640902e-03
5.230000000000000000e+02 1.986702518650674404e-03
5.240000000000000000e+02 1.953719253022290214e-03
5.250000000000000000e+02 1.913832089737784554e-03
5.260000000000000000e+02 2.006253155784256097e-03
5.270000000000000000e+02 2.128889319510648102e-03
5.280000000000000000e+02 1.920946433283175813e-03
5.290000000000000000e+02 2.002462698458376631e-03
5.300000000000000000e+02 1.959421317764065314e-03
5.310000000000000000e+02 2.106251442079214772e-03
5.320000000000000000e+02 2.584772490016863829e-03
5.330000000000000000e+02 1.930697120751471638e-03
5.340000000000000000e+02 1.863069142004357892e-03
5.350000000000000000e+02 1.872636402694403653e-03
5.360000000000000000e+02 1.875511214644856421e-03
5.370000000000000000e+02 1.836106221720621139e-03
5.380000000000000000e+02 1.859668356081126692e-03
5.390000000000000000e+02 1.831794673371496670e-03
5.400000000000000000e+02 1.906200923016047096e-03
5.410000000000000000e+02 1.890678185366088384e-03
5.420000000000000000e+02 1.854731297231234938e-03
5.430000000000000000e+02 1.887555298479626394e-03
5.440000000000000000e+02 1.928368659736039419e-03
5.450000000000000000e+02 1.846758077950790564e-03
5.460000000000000000e+02 1.813631596335106740e-03
5.470000000000000000e+02 1.841268596043015796e-03
5.480000000000000000e+02 1.842575737265686594e-03
5.490000000000000000e+02 1.841200769922719631e-03
5.500000000000000000e+02 1.871129177151188922e-03
5.510000000000000000e+02 1.791473920250798981e-03
5.520000000000000000e+02 1.793977584494408804e-03
5.530000000000000000e+02 1.814673438661990566e-03
5.540000000000000000e+02 1.873731055673193494e-03
5.550000000000000000e+02 1.800666457923547634e-03
5.560000000000000000e+02 1.854606083535460630e-03
5.570000000000000000e+02 1.778194976565564611e-03
5.580000000000000000e+02 1.782167720596719096e-03
5.590000000000000000e+02 1.790020693157326915e-03
5.600000000000000000e+02 1.806377186296083230e-03
5.610000000000000000e+02 1.904935037843042897e-03
5.620000000000000000e+02 1.818366918646720405e-03
5.630000000000000000e+02 1.752124113080659722e-03
5.640000000000000000e+02 1.778341304881575404e-03
5.650000000000000000e+02 1.767813852759323248e-03
5.660000000000000000e+02 1.756177790266764830e-03
5.670000000000000000e+02 1.749807252129256200e-03
5.680000000000000000e+02 1.792113546344094007e-03
5.690000000000000000e+02 1.844886270516392932e-03
5.700000000000000000e+02 1.783937123035619866e-03
5.710000000000000000e+02 1.765022052581707206e-03
5.720000000000000000e+02 1.734936627804248115e-03
5.730000000000000000e+02 1.815191303904401497e-03
5.740000000000000000e+02 1.786985500428189605e-03
5.750000000000000000e+02 1.772065992169016835e-03
5.760000000000000000e+02 1.743184833828823315e-03
5.770000000000000000e+02 1.742169245598534141e-03
5.780000000000000000e+02 1.784049675655314257e-03
5.790000000000000000e+02 1.737422229697848600e-03
5.800000000000000000e+02 1.960394883412597700e-03
5.810000000000000000e+02 1.857934150307768723e-03
5.820000000000000000e+02 1.730722368612006663e-03
5.830000000000000000e+02 1.723438257906607625e-03
5.840000000000000000e+02 1.710971494683756347e-03
5.850000000000000000e+02 1.757160810866702358e-03
5.860000000000000000e+02 1.745592675019693374e-03
5.870000000000000000e+02 1.788110484365935688e-03
5.880000000000000000e+02 1.820649787070374942e-03
5.890000000000000000e+02 1.898638117036112591e-03
5.900000000000000000e+02 1.752002320792676177e-03
5.910000000000000000e+02 1.713677080159355104e-03
5.920000000000000000e+02 1.677136338656312923e-03
5.930000000000000000e+02 1.727602425272963286e-03
5.940000000000000000e+02 1.733184123279752102e-03
5.950000000000000000e+02 1.700075200749678926e-03
5.960000000000000000e+02 1.709107747630099830e-03
5.970000000000000000e+02 1.769537831834185363e-03
5.980000000000000000e+02 1.673927600537445043e-03
5.990000000000000000e+02 1.680271487762510178e-03
6.000000000000000000e+02 1.679312514314483659e-03
6.010000000000000000e+02 1.681916224409273596e-03
6.020000000000000000e+02 1.730873440656921719e-03
6.030000000000000000e+02 1.720216381377390712e-03
6.040000000000000000e+02 1.654517460871796335e-03
6.050000000000000000e+02 1.694792124375545540e-03
6.060000000000000000e+02 1.663309510006017204e-03
6.070000000000000000e+02 1.668615292364245906e-03
6.080000000000000000e+02 1.652147062366914445e-03
6.090000000000000000e+02 1.657084742898787483e-03
6.100000000000000000e+02 1.675184488317393600e-03
6.110000000000000000e+02 1.666575538848731044e-03
6.120000000000000000e+02 1.639769918355221201e-03
6.130000000000000000e+02 1.644719146151903079e-03
6.140000000000000000e+02 1.659998940061458567e-03
6.150000000000000000e+02 1.645050237184691707e-03
6.160000000000000000e+02 1.723177350155741857e-03
6.170000000000000000e+02 1.706611660068349827e-03
6.180000000000000000e+02 1.646076176683781761e-03
6.190000000000000000e+02 1.636991108522858635e-03
6.200000000000000000e+02 1.669311604806626584e-03
6.210000000000000000e+02 1.681234382995307544e-03
6.220000000000000000e+02 1.646344223406030110e-03
6.230000000000000000e+02 1.642222109160030230e-03
6.240000000000000000e+02 1.628641232935280772e-03
6.250000000000000000e+02 1.686296139564514782e-03
6.260000000000000000e+02 1.688581249512746164e-03
6.270000000000000000e+02 1.621205690282305186e-03
6.280000000000000000e+02 1.618062417785295914e-03
6.290000000000000000e+02 1.630670716320773610e-03
6.300000000000000000e+02 1.600195487991430254e-03
6.310000000000000000e+02 1.634900406204697378e-03
6.320000000000000000e+02 1.639822861916484563e-03
6.330000000000000000e+02 1.634336573039661200e-03
6.340000000000000000e+02 1.615299400720599660e-03
6.350000000000000000e+02 1.593326438139220161e-03
6.360000000000000000e+02 1.597401702574475840e-03
6.370000000000000000e+02 1.629117436055425730e-03
6.380000000000000000e+02 1.595814846569301726e-03
6.390000000000000000e+02 1.603453320996296293e-03
6.400000000000000000e+02 1.637197604077229385e-03
6.410000000000000000e+02 1.594272098543060958e-03
6.420000000000000000e+02 1.658340688523032760e-03
6.430000000000000000e+02 1.592964620500191258e-03
6.440000000000000000e+02 1.575690227536147292e-03
6.450000000000000000e+02 1.581489123576252038e-03
6.460000000000000000e+02 1.625741994061668475e-03
6.470000000000000000e+02 1.629107350090973219e-03
6.480000000000000000e+02 1.606271475964636455e-03
6.490000000000000000e+02 1.578858664196120887e-03
6.500000000000000000e+02 1.597631423544843910e-03
6.510000000000000000e+02 1.579233562715190399e-03
6.520000000000000000e+02 1.593959346390622610e-03
6.530000000000000000e+02 1.600856312380027555e-03
6.540000000000000000e+02 1.704332759499456408e-03
6.550000000000000000e+02 1.594743870848718903e-03
6.560000000000000000e+02 1.686040115007133135e-03
6.570000000000000000e+02 1.659657071643870887e-03
6.580000000000000000e+02 1.572181500703000515e-03
6.590000000000000000e+02 1.557127636769471083e-03
6.600000000000000000e+02 1.585450154594181390e-03
6.610000000000000000e+02 1.557791742771443087e-03
6.620000000000000000e+02 1.617738102731703861e-03
6.630000000000000000e+02 1.556318191272300193e-03
6.640000000000000000e+02 1.551801448009734784e-03
6.650000000000000000e+02 1.544416806950473951e-03
6.660000000000000000e+02 1.565830157201164455e-03
6.670000000000000000e+02 1.570441966693739491e-03
6.680000000000000000e+02 1.575105681738958076e-03
6.690000000000000000e+02 1.577192009401647043e-03
6.700000000000000000e+02 1.557491066908228347e-03
6.710000000000000000e+02 1.550292266048729261e-03
6.720000000000000000e+02 1.577546370810468468e-03
6.730000000000000000e+02 1.560707508816790504e-03
6.740000000000000000e+02 1.553513950328188394e-03
6.750000000000000000e+02 1.526666876848969175e-03
6.760000000000000000e+02 1.534114859000937489e-03
6.770000000000000000e+02 1.526408693844634240e-03
6.780000000000000000e+02 1.531657454006850848e-03
6.790000000000000000e+02 1.527295888652949532e-03
6.800000000000000000e+02 1.565557203623442082e-03
6.810000000000000000e+02 1.530376687649865610e-03
6.820000000000000000e+02 1.544463447903989331e-03
6.830000000000000000e+02 1.508292127286457469e-03
6.840000000000000000e+02 1.517191871544410408e-03
6.850000000000000000e+02 1.528683935024564367e-03
6.860000000000000000e+02 1.519377125574998891e-03
6.870000000000000000e+02 1.518362122621119735e-03
6.880000000000000000e+02 1.540250306708932076e-03
6.890000000000000000e+02 1.517742243095247150e-03
6.900000000000000000e+02 1.516014438941071414e-03
6.910000000000000000e+02 1.525465493342525840e-03
6.920000000000000000e+02 1.535829079602416079e-03
6.930000000000000000e+02 1.511607345815042499e-03
6.940000000000000000e+02 1.507762586204940873e-03
6.950000000000000000e+02 1.505795254222871147e-03
6.960000000000000000e+02 1.505351251576951804e-03
6.970000000000000000e+02 1.502349326751321141e-03
6.980000000000000000e+02 1.503766621902415546e-03
6.990000000000000000e+02 1.503196757032764213e-03
7.000000000000000000e+02 1.494717895972152814e-03
7.010000000000000000e+02 1.511671339088114597e-03
7.020000000000000000e+02 1.531499410105480359e-03
7.030000000000000000e+02 1.505604064075958962e-03
7.040000000000000000e+02 1.524268369072732292e-03
7.050000000000000000e+02 1.544904754643909583e-03
7.060000000000000000e+02 1.490054871137176705e-03
7.070000000000000000e+02 1.518899332701643999e-03
7.080000000000000000e+02 1.536096691705649388e-03
7.090000000000000000e+02 1.486736962705878561e-03
7.100000000000000000e+02 1.496654096640457395e-03
7.110000000000000000e+02 1.485533742242146904e-03
7.120000000000000000e+02 1.475282294699966105e-03
7.130000000000000000e+02 1.488700577354105199e-03
7.140000000000000000e+02 1.509569828471080686e-03
7.150000000000000000e+02 1.504557421703273546e-03
7.160000000000000000e+02 1.498309867756508328e-03
7.170000000000000000e+02 1.492946274838580700e-03
7.180000000000000000e+02 1.478124593684774016e-03
7.190000000000000000e+02 1.498171455004001455e-03
7.200000000000000000e+02 1.507168719942059447e-03
7.210000000000000000e+02 1.469191586877991200e-03
7.220000000000000000e+02 1.473947257780512405e-03
7.230000000000000000e+02 1.491275392141625834e-03
7.240000000000000000e+02 1.456801655091931845e-03
7.250000000000000000e+02 1.474493412773828687e-03
7.260000000000000000e+02 1.477215641823512995e-03
7.270000000000000000e+02 1.529718358661146362e-03
7.280000000000000000e+02 1.499743660803508046e-03
7.290000000000000000e+02 1.468791396648564795e-03
7.300000000000000000e+02 1.470825927679785027e-03
7.310000000000000000e+02 1.520344050490337251e-03
7.320000000000000000e+02 1.494529220510082933e-03
7.330000000000000000e+02 1.464351332683513571e-03
7.340000000000000000e+02 1.456250669508245580e-03
7.350000000000000000e+02 1.460510173131974836e-03
7.360000000000000000e+02 1.493439428886393465e-03
7.370000000000000000e+02 1.513464156298656698e-03
7.380000000000000000e+02 1.586947806594990679e-03
7.390000000000000000e+02 1.550126286789873511e-03
7.400000000000000000e+02 1.518417187285855648e-03
7.410000000000000000e+02 1.450580131347600906e-03
7.420000000000000000e+02 1.467333229193543186e-03
7.430000000000000000e+02 1.454945854352689529e-03
7.440000000000000000e+02 1.449531821448367007e-03
7.450000000000000000e+02 1.457220457194193268e-03
7.460000000000000000e+02 1.448730728478724462e-03
7.470000000000000000e+02 1.448473885323204322e-03
7.480000000000000000e+02 1.453323820121283890e-03
7.490000000000000000e+02 1.450007379882940761e-03
7.500000000000000000e+02 1.447916344306275811e-03
7.510000000000000000e+02 1.432947773320387280e-03
7.520000000000000000e+02 1.434503432354478558e-03
7.530000000000000000e+02 1.443648475395038940e-03
7.540000000000000000e+02 1.464149235112657517e-03
7.550000000000000000e+02 1.441080976735923010e-03
7.560000000000000000e+02 1.436126019438870895e-03
7.570000000000000000e+02 1.439638811208829956e-03
7.580000000000000000e+02 1.433985210704258328e-03
7.590000000000000000e+02 1.439957800671307422e-03
7.600000000000000000e+02 1.434176867019785724e-03
7.610000000000000000e+02 1.422819020985334210e-03
7.620000000000000000e+02 1.427702291697263010e-03
7.630000000000000000e+02 1.443760409281469488e-03
7.640000000000000000e+02 1.444095173069166911e-03
7.650000000000000000e+02 1.454253674733725025e-03
7.660000000000000000e+02 1.427332998820615966e-03
7.670000000000000000e+02 1.428043939914145147e-03
7.680000000000000000e+02 1.425448410373163785e-03
7.690000000000000000e+02 1.435285966356837119e-03
7.700000000000000000e+02 1.426057972577712048e-03
7.710000000000000000e+02 1.435592367445847044e-03
7.720000000000000000e+02 1.438510721876120561e-03
7.730000000000000000e+02 1.421642089759664416e-03
7.740000000000000000e+02 1.418112135259312883e-03
7.750000000000000000e+02 1.422201299536178954e-03
7.760000000000000000e+02 1.422905687716099262e-03
7.770000000000000000e+02 1.413350559501249217e-03
7.780000000000000000e+02 1.415603960209142753e-03
7.790000000000000000e+02 1.414315381123446144e-03
7.800000000000000000e+02 1.429637992798689925e-03
7.810000000000000000e+02 1.436856215341753354e-03
7.820000000000000000e+02 1.417939614168510108e-03
7.830000000000000000e+02 1.416747331296732337e-03
7.840000000000000000e+02 1.421296182908930250e-03
7.850000000000000000e+02 1.413942979422916314e-03
7.860000000000000000e+02 1.418181538019223052e-03
7.870000000000000000e+02 1.426161531030279437e-03
7.880000000000000000e+02 1.421148408915954816e-03
7.890000000000000000e+02 1.414290869721706234e-03
7.900000000000000000e+02 1.424855019980643921e-03
7.910000000000000000e+02 1.401351856673283209e-03
7.920000000000000000e+02 1.406502260064902568e-03
7.930000000000000000e+02 1.401744604030751755e-03
7.940000000000000000e+02 1.397992756540215051e-03
7.950000000000000000e+02 1.397381226477275792e-03
7.960000000000000000e+02 1.412584039740425075e-03
7.970000000000000000e+02 1.409508676791280208e-03
7.980000000000000000e+02 1.403243124752693617e-03
7.990000000000000000e+02 1.407666359863695609e-03
8.000000000000000000e+02 1.414153221944854230e-03
8.010000000000000000e+02 1.396697831071102474e-03
8.020000000000000000e+02 1.399758839709664511e-03
8.030000000000000000e+02 1.398070031577677711e-03
8.040000000000000000e+02 1.420856304624758867e-03
8.050000000000000000e+02 1.391875482074584128e-03
8.060000000000000000e+02 1.388551873585933214e-03
8.070000000000000000e+02 1.386990730264551575e-03
8.080000000000000000e+02 1.398975973406582987e-03
8.090000000000000000e+02 1.391839248417641893e-03
8.100000000000000000e+02 1.402565120034018897e-03
8.110000000000000000e+02 1.412924611539269825e-03
8.120000000000000000e+02 1.396994846249509196e-03
8.130000000000000000e+02 1.384598295205026345e-03
8.140000000000000000e+02 1.401150078791278501e-03
8.150000000000000000e+02 1.401811283342573565e-03
8.160000000000000000e+02 1.412409590613433914e-03
8.170000000000000000e+02 1.415672358951462284e-03
8.180000000000000000e+02 1.385798516764451911e-03
8.190000000000000000e+02 1.383362058213373101e-03
8.200000000000000000e+02 1.381708106236460756e-03
8.210000000000000000e+02 1.397420355973687939e-03
8.220000000000000000e+02 1.381988899466274692e-03
8.230000000000000000e+02 1.383021030096432845e-03
8.240000000000000000e+02 1.389501062759804749e-03
8.250000000000000000e+02 1.376607684583899512e-03
8.260000000000000000e+02 1.381135932956125681e-03
8.270000000000000000e+02 1.370351125161642239e-03
8.280000000000000000e+02 1.384595041625855073e-03
8.290000000000000000e+02 1.377156142195746537e-03
8.300000000000000000e+02 1.385687476405195705e-03
8.310000000000000000e+02 1.383281278189682755e-03
8.320000000000000000e+02 1.373797480355842511e-03
8.330000000000000000e+02 1.373634268355234615e-03
8.340000000000000000e+02 1.375561691821788630e-03
8.350000000000000000e+02 1.378577095789256489e-03
8.360000000000000000e+02 1.366481475354711875e-03
8.370000000000000000e+02 1.388165513376320636e-03
8.380000000000000000e+02 1.393746145637574660e-03
8.390000000000000000e+02 1.375443919755177683e-03
8.400000000000000000e+02 1.385100866721300419e-03
8.410000000000000000e+02 1.380935474091051808e-03
8.420000000000000000e+02 1.376000238384012886e-03
8.430000000000000000e+02 1.385695142502174930e-03
8.440000000000000000e+02 1.361559237283155831e-03
8.450000000000000000e+02 1.363869604813504376e-03
8.460000000000000000e+02 1.364463112666476630e-03
8.470000000000000000e+02 1.367892058908191369e-03
8.480000000000000000e+02 1.362575539580241800e-03
8.490000000000000000e+02 1.367693238662861296e-03
8.500000000000000000e+02 1.362074655819562729e-03
8.510000000000000000e+02 1.357128603708151375e-03
8.520000000000000000e+02 1.363543569880709292e-03
8.530000000000000000e+02 1.362055464893208168e-03
8.540000000000000000e+02 1.364653208039927042e-03
8.550000000000000000e+02 1.376884166697624114e-03
8.560000000000000000e+02 1.360685558976131157e-03
8.570000000000000000e+02 1.364981554072659852e-03
8.580000000000000000e+02 1.357795945470268231e-03
8.590000000000000000e+02 1.366589458405400529e-03
8.600000000000000000e+02 1.359511002659907764e-03
8.610000000000000000e+02 1.352530552884912557e-03
8.620000000000000000e+02 1.358947923718612557e-03
8.630000000000000000e+02 1.370254813542156171e-03
8.640000000000000000e+02 1.356503185544475840e-03
8.650000000000000000e+02 1.369357986357798472e-03
8.660000000000000000e+02 1.366474547651770188e-03
8.670000000000000000e+02 1.353644776044463484e-03
8.680000000000000000e+02 1.355365764270343712e-03
8.690000000000000000e+02 1.352383071212045129e-03
8.700000000000000000e+02 1.368934876816815154e-03
8.710000000000000000e+02 1.351242648176064582e-03
8.720000000000000000e+02 1.354395819527627175e-03
8.730000000000000000e+02 1.354290185228513264e-03
8.740000000000000000e+02 1.366303660948304253e-03
8.750000000000000000e+02 1.345631060244871936e-03
8.760000000000000000e+02 1.348053831732912676e-03
8.770000000000000000e+02 1.355617854397194854e-03
8.780000000000000000e+02 1.350229846851930910e-03
8.790000000000000000e+02 1.351351429696151692e-03
8.800000000000000000e+02 1.349764234604845575e-03
8.810000000000000000e+02 1.353672750946500070e-03
8.820000000000000000e+02 1.352206475809603417e-03
8.830000000000000000e+02 1.349345896725388447e-03
8.840000000000000000e+02 1.350112077438176197e-03
8.850000000000000000e+02 1.344427005956745115e-03
8.860000000000000000e+02 1.373793778771232937e-03
8.870000000000000000e+02 1.345288947083642453e-03
8.880000000000000000e+02 1.358672772788738171e-03
8.890000000000000000e+02 1.374788945814723901e-03
8.900000000000000000e+02 1.349696536993943725e-03
8.910000000000000000e+02 1.346439510164770077e-03
8.920000000000000000e+02 1.364292631596847761e-03
8.930000000000000000e+02 1.347054657720068386e-03
8.940000000000000000e+02 1.341023126135303372e-03
8.950000000000000000e+02 1.337967816796518028e-03
8.960000000000000000e+02 1.351708025395268646e-03
8.970000000000000000e+02 1.357688030696198311e-03
8.980000000000000000e+02 1.342284048353236574e-03
8.990000000000000000e+02 1.338344265561343741e-03
9.000000000000000000e+02 1.336207672043388016e-03
9.010000000000000000e+02 1.334015994095558936e-03
9.020000000000000000e+02 1.349381540457846203e-03
9.030000000000000000e+02 1.346739869003870825e-03
9.040000000000000000e+02 1.331385638880406728e-03
9.050000000000000000e+02 1.334140274082864846e-03
9.060000000000000000e+02 1.339458440820910775e-03
9.070000000000000000e+02 1.338847954279842210e-03
9.080000000000000000e+02 1.328730283001055938e-03
9.090000000000000000e+02 1.328138985281750693e-03
9.100000000000000000e+02 1.336812883305221441e-03
9.110000000000000000e+02 1.332425698992236200e-03
9.120000000000000000e+02 1.334938847627455995e-03
9.130000000000000000e+02 1.336204275308373228e-03
9.140000000000000000e+02 1.334537042380709191e-03
9.150000000000000000e+02 1.335473226813926146e-03
9.160000000000000000e+02 1.334503776909877482e-03
9.170000000000000000e+02 1.329239437253651110e-03
9.180000000000000000e+02 1.331365523427514375e-03
9.190000000000000000e+02 1.333588598593873171e-03
9.200000000000000000e+02 1.331110581794051669e-03
9.210000000000000000e+02 1.325207802348754831e-03
9.220000000000000000e+02 1.333687934147832505e-03
9.230000000000000000e+02 1.332239363948870643e-03
9.240000000000000000e+02 1.328689846936963355e-03
9.250000000000000000e+02 1.328760672105758428e-03
9.260000000000000000e+02 1.323965066903885724e-03
9.270000000000000000e+02 1.322689799248129641e-03
9.280000000000000000e+02 1.324166900199733651e-03
9.290000000000000000e+02 1.324249412454561172e-03
9.300000000000000000e+02 1.328298755821852263e-03
9.310000000000000000e+02 1.329084007985776228e-03
9.320000000000000000e+02 1.322938968947889871e-03
9.330000000000000000e+02 1.324029433379639038e-03
9.340000000000000000e+02 1.323528571836448450e-03
9.350000000000000000e+02 1.318099444513737110e-03
9.360000000000000000e+02 1.333976764970625645e-03
9.370000000000000000e+02 1.342652221694627017e-03
9.380000000000000000e+02 1.324493618727059759e-03
9.390000000000000000e+02 1.321362680755541318e-03
9.400000000000000000e+02 1.338639958639072178e-03
9.410000000000000000e+02 1.321015608094749071e-03
9.420000000000000000e+02 1.318572387710374499e-03
9.430000000000000000e+02 1.318983800511166387e-03
9.440000000000000000e+02 1.323149561109931331e-03
9.450000000000000000e+02 1.317273254025213723e-03
9.460000000000000000e+02 1.315834131267244571e-03
9.470000000000000000e+02 1.320008499617954549e-03
9.480000000000000000e+02 1.322794157564902064e-03
9.490000000000000000e+02 1.320674747150523505e-03
9.500000000000000000e+02 1.314859388130575459e-03
9.510000000000000000e+02 1.318050184003091924e-03
9.520000000000000000e+02 1.319128032589097360e-03
9.530000000000000000e+02 1.318785832592131793e-03
9.540000000000000000e+02 1.327820887955715639e-03
9.550000000000000000e+02 1.315623193552070778e-03
9.560000000000000000e+02 1.313532444356996145e-03
9.570000000000000000e+02 1.325879890260651516e-03
9.580000000000000000e+02 1.316681908937357339e-03
9.590000000000000000e+02 1.329233354203235079e-03
9.600000000000000000e+02 1.311032324303797745e-03
9.610000000000000000e+02 1.311019322320224187e-03
9.620000000000000000e+02 1.314380875576428610e-03
9.630000000000000000e+02 1.310586556704754430e-03
9.640000000000000000e+02 1.309313154014765668e-03
9.650000000000000000e+02 1.304109711005494408e-03
9.660000000000000000e+02 1.314507073794127625e-03
9.670000000000000000e+02 1.317654017920589409e-03
9.680000000000000000e+02 1.325197378235628545e-03
9.690000000000000000e+02 1.309481747996487375e-03
9.700000000000000000e+02 1.307395162615842057e-03
9.710000000000000000e+02 1.308731119974328909e-03
9.720000000000000000e+02 1.310415014740193545e-03
9.730000000000000000e+02 1.307444491227077081e-03
9.740000000000000000e+02 1.307829787493284927e-03
9.750000000000000000e+02 1.314040863516206716e-03
9.760000000000000000e+02 1.304356452310342831e-03
9.770000000000000000e+02 1.312696647014286247e-03
9.780000000000000000e+02 1.306337147213145400e-03
9.790000000000000000e+02 1.312456435946470802e-03
9.800000000000000000e+02 1.314848582762316673e-03
9.810000000000000000e+02 1.312428396909197815e-03
9.820000000000000000e+02 1.308066169029442009e-03
9.830000000000000000e+02 1.302934190734800950e-03
9.840000000000000000e+02 1.305270647840026501e-03
9.850000000000000000e+02 1.308815278548798675e-03
9.860000000000000000e+02 1.313410454215527485e-03
9.870000000000000000e+02 1.301760858810170661e-03
9.880000000000000000e+02 1.303517514314940810e-03
9.890000000000000000e+02 1.299994696265643077e-03
9.900000000000000000e+02 1.310430361676066064e-03
9.910000000000000000e+02 1.312727911960375133e-03
9.920000000000000000e+02 1.313087580481437115e-03
9.930000000000000000e+02 1.314374021364622409e-03
9.940000000000000000e+02 1.301856277569728810e-03
9.950000000000000000e+02 1.305255667620919009e-03
9.960000000000000000e+02 1.297209948088651763e-03
9.970000000000000000e+02 1.296284062110645381e-03
9.980000000000000000e+02 1.294699110764957603e-03
9.990000000000000000e+02 1.295571472702347886e-03
1.000000000000000000e+03 1.305247239000994390e-03
1.001000000000000000e+03 1.298906099661192338e-03
1.002000000000000000e+03 1.313507158851503565e-03
1.003000000000000000e+03 1.295063841999957331e-03
1.004000000000000000e+03 1.302840917402986031e-03
1.005000000000000000e+03 1.299339715436977072e-03
1.006000000000000000e+03 1.300946237015616859e-03
1.007000000000000000e+03 1.308560520868663367e-03
1.008000000000000000e+03 1.302995159564815288e-03
1.009000000000000000e+03 1.302511007962456335e-03
1.010000000000000000e+03 1.302719713867787942e-03
1.011000000000000000e+03 1.301247466062047196e-03
1.012000000000000000e+03 1.297856950441847413e-03
1.013000000000000000e+03 1.292536420803600894e-03
1.014000000000000000e+03 1.290810959330996460e-03
1.015000000000000000e+03 1.292593959656084500e-03
1.016000000000000000e+03 1.294868939188666959e-03
1.017000000000000000e+03 1.294979254757211125e-03
1.018000000000000000e+03 1.292664836295615016e-03
1.019000000000000000e+03 1.311292580458004288e-03
1.020000000000000000e+03 1.340308972788838105e-03
1.021000000000000000e+03 1.310439192544441160e-03
1.022000000000000000e+03 1.300502975664878137e-03
1.023000000000000000e+03 1.293772375671936592e-03
1.024000000000000000e+03 1.289600443494190929e-03
1.025000000000000000e+03 1.287772291630281734e-03
1.026000000000000000e+03 1.287056373976138866e-03
1.027000000000000000e+03 1.286370154856157633e-03
1.028000000000000000e+03 1.290080158429432423e-03
1.029000000000000000e+03 1.296356012908965591e-03
1.030000000000000000e+03 1.287768656294453577e-03
1.031000000000000000e+03 1.288650399102982342e-03
1.032000000000000000e+03 1.284204567792667428e-03
1.033000000000000000e+03 1.287189618971368733e-03
1.034000000000000000e+03 1.292151459318016411e-03
1.035000000000000000e+03 1.284857448781489761e-03
1.036000000000000000e+03 1.288655430811386877e-03
1.037000000000000000e+03 1.288971815041570343e-03
1.038000000000000000e+03 1.283198650524332036e-03
1.039000000000000000e+03 1.282506596482531000e-03
1.040000000000000000e+03 1.282649605704640162e-03
1.041000000000000000e+03 1.285178865984861613e-03
1.042000000000000000e+03 1.288433712333236520e-03
1.043000000000000000e+03 1.286761332868533716e-03
1.044000000000000000e+03 1.281509181158481565e-03
1.045000000000000000e+03 1.280444198634710616e-03
1.046000000000000000e+03 1.284249124507748623e-03
1.047000000000000000e+03 1.284236381162741358e-03
1.048000000000000000e+03 1.282647703292896617e-03
1.049000000000000000e+03 1.281792205543497284e-03
1.050000000000000000e+03 1.288740832184127189e-03
1.051000000000000000e+03 1.278633843357953942e-03
1.052000000000000000e+03 1.282105189828664903e-03
1.053000000000000000e+03 1.283030091001738371e-03
1.054000000000000000e+03 1.280196868826194087e-03
1.055000000000000000e+03 1.280136795262272779e-03
1.056000000000000000e+03 1.289558465437279757e-03
1.057000000000000000e+03 1.283567101243526364e-03
1.058000000000000000e+03 1.279358683512413306e-03
1.059000000000000000e+03 1.277169535153109417e-03
1.060000000000000000e+03 1.274538188625282467e-03
1.061000000000000000e+03 1.278356503601119163e-03
1.062000000000000000e+03 1.282442728461593087e-03
1.063000000000000000e+03 1.283109635477487414e-03
1.064000000000000000e+03 1.281317957796547068e-03
1.065000000000000000e+03 1.276538700559497804e-03
1.066000000000000000e+03 1.275742210720857712e-03
1.067000000000000000e+03 1.276754698862886785e-03
1.068000000000000000e+03 1.281627628355863245e-03
1.069000000000000000e+03 1.280961381470198911e-03
1.070000000000000000e+03 1.289133495061457356e-03
1.071000000000000000e+03 1.287161539338664432e-03
1.072000000000000000e+03 1.281013440806229526e-03
1.073000000000000000e+03 1.273963949926408285e-03
1.074000000000000000e+03 1.271985874063279219e-03
1.075000000000000000e+03 1.277412292794248604e-03
1.076000000000000000e+03 1.286783359740190655e-03
1.077000000000000000e+03 1.272042039946436921e-03
1.078000000000000000e+03 1.276127301529793052e-03
1.079000000000000000e+03 1.268163361246046417e-03
1.080000000000000000e+03 1.271772480315555781e-03
1.081000000000000000e+03 1.275348303691733803e-03
1.082000000000000000e+03 1.271190332982063747e-03
1.083000000000000000e+03 1.270487769931307343e-03
1.084000000000000000e+03 1.279858955139797803e-03
1.085000000000000000e+03 1.273191085034608167e-03
1.086000000000000000e+03 1.274567258460553194e-03
1.087000000000000000e+03 1.273910513536111698e-03
1.088000000000000000e+03 1.266374094346710798e-03
1.089000000000000000e+03 1.271415830870889366e-03
1.090000000000000000e+03 1.270722553612859069e-03
1.091000000000000000e+03 1.273145607854767438e-03
1.092000000000000000e+03 1.286915881115455141e-03
1.093000000000000000e+03 1.267480269874288580e-03
1.094000000000000000e+03 1.265854222451492190e-03
1.095000000000000000e+03 1.268770477701685294e-03
1.096000000000000000e+03 1.265789505988021250e-03
1.097000000000000000e+03 1.265449803073243193e-03
1.098000000000000000e+03 1.272541493275017917e-03
1.099000000000000000e+03 1.266050853232699239e-03
1.100000000000000000e+03 1.270078745690080869e-03
1.101000000000000000e+03 1.269244527268300953e-03
1.102000000000000000e+03 1.266171466921181370e-03
1.103000000000000000e+03 1.271863778635426347e-03
1.104000000000000000e+03 1.263673902115478769e-03
1.105000000000000000e+03 1.265140222454988559e-03
1.106000000000000000e+03 1.272086020544384083e-03
1.107000000000000000e+03 1.266526691397352371e-03
1.108000000000000000e+03 1.265661331471079057e-03
1.109000000000000000e+03 1.264215139332684236e-03
1.110000000000000000e+03 1.262496296182041237e-03
1.111000000000000000e+03 1.268589503230931840e-03
1.112000000000000000e+03 1.261605580596434923e-03
1.113000000000000000e+03 1.261526478180184912e-03
1.114000000000000000e+03 1.261071009539228025e-03
1.115000000000000000e+03 1.262283353167805225e-03
1.116000000000000000e+03 1.260178199723975675e-03
1.117000000000000000e+03 1.264612705774809283e-03
1.118000000000000000e+03 1.261773546324430678e-03
1.119000000000000000e+03 1.266303982490426562e-03
1.120000000000000000e+03 1.259441605805760624e-03
1.121000000000000000e+03 1.262008465575862812e-03
1.122000000000000000e+03 1.263838761563254500e-03
1.123000000000000000e+03 1.257827020617718460e-03
1.124000000000000000e+03 1.264921528486187335e-03
1.125000000000000000e+03 1.259957550209675698e-03
1.126000000000000000e+03 1.262360939665481841e-03
1.127000000000000000e+03 1.260401545504969941e-03
1.128000000000000000e+03 1.258845524405515079e-03
1.129000000000000000e+03 1.257542425422510752e-03
1.130000000000000000e+03 1.263363052225394568e-03
1.131000000000000000e+03 1.256211223077758222e-03
1.132000000000000000e+03 1.256806269046702954e-03
1.133000000000000000e+03 1.259667219146028702e-03
1.134000000000000000e+03 1.259535011770969394e-03
1.135000000000000000e+03 1.256082151594220412e-03
1.136000000000000000e+03 1.256183145178324566e-03
1.137000000000000000e+03 1.256528361637439424e-03
1.138000000000000000e+03 1.261282651688302786e-03
1.139000000000000000e+03 1.257903968568225726e-03
1.140000000000000000e+03 1.254925026566990195e-03
1.141000000000000000e+03 1.265469256728301347e-03
1.142000000000000000e+03 1.262724542494487708e-03
1.143000000000000000e+03 1.255251929173459725e-03
1.144000000000000000e+03 1.257146489661678176e-03
1.145000000000000000e+03 1.258736805069097424e-03
1.146000000000000000e+03 1.257146909996249362e-03
1.147000000000000000e+03 1.253996196575801270e-03
1.148000000000000000e+03 1.254955765428863177e-03
1.149000000000000000e+03 1.251013721139944456e-03
1.150000000000000000e+03 1.249783932991194255e-03
1.151000000000000000e+03 1.251076394178227439e-03
1.152000000000000000e+03 1.260539382039836589e-03
1.153000000000000000e+03 1.250660573065488085e-03
1.154000000000000000e+03 1.254632356007607825e-03
1.155000000000000000e+03 1.253189733982013878e-03
1.156000000000000000e+03 1.259436322728690622e-03
1.157000000000000000e+03 1.252787164789154108e-03
1.158000000000000000e+03 1.250577107731248947e-03
1.159000000000000000e+03 1.252824036724116841e-03
1.160000000000000000e+03 1.247206389706889858e-03
1.161000000000000000e+03 1.251514768632247922e-03
1.162000000000000000e+03 1.249209096453790741e-03
1.163000000000000000e+03 1.244572882650924134e-03
1.164000000000000000e+03 1.271915777738583152e-03
1.165000000000000000e+03 1.251398172932524124e-03
1.166000000000000000e+03 1.248344662174430929e-03
1.167000000000000000e+03 1.247624641185053314e-03
1.168000000000000000e+03 1.244951367666705458e-03
1.169000000000000000e+03 1.248555165706150558e-03
1.170000000000000000e+03 1.252522324387758028e-03
1.171000000000000000e+03 1.250445867725353795e-03
1.172000000000000000e+03 1.246791792146912650e-03
1.173000000000000000e+03 1.249282315615580542e-03
1.174000000000000000e+03 1.246940746346442749e-03
1.175000000000000000e+03 1.249908163666840809e-03
1.176000000000000000e+03 1.247883466572007136e-03
1.177000000000000000e+03 1.249037767468163607e-03
1.178000000000000000e+03 1.247986295277096801e-03
1.179000000000000000e+03 1.250537852761110123e-03
1.180000000000000000e+03 1.245987554787752680e-03
1.181000000000000000e+03 1.243125231552814122e-03
1.182000000000000000e+03 1.246008824425593386e-03
1.183000000000000000e+03 1.244999847711426551e-03
1.184000000000000000e+03 1.241095011432737571e-03
1.185000000000000000e+03 1.247341514203601258e-03
1.186000000000000000e+03 1.240423454828090818e-03
1.187000000000000000e+03 1.249942253017099223e-03
1.188000000000000000e+03 1.254316405082545960e-03
1.189000000000000000e+03 1.241098106111763414e-03
1.190000000000000000e+03 1.242165075576968447e-03
1.191000000000000000e+03 1.240047850589544526e-03
1.192000000000000000e+03 1.243792848385165146e-03
1.193000000000000000e+03 1.243513837164362482e-03
1.194000000000000000e+03 1.242619321047209796e-03
1.195000000000000000e+03 1.239441069839243527e-03
1.196000000000000000e+03 1.239895193397075237e-03
1.197000000000000000e+03 1.242148253631577322e-03
1.198000000000000000e+03 1.239599589406588506e-03
1.199000000000000000e+03 1.239407908584151804e-03
1.200000000000000000e+03 1.238007093409729557e-03
1.201000000000000000e+03 1.248440244679153857e-03
1.202000000000000000e+03 1.247249948552437739e-03
1.203000000000000000e+03 1.241903329798147056e-03
1.204000000000000000e+03 1.238699942161405757e-03
1.205000000000000000e+03 1.239055659110492504e-03
1.206000000000000000e+03 1.239938125650937462e-03
1.207000000000000000e+03 1.238701980066347127e-03
1.208000000000000000e+03 1.242790055700816482e-03
1.209000000000000000e+03 1.240348229330403467e-03
1.210000000000000000e+03 1.238401831608146580e-03
1.211000000000000000e+03 1.236470465149775615e-03
1.212000000000000000e+03 1.236971961686432432e-03
1.213000000000000000e+03 1.239825291664608002e-03
1.214000000000000000e+03 1.237760461849195248e-03
1.215000000000000000e+03 1.241747378049223296e-03
1.216000000000000000e+03 1.235899522225658489e-03
1.217000000000000000e+03 1.239736409013888043e-03
1.218000000000000000e+03 1.242864308613308728e-03
1.219000000000000000e+03 1.237742043754897717e-03
1.220000000000000000e+03 1.234458178038544537e-03
1.221000000000000000e+03 1.233932640608230609e-03
1.222000000000000000e+03 1.242738651089014476e-03
1.223000000000000000e+03 1.236543452385751142e-03
1.224000000000000000e+03 1.232544746199323599e-03
1.225000000000000000e+03 1.236918347989172462e-03
1.226000000000000000e+03 1.235822338235470583e-03
1.227000000000000000e+03 1.236017206370470254e-03
1.228000000000000000e+03 1.236413027284100552e-03
1.229000000000000000e+03 1.233744129096994756e-03
1.230000000000000000e+03 1.234793709101921150e-03
1.231000000000000000e+03 1.231810474792719530e-03
1.232000000000000000e+03 1.234431558996124372e-03
1.233000000000000000e+03 1.232247519655101401e-03
1.234000000000000000e+03 1.232330578946466953e-03
1.235000000000000000e+03 1.237006234752553464e-03
1.236000000000000000e+03 1.232790583202016729e-03
1.237000000000000000e+03 1.234573024978358018e-03
1.238000000000000000e+03 1.233000411265982145e-03
1.239000000000000000e+03 1.231909285732667126e-03
1.240000000000000000e+03 1.228947759383988616e-03
1.241000000000000000e+03 1.228827468461247702e-03
1.242000000000000000e+03 1.237060403244199863e-03
1.243000000000000000e+03 1.235162309815111652e-03
1.244000000000000000e+03 1.230224665339448064e-03
1.245000000000000000e+03 1.232944792491784142e-03
1.246000000000000000e+03 1.230377125969287465e-03
1.247000000000000000e+03 1.236310772570936925e-03
1.248000000000000000e+03 1.241148511416353354e-03
1.249000000000000000e+03 1.240866047567251544e-03
1.250000000000000000e+03 1.234697856883736370e-03
1.251000000000000000e+03 1.228208602963666357e-03
1.252000000000000000e+03 1.226864902160226551e-03
1.253000000000000000e+03 1.226443746460080400e-03
1.254000000000000000e+03 1.227472709325084848e-03
1.255000000000000000e+03 1.227026955018497211e-03
1.256000000000000000e+03 1.228881747400864099e-03
1.257000000000000000e+03 1.226216044379363490e-03
1.258000000000000000e+03 1.228375252415083926e-03
1.259000000000000000e+03 1.226928953092148349e-03
1.260000000000000000e+03 1.226468524171714152e-03
1.261000000000000000e+03 1.227526063141777882e-03
1.262000000000000000e+03 1.222584972530557038e-03
1.263000000000000000e+03 1.226074611169000782e-03
1.264000000000000000e+03 1.227863342011312978e-03
1.265000000000000000e+03 1.224387952255684203e-03
1.266000000000000000e+03 1.225041987753860756e-03
1.267000000000000000e+03 1.224785261473511832e-03
1.268000000000000000e+03 1.228992656064427326e-03
1.269000000000000000e+03 1.224128098764749742e-03
1.270000000000000000e+03 1.224587610792203778e-03
1.271000000000000000e+03 1.223872103024730004e-03
1.272000000000000000e+03 1.226175827532791345e-03
1.273000000000000000e+03 1.225205919745050781e-03
1.274000000000000000e+03 1.225664853485761456e-03
1.275000000000000000e+03 1.231585753631044824e-03
1.276000000000000000e+03 1.226970116651376029e-03
1.277000000000000000e+03 1.223594831603405653e-03
1.278000000000000000e+03 1.229903314536812901e-03
1.279000000000000000e+03 1.222483105419844198e-03
1.280000000000000000e+03 1.231618572189424176e-03
1.281000000000000000e+03 1.227490301959567728e-03
1.282000000000000000e+03 1.222637984684729747e-03
1.283000000000000000e+03 1.225171913875578887e-03
1.284000000000000000e+03 1.230611630055597049e-03
1.285000000000000000e+03 1.230134936546146323e-03
1.286000000000000000e+03 1.220165587820727041e-03
1.287000000000000000e+03 1.222765989291158331e-03
1.288000000000000000e+03 1.225489957746158818e-03
1.289000000000000000e+03 1.221576216501520096e-03
1.290000000000000000e+03 1.219989716858359014e-03
1.291000000000000000e+03 1.222108157287041426e-03
1.292000000000000000e+03 1.228426366965757388e-03
1.293000000000000000e+03 1.224532943738956955e-03
1.294000000000000000e+03 1.218368139961225824e-03
1.295000000000000000e+03 1.225940678341517305e-03
1.296000000000000000e+03 1.221620385828563627e-03
1.297000000000000000e+03 1.218993172294351992e-03
1.298000000000000000e+03 1.218220045854101442e-03
1.299000000000000000e+03 1.217738699707346427e-03
1.300000000000000000e+03 1.217966645414278026e-03
1.301000000000000000e+03 1.219941530046604258e-03
1.302000000000000000e+03 1.221391001295306150e-03
1.303000000000000000e+03 1.219571449906669451e-03
1.304000000000000000e+03 1.224938173057468814e-03
1.305000000000000000e+03 1.217830683869562149e-03
1.306000000000000000e+03 1.217771647466772559e-03
1.307000000000000000e+03 1.220269059842166550e-03
1.308000000000000000e+03 1.219226439602080552e-03
1.309000000000000000e+03 1.216548655442522978e-03
1.310000000000000000e+03 1.217462431328542429e-03
1.311000000000000000e+03 1.216159386570830111e-03
1.312000000000000000e+03 1.216611208420405755e-03
1.313000000000000000e+03 1.216273085217569033e-03
1.314000000000000000e+03 1.217497996239127111e-03
1.315000000000000000e+03 1.219494016739687331e-03
1.316000000000000000e+03 1.216388211041881991e-03
1.317000000000000000e+03 1.217789416494700645e-03
1.318000000000000000e+03 1.215772378517662256e-03
1.319000000000000000e+03 1.215087112792450838e-03
1.320000000000000000e+03 1.217361353810380003e-03
1.321000000000000000e+03 1.218594359713565068e-03
1.322000000000000000e+03 1.216664037663511746e-03
1.323000000000000000e+03 1.218941091378533507e-03
1.324000000000000000e+03 1.219396122427990900e-03
1.325000000000000000e+03 1.215695343648782317e-03
1.326000000000000000e+03 1.217723388778214899e-03
1.327000000000000000e+03 1.211606777074802997e-03
1.328000000000000000e+03 1.214674356835822398e-03
1.329000000000000000e+03 1.220342069301173869e-03
1.330000000000000000e+03 1.216381273992232868e-03
1.331000000000000000e+03 1.210787263102200027e-03
1.332000000000000000e+03 1.213513577180926799e-03
1.333000000000000000e+03 1.215873103958247303e-03
1.334000000000000000e+03 1.211732696831595551e-03
1.335000000000000000e+03 1.212763862510997034e-03
1.336000000000000000e+03 1.211652246313719766e-03
1.337000000000000000e+03 1.214379071041231948e-03
1.338000000000000000e+03 1.215532963203103936e-03
1.339000000000000000e+03 1.211507522386819037e-03
1.340000000000000000e+03 1.209931569477535685e-03
1.341000000000000000e+03 1.209897137722186445e-03
1.342000000000000000e+03 1.210973983262040319e-03
1.343000000000000000e+03 1.211407530520473537e-03
1.344000000000000000e+03 1.210513640985980306e-03
1.345000000000000000e+03 1.213088253689660612e-03
1.346000000000000000e+03 1.209660324834357101e-03
1.347000000000000000e+03 1.211264893003613204e-03
1.348000000000000000e+03 1.211253815883783736e-03
1.349000000000000000e+03 1.214612224997632401e-03
1.350000000000000000e+03 1.210759544236866348e-03
1.351000000000000000e+03 1.209678865274803686e-03
1.352000000000000000e+03 1.210292744381315450e-03
1.353000000000000000e+03 1.209961373824791284e-03
1.354000000000000000e+03 1.209050554380158241e-03
1.355000000000000000e+03 1.208402835146545800e-03
1.356000000000000000e+03 1.209950585024169951e-03
1.357000000000000000e+03 1.210549563560880688e-03
1.358000000000000000e+03 1.212578676191613299e-03
1.359000000000000000e+03 1.210794339893884368e-03
1.360000000000000000e+03 1.212285639893308275e-03
1.361000000000000000e+03 1.211249591027776162e-03
1.362000000000000000e+03 1.207563350018195890e-03
1.363000000000000000e+03 1.208216342656145883e-03
1.364000000000000000e+03 1.208217460458788431e-03
1.365000000000000000e+03 1.207166779324710636e-03
1.366000000000000000e+03 1.206175859486545822e-03
1.367000000000000000e+03 1.207700078086912506e-03
1.368000000000000000e+03 1.205205743639746344e-03
1.369000000000000000e+03 1.206455615681605899e-03
1.370000000000000000e+03 1.208770584059406811e-03
1.371000000000000000e+03 1.209846745517391409e-03
1.372000000000000000e+03 1.206084900319837625e-03
1.373000000000000000e+03 1.208781993896300682e-03
1.374000000000000000e+03 1.205544931962459262e-03
1.375000000000000000e+03 1.208791101287700308e-03
1.376000000000000000e+03 1.210691009915840785e-03
1.377000000000000000e+03 1.205269193188151806e-03
1.378000000000000000e+03 1.205495942248169684e-03
1.379000000000000000e+03 1.205390459730171877e-03
1.380000000000000000e+03 1.205467940626791731e-03
1.381000000000000000e+03 1.204414407736417334e-03
1.382000000000000000e+03 1.207640171461801196e-03
1.383000000000000000e+03 1.205615749733673523e-03
1.384000000000000000e+03 1.204561731058126622e-03
1.385000000000000000e+03 1.204432043919224883e-03
1.386000000000000000e+03 1.204564302320431041e-03
1.387000000000000000e+03 1.207093484533816076e-03
1.388000000000000000e+03 1.205117238249631302e-03
1.389000000000000000e+03 1.205128701726972725e-03
1.390000000000000000e+03 1.204779784642757891e-03
1.391000000000000000e+03 1.201348408892217480e-03
1.392000000000000000e+03 1.203472042179989888e-03
1.393000000000000000e+03 1.202838215062683501e-03
1.394000000000000000e+03 1.203588656393473873e-03
1.395000000000000000e+03 1.203938932323543988e-03
1.396000000000000000e+03 1.206817822164837298e-03
1.397000000000000000e+03 1.204739411625844114e-03
1.398000000000000000e+03 1.203321026123295185e-03
1.399000000000000000e+03 1.201072180318822234e-03
1.400000000000000000e+03 1.202723929404473030e-03
1.401000000000000000e+03 1.200763648732852901e-03
1.402000000000000000e+03 1.204036475379583696e-03
1.403000000000000000e+03 1.201432535380840246e-03
1.404000000000000000e+03 1.200988694812689427e-03
1.405000000000000000e+03 1.205397784902319767e-03
1.406000000000000000e+03 1.202939472552472071e-03
1.407000000000000000e+03 1.203223402198281633e-03
1.408000000000000000e+03 1.201326138399676875e-03
1.409000000000000000e+03 1.202334434846520335e-03
1.410000000000000000e+03 1.203672011892151792e-03
1.411000000000000000e+03 1.201847326151333833e-03
1.412000000000000000e+03 1.200643459274276532e-03
1.413000000000000000e+03 1.203803843749484161e-03
1.414000000000000000e+03 1.198211431986638542e-03
1.415000000000000000e+03 1.202754098883398537e-03
1.416000000000000000e+03 1.201037367352196907e-03
1.417000000000000000e+03 1.198609451064587810e-03
1.418000000000000000e+03 1.200747931006941084e-03
1.419000000000000000e+03 1.202076127109579212e-03
1.420000000000000000e+03 1.202469789501712551e-03
1.421000000000000000e+03 1.197041899275942374e-03
1.422000000000000000e+03 1.199166786453382009e-03
1.423000000000000000e+03 1.198598016203612608e-03
1.424000000000000000e+03 1.197966024903918516e-03
1.425000000000000000e+03 1.197011885733132884e-03
1.426000000000000000e+03 1.198650097409124926e-03
1.427000000000000000e+03 1.196148457180990074e-03
1.428000000000000000e+03 1.200803864904123001e-03
1.429000000000000000e+03 1.199870000772419038e-03
1.430000000000000000e+03 1.197787377570162489e-03
1.431000000000000000e+03 1.199170754790888915e-03
1.432000000000000000e+03 1.200335597416144623e-03
1.433000000000000000e+03 1.203900185336548995e-03
1.434000000000000000e+03 1.198476709531645428e-03
1.435000000000000000e+03 1.202705831781142971e-03
1.436000000000000000e+03 1.198146620689034001e-03
1.437000000000000000e+03 1.197857691783607483e-03
1.438000000000000000e+03 1.196201187803281208e-03
1.439000000000000000e+03 1.193720361294740330e-03
1.440000000000000000e+03 1.196332209344690492e-03
1.441000000000000000e+03 1.196082323632868122e-03
1.442000000000000000e+03 1.196838732338892635e-03
1.443000000000000000e+03 1.195063541140889375e-03
1.444000000000000000e+03 1.199821190318264190e-03
1.445000000000000000e+03 1.198054483390940603e-03
1.446000000000000000e+03 1.197670516574375794e-03
1.447000000000000000e+03 1.199721986616815537e-03
1.448000000000000000e+03 1.193715159204130705e-03
1.449000000000000000e+03 1.198073378467295067e-03
1.450000000000000000e+03 1.194933580405583206e-03
1.451000000000000000e+03 1.194585021550085245e-03
1.452000000000000000e+03 1.194984682662945984e-03
1.453000000000000000e+03 1.194505112843685136e-03
1.454000000000000000e+03 1.194421934367958637e-03
1.455000000000000000e+03 1.193617641104812365e-03
1.456000000000000000e+03 1.192332764217989612e-03
1.457000000000000000e+03 1.194974554764862643e-03
1.458000000000000000e+03 1.195514399479331077e-03
1.459000000000000000e+03 1.192854586006903946e-03
1.460000000000000000e+03 1.192618321367850624e-03
1.461000000000000000e+03 1.193120034789072218e-03
1.462000000000000000e+03 1.190409494625486097e-03
1.463000000000000000e+03 1.192933361230281769e-03
1.464000000000000000e+03 1.192210208532613891e-03
1.465000000000000000e+03 1.196307971628479249e-03
1.466000000000000000e+03 1.194505038109259240e-03
1.467000000000000000e+03 1.191134624733622199e-03
1.468000000000000000e+03 1.195663682175295657e-03
1.469000000000000000e+03 1.191919740078237026e-03
1.470000000000000000e+03 1.193378319729405425e-03
1.471000000000000000e+03 1.191678518903678541e-03
1.472000000000000000e+03 1.190686196131852991e-03
1.473000000000000000e+03 1.190669944869868213e-03
1.474000000000000000e+03 1.191421509071988573e-03
1.475000000000000000e+03 1.191255615746173455e-03
1.476000000000000000e+03 1.191669833854364915e-03
1.477000000000000000e+03 1.189644811054234308e-03
1.478000000000000000e+03 1.191947984305822888e-03
1.479000000000000000e+03 1.192364570533785808e-03
1.480000000000000000e+03 1.191140876883684408e-03
1.481000000000000000e+03 1.189336700967727044e-03
1.482000000000000000e+03 1.191355932124880815e-03
1.483000000000000000e+03 1.193825274961159231e-03
1.484000000000000000e+03 1.190048311808452729e-03
1.485000000000000000e+03 1.190064955031997721e-03
1.486000000000000000e+03 1.189530104612697469e-03
1.487000000000000000e+03 1.188357895355413203e-03
1.488000000000000000e+03 1.189107552378520323e-03
1.489000000000000000e+03 1.190269752987229519e-03
1.490000000000000000e+03 1.191565796558218373e-03
1.491000000000000000e+03 1.190119199247246856e-03
1.492000000000000000e+03 1.189235232621295565e-03
1.493000000000000000e+03 1.190810564882952092e-03
1.494000000000000000e+03 1.187991572579832076e-03
1.495000000000000000e+03 1.188587352448478018e-03
1.496000000000000000e+03 1.188756835664317923e-03
1.497000000000000000e+03 1.188745416466341180e-03
1.498000000000000000e+03 1.191104337196886636e-03
1.499000000000000000e+03 1.188306529694610741e-03
1.500000000000000000e+03 1.187912334136240330e-03
1.501000000000000000e+03 1.186256746200720687e-03
1.502000000000000000e+03 1.187149560560967626e-03
1.503000000000000000e+03 1.190502554570871830e-03
1.504000000000000000e+03 1.186460585344903049e-03
1.505000000000000000e+03 1.186603281958241093e-03
1.506000000000000000e+03 1.189341679828430321e-03
1.507000000000000000e+03 1.186801098071224667e-03
1.508000000000000000e+03 1.189846161009635358e-03
1.509000000000000000e+03 1.185625643801658949e-03
1.510000000000000000e+03 1.186633308788400320e-03
1.511000000000000000e+03 1.189886868346371829e-03
1.512000000000000000e+03 1.188785640878428380e-03
1.513000000000000000e+03 1.186971485872009933e-03
1.514000000000000000e+03 1.188520790327162206e-03
1.515000000000000000e+03 1.186635261572518540e-03
1.516000000000000000e+03 1.187296583669156420e-03
1.517000000000000000e+03 1.185802783366547318e-03
1.518000000000000000e+03 1.191250270827882507e-03
1.519000000000000000e+03 1.184783088469505176e-03
1.520000000000000000e+03 1.186472465840441139e-03
1.521000000000000000e+03 1.185989245508553514e-03
1.522000000000000000e+03 1.183558162728033224e-03
1.523000000000000000e+03 1.185447026463612831e-03
1.524000000000000000e+03 1.184863270444081167e-03
1.525000000000000000e+03 1.184579119134472960e-03
1.526000000000000000e+03 1.185664555861137186e-03
1.527000000000000000e+03 1.185093262401583011e-03
1.528000000000000000e+03 1.186133703979819773e-03
1.529000000000000000e+03 1.186019941521667884e-03
1.530000000000000000e+03 1.189284116149267592e-03
1.531000000000000000e+03 1.189997670029353328e-03
1.532000000000000000e+03 1.183384618972884664e-03
1.533000000000000000e+03 1.185028537671611306e-03
1.534000000000000000e+03 1.183239616235159681e-03
1.535000000000000000e+03 1.182256307409178210e-03
1.536000000000000000e+03 1.182772146854584603e-03
1.537000000000000000e+03 1.181278649217261129e-03
1.538000000000000000e+03 1.183819364593848402e-03
1.539000000000000000e+03 1.184283414204607846e-03
1.540000000000000000e+03 1.181411925242513514e-03
1.541000000000000000e+03 1.182991292361726616e-03
1.542000000000000000e+03 1.183139047590119498e-03
1.543000000000000000e+03 1.184327610133129993e-03
1.544000000000000000e+03 1.185860106095975924e-03
1.545000000000000000e+03 1.182131059361937785e-03
1.546000000000000000e+03 1.181407966726804714e-03
1.547000000000000000e+03 1.181891622622196006e-03
1.548000000000000000e+03 1.183564730314889523e-03
1.549000000000000000e+03 1.183769575082414295e-03
1.550000000000000000e+03 1.181367903283842046e-03
1.551000000000000000e+03 1.181728746686334019e-03
1.552000000000000000e+03 1.180976616094012209e-03
1.553000000000000000e+03 1.183213114892772613e-03
1.554000000000000000e+03 1.183472717567405751e-03
1.555000000000000000e+03 1.181089494896708000e-03
1.556000000000000000e+03 1.181790258226984337e-03
1.557000000000000000e+03 1.180902473174390895e-03
1.558000000000000000e+03 1.182831108644184651e-03
1.559000000000000000e+03 1.180658429456988212e-03
1.560000000000000000e+03 1.179451908667983719e-03
1.561000000000000000e+03 1.179736578787227586e-03
1.562000000000000000e+03 1.180167579275387619e-03
1.563000000000000000e+03 1.181397406019074744e-03
1.564000000000000000e+03 1.184137419509412054e-03
1.565000000000000000e+03 1.181256405108840023e-03
1.566000000000000000e+03 1.182505233487737752e-03
1.567000000000000000e+03 1.181497227636638158e-03
1.568000000000000000e+03 1.177482887155340170e-03
1.569000000000000000e+03 1.180250348426544653e-03
1.570000000000000000e+03 1.182516644228590605e-03
1.571000000000000000e+03 1.179478589646655801e-03
1.572000000000000000e+03 1.181676670766723409e-03
1.573000000000000000e+03 1.179664400306185525e-03
1.574000000000000000e+03 1.179214315622144132e-03
1.575000000000000000e+03 1.179725679197514811e-03
1.576000000000000000e+03 1.178418447927056861e-03
1.577000000000000000e+03 1.179000919019780776e-03
1.578000000000000000e+03 1.180016255796157137e-03
1.579000000000000000e+03 1.177970850457962272e-03
1.580000000000000000e+03 1.177940145135171392e-03
1.581000000000000000e+03 1.179496023350452361e-03
1.582000000000000000e+03 1.177739880092423331e-03
1.583000000000000000e+03 1.178953269447488355e-03
1.584000000000000000e+03 1.176247567693079667e-03
1.585000000000000000e+03 1.176924339447789737e-03
1.586000000000000000e+03 1.179524231251353724e-03
1.587000000000000000e+03 1.177247494042159802e-03
1.588000000000000000e+03 1.177762493635675254e-03
1.589000000000000000e+03 1.179429469343925771e-03
1.590000000000000000e+03 1.178988942293271360e-03
1.591000000000000000e+03 1.175153224853375681e-03
1.592000000000000000e+03 1.177782493680545493e-03
1.593000000000000000e+03 1.178449935761347999e-03
1.594000000000000000e+03 1.176130083028188765e-03
1.595000000000000000e+03 1.175124172103960253e-03
1.596000000000000000e+03 1.176623148729033334e-03
1.597000000000000000e+03 1.176605090800422358e-03
1.598000000000000000e+03 1.177872985782392294e-03
1.599000000000000000e+03 1.180343518782373761e-03
1.600000000000000000e+03 1.179271858165217455e-03
1.601000000000000000e+03 1.177318156842077418e-03
1.602000000000000000e+03 1.179364202810873584e-03
1.603000000000000000e+03 1.175519171679861386e-03
1.604000000000000000e+03 1.175108462907426378e-03
1.605000000000000000e+03 1.177424271921588377e-03
1.606000000000000000e+03 1.174852970150935599e-03
1.607000000000000000e+03 1.175297377997874815e-03
1.608000000000000000e+03 1.176941883133231182e-03
1.609000000000000000e+03 1.176741940893303185e-03
1.610000000000000000e+03 1.175825502222325493e-03
1.611000000000000000e+03 1.175454114827763439e-03
1.612000000000000000e+03 1.175725696514211185e-03
1.613000000000000000e+03 1.176512571541708492e-03
1.614000000000000000e+03 1.174870684421550635e-03
1.615000000000000000e+03 1.174051342875091775e-03
1.616000000000000000e+03 1.175700036222286464e-03
1.617000000000000000e+03 1.174481878737660984e-03
1.618000000000000000e+03 1.174415768797992332e-03
1.619000000000000000e+03 1.174505789384426915e-03
1.620000000000000000e+03 1.173166730007182317e-03
1.621000000000000000e+03 1.175395520202318590e-03
1.622000000000000000e+03 1.176126288159114186e-03
1.623000000000000000e+03 1.174715381997184973e-03
1.624000000000000000e+03 1.174430219326714955e-03
1.625000000000000000e+03 1.174901968310697363e-03
1.626000000000000000e+03 1.174516174910097271e-03
1.627000000000000000e+03 1.173174454298250196e-03
1.628000000000000000e+03 1.173772061390675105e-03
1.629000000000000000e+03 1.174171551542187684e-03
1.630000000000000000e+03 1.172840217744694101e-03
1.631000000000000000e+03 1.172935078209263668e-03
1.632000000000000000e+03 1.174205745114246992e-03
1.633000000000000000e+03 1.173894248129631187e-03
1.634000000000000000e+03 1.172349100222253287e-03
1.635000000000000000e+03 1.173562784888045789e-03
1.636000000000000000e+03 1.172227419716642162e-03
1.637000000000000000e+03 1.172631631799204033e-03
1.638000000000000000e+03 1.173739373606700514e-03
1.639000000000000000e+03 1.170422792417244407e-03
1.640000000000000000e+03 1.172697702119037061e-03
1.641000000000000000e+03 1.171972448531375527e-03
1.642000000000000000e+03 1.171139745040994254e-03
1.643000000000000000e+03 1.171943962749408567e-03
1.644000000000000000e+03 1.171511289237982169e-03
1.645000000000000000e+03 1.170704994939882927e-03
1.646000000000000000e+03 1.172039349933574458e-03
1.647000000000000000e+03 1.171827781074364543e-03
1.648000000000000000e+03 1.170675571594688609e-03
1.649000000000000000e+03 1.169858027057633009e-03
1.650000000000000000e+03 1.170411015007566478e-03
1.651000000000000000e+03 1.172095708076828242e-03
1.652000000000000000e+03 1.171077700652959882e-03
1.653000000000000000e+03 1.169177503223144989e-03
1.654000000000000000e+03 1.171312242111175817e-03
1.655000000000000000e+03 1.169805752295844216e-03
1.656000000000000000e+03 1.170362503657805227e-03
1.657000000000000000e+03 1.169496154162729144e-03
1.658000000000000000e+03 1.169876126814309737e-03
1.659000000000000000e+03 1.170709478654903503e-03
1.660000000000000000e+03 1.170244410506015220e-03
1.661000000000000000e+03 1.170421472040039483e-03
1.662000000000000000e+03 1.170299753257587894e-03
1.663000000000000000e+03 1.168860428345306571e-03
1.664000000000000000e+03 1.172623317802970596e-03
1.665000000000000000e+03 1.170090005743494371e-03
1.666000000000000000e+03 1.169605167331610367e-03
1.667000000000000000e+03 1.169306369660651646e-03
1.668000000000000000e+03 1.168789474159008003e-03
1.669000000000000000e+03 1.169817055996972329e-03
1.670000000000000000e+03 1.168725160523508130e-03
1.671000000000000000e+03 1.168441422064328246e-03
1.672000000000000000e+03 1.169932432644546754e-03
1.673000000000000000e+03 1.172672539413057444e-03
1.674000000000000000e+03 1.170505497312789760e-03
1.675000000000000000e+03 1.170506482543187243e-03
1.676000000000000000e+03 1.169787851878323131e-03
1.677000000000000000e+03 1.169066204019606836e-03
1.678000000000000000e+03 1.168332211763718114e-03
1.679000000000000000e+03 1.168345215342619491e-03
1.680000000000000000e+03 1.168663896716259096e-03
1.681000000000000000e+03 1.167487392184432321e-03
1.682000000000000000e+03 1.170696511102559730e-03
1.683000000000000000e+03 1.167660276844546471e-03
1.684000000000000000e+03 1.167518553541155822e-03
1.685000000000000000e+03 1.168767465021699993e-03
1.686000000000000000e+03 1.168050492051987601e-03
1.687000000000000000e+03 1.168352738632676829e-03
1.688000000000000000e+03 1.167974946883048324e-03
1.689000000000000000e+03 1.167306445047159181e-03
1.690000000000000000e+03 1.170326660551425368e-03
1.691000000000000000e+03 1.166706545308645888e-03
1.692000000000000000e+03 1.166124858606784349e-03
1.693000000000000000e+03 1.168261283819468444e-03
1.694000000000000000e+03 1.166443263936324699e-03
1.695000000000000000e+03 1.168648035502093448e-03
1.696000000000000000e+03 1.166934407510051208e-03
1.697000000000000000e+03 1.167165682056768876e-03
1.698000000000000000e+03 1.167281799109277712e-03
1.699000000000000000e+03 1.166035436229738041e-03
1.700000000000000000e+03 1.165874428998730974e-03
1.701000000000000000e+03 1.165793259230576062e-03
1.702000000000000000e+03 1.166344417143277967e-03
1.703000000000000000e+03 1.166557147787119705e-03
1.704000000000000000e+03 1.169046799668163692e-03
1.705000000000000000e+03 1.165161053054834242e-03
1.706000000000000000e+03 1.167338264762221882e-03
1.707000000000000000e+03 1.167278004737527970e-03
1.708000000000000000e+03 1.165352895301987853e-03
1.709000000000000000e+03 1.165889976374945985e-03
1.710000000000000000e+03 1.166657606629793471e-03
1.711000000000000000e+03 1.167129020281104310e-03
1.712000000000000000e+03 1.164117305560461151e-03
1.713000000000000000e+03 1.165074585843628267e-03
1.714000000000000000e+03 1.165472135951818242e-03
1.715000000000000000e+03 1.164798735806258896e-03
1.716000000000000000e+03 1.167422010079993471e-03
1.717000000000000000e+03 1.166443492348321481e-03
1.718000000000000000e+03 1.164755490788932021e-03
1.719000000000000000e+03 1.165298567916055704e-03
1.720000000000000000e+03 1.166893842417486256e-03
1.721000000000000000e+03 1.163475640842379999e-03
1.722000000000000000e+03 1.165794321509586477e-03
1.723000000000000000e+03 1.164735557139105543e-03
1.724000000000000000e+03 1.165194481166275482e-03
1.725000000000000000e+03 1.164680713822972922e-03
1.726000000000000000e+03 1.165195322756041024e-03
1.727000000000000000e+03 1.164852469998560545e-03
1.728000000000000000e+03 1.163692361706236168e-03
1.729000000000000000e+03 1.165370507502471679e-03
1.730000000000000000e+03 1.162872253667247054e-03
1.731000000000000000e+03 1.165575250479617157e-03
1.732000000000000000e+03 1.164975696048770873e-03
1.733000000000000000e+03 1.165151639565972569e-03
1.734000000000000000e+03 1.164487499236710206e-03
1.735000000000000000e+03 1.165477215466700954e-03
1.736000000000000000e+03 1.163170498286092555e-03
1.737000000000000000e+03 1.164616588335350752e-03
1.738000000000000000e+03 1.164607245429183065e-03
1.739000000000000000e+03 1.163739038787369373e-03
1.740000000000000000e+03 1.162682901627031667e-03
1.741000000000000000e+03 1.163572916157665877e-03
1.742000000000000000e+03 1.163523264388367177e-03
1.743000000000000000e+03 1.163019145876581159e-03
1.744000000000000000e+03 1.162095998360492726e-03
1.745000000000000000e+03 1.162956358335991017e-03
1.746000000000000000e+03 1.162297591303732393e-03
1.747000000000000000e+03 1.164967805773359970e-03
1.748000000000000000e+03 1.162836071356875911e-03
1.749000000000000000e+03 1.162734666096262469e-03
1.750000000000000000e+03 1.163823237059478629e-03
1.751000000000000000e+03 1.162201901722610068e-03
1.752000000000000000e+03 1.162436703645502523e-03
1.753000000000000000e+03 1.161687828524988857e-03
1.754000000000000000e+03 1.161824339104921980e-03
1.755000000000000000e+03 1.162921402874387200e-03
1.756000000000000000e+03 1.161737007328538527e-03
1.757000000000000000e+03 1.161897740768065004e-03
1.758000000000000000e+03 1.161092973514362076e-03
1.759000000000000000e+03 1.160079426360947040e-03
1.760000000000000000e+03 1.164927075118983579e-03
1.761000000000000000e+03 1.161142259732108641e-03
1.762000000000000000e+03 1.160840801640396431e-03
1.763000000000000000e+03 1.162681461462264712e-03
1.764000000000000000e+03 1.160496061496122441e-03
1.765000000000000000e+03 1.162683082733044016e-03
1.766000000000000000e+03 1.161317286260617893e-03
1.767000000000000000e+03 1.162688025899978389e-03
1.768000000000000000e+03 1.162064222217721416e-03
1.769000000000000000e+03 1.160773389450116396e-03
1.770000000000000000e+03 1.160615375654581267e-03
1.771000000000000000e+03 1.162300110762855710e-03
1.772000000000000000e+03 1.161189207224932931e-03
1.773000000000000000e+03 1.163813545145462496e-03
1.774000000000000000e+03 1.164627706421493894e-03
1.775000000000000000e+03 1.160193644988106012e-03
1.776000000000000000e+03 1.159957522203113305e-03
1.777000000000000000e+03 1.161596163924218366e-03
1.778000000000000000e+03 1.160937158288297740e-03
1.779000000000000000e+03 1.159508398706376358e-03
1.780000000000000000e+03 1.159708023608591173e-03
1.781000000000000000e+03 1.161715447197785109e-03
1.782000000000000000e+03 1.164405710354110687e-03
1.783000000000000000e+03 1.165769592976063310e-03
1.784000000000000000e+03 1.159534330541282321e-03
1.785000000000000000e+03 1.162220098709125342e-03
1.786000000000000000e+03 1.161422821073284078e-03
1.787000000000000000e+03 1.158827442956607452e-03
1.788000000000000000e+03 1.159919309116603332e-03
1.789000000000000000e+03 1.159837353882928320e-03
1.790000000000000000e+03 1.159556052447521975e-03
1.791000000000000000e+03 1.159910046756927647e-03
1.792000000000000000e+03 1.158953480086986985e-03
1.793000000000000000e+03 1.159130205723592644e-03
1.794000000000000000e+03 1.159148017625276925e-03
1.795000000000000000e+03 1.160771056953419523e-03
1.796000000000000000e+03 1.158168458600221384e-03
1.797000000000000000e+03 1.160234587696789459e-03
1.798000000000000000e+03 1.158354865517901384e-03
1.799000000000000000e+03 1.159527703877207428e-03
1.800000000000000000e+03 1.158158612272531781e-03
1.801000000000000000e+03 1.160503424774224487e-03
1.802000000000000000e+03 1.158847007152832755e-03
1.803000000000000000e+03 1.161580184586830360e-03
1.804000000000000000e+03 1.159658911855565491e-03
1.805000000000000000e+03 1.157643876577934671e-03
1.806000000000000000e+03 1.158770600665595977e-03
1.807000000000000000e+03 1.160269822935484961e-03
1.808000000000000000e+03 1.158589195853017848e-03
1.809000000000000000e+03 1.158352944518789215e-03
1.810000000000000000e+03 1.157682108669027491e-03
1.811000000000000000e+03 1.158639342227862955e-03
1.812000000000000000e+03 1.158725858888368402e-03
1.813000000000000000e+03 1.158151340492201116e-03
1.814000000000000000e+03 1.157300079165613730e-03
1.815000000000000000e+03 1.157853123842400448e-03
1.816000000000000000e+03 1.157240455411664461e-03
1.817000000000000000e+03 1.157793683240387070e-03
1.818000000000000000e+03 1.158200192058726633e-03
1.819000000000000000e+03 1.161735932768713292e-03
1.820000000000000000e+03 1.158598291546198691e-03
1.821000000000000000e+03 1.156865318718805881e-03
1.822000000000000000e+03 1.157407887551521698e-03
1.823000000000000000e+03 1.157634185421387496e-03
1.824000000000000000e+03 1.157295775530262430e-03
1.825000000000000000e+03 1.156718024047676983e-03
1.826000000000000000e+03 1.157343674048282164e-03
1.827000000000000000e+03 1.158621386202937989e-03
1.828000000000000000e+03 1.157209946367604913e-03
1.829000000000000000e+03 1.156026480233735259e-03
1.830000000000000000e+03 1.158327253329532059e-03
1.831000000000000000e+03 1.158394755071049612e-03
1.832000000000000000e+03 1.156026316501591747e-03
1.833000000000000000e+03 1.156978462675797327e-03
1.834000000000000000e+03 1.155374842757700025e-03
1.835000000000000000e+03 1.156324319463328211e-03
1.836000000000000000e+03 1.158240056925558285e-03
1.837000000000000000e+03 1.157123085517324261e-03
1.838000000000000000e+03 1.156975515362519994e-03
1.839000000000000000e+03 1.156577718277960543e-03
1.840000000000000000e+03 1.155783149852709739e-03
1.841000000000000000e+03 1.155720485104175851e-03
1.842000000000000000e+03 1.155559242758010538e-03
1.843000000000000000e+03 1.156333702643816668e-03
1.844000000000000000e+03 1.155871054829698879e-03
1.845000000000000000e+03 1.156865397378438291e-03
1.846000000000000000e+03 1.157221723453869021e-03
1.847000000000000000e+03 1.156081871239817479e-03
1.848000000000000000e+03 1.155304575477501816e-03
1.849000000000000000e+03 1.155531935691240424e-03
1.850000000000000000e+03 1.156002311030478657e-03
1.851000000000000000e+03 1.154361520661134665e-03
1.852000000000000000e+03 1.156003210625710948e-03
1.853000000000000000e+03 1.155232090228469188e-03
1.854000000000000000e+03 1.155412837691903016e-03
1.855000000000000000e+03 1.156068617615872186e-03
1.856000000000000000e+03 1.155012211366633797e-03
1.857000000000000000e+03 1.156268340150745470e-03
1.858000000000000000e+03 1.155680966181867010e-03
1.859000000000000000e+03 1.155222869688611294e-03
1.860000000000000000e+03 1.156626229132330088e-03
1.861000000000000000e+03 1.154280592527404245e-03
1.862000000000000000e+03 1.154062339292361537e-03
1.863000000000000000e+03 1.154670655401946041e-03
1.864000000000000000e+03 1.154873176392451697e-03
1.865000000000000000e+03 1.154600415001334713e-03
1.866000000000000000e+03 1.153604573816973669e-03
1.867000000000000000e+03 1.154556093082463770e-03
1.868000000000000000e+03 1.156308211395284512e-03
1.869000000000000000e+03 1.155672585899056217e-03
1.870000000000000000e+03 1.155941709429969804e-03
1.871000000000000000e+03 1.154197936195557311e-03
1.872000000000000000e+03 1.154117080128345008e-03
1.873000000000000000e+03 1.154121369063618781e-03
1.874000000000000000e+03 1.153677089590384895e-03
1.875000000000000000e+03 1.154774744207335418e-03
1.876000000000000000e+03 1.154336753817111110e-03
1.877000000000000000e+03 1.153756750427372725e-03
1.878000000000000000e+03 1.155466102318467242e-03
1.879000000000000000e+03 1.154326122343221498e-03
1.880000000000000000e+03 1.153708281921067471e-03
1.881000000000000000e+03 1.153493181214292279e-03
1.882000000000000000e+03 1.154257289465586813e-03
1.883000000000000000e+03 1.153174200665644123e-03
1.884000000000000000e+03 1.153472018615138298e-03
1.885000000000000000e+03 1.152643332366065079e-03
1.886000000000000000e+03 1.152616304730819325e-03
1.887000000000000000e+03 1.154764434562268946e-03
1.888000000000000000e+03 1.152772156348837130e-03
1.889000000000000000e+03 1.153549790674739898e-03
1.890000000000000000e+03 1.153692952574101845e-03
1.891000000000000000e+03 1.154002152582458713e-03
1.892000000000000000e+03 1.152677729516830363e-03
1.893000000000000000e+03 1.151925370990200190e-03
1.894000000000000000e+03 1.152346254162591420e-03
1.895000000000000000e+03 1.152929732871126652e-03
1.896000000000000000e+03 1.153111094254616765e-03
1.897000000000000000e+03 1.153449205204317915e-03
1.898000000000000000e+03 1.152416863562039659e-03
1.899000000000000000e+03 1.152424988969407002e-03
1.900000000000000000e+03 1.152276622733685403e-03
1.901000000000000000e+03 1.152087968630733554e-03
1.902000000000000000e+03 1.151817437023000545e-03
1.903000000000000000e+03 1.153171902176983003e-03
1.904000000000000000e+03 1.153080208557581915e-03
1.905000000000000000e+03 1.151233589906641751e-03
1.906000000000000000e+03 1.153862118142124412e-03
1.907000000000000000e+03 1.152300373750803075e-03
1.908000000000000000e+03 1.152284157673285183e-03
1.909000000000000000e+03 1.153298632867275162e-03
1.910000000000000000e+03 1.152102073105485758e-03
1.911000000000000000e+03 1.152112157912622489e-03
1.912000000000000000e+03 1.152610145628099950e-03
1.913000000000000000e+03 1.151504966610764980e-03
1.914000000000000000e+03 1.151567252281009710e-03
1.915000000000000000e+03 1.151810364599807450e-03
1.916000000000000000e+03 1.152256364789575873e-03
1.917000000000000000e+03 1.150946256382893345e-03
1.918000000000000000e+03 1.151532291410242107e-03
1.919000000000000000e+03 1.150766077642292450e-03
1.920000000000000000e+03 1.151674807367175386e-03
1.921000000000000000e+03 1.151184092331894492e-03
1.922000000000000000e+03 1.151124865623959562e-03
1.923000000000000000e+03 1.151530097244002565e-03
1.924000000000000000e+03 1.151273574252592927e-03
1.925000000000000000e+03 1.150475094476466776e-03
1.926000000000000000e+03 1.151380047366317707e-03
1.927000000000000000e+03 1.150747125568646117e-03
1.928000000000000000e+03 1.151403650233364610e-03
1.929000000000000000e+03 1.150474407177194160e-03
1.930000000000000000e+03 1.150897030093636034e-03
1.931000000000000000e+03 1.150613924714620180e-03
1.932000000000000000e+03 1.151004036261836375e-03
1.933000000000000000e+03 1.151243107703923832e-03
1.934000000000000000e+03 1.150982223470123529e-03
1.935000000000000000e+03 1.150565537203845738e-03
1.936000000000000000e+03 1.150143968590611101e-03
1.937000000000000000e+03 1.149947949128125608e-03
1.938000000000000000e+03 1.149572232838911960e-03
1.939000000000000000e+03 1.152006496180075449e-03
1.940000000000000000e+03 1.149342630366339017e-03
1.941000000000000000e+03 1.150590966644585069e-03
1.942000000000000000e+03 1.150611216696947013e-03
1.943000000000000000e+03 1.150108519349076494e-03
1.944000000000000000e+03 1.149721602011069934e-03
1.945000000000000000e+03 1.150371648256061103e-03
1.946000000000000000e+03 1.149856229441140231e-03
1.947000000000000000e+03 1.149739808582148385e-03
1.948000000000000000e+03 1.149951019372932913e-03
1.949000000000000000e+03 1.150383419857063227e-03
1.950000000000000000e+03 1.150213790512263912e-03
1.951000000000000000e+03 1.150369907723353558e-03
1.952000000000000000e+03 1.149148846051821493e-03
1.953000000000000000e+03 1.150263777021706202e-03
1.954000000000000000e+03 1.149470468319876461e-03
1.955000000000000000e+03 1.148922987185428159e-03
1.956000000000000000e+03 1.149086620118853303e-03
1.957000000000000000e+03 1.151704584464635899e-03
1.958000000000000000e+03 1.149047229645447669e-03
1.959000000000000000e+03 1.148652642877808720e-03
1.960000000000000000e+03 1.149380552904013999e-03
1.961000000000000000e+03 1.148380314770136015e-03
1.962000000000000000e+03 1.149225819531316103e-03
1.963000000000000000e+03 1.149164247225872848e-03
1.964000000000000000e+03 1.148557235290324254e-03
1.965000000000000000e+03 1.148480739324248207e-03
1.966000000000000000e+03 1.149116493174600490e-03
1.967000000000000000e+03 1.148821420689432899e-03
1.968000000000000000e+03 1.148925335896609648e-03
1.969000000000000000e+03 1.148706631267279324e-03
1.970000000000000000e+03 1.148038755101996218e-03
1.971000000000000000e+03 1.149130611315627402e-03
1.972000000000000000e+03 1.149780859082609507e-03
1.973000000000000000e+03 1.148998289251062371e-03
1.974000000000000000e+03 1.147728269317610517e-03
1.975000000000000000e+03 1.149045262977525621e-03
1.976000000000000000e+03 1.149310867801683553e-03
1.977000000000000000e+03 1.148514386573034436e-03
1.978000000000000000e+03 1.149398875780181491e-03
1.979000000000000000e+03 1.148991081516659339e-03
1.980000000000000000e+03 1.148863520500584441e-03
1.981000000000000000e+03 1.150754483933371817e-03
1.982000000000000000e+03 1.147662891569733437e-03
1.983000000000000000e+03 1.148191866221554133e-03
1.984000000000000000e+03 1.148810341440394947e-03
1.985000000000000000e+03 1.147313706812367598e-03
1.986000000000000000e+03 1.147534951732407044e-03
1.987000000000000000e+03 1.147976351599732390e-03
1.988000000000000000e+03 1.147766716894924001e-03
1.989000000000000000e+03 1.147315157545148465e-03
1.990000000000000000e+03 1.147598450668588493e-03
1.991000000000000000e+03 1.147414488963239285e-03
1.992000000000000000e+03 1.147120409139867556e-03
1.993000000000000000e+03 1.146856382402657200e-03
1.994000000000000000e+03 1.148148550437867038e-03
1.995000000000000000e+03 1.147231117416454673e-03
1.996000000000000000e+03 1.146977745749946801e-03
1.997000000000000000e+03 1.147216584448705091e-03
1.998000000000000000e+03 1.147617769430487288e-03
1.999000000000000000e+03 1.147500714811768669e-03
2.000000000000000000e+03 1.146808864996620367e-03
2.001000000000000000e+03 1.147462796202224078e-03
2.002000000000000000e+03 1.147515738329079509e-03
2.003000000000000000e+03 1.147188040177320179e-03
2.004000000000000000e+03 1.146483696421185050e-03
2.005000000000000000e+03 1.146964866258347706e-03
2.006000000000000000e+03 1.146837423636341228e-03
2.007000000000000000e+03 1.146155392454044136e-03
2.008000000000000000e+03 1.147439779057443220e-03
2.009000000000000000e+03 1.147143028351826303e-03
2.010000000000000000e+03 1.147323930356580843e-03
2.011000000000000000e+03 1.146763657714193517e-03
2.012000000000000000e+03 1.147281781089759057e-03
2.013000000000000000e+03 1.146208317071273656e-03
2.014000000000000000e+03 1.146212214376733998e-03
2.015000000000000000e+03 1.146633059098518381e-03
2.016000000000000000e+03 1.146102840823592147e-03
2.017000000000000000e+03 1.146417512635999674e-03
2.018000000000000000e+03 1.145858552596917259e-03
2.019000000000000000e+03 1.146277845506278722e-03
2.020000000000000000e+03 1.145668240450273268e-03
2.021000000000000000e+03 1.146962282125432026e-03
2.022000000000000000e+03 1.146047762819628075e-03
2.023000000000000000e+03 1.145038870055389629e-03
2.024000000000000000e+03 1.147586132281614183e-03
2.025000000000000000e+03 1.145964205491116277e-03
2.026000000000000000e+03 1.146602719065075750e-03
2.027000000000000000e+03 1.146111389703617905e-03
2.028000000000000000e+03 1.146640448453460767e-03
2.029000000000000000e+03 1.147180979783085425e-03
2.030000000000000000e+03 1.145711051226676542e-03
2.031000000000000000e+03 1.146469918759370887e-03
2.032000000000000000e+03 1.145168899353601367e-03
2.033000000000000000e+03 1.145375440674332654e-03
2.034000000000000000e+03 1.146014503078836072e-03
2.035000000000000000e+03 1.145866547431398548e-03
2.036000000000000000e+03 1.146319084571717929e-03
2.037000000000000000e+03 1.144897519512464920e-03
2.038000000000000000e+03 1.145034132183840982e-03
2.039000000000000000e+03 1.144911813756178303e-03
2.040000000000000000e+03 1.146290409880487736e-03
2.041000000000000000e+03 1.146244157258858318e-03
2.042000000000000000e+03 1.144898702393020145e-03
2.043000000000000000e+03 1.145476908403958915e-03
2.044000000000000000e+03 1.144747471245775470e-03
2.045000000000000000e+03 1.144662061575951652e-03
2.046000000000000000e+03 1.145706805067403392e-03
2.047000000000000000e+03 1.144522869604703598e-03
2.048000000000000000e+03 1.144717639542180239e-03
2.049000000000000000e+03 1.144213450777797512e-03
2.050000000000000000e+03 1.144403604447673337e-03
2.051000000000000000e+03 1.145467814177004301e-03
2.052000000000000000e+03 1.144591306106109352e-03
2.053000000000000000e+03 1.144949982711201400e-03
2.054000000000000000e+03 1.145633497739479258e-03
2.055000000000000000e+03 1.144821065729738786e-03
2.056000000000000000e+03 1.144696468491285431e-03
2.057000000000000000e+03 1.144211419223894544e-03
2.058000000000000000e+03 1.144192736207502985e-03
2.059000000000000000e+03 1.144790379817519363e-03
2.060000000000000000e+03 1.145870879866873375e-03
2.061000000000000000e+03 1.144834812661462602e-03
2.062000000000000000e+03 1.143843550441543330e-03
2.063000000000000000e+03 1.144753028987269923e-03
2.064000000000000000e+03 1.144006996264071386e-03
2.065000000000000000e+03 1.146283220507259264e-03
2.066000000000000000e+03 1.144613842372784211e-03
2.067000000000000000e+03 1.144505884147792611e-03
2.068000000000000000e+03 1.144862331420018996e-03
2.069000000000000000e+03 1.143939253282230542e-03
2.070000000000000000e+03 1.144034150235557438e-03
2.071000000000000000e+03 1.143706527209892472e-03
2.072000000000000000e+03 1.144234701369369967e-03
2.073000000000000000e+03 1.143413754593786569e-03
2.074000000000000000e+03 1.145165563821792928e-03
2.075000000000000000e+03 1.143322070020765012e-03
2.076000000000000000e+03 1.143538465767567893e-03
2.077000000000000000e+03 1.143513334986578272e-03
2.078000000000000000e+03 1.144545907040675926e-03
2.079000000000000000e+03 1.142937088107775752e-03
2.080000000000000000e+03 1.143434025310791254e-03
2.081000000000000000e+03 1.143813114319773951e-03
2.082000000000000000e+03 1.143144981919543739e-03
2.083000000000000000e+03 1.144168672967481098e-03
2.084000000000000000e+03 1.143084539065900582e-03
2.085000000000000000e+03 1.143261790837262230e-03
2.086000000000000000e+03 1.144305646718984330e-03
2.087000000000000000e+03 1.143826253416569978e-03
2.088000000000000000e+03 1.143327595627758892e-03
2.089000000000000000e+03 1.142957137963350380e-03
2.090000000000000000e+03 1.143286588001701234e-03
2.091000000000000000e+03 1.142938855728196880e-03
2.092000000000000000e+03 1.143168969870675704e-03
2.093000000000000000e+03 1.143484099425786564e-03
2.094000000000000000e+03 1.143178276577070393e-03
2.095000000000000000e+03 1.142389506181495538e-03
2.096000000000000000e+03 1.143099686891537858e-03
2.097000000000000000e+03 1.142855649415843713e-03
2.098000000000000000e+03 1.142489988771709479e-03
2.099000000000000000e+03 1.143028426289155160e-03
2.100000000000000000e+03 1.142726855929918246e-03
2.101000000000000000e+03 1.142785635663996595e-03
2.102000000000000000e+03 1.142661646251420544e-03
2.103000000000000000e+03 1.142664009638111322e-03
2.104000000000000000e+03 1.142197664444898151e-03
2.105000000000000000e+03 1.142763075126219030e-03
2.106000000000000000e+03 1.142664437458200139e-03
2.107000000000000000e+03 1.143147549754966984e-03
2.108000000000000000e+03 1.143611445905407106e-03
2.109000000000000000e+03 1.142926527446744105e-03
2.110000000000000000e+03 1.141741089612500733e-03
2.111000000000000000e+03 1.141905772654595386e-03
2.112000000000000000e+03 1.141635406863907368e-03
2.113000000000000000e+03 1.142355421783681178e-03
2.114000000000000000e+03 1.141808188997981560e-03
2.115000000000000000e+03 1.141961748236862157e-03
2.116000000000000000e+03 1.141895991082454796e-03
2.117000000000000000e+03 1.142013573793738100e-03
2.118000000000000000e+03 1.142901911594875527e-03
2.119000000000000000e+03 1.141896810946078835e-03
2.120000000000000000e+03 1.141383561663211537e-03
2.121000000000000000e+03 1.141734725581084733e-03
2.122000000000000000e+03 1.141699044623970026e-03
2.123000000000000000e+03 1.142187178262381439e-03
2.124000000000000000e+03 1.141385528259767712e-03
2.125000000000000000e+03 1.141891033711945908e-03
2.126000000000000000e+03 1.141658273615663369e-03
2.127000000000000000e+03 1.141895936863722427e-03
2.128000000000000000e+03 1.141955576594632770e-03
2.129000000000000000e+03 1.142570492753952529e-03
2.130000000000000000e+03 1.141227649898813668e-03
2.131000000000000000e+03 1.141266227563742745e-03
2.132000000000000000e+03 1.142029018183424302e-03
2.133000000000000000e+03 1.141973995575460733e-03
2.134000000000000000e+03 1.141543454917446450e-03
2.135000000000000000e+03 1.141509152991140993e-03
2.136000000000000000e+03 1.141417493479911270e-03
2.137000000000000000e+03 1.142721681380646755e-03
2.138000000000000000e+03 1.144745571827589800e-03
2.139000000000000000e+03 1.141364538513658109e-03
2.140000000000000000e+03 1.140977032426927513e-03
2.141000000000000000e+03 1.141042087819934365e-03
2.142000000000000000e+03 1.140803007113063740e-03
2.143000000000000000e+03 1.141296182571015574e-03
2.144000000000000000e+03 1.141278089241991311e-03
2.145000000000000000e+03 1.141396262788330410e-03
2.146000000000000000e+03 1.141048892005408965e-03
2.147000000000000000e+03 1.140638260447444886e-03
2.148000000000000000e+03 1.141171764093962650e-03
2.149000000000000000e+03 1.140423105717094368e-03
2.150000000000000000e+03 1.140833179513940773e-03
2.151000000000000000e+03 1.141420540108487426e-03
2.152000000000000000e+03 1.141535687603844901e-03
2.153000000000000000e+03 1.141224960016527573e-03
2.154000000000000000e+03 1.141157873656664223e-03
2.155000000000000000e+03 1.141035977897655309e-03
2.156000000000000000e+03 1.141000739048031844e-03
2.157000000000000000e+03 1.140087546371901413e-03
2.158000000000000000e+03 1.140315935108718792e-03
2.159000000000000000e+03 1.140633162547134661e-03
2.160000000000000000e+03 1.140188784381453331e-03
2.161000000000000000e+03 1.140129835298682578e-03
2.162000000000000000e+03 1.140304903154150612e-03
2.163000000000000000e+03 1.140352235191149834e-03
2.164000000000000000e+03 1.140351809019586951e-03
2.165000000000000000e+03 1.140669955140703696e-03
2.166000000000000000e+03 1.140498213338266963e-03
2.167000000000000000e+03 1.139891780994019103e-03
2.168000000000000000e+03 1.140960049011874311e-03
2.169000000000000000e+03 1.140160612194588948e-03
2.170000000000000000e+03 1.140970870681546658e-03
2.171000000000000000e+03 1.140133045623697517e-03
2.172000000000000000e+03 1.140518529872520080e-03
2.173000000000000000e+03 1.141146778264234309e-03
2.174000000000000000e+03 1.139882550842061248e-03
2.175000000000000000e+03 1.139887151045596405e-03
2.176000000000000000e+03 1.139728093635390032e-03
2.177000000000000000e+03 1.139861811555111133e-03
2.178000000000000000e+03 1.140950025066174997e-03
2.179000000000000000e+03 1.139367073423404797e-03
2.180000000000000000e+03 1.139952510850828936e-03
2.181000000000000000e+03 1.140378967514650696e-03
2.182000000000000000e+03 1.141250002193033419e-03
2.183000000000000000e+03 1.139407746996566649e-03
2.184000000000000000e+03 1.139938465843149274e-03
2.185000000000000000e+03 1.139291266961020739e-03
2.186000000000000000e+03 1.139800754228811408e-03
2.187000000000000000e+03 1.139579701832493970e-03
2.188000000000000000e+03 1.139776206711519326e-03
2.189000000000000000e+03 1.140709743031100790e-03
2.190000000000000000e+03 1.141067115789143414e-03
2.191000000000000000e+03 1.139443090507396682e-03
2.192000000000000000e+03 1.139220250807546856e-03
2.193000000000000000e+03 1.138918010557199911e-03
2.194000000000000000e+03 1.138940839835570189e-03
2.195000000000000000e+03 1.139089342504950213e-03
2.196000000000000000e+03 1.140116565875847528e-03
2.197000000000000000e+03 1.140541239946089597e-03
2.198000000000000000e+03 1.139143923604143483e-03
2.199000000000000000e+03 1.139575769935402419e-03
2.200000000000000000e+03 1.138619902853941135e-03
2.201000000000000000e+03 1.139365215214627842e-03
2.202000000000000000e+03 1.138845448951781875e-03
2.203000000000000000e+03 1.139006771176556774e-03
2.204000000000000000e+03 1.139182934111598704e-03
2.205000000000000000e+03 1.139510018881856627e-03
2.206000000000000000e+03 1.139457417057934381e-03
2.207000000000000000e+03 1.138652586228740878e-03
2.208000000000000000e+03 1.138962944407230244e-03
2.209000000000000000e+03 1.138924760938471881e-03
2.210000000000000000e+03 1.138690687145904991e-03
2.211000000000000000e+03 1.138993179538929767e-03
2.212000000000000000e+03 1.138203001849734082e-03
2.213000000000000000e+03 1.138693518344574161e-03
2.214000000000000000e+03 1.138457348649794853e-03
2.215000000000000000e+03 1.138707622364082883e-03
2.216000000000000000e+03 1.138736484175439543e-03
2.217000000000000000e+03 1.138560201579768335e-03
2.218000000000000000e+03 1.138230600631728873e-03
2.219000000000000000e+03 1.138914084254047518e-03
2.220000000000000000e+03 1.138774288230851896e-03
2.221000000000000000e+03 1.139210472643288532e-03
2.222000000000000000e+03 1.138218635600630373e-03
2.223000000000000000e+03 1.138229285670090381e-03
2.224000000000000000e+03 1.138391551268409059e-03
2.225000000000000000e+03 1.138103963810086546e-03
2.226000000000000000e+03 1.137961334071017861e-03
2.227000000000000000e+03 1.138017324827924823e-03
2.228000000000000000e+03 1.137727978808752418e-03
2.229000000000000000e+03 1.138144686822046290e-03
2.230000000000000000e+03 1.138303865579208150e-03
2.231000000000000000e+03 1.137814379504787201e-03
2.232000000000000000e+03 1.137995400928278359e-03
2.233000000000000000e+03 1.138141739979452996e-03
2.234000000000000000e+03 1.138392067413824746e-03
2.235000000000000000e+03 1.138284327795063703e-03
2.236000000000000000e+03 1.138167009024529646e-03
2.237000000000000000e+03 1.137944180958477478e-03
2.238000000000000000e+03 1.137908871762255240e-03
2.239000000000000000e+03 1.137884593601467056e-03
2.240000000000000000e+03 1.137714545540764429e-03
2.241000000000000000e+03 1.138301149783239831e-03
2.242000000000000000e+03 1.138478664781493802e-03
2.243000000000000000e+03 1.137615620267524866e-03
2.244000000000000000e+03 1.137870300337148841e-03
2.245000000000000000e+03 1.137755916159814088e-03
2.246000000000000000e+03 1.138181899833861982e-03
2.247000000000000000e+03 1.138421277408314339e-03
2.248000000000000000e+03 1.137381868201229468e-03
2.249000000000000000e+03 1.137455005115641741e-03
2.250000000000000000e+03 1.138007380026647862e-03
2.251000000000000000e+03 1.137288591542672022e-03
2.252000000000000000e+03 1.137525136079823966e-03
2.253000000000000000e+03 1.137457404453102007e-03
2.254000000000000000e+03 1.137707724763692375e-03
2.255000000000000000e+03 1.136706983839031425e-03
2.256000000000000000e+03 1.137305655196344141e-03
2.257000000000000000e+03 1.137532955265422229e-03
2.258000000000000000e+03 1.137503319352457885e-03
2.259000000000000000e+03 1.137560992848379816e-03
2.260000000000000000e+03 1.137719692431287148e-03
2.261000000000000000e+03 1.138409642127282068e-03
2.262000000000000000e+03 1.137587643908863962e-03
2.263000000000000000e+03 1.137209588404940359e-03
2.264000000000000000e+03 1.137385324688329914e-03
2.265000000000000000e+03 1.137612143838971851e-03
2.266000000000000000e+03 1.137292311468107633e-03
2.267000000000000000e+03 1.138100693231327556e-03
2.268000000000000000e+03 1.137102947409345498e-03
2.269000000000000000e+03 1.137073252146202735e-03
2.270000000000000000e+03 1.137106476446598461e-03
2.271000000000000000e+03 1.137987828809920027e-03
2.272000000000000000e+03 1.136619993910591153e-03
2.273000000000000000e+03 1.137407554403471700e-03
2.274000000000000000e+03 1.136539102325838987e-03
2.275000000000000000e+03 1.136824947136844252e-03
2.276000000000000000e+03 1.136848919092994835e-03
2.277000000000000000e+03 1.136787039050676969e-03
2.278000000000000000e+03 1.137150888528950902e-03
2.279000000000000000e+03 1.136999517430565491e-03
2.280000000000000000e+03 1.136675314507962827e-03
2.281000000000000000e+03 1.137206185474106757e-03
2.282000000000000000e+03 1.136707791986188041e-03
2.283000000000000000e+03 1.136132961736278490e-03
2.284000000000000000e+03 1.136781819012207999e-03
2.285000000000000000e+03 1.136609066698462955e-03
2.286000000000000000e+03 1.137214017758666823e-03
2.287000000000000000e+03 1.136379777705841211e-03
2.288000000000000000e+03 1.136105361372271617e-03
2.289000000000000000e+03 1.136292399670053247e-03
2.290000000000000000e+03 1.136491493701034371e-03
2.291000000000000000e+03 1.136293317755866349e-03
2.292000000000000000e+03 1.136316882696180100e-03
2.293000000000000000e+03 1.137149484708222837e-03
2.294000000000000000e+03 1.136350676975316247e-03
2.295000000000000000e+03 1.136278642704581726e-03
2.296000000000000000e+03 1.136194319867302009e-03
2.297000000000000000e+03 1.136430372101582091e-03
2.298000000000000000e+03 1.136964163168433482e-03
2.299000000000000000e+03 1.136172123010442941e-03
2.300000000000000000e+03 1.137391473284012208e-03
2.301000000000000000e+03 1.135903416592669172e-03
2.302000000000000000e+03 1.136449024826091149e-03
2.303000000000000000e+03 1.136656802213846778e-03
2.304000000000000000e+03 1.136690358728417076e-03
2.305000000000000000e+03 1.136101843117956348e-03
2.306000000000000000e+03 1.136113931447448044e-03
2.307000000000000000e+03 1.136131060168364508e-03
2.308000000000000000e+03 1.135713482325248968e-03
2.309000000000000000e+03 1.135897416544813044e-03
2.310000000000000000e+03 1.136100159818539393e-03
2.311000000000000000e+03 1.135703924713736199e-03
2.312000000000000000e+03 1.135936612558046538e-03
2.313000000000000000e+03 1.135559678463219594e-03
2.314000000000000000e+03 1.135822833111358203e-03
2.315000000000000000e+03 1.135800928535156060e-03
2.316000000000000000e+03 1.135622617100762611e-03
2.317000000000000000e+03 1.135620945206423059e-03
2.318000000000000000e+03 1.135598150338002280e-03
2.319000000000000000e+03 1.136068405298533077e-03
2.320000000000000000e+03 1.135944378402707232e-03
2.321000000000000000e+03 1.135593015081427055e-03
2.322000000000000000e+03 1.135541723936068972e-03
2.323000000000000000e+03 1.135521266943524373e-03
2.324000000000000000e+03 1.135471281337832247e-03
2.325000000000000000e+03 1.135566562278937999e-03
2.326000000000000000e+03 1.135251248865211740e-03
2.327000000000000000e+03 1.135415048882342914e-03
2.328000000000000000e+03 1.135918171871825016e-03
2.329000000000000000e+03 1.135292305439353265e-03
2.330000000000000000e+03 1.136312844645200352e-03
2.331000000000000000e+03 1.135351161434494834e-03
2.332000000000000000e+03 1.135544945023213596e-03
2.333000000000000000e+03 1.135166784041362819e-03
2.334000000000000000e+03 1.135487887464191022e-03
2.335000000000000000e+03 1.135209407424245687e-03
2.336000000000000000e+03 1.135322043531812944e-03
2.337000000000000000e+03 1.135383983460609833e-03
2.338000000000000000e+03 1.135893867826900201e-03
2.339000000000000000e+03 1.135206728757299664e-03
2.340000000000000000e+03 1.135009306060483789e-03
2.341000000000000000e+03 1.135769830675871636e-03
2.342000000000000000e+03 1.135546471066171828e-03
2.343000000000000000e+03 1.135941504598120787e-03
2.344000000000000000e+03 1.134996818147065815e-03
2.345000000000000000e+03 1.134844136198029938e-03
2.346000000000000000e+03 1.134800238521802831e-03
2.347000000000000000e+03 1.134929500838747227e-03
2.348000000000000000e+03 1.135336388634331775e-03
2.349000000000000000e+03 1.135666511664102599e-03
2.350000000000000000e+03 1.134674820908694332e-03
2.351000000000000000e+03 1.134909938253139379e-03
2.352000000000000000e+03 1.135100086047752905e-03
2.353000000000000000e+03 1.135269941931115953e-03
2.354000000000000000e+03 1.135534049785666801e-03
2.355000000000000000e+03 1.134727786318128753e-03
2.356000000000000000e+03 1.134803051907047004e-03
2.357000000000000000e+03 1.136132765215453052e-03
2.358000000000000000e+03 1.134946223043137520e-03
2.359000000000000000e+03 1.134705366449072651e-03
2.360000000000000000e+03 1.134876485678562412e-03
2.361000000000000000e+03 1.134755420054733279e-03
2.362000000000000000e+03 1.134618200335584274e-03
2.363000000000000000e+03 1.134519831543716328e-03
2.364000000000000000e+03 1.134733239591826813e-03
2.365000000000000000e+03 1.134424795288760824e-03
2.366000000000000000e+03 1.134626792308045468e-03
2.367000000000000000e+03 1.135128984610807822e-03
2.368000000000000000e+03 1.134598729745314857e-03
2.369000000000000000e+03 1.134386665958581498e-03
2.370000000000000000e+03 1.135457252869346645e-03
2.371000000000000000e+03 1.134514806303976589e-03
2.372000000000000000e+03 1.134368881149692672e-03
2.373000000000000000e+03 1.134240693339085698e-03
2.374000000000000000e+03 1.134230397042198775e-03
2.375000000000000000e+03 1.134307871997819852e-03
2.376000000000000000e+03 1.134169154696204390e-03
2.377000000000000000e+03 1.134770845154188610e-03
2.378000000000000000e+03 1.134187517129789770e-03
2.379000000000000000e+03 1.133993452547387391e-03
2.380000000000000000e+03 1.134315707310148708e-03
2.381000000000000000e+03 1.134309964512523463e-03
2.382000000000000000e+03 1.133926442130328820e-03
2.383000000000000000e+03 1.134009363599774263e-03
2.384000000000000000e+03 1.135425426271474084e-03
2.385000000000000000e+03 1.133940774741444340e-03
2.386000000000000000e+03 1.134653285245638315e-03
2.387000000000000000e+03 1.133993225510312270e-03
2.388000000000000000e+03 1.134372322170011617e-03
2.389000000000000000e+03 1.133840353324800081e-03
2.390000000000000000e+03 1.133863270999527434e-03
2.391000000000000000e+03 1.133804916091861849e-03
2.392000000000000000e+03 1.133815836276375662e-03
2.393000000000000000e+03 1.134074623908773926e-03
2.394000000000000000e+03 1.133819173782622293e-03
2.395000000000000000e+03 1.133526826001603422e-03
2.396000000000000000e+03 1.134009655725388760e-03
2.397000000000000000e+03 1.134130302253378046e-03
2.398000000000000000e+03 1.133676149188519089e-03
2.399000000000000000e+03 1.133785417791747597e-03
2.400000000000000000e+03 1.133991023375078774e-03
2.401000000000000000e+03 1.133750558696446737e-03
2.402000000000000000e+03 1.134031161316053802e-03
2.403000000000000000e+03 1.133557177834151365e-03
2.404000000000000000e+03 1.133695398555110891e-03
2.405000000000000000e+03 1.133915880920853938e-03
2.406000000000000000e+03 1.133599974158020418e-03
2.407000000000000000e+03 1.133756845502556293e-03
2.408000000000000000e+03 1.133487599436772651e-03
2.409000000000000000e+03 1.133630641305862418e-03
2.410000000000000000e+03 1.133511035689784702e-03
2.411000000000000000e+03 1.134143203868466379e-03
2.412000000000000000e+03 1.133397666684794573e-03
2.413000000000000000e+03 1.134121799849092645e-03
2.414000000000000000e+03 1.133554748887774868e-03
2.415000000000000000e+03 1.133734816894794604e-03
2.416000000000000000e+03 1.133438343382011477e-03
2.417000000000000000e+03 1.133470007578232666e-03
2.418000000000000000e+03 1.133820572668743816e-03
2.419000000000000000e+03 1.133316089039712983e-03
2.420000000000000000e+03 1.133317989575268522e-03
2.421000000000000000e+03 1.133383142433703463e-03
2.422000000000000000e+03 1.133585418477734991e-03
2.423000000000000000e+03 1.133278344032246634e-03
2.424000000000000000e+03 1.133792213852614439e-03
2.425000000000000000e+03 1.133474828882735002e-03
2.426000000000000000e+03 1.133059718397973550e-03
2.427000000000000000e+03 1.133194218489442162e-03
2.428000000000000000e+03 1.133322365450261174e-03
2.429000000000000000e+03 1.133232703324055755e-03
2.430000000000000000e+03 1.133316702535396491e-03
2.431000000000000000e+03 1.133158416839560910e-03
2.432000000000000000e+03 1.133011709777236075e-03
2.433000000000000000e+03 1.133343791294673213e-03
2.434000000000000000e+03 1.133168566956664061e-03
2.435000000000000000e+03 1.133051660397689378e-03
2.436000000000000000e+03 1.133267534831431398e-03
2.437000000000000000e+03 1.132990407168287970e-03
2.438000000000000000e+03 1.132837771390373706e-03
2.439000000000000000e+03 1.132962970019567219e-03
2.440000000000000000e+03 1.132834406413726338e-03
2.441000000000000000e+03 1.132993388078370545e-03
2.442000000000000000e+03 1.132853857706285841e-03
2.443000000000000000e+03 1.133255431131896139e-03
2.444000000000000000e+03 1.132790383001846873e-03
2.445000000000000000e+03 1.132758542397923002e-03
2.446000000000000000e+03 1.132831726778785100e-03
2.447000000000000000e+03 1.132979616437587711e-03
2.448000000000000000e+03 1.132938931868398636e-03
2.449000000000000000e+03 1.132732349422600673e-03
2.450000000000000000e+03 1.132994928063071503e-03
2.451000000000000000e+03 1.133016057306530109e-03
2.452000000000000000e+03 1.132764927720157069e-03
2.453000000000000000e+03 1.132524605146563055e-03
2.454000000000000000e+03 1.132813046806157133e-03
2.455000000000000000e+03 1.132564845965299515e-03
2.456000000000000000e+03 1.132763499021774813e-03
2.457000000000000000e+03 1.132589782916148830e-03
2.458000000000000000e+03 1.132892069858576749e-03
2.459000000000000000e+03 1.132588615297344453e-03
2.460000000000000000e+03 1.132679718269029041e-03
2.461000000000000000e+03 1.132532041233126618e-03
2.462000000000000000e+03 1.132641263993750457e-03
2.463000000000000000e+03 1.132166593202126080e-03
2.464000000000000000e+03 1.132852783003989285e-03
2.465000000000000000e+03 1.132459104444179590e-03
2.466000000000000000e+03 1.132182604076263643e-03
2.467000000000000000e+03 1.132216100158919044e-03
2.468000000000000000e+03 1.132817710970384934e-03
2.469000000000000000e+03 1.132310811742817799e-03
2.470000000000000000e+03 1.132616452761610239e-03
2.471000000000000000e+03 1.132407871077110821e-03
2.472000000000000000e+03 1.132197923373311774e-03
2.473000000000000000e+03 1.132442487924033205e-03
2.474000000000000000e+03 1.132135230235762138e-03
2.475000000000000000e+03 1.132349367806505464e-03
2.476000000000000000e+03 1.132170205407791088e-03
2.477000000000000000e+03 1.132125885835555401e-03
2.478000000000000000e+03 1.132011128159203127e-03
2.479000000000000000e+03 1.132198933707824658e-03
2.480000000000000000e+03 1.132101677801098175e-03
2.481000000000000000e+03 1.132332909100074734e-03
2.482000000000000000e+03 1.132080017058068652e-03
2.483000000000000000e+03 1.132000962755411178e-03
2.484000000000000000e+03 1.131980138587384719e-03
2.485000000000000000e+03 1.132116798042290739e-03
2.486000000000000000e+03 1.131905612086263726e-03
2.487000000000000000e+03 1.132737262878975512e-03
2.488000000000000000e+03 1.131850965313284385e-03
2.489000000000000000e+03 1.132141984360797004e-03
2.490000000000000000e+03 1.131922724682227904e-03
2.491000000000000000e+03 1.132186159648702331e-03
2.492000000000000000e+03 1.131814839365275068e-03
2.493000000000000000e+03 1.131922590943540028e-03
2.494000000000000000e+03 1.131633168560919941e-03
2.495000000000000000e+03 1.132505987077658122e-03
2.496000000000000000e+03 1.131952872001261651e-03
2.497000000000000000e+03 1.131682885653244276e-03
2.498000000000000000e+03 1.131822958909961627e-03
2.499000000000000000e+03 1.131584335511196882e-03
2.500000000000000000e+03 1.132036904932361143e-03
2.501000000000000000e+03 1.132368922086849283e-03
2.502000000000000000e+03 1.131812359997110299e-03
2.503000000000000000e+03 1.131818840551640807e-03
2.504000000000000000e+03 1.132111531870513442e-03
2.505000000000000000e+03 1.132743825536201539e-03
2.506000000000000000e+03 1.131912817763741815e-03
2.507000000000000000e+03 1.131827590284099341e-03
2.508000000000000000e+03 1.132280349768307031e-03
2.509000000000000000e+03 1.131499930987926511e-03
2.510000000000000000e+03 1.131564250753365171e-03
2.511000000000000000e+03 1.131562520473854139e-03
2.512000000000000000e+03 1.131631748200492360e-03
2.513000000000000000e+03 1.131511294274431621e-03
2.514000000000000000e+03 1.131702624883655292e-03
2.515000000000000000e+03 1.131482564333843388e-03
2.516000000000000000e+03 1.131382439253183093e-03
2.517000000000000000e+03 1.131580045666970291e-03
2.518000000000000000e+03 1.131408695646509343e-03
2.519000000000000000e+03 1.131595382297659672e-03
2.520000000000000000e+03 1.131637510304142049e-03
2.521000000000000000e+03 1.131638075014021819e-03
2.522000000000000000e+03 1.131705518717184217e-03
2.523000000000000000e+03 1.131571994793278404e-03
2.524000000000000000e+03 1.131380680803582752e-03
2.525000000000000000e+03 1.131162043451630107e-03
2.526000000000000000e+03 1.131507287956448312e-03
2.527000000000000000e+03 1.131334920757424414e-03
2.528000000000000000e+03 1.131477358900809986e-03
2.529000000000000000e+03 1.131189473383437376e-03
2.530000000000000000e+03 1.131374961227228550e-03
2.531000000000000000e+03 1.131287074996680225e-03
2.532000000000000000e+03 1.131499063572185063e-03
2.533000000000000000e+03 1.131428327860399931e-03
2.534000000000000000e+03 1.131706842307100922e-03
2.535000000000000000e+03 1.131253512524863078e-03
2.536000000000000000e+03 1.131411495913454100e-03
2.537000000000000000e+03 1.131166597264656425e-03
2.538000000000000000e+03 1.131851114362189114e-03
2.539000000000000000e+03 1.131031977424840724e-03
2.540000000000000000e+03 1.131118272894213270e-03
2.541000000000000000e+03 1.131176873453963901e-03
2.542000000000000000e+03 1.130986851425479873e-03
2.543000000000000000e+03 1.130894782762005731e-03
2.544000000000000000e+03 1.131027739110262737e-03
2.545000000000000000e+03 1.131123673387252797e-03
2.546000000000000000e+03 1.131658920533381955e-03
2.547000000000000000e+03 1.131003235573926034e-03
2.548000000000000000e+03 1.131011417535926966e-03
2.549000000000000000e+03 1.131284005745352306e-03
2.550000000000000000e+03 1.131137264690742572e-03
2.551000000000000000e+03 1.130879617523493277e-03
2.552000000000000000e+03 1.130907293140780753e-03
2.553000000000000000e+03 1.131036865797209294e-03
2.554000000000000000e+03 1.131162817252953688e-03
2.555000000000000000e+03 1.130840138908253099e-03
2.556000000000000000e+03 1.130948144987028135e-03
2.557000000000000000e+03 1.130781402751920113e-03
2.558000000000000000e+03 1.131042811781350762e-03
2.559000000000000000e+03 1.131089329037228506e-03
2.560000000000000000e+03 1.130682869712917394e-03
2.561000000000000000e+03 1.131169268476640887e-03
2.562000000000000000e+03 1.130727264487423273e-03
2.563000000000000000e+03 1.130455094608926424e-03
2.564000000000000000e+03 1.130738764674551599e-03
2.565000000000000000e+03 1.130839848211463976e-03
2.566000000000000000e+03 1.130722559627198552e-03
2.567000000000000000e+03 1.130742614585008871e-03
2.568000000000000000e+03 1.130517568835115016e-03
2.569000000000000000e+03 1.130783632870896969e-03
2.570000000000000000e+03 1.130691068713546212e-03
2.571000000000000000e+03 1.130671676627812783e-03
2.572000000000000000e+03 1.130804304827396191e-03
2.573000000000000000e+03 1.130948439298957347e-03
2.574000000000000000e+03 1.130483114456924676e-03
2.575000000000000000e+03 1.130476012531590182e-03
2.576000000000000000e+03 1.130740879740091409e-03
2.577000000000000000e+03 1.130659638745299496e-03
2.578000000000000000e+03 1.130715537374098580e-03
2.579000000000000000e+03 1.130329116423864485e-03
2.580000000000000000e+03 1.130572554681624677e-03
2.581000000000000000e+03 1.130428940977171344e-03
2.582000000000000000e+03 1.130631896334818648e-03
2.583000000000000000e+03 1.130478277866962377e-03
2.584000000000000000e+03 1.130580523517841877e-03
2.585000000000000000e+03 1.130512390462956639e-03
2.586000000000000000e+03 1.130341604845237248e-03
2.587000000000000000e+03 1.130912476882416345e-03
2.588000000000000000e+03 1.130537909185715248e-03
2.589000000000000000e+03 1.130402179150811126e-03
2.590000000000000000e+03 1.130096016253239345e-03
2.591000000000000000e+03 1.130347559388453823e-03
2.592000000000000000e+03 1.130686432295068336e-03
2.593000000000000000e+03 1.130199409413612088e-03
2.594000000000000000e+03 1.130347138746828125e-03
2.595000000000000000e+03 1.130334079745412296e-03
2.596000000000000000e+03 1.130484376359861638e-03
2.597000000000000000e+03 1.130509633938644011e-03
2.598000000000000000e+03 1.130649562064381863e-03
2.599000000000000000e+03 1.129983956405186370e-03
2.600000000000000000e+03 1.130051604773162511e-03
2.601000000000000000e+03 1.130193973880089025e-03
2.602000000000000000e+03 1.130223638330850712e-03
2.603000000000000000e+03 1.130139839272922050e-03
2.604000000000000000e+03 1.129952868541119924e-03
2.605000000000000000e+03 1.130031190027350283e-03
2.606000000000000000e+03 1.129996536324176992e-03
2.607000000000000000e+03 1.130206489057839934e-03
2.608000000000000000e+03 1.130290869998974929e-03
2.609000000000000000e+03 1.129959172183577767e-03
2.610000000000000000e+03 1.129983979682142904e-03
2.611000000000000000e+03 1.130024383409665434e-03
2.612000000000000000e+03 1.130076352111189205e-03
2.613000000000000000e+03 1.130048818402042783e-03
2.614000000000000000e+03 1.129955333235624186e-03
2.615000000000000000e+03 1.129952051290597460e-03
2.616000000000000000e+03 1.130551433882810795e-03
2.617000000000000000e+03 1.129990400447789065e-03
2.618000000000000000e+03 1.130043383414252233e-03
2.619000000000000000e+03 1.130088518644405864e-03
2.620000000000000000e+03 1.129918841659882352e-03
2.621000000000000000e+03 1.130429412053128232e-03
2.622000000000000000e+03 1.130367354754220535e-03
2.623000000000000000e+03 1.129815523038235495e-03
2.624000000000000000e+03 1.130167556229979458e-03
2.625000000000000000e+03 1.130194499257006560e-03
2.626000000000000000e+03 1.129616649308792667e-03
2.627000000000000000e+03 1.130156270447234702e-03
2.628000000000000000e+03 1.129635852807991253e-03
2.629000000000000000e+03 1.129832160883720944e-03
2.630000000000000000e+03 1.129629070517652748e-03
2.631000000000000000e+03 1.129681545599350639e-03
2.632000000000000000e+03 1.129743795602743302e-03
2.633000000000000000e+03 1.129600778524226341e-03
2.634000000000000000e+03 1.129601366715949099e-03
2.635000000000000000e+03 1.129724145123836478e-03
2.636000000000000000e+03 1.129682777348799388e-03
2.637000000000000000e+03 1.129537541311908828e-03
2.638000000000000000e+03 1.129886625855401660e-03
2.639000000000000000e+03 1.129763584215113560e-03
2.640000000000000000e+03 1.129963375991174497e-03
2.641000000000000000e+03 1.129959689002426335e-03
2.642000000000000000e+03 1.129588513776608443e-03
2.643000000000000000e+03 1.129866987283328428e-03
2.644000000000000000e+03 1.129628234429397478e-03
2.645000000000000000e+03 1.129548080958701515e-03
2.646000000000000000e+03 1.129787668763879063e-03
2.647000000000000000e+03 1.129506802697948214e-03
2.648000000000000000e+03 1.129497005425349762e-03
2.649000000000000000e+03 1.129419586767419371e-03
2.650000000000000000e+03 1.129449386148567583e-03
2.651000000000000000e+03 1.129869346507790268e-03
2.652000000000000000e+03 1.129398576602965235e-03
2.653000000000000000e+03 1.129387492473966697e-03
2.654000000000000000e+03 1.129411248479332466e-03
2.655000000000000000e+03 1.129428556099473140e-03
2.656000000000000000e+03 1.129151182686483675e-03
2.657000000000000000e+03 1.129366045508387560e-03
2.658000000000000000e+03 1.129542326659106321e-03
2.659000000000000000e+03 1.129410802910012744e-03
2.660000000000000000e+03 1.129459611728461698e-03
2.661000000000000000e+03 1.129142278997807142e-03
2.662000000000000000e+03 1.129841465554034044e-03
2.663000000000000000e+03 1.129655026724619505e-03
2.664000000000000000e+03 1.129497373144328510e-03
2.665000000000000000e+03 1.129312377898133513e-03
2.666000000000000000e+03 1.129323311527334530e-03
2.667000000000000000e+03 1.129509374270802613e-03
2.668000000000000000e+03 1.129456101695648250e-03
2.669000000000000000e+03 1.129070440572636780e-03
2.670000000000000000e+03 1.129380161185650688e-03
2.671000000000000000e+03 1.129205271440125247e-03
2.672000000000000000e+03 1.129050715230829789e-03
2.673000000000000000e+03 1.129163786654387982e-03
2.674000000000000000e+03 1.128928819929935976e-03
2.675000000000000000e+03 1.129210683506278118e-03
2.676000000000000000e+03 1.129139901615521099e-03
2.677000000000000000e+03 1.129117095962948753e-03
2.678000000000000000e+03 1.129320660004970011e-03
2.679000000000000000e+03 1.129106101320464552e-03
2.680000000000000000e+03 1.129263766817619960e-03
2.681000000000000000e+03 1.129670011721396576e-03
2.682000000000000000e+03 1.129676943797290351e-03
2.683000000000000000e+03 1.129445663123454340e-03
2.684000000000000000e+03 1.128987034828300966e-03
2.685000000000000000e+03 1.129158261556789146e-03
2.686000000000000000e+03 1.129132652644546184e-03
2.687000000000000000e+03 1.128950796072188080e-03
2.688000000000000000e+03 1.129039528230354073e-03
2.689000000000000000e+03 1.129163944262436122e-03
2.690000000000000000e+03 1.129048521631099977e-03
2.691000000000000000e+03 1.128994405867618728e-03
2.692000000000000000e+03 1.128775573561771909e-03
2.693000000000000000e+03 1.129167588346203068e-03
2.694000000000000000e+03 1.128881701188929167e-03
2.695000000000000000e+03 1.128724416241793857e-03
2.696000000000000000e+03 1.129042588822841420e-03
2.697000000000000000e+03 1.128905656138065898e-03
2.698000000000000000e+03 1.128974271279128538e-03
2.699000000000000000e+03 1.129078198325058789e-03
2.700000000000000000e+03 1.128957689570458337e-03
2.701000000000000000e+03 1.129129183407326202e-03
2.702000000000000000e+03 1.128595459212177214e-03
2.703000000000000000e+03 1.128998551361099769e-03
2.704000000000000000e+03 1.129022157025171436e-03
2.705000000000000000e+03 1.129068198605134073e-03
2.706000000000000000e+03 1.129160012491662148e-03
2.707000000000000000e+03 1.128702599630590064e-03
2.708000000000000000e+03 1.129244358474513262e-03
2.709000000000000000e+03 1.128650244875182337e-03
2.710000000000000000e+03 1.128837517617771501e-03
2.711000000000000000e+03 1.129125827816167531e-03
2.712000000000000000e+03 1.128636715026270750e-03
2.713000000000000000e+03 1.128857574680946965e-03
2.714000000000000000e+03 1.128919422851533882e-03
2.715000000000000000e+03 1.128527972776342814e-03
2.716000000000000000e+03 1.128570648358561248e-03
2.717000000000000000e+03 1.128697593899576990e-03
2.718000000000000000e+03 1.128846346491478277e-03
2.719000000000000000e+03 1.128649461300676058e-03
2.720000000000000000e+03 1.128606998151086621e-03
2.721000000000000000e+03 1.128818215383112569e-03
2.722000000000000000e+03 1.128897339141060737e-03
2.723000000000000000e+03 1.128754595470057203e-03
2.724000000000000000e+03 1.128576463054182079e-03
2.725000000000000000e+03 1.128679074094379123e-03
2.726000000000000000e+03 1.128730537985833714e-03
2.727000000000000000e+03 1.128544043454517967e-03
2.728000000000000000e+03 1.128591349782944115e-03
2.729000000000000000e+03 1.128359228346391711e-03
2.730000000000000000e+03 1.128406477437798698e-03
2.731000000000000000e+03 1.128398934512586963e-03
2.732000000000000000e+03 1.128428158389585849e-03
2.733000000000000000e+03 1.128322686243869851e-03
2.734000000000000000e+03 1.128522322955730810e-03
2.735000000000000000e+03 1.128733586684205160e-03
2.736000000000000000e+03 1.128451037402716708e-03
2.737000000000000000e+03 1.128481075236294163e-03
2.738000000000000000e+03 1.128373005113948550e-03
2.739000000000000000e+03 1.128452946862450049e-03
2.740000000000000000e+03 1.128734724338594474e-03
2.741000000000000000e+03 1.128579278385466803e-03
2.742000000000000000e+03 1.128435239785037210e-03
2.743000000000000000e+03 1.128485126840203740e-03
2.744000000000000000e+03 1.128160873591873333e-03
2.745000000000000000e+03 1.128443498182100848e-03
2.746000000000000000e+03 1.128399210086931340e-03
2.747000000000000000e+03 1.128339489188108545e-03
2.748000000000000000e+03 1.128381313596479212e-03
2.749000000000000000e+03 1.128218125490658289e-03
2.750000000000000000e+03 1.128153922533047145e-03
2.751000000000000000e+03 1.128285937844238822e-03
2.752000000000000000e+03 1.128174242371728824e-03
2.753000000000000000e+03 1.128194373123168111e-03
2.754000000000000000e+03 1.128201047287637248e-03
2.755000000000000000e+03 1.128364930446971396e-03
2.756000000000000000e+03 1.128290709627092006e-03
2.757000000000000000e+03 1.128145872771373938e-03
2.758000000000000000e+03 1.128039418346826750e-03
2.759000000000000000e+03 1.128141243790699039e-03
2.760000000000000000e+03 1.128185064700230281e-03
2.761000000000000000e+03 1.128256537546104424e-03
2.762000000000000000e+03 1.128337164083876134e-03
2.763000000000000000e+03 1.128215026424005465e-03
2.764000000000000000e+03 1.128076745278282873e-03
2.765000000000000000e+03 1.128121155066237570e-03
2.766000000000000000e+03 1.128050940317967170e-03
2.767000000000000000e+03 1.128167129750859811e-03
2.768000000000000000e+03 1.128375764434281321e-03
2.769000000000000000e+03 1.128033313594305111e-03
2.770000000000000000e+03 1.128034176520236126e-03
2.771000000000000000e+03 1.128171273254657261e-03
2.772000000000000000e+03 1.128018692529668974e-03
2.773000000000000000e+03 1.127922610151389868e-03
2.774000000000000000e+03 1.128122060384236305e-03
2.775000000000000000e+03 1.127997935689640076e-03
2.776000000000000000e+03 1.128556722605069057e-03
2.777000000000000000e+03 1.128175718527693865e-03
2.778000000000000000e+03 1.127959218198730995e-03
2.779000000000000000e+03 1.128447392518272963e-03
2.780000000000000000e+03 1.127911235447878312e-03
2.781000000000000000e+03 1.127998912568333031e-03
2.782000000000000000e+03 1.128006929303899649e-03
2.783000000000000000e+03 1.127819657311485580e-03
2.784000000000000000e+03 1.127949135086605582e-03
2.785000000000000000e+03 1.127907517042257141e-03
2.786000000000000000e+03 1.127954709096759415e-03
2.787000000000000000e+03 1.128288134383122546e-03
2.788000000000000000e+03 1.128001316119679482e-03
2.789000000000000000e+03 1.127926203161407201e-03
2.790000000000000000e+03 1.127778105173490863e-03
2.791000000000000000e+03 1.127864090486371774e-03
2.792000000000000000e+03 1.127996766019962339e-03
2.793000000000000000e+03 1.127780221358538155e-03
2.794000000000000000e+03 1.127836025768961300e-03
2.795000000000000000e+03 1.127749535188049199e-03
2.796000000000000000e+03 1.127781364007652805e-03
2.797000000000000000e+03 1.127925667775810234e-03
2.798000000000000000e+03 1.127954102864085761e-03
2.799000000000000000e+03 1.128299470810482756e-03
2.800000000000000000e+03 1.128427578585427388e-03
2.801000000000000000e+03 1.128020588130468566e-03
2.802000000000000000e+03 1.127613583374065167e-03
2.803000000000000000e+03 1.127729424465527671e-03
2.804000000000000000e+03 1.127693334723477159e-03
2.805000000000000000e+03 1.127702845471973640e-03
2.806000000000000000e+03 1.127717436452296915e-03
2.807000000000000000e+03 1.127695096685671795e-03
2.808000000000000000e+03 1.127652784353120469e-03
2.809000000000000000e+03 1.128237097392440717e-03
2.810000000000000000e+03 1.127604478820710228e-03
2.811000000000000000e+03 1.128035495578609071e-03
2.812000000000000000e+03 1.127501188241625350e-03
2.813000000000000000e+03 1.127723363359898990e-03
2.814000000000000000e+03 1.127614212303290489e-03
2.815000000000000000e+03 1.127612264764451091e-03
2.816000000000000000e+03 1.127706713276048272e-03
2.817000000000000000e+03 1.127599681598844385e-03
2.818000000000000000e+03 1.127811175148972197e-03
2.819000000000000000e+03 1.127644842968210121e-03
2.820000000000000000e+03 1.127660191870553030e-03
2.821000000000000000e+03 1.127745745013495867e-03
2.822000000000000000e+03 1.127461894334169179e-03
2.823000000000000000e+03 1.127508087396992577e-03
2.824000000000000000e+03 1.127398508521326335e-03
2.825000000000000000e+03 1.127641437753398391e-03
2.826000000000000000e+03 1.127604831183934980e-03
2.827000000000000000e+03 1.127418759086141207e-03
2.828000000000000000e+03 1.127575163392006974e-03
2.829000000000000000e+03 1.127523686071227023e-03
2.830000000000000000e+03 1.127371553409782252e-03
2.831000000000000000e+03 1.127672246380137565e-03
2.832000000000000000e+03 1.127545410600305472e-03
2.833000000000000000e+03 1.127546786348094816e-03
2.834000000000000000e+03 1.127433479336824307e-03
2.835000000000000000e+03 1.127417087047591056e-03
2.836000000000000000e+03 1.127411853279550570e-03
2.837000000000000000e+03 1.127336628531735389e-03
2.838000000000000000e+03 1.127298142626254008e-03
2.839000000000000000e+03 1.127386022459284836e-03
2.840000000000000000e+03 1.127521378378472036e-03
2.841000000000000000e+03 1.127495527561188371e-03
2.842000000000000000e+03 1.127632517518153922e-03
2.843000000000000000e+03 1.127361480045491974e-03
2.844000000000000000e+03 1.127665234422943431e-03
2.845000000000000000e+03 1.127366915047199559e-03
2.846000000000000000e+03 1.127317911836525416e-03
2.847000000000000000e+03 1.127242219984939424e-03
2.848000000000000000e+03 1.127473493661510038e-03
2.849000000000000000e+03 1.127507705105326372e-03
2.850000000000000000e+03 1.127210684589983027e-03
2.851000000000000000e+03 1.127449200712997424e-03
2.852000000000000000e+03 1.127475894257351507e-03
2.853000000000000000e+03 1.127281570878077392e-03
2.854000000000000000e+03 1.127428431801836238e-03
2.855000000000000000e+03 1.127292093327703863e-03
2.856000000000000000e+03 1.127315412505866966e-03
2.857000000000000000e+03 1.127179722185057053e-03
2.858000000000000000e+03 1.127213515500863523e-03
2.859000000000000000e+03 1.127238581324428073e-03
2.860000000000000000e+03 1.127131610579981289e-03
2.861000000000000000e+03 1.127165604228245414e-03
2.862000000000000000e+03 1.127166004416625894e-03
2.863000000000000000e+03 1.127224692357322970e-03
2.864000000000000000e+03 1.127233192640160388e-03
2.865000000000000000e+03 1.127170401397096372e-03
2.866000000000000000e+03 1.127162239090875916e-03
2.867000000000000000e+03 1.127060897713518146e-03
2.868000000000000000e+03 1.127235251279138642e-03
2.869000000000000000e+03 1.127176125613368798e-03
2.870000000000000000e+03 1.127100256833958852e-03
2.871000000000000000e+03 1.127211353367002468e-03
2.872000000000000000e+03 1.127286373216362676e-03
2.873000000000000000e+03 1.127363734380221498e-03
2.874000000000000000e+03 1.127081662635780711e-03
2.875000000000000000e+03 1.127432963847540453e-03
2.876000000000000000e+03 1.127060644733324278e-03
2.877000000000000000e+03 1.127083829196363993e-03
2.878000000000000000e+03 1.127168665004544277e-03
2.879000000000000000e+03 1.127335705135436728e-03
2.880000000000000000e+03 1.126919170823228490e-03
2.881000000000000000e+03 1.127169130093657549e-03
2.882000000000000000e+03 1.127037940635872149e-03
2.883000000000000000e+03 1.127292726026124427e-03
2.884000000000000000e+03 1.127057483777398452e-03
2.885000000000000000e+03 1.127050191791880655e-03
2.886000000000000000e+03 1.126956219797015145e-03
2.887000000000000000e+03 1.127022723187495875e-03
2.888000000000000000e+03 1.126933211099326272e-03
2.889000000000000000e+03 1.126965635012342577e-03
2.890000000000000000e+03 1.126926162632674571e-03
2.891000000000000000e+03 1.126891845836832089e-03
2.892000000000000000e+03 1.127111507672136836e-03
2.893000000000000000e+03 1.126999299628145702e-03
2.894000000000000000e+03 1.127018986273275536e-03
2.895000000000000000e+03 1.127184054285409109e-03
2.896000000000000000e+03 1.126911356832533111e-03
2.897000000000000000e+03 1.127099160151980766e-03
2.898000000000000000e+03 1.126871667713609006e-03
2.899000000000000000e+03 1.126963029540889189e-03
2.900000000000000000e+03 1.126817938841125945e-03
2.901000000000000000e+03 1.127541307404977258e-03
2.902000000000000000e+03 1.126931999015153008e-03
2.903000000000000000e+03 1.127027168063279502e-03
2.904000000000000000e+03 1.126983562369720691e-03
2.905000000000000000e+03 1.126846626155213757e-03
2.906000000000000000e+03 1.126799654995889717e-03
2.907000000000000000e+03 1.126777887430741986e-03
2.908000000000000000e+03 1.127322196539006904e-03
2.909000000000000000e+03 1.126768292789906466e-03
2.910000000000000000e+03 1.126900250384646734e-03
2.911000000000000000e+03 1.126891147993633281e-03
2.912000000000000000e+03 1.126739353248743056e-03
2.913000000000000000e+03 1.126679933274512364e-03
2.914000000000000000e+03 1.126880174428163345e-03
2.915000000000000000e+03 1.127067047154332348e-03
2.916000000000000000e+03 1.126663734690449290e-03
2.917000000000000000e+03 1.126956246444015290e-03
2.918000000000000000e+03 1.126812102000079429e-03
2.919000000000000000e+03 1.126879931333000422e-03
2.920000000000000000e+03 1.126867737242584185e-03
2.921000000000000000e+03 1.126766854044337603e-03
2.922000000000000000e+03 1.126739614218842753e-03
2.923000000000000000e+03 1.126728051984600453e-03
2.924000000000000000e+03 1.126797474911512371e-03
2.925000000000000000e+03 1.126739498787138194e-03
2.926000000000000000e+03 1.126694066095394048e-03
2.927000000000000000e+03 1.126749372581304807e-03
2.928000000000000000e+03 1.126834556578664836e-03
2.929000000000000000e+03 1.126575342689530718e-03
2.930000000000000000e+03 1.126755166207952900e-03
2.931000000000000000e+03 1.126600887660254065e-03
2.932000000000000000e+03 1.126672522421269659e-03
2.933000000000000000e+03 1.126665538892729921e-03
2.934000000000000000e+03 1.126656676484527652e-03
2.935000000000000000e+03 1.126703470373314683e-03
2.936000000000000000e+03 1.126557386372319374e-03
2.937000000000000000e+03 1.126766084119434040e-03
2.938000000000000000e+03 1.126591624957801142e-03
2.939000000000000000e+03 1.126611633859629950e-03
2.940000000000000000e+03 1.126593649682316360e-03
2.941000000000000000e+03 1.126469501528920341e-03
2.942000000000000000e+03 1.126583916586426561e-03
2.943000000000000000e+03 1.126570435718958442e-03
2.944000000000000000e+03 1.126560882314946556e-03
2.945000000000000000e+03 1.126481085693526851e-03
2.946000000000000000e+03 1.126550010612055322e-03
2.947000000000000000e+03 1.126583498459015394e-03
2.948000000000000000e+03 1.126447672004978178e-03
2.949000000000000000e+03 1.126536781356118075e-03
2.950000000000000000e+03 1.126586007355876926e-03
2.951000000000000000e+03 1.126542209607195224e-03
2.952000000000000000e+03 1.126565464185253548e-03
2.953000000000000000e+03 1.126748212860333208e-03
2.954000000000000000e+03 1.126629912870972475e-03
2.955000000000000000e+03 1.126490033799309879e-03
2.956000000000000000e+03 1.126540918462991736e-03
2.957000000000000000e+03 1.126462934475053060e-03
2.958000000000000000e+03 1.126403526470229821e-03
2.959000000000000000e+03 1.126692045509952679e-03
2.960000000000000000e+03 1.126585286728592518e-03
2.961000000000000000e+03 1.126558351952797144e-03
2.962000000000000000e+03 1.126515202773961059e-03
2.963000000000000000e+03 1.126363209078166039e-03
2.964000000000000000e+03 1.126552688404803279e-03
2.965000000000000000e+03 1.126620190721787590e-03
2.966000000000000000e+03 1.126382837848647223e-03
2.967000000000000000e+03 1.126353265910224038e-03
2.968000000000000000e+03 1.126306996733402073e-03
2.969000000000000000e+03 1.126366238435873215e-03
2.970000000000000000e+03 1.126391214100198532e-03
2.971000000000000000e+03 1.126479035314399083e-03
2.972000000000000000e+03 1.126655780064187784e-03
2.973000000000000000e+03 1.126389964261485322e-03
2.974000000000000000e+03 1.126396374826766191e-03
2.975000000000000000e+03 1.126398490992754509e-03
2.976000000000000000e+03 1.126405998562365852e-03
2.977000000000000000e+03 1.126289171150839964e-03
2.978000000000000000e+03 1.126557273440229046e-03
2.979000000000000000e+03 1.126640041300576390e-03
2.980000000000000000e+03 1.126510163220479505e-03
2.981000000000000000e+03 1.126453105192476607e-03
2.982000000000000000e+03 1.126414461020788229e-03
2.983000000000000000e+03 1.126361516979843685e-03
2.984000000000000000e+03 1.126266445977678731e-03
2.985000000000000000e+03 1.126174110436961844e-03
2.986000000000000000e+03 1.126272608349411205e-03
2.987000000000000000e+03 1.126195115485905535e-03
2.988000000000000000e+03 1.126186725668549497e-03
2.989000000000000000e+03 1.126250293837474832e-03
2.990000000000000000e+03 1.126234972301264070e-03
2.991000000000000000e+03 1.126176578988996937e-03
2.992000000000000000e+03 1.126169231242360761e-03
2.993000000000000000e+03 1.126137691914309629e-03
2.994000000000000000e+03 1.126297082572192635e-03
2.995000000000000000e+03 1.126108892793001868e-03
2.996000000000000000e+03 1.126130527143084101e-03
2.997000000000000000e+03 1.126265784228997271e-03
2.998000000000000000e+03 1.126172381447476407e-03
2.999000000000000000e+03 1.126376412276073420e-03
