0.000000000000000000e+00 8.428035463630907664e-02
1.000000000000000000e+00 7.024260364926617622e-03
2.000000000000000000e+00 5.513676618569110337e-03
3.000000000000000000e+00 5.253519135569153890e-03
4.000000000000000000e+00 5.151840212620691431e-03
5.000000000000000000e+00 5.047213601430546037e-03
6.000000000000000000e+00 4.948892280563569647e-03
7.000000000000000000e+00 4.840720858933419794e-03
8.000000000000000000e+00 4.727137021440870092e-03
9.000000000000000000e+00 4.613999403926612349e-03
1.000000000000000000e+01 4.498551725126129219e-03
1.100000000000000000e+01 4.379490554400609394e-03
1.200000000000000000e+01 4.252031787718598549e-03
1.300000000000000000e+01 4.112569765072909486e-03
1.400000000000000000e+01 3.972439604753968609e-03
1.500000000000000000e+01 3.815220220848919257e-03
1.600000000000000000e+01 3.636182257455096694e-03
1.700000000000000000e+01 3.456715921612361041e-03
1.800000000000000000e+01 3.222162151650657513e-03
1.900000000000000000e+01 2.943219326275634505e-03
2.000000000000000000e+01 2.580614526646840025e-03
2.100000000000000000e+01 2.063272307441261361e-03
2.200000000000000000e+01 1.335292398378069324e-03
2.300000000000000000e+01 6.083160410617793239e-04
2.400000000000000000e+01 2.712473960585674122e-04
2.500000000000000000e+01 2.042671368036476213e-04
2.600000000000000000e+01 1.600144401786421150e-04
2.700000000000000000e+01 1.415125595428406058e-04
2.800000000000000000e+01 1.243105898598754154e-04
2.900000000000000000e+01 1.091659490011226289e-04
3.000000000000000000e+01 9.838551123463642589e-05
3.100000000000000000e+01 9.266900178681611398e-05
3.200000000000000000e+01 8.346262654565466787e-05
3.300000000000000000e+01 7.778094080516627915e-05
3.400000000000000000e+01 7.125717003634821393e-05
3.500000000000000000e+01 6.795761214309096391e-05
3.600000000000000000e+01 6.593245603941431227e-05
3.700000000000000000e+01 6.056457763662655798e-05
3.800000000000000000e+01 5.663826404692117090e-05
3.900000000000000000e+01 5.378265562353182460e-05
4.000000000000000000e+01 5.135064250846646923e-05
4.100000000000000000e+01 4.904800047210267175e-05
4.200000000000000000e+01 4.748242901244049209e-05
4.300000000000000000e+01 4.622147066256778825e-05
4.400000000000000000e+01 4.388405659006656490e-05
4.500000000000000000e+01 4.321498497408818919e-05
4.600000000000000000e+01 4.256447352822620710e-05
4.700000000000000000e+01 3.948551568323593278e-05
4.800000000000000000e+01 3.862471133397695936e-05
4.900000000000000000e+01 3.841390947613285882e-05
5.000000000000000000e+01 3.700122604267977287e-05
5.100000000000000000e+01 3.551900005368909181e-05
5.200000000000000000e+01 3.500522282310392265e-05
5.300000000000000000e+01 3.392283624364107026e-05
5.400000000000000000e+01 3.370623297316442706e-05
5.500000000000000000e+01 3.285361599517130617e-05
5.600000000000000000e+01 3.100590465138780295e-05
5.700000000000000000e+01 3.329860003566619925e-05
5.800000000000000000e+01 3.027356166449462403e-05
5.900000000000000000e+01 2.914186859443709254e-05
6.000000000000000000e+01 2.834794205003485451e-05
6.100000000000000000e+01 2.897257197031270930e-05
6.200000000000000000e+01 2.786281054550766400e-05
6.300000000000000000e+01 2.690991528045246891e-05
6.400000000000000000e+01 2.593462431469216711e-05
6.500000000000000000e+01 2.620103527450963029e-05
6.600000000000000000e+01 2.513191284654693182e-05
6.700000000000000000e+01 2.503162330941337572e-05
6.800000000000000000e+01 2.578216998603293137e-05
6.900000000000000000e+01 2.417600774383956306e-05
7.000000000000000000e+01 2.453986291052927596e-05
7.100000000000000000e+01 2.341011709023881551e-05
7.200000000000000000e+01 2.249506995684423251e-05
7.300000000000000000e+01 2.291150967477392054e-05
7.400000000000000000e+01 2.196974613474815262e-05
7.500000000000000000e+01 2.187357101417667602e-05
7.600000000000000000e+01 2.080171888369189317e-05
7.700000000000000000e+01 2.078017871309552486e-05
7.800000000000000000e+01 2.050517170903274922e-05
7.900000000000000000e+01 2.015190366211047350e-05
8.000000000000000000e+01 2.005219329616891391e-05
8.100000000000000000e+01 1.923783113181132227e-05
8.200000000000000000e+01 1.893359621416519631e-05
8.300000000000000000e+01 1.863728061254461913e-05
8.400000000000000000e+01 1.828961712232237083e-05
8.500000000000000000e+01 1.818943685659478457e-05
8.600000000000000000e+01 1.830858789908310893e-05
8.700000000000000000e+01 1.769557451766364293e-05
8.800000000000000000e+01 1.783297689002351618e-05
8.900000000000000000e+01 1.722570049020793808e-05
9.000000000000000000e+01 1.682029541018341799e-05
9.100000000000000000e+01 1.643308810499546392e-05
9.200000000000000000e+01 1.647402086920685683e-05
9.300000000000000000e+01 1.626093277803876248e-05
9.400000000000000000e+01 1.576411437027531854e-05
9.500000000000000000e+01 1.575770158902863190e-05
9.600000000000000000e+01 1.575946822740677370e-05
9.700000000000000000e+01 1.531588327113620222e-05
9.800000000000000000e+01 1.511764557470710167e-05
9.900000000000000000e+01 1.499564047775363340e-05
1.000000000000000000e+02 1.492773550747630905e-05
1.010000000000000000e+02 1.456697787843561977e-05
1.020000000000000000e+02 1.437955824299116605e-05
1.030000000000000000e+02 1.408954530907904372e-05
1.040000000000000000e+02 1.393367339614815088e-05
1.050000000000000000e+02 1.373302754021531409e-05
1.060000000000000000e+02 1.375725153890656470e-05
1.070000000000000000e+02 1.340964014504537529e-05
1.080000000000000000e+02 1.323255679459293484e-05
1.090000000000000000e+02 1.325658785814050588e-05
1.100000000000000000e+02 1.290039859261414564e-05
1.110000000000000000e+02 1.270693603292077447e-05
1.120000000000000000e+02 1.253427114237663164e-05
1.130000000000000000e+02 1.239308318209374215e-05
1.140000000000000000e+02 1.258116681177312670e-05
1.150000000000000000e+02 1.235516942371917886e-05
1.160000000000000000e+02 1.196189761203910074e-05
1.170000000000000000e+02 1.228065013365839983e-05
1.180000000000000000e+02 1.163864806342921384e-05
1.190000000000000000e+02 1.145956793078873153e-05
1.200000000000000000e+02 1.149370614903476554e-05
1.210000000000000000e+02 1.138543036183941875e-05
1.220000000000000000e+02 1.127486932291275395e-05
1.230000000000000000e+02 1.103588028230134713e-05
1.240000000000000000e+02 1.132931945122709592e-05
1.250000000000000000e+02 1.081469801093068186e-05
1.260000000000000000e+02 1.075867925567751353e-05
1.270000000000000000e+02 1.086472596193347771e-05
1.280000000000000000e+02 1.074897833413377053e-05
1.290000000000000000e+02 1.027843207095916253e-05
1.300000000000000000e+02 1.025114204705852886e-05
1.310000000000000000e+02 1.015438183138134056e-05
1.320000000000000000e+02 1.007273151868512547e-05
1.330000000000000000e+02 9.913183067223127007e-06
1.340000000000000000e+02 9.841220374877706877e-06
1.350000000000000000e+02 9.777064377680076622e-06
1.360000000000000000e+02 9.686497742793226864e-06
1.370000000000000000e+02 9.564832602010855351e-06
1.380000000000000000e+02 9.420097582218911155e-06
1.390000000000000000e+02 9.235059123428917950e-06
1.400000000000000000e+02 9.199496784784204229e-06
1.410000000000000000e+02 9.041805866495977896e-06
1.420000000000000000e+02 9.107814906081607319e-06
1.430000000000000000e+02 8.823987781298735141e-06
1.440000000000000000e+02 8.715479237692102778e-06
1.450000000000000000e+02 8.681670873642797145e-06
1.460000000000000000e+02 8.629097483255666280e-06
1.470000000000000000e+02 8.473387080006654910e-06
1.480000000000000000e+02 8.585349293656608686e-06
1.490000000000000000e+02 8.316456551917673332e-06
1.500000000000000000e+02 8.390864067052672518e-06
1.510000000000000000e+02 8.354190879890139345e-06
1.520000000000000000e+02 8.316456314429840045e-06
1.530000000000000000e+02 8.196401635480125481e-06
1.540000000000000000e+02 8.091701047774393151e-06
1.550000000000000000e+02 8.094218802489467051e-06
1.560000000000000000e+02 8.003143590844631207e-06
1.570000000000000000e+02 8.042351165512310148e-06
1.580000000000000000e+02 7.866675464537827315e-06
1.590000000000000000e+02 7.727123151308247054e-06
1.600000000000000000e+02 7.664839624523075485e-06
1.610000000000000000e+02 7.509786046606137695e-06
1.620000000000000000e+02 7.449403362595112122e-06
1.630000000000000000e+02 7.397847528015540685e-06
1.640000000000000000e+02 7.246800813655413023e-06
1.650000000000000000e+02 7.245318305989881370e-06
1.660000000000000000e+02 7.150263289808849646e-06
1.670000000000000000e+02 7.067064834458980664e-06
1.680000000000000000e+02 7.171495102170489192e-06
1.690000000000000000e+02 7.018314944188335445e-06
1.700000000000000000e+02 7.080151983362824426e-06
1.710000000000000000e+02 7.390546070485849045e-06
1.720000000000000000e+02 7.097174438726632530e-06
1.730000000000000000e+02 6.812486891806524003e-06
1.740000000000000000e+02 6.797309557713122926e-06
1.750000000000000000e+02 6.678214716319618020e-06
1.760000000000000000e+02 6.718293917238169964e-06
1.770000000000000000e+02 6.646102110985916724e-06
1.780000000000000000e+02 6.605681681403306331e-06
1.790000000000000000e+02 6.526699868606105082e-06
1.800000000000000000e+02 6.613952448595328631e-06
1.810000000000000000e+02 6.665965697907736174e-06
1.820000000000000000e+02 6.503298040551088679e-06
1.830000000000000000e+02 6.398292427719553600e-06
1.840000000000000000e+02 6.555487649566198904e-06
1.850000000000000000e+02 6.298701664892152317e-06
1.860000000000000000e+02 6.384651841945512539e-06
1.870000000000000000e+02 6.245958582318803612e-06
1.880000000000000000e+02 6.211071205263178398e-06
1.890000000000000000e+02 6.095153152668459761e-06
1.900000000000000000e+02 6.113541154686083128e-06
1.910000000000000000e+02 6.044389539826482609e-06
1.920000000000000000e+02 6.030765173171469654e-06
1.930000000000000000e+02 5.990919631095803085e-06
1.940000000000000000e+02 5.936800902594682085e-06
1.950000000000000000e+02 5.865537622806337562e-06
1.960000000000000000e+02 6.010874950326755129e-06
1.970000000000000000e+02 5.940283586366778048e-06
1.980000000000000000e+02 5.802994979237906846e-06
1.990000000000000000e+02 5.803372785466325575e-06
2.000000000000000000e+02 5.698837472412078938e-06
2.010000000000000000e+02 5.677898605279966633e-06
2.020000000000000000e+02 5.782488013145929104e-06
2.030000000000000000e+02 5.629571669475942622e-06
2.040000000000000000e+02 5.641334581508481150e-06
2.050000000000000000e+02 5.677554362425206207e-06
2.060000000000000000e+02 5.596327274289496952e-06
2.070000000000000000e+02 5.545893276496997731e-06
2.080000000000000000e+02 5.472460826881998150e-06
2.090000000000000000e+02 5.501444022228435666e-06
2.100000000000000000e+02 5.418550561557131482e-06
2.110000000000000000e+02 5.377872191851718972e-06
2.120000000000000000e+02 5.539228725784907486e-06
2.130000000000000000e+02 5.421529593968059326e-06
2.140000000000000000e+02 5.451408769512261767e-06
2.150000000000000000e+02 5.287442603514411622e-06
2.160000000000000000e+02 5.276672600660076201e-06
2.170000000000000000e+02 5.279489742791109581e-06
2.180000000000000000e+02 5.199140106828125817e-06
2.190000000000000000e+02 5.201475348778749412e-06
2.200000000000000000e+02 5.140129344076948562e-06
2.210000000000000000e+02 5.136932803485972856e-06
2.220000000000000000e+02 5.079588108483582218e-06
2.230000000000000000e+02 5.289399029539301107e-06
2.240000000000000000e+02 5.083877144452531411e-06
2.250000000000000000e+02 5.142813842025741482e-06
2.260000000000000000e+02 5.041581038203657397e-06
2.270000000000000000e+02 4.974490334199796713e-06
2.280000000000000000e+02 4.987597178705420090e-06
2.290000000000000000e+02 4.901197197807947112e-06
2.300000000000000000e+02 4.898200207606040609e-06
2.310000000000000000e+02 4.943665774375732307e-06
2.320000000000000000e+02 4.871872890490435905e-06
2.330000000000000000e+02 4.926479466720601443e-06
2.340000000000000000e+02 4.849271053677168344e-06
2.350000000000000000e+02 4.786386548648922468e-06
2.360000000000000000e+02 4.866896997976624704e-06
2.370000000000000000e+02 4.806167308514148395e-06
2.380000000000000000e+02 4.799090718454713470e-06
2.390000000000000000e+02 4.715379086357697290e-06
2.400000000000000000e+02 4.677735298897569527e-06
2.410000000000000000e+02 4.715376491703104419e-06
2.420000000000000000e+02 4.713063950213467252e-06
2.430000000000000000e+02 4.703138062714869679e-06
2.440000000000000000e+02 4.764167409567783862e-06
2.450000000000000000e+02 4.870757150274670562e-06
2.460000000000000000e+02 4.711168375596716124e-06
2.470000000000000000e+02 4.606066500883769468e-06
2.480000000000000000e+02 4.529198308848291620e-06
2.490000000000000000e+02 4.532069617014116218e-06
2.500000000000000000e+02 4.538847808731957862e-06
2.510000000000000000e+02 4.775197850415523097e-06
2.520000000000000000e+02 4.535582786820744705e-06
2.530000000000000000e+02 4.465670456816974134e-06
2.540000000000000000e+02 4.435708730814774391e-06
2.550000000000000000e+02 4.449372893686679390e-06
2.560000000000000000e+02 4.418044368831858243e-06
2.570000000000000000e+02 4.370952279858754569e-06
2.580000000000000000e+02 4.484544968469414300e-06
2.590000000000000000e+02 4.625727840337959167e-06
2.600000000000000000e+02 4.324727683939510324e-06
2.610000000000000000e+02 4.321667663423484040e-06
2.620000000000000000e+02 4.290593248857372802e-06
2.630000000000000000e+02 4.345268406112319626e-06
2.640000000000000000e+02 4.267902910254473270e-06
2.650000000000000000e+02 4.319761001319701583e-06
2.660000000000000000e+02 4.268568868606169205e-06
2.670000000000000000e+02 4.290284999541277488e-06
2.680000000000000000e+02 4.199496234563553765e-06
2.690000000000000000e+02 4.206058587684975289e-06
2.700000000000000000e+02 4.151829476392517172e-06
2.710000000000000000e+02 4.163670247863014563e-06
2.720000000000000000e+02 4.151976229049260338e-06
2.730000000000000000e+02 4.123016510864840249e-06
2.740000000000000000e+02 4.115676156514346090e-06
2.750000000000000000e+02 4.121822146252684905e-06
2.760000000000000000e+02 4.132383306719081663e-06
2.770000000000000000e+02 4.060964349013036594e-06
2.780000000000000000e+02 4.184341930080128641e-06
2.790000000000000000e+02 4.157193313026101716e-06
2.800000000000000000e+02 4.095848777586789740e-06
2.810000000000000000e+02 4.034330676334796084e-06
2.820000000000000000e+02 4.007222848105021306e-06
2.830000000000000000e+02 4.039638351990561126e-06
2.840000000000000000e+02 4.095222851014724157e-06
2.850000000000000000e+02 4.207382995557728828e-06
2.860000000000000000e+02 3.967337491600968029e-06
2.870000000000000000e+02 3.916813045917415581e-06
2.880000000000000000e+02 3.995422157393798867e-06
2.890000000000000000e+02 3.912070006499688485e-06
2.900000000000000000e+02 3.923762651346393872e-06
2.910000000000000000e+02 3.906498831445844569e-06
2.920000000000000000e+02 3.868336162241111716e-06
2.930000000000000000e+02 3.831875154043245243e-06
2.940000000000000000e+02 3.815979048908756016e-06
2.950000000000000000e+02 3.820398200611717155e-06
2.960000000000000000e+02 3.821567211652996051e-06
2.970000000000000000e+02 3.782348978947489132e-06
2.980000000000000000e+02 3.782415342071641148e-06
2.990000000000000000e+02 3.911341376019467668e-06
3.000000000000000000e+02 3.829757426777396347e-06
3.010000000000000000e+02 3.724044717049238182e-06
3.020000000000000000e+02 3.726196175100268580e-06
3.030000000000000000e+02 3.768140925695662321e-06
3.040000000000000000e+02 3.700380491059614000e-06
3.050000000000000000e+02 3.700862962433166414e-06
3.060000000000000000e+02 3.674620439852808087e-06
3.070000000000000000e+02 3.665619447005098744e-06
3.080000000000000000e+02 3.732150852165506047e-06
3.090000000000000000e+02 3.635821370912895478e-06
3.100000000000000000e+02 3.630052514304391551e-06
3.110000000000000000e+02 3.768142982034457971e-06
3.120000000000000000e+02 3.736290933545762549e-06
3.130000000000000000e+02 3.661121536648680453e-06
3.140000000000000000e+02 3.695132957828474039e-06
3.150000000000000000e+02 3.701995139218826441e-06
3.160000000000000000e+02 3.677653707987315004e-06
3.170000000000000000e+02 3.546407089210506566e-06
3.180000000000000000e+02 3.546300132600301448e-06
3.190000000000000000e+02 3.548708446040461009e-06
3.200000000000000000e+02 3.581039807211795273e-06
3.210000000000000000e+02 3.566264796267271763e-06
3.220000000000000000e+02 3.605335117298796627e-06
3.230000000000000000e+02 3.486062048276448618e-06
3.240000000000000000e+02 3.467274876156814337e-06
3.250000000000000000e+02 3.508501697687146233e-06
3.260000000000000000e+02 3.476318974386531706e-06
3.270000000000000000e+02 3.430315826974923515e-06
3.280000000000000000e+02 3.437594726721407430e-06
3.290000000000000000e+02 3.426974919500348864e-06
3.300000000000000000e+02 3.470766836354232838e-06
3.310000000000000000e+02 3.484328830918389978e-06
3.320000000000000000e+02 3.404210460746696589e-06
3.330000000000000000e+02 3.427990831153935456e-06
3.340000000000000000e+02 3.403933798827671178e-06
3.350000000000000000e+02 3.429974690315593538e-06
3.360000000000000000e+02 3.392441638582138184e-06
3.370000000000000000e+02 3.363377409142010960e-06
3.380000000000000000e+02 3.340862358522911234e-06
3.390000000000000000e+02 3.344001040351782994e-06
3.400000000000000000e+02 3.316559529008815263e-06
3.410000000000000000e+02 3.396292098916939338e-06
3.420000000000000000e+02 3.305735384324172629e-06
3.430000000000000000e+02 3.334791785812825927e-06
3.440000000000000000e+02 3.276094183217780253e-06
3.450000000000000000e+02 3.272016857571502262e-06
3.460000000000000000e+02 3.286619548801824873e-06
3.470000000000000000e+02 3.296806123066924719e-06
3.480000000000000000e+02 3.277738318359395504e-06
3.490000000000000000e+02 3.234119195204458450e-06
3.500000000000000000e+02 3.331769317660216012e-06
3.510000000000000000e+02 3.282555786797829697e-06
3.520000000000000000e+02 3.246837278329890429e-06
3.530000000000000000e+02 3.222387455381362791e-06
3.540000000000000000e+02 3.205560272448201713e-06
3.550000000000000000e+02 3.218791897555251417e-06
3.560000000000000000e+02 3.231054358008985428e-06
3.570000000000000000e+02 3.166093498609672696e-06
3.580000000000000000e+02 3.163341136033757645e-06
3.590000000000000000e+02 3.227970996844022254e-06
3.600000000000000000e+02 3.259333486105194288e-06
3.610000000000000000e+02 3.227975150809441744e-06
3.620000000000000000e+02 3.131129218801484044e-06
3.630000000000000000e+02 3.139766617580013348e-06
3.640000000000000000e+02 3.115958391066195463e-06
3.650000000000000000e+02 3.104522343456651064e-06
3.660000000000000000e+02 3.102008463189527862e-06
3.670000000000000000e+02 3.096434135789775596e-06
3.680000000000000000e+02 3.114320693225518264e-06
3.690000000000000000e+02 3.080119042003984649e-06
3.700000000000000000e+02 3.104174758945313317e-06
3.710000000000000000e+02 3.082466489904273332e-06
3.720000000000000000e+02 3.104804541735483966e-06
3.730000000000000000e+02 3.198529452947613940e-06
3.740000000000000000e+02 3.077373151463759091e-06
3.750000000000000000e+02 3.125181258064651213e-06
3.760000000000000000e+02 3.077500406186562990e-06
3.770000000000000000e+02 3.057908374494757101e-06
3.780000000000000000e+02 3.073574307091770692e-06
3.790000000000000000e+02 3.130216923851521152e-06
3.800000000000000000e+02 3.051534222624877564e-06
3.810000000000000000e+02 3.009333136107103142e-06
3.820000000000000000e+02 2.998699222510732612e-06
3.830000000000000000e+02 3.010040271263763998e-06
3.840000000000000000e+02 2.985623053774420975e-06
3.850000000000000000e+02 3.027309177011169347e-06
3.860000000000000000e+02 2.980907225016431137e-06
3.870000000000000000e+02 2.964410775688753577e-06
3.880000000000000000e+02 2.952840214017198897e-06
3.890000000000000000e+02 2.944874150656118919e-06
3.900000000000000000e+02 2.939760390837360565e-06
3.910000000000000000e+02 2.989050759802596853e-06
3.920000000000000000e+02 2.939073769435223296e-06
3.930000000000000000e+02 2.953998333228297610e-06
3.940000000000000000e+02 2.957381260465698761e-06
3.950000000000000000e+02 2.976723424952031650e-06
3.960000000000000000e+02 2.913317929783357082e-06
3.970000000000000000e+02 2.896480312962726504e-06
3.980000000000000000e+02 3.016349171608469921e-06
3.990000000000000000e+02 2.947252826817048310e-06
4.000000000000000000e+02 2.910737864997954800e-06
4.010000000000000000e+02 2.950906263042425705e-06
4.020000000000000000e+02 2.953250919687247491e-06
4.030000000000000000e+02 2.875849096320819515e-06
4.040000000000000000e+02 2.896866558310108695e-06
4.050000000000000000e+02 2.853700960324222168e-06
4.060000000000000000e+02 2.894892823248225467e-06
4.070000000000000000e+02 2.867127431962719142e-06
4.080000000000000000e+02 2.905247016901339221e-06
4.090000000000000000e+02 2.865539405077800010e-06
4.100000000000000000e+02 2.847467709740244454e-06
4.110000000000000000e+02 2.884903952477447955e-06
4.120000000000000000e+02 2.880481423416176347e-06
4.130000000000000000e+02 2.896458069899157205e-06
4.140000000000000000e+02 2.841978145459979848e-06
4.150000000000000000e+02 2.838068051868620243e-06
4.160000000000000000e+02 2.805898783650394280e-06
4.170000000000000000e+02 2.811800969807907582e-06
4.180000000000000000e+02 2.800667828138364003e-06
4.190000000000000000e+02 2.796161694511423852e-06
4.200000000000000000e+02 2.792670990228430780e-06
4.210000000000000000e+02 2.799420490189940191e-06
4.220000000000000000e+02 2.794288343495604312e-06
4.230000000000000000e+02 2.783475310138813157e-06
4.240000000000000000e+02 2.807666819011508474e-06
4.250000000000000000e+02 2.808483713796971165e-06
4.260000000000000000e+02 2.781799616679791452e-06
4.270000000000000000e+02 2.773553629969764037e-06
4.280000000000000000e+02 2.760334053087660108e-06
4.290000000000000000e+02 2.776167245517298130e-06
4.300000000000000000e+02 2.744282558924372742e-06
4.310000000000000000e+02 2.763630121131601809e-06
4.320000000000000000e+02 2.764265153594968286e-06
4.330000000000000000e+02 2.773480144236640012e-06
4.340000000000000000e+02 2.897846061437596415e-06
4.350000000000000000e+02 2.804987124146313635e-06
4.360000000000000000e+02 2.717986226765983193e-06
4.370000000000000000e+02 2.740059658805637405e-06
4.380000000000000000e+02 2.728258996333753544e-06
4.390000000000000000e+02 2.738593234804808506e-06
4.400000000000000000e+02 2.763508357734729954e-06
4.410000000000000000e+02 2.712023079372259976e-06
4.420000000000000000e+02 2.700211666222211648e-06
4.430000000000000000e+02 2.713491952208899892e-06
4.440000000000000000e+02 2.681849863768824307e-06
4.450000000000000000e+02 2.691213674316960161e-06
4.460000000000000000e+02 2.686590936725396454e-06
4.470000000000000000e+02 2.674591947507772421e-06
4.480000000000000000e+02 2.672522686329956345e-06
4.490000000000000000e+02 2.731027589416054755e-06
4.500000000000000000e+02 2.682447807836175071e-06
4.510000000000000000e+02 2.659282577570681571e-06
4.520000000000000000e+02 2.666454423278305547e-06
4.530000000000000000e+02 2.656464584644986536e-06
4.540000000000000000e+02 2.661270952895215059e-06
4.550000000000000000e+02 2.644434632053933014e-06
4.560000000000000000e+02 2.650377653798205948e-06
4.570000000000000000e+02 2.645656400804564150e-06
4.580000000000000000e+02 2.640226717760299289e-06
4.590000000000000000e+02 2.672286653761016319e-06
4.600000000000000000e+02 2.680511750278507882e-06
4.610000000000000000e+02 2.672009209307613407e-06
4.620000000000000000e+02 2.643536050985726424e-06
4.630000000000000000e+02 2.688691510758893764e-06
4.640000000000000000e+02 2.641530558789785090e-06
4.650000000000000000e+02 2.644397787827435313e-06
4.660000000000000000e+02 2.645111140937928535e-06
4.670000000000000000e+02 2.613709146567729334e-06
4.680000000000000000e+02 2.623857159260206942e-06
4.690000000000000000e+02 2.634843537300501899e-06
4.700000000000000000e+02 2.644494907757490657e-06
4.710000000000000000e+02 2.608796980618215855e-06
4.720000000000000000e+02 2.600679283876256283e-06
4.730000000000000000e+02 2.600772628461995452e-06
4.740000000000000000e+02 2.596962985664099835e-06
4.750000000000000000e+02 2.596939291970848817e-06
4.760000000000000000e+02 2.582423487565445958e-06
4.770000000000000000e+02 2.590934511503663134e-06
4.780000000000000000e+02 2.620722186624311106e-06
4.790000000000000000e+02 2.600709836187204485e-06
4.800000000000000000e+02 2.574566794991778088e-06
4.810000000000000000e+02 2.571994254348289589e-06
4.820000000000000000e+02 2.607942094294883156e-06
4.830000000000000000e+02 2.570860180303635263e-06
4.840000000000000000e+02 2.566255874594389403e-06
4.850000000000000000e+02 2.562366718044165986e-06
4.860000000000000000e+02 2.571339927396689612e-06
4.870000000000000000e+02 2.553917121612690245e-06
4.880000000000000000e+02 2.564927105551724823e-06
4.890000000000000000e+02 2.551506967079898942e-06
4.900000000000000000e+02 2.555539952179692544e-06
4.910000000000000000e+02 2.538449950124264657e-06
4.920000000000000000e+02 2.553817892856388543e-06
4.930000000000000000e+02 2.540135695990206537e-06
4.940000000000000000e+02 2.558837155081606713e-06
4.950000000000000000e+02 2.550754071112689413e-06
4.960000000000000000e+02 2.564481734568862446e-06
4.970000000000000000e+02 2.524933113892975916e-06
4.980000000000000000e+02 2.547482485722636054e-06
4.990000000000000000e+02 2.528272656237896317e-06
5.000000000000000000e+02 2.529901544367847991e-06
5.010000000000000000e+02 2.539861685882831370e-06
5.020000000000000000e+02 2.521174564228708374e-06
5.030000000000000000e+02 2.506716816818496070e-06
5.040000000000000000e+02 2.529108332365764713e-06
5.050000000000000000e+02 2.508962757331484581e-06
5.060000000000000000e+02 2.519327548719696096e-06
5.070000000000000000e+02 2.515976200548141477e-06
5.080000000000000000e+02 2.506569323740587651e-06
5.090000000000000000e+02 2.498737440131614704e-06
5.100000000000000000e+02 2.500218377590574101e-06
5.110000000000000000e+02 2.510747452056272344e-06
5.120000000000000000e+02 2.504481794362640361e-06
5.130000000000000000e+02 2.513411991893898355e-06
5.140000000000000000e+02 2.511076669551664879e-06
5.150000000000000000e+02 2.489714260974953259e-06
5.160000000000000000e+02 2.485618254442283241e-06
5.170000000000000000e+02 2.495519881000076326e-06
5.180000000000000000e+02 2.512528828788377659e-06
5.190000000000000000e+02 2.498085309186731194e-06
5.200000000000000000e+02 2.494089346746758723e-06
5.210000000000000000e+02 2.480203543380437042e-06
5.220000000000000000e+02 2.474664235162247218e-06
5.230000000000000000e+02 2.475910036126955275e-06
5.240000000000000000e+02 2.482482327859189461e-06
5.250000000000000000e+02 2.465487413898299109e-06
5.260000000000000000e+02 2.477905059890392413e-06
5.270000000000000000e+02 2.475851150275654082e-06
5.280000000000000000e+02 2.455417270549745132e-06
5.290000000000000000e+02 2.460020869377298495e-06
5.300000000000000000e+02 2.476160351419995320e-06
5.310000000000000000e+02 2.455072916608915061e-06
5.320000000000000000e+02 2.445226347115449184e-06
5.330000000000000000e+02 2.458227690311208688e-06
5.340000000000000000e+02 2.457001799731180233e-06
5.350000000000000000e+02 2.449813759069465882e-06
5.360000000000000000e+02 2.462395385481127858e-06
5.370000000000000000e+02 2.449018872577870474e-06
5.380000000000000000e+02 2.460531041359794862e-06
5.390000000000000000e+02 2.437174993828008970e-06
5.400000000000000000e+02 2.440070798063906830e-06
5.410000000000000000e+02 2.437427486987673155e-06
5.420000000000000000e+02 2.447060248520060067e-06
5.430000000000000000e+02 2.446522056267862483e-06
5.440000000000000000e+02 2.457157601293076570e-06
5.450000000000000000e+02 2.437095064604763545e-06
5.460000000000000000e+02 2.440977106976956547e-06
5.470000000000000000e+02 2.451617478415088538e-06
5.480000000000000000e+02 2.455177882359417082e-06
5.490000000000000000e+02 2.423884401796656351e-06
5.500000000000000000e+02 2.415242904664412610e-06
5.510000000000000000e+02 2.421575201139668075e-06
5.520000000000000000e+02 2.480832678858674767e-06
5.530000000000000000e+02 2.476014986195380890e-06
5.540000000000000000e+02 2.421169208460181042e-06
5.550000000000000000e+02 2.434985398108271725e-06
5.560000000000000000e+02 2.406330510401952364e-06
5.570000000000000000e+02 2.402252529890196816e-06
5.580000000000000000e+02 2.401331788107500231e-06
5.590000000000000000e+02 2.412498026374125582e-06
5.600000000000000000e+02 2.406501368073855815e-06
5.610000000000000000e+02 2.419945151645696498e-06
5.620000000000000000e+02 2.414087772457076347e-06
5.630000000000000000e+02 2.414450893093030880e-06
5.640000000000000000e+02 2.402084173831380966e-06
5.650000000000000000e+02 2.437703379391857399e-06
5.660000000000000000e+02 2.421437391139351764e-06
5.670000000000000000e+02 2.418189060679881273e-06
5.680000000000000000e+02 2.416385726320444377e-06
5.690000000000000000e+02 2.400645725865232823e-06
5.700000000000000000e+02 2.399952157467362588e-06
5.710000000000000000e+02 2.405369032422543849e-06
5.720000000000000000e+02 2.389131588365447650e-06
5.730000000000000000e+02 2.388221648621200864e-06
5.740000000000000000e+02 2.424561958545307009e-06
5.750000000000000000e+02 2.389132369527015136e-06
5.760000000000000000e+02 2.383649148385197464e-06
5.770000000000000000e+02 2.379772602836121889e-06
5.780000000000000000e+02 2.382018450704257530e-06
5.790000000000000000e+02 2.377606650421781847e-06
5.800000000000000000e+02 2.385011281878258587e-06
5.810000000000000000e+02 2.387811803132630928e-06
5.820000000000000000e+02 2.389718994847374981e-06
5.830000000000000000e+02 2.411261658197647660e-06
5.840000000000000000e+02 2.394600378279637138e-06
5.850000000000000000e+02 2.385266682809062053e-06
5.860000000000000000e+02 2.372466167553936605e-06
5.870000000000000000e+02 2.370206016297494058e-06
5.880000000000000000e+02 2.368930314886948473e-06
5.890000000000000000e+02 2.390563033829062380e-06
5.900000000000000000e+02 2.363360999803595594e-06
5.910000000000000000e+02 2.359842841343758709e-06
5.920000000000000000e+02 2.359871724839941139e-06
5.930000000000000000e+02 2.363935306634433921e-06
5.940000000000000000e+02 2.362119788243967939e-06
5.950000000000000000e+02 2.355324718476601946e-06
5.960000000000000000e+02 2.369835833304798475e-06
5.970000000000000000e+02 2.381838272848366313e-06
5.980000000000000000e+02 2.357065865458034341e-06
5.990000000000000000e+02 2.356105247140012703e-06
6.000000000000000000e+02 2.393261435665457031e-06
6.010000000000000000e+02 2.376479257180711158e-06
6.020000000000000000e+02 2.358126881459619898e-06
6.030000000000000000e+02 2.347949553824169911e-06
6.040000000000000000e+02 2.352120179880058691e-06
6.050000000000000000e+02 2.348340318395707070e-06
6.060000000000000000e+02 2.342747017046197828e-06
6.070000000000000000e+02 2.346202731710451782e-06
6.080000000000000000e+02 2.352233497653969118e-06
6.090000000000000000e+02 2.341245734020889329e-06
6.100000000000000000e+02 2.350684111455108539e-06
6.110000000000000000e+02 2.341079486761225795e-06
6.120000000000000000e+02 2.338313216608625993e-06
6.130000000000000000e+02 2.344643089774077039e-06
6.140000000000000000e+02 2.342767005993800776e-06
6.150000000000000000e+02 2.348915104099327550e-06
6.160000000000000000e+02 2.344556695625099410e-06
6.170000000000000000e+02 2.331868068316750791e-06
6.180000000000000000e+02 2.334220189383412743e-06
6.190000000000000000e+02 2.336664406010881682e-06
6.200000000000000000e+02 2.330105232865733172e-06
6.210000000000000000e+02 2.329927508930326957e-06
6.220000000000000000e+02 2.331333262169421180e-06
6.230000000000000000e+02 2.329434741096726306e-06
6.240000000000000000e+02 2.332737888978198465e-06
6.250000000000000000e+02 2.324790031860941765e-06
6.260000000000000000e+02 2.324436425156012063e-06
6.270000000000000000e+02 2.321728846407520225e-06
6.280000000000000000e+02 2.323275893763483695e-06
6.290000000000000000e+02 2.322949206638894728e-06
6.300000000000000000e+02 2.321644500959257184e-06
6.310000000000000000e+02 2.316910811564417588e-06
6.320000000000000000e+02 2.317816276361023894e-06
6.330000000000000000e+02 2.318786316208162215e-06
6.340000000000000000e+02 2.332875710386183409e-06
6.350000000000000000e+02 2.321300956647085937e-06
6.360000000000000000e+02 2.341674758506277183e-06
6.370000000000000000e+02 2.344065975721453175e-06
6.380000000000000000e+02 2.335378814124334409e-06
6.390000000000000000e+02 2.313282409940471245e-06
6.400000000000000000e+02 2.309553167134373656e-06
6.410000000000000000e+02 2.314172539986508596e-06
6.420000000000000000e+02 2.311762039328209260e-06
6.430000000000000000e+02 2.344090195302332146e-06
6.440000000000000000e+02 2.311205131471274812e-06
6.450000000000000000e+02 2.306962721778136852e-06
6.460000000000000000e+02 2.307302239470874182e-06
6.470000000000000000e+02 2.308287728935857424e-06
6.480000000000000000e+02 2.309923708789152782e-06
6.490000000000000000e+02 2.314481165861438649e-06
6.500000000000000000e+02 2.303251602346735500e-06
6.510000000000000000e+02 2.304413454229545726e-06
6.520000000000000000e+02 2.302951595428718183e-06
6.530000000000000000e+02 2.313628798944549977e-06
6.540000000000000000e+02 2.302814824019985518e-06
6.550000000000000000e+02 2.300792278651416832e-06
6.560000000000000000e+02 2.320286408888960522e-06
6.570000000000000000e+02 2.295095922685508510e-06
6.580000000000000000e+02 2.299060796202732489e-06
6.590000000000000000e+02 2.324772702352457648e-06
6.600000000000000000e+02 2.325951697613579081e-06
6.610000000000000000e+02 2.307699701343713713e-06
6.620000000000000000e+02 2.296209170614632252e-06
6.630000000000000000e+02 2.309257132558664384e-06
6.640000000000000000e+02 2.299899494832956383e-06
6.650000000000000000e+02 2.293177243400438269e-06
6.660000000000000000e+02 2.292758624839733782e-06
6.670000000000000000e+02 2.290945339070479696e-06
6.680000000000000000e+02 2.290855962222465240e-06
6.690000000000000000e+02 2.285842343472940596e-06
6.700000000000000000e+02 2.290063078679972217e-06
6.710000000000000000e+02 2.293795800602512717e-06
6.720000000000000000e+02 2.280848940881485071e-06
6.730000000000000000e+02 2.286402336321568266e-06
6.740000000000000000e+02 2.283678637998889177e-06
6.750000000000000000e+02 2.283247456999713386e-06
6.760000000000000000e+02 2.292780815654994338e-06
6.770000000000000000e+02 2.293246655951640100e-06
6.780000000000000000e+02 2.292228110340426306e-06
6.790000000000000000e+02 2.290171242173984569e-06
6.800000000000000000e+02 2.279506945493029547e-06
6.810000000000000000e+02 2.279311366468443391e-06
6.820000000000000000e+02 2.289296258653792992e-06
6.830000000000000000e+02 2.292445906442269084e-06
6.840000000000000000e+02 2.284682515127404461e-06
6.850000000000000000e+02 2.289105754483000360e-06
6.860000000000000000e+02 2.271511662310001284e-06
6.870000000000000000e+02 2.272623251354327664e-06
6.880000000000000000e+02 2.277615220410311820e-06
6.890000000000000000e+02 2.277909437550114087e-06
6.900000000000000000e+02 2.278557354958190537e-06
6.910000000000000000e+02 2.284654622808789249e-06
6.920000000000000000e+02 2.282476193588638872e-06
6.930000000000000000e+02 2.279050393896616415e-06
6.940000000000000000e+02 2.269210919196066661e-06
6.950000000000000000e+02 2.273307689352533154e-06
6.960000000000000000e+02 2.284518379875423130e-06
6.970000000000000000e+02 2.265430636373975748e-06
6.980000000000000000e+02 2.272846976173337473e-06
6.990000000000000000e+02 2.268624807490577834e-06
7.000000000000000000e+02 2.268768228096010904e-06
7.010000000000000000e+02 2.270541674560047900e-06
7.020000000000000000e+02 2.262615190351211613e-06
7.030000000000000000e+02 2.262035244387620121e-06
7.040000000000000000e+02 2.265510486733800185e-06
7.050000000000000000e+02 2.259984169101279333e-06
7.060000000000000000e+02 2.269401099043129325e-06
7.070000000000000000e+02 2.262083917665313369e-06
7.080000000000000000e+02 2.258973924571710980e-06
7.090000000000000000e+02 2.260987250115832340e-06
7.100000000000000000e+02 2.266351809675280512e-06
7.110000000000000000e+02 2.273590627058380598e-06
7.120000000000000000e+02 2.257013857555141927e-06
7.130000000000000000e+02 2.262662934626806037e-06
7.140000000000000000e+02 2.261410379331036275e-06
7.150000000000000000e+02 2.257085061374388854e-06
7.160000000000000000e+02 2.259284669483019997e-06
7.170000000000000000e+02 2.263404422558354330e-06
7.180000000000000000e+02 2.260488863072144912e-06
7.190000000000000000e+02 2.258856405352894494e-06
7.200000000000000000e+02 2.250971531333527575e-06
7.210000000000000000e+02 2.252572608568623796e-06
7.220000000000000000e+02 2.253952688182429132e-06
7.230000000000000000e+02 2.252176115009380973e-06
7.240000000000000000e+02 2.256658879590519550e-06
7.250000000000000000e+02 2.252326324292045742e-06
7.260000000000000000e+02 2.254233613144486681e-06
7.270000000000000000e+02 2.253507813846128708e-06
7.280000000000000000e+02 2.253684423456084942e-06
7.290000000000000000e+02 2.250917190969290519e-06
7.300000000000000000e+02 2.266159270248343135e-06
7.310000000000000000e+02 2.247218082733160385e-06
7.320000000000000000e+02 2.243218609563755936e-06
7.330000000000000000e+02 2.249117189948057064e-06
7.340000000000000000e+02 2.264411986508842698e-06
7.350000000000000000e+02 2.259816328143824384e-06
7.360000000000000000e+02 2.247136506412397176e-06
7.370000000000000000e+02 2.244916055697836350e-06
7.380000000000000000e+02 2.255343161038987235e-06
7.390000000000000000e+02 2.251729328903143432e-06
7.400000000000000000e+02 2.247407641532615109e-06
7.410000000000000000e+02 2.240188689412552168e-06
7.420000000000000000e+02 2.241237320680901930e-06
7.430000000000000000e+02 2.240307017964831414e-06
7.440000000000000000e+02 2.238567492319095809e-06
7.450000000000000000e+02 2.239507651751343446e-06
7.460000000000000000e+02 2.239336472414800558e-06
7.470000000000000000e+02 2.240235726192590684e-06
7.480000000000000000e+02 2.250207822600516572e-06
7.490000000000000000e+02 2.251725455333813657e-06
7.500000000000000000e+02 2.244559561940311840e-06
7.510000000000000000e+02 2.246958546461887507e-06
7.520000000000000000e+02 2.235586815770704648e-06
7.530000000000000000e+02 2.243856606024309581e-06
7.540000000000000000e+02 2.241130892510150432e-06
7.550000000000000000e+02 2.234500318017592073e-06
7.560000000000000000e+02 2.243221780580657805e-06
7.570000000000000000e+02 2.237296337762679798e-06
7.580000000000000000e+02 2.244606922646723616e-06
7.590000000000000000e+02 2.243812435725577229e-06
7.600000000000000000e+02 2.246447023202557556e-06
7.610000000000000000e+02 2.234430087921338200e-06
7.620000000000000000e+02 2.234149201154730888e-06
7.630000000000000000e+02 2.238579332247542451e-06
7.640000000000000000e+02 2.239127985226414510e-06
7.650000000000000000e+02 2.238792485995176693e-06
7.660000000000000000e+02 2.229534191026909009e-06
7.670000000000000000e+02 2.235850514081495063e-06
7.680000000000000000e+02 2.233409087358935409e-06
7.690000000000000000e+02 2.231390947320636930e-06
7.700000000000000000e+02 2.233355927121706754e-06
7.710000000000000000e+02 2.233322573359664912e-06
7.720000000000000000e+02 2.228125695869567446e-06
7.730000000000000000e+02 2.246768037347752997e-06
7.740000000000000000e+02 2.236089816598931466e-06
7.750000000000000000e+02 2.226591898667468776e-06
7.760000000000000000e+02 2.227971177106860028e-06
7.770000000000000000e+02 2.229421679476074197e-06
7.780000000000000000e+02 2.224681536074358057e-06
7.790000000000000000e+02 2.227316489417029721e-06
7.800000000000000000e+02 2.226674572483546421e-06
7.810000000000000000e+02 2.225249263488538082e-06
7.820000000000000000e+02 2.235103897696246734e-06
7.830000000000000000e+02 2.222890776916628063e-06
7.840000000000000000e+02 2.222439081757846190e-06
7.850000000000000000e+02 2.231796273891171721e-06
7.860000000000000000e+02 2.223233687296896977e-06
7.870000000000000000e+02 2.224142848131750910e-06
7.880000000000000000e+02 2.222833825760149719e-06
7.890000000000000000e+02 2.224542070945536081e-06
7.900000000000000000e+02 2.219208438783780526e-06
7.910000000000000000e+02 2.220722098075342399e-06
7.920000000000000000e+02 2.217200485408115814e-06
7.930000000000000000e+02 2.217239301478714937e-06
7.940000000000000000e+02 2.217873714050880971e-06
7.950000000000000000e+02 2.224017040226695016e-06
7.960000000000000000e+02 2.219327462956016401e-06
7.970000000000000000e+02 2.221193190534917907e-06
7.980000000000000000e+02 2.219538958839612687e-06
7.990000000000000000e+02 2.216730782503644046e-06
8.000000000000000000e+02 2.217023251159522850e-06
8.010000000000000000e+02 2.216788817963615687e-06
8.020000000000000000e+02 2.215308258133741721e-06
8.030000000000000000e+02 2.219528726025622648e-06
8.040000000000000000e+02 2.213335600507349037e-06
8.050000000000000000e+02 2.216056505556229947e-06
8.060000000000000000e+02 2.212995676529617318e-06
8.070000000000000000e+02 2.215266974147270275e-06
8.080000000000000000e+02 2.222864134365890759e-06
8.090000000000000000e+02 2.223214761907125937e-06
8.100000000000000000e+02 2.214716970688440522e-06
8.110000000000000000e+02 2.214165745315167887e-06
8.120000000000000000e+02 2.209850146736334640e-06
8.130000000000000000e+02 2.210447325971497750e-06
8.140000000000000000e+02 2.212693768546285700e-06
8.150000000000000000e+02 2.211976906025724005e-06
8.160000000000000000e+02 2.211433368207751809e-06
8.170000000000000000e+02 2.220300497838475531e-06
8.180000000000000000e+02 2.212810781448501246e-06
8.190000000000000000e+02 2.207682648271363737e-06
8.200000000000000000e+02 2.210803290521418177e-06
8.210000000000000000e+02 2.218691410104936374e-06
8.220000000000000000e+02 2.213786050247098454e-06
8.230000000000000000e+02 2.207457473525440623e-06
8.240000000000000000e+02 2.213079053504670033e-06
8.250000000000000000e+02 2.215188383640825618e-06
8.260000000000000000e+02 2.216599397624139105e-06
8.270000000000000000e+02 2.206032440433412437e-06
8.280000000000000000e+02 2.207879331540244552e-06
8.290000000000000000e+02 2.212561803426513948e-06
8.300000000000000000e+02 2.206881816583537193e-06
8.310000000000000000e+02 2.205043482870234485e-06
8.320000000000000000e+02 2.205018652130225772e-06
8.330000000000000000e+02 2.204928149071867987e-06
8.340000000000000000e+02 2.210822273703488265e-06
8.350000000000000000e+02 2.216623819212972659e-06
8.360000000000000000e+02 2.209312374849042491e-06
8.370000000000000000e+02 2.204802540607450894e-06
8.380000000000000000e+02 2.201180918251898932e-06
8.390000000000000000e+02 2.205380407073399071e-06
8.400000000000000000e+02 2.212386052921950046e-06
8.410000000000000000e+02 2.201822217469525451e-06
8.420000000000000000e+02 2.202893246287818378e-06
8.430000000000000000e+02 2.207184463648794083e-06
8.440000000000000000e+02 2.202962849084550127e-06
8.450000000000000000e+02 2.204110547923257052e-06
8.460000000000000000e+02 2.201763005329214799e-06
8.470000000000000000e+02 2.205094990427682291e-06
8.480000000000000000e+02 2.202184902043161342e-06
8.490000000000000000e+02 2.202271203064745408e-06
8.500000000000000000e+02 2.201461551554210675e-06
8.510000000000000000e+02 2.198322014176975471e-06
8.520000000000000000e+02 2.199116900346686078e-06
8.530000000000000000e+02 2.202328134230922207e-06
8.540000000000000000e+02 2.204882598634918145e-06
8.550000000000000000e+02 2.200025850143473903e-06
8.560000000000000000e+02 2.198746118823883132e-06
8.570000000000000000e+02 2.197223222438100758e-06
8.580000000000000000e+02 2.197911264899640415e-06
8.590000000000000000e+02 2.196360760660411908e-06
8.600000000000000000e+02 2.200601692343032192e-06
8.610000000000000000e+02 2.204961600091969249e-06
8.620000000000000000e+02 2.198653761517069246e-06
8.630000000000000000e+02 2.199688277442561184e-06
8.640000000000000000e+02 2.196297910003365561e-06
8.650000000000000000e+02 2.207676356704883715e-06
8.660000000000000000e+02 2.194261037492287832e-06
8.670000000000000000e+02 2.195976855923389395e-06
8.680000000000000000e+02 2.194830800612684829e-06
8.690000000000000000e+02 2.195152677700641867e-06
8.700000000000000000e+02 2.193080032044142915e-06
8.710000000000000000e+02 2.193154563653230171e-06
8.720000000000000000e+02 2.193986735729250404e-06
8.730000000000000000e+02 2.192160783403502030e-06
8.740000000000000000e+02 2.190900823596344420e-06
8.750000000000000000e+02 2.192492600215091757e-06
8.760000000000000000e+02 2.190496642195788624e-06
8.770000000000000000e+02 2.194935910356942621e-06
8.780000000000000000e+02 2.192158404722786175e-06
8.790000000000000000e+02 2.191171821673460690e-06
8.800000000000000000e+02 2.195707085828121004e-06
8.810000000000000000e+02 2.192454931663808989e-06
8.820000000000000000e+02 2.193651067900495879e-06
8.830000000000000000e+02 2.191121709869812152e-06
8.840000000000000000e+02 2.190335050504836191e-06
8.850000000000000000e+02 2.190042218284735883e-06
8.860000000000000000e+02 2.191424059684194700e-06
8.870000000000000000e+02 2.191061981759315611e-06
8.880000000000000000e+02 2.191065631560288179e-06
8.890000000000000000e+02 2.196214050365752821e-06
8.900000000000000000e+02 2.193395078005001491e-06
8.910000000000000000e+02 2.188723545663434396e-06
8.920000000000000000e+02 2.188292850014559627e-06
8.930000000000000000e+02 2.199317668360704733e-06
8.940000000000000000e+02 2.197418258033965889e-06
8.950000000000000000e+02 2.194997896265688552e-06
8.960000000000000000e+02 2.191416927177574093e-06
8.970000000000000000e+02 2.185526621917467530e-06
8.980000000000000000e+02 2.194581266038012445e-06
8.990000000000000000e+02 2.188909032750920609e-06
9.000000000000000000e+02 2.187075180786030434e-06
9.010000000000000000e+02 2.192815344572707102e-06
9.020000000000000000e+02 2.185828533868454362e-06
9.030000000000000000e+02 2.185660906767688356e-06
9.040000000000000000e+02 2.184985461229091421e-06
9.050000000000000000e+02 2.184564188765314087e-06
9.060000000000000000e+02 2.187940133893087448e-06
9.070000000000000000e+02 2.184242488458505024e-06
9.080000000000000000e+02 2.186444428112315038e-06
9.090000000000000000e+02 2.185083157909158413e-06
9.100000000000000000e+02 2.190055907765403363e-06
9.110000000000000000e+02 2.182632076111358539e-06
9.120000000000000000e+02 2.184777179186655718e-06
9.130000000000000000e+02 2.183327524769585146e-06
9.140000000000000000e+02 2.197294750308120440e-06
9.150000000000000000e+02 2.184097645671350912e-06
9.160000000000000000e+02 2.182717492322073486e-06
9.170000000000000000e+02 2.181816485182559734e-06
9.180000000000000000e+02 2.180672318470741415e-06
9.190000000000000000e+02 2.185900661484426475e-06
9.200000000000000000e+02 2.181911207533872921e-06
9.210000000000000000e+02 2.180701177997098883e-06
9.220000000000000000e+02 2.183626124439376366e-06
9.230000000000000000e+02 2.185522265733577393e-06
9.240000000000000000e+02 2.188374474115257074e-06
9.250000000000000000e+02 2.181405571549748071e-06
9.260000000000000000e+02 2.180770390214588066e-06
9.270000000000000000e+02 2.180165357079180970e-06
9.280000000000000000e+02 2.182756768767074275e-06
9.290000000000000000e+02 2.181693232880687493e-06
9.300000000000000000e+02 2.183693889548747026e-06
9.310000000000000000e+02 2.181466244133721666e-06
9.320000000000000000e+02 2.179131236080066043e-06
9.330000000000000000e+02 2.180500771367196473e-06
9.340000000000000000e+02 2.178096036642668854e-06
9.350000000000000000e+02 2.179576759270861160e-06
9.360000000000000000e+02 2.186629450895361950e-06
9.370000000000000000e+02 2.182546380008189501e-06
9.380000000000000000e+02 2.184183705602161924e-06
9.390000000000000000e+02 2.178246371895702962e-06
9.400000000000000000e+02 2.182439898865257444e-06
9.410000000000000000e+02 2.178369272526735588e-06
9.420000000000000000e+02 2.181628741919809985e-06
9.430000000000000000e+02 2.179363680504944514e-06
9.440000000000000000e+02 2.182135154897679245e-06
9.450000000000000000e+02 2.174802500609291216e-06
9.460000000000000000e+02 2.178110640956293427e-06
9.470000000000000000e+02 2.178280764968479750e-06
9.480000000000000000e+02 2.178456468322260923e-06
9.490000000000000000e+02 2.176527577155645077e-06
9.500000000000000000e+02 2.174946162938848438e-06
9.510000000000000000e+02 2.173435532431240942e-06
9.520000000000000000e+02 2.180718925103925516e-06
9.530000000000000000e+02 2.175014991971971781e-06
9.540000000000000000e+02 2.181426844808459867e-06
9.550000000000000000e+02 2.176500923622521254e-06
9.560000000000000000e+02 2.177013203280499840e-06
9.570000000000000000e+02 2.174683972190854308e-06
9.580000000000000000e+02 2.177659897654579468e-06
9.590000000000000000e+02 2.173667084143589520e-06
9.600000000000000000e+02 2.173768291239121329e-06
9.610000000000000000e+02 2.171898539920539109e-06
9.620000000000000000e+02 2.176915548063886968e-06
9.630000000000000000e+02 2.171526361247805522e-06
9.640000000000000000e+02 2.178565048374719794e-06
9.650000000000000000e+02 2.176217352757159645e-06
9.660000000000000000e+02 2.173959188830364224e-06
9.670000000000000000e+02 2.173546862113762007e-06
9.680000000000000000e+02 2.172394288207429663e-06
9.690000000000000000e+02 2.171923461194216810e-06
9.700000000000000000e+02 2.171622592615974951e-06
9.710000000000000000e+02 2.177812911668378521e-06
9.720000000000000000e+02 2.172880440701604345e-06
9.730000000000000000e+02 2.173469664048324174e-06
9.740000000000000000e+02 2.175725299166188455e-06
9.750000000000000000e+02 2.177462835902263179e-06
9.760000000000000000e+02 2.173560296207456372e-06
9.770000000000000000e+02 2.170618765103478849e-06
9.780000000000000000e+02 2.170648887722363261e-06
9.790000000000000000e+02 2.170552712867634914e-06
9.800000000000000000e+02 2.169438185620853402e-06
9.810000000000000000e+02 2.170731746318936271e-06
9.820000000000000000e+02 2.168308602763233148e-06
9.830000000000000000e+02 2.175471429197660412e-06
9.840000000000000000e+02 2.178348771378043467e-06
9.850000000000000000e+02 2.168575444514217341e-06
9.860000000000000000e+02 2.170026975768222985e-06
9.870000000000000000e+02 2.169794544747707821e-06
9.880000000000000000e+02 2.170707849851738023e-06
9.890000000000000000e+02 2.169219819629220036e-06
9.900000000000000000e+02 2.173013742402865250e-06
9.910000000000000000e+02 2.166894451267520370e-06
9.920000000000000000e+02 2.166913475312976793e-06
9.930000000000000000e+02 2.170702867147953521e-06
9.940000000000000000e+02 2.176609613306102546e-06
9.950000000000000000e+02 2.165816432284756358e-06
9.960000000000000000e+02 2.165855667872867556e-06
9.970000000000000000e+02 2.169319026773219015e-06
9.980000000000000000e+02 2.168178731656856983e-06
9.990000000000000000e+02 2.167019273630742338e-06
1.000000000000000000e+03 2.167283626711642870e-06
1.001000000000000000e+03 2.168243394204770131e-06
1.002000000000000000e+03 2.166612721014996739e-06
1.003000000000000000e+03 2.169666740479234094e-06
1.004000000000000000e+03 2.165342662458240385e-06
1.005000000000000000e+03 2.165441442713620847e-06
1.006000000000000000e+03 2.165161201447954865e-06
1.007000000000000000e+03 2.166613401654089799e-06
1.008000000000000000e+03 2.165517040199005561e-06
1.009000000000000000e+03 2.166152511770278111e-06
1.010000000000000000e+03 2.168910850659149046e-06
1.011000000000000000e+03 2.177938449763743739e-06
1.012000000000000000e+03 2.164365602702014056e-06
1.013000000000000000e+03 2.169080996001020044e-06
1.014000000000000000e+03 2.172683589847708079e-06
1.015000000000000000e+03 2.166729419543797306e-06
1.016000000000000000e+03 2.161486184669292231e-06
1.017000000000000000e+03 2.162688497359092153e-06
1.018000000000000000e+03 2.161765147314220516e-06
1.019000000000000000e+03 2.161695592401386982e-06
1.020000000000000000e+03 2.163711815214920538e-06
1.021000000000000000e+03 2.167090907397447889e-06
1.022000000000000000e+03 2.163877900970132699e-06
1.023000000000000000e+03 2.168013757558176149e-06
1.024000000000000000e+03 2.163017339826426949e-06
1.025000000000000000e+03 2.163091609393061022e-06
1.026000000000000000e+03 2.161871239963068377e-06
1.027000000000000000e+03 2.163739961052134602e-06
1.028000000000000000e+03 2.163126608410079194e-06
1.029000000000000000e+03 2.161106087820405302e-06
1.030000000000000000e+03 2.161475511574065752e-06
1.031000000000000000e+03 2.161255907770788329e-06
1.032000000000000000e+03 2.167627611703645626e-06
1.033000000000000000e+03 2.162812905212268553e-06
1.034000000000000000e+03 2.160935825824175520e-06
1.035000000000000000e+03 2.162452102113239563e-06
1.036000000000000000e+03 2.169150713337982409e-06
1.037000000000000000e+03 2.161009470401341134e-06
1.038000000000000000e+03 2.163450677287950790e-06
1.039000000000000000e+03 2.162370208539147237e-06
1.040000000000000000e+03 2.158896158331319083e-06
1.041000000000000000e+03 2.158549376540879799e-06
1.042000000000000000e+03 2.161689324389279626e-06
1.043000000000000000e+03 2.159798064750358769e-06
1.044000000000000000e+03 2.158691436042239876e-06
1.045000000000000000e+03 2.158863714829082700e-06
1.046000000000000000e+03 2.156984520091659997e-06
1.047000000000000000e+03 2.159392200377999572e-06
1.048000000000000000e+03 2.157482068904457391e-06
1.049000000000000000e+03 2.157986062344981244e-06
1.050000000000000000e+03 2.164267147747017961e-06
1.051000000000000000e+03 2.157775761884464569e-06
1.052000000000000000e+03 2.158246700655111309e-06
1.053000000000000000e+03 2.156464594877630441e-06
1.054000000000000000e+03 2.159577993110771307e-06
1.055000000000000000e+03 2.157439175295865855e-06
1.056000000000000000e+03 2.156261629103856026e-06
1.057000000000000000e+03 2.162961731933737430e-06
1.058000000000000000e+03 2.159921646573985758e-06
1.059000000000000000e+03 2.164540484290446420e-06
1.060000000000000000e+03 2.157082366459834966e-06
1.061000000000000000e+03 2.157287846071337788e-06
1.062000000000000000e+03 2.155165766146805462e-06
1.063000000000000000e+03 2.154844849055370178e-06
1.064000000000000000e+03 2.156555267770632977e-06
1.065000000000000000e+03 2.154480043152742067e-06
1.066000000000000000e+03 2.154088574924464149e-06
1.067000000000000000e+03 2.156603613038907722e-06
1.068000000000000000e+03 2.156156294484346842e-06
1.069000000000000000e+03 2.157835664982145819e-06
1.070000000000000000e+03 2.153740602397881367e-06
1.071000000000000000e+03 2.153640223181235744e-06
1.072000000000000000e+03 2.153667536525126331e-06
1.073000000000000000e+03 2.154755770149810020e-06
1.074000000000000000e+03 2.157155331616153926e-06
1.075000000000000000e+03 2.156313491183723909e-06
1.076000000000000000e+03 2.156237647541684007e-06
1.077000000000000000e+03 2.164724765074706768e-06
1.078000000000000000e+03 2.158738758585557649e-06
1.079000000000000000e+03 2.154294212691393643e-06
1.080000000000000000e+03 2.153906872532419689e-06
1.081000000000000000e+03 2.153395491115893008e-06
1.082000000000000000e+03 2.152319103154296019e-06
1.083000000000000000e+03 2.156806890594650212e-06
1.084000000000000000e+03 2.156010776988123123e-06
1.085000000000000000e+03 2.154482932400812816e-06
1.086000000000000000e+03 2.153304408041954912e-06
1.087000000000000000e+03 2.152026476699303846e-06
1.088000000000000000e+03 2.153140120120451507e-06
1.089000000000000000e+03 2.152864080411524498e-06
1.090000000000000000e+03 2.151851628272528581e-06
1.091000000000000000e+03 2.162882317065089601e-06
1.092000000000000000e+03 2.155443372820458492e-06
1.093000000000000000e+03 2.154329630246887211e-06
1.094000000000000000e+03 2.151664998589003375e-06
1.095000000000000000e+03 2.152462652344808667e-06
1.096000000000000000e+03 2.152307747818474769e-06
1.097000000000000000e+03 2.153235821141824031e-06
1.098000000000000000e+03 2.150294211727197104e-06
1.099000000000000000e+03 2.151894427606283631e-06
1.100000000000000000e+03 2.152035101383435360e-06
1.101000000000000000e+03 2.149032205444684593e-06
1.102000000000000000e+03 2.149644717308588538e-06
1.103000000000000000e+03 2.150303244179660658e-06
1.104000000000000000e+03 2.150321062742163851e-06
1.105000000000000000e+03 2.151418153440491809e-06
1.106000000000000000e+03 2.150838680893955116e-06
1.107000000000000000e+03 2.148616177801768123e-06
1.108000000000000000e+03 2.147717976789663598e-06
1.109000000000000000e+03 2.153293181839514609e-06
1.110000000000000000e+03 2.147742360718040548e-06
1.111000000000000000e+03 2.148736034066437369e-06
1.112000000000000000e+03 2.149038034652236327e-06
1.113000000000000000e+03 2.152006557334361878e-06
1.114000000000000000e+03 2.149973191554536386e-06
1.115000000000000000e+03 2.150915559669012698e-06
1.116000000000000000e+03 2.151928964688061513e-06
1.117000000000000000e+03 2.149383172815281982e-06
1.118000000000000000e+03 2.149354452374109958e-06
1.119000000000000000e+03 2.147418172969392185e-06
1.120000000000000000e+03 2.147158762478954860e-06
1.121000000000000000e+03 2.150206190002065468e-06
1.122000000000000000e+03 2.149221584320006135e-06
1.123000000000000000e+03 2.149709727911768036e-06
1.124000000000000000e+03 2.150709771328224403e-06
1.125000000000000000e+03 2.148311253006155697e-06
1.126000000000000000e+03 2.145985915446865909e-06
1.127000000000000000e+03 2.146134744734174613e-06
1.128000000000000000e+03 2.149951750039212808e-06
1.129000000000000000e+03 2.147466137836938923e-06
1.130000000000000000e+03 2.147358923938862056e-06
1.131000000000000000e+03 2.147827749627109071e-06
1.132000000000000000e+03 2.145769713664129306e-06
1.133000000000000000e+03 2.146770548273570282e-06
1.134000000000000000e+03 2.146426348701293065e-06
1.135000000000000000e+03 2.148651358908386312e-06
1.136000000000000000e+03 2.151384641953287657e-06
1.137000000000000000e+03 2.146263829676681144e-06
1.138000000000000000e+03 2.147246189344983926e-06
1.139000000000000000e+03 2.143608328222933393e-06
1.140000000000000000e+03 2.146282475778940131e-06
1.141000000000000000e+03 2.145695861599068893e-06
1.142000000000000000e+03 2.146502782362975049e-06
1.143000000000000000e+03 2.143080518178328940e-06
1.144000000000000000e+03 2.144143805849902609e-06
1.145000000000000000e+03 2.144840440973662191e-06
1.146000000000000000e+03 2.143468761085075534e-06
1.147000000000000000e+03 2.145068198684039302e-06
1.148000000000000000e+03 2.142996010528809224e-06
1.149000000000000000e+03 2.144828101896648289e-06
1.150000000000000000e+03 2.147222935169453427e-06
1.151000000000000000e+03 2.148148552747224690e-06
1.152000000000000000e+03 2.143443995027794666e-06
1.153000000000000000e+03 2.143138579253008046e-06
1.154000000000000000e+03 2.142629833284944152e-06
1.155000000000000000e+03 2.143112020143812059e-06
1.156000000000000000e+03 2.143704134212360768e-06
1.157000000000000000e+03 2.145671326723098066e-06
1.158000000000000000e+03 2.147810124583905008e-06
1.159000000000000000e+03 2.142301633407228566e-06
1.160000000000000000e+03 2.144535901485764996e-06
1.161000000000000000e+03 2.144305193731554452e-06
1.162000000000000000e+03 2.141990604005296708e-06
1.163000000000000000e+03 2.142859312786435421e-06
1.164000000000000000e+03 2.141068988635139055e-06
1.165000000000000000e+03 2.143470738730052449e-06
1.166000000000000000e+03 2.142506171932381118e-06
1.167000000000000000e+03 2.141033655103195002e-06
1.168000000000000000e+03 2.143541505849666792e-06
1.169000000000000000e+03 2.140456422933018420e-06
1.170000000000000000e+03 2.143078511229937200e-06
1.171000000000000000e+03 2.147738011345437954e-06
1.172000000000000000e+03 2.145032921618852111e-06
1.173000000000000000e+03 2.139771888333132045e-06
1.174000000000000000e+03 2.140882129191145674e-06
1.175000000000000000e+03 2.144668786718744768e-06
1.176000000000000000e+03 2.139679947291075063e-06
1.177000000000000000e+03 2.139385029455857477e-06
1.178000000000000000e+03 2.141587178748902733e-06
1.179000000000000000e+03 2.141606632977413218e-06
1.180000000000000000e+03 2.139723564903058628e-06
1.181000000000000000e+03 2.139764475562439007e-06
1.182000000000000000e+03 2.141824062875623924e-06
1.183000000000000000e+03 2.149323466464080992e-06
1.184000000000000000e+03 2.146390947012812841e-06
1.185000000000000000e+03 2.139092525330492642e-06
1.186000000000000000e+03 2.143168826091813576e-06
1.187000000000000000e+03 2.138419385778634666e-06
1.188000000000000000e+03 2.144314559915611629e-06
1.189000000000000000e+03 2.142420154720696361e-06
1.190000000000000000e+03 2.138063743178588633e-06
1.191000000000000000e+03 2.143134054933044421e-06
1.192000000000000000e+03 2.140518966866584652e-06
1.193000000000000000e+03 2.138640101253471897e-06
1.194000000000000000e+03 2.137763066536576053e-06
1.195000000000000000e+03 2.140603208075102687e-06
1.196000000000000000e+03 2.140373843650979507e-06
1.197000000000000000e+03 2.138715643165431517e-06
1.198000000000000000e+03 2.139002986257294948e-06
1.199000000000000000e+03 2.136603667145556969e-06
1.200000000000000000e+03 2.137147761340554441e-06
1.201000000000000000e+03 2.138639005538032028e-06
1.202000000000000000e+03 2.140562098347616642e-06
1.203000000000000000e+03 2.140304351216844963e-06
1.204000000000000000e+03 2.138736600343699871e-06
1.205000000000000000e+03 2.138421965051143943e-06
1.206000000000000000e+03 2.138275425328607313e-06
1.207000000000000000e+03 2.137048777686244335e-06
1.208000000000000000e+03 2.137646692726550185e-06
1.209000000000000000e+03 2.139142465326363248e-06
1.210000000000000000e+03 2.139824591090788152e-06
1.211000000000000000e+03 2.135859446796361972e-06
1.212000000000000000e+03 2.136461577683400222e-06
1.213000000000000000e+03 2.140083864191443817e-06
1.214000000000000000e+03 2.137790334317878734e-06
1.215000000000000000e+03 2.136038160946664672e-06
1.216000000000000000e+03 2.136475045217838454e-06
1.217000000000000000e+03 2.136865002669910018e-06
1.218000000000000000e+03 2.134693121123116667e-06
1.219000000000000000e+03 2.136545744272934897e-06
1.220000000000000000e+03 2.135513048468758655e-06
1.221000000000000000e+03 2.135381661382172151e-06
1.222000000000000000e+03 2.136023397289647177e-06
1.223000000000000000e+03 2.137166924868660164e-06
1.224000000000000000e+03 2.134478037645757073e-06
1.225000000000000000e+03 2.134907811854634801e-06
1.226000000000000000e+03 2.133864722841624378e-06
1.227000000000000000e+03 2.135357308852136804e-06
1.228000000000000000e+03 2.136091776787327284e-06
1.229000000000000000e+03 2.133510930468859878e-06
1.230000000000000000e+03 2.135897208999688393e-06
1.231000000000000000e+03 2.137313527465613060e-06
1.232000000000000000e+03 2.133748150645302698e-06
1.233000000000000000e+03 2.135796106736333374e-06
1.234000000000000000e+03 2.138004997005336230e-06
1.235000000000000000e+03 2.134966127964390995e-06
1.236000000000000000e+03 2.133518751508492438e-06
1.237000000000000000e+03 2.136542047159436542e-06
1.238000000000000000e+03 2.134308970966059474e-06
1.239000000000000000e+03 2.133291486186093354e-06
1.240000000000000000e+03 2.134583828297000730e-06
1.241000000000000000e+03 2.132369156661008880e-06
1.242000000000000000e+03 2.133256718894846989e-06
1.243000000000000000e+03 2.134564051048855591e-06
1.244000000000000000e+03 2.135298835462747041e-06
1.245000000000000000e+03 2.134984787966406860e-06
1.246000000000000000e+03 2.134803865146639002e-06
1.247000000000000000e+03 2.135818537077644291e-06
1.248000000000000000e+03 2.135915994482285689e-06
1.249000000000000000e+03 2.132483838021053792e-06
1.250000000000000000e+03 2.135482668003759925e-06
1.251000000000000000e+03 2.133477282611717405e-06
1.252000000000000000e+03 2.132499966434021800e-06
1.253000000000000000e+03 2.131957180256808295e-06
1.254000000000000000e+03 2.132007282892437756e-06
1.255000000000000000e+03 2.130935916472331039e-06
1.256000000000000000e+03 2.131139715899540502e-06
1.257000000000000000e+03 2.133982347437956101e-06
1.258000000000000000e+03 2.137896213348016218e-06
1.259000000000000000e+03 2.133238966277005467e-06
1.260000000000000000e+03 2.134850268173044280e-06
1.261000000000000000e+03 2.132028752604824074e-06
1.262000000000000000e+03 2.131168551982293074e-06
1.263000000000000000e+03 2.132957117450298736e-06
1.264000000000000000e+03 2.131182103100691897e-06
1.265000000000000000e+03 2.130221478206409794e-06
1.266000000000000000e+03 2.131606842629525573e-06
1.267000000000000000e+03 2.135371085975422768e-06
1.268000000000000000e+03 2.137889674776504666e-06
1.269000000000000000e+03 2.133047173781646736e-06
1.270000000000000000e+03 2.141621877247251050e-06
1.271000000000000000e+03 2.133759552624774076e-06
1.272000000000000000e+03 2.131163219280313812e-06
1.273000000000000000e+03 2.129212717148693406e-06
1.274000000000000000e+03 2.130359964702745545e-06
1.275000000000000000e+03 2.129715863107777071e-06
1.276000000000000000e+03 2.132860481480795012e-06
1.277000000000000000e+03 2.130720553404653584e-06
1.278000000000000000e+03 2.129074277417749287e-06
1.279000000000000000e+03 2.129342186922531981e-06
1.280000000000000000e+03 2.130065388196342621e-06
1.281000000000000000e+03 2.129068580676028036e-06
1.282000000000000000e+03 2.128587782652825847e-06
1.283000000000000000e+03 2.131078927883468196e-06
1.284000000000000000e+03 2.131767911447255236e-06
1.285000000000000000e+03 2.129770580745868763e-06
1.286000000000000000e+03 2.129029372397744330e-06
1.287000000000000000e+03 2.129191119613746050e-06
1.288000000000000000e+03 2.129109064469118111e-06
1.289000000000000000e+03 2.133994792730529897e-06
1.290000000000000000e+03 2.137322911672643741e-06
1.291000000000000000e+03 2.135012915680252839e-06
1.292000000000000000e+03 2.129737343412892730e-06
1.293000000000000000e+03 2.128391299415471477e-06
1.294000000000000000e+03 2.129792491960327732e-06
1.295000000000000000e+03 2.131555652649853538e-06
1.296000000000000000e+03 2.132457505945848897e-06
1.297000000000000000e+03 2.129217598828167379e-06
1.298000000000000000e+03 2.126944175171661990e-06
1.299000000000000000e+03 2.127641137761571777e-06
1.300000000000000000e+03 2.129478721990656595e-06
1.301000000000000000e+03 2.127909293487613287e-06
1.302000000000000000e+03 2.129333106774320370e-06
1.303000000000000000e+03 2.128129416615531204e-06
1.304000000000000000e+03 2.127488179623284495e-06
1.305000000000000000e+03 2.126340483027962118e-06
1.306000000000000000e+03 2.126689934912098226e-06
1.307000000000000000e+03 2.126901770821027959e-06
1.308000000000000000e+03 2.126203102098708664e-06
1.309000000000000000e+03 2.128541189090606107e-06
1.310000000000000000e+03 2.127239296418844209e-06
1.311000000000000000e+03 2.126595519443831336e-06
1.312000000000000000e+03 2.126375596543932449e-06
1.313000000000000000e+03 2.126480169340360971e-06
1.314000000000000000e+03 2.126715782254698757e-06
1.315000000000000000e+03 2.129288696614618712e-06
1.316000000000000000e+03 2.127014379991579003e-06
1.317000000000000000e+03 2.125628442846883945e-06
1.318000000000000000e+03 2.126167356864598535e-06
1.319000000000000000e+03 2.127502342048364507e-06
1.320000000000000000e+03 2.129159461688467631e-06
1.321000000000000000e+03 2.126212715214230019e-06
1.322000000000000000e+03 2.126629965110012914e-06
1.323000000000000000e+03 2.125619553882519940e-06
1.324000000000000000e+03 2.125605189727696704e-06
1.325000000000000000e+03 2.125146566240520437e-06
1.326000000000000000e+03 2.124887829675100059e-06
1.327000000000000000e+03 2.126030035623123025e-06
1.328000000000000000e+03 2.126241582997142784e-06
1.329000000000000000e+03 2.125311177475358700e-06
1.330000000000000000e+03 2.124311903275975420e-06
1.331000000000000000e+03 2.125360670938971455e-06
1.332000000000000000e+03 2.125839231989378686e-06
1.333000000000000000e+03 2.124964833618056012e-06
1.334000000000000000e+03 2.126411758023305018e-06
1.335000000000000000e+03 2.124307197019944123e-06
1.336000000000000000e+03 2.125433992746587621e-06
1.337000000000000000e+03 2.125380501323713872e-06
1.338000000000000000e+03 2.124750863282464019e-06
1.339000000000000000e+03 2.123755596408070158e-06
1.340000000000000000e+03 2.128531341339079686e-06
1.341000000000000000e+03 2.124286626668213825e-06
1.342000000000000000e+03 2.123578164427084889e-06
1.343000000000000000e+03 2.123318754270863472e-06
1.344000000000000000e+03 2.124522747545170502e-06
1.345000000000000000e+03 2.124512998284791621e-06
1.346000000000000000e+03 2.125318011321966130e-06
1.347000000000000000e+03 2.123751283088495346e-06
1.348000000000000000e+03 2.126243824599938839e-06
1.349000000000000000e+03 2.125386170282784946e-06
1.350000000000000000e+03 2.127088852299415283e-06
1.351000000000000000e+03 2.126243389236739169e-06
1.352000000000000000e+03 2.125005890396125084e-06
1.353000000000000000e+03 2.122657786968151451e-06
1.354000000000000000e+03 2.123226406152563048e-06
1.355000000000000000e+03 2.127034097314073512e-06
1.356000000000000000e+03 2.124729899160566000e-06
1.357000000000000000e+03 2.130330034632061130e-06
1.358000000000000000e+03 2.122898216226693887e-06
1.359000000000000000e+03 2.122675232011096941e-06
1.360000000000000000e+03 2.122406485417742586e-06
1.361000000000000000e+03 2.123527836374044081e-06
1.362000000000000000e+03 2.122798034250823071e-06
1.363000000000000000e+03 2.121909696124336796e-06
1.364000000000000000e+03 2.123441796298520528e-06
1.365000000000000000e+03 2.123225140197245161e-06
1.366000000000000000e+03 2.122639750539805415e-06
1.367000000000000000e+03 2.126537355212112266e-06
1.368000000000000000e+03 2.121682912323118723e-06
1.369000000000000000e+03 2.122150261371630704e-06
1.370000000000000000e+03 2.122843094731061507e-06
1.371000000000000000e+03 2.121860259942325751e-06
1.372000000000000000e+03 2.121594200785925737e-06
1.373000000000000000e+03 2.121938939390543887e-06
1.374000000000000000e+03 2.121220743059649841e-06
1.375000000000000000e+03 2.125566461675130808e-06
1.376000000000000000e+03 2.124264857117212877e-06
1.377000000000000000e+03 2.122565555792029066e-06
1.378000000000000000e+03 2.120757141634510632e-06
1.379000000000000000e+03 2.123172811921742953e-06
1.380000000000000000e+03 2.121309320064191812e-06
1.381000000000000000e+03 2.123112876255024853e-06
1.382000000000000000e+03 2.120535778855617460e-06
1.383000000000000000e+03 2.123836403570175907e-06
1.384000000000000000e+03 2.120524398507379993e-06
1.385000000000000000e+03 2.120401758595785908e-06
1.386000000000000000e+03 2.120136688815891286e-06
1.387000000000000000e+03 2.120675416459994850e-06
1.388000000000000000e+03 2.121015790373304782e-06
1.389000000000000000e+03 2.120812033003178080e-06
1.390000000000000000e+03 2.122355299891468244e-06
1.391000000000000000e+03 2.122835515704691607e-06
1.392000000000000000e+03 2.121833142416292028e-06
1.393000000000000000e+03 2.121503197547370467e-06
1.394000000000000000e+03 2.120340802262375487e-06
1.395000000000000000e+03 2.120177968733708579e-06
1.396000000000000000e+03 2.119770377296933355e-06
1.397000000000000000e+03 2.119260137496318433e-06
1.398000000000000000e+03 2.119837605233298658e-06
1.399000000000000000e+03 2.119416800187033710e-06
1.400000000000000000e+03 2.120691462552769495e-06
1.401000000000000000e+03 2.121104621362034205e-06
1.402000000000000000e+03 2.119401290042472145e-06
1.403000000000000000e+03 2.120352544716571525e-06
1.404000000000000000e+03 2.118924748797306332e-06
1.405000000000000000e+03 2.121355895859487213e-06
1.406000000000000000e+03 2.121073241220583186e-06
1.407000000000000000e+03 2.119524244870899430e-06
1.408000000000000000e+03 2.119837141878809773e-06
1.409000000000000000e+03 2.118821657312075782e-06
1.410000000000000000e+03 2.119575275024327836e-06
1.411000000000000000e+03 2.119448072697586991e-06
1.412000000000000000e+03 2.119548287695675072e-06
1.413000000000000000e+03 2.118204160679048689e-06
1.414000000000000000e+03 2.118425015576533525e-06
1.415000000000000000e+03 2.119460370574463482e-06
1.416000000000000000e+03 2.117850429754227091e-06
1.417000000000000000e+03 2.118036542345348549e-06
1.418000000000000000e+03 2.119117780507821113e-06
1.419000000000000000e+03 2.118486590220009163e-06
1.420000000000000000e+03 2.118042246441360943e-06
1.421000000000000000e+03 2.120686280228010336e-06
1.422000000000000000e+03 2.123199238118340927e-06
1.423000000000000000e+03 2.118670371242980217e-06
1.424000000000000000e+03 2.120224903827548080e-06
1.425000000000000000e+03 2.121364012835722126e-06
1.426000000000000000e+03 2.117379257696372762e-06
1.427000000000000000e+03 2.119270615878335055e-06
1.428000000000000000e+03 2.120312267679672343e-06
1.429000000000000000e+03 2.118361759485372536e-06
1.430000000000000000e+03 2.118359662227489243e-06
1.431000000000000000e+03 2.117319040179204294e-06
1.432000000000000000e+03 2.117436876075898159e-06
1.433000000000000000e+03 2.117402158993045586e-06
1.434000000000000000e+03 2.117211064532861372e-06
1.435000000000000000e+03 2.117859437827353205e-06
1.436000000000000000e+03 2.116482019088509095e-06
1.437000000000000000e+03 2.124383920699715760e-06
1.438000000000000000e+03 2.121459850988039135e-06
1.439000000000000000e+03 2.116763433622540863e-06
1.440000000000000000e+03 2.118969959790688248e-06
1.441000000000000000e+03 2.117411102694153751e-06
1.442000000000000000e+03 2.121337232982922317e-06
1.443000000000000000e+03 2.118638723699904487e-06
1.444000000000000000e+03 2.118204884973842498e-06
1.445000000000000000e+03 2.122007636782096366e-06
1.446000000000000000e+03 2.115840078260669775e-06
1.447000000000000000e+03 2.119833529205126803e-06
1.448000000000000000e+03 2.121164566242701319e-06
1.449000000000000000e+03 2.116805618490440176e-06
1.450000000000000000e+03 2.117205993295683810e-06
1.451000000000000000e+03 2.117127751508500137e-06
1.452000000000000000e+03 2.117010714044170993e-06
1.453000000000000000e+03 2.117986608210231466e-06
1.454000000000000000e+03 2.115987221394383478e-06
1.455000000000000000e+03 2.119298332467166691e-06
1.456000000000000000e+03 2.115795026848136727e-06
1.457000000000000000e+03 2.116191095983467245e-06
1.458000000000000000e+03 2.117494301013355620e-06
1.459000000000000000e+03 2.115296739800470724e-06
1.460000000000000000e+03 2.115875630891587140e-06
1.461000000000000000e+03 2.116853688505678396e-06
1.462000000000000000e+03 2.115105095327111247e-06
1.463000000000000000e+03 2.116321596493510571e-06
1.464000000000000000e+03 2.115289921722820716e-06
1.465000000000000000e+03 2.115013628341972998e-06
1.466000000000000000e+03 2.118718692019502698e-06
1.467000000000000000e+03 2.116021240650784853e-06
1.468000000000000000e+03 2.114603285276106060e-06
1.469000000000000000e+03 2.116186933391034551e-06
1.470000000000000000e+03 2.115975250071254053e-06
1.471000000000000000e+03 2.114819030417937341e-06
1.472000000000000000e+03 2.114897718248436298e-06
1.473000000000000000e+03 2.114860644797322099e-06
1.474000000000000000e+03 2.119559395390017787e-06
1.475000000000000000e+03 2.115288334459743784e-06
1.476000000000000000e+03 2.115517728478778436e-06
1.477000000000000000e+03 2.116528693554313803e-06
1.478000000000000000e+03 2.118013420535965461e-06
1.479000000000000000e+03 2.116638891518079159e-06
1.480000000000000000e+03 2.116763829128615789e-06
1.481000000000000000e+03 2.116783681019812304e-06
1.482000000000000000e+03 2.115967585556524140e-06
1.483000000000000000e+03 2.115651240126140643e-06
1.484000000000000000e+03 2.115234389904382804e-06
1.485000000000000000e+03 2.114917506627557440e-06
1.486000000000000000e+03 2.114738582517821562e-06
1.487000000000000000e+03 2.113206595676041815e-06
1.488000000000000000e+03 2.113341293457314705e-06
1.489000000000000000e+03 2.114845123849483366e-06
1.490000000000000000e+03 2.114567515018515346e-06
1.491000000000000000e+03 2.114356860923598618e-06
1.492000000000000000e+03 2.113031654791709606e-06
1.493000000000000000e+03 2.117150562415820176e-06
1.494000000000000000e+03 2.113475267716356866e-06
1.495000000000000000e+03 2.115154580414503277e-06
1.496000000000000000e+03 2.113926940193394663e-06
1.497000000000000000e+03 2.113762520994399719e-06
1.498000000000000000e+03 2.113800754083444151e-06
1.499000000000000000e+03 2.113146695615077443e-06
1.500000000000000000e+03 2.112639621941688401e-06
1.501000000000000000e+03 2.117124203059913441e-06
1.502000000000000000e+03 2.112477134312304390e-06
1.503000000000000000e+03 2.112794150920329753e-06
1.504000000000000000e+03 2.114885221868463658e-06
1.505000000000000000e+03 2.113967211818458467e-06
1.506000000000000000e+03 2.114267889911602386e-06
1.507000000000000000e+03 2.112410985523521234e-06
1.508000000000000000e+03 2.112489161440795588e-06
1.509000000000000000e+03 2.112543127263442867e-06
1.510000000000000000e+03 2.112352679288620828e-06
1.511000000000000000e+03 2.114328804505186659e-06
1.512000000000000000e+03 2.113858616107452918e-06
1.513000000000000000e+03 2.112710104479216014e-06
1.514000000000000000e+03 2.112740169285502231e-06
1.515000000000000000e+03 2.112311418447124343e-06
1.516000000000000000e+03 2.112336762255962168e-06
1.517000000000000000e+03 2.111684422726974147e-06
1.518000000000000000e+03 2.112303114551379646e-06
1.519000000000000000e+03 2.111784291840106894e-06
1.520000000000000000e+03 2.113078762253599099e-06
1.521000000000000000e+03 2.111998279750883342e-06
1.522000000000000000e+03 2.111848760562739153e-06
1.523000000000000000e+03 2.112105624758258110e-06
1.524000000000000000e+03 2.112774790277772329e-06
1.525000000000000000e+03 2.112369866222625721e-06
1.526000000000000000e+03 2.112993707241613684e-06
1.527000000000000000e+03 2.111979091032765274e-06
1.528000000000000000e+03 2.111995239220798673e-06
1.529000000000000000e+03 2.112190276543975317e-06
1.530000000000000000e+03 2.113244723730619779e-06
1.531000000000000000e+03 2.111705515069652192e-06
1.532000000000000000e+03 2.112085896466876670e-06
1.533000000000000000e+03 2.112189769379352095e-06
1.534000000000000000e+03 2.110774278605326009e-06
1.535000000000000000e+03 2.111346775061274328e-06
1.536000000000000000e+03 2.111319017103719042e-06
1.537000000000000000e+03 2.111936207878249290e-06
1.538000000000000000e+03 2.111203721318414564e-06
1.539000000000000000e+03 2.111690743906173661e-06
1.540000000000000000e+03 2.110897105183655341e-06
1.541000000000000000e+03 2.110440053316539254e-06
1.542000000000000000e+03 2.111795365327441622e-06
1.543000000000000000e+03 2.110790932126979036e-06
1.544000000000000000e+03 2.111820165241725452e-06
1.545000000000000000e+03 2.111703359097631610e-06
1.546000000000000000e+03 2.110629506403583938e-06
1.547000000000000000e+03 2.113820256846333497e-06
1.548000000000000000e+03 2.112553481387321514e-06
1.549000000000000000e+03 2.111644121769054771e-06
1.550000000000000000e+03 2.111192244478810395e-06
1.551000000000000000e+03 2.111717140810639291e-06
1.552000000000000000e+03 2.112350318786606756e-06
1.553000000000000000e+03 2.111447009757813670e-06
1.554000000000000000e+03 2.110182334284908223e-06
1.555000000000000000e+03 2.111635482447365530e-06
1.556000000000000000e+03 2.111827304410763326e-06
1.557000000000000000e+03 2.109719094507398057e-06
1.558000000000000000e+03 2.110124800227416163e-06
1.559000000000000000e+03 2.110308564439311184e-06
1.560000000000000000e+03 2.109932232867995257e-06
1.561000000000000000e+03 2.109869719791605936e-06
1.562000000000000000e+03 2.109918500270916389e-06
1.563000000000000000e+03 2.110662047861299142e-06
1.564000000000000000e+03 2.112343378090886317e-06
1.565000000000000000e+03 2.109793844756153316e-06
1.566000000000000000e+03 2.109606841197696038e-06
1.567000000000000000e+03 2.112122969626567489e-06
1.568000000000000000e+03 2.108736549899100218e-06
1.569000000000000000e+03 2.111407038874039885e-06
1.570000000000000000e+03 2.109950921259624780e-06
1.571000000000000000e+03 2.109324789435338829e-06
1.572000000000000000e+03 2.111550098392326461e-06
1.573000000000000000e+03 2.110090313544456514e-06
1.574000000000000000e+03 2.110079937802064275e-06
1.575000000000000000e+03 2.108904132730958515e-06
1.576000000000000000e+03 2.108601308614542416e-06
1.577000000000000000e+03 2.109732668685834341e-06
1.578000000000000000e+03 2.108673994194849478e-06
1.579000000000000000e+03 2.108623900943433241e-06
1.580000000000000000e+03 2.109006401205080101e-06
1.581000000000000000e+03 2.109285713165302314e-06
1.582000000000000000e+03 2.108477449016919115e-06
1.583000000000000000e+03 2.108352965604379989e-06
1.584000000000000000e+03 2.109590015770536536e-06
1.585000000000000000e+03 2.109677695197027889e-06
1.586000000000000000e+03 2.109487568507445254e-06
1.587000000000000000e+03 2.109301126495607795e-06
1.588000000000000000e+03 2.107584915670008956e-06
1.589000000000000000e+03 2.108475359374360919e-06
1.590000000000000000e+03 2.108053768808572348e-06
1.591000000000000000e+03 2.108123592662031436e-06
1.592000000000000000e+03 2.110197524185850094e-06
1.593000000000000000e+03 2.110542634533005882e-06
1.594000000000000000e+03 2.108875243100561787e-06
1.595000000000000000e+03 2.109752569525213688e-06
1.596000000000000000e+03 2.110585881247965179e-06
1.597000000000000000e+03 2.108822401223844849e-06
1.598000000000000000e+03 2.107423664312697258e-06
1.599000000000000000e+03 2.110585398364325319e-06
1.600000000000000000e+03 2.108127438890756777e-06
1.601000000000000000e+03 2.107394144784869488e-06
1.602000000000000000e+03 2.107978720445436703e-06
1.603000000000000000e+03 2.107778380081303190e-06
1.604000000000000000e+03 2.109410533505760052e-06
1.605000000000000000e+03 2.107563518285965904e-06
1.606000000000000000e+03 2.108633339649399771e-06
1.607000000000000000e+03 2.108277459514906535e-06
1.608000000000000000e+03 2.107864195568838529e-06
1.609000000000000000e+03 2.107576972109344599e-06
1.610000000000000000e+03 2.107959703530241797e-06
1.611000000000000000e+03 2.107629992983624108e-06
1.612000000000000000e+03 2.107589298684706160e-06
1.613000000000000000e+03 2.109464495736197777e-06
1.614000000000000000e+03 2.106744678686405172e-06
1.615000000000000000e+03 2.107420594230397082e-06
1.616000000000000000e+03 2.108882129845794706e-06
1.617000000000000000e+03 2.107030977781103223e-06
1.618000000000000000e+03 2.108668104626531795e-06
1.619000000000000000e+03 2.106871643362109387e-06
1.620000000000000000e+03 2.107806089145078030e-06
1.621000000000000000e+03 2.109013887589318649e-06
1.622000000000000000e+03 2.106953905495604782e-06
1.623000000000000000e+03 2.108011735989923046e-06
1.624000000000000000e+03 2.106521237216890760e-06
1.625000000000000000e+03 2.105987993559042803e-06
1.626000000000000000e+03 2.107127845104608794e-06
1.627000000000000000e+03 2.106312394961785498e-06
1.628000000000000000e+03 2.107759744985617748e-06
1.629000000000000000e+03 2.106444497141802013e-06
1.630000000000000000e+03 2.106855557876438262e-06
1.631000000000000000e+03 2.107321311720883104e-06
1.632000000000000000e+03 2.106218247145181940e-06
1.633000000000000000e+03 2.106235857879654938e-06
1.634000000000000000e+03 2.107772366268028211e-06
1.635000000000000000e+03 2.107379625704542555e-06
1.636000000000000000e+03 2.106571438369576805e-06
1.637000000000000000e+03 2.106991658941496949e-06
1.638000000000000000e+03 2.106154324050048383e-06
1.639000000000000000e+03 2.106639897529341454e-06
1.640000000000000000e+03 2.106320551686322174e-06
1.641000000000000000e+03 2.107003611141003858e-06
1.642000000000000000e+03 2.105979646733636307e-06
1.643000000000000000e+03 2.106073694333658684e-06
1.644000000000000000e+03 2.106981075314771809e-06
1.645000000000000000e+03 2.107296583750514942e-06
1.646000000000000000e+03 2.106708885790429151e-06
1.647000000000000000e+03 2.106024048464982364e-06
1.648000000000000000e+03 2.105458258604499451e-06
1.649000000000000000e+03 2.105797627390930472e-06
1.650000000000000000e+03 2.106196022805978130e-06
1.651000000000000000e+03 2.105315934566232184e-06
1.652000000000000000e+03 2.105085311844261611e-06
1.653000000000000000e+03 2.105648681191933528e-06
1.654000000000000000e+03 2.104894301860693823e-06
1.655000000000000000e+03 2.106991193461400058e-06
1.656000000000000000e+03 2.107353477415734829e-06
1.657000000000000000e+03 2.108075588591590413e-06
1.658000000000000000e+03 2.106275950481478367e-06
1.659000000000000000e+03 2.105121005385897874e-06
1.660000000000000000e+03 2.105159548482873565e-06
1.661000000000000000e+03 2.104963624514553392e-06
1.662000000000000000e+03 2.104542051860688918e-06
1.663000000000000000e+03 2.105328053364595166e-06
1.664000000000000000e+03 2.105030324862469336e-06
1.665000000000000000e+03 2.105277505268463299e-06
1.666000000000000000e+03 2.107284510755269271e-06
1.667000000000000000e+03 2.105220901666561236e-06
1.668000000000000000e+03 2.105453850796338118e-06
1.669000000000000000e+03 2.105420146889526700e-06
1.670000000000000000e+03 2.104965384000757637e-06
1.671000000000000000e+03 2.104226611155019925e-06
1.672000000000000000e+03 2.104832746700659450e-06
1.673000000000000000e+03 2.104828708154701787e-06
1.674000000000000000e+03 2.104888283765915053e-06
1.675000000000000000e+03 2.103624743649025165e-06
1.676000000000000000e+03 2.107206727289555109e-06
1.677000000000000000e+03 2.105436620156183194e-06
1.678000000000000000e+03 2.104676184704343416e-06
1.679000000000000000e+03 2.104714218620491080e-06
1.680000000000000000e+03 2.106458729502756167e-06
1.681000000000000000e+03 2.103964201238223087e-06
1.682000000000000000e+03 2.104504811862557486e-06
1.683000000000000000e+03 2.104284701470189048e-06
1.684000000000000000e+03 2.104012768883495850e-06
1.685000000000000000e+03 2.104261845412696362e-06
1.686000000000000000e+03 2.104364438360664177e-06
1.687000000000000000e+03 2.106030695684123417e-06
1.688000000000000000e+03 2.104844654172871101e-06
1.689000000000000000e+03 2.104855664009165383e-06
1.690000000000000000e+03 2.104063770369949660e-06
1.691000000000000000e+03 2.104218594920076423e-06
1.692000000000000000e+03 2.104195093079903579e-06
1.693000000000000000e+03 2.104688238748540640e-06
1.694000000000000000e+03 2.103767011078693974e-06
1.695000000000000000e+03 2.104267041947329796e-06
1.696000000000000000e+03 2.105495901324323258e-06
1.697000000000000000e+03 2.103802935305270500e-06
1.698000000000000000e+03 2.103675660251366432e-06
1.699000000000000000e+03 2.104160347021208810e-06
1.700000000000000000e+03 2.103543215449675409e-06
1.701000000000000000e+03 2.103905092427940667e-06
1.702000000000000000e+03 2.103269606507614047e-06
1.703000000000000000e+03 2.103631740096286480e-06
1.704000000000000000e+03 2.103441914733204268e-06
1.705000000000000000e+03 2.103598677217206176e-06
1.706000000000000000e+03 2.103589670340128276e-06
1.707000000000000000e+03 2.103400967900371316e-06
1.708000000000000000e+03 2.104338897982735544e-06
1.709000000000000000e+03 2.103044781758543570e-06
1.710000000000000000e+03 2.102835651809455021e-06
1.711000000000000000e+03 2.103834292548270839e-06
1.712000000000000000e+03 2.102798829853595649e-06
1.713000000000000000e+03 2.102721900299560013e-06
1.714000000000000000e+03 2.104045578029218875e-06
1.715000000000000000e+03 2.104050530801299323e-06
1.716000000000000000e+03 2.103164737082123575e-06
1.717000000000000000e+03 2.103463998585239535e-06
1.718000000000000000e+03 2.103357633524240125e-06
1.719000000000000000e+03 2.102454987807111511e-06
1.720000000000000000e+03 2.103010036181569143e-06
1.721000000000000000e+03 2.102407366662299103e-06
1.722000000000000000e+03 2.102792913096518164e-06
1.723000000000000000e+03 2.105955534752845099e-06
1.724000000000000000e+03 2.103858163484293894e-06
1.725000000000000000e+03 2.102404296603770907e-06
1.726000000000000000e+03 2.103074751428704789e-06
1.727000000000000000e+03 2.104652300468242905e-06
1.728000000000000000e+03 2.102422761565041980e-06
1.729000000000000000e+03 2.102883486185922290e-06
1.730000000000000000e+03 2.102403533286383517e-06
1.731000000000000000e+03 2.102509742613476492e-06
1.732000000000000000e+03 2.103130150090807995e-06
1.733000000000000000e+03 2.102634863534879218e-06
1.734000000000000000e+03 2.103655992178264752e-06
1.735000000000000000e+03 2.101994756507986819e-06
1.736000000000000000e+03 2.102268262182780432e-06
1.737000000000000000e+03 2.101745960748008859e-06
1.738000000000000000e+03 2.102050889781653228e-06
1.739000000000000000e+03 2.102130684312012299e-06
1.740000000000000000e+03 2.102168871775571547e-06
1.741000000000000000e+03 2.102050946318688837e-06
1.742000000000000000e+03 2.102268439344948390e-06
1.743000000000000000e+03 2.103743731409436031e-06
1.744000000000000000e+03 2.103719515493973556e-06
1.745000000000000000e+03 2.102887276178485748e-06
1.746000000000000000e+03 2.102477212928043299e-06
1.747000000000000000e+03 2.103118668889068850e-06
1.748000000000000000e+03 2.102036755623081224e-06
1.749000000000000000e+03 2.101385652598971675e-06
1.750000000000000000e+03 2.101492357090196125e-06
1.751000000000000000e+03 2.101792632680324470e-06
1.752000000000000000e+03 2.101441677454801845e-06
1.753000000000000000e+03 2.101689614902937490e-06
1.754000000000000000e+03 2.101323617419208587e-06
1.755000000000000000e+03 2.101362114431752926e-06
1.756000000000000000e+03 2.102014835668204469e-06
1.757000000000000000e+03 2.101795465242229295e-06
1.758000000000000000e+03 2.102629355328951457e-06
1.759000000000000000e+03 2.102057087149982045e-06
1.760000000000000000e+03 2.101304159476450158e-06
1.761000000000000000e+03 2.101912526876785043e-06
1.762000000000000000e+03 2.102549143208870972e-06
1.763000000000000000e+03 2.101444014825881375e-06
1.764000000000000000e+03 2.100987625387464405e-06
1.765000000000000000e+03 2.101545960525167181e-06
1.766000000000000000e+03 2.104397646244463299e-06
1.767000000000000000e+03 2.101480827525883083e-06
1.768000000000000000e+03 2.101849929282477122e-06
1.769000000000000000e+03 2.104067578536292792e-06
1.770000000000000000e+03 2.101728633317781912e-06
1.771000000000000000e+03 2.101362605441866269e-06
1.772000000000000000e+03 2.100602732815051538e-06
1.773000000000000000e+03 2.101096684837363566e-06
1.774000000000000000e+03 2.100530415353590886e-06
1.775000000000000000e+03 2.101076323861054592e-06
1.776000000000000000e+03 2.101255894906988049e-06
1.777000000000000000e+03 2.100953115757703317e-06
1.778000000000000000e+03 2.100405946203286647e-06
1.779000000000000000e+03 2.101214233786756557e-06
1.780000000000000000e+03 2.101184628135512174e-06
1.781000000000000000e+03 2.100286020218648146e-06
1.782000000000000000e+03 2.100985844315959999e-06
1.783000000000000000e+03 2.100640811960606274e-06
1.784000000000000000e+03 2.101443891367913402e-06
1.785000000000000000e+03 2.101287164081257274e-06
1.786000000000000000e+03 2.100717650781405184e-06
1.787000000000000000e+03 2.100264627877596587e-06
1.788000000000000000e+03 2.100788891118070788e-06
1.789000000000000000e+03 2.099941535765438692e-06
1.790000000000000000e+03 2.100851187858802192e-06
1.791000000000000000e+03 2.101552705244994314e-06
1.792000000000000000e+03 2.100218421013674115e-06
1.793000000000000000e+03 2.099850287174654999e-06
1.794000000000000000e+03 2.100314736976592267e-06
1.795000000000000000e+03 2.101241852647233210e-06
1.796000000000000000e+03 2.099993335886933573e-06
1.797000000000000000e+03 2.099883190953834708e-06
1.798000000000000000e+03 2.101236066049129669e-06
1.799000000000000000e+03 2.101721806944096824e-06
1.800000000000000000e+03 2.099905879021309914e-06
1.801000000000000000e+03 2.099523187523664477e-06
1.802000000000000000e+03 2.099706922152705963e-06
1.803000000000000000e+03 2.100493109791851648e-06
1.804000000000000000e+03 2.100139955497241169e-06
1.805000000000000000e+03 2.099741761876658523e-06
1.806000000000000000e+03 2.099392463323678019e-06
1.807000000000000000e+03 2.099666702000126745e-06
1.808000000000000000e+03 2.099714216236983189e-06
1.809000000000000000e+03 2.104163140776963230e-06
1.810000000000000000e+03 2.100474617693349176e-06
1.811000000000000000e+03 2.100251720481622744e-06
1.812000000000000000e+03 2.098965001309723664e-06
1.813000000000000000e+03 2.100523799966978829e-06
1.814000000000000000e+03 2.100254248983664107e-06
1.815000000000000000e+03 2.100902484189813079e-06
1.816000000000000000e+03 2.099356670922047790e-06
1.817000000000000000e+03 2.099503047335850802e-06
1.818000000000000000e+03 2.099083816208826337e-06
1.819000000000000000e+03 2.100137075004667934e-06
1.820000000000000000e+03 2.099783679693065205e-06
1.821000000000000000e+03 2.099439642019349815e-06
1.822000000000000000e+03 2.099470525058509321e-06
1.823000000000000000e+03 2.099141556595789762e-06
1.824000000000000000e+03 2.099154782182178823e-06
1.825000000000000000e+03 2.099339072610436130e-06
1.826000000000000000e+03 2.100520943048988466e-06
1.827000000000000000e+03 2.099130552674713644e-06
1.828000000000000000e+03 2.099029441820317641e-06
1.829000000000000000e+03 2.100214933314732123e-06
1.830000000000000000e+03 2.098802411309140011e-06
1.831000000000000000e+03 2.099384297555570888e-06
1.832000000000000000e+03 2.099159392308190638e-06
1.833000000000000000e+03 2.099074465232735814e-06
1.834000000000000000e+03 2.100162304481395373e-06
1.835000000000000000e+03 2.098830574565766206e-06
1.836000000000000000e+03 2.098941168175352948e-06
1.837000000000000000e+03 2.098685125248771517e-06
1.838000000000000000e+03 2.098581246361084702e-06
1.839000000000000000e+03 2.098307505787595695e-06
1.840000000000000000e+03 2.099027693386834566e-06
1.841000000000000000e+03 2.099169123132807213e-06
1.842000000000000000e+03 2.099900543872494719e-06
1.843000000000000000e+03 2.099361307921812936e-06
1.844000000000000000e+03 2.098529986517394022e-06
1.845000000000000000e+03 2.099136842741495151e-06
1.846000000000000000e+03 2.098406825438671354e-06
1.847000000000000000e+03 2.099715048259623163e-06
1.848000000000000000e+03 2.098249278177275433e-06
1.849000000000000000e+03 2.098791656831062499e-06
1.850000000000000000e+03 2.098283387510924209e-06
1.851000000000000000e+03 2.098606908811281993e-06
1.852000000000000000e+03 2.098615930671138602e-06
1.853000000000000000e+03 2.098205048260056243e-06
1.854000000000000000e+03 2.098020187801446196e-06
1.855000000000000000e+03 2.099201699656776297e-06
1.856000000000000000e+03 2.097998824570628350e-06
1.857000000000000000e+03 2.098378780089637892e-06
1.858000000000000000e+03 2.098791944538705040e-06
1.859000000000000000e+03 2.098931798433240279e-06
1.860000000000000000e+03 2.098173108678218379e-06
1.861000000000000000e+03 2.098137546200836076e-06
1.862000000000000000e+03 2.098117710030900981e-06
1.863000000000000000e+03 2.099628215457452159e-06
1.864000000000000000e+03 2.098502838978487619e-06
1.865000000000000000e+03 2.098800029671597309e-06
1.866000000000000000e+03 2.097843613937117628e-06
1.867000000000000000e+03 2.097701563344316460e-06
1.868000000000000000e+03 2.098052991610088312e-06
1.869000000000000000e+03 2.098292238089866698e-06
1.870000000000000000e+03 2.097939814155001171e-06
1.871000000000000000e+03 2.099966779840757378e-06
1.872000000000000000e+03 2.098455412512514588e-06
1.873000000000000000e+03 2.097807908449907424e-06
1.874000000000000000e+03 2.098572439779571204e-06
1.875000000000000000e+03 2.097976462002803706e-06
1.876000000000000000e+03 2.098376548459127590e-06
1.877000000000000000e+03 2.098629765358953068e-06
1.878000000000000000e+03 2.098377883692657405e-06
1.879000000000000000e+03 2.097317437753995546e-06
1.880000000000000000e+03 2.097815739976061134e-06
1.881000000000000000e+03 2.098185661065544316e-06
1.882000000000000000e+03 2.098222760029596242e-06
1.883000000000000000e+03 2.097517711806196866e-06
1.884000000000000000e+03 2.097987303184258325e-06
1.885000000000000000e+03 2.097310468119353806e-06
1.886000000000000000e+03 2.097380053611255806e-06
1.887000000000000000e+03 2.096979237618401350e-06
1.888000000000000000e+03 2.098010929437612597e-06
1.889000000000000000e+03 2.097384820549009083e-06
1.890000000000000000e+03 2.097497238357220232e-06
1.891000000000000000e+03 2.097720372780837368e-06
1.892000000000000000e+03 2.097286040878465483e-06
1.893000000000000000e+03 2.097293438576297433e-06
1.894000000000000000e+03 2.097174158282321243e-06
1.895000000000000000e+03 2.097680239415581304e-06
1.896000000000000000e+03 2.097474169625878186e-06
1.897000000000000000e+03 2.098315679623398575e-06
1.898000000000000000e+03 2.096329110994994442e-06
1.899000000000000000e+03 2.098026182418708683e-06
1.900000000000000000e+03 2.097630041184834090e-06
1.901000000000000000e+03 2.098717924469851428e-06
1.902000000000000000e+03 2.097132869124549330e-06
1.903000000000000000e+03 2.096975470589281410e-06
1.904000000000000000e+03 2.098915702807946960e-06
1.905000000000000000e+03 2.097260848372300289e-06
1.906000000000000000e+03 2.098385384815626259e-06
1.907000000000000000e+03 2.097317110832789918e-06
1.908000000000000000e+03 2.098365351236942101e-06
1.909000000000000000e+03 2.097324584230576392e-06
1.910000000000000000e+03 2.097303333304182594e-06
1.911000000000000000e+03 2.097131513948959884e-06
1.912000000000000000e+03 2.097014071540827049e-06
1.913000000000000000e+03 2.097557841425214669e-06
1.914000000000000000e+03 2.097074745903224244e-06
1.915000000000000000e+03 2.097587525365916962e-06
1.916000000000000000e+03 2.096733962380085635e-06
1.917000000000000000e+03 2.097290978142822364e-06
1.918000000000000000e+03 2.096331932435651861e-06
1.919000000000000000e+03 2.096984384624912211e-06
1.920000000000000000e+03 2.097827169621592415e-06
1.921000000000000000e+03 2.097694827087478835e-06
1.922000000000000000e+03 2.098094496904286676e-06
1.923000000000000000e+03 2.097012719111550082e-06
1.924000000000000000e+03 2.096409494512309118e-06
1.925000000000000000e+03 2.096592197623591517e-06
1.926000000000000000e+03 2.096592812842208822e-06
1.927000000000000000e+03 2.096363294613985382e-06
1.928000000000000000e+03 2.096862182765170202e-06
1.929000000000000000e+03 2.096636099721991981e-06
1.930000000000000000e+03 2.096744377187123676e-06
1.931000000000000000e+03 2.096482604159023831e-06
1.932000000000000000e+03 2.096468270999980895e-06
1.933000000000000000e+03 2.096081822547514531e-06
1.934000000000000000e+03 2.096837707432831793e-06
1.935000000000000000e+03 2.095900043489158527e-06
1.936000000000000000e+03 2.096206345904696387e-06
1.937000000000000000e+03 2.095951013210380107e-06
1.938000000000000000e+03 2.097385497692358206e-06
1.939000000000000000e+03 2.096697977995088743e-06
1.940000000000000000e+03 2.096651312716934793e-06
1.941000000000000000e+03 2.097295215510963652e-06
1.942000000000000000e+03 2.097318596385500290e-06
1.943000000000000000e+03 2.096742740492223346e-06
1.944000000000000000e+03 2.095193527614388776e-06
1.945000000000000000e+03 2.096362035427388244e-06
1.946000000000000000e+03 2.096166615833318278e-06
1.947000000000000000e+03 2.095917527472130519e-06
1.948000000000000000e+03 2.096339940678044564e-06
1.949000000000000000e+03 2.096168023397294118e-06
1.950000000000000000e+03 2.095611081047783842e-06
1.951000000000000000e+03 2.095769996196877897e-06
1.952000000000000000e+03 2.096157469900120448e-06
1.953000000000000000e+03 2.097526933415379459e-06
1.954000000000000000e+03 2.095803832848977990e-06
1.955000000000000000e+03 2.095492637217245702e-06
1.956000000000000000e+03 2.096292398596590613e-06
1.957000000000000000e+03 2.095379352591322110e-06
1.958000000000000000e+03 2.097138888609279521e-06
1.959000000000000000e+03 2.096740871161469365e-06
1.960000000000000000e+03 2.095717308203888669e-06
1.961000000000000000e+03 2.095955812374631804e-06
1.962000000000000000e+03 2.095173125656884738e-06
1.963000000000000000e+03 2.095993383441793916e-06
1.964000000000000000e+03 2.096109594090243741e-06
1.965000000000000000e+03 2.095677763674945096e-06
1.966000000000000000e+03 2.095289212781148095e-06
1.967000000000000000e+03 2.095712649149585321e-06
1.968000000000000000e+03 2.095330718025141969e-06
1.969000000000000000e+03 2.095875032876081706e-06
1.970000000000000000e+03 2.095829501096540670e-06
1.971000000000000000e+03 2.096429075043866214e-06
1.972000000000000000e+03 2.095867278717811942e-06
1.973000000000000000e+03 2.095687028171586918e-06
1.974000000000000000e+03 2.097887926240497106e-06
1.975000000000000000e+03 2.096266907625292076e-06
1.976000000000000000e+03 2.096377554361735217e-06
1.977000000000000000e+03 2.095439023410811911e-06
1.978000000000000000e+03 2.094917290526151334e-06
1.979000000000000000e+03 2.095471535858409307e-06
1.980000000000000000e+03 2.095229569441570002e-06
1.981000000000000000e+03 2.095142363707880788e-06
1.982000000000000000e+03 2.095430858776478709e-06
1.983000000000000000e+03 2.095028004415703653e-06
1.984000000000000000e+03 2.094895581708726452e-06
1.985000000000000000e+03 2.094706465280617022e-06
1.986000000000000000e+03 2.095159985402512042e-06
1.987000000000000000e+03 2.096457917288454828e-06
1.988000000000000000e+03 2.094617370188653653e-06
1.989000000000000000e+03 2.095317540417336701e-06
1.990000000000000000e+03 2.095120999136783228e-06
1.991000000000000000e+03 2.094740362797762012e-06
1.992000000000000000e+03 2.095783327919767338e-06
1.993000000000000000e+03 2.095411022170986990e-06
1.994000000000000000e+03 2.095014350596469187e-06
1.995000000000000000e+03 2.095281561785308813e-06
1.996000000000000000e+03 2.094434728330003182e-06
1.997000000000000000e+03 2.094566498792108416e-06
1.998000000000000000e+03 2.094989054927360632e-06
1.999000000000000000e+03 2.094260042946202831e-06
2.000000000000000000e+03 2.095335317723287548e-06
2.001000000000000000e+03 2.096467576987311212e-06
2.002000000000000000e+03 2.095154874779000812e-06
2.003000000000000000e+03 2.095481688635909300e-06
2.004000000000000000e+03 2.094446675900379320e-06
2.005000000000000000e+03 2.094531852580249700e-06
2.006000000000000000e+03 2.094495316837975171e-06
2.007000000000000000e+03 2.094998896140809140e-06
2.008000000000000000e+03 2.094345268776417819e-06
2.009000000000000000e+03 2.094845929653215183e-06
2.010000000000000000e+03 2.094775526446925703e-06
2.011000000000000000e+03 2.095909269111814464e-06
2.012000000000000000e+03 2.094606439963885364e-06
2.013000000000000000e+03 2.096515572955685583e-06
2.014000000000000000e+03 2.094738676284161915e-06
2.015000000000000000e+03 2.094222768091298509e-06
2.016000000000000000e+03 2.095399020867294956e-06
2.017000000000000000e+03 2.095075547844817940e-06
2.018000000000000000e+03 2.095343386429331482e-06
2.019000000000000000e+03 2.094207616200874596e-06
2.020000000000000000e+03 2.094239386612489247e-06
2.021000000000000000e+03 2.094969557688126025e-06
2.022000000000000000e+03 2.094999617163958519e-06
2.023000000000000000e+03 2.094091818448059846e-06
2.024000000000000000e+03 2.094424011502073037e-06
2.025000000000000000e+03 2.094674549042490918e-06
2.026000000000000000e+03 2.094455150768071436e-06
2.027000000000000000e+03 2.094109529314622488e-06
2.028000000000000000e+03 2.094196049648372553e-06
2.029000000000000000e+03 2.094047082968507732e-06
2.030000000000000000e+03 2.094087862304178643e-06
2.031000000000000000e+03 2.094348911886901177e-06
2.032000000000000000e+03 2.094711934038763956e-06
2.033000000000000000e+03 2.094465249710750916e-06
2.034000000000000000e+03 2.094495881483206259e-06
2.035000000000000000e+03 2.094270663219913465e-06
2.036000000000000000e+03 2.094923459830842464e-06
2.037000000000000000e+03 2.093797864854007472e-06
2.038000000000000000e+03 2.093950114752841900e-06
2.039000000000000000e+03 2.094790062428068421e-06
2.040000000000000000e+03 2.093646938721606817e-06
2.041000000000000000e+03 2.093892432850372003e-06
2.042000000000000000e+03 2.094258388246165816e-06
2.043000000000000000e+03 2.093996069968029716e-06
2.044000000000000000e+03 2.094416239623088817e-06
2.045000000000000000e+03 2.093788068208304556e-06
2.046000000000000000e+03 2.095036250806318456e-06
2.047000000000000000e+03 2.094438540041275337e-06
2.048000000000000000e+03 2.094668135260403934e-06
2.049000000000000000e+03 2.093564745617814894e-06
2.050000000000000000e+03 2.093584455114475865e-06
2.051000000000000000e+03 2.093476149971520674e-06
2.052000000000000000e+03 2.093909191763691222e-06
2.053000000000000000e+03 2.094003031668212718e-06
2.054000000000000000e+03 2.094176414274441207e-06
2.055000000000000000e+03 2.094259527407661544e-06
2.056000000000000000e+03 2.093832264002338985e-06
2.057000000000000000e+03 2.093698686436728982e-06
2.058000000000000000e+03 2.093375015670481891e-06
2.059000000000000000e+03 2.093576121838584053e-06
2.060000000000000000e+03 2.094378596200339895e-06
2.061000000000000000e+03 2.093946180836582036e-06
2.062000000000000000e+03 2.093640046251035532e-06
2.063000000000000000e+03 2.095171951263134461e-06
2.064000000000000000e+03 2.093750483503645178e-06
2.065000000000000000e+03 2.093449259151344254e-06
2.066000000000000000e+03 2.093688303225529710e-06
2.067000000000000000e+03 2.093881994032649825e-06
2.068000000000000000e+03 2.093564101392290036e-06
2.069000000000000000e+03 2.093460194125007844e-06
2.070000000000000000e+03 2.093202682883029641e-06
2.071000000000000000e+03 2.093337824936669280e-06
2.072000000000000000e+03 2.093780299316581500e-06
2.073000000000000000e+03 2.093006227257813480e-06
2.074000000000000000e+03 2.093192648713188760e-06
2.075000000000000000e+03 2.093639403021322841e-06
2.076000000000000000e+03 2.093284539301928562e-06
2.077000000000000000e+03 2.092997503661935982e-06
2.078000000000000000e+03 2.093700278632044461e-06
2.079000000000000000e+03 2.093973755371922392e-06
2.080000000000000000e+03 2.093194172247157608e-06
2.081000000000000000e+03 2.094632917788857563e-06
2.082000000000000000e+03 2.092960146099195362e-06
2.083000000000000000e+03 2.092464204827771882e-06
2.084000000000000000e+03 2.095971003526373676e-06
2.085000000000000000e+03 2.093816961916286128e-06
2.086000000000000000e+03 2.093472209751132126e-06
2.087000000000000000e+03 2.093155497371442537e-06
2.088000000000000000e+03 2.092859008547450803e-06
2.089000000000000000e+03 2.092883895041220890e-06
2.090000000000000000e+03 2.093999242228480983e-06
2.091000000000000000e+03 2.092847021750067894e-06
2.092000000000000000e+03 2.093470810938715097e-06
2.093000000000000000e+03 2.092895754912292558e-06
2.094000000000000000e+03 2.093579391972296466e-06
2.095000000000000000e+03 2.092507315407414631e-06
2.096000000000000000e+03 2.093076063585206604e-06
2.097000000000000000e+03 2.093105358229847555e-06
2.098000000000000000e+03 2.092736449025078389e-06
2.099000000000000000e+03 2.093201246178643268e-06
2.100000000000000000e+03 2.092935125139367992e-06
2.101000000000000000e+03 2.092896148907198025e-06
2.102000000000000000e+03 2.093222070105915055e-06
2.103000000000000000e+03 2.092523593390672993e-06
2.104000000000000000e+03 2.093162695224358718e-06
2.105000000000000000e+03 2.093086874682459898e-06
2.106000000000000000e+03 2.093159418009653307e-06
2.107000000000000000e+03 2.092519832084751813e-06
2.108000000000000000e+03 2.092312068329979906e-06
2.109000000000000000e+03 2.093162517156238201e-06
2.110000000000000000e+03 2.093344438695552098e-06
2.111000000000000000e+03 2.092489628805934425e-06
2.112000000000000000e+03 2.092466240307611253e-06
2.113000000000000000e+03 2.093303752659264366e-06
2.114000000000000000e+03 2.094402322936175084e-06
2.115000000000000000e+03 2.093623983484524894e-06
2.116000000000000000e+03 2.092543408014628468e-06
2.117000000000000000e+03 2.092428517905592647e-06
2.118000000000000000e+03 2.092359702459429619e-06
2.119000000000000000e+03 2.092484854872515708e-06
2.120000000000000000e+03 2.092336050981707770e-06
2.121000000000000000e+03 2.092662630710384150e-06
2.122000000000000000e+03 2.093139654277666271e-06
2.123000000000000000e+03 2.092392929138054242e-06
2.124000000000000000e+03 2.092282638598406945e-06
2.125000000000000000e+03 2.092274428010090971e-06
2.126000000000000000e+03 2.092256114735983230e-06
2.127000000000000000e+03 2.092871944062255847e-06
2.128000000000000000e+03 2.092758997874819355e-06
2.129000000000000000e+03 2.092359481061641923e-06
2.130000000000000000e+03 2.092995566150961941e-06
2.131000000000000000e+03 2.092341636260458091e-06
2.132000000000000000e+03 2.092441350639330663e-06
2.133000000000000000e+03 2.092088234450985475e-06
2.134000000000000000e+03 2.092589666406446727e-06
2.135000000000000000e+03 2.092047902109266782e-06
2.136000000000000000e+03 2.093936787500419984e-06
2.137000000000000000e+03 2.092347161424829947e-06
2.138000000000000000e+03 2.092086216709193396e-06
2.139000000000000000e+03 2.092279995501284925e-06
2.140000000000000000e+03 2.092307293867092752e-06
2.141000000000000000e+03 2.092700189893314446e-06
2.142000000000000000e+03 2.092574933561364843e-06
2.143000000000000000e+03 2.092086127671585340e-06
2.144000000000000000e+03 2.092074443306393829e-06
2.145000000000000000e+03 2.092217312115262728e-06
2.146000000000000000e+03 2.093490405833043961e-06
2.147000000000000000e+03 2.092268726652762253e-06
2.148000000000000000e+03 2.091989068987187030e-06
2.149000000000000000e+03 2.091972304815443228e-06
2.150000000000000000e+03 2.091849997907171039e-06
2.151000000000000000e+03 2.091571025113080427e-06
2.152000000000000000e+03 2.092412221500566234e-06
2.153000000000000000e+03 2.091916990711788302e-06
2.154000000000000000e+03 2.092182430702676574e-06
2.155000000000000000e+03 2.092125884195523718e-06
2.156000000000000000e+03 2.092020087658673744e-06
2.157000000000000000e+03 2.091704673449618356e-06
2.158000000000000000e+03 2.092281812599008942e-06
2.159000000000000000e+03 2.092088224751516752e-06
2.160000000000000000e+03 2.092119464137349500e-06
2.161000000000000000e+03 2.092640896981710548e-06
2.162000000000000000e+03 2.093195370705346427e-06
2.163000000000000000e+03 2.091987157238323669e-06
2.164000000000000000e+03 2.092815613139200432e-06
2.165000000000000000e+03 2.092202728354783353e-06
2.166000000000000000e+03 2.091602165588278074e-06
2.167000000000000000e+03 2.092090637708499514e-06
2.168000000000000000e+03 2.091633009429993952e-06
2.169000000000000000e+03 2.091845504129589612e-06
2.170000000000000000e+03 2.091786328489914949e-06
2.171000000000000000e+03 2.091641882810329003e-06
2.172000000000000000e+03 2.092140432546530192e-06
2.173000000000000000e+03 2.091326646350374421e-06
2.174000000000000000e+03 2.092220747926239038e-06
2.175000000000000000e+03 2.091738738768026310e-06
2.176000000000000000e+03 2.091657159546500094e-06
2.177000000000000000e+03 2.091311913869568373e-06
2.178000000000000000e+03 2.092167475511437142e-06
2.179000000000000000e+03 2.091705405659930399e-06
2.180000000000000000e+03 2.091428018469785851e-06
2.181000000000000000e+03 2.091388515814141336e-06
2.182000000000000000e+03 2.091642917706476460e-06
2.183000000000000000e+03 2.091249908579177173e-06
2.184000000000000000e+03 2.091375145635243312e-06
2.185000000000000000e+03 2.091751824130682121e-06
2.186000000000000000e+03 2.091554764663902129e-06
2.187000000000000000e+03 2.091501706478158836e-06
2.188000000000000000e+03 2.091463816556070182e-06
2.189000000000000000e+03 2.091315995361986616e-06
2.190000000000000000e+03 2.091546762156929600e-06
2.191000000000000000e+03 2.091467940242626624e-06
2.192000000000000000e+03 2.091176415967096566e-06
2.193000000000000000e+03 2.091488233757187943e-06
2.194000000000000000e+03 2.091506370760418144e-06
2.195000000000000000e+03 2.091250935921439914e-06
2.196000000000000000e+03 2.091586067281933623e-06
2.197000000000000000e+03 2.091331180120407235e-06
2.198000000000000000e+03 2.091129559611042315e-06
2.199000000000000000e+03 2.091614495033049293e-06
2.200000000000000000e+03 2.091791390071464096e-06
2.201000000000000000e+03 2.091030780530621912e-06
2.202000000000000000e+03 2.091454004033286088e-06
2.203000000000000000e+03 2.091173858360825259e-06
2.204000000000000000e+03 2.091244357704526278e-06
2.205000000000000000e+03 2.091245261490716418e-06
2.206000000000000000e+03 2.091671864651293189e-06
2.207000000000000000e+03 2.091540267807648737e-06
2.208000000000000000e+03 2.091008579390940289e-06
2.209000000000000000e+03 2.090892399685121141e-06
2.210000000000000000e+03 2.091405408867136563e-06
2.211000000000000000e+03 2.091502307701842830e-06
2.212000000000000000e+03 2.090933015358352722e-06
2.213000000000000000e+03 2.091358873618499007e-06
2.214000000000000000e+03 2.090796218427073589e-06
2.215000000000000000e+03 2.091057074788931687e-06
2.216000000000000000e+03 2.091810507631537311e-06
2.217000000000000000e+03 2.091106435037742439e-06
2.218000000000000000e+03 2.090366421837920974e-06
2.219000000000000000e+03 2.091195783969265348e-06
2.220000000000000000e+03 2.091252997153182793e-06
2.221000000000000000e+03 2.090765982041945081e-06
2.222000000000000000e+03 2.091349214631686894e-06
2.223000000000000000e+03 2.090967859536009600e-06
2.224000000000000000e+03 2.090965044646781875e-06
2.225000000000000000e+03 2.091427692397496548e-06
2.226000000000000000e+03 2.090938764709358512e-06
2.227000000000000000e+03 2.090362307367638229e-06
2.228000000000000000e+03 2.091224117416634873e-06
2.229000000000000000e+03 2.090884401914761936e-06
2.230000000000000000e+03 2.090872489480188706e-06
2.231000000000000000e+03 2.091262690274823404e-06
2.232000000000000000e+03 2.091662797584244217e-06
2.233000000000000000e+03 2.092956191398599010e-06
2.234000000000000000e+03 2.090811230216164325e-06
2.235000000000000000e+03 2.090571371947449506e-06
2.236000000000000000e+03 2.090646606105964900e-06
2.237000000000000000e+03 2.090694192918016692e-06
2.238000000000000000e+03 2.090710585492282330e-06
2.239000000000000000e+03 2.090807925343441165e-06
2.240000000000000000e+03 2.090717566766737329e-06
2.241000000000000000e+03 2.090531901650224981e-06
2.242000000000000000e+03 2.090766362329101640e-06
2.243000000000000000e+03 2.090822798770758758e-06
2.244000000000000000e+03 2.090420309900041761e-06
2.245000000000000000e+03 2.090821340811271925e-06
2.246000000000000000e+03 2.090577091500668422e-06
2.247000000000000000e+03 2.090558704249606274e-06
2.248000000000000000e+03 2.090534544307985930e-06
2.249000000000000000e+03 2.090774168810224977e-06
2.250000000000000000e+03 2.090538897036137073e-06
2.251000000000000000e+03 2.090253295848374867e-06
2.252000000000000000e+03 2.091017250527334836e-06
2.253000000000000000e+03 2.090684837149316769e-06
2.254000000000000000e+03 2.090326115849212462e-06
2.255000000000000000e+03 2.090329865773108508e-06
2.256000000000000000e+03 2.090967972998878682e-06
2.257000000000000000e+03 2.090638809554275497e-06
2.258000000000000000e+03 2.090253543410986164e-06
2.259000000000000000e+03 2.090398096392718997e-06
2.260000000000000000e+03 2.090283415970429766e-06
2.261000000000000000e+03 2.090247131230794338e-06
2.262000000000000000e+03 2.091558607358098741e-06
2.263000000000000000e+03 2.090544851970420130e-06
2.264000000000000000e+03 2.090513454381905165e-06
2.265000000000000000e+03 2.090269397631016648e-06
2.266000000000000000e+03 2.090498702321337501e-06
2.267000000000000000e+03 2.090323189249043218e-06
2.268000000000000000e+03 2.091190898520739552e-06
2.269000000000000000e+03 2.090249411721038597e-06
2.270000000000000000e+03 2.090423911712276305e-06
2.271000000000000000e+03 2.090136994010205320e-06
2.272000000000000000e+03 2.090313601945977640e-06
2.273000000000000000e+03 2.090354006014594113e-06
2.274000000000000000e+03 2.090099549563915639e-06
2.275000000000000000e+03 2.090115883535826927e-06
2.276000000000000000e+03 2.090287042474204542e-06
2.277000000000000000e+03 2.090320216455230005e-06
2.278000000000000000e+03 2.090428737307013745e-06
2.279000000000000000e+03 2.089701499455830902e-06
2.280000000000000000e+03 2.090238107301579487e-06
2.281000000000000000e+03 2.090941927225249258e-06
2.282000000000000000e+03 2.090062100377906565e-06
2.283000000000000000e+03 2.090016695748656422e-06
2.284000000000000000e+03 2.090327523900415206e-06
2.285000000000000000e+03 2.089907814946911118e-06
2.286000000000000000e+03 2.090164721851630797e-06
2.287000000000000000e+03 2.089976598035045907e-06
2.288000000000000000e+03 2.089985825753748400e-06
2.289000000000000000e+03 2.090043572624084115e-06
2.290000000000000000e+03 2.090121994356662345e-06
2.291000000000000000e+03 2.089970178490949538e-06
2.292000000000000000e+03 2.089906954123784250e-06
2.293000000000000000e+03 2.089990246263437710e-06
2.294000000000000000e+03 2.090295074325530268e-06
2.295000000000000000e+03 2.090015154655792410e-06
2.296000000000000000e+03 2.089696182091467275e-06
2.297000000000000000e+03 2.090570963702350996e-06
2.298000000000000000e+03 2.090434179660339610e-06
2.299000000000000000e+03 2.090581708852509517e-06
2.300000000000000000e+03 2.089852518779819207e-06
2.301000000000000000e+03 2.089828697080317045e-06
2.302000000000000000e+03 2.089756518190965605e-06
2.303000000000000000e+03 2.089943198514497440e-06
2.304000000000000000e+03 2.089728425234059942e-06
2.305000000000000000e+03 2.090082465403972387e-06
2.306000000000000000e+03 2.089991491391224241e-06
2.307000000000000000e+03 2.089789321233577381e-06
2.308000000000000000e+03 2.090079969512829089e-06
2.309000000000000000e+03 2.090384380883274961e-06
2.310000000000000000e+03 2.090168527798420653e-06
2.311000000000000000e+03 2.090206480237441245e-06
2.312000000000000000e+03 2.089998415046382434e-06
2.313000000000000000e+03 2.089840499576791256e-06
2.314000000000000000e+03 2.089665111368091134e-06
2.315000000000000000e+03 2.089615483265715737e-06
2.316000000000000000e+03 2.089965803843134520e-06
2.317000000000000000e+03 2.089548361102959452e-06
2.318000000000000000e+03 2.089508098326991150e-06
2.319000000000000000e+03 2.089782737728759029e-06
2.320000000000000000e+03 2.090034632683679840e-06
2.321000000000000000e+03 2.090249581885445556e-06
2.322000000000000000e+03 2.089868476287056173e-06
2.323000000000000000e+03 2.089629781145646261e-06
2.324000000000000000e+03 2.089896658992954747e-06
2.325000000000000000e+03 2.089943278919923274e-06
2.326000000000000000e+03 2.089489832191423971e-06
2.327000000000000000e+03 2.089831953681823046e-06
2.328000000000000000e+03 2.089624835929727354e-06
2.329000000000000000e+03 2.089480279334409666e-06
2.330000000000000000e+03 2.089698400923279674e-06
2.331000000000000000e+03 2.089483187085918959e-06
2.332000000000000000e+03 2.089512296247411751e-06
2.333000000000000000e+03 2.089584687420180338e-06
2.334000000000000000e+03 2.090294126039978893e-06
2.335000000000000000e+03 2.089505932533032316e-06
2.336000000000000000e+03 2.090064480268560704e-06
2.337000000000000000e+03 2.089823531349780779e-06
2.338000000000000000e+03 2.089240258145014551e-06
2.339000000000000000e+03 2.089296746979506679e-06
2.340000000000000000e+03 2.089562937178472374e-06
2.341000000000000000e+03 2.089598977512575918e-06
2.342000000000000000e+03 2.089471906704129609e-06
2.343000000000000000e+03 2.089433082164319097e-06
2.344000000000000000e+03 2.089376484324665284e-06
2.345000000000000000e+03 2.089174220058307969e-06
2.346000000000000000e+03 2.089169272398070934e-06
2.347000000000000000e+03 2.089207435295187400e-06
2.348000000000000000e+03 2.089874227857140902e-06
2.349000000000000000e+03 2.089241592569075212e-06
2.350000000000000000e+03 2.089399796885880376e-06
2.351000000000000000e+03 2.089396398918807255e-06
2.352000000000000000e+03 2.089219166455071530e-06
2.353000000000000000e+03 2.089247345914911575e-06
2.354000000000000000e+03 2.089348619952431293e-06
2.355000000000000000e+03 2.089235299496009450e-06
2.356000000000000000e+03 2.089118689998080486e-06
2.357000000000000000e+03 2.089644877604536228e-06
2.358000000000000000e+03 2.089385481766623278e-06
2.359000000000000000e+03 2.089053842078313804e-06
2.360000000000000000e+03 2.089551644639060314e-06
2.361000000000000000e+03 2.089062130015584233e-06
2.362000000000000000e+03 2.089013970749776933e-06
2.363000000000000000e+03 2.089158184378797983e-06
2.364000000000000000e+03 2.089524932146167271e-06
2.365000000000000000e+03 2.089473349046881428e-06
2.366000000000000000e+03 2.089288883213709021e-06
2.367000000000000000e+03 2.089056490009217803e-06
2.368000000000000000e+03 2.089023389018013280e-06
2.369000000000000000e+03 2.088930282667212057e-06
2.370000000000000000e+03 2.089171404408927890e-06
2.371000000000000000e+03 2.089013491480278429e-06
2.372000000000000000e+03 2.088915866448011587e-06
2.373000000000000000e+03 2.089073107932594286e-06
2.374000000000000000e+03 2.089026837911168668e-06
2.375000000000000000e+03 2.089078111496528113e-06
2.376000000000000000e+03 2.089090395278908075e-06
2.377000000000000000e+03 2.089084517598926082e-06
2.378000000000000000e+03 2.088873851493524312e-06
2.379000000000000000e+03 2.088900022951498683e-06
2.380000000000000000e+03 2.089455403666094611e-06
2.381000000000000000e+03 2.088997484668693559e-06
2.382000000000000000e+03 2.089157761397700424e-06
2.383000000000000000e+03 2.089198689084253152e-06
2.384000000000000000e+03 2.088674941344859781e-06
2.385000000000000000e+03 2.089253687162186353e-06
2.386000000000000000e+03 2.088951460433271253e-06
2.387000000000000000e+03 2.088745047366049145e-06
2.388000000000000000e+03 2.088760396739571285e-06
2.389000000000000000e+03 2.088944534668141706e-06
2.390000000000000000e+03 2.088772912142413142e-06
2.391000000000000000e+03 2.088978041712555981e-06
2.392000000000000000e+03 2.089060188987579894e-06
2.393000000000000000e+03 2.088918182905611327e-06
2.394000000000000000e+03 2.088743350278507746e-06
2.395000000000000000e+03 2.088867456501704523e-06
2.396000000000000000e+03 2.089032680833806309e-06
2.397000000000000000e+03 2.088801684865238634e-06
2.398000000000000000e+03 2.088636247048916667e-06
2.399000000000000000e+03 2.089077499194850026e-06
2.400000000000000000e+03 2.088938611607323054e-06
2.401000000000000000e+03 2.088831318524460898e-06
2.402000000000000000e+03 2.088801935391366221e-06
2.403000000000000000e+03 2.089061337741391289e-06
2.404000000000000000e+03 2.088731805739091806e-06
2.405000000000000000e+03 2.088819544226879019e-06
2.406000000000000000e+03 2.089044352960333962e-06
2.407000000000000000e+03 2.088882441406516696e-06
2.408000000000000000e+03 2.088819926864679485e-06
2.409000000000000000e+03 2.089033700507938647e-06
2.410000000000000000e+03 2.089695697882420329e-06
2.411000000000000000e+03 2.088483143402448161e-06
2.412000000000000000e+03 2.088744594407819884e-06
2.413000000000000000e+03 2.088941525068560319e-06
2.414000000000000000e+03 2.088829114541399491e-06
2.415000000000000000e+03 2.089096195751240615e-06
2.416000000000000000e+03 2.088768637593044891e-06
2.417000000000000000e+03 2.088595778756734086e-06
2.418000000000000000e+03 2.089072858108770514e-06
2.419000000000000000e+03 2.088491408586831369e-06
2.420000000000000000e+03 2.088517745546454719e-06
2.421000000000000000e+03 2.088714088657504534e-06
2.422000000000000000e+03 2.088514077176922867e-06
2.423000000000000000e+03 2.088422711873120394e-06
2.424000000000000000e+03 2.088971768058454914e-06
2.425000000000000000e+03 2.089054508433761526e-06
2.426000000000000000e+03 2.089351502585284415e-06
2.427000000000000000e+03 2.088648159444666143e-06
2.428000000000000000e+03 2.088546571848106191e-06
2.429000000000000000e+03 2.088572883272448779e-06
2.430000000000000000e+03 2.089076658617823995e-06
2.431000000000000000e+03 2.088977016333286591e-06
2.432000000000000000e+03 2.088550444971816167e-06
2.433000000000000000e+03 2.088600575707181319e-06
2.434000000000000000e+03 2.088509042186053299e-06
2.435000000000000000e+03 2.088777695588101643e-06
2.436000000000000000e+03 2.088277861919229833e-06
2.437000000000000000e+03 2.088670981728303161e-06
2.438000000000000000e+03 2.088286414594625211e-06
2.439000000000000000e+03 2.088785904844315583e-06
2.440000000000000000e+03 2.088385770567009397e-06
2.441000000000000000e+03 2.088560914511268759e-06
2.442000000000000000e+03 2.088513051804925677e-06
2.443000000000000000e+03 2.088646928822158321e-06
2.444000000000000000e+03 2.088705192006469422e-06
2.445000000000000000e+03 2.088483223309925348e-06
2.446000000000000000e+03 2.088260534023923352e-06
2.447000000000000000e+03 2.088448865568778285e-06
2.448000000000000000e+03 2.088299205230974827e-06
2.449000000000000000e+03 2.088518975029510526e-06
2.450000000000000000e+03 2.088859885591479386e-06
2.451000000000000000e+03 2.088687022756388293e-06
2.452000000000000000e+03 2.088464805975658832e-06
2.453000000000000000e+03 2.088343859064924169e-06
2.454000000000000000e+03 2.088399990607162061e-06
2.455000000000000000e+03 2.088283892593723925e-06
2.456000000000000000e+03 2.088156336982698590e-06
2.457000000000000000e+03 2.088375619950210408e-06
2.458000000000000000e+03 2.088314333379790712e-06
2.459000000000000000e+03 2.088147910415875293e-06
2.460000000000000000e+03 2.088221492726368240e-06
2.461000000000000000e+03 2.088238046945006200e-06
2.462000000000000000e+03 2.088393988090466072e-06
2.463000000000000000e+03 2.088052469683801462e-06
2.464000000000000000e+03 2.088960435870662601e-06
2.465000000000000000e+03 2.088219005502476870e-06
2.466000000000000000e+03 2.088210837893663383e-06
2.467000000000000000e+03 2.088290731816576103e-06
2.468000000000000000e+03 2.088275094785983101e-06
2.469000000000000000e+03 2.088314999503778211e-06
2.470000000000000000e+03 2.088281546140580952e-06
2.471000000000000000e+03 2.088172264929070574e-06
2.472000000000000000e+03 2.088008108506144048e-06
2.473000000000000000e+03 2.088120526683065675e-06
2.474000000000000000e+03 2.088090842652872233e-06
2.475000000000000000e+03 2.088117698221549091e-06
2.476000000000000000e+03 2.088004201399886850e-06
2.477000000000000000e+03 2.088000758631351419e-06
2.478000000000000000e+03 2.088143662239161611e-06
2.479000000000000000e+03 2.087991675496649443e-06
2.480000000000000000e+03 2.088044423289774265e-06
2.481000000000000000e+03 2.088014481724283973e-06
2.482000000000000000e+03 2.088033973037195390e-06
2.483000000000000000e+03 2.088140275467619839e-06
2.484000000000000000e+03 2.087891691171494933e-06
2.485000000000000000e+03 2.087898853346147555e-06
2.486000000000000000e+03 2.088024213550677098e-06
2.487000000000000000e+03 2.087981030885206357e-06
2.488000000000000000e+03 2.087969594218209860e-06
2.489000000000000000e+03 2.088307760738853040e-06
2.490000000000000000e+03 2.088264844954956732e-06
2.491000000000000000e+03 2.088134248023200764e-06
2.492000000000000000e+03 2.088465582801174452e-06
2.493000000000000000e+03 2.087945259231751933e-06
2.494000000000000000e+03 2.088007826319389836e-06
2.495000000000000000e+03 2.087830879343326634e-06
2.496000000000000000e+03 2.088452819186455720e-06
2.497000000000000000e+03 2.088265833698191070e-06
2.498000000000000000e+03 2.088150311073850299e-06
2.499000000000000000e+03 2.087943589470070242e-06
2.500000000000000000e+03 2.088202721627073097e-06
2.501000000000000000e+03 2.088215169040598758e-06
2.502000000000000000e+03 2.088171485717705393e-06
2.503000000000000000e+03 2.087975412732336553e-06
2.504000000000000000e+03 2.087845358090631408e-06
2.505000000000000000e+03 2.087949346260507963e-06
2.506000000000000000e+03 2.087923559933207079e-06
2.507000000000000000e+03 2.087884033002837505e-06
2.508000000000000000e+03 2.088031113916174398e-06
2.509000000000000000e+03 2.088054519063949129e-06
2.510000000000000000e+03 2.087865809257416183e-06
2.511000000000000000e+03 2.087886153280419586e-06
2.512000000000000000e+03 2.087711226867599964e-06
2.513000000000000000e+03 2.087774883078792902e-06
2.514000000000000000e+03 2.087725074327362609e-06
2.515000000000000000e+03 2.087790790215490254e-06
2.516000000000000000e+03 2.087803280354634677e-06
2.517000000000000000e+03 2.088197706235229640e-06
2.518000000000000000e+03 2.087772896499959169e-06
2.519000000000000000e+03 2.087935723806482136e-06
2.520000000000000000e+03 2.087643036620496923e-06
2.521000000000000000e+03 2.088165674258665619e-06
2.522000000000000000e+03 2.087680105873518901e-06
2.523000000000000000e+03 2.088695758339095320e-06
2.524000000000000000e+03 2.087803951107636056e-06
2.525000000000000000e+03 2.087751930030082432e-06
2.526000000000000000e+03 2.088085337257497624e-06
2.527000000000000000e+03 2.087950322124832495e-06
2.528000000000000000e+03 2.087532091035328865e-06
2.529000000000000000e+03 2.087855379736481994e-06
2.530000000000000000e+03 2.087609736485629703e-06
2.531000000000000000e+03 2.088474407446420256e-06
2.532000000000000000e+03 2.087858472315524933e-06
2.533000000000000000e+03 2.087613974016073092e-06
2.534000000000000000e+03 2.087617519091431967e-06
2.535000000000000000e+03 2.087575612642782996e-06
2.536000000000000000e+03 2.087785272955681107e-06
2.537000000000000000e+03 2.087762670577186090e-06
2.538000000000000000e+03 2.087728845679091579e-06
2.539000000000000000e+03 2.087829402527712832e-06
2.540000000000000000e+03 2.087824221872528880e-06
2.541000000000000000e+03 2.087927196307636360e-06
2.542000000000000000e+03 2.087597819358672246e-06
2.543000000000000000e+03 2.087579088206328421e-06
2.544000000000000000e+03 2.087544689267986540e-06
2.545000000000000000e+03 2.087492745489752086e-06
2.546000000000000000e+03 2.087756901638819950e-06
2.547000000000000000e+03 2.087886832536298103e-06
2.548000000000000000e+03 2.087547199852739970e-06
2.549000000000000000e+03 2.087483386049626393e-06
2.550000000000000000e+03 2.087752479324300788e-06
2.551000000000000000e+03 2.087427994788190231e-06
2.552000000000000000e+03 2.087507239673788054e-06
2.553000000000000000e+03 2.087752831234870632e-06
2.554000000000000000e+03 2.087507974508872664e-06
2.555000000000000000e+03 2.087789958725299426e-06
2.556000000000000000e+03 2.088263655850958902e-06
2.557000000000000000e+03 2.087691853000291300e-06
2.558000000000000000e+03 2.087486196301431741e-06
2.559000000000000000e+03 2.087836678495663358e-06
2.560000000000000000e+03 2.087494350617547545e-06
2.561000000000000000e+03 2.087431096716731596e-06
2.562000000000000000e+03 2.087339574700996942e-06
2.563000000000000000e+03 2.087635020306648068e-06
2.564000000000000000e+03 2.087779238819136777e-06
2.565000000000000000e+03 2.087379363766744295e-06
2.566000000000000000e+03 2.087254516483807091e-06
2.567000000000000000e+03 2.087624274342014852e-06
2.568000000000000000e+03 2.087414541198753988e-06
2.569000000000000000e+03 2.087433821375897011e-06
2.570000000000000000e+03 2.087388697776405319e-06
2.571000000000000000e+03 2.087577769929543978e-06
2.572000000000000000e+03 2.087511574594451721e-06
2.573000000000000000e+03 2.087329178600894570e-06
2.574000000000000000e+03 2.087450317350516216e-06
2.575000000000000000e+03 2.087381101437485388e-06
2.576000000000000000e+03 2.087239001377838128e-06
2.577000000000000000e+03 2.087219764787834042e-06
2.578000000000000000e+03 2.087541883053958029e-06
2.579000000000000000e+03 2.087359118758601280e-06
2.580000000000000000e+03 2.087345204774035628e-06
2.581000000000000000e+03 2.087266327822328218e-06
2.582000000000000000e+03 2.087262108154627652e-06
2.583000000000000000e+03 2.087209317735552742e-06
2.584000000000000000e+03 2.087211709997218366e-06
2.585000000000000000e+03 2.087233490720491562e-06
2.586000000000000000e+03 2.087396144146655819e-06
2.587000000000000000e+03 2.087589308871682769e-06
2.588000000000000000e+03 2.087855556932294948e-06
2.589000000000000000e+03 2.087799059140828355e-06
2.590000000000000000e+03 2.087370767302671196e-06
2.591000000000000000e+03 2.087175936745698645e-06
2.592000000000000000e+03 2.087214652909847959e-06
2.593000000000000000e+03 2.087561518071300786e-06
2.594000000000000000e+03 2.087438002201809955e-06
2.595000000000000000e+03 2.087140770725645689e-06
2.596000000000000000e+03 2.087432900235155017e-06
2.597000000000000000e+03 2.087341109127271202e-06
2.598000000000000000e+03 2.087311260124506735e-06
2.599000000000000000e+03 2.087138416833286355e-06
2.600000000000000000e+03 2.087570553684225531e-06
2.601000000000000000e+03 2.086990678095923464e-06
2.602000000000000000e+03 2.087196301691443719e-06
2.603000000000000000e+03 2.087143201368532394e-06
2.604000000000000000e+03 2.087468367403473606e-06
2.605000000000000000e+03 2.087247315912965469e-06
2.606000000000000000e+03 2.087297923193871964e-06
2.607000000000000000e+03 2.087200928719668501e-06
2.608000000000000000e+03 2.087149553140775147e-06
2.609000000000000000e+03 2.087137630220357546e-06
2.610000000000000000e+03 2.087048996927557777e-06
2.611000000000000000e+03 2.087029209523233914e-06
2.612000000000000000e+03 2.087253659028204124e-06
2.613000000000000000e+03 2.086977668162962338e-06
2.614000000000000000e+03 2.087169997432424729e-06
2.615000000000000000e+03 2.087047346728682220e-06
2.616000000000000000e+03 2.086988774850171868e-06
2.617000000000000000e+03 2.086997104291756439e-06
2.618000000000000000e+03 2.087413375568323574e-06
2.619000000000000000e+03 2.087208024175927465e-06
2.620000000000000000e+03 2.087008556107007156e-06
2.621000000000000000e+03 2.087149323815214768e-06
2.622000000000000000e+03 2.087094531108433407e-06
2.623000000000000000e+03 2.087150724198912642e-06
2.624000000000000000e+03 2.086957369317349714e-06
2.625000000000000000e+03 2.087058660746900800e-06
2.626000000000000000e+03 2.087367626752956598e-06
2.627000000000000000e+03 2.087166189379453992e-06
2.628000000000000000e+03 2.087427782593583642e-06
2.629000000000000000e+03 2.087085955867660186e-06
2.630000000000000000e+03 2.086913696445084902e-06
2.631000000000000000e+03 2.087635228336990389e-06
2.632000000000000000e+03 2.087189863498981468e-06
2.633000000000000000e+03 2.087067085098826114e-06
2.634000000000000000e+03 2.087027671714492822e-06
2.635000000000000000e+03 2.086889195131898448e-06
2.636000000000000000e+03 2.087156817581745250e-06
2.637000000000000000e+03 2.087123573257471078e-06
2.638000000000000000e+03 2.086978035650499423e-06
2.639000000000000000e+03 2.086821675207169472e-06
2.640000000000000000e+03 2.087191386691540557e-06
2.641000000000000000e+03 2.086918547181843070e-06
2.642000000000000000e+03 2.087225703359222292e-06
2.643000000000000000e+03 2.087071320244478310e-06
2.644000000000000000e+03 2.086971062588337168e-06
2.645000000000000000e+03 2.086893430752123722e-06
2.646000000000000000e+03 2.086855534400323586e-06
2.647000000000000000e+03 2.087181668496899274e-06
2.648000000000000000e+03 2.087220020246347983e-06
2.649000000000000000e+03 2.087041779576404360e-06
2.650000000000000000e+03 2.087006735778043874e-06
2.651000000000000000e+03 2.086791415581480030e-06
2.652000000000000000e+03 2.086790726686185308e-06
2.653000000000000000e+03 2.086944032512653496e-06
2.654000000000000000e+03 2.086813792133139313e-06
2.655000000000000000e+03 2.086838990407950397e-06
2.656000000000000000e+03 2.086925090648401647e-06
2.657000000000000000e+03 2.087077749853087498e-06
2.658000000000000000e+03 2.086837097722967471e-06
2.659000000000000000e+03 2.086842128004154704e-06
2.660000000000000000e+03 2.086723734973017431e-06
2.661000000000000000e+03 2.086939029115986230e-06
2.662000000000000000e+03 2.086762181866745948e-06
2.663000000000000000e+03 2.086875333454993986e-06
2.664000000000000000e+03 2.087068055995210508e-06
2.665000000000000000e+03 2.086852648487137594e-06
2.666000000000000000e+03 2.086852836273520802e-06
2.667000000000000000e+03 2.086729042972934618e-06
2.668000000000000000e+03 2.086662913921900394e-06
2.669000000000000000e+03 2.086672826465413864e-06
2.670000000000000000e+03 2.086645568448110688e-06
2.671000000000000000e+03 2.086671088169814025e-06
2.672000000000000000e+03 2.086962098250614214e-06
2.673000000000000000e+03 2.086796771831829458e-06
2.674000000000000000e+03 2.086633316165519346e-06
2.675000000000000000e+03 2.086701916104429031e-06
2.676000000000000000e+03 2.086798875224752060e-06
2.677000000000000000e+03 2.086881959978666707e-06
2.678000000000000000e+03 2.086682815223533148e-06
2.679000000000000000e+03 2.086628248182887584e-06
2.680000000000000000e+03 2.086846214675323070e-06
2.681000000000000000e+03 2.086786165018463385e-06
2.682000000000000000e+03 2.086691914591857880e-06
2.683000000000000000e+03 2.086816930761490536e-06
2.684000000000000000e+03 2.086976415877549621e-06
2.685000000000000000e+03 2.086592367718319100e-06
2.686000000000000000e+03 2.086530301475226105e-06
2.687000000000000000e+03 2.086713405198098235e-06
2.688000000000000000e+03 2.086736349101539240e-06
2.689000000000000000e+03 2.086586234150085234e-06
2.690000000000000000e+03 2.086852829544437383e-06
2.691000000000000000e+03 2.086692302583659162e-06
2.692000000000000000e+03 2.086568776889065987e-06
2.693000000000000000e+03 2.086598869999846251e-06
2.694000000000000000e+03 2.086697343086597751e-06
2.695000000000000000e+03 2.086575343839430914e-06
2.696000000000000000e+03 2.086675287177697028e-06
2.697000000000000000e+03 2.086759449638012578e-06
2.698000000000000000e+03 2.086523166687911266e-06
2.699000000000000000e+03 2.086600494776805818e-06
2.700000000000000000e+03 2.086649819042732011e-06
2.701000000000000000e+03 2.086511763220348266e-06
2.702000000000000000e+03 2.086607114476987792e-06
2.703000000000000000e+03 2.086588044231029822e-06
2.704000000000000000e+03 2.086520501601423028e-06
2.705000000000000000e+03 2.086445417400669821e-06
2.706000000000000000e+03 2.086469724521154517e-06
2.707000000000000000e+03 2.086707653631570197e-06
2.708000000000000000e+03 2.086511451142470502e-06
2.709000000000000000e+03 2.087114612975930140e-06
2.710000000000000000e+03 2.086676654012936397e-06
2.711000000000000000e+03 2.086475118727371761e-06
2.712000000000000000e+03 2.086916374971565191e-06
2.713000000000000000e+03 2.086740080763713687e-06
2.714000000000000000e+03 2.086637681677687193e-06
2.715000000000000000e+03 2.086444208323707093e-06
2.716000000000000000e+03 2.086519971939272267e-06
2.717000000000000000e+03 2.086600915882446648e-06
2.718000000000000000e+03 2.086545515809862060e-06
2.719000000000000000e+03 2.086539763320269281e-06
2.720000000000000000e+03 2.086613849891244898e-06
2.721000000000000000e+03 2.086699998418696496e-06
2.722000000000000000e+03 2.086581986903575088e-06
2.723000000000000000e+03 2.086472100342946980e-06
2.724000000000000000e+03 2.086644707671669311e-06
2.725000000000000000e+03 2.086456511137199597e-06
2.726000000000000000e+03 2.086531769684370641e-06
2.727000000000000000e+03 2.086371965239388764e-06
2.728000000000000000e+03 2.086412169418151406e-06
2.729000000000000000e+03 2.086341528484050653e-06
2.730000000000000000e+03 2.086354278316066954e-06
2.731000000000000000e+03 2.086339101680693994e-06
2.732000000000000000e+03 2.086384898486774276e-06
2.733000000000000000e+03 2.086389237851698691e-06
2.734000000000000000e+03 2.086369266778292569e-06
2.735000000000000000e+03 2.086351159393840688e-06
2.736000000000000000e+03 2.086329328289713133e-06
2.737000000000000000e+03 2.086295397737129965e-06
2.738000000000000000e+03 2.086398684275422436e-06
2.739000000000000000e+03 2.086629035331460970e-06
2.740000000000000000e+03 2.086426371606564205e-06
2.741000000000000000e+03 2.086386199124615553e-06
2.742000000000000000e+03 2.086473490751054402e-06
2.743000000000000000e+03 2.086387644768972628e-06
2.744000000000000000e+03 2.086362679893267691e-06
2.745000000000000000e+03 2.086446137301189684e-06
2.746000000000000000e+03 2.086296623641061606e-06
2.747000000000000000e+03 2.086335199741448737e-06
2.748000000000000000e+03 2.086287806421977267e-06
2.749000000000000000e+03 2.086262194824445238e-06
2.750000000000000000e+03 2.086258572895137963e-06
2.751000000000000000e+03 2.086322257584758928e-06
2.752000000000000000e+03 2.086367213027622183e-06
2.753000000000000000e+03 2.086289806728853124e-06
2.754000000000000000e+03 2.086222658055931130e-06
2.755000000000000000e+03 2.086232384949393259e-06
2.756000000000000000e+03 2.086372538777304939e-06
2.757000000000000000e+03 2.086332366192599332e-06
2.758000000000000000e+03 2.086102871503917858e-06
2.759000000000000000e+03 2.086225201724589963e-06
2.760000000000000000e+03 2.086233330422045201e-06
2.761000000000000000e+03 2.086498008261359880e-06
2.762000000000000000e+03 2.086245260304581078e-06
2.763000000000000000e+03 2.086336663437564884e-06
2.764000000000000000e+03 2.086155249979335482e-06
2.765000000000000000e+03 2.086208723705291742e-06
2.766000000000000000e+03 2.086175042437841837e-06
2.767000000000000000e+03 2.086269645249050281e-06
2.768000000000000000e+03 2.086220820804340117e-06
2.769000000000000000e+03 2.086152614633285753e-06
2.770000000000000000e+03 2.086207636780308554e-06
2.771000000000000000e+03 2.086453261946594493e-06
2.772000000000000000e+03 2.086381376058129159e-06
2.773000000000000000e+03 2.086220751919937947e-06
2.774000000000000000e+03 2.086143880066048834e-06
2.775000000000000000e+03 2.086467159402891896e-06
2.776000000000000000e+03 2.086405572337113962e-06
2.777000000000000000e+03 2.086347133425274511e-06
2.778000000000000000e+03 2.086174114998485767e-06
2.779000000000000000e+03 2.086100129609312479e-06
2.780000000000000000e+03 2.086269577659434956e-06
2.781000000000000000e+03 2.086283830766976728e-06
2.782000000000000000e+03 2.086099259711003887e-06
2.783000000000000000e+03 2.086300315445497632e-06
2.784000000000000000e+03 2.086282894885126805e-06
2.785000000000000000e+03 2.086336745294976714e-06
2.786000000000000000e+03 2.086218322750035608e-06
2.787000000000000000e+03 2.086201636010364333e-06
2.788000000000000000e+03 2.086103101197506429e-06
2.789000000000000000e+03 2.086176029380545015e-06
2.790000000000000000e+03 2.086216073111736561e-06
2.791000000000000000e+03 2.086137811202792252e-06
2.792000000000000000e+03 2.086373328572686033e-06
2.793000000000000000e+03 2.086097010868237761e-06
2.794000000000000000e+03 2.086274453997471729e-06
2.795000000000000000e+03 2.086129641406480181e-06
2.796000000000000000e+03 2.086149697565584640e-06
2.797000000000000000e+03 2.086236438942628948e-06
2.798000000000000000e+03 2.086296370876352994e-06
2.799000000000000000e+03 2.086066082033469044e-06
2.800000000000000000e+03 2.086058981476140502e-06
2.801000000000000000e+03 2.085996490923395711e-06
2.802000000000000000e+03 2.086058324421925575e-06
2.803000000000000000e+03 2.086290743247294470e-06
2.804000000000000000e+03 2.085996751367402008e-06
2.805000000000000000e+03 2.086001998230863766e-06
2.806000000000000000e+03 2.086027808056274422e-06
2.807000000000000000e+03 2.086042826927859099e-06
2.808000000000000000e+03 2.086041149230329113e-06
2.809000000000000000e+03 2.086282225206753585e-06
2.810000000000000000e+03 2.086108015258977977e-06
2.811000000000000000e+03 2.086064504781746413e-06
2.812000000000000000e+03 2.086037956934368033e-06
2.813000000000000000e+03 2.086179845338099213e-06
2.814000000000000000e+03 2.086209147877551406e-06
2.815000000000000000e+03 2.086076349890825709e-06
2.816000000000000000e+03 2.086043477797038174e-06
2.817000000000000000e+03 2.086096861232623379e-06
2.818000000000000000e+03 2.086044781205953668e-06
2.819000000000000000e+03 2.086005803349115639e-06
2.820000000000000000e+03 2.085988141062428114e-06
2.821000000000000000e+03 2.086139240679488838e-06
2.822000000000000000e+03 2.086051050429961460e-06
2.823000000000000000e+03 2.085927518679834878e-06
2.824000000000000000e+03 2.085981607658459592e-06
2.825000000000000000e+03 2.085940389778190435e-06
2.826000000000000000e+03 2.085931729741793355e-06
2.827000000000000000e+03 2.085968781454296548e-06
2.828000000000000000e+03 2.086040211545431072e-06
2.829000000000000000e+03 2.086037830759168340e-06
2.830000000000000000e+03 2.086424588057581602e-06
2.831000000000000000e+03 2.085928109244656163e-06
2.832000000000000000e+03 2.085940752887869495e-06
2.833000000000000000e+03 2.085948080224326231e-06
2.834000000000000000e+03 2.085937801259336944e-06
2.835000000000000000e+03 2.086224181509866799e-06
2.836000000000000000e+03 2.086044106169963225e-06
2.837000000000000000e+03 2.085804655119320315e-06
2.838000000000000000e+03 2.085851228702785262e-06
2.839000000000000000e+03 2.086010141308328316e-06
2.840000000000000000e+03 2.086153808386934999e-06
2.841000000000000000e+03 2.085838298811936364e-06
2.842000000000000000e+03 2.085914742145897737e-06
2.843000000000000000e+03 2.085933808780493891e-06
2.844000000000000000e+03 2.085845133310573663e-06
2.845000000000000000e+03 2.085883181836118172e-06
2.846000000000000000e+03 2.086025838891216663e-06
2.847000000000000000e+03 2.085878866490861102e-06
2.848000000000000000e+03 2.085864973341283661e-06
2.849000000000000000e+03 2.085788840900171313e-06
2.850000000000000000e+03 2.086051169206410521e-06
2.851000000000000000e+03 2.085724189527766926e-06
2.852000000000000000e+03 2.085958630246722995e-06
2.853000000000000000e+03 2.085946871928899204e-06
2.854000000000000000e+03 2.085911919531604172e-06
2.855000000000000000e+03 2.085777001287466790e-06
2.856000000000000000e+03 2.085835453300276745e-06
2.857000000000000000e+03 2.085964395542594622e-06
2.858000000000000000e+03 2.085821943223445683e-06
2.859000000000000000e+03 2.085880235913803912e-06
2.860000000000000000e+03 2.085914671736544459e-06
2.861000000000000000e+03 2.085886277253592235e-06
2.862000000000000000e+03 2.085915368488078661e-06
2.863000000000000000e+03 2.085842971079490786e-06
2.864000000000000000e+03 2.085800164442794271e-06
2.865000000000000000e+03 2.085829915822539077e-06
2.866000000000000000e+03 2.085830023223577908e-06
2.867000000000000000e+03 2.085771039172242964e-06
2.868000000000000000e+03 2.085848819592750438e-06
2.869000000000000000e+03 2.085758587106266444e-06
2.870000000000000000e+03 2.085864372230158064e-06
2.871000000000000000e+03 2.085790056776070574e-06
2.872000000000000000e+03 2.085750101268786578e-06
2.873000000000000000e+03 2.085703449023784169e-06
2.874000000000000000e+03 2.085710723007439314e-06
2.875000000000000000e+03 2.085709450754881239e-06
2.876000000000000000e+03 2.086093110570614776e-06
2.877000000000000000e+03 2.085901342274371979e-06
2.878000000000000000e+03 2.085773092953930002e-06
2.879000000000000000e+03 2.085765272513028610e-06
2.880000000000000000e+03 2.085725421266273266e-06
2.881000000000000000e+03 2.085795733206624459e-06
2.882000000000000000e+03 2.085691450100991635e-06
2.883000000000000000e+03 2.085730017015079448e-06
2.884000000000000000e+03 2.085714845083751818e-06
2.885000000000000000e+03 2.085857556836911744e-06
2.886000000000000000e+03 2.085693427315795245e-06
2.887000000000000000e+03 2.085755572943695700e-06
2.888000000000000000e+03 2.085762393358824606e-06
2.889000000000000000e+03 2.085700914060378972e-06
2.890000000000000000e+03 2.085668800995150742e-06
2.891000000000000000e+03 2.085855205163918916e-06
2.892000000000000000e+03 2.085739829376252197e-06
2.893000000000000000e+03 2.085783933616020440e-06
2.894000000000000000e+03 2.085711651353560248e-06
2.895000000000000000e+03 2.085776481335826249e-06
2.896000000000000000e+03 2.085677160560698906e-06
2.897000000000000000e+03 2.085742112050783515e-06
2.898000000000000000e+03 2.085872041066907048e-06
2.899000000000000000e+03 2.085724651776228565e-06
2.900000000000000000e+03 2.085684394276177769e-06
2.901000000000000000e+03 2.085630380446168752e-06
2.902000000000000000e+03 2.085869981753818732e-06
2.903000000000000000e+03 2.085837951224610824e-06
2.904000000000000000e+03 2.085589362978187679e-06
2.905000000000000000e+03 2.085795025922296545e-06
2.906000000000000000e+03 2.085664331129065895e-06
2.907000000000000000e+03 2.085720356189660351e-06
2.908000000000000000e+03 2.085651801748945010e-06
2.909000000000000000e+03 2.085722226957978745e-06
2.910000000000000000e+03 2.086206723118752711e-06
2.911000000000000000e+03 2.085600515226063621e-06
2.912000000000000000e+03 2.085578294658971963e-06
2.913000000000000000e+03 2.085645245976849324e-06
2.914000000000000000e+03 2.085724676518702158e-06
2.915000000000000000e+03 2.085573525615155119e-06
2.916000000000000000e+03 2.085579583923877617e-06
2.917000000000000000e+03 2.085566711384954068e-06
2.918000000000000000e+03 2.085561728882733338e-06
2.919000000000000000e+03 2.085639224103332485e-06
2.920000000000000000e+03 2.085679738431398302e-06
2.921000000000000000e+03 2.085563243823447904e-06
2.922000000000000000e+03 2.085705799419375079e-06
2.923000000000000000e+03 2.085659933170881722e-06
2.924000000000000000e+03 2.085583485495025649e-06
2.925000000000000000e+03 2.085611465175926169e-06
2.926000000000000000e+03 2.085573240564571501e-06
2.927000000000000000e+03 2.085614470918232593e-06
2.928000000000000000e+03 2.085665129920801285e-06
2.929000000000000000e+03 2.085513375497161441e-06
2.930000000000000000e+03 2.085598976589239402e-06
2.931000000000000000e+03 2.085492532866882101e-06
2.932000000000000000e+03 2.085876612031889182e-06
2.933000000000000000e+03 2.085754390737905817e-06
2.934000000000000000e+03 2.085702067940074622e-06
2.935000000000000000e+03 2.085502657774122876e-06
2.936000000000000000e+03 2.085526019279089970e-06
2.937000000000000000e+03 2.085548910045441571e-06
2.938000000000000000e+03 2.085501606678170030e-06
2.939000000000000000e+03 2.085674066195286775e-06
2.940000000000000000e+03 2.085526839524022686e-06
2.941000000000000000e+03 2.085484644805147984e-06
2.942000000000000000e+03 2.086108643504406358e-06
2.943000000000000000e+03 2.086056934297755879e-06
2.944000000000000000e+03 2.085677313762160212e-06
2.945000000000000000e+03 2.085981543476642890e-06
2.946000000000000000e+03 2.085619759340892416e-06
2.947000000000000000e+03 2.085594135988893596e-06
2.948000000000000000e+03 2.085501052624712830e-06
2.949000000000000000e+03 2.085577973840749257e-06
2.950000000000000000e+03 2.085478957814508985e-06
2.951000000000000000e+03 2.085547357594162198e-06
2.952000000000000000e+03 2.085549217771085329e-06
2.953000000000000000e+03 2.085462832527729522e-06
2.954000000000000000e+03 2.085512744822191422e-06
2.955000000000000000e+03 2.085462535057449082e-06
2.956000000000000000e+03 2.085527710334174528e-06
2.957000000000000000e+03 2.085587803955674558e-06
2.958000000000000000e+03 2.085572800422809200e-06
2.959000000000000000e+03 2.085474820952982277e-06
2.960000000000000000e+03 2.085426644264267989e-06
2.961000000000000000e+03 2.085421276140098050e-06
2.962000000000000000e+03 2.085508363728014372e-06
2.963000000000000000e+03 2.085430085541701867e-06
2.964000000000000000e+03 2.085459850407263208e-06
2.965000000000000000e+03 2.085431712801624169e-06
2.966000000000000000e+03 2.085468756395456747e-06
2.967000000000000000e+03 2.085438434064752547e-06
2.968000000000000000e+03 2.085488042982209466e-06
2.969000000000000000e+03 2.085469986590467886e-06
2.970000000000000000e+03 2.085533005360896131e-06
2.971000000000000000e+03 2.085419793409392714e-06
2.972000000000000000e+03 2.085791711368545839e-06
2.973000000000000000e+03 2.085424940341513753e-06
2.974000000000000000e+03 2.085576802798405962e-06
2.975000000000000000e+03 2.085433029123973684e-06
2.976000000000000000e+03 2.085631422379422736e-06
2.977000000000000000e+03 2.085447494582819328e-06
2.978000000000000000e+03 2.085405213492291880e-06
2.979000000000000000e+03 2.085545323169745785e-06
2.980000000000000000e+03 2.085523052715799125e-06
2.981000000000000000e+03 2.085336661709629455e-06
2.982000000000000000e+03 2.085368464485129576e-06
2.983000000000000000e+03 2.085358108078972746e-06
2.984000000000000000e+03 2.085499195305732226e-06
2.985000000000000000e+03 2.085352501285163742e-06
2.986000000000000000e+03 2.085553793795053902e-06
2.987000000000000000e+03 2.085331083077808404e-06
2.988000000000000000e+03 2.085374197381690274e-06
2.989000000000000000e+03 2.085373134861283143e-06
2.990000000000000000e+03 2.085429789969876795e-06
2.991000000000000000e+03 2.085347071248878964e-06
2.992000000000000000e+03 2.085472712835270085e-06
2.993000000000000000e+03 2.085526503111837024e-06
2.994000000000000000e+03 2.085404615603243191e-06
2.995000000000000000e+03 2.085337436859044749e-06
2.996000000000000000e+03 2.085322589548096236e-06
2.997000000000000000e+03 2.085370847123882162e-06
2.998000000000000000e+03 2.085382393213290892e-06
2.999000000000000000e+03 2.085367329294502705e-06
