>> Device being used: cuda (NVIDIA GeForce RTX 4090)
Total number of parameters: 66433
>> Training Mesh resolution: 33x33
/root/autodl-tmp/project/MPNO_final/BlatzKo_1d/PNO_NN_ex35_k1/PNO_BB.py:146: UserWarning: torch.range is deprecated and will be removed in a future release because its behavior is inconsistent with Python's range builtin. Instead, use torch.arange, which produces values in [start, end).
  ksi_range = torch.range(-m_fact, m_fact).int()
tensor(0.9763)
tensor(3.2515)
>> Preprocessing completed, time elapsed:  0.18s
>> ntrain: 300, lr: 0.01, gamma: 0.6, w_d: 0.0
----------------------------------------------------------------------------------------------------
>> epoch [   1/4000], runtime: 0.42s, train err *1e8: 2185.7396, valid err*1e8: 0.6920 , test err*1e8: 37.1763
>> epoch [   2/4000], runtime:  0.20s, train err*1e8:  765.7572 (best*1e8:  2185.7396/ 0.6920)
>> epoch [   3/4000], runtime:  0.20s, train err*1e8:  322.8814 (best*1e8:  2185.7396/ 0.6920)
>> epoch [   4/4000], runtime:  0.20s, train err*1e8:  139.1451 (best*1e8:  2185.7396/ 0.6920)
>> epoch [   5/4000], runtime:  0.20s, train err*1e8:  114.9698 (best*1e8:  2185.7396/ 0.6920)
>> epoch [   6/4000], runtime:  0.20s, train err*1e8:  97.8320 (best*1e8:  2185.7396/ 0.6920)
>> epoch [   7/4000], runtime:  0.20s, train err*1e8:  79.1773 (best*1e8:  2185.7396/ 0.6920)
>> epoch [   8/4000], runtime: 0.19s, train err *1e8: 75.4663, valid err*1e8: 0.6275 , test err*1e8: 0.1195
>> epoch [   9/4000], runtime:  0.19s, train err*1e8:  74.2005 (best*1e8:  75.4663/ 0.6275)
>> epoch [  10/4000], runtime:  0.19s, train err*1e8:  74.8871 (best*1e8:  75.4663/ 0.6275)
>> epoch [  11/4000], runtime:  0.19s, train err*1e8:  75.1990 (best*1e8:  75.4663/ 0.6275)
>> epoch [  12/4000], runtime:  0.19s, train err*1e8:  77.3859 (best*1e8:  75.4663/ 0.6275)
>> epoch [  13/4000], runtime:  0.19s, train err*1e8:  66.8769 (best*1e8:  75.4663/ 0.6275)
>> epoch [  14/4000], runtime:  0.20s, train err*1e8:  63.1384 (best*1e8:  75.4663/ 0.6275)
>> epoch [  15/4000], runtime:  0.20s, train err*1e8:  71.1633 (best*1e8:  75.4663/ 0.6275)
>> epoch [  16/4000], runtime:  0.21s, train err*1e8:  88.3523 (best*1e8:  75.4663/ 0.6275)
>> epoch [  17/4000], runtime:  0.20s, train err*1e8:  90.8983 (best*1e8:  75.4663/ 0.6275)
>> epoch [  18/4000], runtime:  0.20s, train err*1e8:  68.0359 (best*1e8:  75.4663/ 0.6275)
>> epoch [  19/4000], runtime:  0.19s, train err*1e8:  71.1001 (best*1e8:  75.4663/ 0.6275)
>> epoch [  20/4000], runtime:  0.19s, train err*1e8:  70.0258 (best*1e8:  75.4663/ 0.6275)
>> epoch [  21/4000], runtime:  0.19s, train err*1e8:  64.8581 (best*1e8:  75.4663/ 0.6275)
>> epoch [  22/4000], runtime:  0.19s, train err*1e8:  135.9549 (best*1e8:  75.4663/ 0.6275)
>> epoch [  23/4000], runtime:  0.19s, train err*1e8:  256.0727 (best*1e8:  75.4663/ 0.6275)
>> epoch [  24/4000], runtime:  0.19s, train err*1e8:  145.8481 (best*1e8:  75.4663/ 0.6275)
>> epoch [  25/4000], runtime:  0.20s, train err*1e8:  103.3479 (best*1e8:  75.4663/ 0.6275)
>> epoch [  26/4000], runtime: 0.20s, train err *1e8: 63.4320, valid err*1e8: 0.6147 , test err*1e8: 0.1184
>> epoch [  27/4000], runtime:  0.20s, train err*1e8:  64.0123 (best*1e8:  63.4320/ 0.6147)
>> epoch [  28/4000], runtime:  0.19s, train err*1e8:  60.2549 (best*1e8:  63.4320/ 0.6147)
>> epoch [  29/4000], runtime:  0.19s, train err*1e8:  63.6998 (best*1e8:  63.4320/ 0.6147)
>> epoch [  30/4000], runtime:  0.19s, train err*1e8:  65.7283 (best*1e8:  63.4320/ 0.6147)
>> epoch [  31/4000], runtime:  0.19s, train err*1e8:  64.2191 (best*1e8:  63.4320/ 0.6147)
>> epoch [  32/4000], runtime:  0.19s, train err*1e8:  61.9176 (best*1e8:  63.4320/ 0.6147)
>> epoch [  33/4000], runtime:  0.19s, train err*1e8:  63.3562 (best*1e8:  63.4320/ 0.6147)
>> epoch [  34/4000], runtime:  0.20s, train err*1e8:  67.8183 (best*1e8:  63.4320/ 0.6147)
>> epoch [  35/4000], runtime:  0.19s, train err*1e8:  71.3898 (best*1e8:  63.4320/ 0.6147)
>> epoch [  36/4000], runtime:  0.19s, train err*1e8:  67.2531 (best*1e8:  63.4320/ 0.6147)
>> epoch [  37/4000], runtime:  0.20s, train err*1e8:  71.8195 (best*1e8:  63.4320/ 0.6147)
>> epoch [  38/4000], runtime:  0.20s, train err*1e8:  83.5692 (best*1e8:  63.4320/ 0.6147)
>> epoch [  39/4000], runtime:  0.19s, train err*1e8:  74.7719 (best*1e8:  63.4320/ 0.6147)
>> epoch [  40/4000], runtime:  0.19s, train err*1e8:  69.5134 (best*1e8:  63.4320/ 0.6147)
>> epoch [  41/4000], runtime:  0.19s, train err*1e8:  65.8028 (best*1e8:  63.4320/ 0.6147)
>> epoch [  42/4000], runtime:  0.19s, train err*1e8:  62.4003 (best*1e8:  63.4320/ 0.6147)
>> epoch [  43/4000], runtime:  0.20s, train err*1e8:  62.8735 (best*1e8:  63.4320/ 0.6147)
>> epoch [  44/4000], runtime:  0.20s, train err*1e8:  65.9071 (best*1e8:  63.4320/ 0.6147)
>> epoch [  45/4000], runtime:  0.20s, train err*1e8:  62.6107 (best*1e8:  63.4320/ 0.6147)
>> epoch [  46/4000], runtime:  0.19s, train err*1e8:  60.7776 (best*1e8:  63.4320/ 0.6147)
>> epoch [  47/4000], runtime:  0.18s, train err*1e8:  63.0841 (best*1e8:  63.4320/ 0.6147)
>> epoch [  48/4000], runtime:  0.20s, train err*1e8:  62.3648 (best*1e8:  63.4320/ 0.6147)
>> epoch [  49/4000], runtime:  0.20s, train err*1e8:  61.6646 (best*1e8:  63.4320/ 0.6147)
>> epoch [  50/4000], runtime:  0.19s, train err*1e8:  63.0421 (best*1e8:  63.4320/ 0.6147)
>> epoch [  51/4000], runtime:  0.19s, train err*1e8:  64.6913 (best*1e8:  63.4320/ 0.6147)
>> epoch [  52/4000], runtime:  0.19s, train err*1e8:  81.8782 (best*1e8:  63.4320/ 0.6147)
>> epoch [  53/4000], runtime:  0.19s, train err*1e8:  64.8897 (best*1e8:  63.4320/ 0.6147)
>> epoch [  54/4000], runtime:  0.20s, train err*1e8:  64.8601 (best*1e8:  63.4320/ 0.6147)
>> epoch [  55/4000], runtime:  0.19s, train err*1e8:  71.6090 (best*1e8:  63.4320/ 0.6147)
>> epoch [  56/4000], runtime:  0.19s, train err*1e8:  85.5516 (best*1e8:  63.4320/ 0.6147)
>> epoch [  57/4000], runtime:  0.20s, train err*1e8:  85.2645 (best*1e8:  63.4320/ 0.6147)
>> epoch [  58/4000], runtime:  0.19s, train err*1e8:  88.8011 (best*1e8:  63.4320/ 0.6147)
>> epoch [  59/4000], runtime:  0.20s, train err*1e8:  84.9305 (best*1e8:  63.4320/ 0.6147)
>> epoch [  60/4000], runtime:  0.21s, train err*1e8:  65.5364 (best*1e8:  63.4320/ 0.6147)
>> epoch [  61/4000], runtime:  0.19s, train err*1e8:  61.4401 (best*1e8:  63.4320/ 0.6147)
>> epoch [  62/4000], runtime:  0.19s, train err*1e8:  60.2978 (best*1e8:  63.4320/ 0.6147)
>> epoch [  63/4000], runtime:  0.20s, train err*1e8:  63.3327 (best*1e8:  63.4320/ 0.6147)
>> epoch [  64/4000], runtime:  0.19s, train err*1e8:  64.2466 (best*1e8:  63.4320/ 0.6147)
>> epoch [  65/4000], runtime:  0.19s, train err*1e8:  65.9314 (best*1e8:  63.4320/ 0.6147)
>> epoch [  66/4000], runtime:  0.18s, train err*1e8:  69.3394 (best*1e8:  63.4320/ 0.6147)
>> epoch [  67/4000], runtime:  0.19s, train err*1e8:  75.2379 (best*1e8:  63.4320/ 0.6147)
>> epoch [  68/4000], runtime:  0.18s, train err*1e8:  78.0028 (best*1e8:  63.4320/ 0.6147)
>> epoch [  69/4000], runtime:  0.19s, train err*1e8:  65.7035 (best*1e8:  63.4320/ 0.6147)
>> epoch [  70/4000], runtime:  0.20s, train err*1e8:  59.6256 (best*1e8:  63.4320/ 0.6147)
>> epoch [  71/4000], runtime:  0.20s, train err*1e8:  62.0199 (best*1e8:  63.4320/ 0.6147)
>> epoch [  72/4000], runtime:  0.19s, train err*1e8:  62.4965 (best*1e8:  63.4320/ 0.6147)
>> epoch [  73/4000], runtime:  0.20s, train err*1e8:  62.3485 (best*1e8:  63.4320/ 0.6147)
>> epoch [  74/4000], runtime:  0.20s, train err*1e8:  66.7898 (best*1e8:  63.4320/ 0.6147)
>> epoch [  75/4000], runtime:  0.20s, train err*1e8:  65.3123 (best*1e8:  63.4320/ 0.6147)
>> epoch [  76/4000], runtime:  0.19s, train err*1e8:  65.0206 (best*1e8:  63.4320/ 0.6147)
>> epoch [  77/4000], runtime:  0.20s, train err*1e8:  64.0322 (best*1e8:  63.4320/ 0.6147)
>> epoch [  78/4000], runtime:  0.20s, train err*1e8:  64.4543 (best*1e8:  63.4320/ 0.6147)
>> epoch [  79/4000], runtime:  0.20s, train err*1e8:  68.9202 (best*1e8:  63.4320/ 0.6147)
>> epoch [  80/4000], runtime:  0.20s, train err*1e8:  62.3032 (best*1e8:  63.4320/ 0.6147)
>> epoch [  81/4000], runtime:  0.18s, train err*1e8:  61.4498 (best*1e8:  63.4320/ 0.6147)
>> epoch [  82/4000], runtime:  0.19s, train err*1e8:  65.7016 (best*1e8:  63.4320/ 0.6147)
>> epoch [  83/4000], runtime:  0.19s, train err*1e8:  59.9814 (best*1e8:  63.4320/ 0.6147)
>> epoch [  84/4000], runtime:  0.19s, train err*1e8:  62.0031 (best*1e8:  63.4320/ 0.6147)
>> epoch [  85/4000], runtime:  0.19s, train err*1e8:  77.5566 (best*1e8:  63.4320/ 0.6147)
>> epoch [  86/4000], runtime:  0.20s, train err*1e8:  67.8788 (best*1e8:  63.4320/ 0.6147)
>> epoch [  87/4000], runtime:  0.20s, train err*1e8:  61.7603 (best*1e8:  63.4320/ 0.6147)
>> epoch [  88/4000], runtime:  0.19s, train err*1e8:  62.5146 (best*1e8:  63.4320/ 0.6147)
>> epoch [  89/4000], runtime:  0.19s, train err*1e8:  60.6023 (best*1e8:  63.4320/ 0.6147)
>> epoch [  90/4000], runtime:  0.19s, train err*1e8:  58.8843 (best*1e8:  63.4320/ 0.6147)
>> epoch [  91/4000], runtime:  0.19s, train err*1e8:  59.2640 (best*1e8:  63.4320/ 0.6147)
>> epoch [  92/4000], runtime:  0.19s, train err*1e8:  66.8861 (best*1e8:  63.4320/ 0.6147)
>> epoch [  93/4000], runtime:  0.19s, train err*1e8:  71.6240 (best*1e8:  63.4320/ 0.6147)
>> epoch [  94/4000], runtime:  0.20s, train err*1e8:  61.3366 (best*1e8:  63.4320/ 0.6147)
>> epoch [  95/4000], runtime:  0.20s, train err*1e8:  61.2865 (best*1e8:  63.4320/ 0.6147)
>> epoch [  96/4000], runtime:  0.20s, train err*1e8:  61.8084 (best*1e8:  63.4320/ 0.6147)
>> epoch [  97/4000], runtime:  0.19s, train err*1e8:  64.3120 (best*1e8:  63.4320/ 0.6147)
>> epoch [  98/4000], runtime:  0.20s, train err*1e8:  61.9637 (best*1e8:  63.4320/ 0.6147)
>> epoch [  99/4000], runtime:  0.20s, train err*1e8:  65.3133 (best*1e8:  63.4320/ 0.6147)
>> epoch [ 100/4000], runtime:  0.19s, train err*1e8:  62.9032 (best*1e8:  63.4320/ 0.6147)
>> epoch [ 101/4000], runtime:  0.21s, train err*1e8:  58.8873 (best*1e8:  63.4320/ 0.6147)
>> epoch [ 102/4000], runtime:  0.19s, train err*1e8:  62.1390 (best*1e8:  63.4320/ 0.6147)
>> epoch [ 103/4000], runtime:  0.19s, train err*1e8:  64.8375 (best*1e8:  63.4320/ 0.6147)
>> epoch [ 104/4000], runtime:  0.19s, train err*1e8:  61.2926 (best*1e8:  63.4320/ 0.6147)
>> epoch [ 105/4000], runtime:  0.19s, train err*1e8:  65.2379 (best*1e8:  63.4320/ 0.6147)
>> epoch [ 106/4000], runtime:  0.19s, train err*1e8:  62.1043 (best*1e8:  63.4320/ 0.6147)
>> epoch [ 107/4000], runtime:  0.19s, train err*1e8:  60.7323 (best*1e8:  63.4320/ 0.6147)
>> epoch [ 108/4000], runtime:  0.19s, train err*1e8:  59.5850 (best*1e8:  63.4320/ 0.6147)
>> epoch [ 109/4000], runtime:  0.19s, train err*1e8:  68.4624 (best*1e8:  63.4320/ 0.6147)
>> epoch [ 110/4000], runtime:  0.19s, train err*1e8:  62.7332 (best*1e8:  63.4320/ 0.6147)
>> epoch [ 111/4000], runtime:  0.19s, train err*1e8:  59.5702 (best*1e8:  63.4320/ 0.6147)
>> epoch [ 112/4000], runtime:  0.19s, train err*1e8:  63.5444 (best*1e8:  63.4320/ 0.6147)
>> epoch [ 113/4000], runtime:  0.19s, train err*1e8:  65.9243 (best*1e8:  63.4320/ 0.6147)
>> epoch [ 114/4000], runtime:  0.19s, train err*1e8:  61.8670 (best*1e8:  63.4320/ 0.6147)
>> epoch [ 115/4000], runtime:  0.20s, train err*1e8:  60.0963 (best*1e8:  63.4320/ 0.6147)
>> epoch [ 116/4000], runtime:  0.20s, train err*1e8:  59.2689 (best*1e8:  63.4320/ 0.6147)
>> epoch [ 117/4000], runtime:  0.20s, train err*1e8:  61.9015 (best*1e8:  63.4320/ 0.6147)
>> epoch [ 118/4000], runtime:  0.19s, train err*1e8:  65.6532 (best*1e8:  63.4320/ 0.6147)
>> epoch [ 119/4000], runtime:  0.20s, train err*1e8:  59.7069 (best*1e8:  63.4320/ 0.6147)
>> epoch [ 120/4000], runtime:  0.19s, train err*1e8:  60.0849 (best*1e8:  63.4320/ 0.6147)
>> epoch [ 121/4000], runtime:  0.19s, train err*1e8:  60.2855 (best*1e8:  63.4320/ 0.6147)
>> epoch [ 122/4000], runtime:  0.19s, train err*1e8:  62.3334 (best*1e8:  63.4320/ 0.6147)
>> epoch [ 123/4000], runtime:  0.19s, train err*1e8:  60.9918 (best*1e8:  63.4320/ 0.6147)
>> epoch [ 124/4000], runtime:  0.19s, train err*1e8:  60.5934 (best*1e8:  63.4320/ 0.6147)
>> epoch [ 125/4000], runtime:  0.19s, train err*1e8:  61.1332 (best*1e8:  63.4320/ 0.6147)
>> epoch [ 126/4000], runtime:  0.19s, train err*1e8:  61.0925 (best*1e8:  63.4320/ 0.6147)
>> epoch [ 127/4000], runtime:  0.19s, train err*1e8:  60.9285 (best*1e8:  63.4320/ 0.6147)
----------------------------------------------------------------------------------------------------
----------------------------------------------------------------------------------------------------
>> ntrain: 300, lr: 0.01, gamma: 0.6, w_d: 0.0
>> Best train error*1e8:  63.4320
>> Best valid error*1e8:  0.6147
>> Best test error*1e8:  0.1184
>> Best epoch: 25
----------------------------------------------------------------------------------------------------
----------------------------------------------------------------------------------------------------
>> Training Completed!!
Total number of parameters: 66433
>> Training Mesh resolution: 65x65
tensor(0.8745)
tensor(3.3131)
>> Preprocessing completed, time elapsed:  0.40s
>> ntrain: 300, lr: 0.01, gamma: 0.6, w_d: 0.0
----------------------------------------------------------------------------------------------------
>> epoch [   1/4000], runtime: 0.54s, train err *1e8: 3361.0949, valid err*1e8: 2.3761 , test err*1e8: 34.1653
>> epoch [   2/4000], runtime: 0.54s, train err *1e8: 262.8295, valid err*1e8: 0.4607 , test err*1e8: 2.3404
>> epoch [   3/4000], runtime: 0.54s, train err *1e8: 54.3529, valid err*1e8: 0.3887 , test err*1e8: 0.2718
>> epoch [   4/4000], runtime: 0.54s, train err *1e8: 51.2818, valid err*1e8: 0.0803 , test err*1e8: 0.0616
>> epoch [   5/4000], runtime:  0.55s, train err*1e8:  99.2494 (best*1e8:  51.2818/ 0.0803)
>> epoch [   6/4000], runtime:  0.54s, train err*1e8:  47.5287 (best*1e8:  51.2818/ 0.0803)
>> epoch [   7/4000], runtime:  0.54s, train err*1e8:  97.0667 (best*1e8:  51.2818/ 0.0803)
>> epoch [   8/4000], runtime:  0.53s, train err*1e8:  66.0758 (best*1e8:  51.2818/ 0.0803)
>> epoch [   9/4000], runtime:  0.53s, train err*1e8:  17.6212 (best*1e8:  51.2818/ 0.0803)
>> epoch [  10/4000], runtime: 0.53s, train err *1e8: 6.7821, valid err*1e8: 0.0332 , test err*1e8: 0.1545
>> epoch [  11/4000], runtime:  0.53s, train err*1e8:  5.9146 (best*1e8:  6.7821/ 0.0332)
>> epoch [  12/4000], runtime: 0.54s, train err *1e8: 5.7808, valid err*1e8: 0.0327 , test err*1e8: 0.0089
>> epoch [  13/4000], runtime:  0.53s, train err*1e8:  8.2284 (best*1e8:  5.7808/ 0.0327)
>> epoch [  14/4000], runtime:  0.53s, train err*1e8:  22.8135 (best*1e8:  5.7808/ 0.0327)
>> epoch [  15/4000], runtime:  0.53s, train err*1e8:  10.8333 (best*1e8:  5.7808/ 0.0327)
>> epoch [  16/4000], runtime:  0.53s, train err*1e8:  22.8366 (best*1e8:  5.7808/ 0.0327)
>> epoch [  17/4000], runtime:  0.53s, train err*1e8:  25.4919 (best*1e8:  5.7808/ 0.0327)
>> epoch [  18/4000], runtime:  0.53s, train err*1e8:  11.9726 (best*1e8:  5.7808/ 0.0327)
>> epoch [  19/4000], runtime:  0.53s, train err*1e8:  6.7611 (best*1e8:  5.7808/ 0.0327)
>> epoch [  20/4000], runtime:  0.53s, train err*1e8:  8.0516 (best*1e8:  5.7808/ 0.0327)
>> epoch [  21/4000], runtime:  0.53s, train err*1e8:  8.3643 (best*1e8:  5.7808/ 0.0327)
>> epoch [  22/4000], runtime:  0.53s, train err*1e8:  5.5000 (best*1e8:  5.7808/ 0.0327)
>> epoch [  23/4000], runtime:  0.54s, train err*1e8:  4.4110 (best*1e8:  5.7808/ 0.0327)
>> epoch [  24/4000], runtime:  0.53s, train err*1e8:  3.8596 (best*1e8:  5.7808/ 0.0327)
>> epoch [  25/4000], runtime:  0.53s, train err*1e8:  7.9772 (best*1e8:  5.7808/ 0.0327)
>> epoch [  26/4000], runtime:  0.54s, train err*1e8:  8.7769 (best*1e8:  5.7808/ 0.0327)
>> epoch [  27/4000], runtime:  0.53s, train err*1e8:  6.8181 (best*1e8:  5.7808/ 0.0327)
>> epoch [  28/4000], runtime:  0.53s, train err*1e8:  10.7270 (best*1e8:  5.7808/ 0.0327)
>> epoch [  29/4000], runtime:  0.53s, train err*1e8:  58.7914 (best*1e8:  5.7808/ 0.0327)
>> epoch [  30/4000], runtime:  0.53s, train err*1e8:  31.7400 (best*1e8:  5.7808/ 0.0327)
>> epoch [  31/4000], runtime:  0.54s, train err*1e8:  26.1273 (best*1e8:  5.7808/ 0.0327)
>> epoch [  32/4000], runtime:  0.54s, train err*1e8:  13.5745 (best*1e8:  5.7808/ 0.0327)
>> epoch [  33/4000], runtime:  0.54s, train err*1e8:  39.6560 (best*1e8:  5.7808/ 0.0327)
>> epoch [  34/4000], runtime:  0.55s, train err*1e8:  43.4804 (best*1e8:  5.7808/ 0.0327)
>> epoch [  35/4000], runtime:  0.54s, train err*1e8:  58.6933 (best*1e8:  5.7808/ 0.0327)
>> epoch [  36/4000], runtime:  0.54s, train err*1e8:  33.3956 (best*1e8:  5.7808/ 0.0327)
>> epoch [  37/4000], runtime:  0.55s, train err*1e8:  10.2819 (best*1e8:  5.7808/ 0.0327)
>> epoch [  38/4000], runtime:  0.54s, train err*1e8:  3.9800 (best*1e8:  5.7808/ 0.0327)
>> epoch [  39/4000], runtime:  0.55s, train err*1e8:  2.8511 (best*1e8:  5.7808/ 0.0327)
>> epoch [  40/4000], runtime:  0.54s, train err*1e8:  2.7950 (best*1e8:  5.7808/ 0.0327)
>> epoch [  41/4000], runtime:  0.54s, train err*1e8:  4.0413 (best*1e8:  5.7808/ 0.0327)
>> epoch [  42/4000], runtime:  0.55s, train err*1e8:  5.1493 (best*1e8:  5.7808/ 0.0327)
>> epoch [  43/4000], runtime: 0.54s, train err *1e8: 4.4656, valid err*1e8: 0.0326 , test err*1e8: 0.0647
>> epoch [  44/4000], runtime: 0.53s, train err *1e8: 3.4848, valid err*1e8: 0.0307 , test err*1e8: 0.0318
>> epoch [  45/4000], runtime:  0.54s, train err*1e8:  3.6090 (best*1e8:  3.4848/ 0.0307)
>> epoch [  46/4000], runtime:  0.53s, train err*1e8:  4.0039 (best*1e8:  3.4848/ 0.0307)
>> epoch [  47/4000], runtime:  0.53s, train err*1e8:  5.8881 (best*1e8:  3.4848/ 0.0307)
>> epoch [  48/4000], runtime:  0.54s, train err*1e8:  7.5114 (best*1e8:  3.4848/ 0.0307)
>> epoch [  49/4000], runtime:  0.55s, train err*1e8:  13.2092 (best*1e8:  3.4848/ 0.0307)
>> epoch [  50/4000], runtime:  0.55s, train err*1e8:  17.6558 (best*1e8:  3.4848/ 0.0307)
>> epoch [  51/4000], runtime:  0.54s, train err*1e8:  88.4386 (best*1e8:  3.4848/ 0.0307)
>> epoch [  52/4000], runtime:  0.55s, train err*1e8:  22.5523 (best*1e8:  3.4848/ 0.0307)
>> epoch [  53/4000], runtime:  0.54s, train err*1e8:  8.0952 (best*1e8:  3.4848/ 0.0307)
>> epoch [  54/4000], runtime:  0.54s, train err*1e8:  5.0055 (best*1e8:  3.4848/ 0.0307)
>> epoch [  55/4000], runtime:  0.54s, train err*1e8:  7.5944 (best*1e8:  3.4848/ 0.0307)
>> epoch [  56/4000], runtime:  0.54s, train err*1e8:  3.8783 (best*1e8:  3.4848/ 0.0307)
>> epoch [  57/4000], runtime:  0.54s, train err*1e8:  3.2465 (best*1e8:  3.4848/ 0.0307)
>> epoch [  58/4000], runtime:  0.54s, train err*1e8:  3.5096 (best*1e8:  3.4848/ 0.0307)
>> epoch [  59/4000], runtime:  0.55s, train err*1e8:  4.7064 (best*1e8:  3.4848/ 0.0307)
>> epoch [  60/4000], runtime:  0.55s, train err*1e8:  3.7871 (best*1e8:  3.4848/ 0.0307)
>> epoch [  61/4000], runtime:  0.55s, train err*1e8:  3.7884 (best*1e8:  3.4848/ 0.0307)
>> epoch [  62/4000], runtime:  0.54s, train err*1e8:  5.2524 (best*1e8:  3.4848/ 0.0307)
>> epoch [  63/4000], runtime:  0.54s, train err*1e8:  3.1727 (best*1e8:  3.4848/ 0.0307)
>> epoch [  64/4000], runtime:  0.54s, train err*1e8:  2.9395 (best*1e8:  3.4848/ 0.0307)
>> epoch [  65/4000], runtime:  0.54s, train err*1e8:  3.6330 (best*1e8:  3.4848/ 0.0307)
>> epoch [  66/4000], runtime:  0.55s, train err*1e8:  2.9937 (best*1e8:  3.4848/ 0.0307)
>> epoch [  67/4000], runtime:  0.55s, train err*1e8:  3.7483 (best*1e8:  3.4848/ 0.0307)
>> epoch [  68/4000], runtime:  0.54s, train err*1e8:  3.2513 (best*1e8:  3.4848/ 0.0307)
>> epoch [  69/4000], runtime:  0.54s, train err*1e8:  5.1511 (best*1e8:  3.4848/ 0.0307)
>> epoch [  70/4000], runtime:  0.54s, train err*1e8:  7.5869 (best*1e8:  3.4848/ 0.0307)
>> epoch [  71/4000], runtime:  0.55s, train err*1e8:  12.7202 (best*1e8:  3.4848/ 0.0307)
>> epoch [  72/4000], runtime:  0.55s, train err*1e8:  10.4716 (best*1e8:  3.4848/ 0.0307)
>> epoch [  73/4000], runtime:  0.54s, train err*1e8:  12.7848 (best*1e8:  3.4848/ 0.0307)
>> epoch [  74/4000], runtime:  0.54s, train err*1e8:  11.7448 (best*1e8:  3.4848/ 0.0307)
>> epoch [  75/4000], runtime:  0.54s, train err*1e8:  9.4737 (best*1e8:  3.4848/ 0.0307)
>> epoch [  76/4000], runtime:  0.55s, train err*1e8:  5.6265 (best*1e8:  3.4848/ 0.0307)
>> epoch [  77/4000], runtime:  0.55s, train err*1e8:  5.7919 (best*1e8:  3.4848/ 0.0307)
>> epoch [  78/4000], runtime:  0.54s, train err*1e8:  4.5655 (best*1e8:  3.4848/ 0.0307)
>> epoch [  79/4000], runtime:  0.54s, train err*1e8:  3.7884 (best*1e8:  3.4848/ 0.0307)
>> epoch [  80/4000], runtime:  0.54s, train err*1e8:  2.8232 (best*1e8:  3.4848/ 0.0307)
>> epoch [  81/4000], runtime:  0.54s, train err*1e8:  2.7417 (best*1e8:  3.4848/ 0.0307)
>> epoch [  82/4000], runtime:  0.54s, train err*1e8:  2.6385 (best*1e8:  3.4848/ 0.0307)
>> epoch [  83/4000], runtime:  0.53s, train err*1e8:  3.1406 (best*1e8:  3.4848/ 0.0307)
>> epoch [  84/4000], runtime:  0.54s, train err*1e8:  3.2466 (best*1e8:  3.4848/ 0.0307)
>> epoch [  85/4000], runtime:  0.54s, train err*1e8:  2.6810 (best*1e8:  3.4848/ 0.0307)
>> epoch [  86/4000], runtime:  0.54s, train err*1e8:  2.6700 (best*1e8:  3.4848/ 0.0307)
>> epoch [  87/4000], runtime:  0.54s, train err*1e8:  3.8418 (best*1e8:  3.4848/ 0.0307)
>> epoch [  88/4000], runtime:  0.54s, train err*1e8:  4.6481 (best*1e8:  3.4848/ 0.0307)
>> epoch [  89/4000], runtime:  0.54s, train err*1e8:  3.4506 (best*1e8:  3.4848/ 0.0307)
>> epoch [  90/4000], runtime:  0.55s, train err*1e8:  3.1792 (best*1e8:  3.4848/ 0.0307)
>> epoch [  91/4000], runtime:  0.55s, train err*1e8:  2.9391 (best*1e8:  3.4848/ 0.0307)
>> epoch [  92/4000], runtime:  0.55s, train err*1e8:  2.7424 (best*1e8:  3.4848/ 0.0307)
>> epoch [  93/4000], runtime:  0.55s, train err*1e8:  2.7065 (best*1e8:  3.4848/ 0.0307)
>> epoch [  94/4000], runtime:  0.54s, train err*1e8:  3.0171 (best*1e8:  3.4848/ 0.0307)
>> epoch [  95/4000], runtime:  0.53s, train err*1e8:  4.3323 (best*1e8:  3.4848/ 0.0307)
>> epoch [  96/4000], runtime:  0.53s, train err*1e8:  3.0405 (best*1e8:  3.4848/ 0.0307)
>> epoch [  97/4000], runtime:  0.54s, train err*1e8:  3.5115 (best*1e8:  3.4848/ 0.0307)
>> epoch [  98/4000], runtime:  0.54s, train err*1e8:  5.1221 (best*1e8:  3.4848/ 0.0307)
>> epoch [  99/4000], runtime:  0.54s, train err*1e8:  4.2242 (best*1e8:  3.4848/ 0.0307)
>> epoch [ 100/4000], runtime:  0.54s, train err*1e8:  2.9629 (best*1e8:  3.4848/ 0.0307)
>> epoch [ 101/4000], runtime:  0.54s, train err*1e8:  2.7077 (best*1e8:  3.4848/ 0.0307)
>> epoch [ 102/4000], runtime:  0.55s, train err*1e8:  2.6194 (best*1e8:  3.4848/ 0.0307)
>> epoch [ 103/4000], runtime:  0.54s, train err*1e8:  3.4892 (best*1e8:  3.4848/ 0.0307)
>> epoch [ 104/4000], runtime:  0.55s, train err*1e8:  3.5470 (best*1e8:  3.4848/ 0.0307)
>> epoch [ 105/4000], runtime: 0.54s, train err *1e8: 2.9039, valid err*1e8: 0.0298 , test err*1e8: 0.0075
>> epoch [ 106/4000], runtime:  0.55s, train err*1e8:  3.1853 (best*1e8:  2.9039/ 0.0298)
>> epoch [ 107/4000], runtime:  0.53s, train err*1e8:  2.8135 (best*1e8:  2.9039/ 0.0298)
>> epoch [ 108/4000], runtime:  0.54s, train err*1e8:  5.6461 (best*1e8:  2.9039/ 0.0298)
>> epoch [ 109/4000], runtime:  0.54s, train err*1e8:  22.0963 (best*1e8:  2.9039/ 0.0298)
>> epoch [ 110/4000], runtime:  0.54s, train err*1e8:  47.9126 (best*1e8:  2.9039/ 0.0298)
>> epoch [ 111/4000], runtime:  0.54s, train err*1e8:  35.4870 (best*1e8:  2.9039/ 0.0298)
>> epoch [ 112/4000], runtime:  0.54s, train err*1e8:  9.3384 (best*1e8:  2.9039/ 0.0298)
>> epoch [ 113/4000], runtime:  0.53s, train err*1e8:  4.1012 (best*1e8:  2.9039/ 0.0298)
>> epoch [ 114/4000], runtime:  0.54s, train err*1e8:  3.3740 (best*1e8:  2.9039/ 0.0298)
>> epoch [ 115/4000], runtime:  0.54s, train err*1e8:  3.5330 (best*1e8:  2.9039/ 0.0298)
>> epoch [ 116/4000], runtime:  0.54s, train err*1e8:  3.0400 (best*1e8:  2.9039/ 0.0298)
>> epoch [ 117/4000], runtime:  0.53s, train err*1e8:  2.7002 (best*1e8:  2.9039/ 0.0298)
>> epoch [ 118/4000], runtime:  0.54s, train err*1e8:  2.8619 (best*1e8:  2.9039/ 0.0298)
>> epoch [ 119/4000], runtime:  0.55s, train err*1e8:  3.1012 (best*1e8:  2.9039/ 0.0298)
>> epoch [ 120/4000], runtime:  0.54s, train err*1e8:  4.5772 (best*1e8:  2.9039/ 0.0298)
>> epoch [ 121/4000], runtime:  0.54s, train err*1e8:  3.8490 (best*1e8:  2.9039/ 0.0298)
>> epoch [ 122/4000], runtime:  0.55s, train err*1e8:  3.4768 (best*1e8:  2.9039/ 0.0298)
>> epoch [ 123/4000], runtime:  0.55s, train err*1e8:  2.8849 (best*1e8:  2.9039/ 0.0298)
>> epoch [ 124/4000], runtime:  0.54s, train err*1e8:  4.4761 (best*1e8:  2.9039/ 0.0298)
>> epoch [ 125/4000], runtime:  0.54s, train err*1e8:  2.8814 (best*1e8:  2.9039/ 0.0298)
>> epoch [ 126/4000], runtime:  0.55s, train err*1e8:  3.0921 (best*1e8:  2.9039/ 0.0298)
>> epoch [ 127/4000], runtime:  0.54s, train err*1e8:  2.7032 (best*1e8:  2.9039/ 0.0298)
>> epoch [ 128/4000], runtime:  0.54s, train err*1e8:  3.0315 (best*1e8:  2.9039/ 0.0298)
>> epoch [ 129/4000], runtime:  0.54s, train err*1e8:  2.8120 (best*1e8:  2.9039/ 0.0298)
>> epoch [ 130/4000], runtime:  0.54s, train err*1e8:  2.9135 (best*1e8:  2.9039/ 0.0298)
>> epoch [ 131/4000], runtime:  0.55s, train err*1e8:  2.8670 (best*1e8:  2.9039/ 0.0298)
>> epoch [ 132/4000], runtime:  0.55s, train err*1e8:  3.4750 (best*1e8:  2.9039/ 0.0298)
>> epoch [ 133/4000], runtime:  0.54s, train err*1e8:  2.8016 (best*1e8:  2.9039/ 0.0298)
>> epoch [ 134/4000], runtime:  0.55s, train err*1e8:  3.4586 (best*1e8:  2.9039/ 0.0298)
>> epoch [ 135/4000], runtime:  0.54s, train err*1e8:  4.2210 (best*1e8:  2.9039/ 0.0298)
>> epoch [ 136/4000], runtime:  0.55s, train err*1e8:  3.0607 (best*1e8:  2.9039/ 0.0298)
>> epoch [ 137/4000], runtime:  0.54s, train err*1e8:  2.4567 (best*1e8:  2.9039/ 0.0298)
>> epoch [ 138/4000], runtime:  0.55s, train err*1e8:  2.7225 (best*1e8:  2.9039/ 0.0298)
>> epoch [ 139/4000], runtime:  0.54s, train err*1e8:  3.7356 (best*1e8:  2.9039/ 0.0298)
>> epoch [ 140/4000], runtime:  0.55s, train err*1e8:  4.9593 (best*1e8:  2.9039/ 0.0298)
>> epoch [ 141/4000], runtime:  0.55s, train err*1e8:  4.3355 (best*1e8:  2.9039/ 0.0298)
>> epoch [ 142/4000], runtime:  0.54s, train err*1e8:  2.7061 (best*1e8:  2.9039/ 0.0298)
>> epoch [ 143/4000], runtime:  0.54s, train err*1e8:  2.5819 (best*1e8:  2.9039/ 0.0298)
>> epoch [ 144/4000], runtime:  0.54s, train err*1e8:  2.7429 (best*1e8:  2.9039/ 0.0298)
>> epoch [ 145/4000], runtime:  0.54s, train err*1e8:  2.7621 (best*1e8:  2.9039/ 0.0298)
>> epoch [ 146/4000], runtime:  0.54s, train err*1e8:  3.7832 (best*1e8:  2.9039/ 0.0298)
>> epoch [ 147/4000], runtime:  0.54s, train err*1e8:  3.5083 (best*1e8:  2.9039/ 0.0298)
>> epoch [ 148/4000], runtime:  0.54s, train err*1e8:  3.0234 (best*1e8:  2.9039/ 0.0298)
>> epoch [ 149/4000], runtime:  0.54s, train err*1e8:  2.4191 (best*1e8:  2.9039/ 0.0298)
>> epoch [ 150/4000], runtime:  0.54s, train err*1e8:  2.6375 (best*1e8:  2.9039/ 0.0298)
>> epoch [ 151/4000], runtime:  0.53s, train err*1e8:  2.6920 (best*1e8:  2.9039/ 0.0298)
>> epoch [ 152/4000], runtime:  0.54s, train err*1e8:  2.4805 (best*1e8:  2.9039/ 0.0298)
>> epoch [ 153/4000], runtime:  0.54s, train err*1e8:  2.7957 (best*1e8:  2.9039/ 0.0298)
>> epoch [ 154/4000], runtime:  0.53s, train err*1e8:  3.0760 (best*1e8:  2.9039/ 0.0298)
>> epoch [ 155/4000], runtime:  0.54s, train err*1e8:  3.1506 (best*1e8:  2.9039/ 0.0298)
>> epoch [ 156/4000], runtime:  0.53s, train err*1e8:  2.8896 (best*1e8:  2.9039/ 0.0298)
>> epoch [ 157/4000], runtime:  0.53s, train err*1e8:  3.2208 (best*1e8:  2.9039/ 0.0298)
>> epoch [ 158/4000], runtime:  0.53s, train err*1e8:  4.0306 (best*1e8:  2.9039/ 0.0298)
>> epoch [ 159/4000], runtime:  0.53s, train err*1e8:  5.8704 (best*1e8:  2.9039/ 0.0298)
>> epoch [ 160/4000], runtime:  0.53s, train err*1e8:  3.8204 (best*1e8:  2.9039/ 0.0298)
>> epoch [ 161/4000], runtime:  0.53s, train err*1e8:  2.9127 (best*1e8:  2.9039/ 0.0298)
>> epoch [ 162/4000], runtime:  0.53s, train err*1e8:  2.9259 (best*1e8:  2.9039/ 0.0298)
>> epoch [ 163/4000], runtime:  0.53s, train err*1e8:  2.8283 (best*1e8:  2.9039/ 0.0298)
>> epoch [ 164/4000], runtime:  0.53s, train err*1e8:  3.5232 (best*1e8:  2.9039/ 0.0298)
>> epoch [ 165/4000], runtime:  0.53s, train err*1e8:  2.8812 (best*1e8:  2.9039/ 0.0298)
>> epoch [ 166/4000], runtime:  0.53s, train err*1e8:  2.5494 (best*1e8:  2.9039/ 0.0298)
>> epoch [ 167/4000], runtime:  0.53s, train err*1e8:  2.7201 (best*1e8:  2.9039/ 0.0298)
>> epoch [ 168/4000], runtime:  0.53s, train err*1e8:  2.8996 (best*1e8:  2.9039/ 0.0298)
>> epoch [ 169/4000], runtime:  0.53s, train err*1e8:  3.0795 (best*1e8:  2.9039/ 0.0298)
>> epoch [ 170/4000], runtime:  0.54s, train err*1e8:  2.7166 (best*1e8:  2.9039/ 0.0298)
>> epoch [ 171/4000], runtime:  0.53s, train err*1e8:  2.5457 (best*1e8:  2.9039/ 0.0298)
>> epoch [ 172/4000], runtime:  0.53s, train err*1e8:  2.9477 (best*1e8:  2.9039/ 0.0298)
>> epoch [ 173/4000], runtime:  0.54s, train err*1e8:  2.7795 (best*1e8:  2.9039/ 0.0298)
>> epoch [ 174/4000], runtime:  0.54s, train err*1e8:  2.8474 (best*1e8:  2.9039/ 0.0298)
>> epoch [ 175/4000], runtime:  0.54s, train err*1e8:  2.9129 (best*1e8:  2.9039/ 0.0298)
>> epoch [ 176/4000], runtime:  0.54s, train err*1e8:  2.6042 (best*1e8:  2.9039/ 0.0298)
>> epoch [ 177/4000], runtime:  0.54s, train err*1e8:  3.2692 (best*1e8:  2.9039/ 0.0298)
>> epoch [ 178/4000], runtime:  0.54s, train err*1e8:  3.0022 (best*1e8:  2.9039/ 0.0298)
>> epoch [ 179/4000], runtime:  0.55s, train err*1e8:  3.3252 (best*1e8:  2.9039/ 0.0298)
>> epoch [ 180/4000], runtime:  0.54s, train err*1e8:  2.7181 (best*1e8:  2.9039/ 0.0298)
>> epoch [ 181/4000], runtime:  0.54s, train err*1e8:  2.6186 (best*1e8:  2.9039/ 0.0298)
>> epoch [ 182/4000], runtime:  0.54s, train err*1e8:  2.4731 (best*1e8:  2.9039/ 0.0298)
>> epoch [ 183/4000], runtime:  0.54s, train err*1e8:  2.5134 (best*1e8:  2.9039/ 0.0298)
>> epoch [ 184/4000], runtime:  0.55s, train err*1e8:  2.4687 (best*1e8:  2.9039/ 0.0298)
>> epoch [ 185/4000], runtime:  0.55s, train err*1e8:  2.5044 (best*1e8:  2.9039/ 0.0298)
>> epoch [ 186/4000], runtime:  0.55s, train err*1e8:  2.8714 (best*1e8:  2.9039/ 0.0298)
>> epoch [ 187/4000], runtime:  0.54s, train err*1e8:  4.4176 (best*1e8:  2.9039/ 0.0298)
>> epoch [ 188/4000], runtime:  0.54s, train err*1e8:  2.6688 (best*1e8:  2.9039/ 0.0298)
>> epoch [ 189/4000], runtime:  0.54s, train err*1e8:  2.7345 (best*1e8:  2.9039/ 0.0298)
>> epoch [ 190/4000], runtime:  0.54s, train err*1e8:  2.5961 (best*1e8:  2.9039/ 0.0298)
>> epoch [ 191/4000], runtime:  0.54s, train err*1e8:  2.9402 (best*1e8:  2.9039/ 0.0298)
>> epoch [ 192/4000], runtime:  0.54s, train err*1e8:  2.6783 (best*1e8:  2.9039/ 0.0298)
>> epoch [ 193/4000], runtime:  0.54s, train err*1e8:  2.3941 (best*1e8:  2.9039/ 0.0298)
>> epoch [ 194/4000], runtime:  0.54s, train err*1e8:  2.4856 (best*1e8:  2.9039/ 0.0298)
>> epoch [ 195/4000], runtime:  0.55s, train err*1e8:  2.6287 (best*1e8:  2.9039/ 0.0298)
>> epoch [ 196/4000], runtime:  0.55s, train err*1e8:  4.2913 (best*1e8:  2.9039/ 0.0298)
>> epoch [ 197/4000], runtime:  0.54s, train err*1e8:  4.7854 (best*1e8:  2.9039/ 0.0298)
>> epoch [ 198/4000], runtime:  0.55s, train err*1e8:  5.4121 (best*1e8:  2.9039/ 0.0298)
>> epoch [ 199/4000], runtime:  0.55s, train err*1e8:  4.1096 (best*1e8:  2.9039/ 0.0298)
>> epoch [ 200/4000], runtime:  0.54s, train err*1e8:  2.6113 (best*1e8:  2.9039/ 0.0298)
>> epoch [ 201/4000], runtime:  0.54s, train err*1e8:  2.9392 (best*1e8:  2.9039/ 0.0298)
>> epoch [ 202/4000], runtime:  0.54s, train err*1e8:  2.6216 (best*1e8:  2.9039/ 0.0298)
>> epoch [ 203/4000], runtime:  0.54s, train err*1e8:  2.6573 (best*1e8:  2.9039/ 0.0298)
>> epoch [ 204/4000], runtime:  0.55s, train err*1e8:  2.5781 (best*1e8:  2.9039/ 0.0298)
>> epoch [ 205/4000], runtime:  0.54s, train err*1e8:  2.5736 (best*1e8:  2.9039/ 0.0298)
>> epoch [ 206/4000], runtime:  0.54s, train err*1e8:  2.6228 (best*1e8:  2.9039/ 0.0298)
----------------------------------------------------------------------------------------------------
----------------------------------------------------------------------------------------------------
>> ntrain: 300, lr: 0.01, gamma: 0.6, w_d: 0.0
>> Best train error*1e8:  2.9039
>> Best valid error*1e8:  0.0298
>> Best test error*1e8:  0.0075
>> Best epoch: 104
----------------------------------------------------------------------------------------------------
----------------------------------------------------------------------------------------------------
>> Training Completed!!
Total number of parameters: 66433
>> Training Mesh resolution: 129x129
tensor(0.8283)
tensor(3.3409)
>> Preprocessing completed, time elapsed:  0.77s
>> ntrain: 300, lr: 0.01, gamma: 0.6, w_d: 0.0
----------------------------------------------------------------------------------------------------
>> epoch [   1/4000], runtime: 1.98s, train err *1e8: 1546.8704, valid err*1e8: 10.4468 , test err*1e8: 0.6727
>> epoch [   2/4000], runtime: 1.96s, train err *1e8: 48.5233, valid err*1e8: 0.1200 , test err*1e8: 0.0411
>> epoch [   3/4000], runtime: 1.95s, train err *1e8: 19.6394, valid err*1e8: 0.0234 , test err*1e8: 0.4490
>> epoch [   4/4000], runtime:  1.95s, train err*1e8:  14.0781 (best*1e8:  19.6394/ 0.0234)
>> epoch [   5/4000], runtime:  1.95s, train err*1e8:  145.6485 (best*1e8:  19.6394/ 0.0234)
>> epoch [   6/4000], runtime:  1.96s, train err*1e8:  193.2265 (best*1e8:  19.6394/ 0.0234)
>> epoch [   7/4000], runtime:  1.96s, train err*1e8:  38.0575 (best*1e8:  19.6394/ 0.0234)
>> epoch [   8/4000], runtime:  1.95s, train err*1e8:  35.4653 (best*1e8:  19.6394/ 0.0234)
>> epoch [   9/4000], runtime:  1.95s, train err*1e8:  28.8574 (best*1e8:  19.6394/ 0.0234)
>> epoch [  10/4000], runtime:  1.95s, train err*1e8:  19.0604 (best*1e8:  19.6394/ 0.0234)
>> epoch [  11/4000], runtime:  1.96s, train err*1e8:  19.9543 (best*1e8:  19.6394/ 0.0234)
>> epoch [  12/4000], runtime:  1.95s, train err*1e8:  8.2660 (best*1e8:  19.6394/ 0.0234)
>> epoch [  13/4000], runtime:  1.95s, train err*1e8:  21.4671 (best*1e8:  19.6394/ 0.0234)
>> epoch [  14/4000], runtime:  1.95s, train err*1e8:  100.5338 (best*1e8:  19.6394/ 0.0234)
>> epoch [  15/4000], runtime:  1.94s, train err*1e8:  85.5397 (best*1e8:  19.6394/ 0.0234)
>> epoch [  16/4000], runtime:  1.95s, train err*1e8:  34.0901 (best*1e8:  19.6394/ 0.0234)
>> epoch [  17/4000], runtime:  1.94s, train err*1e8:  14.9353 (best*1e8:  19.6394/ 0.0234)
>> epoch [  18/4000], runtime:  1.95s, train err*1e8:  12.0180 (best*1e8:  19.6394/ 0.0234)
>> epoch [  19/4000], runtime:  1.95s, train err*1e8:  40.0129 (best*1e8:  19.6394/ 0.0234)
>> epoch [  20/4000], runtime:  1.95s, train err*1e8:  29.2991 (best*1e8:  19.6394/ 0.0234)
>> epoch [  21/4000], runtime:  1.95s, train err*1e8:  9.5437 (best*1e8:  19.6394/ 0.0234)
>> epoch [  22/4000], runtime:  1.95s, train err*1e8:  11.3626 (best*1e8:  19.6394/ 0.0234)
>> epoch [  23/4000], runtime:  1.95s, train err*1e8:  11.6555 (best*1e8:  19.6394/ 0.0234)
>> epoch [  24/4000], runtime:  1.95s, train err*1e8:  25.1672 (best*1e8:  19.6394/ 0.0234)
>> epoch [  25/4000], runtime:  1.95s, train err*1e8:  17.3697 (best*1e8:  19.6394/ 0.0234)
>> epoch [  26/4000], runtime:  1.94s, train err*1e8:  18.3773 (best*1e8:  19.6394/ 0.0234)
>> epoch [  27/4000], runtime:  1.94s, train err*1e8:  5.4765 (best*1e8:  19.6394/ 0.0234)
>> epoch [  28/4000], runtime:  1.95s, train err*1e8:  12.0024 (best*1e8:  19.6394/ 0.0234)
>> epoch [  29/4000], runtime:  1.95s, train err*1e8:  13.5675 (best*1e8:  19.6394/ 0.0234)
>> epoch [  30/4000], runtime:  1.95s, train err*1e8:  12.2181 (best*1e8:  19.6394/ 0.0234)
>> epoch [  31/4000], runtime:  1.95s, train err*1e8:  5.7467 (best*1e8:  19.6394/ 0.0234)
>> epoch [  32/4000], runtime:  1.96s, train err*1e8:  5.5530 (best*1e8:  19.6394/ 0.0234)
>> epoch [  33/4000], runtime:  1.96s, train err*1e8:  5.4534 (best*1e8:  19.6394/ 0.0234)
>> epoch [  34/4000], runtime:  1.96s, train err*1e8:  6.4862 (best*1e8:  19.6394/ 0.0234)
>> epoch [  35/4000], runtime:  1.96s, train err*1e8:  3.7412 (best*1e8:  19.6394/ 0.0234)
>> epoch [  36/4000], runtime:  1.96s, train err*1e8:  6.8166 (best*1e8:  19.6394/ 0.0234)
>> epoch [  37/4000], runtime:  1.96s, train err*1e8:  4.0065 (best*1e8:  19.6394/ 0.0234)
>> epoch [  38/4000], runtime:  1.96s, train err*1e8:  4.3210 (best*1e8:  19.6394/ 0.0234)
>> epoch [  39/4000], runtime:  1.96s, train err*1e8:  3.5338 (best*1e8:  19.6394/ 0.0234)
>> epoch [  40/4000], runtime:  1.96s, train err*1e8:  4.3486 (best*1e8:  19.6394/ 0.0234)
>> epoch [  41/4000], runtime:  1.96s, train err*1e8:  4.9856 (best*1e8:  19.6394/ 0.0234)
>> epoch [  42/4000], runtime:  1.96s, train err*1e8:  20.0587 (best*1e8:  19.6394/ 0.0234)
>> epoch [  43/4000], runtime:  1.96s, train err*1e8:  42.5587 (best*1e8:  19.6394/ 0.0234)
>> epoch [  44/4000], runtime:  1.96s, train err*1e8:  18.3432 (best*1e8:  19.6394/ 0.0234)
>> epoch [  45/4000], runtime:  1.96s, train err*1e8:  4.1953 (best*1e8:  19.6394/ 0.0234)
>> epoch [  46/4000], runtime:  1.95s, train err*1e8:  3.1861 (best*1e8:  19.6394/ 0.0234)
>> epoch [  47/4000], runtime:  1.95s, train err*1e8:  2.1655 (best*1e8:  19.6394/ 0.0234)
>> epoch [  48/4000], runtime:  1.95s, train err*1e8:  4.7863 (best*1e8:  19.6394/ 0.0234)
>> epoch [  49/4000], runtime:  1.96s, train err*1e8:  3.8106 (best*1e8:  19.6394/ 0.0234)
>> epoch [  50/4000], runtime:  1.96s, train err*1e8:  2.2749 (best*1e8:  19.6394/ 0.0234)
>> epoch [  51/4000], runtime:  1.95s, train err*1e8:  1.9739 (best*1e8:  19.6394/ 0.0234)
>> epoch [  52/4000], runtime:  1.96s, train err*1e8:  1.4880 (best*1e8:  19.6394/ 0.0234)
>> epoch [  53/4000], runtime:  1.95s, train err*1e8:  1.5884 (best*1e8:  19.6394/ 0.0234)
>> epoch [  54/4000], runtime:  1.95s, train err*1e8:  1.3401 (best*1e8:  19.6394/ 0.0234)
>> epoch [  55/4000], runtime:  1.96s, train err*1e8:  1.2089 (best*1e8:  19.6394/ 0.0234)
>> epoch [  56/4000], runtime:  1.96s, train err*1e8:  2.2585 (best*1e8:  19.6394/ 0.0234)
>> epoch [  57/4000], runtime:  1.96s, train err*1e8:  13.7695 (best*1e8:  19.6394/ 0.0234)
>> epoch [  58/4000], runtime:  1.97s, train err*1e8:  5.2853 (best*1e8:  19.6394/ 0.0234)
>> epoch [  59/4000], runtime: 1.97s, train err *1e8: 7.9969, valid err*1e8: 0.0202 , test err*1e8: 0.0063
>> epoch [  60/4000], runtime:  1.97s, train err*1e8:  3.2186 (best*1e8:  7.9969/ 0.0202)
>> epoch [  61/4000], runtime:  1.96s, train err*1e8:  1.1539 (best*1e8:  7.9969/ 0.0202)
>> epoch [  62/4000], runtime: 1.95s, train err *1e8: 1.0418, valid err*1e8: 0.0173 , test err*1e8: 0.0073
>> epoch [  63/4000], runtime:  1.95s, train err*1e8:  2.0099 (best*1e8:  1.0418/ 0.0173)
>> epoch [  64/4000], runtime:  1.95s, train err*1e8:  2.0113 (best*1e8:  1.0418/ 0.0173)
>> epoch [  65/4000], runtime:  1.95s, train err*1e8:  1.7486 (best*1e8:  1.0418/ 0.0173)
>> epoch [  66/4000], runtime:  1.95s, train err*1e8:  1.8062 (best*1e8:  1.0418/ 0.0173)
>> epoch [  67/4000], runtime:  1.95s, train err*1e8:  1.8678 (best*1e8:  1.0418/ 0.0173)
>> epoch [  68/4000], runtime:  1.96s, train err*1e8:  4.2178 (best*1e8:  1.0418/ 0.0173)
>> epoch [  69/4000], runtime:  1.95s, train err*1e8:  5.5207 (best*1e8:  1.0418/ 0.0173)
>> epoch [  70/4000], runtime:  1.96s, train err*1e8:  19.8195 (best*1e8:  1.0418/ 0.0173)
>> epoch [  71/4000], runtime:  1.96s, train err*1e8:  13.8775 (best*1e8:  1.0418/ 0.0173)
>> epoch [  72/4000], runtime:  1.96s, train err*1e8:  4.9464 (best*1e8:  1.0418/ 0.0173)
>> epoch [  73/4000], runtime:  1.95s, train err*1e8:  3.9517 (best*1e8:  1.0418/ 0.0173)
>> epoch [  74/4000], runtime:  1.96s, train err*1e8:  5.7117 (best*1e8:  1.0418/ 0.0173)
>> epoch [  75/4000], runtime:  1.96s, train err*1e8:  4.9189 (best*1e8:  1.0418/ 0.0173)
>> epoch [  76/4000], runtime:  1.96s, train err*1e8:  3.5743 (best*1e8:  1.0418/ 0.0173)
>> epoch [  77/4000], runtime:  1.96s, train err*1e8:  5.8381 (best*1e8:  1.0418/ 0.0173)
>> epoch [  78/4000], runtime:  1.98s, train err*1e8:  3.1496 (best*1e8:  1.0418/ 0.0173)
>> epoch [  79/4000], runtime:  1.96s, train err*1e8:  1.3564 (best*1e8:  1.0418/ 0.0173)
>> epoch [  80/4000], runtime:  1.97s, train err*1e8:  1.8912 (best*1e8:  1.0418/ 0.0173)
>> epoch [  81/4000], runtime:  1.96s, train err*1e8:  3.1645 (best*1e8:  1.0418/ 0.0173)
>> epoch [  82/4000], runtime:  1.95s, train err*1e8:  3.3074 (best*1e8:  1.0418/ 0.0173)
>> epoch [  83/4000], runtime:  1.95s, train err*1e8:  2.9962 (best*1e8:  1.0418/ 0.0173)
>> epoch [  84/4000], runtime:  1.96s, train err*1e8:  5.4926 (best*1e8:  1.0418/ 0.0173)
>> epoch [  85/4000], runtime:  1.96s, train err*1e8:  1.6613 (best*1e8:  1.0418/ 0.0173)
>> epoch [  86/4000], runtime:  1.96s, train err*1e8:  3.7886 (best*1e8:  1.0418/ 0.0173)
>> epoch [  87/4000], runtime:  1.96s, train err*1e8:  4.7643 (best*1e8:  1.0418/ 0.0173)
>> epoch [  88/4000], runtime:  1.96s, train err*1e8:  2.3388 (best*1e8:  1.0418/ 0.0173)
>> epoch [  89/4000], runtime:  1.96s, train err*1e8:  2.8107 (best*1e8:  1.0418/ 0.0173)
>> epoch [  90/4000], runtime:  1.96s, train err*1e8:  3.9151 (best*1e8:  1.0418/ 0.0173)
>> epoch [  91/4000], runtime:  1.96s, train err*1e8:  2.4588 (best*1e8:  1.0418/ 0.0173)
>> epoch [  92/4000], runtime:  1.96s, train err*1e8:  1.0679 (best*1e8:  1.0418/ 0.0173)
>> epoch [  93/4000], runtime:  1.97s, train err*1e8:  1.3321 (best*1e8:  1.0418/ 0.0173)
>> epoch [  94/4000], runtime:  1.96s, train err*1e8:  2.5987 (best*1e8:  1.0418/ 0.0173)
>> epoch [  95/4000], runtime:  1.95s, train err*1e8:  1.7039 (best*1e8:  1.0418/ 0.0173)
>> epoch [  96/4000], runtime:  1.95s, train err*1e8:  2.5995 (best*1e8:  1.0418/ 0.0173)
>> epoch [  97/4000], runtime:  1.97s, train err*1e8:  2.3799 (best*1e8:  1.0418/ 0.0173)
>> epoch [  98/4000], runtime:  1.96s, train err*1e8:  1.4164 (best*1e8:  1.0418/ 0.0173)
>> epoch [  99/4000], runtime:  1.95s, train err*1e8:  1.9773 (best*1e8:  1.0418/ 0.0173)
>> epoch [ 100/4000], runtime:  1.96s, train err*1e8:  3.0647 (best*1e8:  1.0418/ 0.0173)
>> epoch [ 101/4000], runtime:  1.95s, train err*1e8:  3.0418 (best*1e8:  1.0418/ 0.0173)
>> epoch [ 102/4000], runtime:  1.96s, train err*1e8:  2.1200 (best*1e8:  1.0418/ 0.0173)
>> epoch [ 103/4000], runtime:  1.96s, train err*1e8:  1.9170 (best*1e8:  1.0418/ 0.0173)
>> epoch [ 104/4000], runtime:  1.96s, train err*1e8:  1.3328 (best*1e8:  1.0418/ 0.0173)
>> epoch [ 105/4000], runtime:  1.96s, train err*1e8:  1.7379 (best*1e8:  1.0418/ 0.0173)
>> epoch [ 106/4000], runtime:  1.96s, train err*1e8:  4.3776 (best*1e8:  1.0418/ 0.0173)
>> epoch [ 107/4000], runtime:  1.95s, train err*1e8:  4.7312 (best*1e8:  1.0418/ 0.0173)
>> epoch [ 108/4000], runtime:  1.95s, train err*1e8:  5.0874 (best*1e8:  1.0418/ 0.0173)
>> epoch [ 109/4000], runtime:  1.95s, train err*1e8:  3.2096 (best*1e8:  1.0418/ 0.0173)
>> epoch [ 110/4000], runtime:  1.95s, train err*1e8:  1.9314 (best*1e8:  1.0418/ 0.0173)
>> epoch [ 111/4000], runtime:  1.95s, train err*1e8:  1.6005 (best*1e8:  1.0418/ 0.0173)
>> epoch [ 112/4000], runtime:  1.95s, train err*1e8:  2.1559 (best*1e8:  1.0418/ 0.0173)
>> epoch [ 113/4000], runtime:  1.96s, train err*1e8:  1.4216 (best*1e8:  1.0418/ 0.0173)
>> epoch [ 114/4000], runtime:  1.95s, train err*1e8:  1.1530 (best*1e8:  1.0418/ 0.0173)
>> epoch [ 115/4000], runtime:  1.96s, train err*1e8:  1.7572 (best*1e8:  1.0418/ 0.0173)
>> epoch [ 116/4000], runtime:  1.96s, train err*1e8:  1.3561 (best*1e8:  1.0418/ 0.0173)
>> epoch [ 117/4000], runtime:  1.97s, train err*1e8:  3.6056 (best*1e8:  1.0418/ 0.0173)
>> epoch [ 118/4000], runtime:  1.95s, train err*1e8:  2.4631 (best*1e8:  1.0418/ 0.0173)
>> epoch [ 119/4000], runtime:  1.96s, train err*1e8:  1.7136 (best*1e8:  1.0418/ 0.0173)
>> epoch [ 120/4000], runtime:  1.97s, train err*1e8:  2.4065 (best*1e8:  1.0418/ 0.0173)
>> epoch [ 121/4000], runtime:  1.97s, train err*1e8:  1.8442 (best*1e8:  1.0418/ 0.0173)
>> epoch [ 122/4000], runtime:  1.96s, train err*1e8:  2.8492 (best*1e8:  1.0418/ 0.0173)
>> epoch [ 123/4000], runtime:  1.96s, train err*1e8:  3.0901 (best*1e8:  1.0418/ 0.0173)
>> epoch [ 124/4000], runtime:  1.96s, train err*1e8:  2.2969 (best*1e8:  1.0418/ 0.0173)
>> epoch [ 125/4000], runtime:  1.96s, train err*1e8:  1.3440 (best*1e8:  1.0418/ 0.0173)
>> epoch [ 126/4000], runtime:  1.96s, train err*1e8:  1.2777 (best*1e8:  1.0418/ 0.0173)
>> epoch [ 127/4000], runtime:  1.96s, train err*1e8:  1.5771 (best*1e8:  1.0418/ 0.0173)
>> epoch [ 128/4000], runtime:  1.97s, train err*1e8:  1.4982 (best*1e8:  1.0418/ 0.0173)
>> epoch [ 129/4000], runtime:  1.96s, train err*1e8:  1.4955 (best*1e8:  1.0418/ 0.0173)
>> epoch [ 130/4000], runtime:  1.96s, train err*1e8:  1.5917 (best*1e8:  1.0418/ 0.0173)
>> epoch [ 131/4000], runtime:  1.97s, train err*1e8:  2.1902 (best*1e8:  1.0418/ 0.0173)
>> epoch [ 132/4000], runtime:  1.96s, train err*1e8:  1.9222 (best*1e8:  1.0418/ 0.0173)
>> epoch [ 133/4000], runtime:  1.96s, train err*1e8:  2.2406 (best*1e8:  1.0418/ 0.0173)
>> epoch [ 134/4000], runtime:  1.95s, train err*1e8:  1.5061 (best*1e8:  1.0418/ 0.0173)
>> epoch [ 135/4000], runtime:  1.97s, train err*1e8:  1.6429 (best*1e8:  1.0418/ 0.0173)
>> epoch [ 136/4000], runtime:  1.96s, train err*1e8:  2.1210 (best*1e8:  1.0418/ 0.0173)
>> epoch [ 137/4000], runtime:  1.96s, train err*1e8:  1.0605 (best*1e8:  1.0418/ 0.0173)
>> epoch [ 138/4000], runtime:  1.96s, train err*1e8:  2.4073 (best*1e8:  1.0418/ 0.0173)
>> epoch [ 139/4000], runtime:  1.96s, train err*1e8:  9.0269 (best*1e8:  1.0418/ 0.0173)
>> epoch [ 140/4000], runtime:  1.95s, train err*1e8:  13.0057 (best*1e8:  1.0418/ 0.0173)
>> epoch [ 141/4000], runtime:  1.96s, train err*1e8:  2.5289 (best*1e8:  1.0418/ 0.0173)
>> epoch [ 142/4000], runtime:  1.95s, train err*1e8:  2.9208 (best*1e8:  1.0418/ 0.0173)
>> epoch [ 143/4000], runtime:  1.96s, train err*1e8:  2.8471 (best*1e8:  1.0418/ 0.0173)
>> epoch [ 144/4000], runtime:  1.96s, train err*1e8:  2.9470 (best*1e8:  1.0418/ 0.0173)
>> epoch [ 145/4000], runtime:  1.95s, train err*1e8:  1.3045 (best*1e8:  1.0418/ 0.0173)
>> epoch [ 146/4000], runtime:  1.96s, train err*1e8:  1.1164 (best*1e8:  1.0418/ 0.0173)
>> epoch [ 147/4000], runtime:  1.96s, train err*1e8:  1.6427 (best*1e8:  1.0418/ 0.0173)
>> epoch [ 148/4000], runtime: 1.96s, train err *1e8: 0.9421, valid err*1e8: 0.0153 , test err*1e8: 0.0074
>> epoch [ 149/4000], runtime:  1.96s, train err*1e8:  2.1656 (best*1e8:  0.9421/ 0.0153)
>> epoch [ 150/4000], runtime:  1.95s, train err*1e8:  3.6279 (best*1e8:  0.9421/ 0.0153)
>> epoch [ 151/4000], runtime:  1.95s, train err*1e8:  1.4743 (best*1e8:  0.9421/ 0.0153)
>> epoch [ 152/4000], runtime:  1.95s, train err*1e8:  1.6303 (best*1e8:  0.9421/ 0.0153)
>> epoch [ 153/4000], runtime:  1.98s, train err*1e8:  1.0897 (best*1e8:  0.9421/ 0.0153)
>> epoch [ 154/4000], runtime:  2.01s, train err*1e8:  1.1117 (best*1e8:  0.9421/ 0.0153)
>> epoch [ 155/4000], runtime: 2.00s, train err *1e8: 0.9197, valid err*1e8: 0.0112 , test err*1e8: 0.0077
>> epoch [ 156/4000], runtime:  2.00s, train err*1e8:  1.2630 (best*1e8:  0.9197/ 0.0112)
>> epoch [ 157/4000], runtime:  2.00s, train err*1e8:  1.0979 (best*1e8:  0.9197/ 0.0112)
>> epoch [ 158/4000], runtime:  2.01s, train err*1e8:  1.6481 (best*1e8:  0.9197/ 0.0112)
>> epoch [ 159/4000], runtime:  2.01s, train err*1e8:  3.8278 (best*1e8:  0.9197/ 0.0112)
>> epoch [ 160/4000], runtime:  2.01s, train err*1e8:  2.9154 (best*1e8:  0.9197/ 0.0112)
>> epoch [ 161/4000], runtime:  2.01s, train err*1e8:  2.2093 (best*1e8:  0.9197/ 0.0112)
>> epoch [ 162/4000], runtime:  2.01s, train err*1e8:  1.8328 (best*1e8:  0.9197/ 0.0112)
>> epoch [ 163/4000], runtime:  2.01s, train err*1e8:  2.6031 (best*1e8:  0.9197/ 0.0112)
>> epoch [ 164/4000], runtime:  2.00s, train err*1e8:  1.5270 (best*1e8:  0.9197/ 0.0112)
>> epoch [ 165/4000], runtime:  2.01s, train err*1e8:  1.9290 (best*1e8:  0.9197/ 0.0112)
>> epoch [ 166/4000], runtime:  1.96s, train err*1e8:  2.0693 (best*1e8:  0.9197/ 0.0112)
>> epoch [ 167/4000], runtime:  1.96s, train err*1e8:  1.5932 (best*1e8:  0.9197/ 0.0112)
>> epoch [ 168/4000], runtime:  1.96s, train err*1e8:  2.0717 (best*1e8:  0.9197/ 0.0112)
>> epoch [ 169/4000], runtime:  1.96s, train err*1e8:  1.8385 (best*1e8:  0.9197/ 0.0112)
>> epoch [ 170/4000], runtime:  1.95s, train err*1e8:  1.1290 (best*1e8:  0.9197/ 0.0112)
>> epoch [ 171/4000], runtime:  1.96s, train err*1e8:  1.1213 (best*1e8:  0.9197/ 0.0112)
>> epoch [ 172/4000], runtime:  1.96s, train err*1e8:  0.8949 (best*1e8:  0.9197/ 0.0112)
>> epoch [ 173/4000], runtime:  1.97s, train err*1e8:  1.5971 (best*1e8:  0.9197/ 0.0112)
>> epoch [ 174/4000], runtime:  1.95s, train err*1e8:  2.2339 (best*1e8:  0.9197/ 0.0112)
>> epoch [ 175/4000], runtime:  1.96s, train err*1e8:  1.8251 (best*1e8:  0.9197/ 0.0112)
>> epoch [ 176/4000], runtime:  1.95s, train err*1e8:  1.0934 (best*1e8:  0.9197/ 0.0112)
>> epoch [ 177/4000], runtime:  1.96s, train err*1e8:  1.4312 (best*1e8:  0.9197/ 0.0112)
>> epoch [ 178/4000], runtime:  1.96s, train err*1e8:  1.9567 (best*1e8:  0.9197/ 0.0112)
>> epoch [ 179/4000], runtime:  1.96s, train err*1e8:  2.2678 (best*1e8:  0.9197/ 0.0112)
>> epoch [ 180/4000], runtime:  1.97s, train err*1e8:  0.7986 (best*1e8:  0.9197/ 0.0112)
>> epoch [ 181/4000], runtime:  1.96s, train err*1e8:  0.7780 (best*1e8:  0.9197/ 0.0112)
>> epoch [ 182/4000], runtime:  1.96s, train err*1e8:  0.8654 (best*1e8:  0.9197/ 0.0112)
>> epoch [ 183/4000], runtime:  1.96s, train err*1e8:  1.5077 (best*1e8:  0.9197/ 0.0112)
>> epoch [ 184/4000], runtime:  1.97s, train err*1e8:  0.9872 (best*1e8:  0.9197/ 0.0112)
>> epoch [ 185/4000], runtime:  1.96s, train err*1e8:  1.0843 (best*1e8:  0.9197/ 0.0112)
>> epoch [ 186/4000], runtime:  1.95s, train err*1e8:  1.0719 (best*1e8:  0.9197/ 0.0112)
>> epoch [ 187/4000], runtime:  1.97s, train err*1e8:  1.3800 (best*1e8:  0.9197/ 0.0112)
>> epoch [ 188/4000], runtime:  1.96s, train err*1e8:  1.3017 (best*1e8:  0.9197/ 0.0112)
>> epoch [ 189/4000], runtime:  1.96s, train err*1e8:  1.0337 (best*1e8:  0.9197/ 0.0112)
>> epoch [ 190/4000], runtime:  1.96s, train err*1e8:  3.1648 (best*1e8:  0.9197/ 0.0112)
>> epoch [ 191/4000], runtime:  1.97s, train err*1e8:  2.4989 (best*1e8:  0.9197/ 0.0112)
>> epoch [ 192/4000], runtime:  1.95s, train err*1e8:  3.9084 (best*1e8:  0.9197/ 0.0112)
>> epoch [ 193/4000], runtime:  1.96s, train err*1e8:  2.5105 (best*1e8:  0.9197/ 0.0112)
>> epoch [ 194/4000], runtime:  1.95s, train err*1e8:  2.3048 (best*1e8:  0.9197/ 0.0112)
>> epoch [ 195/4000], runtime:  1.95s, train err*1e8:  2.0773 (best*1e8:  0.9197/ 0.0112)
>> epoch [ 196/4000], runtime:  1.96s, train err*1e8:  1.1256 (best*1e8:  0.9197/ 0.0112)
>> epoch [ 197/4000], runtime:  1.95s, train err*1e8:  1.9767 (best*1e8:  0.9197/ 0.0112)
>> epoch [ 198/4000], runtime:  1.95s, train err*1e8:  2.2189 (best*1e8:  0.9197/ 0.0112)
>> epoch [ 199/4000], runtime:  1.95s, train err*1e8:  2.1764 (best*1e8:  0.9197/ 0.0112)
>> epoch [ 200/4000], runtime:  1.95s, train err*1e8:  1.3014 (best*1e8:  0.9197/ 0.0112)
>> epoch [ 201/4000], runtime:  1.95s, train err*1e8:  0.9599 (best*1e8:  0.9197/ 0.0112)
>> epoch [ 202/4000], runtime:  1.96s, train err*1e8:  1.1440 (best*1e8:  0.9197/ 0.0112)
>> epoch [ 203/4000], runtime:  1.96s, train err*1e8:  1.1095 (best*1e8:  0.9197/ 0.0112)
>> epoch [ 204/4000], runtime:  1.96s, train err*1e8:  0.8633 (best*1e8:  0.9197/ 0.0112)
>> epoch [ 205/4000], runtime:  1.96s, train err*1e8:  0.8938 (best*1e8:  0.9197/ 0.0112)
>> epoch [ 206/4000], runtime:  1.96s, train err*1e8:  1.0508 (best*1e8:  0.9197/ 0.0112)
>> epoch [ 207/4000], runtime:  1.96s, train err*1e8:  0.8757 (best*1e8:  0.9197/ 0.0112)
>> epoch [ 208/4000], runtime:  1.95s, train err*1e8:  1.0530 (best*1e8:  0.9197/ 0.0112)
>> epoch [ 209/4000], runtime:  1.96s, train err*1e8:  2.1736 (best*1e8:  0.9197/ 0.0112)
>> epoch [ 210/4000], runtime:  1.96s, train err*1e8:  2.5055 (best*1e8:  0.9197/ 0.0112)
>> epoch [ 211/4000], runtime:  1.95s, train err*1e8:  1.0240 (best*1e8:  0.9197/ 0.0112)
>> epoch [ 212/4000], runtime:  1.96s, train err*1e8:  0.8417 (best*1e8:  0.9197/ 0.0112)
>> epoch [ 213/4000], runtime:  1.95s, train err*1e8:  1.5496 (best*1e8:  0.9197/ 0.0112)
>> epoch [ 214/4000], runtime:  1.96s, train err*1e8:  0.9458 (best*1e8:  0.9197/ 0.0112)
>> epoch [ 215/4000], runtime:  1.96s, train err*1e8:  0.9293 (best*1e8:  0.9197/ 0.0112)
>> epoch [ 216/4000], runtime: 1.96s, train err *1e8: 0.7910, valid err*1e8: 0.0096 , test err*1e8: 0.0055
>> epoch [ 217/4000], runtime:  1.96s, train err*1e8:  0.7711 (best*1e8:  0.7910/ 0.0096)
>> epoch [ 218/4000], runtime:  1.96s, train err*1e8:  0.8770 (best*1e8:  0.7910/ 0.0096)
>> epoch [ 219/4000], runtime:  1.96s, train err*1e8:  0.9988 (best*1e8:  0.7910/ 0.0096)
>> epoch [ 220/4000], runtime:  1.96s, train err*1e8:  0.7911 (best*1e8:  0.7910/ 0.0096)
>> epoch [ 221/4000], runtime:  1.96s, train err*1e8:  0.9578 (best*1e8:  0.7910/ 0.0096)
>> epoch [ 222/4000], runtime:  1.96s, train err*1e8:  1.1862 (best*1e8:  0.7910/ 0.0096)
>> epoch [ 223/4000], runtime:  1.96s, train err*1e8:  0.9395 (best*1e8:  0.7910/ 0.0096)
>> epoch [ 224/4000], runtime:  1.97s, train err*1e8:  0.9534 (best*1e8:  0.7910/ 0.0096)
>> epoch [ 225/4000], runtime:  1.96s, train err*1e8:  0.8600 (best*1e8:  0.7910/ 0.0096)
>> epoch [ 226/4000], runtime:  2.41s, train err*1e8:  0.9720 (best*1e8:  0.7910/ 0.0096)
>> epoch [ 227/4000], runtime:  2.92s, train err*1e8:  1.4451 (best*1e8:  0.7910/ 0.0096)
>> epoch [ 228/4000], runtime:  1.96s, train err*1e8:  1.3554 (best*1e8:  0.7910/ 0.0096)
>> epoch [ 229/4000], runtime:  1.95s, train err*1e8:  0.9431 (best*1e8:  0.7910/ 0.0096)
>> epoch [ 230/4000], runtime:  1.96s, train err*1e8:  0.8938 (best*1e8:  0.7910/ 0.0096)
>> epoch [ 231/4000], runtime:  1.96s, train err*1e8:  1.0232 (best*1e8:  0.7910/ 0.0096)
>> epoch [ 232/4000], runtime:  1.96s, train err*1e8:  0.9343 (best*1e8:  0.7910/ 0.0096)
>> epoch [ 233/4000], runtime:  1.97s, train err*1e8:  1.0707 (best*1e8:  0.7910/ 0.0096)
>> epoch [ 234/4000], runtime:  1.96s, train err*1e8:  3.2125 (best*1e8:  0.7910/ 0.0096)
>> epoch [ 235/4000], runtime:  1.96s, train err*1e8:  1.0054 (best*1e8:  0.7910/ 0.0096)
>> epoch [ 236/4000], runtime:  1.96s, train err*1e8:  0.8214 (best*1e8:  0.7910/ 0.0096)
>> epoch [ 237/4000], runtime:  1.96s, train err*1e8:  1.0293 (best*1e8:  0.7910/ 0.0096)
>> epoch [ 238/4000], runtime:  1.96s, train err*1e8:  0.9370 (best*1e8:  0.7910/ 0.0096)
>> epoch [ 239/4000], runtime:  1.96s, train err*1e8:  0.9226 (best*1e8:  0.7910/ 0.0096)
>> epoch [ 240/4000], runtime:  1.96s, train err*1e8:  0.8411 (best*1e8:  0.7910/ 0.0096)
>> epoch [ 241/4000], runtime:  1.95s, train err*1e8:  0.8792 (best*1e8:  0.7910/ 0.0096)
>> epoch [ 242/4000], runtime:  1.96s, train err*1e8:  0.8568 (best*1e8:  0.7910/ 0.0096)
>> epoch [ 243/4000], runtime:  1.96s, train err*1e8:  0.8306 (best*1e8:  0.7910/ 0.0096)
>> epoch [ 244/4000], runtime:  1.96s, train err*1e8:  1.3145 (best*1e8:  0.7910/ 0.0096)
>> epoch [ 245/4000], runtime:  1.96s, train err*1e8:  1.5685 (best*1e8:  0.7910/ 0.0096)
>> epoch [ 246/4000], runtime:  1.97s, train err*1e8:  1.0794 (best*1e8:  0.7910/ 0.0096)
>> epoch [ 247/4000], runtime:  1.97s, train err*1e8:  1.1664 (best*1e8:  0.7910/ 0.0096)
>> epoch [ 248/4000], runtime:  1.96s, train err*1e8:  0.8309 (best*1e8:  0.7910/ 0.0096)
>> epoch [ 249/4000], runtime:  1.95s, train err*1e8:  0.7258 (best*1e8:  0.7910/ 0.0096)
>> epoch [ 250/4000], runtime:  1.96s, train err*1e8:  0.7723 (best*1e8:  0.7910/ 0.0096)
>> epoch [ 251/4000], runtime:  1.96s, train err*1e8:  0.7709 (best*1e8:  0.7910/ 0.0096)
>> epoch [ 252/4000], runtime:  1.96s, train err*1e8:  0.7951 (best*1e8:  0.7910/ 0.0096)
>> epoch [ 253/4000], runtime:  1.97s, train err*1e8:  0.7909 (best*1e8:  0.7910/ 0.0096)
>> epoch [ 254/4000], runtime:  1.96s, train err*1e8:  0.9498 (best*1e8:  0.7910/ 0.0096)
>> epoch [ 255/4000], runtime:  1.96s, train err*1e8:  0.8015 (best*1e8:  0.7910/ 0.0096)
>> epoch [ 256/4000], runtime:  1.97s, train err*1e8:  0.8436 (best*1e8:  0.7910/ 0.0096)
>> epoch [ 257/4000], runtime:  1.97s, train err*1e8:  0.8925 (best*1e8:  0.7910/ 0.0096)
>> epoch [ 258/4000], runtime:  1.96s, train err*1e8:  0.8549 (best*1e8:  0.7910/ 0.0096)
>> epoch [ 259/4000], runtime:  1.96s, train err*1e8:  0.8205 (best*1e8:  0.7910/ 0.0096)
>> epoch [ 260/4000], runtime:  1.95s, train err*1e8:  0.7760 (best*1e8:  0.7910/ 0.0096)
>> epoch [ 261/4000], runtime:  1.96s, train err*1e8:  1.3643 (best*1e8:  0.7910/ 0.0096)
>> epoch [ 262/4000], runtime:  1.95s, train err*1e8:  0.8719 (best*1e8:  0.7910/ 0.0096)
>> epoch [ 263/4000], runtime:  1.96s, train err*1e8:  0.8443 (best*1e8:  0.7910/ 0.0096)
>> epoch [ 264/4000], runtime:  1.97s, train err*1e8:  0.9778 (best*1e8:  0.7910/ 0.0096)
>> epoch [ 265/4000], runtime:  1.96s, train err*1e8:  0.7487 (best*1e8:  0.7910/ 0.0096)
>> epoch [ 266/4000], runtime:  1.97s, train err*1e8:  0.7382 (best*1e8:  0.7910/ 0.0096)
>> epoch [ 267/4000], runtime:  1.96s, train err*1e8:  0.8905 (best*1e8:  0.7910/ 0.0096)
>> epoch [ 268/4000], runtime:  1.97s, train err*1e8:  0.7561 (best*1e8:  0.7910/ 0.0096)
>> epoch [ 269/4000], runtime:  1.95s, train err*1e8:  0.7510 (best*1e8:  0.7910/ 0.0096)
>> epoch [ 270/4000], runtime:  1.96s, train err*1e8:  0.8754 (best*1e8:  0.7910/ 0.0096)
>> epoch [ 271/4000], runtime:  1.96s, train err*1e8:  0.7130 (best*1e8:  0.7910/ 0.0096)
>> epoch [ 272/4000], runtime:  1.96s, train err*1e8:  0.7726 (best*1e8:  0.7910/ 0.0096)
>> epoch [ 273/4000], runtime:  1.96s, train err*1e8:  0.9857 (best*1e8:  0.7910/ 0.0096)
>> epoch [ 274/4000], runtime:  1.97s, train err*1e8:  1.0331 (best*1e8:  0.7910/ 0.0096)
>> epoch [ 275/4000], runtime:  1.96s, train err*1e8:  0.8764 (best*1e8:  0.7910/ 0.0096)
>> epoch [ 276/4000], runtime:  1.96s, train err*1e8:  0.9001 (best*1e8:  0.7910/ 0.0096)
>> epoch [ 277/4000], runtime:  1.96s, train err*1e8:  1.0743 (best*1e8:  0.7910/ 0.0096)
>> epoch [ 278/4000], runtime:  1.96s, train err*1e8:  1.4431 (best*1e8:  0.7910/ 0.0096)
>> epoch [ 279/4000], runtime:  1.96s, train err*1e8:  0.8460 (best*1e8:  0.7910/ 0.0096)
>> epoch [ 280/4000], runtime:  1.96s, train err*1e8:  0.7679 (best*1e8:  0.7910/ 0.0096)
>> epoch [ 281/4000], runtime:  1.96s, train err*1e8:  0.8797 (best*1e8:  0.7910/ 0.0096)
>> epoch [ 282/4000], runtime:  1.96s, train err*1e8:  0.8160 (best*1e8:  0.7910/ 0.0096)
>> epoch [ 283/4000], runtime:  1.96s, train err*1e8:  0.9078 (best*1e8:  0.7910/ 0.0096)
>> epoch [ 284/4000], runtime:  1.96s, train err*1e8:  0.7812 (best*1e8:  0.7910/ 0.0096)
>> epoch [ 285/4000], runtime:  1.96s, train err*1e8:  0.7242 (best*1e8:  0.7910/ 0.0096)
>> epoch [ 286/4000], runtime:  1.96s, train err*1e8:  1.0229 (best*1e8:  0.7910/ 0.0096)
>> epoch [ 287/4000], runtime:  1.96s, train err*1e8:  0.8940 (best*1e8:  0.7910/ 0.0096)
>> epoch [ 288/4000], runtime:  1.95s, train err*1e8:  0.8137 (best*1e8:  0.7910/ 0.0096)
>> epoch [ 289/4000], runtime:  1.96s, train err*1e8:  0.7823 (best*1e8:  0.7910/ 0.0096)
>> epoch [ 290/4000], runtime:  1.96s, train err*1e8:  0.8983 (best*1e8:  0.7910/ 0.0096)
>> epoch [ 291/4000], runtime:  1.98s, train err*1e8:  0.8626 (best*1e8:  0.7910/ 0.0096)
>> epoch [ 292/4000], runtime:  1.96s, train err*1e8:  0.8874 (best*1e8:  0.7910/ 0.0096)
>> epoch [ 293/4000], runtime:  1.96s, train err*1e8:  1.0417 (best*1e8:  0.7910/ 0.0096)
>> epoch [ 294/4000], runtime:  1.96s, train err*1e8:  0.7836 (best*1e8:  0.7910/ 0.0096)
>> epoch [ 295/4000], runtime:  1.97s, train err*1e8:  0.7595 (best*1e8:  0.7910/ 0.0096)
>> epoch [ 296/4000], runtime:  1.96s, train err*1e8:  0.8142 (best*1e8:  0.7910/ 0.0096)
>> epoch [ 297/4000], runtime:  1.96s, train err*1e8:  0.7849 (best*1e8:  0.7910/ 0.0096)
>> epoch [ 298/4000], runtime:  1.96s, train err*1e8:  0.8163 (best*1e8:  0.7910/ 0.0096)
>> epoch [ 299/4000], runtime:  1.97s, train err*1e8:  0.7463 (best*1e8:  0.7910/ 0.0096)
>> epoch [ 300/4000], runtime:  1.96s, train err*1e8:  0.7298 (best*1e8:  0.7910/ 0.0096)
>> epoch [ 301/4000], runtime:  1.96s, train err*1e8:  0.7867 (best*1e8:  0.7910/ 0.0096)
>> epoch [ 302/4000], runtime:  1.97s, train err*1e8:  0.8159 (best*1e8:  0.7910/ 0.0096)
>> epoch [ 303/4000], runtime:  1.97s, train err*1e8:  0.9640 (best*1e8:  0.7910/ 0.0096)
>> epoch [ 304/4000], runtime:  1.96s, train err*1e8:  0.7757 (best*1e8:  0.7910/ 0.0096)
>> epoch [ 305/4000], runtime:  1.96s, train err*1e8:  0.7200 (best*1e8:  0.7910/ 0.0096)
>> epoch [ 306/4000], runtime:  1.96s, train err*1e8:  0.7052 (best*1e8:  0.7910/ 0.0096)
>> epoch [ 307/4000], runtime:  1.95s, train err*1e8:  1.6661 (best*1e8:  0.7910/ 0.0096)
>> epoch [ 308/4000], runtime:  1.96s, train err*1e8:  1.2858 (best*1e8:  0.7910/ 0.0096)
>> epoch [ 309/4000], runtime:  1.97s, train err*1e8:  0.9204 (best*1e8:  0.7910/ 0.0096)
>> epoch [ 310/4000], runtime:  1.96s, train err*1e8:  0.9034 (best*1e8:  0.7910/ 0.0096)
>> epoch [ 311/4000], runtime:  1.96s, train err*1e8:  0.8472 (best*1e8:  0.7910/ 0.0096)
>> epoch [ 312/4000], runtime:  1.96s, train err*1e8:  0.7803 (best*1e8:  0.7910/ 0.0096)
>> epoch [ 313/4000], runtime:  1.96s, train err*1e8:  1.1632 (best*1e8:  0.7910/ 0.0096)
>> epoch [ 314/4000], runtime:  1.96s, train err*1e8:  0.8327 (best*1e8:  0.7910/ 0.0096)
>> epoch [ 315/4000], runtime:  1.97s, train err*1e8:  0.8391 (best*1e8:  0.7910/ 0.0096)
>> epoch [ 316/4000], runtime:  1.96s, train err*1e8:  0.7236 (best*1e8:  0.7910/ 0.0096)
>> epoch [ 317/4000], runtime:  1.97s, train err*1e8:  0.6885 (best*1e8:  0.7910/ 0.0096)
----------------------------------------------------------------------------------------------------
----------------------------------------------------------------------------------------------------
>> ntrain: 300, lr: 0.01, gamma: 0.6, w_d: 0.0
>> Best train error*1e8:  0.7910
>> Best valid error*1e8:  0.0096
>> Best test error*1e8:  0.0055
>> Best epoch: 215
----------------------------------------------------------------------------------------------------
----------------------------------------------------------------------------------------------------
>> Training Completed!!
Total number of parameters: 66433
>> Training Mesh resolution: 257x257
tensor(0.8109)
tensor(3.3456)
>> Preprocessing completed, time elapsed:  2.49s
>> ntrain: 300, lr: 0.01, gamma: 0.6, w_d: 0.0
----------------------------------------------------------------------------------------------------
>> epoch [   1/4000], runtime: 7.92s, train err *1e8: 1676.4515, valid err*1e8: 0.4795 , test err*1e8: 4.6494
>> epoch [   2/4000], runtime: 7.91s, train err *1e8: 123.1872, valid err*1e8: 0.1744 , test err*1e8: 0.0045
>> epoch [   3/4000], runtime:  7.91s, train err*1e8:  162.6576 (best*1e8:  123.1872/ 0.1744)
>> epoch [   4/4000], runtime:  7.93s, train err*1e8:  30.6872 (best*1e8:  123.1872/ 0.1744)
>> epoch [   5/4000], runtime: 7.97s, train err *1e8: 22.3790, valid err*1e8: 0.0149 , test err*1e8: 0.0033
>> epoch [   6/4000], runtime:  7.93s, train err*1e8:  3.7025 (best*1e8:  22.3790/ 0.0149)
>> epoch [   7/4000], runtime:  7.93s, train err*1e8:  13.5372 (best*1e8:  22.3790/ 0.0149)
>> epoch [   8/4000], runtime:  7.95s, train err*1e8:  33.6573 (best*1e8:  22.3790/ 0.0149)
>> epoch [   9/4000], runtime:  7.95s, train err*1e8:  66.2666 (best*1e8:  22.3790/ 0.0149)
>> epoch [  10/4000], runtime:  7.92s, train err*1e8:  63.4473 (best*1e8:  22.3790/ 0.0149)
>> epoch [  11/4000], runtime:  7.91s, train err*1e8:  9.8387 (best*1e8:  22.3790/ 0.0149)
>> epoch [  12/4000], runtime:  7.93s, train err*1e8:  21.7588 (best*1e8:  22.3790/ 0.0149)
>> epoch [  13/4000], runtime:  7.92s, train err*1e8:  134.6180 (best*1e8:  22.3790/ 0.0149)
>> epoch [  14/4000], runtime:  7.92s, train err*1e8:  72.4916 (best*1e8:  22.3790/ 0.0149)
>> epoch [  15/4000], runtime:  7.94s, train err*1e8:  7.9866 (best*1e8:  22.3790/ 0.0149)
>> epoch [  16/4000], runtime: 7.96s, train err *1e8: 2.1636, valid err*1e8: 0.0051 , test err*1e8: 0.0040
>> epoch [  17/4000], runtime: 7.95s, train err *1e8: 0.6672, valid err*1e8: 0.0009 , test err*1e8: 0.0014
>> epoch [  18/4000], runtime:  7.94s, train err*1e8:  0.7231 (best*1e8:  0.6672/ 0.0009)
>> epoch [  19/4000], runtime:  7.96s, train err*1e8:  0.5309 (best*1e8:  0.6672/ 0.0009)
>> epoch [  20/4000], runtime:  7.93s, train err*1e8:  0.4323 (best*1e8:  0.6672/ 0.0009)
>> epoch [  21/4000], runtime:  7.94s, train err*1e8:  0.3656 (best*1e8:  0.6672/ 0.0009)
>> epoch [  22/4000], runtime:  7.95s, train err*1e8:  0.3679 (best*1e8:  0.6672/ 0.0009)
>> epoch [  23/4000], runtime:  7.95s, train err*1e8:  0.3267 (best*1e8:  0.6672/ 0.0009)
>> epoch [  24/4000], runtime:  7.94s, train err*1e8:  1.0422 (best*1e8:  0.6672/ 0.0009)
>> epoch [  25/4000], runtime:  7.95s, train err*1e8:  6.5556 (best*1e8:  0.6672/ 0.0009)
>> epoch [  26/4000], runtime:  7.93s, train err*1e8:  33.3354 (best*1e8:  0.6672/ 0.0009)
>> epoch [  27/4000], runtime:  7.92s, train err*1e8:  57.6028 (best*1e8:  0.6672/ 0.0009)
>> epoch [  28/4000], runtime:  7.95s, train err*1e8:  13.9112 (best*1e8:  0.6672/ 0.0009)
>> epoch [  29/4000], runtime:  7.93s, train err*1e8:  7.2951 (best*1e8:  0.6672/ 0.0009)
>> epoch [  30/4000], runtime:  7.96s, train err*1e8:  4.5189 (best*1e8:  0.6672/ 0.0009)
>> epoch [  31/4000], runtime:  7.94s, train err*1e8:  2.6115 (best*1e8:  0.6672/ 0.0009)
>> epoch [  32/4000], runtime:  7.91s, train err*1e8:  2.5645 (best*1e8:  0.6672/ 0.0009)
>> epoch [  33/4000], runtime:  7.93s, train err*1e8:  1.6516 (best*1e8:  0.6672/ 0.0009)
>> epoch [  34/4000], runtime:  7.94s, train err*1e8:  2.2494 (best*1e8:  0.6672/ 0.0009)
>> epoch [  35/4000], runtime:  7.93s, train err*1e8:  7.6310 (best*1e8:  0.6672/ 0.0009)
>> epoch [  36/4000], runtime:  7.91s, train err*1e8:  12.0392 (best*1e8:  0.6672/ 0.0009)
>> epoch [  37/4000], runtime:  7.92s, train err*1e8:  1.8941 (best*1e8:  0.6672/ 0.0009)
>> epoch [  38/4000], runtime:  7.94s, train err*1e8:  9.0089 (best*1e8:  0.6672/ 0.0009)
>> epoch [  39/4000], runtime:  7.93s, train err*1e8:  4.5939 (best*1e8:  0.6672/ 0.0009)
>> epoch [  40/4000], runtime:  7.91s, train err*1e8:  5.5437 (best*1e8:  0.6672/ 0.0009)
>> epoch [  41/4000], runtime:  7.92s, train err*1e8:  1.0467 (best*1e8:  0.6672/ 0.0009)
>> epoch [  42/4000], runtime:  7.95s, train err*1e8:  0.5338 (best*1e8:  0.6672/ 0.0009)
>> epoch [  43/4000], runtime:  7.93s, train err*1e8:  0.3456 (best*1e8:  0.6672/ 0.0009)
>> epoch [  44/4000], runtime: 7.92s, train err *1e8: 0.4095, valid err*1e8: 0.0006 , test err*1e8: 0.0037
>> epoch [  45/4000], runtime:  7.91s, train err*1e8:  1.2617 (best*1e8:  0.4095/ 0.0006)
>> epoch [  46/4000], runtime:  7.95s, train err*1e8:  1.9309 (best*1e8:  0.4095/ 0.0006)
>> epoch [  47/4000], runtime:  7.91s, train err*1e8:  7.5481 (best*1e8:  0.4095/ 0.0006)
>> epoch [  48/4000], runtime:  7.91s, train err*1e8:  11.1870 (best*1e8:  0.4095/ 0.0006)
>> epoch [  49/4000], runtime:  7.95s, train err*1e8:  49.8679 (best*1e8:  0.4095/ 0.0006)
>> epoch [  50/4000], runtime:  7.94s, train err*1e8:  21.5748 (best*1e8:  0.4095/ 0.0006)
>> epoch [  51/4000], runtime:  7.91s, train err*1e8:  5.9663 (best*1e8:  0.4095/ 0.0006)
>> epoch [  52/4000], runtime:  7.91s, train err*1e8:  3.2494 (best*1e8:  0.4095/ 0.0006)
>> epoch [  53/4000], runtime:  7.91s, train err*1e8:  2.7263 (best*1e8:  0.4095/ 0.0006)
>> epoch [  54/4000], runtime:  7.91s, train err*1e8:  0.8671 (best*1e8:  0.4095/ 0.0006)
>> epoch [  55/4000], runtime:  7.93s, train err*1e8:  0.9772 (best*1e8:  0.4095/ 0.0006)
>> epoch [  56/4000], runtime:  7.92s, train err*1e8:  3.9997 (best*1e8:  0.4095/ 0.0006)
>> epoch [  57/4000], runtime:  7.91s, train err*1e8:  7.0151 (best*1e8:  0.4095/ 0.0006)
>> epoch [  58/4000], runtime:  7.95s, train err*1e8:  8.5698 (best*1e8:  0.4095/ 0.0006)
>> epoch [  59/4000], runtime:  7.92s, train err*1e8:  13.2962 (best*1e8:  0.4095/ 0.0006)
>> epoch [  60/4000], runtime:  7.91s, train err*1e8:  7.7132 (best*1e8:  0.4095/ 0.0006)
>> epoch [  61/4000], runtime:  7.91s, train err*1e8:  2.4818 (best*1e8:  0.4095/ 0.0006)
>> epoch [  62/4000], runtime:  7.93s, train err*1e8:  1.6756 (best*1e8:  0.4095/ 0.0006)
>> epoch [  63/4000], runtime:  7.93s, train err*1e8:  0.8323 (best*1e8:  0.4095/ 0.0006)
>> epoch [  64/4000], runtime:  7.92s, train err*1e8:  0.5101 (best*1e8:  0.4095/ 0.0006)
>> epoch [  65/4000], runtime:  7.92s, train err*1e8:  0.6708 (best*1e8:  0.4095/ 0.0006)
>> epoch [  66/4000], runtime:  7.91s, train err*1e8:  0.7635 (best*1e8:  0.4095/ 0.0006)
>> epoch [  67/4000], runtime:  7.93s, train err*1e8:  0.4999 (best*1e8:  0.4095/ 0.0006)
>> epoch [  68/4000], runtime:  7.93s, train err*1e8:  0.6257 (best*1e8:  0.4095/ 0.0006)
>> epoch [  69/4000], runtime:  7.92s, train err*1e8:  2.6368 (best*1e8:  0.4095/ 0.0006)
>> epoch [  70/4000], runtime:  7.91s, train err*1e8:  2.0055 (best*1e8:  0.4095/ 0.0006)
>> epoch [  71/4000], runtime:  7.91s, train err*1e8:  4.0643 (best*1e8:  0.4095/ 0.0006)
>> epoch [  72/4000], runtime:  7.92s, train err*1e8:  6.4458 (best*1e8:  0.4095/ 0.0006)
>> epoch [  73/4000], runtime:  7.92s, train err*1e8:  3.2748 (best*1e8:  0.4095/ 0.0006)
>> epoch [  74/4000], runtime:  7.93s, train err*1e8:  3.5651 (best*1e8:  0.4095/ 0.0006)
>> epoch [  75/4000], runtime:  7.92s, train err*1e8:  6.0174 (best*1e8:  0.4095/ 0.0006)
>> epoch [  76/4000], runtime:  7.91s, train err*1e8:  1.0296 (best*1e8:  0.4095/ 0.0006)
>> epoch [  77/4000], runtime:  7.91s, train err*1e8:  0.3241 (best*1e8:  0.4095/ 0.0006)
>> epoch [  78/4000], runtime:  7.92s, train err*1e8:  0.5834 (best*1e8:  0.4095/ 0.0006)
>> epoch [  79/4000], runtime:  7.93s, train err*1e8:  1.9160 (best*1e8:  0.4095/ 0.0006)
>> epoch [  80/4000], runtime:  7.92s, train err*1e8:  1.8966 (best*1e8:  0.4095/ 0.0006)
>> epoch [  81/4000], runtime:  7.90s, train err*1e8:  0.7355 (best*1e8:  0.4095/ 0.0006)
>> epoch [  82/4000], runtime:  7.91s, train err*1e8:  1.0296 (best*1e8:  0.4095/ 0.0006)
>> epoch [  83/4000], runtime:  7.91s, train err*1e8:  1.7606 (best*1e8:  0.4095/ 0.0006)
>> epoch [  84/4000], runtime:  7.91s, train err*1e8:  1.7272 (best*1e8:  0.4095/ 0.0006)
>> epoch [  85/4000], runtime:  7.92s, train err*1e8:  2.1022 (best*1e8:  0.4095/ 0.0006)
>> epoch [  86/4000], runtime:  7.93s, train err*1e8:  1.5543 (best*1e8:  0.4095/ 0.0006)
>> epoch [  87/4000], runtime:  7.92s, train err*1e8:  1.8174 (best*1e8:  0.4095/ 0.0006)
>> epoch [  88/4000], runtime:  7.93s, train err*1e8:  1.3497 (best*1e8:  0.4095/ 0.0006)
>> epoch [  89/4000], runtime:  7.91s, train err*1e8:  0.7062 (best*1e8:  0.4095/ 0.0006)
>> epoch [  90/4000], runtime:  7.91s, train err*1e8:  0.4492 (best*1e8:  0.4095/ 0.0006)
>> epoch [  91/4000], runtime:  7.92s, train err*1e8:  0.3566 (best*1e8:  0.4095/ 0.0006)
>> epoch [  92/4000], runtime:  7.93s, train err*1e8:  11.0371 (best*1e8:  0.4095/ 0.0006)
>> epoch [  93/4000], runtime:  7.92s, train err*1e8:  60.5108 (best*1e8:  0.4095/ 0.0006)
>> epoch [  94/4000], runtime:  7.90s, train err*1e8:  44.7547 (best*1e8:  0.4095/ 0.0006)
>> epoch [  95/4000], runtime:  7.91s, train err*1e8:  24.0525 (best*1e8:  0.4095/ 0.0006)
>> epoch [  96/4000], runtime:  7.91s, train err*1e8:  2.1217 (best*1e8:  0.4095/ 0.0006)
>> epoch [  97/4000], runtime:  7.94s, train err*1e8:  0.9290 (best*1e8:  0.4095/ 0.0006)
>> epoch [  98/4000], runtime:  7.93s, train err*1e8:  1.0259 (best*1e8:  0.4095/ 0.0006)
>> epoch [  99/4000], runtime:  7.92s, train err*1e8:  1.6334 (best*1e8:  0.4095/ 0.0006)
>> epoch [ 100/4000], runtime:  7.91s, train err*1e8:  3.5220 (best*1e8:  0.4095/ 0.0006)
>> epoch [ 101/4000], runtime:  7.93s, train err*1e8:  2.7939 (best*1e8:  0.4095/ 0.0006)
>> epoch [ 102/4000], runtime:  7.93s, train err*1e8:  2.9255 (best*1e8:  0.4095/ 0.0006)
>> epoch [ 103/4000], runtime:  7.93s, train err*1e8:  3.4834 (best*1e8:  0.4095/ 0.0006)
>> epoch [ 104/4000], runtime:  7.92s, train err*1e8:  1.9212 (best*1e8:  0.4095/ 0.0006)
>> epoch [ 105/4000], runtime:  7.96s, train err*1e8:  8.2392 (best*1e8:  0.4095/ 0.0006)
>> epoch [ 106/4000], runtime:  7.93s, train err*1e8:  17.4551 (best*1e8:  0.4095/ 0.0006)
>> epoch [ 107/4000], runtime:  7.91s, train err*1e8:  17.0852 (best*1e8:  0.4095/ 0.0006)
>> epoch [ 108/4000], runtime:  7.94s, train err*1e8:  9.9813 (best*1e8:  0.4095/ 0.0006)
>> epoch [ 109/4000], runtime:  7.96s, train err*1e8:  10.6291 (best*1e8:  0.4095/ 0.0006)
>> epoch [ 110/4000], runtime:  7.91s, train err*1e8:  4.0922 (best*1e8:  0.4095/ 0.0006)
>> epoch [ 111/4000], runtime:  7.91s, train err*1e8:  2.1478 (best*1e8:  0.4095/ 0.0006)
>> epoch [ 112/4000], runtime:  7.91s, train err*1e8:  0.4578 (best*1e8:  0.4095/ 0.0006)
>> epoch [ 113/4000], runtime:  7.93s, train err*1e8:  0.4234 (best*1e8:  0.4095/ 0.0006)
>> epoch [ 114/4000], runtime:  7.93s, train err*1e8:  0.2438 (best*1e8:  0.4095/ 0.0006)
>> epoch [ 115/4000], runtime:  7.91s, train err*1e8:  0.1695 (best*1e8:  0.4095/ 0.0006)
>> epoch [ 116/4000], runtime:  7.91s, train err*1e8:  0.1632 (best*1e8:  0.4095/ 0.0006)
>> epoch [ 117/4000], runtime:  7.96s, train err*1e8:  0.1497 (best*1e8:  0.4095/ 0.0006)
>> epoch [ 118/4000], runtime:  7.93s, train err*1e8:  0.1936 (best*1e8:  0.4095/ 0.0006)
>> epoch [ 119/4000], runtime:  7.94s, train err*1e8:  0.1532 (best*1e8:  0.4095/ 0.0006)
>> epoch [ 120/4000], runtime:  7.90s, train err*1e8:  0.2711 (best*1e8:  0.4095/ 0.0006)
>> epoch [ 121/4000], runtime: 7.91s, train err *1e8: 0.2140, valid err*1e8: 0.0006 , test err*1e8: 0.0035
>> epoch [ 122/4000], runtime:  7.91s, train err*1e8:  0.2026 (best*1e8:  0.2140/ 0.0006)
>> epoch [ 123/4000], runtime:  7.95s, train err*1e8:  0.1555 (best*1e8:  0.2140/ 0.0006)
>> epoch [ 124/4000], runtime: 7.91s, train err *1e8: 0.1741, valid err*1e8: 0.0005 , test err*1e8: 0.0019
>> epoch [ 125/4000], runtime:  7.91s, train err*1e8:  0.1630 (best*1e8:  0.1741/ 0.0005)
>> epoch [ 126/4000], runtime:  7.91s, train err*1e8:  0.2014 (best*1e8:  0.1741/ 0.0005)
>> epoch [ 127/4000], runtime:  7.91s, train err*1e8:  0.2943 (best*1e8:  0.1741/ 0.0005)
>> epoch [ 128/4000], runtime:  7.93s, train err*1e8:  0.2199 (best*1e8:  0.1741/ 0.0005)
>> epoch [ 129/4000], runtime:  7.93s, train err*1e8:  0.1980 (best*1e8:  0.1741/ 0.0005)
>> epoch [ 130/4000], runtime:  7.92s, train err*1e8:  0.2290 (best*1e8:  0.1741/ 0.0005)
>> epoch [ 131/4000], runtime:  7.92s, train err*1e8:  0.1715 (best*1e8:  0.1741/ 0.0005)
>> epoch [ 132/4000], runtime:  7.94s, train err*1e8:  0.5001 (best*1e8:  0.1741/ 0.0005)
>> epoch [ 133/4000], runtime:  7.93s, train err*1e8:  0.3984 (best*1e8:  0.1741/ 0.0005)
>> epoch [ 134/4000], runtime:  7.91s, train err*1e8:  0.2268 (best*1e8:  0.1741/ 0.0005)
>> epoch [ 135/4000], runtime:  7.91s, train err*1e8:  0.2257 (best*1e8:  0.1741/ 0.0005)
>> epoch [ 136/4000], runtime:  7.91s, train err*1e8:  0.2329 (best*1e8:  0.1741/ 0.0005)
>> epoch [ 137/4000], runtime:  7.93s, train err*1e8:  0.1555 (best*1e8:  0.1741/ 0.0005)
>> epoch [ 138/4000], runtime:  7.92s, train err*1e8:  0.1716 (best*1e8:  0.1741/ 0.0005)
>> epoch [ 139/4000], runtime:  7.93s, train err*1e8:  0.1798 (best*1e8:  0.1741/ 0.0005)
>> epoch [ 140/4000], runtime:  7.91s, train err*1e8:  0.2000 (best*1e8:  0.1741/ 0.0005)
>> epoch [ 141/4000], runtime:  7.93s, train err*1e8:  0.1768 (best*1e8:  0.1741/ 0.0005)
>> epoch [ 142/4000], runtime: 7.93s, train err *1e8: 0.1375, valid err*1e8: 0.0004 , test err*1e8: 0.0021
>> epoch [ 143/4000], runtime: 7.94s, train err *1e8: 0.1298, valid err*1e8: 0.0004 , test err*1e8: 0.0040
>> epoch [ 144/4000], runtime:  7.91s, train err*1e8:  0.1405 (best*1e8:  0.1298/ 0.0004)
>> epoch [ 145/4000], runtime:  7.91s, train err*1e8:  0.1578 (best*1e8:  0.1298/ 0.0004)
>> epoch [ 146/4000], runtime:  7.95s, train err*1e8:  0.1451 (best*1e8:  0.1298/ 0.0004)
>> epoch [ 147/4000], runtime:  7.91s, train err*1e8:  0.1573 (best*1e8:  0.1298/ 0.0004)
>> epoch [ 148/4000], runtime:  7.95s, train err*1e8:  0.1981 (best*1e8:  0.1298/ 0.0004)
>> epoch [ 149/4000], runtime:  7.95s, train err*1e8:  0.2727 (best*1e8:  0.1298/ 0.0004)
>> epoch [ 150/4000], runtime:  7.91s, train err*1e8:  0.3012 (best*1e8:  0.1298/ 0.0004)
>> epoch [ 151/4000], runtime:  7.93s, train err*1e8:  0.1862 (best*1e8:  0.1298/ 0.0004)
>> epoch [ 152/4000], runtime:  7.93s, train err*1e8:  0.1412 (best*1e8:  0.1298/ 0.0004)
>> epoch [ 153/4000], runtime:  7.92s, train err*1e8:  0.1512 (best*1e8:  0.1298/ 0.0004)
>> epoch [ 154/4000], runtime:  7.91s, train err*1e8:  0.1892 (best*1e8:  0.1298/ 0.0004)
>> epoch [ 155/4000], runtime:  7.94s, train err*1e8:  0.2133 (best*1e8:  0.1298/ 0.0004)
>> epoch [ 156/4000], runtime:  7.93s, train err*1e8:  0.2444 (best*1e8:  0.1298/ 0.0004)
>> epoch [ 157/4000], runtime:  7.92s, train err*1e8:  0.3554 (best*1e8:  0.1298/ 0.0004)
>> epoch [ 158/4000], runtime:  7.92s, train err*1e8:  0.2797 (best*1e8:  0.1298/ 0.0004)
>> epoch [ 159/4000], runtime:  7.92s, train err*1e8:  0.3475 (best*1e8:  0.1298/ 0.0004)
>> epoch [ 160/4000], runtime:  7.92s, train err*1e8:  0.3708 (best*1e8:  0.1298/ 0.0004)
>> epoch [ 161/4000], runtime:  7.93s, train err*1e8:  0.2855 (best*1e8:  0.1298/ 0.0004)
>> epoch [ 162/4000], runtime:  7.93s, train err*1e8:  0.9271 (best*1e8:  0.1298/ 0.0004)
>> epoch [ 163/4000], runtime:  7.93s, train err*1e8:  0.4027 (best*1e8:  0.1298/ 0.0004)
>> epoch [ 164/4000], runtime:  7.91s, train err*1e8:  2.2503 (best*1e8:  0.1298/ 0.0004)
>> epoch [ 165/4000], runtime:  7.91s, train err*1e8:  7.1929 (best*1e8:  0.1298/ 0.0004)
>> epoch [ 166/4000], runtime:  7.91s, train err*1e8:  39.0986 (best*1e8:  0.1298/ 0.0004)
>> epoch [ 167/4000], runtime:  7.91s, train err*1e8:  25.6812 (best*1e8:  0.1298/ 0.0004)
>> epoch [ 168/4000], runtime:  7.91s, train err*1e8:  5.6795 (best*1e8:  0.1298/ 0.0004)
>> epoch [ 169/4000], runtime:  7.93s, train err*1e8:  3.5161 (best*1e8:  0.1298/ 0.0004)
>> epoch [ 170/4000], runtime:  7.92s, train err*1e8:  0.3184 (best*1e8:  0.1298/ 0.0004)
>> epoch [ 171/4000], runtime:  7.92s, train err*1e8:  0.1947 (best*1e8:  0.1298/ 0.0004)
>> epoch [ 172/4000], runtime:  7.91s, train err*1e8:  0.1978 (best*1e8:  0.1298/ 0.0004)
>> epoch [ 173/4000], runtime:  7.96s, train err*1e8:  0.1658 (best*1e8:  0.1298/ 0.0004)
>> epoch [ 174/4000], runtime:  7.92s, train err*1e8:  0.1425 (best*1e8:  0.1298/ 0.0004)
>> epoch [ 175/4000], runtime:  7.92s, train err*1e8:  0.1419 (best*1e8:  0.1298/ 0.0004)
>> epoch [ 176/4000], runtime:  7.93s, train err*1e8:  0.1427 (best*1e8:  0.1298/ 0.0004)
>> epoch [ 177/4000], runtime:  7.94s, train err*1e8:  0.1587 (best*1e8:  0.1298/ 0.0004)
>> epoch [ 178/4000], runtime:  7.93s, train err*1e8:  0.1286 (best*1e8:  0.1298/ 0.0004)
>> epoch [ 179/4000], runtime:  7.92s, train err*1e8:  0.1280 (best*1e8:  0.1298/ 0.0004)
>> epoch [ 180/4000], runtime: 7.92s, train err *1e8: 0.1233, valid err*1e8: 0.0004 , test err*1e8: 0.0047
>> epoch [ 181/4000], runtime:  7.92s, train err*1e8:  0.1520 (best*1e8:  0.1233/ 0.0004)
>> epoch [ 182/4000], runtime:  7.93s, train err*1e8:  0.1579 (best*1e8:  0.1233/ 0.0004)
>> epoch [ 183/4000], runtime:  7.94s, train err*1e8:  0.2098 (best*1e8:  0.1233/ 0.0004)
>> epoch [ 184/4000], runtime:  7.92s, train err*1e8:  0.2816 (best*1e8:  0.1233/ 0.0004)
>> epoch [ 185/4000], runtime:  7.91s, train err*1e8:  0.1650 (best*1e8:  0.1233/ 0.0004)
>> epoch [ 186/4000], runtime:  7.94s, train err*1e8:  0.1183 (best*1e8:  0.1233/ 0.0004)
>> epoch [ 187/4000], runtime:  7.94s, train err*1e8:  0.1126 (best*1e8:  0.1233/ 0.0004)
>> epoch [ 188/4000], runtime:  7.91s, train err*1e8:  0.1265 (best*1e8:  0.1233/ 0.0004)
>> epoch [ 189/4000], runtime:  7.91s, train err*1e8:  0.1236 (best*1e8:  0.1233/ 0.0004)
>> epoch [ 190/4000], runtime:  7.94s, train err*1e8:  0.1303 (best*1e8:  0.1233/ 0.0004)
>> epoch [ 191/4000], runtime:  7.92s, train err*1e8:  0.1193 (best*1e8:  0.1233/ 0.0004)
>> epoch [ 192/4000], runtime:  7.93s, train err*1e8:  0.1122 (best*1e8:  0.1233/ 0.0004)
>> epoch [ 193/4000], runtime: 7.93s, train err *1e8: 0.1147, valid err*1e8: 0.0004 , test err*1e8: 0.0028
>> epoch [ 194/4000], runtime:  7.92s, train err*1e8:  0.1186 (best*1e8:  0.1147/ 0.0004)
>> epoch [ 195/4000], runtime:  7.94s, train err*1e8:  0.1478 (best*1e8:  0.1147/ 0.0004)
>> epoch [ 196/4000], runtime:  7.94s, train err*1e8:  0.1163 (best*1e8:  0.1147/ 0.0004)
>> epoch [ 197/4000], runtime:  7.92s, train err*1e8:  0.1246 (best*1e8:  0.1147/ 0.0004)
>> epoch [ 198/4000], runtime:  7.92s, train err*1e8:  0.1124 (best*1e8:  0.1147/ 0.0004)
>> epoch [ 199/4000], runtime:  7.92s, train err*1e8:  0.1150 (best*1e8:  0.1147/ 0.0004)
>> epoch [ 200/4000], runtime:  7.94s, train err*1e8:  0.1157 (best*1e8:  0.1147/ 0.0004)
>> epoch [ 201/4000], runtime:  7.96s, train err*1e8:  0.1145 (best*1e8:  0.1147/ 0.0004)
>> epoch [ 202/4000], runtime:  7.92s, train err*1e8:  0.1344 (best*1e8:  0.1147/ 0.0004)
>> epoch [ 203/4000], runtime:  7.91s, train err*1e8:  0.1160 (best*1e8:  0.1147/ 0.0004)
>> epoch [ 204/4000], runtime:  7.91s, train err*1e8:  0.1281 (best*1e8:  0.1147/ 0.0004)
>> epoch [ 205/4000], runtime:  7.94s, train err*1e8:  0.1180 (best*1e8:  0.1147/ 0.0004)
>> epoch [ 206/4000], runtime:  7.94s, train err*1e8:  0.1098 (best*1e8:  0.1147/ 0.0004)
>> epoch [ 207/4000], runtime:  7.91s, train err*1e8:  0.1956 (best*1e8:  0.1147/ 0.0004)
>> epoch [ 208/4000], runtime:  7.92s, train err*1e8:  0.2477 (best*1e8:  0.1147/ 0.0004)
>> epoch [ 209/4000], runtime:  7.93s, train err*1e8:  0.1867 (best*1e8:  0.1147/ 0.0004)
>> epoch [ 210/4000], runtime:  8.59s, train err*1e8:  0.1853 (best*1e8:  0.1147/ 0.0004)
>> epoch [ 211/4000], runtime:  8.71s, train err*1e8:  0.2393 (best*1e8:  0.1147/ 0.0004)
>> epoch [ 212/4000], runtime:  8.68s, train err*1e8:  0.1575 (best*1e8:  0.1147/ 0.0004)
>> epoch [ 213/4000], runtime:  8.72s, train err*1e8:  0.1191 (best*1e8:  0.1147/ 0.0004)
>> epoch [ 214/4000], runtime:  8.69s, train err*1e8:  0.1519 (best*1e8:  0.1147/ 0.0004)
>> epoch [ 215/4000], runtime:  8.68s, train err*1e8:  0.1289 (best*1e8:  0.1147/ 0.0004)
>> epoch [ 216/4000], runtime:  8.68s, train err*1e8:  0.1319 (best*1e8:  0.1147/ 0.0004)
>> epoch [ 217/4000], runtime: 8.70s, train err *1e8: 0.1142, valid err*1e8: 0.0004 , test err*1e8: 0.0025
>> epoch [ 218/4000], runtime:  8.70s, train err*1e8:  0.1015 (best*1e8:  0.1142/ 0.0004)
>> epoch [ 219/4000], runtime:  8.68s, train err*1e8:  0.1072 (best*1e8:  0.1142/ 0.0004)
>> epoch [ 220/4000], runtime:  8.75s, train err*1e8:  0.1169 (best*1e8:  0.1142/ 0.0004)
>> epoch [ 221/4000], runtime:  8.71s, train err*1e8:  0.1206 (best*1e8:  0.1142/ 0.0004)
>> epoch [ 222/4000], runtime: 8.68s, train err *1e8: 0.1102, valid err*1e8: 0.0004 , test err*1e8: 0.0030
>> epoch [ 223/4000], runtime:  8.71s, train err*1e8:  0.1527 (best*1e8:  0.1102/ 0.0004)
>> epoch [ 224/4000], runtime:  8.69s, train err*1e8:  0.2338 (best*1e8:  0.1102/ 0.0004)
>> epoch [ 225/4000], runtime:  8.68s, train err*1e8:  0.1772 (best*1e8:  0.1102/ 0.0004)
>> epoch [ 226/4000], runtime:  8.72s, train err*1e8:  0.1204 (best*1e8:  0.1102/ 0.0004)
>> epoch [ 227/4000], runtime:  8.71s, train err*1e8:  0.1219 (best*1e8:  0.1102/ 0.0004)
>> epoch [ 228/4000], runtime:  8.70s, train err*1e8:  0.1219 (best*1e8:  0.1102/ 0.0004)
>> epoch [ 229/4000], runtime:  8.71s, train err*1e8:  0.1259 (best*1e8:  0.1102/ 0.0004)
>> epoch [ 230/4000], runtime:  8.70s, train err*1e8:  0.1106 (best*1e8:  0.1102/ 0.0004)
>> epoch [ 231/4000], runtime:  8.70s, train err*1e8:  0.1130 (best*1e8:  0.1102/ 0.0004)
>> epoch [ 232/4000], runtime:  8.69s, train err*1e8:  0.1239 (best*1e8:  0.1102/ 0.0004)
>> epoch [ 233/4000], runtime:  8.69s, train err*1e8:  0.1500 (best*1e8:  0.1102/ 0.0004)
>> epoch [ 234/4000], runtime:  8.70s, train err*1e8:  0.1270 (best*1e8:  0.1102/ 0.0004)
>> epoch [ 235/4000], runtime:  8.70s, train err*1e8:  0.1133 (best*1e8:  0.1102/ 0.0004)
>> epoch [ 236/4000], runtime:  8.67s, train err*1e8:  0.1304 (best*1e8:  0.1102/ 0.0004)
>> epoch [ 237/4000], runtime:  8.68s, train err*1e8:  0.1361 (best*1e8:  0.1102/ 0.0004)
>> epoch [ 238/4000], runtime:  8.67s, train err*1e8:  0.1274 (best*1e8:  0.1102/ 0.0004)
>> epoch [ 239/4000], runtime:  8.70s, train err*1e8:  0.1047 (best*1e8:  0.1102/ 0.0004)
>> epoch [ 240/4000], runtime:  8.73s, train err*1e8:  0.1353 (best*1e8:  0.1102/ 0.0004)
>> epoch [ 241/4000], runtime:  8.69s, train err*1e8:  0.1780 (best*1e8:  0.1102/ 0.0004)
>> epoch [ 242/4000], runtime:  8.68s, train err*1e8:  0.1375 (best*1e8:  0.1102/ 0.0004)
>> epoch [ 243/4000], runtime:  8.68s, train err*1e8:  0.1376 (best*1e8:  0.1102/ 0.0004)
>> epoch [ 244/4000], runtime:  8.70s, train err*1e8:  0.1323 (best*1e8:  0.1102/ 0.0004)
>> epoch [ 245/4000], runtime:  8.70s, train err*1e8:  0.2897 (best*1e8:  0.1102/ 0.0004)
>> epoch [ 246/4000], runtime:  8.68s, train err*1e8:  0.2785 (best*1e8:  0.1102/ 0.0004)
>> epoch [ 247/4000], runtime:  8.67s, train err*1e8:  0.1475 (best*1e8:  0.1102/ 0.0004)
>> epoch [ 248/4000], runtime:  8.69s, train err*1e8:  0.1250 (best*1e8:  0.1102/ 0.0004)
>> epoch [ 249/4000], runtime:  8.68s, train err*1e8:  0.1251 (best*1e8:  0.1102/ 0.0004)
>> epoch [ 250/4000], runtime: 8.70s, train err *1e8: 0.1033, valid err*1e8: 0.0003 , test err*1e8: 0.0024
>> epoch [ 251/4000], runtime:  8.72s, train err*1e8:  0.1089 (best*1e8:  0.1033/ 0.0003)
>> epoch [ 252/4000], runtime:  8.69s, train err*1e8:  0.1503 (best*1e8:  0.1033/ 0.0003)
>> epoch [ 253/4000], runtime:  8.68s, train err*1e8:  0.1518 (best*1e8:  0.1033/ 0.0003)
>> epoch [ 254/4000], runtime:  8.71s, train err*1e8:  0.1590 (best*1e8:  0.1033/ 0.0003)
>> epoch [ 255/4000], runtime:  8.69s, train err*1e8:  0.1137 (best*1e8:  0.1033/ 0.0003)
>> epoch [ 256/4000], runtime:  8.69s, train err*1e8:  0.1036 (best*1e8:  0.1033/ 0.0003)
>> epoch [ 257/4000], runtime:  8.67s, train err*1e8:  0.2147 (best*1e8:  0.1033/ 0.0003)
>> epoch [ 258/4000], runtime:  8.68s, train err*1e8:  0.1915 (best*1e8:  0.1033/ 0.0003)
>> epoch [ 259/4000], runtime:  8.69s, train err*1e8:  0.1438 (best*1e8:  0.1033/ 0.0003)
>> epoch [ 260/4000], runtime:  8.72s, train err*1e8:  0.1536 (best*1e8:  0.1033/ 0.0003)
>> epoch [ 261/4000], runtime:  8.70s, train err*1e8:  0.1417 (best*1e8:  0.1033/ 0.0003)
>> epoch [ 262/4000], runtime:  8.72s, train err*1e8:  0.1268 (best*1e8:  0.1033/ 0.0003)
>> epoch [ 263/4000], runtime:  8.70s, train err*1e8:  0.1470 (best*1e8:  0.1033/ 0.0003)
>> epoch [ 264/4000], runtime:  8.68s, train err*1e8:  0.1043 (best*1e8:  0.1033/ 0.0003)
>> epoch [ 265/4000], runtime:  8.69s, train err*1e8:  0.1207 (best*1e8:  0.1033/ 0.0003)
>> epoch [ 266/4000], runtime:  8.70s, train err*1e8:  0.1216 (best*1e8:  0.1033/ 0.0003)
>> epoch [ 267/4000], runtime:  8.69s, train err*1e8:  0.1312 (best*1e8:  0.1033/ 0.0003)
>> epoch [ 268/4000], runtime:  8.72s, train err*1e8:  0.1369 (best*1e8:  0.1033/ 0.0003)
>> epoch [ 269/4000], runtime:  8.71s, train err*1e8:  0.1010 (best*1e8:  0.1033/ 0.0003)
>> epoch [ 270/4000], runtime:  8.70s, train err*1e8:  0.1059 (best*1e8:  0.1033/ 0.0003)
>> epoch [ 271/4000], runtime:  8.70s, train err*1e8:  0.1233 (best*1e8:  0.1033/ 0.0003)
>> epoch [ 272/4000], runtime:  8.70s, train err*1e8:  0.1727 (best*1e8:  0.1033/ 0.0003)
>> epoch [ 273/4000], runtime:  8.68s, train err*1e8:  0.1796 (best*1e8:  0.1033/ 0.0003)
>> epoch [ 274/4000], runtime:  8.70s, train err*1e8:  0.1858 (best*1e8:  0.1033/ 0.0003)
>> epoch [ 275/4000], runtime:  8.71s, train err*1e8:  0.1381 (best*1e8:  0.1033/ 0.0003)
>> epoch [ 276/4000], runtime:  8.67s, train err*1e8:  0.1656 (best*1e8:  0.1033/ 0.0003)
>> epoch [ 277/4000], runtime:  8.69s, train err*1e8:  0.1278 (best*1e8:  0.1033/ 0.0003)
>> epoch [ 278/4000], runtime:  8.68s, train err*1e8:  0.1152 (best*1e8:  0.1033/ 0.0003)
>> epoch [ 279/4000], runtime:  8.68s, train err*1e8:  0.1340 (best*1e8:  0.1033/ 0.0003)
>> epoch [ 280/4000], runtime:  8.70s, train err*1e8:  0.3162 (best*1e8:  0.1033/ 0.0003)
>> epoch [ 281/4000], runtime:  8.71s, train err*1e8:  0.1551 (best*1e8:  0.1033/ 0.0003)
>> epoch [ 282/4000], runtime:  8.70s, train err*1e8:  0.5613 (best*1e8:  0.1033/ 0.0003)
>> epoch [ 283/4000], runtime:  8.69s, train err*1e8:  0.7563 (best*1e8:  0.1033/ 0.0003)
>> epoch [ 284/4000], runtime:  8.73s, train err*1e8:  0.5121 (best*1e8:  0.1033/ 0.0003)
>> epoch [ 285/4000], runtime:  8.69s, train err*1e8:  0.2125 (best*1e8:  0.1033/ 0.0003)
>> epoch [ 286/4000], runtime:  8.71s, train err*1e8:  0.1094 (best*1e8:  0.1033/ 0.0003)
>> epoch [ 287/4000], runtime:  8.70s, train err*1e8:  0.1130 (best*1e8:  0.1033/ 0.0003)
>> epoch [ 288/4000], runtime:  8.67s, train err*1e8:  0.1185 (best*1e8:  0.1033/ 0.0003)
>> epoch [ 289/4000], runtime:  8.67s, train err*1e8:  0.1753 (best*1e8:  0.1033/ 0.0003)
>> epoch [ 290/4000], runtime:  8.71s, train err*1e8:  0.2713 (best*1e8:  0.1033/ 0.0003)
>> epoch [ 291/4000], runtime:  8.70s, train err*1e8:  0.1988 (best*1e8:  0.1033/ 0.0003)
>> epoch [ 292/4000], runtime:  8.73s, train err*1e8:  0.2355 (best*1e8:  0.1033/ 0.0003)
>> epoch [ 293/4000], runtime:  8.72s, train err*1e8:  0.3478 (best*1e8:  0.1033/ 0.0003)
>> epoch [ 294/4000], runtime:  8.68s, train err*1e8:  0.2167 (best*1e8:  0.1033/ 0.0003)
>> epoch [ 295/4000], runtime:  8.68s, train err*1e8:  0.1114 (best*1e8:  0.1033/ 0.0003)
>> epoch [ 296/4000], runtime:  8.69s, train err*1e8:  0.1007 (best*1e8:  0.1033/ 0.0003)
>> epoch [ 297/4000], runtime:  8.69s, train err*1e8:  0.1074 (best*1e8:  0.1033/ 0.0003)
>> epoch [ 298/4000], runtime:  8.71s, train err*1e8:  0.1785 (best*1e8:  0.1033/ 0.0003)
>> epoch [ 299/4000], runtime:  8.67s, train err*1e8:  0.1135 (best*1e8:  0.1033/ 0.0003)
>> epoch [ 300/4000], runtime:  8.69s, train err*1e8:  0.1056 (best*1e8:  0.1033/ 0.0003)
>> epoch [ 301/4000], runtime:  8.71s, train err*1e8:  0.1075 (best*1e8:  0.1033/ 0.0003)
>> epoch [ 302/4000], runtime:  8.71s, train err*1e8:  0.1035 (best*1e8:  0.1033/ 0.0003)
>> epoch [ 303/4000], runtime:  8.69s, train err*1e8:  0.0971 (best*1e8:  0.1033/ 0.0003)
>> epoch [ 304/4000], runtime:  8.68s, train err*1e8:  0.0972 (best*1e8:  0.1033/ 0.0003)
>> epoch [ 305/4000], runtime:  8.73s, train err*1e8:  0.0983 (best*1e8:  0.1033/ 0.0003)
>> epoch [ 306/4000], runtime: 8.67s, train err *1e8: 0.0976, valid err*1e8: 0.0003 , test err*1e8: 0.0041
>> epoch [ 307/4000], runtime:  8.68s, train err*1e8:  0.1087 (best*1e8:  0.0976/ 0.0003)
>> epoch [ 308/4000], runtime: 8.71s, train err *1e8: 0.0935, valid err*1e8: 0.0003 , test err*1e8: 0.0034
>> epoch [ 309/4000], runtime:  8.69s, train err*1e8:  0.0986 (best*1e8:  0.0935/ 0.0003)
>> epoch [ 310/4000], runtime:  8.68s, train err*1e8:  0.1080 (best*1e8:  0.0935/ 0.0003)
>> epoch [ 311/4000], runtime:  8.72s, train err*1e8:  0.1158 (best*1e8:  0.0935/ 0.0003)
>> epoch [ 312/4000], runtime:  8.73s, train err*1e8:  0.1382 (best*1e8:  0.0935/ 0.0003)
>> epoch [ 313/4000], runtime:  8.73s, train err*1e8:  0.2035 (best*1e8:  0.0935/ 0.0003)
>> epoch [ 314/4000], runtime:  8.69s, train err*1e8:  0.2114 (best*1e8:  0.0935/ 0.0003)
>> epoch [ 315/4000], runtime:  8.68s, train err*1e8:  0.1459 (best*1e8:  0.0935/ 0.0003)
>> epoch [ 316/4000], runtime:  8.70s, train err*1e8:  0.1041 (best*1e8:  0.0935/ 0.0003)
>> epoch [ 317/4000], runtime:  8.69s, train err*1e8:  0.0964 (best*1e8:  0.0935/ 0.0003)
>> epoch [ 318/4000], runtime:  8.67s, train err*1e8:  0.0970 (best*1e8:  0.0935/ 0.0003)
>> epoch [ 319/4000], runtime:  8.67s, train err*1e8:  0.0972 (best*1e8:  0.0935/ 0.0003)
>> epoch [ 320/4000], runtime:  8.71s, train err*1e8:  0.1187 (best*1e8:  0.0935/ 0.0003)
>> epoch [ 321/4000], runtime:  8.69s, train err*1e8:  0.1168 (best*1e8:  0.0935/ 0.0003)
>> epoch [ 322/4000], runtime:  8.70s, train err*1e8:  0.1020 (best*1e8:  0.0935/ 0.0003)
>> epoch [ 323/4000], runtime:  8.68s, train err*1e8:  0.1188 (best*1e8:  0.0935/ 0.0003)
>> epoch [ 324/4000], runtime:  8.70s, train err*1e8:  0.1086 (best*1e8:  0.0935/ 0.0003)
>> epoch [ 325/4000], runtime:  8.69s, train err*1e8:  0.1227 (best*1e8:  0.0935/ 0.0003)
>> epoch [ 326/4000], runtime:  8.69s, train err*1e8:  0.1166 (best*1e8:  0.0935/ 0.0003)
>> epoch [ 327/4000], runtime:  8.68s, train err*1e8:  0.1359 (best*1e8:  0.0935/ 0.0003)
>> epoch [ 328/4000], runtime:  8.68s, train err*1e8:  0.1113 (best*1e8:  0.0935/ 0.0003)
>> epoch [ 329/4000], runtime:  8.71s, train err*1e8:  0.0961 (best*1e8:  0.0935/ 0.0003)
>> epoch [ 330/4000], runtime:  8.68s, train err*1e8:  0.1441 (best*1e8:  0.0935/ 0.0003)
>> epoch [ 331/4000], runtime:  8.68s, train err*1e8:  0.1413 (best*1e8:  0.0935/ 0.0003)
>> epoch [ 332/4000], runtime:  8.70s, train err*1e8:  0.1958 (best*1e8:  0.0935/ 0.0003)
>> epoch [ 333/4000], runtime:  8.70s, train err*1e8:  0.1788 (best*1e8:  0.0935/ 0.0003)
>> epoch [ 334/4000], runtime:  8.70s, train err*1e8:  0.1257 (best*1e8:  0.0935/ 0.0003)
>> epoch [ 335/4000], runtime:  8.69s, train err*1e8:  0.0983 (best*1e8:  0.0935/ 0.0003)
>> epoch [ 336/4000], runtime:  8.68s, train err*1e8:  0.1293 (best*1e8:  0.0935/ 0.0003)
>> epoch [ 337/4000], runtime:  8.71s, train err*1e8:  0.1218 (best*1e8:  0.0935/ 0.0003)
>> epoch [ 338/4000], runtime:  8.69s, train err*1e8:  0.1423 (best*1e8:  0.0935/ 0.0003)
>> epoch [ 339/4000], runtime:  8.69s, train err*1e8:  0.1344 (best*1e8:  0.0935/ 0.0003)
>> epoch [ 340/4000], runtime:  8.67s, train err*1e8:  0.1715 (best*1e8:  0.0935/ 0.0003)
>> epoch [ 341/4000], runtime:  8.67s, train err*1e8:  0.2475 (best*1e8:  0.0935/ 0.0003)
>> epoch [ 342/4000], runtime:  8.71s, train err*1e8:  0.3969 (best*1e8:  0.0935/ 0.0003)
>> epoch [ 343/4000], runtime:  8.72s, train err*1e8:  0.2522 (best*1e8:  0.0935/ 0.0003)
>> epoch [ 344/4000], runtime:  8.69s, train err*1e8:  0.1112 (best*1e8:  0.0935/ 0.0003)
>> epoch [ 345/4000], runtime:  8.69s, train err*1e8:  0.1160 (best*1e8:  0.0935/ 0.0003)
>> epoch [ 346/4000], runtime:  8.72s, train err*1e8:  0.1331 (best*1e8:  0.0935/ 0.0003)
>> epoch [ 347/4000], runtime:  8.68s, train err*1e8:  0.1296 (best*1e8:  0.0935/ 0.0003)
>> epoch [ 348/4000], runtime:  8.69s, train err*1e8:  0.1027 (best*1e8:  0.0935/ 0.0003)
>> epoch [ 349/4000], runtime:  8.69s, train err*1e8:  0.1023 (best*1e8:  0.0935/ 0.0003)
>> epoch [ 350/4000], runtime:  8.70s, train err*1e8:  0.0997 (best*1e8:  0.0935/ 0.0003)
>> epoch [ 351/4000], runtime:  8.72s, train err*1e8:  0.1092 (best*1e8:  0.0935/ 0.0003)
>> epoch [ 352/4000], runtime:  8.68s, train err*1e8:  0.1281 (best*1e8:  0.0935/ 0.0003)
>> epoch [ 353/4000], runtime:  8.72s, train err*1e8:  0.1624 (best*1e8:  0.0935/ 0.0003)
>> epoch [ 354/4000], runtime:  8.71s, train err*1e8:  0.1130 (best*1e8:  0.0935/ 0.0003)
>> epoch [ 355/4000], runtime:  8.68s, train err*1e8:  0.1006 (best*1e8:  0.0935/ 0.0003)
>> epoch [ 356/4000], runtime:  8.68s, train err*1e8:  0.1132 (best*1e8:  0.0935/ 0.0003)
>> epoch [ 357/4000], runtime:  8.72s, train err*1e8:  0.1012 (best*1e8:  0.0935/ 0.0003)
>> epoch [ 358/4000], runtime:  8.70s, train err*1e8:  0.0970 (best*1e8:  0.0935/ 0.0003)
>> epoch [ 359/4000], runtime: 8.69s, train err *1e8: 0.0932, valid err*1e8: 0.0003 , test err*1e8: 0.0032
>> epoch [ 360/4000], runtime:  8.70s, train err*1e8:  0.1065 (best*1e8:  0.0932/ 0.0003)
>> epoch [ 361/4000], runtime:  8.68s, train err*1e8:  0.1558 (best*1e8:  0.0932/ 0.0003)
>> epoch [ 362/4000], runtime:  8.69s, train err*1e8:  0.1117 (best*1e8:  0.0932/ 0.0003)
>> epoch [ 363/4000], runtime:  8.74s, train err*1e8:  0.0953 (best*1e8:  0.0932/ 0.0003)
>> epoch [ 364/4000], runtime:  8.70s, train err*1e8:  0.0997 (best*1e8:  0.0932/ 0.0003)
>> epoch [ 365/4000], runtime:  8.70s, train err*1e8:  0.0929 (best*1e8:  0.0932/ 0.0003)
>> epoch [ 366/4000], runtime:  8.72s, train err*1e8:  0.1361 (best*1e8:  0.0932/ 0.0003)
>> epoch [ 367/4000], runtime:  8.69s, train err*1e8:  0.1292 (best*1e8:  0.0932/ 0.0003)
>> epoch [ 368/4000], runtime:  8.69s, train err*1e8:  0.0940 (best*1e8:  0.0932/ 0.0003)
>> epoch [ 369/4000], runtime:  8.71s, train err*1e8:  0.0970 (best*1e8:  0.0932/ 0.0003)
>> epoch [ 370/4000], runtime:  8.70s, train err*1e8:  0.1002 (best*1e8:  0.0932/ 0.0003)
>> epoch [ 371/4000], runtime:  8.68s, train err*1e8:  0.0985 (best*1e8:  0.0932/ 0.0003)
>> epoch [ 372/4000], runtime:  8.69s, train err*1e8:  0.0992 (best*1e8:  0.0932/ 0.0003)
>> epoch [ 373/4000], runtime:  8.72s, train err*1e8:  0.0944 (best*1e8:  0.0932/ 0.0003)
>> epoch [ 374/4000], runtime:  8.71s, train err*1e8:  0.0942 (best*1e8:  0.0932/ 0.0003)
>> epoch [ 375/4000], runtime:  8.71s, train err*1e8:  0.0865 (best*1e8:  0.0932/ 0.0003)
>> epoch [ 376/4000], runtime:  8.70s, train err*1e8:  0.0871 (best*1e8:  0.0932/ 0.0003)
>> epoch [ 377/4000], runtime:  8.73s, train err*1e8:  0.0953 (best*1e8:  0.0932/ 0.0003)
>> epoch [ 378/4000], runtime:  8.69s, train err*1e8:  0.0993 (best*1e8:  0.0932/ 0.0003)
>> epoch [ 379/4000], runtime:  8.68s, train err*1e8:  0.0951 (best*1e8:  0.0932/ 0.0003)
>> epoch [ 380/4000], runtime:  8.70s, train err*1e8:  0.0909 (best*1e8:  0.0932/ 0.0003)
>> epoch [ 381/4000], runtime:  8.72s, train err*1e8:  0.0955 (best*1e8:  0.0932/ 0.0003)
>> epoch [ 382/4000], runtime:  8.67s, train err*1e8:  0.0876 (best*1e8:  0.0932/ 0.0003)
>> epoch [ 383/4000], runtime:  8.74s, train err*1e8:  0.0967 (best*1e8:  0.0932/ 0.0003)
>> epoch [ 384/4000], runtime:  8.70s, train err*1e8:  0.0980 (best*1e8:  0.0932/ 0.0003)
>> epoch [ 385/4000], runtime:  8.68s, train err*1e8:  0.0919 (best*1e8:  0.0932/ 0.0003)
>> epoch [ 386/4000], runtime: 8.70s, train err *1e8: 0.0869, valid err*1e8: 0.0003 , test err*1e8: 0.0028
>> epoch [ 387/4000], runtime:  8.69s, train err*1e8:  0.0985 (best*1e8:  0.0869/ 0.0003)
>> epoch [ 388/4000], runtime:  8.68s, train err*1e8:  0.0948 (best*1e8:  0.0869/ 0.0003)
>> epoch [ 389/4000], runtime:  8.71s, train err*1e8:  0.0885 (best*1e8:  0.0869/ 0.0003)
>> epoch [ 390/4000], runtime:  8.70s, train err*1e8:  0.0909 (best*1e8:  0.0869/ 0.0003)
>> epoch [ 391/4000], runtime:  8.69s, train err*1e8:  0.0881 (best*1e8:  0.0869/ 0.0003)
>> epoch [ 392/4000], runtime: 8.69s, train err *1e8: 0.0844, valid err*1e8: 0.0002 , test err*1e8: 0.0026
>> epoch [ 393/4000], runtime:  8.75s, train err*1e8:  0.0872 (best*1e8:  0.0844/ 0.0002)
>> epoch [ 394/4000], runtime:  8.48s, train err*1e8:  0.0906 (best*1e8:  0.0844/ 0.0002)
>> epoch [ 395/4000], runtime:  7.92s, train err*1e8:  0.0928 (best*1e8:  0.0844/ 0.0002)
>> epoch [ 396/4000], runtime:  7.92s, train err*1e8:  0.0992 (best*1e8:  0.0844/ 0.0002)
>> epoch [ 397/4000], runtime:  7.93s, train err*1e8:  0.0977 (best*1e8:  0.0844/ 0.0002)
>> epoch [ 398/4000], runtime:  7.93s, train err*1e8:  0.0895 (best*1e8:  0.0844/ 0.0002)
>> epoch [ 399/4000], runtime:  7.92s, train err*1e8:  0.0895 (best*1e8:  0.0844/ 0.0002)
>> epoch [ 400/4000], runtime:  7.91s, train err*1e8:  0.0991 (best*1e8:  0.0844/ 0.0002)
>> epoch [ 401/4000], runtime:  7.94s, train err*1e8:  0.0957 (best*1e8:  0.0844/ 0.0002)
>> epoch [ 402/4000], runtime:  7.93s, train err*1e8:  0.0921 (best*1e8:  0.0844/ 0.0002)
>> epoch [ 403/4000], runtime:  7.92s, train err*1e8:  0.0921 (best*1e8:  0.0844/ 0.0002)
>> epoch [ 404/4000], runtime:  7.91s, train err*1e8:  0.0876 (best*1e8:  0.0844/ 0.0002)
>> epoch [ 405/4000], runtime:  7.91s, train err*1e8:  0.0900 (best*1e8:  0.0844/ 0.0002)
>> epoch [ 406/4000], runtime:  7.94s, train err*1e8:  0.0959 (best*1e8:  0.0844/ 0.0002)
>> epoch [ 407/4000], runtime:  7.94s, train err*1e8:  0.0906 (best*1e8:  0.0844/ 0.0002)
>> epoch [ 408/4000], runtime:  7.91s, train err*1e8:  0.0947 (best*1e8:  0.0844/ 0.0002)
>> epoch [ 409/4000], runtime:  7.94s, train err*1e8:  0.0822 (best*1e8:  0.0844/ 0.0002)
>> epoch [ 410/4000], runtime:  7.95s, train err*1e8:  0.0898 (best*1e8:  0.0844/ 0.0002)
>> epoch [ 411/4000], runtime:  7.92s, train err*1e8:  0.1007 (best*1e8:  0.0844/ 0.0002)
>> epoch [ 412/4000], runtime:  7.91s, train err*1e8:  0.1403 (best*1e8:  0.0844/ 0.0002)
>> epoch [ 413/4000], runtime:  7.93s, train err*1e8:  0.0986 (best*1e8:  0.0844/ 0.0002)
>> epoch [ 414/4000], runtime:  7.96s, train err*1e8:  0.1057 (best*1e8:  0.0844/ 0.0002)
>> epoch [ 415/4000], runtime:  7.92s, train err*1e8:  0.0902 (best*1e8:  0.0844/ 0.0002)
>> epoch [ 416/4000], runtime:  7.94s, train err*1e8:  0.0891 (best*1e8:  0.0844/ 0.0002)
>> epoch [ 417/4000], runtime:  7.93s, train err*1e8:  0.0901 (best*1e8:  0.0844/ 0.0002)
>> epoch [ 418/4000], runtime:  7.93s, train err*1e8:  0.0821 (best*1e8:  0.0844/ 0.0002)
>> epoch [ 419/4000], runtime:  7.94s, train err*1e8:  0.0845 (best*1e8:  0.0844/ 0.0002)
>> epoch [ 420/4000], runtime:  7.93s, train err*1e8:  0.1041 (best*1e8:  0.0844/ 0.0002)
>> epoch [ 421/4000], runtime:  7.91s, train err*1e8:  0.0862 (best*1e8:  0.0844/ 0.0002)
>> epoch [ 422/4000], runtime:  7.92s, train err*1e8:  0.0834 (best*1e8:  0.0844/ 0.0002)
>> epoch [ 423/4000], runtime:  7.94s, train err*1e8:  0.0851 (best*1e8:  0.0844/ 0.0002)
>> epoch [ 424/4000], runtime:  7.91s, train err*1e8:  0.0820 (best*1e8:  0.0844/ 0.0002)
>> epoch [ 425/4000], runtime:  7.92s, train err*1e8:  0.0964 (best*1e8:  0.0844/ 0.0002)
>> epoch [ 426/4000], runtime:  7.93s, train err*1e8:  0.1012 (best*1e8:  0.0844/ 0.0002)
>> epoch [ 427/4000], runtime:  7.93s, train err*1e8:  0.0974 (best*1e8:  0.0844/ 0.0002)
>> epoch [ 428/4000], runtime:  7.92s, train err*1e8:  0.0922 (best*1e8:  0.0844/ 0.0002)
>> epoch [ 429/4000], runtime:  7.91s, train err*1e8:  0.0997 (best*1e8:  0.0844/ 0.0002)
>> epoch [ 430/4000], runtime:  7.91s, train err*1e8:  0.0881 (best*1e8:  0.0844/ 0.0002)
>> epoch [ 431/4000], runtime:  7.91s, train err*1e8:  0.0876 (best*1e8:  0.0844/ 0.0002)
>> epoch [ 432/4000], runtime:  7.95s, train err*1e8:  0.0953 (best*1e8:  0.0844/ 0.0002)
>> epoch [ 433/4000], runtime:  7.92s, train err*1e8:  0.0918 (best*1e8:  0.0844/ 0.0002)
>> epoch [ 434/4000], runtime:  7.91s, train err*1e8:  0.1017 (best*1e8:  0.0844/ 0.0002)
>> epoch [ 435/4000], runtime:  7.91s, train err*1e8:  0.1213 (best*1e8:  0.0844/ 0.0002)
>> epoch [ 436/4000], runtime:  7.93s, train err*1e8:  0.0946 (best*1e8:  0.0844/ 0.0002)
>> epoch [ 437/4000], runtime:  7.94s, train err*1e8:  0.0856 (best*1e8:  0.0844/ 0.0002)
>> epoch [ 438/4000], runtime:  7.90s, train err*1e8:  0.0837 (best*1e8:  0.0844/ 0.0002)
>> epoch [ 439/4000], runtime:  7.90s, train err*1e8:  0.0866 (best*1e8:  0.0844/ 0.0002)
>> epoch [ 440/4000], runtime:  7.94s, train err*1e8:  0.0835 (best*1e8:  0.0844/ 0.0002)
>> epoch [ 441/4000], runtime:  7.94s, train err*1e8:  0.0849 (best*1e8:  0.0844/ 0.0002)
>> epoch [ 442/4000], runtime:  7.92s, train err*1e8:  0.0877 (best*1e8:  0.0844/ 0.0002)
>> epoch [ 443/4000], runtime:  7.91s, train err*1e8:  0.0842 (best*1e8:  0.0844/ 0.0002)
>> epoch [ 444/4000], runtime:  7.95s, train err*1e8:  0.0832 (best*1e8:  0.0844/ 0.0002)
>> epoch [ 445/4000], runtime:  7.90s, train err*1e8:  0.0862 (best*1e8:  0.0844/ 0.0002)
>> epoch [ 446/4000], runtime:  7.92s, train err*1e8:  0.0792 (best*1e8:  0.0844/ 0.0002)
>> epoch [ 447/4000], runtime: 7.93s, train err *1e8: 0.0802, valid err*1e8: 0.0002 , test err*1e8: 0.0021
>> epoch [ 448/4000], runtime:  7.94s, train err*1e8:  0.0796 (best*1e8:  0.0802/ 0.0002)
>> epoch [ 449/4000], runtime:  7.91s, train err*1e8:  0.0828 (best*1e8:  0.0802/ 0.0002)
>> epoch [ 450/4000], runtime:  7.94s, train err*1e8:  0.0860 (best*1e8:  0.0802/ 0.0002)
>> epoch [ 451/4000], runtime:  7.94s, train err*1e8:  0.0847 (best*1e8:  0.0802/ 0.0002)
>> epoch [ 452/4000], runtime:  7.92s, train err*1e8:  0.0851 (best*1e8:  0.0802/ 0.0002)
>> epoch [ 453/4000], runtime:  7.91s, train err*1e8:  0.0869 (best*1e8:  0.0802/ 0.0002)
>> epoch [ 454/4000], runtime:  7.91s, train err*1e8:  0.0826 (best*1e8:  0.0802/ 0.0002)
>> epoch [ 455/4000], runtime:  7.92s, train err*1e8:  0.0845 (best*1e8:  0.0802/ 0.0002)
>> epoch [ 456/4000], runtime:  7.93s, train err*1e8:  0.0912 (best*1e8:  0.0802/ 0.0002)
>> epoch [ 457/4000], runtime:  7.93s, train err*1e8:  0.0864 (best*1e8:  0.0802/ 0.0002)
>> epoch [ 458/4000], runtime:  7.91s, train err*1e8:  0.0906 (best*1e8:  0.0802/ 0.0002)
>> epoch [ 459/4000], runtime:  7.92s, train err*1e8:  0.0847 (best*1e8:  0.0802/ 0.0002)
>> epoch [ 460/4000], runtime:  7.94s, train err*1e8:  0.0809 (best*1e8:  0.0802/ 0.0002)
>> epoch [ 461/4000], runtime:  7.93s, train err*1e8:  0.0843 (best*1e8:  0.0802/ 0.0002)
>> epoch [ 462/4000], runtime:  7.91s, train err*1e8:  0.0809 (best*1e8:  0.0802/ 0.0002)
>> epoch [ 463/4000], runtime:  7.93s, train err*1e8:  0.0804 (best*1e8:  0.0802/ 0.0002)
>> epoch [ 464/4000], runtime:  7.93s, train err*1e8:  0.0820 (best*1e8:  0.0802/ 0.0002)
>> epoch [ 465/4000], runtime:  7.92s, train err*1e8:  0.0860 (best*1e8:  0.0802/ 0.0002)
>> epoch [ 466/4000], runtime:  7.92s, train err*1e8:  0.0800 (best*1e8:  0.0802/ 0.0002)
>> epoch [ 467/4000], runtime:  7.91s, train err*1e8:  0.0836 (best*1e8:  0.0802/ 0.0002)
>> epoch [ 468/4000], runtime:  7.94s, train err*1e8:  0.0845 (best*1e8:  0.0802/ 0.0002)
>> epoch [ 469/4000], runtime:  7.93s, train err*1e8:  0.0877 (best*1e8:  0.0802/ 0.0002)
>> epoch [ 470/4000], runtime:  7.93s, train err*1e8:  0.0860 (best*1e8:  0.0802/ 0.0002)
>> epoch [ 471/4000], runtime:  7.91s, train err*1e8:  0.0821 (best*1e8:  0.0802/ 0.0002)
>> epoch [ 472/4000], runtime:  7.91s, train err*1e8:  0.0882 (best*1e8:  0.0802/ 0.0002)
>> epoch [ 473/4000], runtime:  7.93s, train err*1e8:  0.0843 (best*1e8:  0.0802/ 0.0002)
>> epoch [ 474/4000], runtime:  7.93s, train err*1e8:  0.0815 (best*1e8:  0.0802/ 0.0002)
>> epoch [ 475/4000], runtime:  7.92s, train err*1e8:  0.0848 (best*1e8:  0.0802/ 0.0002)
>> epoch [ 476/4000], runtime:  7.91s, train err*1e8:  0.0828 (best*1e8:  0.0802/ 0.0002)
>> epoch [ 477/4000], runtime:  7.92s, train err*1e8:  0.0820 (best*1e8:  0.0802/ 0.0002)
>> epoch [ 478/4000], runtime:  7.92s, train err*1e8:  0.0793 (best*1e8:  0.0802/ 0.0002)
>> epoch [ 479/4000], runtime:  7.94s, train err*1e8:  0.0850 (best*1e8:  0.0802/ 0.0002)
>> epoch [ 480/4000], runtime:  7.91s, train err*1e8:  0.0813 (best*1e8:  0.0802/ 0.0002)
>> epoch [ 481/4000], runtime:  7.91s, train err*1e8:  0.0826 (best*1e8:  0.0802/ 0.0002)
>> epoch [ 482/4000], runtime:  7.91s, train err*1e8:  0.0865 (best*1e8:  0.0802/ 0.0002)
>> epoch [ 483/4000], runtime: 7.92s, train err *1e8: 0.0782, valid err*1e8: 0.0002 , test err*1e8: 0.0025
>> epoch [ 484/4000], runtime:  7.95s, train err*1e8:  0.0802 (best*1e8:  0.0782/ 0.0002)
>> epoch [ 485/4000], runtime:  7.93s, train err*1e8:  0.0804 (best*1e8:  0.0782/ 0.0002)
>> epoch [ 486/4000], runtime:  7.94s, train err*1e8:  0.0791 (best*1e8:  0.0782/ 0.0002)
>> epoch [ 487/4000], runtime:  7.91s, train err*1e8:  0.0809 (best*1e8:  0.0782/ 0.0002)
>> epoch [ 488/4000], runtime:  7.91s, train err*1e8:  0.0818 (best*1e8:  0.0782/ 0.0002)
>> epoch [ 489/4000], runtime:  7.93s, train err*1e8:  0.0793 (best*1e8:  0.0782/ 0.0002)
>> epoch [ 490/4000], runtime:  7.93s, train err*1e8:  0.0795 (best*1e8:  0.0782/ 0.0002)
>> epoch [ 491/4000], runtime:  7.93s, train err*1e8:  0.0799 (best*1e8:  0.0782/ 0.0002)
>> epoch [ 492/4000], runtime:  7.92s, train err*1e8:  0.0834 (best*1e8:  0.0782/ 0.0002)
>> epoch [ 493/4000], runtime:  7.91s, train err*1e8:  0.0855 (best*1e8:  0.0782/ 0.0002)
>> epoch [ 494/4000], runtime:  7.91s, train err*1e8:  0.0796 (best*1e8:  0.0782/ 0.0002)
>> epoch [ 495/4000], runtime:  7.95s, train err*1e8:  0.0862 (best*1e8:  0.0782/ 0.0002)
>> epoch [ 496/4000], runtime:  7.92s, train err*1e8:  0.0792 (best*1e8:  0.0782/ 0.0002)
>> epoch [ 497/4000], runtime:  7.92s, train err*1e8:  0.0905 (best*1e8:  0.0782/ 0.0002)
>> epoch [ 498/4000], runtime:  7.90s, train err*1e8:  0.0895 (best*1e8:  0.0782/ 0.0002)
>> epoch [ 499/4000], runtime:  7.94s, train err*1e8:  0.0831 (best*1e8:  0.0782/ 0.0002)
>> epoch [ 500/4000], runtime:  7.92s, train err*1e8:  0.0781 (best*1e8:  0.0782/ 0.0002)
>> epoch [ 501/4000], runtime:  7.90s, train err*1e8:  0.0791 (best*1e8:  0.0782/ 0.0002)
>> epoch [ 502/4000], runtime:  7.90s, train err*1e8:  0.0798 (best*1e8:  0.0782/ 0.0002)
>> epoch [ 503/4000], runtime:  7.93s, train err*1e8:  0.0835 (best*1e8:  0.0782/ 0.0002)
>> epoch [ 504/4000], runtime:  7.92s, train err*1e8:  0.0790 (best*1e8:  0.0782/ 0.0002)
>> epoch [ 505/4000], runtime:  7.92s, train err*1e8:  0.0780 (best*1e8:  0.0782/ 0.0002)
>> epoch [ 506/4000], runtime:  7.91s, train err*1e8:  0.0806 (best*1e8:  0.0782/ 0.0002)
>> epoch [ 507/4000], runtime: 7.92s, train err *1e8: 0.0777, valid err*1e8: 0.0002 , test err*1e8: 0.0024
>> epoch [ 508/4000], runtime:  7.93s, train err*1e8:  0.0783 (best*1e8:  0.0777/ 0.0002)
>> epoch [ 509/4000], runtime:  7.93s, train err*1e8:  0.0785 (best*1e8:  0.0777/ 0.0002)
>> epoch [ 510/4000], runtime:  7.92s, train err*1e8:  0.0767 (best*1e8:  0.0777/ 0.0002)
>> epoch [ 511/4000], runtime:  7.91s, train err*1e8:  0.0791 (best*1e8:  0.0777/ 0.0002)
>> epoch [ 512/4000], runtime:  7.96s, train err*1e8:  0.0786 (best*1e8:  0.0777/ 0.0002)
>> epoch [ 513/4000], runtime:  7.91s, train err*1e8:  0.0778 (best*1e8:  0.0777/ 0.0002)
>> epoch [ 514/4000], runtime:  7.92s, train err*1e8:  0.0787 (best*1e8:  0.0777/ 0.0002)
>> epoch [ 515/4000], runtime:  7.93s, train err*1e8:  0.0789 (best*1e8:  0.0777/ 0.0002)
>> epoch [ 516/4000], runtime:  7.93s, train err*1e8:  0.0780 (best*1e8:  0.0777/ 0.0002)
>> epoch [ 517/4000], runtime:  7.92s, train err*1e8:  0.0788 (best*1e8:  0.0777/ 0.0002)
>> epoch [ 518/4000], runtime:  7.96s, train err*1e8:  0.0772 (best*1e8:  0.0777/ 0.0002)
>> epoch [ 519/4000], runtime:  7.92s, train err*1e8:  0.0827 (best*1e8:  0.0777/ 0.0002)
>> epoch [ 520/4000], runtime:  7.92s, train err*1e8:  0.0795 (best*1e8:  0.0777/ 0.0002)
>> epoch [ 521/4000], runtime:  7.96s, train err*1e8:  0.0827 (best*1e8:  0.0777/ 0.0002)
>> epoch [ 522/4000], runtime:  7.93s, train err*1e8:  0.0827 (best*1e8:  0.0777/ 0.0002)
>> epoch [ 523/4000], runtime:  7.91s, train err*1e8:  0.0800 (best*1e8:  0.0777/ 0.0002)
>> epoch [ 524/4000], runtime:  7.94s, train err*1e8:  0.0790 (best*1e8:  0.0777/ 0.0002)
>> epoch [ 525/4000], runtime:  7.95s, train err*1e8:  0.0772 (best*1e8:  0.0777/ 0.0002)
>> epoch [ 526/4000], runtime:  7.91s, train err*1e8:  0.0850 (best*1e8:  0.0777/ 0.0002)
>> epoch [ 527/4000], runtime:  7.96s, train err*1e8:  0.0794 (best*1e8:  0.0777/ 0.0002)
>> epoch [ 528/4000], runtime:  7.92s, train err*1e8:  0.0775 (best*1e8:  0.0777/ 0.0002)
>> epoch [ 529/4000], runtime:  7.96s, train err*1e8:  0.0778 (best*1e8:  0.0777/ 0.0002)
>> epoch [ 530/4000], runtime: 7.91s, train err *1e8: 0.0772, valid err*1e8: 0.0002 , test err*1e8: 0.0023
>> epoch [ 531/4000], runtime:  7.93s, train err*1e8:  0.0759 (best*1e8:  0.0772/ 0.0002)
>> epoch [ 532/4000], runtime:  7.94s, train err*1e8:  0.0769 (best*1e8:  0.0772/ 0.0002)
>> epoch [ 533/4000], runtime:  7.93s, train err*1e8:  0.0790 (best*1e8:  0.0772/ 0.0002)
>> epoch [ 534/4000], runtime:  7.93s, train err*1e8:  0.0814 (best*1e8:  0.0772/ 0.0002)
>> epoch [ 535/4000], runtime:  7.95s, train err*1e8:  0.0795 (best*1e8:  0.0772/ 0.0002)
>> epoch [ 536/4000], runtime:  7.92s, train err*1e8:  0.0761 (best*1e8:  0.0772/ 0.0002)
>> epoch [ 537/4000], runtime:  7.96s, train err*1e8:  0.0757 (best*1e8:  0.0772/ 0.0002)
>> epoch [ 538/4000], runtime:  7.91s, train err*1e8:  0.0808 (best*1e8:  0.0772/ 0.0002)
>> epoch [ 539/4000], runtime:  7.92s, train err*1e8:  0.0786 (best*1e8:  0.0772/ 0.0002)
>> epoch [ 540/4000], runtime:  7.94s, train err*1e8:  0.0780 (best*1e8:  0.0772/ 0.0002)
>> epoch [ 541/4000], runtime:  7.93s, train err*1e8:  0.0773 (best*1e8:  0.0772/ 0.0002)
>> epoch [ 542/4000], runtime:  7.91s, train err*1e8:  0.0776 (best*1e8:  0.0772/ 0.0002)
>> epoch [ 543/4000], runtime:  7.92s, train err*1e8:  0.0766 (best*1e8:  0.0772/ 0.0002)
>> epoch [ 544/4000], runtime:  7.94s, train err*1e8:  0.0768 (best*1e8:  0.0772/ 0.0002)
>> epoch [ 545/4000], runtime:  7.92s, train err*1e8:  0.0762 (best*1e8:  0.0772/ 0.0002)
>> epoch [ 546/4000], runtime:  7.92s, train err*1e8:  0.0793 (best*1e8:  0.0772/ 0.0002)
>> epoch [ 547/4000], runtime:  7.95s, train err*1e8:  0.0777 (best*1e8:  0.0772/ 0.0002)
>> epoch [ 548/4000], runtime:  7.92s, train err*1e8:  0.0777 (best*1e8:  0.0772/ 0.0002)
>> epoch [ 549/4000], runtime:  7.91s, train err*1e8:  0.0759 (best*1e8:  0.0772/ 0.0002)
>> epoch [ 550/4000], runtime:  7.91s, train err*1e8:  0.0763 (best*1e8:  0.0772/ 0.0002)
>> epoch [ 551/4000], runtime:  7.94s, train err*1e8:  0.0803 (best*1e8:  0.0772/ 0.0002)
>> epoch [ 552/4000], runtime:  7.93s, train err*1e8:  0.0794 (best*1e8:  0.0772/ 0.0002)
>> epoch [ 553/4000], runtime:  7.91s, train err*1e8:  0.0777 (best*1e8:  0.0772/ 0.0002)
>> epoch [ 554/4000], runtime:  7.92s, train err*1e8:  0.0762 (best*1e8:  0.0772/ 0.0002)
>> epoch [ 555/4000], runtime:  7.93s, train err*1e8:  0.0823 (best*1e8:  0.0772/ 0.0002)
>> epoch [ 556/4000], runtime:  7.93s, train err*1e8:  0.0797 (best*1e8:  0.0772/ 0.0002)
>> epoch [ 557/4000], runtime:  7.91s, train err*1e8:  0.0780 (best*1e8:  0.0772/ 0.0002)
>> epoch [ 558/4000], runtime:  7.94s, train err*1e8:  0.0775 (best*1e8:  0.0772/ 0.0002)
>> epoch [ 559/4000], runtime:  7.94s, train err*1e8:  0.0770 (best*1e8:  0.0772/ 0.0002)
>> epoch [ 560/4000], runtime:  7.91s, train err*1e8:  0.0762 (best*1e8:  0.0772/ 0.0002)
>> epoch [ 561/4000], runtime:  7.93s, train err*1e8:  0.0772 (best*1e8:  0.0772/ 0.0002)
>> epoch [ 562/4000], runtime:  7.93s, train err*1e8:  0.0757 (best*1e8:  0.0772/ 0.0002)
>> epoch [ 563/4000], runtime:  7.93s, train err*1e8:  0.0766 (best*1e8:  0.0772/ 0.0002)
>> epoch [ 564/4000], runtime:  7.95s, train err*1e8:  0.0796 (best*1e8:  0.0772/ 0.0002)
>> epoch [ 565/4000], runtime:  7.94s, train err*1e8:  0.0790 (best*1e8:  0.0772/ 0.0002)
>> epoch [ 566/4000], runtime:  7.93s, train err*1e8:  0.0748 (best*1e8:  0.0772/ 0.0002)
>> epoch [ 567/4000], runtime:  7.93s, train err*1e8:  0.0759 (best*1e8:  0.0772/ 0.0002)
>> epoch [ 568/4000], runtime:  7.96s, train err*1e8:  0.0764 (best*1e8:  0.0772/ 0.0002)
>> epoch [ 569/4000], runtime:  7.91s, train err*1e8:  0.0758 (best*1e8:  0.0772/ 0.0002)
>> epoch [ 570/4000], runtime:  7.93s, train err*1e8:  0.0751 (best*1e8:  0.0772/ 0.0002)
>> epoch [ 571/4000], runtime:  7.93s, train err*1e8:  0.0760 (best*1e8:  0.0772/ 0.0002)
>> epoch [ 572/4000], runtime:  7.91s, train err*1e8:  0.0788 (best*1e8:  0.0772/ 0.0002)
>> epoch [ 573/4000], runtime:  7.92s, train err*1e8:  0.0769 (best*1e8:  0.0772/ 0.0002)
>> epoch [ 574/4000], runtime:  7.96s, train err*1e8:  0.0766 (best*1e8:  0.0772/ 0.0002)
>> epoch [ 575/4000], runtime:  7.91s, train err*1e8:  0.0775 (best*1e8:  0.0772/ 0.0002)
>> epoch [ 576/4000], runtime:  7.91s, train err*1e8:  0.0750 (best*1e8:  0.0772/ 0.0002)
>> epoch [ 577/4000], runtime:  7.93s, train err*1e8:  0.0744 (best*1e8:  0.0772/ 0.0002)
>> epoch [ 578/4000], runtime: 7.93s, train err *1e8: 0.0758, valid err*1e8: 0.0002 , test err*1e8: 0.0023
>> epoch [ 579/4000], runtime:  7.91s, train err*1e8:  0.0766 (best*1e8:  0.0758/ 0.0002)
>> epoch [ 580/4000], runtime:  7.91s, train err*1e8:  0.0756 (best*1e8:  0.0758/ 0.0002)
>> epoch [ 581/4000], runtime:  7.96s, train err*1e8:  0.0757 (best*1e8:  0.0758/ 0.0002)
>> epoch [ 582/4000], runtime:  7.92s, train err*1e8:  0.0757 (best*1e8:  0.0758/ 0.0002)
>> epoch [ 583/4000], runtime:  7.95s, train err*1e8:  0.0749 (best*1e8:  0.0758/ 0.0002)
>> epoch [ 584/4000], runtime:  7.93s, train err*1e8:  0.0756 (best*1e8:  0.0758/ 0.0002)
>> epoch [ 585/4000], runtime:  7.96s, train err*1e8:  0.0762 (best*1e8:  0.0758/ 0.0002)
>> epoch [ 586/4000], runtime:  7.92s, train err*1e8:  0.0756 (best*1e8:  0.0758/ 0.0002)
>> epoch [ 587/4000], runtime:  7.95s, train err*1e8:  0.0753 (best*1e8:  0.0758/ 0.0002)
>> epoch [ 588/4000], runtime:  7.95s, train err*1e8:  0.0748 (best*1e8:  0.0758/ 0.0002)
>> epoch [ 589/4000], runtime:  7.94s, train err*1e8:  0.0757 (best*1e8:  0.0758/ 0.0002)
>> epoch [ 590/4000], runtime:  7.92s, train err*1e8:  0.0757 (best*1e8:  0.0758/ 0.0002)
>> epoch [ 591/4000], runtime:  7.92s, train err*1e8:  0.0751 (best*1e8:  0.0758/ 0.0002)
>> epoch [ 592/4000], runtime:  7.93s, train err*1e8:  0.0753 (best*1e8:  0.0758/ 0.0002)
>> epoch [ 593/4000], runtime:  7.94s, train err*1e8:  0.0753 (best*1e8:  0.0758/ 0.0002)
>> epoch [ 594/4000], runtime:  7.91s, train err*1e8:  0.0744 (best*1e8:  0.0758/ 0.0002)
>> epoch [ 595/4000], runtime:  7.90s, train err*1e8:  0.0756 (best*1e8:  0.0758/ 0.0002)
>> epoch [ 596/4000], runtime:  7.93s, train err*1e8:  0.0752 (best*1e8:  0.0758/ 0.0002)
>> epoch [ 597/4000], runtime:  7.93s, train err*1e8:  0.0761 (best*1e8:  0.0758/ 0.0002)
>> epoch [ 598/4000], runtime:  7.92s, train err*1e8:  0.0760 (best*1e8:  0.0758/ 0.0002)
>> epoch [ 599/4000], runtime:  7.95s, train err*1e8:  0.0750 (best*1e8:  0.0758/ 0.0002)
>> epoch [ 600/4000], runtime:  7.92s, train err*1e8:  0.0752 (best*1e8:  0.0758/ 0.0002)
>> epoch [ 601/4000], runtime:  7.91s, train err*1e8:  0.0759 (best*1e8:  0.0758/ 0.0002)
>> epoch [ 602/4000], runtime:  7.94s, train err*1e8:  0.0765 (best*1e8:  0.0758/ 0.0002)
>> epoch [ 603/4000], runtime:  7.92s, train err*1e8:  0.0759 (best*1e8:  0.0758/ 0.0002)
>> epoch [ 604/4000], runtime:  7.92s, train err*1e8:  0.0761 (best*1e8:  0.0758/ 0.0002)
>> epoch [ 605/4000], runtime:  7.93s, train err*1e8:  0.0751 (best*1e8:  0.0758/ 0.0002)
>> epoch [ 606/4000], runtime:  7.94s, train err*1e8:  0.0745 (best*1e8:  0.0758/ 0.0002)
>> epoch [ 607/4000], runtime:  7.91s, train err*1e8:  0.0762 (best*1e8:  0.0758/ 0.0002)
>> epoch [ 608/4000], runtime:  7.92s, train err*1e8:  0.0755 (best*1e8:  0.0758/ 0.0002)
>> epoch [ 609/4000], runtime:  7.94s, train err*1e8:  0.0747 (best*1e8:  0.0758/ 0.0002)
>> epoch [ 610/4000], runtime:  7.91s, train err*1e8:  0.0750 (best*1e8:  0.0758/ 0.0002)
>> epoch [ 611/4000], runtime:  7.91s, train err*1e8:  0.0745 (best*1e8:  0.0758/ 0.0002)
>> epoch [ 612/4000], runtime:  7.92s, train err*1e8:  0.0744 (best*1e8:  0.0758/ 0.0002)
>> epoch [ 613/4000], runtime: 7.94s, train err *1e8: 0.0743, valid err*1e8: 0.0002 , test err*1e8: 0.0022
>> epoch [ 614/4000], runtime:  7.91s, train err*1e8:  0.0767 (best*1e8:  0.0743/ 0.0002)
>> epoch [ 615/4000], runtime:  7.92s, train err*1e8:  0.0744 (best*1e8:  0.0743/ 0.0002)
>> epoch [ 616/4000], runtime:  7.94s, train err*1e8:  0.0743 (best*1e8:  0.0743/ 0.0002)
>> epoch [ 617/4000], runtime:  7.91s, train err*1e8:  0.0743 (best*1e8:  0.0743/ 0.0002)
>> epoch [ 618/4000], runtime:  7.91s, train err*1e8:  0.0766 (best*1e8:  0.0743/ 0.0002)
>> epoch [ 619/4000], runtime:  7.92s, train err*1e8:  0.0758 (best*1e8:  0.0743/ 0.0002)
>> epoch [ 620/4000], runtime:  7.93s, train err*1e8:  0.0741 (best*1e8:  0.0743/ 0.0002)
>> epoch [ 621/4000], runtime:  7.93s, train err*1e8:  0.0738 (best*1e8:  0.0743/ 0.0002)
>> epoch [ 622/4000], runtime:  7.91s, train err*1e8:  0.0747 (best*1e8:  0.0743/ 0.0002)
>> epoch [ 623/4000], runtime:  7.93s, train err*1e8:  0.0745 (best*1e8:  0.0743/ 0.0002)
>> epoch [ 624/4000], runtime:  7.95s, train err*1e8:  0.0756 (best*1e8:  0.0743/ 0.0002)
>> epoch [ 625/4000], runtime:  7.93s, train err*1e8:  0.0750 (best*1e8:  0.0743/ 0.0002)
>> epoch [ 626/4000], runtime:  7.94s, train err*1e8:  0.0747 (best*1e8:  0.0743/ 0.0002)
>> epoch [ 627/4000], runtime:  7.91s, train err*1e8:  0.0745 (best*1e8:  0.0743/ 0.0002)
>> epoch [ 628/4000], runtime:  7.94s, train err*1e8:  0.0751 (best*1e8:  0.0743/ 0.0002)
>> epoch [ 629/4000], runtime:  7.93s, train err*1e8:  0.0749 (best*1e8:  0.0743/ 0.0002)
>> epoch [ 630/4000], runtime: 7.93s, train err *1e8: 0.0742, valid err*1e8: 0.0002 , test err*1e8: 0.0025
>> epoch [ 631/4000], runtime:  7.95s, train err*1e8:  0.0742 (best*1e8:  0.0742/ 0.0002)
>> epoch [ 632/4000], runtime:  7.93s, train err*1e8:  0.0750 (best*1e8:  0.0742/ 0.0002)
>> epoch [ 633/4000], runtime:  7.91s, train err*1e8:  0.0747 (best*1e8:  0.0742/ 0.0002)
>> epoch [ 634/4000], runtime:  7.92s, train err*1e8:  0.0741 (best*1e8:  0.0742/ 0.0002)
>> epoch [ 635/4000], runtime:  7.92s, train err*1e8:  0.0740 (best*1e8:  0.0742/ 0.0002)
>> epoch [ 636/4000], runtime:  7.93s, train err*1e8:  0.0742 (best*1e8:  0.0742/ 0.0002)
>> epoch [ 637/4000], runtime:  7.93s, train err*1e8:  0.0745 (best*1e8:  0.0742/ 0.0002)
>> epoch [ 638/4000], runtime:  7.94s, train err*1e8:  0.0742 (best*1e8:  0.0742/ 0.0002)
>> epoch [ 639/4000], runtime:  7.93s, train err*1e8:  0.0752 (best*1e8:  0.0742/ 0.0002)
>> epoch [ 640/4000], runtime:  7.92s, train err*1e8:  0.0740 (best*1e8:  0.0742/ 0.0002)
>> epoch [ 641/4000], runtime:  7.93s, train err*1e8:  0.0760 (best*1e8:  0.0742/ 0.0002)
>> epoch [ 642/4000], runtime:  7.93s, train err*1e8:  0.0742 (best*1e8:  0.0742/ 0.0002)
>> epoch [ 643/4000], runtime:  7.92s, train err*1e8:  0.0743 (best*1e8:  0.0742/ 0.0002)
>> epoch [ 644/4000], runtime:  7.92s, train err*1e8:  0.0744 (best*1e8:  0.0742/ 0.0002)
>> epoch [ 645/4000], runtime:  7.92s, train err*1e8:  0.0738 (best*1e8:  0.0742/ 0.0002)
>> epoch [ 646/4000], runtime:  7.96s, train err*1e8:  0.0740 (best*1e8:  0.0742/ 0.0002)
>> epoch [ 647/4000], runtime:  8.70s, train err*1e8:  0.0749 (best*1e8:  0.0742/ 0.0002)
>> epoch [ 648/4000], runtime:  8.69s, train err*1e8:  0.0745 (best*1e8:  0.0742/ 0.0002)
>> epoch [ 649/4000], runtime: 8.69s, train err *1e8: 0.0738, valid err*1e8: 0.0002 , test err*1e8: 0.0024
>> epoch [ 650/4000], runtime:  8.73s, train err*1e8:  0.0742 (best*1e8:  0.0738/ 0.0002)
>> epoch [ 651/4000], runtime:  8.73s, train err*1e8:  0.0740 (best*1e8:  0.0738/ 0.0002)
>> epoch [ 652/4000], runtime:  8.71s, train err*1e8:  0.0747 (best*1e8:  0.0738/ 0.0002)
>> epoch [ 653/4000], runtime:  8.69s, train err*1e8:  0.0750 (best*1e8:  0.0738/ 0.0002)
>> epoch [ 654/4000], runtime:  8.74s, train err*1e8:  0.0741 (best*1e8:  0.0738/ 0.0002)
>> epoch [ 655/4000], runtime:  8.70s, train err*1e8:  0.0734 (best*1e8:  0.0738/ 0.0002)
>> epoch [ 656/4000], runtime:  8.75s, train err*1e8:  0.0734 (best*1e8:  0.0738/ 0.0002)
>> epoch [ 657/4000], runtime:  8.69s, train err*1e8:  0.0739 (best*1e8:  0.0738/ 0.0002)
>> epoch [ 658/4000], runtime:  8.72s, train err*1e8:  0.0734 (best*1e8:  0.0738/ 0.0002)
>> epoch [ 659/4000], runtime:  8.71s, train err*1e8:  0.0734 (best*1e8:  0.0738/ 0.0002)
>> epoch [ 660/4000], runtime:  8.69s, train err*1e8:  0.0738 (best*1e8:  0.0738/ 0.0002)
>> epoch [ 661/4000], runtime: 8.73s, train err *1e8: 0.0735, valid err*1e8: 0.0002 , test err*1e8: 0.0025
>> epoch [ 662/4000], runtime:  8.70s, train err*1e8:  0.0739 (best*1e8:  0.0735/ 0.0002)
>> epoch [ 663/4000], runtime:  8.70s, train err*1e8:  0.0735 (best*1e8:  0.0735/ 0.0002)
>> epoch [ 664/4000], runtime:  8.71s, train err*1e8:  0.0741 (best*1e8:  0.0735/ 0.0002)
>> epoch [ 665/4000], runtime:  8.69s, train err*1e8:  0.0741 (best*1e8:  0.0735/ 0.0002)
>> epoch [ 666/4000], runtime:  8.68s, train err*1e8:  0.0736 (best*1e8:  0.0735/ 0.0002)
>> epoch [ 667/4000], runtime:  8.71s, train err*1e8:  0.0743 (best*1e8:  0.0735/ 0.0002)
>> epoch [ 668/4000], runtime:  8.74s, train err*1e8:  0.0740 (best*1e8:  0.0735/ 0.0002)
>> epoch [ 669/4000], runtime:  8.70s, train err*1e8:  0.0740 (best*1e8:  0.0735/ 0.0002)
>> epoch [ 670/4000], runtime:  8.74s, train err*1e8:  0.0734 (best*1e8:  0.0735/ 0.0002)
>> epoch [ 671/4000], runtime:  8.73s, train err*1e8:  0.0741 (best*1e8:  0.0735/ 0.0002)
>> epoch [ 672/4000], runtime:  8.73s, train err*1e8:  0.0734 (best*1e8:  0.0735/ 0.0002)
>> epoch [ 673/4000], runtime:  8.69s, train err*1e8:  0.0734 (best*1e8:  0.0735/ 0.0002)
>> epoch [ 674/4000], runtime: 8.72s, train err *1e8: 0.0732, valid err*1e8: 0.0002 , test err*1e8: 0.0025
>> epoch [ 675/4000], runtime:  8.71s, train err*1e8:  0.0735 (best*1e8:  0.0732/ 0.0002)
>> epoch [ 676/4000], runtime:  8.69s, train err*1e8:  0.0742 (best*1e8:  0.0732/ 0.0002)
>> epoch [ 677/4000], runtime:  8.71s, train err*1e8:  0.0743 (best*1e8:  0.0732/ 0.0002)
>> epoch [ 678/4000], runtime:  8.71s, train err*1e8:  0.0739 (best*1e8:  0.0732/ 0.0002)
>> epoch [ 679/4000], runtime:  8.72s, train err*1e8:  0.0734 (best*1e8:  0.0732/ 0.0002)
>> epoch [ 680/4000], runtime:  8.72s, train err*1e8:  0.0734 (best*1e8:  0.0732/ 0.0002)
>> epoch [ 681/4000], runtime:  8.70s, train err*1e8:  0.0733 (best*1e8:  0.0732/ 0.0002)
>> epoch [ 682/4000], runtime:  8.68s, train err*1e8:  0.0735 (best*1e8:  0.0732/ 0.0002)
>> epoch [ 683/4000], runtime:  8.68s, train err*1e8:  0.0733 (best*1e8:  0.0732/ 0.0002)
>> epoch [ 684/4000], runtime:  8.71s, train err*1e8:  0.0731 (best*1e8:  0.0732/ 0.0002)
>> epoch [ 685/4000], runtime:  8.72s, train err*1e8:  0.0731 (best*1e8:  0.0732/ 0.0002)
>> epoch [ 686/4000], runtime:  8.71s, train err*1e8:  0.0742 (best*1e8:  0.0732/ 0.0002)
>> epoch [ 687/4000], runtime:  8.69s, train err*1e8:  0.0736 (best*1e8:  0.0732/ 0.0002)
>> epoch [ 688/4000], runtime:  8.72s, train err*1e8:  0.0736 (best*1e8:  0.0732/ 0.0002)
>> epoch [ 689/4000], runtime:  8.72s, train err*1e8:  0.0735 (best*1e8:  0.0732/ 0.0002)
>> epoch [ 690/4000], runtime:  8.70s, train err*1e8:  0.0733 (best*1e8:  0.0732/ 0.0002)
>> epoch [ 691/4000], runtime:  8.73s, train err*1e8:  0.0732 (best*1e8:  0.0732/ 0.0002)
>> epoch [ 692/4000], runtime:  8.68s, train err*1e8:  0.0730 (best*1e8:  0.0732/ 0.0002)
>> epoch [ 693/4000], runtime:  8.73s, train err*1e8:  0.0730 (best*1e8:  0.0732/ 0.0002)
>> epoch [ 694/4000], runtime:  8.69s, train err*1e8:  0.0736 (best*1e8:  0.0732/ 0.0002)
>> epoch [ 695/4000], runtime:  8.72s, train err*1e8:  0.0732 (best*1e8:  0.0732/ 0.0002)
>> epoch [ 696/4000], runtime:  8.72s, train err*1e8:  0.0737 (best*1e8:  0.0732/ 0.0002)
>> epoch [ 697/4000], runtime:  8.73s, train err*1e8:  0.0734 (best*1e8:  0.0732/ 0.0002)
>> epoch [ 698/4000], runtime:  8.72s, train err*1e8:  0.0740 (best*1e8:  0.0732/ 0.0002)
>> epoch [ 699/4000], runtime:  8.72s, train err*1e8:  0.0736 (best*1e8:  0.0732/ 0.0002)
>> epoch [ 700/4000], runtime:  8.72s, train err*1e8:  0.0732 (best*1e8:  0.0732/ 0.0002)
>> epoch [ 701/4000], runtime:  8.73s, train err*1e8:  0.0729 (best*1e8:  0.0732/ 0.0002)
>> epoch [ 702/4000], runtime:  8.72s, train err*1e8:  0.0735 (best*1e8:  0.0732/ 0.0002)
>> epoch [ 703/4000], runtime:  8.70s, train err*1e8:  0.0730 (best*1e8:  0.0732/ 0.0002)
>> epoch [ 704/4000], runtime:  8.69s, train err*1e8:  0.0734 (best*1e8:  0.0732/ 0.0002)
>> epoch [ 705/4000], runtime:  8.73s, train err*1e8:  0.0733 (best*1e8:  0.0732/ 0.0002)
>> epoch [ 706/4000], runtime:  8.70s, train err*1e8:  0.0732 (best*1e8:  0.0732/ 0.0002)
>> epoch [ 707/4000], runtime:  8.70s, train err*1e8:  0.0727 (best*1e8:  0.0732/ 0.0002)
>> epoch [ 708/4000], runtime:  8.73s, train err*1e8:  0.0731 (best*1e8:  0.0732/ 0.0002)
>> epoch [ 709/4000], runtime:  8.70s, train err*1e8:  0.0737 (best*1e8:  0.0732/ 0.0002)
>> epoch [ 710/4000], runtime:  8.72s, train err*1e8:  0.0729 (best*1e8:  0.0732/ 0.0002)
>> epoch [ 711/4000], runtime:  8.72s, train err*1e8:  0.0727 (best*1e8:  0.0732/ 0.0002)
>> epoch [ 712/4000], runtime:  8.69s, train err*1e8:  0.0731 (best*1e8:  0.0732/ 0.0002)
>> epoch [ 713/4000], runtime:  8.69s, train err*1e8:  0.0729 (best*1e8:  0.0732/ 0.0002)
>> epoch [ 714/4000], runtime:  8.74s, train err*1e8:  0.0730 (best*1e8:  0.0732/ 0.0002)
>> epoch [ 715/4000], runtime:  8.68s, train err*1e8:  0.0733 (best*1e8:  0.0732/ 0.0002)
>> epoch [ 716/4000], runtime:  8.72s, train err*1e8:  0.0732 (best*1e8:  0.0732/ 0.0002)
>> epoch [ 717/4000], runtime:  8.71s, train err*1e8:  0.0728 (best*1e8:  0.0732/ 0.0002)
>> epoch [ 718/4000], runtime:  8.73s, train err*1e8:  0.0728 (best*1e8:  0.0732/ 0.0002)
>> epoch [ 719/4000], runtime:  8.74s, train err*1e8:  0.0726 (best*1e8:  0.0732/ 0.0002)
>> epoch [ 720/4000], runtime:  8.73s, train err*1e8:  0.0734 (best*1e8:  0.0732/ 0.0002)
>> epoch [ 721/4000], runtime:  8.73s, train err*1e8:  0.0728 (best*1e8:  0.0732/ 0.0002)
>> epoch [ 722/4000], runtime:  8.73s, train err*1e8:  0.0729 (best*1e8:  0.0732/ 0.0002)
>> epoch [ 723/4000], runtime:  8.76s, train err*1e8:  0.0728 (best*1e8:  0.0732/ 0.0002)
>> epoch [ 724/4000], runtime:  8.72s, train err*1e8:  0.0734 (best*1e8:  0.0732/ 0.0002)
>> epoch [ 725/4000], runtime:  8.76s, train err*1e8:  0.0729 (best*1e8:  0.0732/ 0.0002)
>> epoch [ 726/4000], runtime:  8.74s, train err*1e8:  0.0729 (best*1e8:  0.0732/ 0.0002)
>> epoch [ 727/4000], runtime:  8.75s, train err*1e8:  0.0727 (best*1e8:  0.0732/ 0.0002)
>> epoch [ 728/4000], runtime:  8.74s, train err*1e8:  0.0728 (best*1e8:  0.0732/ 0.0002)
>> epoch [ 729/4000], runtime:  8.75s, train err*1e8:  0.0731 (best*1e8:  0.0732/ 0.0002)
>> epoch [ 730/4000], runtime:  8.69s, train err*1e8:  0.0733 (best*1e8:  0.0732/ 0.0002)
>> epoch [ 731/4000], runtime: 8.71s, train err *1e8: 0.0728, valid err*1e8: 0.0002 , test err*1e8: 0.0024
>> epoch [ 732/4000], runtime:  8.75s, train err*1e8:  0.0730 (best*1e8:  0.0728/ 0.0002)
>> epoch [ 733/4000], runtime:  8.73s, train err*1e8:  0.0727 (best*1e8:  0.0728/ 0.0002)
>> epoch [ 734/4000], runtime:  8.76s, train err*1e8:  0.0729 (best*1e8:  0.0728/ 0.0002)
>> epoch [ 735/4000], runtime:  8.73s, train err*1e8:  0.0727 (best*1e8:  0.0728/ 0.0002)
>> epoch [ 736/4000], runtime:  8.77s, train err*1e8:  0.0730 (best*1e8:  0.0728/ 0.0002)
>> epoch [ 737/4000], runtime:  8.75s, train err*1e8:  0.0730 (best*1e8:  0.0728/ 0.0002)
>> epoch [ 738/4000], runtime:  8.74s, train err*1e8:  0.0724 (best*1e8:  0.0728/ 0.0002)
>> epoch [ 739/4000], runtime:  8.77s, train err*1e8:  0.0730 (best*1e8:  0.0728/ 0.0002)
>> epoch [ 740/4000], runtime:  8.71s, train err*1e8:  0.0727 (best*1e8:  0.0728/ 0.0002)
>> epoch [ 741/4000], runtime:  8.73s, train err*1e8:  0.0728 (best*1e8:  0.0728/ 0.0002)
>> epoch [ 742/4000], runtime:  8.74s, train err*1e8:  0.0730 (best*1e8:  0.0728/ 0.0002)
>> epoch [ 743/4000], runtime:  8.71s, train err*1e8:  0.0728 (best*1e8:  0.0728/ 0.0002)
>> epoch [ 744/4000], runtime:  8.70s, train err*1e8:  0.0731 (best*1e8:  0.0728/ 0.0002)
>> epoch [ 745/4000], runtime:  8.72s, train err*1e8:  0.0730 (best*1e8:  0.0728/ 0.0002)
>> epoch [ 746/4000], runtime:  8.74s, train err*1e8:  0.0731 (best*1e8:  0.0728/ 0.0002)
>> epoch [ 747/4000], runtime:  8.69s, train err*1e8:  0.0726 (best*1e8:  0.0728/ 0.0002)
>> epoch [ 748/4000], runtime:  8.72s, train err*1e8:  0.0725 (best*1e8:  0.0728/ 0.0002)
>> epoch [ 749/4000], runtime:  8.74s, train err*1e8:  0.0727 (best*1e8:  0.0728/ 0.0002)
>> epoch [ 750/4000], runtime: 8.73s, train err *1e8: 0.0727, valid err*1e8: 0.0002 , test err*1e8: 0.0023
>> epoch [ 751/4000], runtime:  8.75s, train err*1e8:  0.0727 (best*1e8:  0.0727/ 0.0002)
>> epoch [ 752/4000], runtime:  8.71s, train err*1e8:  0.0726 (best*1e8:  0.0727/ 0.0002)
>> epoch [ 753/4000], runtime:  8.73s, train err*1e8:  0.0727 (best*1e8:  0.0727/ 0.0002)
>> epoch [ 754/4000], runtime:  8.77s, train err*1e8:  0.0724 (best*1e8:  0.0727/ 0.0002)
>> epoch [ 755/4000], runtime:  8.76s, train err*1e8:  0.0724 (best*1e8:  0.0727/ 0.0002)
>> epoch [ 756/4000], runtime:  8.71s, train err*1e8:  0.0731 (best*1e8:  0.0727/ 0.0002)
>> epoch [ 757/4000], runtime:  8.77s, train err*1e8:  0.0727 (best*1e8:  0.0727/ 0.0002)
>> epoch [ 758/4000], runtime:  8.74s, train err*1e8:  0.0727 (best*1e8:  0.0727/ 0.0002)
>> epoch [ 759/4000], runtime:  8.72s, train err*1e8:  0.0729 (best*1e8:  0.0727/ 0.0002)
>> epoch [ 760/4000], runtime:  8.75s, train err*1e8:  0.0724 (best*1e8:  0.0727/ 0.0002)
>> epoch [ 761/4000], runtime:  8.74s, train err*1e8:  0.0726 (best*1e8:  0.0727/ 0.0002)
>> epoch [ 762/4000], runtime:  8.76s, train err*1e8:  0.0726 (best*1e8:  0.0727/ 0.0002)
>> epoch [ 763/4000], runtime:  8.73s, train err*1e8:  0.0724 (best*1e8:  0.0727/ 0.0002)
>> epoch [ 764/4000], runtime:  8.77s, train err*1e8:  0.0726 (best*1e8:  0.0727/ 0.0002)
>> epoch [ 765/4000], runtime:  8.73s, train err*1e8:  0.0724 (best*1e8:  0.0727/ 0.0002)
>> epoch [ 766/4000], runtime:  8.79s, train err*1e8:  0.0724 (best*1e8:  0.0727/ 0.0002)
>> epoch [ 767/4000], runtime:  8.75s, train err*1e8:  0.0726 (best*1e8:  0.0727/ 0.0002)
>> epoch [ 768/4000], runtime:  8.74s, train err*1e8:  0.0725 (best*1e8:  0.0727/ 0.0002)
>> epoch [ 769/4000], runtime:  8.70s, train err*1e8:  0.0728 (best*1e8:  0.0727/ 0.0002)
>> epoch [ 770/4000], runtime:  8.75s, train err*1e8:  0.0727 (best*1e8:  0.0727/ 0.0002)
>> epoch [ 771/4000], runtime:  8.70s, train err*1e8:  0.0725 (best*1e8:  0.0727/ 0.0002)
>> epoch [ 772/4000], runtime:  8.73s, train err*1e8:  0.0727 (best*1e8:  0.0727/ 0.0002)
>> epoch [ 773/4000], runtime:  8.76s, train err*1e8:  0.0726 (best*1e8:  0.0727/ 0.0002)
>> epoch [ 774/4000], runtime:  8.71s, train err*1e8:  0.0727 (best*1e8:  0.0727/ 0.0002)
>> epoch [ 775/4000], runtime:  8.73s, train err*1e8:  0.0732 (best*1e8:  0.0727/ 0.0002)
>> epoch [ 776/4000], runtime:  8.75s, train err*1e8:  0.0728 (best*1e8:  0.0727/ 0.0002)
>> epoch [ 777/4000], runtime:  8.70s, train err*1e8:  0.0723 (best*1e8:  0.0727/ 0.0002)
>> epoch [ 778/4000], runtime: 8.73s, train err *1e8: 0.0723, valid err*1e8: 0.0002 , test err*1e8: 0.0024
>> epoch [ 779/4000], runtime:  8.72s, train err*1e8:  0.0725 (best*1e8:  0.0723/ 0.0002)
>> epoch [ 780/4000], runtime:  8.76s, train err*1e8:  0.0727 (best*1e8:  0.0723/ 0.0002)
>> epoch [ 781/4000], runtime:  8.75s, train err*1e8:  0.0724 (best*1e8:  0.0723/ 0.0002)
>> epoch [ 782/4000], runtime:  8.75s, train err*1e8:  0.0725 (best*1e8:  0.0723/ 0.0002)
>> epoch [ 783/4000], runtime: 8.76s, train err *1e8: 0.0723, valid err*1e8: 0.0002 , test err*1e8: 0.0024
>> epoch [ 784/4000], runtime:  8.72s, train err*1e8:  0.0726 (best*1e8:  0.0723/ 0.0002)
>> epoch [ 785/4000], runtime:  8.76s, train err*1e8:  0.0724 (best*1e8:  0.0723/ 0.0002)
>> epoch [ 786/4000], runtime:  8.76s, train err*1e8:  0.0726 (best*1e8:  0.0723/ 0.0002)
>> epoch [ 787/4000], runtime:  8.78s, train err*1e8:  0.0725 (best*1e8:  0.0723/ 0.0002)
>> epoch [ 788/4000], runtime:  8.71s, train err*1e8:  0.0724 (best*1e8:  0.0723/ 0.0002)
>> epoch [ 789/4000], runtime:  8.74s, train err*1e8:  0.0723 (best*1e8:  0.0723/ 0.0002)
>> epoch [ 790/4000], runtime:  8.71s, train err*1e8:  0.0724 (best*1e8:  0.0723/ 0.0002)
>> epoch [ 791/4000], runtime:  8.69s, train err*1e8:  0.0724 (best*1e8:  0.0723/ 0.0002)
>> epoch [ 792/4000], runtime:  9.53s, train err*1e8:  0.0726 (best*1e8:  0.0723/ 0.0002)
>> epoch [ 793/4000], runtime:  10.09s, train err*1e8:  0.0725 (best*1e8:  0.0723/ 0.0002)
>> epoch [ 794/4000], runtime:  10.03s, train err*1e8:  0.0724 (best*1e8:  0.0723/ 0.0002)
>> epoch [ 795/4000], runtime:  10.04s, train err*1e8:  0.0722 (best*1e8:  0.0723/ 0.0002)
>> epoch [ 796/4000], runtime:  8.24s, train err*1e8:  0.0727 (best*1e8:  0.0723/ 0.0002)
>> epoch [ 797/4000], runtime:  7.99s, train err*1e8:  0.0722 (best*1e8:  0.0723/ 0.0002)
>> epoch [ 798/4000], runtime:  7.97s, train err*1e8:  0.0723 (best*1e8:  0.0723/ 0.0002)
>> epoch [ 799/4000], runtime:  7.98s, train err*1e8:  0.0724 (best*1e8:  0.0723/ 0.0002)
>> epoch [ 800/4000], runtime:  7.97s, train err*1e8:  0.0723 (best*1e8:  0.0723/ 0.0002)
>> epoch [ 801/4000], runtime:  7.98s, train err*1e8:  0.0725 (best*1e8:  0.0723/ 0.0002)
>> epoch [ 802/4000], runtime: 7.93s, train err *1e8: 0.0723, valid err*1e8: 0.0002 , test err*1e8: 0.0024
>> epoch [ 803/4000], runtime:  8.00s, train err*1e8:  0.0724 (best*1e8:  0.0723/ 0.0002)
>> epoch [ 804/4000], runtime:  7.99s, train err*1e8:  0.0727 (best*1e8:  0.0723/ 0.0002)
>> epoch [ 805/4000], runtime:  8.00s, train err*1e8:  0.0722 (best*1e8:  0.0723/ 0.0002)
>> epoch [ 806/4000], runtime:  7.93s, train err*1e8:  0.0724 (best*1e8:  0.0723/ 0.0002)
>> epoch [ 807/4000], runtime: 7.93s, train err *1e8: 0.0722, valid err*1e8: 0.0002 , test err*1e8: 0.0024
>> epoch [ 808/4000], runtime:  7.92s, train err*1e8:  0.0722 (best*1e8:  0.0722/ 0.0002)
>> epoch [ 809/4000], runtime:  7.94s, train err*1e8:  0.0723 (best*1e8:  0.0722/ 0.0002)
>> epoch [ 810/4000], runtime:  7.93s, train err*1e8:  0.0722 (best*1e8:  0.0722/ 0.0002)
>> epoch [ 811/4000], runtime:  7.93s, train err*1e8:  0.0723 (best*1e8:  0.0722/ 0.0002)
>> epoch [ 812/4000], runtime:  7.94s, train err*1e8:  0.0723 (best*1e8:  0.0722/ 0.0002)
>> epoch [ 813/4000], runtime:  7.95s, train err*1e8:  0.0723 (best*1e8:  0.0722/ 0.0002)
>> epoch [ 814/4000], runtime:  7.96s, train err*1e8:  0.0722 (best*1e8:  0.0722/ 0.0002)
>> epoch [ 815/4000], runtime:  7.95s, train err*1e8:  0.0722 (best*1e8:  0.0722/ 0.0002)
>> epoch [ 816/4000], runtime:  7.94s, train err*1e8:  0.0724 (best*1e8:  0.0722/ 0.0002)
>> epoch [ 817/4000], runtime:  7.95s, train err*1e8:  0.0723 (best*1e8:  0.0722/ 0.0002)
>> epoch [ 818/4000], runtime:  7.93s, train err*1e8:  0.0722 (best*1e8:  0.0722/ 0.0002)
>> epoch [ 819/4000], runtime:  7.95s, train err*1e8:  0.0723 (best*1e8:  0.0722/ 0.0002)
>> epoch [ 820/4000], runtime:  7.91s, train err*1e8:  0.0722 (best*1e8:  0.0722/ 0.0002)
>> epoch [ 821/4000], runtime:  7.95s, train err*1e8:  0.0722 (best*1e8:  0.0722/ 0.0002)
>> epoch [ 822/4000], runtime:  7.94s, train err*1e8:  0.0723 (best*1e8:  0.0722/ 0.0002)
>> epoch [ 823/4000], runtime:  7.94s, train err*1e8:  0.0723 (best*1e8:  0.0722/ 0.0002)
>> epoch [ 824/4000], runtime:  7.92s, train err*1e8:  0.0726 (best*1e8:  0.0722/ 0.0002)
>> epoch [ 825/4000], runtime:  7.97s, train err*1e8:  0.0723 (best*1e8:  0.0722/ 0.0002)
>> epoch [ 826/4000], runtime:  7.93s, train err*1e8:  0.0722 (best*1e8:  0.0722/ 0.0002)
>> epoch [ 827/4000], runtime:  7.98s, train err*1e8:  0.0725 (best*1e8:  0.0722/ 0.0002)
>> epoch [ 828/4000], runtime:  7.94s, train err*1e8:  0.0723 (best*1e8:  0.0722/ 0.0002)
>> epoch [ 829/4000], runtime:  7.95s, train err*1e8:  0.0722 (best*1e8:  0.0722/ 0.0002)
>> epoch [ 830/4000], runtime:  7.93s, train err*1e8:  0.0722 (best*1e8:  0.0722/ 0.0002)
>> epoch [ 831/4000], runtime:  7.95s, train err*1e8:  0.0725 (best*1e8:  0.0722/ 0.0002)
>> epoch [ 832/4000], runtime:  7.92s, train err*1e8:  0.0722 (best*1e8:  0.0722/ 0.0002)
>> epoch [ 833/4000], runtime: 7.94s, train err *1e8: 0.0722, valid err*1e8: 0.0002 , test err*1e8: 0.0024
>> epoch [ 834/4000], runtime:  7.95s, train err*1e8:  0.0722 (best*1e8:  0.0722/ 0.0002)
>> epoch [ 835/4000], runtime:  7.97s, train err*1e8:  0.0721 (best*1e8:  0.0722/ 0.0002)
>> epoch [ 836/4000], runtime:  7.95s, train err*1e8:  0.0721 (best*1e8:  0.0722/ 0.0002)
>> epoch [ 837/4000], runtime:  7.92s, train err*1e8:  0.0722 (best*1e8:  0.0722/ 0.0002)
>> epoch [ 838/4000], runtime:  7.97s, train err*1e8:  0.0721 (best*1e8:  0.0722/ 0.0002)
>> epoch [ 839/4000], runtime:  7.93s, train err*1e8:  0.0721 (best*1e8:  0.0722/ 0.0002)
>> epoch [ 840/4000], runtime:  7.97s, train err*1e8:  0.0724 (best*1e8:  0.0722/ 0.0002)
>> epoch [ 841/4000], runtime:  7.93s, train err*1e8:  0.0723 (best*1e8:  0.0722/ 0.0002)
>> epoch [ 842/4000], runtime: 7.92s, train err *1e8: 0.0722, valid err*1e8: 0.0002 , test err*1e8: 0.0023
>> epoch [ 843/4000], runtime:  7.92s, train err*1e8:  0.0722 (best*1e8:  0.0722/ 0.0002)
>> epoch [ 844/4000], runtime:  7.97s, train err*1e8:  0.0721 (best*1e8:  0.0722/ 0.0002)
>> epoch [ 845/4000], runtime:  7.98s, train err*1e8:  0.0721 (best*1e8:  0.0722/ 0.0002)
>> epoch [ 846/4000], runtime:  7.94s, train err*1e8:  0.0722 (best*1e8:  0.0722/ 0.0002)
>> epoch [ 847/4000], runtime:  7.96s, train err*1e8:  0.0722 (best*1e8:  0.0722/ 0.0002)
>> epoch [ 848/4000], runtime:  7.97s, train err*1e8:  0.0723 (best*1e8:  0.0722/ 0.0002)
>> epoch [ 849/4000], runtime:  7.95s, train err*1e8:  0.0721 (best*1e8:  0.0722/ 0.0002)
>> epoch [ 850/4000], runtime:  7.93s, train err*1e8:  0.0722 (best*1e8:  0.0722/ 0.0002)
>> epoch [ 851/4000], runtime: 7.95s, train err *1e8: 0.0721, valid err*1e8: 0.0002 , test err*1e8: 0.0024
>> epoch [ 852/4000], runtime:  7.92s, train err*1e8:  0.0722 (best*1e8:  0.0721/ 0.0002)
>> epoch [ 853/4000], runtime:  7.93s, train err*1e8:  0.0723 (best*1e8:  0.0721/ 0.0002)
>> epoch [ 854/4000], runtime:  7.94s, train err*1e8:  0.0721 (best*1e8:  0.0721/ 0.0002)
>> epoch [ 855/4000], runtime:  7.95s, train err*1e8:  0.0721 (best*1e8:  0.0721/ 0.0002)
>> epoch [ 856/4000], runtime:  7.92s, train err*1e8:  0.0722 (best*1e8:  0.0721/ 0.0002)
>> epoch [ 857/4000], runtime:  7.97s, train err*1e8:  0.0722 (best*1e8:  0.0721/ 0.0002)
>> epoch [ 858/4000], runtime:  7.92s, train err*1e8:  0.0721 (best*1e8:  0.0721/ 0.0002)
>> epoch [ 859/4000], runtime:  7.96s, train err*1e8:  0.0721 (best*1e8:  0.0721/ 0.0002)
>> epoch [ 860/4000], runtime:  7.92s, train err*1e8:  0.0721 (best*1e8:  0.0721/ 0.0002)
>> epoch [ 861/4000], runtime:  7.91s, train err*1e8:  0.0721 (best*1e8:  0.0721/ 0.0002)
>> epoch [ 862/4000], runtime:  7.94s, train err*1e8:  0.0721 (best*1e8:  0.0721/ 0.0002)
>> epoch [ 863/4000], runtime:  7.94s, train err*1e8:  0.0721 (best*1e8:  0.0721/ 0.0002)
>> epoch [ 864/4000], runtime:  7.92s, train err*1e8:  0.0721 (best*1e8:  0.0721/ 0.0002)
>> epoch [ 865/4000], runtime:  7.94s, train err*1e8:  0.0722 (best*1e8:  0.0721/ 0.0002)
>> epoch [ 866/4000], runtime:  7.96s, train err*1e8:  0.0722 (best*1e8:  0.0721/ 0.0002)
>> epoch [ 867/4000], runtime:  7.94s, train err*1e8:  0.0721 (best*1e8:  0.0721/ 0.0002)
>> epoch [ 868/4000], runtime:  7.93s, train err*1e8:  0.0720 (best*1e8:  0.0721/ 0.0002)
>> epoch [ 869/4000], runtime:  7.92s, train err*1e8:  0.0723 (best*1e8:  0.0721/ 0.0002)
>> epoch [ 870/4000], runtime:  7.95s, train err*1e8:  0.0721 (best*1e8:  0.0721/ 0.0002)
>> epoch [ 871/4000], runtime:  7.95s, train err*1e8:  0.0722 (best*1e8:  0.0721/ 0.0002)
>> epoch [ 872/4000], runtime:  7.92s, train err*1e8:  0.0721 (best*1e8:  0.0721/ 0.0002)
>> epoch [ 873/4000], runtime:  7.92s, train err*1e8:  0.0720 (best*1e8:  0.0721/ 0.0002)
>> epoch [ 874/4000], runtime:  7.98s, train err*1e8:  0.0720 (best*1e8:  0.0721/ 0.0002)
>> epoch [ 875/4000], runtime:  7.94s, train err*1e8:  0.0720 (best*1e8:  0.0721/ 0.0002)
>> epoch [ 876/4000], runtime:  7.97s, train err*1e8:  0.0721 (best*1e8:  0.0721/ 0.0002)
>> epoch [ 877/4000], runtime:  8.47s, train err*1e8:  0.0721 (best*1e8:  0.0721/ 0.0002)
>> epoch [ 878/4000], runtime:  8.71s, train err*1e8:  0.0721 (best*1e8:  0.0721/ 0.0002)
>> epoch [ 879/4000], runtime:  8.71s, train err*1e8:  0.0720 (best*1e8:  0.0721/ 0.0002)
>> epoch [ 880/4000], runtime:  8.70s, train err*1e8:  0.0722 (best*1e8:  0.0721/ 0.0002)
>> epoch [ 881/4000], runtime:  8.69s, train err*1e8:  0.0720 (best*1e8:  0.0721/ 0.0002)
>> epoch [ 882/4000], runtime:  8.68s, train err*1e8:  0.0721 (best*1e8:  0.0721/ 0.0002)
>> epoch [ 883/4000], runtime:  8.70s, train err*1e8:  0.0721 (best*1e8:  0.0721/ 0.0002)
>> epoch [ 884/4000], runtime: 8.72s, train err *1e8: 0.0720, valid err*1e8: 0.0002 , test err*1e8: 0.0023
>> epoch [ 885/4000], runtime: 8.69s, train err *1e8: 0.0720, valid err*1e8: 0.0002 , test err*1e8: 0.0024
>> epoch [ 886/4000], runtime:  8.71s, train err*1e8:  0.0720 (best*1e8:  0.0720/ 0.0002)
>> epoch [ 887/4000], runtime:  8.70s, train err*1e8:  0.0721 (best*1e8:  0.0720/ 0.0002)
>> epoch [ 888/4000], runtime:  8.71s, train err*1e8:  0.0721 (best*1e8:  0.0720/ 0.0002)
>> epoch [ 889/4000], runtime:  8.72s, train err*1e8:  0.0720 (best*1e8:  0.0720/ 0.0002)
>> epoch [ 890/4000], runtime:  8.69s, train err*1e8:  0.0720 (best*1e8:  0.0720/ 0.0002)
>> epoch [ 891/4000], runtime:  8.70s, train err*1e8:  0.0720 (best*1e8:  0.0720/ 0.0002)
>> epoch [ 892/4000], runtime:  8.73s, train err*1e8:  0.0720 (best*1e8:  0.0720/ 0.0002)
>> epoch [ 893/4000], runtime:  8.68s, train err*1e8:  0.0720 (best*1e8:  0.0720/ 0.0002)
>> epoch [ 894/4000], runtime:  8.71s, train err*1e8:  0.0720 (best*1e8:  0.0720/ 0.0002)
>> epoch [ 895/4000], runtime:  8.71s, train err*1e8:  0.0721 (best*1e8:  0.0720/ 0.0002)
>> epoch [ 896/4000], runtime:  8.70s, train err*1e8:  0.0721 (best*1e8:  0.0720/ 0.0002)
>> epoch [ 897/4000], runtime:  8.70s, train err*1e8:  0.0721 (best*1e8:  0.0720/ 0.0002)
>> epoch [ 898/4000], runtime:  8.69s, train err*1e8:  0.0721 (best*1e8:  0.0720/ 0.0002)
>> epoch [ 899/4000], runtime:  8.72s, train err*1e8:  0.0721 (best*1e8:  0.0720/ 0.0002)
>> epoch [ 900/4000], runtime:  8.70s, train err*1e8:  0.0720 (best*1e8:  0.0720/ 0.0002)
>> epoch [ 901/4000], runtime:  8.71s, train err*1e8:  0.0720 (best*1e8:  0.0720/ 0.0002)
>> epoch [ 902/4000], runtime:  8.68s, train err*1e8:  0.0720 (best*1e8:  0.0720/ 0.0002)
>> epoch [ 903/4000], runtime:  8.68s, train err*1e8:  0.0720 (best*1e8:  0.0720/ 0.0002)
>> epoch [ 904/4000], runtime:  8.72s, train err*1e8:  0.0723 (best*1e8:  0.0720/ 0.0002)
>> epoch [ 905/4000], runtime:  8.71s, train err*1e8:  0.0720 (best*1e8:  0.0720/ 0.0002)
>> epoch [ 906/4000], runtime:  8.71s, train err*1e8:  0.0720 (best*1e8:  0.0720/ 0.0002)
>> epoch [ 907/4000], runtime:  8.71s, train err*1e8:  0.0721 (best*1e8:  0.0720/ 0.0002)
>> epoch [ 908/4000], runtime:  8.70s, train err*1e8:  0.0722 (best*1e8:  0.0720/ 0.0002)
>> epoch [ 909/4000], runtime:  8.68s, train err*1e8:  0.0720 (best*1e8:  0.0720/ 0.0002)
>> epoch [ 910/4000], runtime:  8.73s, train err*1e8:  0.0720 (best*1e8:  0.0720/ 0.0002)
>> epoch [ 911/4000], runtime:  8.73s, train err*1e8:  0.0720 (best*1e8:  0.0720/ 0.0002)
>> epoch [ 912/4000], runtime:  8.66s, train err*1e8:  0.0720 (best*1e8:  0.0720/ 0.0002)
>> epoch [ 913/4000], runtime:  8.71s, train err*1e8:  0.0720 (best*1e8:  0.0720/ 0.0002)
>> epoch [ 914/4000], runtime:  8.71s, train err*1e8:  0.0720 (best*1e8:  0.0720/ 0.0002)
>> epoch [ 915/4000], runtime:  8.73s, train err*1e8:  0.0719 (best*1e8:  0.0720/ 0.0002)
>> epoch [ 916/4000], runtime:  8.69s, train err*1e8:  0.0720 (best*1e8:  0.0720/ 0.0002)
>> epoch [ 917/4000], runtime:  8.71s, train err*1e8:  0.0720 (best*1e8:  0.0720/ 0.0002)
>> epoch [ 918/4000], runtime:  8.74s, train err*1e8:  0.0719 (best*1e8:  0.0720/ 0.0002)
>> epoch [ 919/4000], runtime:  8.72s, train err*1e8:  0.0720 (best*1e8:  0.0720/ 0.0002)
>> epoch [ 920/4000], runtime:  8.70s, train err*1e8:  0.0720 (best*1e8:  0.0720/ 0.0002)
>> epoch [ 921/4000], runtime:  8.71s, train err*1e8:  0.0720 (best*1e8:  0.0720/ 0.0002)
>> epoch [ 922/4000], runtime:  8.70s, train err*1e8:  0.0720 (best*1e8:  0.0720/ 0.0002)
>> epoch [ 923/4000], runtime:  8.72s, train err*1e8:  0.0721 (best*1e8:  0.0720/ 0.0002)
>> epoch [ 924/4000], runtime:  8.69s, train err*1e8:  0.0720 (best*1e8:  0.0720/ 0.0002)
>> epoch [ 925/4000], runtime:  8.70s, train err*1e8:  0.0720 (best*1e8:  0.0720/ 0.0002)
>> epoch [ 926/4000], runtime:  8.69s, train err*1e8:  0.0720 (best*1e8:  0.0720/ 0.0002)
>> epoch [ 927/4000], runtime:  8.74s, train err*1e8:  0.0719 (best*1e8:  0.0720/ 0.0002)
>> epoch [ 928/4000], runtime:  8.71s, train err*1e8:  0.0720 (best*1e8:  0.0720/ 0.0002)
>> epoch [ 929/4000], runtime:  8.71s, train err*1e8:  0.0721 (best*1e8:  0.0720/ 0.0002)
>> epoch [ 930/4000], runtime: 8.71s, train err *1e8: 0.0720, valid err*1e8: 0.0002 , test err*1e8: 0.0024
>> epoch [ 931/4000], runtime:  8.68s, train err*1e8:  0.0720 (best*1e8:  0.0720/ 0.0002)
>> epoch [ 932/4000], runtime:  8.68s, train err*1e8:  0.0719 (best*1e8:  0.0720/ 0.0002)
>> epoch [ 933/4000], runtime:  8.75s, train err*1e8:  0.0720 (best*1e8:  0.0720/ 0.0002)
>> epoch [ 934/4000], runtime:  8.71s, train err*1e8:  0.0720 (best*1e8:  0.0720/ 0.0002)
>> epoch [ 935/4000], runtime:  8.73s, train err*1e8:  0.0719 (best*1e8:  0.0720/ 0.0002)
>> epoch [ 936/4000], runtime:  8.70s, train err*1e8:  0.0719 (best*1e8:  0.0720/ 0.0002)
>> epoch [ 937/4000], runtime:  8.74s, train err*1e8:  0.0719 (best*1e8:  0.0720/ 0.0002)
>> epoch [ 938/4000], runtime: 8.68s, train err *1e8: 0.0719, valid err*1e8: 0.0002 , test err*1e8: 0.0024
>> epoch [ 939/4000], runtime:  8.74s, train err*1e8:  0.0719 (best*1e8:  0.0719/ 0.0002)
>> epoch [ 940/4000], runtime:  8.73s, train err*1e8:  0.0720 (best*1e8:  0.0719/ 0.0002)
>> epoch [ 941/4000], runtime:  8.67s, train err*1e8:  0.0720 (best*1e8:  0.0719/ 0.0002)
>> epoch [ 942/4000], runtime:  8.69s, train err*1e8:  0.0720 (best*1e8:  0.0719/ 0.0002)
>> epoch [ 943/4000], runtime:  8.74s, train err*1e8:  0.0719 (best*1e8:  0.0719/ 0.0002)
>> epoch [ 944/4000], runtime:  8.71s, train err*1e8:  0.0719 (best*1e8:  0.0719/ 0.0002)
>> epoch [ 945/4000], runtime:  8.72s, train err*1e8:  0.0719 (best*1e8:  0.0719/ 0.0002)
>> epoch [ 946/4000], runtime:  8.72s, train err*1e8:  0.0720 (best*1e8:  0.0719/ 0.0002)
>> epoch [ 947/4000], runtime:  8.71s, train err*1e8:  0.0719 (best*1e8:  0.0719/ 0.0002)
>> epoch [ 948/4000], runtime:  8.72s, train err*1e8:  0.0720 (best*1e8:  0.0719/ 0.0002)
>> epoch [ 949/4000], runtime:  8.72s, train err*1e8:  0.0719 (best*1e8:  0.0719/ 0.0002)
>> epoch [ 950/4000], runtime:  8.69s, train err*1e8:  0.0719 (best*1e8:  0.0719/ 0.0002)
>> epoch [ 951/4000], runtime:  8.70s, train err*1e8:  0.0719 (best*1e8:  0.0719/ 0.0002)
>> epoch [ 952/4000], runtime:  8.72s, train err*1e8:  0.0720 (best*1e8:  0.0719/ 0.0002)
>> epoch [ 953/4000], runtime:  8.71s, train err*1e8:  0.0719 (best*1e8:  0.0719/ 0.0002)
>> epoch [ 954/4000], runtime:  8.73s, train err*1e8:  0.0719 (best*1e8:  0.0719/ 0.0002)
>> epoch [ 955/4000], runtime:  8.70s, train err*1e8:  0.0719 (best*1e8:  0.0719/ 0.0002)
>> epoch [ 956/4000], runtime:  8.71s, train err*1e8:  0.0719 (best*1e8:  0.0719/ 0.0002)
>> epoch [ 957/4000], runtime:  8.72s, train err*1e8:  0.0719 (best*1e8:  0.0719/ 0.0002)
>> epoch [ 958/4000], runtime:  8.71s, train err*1e8:  0.0719 (best*1e8:  0.0719/ 0.0002)
>> epoch [ 959/4000], runtime:  8.73s, train err*1e8:  0.0719 (best*1e8:  0.0719/ 0.0002)
>> epoch [ 960/4000], runtime:  8.67s, train err*1e8:  0.0719 (best*1e8:  0.0719/ 0.0002)
>> epoch [ 961/4000], runtime:  8.71s, train err*1e8:  0.0719 (best*1e8:  0.0719/ 0.0002)
>> epoch [ 962/4000], runtime:  8.71s, train err*1e8:  0.0719 (best*1e8:  0.0719/ 0.0002)
>> epoch [ 963/4000], runtime:  8.71s, train err*1e8:  0.0719 (best*1e8:  0.0719/ 0.0002)
>> epoch [ 964/4000], runtime:  8.70s, train err*1e8:  0.0721 (best*1e8:  0.0719/ 0.0002)
>> epoch [ 965/4000], runtime:  8.73s, train err*1e8:  0.0720 (best*1e8:  0.0719/ 0.0002)
>> epoch [ 966/4000], runtime:  8.71s, train err*1e8:  0.0719 (best*1e8:  0.0719/ 0.0002)
>> epoch [ 967/4000], runtime:  8.74s, train err*1e8:  0.0719 (best*1e8:  0.0719/ 0.0002)
>> epoch [ 968/4000], runtime:  8.72s, train err*1e8:  0.0719 (best*1e8:  0.0719/ 0.0002)
>> epoch [ 969/4000], runtime:  8.70s, train err*1e8:  0.0719 (best*1e8:  0.0719/ 0.0002)
>> epoch [ 970/4000], runtime:  8.73s, train err*1e8:  0.0719 (best*1e8:  0.0719/ 0.0002)
>> epoch [ 971/4000], runtime:  8.73s, train err*1e8:  0.0719 (best*1e8:  0.0719/ 0.0002)
>> epoch [ 972/4000], runtime:  8.73s, train err*1e8:  0.0719 (best*1e8:  0.0719/ 0.0002)
>> epoch [ 973/4000], runtime:  8.71s, train err*1e8:  0.0719 (best*1e8:  0.0719/ 0.0002)
>> epoch [ 974/4000], runtime:  8.72s, train err*1e8:  0.0719 (best*1e8:  0.0719/ 0.0002)
>> epoch [ 975/4000], runtime:  8.73s, train err*1e8:  0.0719 (best*1e8:  0.0719/ 0.0002)
>> epoch [ 976/4000], runtime:  8.73s, train err*1e8:  0.0719 (best*1e8:  0.0719/ 0.0002)
>> epoch [ 977/4000], runtime: 8.69s, train err *1e8: 0.0719, valid err*1e8: 0.0002 , test err*1e8: 0.0024
>> epoch [ 978/4000], runtime: 8.73s, train err *1e8: 0.0719, valid err*1e8: 0.0002 , test err*1e8: 0.0023
>> epoch [ 979/4000], runtime:  8.73s, train err*1e8:  0.0719 (best*1e8:  0.0719/ 0.0002)
>> epoch [ 980/4000], runtime:  8.76s, train err*1e8:  0.0719 (best*1e8:  0.0719/ 0.0002)
>> epoch [ 981/4000], runtime:  8.69s, train err*1e8:  0.0719 (best*1e8:  0.0719/ 0.0002)
>> epoch [ 982/4000], runtime:  8.71s, train err*1e8:  0.0719 (best*1e8:  0.0719/ 0.0002)
>> epoch [ 983/4000], runtime:  8.70s, train err*1e8:  0.0719 (best*1e8:  0.0719/ 0.0002)
>> epoch [ 984/4000], runtime:  8.70s, train err*1e8:  0.0719 (best*1e8:  0.0719/ 0.0002)
>> epoch [ 985/4000], runtime:  8.72s, train err*1e8:  0.0719 (best*1e8:  0.0719/ 0.0002)
>> epoch [ 986/4000], runtime:  8.69s, train err*1e8:  0.0719 (best*1e8:  0.0719/ 0.0002)
>> epoch [ 987/4000], runtime:  8.69s, train err*1e8:  0.0719 (best*1e8:  0.0719/ 0.0002)
>> epoch [ 988/4000], runtime:  8.70s, train err*1e8:  0.0719 (best*1e8:  0.0719/ 0.0002)
>> epoch [ 989/4000], runtime:  8.72s, train err*1e8:  0.0719 (best*1e8:  0.0719/ 0.0002)
>> epoch [ 990/4000], runtime:  8.73s, train err*1e8:  0.0719 (best*1e8:  0.0719/ 0.0002)
>> epoch [ 991/4000], runtime:  8.72s, train err*1e8:  0.0719 (best*1e8:  0.0719/ 0.0002)
>> epoch [ 992/4000], runtime:  8.73s, train err*1e8:  0.0719 (best*1e8:  0.0719/ 0.0002)
>> epoch [ 993/4000], runtime:  8.73s, train err*1e8:  0.0719 (best*1e8:  0.0719/ 0.0002)
>> epoch [ 994/4000], runtime:  8.69s, train err*1e8:  0.0719 (best*1e8:  0.0719/ 0.0002)
>> epoch [ 995/4000], runtime:  8.73s, train err*1e8:  0.0719 (best*1e8:  0.0719/ 0.0002)
>> epoch [ 996/4000], runtime:  8.70s, train err*1e8:  0.0719 (best*1e8:  0.0719/ 0.0002)
>> epoch [ 997/4000], runtime:  8.68s, train err*1e8:  0.0719 (best*1e8:  0.0719/ 0.0002)
>> epoch [ 998/4000], runtime:  8.71s, train err*1e8:  0.0719 (best*1e8:  0.0719/ 0.0002)
>> epoch [ 999/4000], runtime:  8.71s, train err*1e8:  0.0719 (best*1e8:  0.0719/ 0.0002)
