0.000000000000000000e+00 4.533841774861017693e-01
1.000000000000000000e+00 5.596029112736384398e-02
2.000000000000000000e+00 4.298376619815826721e-02
3.000000000000000000e+00 3.396302272876104006e-02
4.000000000000000000e+00 2.193307807048161875e-02
5.000000000000000000e+00 1.971337894598642823e-02
6.000000000000000000e+00 2.019018669923146672e-02
7.000000000000000000e+00 1.967568809787432343e-02
8.000000000000000000e+00 1.996818383534749303e-02
9.000000000000000000e+00 1.949255257844925010e-02
1.000000000000000000e+01 1.917665784557660499e-02
1.100000000000000000e+01 1.924986476699511173e-02
1.200000000000000000e+01 1.897199422121047946e-02
1.300000000000000000e+01 1.883766502141952584e-02
1.400000000000000000e+01 1.909108668565749969e-02
1.500000000000000000e+01 1.884638130664825426e-02
1.600000000000000000e+01 2.005465080340703213e-02
1.700000000000000000e+01 1.984576414028803651e-02
1.800000000000000000e+01 1.828421786427497989e-02
1.900000000000000000e+01 1.808166697621345353e-02
2.000000000000000000e+01 1.744694660107294626e-02
2.100000000000000000e+01 1.807445123791694488e-02
2.200000000000000000e+01 1.714069426059722928e-02
2.300000000000000000e+01 1.712823251883188735e-02
2.400000000000000000e+01 1.664916805922984910e-02
2.500000000000000000e+01 1.608785122632980236e-02
2.600000000000000000e+01 1.685006710390249754e-02
2.700000000000000000e+01 1.628340398271878667e-02
2.800000000000000000e+01 1.465524176756540994e-02
2.900000000000000000e+01 1.555740597347418479e-02
3.000000000000000000e+01 1.416342494388421296e-02
3.100000000000000000e+01 1.367916084825992508e-02
3.200000000000000000e+01 1.383233199516932174e-02
3.300000000000000000e+01 1.201110792656739576e-02
3.400000000000000000e+01 1.163672775030136046e-02
3.500000000000000000e+01 1.081990092992782607e-02
3.600000000000000000e+01 1.044392776985963132e-02
3.700000000000000000e+01 1.049422383308410561e-02
3.800000000000000000e+01 9.061627636353174198e-03
3.900000000000000000e+01 8.036862326165039941e-03
4.000000000000000000e+01 7.248854537804921144e-03
4.100000000000000000e+01 6.631280245880285563e-03
4.200000000000000000e+01 6.204817593097686906e-03
4.300000000000000000e+01 5.722528807818889202e-03
4.400000000000000000e+01 5.104953801880279807e-03
4.500000000000000000e+01 4.123968146741390298e-03
4.600000000000000000e+01 3.620213524748881664e-03
4.700000000000000000e+01 3.017000854015350342e-03
4.800000000000000000e+01 2.754586686690648194e-03
4.900000000000000000e+01 2.488096157709757551e-03
5.000000000000000000e+01 1.908213117470343965e-03
5.100000000000000000e+01 1.635485884423057250e-03
5.200000000000000000e+01 1.400413536466658081e-03
5.300000000000000000e+01 1.233160539219776758e-03
5.400000000000000000e+01 1.242794042142728950e-03
5.500000000000000000e+01 9.627429186366498687e-04
5.600000000000000000e+01 9.419143324096997767e-04
5.700000000000000000e+01 7.686099472145238977e-04
5.800000000000000000e+01 6.143169186543673711e-04
5.900000000000000000e+01 6.106469632747272983e-04
6.000000000000000000e+01 5.265683634206652424e-04
6.100000000000000000e+01 5.323537458510448290e-04
6.200000000000000000e+01 5.497274105437099934e-04
6.300000000000000000e+01 4.356118908617645394e-04
6.400000000000000000e+01 4.291880986420437498e-04
6.500000000000000000e+01 3.610498223376150005e-04
6.600000000000000000e+01 4.302053873349601858e-04
6.700000000000000000e+01 3.537632309598848375e-04
6.800000000000000000e+01 3.280180114476630919e-04
6.900000000000000000e+01 2.820212704439957864e-04
7.000000000000000000e+01 2.905050133510182460e-04
7.100000000000000000e+01 2.952275279676541448e-04
7.200000000000000000e+01 3.645603832167883728e-04
7.300000000000000000e+01 2.588692099864904942e-04
7.400000000000000000e+01 2.622219863890980413e-04
7.500000000000000000e+01 3.343766134154672366e-04
7.600000000000000000e+01 2.347022223208720428e-04
7.700000000000000000e+01 2.417982307573159431e-04
7.800000000000000000e+01 2.194564527599140947e-04
7.900000000000000000e+01 2.854657132411375837e-04
8.000000000000000000e+01 2.053577919529440390e-04
8.100000000000000000e+01 2.570164882733176051e-04
8.200000000000000000e+01 2.199924281255031654e-04
8.300000000000000000e+01 1.893148691548655351e-04
8.400000000000000000e+01 1.920999891202275825e-04
8.500000000000000000e+01 2.358136669499799718e-04
8.600000000000000000e+01 1.763541819915796424e-04
8.700000000000000000e+01 1.887732897497092688e-04
8.800000000000000000e+01 2.216097700875252409e-04
8.900000000000000000e+01 1.668864448826449522e-04
9.000000000000000000e+01 1.769760771033664646e-04
9.100000000000000000e+01 1.949081209022551786e-04
9.200000000000000000e+01 1.696277604787610395e-04
9.300000000000000000e+01 1.510294258090046538e-04
9.400000000000000000e+01 1.353930202700818466e-04
9.500000000000000000e+01 1.255403415901431283e-04
9.600000000000000000e+01 1.335868404809540852e-04
9.700000000000000000e+01 1.329254162556026239e-04
9.800000000000000000e+01 1.316317737412949396e-04
9.900000000000000000e+01 1.508951314705579217e-04
1.000000000000000000e+02 1.354582902179875844e-04
1.010000000000000000e+02 1.242122553230728878e-04
1.020000000000000000e+02 1.100864740146789651e-04
1.030000000000000000e+02 1.159912283765152032e-04
1.040000000000000000e+02 1.305883183764914614e-04
1.050000000000000000e+02 1.127432251329688956e-04
1.060000000000000000e+02 1.133587898705930801e-04
1.070000000000000000e+02 1.054039371956605486e-04
1.080000000000000000e+02 1.017393063618025407e-04
1.090000000000000000e+02 1.082089698563019496e-04
1.100000000000000000e+02 9.071059806349997267e-05
1.110000000000000000e+02 9.737704696211342396e-05
1.120000000000000000e+02 1.074400543196437279e-04
1.130000000000000000e+02 9.385181537557704061e-05
1.140000000000000000e+02 1.001419205567799492e-04
1.150000000000000000e+02 7.880726739434370674e-05
1.160000000000000000e+02 8.229782802421444930e-05
1.170000000000000000e+02 9.269653162239895657e-05
1.180000000000000000e+02 9.128757451738541578e-05
1.190000000000000000e+02 9.380641192061982259e-05
1.200000000000000000e+02 7.656326328287831951e-05
1.210000000000000000e+02 8.982650399654327437e-05
1.220000000000000000e+02 9.995777880249079154e-05
1.230000000000000000e+02 8.616192314851408348e-05
1.240000000000000000e+02 6.940636800815506980e-05
1.250000000000000000e+02 9.960948145211053427e-05
1.260000000000000000e+02 7.830430658941622281e-05
1.270000000000000000e+02 7.567124841443728276e-05
1.280000000000000000e+02 6.766055049714244480e-05
1.290000000000000000e+02 7.933532324386761135e-05
1.300000000000000000e+02 5.830754814572476966e-05
1.310000000000000000e+02 1.011953760462347423e-04
1.320000000000000000e+02 7.450656225652589170e-05
1.330000000000000000e+02 1.340358681530536369e-04
1.340000000000000000e+02 8.375786327330085753e-05
1.350000000000000000e+02 7.633275990277373579e-05
1.360000000000000000e+02 6.776081358111696101e-05
1.370000000000000000e+02 7.281861026664652244e-05
1.380000000000000000e+02 6.415167270461097197e-05
1.390000000000000000e+02 6.000626998381145856e-05
1.400000000000000000e+02 6.273811462354690898e-05
1.410000000000000000e+02 7.516635145293548486e-05
1.420000000000000000e+02 7.110189304512459459e-05
1.430000000000000000e+02 6.497846414276863946e-05
1.440000000000000000e+02 5.827221210590020651e-05
1.450000000000000000e+02 5.299284347226299903e-05
1.460000000000000000e+02 8.480969103402457914e-05
1.470000000000000000e+02 6.942483997894062899e-05
1.480000000000000000e+02 7.636689379675468744e-05
1.490000000000000000e+02 6.584794130806889397e-05
1.500000000000000000e+02 5.663097252787944758e-05
1.510000000000000000e+02 7.570819656393723346e-05
1.520000000000000000e+02 5.564851419573339585e-05
1.530000000000000000e+02 5.389301848481408954e-05
1.540000000000000000e+02 5.047629533995253597e-05
1.550000000000000000e+02 4.704309598309919157e-05
1.560000000000000000e+02 8.561190115869976309e-05
1.570000000000000000e+02 4.889861772729394346e-05
1.580000000000000000e+02 6.624552249074137369e-05
1.590000000000000000e+02 5.036346935715603826e-05
1.600000000000000000e+02 5.903046711561425080e-05
1.610000000000000000e+02 6.528125001447430682e-05
1.620000000000000000e+02 4.310379423259291879e-05
1.630000000000000000e+02 4.717120003382054152e-05
1.640000000000000000e+02 5.920970250978522289e-05
1.650000000000000000e+02 4.516955662741869158e-05
1.660000000000000000e+02 5.256793794008748184e-05
1.670000000000000000e+02 6.661777327584179908e-05
1.680000000000000000e+02 4.391072042684148548e-05
1.690000000000000000e+02 4.894534534590396635e-05
1.700000000000000000e+02 4.798057797112657044e-05
1.710000000000000000e+02 5.010167623064868710e-05
1.720000000000000000e+02 5.351387908982966544e-05
1.730000000000000000e+02 4.636204127261104864e-05
1.740000000000000000e+02 4.203991559431111781e-05
1.750000000000000000e+02 4.476864405053978337e-05
1.760000000000000000e+02 5.897353980496215613e-05
1.770000000000000000e+02 4.662887566761734386e-05
1.780000000000000000e+02 5.964105421298882128e-05
1.790000000000000000e+02 7.347103775828144794e-05
1.800000000000000000e+02 4.232960955656987268e-05
1.810000000000000000e+02 4.895713039635059689e-05
1.820000000000000000e+02 4.477515307371504388e-05
1.830000000000000000e+02 4.120736015465809087e-05
1.840000000000000000e+02 4.322146464498170224e-05
1.850000000000000000e+02 9.529670064997238399e-05
1.860000000000000000e+02 8.216181962779956535e-05
1.870000000000000000e+02 4.671337354617813889e-05
1.880000000000000000e+02 3.998477547914565589e-05
1.890000000000000000e+02 4.594427174500500361e-05
1.900000000000000000e+02 6.269591581561447414e-05
1.910000000000000000e+02 3.673924385414769180e-05
1.920000000000000000e+02 3.936855240074995239e-05
1.930000000000000000e+02 5.976262986223445988e-05
1.940000000000000000e+02 4.132029709580819810e-05
1.950000000000000000e+02 3.934425381885376044e-05
1.960000000000000000e+02 4.143758770320952659e-05
1.970000000000000000e+02 4.169747837295290110e-05
1.980000000000000000e+02 4.210125075284547151e-05
1.990000000000000000e+02 5.003015019610757252e-05
2.000000000000000000e+02 4.096813560560501051e-05
2.010000000000000000e+02 4.828405697480775253e-05
2.020000000000000000e+02 4.131061314789500808e-05
2.030000000000000000e+02 3.831067231658380452e-05
2.040000000000000000e+02 5.151145608882264228e-05
2.050000000000000000e+02 4.199296290607890114e-05
2.060000000000000000e+02 4.312264791224151579e-05
2.070000000000000000e+02 5.514738878749388373e-05
2.080000000000000000e+02 3.492450095412398764e-05
2.090000000000000000e+02 3.984627410924682707e-05
2.100000000000000000e+02 4.684171643020818254e-05
2.110000000000000000e+02 3.468129752339639776e-05
2.120000000000000000e+02 3.491982761867499699e-05
2.130000000000000000e+02 5.941865956022714611e-05
2.140000000000000000e+02 4.079773617074048596e-05
2.150000000000000000e+02 6.044567776067803321e-05
2.160000000000000000e+02 3.885305371416810505e-05
2.170000000000000000e+02 3.880981865222566074e-05
2.180000000000000000e+02 3.693306311712755258e-05
2.190000000000000000e+02 2.937998669949593022e-05
2.200000000000000000e+02 6.001588631382522330e-05
2.210000000000000000e+02 3.826657783065457005e-05
2.220000000000000000e+02 3.550021857032940647e-05
2.230000000000000000e+02 5.235545305671015197e-05
2.240000000000000000e+02 3.739856633425612642e-05
2.250000000000000000e+02 5.825670636113500141e-05
2.260000000000000000e+02 3.531983003388935007e-05
2.270000000000000000e+02 3.125446432629056778e-05
2.280000000000000000e+02 4.494711417161548905e-05
2.290000000000000000e+02 3.596548896894091767e-05
2.300000000000000000e+02 5.079934497189242095e-05
2.310000000000000000e+02 3.620460106806907028e-05
2.320000000000000000e+02 4.377067341314007983e-05
2.330000000000000000e+02 3.373964392570390604e-05
2.340000000000000000e+02 5.236552526184823527e-05
2.350000000000000000e+02 4.194792323687579429e-05
2.360000000000000000e+02 3.771493561847212746e-05
2.370000000000000000e+02 3.280689413562261548e-05
2.380000000000000000e+02 4.103808581324604470e-05
2.390000000000000000e+02 4.104347764950944273e-05
2.400000000000000000e+02 3.428978073012937337e-05
2.410000000000000000e+02 3.096962164515086374e-05
2.420000000000000000e+02 4.532085166526181910e-05
2.430000000000000000e+02 3.020153515535639436e-05
2.440000000000000000e+02 4.086258315510349375e-05
2.450000000000000000e+02 3.463022153785762398e-05
2.460000000000000000e+02 4.313662457813431027e-05
2.470000000000000000e+02 4.256096427222170791e-05
2.480000000000000000e+02 3.183697761414805265e-05
2.490000000000000000e+02 3.612337357481010367e-05
2.500000000000000000e+02 3.573754385191326539e-05
2.510000000000000000e+02 3.500180058229792333e-05
2.520000000000000000e+02 3.067070555213528041e-05
2.530000000000000000e+02 3.737692696934876270e-05
2.540000000000000000e+02 3.406428108670904144e-05
2.550000000000000000e+02 3.401658194585858199e-05
2.560000000000000000e+02 3.349174014147138115e-05
2.570000000000000000e+02 4.349857437773607698e-05
2.580000000000000000e+02 3.228544838445183474e-05
2.590000000000000000e+02 3.090727910603163574e-05
2.600000000000000000e+02 2.595998304362486558e-05
2.610000000000000000e+02 4.002796376880724119e-05
2.620000000000000000e+02 4.288176737948863924e-05
2.630000000000000000e+02 3.399978093511890322e-05
2.640000000000000000e+02 3.897517606674227972e-05
2.650000000000000000e+02 3.867609949035492650e-05
2.660000000000000000e+02 2.868793613743036931e-05
2.670000000000000000e+02 3.403519822313683379e-05
2.680000000000000000e+02 4.415594026795588244e-05
2.690000000000000000e+02 4.644193841765324103e-05
2.700000000000000000e+02 3.081773560552392209e-05
2.710000000000000000e+02 3.148998546142441405e-05
2.720000000000000000e+02 2.594784666143823510e-05
2.730000000000000000e+02 3.066614448471227444e-05
2.740000000000000000e+02 3.552330997384463892e-05
2.750000000000000000e+02 3.261249400869322464e-05
2.760000000000000000e+02 2.905214252677978907e-05
2.770000000000000000e+02 3.146282121936868264e-05
2.780000000000000000e+02 3.020988139420903023e-05
2.790000000000000000e+02 3.349961800267920196e-05
2.800000000000000000e+02 3.280363221468481663e-05
2.810000000000000000e+02 3.141510630181679897e-05
2.820000000000000000e+02 2.665905184888591270e-05
2.830000000000000000e+02 3.111713215427395433e-05
2.840000000000000000e+02 3.488098028659199738e-05
2.850000000000000000e+02 3.751003550860332596e-05
2.860000000000000000e+02 2.957274459428542001e-05
2.870000000000000000e+02 3.135912490203433540e-05
2.880000000000000000e+02 2.803150685698104492e-05
2.890000000000000000e+02 3.268183167771591377e-05
2.900000000000000000e+02 3.828353881544899033e-05
2.910000000000000000e+02 2.769476794734752431e-05
2.920000000000000000e+02 4.125021496292902157e-05
2.930000000000000000e+02 2.960720088594825993e-05
2.940000000000000000e+02 2.862684426266544764e-05
2.950000000000000000e+02 3.007489804682942624e-05
2.960000000000000000e+02 2.502052927108403961e-05
2.970000000000000000e+02 2.683718680297412482e-05
2.980000000000000000e+02 2.866032698269312589e-05
2.990000000000000000e+02 3.111769408860709220e-05
3.000000000000000000e+02 2.755308339449887551e-05
3.010000000000000000e+02 2.932210848181663693e-05
3.020000000000000000e+02 2.492851555871311467e-05
3.030000000000000000e+02 2.680102739153274695e-05
3.040000000000000000e+02 2.775748531954983915e-05
3.050000000000000000e+02 3.154779526084894206e-05
3.060000000000000000e+02 2.687630037447282433e-05
3.070000000000000000e+02 2.612186880772545213e-05
3.080000000000000000e+02 3.085601526739385959e-05
3.090000000000000000e+02 3.321359928425712224e-05
3.100000000000000000e+02 2.899058160740727015e-05
3.110000000000000000e+02 3.158251323232737500e-05
3.120000000000000000e+02 2.930001900191806814e-05
3.130000000000000000e+02 3.068342710321303701e-05
3.140000000000000000e+02 2.900627532653743401e-05
3.150000000000000000e+02 2.572734572216480359e-05
3.160000000000000000e+02 3.297339501538469137e-05
3.170000000000000000e+02 2.717923843495858045e-05
3.180000000000000000e+02 2.483341380866477117e-05
3.190000000000000000e+02 2.976457499850463910e-05
3.200000000000000000e+02 3.155674158430580499e-05
3.210000000000000000e+02 2.651685563857123773e-05
3.220000000000000000e+02 3.181129687921687267e-05
3.230000000000000000e+02 2.705983777559595291e-05
3.240000000000000000e+02 2.577058655636695601e-05
3.250000000000000000e+02 2.467032139975344613e-05
3.260000000000000000e+02 2.654916431007829230e-05
3.270000000000000000e+02 2.985220096888951795e-05
3.280000000000000000e+02 3.225743558383934920e-05
3.290000000000000000e+02 2.536028502314972290e-05
3.300000000000000000e+02 2.436056158330757062e-05
3.310000000000000000e+02 2.599729349943421061e-05
3.320000000000000000e+02 2.673736216820543767e-05
3.330000000000000000e+02 3.206221561413258558e-05
3.340000000000000000e+02 2.761383334776231245e-05
3.350000000000000000e+02 3.428720759984571270e-05
3.360000000000000000e+02 2.968315594140828173e-05
3.370000000000000000e+02 2.302845548304806851e-05
3.380000000000000000e+02 2.358559784624958248e-05
3.390000000000000000e+02 2.412726594532917546e-05
3.400000000000000000e+02 2.443409351447674779e-05
3.410000000000000000e+02 3.235070882510626987e-05
3.420000000000000000e+02 3.272373080108082220e-05
3.430000000000000000e+02 2.262672696815570681e-05
3.440000000000000000e+02 2.635712252716378452e-05
3.450000000000000000e+02 2.640288275870261849e-05
3.460000000000000000e+02 2.508182402380043654e-05
3.470000000000000000e+02 2.633714512436806081e-05
3.480000000000000000e+02 2.420760977353590153e-05
3.490000000000000000e+02 2.716846781064911345e-05
3.500000000000000000e+02 2.804006914326843473e-05
3.510000000000000000e+02 2.542124266862325955e-05
3.520000000000000000e+02 2.325000035246679029e-05
3.530000000000000000e+02 2.717100623461495432e-05
3.540000000000000000e+02 2.680035742135563240e-05
3.550000000000000000e+02 2.473347799726373741e-05
3.560000000000000000e+02 2.543299720855429782e-05
3.570000000000000000e+02 2.310976086543329550e-05
3.580000000000000000e+02 2.430194297630805427e-05
3.590000000000000000e+02 2.347705433445905016e-05
3.600000000000000000e+02 2.706875201207973621e-05
3.610000000000000000e+02 2.346998526869962644e-05
3.620000000000000000e+02 2.353554262905769540e-05
3.630000000000000000e+02 2.364980572262235611e-05
3.640000000000000000e+02 2.248327139871738117e-05
3.650000000000000000e+02 2.348934383917367059e-05
3.660000000000000000e+02 2.349225703558962180e-05
3.670000000000000000e+02 2.448066003125859370e-05
3.680000000000000000e+02 2.457014854977993974e-05
3.690000000000000000e+02 3.006135345155295718e-05
3.700000000000000000e+02 2.525059084291569740e-05
3.710000000000000000e+02 2.262321485128874449e-05
3.720000000000000000e+02 2.385623623316253801e-05
3.730000000000000000e+02 2.115065114291307251e-05
3.740000000000000000e+02 2.525256904239843878e-05
3.750000000000000000e+02 2.279837707950112553e-05
3.760000000000000000e+02 2.278511208714917275e-05
3.770000000000000000e+02 2.254766134380285444e-05
3.780000000000000000e+02 2.505359851056709791e-05
3.790000000000000000e+02 2.438415899329508430e-05
3.800000000000000000e+02 2.545806045721595387e-05
3.810000000000000000e+02 2.226484407098420468e-05
3.820000000000000000e+02 2.681626403500558903e-05
3.830000000000000000e+02 3.111475555973204914e-05
3.840000000000000000e+02 2.186997256406660457e-05
3.850000000000000000e+02 2.330527979211183360e-05
3.860000000000000000e+02 2.106125880042478946e-05
3.870000000000000000e+02 2.250643499185874379e-05
3.880000000000000000e+02 2.256709207964983612e-05
3.890000000000000000e+02 2.367014569851259314e-05
3.900000000000000000e+02 2.368585443036863526e-05
3.910000000000000000e+02 2.187865249046202056e-05
3.920000000000000000e+02 2.420795562405449482e-05
3.930000000000000000e+02 2.146753683822074429e-05
3.940000000000000000e+02 2.194868603207093452e-05
3.950000000000000000e+02 2.274163649417460114e-05
3.960000000000000000e+02 2.405497175156294211e-05
3.970000000000000000e+02 2.374836911864501254e-05
3.980000000000000000e+02 2.117292590507228539e-05
3.990000000000000000e+02 2.346785446813252489e-05
4.000000000000000000e+02 2.333113170607248457e-05
4.010000000000000000e+02 2.215626795077696294e-05
4.020000000000000000e+02 2.151917065930319896e-05
4.030000000000000000e+02 2.501894534361781580e-05
4.040000000000000000e+02 2.081353578735919044e-05
4.050000000000000000e+02 2.401298537733964676e-05
4.060000000000000000e+02 2.333605032617924708e-05
4.070000000000000000e+02 2.553376669917876526e-05
4.080000000000000000e+02 2.167433859237159459e-05
4.090000000000000000e+02 2.320222121246236547e-05
4.100000000000000000e+02 2.081583353477374821e-05
4.110000000000000000e+02 2.105310247619248247e-05
4.120000000000000000e+02 2.233166575024370118e-05
4.130000000000000000e+02 2.546391543243468325e-05
4.140000000000000000e+02 2.150256076371685228e-05
4.150000000000000000e+02 2.148488262416018704e-05
4.160000000000000000e+02 2.205419662156297370e-05
4.170000000000000000e+02 2.063795819897980600e-05
4.180000000000000000e+02 2.081875837272188280e-05
4.190000000000000000e+02 2.040655418871513874e-05
4.200000000000000000e+02 2.085615008885118648e-05
4.210000000000000000e+02 2.058056823443621234e-05
4.220000000000000000e+02 2.320506327426604410e-05
4.230000000000000000e+02 2.153190423996420415e-05
4.240000000000000000e+02 2.189663443762886522e-05
4.250000000000000000e+02 2.028905758682716107e-05
4.260000000000000000e+02 2.079919719108147560e-05
4.270000000000000000e+02 2.144858583051245619e-05
4.280000000000000000e+02 2.031730380015991016e-05
4.290000000000000000e+02 2.009176844391428614e-05
4.300000000000000000e+02 2.077155205673382788e-05
4.310000000000000000e+02 2.470697368456361041e-05
4.320000000000000000e+02 2.048843922239029794e-05
4.330000000000000000e+02 2.246982764821344375e-05
4.340000000000000000e+02 2.228061417554272285e-05
4.350000000000000000e+02 2.161242762667825486e-05
4.360000000000000000e+02 2.067276861149972767e-05
4.370000000000000000e+02 2.076130562879067418e-05
4.380000000000000000e+02 2.108567553174604275e-05
4.390000000000000000e+02 2.149507602249893108e-05
4.400000000000000000e+02 1.998777916014660285e-05
4.410000000000000000e+02 2.048922258836682927e-05
4.420000000000000000e+02 2.033933098573470651e-05
4.430000000000000000e+02 2.338311626469173149e-05
4.440000000000000000e+02 2.276113569678272998e-05
4.450000000000000000e+02 2.009116229601204273e-05
4.460000000000000000e+02 2.215337985641478201e-05
4.470000000000000000e+02 2.037039483790674076e-05
4.480000000000000000e+02 1.986542419520750125e-05
4.490000000000000000e+02 2.328930673684226227e-05
4.500000000000000000e+02 1.999177714120984622e-05
4.510000000000000000e+02 2.124414786521811174e-05
4.520000000000000000e+02 1.997989004545767404e-05
4.530000000000000000e+02 2.133710386260645532e-05
4.540000000000000000e+02 2.174095455605614197e-05
4.550000000000000000e+02 2.180198131100041873e-05
4.560000000000000000e+02 1.994124310537396733e-05
4.570000000000000000e+02 2.121498634854409096e-05
4.580000000000000000e+02 1.968943479975375136e-05
4.590000000000000000e+02 2.049861470974671335e-05
4.600000000000000000e+02 1.978096085319217757e-05
4.610000000000000000e+02 1.971991461080809498e-05
4.620000000000000000e+02 2.477517665586977504e-05
4.630000000000000000e+02 2.432771734068713497e-05
4.640000000000000000e+02 2.001911136176204200e-05
4.650000000000000000e+02 2.390712352886718555e-05
4.660000000000000000e+02 1.963235899893334135e-05
4.670000000000000000e+02 2.261813734852087854e-05
4.680000000000000000e+02 1.971093476943982085e-05
4.690000000000000000e+02 2.044874122172283580e-05
4.700000000000000000e+02 1.888478507074372231e-05
4.710000000000000000e+02 2.079825653102792282e-05
4.720000000000000000e+02 1.949356018788724553e-05
4.730000000000000000e+02 1.931235223310068236e-05
4.740000000000000000e+02 1.981054860758983238e-05
4.750000000000000000e+02 1.968384961704335644e-05
4.760000000000000000e+02 2.031123778579058220e-05
4.770000000000000000e+02 1.996941891169020254e-05
4.780000000000000000e+02 2.005735007211721047e-05
4.790000000000000000e+02 1.973929465748369694e-05
4.800000000000000000e+02 1.916573274987361564e-05
4.810000000000000000e+02 1.899707887787371969e-05
4.820000000000000000e+02 1.997219991608289920e-05
4.830000000000000000e+02 1.861060884645364063e-05
4.840000000000000000e+02 1.846070534763081692e-05
4.850000000000000000e+02 1.931912228731865410e-05
4.860000000000000000e+02 1.957972882034179543e-05
4.870000000000000000e+02 1.887185386294732019e-05
4.880000000000000000e+02 1.920682762526363922e-05
4.890000000000000000e+02 1.844598836517737390e-05
4.900000000000000000e+02 2.081121604229944506e-05
4.910000000000000000e+02 1.975510944854856176e-05
4.920000000000000000e+02 2.025733000967496489e-05
4.930000000000000000e+02 1.918774668107895738e-05
4.940000000000000000e+02 1.939228760723684425e-05
4.950000000000000000e+02 1.887086059772021362e-05
4.960000000000000000e+02 1.830205671770575640e-05
4.970000000000000000e+02 1.836576106143183993e-05
4.980000000000000000e+02 2.027730862513029322e-05
4.990000000000000000e+02 1.934257485117996193e-05
5.000000000000000000e+02 1.945891776510203964e-05
5.010000000000000000e+02 2.013839971671889761e-05
5.020000000000000000e+02 1.874919481148632896e-05
5.030000000000000000e+02 2.005403808046442884e-05
5.040000000000000000e+02 1.885855846921913353e-05
5.050000000000000000e+02 1.809591410468177190e-05
5.060000000000000000e+02 1.904276113540011737e-05
5.070000000000000000e+02 1.875630955813297363e-05
5.080000000000000000e+02 1.840853636773923902e-05
5.090000000000000000e+02 2.011387292441213517e-05
5.100000000000000000e+02 1.866511950841716824e-05
5.110000000000000000e+02 1.971532361494609964e-05
5.120000000000000000e+02 1.895267346602243528e-05
5.130000000000000000e+02 1.886522843657682398e-05
5.140000000000000000e+02 1.830151465886349974e-05
5.150000000000000000e+02 1.876660952499757215e-05
5.160000000000000000e+02 1.836000996263465035e-05
5.170000000000000000e+02 1.862826558256832257e-05
5.180000000000000000e+02 1.868510617593225812e-05
5.190000000000000000e+02 1.830830227845581099e-05
5.200000000000000000e+02 1.795952516355706950e-05
5.210000000000000000e+02 1.896237053491252889e-05
5.220000000000000000e+02 1.998101095523452291e-05
5.230000000000000000e+02 1.819253388627354695e-05
5.240000000000000000e+02 1.865156170727762645e-05
5.250000000000000000e+02 1.937263750733109123e-05
5.260000000000000000e+02 1.860213556938106140e-05
5.270000000000000000e+02 1.847982238056526146e-05
5.280000000000000000e+02 1.837507377786096294e-05
5.290000000000000000e+02 1.826287685010659801e-05
5.300000000000000000e+02 1.987383408656266320e-05
5.310000000000000000e+02 1.908243387636806218e-05
5.320000000000000000e+02 2.046288090544597457e-05
5.330000000000000000e+02 1.911509820880989184e-05
5.340000000000000000e+02 1.814334772158569215e-05
5.350000000000000000e+02 1.829146434223124227e-05
5.360000000000000000e+02 1.924932078206135640e-05
5.370000000000000000e+02 1.848905660153832178e-05
5.380000000000000000e+02 1.867071052402025116e-05
5.390000000000000000e+02 1.804860337870195616e-05
5.400000000000000000e+02 1.854167428973596584e-05
5.410000000000000000e+02 1.778390066950426824e-05
5.420000000000000000e+02 1.839095766020667087e-05
5.430000000000000000e+02 1.869337651442037882e-05
5.440000000000000000e+02 1.816017915795479744e-05
5.450000000000000000e+02 1.887633545872328619e-05
5.460000000000000000e+02 1.839972203015349832e-05
5.470000000000000000e+02 1.791865911703401673e-05
5.480000000000000000e+02 1.774522329166454038e-05
5.490000000000000000e+02 1.776210887934818504e-05
5.500000000000000000e+02 1.977940582340427818e-05
5.510000000000000000e+02 1.790269145809967615e-05
5.520000000000000000e+02 1.785126301304747711e-05
5.530000000000000000e+02 1.833889415138401037e-05
5.540000000000000000e+02 1.823768520504624155e-05
5.550000000000000000e+02 1.855800829313617784e-05
5.560000000000000000e+02 1.822329590747055237e-05
5.570000000000000000e+02 1.758985836204374277e-05
5.580000000000000000e+02 1.766704030160326362e-05
5.590000000000000000e+02 1.832072820737569736e-05
5.600000000000000000e+02 1.752566495270002498e-05
5.610000000000000000e+02 1.866041963997607574e-05
5.620000000000000000e+02 1.817413888299294496e-05
5.630000000000000000e+02 1.818499034319150459e-05
5.640000000000000000e+02 1.780861088870248397e-05
5.650000000000000000e+02 1.847627485403790989e-05
5.660000000000000000e+02 1.835807232661560939e-05
5.670000000000000000e+02 1.755143584887264364e-05
5.680000000000000000e+02 1.803558612058016696e-05
5.690000000000000000e+02 1.814824082733442314e-05
5.700000000000000000e+02 1.834389421370967121e-05
5.710000000000000000e+02 1.801042980029403062e-05
5.720000000000000000e+02 1.747238546765099109e-05
5.730000000000000000e+02 1.799576126359170452e-05
5.740000000000000000e+02 1.773019484971882640e-05
5.750000000000000000e+02 1.858131922441922767e-05
5.760000000000000000e+02 1.782667332615043554e-05
5.770000000000000000e+02 1.736856693848191617e-05
5.780000000000000000e+02 1.750121812316744404e-05
5.790000000000000000e+02 1.775347058962021730e-05
5.800000000000000000e+02 1.773686050000833293e-05
5.810000000000000000e+02 1.755820941374016368e-05
5.820000000000000000e+02 1.803804329635265059e-05
5.830000000000000000e+02 1.769440093388160147e-05
5.840000000000000000e+02 1.796157304852386168e-05
5.850000000000000000e+02 1.795531056510905375e-05
5.860000000000000000e+02 1.788547303779826887e-05
5.870000000000000000e+02 1.791496941829488375e-05
5.880000000000000000e+02 1.772584752567733169e-05
5.890000000000000000e+02 1.753667045098457873e-05
5.900000000000000000e+02 1.742831306425311337e-05
5.910000000000000000e+02 1.722675526859044709e-05
5.920000000000000000e+02 1.726957412150416951e-05
5.930000000000000000e+02 1.727210850125023429e-05
5.940000000000000000e+02 1.783490599943130957e-05
5.950000000000000000e+02 1.788807981938589513e-05
5.960000000000000000e+02 1.732087580118483639e-05
5.970000000000000000e+02 1.745351027542104224e-05
5.980000000000000000e+02 1.752800345760382086e-05
5.990000000000000000e+02 1.763707447632138149e-05
6.000000000000000000e+02 1.733083330691442676e-05
6.010000000000000000e+02 1.723403313614350560e-05
6.020000000000000000e+02 1.751125788359786397e-05
6.030000000000000000e+02 1.703678427171932187e-05
6.040000000000000000e+02 1.769039696227991967e-05
6.050000000000000000e+02 1.742505054911210345e-05
6.060000000000000000e+02 1.790930189599748674e-05
6.070000000000000000e+02 1.751996473709974941e-05
6.080000000000000000e+02 1.736028024121575818e-05
6.090000000000000000e+02 1.769830476405331770e-05
6.100000000000000000e+02 1.710764613865952164e-05
6.110000000000000000e+02 1.718077834084397060e-05
6.120000000000000000e+02 1.733818514670322833e-05
6.130000000000000000e+02 1.744038967444794103e-05
6.140000000000000000e+02 1.740370389597956159e-05
6.150000000000000000e+02 1.774233799854603929e-05
6.160000000000000000e+02 1.724475857069288979e-05
6.170000000000000000e+02 1.699019902540991708e-05
6.180000000000000000e+02 1.708941206743475158e-05
6.190000000000000000e+02 1.705282928620969503e-05
6.200000000000000000e+02 1.758634596626507023e-05
6.210000000000000000e+02 1.749993661481615435e-05
6.220000000000000000e+02 1.707572299589325503e-05
6.230000000000000000e+02 1.710235404364842255e-05
6.240000000000000000e+02 1.784288377772706323e-05
6.250000000000000000e+02 1.685412356891902150e-05
6.260000000000000000e+02 1.724119162342200790e-05
6.270000000000000000e+02 1.695925723955345809e-05
6.280000000000000000e+02 1.712620539668326518e-05
6.290000000000000000e+02 1.711423647066112608e-05
6.300000000000000000e+02 1.725386732990349072e-05
6.310000000000000000e+02 1.711360123105502395e-05
6.320000000000000000e+02 1.680795225790158418e-05
6.330000000000000000e+02 1.699222916310342668e-05
6.340000000000000000e+02 1.722910309278328665e-05
6.350000000000000000e+02 1.682956544148813416e-05
6.360000000000000000e+02 1.704313135026798930e-05
6.370000000000000000e+02 1.692866747058966809e-05
6.380000000000000000e+02 1.697081347932301822e-05
6.390000000000000000e+02 1.684357475824072093e-05
6.400000000000000000e+02 1.736808090451328669e-05
6.410000000000000000e+02 1.753219849585244949e-05
6.420000000000000000e+02 1.747053371824828439e-05
6.430000000000000000e+02 1.725663945156460097e-05
6.440000000000000000e+02 1.689466452565587472e-05
6.450000000000000000e+02 1.692292459968788073e-05
6.460000000000000000e+02 1.785012906717990057e-05
6.470000000000000000e+02 1.719064523058477816e-05
6.480000000000000000e+02 1.681365261902101216e-05
6.490000000000000000e+02 1.746888139071719231e-05
6.500000000000000000e+02 1.729211698451156871e-05
6.510000000000000000e+02 1.677816131026096003e-05
6.520000000000000000e+02 1.724858244415372691e-05
6.530000000000000000e+02 1.675634067699623668e-05
6.540000000000000000e+02 1.707833926654226664e-05
6.550000000000000000e+02 1.687510350166121457e-05
6.560000000000000000e+02 1.686768559617727567e-05
6.570000000000000000e+02 1.678532663693961926e-05
6.580000000000000000e+02 1.677935882374489014e-05
6.590000000000000000e+02 1.669248478719964718e-05
6.600000000000000000e+02 1.790133460114399610e-05
6.610000000000000000e+02 1.691184640852346404e-05
6.620000000000000000e+02 1.722791006613988551e-05
6.630000000000000000e+02 1.714672654391809808e-05
6.640000000000000000e+02 1.739043307679821642e-05
6.650000000000000000e+02 1.666862551549760081e-05
6.660000000000000000e+02 1.678229831062102024e-05
6.670000000000000000e+02 1.695468530670041273e-05
6.680000000000000000e+02 1.682387645511577396e-05
6.690000000000000000e+02 1.700446921555946126e-05
6.700000000000000000e+02 1.680102167786874952e-05
6.710000000000000000e+02 1.680127679719589583e-05
6.720000000000000000e+02 1.679295015492243774e-05
6.730000000000000000e+02 1.688778685396148994e-05
6.740000000000000000e+02 1.707133696375725071e-05
6.750000000000000000e+02 1.687307819035292406e-05
6.760000000000000000e+02 1.665010267364171545e-05
6.770000000000000000e+02 1.710953445581253455e-05
6.780000000000000000e+02 1.699092086103822533e-05
6.790000000000000000e+02 1.709784576329790668e-05
6.800000000000000000e+02 1.700513388641411561e-05
6.810000000000000000e+02 1.657650710209661020e-05
6.820000000000000000e+02 1.668124268083677906e-05
6.830000000000000000e+02 1.661975915946337898e-05
6.840000000000000000e+02 1.694452041192562211e-05
6.850000000000000000e+02 1.662768201640574153e-05
6.860000000000000000e+02 1.685417710784046632e-05
6.870000000000000000e+02 1.648277867692134581e-05
6.880000000000000000e+02 1.670472762877276698e-05
6.890000000000000000e+02 1.673155654619525438e-05
6.900000000000000000e+02 1.689111066298209899e-05
6.910000000000000000e+02 1.713777095574187237e-05
6.920000000000000000e+02 1.671884615158584540e-05
6.930000000000000000e+02 1.673881529616968203e-05
6.940000000000000000e+02 1.659620066978580624e-05
6.950000000000000000e+02 1.674575801492513382e-05
6.960000000000000000e+02 1.656806416576728157e-05
6.970000000000000000e+02 1.668590709111110042e-05
6.980000000000000000e+02 1.646444563448312855e-05
6.990000000000000000e+02 1.653990606428123929e-05
7.000000000000000000e+02 1.678863164367309493e-05
7.010000000000000000e+02 1.668286633503157605e-05
7.020000000000000000e+02 1.659284140866172167e-05
7.030000000000000000e+02 1.647112867431133054e-05
7.040000000000000000e+02 1.654284946198458770e-05
7.050000000000000000e+02 1.676064110142761019e-05
7.060000000000000000e+02 1.639866371988318983e-05
7.070000000000000000e+02 1.662920477732162162e-05
7.080000000000000000e+02 1.658900912540654265e-05
7.090000000000000000e+02 1.645573320274706930e-05
7.100000000000000000e+02 1.674771450780099244e-05
7.110000000000000000e+02 1.640637420981268840e-05
7.120000000000000000e+02 1.663976161580649110e-05
7.130000000000000000e+02 1.667540877557864188e-05
7.140000000000000000e+02 1.654677536862436845e-05
7.150000000000000000e+02 1.702160947994949935e-05
7.160000000000000000e+02 1.634374655623105260e-05
7.170000000000000000e+02 1.643152240527948868e-05
7.180000000000000000e+02 1.637448587037700534e-05
7.190000000000000000e+02 1.656750281351075337e-05
7.200000000000000000e+02 1.698139050859026638e-05
7.210000000000000000e+02 1.644412704384497781e-05
7.220000000000000000e+02 1.670951966540694039e-05
7.230000000000000000e+02 1.651390584205121944e-05
7.240000000000000000e+02 1.644570440475945253e-05
7.250000000000000000e+02 1.646778665114349339e-05
7.260000000000000000e+02 1.638147866591073892e-05
7.270000000000000000e+02 1.634254352514593196e-05
7.280000000000000000e+02 1.668164396202579861e-05
7.290000000000000000e+02 1.638660152214773373e-05
7.300000000000000000e+02 1.629773473420452102e-05
7.310000000000000000e+02 1.642970622924622067e-05
7.320000000000000000e+02 1.645698748082698669e-05
7.330000000000000000e+02 1.674507236505936219e-05
7.340000000000000000e+02 1.642403611185727614e-05
7.350000000000000000e+02 1.633735143210894163e-05
7.360000000000000000e+02 1.653230264006803573e-05
7.370000000000000000e+02 1.619674213846640900e-05
7.380000000000000000e+02 1.647928014184193020e-05
7.390000000000000000e+02 1.666943838548225548e-05
7.400000000000000000e+02 1.653990177146624801e-05
7.410000000000000000e+02 1.625182742524581642e-05
7.420000000000000000e+02 1.660233447789020693e-05
7.430000000000000000e+02 1.646126625322115832e-05
7.440000000000000000e+02 1.646508148041902960e-05
7.450000000000000000e+02 1.634800208800394713e-05
7.460000000000000000e+02 1.626068369660060921e-05
7.470000000000000000e+02 1.624622786645583381e-05
7.480000000000000000e+02 1.618696689547505257e-05
7.490000000000000000e+02 1.642217464298785916e-05
7.500000000000000000e+02 1.620216691662790416e-05
7.510000000000000000e+02 1.613219260737726622e-05
7.520000000000000000e+02 1.654136708869676398e-05
7.530000000000000000e+02 1.632977683887778020e-05
7.540000000000000000e+02 1.628831259949947843e-05
7.550000000000000000e+02 1.623890400878735926e-05
7.560000000000000000e+02 1.640368815060355646e-05
7.570000000000000000e+02 1.639820883307644656e-05
7.580000000000000000e+02 1.638533940422348610e-05
7.590000000000000000e+02 1.616263839726646588e-05
7.600000000000000000e+02 1.626306562684476525e-05
7.610000000000000000e+02 1.629629325179848983e-05
7.620000000000000000e+02 1.673477228905539851e-05
7.630000000000000000e+02 1.627561556233558682e-05
7.640000000000000000e+02 1.631371613863545096e-05
7.650000000000000000e+02 1.619426225564287269e-05
7.660000000000000000e+02 1.625104187041870318e-05
7.670000000000000000e+02 1.614979678682478302e-05
7.680000000000000000e+02 1.610678729775827541e-05
7.690000000000000000e+02 1.630182415586508321e-05
7.700000000000000000e+02 1.620385460531300362e-05
7.710000000000000000e+02 1.642690135364925196e-05
7.720000000000000000e+02 1.623450844514688334e-05
7.730000000000000000e+02 1.619979574267441897e-05
7.740000000000000000e+02 1.621735960119015830e-05
7.750000000000000000e+02 1.615651445414793467e-05
7.760000000000000000e+02 1.636512122786370875e-05
7.770000000000000000e+02 1.646347230537988646e-05
7.780000000000000000e+02 1.678696593444328606e-05
7.790000000000000000e+02 1.627067135511121488e-05
7.800000000000000000e+02 1.633026928781570398e-05
7.810000000000000000e+02 1.654943974547980686e-05
7.820000000000000000e+02 1.633414795530067342e-05
7.830000000000000000e+02 1.615029819731717011e-05
7.840000000000000000e+02 1.640063016263108367e-05
7.850000000000000000e+02 1.617201611225027740e-05
7.860000000000000000e+02 1.643229444501533411e-05
7.870000000000000000e+02 1.607632849603154071e-05
7.880000000000000000e+02 1.629552561401700084e-05
7.890000000000000000e+02 1.611562160178436884e-05
7.900000000000000000e+02 1.626986424525967030e-05
7.910000000000000000e+02 1.609404413102311096e-05
7.920000000000000000e+02 1.625196762688574286e-05
7.930000000000000000e+02 1.614944595833852262e-05
7.940000000000000000e+02 1.609099003568796284e-05
7.950000000000000000e+02 1.616654089351262109e-05
7.960000000000000000e+02 1.625153191829061374e-05
7.970000000000000000e+02 1.610704287789606822e-05
7.980000000000000000e+02 1.616028901480603936e-05
7.990000000000000000e+02 1.610244626135681620e-05
8.000000000000000000e+02 1.624765396627481177e-05
8.010000000000000000e+02 1.608264719834551351e-05
8.020000000000000000e+02 1.605827746364714857e-05
8.030000000000000000e+02 1.615825553017202751e-05
8.040000000000000000e+02 1.610546086643201510e-05
8.050000000000000000e+02 1.609609592681711805e-05
8.060000000000000000e+02 1.625010010078161194e-05
8.070000000000000000e+02 1.615020320969051573e-05
8.080000000000000000e+02 1.602098102618280411e-05
8.090000000000000000e+02 1.632857643320069873e-05
8.100000000000000000e+02 1.614048493744727890e-05
8.110000000000000000e+02 1.607845726539380740e-05
8.120000000000000000e+02 1.603595774213317782e-05
8.130000000000000000e+02 1.627530725575828381e-05
8.140000000000000000e+02 1.607012211631323687e-05
8.150000000000000000e+02 1.627601142293618299e-05
8.160000000000000000e+02 1.625282038124472114e-05
8.170000000000000000e+02 1.610297019093801730e-05
8.180000000000000000e+02 1.611809990815042117e-05
8.190000000000000000e+02 1.608921969212436382e-05
8.200000000000000000e+02 1.612849683321352905e-05
8.210000000000000000e+02 1.603765587181745403e-05
8.220000000000000000e+02 1.592182654955346681e-05
8.230000000000000000e+02 1.622736430969477271e-05
8.240000000000000000e+02 1.610814821106032617e-05
8.250000000000000000e+02 1.621151011931942681e-05
8.260000000000000000e+02 1.598482505869469565e-05
8.270000000000000000e+02 1.604833247256465270e-05
8.280000000000000000e+02 1.600160439920728230e-05
8.290000000000000000e+02 1.602947299640315157e-05
8.300000000000000000e+02 1.606536374310962707e-05
8.310000000000000000e+02 1.604493782603337151e-05
8.320000000000000000e+02 1.615265713553526425e-05
8.330000000000000000e+02 1.605374197727845302e-05
8.340000000000000000e+02 1.598764211545737114e-05
8.350000000000000000e+02 1.622779042615244696e-05
8.360000000000000000e+02 1.593833983861259225e-05
8.370000000000000000e+02 1.617157937895778234e-05
8.380000000000000000e+02 1.622958133035960301e-05
8.390000000000000000e+02 1.626925191279345417e-05
8.400000000000000000e+02 1.613638649966257251e-05
8.410000000000000000e+02 1.601573642498503052e-05
8.420000000000000000e+02 1.600324892327383480e-05
8.430000000000000000e+02 1.621133627243883377e-05
8.440000000000000000e+02 1.606749226387667857e-05
8.450000000000000000e+02 1.612989142207273466e-05
8.460000000000000000e+02 1.600993869336283195e-05
8.470000000000000000e+02 1.599353665975892665e-05
8.480000000000000000e+02 1.597827684236108298e-05
8.490000000000000000e+02 1.604543622912994307e-05
8.500000000000000000e+02 1.593127441083197563e-05
8.510000000000000000e+02 1.605477382933410605e-05
8.520000000000000000e+02 1.608065293718633867e-05
8.530000000000000000e+02 1.607770500413607941e-05
8.540000000000000000e+02 1.599304992851102670e-05
8.550000000000000000e+02 1.611665724340127700e-05
8.560000000000000000e+02 1.590117910382105065e-05
8.570000000000000000e+02 1.596413404210276691e-05
8.580000000000000000e+02 1.607510149672937750e-05
8.590000000000000000e+02 1.595363334369418877e-05
8.600000000000000000e+02 1.606915321341754725e-05
8.610000000000000000e+02 1.597066939818129596e-05
8.620000000000000000e+02 1.597535384765554458e-05
8.630000000000000000e+02 1.597724667590227909e-05
8.640000000000000000e+02 1.596075728230061832e-05
8.650000000000000000e+02 1.598609096618019840e-05
8.660000000000000000e+02 1.589743319830934742e-05
8.670000000000000000e+02 1.607117197636398568e-05
8.680000000000000000e+02 1.589630962068137312e-05
8.690000000000000000e+02 1.602650518786201110e-05
8.700000000000000000e+02 1.596582900068218154e-05
8.710000000000000000e+02 1.597067651042986409e-05
8.720000000000000000e+02 1.597752490245814809e-05
8.730000000000000000e+02 1.592628785147098797e-05
8.740000000000000000e+02 1.590755404322408194e-05
8.750000000000000000e+02 1.593690062994331549e-05
8.760000000000000000e+02 1.588624402453812519e-05
8.770000000000000000e+02 1.598660989960383876e-05
8.780000000000000000e+02 1.592863474191593312e-05
8.790000000000000000e+02 1.590983969435910545e-05
8.800000000000000000e+02 1.592755945239332532e-05
8.810000000000000000e+02 1.595016617405538631e-05
8.820000000000000000e+02 1.593795226047707919e-05
8.830000000000000000e+02 1.591007612660177916e-05
8.840000000000000000e+02 1.597543536869731304e-05
8.850000000000000000e+02 1.584234734157992833e-05
8.860000000000000000e+02 1.593573871408200993e-05
8.870000000000000000e+02 1.595058881624330290e-05
8.880000000000000000e+02 1.592845036914999080e-05
8.890000000000000000e+02 1.590468126475267873e-05
8.900000000000000000e+02 1.597393030654833027e-05
8.910000000000000000e+02 1.588792415835390024e-05
8.920000000000000000e+02 1.593315064989534791e-05
8.930000000000000000e+02 1.593585693020334678e-05
8.940000000000000000e+02 1.598372327255977664e-05
8.950000000000000000e+02 1.587269887750153470e-05
8.960000000000000000e+02 1.597315592031615589e-05
8.970000000000000000e+02 1.591815052355135206e-05
8.980000000000000000e+02 1.597060966863258279e-05
8.990000000000000000e+02 1.586569142091320760e-05
9.000000000000000000e+02 1.589067761718373053e-05
9.010000000000000000e+02 1.589761681922633840e-05
9.020000000000000000e+02 1.594112023667548661e-05
9.030000000000000000e+02 1.587822617390581263e-05
9.040000000000000000e+02 1.586051099366159327e-05
9.050000000000000000e+02 1.588994266057852547e-05
9.060000000000000000e+02 1.582946054744146166e-05
9.070000000000000000e+02 1.586420895667591574e-05
9.080000000000000000e+02 1.590352161050153298e-05
9.090000000000000000e+02 1.584272972953234296e-05
9.100000000000000000e+02 1.589076530459957809e-05
9.110000000000000000e+02 1.588851736111488751e-05
9.120000000000000000e+02 1.598692925957341984e-05
9.130000000000000000e+02 1.583563708967024766e-05
9.140000000000000000e+02 1.587633677748575290e-05
9.150000000000000000e+02 1.584111135040681354e-05
9.160000000000000000e+02 1.602981600929827776e-05
9.170000000000000000e+02 1.595151126821292659e-05
9.180000000000000000e+02 1.585810417357909826e-05
9.190000000000000000e+02 1.590470093409142763e-05
9.200000000000000000e+02 1.593347693415125846e-05
9.210000000000000000e+02 1.589243898706627160e-05
9.220000000000000000e+02 1.592522974533494670e-05
9.230000000000000000e+02 1.596069296889860903e-05
9.240000000000000000e+02 1.593262510141357658e-05
9.250000000000000000e+02 1.583958059806415519e-05
9.260000000000000000e+02 1.584617659318610257e-05
9.270000000000000000e+02 1.584549729765664534e-05
9.280000000000000000e+02 1.579676207863182387e-05
9.290000000000000000e+02 1.599821321481916415e-05
9.300000000000000000e+02 1.582643440997344455e-05
9.310000000000000000e+02 1.586602689106560740e-05
9.320000000000000000e+02 1.592733950019464869e-05
9.330000000000000000e+02 1.587316871033787394e-05
9.340000000000000000e+02 1.583098021001205807e-05
9.350000000000000000e+02 1.587469181079844414e-05
9.360000000000000000e+02 1.579402269877997744e-05
9.370000000000000000e+02 1.600774310039317419e-05
9.380000000000000000e+02 1.587153168050766256e-05
9.390000000000000000e+02 1.617303546178542716e-05
9.400000000000000000e+02 1.604459142375465680e-05
9.410000000000000000e+02 1.585825883012148592e-05
9.420000000000000000e+02 1.596821368366363553e-05
9.430000000000000000e+02 1.590249318420925911e-05
9.440000000000000000e+02 1.579984922500443767e-05
9.450000000000000000e+02 1.580357981462535979e-05
9.460000000000000000e+02 1.584131875157860842e-05
9.470000000000000000e+02 1.585586875686810019e-05
9.480000000000000000e+02 1.583269603239993259e-05
9.490000000000000000e+02 1.583086794804936900e-05
9.500000000000000000e+02 1.589413128385785981e-05
9.510000000000000000e+02 1.583894394570961513e-05
9.520000000000000000e+02 1.583506169481552287e-05
9.530000000000000000e+02 1.589109917404130128e-05
9.540000000000000000e+02 1.579028474225196960e-05
9.550000000000000000e+02 1.591484304905558766e-05
9.560000000000000000e+02 1.581149013873073421e-05
9.570000000000000000e+02 1.587621365615632344e-05
9.580000000000000000e+02 1.583444766462586636e-05
9.590000000000000000e+02 1.581798887855256840e-05
9.600000000000000000e+02 1.580144260515225956e-05
9.610000000000000000e+02 1.580621414783915145e-05
9.620000000000000000e+02 1.583355632950163725e-05
9.630000000000000000e+02 1.584375802243205903e-05
9.640000000000000000e+02 1.578796754377738987e-05
9.650000000000000000e+02 1.601474503331701176e-05
9.660000000000000000e+02 1.587022947205696241e-05
9.670000000000000000e+02 1.581931614055065357e-05
9.680000000000000000e+02 1.579509743654246721e-05
9.690000000000000000e+02 1.576547131359499627e-05
9.700000000000000000e+02 1.579242175163623652e-05
9.710000000000000000e+02 1.583593528266646940e-05
9.720000000000000000e+02 1.590279204416825967e-05
9.730000000000000000e+02 1.592925147027320670e-05
9.740000000000000000e+02 1.583095596288330867e-05
9.750000000000000000e+02 1.584633426925089700e-05
9.760000000000000000e+02 1.589678303692683856e-05
9.770000000000000000e+02 1.581474031506028692e-05
9.780000000000000000e+02 1.578013073716041101e-05
9.790000000000000000e+02 1.588751093246780125e-05
9.800000000000000000e+02 1.585055533117459570e-05
9.810000000000000000e+02 1.579382908554786497e-05
9.820000000000000000e+02 1.582541803145431968e-05
9.830000000000000000e+02 1.581702790038737815e-05
9.840000000000000000e+02 1.580425934056014196e-05
9.850000000000000000e+02 1.589495338824538901e-05
9.860000000000000000e+02 1.581954607293785707e-05
9.870000000000000000e+02 1.616432865072662799e-05
9.880000000000000000e+02 1.586725692808007101e-05
9.890000000000000000e+02 1.602779135888946705e-05
9.900000000000000000e+02 1.576138164333921551e-05
9.910000000000000000e+02 1.585177037365307807e-05
9.920000000000000000e+02 1.576374336461109586e-05
9.930000000000000000e+02 1.579379491280026958e-05
9.940000000000000000e+02 1.586612147245129278e-05
9.950000000000000000e+02 1.574078894918784540e-05
9.960000000000000000e+02 1.580668021536742480e-05
9.970000000000000000e+02 1.578537097884691442e-05
9.980000000000000000e+02 1.578294120311814815e-05
9.990000000000000000e+02 1.577123004608438377e-05
1.000000000000000000e+03 1.577088049089070450e-05
1.001000000000000000e+03 1.577708437859352359e-05
1.002000000000000000e+03 1.580719175763079019e-05
1.003000000000000000e+03 1.575242758311408851e-05
1.004000000000000000e+03 1.578837978134591357e-05
1.005000000000000000e+03 1.575354172625035836e-05
1.006000000000000000e+03 1.581761105020026065e-05
1.007000000000000000e+03 1.579298555346516321e-05
1.008000000000000000e+03 1.576932201108623670e-05
1.009000000000000000e+03 1.576375760123483014e-05
1.010000000000000000e+03 1.573360437153799752e-05
1.011000000000000000e+03 1.575239951004429333e-05
1.012000000000000000e+03 1.577594286573003141e-05
1.013000000000000000e+03 1.575166120043529041e-05
1.014000000000000000e+03 1.573661964963927424e-05
1.015000000000000000e+03 1.582600866337694867e-05
1.016000000000000000e+03 1.575989912453223938e-05
1.017000000000000000e+03 1.576364980185947741e-05
1.018000000000000000e+03 1.573769347790706223e-05
1.019000000000000000e+03 1.579226697382788908e-05
1.020000000000000000e+03 1.582201106430147829e-05
1.021000000000000000e+03 1.577351356293850966e-05
1.022000000000000000e+03 1.569814271230522115e-05
1.023000000000000000e+03 1.575025681934978983e-05
1.024000000000000000e+03 1.576943836577508374e-05
1.025000000000000000e+03 1.577636759369246036e-05
1.026000000000000000e+03 1.581451277767579764e-05
1.027000000000000000e+03 1.570184242154937265e-05
1.028000000000000000e+03 1.573519693920388818e-05
1.029000000000000000e+03 1.579114747679947475e-05
1.030000000000000000e+03 1.578196811654682564e-05
1.031000000000000000e+03 1.577538664908691737e-05
1.032000000000000000e+03 1.570332253929033556e-05
1.033000000000000000e+03 1.576712350773353395e-05
1.034000000000000000e+03 1.575745890174099734e-05
1.035000000000000000e+03 1.575690522561974994e-05
1.036000000000000000e+03 1.596290012457757325e-05
1.037000000000000000e+03 1.575036460659854794e-05
1.038000000000000000e+03 1.574521410778591620e-05
1.039000000000000000e+03 1.579597454716956005e-05
1.040000000000000000e+03 1.572415849902123730e-05
1.041000000000000000e+03 1.572186498985198992e-05
1.042000000000000000e+03 1.581095657456899197e-05
1.043000000000000000e+03 1.571058216237967433e-05
1.044000000000000000e+03 1.573980792575942550e-05
1.045000000000000000e+03 1.575017448582609014e-05
1.046000000000000000e+03 1.570312820452576000e-05
1.047000000000000000e+03 1.577637815595759691e-05
1.048000000000000000e+03 1.569753957179879328e-05
1.049000000000000000e+03 1.575108353790710680e-05
1.050000000000000000e+03 1.576691620963780862e-05
1.051000000000000000e+03 1.572200004375190420e-05
1.052000000000000000e+03 1.575890342185933571e-05
1.053000000000000000e+03 1.572373261296888800e-05
1.054000000000000000e+03 1.574678133692941601e-05
1.055000000000000000e+03 1.580800832622723185e-05
1.056000000000000000e+03 1.594090299477102167e-05
1.057000000000000000e+03 1.579437193868216263e-05
1.058000000000000000e+03 1.573227946816283931e-05
1.059000000000000000e+03 1.572493667481467019e-05
1.060000000000000000e+03 1.571291913933237151e-05
1.061000000000000000e+03 1.574781681483727812e-05
1.062000000000000000e+03 1.566730620349214188e-05
1.063000000000000000e+03 1.572984690938028344e-05
1.064000000000000000e+03 1.586697168628840442e-05
1.065000000000000000e+03 1.573053956841856044e-05
1.066000000000000000e+03 1.570989123744463174e-05
1.067000000000000000e+03 1.576176491046984027e-05
1.068000000000000000e+03 1.571735584244985854e-05
1.069000000000000000e+03 1.575908167675758420e-05
1.070000000000000000e+03 1.570198427846965659e-05
1.071000000000000000e+03 1.574125647797094195e-05
1.072000000000000000e+03 1.568090110595221767e-05
1.073000000000000000e+03 1.573296878632390967e-05
1.074000000000000000e+03 1.569516492963884944e-05
1.075000000000000000e+03 1.568012850839295519e-05
1.076000000000000000e+03 1.574775228315653851e-05
1.077000000000000000e+03 1.569747756851332568e-05
1.078000000000000000e+03 1.570395320716973619e-05
1.079000000000000000e+03 1.574346407020736342e-05
1.080000000000000000e+03 1.566511098038366248e-05
1.081000000000000000e+03 1.574378335135406760e-05
1.082000000000000000e+03 1.577450382683309632e-05
1.083000000000000000e+03 1.573863832769954352e-05
1.084000000000000000e+03 1.572351192711115027e-05
1.085000000000000000e+03 1.578407519142880757e-05
1.086000000000000000e+03 1.568313418829347803e-05
1.087000000000000000e+03 1.574590069746288124e-05
1.088000000000000000e+03 1.569407462132706775e-05
1.089000000000000000e+03 1.571793245602748357e-05
1.090000000000000000e+03 1.567653182670862162e-05
1.091000000000000000e+03 1.566433940752176595e-05
1.092000000000000000e+03 1.567057007074860645e-05
1.093000000000000000e+03 1.569091517012566301e-05
1.094000000000000000e+03 1.569200359881506464e-05
1.095000000000000000e+03 1.577574505669569142e-05
1.096000000000000000e+03 1.569464756660939405e-05
1.097000000000000000e+03 1.569580748158235300e-05
1.098000000000000000e+03 1.567082273444005526e-05
1.099000000000000000e+03 1.566545328993621921e-05
1.100000000000000000e+03 1.565942433444433900e-05
1.101000000000000000e+03 1.569159088224599403e-05
1.102000000000000000e+03 1.570442207594169277e-05
1.103000000000000000e+03 1.567017921236887003e-05
1.104000000000000000e+03 1.573926569108152816e-05
1.105000000000000000e+03 1.571102224261267165e-05
1.106000000000000000e+03 1.568080513000798799e-05
1.107000000000000000e+03 1.568473411680315540e-05
1.108000000000000000e+03 1.573538658097580246e-05
1.109000000000000000e+03 1.569650348149783325e-05
1.110000000000000000e+03 1.570021050914268180e-05
1.111000000000000000e+03 1.565651402415824014e-05
1.112000000000000000e+03 1.571211632229581822e-05
1.113000000000000000e+03 1.566964034282136858e-05
1.114000000000000000e+03 1.566954859299585128e-05
1.115000000000000000e+03 1.569503196151345091e-05
1.116000000000000000e+03 1.561743323691189411e-05
1.117000000000000000e+03 1.575069373454122458e-05
1.118000000000000000e+03 1.565671765395867013e-05
1.119000000000000000e+03 1.564685350482856590e-05
1.120000000000000000e+03 1.564769302300798319e-05
1.121000000000000000e+03 1.566684863670767856e-05
1.122000000000000000e+03 1.569317634372661556e-05
1.123000000000000000e+03 1.564444932228070806e-05
1.124000000000000000e+03 1.566796013624601223e-05
1.125000000000000000e+03 1.565811994926965157e-05
1.126000000000000000e+03 1.567632718433742371e-05
1.127000000000000000e+03 1.565212986558132363e-05
1.128000000000000000e+03 1.570245726422096378e-05
1.129000000000000000e+03 1.576710213460804229e-05
1.130000000000000000e+03 1.567514487760490616e-05
1.131000000000000000e+03 1.562329585188611703e-05
1.132000000000000000e+03 1.567098635253690625e-05
1.133000000000000000e+03 1.564310347021091743e-05
1.134000000000000000e+03 1.561906513112868794e-05
1.135000000000000000e+03 1.564085164621550019e-05
1.136000000000000000e+03 1.564194466482149356e-05
1.137000000000000000e+03 1.570486387815132309e-05
1.138000000000000000e+03 1.566385036009402531e-05
1.139000000000000000e+03 1.562974875923828222e-05
1.140000000000000000e+03 1.563524086426089783e-05
1.141000000000000000e+03 1.561180866701761274e-05
1.142000000000000000e+03 1.568833801381212326e-05
1.143000000000000000e+03 1.564379993700034318e-05
1.144000000000000000e+03 1.565784035240843429e-05
1.145000000000000000e+03 1.565303386087179966e-05
1.146000000000000000e+03 1.564360185511759537e-05
1.147000000000000000e+03 1.563654547377761120e-05
1.148000000000000000e+03 1.562495092002791244e-05
1.149000000000000000e+03 1.562870015429022430e-05
1.150000000000000000e+03 1.561668486222818840e-05
1.151000000000000000e+03 1.563269000447083598e-05
1.152000000000000000e+03 1.562221748220811917e-05
1.153000000000000000e+03 1.569458245891534377e-05
1.154000000000000000e+03 1.564141497510718236e-05
1.155000000000000000e+03 1.559024248611725350e-05
1.156000000000000000e+03 1.569804026075871729e-05
1.157000000000000000e+03 1.563834081025561196e-05
1.158000000000000000e+03 1.564358248894374593e-05
1.159000000000000000e+03 1.559880460263229825e-05
1.160000000000000000e+03 1.566084864559040167e-05
1.161000000000000000e+03 1.563675112265627804e-05
1.162000000000000000e+03 1.564199061855712572e-05
1.163000000000000000e+03 1.559742808240116493e-05
1.164000000000000000e+03 1.561096720858282872e-05
1.165000000000000000e+03 1.561972032504854819e-05
1.166000000000000000e+03 1.561287272124900618e-05
1.167000000000000000e+03 1.566347052479007533e-05
1.168000000000000000e+03 1.561060113696536512e-05
1.169000000000000000e+03 1.564131479729742954e-05
1.170000000000000000e+03 1.563295094456407228e-05
1.171000000000000000e+03 1.568576073016932472e-05
1.172000000000000000e+03 1.563440336515971738e-05
1.173000000000000000e+03 1.561104392142927512e-05
1.174000000000000000e+03 1.565168963376587828e-05
1.175000000000000000e+03 1.565903200874648376e-05
1.176000000000000000e+03 1.560736456667655175e-05
1.177000000000000000e+03 1.559410415211459608e-05
1.178000000000000000e+03 1.561695016183269489e-05
1.179000000000000000e+03 1.561354214572929831e-05
1.180000000000000000e+03 1.560146443201423119e-05
1.181000000000000000e+03 1.559321399933347995e-05
1.182000000000000000e+03 1.561302527382698108e-05
1.183000000000000000e+03 1.562832265941930764e-05
1.184000000000000000e+03 1.558382463069089382e-05
1.185000000000000000e+03 1.558409625431522646e-05
1.186000000000000000e+03 1.563938715359351346e-05
1.187000000000000000e+03 1.563854946046679532e-05
1.188000000000000000e+03 1.560146137004873477e-05
1.189000000000000000e+03 1.562495949959459939e-05
1.190000000000000000e+03 1.561777724418789121e-05
1.191000000000000000e+03 1.567462995808455026e-05
1.192000000000000000e+03 1.564108522264480978e-05
1.193000000000000000e+03 1.561058978040819097e-05
1.194000000000000000e+03 1.562200943832673812e-05
1.195000000000000000e+03 1.563370735918094152e-05
1.196000000000000000e+03 1.563322922568962216e-05
1.197000000000000000e+03 1.563288332060134799e-05
1.198000000000000000e+03 1.559526812343392575e-05
1.199000000000000000e+03 1.559525614235705227e-05
1.200000000000000000e+03 1.558348372782347602e-05
1.201000000000000000e+03 1.559129248562385233e-05
1.202000000000000000e+03 1.561523973578005111e-05
1.203000000000000000e+03 1.566035265568643795e-05
1.204000000000000000e+03 1.556562870367391395e-05
1.205000000000000000e+03 1.564033232474078784e-05
1.206000000000000000e+03 1.563409771430694179e-05
1.207000000000000000e+03 1.555397002448444119e-05
1.208000000000000000e+03 1.568049856359721161e-05
1.209000000000000000e+03 1.558155318586310956e-05
1.210000000000000000e+03 1.558476906211581149e-05
1.211000000000000000e+03 1.561040976109021982e-05
1.212000000000000000e+03 1.555362308863550547e-05
1.213000000000000000e+03 1.564870107661893870e-05
1.214000000000000000e+03 1.560354175429286782e-05
1.215000000000000000e+03 1.557402891800544850e-05
1.216000000000000000e+03 1.560700752330982697e-05
1.217000000000000000e+03 1.554897757159778903e-05
1.218000000000000000e+03 1.557471045089186951e-05
1.219000000000000000e+03 1.561504310908882410e-05
1.220000000000000000e+03 1.556951888536180797e-05
1.221000000000000000e+03 1.565453620059997612e-05
1.222000000000000000e+03 1.560197322154029524e-05
1.223000000000000000e+03 1.559939563473259724e-05
1.224000000000000000e+03 1.556243842060212046e-05
1.225000000000000000e+03 1.571684049849864001e-05
1.226000000000000000e+03 1.558069045131560442e-05
1.227000000000000000e+03 1.556816863740095991e-05
1.228000000000000000e+03 1.559259705876077845e-05
1.229000000000000000e+03 1.557086246975813979e-05
1.230000000000000000e+03 1.557079012854956158e-05
1.231000000000000000e+03 1.556118829588134093e-05
1.232000000000000000e+03 1.555899209658188426e-05
1.233000000000000000e+03 1.562059513162239495e-05
1.234000000000000000e+03 1.558238234792952263e-05
1.235000000000000000e+03 1.555725154200141781e-05
1.236000000000000000e+03 1.562434063695642818e-05
1.237000000000000000e+03 1.561088406864049341e-05
1.238000000000000000e+03 1.555040311359334656e-05
1.239000000000000000e+03 1.556287800970797625e-05
1.240000000000000000e+03 1.561780539608055991e-05
1.241000000000000000e+03 1.558985476852588702e-05
1.242000000000000000e+03 1.558512743940809728e-05
1.243000000000000000e+03 1.555357304217371532e-05
1.244000000000000000e+03 1.555924010366046244e-05
1.245000000000000000e+03 1.554972487914104253e-05
1.246000000000000000e+03 1.556305839282383013e-05
1.247000000000000000e+03 1.556704837033369722e-05
1.248000000000000000e+03 1.562153040140401599e-05
1.249000000000000000e+03 1.554242053316556984e-05
1.250000000000000000e+03 1.561475897081739697e-05
1.251000000000000000e+03 1.554549471014373148e-05
1.252000000000000000e+03 1.554886733477663582e-05
1.253000000000000000e+03 1.556033665716919674e-05
1.254000000000000000e+03 1.556406393622940726e-05
1.255000000000000000e+03 1.552929197108217862e-05
1.256000000000000000e+03 1.556236829856061241e-05
1.257000000000000000e+03 1.557491460213592928e-05
1.258000000000000000e+03 1.570651532044090942e-05
1.259000000000000000e+03 1.553509837928383468e-05
1.260000000000000000e+03 1.555501542194785366e-05
1.261000000000000000e+03 1.557578567371820181e-05
1.262000000000000000e+03 1.553688354154777088e-05
1.263000000000000000e+03 1.555850615356272631e-05
1.264000000000000000e+03 1.553508955112192915e-05
1.265000000000000000e+03 1.558664354888605912e-05
1.266000000000000000e+03 1.557415410085620107e-05
1.267000000000000000e+03 1.559458362559477547e-05
1.268000000000000000e+03 1.552060369552540062e-05
1.269000000000000000e+03 1.558685208389457832e-05
1.270000000000000000e+03 1.558748404325645709e-05
1.271000000000000000e+03 1.560875728197667293e-05
1.272000000000000000e+03 1.555009004126380436e-05
1.273000000000000000e+03 1.551800401405974448e-05
1.274000000000000000e+03 1.563305607608829958e-05
1.275000000000000000e+03 1.550909648358356370e-05
1.276000000000000000e+03 1.553419844033972598e-05
1.277000000000000000e+03 1.551817291935246105e-05
1.278000000000000000e+03 1.564607735417666886e-05
1.279000000000000000e+03 1.555583393079965865e-05
1.280000000000000000e+03 1.561235692861373577e-05
1.281000000000000000e+03 1.560426525126482918e-05
1.282000000000000000e+03 1.561005449426981233e-05
1.283000000000000000e+03 1.554859475315121614e-05
1.284000000000000000e+03 1.551666349162890909e-05
1.285000000000000000e+03 1.559251216046201609e-05
1.286000000000000000e+03 1.555391504249807019e-05
1.287000000000000000e+03 1.554265938466414701e-05
1.288000000000000000e+03 1.552931252566243665e-05
1.289000000000000000e+03 1.554695564967308364e-05
1.290000000000000000e+03 1.551658888274687207e-05
1.291000000000000000e+03 1.554564414618653245e-05
1.292000000000000000e+03 1.552863732892243980e-05
1.293000000000000000e+03 1.550492310343542918e-05
1.294000000000000000e+03 1.552121930823583673e-05
1.295000000000000000e+03 1.553924644516276420e-05
1.296000000000000000e+03 1.553414914572689057e-05
1.297000000000000000e+03 1.554556374685489708e-05
1.298000000000000000e+03 1.550811615137111864e-05
1.299000000000000000e+03 1.555711888916751676e-05
1.300000000000000000e+03 1.550300596136366976e-05
1.301000000000000000e+03 1.553511180342563095e-05
1.302000000000000000e+03 1.555940045363968130e-05
1.303000000000000000e+03 1.558159602912686004e-05
1.304000000000000000e+03 1.553526355564827262e-05
1.305000000000000000e+03 1.553152107589994517e-05
1.306000000000000000e+03 1.555745804580510553e-05
1.307000000000000000e+03 1.552530652891922239e-05
1.308000000000000000e+03 1.553403441600190938e-05
1.309000000000000000e+03 1.552868992803269120e-05
1.310000000000000000e+03 1.558245596849398436e-05
1.311000000000000000e+03 1.551873395631749516e-05
1.312000000000000000e+03 1.552471915905092312e-05
1.313000000000000000e+03 1.550828999825171168e-05
1.314000000000000000e+03 1.551990845958546974e-05
1.315000000000000000e+03 1.552341508310443416e-05
1.316000000000000000e+03 1.550481477655315106e-05
1.317000000000000000e+03 1.550840158112502392e-05
1.318000000000000000e+03 1.555141131272345448e-05
1.319000000000000000e+03 1.551206567455665046e-05
1.320000000000000000e+03 1.549332741584900610e-05
1.321000000000000000e+03 1.550466611054919844e-05
1.322000000000000000e+03 1.552576427153932637e-05
1.323000000000000000e+03 1.548704227995282637e-05
1.324000000000000000e+03 1.550826056700316285e-05
1.325000000000000000e+03 1.548853135318495360e-05
1.326000000000000000e+03 1.550380033222609051e-05
1.327000000000000000e+03 1.555175188817278019e-05
1.328000000000000000e+03 1.551140505398507122e-05
1.329000000000000000e+03 1.550916541115536076e-05
1.330000000000000000e+03 1.558282901290415929e-05
1.331000000000000000e+03 1.557892938459796620e-05
1.332000000000000000e+03 1.553822955732660755e-05
1.333000000000000000e+03 1.553575815099369204e-05
1.334000000000000000e+03 1.553050817771388034e-05
1.335000000000000000e+03 1.556397763124550598e-05
1.336000000000000000e+03 1.548401267427834723e-05
1.337000000000000000e+03 1.551205592477344854e-05
1.338000000000000000e+03 1.556798052358014095e-05
1.339000000000000000e+03 1.556059984068269923e-05
1.340000000000000000e+03 1.555585386086022414e-05
1.341000000000000000e+03 1.557887459663712950e-05
1.342000000000000000e+03 1.553196002229621477e-05
1.343000000000000000e+03 1.552858974415964277e-05
1.344000000000000000e+03 1.551664187597149786e-05
1.345000000000000000e+03 1.547803128535937042e-05
1.346000000000000000e+03 1.551127328032938030e-05
1.347000000000000000e+03 1.555001807597970352e-05
1.348000000000000000e+03 1.548963969980832271e-05
1.349000000000000000e+03 1.549953071541191650e-05
1.350000000000000000e+03 1.547922482738310233e-05
1.351000000000000000e+03 1.548388157971203314e-05
1.352000000000000000e+03 1.548728232592111453e-05
1.353000000000000000e+03 1.552323265059385516e-05
1.354000000000000000e+03 1.550091559086771084e-05
1.355000000000000000e+03 1.554562950938513156e-05
1.356000000000000000e+03 1.557367055890305634e-05
1.357000000000000000e+03 1.549448694883418868e-05
1.358000000000000000e+03 1.547309369925642508e-05
1.359000000000000000e+03 1.563360188811202412e-05
1.360000000000000000e+03 1.546852578636995979e-05
1.361000000000000000e+03 1.549649781130332037e-05
1.362000000000000000e+03 1.550318364631190658e-05
1.363000000000000000e+03 1.548114181787241372e-05
1.364000000000000000e+03 1.553407910857155505e-05
1.365000000000000000e+03 1.547492437263523718e-05
1.366000000000000000e+03 1.548509983573846335e-05
1.367000000000000000e+03 1.550488936724529445e-05
1.368000000000000000e+03 1.550557267061473374e-05
1.369000000000000000e+03 1.550884660294589771e-05
1.370000000000000000e+03 1.550697417769697657e-05
1.371000000000000000e+03 1.548777850985061255e-05
1.372000000000000000e+03 1.547152534840279218e-05
1.373000000000000000e+03 1.552102300289940620e-05
1.374000000000000000e+03 1.547354110395341846e-05
1.375000000000000000e+03 1.547168640172458389e-05
1.376000000000000000e+03 1.548827550019874958e-05
1.377000000000000000e+03 1.551176107871772905e-05
1.378000000000000000e+03 1.546443727420410277e-05
1.379000000000000000e+03 1.548026600479109464e-05
1.380000000000000000e+03 1.546515265848332269e-05
1.381000000000000000e+03 1.547217732271140896e-05
1.382000000000000000e+03 1.549588348401206001e-05
1.383000000000000000e+03 1.548961879962007556e-05
1.384000000000000000e+03 1.548317809768680640e-05
1.385000000000000000e+03 1.555100275557682075e-05
1.386000000000000000e+03 1.547808222312596532e-05
1.387000000000000000e+03 1.545991153155531014e-05
1.388000000000000000e+03 1.547048970678588403e-05
1.389000000000000000e+03 1.552374624225194566e-05
1.390000000000000000e+03 1.547153260617051274e-05
1.391000000000000000e+03 1.543884811326279264e-05
1.392000000000000000e+03 1.546202910200614972e-05
1.393000000000000000e+03 1.544006760013871772e-05
1.394000000000000000e+03 1.550098864148215751e-05
1.395000000000000000e+03 1.545542811678994060e-05
1.396000000000000000e+03 1.546857195838432229e-05
1.397000000000000000e+03 1.545637089293450076e-05
1.398000000000000000e+03 1.548084127837985965e-05
1.399000000000000000e+03 1.545920967449395265e-05
1.400000000000000000e+03 1.546762108773691431e-05
1.401000000000000000e+03 1.545815099840789633e-05
1.402000000000000000e+03 1.550014439393028828e-05
1.403000000000000000e+03 1.547617387889961977e-05
1.404000000000000000e+03 1.547208699169762860e-05
1.405000000000000000e+03 1.545792703230593524e-05
1.406000000000000000e+03 1.549215599879971719e-05
1.407000000000000000e+03 1.544629625035061698e-05
1.408000000000000000e+03 1.548847754747839658e-05
1.409000000000000000e+03 1.547022831194529684e-05
1.410000000000000000e+03 1.547409441627678312e-05
1.411000000000000000e+03 1.546189007664603725e-05
1.412000000000000000e+03 1.549436384569465624e-05
1.413000000000000000e+03 1.546113324366160777e-05
1.414000000000000000e+03 1.548424159409478280e-05
1.415000000000000000e+03 1.548670811947279834e-05
1.416000000000000000e+03 1.545872860636639566e-05
1.417000000000000000e+03 1.544034859155847929e-05
1.418000000000000000e+03 1.545858882309403284e-05
1.419000000000000000e+03 1.548554466353380284e-05
1.420000000000000000e+03 1.544032547826645760e-05
1.421000000000000000e+03 1.548301375805749571e-05
1.422000000000000000e+03 1.544310052850050987e-05
1.423000000000000000e+03 1.552054759182889653e-05
1.424000000000000000e+03 1.544594401517921766e-05
1.425000000000000000e+03 1.544754718149003213e-05
1.426000000000000000e+03 1.550293861631265230e-05
1.427000000000000000e+03 1.548858759633731111e-05
1.428000000000000000e+03 1.545793300465447666e-05
1.429000000000000000e+03 1.545006979237465813e-05
1.430000000000000000e+03 1.543623808781073028e-05
1.431000000000000000e+03 1.543977343923567407e-05
1.432000000000000000e+03 1.545760729034858117e-05
1.433000000000000000e+03 1.544312489083192005e-05
1.434000000000000000e+03 1.546390118164708851e-05
1.435000000000000000e+03 1.544863443389961639e-05
1.436000000000000000e+03 1.547220993112811499e-05
1.437000000000000000e+03 1.545999336788857607e-05
1.438000000000000000e+03 1.545748221057389476e-05
1.439000000000000000e+03 1.543000365321252828e-05
1.440000000000000000e+03 1.545313312211268078e-05
1.441000000000000000e+03 1.550416692528718389e-05
1.442000000000000000e+03 1.544781016491469792e-05
1.443000000000000000e+03 1.543548982226638973e-05
1.444000000000000000e+03 1.542828371990860215e-05
1.445000000000000000e+03 1.546978013114615609e-05
1.446000000000000000e+03 1.545243821965414099e-05
1.447000000000000000e+03 1.544798168348885902e-05
1.448000000000000000e+03 1.547500298329396065e-05
1.449000000000000000e+03 1.557030199667982172e-05
1.450000000000000000e+03 1.545552314079638224e-05
1.451000000000000000e+03 1.541501684793426254e-05
1.452000000000000000e+03 1.544830666413569680e-05
1.453000000000000000e+03 1.544730461318977096e-05
1.454000000000000000e+03 1.542435728576189600e-05
1.455000000000000000e+03 1.543798482695516946e-05
1.456000000000000000e+03 1.544358420990950802e-05
1.457000000000000000e+03 1.547325462524895461e-05
1.458000000000000000e+03 1.542677685696010946e-05
1.459000000000000000e+03 1.544590703512464344e-05
1.460000000000000000e+03 1.547093723881213620e-05
1.461000000000000000e+03 1.543007369036786380e-05
1.462000000000000000e+03 1.541681720482302007e-05
1.463000000000000000e+03 1.556201378965245866e-05
1.464000000000000000e+03 1.542987694847397601e-05
1.465000000000000000e+03 1.548469963381649063e-05
1.466000000000000000e+03 1.544972332339966792e-05
1.467000000000000000e+03 1.542517755297012464e-05
1.468000000000000000e+03 1.541140830643901867e-05
1.469000000000000000e+03 1.544714911384896042e-05
1.470000000000000000e+03 1.543923963254201226e-05
1.471000000000000000e+03 1.547123740844350852e-05
1.472000000000000000e+03 1.541558241418291189e-05
1.473000000000000000e+03 1.541764221959359427e-05
1.474000000000000000e+03 1.542489585820779361e-05
1.475000000000000000e+03 1.541470751059629798e-05
1.476000000000000000e+03 1.542830873101290091e-05
1.477000000000000000e+03 1.546663660216533137e-05
1.478000000000000000e+03 1.545065336661840326e-05
1.479000000000000000e+03 1.540073686555843018e-05
1.480000000000000000e+03 1.543802080656557038e-05
1.481000000000000000e+03 1.542243254637772591e-05
1.482000000000000000e+03 1.547283186179508163e-05
1.483000000000000000e+03 1.542479766915979278e-05
1.484000000000000000e+03 1.541272989925346188e-05
1.485000000000000000e+03 1.541789866071970359e-05
1.486000000000000000e+03 1.542873370757054843e-05
1.487000000000000000e+03 1.540635526907863244e-05
1.488000000000000000e+03 1.542957743974208688e-05
1.489000000000000000e+03 1.541412829586382303e-05
1.490000000000000000e+03 1.540888448289479143e-05
1.491000000000000000e+03 1.545293888436087237e-05
1.492000000000000000e+03 1.545405973350474135e-05
1.493000000000000000e+03 1.542418233536106350e-05
1.494000000000000000e+03 1.542711515260937835e-05
1.495000000000000000e+03 1.543469019452459165e-05
1.496000000000000000e+03 1.544661434915421157e-05
1.497000000000000000e+03 1.543334215966751813e-05
1.498000000000000000e+03 1.543622399064285280e-05
1.499000000000000000e+03 1.540984852908877710e-05
1.500000000000000000e+03 1.542465777674806142e-05
1.501000000000000000e+03 1.541867895260414387e-05
1.502000000000000000e+03 1.542874532484953917e-05
1.503000000000000000e+03 1.546442609348256929e-05
1.504000000000000000e+03 1.542989250689667330e-05
1.505000000000000000e+03 1.540879481278049427e-05
1.506000000000000000e+03 1.542690116063264851e-05
1.507000000000000000e+03 1.541033023992592027e-05
1.508000000000000000e+03 1.548407901282189577e-05
1.509000000000000000e+03 1.543876707728486671e-05
1.510000000000000000e+03 1.539663715448113927e-05
1.511000000000000000e+03 1.548489911025777935e-05
1.512000000000000000e+03 1.542940116754228460e-05
1.513000000000000000e+03 1.542129984348624224e-05
1.514000000000000000e+03 1.544543829368194565e-05
1.515000000000000000e+03 1.545864047632979521e-05
1.516000000000000000e+03 1.543303046370662321e-05
1.517000000000000000e+03 1.541397562808318397e-05
1.518000000000000000e+03 1.551137095399705374e-05
1.519000000000000000e+03 1.540712270070798573e-05
1.520000000000000000e+03 1.542087614022117584e-05
1.521000000000000000e+03 1.541139818679463839e-05
1.522000000000000000e+03 1.541113610073807636e-05
1.523000000000000000e+03 1.541919634595008751e-05
1.524000000000000000e+03 1.543719787150621292e-05
1.525000000000000000e+03 1.540998059378277286e-05
1.526000000000000000e+03 1.544171516191757739e-05
1.527000000000000000e+03 1.541194521754126316e-05
1.528000000000000000e+03 1.538141087924789943e-05
1.529000000000000000e+03 1.540101674739465329e-05
1.530000000000000000e+03 1.541389839985640679e-05
1.531000000000000000e+03 1.543721862617530765e-05
1.532000000000000000e+03 1.542226014256205567e-05
1.533000000000000000e+03 1.543899582126565822e-05
1.534000000000000000e+03 1.540730708560052607e-05
1.535000000000000000e+03 1.539283556970379459e-05
1.536000000000000000e+03 1.541429983869117338e-05
1.537000000000000000e+03 1.542805596424538255e-05
1.538000000000000000e+03 1.538447186248958974e-05
1.539000000000000000e+03 1.539175416231349295e-05
1.540000000000000000e+03 1.542664186975647070e-05
1.541000000000000000e+03 1.543862665736620994e-05
1.542000000000000000e+03 1.544085460409405614e-05
1.543000000000000000e+03 1.544795553854782917e-05
1.544000000000000000e+03 1.539006561870337599e-05
1.545000000000000000e+03 1.538742119009839330e-05
1.546000000000000000e+03 1.540659690969429482e-05
1.547000000000000000e+03 1.539267520153468209e-05
1.548000000000000000e+03 1.539243559818715020e-05
1.549000000000000000e+03 1.540736517805877875e-05
1.550000000000000000e+03 1.542219280357433721e-05
1.551000000000000000e+03 1.541091432348669718e-05
1.552000000000000000e+03 1.538465401002516290e-05
1.553000000000000000e+03 1.541800827302116424e-05
1.554000000000000000e+03 1.542321486340369867e-05
1.555000000000000000e+03 1.540969041040322302e-05
1.556000000000000000e+03 1.540341789829350634e-05
1.557000000000000000e+03 1.542438424924815271e-05
1.558000000000000000e+03 1.543712300796566171e-05
1.559000000000000000e+03 1.538862041343236179e-05
1.560000000000000000e+03 1.537145549567261207e-05
1.561000000000000000e+03 1.539402626197746479e-05
1.562000000000000000e+03 1.538381683227877894e-05
1.563000000000000000e+03 1.538800157504738322e-05
1.564000000000000000e+03 1.542486546895816113e-05
1.565000000000000000e+03 1.538794792092327762e-05
1.566000000000000000e+03 1.538774217503184025e-05
1.567000000000000000e+03 1.541700411811082903e-05
1.568000000000000000e+03 1.539991380316981393e-05
1.569000000000000000e+03 1.538650839696250339e-05
1.570000000000000000e+03 1.540618378082096298e-05
1.571000000000000000e+03 1.538991349661955596e-05
1.572000000000000000e+03 1.537805835444790563e-05
1.573000000000000000e+03 1.543520946749291873e-05
1.574000000000000000e+03 1.541772784548811533e-05
1.575000000000000000e+03 1.536373348547688991e-05
1.576000000000000000e+03 1.538402327544948338e-05
1.577000000000000000e+03 1.538554462968022454e-05
1.578000000000000000e+03 1.540871983403727889e-05
1.579000000000000000e+03 1.540402049916641080e-05
1.580000000000000000e+03 1.537589734653011127e-05
1.581000000000000000e+03 1.539925766943876366e-05
1.582000000000000000e+03 1.540679698033879124e-05
1.583000000000000000e+03 1.538352016723365591e-05
1.584000000000000000e+03 1.537922250160287597e-05
1.585000000000000000e+03 1.538340827513214520e-05
1.586000000000000000e+03 1.540146548601721108e-05
1.587000000000000000e+03 1.539029835839755833e-05
1.588000000000000000e+03 1.539445157807979903e-05
1.589000000000000000e+03 1.538427418078451193e-05
1.590000000000000000e+03 1.538775958882373173e-05
1.591000000000000000e+03 1.541550444623377800e-05
1.592000000000000000e+03 1.536541967046408329e-05
1.593000000000000000e+03 1.538942518891417543e-05
1.594000000000000000e+03 1.536287087219534455e-05
1.595000000000000000e+03 1.538867374620167430e-05
1.596000000000000000e+03 1.540404283029298951e-05
1.597000000000000000e+03 1.536526284326100736e-05
1.598000000000000000e+03 1.538264414193690890e-05
1.599000000000000000e+03 1.536534633487463079e-05
1.600000000000000000e+03 1.539211732354791155e-05
1.601000000000000000e+03 1.538061270063432654e-05
1.602000000000000000e+03 1.541872028610668927e-05
1.603000000000000000e+03 1.535999076319664289e-05
1.604000000000000000e+03 1.538368402179912745e-05
1.605000000000000000e+03 1.538405570803054874e-05
1.606000000000000000e+03 1.536984638126644544e-05
1.607000000000000000e+03 1.538729421857472883e-05
1.608000000000000000e+03 1.540524158068971348e-05
1.609000000000000000e+03 1.541213778788611945e-05
1.610000000000000000e+03 1.540070488772471571e-05
1.611000000000000000e+03 1.536601732368580889e-05
1.612000000000000000e+03 1.537936971847860340e-05
1.613000000000000000e+03 1.541609995304800795e-05
1.614000000000000000e+03 1.536876610771287151e-05
1.615000000000000000e+03 1.537892925625783310e-05
1.616000000000000000e+03 1.535334524305653853e-05
1.617000000000000000e+03 1.537097823529620723e-05
1.618000000000000000e+03 1.536885560199152800e-05
1.619000000000000000e+03 1.538579749346051005e-05
1.620000000000000000e+03 1.535095846823726978e-05
1.621000000000000000e+03 1.539981763320004995e-05
1.622000000000000000e+03 1.535188370326068307e-05
1.623000000000000000e+03 1.538245468812722992e-05
1.624000000000000000e+03 1.538583859049443489e-05
1.625000000000000000e+03 1.538436066160405388e-05
1.626000000000000000e+03 1.535360732911309717e-05
1.627000000000000000e+03 1.538917693324037868e-05
1.628000000000000000e+03 1.539029772781456677e-05
1.629000000000000000e+03 1.536053816380444941e-05
1.630000000000000000e+03 1.537303918667021194e-05
1.631000000000000000e+03 1.538251170131843578e-05
1.632000000000000000e+03 1.539937990552668059e-05
1.633000000000000000e+03 1.537752077638287893e-05
1.634000000000000000e+03 1.538594016286272862e-05
1.635000000000000000e+03 1.536402030978933949e-05
1.636000000000000000e+03 1.534395988831723347e-05
1.637000000000000000e+03 1.537890765879031550e-05
1.638000000000000000e+03 1.535591756085826458e-05
1.639000000000000000e+03 1.537255073950897461e-05
1.640000000000000000e+03 1.536416569554906536e-05
1.641000000000000000e+03 1.538787313620559993e-05
1.642000000000000000e+03 1.536185143777402226e-05
1.643000000000000000e+03 1.538158108208638976e-05
1.644000000000000000e+03 1.535218752299745710e-05
1.645000000000000000e+03 1.538423963817573819e-05
1.646000000000000000e+03 1.537967013670519769e-05
1.647000000000000000e+03 1.534495566981301405e-05
1.648000000000000000e+03 1.536199890324496827e-05
1.649000000000000000e+03 1.537200885043906300e-05
1.650000000000000000e+03 1.535662195237818970e-05
1.651000000000000000e+03 1.536262185860929745e-05
1.652000000000000000e+03 1.535485688388386503e-05
1.653000000000000000e+03 1.537154328616452241e-05
1.654000000000000000e+03 1.535316893447694899e-05
1.655000000000000000e+03 1.535855445278381650e-05
1.656000000000000000e+03 1.535245380485624327e-05
1.657000000000000000e+03 1.535414377940469516e-05
1.658000000000000000e+03 1.537449346869834685e-05
1.659000000000000000e+03 1.536918335962885298e-05
1.660000000000000000e+03 1.534565113615826649e-05
1.661000000000000000e+03 1.535261467021579630e-05
1.662000000000000000e+03 1.535711136966710870e-05
1.663000000000000000e+03 1.536146065821715937e-05
1.664000000000000000e+03 1.537180577846205005e-05
1.665000000000000000e+03 1.537733922911380908e-05
1.666000000000000000e+03 1.534456869800730330e-05
1.667000000000000000e+03 1.536375684736413018e-05
1.668000000000000000e+03 1.534925330512730234e-05
1.669000000000000000e+03 1.534615507504592222e-05
1.670000000000000000e+03 1.537288379040546756e-05
1.671000000000000000e+03 1.537826963006712816e-05
1.672000000000000000e+03 1.534266918800615890e-05
1.673000000000000000e+03 1.536645003701172049e-05
1.674000000000000000e+03 1.538690935679672646e-05
1.675000000000000000e+03 1.537690801948580693e-05
1.676000000000000000e+03 1.535875811290073474e-05
1.677000000000000000e+03 1.535454804373633422e-05
1.678000000000000000e+03 1.536013010384825283e-05
1.679000000000000000e+03 1.538624821478151743e-05
1.680000000000000000e+03 1.535203431558329463e-05
1.681000000000000000e+03 1.538078806940272266e-05
1.682000000000000000e+03 1.537750857096398290e-05
1.683000000000000000e+03 1.536597619633539580e-05
1.684000000000000000e+03 1.534840364305030874e-05
1.685000000000000000e+03 1.533713355456711697e-05
1.686000000000000000e+03 1.534174043626990169e-05
1.687000000000000000e+03 1.534759165224386420e-05
1.688000000000000000e+03 1.534321912307253305e-05
1.689000000000000000e+03 1.533875857300396662e-05
1.690000000000000000e+03 1.533529831552489899e-05
1.691000000000000000e+03 1.537262576675857526e-05
1.692000000000000000e+03 1.535456759180912334e-05
1.693000000000000000e+03 1.535210947622544969e-05
1.694000000000000000e+03 1.534180521048256088e-05
1.695000000000000000e+03 1.534938378123721611e-05
1.696000000000000000e+03 1.535682483032966495e-05
1.697000000000000000e+03 1.534100070178586283e-05
1.698000000000000000e+03 1.534775733186203830e-05
1.699000000000000000e+03 1.537606268660359526e-05
1.700000000000000000e+03 1.533265821611469823e-05
1.701000000000000000e+03 1.536994373357932240e-05
1.702000000000000000e+03 1.535109267327546556e-05
1.703000000000000000e+03 1.536352786085141571e-05
1.704000000000000000e+03 1.534544220097207730e-05
1.705000000000000000e+03 1.534260313443761958e-05
1.706000000000000000e+03 1.535145628319393605e-05
1.707000000000000000e+03 1.533456289204574843e-05
1.708000000000000000e+03 1.534074828062633358e-05
1.709000000000000000e+03 1.533480310172308263e-05
1.710000000000000000e+03 1.534558294224552715e-05
1.711000000000000000e+03 1.534944584515566699e-05
1.712000000000000000e+03 1.535194944760102391e-05
1.713000000000000000e+03 1.534448175637711145e-05
1.714000000000000000e+03 1.534853428286927195e-05
1.715000000000000000e+03 1.535878996340519042e-05
1.716000000000000000e+03 1.533883010173061359e-05
1.717000000000000000e+03 1.533692048421168353e-05
1.718000000000000000e+03 1.533408133279105329e-05
1.719000000000000000e+03 1.533443752123275718e-05
1.720000000000000000e+03 1.534008844828349633e-05
1.721000000000000000e+03 1.533770026071579304e-05
1.722000000000000000e+03 1.536318948637926992e-05
1.723000000000000000e+03 1.532753978002195688e-05
1.724000000000000000e+03 1.536877951366477754e-05
1.725000000000000000e+03 1.533989819411848073e-05
1.726000000000000000e+03 1.534032839723901395e-05
1.727000000000000000e+03 1.534769440695527091e-05
1.728000000000000000e+03 1.532091147358490392e-05
1.729000000000000000e+03 1.532926081684611908e-05
1.730000000000000000e+03 1.535029285757142880e-05
1.731000000000000000e+03 1.536357967779622413e-05
1.732000000000000000e+03 1.533102849255859267e-05
1.733000000000000000e+03 1.534388054399945229e-05
1.734000000000000000e+03 1.532640883548689687e-05
1.735000000000000000e+03 1.532930332662848185e-05
1.736000000000000000e+03 1.535596078610979143e-05
1.737000000000000000e+03 1.532741396052491375e-05
1.738000000000000000e+03 1.532289069776500786e-05
1.739000000000000000e+03 1.533164368690146854e-05
1.740000000000000000e+03 1.532791370361034534e-05
1.741000000000000000e+03 1.533901965861635534e-05
1.742000000000000000e+03 1.535278968124960869e-05
1.743000000000000000e+03 1.533256769107538357e-05
1.744000000000000000e+03 1.533079122964409072e-05
1.745000000000000000e+03 1.534086430183378952e-05
1.746000000000000000e+03 1.531615231821585114e-05
1.747000000000000000e+03 1.533252218602380328e-05
1.748000000000000000e+03 1.534672434596965755e-05
1.749000000000000000e+03 1.532660600181164390e-05
1.750000000000000000e+03 1.533334906829016630e-05
1.751000000000000000e+03 1.535130424599628855e-05
1.752000000000000000e+03 1.536352644810297778e-05
1.753000000000000000e+03 1.532591737486654838e-05
1.754000000000000000e+03 1.532112768472870731e-05
1.755000000000000000e+03 1.531853087120301328e-05
1.756000000000000000e+03 1.531017511297250045e-05
1.757000000000000000e+03 1.533801280553840645e-05
1.758000000000000000e+03 1.532466232068448701e-05
1.759000000000000000e+03 1.536277371390800189e-05
1.760000000000000000e+03 1.533055708932806846e-05
1.761000000000000000e+03 1.533254351064291306e-05
1.762000000000000000e+03 1.534174828217752754e-05
1.763000000000000000e+03 1.535300406734070952e-05
1.764000000000000000e+03 1.532082484118291055e-05
1.765000000000000000e+03 1.532465657874127054e-05
1.766000000000000000e+03 1.533577635806674682e-05
1.767000000000000000e+03 1.531703457658295615e-05
1.768000000000000000e+03 1.532491893158294139e-05
1.769000000000000000e+03 1.532096253868076100e-05
1.770000000000000000e+03 1.532064747152617120e-05
1.771000000000000000e+03 1.533426164921062828e-05
1.772000000000000000e+03 1.530847783821324512e-05
1.773000000000000000e+03 1.532219335179737198e-05
1.774000000000000000e+03 1.531665007253953413e-05
1.775000000000000000e+03 1.533962681908936668e-05
1.776000000000000000e+03 1.536794710773392499e-05
1.777000000000000000e+03 1.535172520865065501e-05
1.778000000000000000e+03 1.530860870843753327e-05
1.779000000000000000e+03 1.533574418620749805e-05
1.780000000000000000e+03 1.532336294985725395e-05
1.781000000000000000e+03 1.532414872296309751e-05
1.782000000000000000e+03 1.531688573474335947e-05
1.783000000000000000e+03 1.532790186198932866e-05
1.784000000000000000e+03 1.533001916565505604e-05
1.785000000000000000e+03 1.532162950146206002e-05
1.786000000000000000e+03 1.531891221020487273e-05
1.787000000000000000e+03 1.532362906194369506e-05
1.788000000000000000e+03 1.533728313612907037e-05
1.789000000000000000e+03 1.536418823282777638e-05
1.790000000000000000e+03 1.532597039840766242e-05
1.791000000000000000e+03 1.533110814610457232e-05
1.792000000000000000e+03 1.533005261080688932e-05
1.793000000000000000e+03 1.533479968202300248e-05
1.794000000000000000e+03 1.531851408193081774e-05
1.795000000000000000e+03 1.532736385949343933e-05
1.796000000000000000e+03 1.533831370276554087e-05
1.797000000000000000e+03 1.532853964818059304e-05
1.798000000000000000e+03 1.532478505396284109e-05
1.799000000000000000e+03 1.531079595224582563e-05
1.800000000000000000e+03 1.531404526758706184e-05
1.801000000000000000e+03 1.531237984939555781e-05
1.802000000000000000e+03 1.531773368697031469e-05
1.803000000000000000e+03 1.532391750515671488e-05
1.804000000000000000e+03 1.534180056599628486e-05
1.805000000000000000e+03 1.530672649702561618e-05
1.806000000000000000e+03 1.531917187700552452e-05
1.807000000000000000e+03 1.532159100558298171e-05
1.808000000000000000e+03 1.530026720502064496e-05
1.809000000000000000e+03 1.530332417435905420e-05
1.810000000000000000e+03 1.533155367724248127e-05
1.811000000000000000e+03 1.531002853880636258e-05
1.812000000000000000e+03 1.532549761880848754e-05
1.813000000000000000e+03 1.531159438551791611e-05
1.814000000000000000e+03 1.530479404512637465e-05
1.815000000000000000e+03 1.532732176201534458e-05
1.816000000000000000e+03 1.530456744755307879e-05
1.817000000000000000e+03 1.530210135266922149e-05
1.818000000000000000e+03 1.530477066504924415e-05
1.819000000000000000e+03 1.531079547930858112e-05
1.820000000000000000e+03 1.532637193425519617e-05
1.821000000000000000e+03 1.529629492627767180e-05
1.822000000000000000e+03 1.531852612970397012e-05
1.823000000000000000e+03 1.530794434074778178e-05
1.824000000000000000e+03 1.531754704046761454e-05
1.825000000000000000e+03 1.531962507215211964e-05
1.826000000000000000e+03 1.531453569744674876e-05
1.827000000000000000e+03 1.529366616523475495e-05
1.828000000000000000e+03 1.530515171907609437e-05
1.829000000000000000e+03 1.529678656879695996e-05
1.830000000000000000e+03 1.530666769516149842e-05
1.831000000000000000e+03 1.530252172718367927e-05
1.832000000000000000e+03 1.530150096490009157e-05
1.833000000000000000e+03 1.530189153224152315e-05
1.834000000000000000e+03 1.530819341496680877e-05
1.835000000000000000e+03 1.530414818262215609e-05
1.836000000000000000e+03 1.530759262702000885e-05
1.837000000000000000e+03 1.531322266600909548e-05
1.838000000000000000e+03 1.531458984269799250e-05
1.839000000000000000e+03 1.530419523987802772e-05
1.840000000000000000e+03 1.530025433870226573e-05
1.841000000000000000e+03 1.529373517162942552e-05
1.842000000000000000e+03 1.530908357381122051e-05
1.843000000000000000e+03 1.531767534591684343e-05
1.844000000000000000e+03 1.529337979566965626e-05
1.845000000000000000e+03 1.531553816676023484e-05
1.846000000000000000e+03 1.530793793790508211e-05
1.847000000000000000e+03 1.529671138996491127e-05
1.848000000000000000e+03 1.531973019761305132e-05
1.849000000000000000e+03 1.530982707360332526e-05
1.850000000000000000e+03 1.530100486585676269e-05
1.851000000000000000e+03 1.531412312033353495e-05
1.852000000000000000e+03 1.531479695283148254e-05
1.853000000000000000e+03 1.530680721164874903e-05
1.854000000000000000e+03 1.533248985045550846e-05
1.855000000000000000e+03 1.529704482891247621e-05
1.856000000000000000e+03 1.530929376410010060e-05
1.857000000000000000e+03 1.529790416194979822e-05
1.858000000000000000e+03 1.531384168629301712e-05
1.859000000000000000e+03 1.532901020254939876e-05
1.860000000000000000e+03 1.533619953382488782e-05
1.861000000000000000e+03 1.531102021544939056e-05
1.862000000000000000e+03 1.529905470912732823e-05
1.863000000000000000e+03 1.530212999568902833e-05
1.864000000000000000e+03 1.529467253324886131e-05
1.865000000000000000e+03 1.530207155762278992e-05
1.866000000000000000e+03 1.530245937829022255e-05
1.867000000000000000e+03 1.529126314684011307e-05
1.868000000000000000e+03 1.529505153788098304e-05
1.869000000000000000e+03 1.529396603170122781e-05
1.870000000000000000e+03 1.530818820053051770e-05
1.871000000000000000e+03 1.529710292137072890e-05
1.872000000000000000e+03 1.528998309974364658e-05
1.873000000000000000e+03 1.529810479648100729e-05
1.874000000000000000e+03 1.531596003284600407e-05
1.875000000000000000e+03 1.528188170899132532e-05
1.876000000000000000e+03 1.530600033826582840e-05
1.877000000000000000e+03 1.529196297269663909e-05
1.878000000000000000e+03 1.529937087373885510e-05
1.879000000000000000e+03 1.531250609938676258e-05
1.880000000000000000e+03 1.529739341397847382e-05
1.881000000000000000e+03 1.531019827477090740e-05
1.882000000000000000e+03 1.529333919582616857e-05
1.883000000000000000e+03 1.528258078906219561e-05
1.884000000000000000e+03 1.529673875362883798e-05
1.885000000000000000e+03 1.530670069769257544e-05
1.886000000000000000e+03 1.529704801214393242e-05
1.887000000000000000e+03 1.529871263604339545e-05
1.888000000000000000e+03 1.530214312879252315e-05
1.889000000000000000e+03 1.530400932703438867e-05
1.890000000000000000e+03 1.529701644661448257e-05
1.891000000000000000e+03 1.530376242953934558e-05
1.892000000000000000e+03 1.528580856756889410e-05
1.893000000000000000e+03 1.529409995782770999e-05
1.894000000000000000e+03 1.529770737154952516e-05
1.895000000000000000e+03 1.529056837171083208e-05
1.896000000000000000e+03 1.530343744889251119e-05
1.897000000000000000e+03 1.530233040587821485e-05
1.898000000000000000e+03 1.528603991270453214e-05
1.899000000000000000e+03 1.529095037161217472e-05
1.900000000000000000e+03 1.530018645401772485e-05
1.901000000000000000e+03 1.528170618257718215e-05
1.902000000000000000e+03 1.528624593750767634e-05
1.903000000000000000e+03 1.528953738064349894e-05
1.904000000000000000e+03 1.528973571112146533e-05
1.905000000000000000e+03 1.529089865774343245e-05
1.906000000000000000e+03 1.529934576562178919e-05
1.907000000000000000e+03 1.528403588357226176e-05
1.908000000000000000e+03 1.532343757692918460e-05
1.909000000000000000e+03 1.528590590169187744e-05
1.910000000000000000e+03 1.532591672003036419e-05
1.911000000000000000e+03 1.530128237088016860e-05
1.912000000000000000e+03 1.528862301105012505e-05
1.913000000000000000e+03 1.528562376430879014e-05
1.914000000000000000e+03 1.529291842719733980e-05
1.915000000000000000e+03 1.528317369472157903e-05
1.916000000000000000e+03 1.528134822971575560e-05
1.917000000000000000e+03 1.528515665389325721e-05
1.918000000000000000e+03 1.528516502124451285e-05
1.919000000000000000e+03 1.528258290515319961e-05
1.920000000000000000e+03 1.529592771476018148e-05
1.921000000000000000e+03 1.528075305031961775e-05
1.922000000000000000e+03 1.530868932604789897e-05
1.923000000000000000e+03 1.529263815731004132e-05
1.924000000000000000e+03 1.526941166351510396e-05
1.925000000000000000e+03 1.530173816111831463e-05
1.926000000000000000e+03 1.528226586136345922e-05
1.927000000000000000e+03 1.528984464433354577e-05
1.928000000000000000e+03 1.528499931737314950e-05
1.929000000000000000e+03 1.529313175827458644e-05
1.930000000000000000e+03 1.527691084750889175e-05
1.931000000000000000e+03 1.529243478823142792e-05
1.932000000000000000e+03 1.528696848254185305e-05
1.933000000000000000e+03 1.528473176222178221e-05
1.934000000000000000e+03 1.530340397342418626e-05
1.935000000000000000e+03 1.528148112508157961e-05
1.936000000000000000e+03 1.528624126270490869e-05
1.937000000000000000e+03 1.528335978946415775e-05
1.938000000000000000e+03 1.528185083467785031e-05
1.939000000000000000e+03 1.528259655363702521e-05
1.940000000000000000e+03 1.528994599235981356e-05
1.941000000000000000e+03 1.529482182377250987e-05
1.942000000000000000e+03 1.528819130423168237e-05
1.943000000000000000e+03 1.529332657810300453e-05
1.944000000000000000e+03 1.527891640459226084e-05
1.945000000000000000e+03 1.528132138749545868e-05
1.946000000000000000e+03 1.530522387232243389e-05
1.947000000000000000e+03 1.529291814222233397e-05
1.948000000000000000e+03 1.527236343463300700e-05
1.949000000000000000e+03 1.527560619554909211e-05
1.950000000000000000e+03 1.527547842367009103e-05
1.951000000000000000e+03 1.528296232815288497e-05
1.952000000000000000e+03 1.528749213321134394e-05
1.953000000000000000e+03 1.528361855889670578e-05
1.954000000000000000e+03 1.528520577873375096e-05
1.955000000000000000e+03 1.529716617369558500e-05
1.956000000000000000e+03 1.529249579107272561e-05
1.957000000000000000e+03 1.529147793917218291e-05
1.958000000000000000e+03 1.528619757057943633e-05
1.959000000000000000e+03 1.527865305130641669e-05
1.960000000000000000e+03 1.529092654285098895e-05
1.961000000000000000e+03 1.528346470270965473e-05
1.962000000000000000e+03 1.528713184598018307e-05
1.963000000000000000e+03 1.527939989803902030e-05
1.964000000000000000e+03 1.528570908703841174e-05
1.965000000000000000e+03 1.527659200291964144e-05
1.966000000000000000e+03 1.529142007711925517e-05
1.967000000000000000e+03 1.528655381965412011e-05
1.968000000000000000e+03 1.527094997679038572e-05
1.969000000000000000e+03 1.528608994703972766e-05
1.970000000000000000e+03 1.527548075197652635e-05
1.971000000000000000e+03 1.528782338330832697e-05
1.972000000000000000e+03 1.529535862573538920e-05
1.973000000000000000e+03 1.527731101305107722e-05
1.974000000000000000e+03 1.527533009114752951e-05
1.975000000000000000e+03 1.528167232512108424e-05
1.976000000000000000e+03 1.527941262490154951e-05
1.977000000000000000e+03 1.527252771362934118e-05
1.978000000000000000e+03 1.527419405950543722e-05
1.979000000000000000e+03 1.527058264400693561e-05
1.980000000000000000e+03 1.528259881524718502e-05
1.981000000000000000e+03 1.527697886558598703e-05
1.982000000000000000e+03 1.527476445820260127e-05
1.983000000000000000e+03 1.527635351521894363e-05
1.984000000000000000e+03 1.527776869503820131e-05
1.985000000000000000e+03 1.527069025542004965e-05
1.986000000000000000e+03 1.528133969865545392e-05
1.987000000000000000e+03 1.527749359714410425e-05
1.988000000000000000e+03 1.528275712795827340e-05
1.989000000000000000e+03 1.527925241437818067e-05
1.990000000000000000e+03 1.526934794431629897e-05
1.991000000000000000e+03 1.527300256687643380e-05
1.992000000000000000e+03 1.527553444854371821e-05
1.993000000000000000e+03 1.527972818924657307e-05
1.994000000000000000e+03 1.528744465758791207e-05
1.995000000000000000e+03 1.528437733819979760e-05
1.996000000000000000e+03 1.527092659064995282e-05
1.997000000000000000e+03 1.526763190364969751e-05
1.998000000000000000e+03 1.526824587926966975e-05
1.999000000000000000e+03 1.527151188080703534e-05
2.000000000000000000e+03 1.527885046016308330e-05
2.001000000000000000e+03 1.526697868030168885e-05
2.002000000000000000e+03 1.527964376388505862e-05
2.003000000000000000e+03 1.527467038613394766e-05
2.004000000000000000e+03 1.527425709355156977e-05
2.005000000000000000e+03 1.528016578959068365e-05
2.006000000000000000e+03 1.528354853386796827e-05
2.007000000000000000e+03 1.527288726720144095e-05
2.008000000000000000e+03 1.527367825474357219e-05
2.009000000000000000e+03 1.526823251576085337e-05
2.010000000000000000e+03 1.526829078405474673e-05
2.011000000000000000e+03 1.527464429576260208e-05
2.012000000000000000e+03 1.525920934606498624e-05
2.013000000000000000e+03 1.526554983380871533e-05
2.014000000000000000e+03 1.527539297967450625e-05
2.015000000000000000e+03 1.526562518241310907e-05
2.016000000000000000e+03 1.526439560014599295e-05
2.017000000000000000e+03 1.526919668322079883e-05
2.018000000000000000e+03 1.527770041623928944e-05
2.019000000000000000e+03 1.529554373216039263e-05
2.020000000000000000e+03 1.527568427870089018e-05
2.021000000000000000e+03 1.526276642835000543e-05
2.022000000000000000e+03 1.526271989860106260e-05
2.023000000000000000e+03 1.526481404046838640e-05
2.024000000000000000e+03 1.526415635453304140e-05
2.025000000000000000e+03 1.526398184675296517e-05
2.026000000000000000e+03 1.527555597325166130e-05
2.027000000000000000e+03 1.527452443042420674e-05
2.028000000000000000e+03 1.527506342730096698e-05
2.029000000000000000e+03 1.527113254875682151e-05
2.030000000000000000e+03 1.526667392681702040e-05
2.031000000000000000e+03 1.527651512636414899e-05
2.032000000000000000e+03 1.526208510161571673e-05
2.033000000000000000e+03 1.527170590028011682e-05
2.034000000000000000e+03 1.526554492860062272e-05
2.035000000000000000e+03 1.526685974871118791e-05
2.036000000000000000e+03 1.527295245371836476e-05
2.037000000000000000e+03 1.526140700055596711e-05
2.038000000000000000e+03 1.525900389727515610e-05
2.039000000000000000e+03 1.526363023003796278e-05
2.040000000000000000e+03 1.526488484766256690e-05
2.041000000000000000e+03 1.526209668857821583e-05
2.042000000000000000e+03 1.526296996720096389e-05
2.043000000000000000e+03 1.526960562841850455e-05
2.044000000000000000e+03 1.526089414255693433e-05
2.045000000000000000e+03 1.527685148782135694e-05
2.046000000000000000e+03 1.526141219073906554e-05
2.047000000000000000e+03 1.526733105492894497e-05
2.048000000000000000e+03 1.527702766300838869e-05
2.049000000000000000e+03 1.527340596415645735e-05
2.050000000000000000e+03 1.528848226977667520e-05
2.051000000000000000e+03 1.527111244892391097e-05
2.052000000000000000e+03 1.526320521103722560e-05
2.053000000000000000e+03 1.527510447582850994e-05
2.054000000000000000e+03 1.526112111605471095e-05
2.055000000000000000e+03 1.525933639641152763e-05
2.056000000000000000e+03 1.527489606814924614e-05
2.057000000000000000e+03 1.526507968568087861e-05
2.058000000000000000e+03 1.527216474035716126e-05
2.059000000000000000e+03 1.526347952070258068e-05
2.060000000000000000e+03 1.526609225644885134e-05
2.061000000000000000e+03 1.526019882779413331e-05
2.062000000000000000e+03 1.525886000308673829e-05
2.063000000000000000e+03 1.526792659205966656e-05
2.064000000000000000e+03 1.525594128906959654e-05
2.065000000000000000e+03 1.527314185295835947e-05
2.066000000000000000e+03 1.526444256038909404e-05
2.067000000000000000e+03 1.526534066215390218e-05
2.068000000000000000e+03 1.526516707599512234e-05
2.069000000000000000e+03 1.525962829570441147e-05
2.070000000000000000e+03 1.526314490547520176e-05
2.071000000000000000e+03 1.526062787282474618e-05
2.072000000000000000e+03 1.525559323151052603e-05
2.073000000000000000e+03 1.525709315804609464e-05
2.074000000000000000e+03 1.526415047919727053e-05
2.075000000000000000e+03 1.526094258830805125e-05
2.076000000000000000e+03 1.525763513200217878e-05
2.077000000000000000e+03 1.525762898381799500e-05
2.078000000000000000e+03 1.526543558914757667e-05
2.079000000000000000e+03 1.525805656759378806e-05
2.080000000000000000e+03 1.526557656082635147e-05
2.081000000000000000e+03 1.526470417350841156e-05
2.082000000000000000e+03 1.525978280066434770e-05
2.083000000000000000e+03 1.525968831629142947e-05
2.084000000000000000e+03 1.526168340812243256e-05
2.085000000000000000e+03 1.526095249573700022e-05
2.086000000000000000e+03 1.526242650167356830e-05
2.087000000000000000e+03 1.526539370388490984e-05
2.088000000000000000e+03 1.525422464207319277e-05
2.089000000000000000e+03 1.525585836740598647e-05
2.090000000000000000e+03 1.526554715383099528e-05
2.091000000000000000e+03 1.525448827427074545e-05
2.092000000000000000e+03 1.526091447885846882e-05
2.093000000000000000e+03 1.525632471384597004e-05
2.094000000000000000e+03 1.525861822907851642e-05
2.095000000000000000e+03 1.525007129506169159e-05
2.096000000000000000e+03 1.525021606842831953e-05
2.097000000000000000e+03 1.525718866711637543e-05
2.098000000000000000e+03 1.525296360341599198e-05
2.099000000000000000e+03 1.525571584352292202e-05
2.100000000000000000e+03 1.525355139771515218e-05
2.101000000000000000e+03 1.525515816562498648e-05
2.102000000000000000e+03 1.525849856989225339e-05
2.103000000000000000e+03 1.525428248593622519e-05
2.104000000000000000e+03 1.525107045987776168e-05
2.105000000000000000e+03 1.525102576124481870e-05
2.106000000000000000e+03 1.524910866161614384e-05
2.107000000000000000e+03 1.525351606081433914e-05
2.108000000000000000e+03 1.525023644110963959e-05
2.109000000000000000e+03 1.525955435984845566e-05
2.110000000000000000e+03 1.526010421002865728e-05
2.111000000000000000e+03 1.525910951386322254e-05
2.112000000000000000e+03 1.524924253923624414e-05
2.113000000000000000e+03 1.525184586474400299e-05
2.114000000000000000e+03 1.525428907674116355e-05
2.115000000000000000e+03 1.525481368541174317e-05
2.116000000000000000e+03 1.525173913857239978e-05
2.117000000000000000e+03 1.525070294519537189e-05
2.118000000000000000e+03 1.525263236544560695e-05
2.119000000000000000e+03 1.525723704617121176e-05
2.120000000000000000e+03 1.524703097553962448e-05
2.121000000000000000e+03 1.524666600137910133e-05
2.122000000000000000e+03 1.525623757819024221e-05
2.123000000000000000e+03 1.525888924030975282e-05
2.124000000000000000e+03 1.524645800600410385e-05
2.125000000000000000e+03 1.525636739946397348e-05
2.126000000000000000e+03 1.525559956765694850e-05
2.127000000000000000e+03 1.525432512911114237e-05
2.128000000000000000e+03 1.527335059411901437e-05
2.129000000000000000e+03 1.524418985354714096e-05
2.130000000000000000e+03 1.524864894842418489e-05
2.131000000000000000e+03 1.524944186409508483e-05
2.132000000000000000e+03 1.525124410060622410e-05
2.133000000000000000e+03 1.526102355758969829e-05
2.134000000000000000e+03 1.525812006245056711e-05
2.135000000000000000e+03 1.525505074823740843e-05
2.136000000000000000e+03 1.524531408601130114e-05
2.137000000000000000e+03 1.524387069972969218e-05
2.138000000000000000e+03 1.524809466597313687e-05
2.139000000000000000e+03 1.524414929614673953e-05
2.140000000000000000e+03 1.524525267086573883e-05
2.141000000000000000e+03 1.525371614964872918e-05
2.142000000000000000e+03 1.524953043068914423e-05
2.143000000000000000e+03 1.524148970929672955e-05
2.144000000000000000e+03 1.525056973453805211e-05
2.145000000000000000e+03 1.525249846357231402e-05
2.146000000000000000e+03 1.524648943814099760e-05
2.147000000000000000e+03 1.524970769726981742e-05
2.148000000000000000e+03 1.524558453941911711e-05
2.149000000000000000e+03 1.524386084687042410e-05
2.150000000000000000e+03 1.524995215731905834e-05
2.151000000000000000e+03 1.526135133948021928e-05
2.152000000000000000e+03 1.525039046100573668e-05
2.153000000000000000e+03 1.525070507341297391e-05
2.154000000000000000e+03 1.524637315014842945e-05
2.155000000000000000e+03 1.524492545892523289e-05
2.156000000000000000e+03 1.525499759130373829e-05
2.157000000000000000e+03 1.526825039642669036e-05
2.158000000000000000e+03 1.525294404927990386e-05
2.159000000000000000e+03 1.524346835140022381e-05
2.160000000000000000e+03 1.525412971507951998e-05
2.161000000000000000e+03 1.524304448442611306e-05
2.162000000000000000e+03 1.524042657062333689e-05
2.163000000000000000e+03 1.524697957089908068e-05
2.164000000000000000e+03 1.524821426452642001e-05
2.165000000000000000e+03 1.525078946239470110e-05
2.166000000000000000e+03 1.524505523169258059e-05
2.167000000000000000e+03 1.524312638745565620e-05
2.168000000000000000e+03 1.524121331385686042e-05
2.169000000000000000e+03 1.524952716257151549e-05
2.170000000000000000e+03 1.523862261819886023e-05
2.171000000000000000e+03 1.524885278437674718e-05
2.172000000000000000e+03 1.524162961989835285e-05
2.173000000000000000e+03 1.524781121285438218e-05
2.174000000000000000e+03 1.525430536275962293e-05
2.175000000000000000e+03 1.523973712513300944e-05
2.176000000000000000e+03 1.524630632654104008e-05
2.177000000000000000e+03 1.525148112705210210e-05
2.178000000000000000e+03 1.524441217043204186e-05
2.179000000000000000e+03 1.523955999194489234e-05
2.180000000000000000e+03 1.525322527110499037e-05
2.181000000000000000e+03 1.523743727981733790e-05
2.182000000000000000e+03 1.524394779456391326e-05
2.183000000000000000e+03 1.525081482517028459e-05
2.184000000000000000e+03 1.525095913772626433e-05
2.185000000000000000e+03 1.524442495186425195e-05
2.186000000000000000e+03 1.523917648834564363e-05
2.187000000000000000e+03 1.524296332111892664e-05
2.188000000000000000e+03 1.523787313999491676e-05
2.189000000000000000e+03 1.523814254445217923e-05
2.190000000000000000e+03 1.524687510027433827e-05
2.191000000000000000e+03 1.524867317129974335e-05
2.192000000000000000e+03 1.524578334283432971e-05
2.193000000000000000e+03 1.524818674321674456e-05
2.194000000000000000e+03 1.524855427002573066e-05
2.195000000000000000e+03 1.525649773005473821e-05
2.196000000000000000e+03 1.525768176482718778e-05
2.197000000000000000e+03 1.524354437909399438e-05
2.198000000000000000e+03 1.524232794205696941e-05
2.199000000000000000e+03 1.524546872436379348e-05
2.200000000000000000e+03 1.524032934563971703e-05
2.201000000000000000e+03 1.524461724936069533e-05
2.202000000000000000e+03 1.523806457043974633e-05
2.203000000000000000e+03 1.524804932463060432e-05
2.204000000000000000e+03 1.524153681505898306e-05
2.205000000000000000e+03 1.524403362661056832e-05
2.206000000000000000e+03 1.524568329235383568e-05
2.207000000000000000e+03 1.524785272219257164e-05
2.208000000000000000e+03 1.524297393189044676e-05
2.209000000000000000e+03 1.524636643201423231e-05
2.210000000000000000e+03 1.523729900024287947e-05
2.211000000000000000e+03 1.523411438029143062e-05
2.212000000000000000e+03 1.523793713204213466e-05
2.213000000000000000e+03 1.524040587052392474e-05
2.214000000000000000e+03 1.524570704835544694e-05
2.215000000000000000e+03 1.523739991777498900e-05
2.216000000000000000e+03 1.524545585198211524e-05
2.217000000000000000e+03 1.524855293610016795e-05
2.218000000000000000e+03 1.524219924249337123e-05
2.219000000000000000e+03 1.523591856918452953e-05
2.220000000000000000e+03 1.523411512001378734e-05
2.221000000000000000e+03 1.524000113931833848e-05
2.222000000000000000e+03 1.523826918249445430e-05
2.223000000000000000e+03 1.523436729257809970e-05
2.224000000000000000e+03 1.523329544094546399e-05
2.225000000000000000e+03 1.523619444924406789e-05
2.226000000000000000e+03 1.523592097025054276e-05
2.227000000000000000e+03 1.523764221322683896e-05
2.228000000000000000e+03 1.523707436717813787e-05
2.229000000000000000e+03 1.523511696480757917e-05
2.230000000000000000e+03 1.524124865682097077e-05
2.231000000000000000e+03 1.524067742138868116e-05
2.232000000000000000e+03 1.523599788924911977e-05
2.233000000000000000e+03 1.524260022658078693e-05
2.234000000000000000e+03 1.523641353439112731e-05
2.235000000000000000e+03 1.523353274630305051e-05
2.236000000000000000e+03 1.524403351747120486e-05
2.237000000000000000e+03 1.524037805817594446e-05
2.238000000000000000e+03 1.524415415891174587e-05
2.239000000000000000e+03 1.525704696177854121e-05
2.240000000000000000e+03 1.523476134631588695e-05
2.241000000000000000e+03 1.523616679454183464e-05
2.242000000000000000e+03 1.524070233548021277e-05
2.243000000000000000e+03 1.524096472470167426e-05
2.244000000000000000e+03 1.523827465158925956e-05
2.245000000000000000e+03 1.524378792964853353e-05
2.246000000000000000e+03 1.523280217952560559e-05
2.247000000000000000e+03 1.523445696875569417e-05
2.248000000000000000e+03 1.523409329214094479e-05
2.249000000000000000e+03 1.523676628494285911e-05
2.250000000000000000e+03 1.523590699434862506e-05
2.251000000000000000e+03 1.523890276682019893e-05
2.252000000000000000e+03 1.523391366693734463e-05
2.253000000000000000e+03 1.523172239709917150e-05
2.254000000000000000e+03 1.523331612285498251e-05
2.255000000000000000e+03 1.523414055554894703e-05
2.256000000000000000e+03 1.524190637307280403e-05
2.257000000000000000e+03 1.523708192811075958e-05
2.258000000000000000e+03 1.523370099675958119e-05
2.259000000000000000e+03 1.523250553873367689e-05
2.260000000000000000e+03 1.523558154682784008e-05
2.261000000000000000e+03 1.524859753772034378e-05
2.262000000000000000e+03 1.524098759546177469e-05
2.263000000000000000e+03 1.523858809377998181e-05
2.264000000000000000e+03 1.523746701423078789e-05
2.265000000000000000e+03 1.523647396121911432e-05
2.266000000000000000e+03 1.523002410976914655e-05
2.267000000000000000e+03 1.523369768619886620e-05
2.268000000000000000e+03 1.523042111633306675e-05
2.269000000000000000e+03 1.523507452172149530e-05
2.270000000000000000e+03 1.523424673602372952e-05
2.271000000000000000e+03 1.523028365530384025e-05
2.272000000000000000e+03 1.522975393527303741e-05
2.273000000000000000e+03 1.523050006047318132e-05
2.274000000000000000e+03 1.523534200411328808e-05
2.275000000000000000e+03 1.523010915358706133e-05
2.276000000000000000e+03 1.523188958041525167e-05
2.277000000000000000e+03 1.523524334212803934e-05
2.278000000000000000e+03 1.523752594948746345e-05
2.279000000000000000e+03 1.523364896759934145e-05
2.280000000000000000e+03 1.525713917241470501e-05
2.281000000000000000e+03 1.523755800008075244e-05
2.282000000000000000e+03 1.523484620217156304e-05
2.283000000000000000e+03 1.523132998651514374e-05
2.284000000000000000e+03 1.523073287292693987e-05
2.285000000000000000e+03 1.523122063493550136e-05
2.286000000000000000e+03 1.522879656477016431e-05
2.287000000000000000e+03 1.523473136330721839e-05
2.288000000000000000e+03 1.523177154012955718e-05
2.289000000000000000e+03 1.523135939957380063e-05
2.290000000000000000e+03 1.523919538764554756e-05
2.291000000000000000e+03 1.523470824395189939e-05
2.292000000000000000e+03 1.523802461936914722e-05
2.293000000000000000e+03 1.523288433115036900e-05
2.294000000000000000e+03 1.523043228492800391e-05
2.295000000000000000e+03 1.523234216316874717e-05
2.296000000000000000e+03 1.523203586960638200e-05
2.297000000000000000e+03 1.525277642334306912e-05
2.298000000000000000e+03 1.523205716997229746e-05
2.299000000000000000e+03 1.522772461612475975e-05
2.300000000000000000e+03 1.522722857771441415e-05
2.301000000000000000e+03 1.522590423216267129e-05
2.302000000000000000e+03 1.523024923396102798e-05
2.303000000000000000e+03 1.522978790186850048e-05
2.304000000000000000e+03 1.523006586770255458e-05
2.305000000000000000e+03 1.522759952422347871e-05
2.306000000000000000e+03 1.523180533695267520e-05
2.307000000000000000e+03 1.522672485104218805e-05
2.308000000000000000e+03 1.523062884492295203e-05
2.309000000000000000e+03 1.522993334219791063e-05
2.310000000000000000e+03 1.522913364775983365e-05
2.311000000000000000e+03 1.522898145897973642e-05
2.312000000000000000e+03 1.522729602584149607e-05
2.313000000000000000e+03 1.522678680582127208e-05
2.314000000000000000e+03 1.522853016770871737e-05
2.315000000000000000e+03 1.522817448252074794e-05
2.316000000000000000e+03 1.523052750902328055e-05
2.317000000000000000e+03 1.523911407275590971e-05
2.318000000000000000e+03 1.523636056541969755e-05
2.319000000000000000e+03 1.522905670450806230e-05
2.320000000000000000e+03 1.522682915795788441e-05
2.321000000000000000e+03 1.523235610269087761e-05
2.322000000000000000e+03 1.522905591627932201e-05
2.323000000000000000e+03 1.522866729525655277e-05
2.324000000000000000e+03 1.522822500191978260e-05
2.325000000000000000e+03 1.523485234429244951e-05
2.326000000000000000e+03 1.523492652268032489e-05
2.327000000000000000e+03 1.522487495700867554e-05
2.328000000000000000e+03 1.523314307026642708e-05
2.329000000000000000e+03 1.522539238673440813e-05
2.330000000000000000e+03 1.522838054370367940e-05
2.331000000000000000e+03 1.523333883596933420e-05
2.332000000000000000e+03 1.522741365988622494e-05
2.333000000000000000e+03 1.523096721333179881e-05
2.334000000000000000e+03 1.522812410257756669e-05
2.335000000000000000e+03 1.523039728150858197e-05
2.336000000000000000e+03 1.522383493769060188e-05
2.337000000000000000e+03 1.522274081556436905e-05
2.338000000000000000e+03 1.522548713789243856e-05
2.339000000000000000e+03 1.522656120262884881e-05
2.340000000000000000e+03 1.523540746954192041e-05
2.341000000000000000e+03 1.522933708353472595e-05
2.342000000000000000e+03 1.522826212143021024e-05
2.343000000000000000e+03 1.522104462613545617e-05
2.344000000000000000e+03 1.522397000371711247e-05
2.345000000000000000e+03 1.522233338012786841e-05
2.346000000000000000e+03 1.522718339401762865e-05
2.347000000000000000e+03 1.523770303416919528e-05
2.348000000000000000e+03 1.522749320429284112e-05
2.349000000000000000e+03 1.522658936664811383e-05
2.350000000000000000e+03 1.522830678368336596e-05
2.351000000000000000e+03 1.522613620788130597e-05
2.352000000000000000e+03 1.522307090757143004e-05
2.353000000000000000e+03 1.522365090446934797e-05
2.354000000000000000e+03 1.522483958372807524e-05
2.355000000000000000e+03 1.522810586417714766e-05
2.356000000000000000e+03 1.522801703079797606e-05
2.357000000000000000e+03 1.522407907032175071e-05
2.358000000000000000e+03 1.523211685101462875e-05
2.359000000000000000e+03 1.522648479901060088e-05
2.360000000000000000e+03 1.523123709678960312e-05
2.361000000000000000e+03 1.523423000132121825e-05
2.362000000000000000e+03 1.522984131346068651e-05
2.363000000000000000e+03 1.522025158313529913e-05
2.364000000000000000e+03 1.522170880586296898e-05
2.365000000000000000e+03 1.522458703523928551e-05
2.366000000000000000e+03 1.522526779202356255e-05
2.367000000000000000e+03 1.522077762880750592e-05
2.368000000000000000e+03 1.522707202942304673e-05
2.369000000000000000e+03 1.521790861564416690e-05
2.370000000000000000e+03 1.522072174338973046e-05
2.371000000000000000e+03 1.522276158842335741e-05
2.372000000000000000e+03 1.522010413585424675e-05
2.373000000000000000e+03 1.521976544609060518e-05
2.374000000000000000e+03 1.522020073025487336e-05
2.375000000000000000e+03 1.522152887143117036e-05
2.376000000000000000e+03 1.522510248832986751e-05
2.377000000000000000e+03 1.522316133559797924e-05
2.378000000000000000e+03 1.522318204782398771e-05
2.379000000000000000e+03 1.521995868339824198e-05
2.380000000000000000e+03 1.522355037498831212e-05
2.381000000000000000e+03 1.522123317651373069e-05
2.382000000000000000e+03 1.522090449119180693e-05
2.383000000000000000e+03 1.521916757459014926e-05
2.384000000000000000e+03 1.522709232934479058e-05
2.385000000000000000e+03 1.522355275180113270e-05
2.386000000000000000e+03 1.521868939865574533e-05
2.387000000000000000e+03 1.522408283562981490e-05
2.388000000000000000e+03 1.522176053792160657e-05
2.389000000000000000e+03 1.522203294371138388e-05
2.390000000000000000e+03 1.522667932173741682e-05
2.391000000000000000e+03 1.522638993871320698e-05
2.392000000000000000e+03 1.523392113085719750e-05
2.393000000000000000e+03 1.522277320570234814e-05
2.394000000000000000e+03 1.523240358437760679e-05
2.395000000000000000e+03 1.523454523824814972e-05
2.396000000000000000e+03 1.522092211113582903e-05
2.397000000000000000e+03 1.522214572105440372e-05
2.398000000000000000e+03 1.522132695148078045e-05
2.399000000000000000e+03 1.522322686165959316e-05
2.400000000000000000e+03 1.521852111181942739e-05
2.401000000000000000e+03 1.522152045557352946e-05
2.402000000000000000e+03 1.521654104484089888e-05
2.403000000000000000e+03 1.522316658035075856e-05
2.404000000000000000e+03 1.521786266190853643e-05
2.405000000000000000e+03 1.521755195426521850e-05
2.406000000000000000e+03 1.521775665120609730e-05
2.407000000000000000e+03 1.522275585860673725e-05
2.408000000000000000e+03 1.522271831466544698e-05
2.409000000000000000e+03 1.521974041679641279e-05
2.410000000000000000e+03 1.521707644618193999e-05
2.411000000000000000e+03 1.521792363443334247e-05
2.412000000000000000e+03 1.521768289118578385e-05
2.413000000000000000e+03 1.521914603169231424e-05
2.414000000000000000e+03 1.522105974193740058e-05
2.415000000000000000e+03 1.522041115701237401e-05
2.416000000000000000e+03 1.522108710560132729e-05
2.417000000000000000e+03 1.521667539539824539e-05
2.418000000000000000e+03 1.521983904846516989e-05
2.419000000000000000e+03 1.521668291995107815e-05
2.420000000000000000e+03 1.522056011405462977e-05
2.421000000000000000e+03 1.522522865949819537e-05
2.422000000000000000e+03 1.521935095903851629e-05
2.423000000000000000e+03 1.521775368625336972e-05
2.424000000000000000e+03 1.522291100021296575e-05
2.425000000000000000e+03 1.521779026006697664e-05
2.426000000000000000e+03 1.521954967756755636e-05
2.427000000000000000e+03 1.522027389000868350e-05
2.428000000000000000e+03 1.521785737471266915e-05
2.429000000000000000e+03 1.521726730667675451e-05
2.430000000000000000e+03 1.522111640345732002e-05
2.431000000000000000e+03 1.521745196441770606e-05
2.432000000000000000e+03 1.521844975892842448e-05
2.433000000000000000e+03 1.522328046727731518e-05
2.434000000000000000e+03 1.522180405421143656e-05
2.435000000000000000e+03 1.521855459941434694e-05
2.436000000000000000e+03 1.522023832270254721e-05
2.437000000000000000e+03 1.521721365255264892e-05
2.438000000000000000e+03 1.522257271669028979e-05
2.439000000000000000e+03 1.521756891937305471e-05
2.440000000000000000e+03 1.522017801714052167e-05
2.441000000000000000e+03 1.521630443676258451e-05
2.442000000000000000e+03 1.521963175643274187e-05
2.443000000000000000e+03 1.521558662110085973e-05
2.444000000000000000e+03 1.521931938744576913e-05
2.445000000000000000e+03 1.521768690508906662e-05
2.446000000000000000e+03 1.521653995344725743e-05
2.447000000000000000e+03 1.521766736307957482e-05
2.448000000000000000e+03 1.521794418901360220e-05
2.449000000000000000e+03 1.521801429286521493e-05
2.450000000000000000e+03 1.521414875848374030e-05
2.451000000000000000e+03 1.521898680948652408e-05
2.452000000000000000e+03 1.521874434426232907e-05
2.453000000000000000e+03 1.521504413176444312e-05
2.454000000000000000e+03 1.521708670528217538e-05
2.455000000000000000e+03 1.522483476340615517e-05
2.456000000000000000e+03 1.522010739184527916e-05
2.457000000000000000e+03 1.521874281631123036e-05
2.458000000000000000e+03 1.521518482453150940e-05
2.459000000000000000e+03 1.521888441857299842e-05
2.460000000000000000e+03 1.521756186775746816e-05
2.461000000000000000e+03 1.521758787930593853e-05
2.462000000000000000e+03 1.521479121341447672e-05
2.463000000000000000e+03 1.521599916789758359e-05
2.464000000000000000e+03 1.521452433735248626e-05
2.465000000000000000e+03 1.521337899854794831e-05
2.466000000000000000e+03 1.521935798640091359e-05
2.467000000000000000e+03 1.522353580488318843e-05
2.468000000000000000e+03 1.521370311214316888e-05
2.469000000000000000e+03 1.521329333021033929e-05
2.470000000000000000e+03 1.521784264696179842e-05
2.471000000000000000e+03 1.521828451586770764e-05
2.472000000000000000e+03 1.521573106098609657e-05
2.473000000000000000e+03 1.521453685806288146e-05
2.474000000000000000e+03 1.521443846286274493e-05
2.475000000000000000e+03 1.521765186528985742e-05
2.476000000000000000e+03 1.521921467428910546e-05
2.477000000000000000e+03 1.522019237503021405e-05
2.478000000000000000e+03 1.521426588321143401e-05
2.479000000000000000e+03 1.521458722587946469e-05
2.480000000000000000e+03 1.521707788924686617e-05
2.481000000000000000e+03 1.521635287038710342e-05
2.482000000000000000e+03 1.521691062104461348e-05
2.483000000000000000e+03 1.521293272162438364e-05
2.484000000000000000e+03 1.521543417159894760e-05
2.485000000000000000e+03 1.521659941014756109e-05
2.486000000000000000e+03 1.521565773145994138e-05
2.487000000000000000e+03 1.521433456218801418e-05
2.488000000000000000e+03 1.521762621147596909e-05
2.489000000000000000e+03 1.521353324884936866e-05
2.490000000000000000e+03 1.521264272014377686e-05
2.491000000000000000e+03 1.521952130739615904e-05
2.492000000000000000e+03 1.521465381301823011e-05
2.493000000000000000e+03 1.521056850833701854e-05
2.494000000000000000e+03 1.521274831854194967e-05
2.495000000000000000e+03 1.521549801812701308e-05
2.496000000000000000e+03 1.521248825156362788e-05
2.497000000000000000e+03 1.521531205071369145e-05
2.498000000000000000e+03 1.521588545680666934e-05
2.499000000000000000e+03 1.521234817118965953e-05
2.500000000000000000e+03 1.521381626541066609e-05
2.501000000000000000e+03 1.521242053058813306e-05
2.502000000000000000e+03 1.521373817619557241e-05
2.503000000000000000e+03 1.521103715276694918e-05
2.504000000000000000e+03 1.521115154901053756e-05
2.505000000000000000e+03 1.521442623319065457e-05
2.506000000000000000e+03 1.521152335044462302e-05
2.507000000000000000e+03 1.521099852955861377e-05
2.508000000000000000e+03 1.521727551638226310e-05
2.509000000000000000e+03 1.521364560782482487e-05
2.510000000000000000e+03 1.521182199212489663e-05
2.511000000000000000e+03 1.521621381471049931e-05
2.512000000000000000e+03 1.521700053369083190e-05
2.513000000000000000e+03 1.521749507446656874e-05
2.514000000000000000e+03 1.521346493973396685e-05
2.515000000000000000e+03 1.521195338379281287e-05
2.516000000000000000e+03 1.521477826827322058e-05
2.517000000000000000e+03 1.521536200622601176e-05
2.518000000000000000e+03 1.521693884569685838e-05
2.519000000000000000e+03 1.521267215139232569e-05
2.520000000000000000e+03 1.521440626675030183e-05
2.521000000000000000e+03 1.521798638956776480e-05
2.522000000000000000e+03 1.521384088846389286e-05
2.523000000000000000e+03 1.521331578260287609e-05
2.524000000000000000e+03 1.521215829294912130e-05
2.525000000000000000e+03 1.521263491667923558e-05
2.526000000000000000e+03 1.521803479893909108e-05
2.527000000000000000e+03 1.521461505641733861e-05
2.528000000000000000e+03 1.521185489764320651e-05
2.529000000000000000e+03 1.521085018490945594e-05
2.530000000000000000e+03 1.521231084552709958e-05
2.531000000000000000e+03 1.521937911699448399e-05
2.532000000000000000e+03 1.521202964189190669e-05
2.533000000000000000e+03 1.521120771940331886e-05
2.534000000000000000e+03 1.520997622113403205e-05
2.535000000000000000e+03 1.521176690706245948e-05
2.536000000000000000e+03 1.521210083713716256e-05
2.537000000000000000e+03 1.521164593214052736e-05
2.538000000000000000e+03 1.521380010672146380e-05
2.539000000000000000e+03 1.521182870419579477e-05
2.540000000000000000e+03 1.521313033663318425e-05
2.541000000000000000e+03 1.521271762006411703e-05
2.542000000000000000e+03 1.521012904049712254e-05
2.543000000000000000e+03 1.521251600327862658e-05
2.544000000000000000e+03 1.520915295259328518e-05
2.545000000000000000e+03 1.521042336510921223e-05
2.546000000000000000e+03 1.520999023947903601e-05
2.547000000000000000e+03 1.521129376366540524e-05
2.548000000000000000e+03 1.520739732465396397e-05
2.549000000000000000e+03 1.521555166618782136e-05
2.550000000000000000e+03 1.521795969892991761e-05
2.551000000000000000e+03 1.521143401987501427e-05
2.552000000000000000e+03 1.520985547661742488e-05
2.553000000000000000e+03 1.521201252520162075e-05
2.554000000000000000e+03 1.521169876165610371e-05
2.555000000000000000e+03 1.521014549022462797e-05
2.556000000000000000e+03 1.521345609338216769e-05
2.557000000000000000e+03 1.521226764452876537e-05
