0.000000000000000000e+00 3.703135080215258501e-02
1.000000000000000000e+00 3.410245968745305011e-03
2.000000000000000000e+00 2.586240065403473502e-03
3.000000000000000000e+00 2.540420315204522470e-03
4.000000000000000000e+00 2.508103972826248619e-03
5.000000000000000000e+00 2.445305219063392040e-03
6.000000000000000000e+00 2.484614402819902441e-03
7.000000000000000000e+00 2.385492905592306780e-03
8.000000000000000000e+00 2.342003862063089803e-03
9.000000000000000000e+00 2.254995495845110286e-03
1.000000000000000000e+01 2.277380839372292447e-03
1.100000000000000000e+01 2.275102321918194125e-03
1.200000000000000000e+01 2.358364673761221240e-03
1.300000000000000000e+01 2.296583756422385277e-03
1.400000000000000000e+01 2.228196923549358513e-03
1.500000000000000000e+01 2.241884133754632347e-03
1.600000000000000000e+01 2.245638935993879079e-03
1.700000000000000000e+01 2.250903117351042790e-03
1.800000000000000000e+01 2.228495136285439139e-03
1.900000000000000000e+01 2.196257365055573080e-03
2.000000000000000000e+01 2.226340764608138352e-03
2.100000000000000000e+01 2.213674578911218986e-03
2.200000000000000000e+01 2.275605504329387702e-03
2.300000000000000000e+01 2.402535521067105610e-03
2.400000000000000000e+01 2.213231753080318991e-03
2.500000000000000000e+01 2.181200733551612574e-03
2.600000000000000000e+01 2.289683751570872634e-03
2.700000000000000000e+01 2.173061052958170404e-03
2.800000000000000000e+01 2.192406470959003175e-03
2.900000000000000000e+01 2.255444985169630882e-03
3.000000000000000000e+01 2.167112142611772336e-03
3.100000000000000000e+01 2.278524921490596156e-03
3.200000000000000000e+01 2.166017575141711282e-03
3.300000000000000000e+01 2.140685310730567389e-03
3.400000000000000000e+01 2.159220515153346953e-03
3.500000000000000000e+01 2.356527365170992157e-03
3.600000000000000000e+01 2.123913309512994070e-03
3.700000000000000000e+01 2.237322318248259698e-03
3.800000000000000000e+01 2.124343661161569394e-03
3.900000000000000000e+01 2.081800619761149055e-03
4.000000000000000000e+01 2.130844385196001192e-03
4.100000000000000000e+01 2.297417662082574044e-03
4.200000000000000000e+01 2.055853012280586551e-03
4.300000000000000000e+01 1.978391448656718031e-03
4.400000000000000000e+01 2.045236346049186457e-03
4.500000000000000000e+01 1.862820017032134224e-03
4.600000000000000000e+01 1.853256439551329102e-03
4.700000000000000000e+01 1.780548065136640509e-03
4.800000000000000000e+01 1.663191144283001407e-03
4.900000000000000000e+01 1.696072278878627730e-03
5.000000000000000000e+01 1.548955159309582750e-03
5.100000000000000000e+01 1.329624382349160966e-03
5.200000000000000000e+01 1.187665823178413529e-03
5.300000000000000000e+01 1.098570971916883448e-03
5.400000000000000000e+01 7.235711346834132951e-04
5.500000000000000000e+01 5.562687065356816934e-04
5.600000000000000000e+01 4.112216734733337132e-04
5.700000000000000000e+01 3.364606629579495111e-04
5.800000000000000000e+01 2.549207923121941575e-04
5.900000000000000000e+01 2.044564894376656844e-04
6.000000000000000000e+01 1.532075987794460144e-04
6.100000000000000000e+01 1.453917657908720983e-04
6.200000000000000000e+01 1.260615165034929819e-04
6.300000000000000000e+01 1.258324108635767871e-04
6.400000000000000000e+01 9.966393808523814888e-05
6.500000000000000000e+01 9.670343011235580527e-05
6.600000000000000000e+01 8.806362958290638444e-05
6.700000000000000000e+01 9.679718726338485421e-05
6.800000000000000000e+01 7.804067862721589624e-05
6.900000000000000000e+01 8.034355288896804722e-05
7.000000000000000000e+01 7.710819118298016723e-05
7.100000000000000000e+01 7.675182465941478174e-05
7.200000000000000000e+01 7.023515590490439129e-05
7.300000000000000000e+01 7.539685911093002763e-05
7.400000000000000000e+01 8.788340510084079692e-05
7.500000000000000000e+01 6.516228874142353602e-05
7.600000000000000000e+01 6.121303733342733629e-05
7.700000000000000000e+01 6.295528482550229101e-05
7.800000000000000000e+01 6.883036187635019159e-05
7.900000000000000000e+01 5.962140328035904859e-05
8.000000000000000000e+01 5.824515486183838873e-05
8.100000000000000000e+01 5.863827954118067977e-05
8.200000000000000000e+01 5.614557451544664209e-05
8.300000000000000000e+01 5.578079671622850408e-05
8.400000000000000000e+01 5.470503938312713620e-05
8.500000000000000000e+01 5.361065593285438148e-05
8.600000000000000000e+01 5.257175652644573204e-05
8.700000000000000000e+01 4.799288984101551927e-05
8.800000000000000000e+01 4.455618851650983489e-05
8.900000000000000000e+01 4.433923754363487842e-05
9.000000000000000000e+01 5.245805144883118934e-05
9.100000000000000000e+01 5.924580561426969757e-05
9.200000000000000000e+01 5.543808896954243359e-05
9.300000000000000000e+01 4.633273088779205052e-05
9.400000000000000000e+01 4.345216597311007592e-05
9.500000000000000000e+01 4.030984396544786444e-05
9.600000000000000000e+01 4.262405146773045169e-05
9.700000000000000000e+01 4.014888439231958001e-05
9.800000000000000000e+01 4.135272260277699191e-05
9.900000000000000000e+01 4.267542608655415574e-05
1.000000000000000000e+02 3.908485537156080691e-05
1.010000000000000000e+02 4.419455729807033955e-05
1.020000000000000000e+02 3.385461838199541523e-05
1.030000000000000000e+02 3.629923716951639293e-05
1.040000000000000000e+02 3.578902527880973840e-05
1.050000000000000000e+02 3.968106105159490652e-05
1.060000000000000000e+02 3.352529025421693051e-05
1.070000000000000000e+02 3.447192009442891935e-05
1.080000000000000000e+02 3.678532116688214575e-05
1.090000000000000000e+02 3.310190303585468496e-05
1.100000000000000000e+02 3.874434268054289138e-05
1.110000000000000000e+02 4.582100824858898012e-05
1.120000000000000000e+02 3.516263113572047459e-05
1.130000000000000000e+02 3.406095318496227102e-05
1.140000000000000000e+02 2.932922408366814862e-05
1.150000000000000000e+02 2.967506881134632330e-05
1.160000000000000000e+02 2.865597596153234675e-05
1.170000000000000000e+02 3.333519652294807345e-05
1.180000000000000000e+02 2.795398474121705130e-05
1.190000000000000000e+02 2.937362686945841955e-05
1.200000000000000000e+02 3.345209417434839112e-05
1.210000000000000000e+02 2.784050829135454363e-05
1.220000000000000000e+02 3.389869052439164039e-05
1.230000000000000000e+02 2.753370685073045621e-05
1.240000000000000000e+02 2.914678439115866621e-05
1.250000000000000000e+02 2.610039859054944251e-05
1.260000000000000000e+02 3.059595221510300576e-05
1.270000000000000000e+02 2.906360276616536619e-05
1.280000000000000000e+02 2.594325347588612285e-05
1.290000000000000000e+02 2.648032136643544373e-05
1.300000000000000000e+02 3.140661459511671249e-05
1.310000000000000000e+02 2.567752364736337049e-05
1.320000000000000000e+02 2.612323514544046639e-05
1.330000000000000000e+02 2.512009962438008546e-05
1.340000000000000000e+02 2.861761640852842451e-05
1.350000000000000000e+02 3.079139030514619149e-05
1.360000000000000000e+02 2.380006086940948752e-05
1.370000000000000000e+02 2.838880745455240538e-05
1.380000000000000000e+02 2.230010339273856082e-05
1.390000000000000000e+02 2.403851459996822433e-05
1.400000000000000000e+02 2.886086482650194429e-05
1.410000000000000000e+02 2.342364430809632276e-05
1.420000000000000000e+02 2.472291944118646729e-05
1.430000000000000000e+02 2.950706022481123614e-05
1.440000000000000000e+02 2.712192028187788748e-05
1.450000000000000000e+02 2.564826942025086846e-05
1.460000000000000000e+02 2.330154767976357337e-05
1.470000000000000000e+02 2.443241175168599930e-05
1.480000000000000000e+02 2.993223228706763328e-05
1.490000000000000000e+02 2.824488716820875849e-05
1.500000000000000000e+02 2.323860956881290994e-05
1.510000000000000000e+02 2.292471703810569557e-05
1.520000000000000000e+02 2.250134290601962621e-05
1.530000000000000000e+02 2.144658321944566977e-05
1.540000000000000000e+02 2.139583220466589466e-05
1.550000000000000000e+02 2.030026019574739983e-05
1.560000000000000000e+02 2.245619835761877207e-05
1.570000000000000000e+02 2.232402529663000311e-05
1.580000000000000000e+02 2.513964937474482783e-05
1.590000000000000000e+02 2.039590368095116934e-05
1.600000000000000000e+02 1.972749079458224438e-05
1.610000000000000000e+02 1.935031312780502596e-05
1.620000000000000000e+02 2.050511481670233002e-05
1.630000000000000000e+02 2.363796169177079801e-05
1.640000000000000000e+02 2.240265215723178191e-05
1.650000000000000000e+02 2.125091420916410531e-05
1.660000000000000000e+02 2.333412887767339581e-05
1.670000000000000000e+02 2.113131304773000605e-05
1.680000000000000000e+02 2.585355068246523595e-05
1.690000000000000000e+02 2.002127633358423300e-05
1.700000000000000000e+02 2.042003123997113818e-05
1.710000000000000000e+02 1.944578044976179426e-05
1.720000000000000000e+02 2.089756693786535709e-05
1.730000000000000000e+02 1.906609227164433531e-05
1.740000000000000000e+02 2.031644498212979415e-05
1.750000000000000000e+02 1.832764579030947869e-05
1.760000000000000000e+02 1.864951459738688593e-05
1.770000000000000000e+02 2.034280480196078801e-05
1.780000000000000000e+02 2.120289239936914115e-05
1.790000000000000000e+02 1.969431278606255853e-05
1.800000000000000000e+02 2.658873268713553856e-05
1.810000000000000000e+02 2.290607121987984769e-05
1.820000000000000000e+02 2.778935379897936889e-05
1.830000000000000000e+02 3.141592877606550654e-05
1.840000000000000000e+02 1.870158637085786408e-05
1.850000000000000000e+02 2.108953133798562439e-05
1.860000000000000000e+02 1.860400083928536060e-05
1.870000000000000000e+02 2.123401767741411183e-05
1.880000000000000000e+02 2.257898359153515417e-05
1.890000000000000000e+02 1.951990481943656320e-05
1.900000000000000000e+02 2.627856542284671826e-05
1.910000000000000000e+02 2.169889230758716158e-05
1.920000000000000000e+02 1.745964307337999460e-05
1.930000000000000000e+02 1.671514941904789301e-05
1.940000000000000000e+02 1.735901455275523194e-05
1.950000000000000000e+02 1.793678202785742442e-05
1.960000000000000000e+02 1.711843446947825499e-05
1.970000000000000000e+02 2.105404575092670368e-05
1.980000000000000000e+02 1.853877093451909491e-05
1.990000000000000000e+02 1.931942414301328239e-05
2.000000000000000000e+02 1.837723193546900332e-05
2.010000000000000000e+02 1.680901443633513428e-05
2.020000000000000000e+02 1.931051556498576693e-05
2.030000000000000000e+02 1.706385920540644743e-05
2.040000000000000000e+02 2.093518933711143785e-05
2.050000000000000000e+02 2.163671286633381458e-05
2.060000000000000000e+02 2.387702775498231166e-05
2.070000000000000000e+02 1.828101888681069447e-05
2.080000000000000000e+02 1.677412950457670527e-05
2.090000000000000000e+02 1.863037945272830854e-05
2.100000000000000000e+02 1.640842062158462346e-05
2.110000000000000000e+02 1.616644126195937957e-05
2.120000000000000000e+02 1.566710683684318585e-05
2.130000000000000000e+02 1.903232905822686765e-05
2.140000000000000000e+02 2.041773717754926344e-05
2.150000000000000000e+02 1.727423991243808848e-05
2.160000000000000000e+02 2.112194738135887852e-05
2.170000000000000000e+02 1.952770994737362286e-05
2.180000000000000000e+02 1.636521656734821195e-05
2.190000000000000000e+02 1.723195674518744378e-05
2.200000000000000000e+02 1.598844068268170829e-05
2.210000000000000000e+02 1.829074972715133231e-05
2.220000000000000000e+02 1.525195587712984991e-05
2.230000000000000000e+02 1.565601222981245273e-05
2.240000000000000000e+02 1.576472152597629194e-05
2.250000000000000000e+02 1.678653433918952815e-05
2.260000000000000000e+02 1.755072625401692636e-05
2.270000000000000000e+02 1.504842318498935568e-05
2.280000000000000000e+02 1.860150226797813118e-05
2.290000000000000000e+02 1.592672840715983145e-05
2.300000000000000000e+02 1.548391781174219612e-05
2.310000000000000000e+02 1.931679442238349052e-05
2.320000000000000000e+02 1.561174317239186484e-05
2.330000000000000000e+02 1.665091419067138385e-05
2.340000000000000000e+02 1.534293197955076385e-05
2.350000000000000000e+02 1.577561671057572495e-05
2.360000000000000000e+02 1.722080559016038028e-05
2.370000000000000000e+02 1.433286971102158192e-05
2.380000000000000000e+02 1.740205295097369445e-05
2.390000000000000000e+02 2.069022776320194508e-05
2.400000000000000000e+02 1.674638454539653469e-05
2.410000000000000000e+02 1.458281469650757635e-05
2.420000000000000000e+02 1.634727819607807977e-05
2.430000000000000000e+02 1.541804269147224838e-05
2.440000000000000000e+02 1.481291405761089175e-05
2.450000000000000000e+02 1.582892370434143791e-05
2.460000000000000000e+02 1.610465865964308627e-05
2.470000000000000000e+02 1.475637943412248902e-05
2.480000000000000000e+02 1.555903303699615776e-05
2.490000000000000000e+02 1.507918374278606444e-05
2.500000000000000000e+02 1.499218338479598405e-05
2.510000000000000000e+02 1.659787324472115609e-05
2.520000000000000000e+02 1.946430880194291134e-05
2.530000000000000000e+02 1.512995118705125994e-05
2.540000000000000000e+02 1.571604695457678606e-05
2.550000000000000000e+02 1.616349219320676188e-05
2.560000000000000000e+02 1.497254976763939215e-05
2.570000000000000000e+02 1.555535161437896613e-05
2.580000000000000000e+02 1.442367585901266511e-05
2.590000000000000000e+02 1.698453492747667535e-05
2.600000000000000000e+02 1.526580395129246444e-05
2.610000000000000000e+02 1.741024381361710690e-05
2.620000000000000000e+02 1.531350672340545767e-05
2.630000000000000000e+02 1.473199110478162725e-05
2.640000000000000000e+02 1.560929071349211373e-05
2.650000000000000000e+02 1.399029232561588244e-05
2.660000000000000000e+02 1.514119103264350327e-05
2.670000000000000000e+02 1.582331160226693579e-05
2.680000000000000000e+02 1.536653400995792500e-05
2.690000000000000000e+02 1.564154580522041842e-05
2.700000000000000000e+02 1.974581146182922395e-05
2.710000000000000000e+02 1.559791463212324998e-05
2.720000000000000000e+02 1.629139141490062046e-05
2.730000000000000000e+02 1.401885543973782115e-05
2.740000000000000000e+02 1.375370642218070254e-05
2.750000000000000000e+02 1.370805141348869389e-05
2.760000000000000000e+02 1.522514116592132141e-05
2.770000000000000000e+02 1.504463351403291501e-05
2.780000000000000000e+02 1.437853942983425656e-05
2.790000000000000000e+02 1.546509532878796294e-05
2.800000000000000000e+02 1.380277408334689167e-05
2.810000000000000000e+02 1.378021630434653692e-05
2.820000000000000000e+02 1.412825630261347885e-05
2.830000000000000000e+02 1.422369317748607748e-05
2.840000000000000000e+02 1.403955288995534973e-05
2.850000000000000000e+02 1.505415614407796171e-05
2.860000000000000000e+02 1.400369885735786787e-05
2.870000000000000000e+02 1.427415488526607189e-05
2.880000000000000000e+02 1.592259820646200425e-05
2.890000000000000000e+02 1.442620683556947842e-05
2.900000000000000000e+02 1.374006034949651209e-05
2.910000000000000000e+02 1.709658358819209447e-05
2.920000000000000000e+02 1.467747143350350572e-05
2.930000000000000000e+02 1.448268510210208336e-05
2.940000000000000000e+02 1.405400343430347835e-05
2.950000000000000000e+02 1.592253220195953569e-05
2.960000000000000000e+02 1.586426118723093063e-05
2.970000000000000000e+02 1.521817312981837918e-05
2.980000000000000000e+02 1.399750417719284699e-05
2.990000000000000000e+02 1.582677867741156597e-05
3.000000000000000000e+02 1.389133053807876127e-05
3.010000000000000000e+02 1.345418021082878179e-05
3.020000000000000000e+02 1.315568838841639961e-05
3.030000000000000000e+02 1.527232480927919644e-05
3.040000000000000000e+02 1.356333073897239523e-05
3.050000000000000000e+02 1.483132062145532673e-05
3.060000000000000000e+02 1.326432566230113580e-05
3.070000000000000000e+02 1.400144250156023544e-05
3.080000000000000000e+02 1.377880375068157136e-05
3.090000000000000000e+02 1.391121854957861768e-05
3.100000000000000000e+02 1.317127005985149884e-05
3.110000000000000000e+02 1.418661944663677424e-05
3.120000000000000000e+02 1.340520104918724499e-05
3.130000000000000000e+02 1.527957331675749603e-05
3.140000000000000000e+02 1.341349941988786088e-05
3.150000000000000000e+02 1.346983084789453536e-05
3.160000000000000000e+02 1.342187723956811209e-05
3.170000000000000000e+02 1.373474908849367722e-05
3.180000000000000000e+02 1.394665501534174709e-05
3.190000000000000000e+02 1.309899298044351388e-05
3.200000000000000000e+02 1.371362740890337735e-05
3.210000000000000000e+02 1.331107179896953752e-05
3.220000000000000000e+02 1.315622717046584823e-05
3.230000000000000000e+02 1.566357545268077197e-05
3.240000000000000000e+02 1.589087344323977479e-05
3.250000000000000000e+02 1.315418843370981621e-05
3.260000000000000000e+02 1.375766974897720874e-05
3.270000000000000000e+02 1.455016427028637700e-05
3.280000000000000000e+02 1.381009936523743122e-05
3.290000000000000000e+02 1.348073866504889278e-05
3.300000000000000000e+02 1.307320437179162038e-05
3.310000000000000000e+02 1.262731004792910273e-05
3.320000000000000000e+02 1.373240920022511969e-05
3.330000000000000000e+02 1.543625117016908432e-05
3.340000000000000000e+02 1.430798078385683176e-05
3.350000000000000000e+02 1.513457028434062424e-05
3.360000000000000000e+02 1.280338032983052533e-05
3.370000000000000000e+02 1.261645541168176196e-05
3.380000000000000000e+02 1.245130612873114095e-05
3.390000000000000000e+02 1.240795843589764288e-05
3.400000000000000000e+02 1.325627079663368396e-05
3.410000000000000000e+02 1.374797857342622233e-05
3.420000000000000000e+02 1.420670699996825982e-05
3.430000000000000000e+02 1.251635182266816168e-05
3.440000000000000000e+02 1.338859036182745896e-05
3.450000000000000000e+02 1.313977867651444134e-05
3.460000000000000000e+02 1.283921380169116641e-05
3.470000000000000000e+02 1.266371759657676365e-05
3.480000000000000000e+02 1.257060769085700774e-05
3.490000000000000000e+02 1.231232409675916006e-05
3.500000000000000000e+02 1.252514537041768189e-05
3.510000000000000000e+02 1.342410061699457640e-05
3.520000000000000000e+02 1.241268059955193535e-05
3.530000000000000000e+02 1.270738086448265941e-05
3.540000000000000000e+02 1.294661743136552698e-05
3.550000000000000000e+02 1.218831505721960402e-05
3.560000000000000000e+02 1.275165639340113524e-05
3.570000000000000000e+02 1.330628386961343970e-05
3.580000000000000000e+02 1.249835372735292477e-05
3.590000000000000000e+02 1.246831439531002288e-05
3.600000000000000000e+02 1.272569969296455382e-05
3.610000000000000000e+02 1.233458750618573889e-05
3.620000000000000000e+02 1.311961754869956139e-05
3.630000000000000000e+02 1.232388730232532224e-05
3.640000000000000000e+02 1.235865135318957950e-05
3.650000000000000000e+02 1.245319996124658718e-05
3.660000000000000000e+02 1.282369383634665058e-05
3.670000000000000000e+02 1.238932634870975387e-05
3.680000000000000000e+02 1.202079159422562582e-05
3.690000000000000000e+02 1.208307923605808787e-05
3.700000000000000000e+02 1.320261852099345262e-05
3.710000000000000000e+02 1.232794502702278955e-05
3.720000000000000000e+02 1.182178856852727047e-05
3.730000000000000000e+02 1.201127920872890028e-05
3.740000000000000000e+02 1.223826928971669584e-05
3.750000000000000000e+02 1.276093279608549192e-05
3.760000000000000000e+02 1.193392570488727915e-05
3.770000000000000000e+02 1.223721847129173689e-05
3.780000000000000000e+02 1.210992711667831202e-05
3.790000000000000000e+02 1.213198307997140976e-05
3.800000000000000000e+02 1.186282111284060448e-05
3.810000000000000000e+02 1.289581992209721853e-05
3.820000000000000000e+02 1.204109853372359852e-05
3.830000000000000000e+02 1.159238017713412317e-05
3.840000000000000000e+02 1.215146508258886811e-05
3.850000000000000000e+02 1.173738000962214598e-05
3.860000000000000000e+02 1.258449994314175421e-05
3.870000000000000000e+02 1.308958858060531142e-05
3.880000000000000000e+02 1.171600066411953754e-05
3.890000000000000000e+02 1.166531307479509853e-05
3.900000000000000000e+02 1.144559683803564475e-05
3.910000000000000000e+02 1.146179222716734911e-05
3.920000000000000000e+02 1.187497095610850906e-05
3.930000000000000000e+02 1.213402606737919294e-05
3.940000000000000000e+02 1.199732176386392930e-05
3.950000000000000000e+02 1.178717837692835478e-05
3.960000000000000000e+02 1.153348460315893973e-05
3.970000000000000000e+02 1.156337079233848118e-05
3.980000000000000000e+02 1.161449779875767541e-05
3.990000000000000000e+02 1.188219763720646866e-05
4.000000000000000000e+02 1.227966017830066335e-05
4.010000000000000000e+02 1.174570763340363078e-05
4.020000000000000000e+02 1.168814392235034621e-05
4.030000000000000000e+02 1.132922464360793462e-05
4.040000000000000000e+02 1.132980707841805987e-05
4.050000000000000000e+02 1.131198340310500192e-05
4.060000000000000000e+02 1.197811373724387254e-05
4.070000000000000000e+02 1.121736186532638086e-05
4.080000000000000000e+02 1.124858841873132178e-05
4.090000000000000000e+02 1.267435872115385826e-05
4.100000000000000000e+02 1.205068535338609647e-05
4.110000000000000000e+02 1.190623648178118812e-05
4.120000000000000000e+02 1.163595420523331593e-05
4.130000000000000000e+02 1.122596262930295365e-05
4.140000000000000000e+02 1.208656677641929592e-05
4.150000000000000000e+02 1.203779030877810327e-05
4.160000000000000000e+02 1.183149314079529303e-05
4.170000000000000000e+02 1.156057001879582069e-05
4.180000000000000000e+02 1.166763096952285470e-05
4.190000000000000000e+02 1.180057545216419864e-05
4.200000000000000000e+02 1.106662766482585589e-05
4.210000000000000000e+02 1.157517898350189861e-05
4.220000000000000000e+02 1.097126503307849877e-05
4.230000000000000000e+02 1.103252026801690093e-05
4.240000000000000000e+02 1.078525044692632446e-05
4.250000000000000000e+02 1.075586110640030772e-05
4.260000000000000000e+02 1.115749647411016344e-05
4.270000000000000000e+02 1.092769993612399396e-05
4.280000000000000000e+02 1.154852560601937458e-05
4.290000000000000000e+02 1.077163470192597463e-05
4.300000000000000000e+02 1.081628223451284269e-05
4.310000000000000000e+02 1.072197968665606027e-05
4.320000000000000000e+02 1.091837130773525989e-05
4.330000000000000000e+02 1.079889059735414336e-05
4.340000000000000000e+02 1.087586347682353921e-05
4.350000000000000000e+02 1.126584931252858491e-05
4.360000000000000000e+02 1.082789757026311595e-05
4.370000000000000000e+02 1.169742168619846672e-05
4.380000000000000000e+02 1.119425580001030361e-05
4.390000000000000000e+02 1.057074756289903888e-05
4.400000000000000000e+02 1.078521519994888555e-05
4.410000000000000000e+02 1.081103420792481812e-05
4.420000000000000000e+02 1.065266383095429439e-05
4.430000000000000000e+02 1.101751124056485925e-05
4.440000000000000000e+02 1.088337920224055355e-05
4.450000000000000000e+02 1.085810454036945059e-05
4.460000000000000000e+02 1.107153943620431124e-05
4.470000000000000000e+02 1.052905728992743256e-05
4.480000000000000000e+02 1.062130378798032516e-05
4.490000000000000000e+02 1.126647265389179467e-05
4.500000000000000000e+02 1.107607762783001688e-05
4.510000000000000000e+02 1.056577401378979998e-05
4.520000000000000000e+02 1.075920304999901669e-05
4.530000000000000000e+02 1.043137525900816192e-05
4.540000000000000000e+02 1.041992768072165047e-05
4.550000000000000000e+02 1.077102891241128588e-05
4.560000000000000000e+02 1.073844979206721011e-05
4.570000000000000000e+02 1.055660982353564968e-05
4.580000000000000000e+02 1.053771658394581101e-05
4.590000000000000000e+02 1.081832713232590608e-05
4.600000000000000000e+02 1.081034586502191307e-05
4.610000000000000000e+02 1.079409072796503782e-05
4.620000000000000000e+02 1.072093674865288540e-05
4.630000000000000000e+02 1.127470361116604926e-05
4.640000000000000000e+02 1.065107762144926162e-05
4.650000000000000000e+02 1.044116694575700852e-05
4.660000000000000000e+02 1.054621879488993953e-05
4.670000000000000000e+02 1.048288229279793105e-05
4.680000000000000000e+02 1.060923871894677367e-05
4.690000000000000000e+02 1.071293948170466272e-05
4.700000000000000000e+02 1.080809941945167738e-05
4.710000000000000000e+02 1.053525022684763627e-05
4.720000000000000000e+02 1.050678822092520813e-05
4.730000000000000000e+02 1.038152628984206723e-05
4.740000000000000000e+02 1.051285509497691414e-05
4.750000000000000000e+02 1.046999574949344016e-05
4.760000000000000000e+02 1.112235807933104302e-05
4.770000000000000000e+02 1.075345010329515412e-05
4.780000000000000000e+02 1.032346007055961235e-05
4.790000000000000000e+02 1.034917259732117919e-05
4.800000000000000000e+02 1.037037114684398363e-05
4.810000000000000000e+02 1.045069370705347901e-05
4.820000000000000000e+02 1.037783920764923170e-05
4.830000000000000000e+02 1.025688686431982418e-05
4.840000000000000000e+02 1.030311497071614726e-05
4.850000000000000000e+02 1.054333699628328622e-05
4.860000000000000000e+02 1.083899876819207116e-05
4.870000000000000000e+02 1.054702307551335019e-05
4.880000000000000000e+02 1.024617457714600460e-05
4.890000000000000000e+02 1.044186835105602530e-05
4.900000000000000000e+02 1.041943868860984369e-05
4.910000000000000000e+02 1.020526214956473059e-05
4.920000000000000000e+02 1.033703588808958309e-05
4.930000000000000000e+02 1.046971971981036315e-05
4.940000000000000000e+02 1.028408465954737797e-05
4.950000000000000000e+02 1.026862979126282373e-05
4.960000000000000000e+02 1.023378791526342096e-05
4.970000000000000000e+02 1.064606643735598394e-05
4.980000000000000000e+02 1.044293184979603756e-05
4.990000000000000000e+02 1.047552866526903293e-05
5.000000000000000000e+02 1.035131568996569967e-05
5.010000000000000000e+02 1.051821129826398931e-05
5.020000000000000000e+02 1.039300316896958328e-05
5.030000000000000000e+02 1.078823808198555912e-05
5.040000000000000000e+02 1.065579221512262658e-05
5.050000000000000000e+02 1.087062223217426254e-05
5.060000000000000000e+02 1.049189264766680931e-05
5.070000000000000000e+02 1.026819920979249185e-05
5.080000000000000000e+02 1.049359317104785959e-05
5.090000000000000000e+02 1.030945479392241205e-05
5.100000000000000000e+02 1.034335524607927340e-05
5.110000000000000000e+02 1.027375922944301350e-05
5.120000000000000000e+02 1.025635512688985282e-05
5.130000000000000000e+02 1.034887961279123325e-05
5.140000000000000000e+02 1.039162731896608338e-05
5.150000000000000000e+02 1.018862070467991831e-05
5.160000000000000000e+02 1.015561035810372628e-05
5.170000000000000000e+02 1.030590196546071658e-05
5.180000000000000000e+02 1.034214851470329745e-05
5.190000000000000000e+02 1.020614695377074658e-05
5.200000000000000000e+02 1.046849202173642694e-05
5.210000000000000000e+02 1.093402020155619292e-05
5.220000000000000000e+02 1.077056007507519870e-05
5.230000000000000000e+02 1.021510245612798610e-05
5.240000000000000000e+02 1.019065046253112670e-05
5.250000000000000000e+02 1.021043378382157023e-05
5.260000000000000000e+02 1.027257905270044664e-05
5.270000000000000000e+02 1.112595885896530026e-05
5.280000000000000000e+02 1.063752900331448435e-05
5.290000000000000000e+02 1.056828452513004050e-05
5.300000000000000000e+02 1.036442169107687782e-05
5.310000000000000000e+02 1.064431390319114995e-05
5.320000000000000000e+02 1.014339128652444309e-05
5.330000000000000000e+02 1.027558958874298962e-05
5.340000000000000000e+02 1.052248344207421313e-05
5.350000000000000000e+02 1.055024043680765772e-05
5.360000000000000000e+02 1.025467122403475043e-05
5.370000000000000000e+02 1.017866020974440435e-05
5.380000000000000000e+02 1.019332863581486274e-05
5.390000000000000000e+02 1.020111836110934142e-05
5.400000000000000000e+02 1.023912351005352474e-05
5.410000000000000000e+02 1.028431820659301298e-05
5.420000000000000000e+02 1.014692856906316237e-05
5.430000000000000000e+02 1.009475389638772419e-05
5.440000000000000000e+02 1.035420675403796703e-05
5.450000000000000000e+02 1.039409178953904404e-05
5.460000000000000000e+02 1.021354516538289781e-05
5.470000000000000000e+02 1.016511034984619231e-05
5.480000000000000000e+02 1.015988214371296123e-05
5.490000000000000000e+02 1.086123872739382359e-05
5.500000000000000000e+02 1.064502524259762962e-05
5.510000000000000000e+02 1.044855715754704662e-05
5.520000000000000000e+02 1.050801197878825316e-05
5.530000000000000000e+02 1.008594332215113492e-05
5.540000000000000000e+02 1.008356006768269457e-05
5.550000000000000000e+02 1.024252828210592282e-05
5.560000000000000000e+02 1.024618221876713055e-05
5.570000000000000000e+02 1.033465461566662142e-05
5.580000000000000000e+02 1.038171062007164294e-05
5.590000000000000000e+02 1.013023699991978045e-05
5.600000000000000000e+02 1.015164934767362317e-05
5.610000000000000000e+02 1.018501309534678086e-05
5.620000000000000000e+02 1.009190412094959806e-05
5.630000000000000000e+02 1.015963393430679254e-05
5.640000000000000000e+02 1.016153550396362933e-05
5.650000000000000000e+02 1.069035209142244680e-05
5.660000000000000000e+02 1.017175060816300317e-05
5.670000000000000000e+02 1.024241499507274303e-05
5.680000000000000000e+02 1.029682906869894472e-05
5.690000000000000000e+02 1.027714145871309213e-05
5.700000000000000000e+02 1.015777057275558213e-05
5.710000000000000000e+02 1.003754640427919584e-05
5.720000000000000000e+02 1.008429375883096279e-05
5.730000000000000000e+02 1.013700219874198670e-05
5.740000000000000000e+02 1.006714209245565581e-05
5.750000000000000000e+02 1.010826774514638556e-05
5.760000000000000000e+02 1.013671692747336179e-05
5.770000000000000000e+02 1.028993909653180782e-05
5.780000000000000000e+02 1.020429839786046676e-05
5.790000000000000000e+02 1.015774428080289731e-05
5.800000000000000000e+02 1.015686086164070961e-05
5.810000000000000000e+02 1.026497081590768695e-05
5.820000000000000000e+02 1.008739936141631572e-05
5.830000000000000000e+02 1.014923008206563216e-05
5.840000000000000000e+02 1.010861718215239387e-05
5.850000000000000000e+02 1.009332782660539343e-05
5.860000000000000000e+02 1.013045848753207868e-05
5.870000000000000000e+02 1.024036725553182292e-05
5.880000000000000000e+02 1.006280439786422030e-05
5.890000000000000000e+02 1.021304521232079211e-05
5.900000000000000000e+02 1.003926151838057965e-05
5.910000000000000000e+02 1.015545991368782735e-05
5.920000000000000000e+02 1.022189554686729743e-05
5.930000000000000000e+02 1.017592286165708166e-05
5.940000000000000000e+02 1.010766408095757239e-05
5.950000000000000000e+02 1.029297231863706547e-05
5.960000000000000000e+02 1.001221540933235956e-05
5.970000000000000000e+02 1.002232620540337724e-05
5.980000000000000000e+02 1.008753810459986845e-05
5.990000000000000000e+02 1.021339140163782423e-05
6.000000000000000000e+02 1.018616387572808021e-05
6.010000000000000000e+02 1.002846624797735474e-05
6.020000000000000000e+02 1.020086231904152095e-05
6.030000000000000000e+02 1.027700405281323539e-05
6.040000000000000000e+02 1.000759189423078105e-05
6.050000000000000000e+02 1.005837163672997484e-05
6.060000000000000000e+02 1.008915554923124710e-05
6.070000000000000000e+02 1.000038202469929686e-05
6.080000000000000000e+02 1.019749071640082020e-05
6.090000000000000000e+02 1.027963518236692001e-05
6.100000000000000000e+02 1.016663162945172824e-05
6.110000000000000000e+02 1.010317790011564877e-05
6.120000000000000000e+02 1.016816155364115999e-05
6.130000000000000000e+02 1.007125433534383744e-05
6.140000000000000000e+02 1.003985813794991895e-05
6.150000000000000000e+02 1.016742122383453907e-05
6.160000000000000000e+02 1.009880011089337111e-05
6.170000000000000000e+02 1.026285387193545438e-05
6.180000000000000000e+02 1.004058576356141871e-05
6.190000000000000000e+02 1.002261930933365393e-05
6.200000000000000000e+02 1.026778866369754882e-05
6.210000000000000000e+02 1.019184377331000035e-05
6.220000000000000000e+02 1.021039462051330458e-05
6.230000000000000000e+02 1.013729864588150589e-05
6.240000000000000000e+02 1.003707166856680156e-05
6.250000000000000000e+02 1.027247271476647781e-05
6.260000000000000000e+02 1.009467385040643849e-05
6.270000000000000000e+02 1.002665613897335943e-05
6.280000000000000000e+02 9.976355335078178783e-06
6.290000000000000000e+02 1.000247819301409499e-05
6.300000000000000000e+02 1.002191343846229403e-05
6.310000000000000000e+02 1.005109132100374173e-05
6.320000000000000000e+02 1.006197836250066809e-05
6.330000000000000000e+02 1.010334603966046561e-05
6.340000000000000000e+02 1.020612648855417210e-05
6.350000000000000000e+02 1.005006211403852743e-05
6.360000000000000000e+02 1.001834310591220986e-05
6.370000000000000000e+02 1.015854679430142466e-05
6.380000000000000000e+02 1.010621933696361661e-05
6.390000000000000000e+02 1.027275655323114044e-05
6.400000000000000000e+02 1.018314132801233275e-05
6.410000000000000000e+02 1.040260013766013609e-05
6.420000000000000000e+02 1.019426922385509227e-05
6.430000000000000000e+02 1.001329944492914645e-05
6.440000000000000000e+02 9.973104661091780396e-06
6.450000000000000000e+02 9.988508760355987374e-06
6.460000000000000000e+02 1.000693032088188046e-05
6.470000000000000000e+02 1.001044828444719373e-05
6.480000000000000000e+02 9.990521539480257297e-06
6.490000000000000000e+02 1.005258740713963239e-05
6.500000000000000000e+02 1.005937517262422255e-05
6.510000000000000000e+02 9.955734659272891859e-06
6.520000000000000000e+02 1.001141626292314425e-05
6.530000000000000000e+02 9.975420884214914469e-06
6.540000000000000000e+02 1.032323134728731273e-05
6.550000000000000000e+02 9.979824583308820232e-06
6.560000000000000000e+02 1.004211731159534194e-05
6.570000000000000000e+02 1.008678678996287738e-05
6.580000000000000000e+02 1.016727436142854076e-05
6.590000000000000000e+02 1.007597575871608262e-05
6.600000000000000000e+02 1.002394565596030411e-05
6.610000000000000000e+02 9.977020538197113996e-06
6.620000000000000000e+02 1.001577862562277310e-05
6.630000000000000000e+02 9.988295726287059148e-06
6.640000000000000000e+02 9.991302560919370753e-06
6.650000000000000000e+02 1.012297027195111270e-05
6.660000000000000000e+02 1.000747564606941717e-05
6.670000000000000000e+02 9.990392897564632222e-06
6.680000000000000000e+02 9.994391089257522310e-06
6.690000000000000000e+02 9.937140517509901577e-06
6.700000000000000000e+02 1.017542563092250023e-05
6.710000000000000000e+02 1.002364999686296282e-05
6.720000000000000000e+02 1.002064937104781489e-05
6.730000000000000000e+02 9.947984765928525973e-06
6.740000000000000000e+02 9.922213589724822726e-06
6.750000000000000000e+02 1.004564683311260621e-05
6.760000000000000000e+02 1.000275988227281759e-05
6.770000000000000000e+02 9.949323315268908136e-06
6.780000000000000000e+02 1.000355718991695282e-05
6.790000000000000000e+02 9.971449772516887102e-06
6.800000000000000000e+02 9.991692259716682584e-06
6.810000000000000000e+02 9.947992789630706955e-06
6.820000000000000000e+02 9.929707154440574335e-06
6.830000000000000000e+02 9.946179409057665907e-06
6.840000000000000000e+02 9.957777789961070244e-06
6.850000000000000000e+02 9.915641150795496039e-06
6.860000000000000000e+02 9.979236274002454039e-06
6.870000000000000000e+02 9.955932195178972816e-06
6.880000000000000000e+02 9.974658680267822937e-06
6.890000000000000000e+02 9.978216571303513609e-06
6.900000000000000000e+02 1.004456731084829644e-05
6.910000000000000000e+02 1.006705748538176238e-05
6.920000000000000000e+02 9.998528812176143019e-06
6.930000000000000000e+02 1.002870094126615822e-05
6.940000000000000000e+02 1.011823934431259365e-05
6.950000000000000000e+02 1.019638564246587290e-05
6.960000000000000000e+02 9.938960226300435361e-06
6.970000000000000000e+02 9.944828394322822399e-06
6.980000000000000000e+02 9.982295047778349213e-06
6.990000000000000000e+02 1.000752149579616782e-05
7.000000000000000000e+02 9.978624777151987401e-06
7.010000000000000000e+02 9.945548999194916130e-06
7.020000000000000000e+02 9.935887697606515161e-06
7.030000000000000000e+02 1.015539140177842819e-05
7.040000000000000000e+02 1.003702596212044782e-05
7.050000000000000000e+02 9.921765981767421773e-06
7.060000000000000000e+02 9.861538067269019851e-06
7.070000000000000000e+02 9.923930303790630181e-06
7.080000000000000000e+02 9.974263942776582053e-06
7.090000000000000000e+02 1.009749740553207995e-05
7.100000000000000000e+02 1.015802971923198528e-05
7.110000000000000000e+02 9.885214842282808288e-06
7.120000000000000000e+02 9.896009300763789149e-06
7.130000000000000000e+02 9.954825521279603566e-06
7.140000000000000000e+02 9.877463325093954302e-06
7.150000000000000000e+02 9.953611793044286042e-06
7.160000000000000000e+02 9.861315815494609870e-06
7.170000000000000000e+02 9.867620272323108374e-06
7.180000000000000000e+02 9.835105926658098622e-06
7.190000000000000000e+02 9.891609685161174872e-06
7.200000000000000000e+02 9.987454001720135542e-06
7.210000000000000000e+02 9.877562809448976768e-06
7.220000000000000000e+02 9.871324500403342033e-06
7.230000000000000000e+02 9.976668235583182809e-06
7.240000000000000000e+02 9.878040052568301654e-06
7.250000000000000000e+02 9.883787865057970566e-06
7.260000000000000000e+02 9.882503189146518341e-06
7.270000000000000000e+02 9.899259473268803448e-06
7.280000000000000000e+02 9.874494316486212363e-06
7.290000000000000000e+02 9.886592125090268773e-06
7.300000000000000000e+02 9.948437149899128318e-06
7.310000000000000000e+02 9.934588765295652128e-06
7.320000000000000000e+02 9.825609075144315345e-06
7.330000000000000000e+02 9.837369004694316126e-06
7.340000000000000000e+02 9.882364135522109046e-06
7.350000000000000000e+02 9.852369411442524739e-06
7.360000000000000000e+02 9.999767399560183085e-06
7.370000000000000000e+02 1.005111393542625963e-05
7.380000000000000000e+02 9.831722467564620838e-06
7.390000000000000000e+02 9.844378974193182270e-06
7.400000000000000000e+02 9.811676417787870146e-06
7.410000000000000000e+02 9.890838096348140223e-06
7.420000000000000000e+02 9.878270519085420131e-06
7.430000000000000000e+02 9.847318849120384362e-06
7.440000000000000000e+02 9.873595112600388660e-06
7.450000000000000000e+02 9.896363991384321879e-06
7.460000000000000000e+02 9.914789372720778785e-06
7.470000000000000000e+02 9.843441347281138513e-06
7.480000000000000000e+02 9.793288743075652153e-06
7.490000000000000000e+02 9.833384496279252610e-06
7.500000000000000000e+02 9.797733062161848611e-06
7.510000000000000000e+02 9.876748809638696879e-06
7.520000000000000000e+02 9.788281642473660882e-06
7.530000000000000000e+02 9.950543443361918543e-06
7.540000000000000000e+02 9.873476357032090790e-06
7.550000000000000000e+02 9.853834047531470766e-06
7.560000000000000000e+02 9.870765945659233916e-06
7.570000000000000000e+02 9.850869289575478287e-06
7.580000000000000000e+02 9.772228936736400434e-06
7.590000000000000000e+02 9.763757244516641740e-06
7.600000000000000000e+02 9.836783155034749929e-06
7.610000000000000000e+02 9.935433642031290719e-06
7.620000000000000000e+02 9.803420983445949730e-06
7.630000000000000000e+02 9.815413457078810570e-06
7.640000000000000000e+02 9.838226991586195361e-06
7.650000000000000000e+02 9.798968139176184814e-06
7.660000000000000000e+02 9.894211418353593675e-06
7.670000000000000000e+02 9.896219564745059111e-06
7.680000000000000000e+02 9.924236541757217053e-06
7.690000000000000000e+02 9.766061073885512922e-06
7.700000000000000000e+02 9.883580633845084835e-06
7.710000000000000000e+02 9.745434499703920593e-06
7.720000000000000000e+02 9.837644938857126838e-06
7.730000000000000000e+02 9.767237716378309766e-06
7.740000000000000000e+02 9.793651170837573748e-06
7.750000000000000000e+02 9.730810824877176684e-06
7.760000000000000000e+02 9.766576190789539778e-06
7.770000000000000000e+02 9.923510277309479426e-06
7.780000000000000000e+02 9.754458728891151243e-06
7.790000000000000000e+02 9.770751047210815164e-06
7.800000000000000000e+02 9.794578457681033432e-06
7.810000000000000000e+02 9.767772271656073387e-06
7.820000000000000000e+02 9.782872497080228886e-06
7.830000000000000000e+02 9.729938199504828227e-06
7.840000000000000000e+02 9.758205009767642959e-06
7.850000000000000000e+02 9.810298132017636403e-06
7.860000000000000000e+02 9.784470861538863037e-06
7.870000000000000000e+02 9.778208051545498025e-06
7.880000000000000000e+02 9.868277189059134944e-06
7.890000000000000000e+02 9.834398730443073269e-06
7.900000000000000000e+02 9.780532250610680779e-06
7.910000000000000000e+02 9.749749675393104499e-06
7.920000000000000000e+02 9.743086468332853013e-06
7.930000000000000000e+02 9.727399724607284172e-06
7.940000000000000000e+02 9.732810708765801322e-06
7.950000000000000000e+02 9.788400254761561847e-06
7.960000000000000000e+02 9.783240584417796071e-06
7.970000000000000000e+02 9.736000034862603484e-06
7.980000000000000000e+02 9.745799291592377580e-06
7.990000000000000000e+02 9.772581287110462228e-06
8.000000000000000000e+02 9.774237130887998172e-06
8.010000000000000000e+02 9.794498531100076792e-06
8.020000000000000000e+02 9.762336977590353474e-06
8.030000000000000000e+02 9.772761796529475808e-06
8.040000000000000000e+02 9.780662516370797343e-06
8.050000000000000000e+02 9.810006819092309177e-06
8.060000000000000000e+02 9.739522010279008096e-06
8.070000000000000000e+02 9.733188706330763557e-06
8.080000000000000000e+02 9.815057763495506276e-06
8.090000000000000000e+02 9.833058055776817223e-06
8.100000000000000000e+02 9.735697307265722168e-06
8.110000000000000000e+02 9.712764157507663154e-06
8.120000000000000000e+02 9.740115620960027615e-06
8.130000000000000000e+02 9.822280408862310076e-06
8.140000000000000000e+02 9.737408122955224218e-06
8.150000000000000000e+02 9.735431163929975752e-06
8.160000000000000000e+02 9.698799309822229422e-06
8.170000000000000000e+02 9.739787890934026852e-06
8.180000000000000000e+02 9.687679079480660319e-06
8.190000000000000000e+02 9.746677122819118148e-06
8.200000000000000000e+02 9.760216762049075167e-06
8.210000000000000000e+02 9.827453643083571669e-06
8.220000000000000000e+02 9.803702218983417155e-06
8.230000000000000000e+02 9.708726706986244506e-06
8.240000000000000000e+02 9.775896031313981109e-06
8.250000000000000000e+02 9.729730657851085921e-06
8.260000000000000000e+02 9.668467852931756263e-06
8.270000000000000000e+02 9.707693798610797135e-06
8.280000000000000000e+02 9.708809475295054474e-06
8.290000000000000000e+02 9.714605931479196758e-06
8.300000000000000000e+02 9.662327070075733167e-06
8.310000000000000000e+02 9.707923930806991192e-06
8.320000000000000000e+02 9.646268179401373501e-06
8.330000000000000000e+02 9.799728289437600916e-06
8.340000000000000000e+02 9.671023139395775725e-06
8.350000000000000000e+02 9.689012303566323005e-06
8.360000000000000000e+02 9.699579614859361737e-06
8.370000000000000000e+02 9.677052259063108821e-06
8.380000000000000000e+02 9.708069957410677604e-06
8.390000000000000000e+02 9.706339130225854553e-06
8.400000000000000000e+02 9.650210372339456381e-06
8.410000000000000000e+02 9.710181647768387453e-06
8.420000000000000000e+02 9.686169333947010934e-06
8.430000000000000000e+02 9.648870055874189211e-06
8.440000000000000000e+02 9.692973194596093666e-06
8.450000000000000000e+02 9.672823099371714474e-06
8.460000000000000000e+02 9.644852545207891417e-06
8.470000000000000000e+02 9.681092455792121278e-06
8.480000000000000000e+02 9.660641018014687361e-06
8.490000000000000000e+02 9.662912776454900764e-06
8.500000000000000000e+02 9.663650073493139147e-06
8.510000000000000000e+02 9.697456462069963803e-06
8.520000000000000000e+02 9.688705325317688842e-06
8.530000000000000000e+02 9.682094343961813042e-06
8.540000000000000000e+02 9.684587685534587587e-06
8.550000000000000000e+02 9.654902566510897109e-06
8.560000000000000000e+02 9.644365248580772881e-06
8.570000000000000000e+02 9.741588877752805010e-06
8.580000000000000000e+02 9.676109163615946988e-06
8.590000000000000000e+02 9.724795101926876349e-06
8.600000000000000000e+02 9.692908909458381202e-06
8.610000000000000000e+02 9.625445334957197745e-06
8.620000000000000000e+02 9.626404000207400218e-06
8.630000000000000000e+02 9.640393229440236860e-06
8.640000000000000000e+02 9.647422159711520139e-06
8.650000000000000000e+02 9.638774972886610768e-06
8.660000000000000000e+02 9.733737506067905758e-06
8.670000000000000000e+02 9.720810569631746682e-06
8.680000000000000000e+02 9.723538126892003383e-06
8.690000000000000000e+02 9.649370534297748537e-06
8.700000000000000000e+02 9.626488893842085763e-06
8.710000000000000000e+02 9.654223512953672266e-06
8.720000000000000000e+02 9.654988773549214181e-06
8.730000000000000000e+02 9.624377346764771126e-06
8.740000000000000000e+02 9.630267174007036806e-06
8.750000000000000000e+02 9.620645346167759756e-06
8.760000000000000000e+02 9.618603457243014444e-06
8.770000000000000000e+02 9.667310971193590071e-06
8.780000000000000000e+02 9.637586270960478842e-06
8.790000000000000000e+02 9.613438628804990555e-06
8.800000000000000000e+02 9.631855150636952888e-06
8.810000000000000000e+02 9.620643268602016481e-06
8.820000000000000000e+02 9.666051214131024917e-06
8.830000000000000000e+02 9.669091528615890433e-06
8.840000000000000000e+02 9.635754216175812775e-06
8.850000000000000000e+02 9.613012668127432627e-06
8.860000000000000000e+02 9.659074461803986717e-06
8.870000000000000000e+02 9.645389655652717944e-06
8.880000000000000000e+02 9.682369991563833330e-06
8.890000000000000000e+02 9.623111440585210217e-06
8.900000000000000000e+02 9.628813331707930027e-06
8.910000000000000000e+02 9.611565309266249411e-06
8.920000000000000000e+02 9.619928633746428303e-06
8.930000000000000000e+02 9.615090078650376744e-06
8.940000000000000000e+02 9.626035244227984194e-06
8.950000000000000000e+02 9.635007128310508402e-06
8.960000000000000000e+02 9.598717427788636700e-06
8.970000000000000000e+02 9.657203530271847117e-06
8.980000000000000000e+02 9.654241948364635775e-06
8.990000000000000000e+02 9.609434610375991819e-06
9.000000000000000000e+02 9.601617136444799884e-06
9.010000000000000000e+02 9.635715578229000751e-06
9.020000000000000000e+02 9.612431940742027859e-06
9.030000000000000000e+02 9.615438727614207163e-06
9.040000000000000000e+02 9.588714092014691859e-06
9.050000000000000000e+02 9.628152832961999448e-06
9.060000000000000000e+02 9.684112161780015406e-06
9.070000000000000000e+02 9.586527298849362454e-06
9.080000000000000000e+02 9.600355457036922283e-06
9.090000000000000000e+02 9.818602472734756157e-06
9.100000000000000000e+02 9.686587450022881470e-06
9.110000000000000000e+02 9.761303639373718774e-06
9.120000000000000000e+02 9.607695258007598616e-06
9.130000000000000000e+02 9.593313512129661270e-06
9.140000000000000000e+02 9.768750637960740287e-06
9.150000000000000000e+02 9.762112528849869463e-06
9.160000000000000000e+02 9.599058339611078253e-06
9.170000000000000000e+02 9.584534578980544140e-06
9.180000000000000000e+02 9.612517598538826847e-06
9.190000000000000000e+02 9.586097242740484201e-06
9.200000000000000000e+02 9.588500723624840906e-06
9.210000000000000000e+02 9.612168639134138160e-06
9.220000000000000000e+02 9.588607921241186087e-06
9.230000000000000000e+02 9.577838298028859922e-06
9.240000000000000000e+02 9.582723514773907876e-06
9.250000000000000000e+02 9.652029388608076869e-06
9.260000000000000000e+02 9.584328517890893030e-06
9.270000000000000000e+02 9.561020116775463895e-06
9.280000000000000000e+02 9.587611907567733578e-06
9.290000000000000000e+02 9.572298552554386943e-06
9.300000000000000000e+02 9.569847048857273403e-06
9.310000000000000000e+02 9.565843531909660449e-06
9.320000000000000000e+02 9.596665676396626946e-06
9.330000000000000000e+02 9.607775805470271792e-06
9.340000000000000000e+02 9.626938030123710212e-06
9.350000000000000000e+02 9.569769844603844420e-06
9.360000000000000000e+02 9.619173211738084680e-06
9.370000000000000000e+02 9.563846227068166563e-06
9.380000000000000000e+02 9.583757258951663754e-06
9.390000000000000000e+02 9.572713611981807096e-06
9.400000000000000000e+02 9.560511972850712462e-06
9.410000000000000000e+02 9.642020058937560324e-06
9.420000000000000000e+02 9.613363024515983522e-06
9.430000000000000000e+02 9.582150679750321107e-06
9.440000000000000000e+02 9.553949945630169996e-06
9.450000000000000000e+02 9.559418361347454942e-06
9.460000000000000000e+02 9.556016407142847426e-06
9.470000000000000000e+02 9.585032955958294040e-06
9.480000000000000000e+02 9.574858543391411039e-06
9.490000000000000000e+02 9.597808313675416252e-06
9.500000000000000000e+02 9.575022814365533445e-06
9.510000000000000000e+02 9.594436472234053995e-06
9.520000000000000000e+02 9.549466773676566157e-06
9.530000000000000000e+02 9.589250438297404944e-06
9.540000000000000000e+02 9.573909860008802069e-06
9.550000000000000000e+02 9.570639747648666915e-06
9.560000000000000000e+02 9.564131999818178953e-06
9.570000000000000000e+02 9.550836510383165290e-06
9.580000000000000000e+02 9.559655299362464754e-06
9.590000000000000000e+02 9.571305452248989604e-06
9.600000000000000000e+02 9.581384726632864203e-06
9.610000000000000000e+02 9.667590212745544903e-06
9.620000000000000000e+02 9.593547918857672633e-06
9.630000000000000000e+02 9.562434748006172722e-06
9.640000000000000000e+02 9.534278693489539334e-06
9.650000000000000000e+02 9.556070495492372723e-06
9.660000000000000000e+02 9.597309984457798654e-06
9.670000000000000000e+02 9.596899605523318677e-06
9.680000000000000000e+02 9.540215110740601261e-06
9.690000000000000000e+02 9.537977966456076315e-06
9.700000000000000000e+02 9.555348027975131076e-06
9.710000000000000000e+02 9.641548547034079481e-06
9.720000000000000000e+02 9.587624659522985345e-06
9.730000000000000000e+02 9.547402628530295206e-06
9.740000000000000000e+02 9.541690325698791176e-06
9.750000000000000000e+02 9.587539479327505988e-06
9.760000000000000000e+02 9.594285048735447959e-06
9.770000000000000000e+02 9.526325449443016072e-06
9.780000000000000000e+02 9.530335545348815498e-06
9.790000000000000000e+02 9.530095288004631032e-06
9.800000000000000000e+02 9.520060287263147896e-06
9.810000000000000000e+02 9.558582893357827313e-06
9.820000000000000000e+02 9.546643767792444479e-06
9.830000000000000000e+02 9.565792667369048591e-06
9.840000000000000000e+02 9.536379613937476086e-06
9.850000000000000000e+02 9.532889637809534189e-06
9.860000000000000000e+02 9.531807715598588954e-06
9.870000000000000000e+02 9.519582351621908020e-06
9.880000000000000000e+02 9.528394215382062670e-06
9.890000000000000000e+02 9.525912503401439267e-06
9.900000000000000000e+02 9.521775807325656273e-06
9.910000000000000000e+02 9.537185446765178087e-06
9.920000000000000000e+02 9.536369823110410097e-06
9.930000000000000000e+02 9.522669972517550923e-06
9.940000000000000000e+02 9.514263138557090623e-06
9.950000000000000000e+02 9.523296131728551240e-06
9.960000000000000000e+02 9.528457234876279298e-06
9.970000000000000000e+02 9.504275778547312682e-06
9.980000000000000000e+02 9.530718199526651759e-06
9.990000000000000000e+02 9.509775190590283696e-06
1.000000000000000000e+03 9.508178187295411680e-06
1.001000000000000000e+03 9.514472351815455025e-06
1.002000000000000000e+03 9.513290121387212738e-06
1.003000000000000000e+03 9.522283043807897357e-06
1.004000000000000000e+03 9.498011201429060969e-06
1.005000000000000000e+03 9.526970844047191720e-06
1.006000000000000000e+03 9.518918366386339730e-06
1.007000000000000000e+03 9.511217928658694654e-06
1.008000000000000000e+03 9.514826278273876006e-06
1.009000000000000000e+03 9.505074518995406812e-06
1.010000000000000000e+03 9.522627561520307377e-06
1.011000000000000000e+03 9.508312202225893616e-06
1.012000000000000000e+03 9.503676269489986063e-06
1.013000000000000000e+03 9.558657614084390148e-06
1.014000000000000000e+03 9.540670718520115351e-06
1.015000000000000000e+03 9.498768414442355749e-06
1.016000000000000000e+03 9.525806666948856221e-06
1.017000000000000000e+03 9.494950350087422519e-06
1.018000000000000000e+03 9.530471566204842256e-06
1.019000000000000000e+03 9.489180281376227968e-06
1.020000000000000000e+03 9.500886218096966362e-06
1.021000000000000000e+03 9.486577091499780732e-06
1.022000000000000000e+03 9.502837004569860760e-06
1.023000000000000000e+03 9.520546007805910633e-06
1.024000000000000000e+03 9.498875206097578058e-06
1.025000000000000000e+03 9.544025008112956603e-06
1.026000000000000000e+03 9.493445022365985651e-06
1.027000000000000000e+03 9.497231541153713035e-06
1.028000000000000000e+03 9.497128331508391348e-06
1.029000000000000000e+03 9.482037658110642022e-06
1.030000000000000000e+03 9.507912736481580253e-06
1.031000000000000000e+03 9.560100376032867257e-06
1.032000000000000000e+03 9.523645592614625709e-06
1.033000000000000000e+03 9.476339205717429316e-06
1.034000000000000000e+03 9.466561632087598318e-06
1.035000000000000000e+03 9.505797893955157113e-06
1.036000000000000000e+03 9.476988791273191587e-06
1.037000000000000000e+03 9.499389630479689923e-06
1.038000000000000000e+03 9.470311853174981226e-06
1.039000000000000000e+03 9.470704656380872353e-06
1.040000000000000000e+03 9.522170592577029459e-06
1.041000000000000000e+03 9.511945315469534599e-06
1.042000000000000000e+03 9.480863881225769742e-06
1.043000000000000000e+03 9.515159787275853114e-06
1.044000000000000000e+03 9.545548699605158527e-06
1.045000000000000000e+03 9.498613385053781248e-06
1.046000000000000000e+03 9.469729728805712556e-06
1.047000000000000000e+03 9.469758480405195681e-06
1.048000000000000000e+03 9.461292161200290460e-06
1.049000000000000000e+03 9.475781964376951032e-06
1.050000000000000000e+03 9.503579889543546281e-06
1.051000000000000000e+03 9.456936198358352802e-06
1.052000000000000000e+03 9.476217656181408724e-06
1.053000000000000000e+03 9.459658215443292973e-06
1.054000000000000000e+03 9.482950163193237271e-06
1.055000000000000000e+03 9.487568520200559362e-06
1.056000000000000000e+03 9.467309866196069466e-06
1.057000000000000000e+03 9.483415299119093078e-06
1.058000000000000000e+03 9.477671999961901286e-06
1.059000000000000000e+03 9.466190392581316147e-06
1.060000000000000000e+03 9.486743392279514111e-06
1.061000000000000000e+03 9.484573195760066450e-06
1.062000000000000000e+03 9.446593407445993146e-06
1.063000000000000000e+03 9.544288870902398308e-06
1.064000000000000000e+03 9.513688225967760579e-06
1.065000000000000000e+03 9.501668958900830829e-06
1.066000000000000000e+03 9.468597455475575168e-06
1.067000000000000000e+03 9.452021441971643825e-06
1.068000000000000000e+03 9.456044659973717817e-06
1.069000000000000000e+03 9.481302295357753397e-06
1.070000000000000000e+03 9.444013882714967679e-06
1.071000000000000000e+03 9.444888609533127257e-06
1.072000000000000000e+03 9.452716375772769270e-06
1.073000000000000000e+03 9.467983188537451960e-06
1.074000000000000000e+03 9.438539831302104988e-06
1.075000000000000000e+03 9.460669966080250873e-06
1.076000000000000000e+03 9.469636262227326250e-06
1.077000000000000000e+03 9.488357517581719804e-06
1.078000000000000000e+03 9.441409379434892305e-06
1.079000000000000000e+03 9.454468527856544848e-06
1.080000000000000000e+03 9.473607660486147428e-06
1.081000000000000000e+03 9.469246038068564181e-06
1.082000000000000000e+03 9.483204963497626357e-06
1.083000000000000000e+03 9.444760039257697246e-06
1.084000000000000000e+03 9.445161940768744455e-06
1.085000000000000000e+03 9.436799977452326002e-06
1.086000000000000000e+03 9.426483669533178682e-06
1.087000000000000000e+03 9.496596140357164813e-06
1.088000000000000000e+03 9.428217195165463239e-06
1.089000000000000000e+03 9.445312409064707840e-06
1.090000000000000000e+03 9.467447272095924510e-06
1.091000000000000000e+03 9.455602341450941351e-06
1.092000000000000000e+03 9.450737840663163311e-06
1.093000000000000000e+03 9.441104693672596775e-06
1.094000000000000000e+03 9.426139247341033266e-06
1.095000000000000000e+03 9.439948946237565130e-06
1.096000000000000000e+03 9.472346363159326549e-06
1.097000000000000000e+03 9.446810381725812564e-06
1.098000000000000000e+03 9.446382164382017771e-06
1.099000000000000000e+03 9.454509052328574327e-06
1.100000000000000000e+03 9.481374699717911447e-06
1.101000000000000000e+03 9.431967392372779996e-06
1.102000000000000000e+03 9.421547230046528300e-06
1.103000000000000000e+03 9.437977240826839382e-06
1.104000000000000000e+03 9.407184349420743487e-06
1.105000000000000000e+03 9.445217605202627244e-06
1.106000000000000000e+03 9.441917224858816004e-06
1.107000000000000000e+03 9.440311039678560612e-06
1.108000000000000000e+03 9.434865214503727418e-06
1.109000000000000000e+03 9.460356086492538046e-06
1.110000000000000000e+03 9.436001404164693235e-06
1.111000000000000000e+03 9.410916278377558098e-06
1.112000000000000000e+03 9.416589656701454598e-06
1.113000000000000000e+03 9.482015688449908501e-06
1.114000000000000000e+03 9.464754806592677591e-06
1.115000000000000000e+03 9.428866494160431698e-06
1.116000000000000000e+03 9.415953706663388292e-06
1.117000000000000000e+03 9.450565211665935502e-06
1.118000000000000000e+03 9.409252291497512111e-06
1.119000000000000000e+03 9.398747163896376417e-06
1.120000000000000000e+03 9.447327743356045751e-06
1.121000000000000000e+03 9.424984789429566997e-06
1.122000000000000000e+03 9.398447875029000511e-06
1.123000000000000000e+03 9.400697186207160761e-06
1.124000000000000000e+03 9.405363637667434751e-06
1.125000000000000000e+03 9.404210851360588885e-06
1.126000000000000000e+03 9.415031745074649779e-06
1.127000000000000000e+03 9.480095969942900318e-06
1.128000000000000000e+03 9.396277487469025335e-06
1.129000000000000000e+03 9.406155297675958320e-06
1.130000000000000000e+03 9.399991721296922036e-06
1.131000000000000000e+03 9.399269946301593685e-06
1.132000000000000000e+03 9.397071189223192106e-06
1.133000000000000000e+03 9.398904891732412425e-06
1.134000000000000000e+03 9.408104233443737030e-06
1.135000000000000000e+03 9.393881958646652853e-06
1.136000000000000000e+03 9.498239924701360590e-06
1.137000000000000000e+03 9.436626297732192634e-06
1.138000000000000000e+03 9.392191608173723592e-06
1.139000000000000000e+03 9.406225182689153538e-06
1.140000000000000000e+03 9.400823607276647350e-06
1.141000000000000000e+03 9.391759713299763573e-06
1.142000000000000000e+03 9.397731735729253293e-06
1.143000000000000000e+03 9.398898539634851845e-06
1.144000000000000000e+03 9.413069042448813815e-06
1.145000000000000000e+03 9.391426849059569153e-06
1.146000000000000000e+03 9.380860445209039075e-06
1.147000000000000000e+03 9.403133872323311487e-06
1.148000000000000000e+03 9.392615336065109110e-06
1.149000000000000000e+03 9.385782699936475408e-06
1.150000000000000000e+03 9.424699864421898731e-06
1.151000000000000000e+03 9.473197400951996513e-06
1.152000000000000000e+03 9.377428091680392488e-06
1.153000000000000000e+03 9.382030568443812282e-06
1.154000000000000000e+03 9.382001769084196856e-06
1.155000000000000000e+03 9.431340421239535628e-06
1.156000000000000000e+03 9.408300241025594491e-06
1.157000000000000000e+03 9.382438392211229353e-06
1.158000000000000000e+03 9.400982099274795105e-06
1.159000000000000000e+03 9.475697978184772447e-06
1.160000000000000000e+03 9.376378276218205106e-06
1.161000000000000000e+03 9.384540148461476306e-06
1.162000000000000000e+03 9.367778777885131538e-06
1.163000000000000000e+03 9.378417609975887512e-06
1.164000000000000000e+03 9.414658213082032363e-06
1.165000000000000000e+03 9.383643666903178566e-06
1.166000000000000000e+03 9.368976721396813064e-06
1.167000000000000000e+03 9.376253120792217742e-06
1.168000000000000000e+03 9.399134020965831530e-06
1.169000000000000000e+03 9.375827697416145670e-06
1.170000000000000000e+03 9.371787476807068757e-06
1.171000000000000000e+03 9.362737385508342308e-06
1.172000000000000000e+03 9.361437880075895040e-06
1.173000000000000000e+03 9.397772045280689107e-06
1.174000000000000000e+03 9.406889478365580096e-06
1.175000000000000000e+03 9.363881813792081078e-06
1.176000000000000000e+03 9.427448328679952858e-06
1.177000000000000000e+03 9.419355159386610027e-06
1.178000000000000000e+03 9.449341119481967754e-06
1.179000000000000000e+03 9.366336684578504962e-06
1.180000000000000000e+03 9.361199294336332671e-06
1.181000000000000000e+03 9.384351543700084986e-06
1.182000000000000000e+03 9.359318691377456142e-06
1.183000000000000000e+03 9.379602873172515723e-06
1.184000000000000000e+03 9.360381043874299933e-06
1.185000000000000000e+03 9.359634027649194014e-06
1.186000000000000000e+03 9.351155887811611831e-06
1.187000000000000000e+03 9.360576430574442551e-06
1.188000000000000000e+03 9.364351749611206122e-06
1.189000000000000000e+03 9.348152993390194805e-06
1.190000000000000000e+03 9.401807346596167722e-06
1.191000000000000000e+03 9.362993929057550249e-06
1.192000000000000000e+03 9.354893834545062602e-06
1.193000000000000000e+03 9.349354208470918683e-06
1.194000000000000000e+03 9.363883389876440265e-06
1.195000000000000000e+03 9.344536763353224293e-06
1.196000000000000000e+03 9.354738733516289648e-06
1.197000000000000000e+03 9.379339977525747202e-06
1.198000000000000000e+03 9.365718071468364303e-06
1.199000000000000000e+03 9.350003483585822686e-06
1.200000000000000000e+03 9.341357275843620422e-06
1.201000000000000000e+03 9.336719767023357071e-06
1.202000000000000000e+03 9.351583842474680658e-06
1.203000000000000000e+03 9.349594632975566206e-06
1.204000000000000000e+03 9.348926982149864920e-06
1.205000000000000000e+03 9.373266823016679071e-06
1.206000000000000000e+03 9.360667819587083888e-06
1.207000000000000000e+03 9.385625545222025330e-06
1.208000000000000000e+03 9.354977199855524651e-06
1.209000000000000000e+03 9.332654973826346346e-06
1.210000000000000000e+03 9.335468308283732789e-06
1.211000000000000000e+03 9.395395190669939949e-06
1.212000000000000000e+03 9.344469684247787414e-06
1.213000000000000000e+03 9.353499358090069989e-06
1.214000000000000000e+03 9.337420049959269837e-06
1.215000000000000000e+03 9.343418853882796239e-06
1.216000000000000000e+03 9.338504992998561993e-06
1.217000000000000000e+03 9.336977958297117570e-06
1.218000000000000000e+03 9.337412850119365134e-06
1.219000000000000000e+03 9.345730718893882326e-06
1.220000000000000000e+03 9.337142563592166090e-06
1.221000000000000000e+03 9.337870404124259515e-06
1.222000000000000000e+03 9.346230624195857417e-06
1.223000000000000000e+03 9.331122804910709959e-06
1.224000000000000000e+03 9.328636842278333708e-06
1.225000000000000000e+03 9.332331136251106166e-06
1.226000000000000000e+03 9.325650675843158021e-06
1.227000000000000000e+03 9.341971709942206687e-06
1.228000000000000000e+03 9.342140004707452660e-06
1.229000000000000000e+03 9.332973724947526864e-06
1.230000000000000000e+03 9.360295457717699398e-06
1.231000000000000000e+03 9.330790394391769019e-06
1.232000000000000000e+03 9.322056952768410275e-06
1.233000000000000000e+03 9.326353430365904706e-06
1.234000000000000000e+03 9.321393779455087729e-06
1.235000000000000000e+03 9.313652315774024004e-06
1.236000000000000000e+03 9.319148695048614175e-06
1.237000000000000000e+03 9.311697350289576905e-06
1.238000000000000000e+03 9.345144916994450125e-06
1.239000000000000000e+03 9.317937760781019372e-06
1.240000000000000000e+03 9.313164851986444105e-06
1.241000000000000000e+03 9.327105365884610618e-06
1.242000000000000000e+03 9.307967116817448847e-06
1.243000000000000000e+03 9.333284762807381280e-06
1.244000000000000000e+03 9.318857334363154647e-06
1.245000000000000000e+03 9.317113468662286017e-06
1.246000000000000000e+03 9.333959923913845539e-06
1.247000000000000000e+03 9.333009067445230384e-06
1.248000000000000000e+03 9.322547926925695729e-06
1.249000000000000000e+03 9.312284370072377722e-06
1.250000000000000000e+03 9.316138433626829389e-06
1.251000000000000000e+03 9.305652923499927441e-06
1.252000000000000000e+03 9.309685598008143003e-06
1.253000000000000000e+03 9.311067823989269631e-06
1.254000000000000000e+03 9.364329493389678789e-06
1.255000000000000000e+03 9.317535739869643103e-06
1.256000000000000000e+03 9.302334059985018695e-06
1.257000000000000000e+03 9.316752879665447882e-06
1.258000000000000000e+03 9.322964371396944168e-06
1.259000000000000000e+03 9.317241871777252971e-06
1.260000000000000000e+03 9.302642196416853557e-06
1.261000000000000000e+03 9.326216430427170841e-06
1.262000000000000000e+03 9.311705135191098072e-06
1.263000000000000000e+03 9.298830937880736081e-06
1.264000000000000000e+03 9.302415646230563509e-06
1.265000000000000000e+03 9.299876240010446343e-06
1.266000000000000000e+03 9.288046174706558300e-06
1.267000000000000000e+03 9.314153677760025833e-06
1.268000000000000000e+03 9.300062671685829785e-06
1.269000000000000000e+03 9.305427185235879748e-06
1.270000000000000000e+03 9.316610411191597634e-06
1.271000000000000000e+03 9.299028784227677001e-06
1.272000000000000000e+03 9.305563086691575752e-06
1.273000000000000000e+03 9.313211847956364919e-06
1.274000000000000000e+03 9.306958828790065896e-06
1.275000000000000000e+03 9.300611053521815191e-06
1.276000000000000000e+03 9.301089084683321364e-06
1.277000000000000000e+03 9.308977768971370579e-06
1.278000000000000000e+03 9.303107977104493745e-06
1.279000000000000000e+03 9.349335796940021326e-06
1.280000000000000000e+03 9.344343406458696037e-06
1.281000000000000000e+03 9.310910884195413217e-06
1.282000000000000000e+03 9.335245722188398388e-06
1.283000000000000000e+03 9.294687495686305252e-06
1.284000000000000000e+03 9.283643502455490252e-06
1.285000000000000000e+03 9.282215020786491796e-06
1.286000000000000000e+03 9.332144274734533701e-06
1.287000000000000000e+03 9.313538192938535703e-06
1.288000000000000000e+03 9.285190035230837666e-06
1.289000000000000000e+03 9.283457118540239112e-06
1.290000000000000000e+03 9.283970205638653300e-06
1.291000000000000000e+03 9.280335468550524215e-06
1.292000000000000000e+03 9.288819124683356777e-06
1.293000000000000000e+03 9.316652559508115214e-06
1.294000000000000000e+03 9.306907200087338901e-06
1.295000000000000000e+03 9.282018714703809989e-06
1.296000000000000000e+03 9.286293342040898265e-06
1.297000000000000000e+03 9.290806089456264897e-06
1.298000000000000000e+03 9.287538985984446129e-06
1.299000000000000000e+03 9.291599456889507248e-06
1.300000000000000000e+03 9.296188441415627983e-06
1.301000000000000000e+03 9.302035332299194795e-06
1.302000000000000000e+03 9.283967101230070616e-06
1.303000000000000000e+03 9.273318812633173073e-06
1.304000000000000000e+03 9.272894559380335622e-06
1.305000000000000000e+03 9.273589087220338194e-06
1.306000000000000000e+03 9.277960142263998555e-06
1.307000000000000000e+03 9.274270672064559792e-06
1.308000000000000000e+03 9.304208179505971661e-06
1.309000000000000000e+03 9.265719769665828987e-06
1.310000000000000000e+03 9.281210434169341914e-06
1.311000000000000000e+03 9.264781330831539487e-06
1.312000000000000000e+03 9.282125207858207952e-06
1.313000000000000000e+03 9.280589050971544684e-06
1.314000000000000000e+03 9.303994763355988407e-06
1.315000000000000000e+03 9.301205356724751393e-06
1.316000000000000000e+03 9.271668126949898631e-06
1.317000000000000000e+03 9.269089843982304544e-06
1.318000000000000000e+03 9.264982484567624527e-06
1.319000000000000000e+03 9.374682099009172279e-06
1.320000000000000000e+03 9.296393762223231801e-06
1.321000000000000000e+03 9.282086737071857291e-06
1.322000000000000000e+03 9.261723357037856134e-06
1.323000000000000000e+03 9.274598808051683427e-06
1.324000000000000000e+03 9.258531989195409076e-06
1.325000000000000000e+03 9.265782598119516407e-06
1.326000000000000000e+03 9.275864045589397191e-06
1.327000000000000000e+03 9.261769481385364979e-06
1.328000000000000000e+03 9.286841735816917594e-06
1.329000000000000000e+03 9.261816835556274668e-06
1.330000000000000000e+03 9.277364167456443643e-06
1.331000000000000000e+03 9.273834478778718012e-06
1.332000000000000000e+03 9.272729834684959735e-06
1.333000000000000000e+03 9.253548840299629998e-06
1.334000000000000000e+03 9.272823468423805709e-06
1.335000000000000000e+03 9.253820977531946424e-06
1.336000000000000000e+03 9.263353971525645043e-06
1.337000000000000000e+03 9.288146494863889273e-06
1.338000000000000000e+03 9.273933652692880516e-06
1.339000000000000000e+03 9.253336642033013667e-06
1.340000000000000000e+03 9.273618674622131520e-06
1.341000000000000000e+03 9.249114001599642956e-06
1.342000000000000000e+03 9.249731563986874667e-06
1.343000000000000000e+03 9.249416275475269098e-06
1.344000000000000000e+03 9.292549979037199677e-06
1.345000000000000000e+03 9.270277495185534299e-06
1.346000000000000000e+03 9.266644740142883886e-06
1.347000000000000000e+03 9.259540730944047202e-06
1.348000000000000000e+03 9.265478366078474357e-06
1.349000000000000000e+03 9.241697521736987880e-06
1.350000000000000000e+03 9.251205107340445874e-06
1.351000000000000000e+03 9.249471462307832256e-06
1.352000000000000000e+03 9.267698758496688426e-06
1.353000000000000000e+03 9.258904852546179348e-06
1.354000000000000000e+03 9.248741878530918281e-06
1.355000000000000000e+03 9.249384849308394006e-06
1.356000000000000000e+03 9.240194749182615612e-06
1.357000000000000000e+03 9.246705290980827989e-06
1.358000000000000000e+03 9.263037680051266215e-06
1.359000000000000000e+03 9.240810998166219185e-06
1.360000000000000000e+03 9.240295379780804854e-06
1.361000000000000000e+03 9.258660583350903544e-06
1.362000000000000000e+03 9.239100516797639861e-06
1.363000000000000000e+03 9.232610010374814636e-06
1.364000000000000000e+03 9.265220365845241372e-06
1.365000000000000000e+03 9.248666011561185282e-06
1.366000000000000000e+03 9.246123286011891768e-06
1.367000000000000000e+03 9.243268376359571980e-06
1.368000000000000000e+03 9.240678893641019162e-06
1.369000000000000000e+03 9.232318195968101628e-06
1.370000000000000000e+03 9.234301136949887875e-06
1.371000000000000000e+03 9.249229700519488750e-06
1.372000000000000000e+03 9.249532834077492938e-06
1.373000000000000000e+03 9.262961431000478189e-06
1.374000000000000000e+03 9.232256155556593802e-06
1.375000000000000000e+03 9.241855894334804881e-06
1.376000000000000000e+03 9.237198206858757471e-06
1.377000000000000000e+03 9.239427267740935211e-06
1.378000000000000000e+03 9.239945895014665928e-06
1.379000000000000000e+03 9.254749147937846917e-06
1.380000000000000000e+03 9.276324489082280592e-06
1.381000000000000000e+03 9.245200464740776903e-06
1.382000000000000000e+03 9.240144111502627953e-06
1.383000000000000000e+03 9.237867087507859603e-06
1.384000000000000000e+03 9.229935586261442276e-06
1.385000000000000000e+03 9.232600553868673066e-06
1.386000000000000000e+03 9.228885508118530622e-06
1.387000000000000000e+03 9.236918690686042751e-06
1.388000000000000000e+03 9.225863843965225668e-06
1.389000000000000000e+03 9.234170190607890244e-06
1.390000000000000000e+03 9.229801284770171611e-06
1.391000000000000000e+03 9.236551069009761274e-06
1.392000000000000000e+03 9.247509786524834007e-06
1.393000000000000000e+03 9.224140013639744190e-06
1.394000000000000000e+03 9.230818241261519927e-06
1.395000000000000000e+03 9.235546398812379017e-06
1.396000000000000000e+03 9.235054803773378720e-06
1.397000000000000000e+03 9.225813158525107401e-06
1.398000000000000000e+03 9.216502237205321783e-06
1.399000000000000000e+03 9.219944763642091081e-06
1.400000000000000000e+03 9.250427954472028544e-06
1.401000000000000000e+03 9.218006108242730219e-06
1.402000000000000000e+03 9.224178675466622365e-06
1.403000000000000000e+03 9.269808705609579419e-06
1.404000000000000000e+03 9.218620590101450480e-06
1.405000000000000000e+03 9.233957920701075459e-06
1.406000000000000000e+03 9.244679162899652525e-06
1.407000000000000000e+03 9.259232916893102836e-06
1.408000000000000000e+03 9.216174459419190413e-06
1.409000000000000000e+03 9.219589786460766234e-06
1.410000000000000000e+03 9.217133100789326735e-06
1.411000000000000000e+03 9.213398174884227966e-06
1.412000000000000000e+03 9.218484449845092967e-06
1.413000000000000000e+03 9.215724630615650974e-06
1.414000000000000000e+03 9.217794912938887146e-06
1.415000000000000000e+03 9.226244432517350882e-06
1.416000000000000000e+03 9.232288584686242151e-06
1.417000000000000000e+03 9.224602283957677128e-06
1.418000000000000000e+03 9.243661919847512092e-06
1.419000000000000000e+03 9.223707927725253270e-06
1.420000000000000000e+03 9.229489172307345484e-06
1.421000000000000000e+03 9.213904396463663563e-06
1.422000000000000000e+03 9.206945673586467693e-06
1.423000000000000000e+03 9.209504565940452233e-06
1.424000000000000000e+03 9.214651293288438728e-06
1.425000000000000000e+03 9.201835267818890131e-06
1.426000000000000000e+03 9.219551602235207690e-06
1.427000000000000000e+03 9.246035956610470683e-06
1.428000000000000000e+03 9.215348328535371905e-06
1.429000000000000000e+03 9.210403244464825698e-06
1.430000000000000000e+03 9.208902071874875379e-06
1.431000000000000000e+03 9.207455680156365348e-06
1.432000000000000000e+03 9.209211127689251124e-06
1.433000000000000000e+03 9.214197739194601762e-06
1.434000000000000000e+03 9.227686215383119190e-06
1.435000000000000000e+03 9.200982271860807648e-06
1.436000000000000000e+03 9.202620086188499567e-06
1.437000000000000000e+03 9.216522439741171993e-06
1.438000000000000000e+03 9.203066535962698127e-06
1.439000000000000000e+03 9.193808150788148158e-06
1.440000000000000000e+03 9.198011305087651495e-06
1.441000000000000000e+03 9.203259403315874524e-06
1.442000000000000000e+03 9.212825829401994750e-06
1.443000000000000000e+03 9.201076884682362424e-06
1.444000000000000000e+03 9.211194820893116891e-06
1.445000000000000000e+03 9.210213278539670548e-06
1.446000000000000000e+03 9.238705134544617984e-06
1.447000000000000000e+03 9.204581738091431665e-06
1.448000000000000000e+03 9.204708063640655344e-06
1.449000000000000000e+03 9.185028023635730257e-06
1.450000000000000000e+03 9.192482377283083913e-06
1.451000000000000000e+03 9.197700935869644224e-06
1.452000000000000000e+03 9.201336866961075774e-06
1.453000000000000000e+03 9.190939629498200250e-06
1.454000000000000000e+03 9.187481986979643793e-06
1.455000000000000000e+03 9.187808618522606694e-06
1.456000000000000000e+03 9.188938575486342686e-06
1.457000000000000000e+03 9.193774885856187913e-06
1.458000000000000000e+03 9.195476555480406661e-06
1.459000000000000000e+03 9.188523993660242163e-06
1.460000000000000000e+03 9.251889080191270709e-06
1.461000000000000000e+03 9.222118613811639511e-06
1.462000000000000000e+03 9.238525246007319247e-06
1.463000000000000000e+03 9.191563543982994236e-06
1.464000000000000000e+03 9.187728357620727329e-06
1.465000000000000000e+03 9.184827646001790887e-06
1.466000000000000000e+03 9.201736475985784349e-06
1.467000000000000000e+03 9.187555322662378343e-06
1.468000000000000000e+03 9.192580333313881189e-06
1.469000000000000000e+03 9.187194470984814241e-06
1.470000000000000000e+03 9.187306205813702692e-06
1.471000000000000000e+03 9.199345197815161326e-06
1.472000000000000000e+03 9.181551229304229150e-06
1.473000000000000000e+03 9.177058338163754386e-06
1.474000000000000000e+03 9.192599914968013167e-06
1.475000000000000000e+03 9.183216051986583644e-06
1.476000000000000000e+03 9.183799501699514375e-06
1.477000000000000000e+03 9.195986657570570614e-06
1.478000000000000000e+03 9.175098692186367110e-06
1.479000000000000000e+03 9.187135630502150314e-06
1.480000000000000000e+03 9.179370430035468061e-06
1.481000000000000000e+03 9.185002185404300608e-06
1.482000000000000000e+03 9.173203785067949166e-06
1.483000000000000000e+03 9.193297857657456692e-06
1.484000000000000000e+03 9.172308258712292382e-06
1.485000000000000000e+03 9.173823448900993692e-06
1.486000000000000000e+03 9.193150828090997022e-06
1.487000000000000000e+03 9.185480240445869545e-06
1.488000000000000000e+03 9.173758638401827601e-06
1.489000000000000000e+03 9.192974426043339385e-06
1.490000000000000000e+03 9.237615105051261085e-06
1.491000000000000000e+03 9.202868653795658827e-06
1.492000000000000000e+03 9.171281750194536198e-06
1.493000000000000000e+03 9.189937598048113275e-06
1.494000000000000000e+03 9.173583167676743074e-06
1.495000000000000000e+03 9.175205722642250928e-06
1.496000000000000000e+03 9.191145260746662337e-06
1.497000000000000000e+03 9.190946220396422340e-06
1.498000000000000000e+03 9.175180672453000873e-06
1.499000000000000000e+03 9.171846155554820806e-06
1.500000000000000000e+03 9.168757089915183394e-06
1.501000000000000000e+03 9.168796444263978252e-06
1.502000000000000000e+03 9.172476016176052500e-06
1.503000000000000000e+03 9.168528450223116148e-06
1.504000000000000000e+03 9.163737822419558513e-06
1.505000000000000000e+03 9.164203101625809531e-06
1.506000000000000000e+03 9.196462587286265668e-06
1.507000000000000000e+03 9.166298553538628207e-06
1.508000000000000000e+03 9.179422846780372955e-06
1.509000000000000000e+03 9.173071011900901998e-06
1.510000000000000000e+03 9.193994845144259261e-06
1.511000000000000000e+03 9.176688543401466725e-06
1.512000000000000000e+03 9.165265812323643893e-06
1.513000000000000000e+03 9.171173000373901370e-06
1.514000000000000000e+03 9.171383527035897298e-06
1.515000000000000000e+03 9.169571985227939709e-06
1.516000000000000000e+03 9.172287172613999669e-06
1.517000000000000000e+03 9.175447173989736166e-06
1.518000000000000000e+03 9.163742025311177365e-06
1.519000000000000000e+03 9.164368686003561770e-06
1.520000000000000000e+03 9.163259791258054034e-06
1.521000000000000000e+03 9.178972922456570606e-06
1.522000000000000000e+03 9.168892143628535273e-06
1.523000000000000000e+03 9.164789369186529134e-06
1.524000000000000000e+03 9.171665884936467043e-06
1.525000000000000000e+03 9.178255016031938382e-06
1.526000000000000000e+03 9.159878517190614663e-06
1.527000000000000000e+03 9.183576664863487931e-06
1.528000000000000000e+03 9.165024289335960202e-06
1.529000000000000000e+03 9.167501559624304937e-06
1.530000000000000000e+03 9.155145153785363462e-06
1.531000000000000000e+03 9.152218532294798919e-06
1.532000000000000000e+03 9.163007737161257062e-06
1.533000000000000000e+03 9.169117380411197183e-06
1.534000000000000000e+03 9.155108736684689925e-06
1.535000000000000000e+03 9.167250436850082771e-06
1.536000000000000000e+03 9.155139828530642292e-06
1.537000000000000000e+03 9.153865564327974286e-06
1.538000000000000000e+03 9.152689160635838953e-06
1.539000000000000000e+03 9.155463809386277683e-06
1.540000000000000000e+03 9.170706718204877094e-06
1.541000000000000000e+03 9.154395964474249664e-06
1.542000000000000000e+03 9.162508512441163038e-06
1.543000000000000000e+03 9.174339425487395205e-06
1.544000000000000000e+03 9.156467631841317510e-06
1.545000000000000000e+03 9.157049063688669496e-06
1.546000000000000000e+03 9.150158613920211277e-06
1.547000000000000000e+03 9.166053806742031077e-06
1.548000000000000000e+03 9.152482120463482430e-06
1.549000000000000000e+03 9.145427829562090827e-06
1.550000000000000000e+03 9.147569871483705750e-06
1.551000000000000000e+03 9.162525598628398334e-06
1.552000000000000000e+03 9.156979357775969563e-06
1.553000000000000000e+03 9.145269624124735189e-06
1.554000000000000000e+03 9.153973741027024880e-06
1.555000000000000000e+03 9.146410852479628365e-06
1.556000000000000000e+03 9.149051880320677497e-06
1.557000000000000000e+03 9.150969485441842331e-06
1.558000000000000000e+03 9.152726341898624238e-06
1.559000000000000000e+03 9.148394139722372954e-06
1.560000000000000000e+03 9.161350102378771655e-06
1.561000000000000000e+03 9.157645587737744185e-06
1.562000000000000000e+03 9.153633521726498316e-06
1.563000000000000000e+03 9.146671527280258399e-06
1.564000000000000000e+03 9.142404923645349412e-06
1.565000000000000000e+03 9.155092713160394111e-06
1.566000000000000000e+03 9.157192809746051196e-06
1.567000000000000000e+03 9.142555129260590218e-06
1.568000000000000000e+03 9.144744370132684003e-06
1.569000000000000000e+03 9.143887983205226718e-06
1.570000000000000000e+03 9.140512356773400709e-06
1.571000000000000000e+03 9.143646113956586379e-06
1.572000000000000000e+03 9.142412541386407522e-06
1.573000000000000000e+03 9.154067386705904777e-06
1.574000000000000000e+03 9.139903319569734068e-06
1.575000000000000000e+03 9.150053792370437105e-06
1.576000000000000000e+03 9.165870551115427078e-06
1.577000000000000000e+03 9.135707830771422837e-06
1.578000000000000000e+03 9.136997927457857449e-06
1.579000000000000000e+03 9.133191456874975288e-06
1.580000000000000000e+03 9.134371908238300339e-06
1.581000000000000000e+03 9.134782717013971033e-06
1.582000000000000000e+03 9.133428024748962301e-06
1.583000000000000000e+03 9.136505711537140615e-06
1.584000000000000000e+03 9.135092047449104973e-06
1.585000000000000000e+03 9.152335866999168431e-06
1.586000000000000000e+03 9.137591394858481756e-06
1.587000000000000000e+03 9.136207927113923748e-06
1.588000000000000000e+03 9.142441842227410425e-06
1.589000000000000000e+03 9.147975450524918183e-06
1.590000000000000000e+03 9.127874333315935088e-06
1.591000000000000000e+03 9.134118206416949116e-06
1.592000000000000000e+03 9.134891251914012197e-06
1.593000000000000000e+03 9.145573426324588216e-06
1.594000000000000000e+03 9.147991736729939964e-06
1.595000000000000000e+03 9.173029472526067032e-06
1.596000000000000000e+03 9.132799346190995763e-06
1.597000000000000000e+03 9.128903886542106037e-06
1.598000000000000000e+03 9.131923843270693902e-06
1.599000000000000000e+03 9.137848057808020452e-06
1.600000000000000000e+03 9.181829479833442952e-06
1.601000000000000000e+03 9.156267218387279761e-06
1.602000000000000000e+03 9.138587432412002110e-06
1.603000000000000000e+03 9.123887448834302257e-06
1.604000000000000000e+03 9.143040503542391225e-06
1.605000000000000000e+03 9.142824806846104954e-06
1.606000000000000000e+03 9.125540725504739678e-06
1.607000000000000000e+03 9.139347845354142485e-06
1.608000000000000000e+03 9.124645127508884440e-06
1.609000000000000000e+03 9.136432113173680099e-06
1.610000000000000000e+03 9.128313535490098336e-06
1.611000000000000000e+03 9.133405267046047492e-06
1.612000000000000000e+03 9.122950144303150691e-06
1.613000000000000000e+03 9.131024722965099186e-06
1.614000000000000000e+03 9.120350560316671922e-06
1.615000000000000000e+03 9.164082292371836231e-06
1.616000000000000000e+03 9.137090510473801252e-06
1.617000000000000000e+03 9.126293186384897523e-06
1.618000000000000000e+03 9.125127337681941621e-06
1.619000000000000000e+03 9.123552542848464635e-06
1.620000000000000000e+03 9.148490901749867764e-06
1.621000000000000000e+03 9.129448650548090748e-06
1.622000000000000000e+03 9.126537646620700841e-06
1.623000000000000000e+03 9.146673485445669225e-06
1.624000000000000000e+03 9.119798381550190536e-06
1.625000000000000000e+03 9.126683649344322796e-06
1.626000000000000000e+03 9.123960247215550951e-06
1.627000000000000000e+03 9.120060584675044067e-06
1.628000000000000000e+03 9.120909974743158084e-06
1.629000000000000000e+03 9.116830065464361893e-06
1.630000000000000000e+03 9.124415902755200731e-06
1.631000000000000000e+03 9.119871562012495952e-06
1.632000000000000000e+03 9.134711626057442815e-06
1.633000000000000000e+03 9.118148257048466407e-06
1.634000000000000000e+03 9.120474306818766543e-06
1.635000000000000000e+03 9.115373381437400090e-06
1.636000000000000000e+03 9.127589253087837687e-06
1.637000000000000000e+03 9.115052337829882633e-06
1.638000000000000000e+03 9.120240258291745751e-06
1.639000000000000000e+03 9.118417373452430830e-06
1.640000000000000000e+03 9.133556738304785829e-06
1.641000000000000000e+03 9.113147281683408129e-06
1.642000000000000000e+03 9.111608999470869285e-06
1.643000000000000000e+03 9.121051702934962734e-06
1.644000000000000000e+03 9.125824277408611888e-06
1.645000000000000000e+03 9.113061313445750873e-06
1.646000000000000000e+03 9.113979012442706003e-06
1.647000000000000000e+03 9.110230689820571085e-06
1.648000000000000000e+03 9.112781868913234605e-06
1.649000000000000000e+03 9.116728622943926906e-06
1.650000000000000000e+03 9.120852531244358059e-06
1.651000000000000000e+03 9.111326044568649154e-06
1.652000000000000000e+03 9.113292687405378004e-06
1.653000000000000000e+03 9.112180962872047473e-06
1.654000000000000000e+03 9.105846405220337632e-06
1.655000000000000000e+03 9.122079118895225878e-06
1.656000000000000000e+03 9.115455755725121109e-06
1.657000000000000000e+03 9.104959499568512216e-06
1.658000000000000000e+03 9.126021252133144227e-06
1.659000000000000000e+03 9.102847880850999126e-06
1.660000000000000000e+03 9.128440075959915679e-06
1.661000000000000000e+03 9.130619227504119129e-06
1.662000000000000000e+03 9.102681174110142874e-06
1.663000000000000000e+03 9.124098369517387135e-06
1.664000000000000000e+03 9.103662047821742072e-06
1.665000000000000000e+03 9.105077729775356459e-06
1.666000000000000000e+03 9.103731347773319133e-06
1.667000000000000000e+03 9.111986913455602532e-06
1.668000000000000000e+03 9.106852544041780549e-06
1.669000000000000000e+03 9.117785435265455862e-06
1.670000000000000000e+03 9.113928494163049099e-06
1.671000000000000000e+03 9.111168460013010053e-06
1.672000000000000000e+03 9.132026264873834302e-06
1.673000000000000000e+03 9.117943640702809807e-06
1.674000000000000000e+03 9.105172199316514329e-06
1.675000000000000000e+03 9.103161903719107165e-06
1.676000000000000000e+03 9.101774674864151557e-06
1.677000000000000000e+03 9.103648734684938298e-06
1.678000000000000000e+03 9.103603899860993135e-06
1.679000000000000000e+03 9.120206324717938361e-06
1.680000000000000000e+03 9.126577192010023213e-06
1.681000000000000000e+03 9.105080953584268204e-06
1.682000000000000000e+03 9.098273785546039658e-06
1.683000000000000000e+03 9.105954199838333198e-06
1.684000000000000000e+03 9.116512675506946897e-06
1.685000000000000000e+03 9.109795595017762085e-06
1.686000000000000000e+03 9.101266590639566349e-06
1.687000000000000000e+03 9.121846622572496428e-06
1.688000000000000000e+03 9.101812775509479419e-06
1.689000000000000000e+03 9.113546078785872653e-06
1.690000000000000000e+03 9.097613513660736666e-06
1.691000000000000000e+03 9.099639522341581376e-06
1.692000000000000000e+03 9.112575186941868652e-06
1.693000000000000000e+03 9.109217864580643168e-06
1.694000000000000000e+03 9.100068265046829796e-06
1.695000000000000000e+03 9.100199533769717924e-06
1.696000000000000000e+03 9.098820889798493611e-06
1.697000000000000000e+03 9.101871424951614139e-06
1.698000000000000000e+03 9.110194189139665173e-06
1.699000000000000000e+03 9.105871216608927871e-06
1.700000000000000000e+03 9.113383097335313928e-06
1.701000000000000000e+03 9.105394069009865895e-06
1.702000000000000000e+03 9.097703637029880473e-06
1.703000000000000000e+03 9.096833292203836726e-06
1.704000000000000000e+03 9.090477409653174357e-06
1.705000000000000000e+03 9.102817600927292504e-06
1.706000000000000000e+03 9.093131153629376877e-06
1.707000000000000000e+03 9.092330096814877963e-06
1.708000000000000000e+03 9.092779543537358986e-06
1.709000000000000000e+03 9.108881442210612584e-06
1.710000000000000000e+03 9.090794871250789500e-06
1.711000000000000000e+03 9.097491916364585466e-06
1.712000000000000000e+03 9.098739912494636494e-06
1.713000000000000000e+03 9.091344053068986728e-06
1.714000000000000000e+03 9.109521905581157705e-06
1.715000000000000000e+03 9.107495968540509754e-06
1.716000000000000000e+03 9.092291912589317725e-06
1.717000000000000000e+03 9.098093574627850425e-06
1.718000000000000000e+03 9.100286385569815990e-06
1.719000000000000000e+03 9.100760691441022943e-06
1.720000000000000000e+03 9.085902729286598426e-06
1.721000000000000000e+03 9.098016239034060153e-06
1.722000000000000000e+03 9.100753754281845899e-06
1.723000000000000000e+03 9.087569677294828497e-06
1.724000000000000000e+03 9.089641619282654537e-06
1.725000000000000000e+03 9.094344917684794475e-06
1.726000000000000000e+03 9.094380057201936559e-06
1.727000000000000000e+03 9.092713801715619784e-06
1.728000000000000000e+03 9.094416904143799119e-06
1.729000000000000000e+03 9.084875408846598192e-06
1.730000000000000000e+03 9.095054955627673157e-06
1.731000000000000000e+03 9.085924388506473679e-06
1.732000000000000000e+03 9.087647729290601603e-06
1.733000000000000000e+03 9.092012468056801457e-06
1.734000000000000000e+03 9.087292131227560219e-06
1.735000000000000000e+03 9.091757572232147768e-06
1.736000000000000000e+03 9.086542261334567048e-06
1.737000000000000000e+03 9.091845618035548300e-06
1.738000000000000000e+03 9.083119603112721846e-06
1.739000000000000000e+03 9.081924883409952064e-06
1.740000000000000000e+03 9.094830244206464874e-06
1.741000000000000000e+03 9.088482994299667796e-06
1.742000000000000000e+03 9.081795381811948943e-06
1.743000000000000000e+03 9.083655997155568927e-06
1.744000000000000000e+03 9.103696506757003089e-06
1.745000000000000000e+03 9.081699240666168976e-06
1.746000000000000000e+03 9.082674693602782399e-06
1.747000000000000000e+03 9.078749288351107083e-06
1.748000000000000000e+03 9.089001287252474094e-06
1.749000000000000000e+03 9.094345216185618821e-06
1.750000000000000000e+03 9.084751877265098929e-06
1.751000000000000000e+03 9.087555516415680599e-06
1.752000000000000000e+03 9.086893656505989580e-06
1.753000000000000000e+03 9.091324793795745247e-06
1.754000000000000000e+03 9.080706594082025117e-06
1.755000000000000000e+03 9.075142801381075341e-06
1.756000000000000000e+03 9.075371835094231537e-06
1.757000000000000000e+03 9.076588428937471930e-06
1.758000000000000000e+03 9.082486136601519993e-06
1.759000000000000000e+03 9.073871999787978896e-06
1.760000000000000000e+03 9.083647209291274502e-06
1.761000000000000000e+03 9.084360530743232847e-06
1.762000000000000000e+03 9.082841137662912685e-06
1.763000000000000000e+03 9.076270871819593878e-06
1.764000000000000000e+03 9.077726075282462791e-06
1.765000000000000000e+03 9.076500239853676187e-06
1.766000000000000000e+03 9.084432481382137417e-06
1.767000000000000000e+03 9.082620724653586163e-06
1.768000000000000000e+03 9.083682838349770139e-06
1.769000000000000000e+03 9.090959954147155957e-06
1.770000000000000000e+03 9.084552717514526483e-06
1.771000000000000000e+03 9.074315297393462470e-06
1.772000000000000000e+03 9.079043443004291026e-06
1.773000000000000000e+03 9.100834027123755798e-06
1.774000000000000000e+03 9.079794733761214251e-06
1.775000000000000000e+03 9.085536003112793375e-06
1.776000000000000000e+03 9.072534787731292716e-06
1.777000000000000000e+03 9.085096096476682909e-06
1.778000000000000000e+03 9.078434907282010167e-06
1.779000000000000000e+03 9.072809683111233484e-06
1.780000000000000000e+03 9.071891745313620233e-06
1.781000000000000000e+03 9.076655985644230135e-06
1.782000000000000000e+03 9.076587461794797051e-06
1.783000000000000000e+03 9.073362434999300799e-06
1.784000000000000000e+03 9.074958399511301178e-06
1.785000000000000000e+03 9.072472938360312403e-06
1.786000000000000000e+03 9.085228833823631698e-06
1.787000000000000000e+03 9.070233370249089228e-06
1.788000000000000000e+03 9.073660876124334276e-06
1.789000000000000000e+03 9.073711716784881677e-06
1.790000000000000000e+03 9.070841356729850309e-06
1.791000000000000000e+03 9.070672703763613766e-06
1.792000000000000000e+03 9.084030484350827300e-06
1.793000000000000000e+03 9.063680417453631610e-06
1.794000000000000000e+03 9.067024749058943817e-06
1.795000000000000000e+03 9.067948549412762401e-06
1.796000000000000000e+03 9.065989022835707574e-06
1.797000000000000000e+03 9.070131211326673101e-06
1.798000000000000000e+03 9.063078568149835750e-06
1.799000000000000000e+03 9.068278309244375831e-06
1.800000000000000000e+03 9.066039756035956448e-06
1.801000000000000000e+03 9.068625955245434686e-06
1.802000000000000000e+03 9.079576493837895608e-06
1.803000000000000000e+03 9.072576339046159910e-06
1.804000000000000000e+03 9.071299519676427305e-06
1.805000000000000000e+03 9.064016004021350299e-06
1.806000000000000000e+03 9.059399652939576419e-06
1.807000000000000000e+03 9.070561577876407928e-06
1.808000000000000000e+03 9.060542146937968820e-06
1.809000000000000000e+03 9.073475160850928586e-06
1.810000000000000000e+03 9.063780904771425641e-06
1.811000000000000000e+03 9.068026255147578859e-06
1.812000000000000000e+03 9.060093559897862455e-06
1.813000000000000000e+03 9.062958224557149853e-06
1.814000000000000000e+03 9.063919194233723188e-06
1.815000000000000000e+03 9.062314119476537887e-06
1.816000000000000000e+03 9.061095877908743242e-06
1.817000000000000000e+03 9.064939852135304573e-06
1.818000000000000000e+03 9.064456638999475829e-06
1.819000000000000000e+03 9.069370965544994089e-06
1.820000000000000000e+03 9.067029990733434307e-06
1.821000000000000000e+03 9.058136087006483057e-06
1.822000000000000000e+03 9.063597601384687646e-06
1.823000000000000000e+03 9.086107453092550165e-06
1.824000000000000000e+03 9.078864724590226910e-06
1.825000000000000000e+03 9.074435712626346821e-06
1.826000000000000000e+03 9.067306820398721444e-06
1.827000000000000000e+03 9.062418917146249295e-06
1.828000000000000000e+03 9.064970609660332520e-06
1.829000000000000000e+03 9.064656586792224481e-06
1.830000000000000000e+03 9.059918853334891371e-06
1.831000000000000000e+03 9.075612665560001932e-06
1.832000000000000000e+03 9.074836646994719150e-06
1.833000000000000000e+03 9.057682007551194159e-06
1.834000000000000000e+03 9.056686543119259734e-06
1.835000000000000000e+03 9.068791563503253076e-06
1.836000000000000000e+03 9.060675063385414588e-06
1.837000000000000000e+03 9.068403584070695644e-06
1.838000000000000000e+03 9.070144584163641405e-06
1.839000000000000000e+03 9.070853917644572869e-06
1.840000000000000000e+03 9.057851400799476300e-06
1.841000000000000000e+03 9.058688480693561496e-06
1.842000000000000000e+03 9.056849488749716692e-06
1.843000000000000000e+03 9.064241706465299612e-06
1.844000000000000000e+03 9.060354019777897130e-06
1.845000000000000000e+03 9.069676785610425861e-06
1.846000000000000000e+03 9.055277917725153145e-06
1.847000000000000000e+03 9.059361743334776071e-06
1.848000000000000000e+03 9.061164509218471463e-06
1.849000000000000000e+03 9.054187231529981330e-06
1.850000000000000000e+03 9.057995242377122605e-06
1.851000000000000000e+03 9.055992039159321618e-06
1.852000000000000000e+03 9.056947994022032051e-06
1.853000000000000000e+03 9.054575139322342003e-06
1.854000000000000000e+03 9.056943468749522702e-06
1.855000000000000000e+03 9.057819962692565592e-06
1.856000000000000000e+03 9.052876956187762660e-06
1.857000000000000000e+03 9.059879940767317765e-06
1.858000000000000000e+03 9.062948135229256130e-06
1.859000000000000000e+03 9.052322604335271702e-06
1.860000000000000000e+03 9.051475697794022138e-06
1.861000000000000000e+03 9.059176899683780656e-06
1.862000000000000000e+03 9.052605248796633563e-06
1.863000000000000000e+03 9.052591828199532957e-06
1.864000000000000000e+03 9.051412355918915013e-06
1.865000000000000000e+03 9.057119894677248184e-06
1.866000000000000000e+03 9.050085364530483845e-06
1.867000000000000000e+03 9.057135476420322747e-06
1.868000000000000000e+03 9.070940793324738780e-06
1.869000000000000000e+03 9.054144151890888945e-06
1.870000000000000000e+03 9.070051881747366848e-06
1.871000000000000000e+03 9.049228834322629655e-06
1.872000000000000000e+03 9.055019141389774489e-06
1.873000000000000000e+03 9.058502192298571571e-06
1.874000000000000000e+03 9.046280947633278808e-06
1.875000000000000000e+03 9.052972022730570916e-06
1.876000000000000000e+03 9.056016361006559998e-06
1.877000000000000000e+03 9.062226431874127925e-06
1.878000000000000000e+03 9.048194958804509099e-06
1.879000000000000000e+03 9.046753008778279429e-06
1.880000000000000000e+03 9.045730870312605155e-06
1.881000000000000000e+03 9.049616515254362741e-06
1.882000000000000000e+03 9.056961426559166579e-06
1.883000000000000000e+03 9.045049858589967792e-06
1.884000000000000000e+03 9.047331001896124312e-06
1.885000000000000000e+03 9.047731936264496642e-06
1.886000000000000000e+03 9.053429325994773253e-06
1.887000000000000000e+03 9.053344957721539641e-06
1.888000000000000000e+03 9.054302787169431912e-06
1.889000000000000000e+03 9.048553315015174826e-06
1.890000000000000000e+03 9.043454837340574447e-06
1.891000000000000000e+03 9.047907562210008608e-06
1.892000000000000000e+03 9.047748855291268882e-06
1.893000000000000000e+03 9.067220135759084741e-06
1.894000000000000000e+03 9.047981542654525845e-06
1.895000000000000000e+03 9.051831916738778365e-06
1.896000000000000000e+03 9.043986813571209011e-06
1.897000000000000000e+03 9.041839804595861794e-06
1.898000000000000000e+03 9.047565862345390849e-06
1.899000000000000000e+03 9.047997088577503723e-06
1.900000000000000000e+03 9.051574585147392524e-06
1.901000000000000000e+03 9.044667920814110978e-06
1.902000000000000000e+03 9.052263059390662251e-06
1.903000000000000000e+03 9.040775732734265298e-06
1.904000000000000000e+03 9.045044067673959219e-06
1.905000000000000000e+03 9.044290448610598981e-06
1.906000000000000000e+03 9.040143030385176887e-06
1.907000000000000000e+03 9.040709465551070775e-06
1.908000000000000000e+03 9.049479897396687291e-06
1.909000000000000000e+03 9.043360606600076392e-06
1.910000000000000000e+03 9.057425081920929497e-06
1.911000000000000000e+03 9.042077912734104532e-06
1.912000000000000000e+03 9.038424811875208698e-06
1.913000000000000000e+03 9.041061374143911317e-06
1.914000000000000000e+03 9.041923026625926937e-06
1.915000000000000000e+03 9.049139164674741023e-06
1.916000000000000000e+03 9.052161509409928738e-06
1.917000000000000000e+03 9.042369846541148295e-06
1.918000000000000000e+03 9.040377150552394438e-06
1.919000000000000000e+03 9.037183561863807200e-06
1.920000000000000000e+03 9.041005673889930148e-06
1.921000000000000000e+03 9.038060342367642208e-06
1.922000000000000000e+03 9.070504337358169339e-06
1.923000000000000000e+03 9.053629894669238442e-06
1.924000000000000000e+03 9.046853806536931728e-06
1.925000000000000000e+03 9.040783863896743113e-06
1.926000000000000000e+03 9.039642754942177303e-06
1.927000000000000000e+03 9.041477591754533863e-06
1.928000000000000000e+03 9.034674149006606233e-06
1.929000000000000000e+03 9.052813160591400361e-06
1.930000000000000000e+03 9.049303375948697205e-06
1.931000000000000000e+03 9.047398248162024249e-06
1.932000000000000000e+03 9.033640249608419526e-06
1.933000000000000000e+03 9.043910409299991851e-06
1.934000000000000000e+03 9.036278376021445716e-06
1.935000000000000000e+03 9.035008911712046948e-06
1.936000000000000000e+03 9.041896913773739093e-06
1.937000000000000000e+03 9.036177148421606088e-06
1.938000000000000000e+03 9.041192630926768911e-06
1.939000000000000000e+03 9.032715971653277923e-06
1.940000000000000000e+03 9.037917121671712440e-06
1.941000000000000000e+03 9.032549145512090916e-06
1.942000000000000000e+03 9.033553732129244186e-06
1.943000000000000000e+03 9.040099114943772607e-06
1.944000000000000000e+03 9.039958532995138121e-06
1.945000000000000000e+03 9.050811306597330975e-06
1.946000000000000000e+03 9.034386776292170198e-06
1.947000000000000000e+03 9.033954200836327418e-06
1.948000000000000000e+03 9.033570495935585597e-06
1.949000000000000000e+03 9.028075537524927173e-06
1.950000000000000000e+03 9.036109973795902910e-06
1.951000000000000000e+03 9.032272638227694276e-06
1.952000000000000000e+03 9.031778846222621643e-06
1.953000000000000000e+03 9.030259357622036877e-06
1.954000000000000000e+03 9.032654074522165308e-06
1.955000000000000000e+03 9.032548882831364950e-06
1.956000000000000000e+03 9.038017465709112953e-06
1.957000000000000000e+03 9.028309192030859015e-06
1.958000000000000000e+03 9.032639316641367025e-06
1.959000000000000000e+03 9.032137954655366889e-06
1.960000000000000000e+03 9.036785755784083706e-06
1.961000000000000000e+03 9.031048355003197319e-06
1.962000000000000000e+03 9.032799360843806122e-06
1.963000000000000000e+03 9.032518017846040171e-06
1.964000000000000000e+03 9.037886805927905745e-06
1.965000000000000000e+03 9.036870004656986563e-06
1.966000000000000000e+03 9.032441673274987541e-06
1.967000000000000000e+03 9.029526454515946553e-06
1.968000000000000000e+03 9.032502448042997837e-06
1.969000000000000000e+03 9.029083156910462979e-06
1.970000000000000000e+03 9.029265015553204771e-06
1.971000000000000000e+03 9.032236961409066336e-06
1.972000000000000000e+03 9.036065903134071189e-06
1.973000000000000000e+03 9.031911189548479788e-06
1.974000000000000000e+03 9.026163974060462955e-06
1.975000000000000000e+03 9.028730221474783027e-06
1.976000000000000000e+03 9.035398920950217047e-06
1.977000000000000000e+03 9.025158097919746004e-06
1.978000000000000000e+03 9.030706105897059782e-06
1.979000000000000000e+03 9.025517254112621859e-06
1.980000000000000000e+03 9.024227229066384006e-06
1.981000000000000000e+03 9.026248915455280803e-06
1.982000000000000000e+03 9.024646360045060028e-06
1.983000000000000000e+03 9.029103156465751752e-06
1.984000000000000000e+03 9.032597598166038468e-06
1.985000000000000000e+03 9.026518760201258595e-06
1.986000000000000000e+03 9.024523915006563011e-06
1.987000000000000000e+03 9.029157340335539959e-06
1.988000000000000000e+03 9.025399107486008297e-06
1.989000000000000000e+03 9.031306402996564300e-06
1.990000000000000000e+03 9.024268446060326781e-06
1.991000000000000000e+03 9.024086981438672245e-06
1.992000000000000000e+03 9.026546449137803931e-06
1.993000000000000000e+03 9.026122709306387879e-06
1.994000000000000000e+03 9.022862411653383171e-06
1.995000000000000000e+03 9.035923136159394902e-06
1.996000000000000000e+03 9.023295166209721236e-06
1.997000000000000000e+03 9.023492415555013464e-06
1.998000000000000000e+03 9.023961837952717110e-06
1.999000000000000000e+03 9.024545478706175354e-06
2.000000000000000000e+03 9.027020074427128123e-06
2.001000000000000000e+03 9.022714259723821183e-06
2.002000000000000000e+03 9.023920250817751536e-06
2.003000000000000000e+03 9.023689199239014902e-06
2.004000000000000000e+03 9.024472238543707102e-06
2.005000000000000000e+03 9.030381790720499972e-06
2.006000000000000000e+03 9.019724523218778796e-06
2.007000000000000000e+03 9.024310785417371874e-06
2.008000000000000000e+03 9.029772884857196314e-06
2.009000000000000000e+03 9.031885303556919532e-06
2.010000000000000000e+03 9.021719535573935743e-06
2.011000000000000000e+03 9.019483239031754921e-06
2.012000000000000000e+03 9.026740152293290530e-06
2.013000000000000000e+03 9.020414681006701154e-06
2.014000000000000000e+03 9.030838974584371555e-06
2.015000000000000000e+03 9.022845074725455831e-06
2.016000000000000000e+03 9.023142465127583747e-06
2.017000000000000000e+03 9.021047932597305954e-06
2.018000000000000000e+03 9.028774733917834306e-06
2.019000000000000000e+03 9.022836800282581110e-06
2.020000000000000000e+03 9.018458903600008310e-06
2.021000000000000000e+03 9.020009866127600470e-06
2.022000000000000000e+03 9.032864625064225694e-06
2.023000000000000000e+03 9.027871900261977679e-06
2.024000000000000000e+03 9.022989573004917051e-06
2.025000000000000000e+03 9.019652644220070984e-06
2.026000000000000000e+03 9.024158884317447902e-06
2.027000000000000000e+03 9.021724454867534042e-06
2.028000000000000000e+03 9.019815351049869821e-06
2.029000000000000000e+03 9.025488096552015862e-06
2.030000000000000000e+03 9.025849210910307624e-06
2.031000000000000000e+03 9.029197840927503287e-06
2.032000000000000000e+03 9.019708189253623019e-06
2.033000000000000000e+03 9.017584940943962175e-06
2.034000000000000000e+03 9.021749600577048700e-06
2.035000000000000000e+03 9.025353030898631754e-06
2.036000000000000000e+03 9.023359379707238635e-06
2.037000000000000000e+03 9.020886180970148074e-06
2.038000000000000000e+03 9.017778608279350394e-06
2.039000000000000000e+03 9.016587518346615230e-06
2.040000000000000000e+03 9.013860605848141217e-06
2.041000000000000000e+03 9.017116987170317497e-06
2.042000000000000000e+03 9.015982898955161105e-06
2.043000000000000000e+03 9.033527093915602715e-06
2.044000000000000000e+03 9.014427542495420887e-06
2.045000000000000000e+03 9.015526073292280093e-06
2.046000000000000000e+03 9.026651939329428636e-06
2.047000000000000000e+03 9.015972296205851066e-06
2.048000000000000000e+03 9.019217024055811745e-06
2.049000000000000000e+03 9.017541885184935941e-06
2.050000000000000000e+03 9.011871229188563709e-06
2.051000000000000000e+03 9.016964608469070505e-06
2.052000000000000000e+03 9.018421531296693817e-06
2.053000000000000000e+03 9.019514187597312075e-06
2.054000000000000000e+03 9.021108396924457982e-06
2.055000000000000000e+03 9.014728108946329940e-06
2.056000000000000000e+03 9.014377370476724018e-06
2.057000000000000000e+03 9.014377155556128660e-06
2.058000000000000000e+03 9.011636738880321665e-06
2.059000000000000000e+03 9.011280245314807244e-06
2.060000000000000000e+03 9.014197052098236258e-06
2.061000000000000000e+03 9.015669855169761867e-06
2.062000000000000000e+03 9.019875851197120228e-06
2.063000000000000000e+03 9.012800712998097423e-06
2.064000000000000000e+03 9.014290924637745437e-06
2.065000000000000000e+03 9.022129651827689753e-06
2.066000000000000000e+03 9.012788271483703924e-06
2.067000000000000000e+03 9.015671598414579029e-06
2.068000000000000000e+03 9.017731767529860409e-06
2.069000000000000000e+03 9.011816496077255725e-06
2.070000000000000000e+03 9.014120755287317624e-06
2.071000000000000000e+03 9.011912684983167994e-06
2.072000000000000000e+03 9.012397199582596036e-06
2.073000000000000000e+03 9.015015827921720929e-06
2.074000000000000000e+03 9.011553433270027535e-06
2.075000000000000000e+03 9.012853989425378669e-06
2.076000000000000000e+03 9.009482625585336042e-06
2.077000000000000000e+03 9.008997358763828480e-06
2.078000000000000000e+03 9.010116139856668503e-06
2.079000000000000000e+03 9.011672523159246437e-06
2.080000000000000000e+03 9.011357521208432985e-06
2.081000000000000000e+03 9.008001034649519396e-06
2.082000000000000000e+03 9.008178511300147051e-06
2.083000000000000000e+03 9.012425091499701114e-06
2.084000000000000000e+03 9.010488179345160802e-06
2.085000000000000000e+03 9.008552855215011906e-06
2.086000000000000000e+03 9.011814943872964383e-06
2.087000000000000000e+03 9.013101554069764671e-06
2.088000000000000000e+03 9.013176609117250232e-06
2.089000000000000000e+03 9.015116136139019674e-06
2.090000000000000000e+03 9.011590733933141882e-06
2.091000000000000000e+03 9.019180678595334967e-06
2.092000000000000000e+03 9.021721613139677324e-06
2.093000000000000000e+03 9.013641840563370642e-06
2.094000000000000000e+03 9.011135030633364882e-06
2.095000000000000000e+03 9.010238381914602391e-06
2.096000000000000000e+03 9.010486233119780511e-06
2.097000000000000000e+03 9.005347087692755441e-06
2.098000000000000000e+03 9.011331623276838806e-06
2.099000000000000000e+03 9.012749251455831791e-06
2.100000000000000000e+03 9.022948953012624663e-06
2.101000000000000000e+03 9.003815981440055149e-06
2.102000000000000000e+03 9.009973098261234021e-06
2.103000000000000000e+03 9.005364030599593832e-06
2.104000000000000000e+03 9.009337303443596849e-06
2.105000000000000000e+03 9.017333507728883435e-06
2.106000000000000000e+03 9.013223605087171045e-06
2.107000000000000000e+03 9.010199003685743076e-06
2.108000000000000000e+03 9.007564566742914339e-06
2.109000000000000000e+03 9.006868797139480387e-06
2.110000000000000000e+03 9.016716996064552201e-06
2.111000000000000000e+03 9.012101337504693310e-06
2.112000000000000000e+03 9.006729695754937096e-06
2.113000000000000000e+03 9.007910457559120416e-06
2.114000000000000000e+03 9.008470397347058512e-06
2.115000000000000000e+03 9.003414056048943484e-06
2.116000000000000000e+03 9.004665681949027434e-06
2.117000000000000000e+03 9.004383491208920747e-06
2.118000000000000000e+03 9.008858257379288577e-06
2.119000000000000000e+03 9.004177000278080613e-06
2.120000000000000000e+03 9.003876087566216606e-06
2.121000000000000000e+03 9.000421441995944306e-06
2.122000000000000000e+03 9.008999901990859157e-06
2.123000000000000000e+03 9.002026743613757194e-06
2.124000000000000000e+03 9.002856659488036066e-06
2.125000000000000000e+03 9.006901536709987005e-06
2.126000000000000000e+03 9.005084180105954692e-06
2.127000000000000000e+03 9.003073490487458578e-06
2.128000000000000000e+03 9.006753802681580117e-06
2.129000000000000000e+03 9.012420733387653128e-06
2.130000000000000000e+03 9.007574297869817492e-06
2.131000000000000000e+03 9.007907162110011912e-06
2.132000000000000000e+03 9.000974802825695929e-06
2.133000000000000000e+03 9.003409112875279034e-06
2.134000000000000000e+03 9.003200245877871280e-06
2.135000000000000000e+03 9.001667085939493864e-06
2.136000000000000000e+03 9.004348590492436785e-06
2.137000000000000000e+03 9.004868638630097555e-06
2.138000000000000000e+03 8.999166293786122571e-06
2.139000000000000000e+03 9.000993572557583857e-06
2.140000000000000000e+03 9.005805728240655456e-06
2.141000000000000000e+03 9.005569112606537835e-06
2.142000000000000000e+03 9.006323961493297223e-06
2.143000000000000000e+03 9.004486999355065086e-06
2.144000000000000000e+03 9.007780812680722083e-06
2.145000000000000000e+03 9.008626286418009365e-06
2.146000000000000000e+03 9.005141540024524035e-06
2.147000000000000000e+03 9.010845138571966015e-06
2.148000000000000000e+03 8.999698628217746012e-06
2.149000000000000000e+03 9.007656528877141605e-06
2.150000000000000000e+03 9.004247327072497083e-06
2.151000000000000000e+03 9.001805853003109348e-06
2.152000000000000000e+03 8.997544407462463556e-06
2.153000000000000000e+03 9.004051701571696344e-06
2.154000000000000000e+03 9.000081091355054759e-06
2.155000000000000000e+03 8.998140597190612132e-06
2.156000000000000000e+03 8.999447732304151432e-06
2.157000000000000000e+03 8.998450023146012370e-06
2.158000000000000000e+03 8.997491178795312918e-06
2.159000000000000000e+03 8.998581829170384659e-06
2.160000000000000000e+03 8.998133934652194978e-06
2.161000000000000000e+03 9.000222795666793258e-06
2.162000000000000000e+03 8.996790609298609728e-06
2.163000000000000000e+03 8.997678649253569691e-06
2.164000000000000000e+03 8.996292136800595224e-06
2.165000000000000000e+03 9.004890775451294133e-06
2.166000000000000000e+03 8.999723117225444060e-06
2.167000000000000000e+03 8.998271340552048327e-06
2.168000000000000000e+03 8.996672140291103975e-06
2.169000000000000000e+03 8.996437924603620126e-06
2.170000000000000000e+03 8.994509728673177480e-06
2.171000000000000000e+03 9.006486154901674661e-06
2.172000000000000000e+03 8.999774650407906451e-06
2.173000000000000000e+03 8.998628538579511661e-06
2.174000000000000000e+03 9.003828972195968426e-06
2.175000000000000000e+03 8.996289127912277144e-06
2.176000000000000000e+03 8.996709823035276736e-06
2.177000000000000000e+03 8.997832687619404857e-06
2.178000000000000000e+03 8.999520745605993791e-06
2.179000000000000000e+03 8.998639427889615512e-06
2.180000000000000000e+03 8.998136859960280683e-06
2.181000000000000000e+03 9.002770464389751222e-06
2.182000000000000000e+03 8.996912123014530246e-06
2.183000000000000000e+03 8.995084999463498094e-06
2.184000000000000000e+03 8.996633168023365838e-06
2.185000000000000000e+03 8.999302243001949182e-06
2.186000000000000000e+03 8.994498146841158639e-06
2.187000000000000000e+03 9.000679549689475818e-06
2.188000000000000000e+03 9.004340411569826668e-06
2.189000000000000000e+03 9.007253946784215024e-06
2.190000000000000000e+03 8.995536786432448359e-06
2.191000000000000000e+03 9.002104520988770412e-06
2.192000000000000000e+03 8.993214450012415216e-06
2.193000000000000000e+03 8.996518185505499490e-06
2.194000000000000000e+03 8.994559232050027204e-06
2.195000000000000000e+03 8.992344666367921782e-06
2.196000000000000000e+03 8.997247315561159985e-06
2.197000000000000000e+03 8.993421872265826766e-06
2.198000000000000000e+03 8.993551588784425246e-06
2.199000000000000000e+03 8.997496456289903481e-06
2.200000000000000000e+03 8.992894576528132378e-06
2.201000000000000000e+03 8.992935459201152428e-06
2.202000000000000000e+03 9.003346738142845094e-06
2.203000000000000000e+03 8.996669991085163941e-06
2.204000000000000000e+03 8.993765721336389641e-06
2.205000000000000000e+03 8.992266805412677883e-06
2.206000000000000000e+03 8.991817036309302975e-06
2.207000000000000000e+03 8.994809901102994196e-06
2.208000000000000000e+03 8.997637348679394541e-06
2.209000000000000000e+03 8.992115059533179657e-06
2.210000000000000000e+03 8.993933025078896279e-06
2.211000000000000000e+03 8.994614490522787121e-06
2.212000000000000000e+03 8.990845631043880963e-06
2.213000000000000000e+03 8.991656395105215185e-06
2.214000000000000000e+03 8.992304344876455433e-06
2.215000000000000000e+03 8.996473482021919005e-06
2.216000000000000000e+03 8.996747052058196018e-06
2.217000000000000000e+03 8.995810117668065557e-06
2.218000000000000000e+03 8.998159175881972546e-06
2.219000000000000000e+03 8.993741912910570966e-06
2.220000000000000000e+03 8.992680706656895644e-06
2.221000000000000000e+03 8.993333874222560231e-06
2.222000000000000000e+03 8.994673605626209243e-06
2.223000000000000000e+03 9.005133014840957270e-06
2.224000000000000000e+03 8.990699389519600886e-06
2.225000000000000000e+03 8.989524144010666251e-06
2.226000000000000000e+03 8.992619693088225533e-06
2.227000000000000000e+03 8.989309175656391655e-06
2.228000000000000000e+03 8.992644050755562292e-06
2.229000000000000000e+03 8.990313857793807834e-06
2.230000000000000000e+03 8.990301511799678939e-06
2.231000000000000000e+03 8.990879003436136346e-06
2.232000000000000000e+03 8.995587412172402096e-06
2.233000000000000000e+03 9.000354422590671957e-06
2.234000000000000000e+03 8.989877127206476811e-06
2.235000000000000000e+03 8.989134731774146538e-06
2.236000000000000000e+03 8.991581244537463327e-06
2.237000000000000000e+03 8.993835498889288027e-06
2.238000000000000000e+03 8.990947861606493849e-06
2.239000000000000000e+03 8.993546884411420612e-06
2.240000000000000000e+03 8.990515477191180277e-06
2.241000000000000000e+03 8.990507501249129902e-06
2.242000000000000000e+03 8.991959003301767440e-06
2.243000000000000000e+03 8.991826039094191064e-06
2.244000000000000000e+03 8.989296925182525670e-06
2.245000000000000000e+03 8.989679101759042300e-06
2.246000000000000000e+03 8.991015191452624467e-06
2.247000000000000000e+03 8.988423487887933162e-06
2.248000000000000000e+03 8.987112102122642708e-06
2.249000000000000000e+03 8.988340838979452254e-06
2.250000000000000000e+03 8.987983354391195108e-06
2.251000000000000000e+03 8.993167907763749576e-06
2.252000000000000000e+03 8.986298269472825875e-06
2.253000000000000000e+03 8.987463509234099162e-06
2.254000000000000000e+03 8.989794669338526805e-06
2.255000000000000000e+03 8.986443973695621790e-06
2.256000000000000000e+03 8.989030232605261169e-06
2.257000000000000000e+03 8.988498925016477137e-06
2.258000000000000000e+03 8.985409322075355563e-06
2.259000000000000000e+03 8.987112782704523775e-06
2.260000000000000000e+03 8.985112612255108714e-06
2.261000000000000000e+03 8.990984959289050147e-06
2.262000000000000000e+03 8.987251645288407250e-06
2.263000000000000000e+03 8.986340835690498555e-06
2.264000000000000000e+03 8.986027720264899170e-06
2.265000000000000000e+03 8.985868619325068800e-06
2.266000000000000000e+03 8.986896668107082403e-06
2.267000000000000000e+03 8.987815095446049208e-06
2.268000000000000000e+03 8.985646558591189721e-06
2.269000000000000000e+03 8.987036485893603447e-06
2.270000000000000000e+03 9.000854709973702075e-06
2.271000000000000000e+03 8.984464531143505483e-06
2.272000000000000000e+03 8.984310600237968843e-06
2.273000000000000000e+03 8.990812282531690037e-06
2.274000000000000000e+03 8.984935087844347063e-06
2.275000000000000000e+03 8.984966645351586832e-06
2.276000000000000000e+03 8.985868058143518488e-06
2.277000000000000000e+03 8.986046657157248461e-06
2.278000000000000000e+03 8.984651535940474853e-06
2.279000000000000000e+03 8.985390612043630472e-06
2.280000000000000000e+03 8.984068623529029978e-06
2.281000000000000000e+03 8.988287872993029276e-06
2.282000000000000000e+03 8.990566819333113460e-06
2.283000000000000000e+03 8.988144520956736525e-06
2.284000000000000000e+03 8.986947771448355771e-06
2.285000000000000000e+03 8.985377955608643308e-06
2.286000000000000000e+03 8.995033120020077362e-06
2.287000000000000000e+03 8.985596207471994179e-06
2.288000000000000000e+03 8.988730836277588430e-06
2.289000000000000000e+03 8.986803822410412634e-06
2.290000000000000000e+03 8.983809071091503957e-06
2.291000000000000000e+03 8.983038509121308717e-06
2.292000000000000000e+03 8.984076897971904699e-06
2.293000000000000000e+03 8.991442931195101323e-06
2.294000000000000000e+03 8.984971839265946714e-06
2.295000000000000000e+03 8.985010226472064999e-06
2.296000000000000000e+03 8.986476474465468592e-06
2.297000000000000000e+03 8.982112487921348258e-06
2.298000000000000000e+03 8.984210686041759047e-06
2.299000000000000000e+03 8.983684011185781197e-06
2.300000000000000000e+03 8.982025516720917743e-06
2.301000000000000000e+03 8.980271346771565114e-06
2.302000000000000000e+03 8.982321629539514207e-06
2.303000000000000000e+03 8.981952097457952512e-06
2.304000000000000000e+03 8.981330367999200328e-06
2.305000000000000000e+03 8.984387517930605708e-06
2.306000000000000000e+03 8.986556520446752598e-06
2.307000000000000000e+03 8.980259872399843106e-06
2.308000000000000000e+03 8.981252316003427222e-06
2.309000000000000000e+03 8.986056877825505167e-06
2.310000000000000000e+03 8.992527802594198414e-06
2.311000000000000000e+03 8.985271319173850134e-06
2.312000000000000000e+03 8.983638662940416329e-06
2.313000000000000000e+03 8.984714674835022236e-06
2.314000000000000000e+03 8.980228613393429377e-06
2.315000000000000000e+03 8.984594964064085103e-06
2.316000000000000000e+03 8.984838481037279694e-06
2.317000000000000000e+03 8.984655452271301588e-06
2.318000000000000000e+03 8.981123339766874339e-06
2.319000000000000000e+03 8.981057824805761030e-06
2.320000000000000000e+03 8.985570643861324420e-06
2.321000000000000000e+03 8.985790209128306818e-06
2.322000000000000000e+03 8.980359476155194633e-06
2.323000000000000000e+03 8.984848570365171723e-06
2.324000000000000000e+03 8.983586962597492576e-06
2.325000000000000000e+03 8.983180941775058891e-06
2.326000000000000000e+03 8.980092353736742803e-06
2.327000000000000000e+03 8.982357712319265019e-06
2.328000000000000000e+03 8.978378242598130556e-06
2.329000000000000000e+03 8.980544283986091668e-06
2.330000000000000000e+03 8.980309089215902406e-06
2.331000000000000000e+03 8.978918242530946103e-06
2.332000000000000000e+03 8.991841835757860985e-06
2.333000000000000000e+03 8.981997815844340179e-06
2.334000000000000000e+03 8.978784681321717647e-06
2.335000000000000000e+03 8.978315987266025677e-06
2.336000000000000000e+03 8.981108856506835945e-06
2.337000000000000000e+03 8.978718999200142976e-06
2.338000000000000000e+03 8.977689135533112064e-06
2.339000000000000000e+03 8.979157317811862026e-06
2.340000000000000000e+03 8.979884430001942083e-06
2.341000000000000000e+03 8.981657787584342823e-06
2.342000000000000000e+03 8.979303260835317757e-06
2.343000000000000000e+03 8.981248411612632716e-06
2.344000000000000000e+03 8.977682831195685480e-06
2.345000000000000000e+03 8.977785945320740870e-06
2.346000000000000000e+03 8.983564073554216477e-06
2.347000000000000000e+03 8.978157447507749007e-06
2.348000000000000000e+03 8.977954347546283676e-06
2.349000000000000000e+03 8.977377823052497759e-06
2.350000000000000000e+03 8.975955896461621319e-06
2.351000000000000000e+03 8.979905635500565550e-06
2.352000000000000000e+03 8.977917643884818021e-06
2.353000000000000000e+03 8.977035753046855508e-06
2.354000000000000000e+03 8.978859664729008143e-06
2.355000000000000000e+03 8.981533897801851295e-06
2.356000000000000000e+03 8.984448376278846685e-06
2.357000000000000000e+03 8.978332416751446057e-06
2.358000000000000000e+03 8.977117924354015090e-06
2.359000000000000000e+03 8.982496789823740465e-06
2.360000000000000000e+03 8.975767912581944841e-06
2.361000000000000000e+03 8.977876223910312116e-06
2.362000000000000000e+03 8.978038954620177104e-06
2.363000000000000000e+03 8.975822777033615809e-06
2.364000000000000000e+03 8.976218410027333118e-06
2.365000000000000000e+03 8.976538725292835513e-06
2.366000000000000000e+03 8.975754420344647476e-06
2.367000000000000000e+03 8.979472403342907854e-06
2.368000000000000000e+03 8.975962499299873943e-06
2.369000000000000000e+03 8.977418216184162561e-06
2.370000000000000000e+03 8.979031016142704499e-06
2.371000000000000000e+03 8.981553718256644783e-06
2.372000000000000000e+03 8.980717987586291188e-06
2.373000000000000000e+03 8.980105893734172470e-06
2.374000000000000000e+03 8.970897179096936976e-06
2.375000000000000000e+03 8.979436941444875273e-06
2.376000000000000000e+03 8.974281688913320320e-06
2.377000000000000000e+03 8.974647650925013622e-06
2.378000000000000000e+03 8.973701952550654887e-06
2.379000000000000000e+03 8.973191325099040696e-06
2.380000000000000000e+03 8.979248790404735739e-06
2.381000000000000000e+03 8.976393904632482101e-06
2.382000000000000000e+03 8.974628379711736524e-06
2.383000000000000000e+03 8.975302800536155186e-06
2.384000000000000000e+03 8.972776122391225330e-06
2.385000000000000000e+03 8.978449142514129567e-06
2.386000000000000000e+03 8.973616318633922050e-06
2.387000000000000000e+03 8.974764687128557094e-06
2.388000000000000000e+03 8.973881315726501691e-06
2.389000000000000000e+03 8.974499833316376053e-06
2.390000000000000000e+03 8.973942257654973350e-06
2.391000000000000000e+03 8.972435186688715932e-06
2.392000000000000000e+03 8.977591036221921271e-06
2.393000000000000000e+03 8.973315250701628909e-06
2.394000000000000000e+03 8.974408420423666871e-06
2.395000000000000000e+03 8.972307165654805700e-06
2.396000000000000000e+03 8.974066350418022925e-06
2.397000000000000000e+03 8.973289591570696240e-06
2.398000000000000000e+03 8.972862615990332826e-06
2.399000000000000000e+03 8.972916465539198307e-06
2.400000000000000000e+03 8.977283854992725671e-06
2.401000000000000000e+03 8.979928023062455866e-06
2.402000000000000000e+03 8.978251212586959659e-06
2.403000000000000000e+03 8.973398866752783001e-06
2.404000000000000000e+03 8.971195882902696420e-06
2.405000000000000000e+03 8.973640771821521719e-06
2.406000000000000000e+03 8.972499698687057677e-06
2.407000000000000000e+03 8.973155266199357729e-06
2.408000000000000000e+03 8.971797779966622887e-06
2.409000000000000000e+03 8.973052068494069965e-06
2.410000000000000000e+03 8.972800742739286362e-06
2.411000000000000000e+03 8.974929173023273165e-06
2.412000000000000000e+03 8.973656807285853150e-06
2.413000000000000000e+03 8.971267964881965667e-06
2.414000000000000000e+03 8.973377255293040050e-06
2.415000000000000000e+03 8.971249517530966542e-06
2.416000000000000000e+03 8.972269912751820267e-06
2.417000000000000000e+03 8.970509235484477924e-06
2.418000000000000000e+03 8.971643252059434168e-06
2.419000000000000000e+03 8.970305789262055944e-06
2.420000000000000000e+03 8.973814475421722933e-06
2.421000000000000000e+03 8.972836538958245056e-06
2.422000000000000000e+03 8.973263311558045340e-06
2.423000000000000000e+03 8.973443092635043856e-06
2.424000000000000000e+03 8.979961049193754602e-06
2.425000000000000000e+03 8.977838994887394529e-06
2.426000000000000000e+03 8.972896895825098557e-06
2.427000000000000000e+03 8.972746606629628763e-06
2.428000000000000000e+03 8.971489679354888099e-06
2.429000000000000000e+03 8.970146616682028815e-06
2.430000000000000000e+03 8.969594199114885920e-06
2.431000000000000000e+03 8.970841204222195918e-06
2.432000000000000000e+03 8.968700523464343129e-06
2.433000000000000000e+03 8.970112014466370893e-06
2.434000000000000000e+03 8.975627736594433227e-06
2.435000000000000000e+03 8.972202141124468398e-06
2.436000000000000000e+03 8.969450082916479727e-06
2.437000000000000000e+03 8.970378802563898303e-06
2.438000000000000000e+03 8.968340495649057000e-06
2.439000000000000000e+03 8.972347522966373816e-06
2.440000000000000000e+03 8.973346975369331734e-06
2.441000000000000000e+03 8.969251185846634941e-06
2.442000000000000000e+03 8.975408672808836611e-06
2.443000000000000000e+03 8.971726939750788407e-06
2.444000000000000000e+03 8.970264882708971438e-06
2.445000000000000000e+03 8.971337037972915141e-06
2.446000000000000000e+03 8.969486822398043760e-06
2.447000000000000000e+03 8.969923433585044029e-06
2.448000000000000000e+03 8.968458582575504338e-06
2.449000000000000000e+03 8.968593863149483804e-06
2.450000000000000000e+03 8.970239032537509561e-06
2.451000000000000000e+03 8.968877068792397672e-06
2.452000000000000000e+03 8.965766964814601543e-06
2.453000000000000000e+03 8.979200421331020562e-06
2.454000000000000000e+03 8.972489489958836587e-06
2.455000000000000000e+03 8.968935133172915928e-06
2.456000000000000000e+03 8.972679145443133468e-06
2.457000000000000000e+03 8.968571905428782511e-06
2.458000000000000000e+03 8.969082198559473977e-06
2.459000000000000000e+03 8.975200641613740752e-06
2.460000000000000000e+03 8.971334244005190725e-06
2.461000000000000000e+03 8.969945427125845396e-06
2.462000000000000000e+03 8.969799113961366866e-06
2.463000000000000000e+03 8.967457339167593568e-06
2.464000000000000000e+03 8.967907764972783393e-06
2.465000000000000000e+03 8.967899024868622963e-06
2.466000000000000000e+03 8.968910393424522448e-06
2.467000000000000000e+03 8.969074915139338592e-06
2.468000000000000000e+03 8.967158312980945322e-06
2.469000000000000000e+03 8.967213487873474558e-06
2.470000000000000000e+03 8.969052766378109786e-06
2.471000000000000000e+03 8.967665692743583312e-06
2.472000000000000000e+03 8.969565256474875282e-06
2.473000000000000000e+03 8.970777719066691888e-06
2.474000000000000000e+03 8.967313246849255219e-06
2.475000000000000000e+03 8.966813198266884916e-06
2.476000000000000000e+03 8.973083387200648224e-06
2.477000000000000000e+03 8.969603966061885758e-06
2.478000000000000000e+03 8.966513622838716892e-06
2.479000000000000000e+03 8.966801974635856646e-06
2.480000000000000000e+03 8.967412086442494998e-06
2.481000000000000000e+03 8.968195161567283884e-06
2.482000000000000000e+03 8.969614532991097418e-06
2.483000000000000000e+03 8.970837204311138502e-06
2.484000000000000000e+03 8.971107872919395962e-06
2.485000000000000000e+03 8.967804973228620194e-06
2.486000000000000000e+03 8.967651305003809521e-06
2.487000000000000000e+03 8.967980432013670798e-06
2.488000000000000000e+03 8.967031151629411442e-06
2.489000000000000000e+03 8.966796052379485089e-06
2.490000000000000000e+03 8.966110360163907550e-06
2.491000000000000000e+03 8.968475764283002544e-06
2.492000000000000000e+03 8.967715590141521985e-06
2.493000000000000000e+03 8.966595698625613565e-06
2.494000000000000000e+03 8.964531457959076316e-06
2.495000000000000000e+03 8.966982054213682896e-06
2.496000000000000000e+03 8.965412704035257836e-06
2.497000000000000000e+03 8.967676092512333609e-06
2.498000000000000000e+03 8.966761665084422526e-06
2.499000000000000000e+03 8.967222120517339849e-06
2.500000000000000000e+03 8.964554549982913851e-06
2.501000000000000000e+03 8.967604607534713053e-06
2.502000000000000000e+03 8.974330547528389050e-06
2.503000000000000000e+03 8.966650252636426265e-06
