0.000000000000000000e+00 3.862159411270829883e-03
1.000000000000000000e+00 5.868558009617762380e-04
2.000000000000000000e+00 2.949562537344254786e-04
3.000000000000000000e+00 2.735324614777206705e-04
4.000000000000000000e+00 2.288584813207809984e-04
5.000000000000000000e+00 1.481119709731792250e-04
6.000000000000000000e+00 1.220320839805647033e-04
7.000000000000000000e+00 1.259291802232792730e-04
8.000000000000000000e+00 1.139044377909894404e-04
9.000000000000000000e+00 1.115008787424629367e-04
1.000000000000000000e+01 1.195869635737215758e-04
1.100000000000000000e+01 1.158284396271930781e-04
1.200000000000000000e+01 1.151947654024853922e-04
1.300000000000000000e+01 1.112460751387850172e-04
1.400000000000000000e+01 1.088740876437211801e-04
1.500000000000000000e+01 1.123009118084205074e-04
1.600000000000000000e+01 1.133437042818362487e-04
1.700000000000000000e+01 1.084773301492012430e-04
1.800000000000000000e+01 1.083253126806502152e-04
1.900000000000000000e+01 1.097371052135628612e-04
2.000000000000000000e+01 1.178431220410584282e-04
2.100000000000000000e+01 1.157828630091661885e-04
2.200000000000000000e+01 1.156855576751159671e-04
2.300000000000000000e+01 1.087773678474956876e-04
2.400000000000000000e+01 1.114335036926697827e-04
2.500000000000000000e+01 1.091932848326910123e-04
2.600000000000000000e+01 1.078809601343842334e-04
2.700000000000000000e+01 1.160505590331483474e-04
2.800000000000000000e+01 1.271563491808888342e-04
2.900000000000000000e+01 1.073979443843560780e-04
3.000000000000000000e+01 1.106553830866040413e-04
3.100000000000000000e+01 1.091300476546155175e-04
3.200000000000000000e+01 1.070383960894128426e-04
3.300000000000000000e+01 1.067409725107480636e-04
3.400000000000000000e+01 1.109395098138990802e-04
3.500000000000000000e+01 1.081931767056925985e-04
3.600000000000000000e+01 1.116855048941028028e-04
3.700000000000000000e+01 1.136224492905405805e-04
3.800000000000000000e+01 1.134305206755478599e-04
3.900000000000000000e+01 1.117126850236978313e-04
4.000000000000000000e+01 1.094727309876870051e-04
4.100000000000000000e+01 1.073316033137606369e-04
4.200000000000000000e+01 1.057445745534034122e-04
4.300000000000000000e+01 1.067357998754142899e-04
4.400000000000000000e+01 1.100667106970970788e-04
4.500000000000000000e+01 1.065154018597699946e-04
4.600000000000000000e+01 1.100468501328639092e-04
4.700000000000000000e+01 1.050325545036332294e-04
4.800000000000000000e+01 1.046499078415926391e-04
4.900000000000000000e+01 1.045615263771353782e-04
5.000000000000000000e+01 1.059063424368860020e-04
5.100000000000000000e+01 1.049341575610065818e-04
5.200000000000000000e+01 1.040358387245993914e-04
5.300000000000000000e+01 1.030585825359178748e-04
5.400000000000000000e+01 1.012712190218582940e-04
5.500000000000000000e+01 1.015962505121481698e-04
5.600000000000000000e+01 1.039822995504198369e-04
5.700000000000000000e+01 1.008494003592915459e-04
5.800000000000000000e+01 1.061989164722038201e-04
5.900000000000000000e+01 1.006954781743861249e-04
6.000000000000000000e+01 1.007756941007313011e-04
6.100000000000000000e+01 1.052616129440689618e-04
6.200000000000000000e+01 9.913900665571281966e-05
6.300000000000000000e+01 1.071054555393503941e-04
6.400000000000000000e+01 9.936288379485556574e-05
6.500000000000000000e+01 9.717994357419978469e-05
6.600000000000000000e+01 9.537126617464514243e-05
6.700000000000000000e+01 9.409464268355375227e-05
6.800000000000000000e+01 9.954138906555494806e-05
6.900000000000000000e+01 9.003313848240125639e-05
7.000000000000000000e+01 8.701110444840348278e-05
7.100000000000000000e+01 8.119873158359949068e-05
7.200000000000000000e+01 7.278438223075686534e-05
7.300000000000000000e+01 6.217867835348837163e-05
7.400000000000000000e+01 4.025523184023711235e-05
7.500000000000000000e+01 2.621710258179815834e-05
7.600000000000000000e+01 1.702056219835548578e-05
7.700000000000000000e+01 1.513258893897860773e-05
7.800000000000000000e+01 1.311721875042829374e-05
7.900000000000000000e+01 1.160526813212429668e-05
8.000000000000000000e+01 1.073476278818474066e-05
8.100000000000000000e+01 9.346485332331103430e-06
8.200000000000000000e+01 8.300911191174167815e-06
8.300000000000000000e+01 8.369683057573682226e-06
8.400000000000000000e+01 7.166265598652828873e-06
8.500000000000000000e+01 6.255401640477678603e-06
8.600000000000000000e+01 5.747371626404830512e-06
8.700000000000000000e+01 5.271763223420909488e-06
8.800000000000000000e+01 5.042602389733410141e-06
8.900000000000000000e+01 5.049026710890240917e-06
9.000000000000000000e+01 5.091564499325771155e-06
9.100000000000000000e+01 3.861080999736736101e-06
9.200000000000000000e+01 3.753448546054111909e-06
9.300000000000000000e+01 3.596056176937545221e-06
9.400000000000000000e+01 3.389709353350623643e-06
9.500000000000000000e+01 3.391149516536780945e-06
9.600000000000000000e+01 2.947445595228620388e-06
9.700000000000000000e+01 3.803607195257241199e-06
9.800000000000000000e+01 2.882309144011557815e-06
9.900000000000000000e+01 2.799056850078802844e-06
1.000000000000000000e+02 2.325393664091885389e-06
1.010000000000000000e+02 2.263466327867615790e-06
1.020000000000000000e+02 2.763785587248335271e-06
1.030000000000000000e+02 2.347853887547513324e-06
1.040000000000000000e+02 2.335601035465466811e-06
1.050000000000000000e+02 2.529310224305418376e-06
1.060000000000000000e+02 1.836163999507834421e-06
1.070000000000000000e+02 1.958137343149970975e-06
1.080000000000000000e+02 1.728414672482775438e-06
1.090000000000000000e+02 1.651867919211922776e-06
1.100000000000000000e+02 1.732076790762124232e-06
1.110000000000000000e+02 1.681000662302936831e-06
1.120000000000000000e+02 1.649571138504659020e-06
1.130000000000000000e+02 1.487106455464532917e-06
1.140000000000000000e+02 1.304856015484991368e-06
1.150000000000000000e+02 1.559403992511469757e-06
1.160000000000000000e+02 1.441608317956799192e-06
1.170000000000000000e+02 1.121907580079304917e-06
1.180000000000000000e+02 1.319615037088898282e-06
1.190000000000000000e+02 1.108589456098063269e-06
1.200000000000000000e+02 1.206206635162283699e-06
1.210000000000000000e+02 1.070723480713403143e-06
1.220000000000000000e+02 1.620102957100172646e-06
1.230000000000000000e+02 1.105544321190266036e-06
1.240000000000000000e+02 1.025034040879402052e-06
1.250000000000000000e+02 9.099712916469658954e-07
1.260000000000000000e+02 1.202345916356178438e-06
1.270000000000000000e+02 7.990328882719383093e-07
1.280000000000000000e+02 1.154817967687399633e-06
1.290000000000000000e+02 8.831887118148153001e-07
1.300000000000000000e+02 8.151149513778198513e-07
1.310000000000000000e+02 9.396763753575739397e-07
1.320000000000000000e+02 9.272929887935650248e-07
1.330000000000000000e+02 7.776840686861269680e-07
1.340000000000000000e+02 7.216414456270606045e-07
1.350000000000000000e+02 6.713553321645957652e-07
1.360000000000000000e+02 7.860399134250226223e-07
1.370000000000000000e+02 7.515585218749285178e-07
1.380000000000000000e+02 1.104043414221323225e-06
1.390000000000000000e+02 6.956340369571534430e-07
1.400000000000000000e+02 8.980526069270000059e-07
1.410000000000000000e+02 8.059721006836887888e-07
1.420000000000000000e+02 6.396781058119139846e-07
1.430000000000000000e+02 6.867468160772582153e-07
1.440000000000000000e+02 6.402295004207098256e-07
1.450000000000000000e+02 4.919892291977661088e-07
1.460000000000000000e+02 6.603397080580333988e-07
1.470000000000000000e+02 5.687799256079596789e-07
1.480000000000000000e+02 6.584179871824819649e-07
1.490000000000000000e+02 5.588692762013621731e-07
1.500000000000000000e+02 4.162990531067755916e-07
1.510000000000000000e+02 4.719806534186358249e-07
1.520000000000000000e+02 4.905897089829330844e-07
1.530000000000000000e+02 4.285268942106818125e-07
1.540000000000000000e+02 4.385936469867810514e-07
1.550000000000000000e+02 4.870158194823551442e-07
1.560000000000000000e+02 3.935934540865537459e-07
1.570000000000000000e+02 4.287446808230666754e-07
1.580000000000000000e+02 3.755965698305855756e-07
1.590000000000000000e+02 4.096260416769902174e-07
1.600000000000000000e+02 4.035553581087960264e-07
1.610000000000000000e+02 3.724266895998434418e-07
1.620000000000000000e+02 3.689180326022448778e-07
1.630000000000000000e+02 4.086541693874831415e-07
1.640000000000000000e+02 3.794688308994983667e-07
1.650000000000000000e+02 3.331737103530184736e-07
1.660000000000000000e+02 3.661660623672182282e-07
1.670000000000000000e+02 3.359726789162624689e-07
1.680000000000000000e+02 3.415809752603981064e-07
1.690000000000000000e+02 4.265505532401529109e-07
1.700000000000000000e+02 2.906521145513025814e-07
1.710000000000000000e+02 3.755929531207301026e-07
1.720000000000000000e+02 5.259090512929829004e-07
1.730000000000000000e+02 5.872303505412521976e-07
1.740000000000000000e+02 3.681811692889080730e-07
1.750000000000000000e+02 3.155757447636149629e-07
1.760000000000000000e+02 3.234108187468124439e-07
1.770000000000000000e+02 3.800453632681618755e-07
1.780000000000000000e+02 2.488827220469904398e-07
1.790000000000000000e+02 3.367694928596876468e-07
1.800000000000000000e+02 2.632576430897633795e-07
1.810000000000000000e+02 2.568019242674372738e-07
1.820000000000000000e+02 2.995897645651761585e-07
1.830000000000000000e+02 2.352876105692429041e-07
1.840000000000000000e+02 3.656160585881333647e-07
1.850000000000000000e+02 2.278854584683063839e-07
1.860000000000000000e+02 3.226898505383371612e-07
1.870000000000000000e+02 3.714032859184345511e-07
1.880000000000000000e+02 2.603531141363461444e-07
1.890000000000000000e+02 4.297690638860253732e-07
1.900000000000000000e+02 3.474402284939727531e-07
1.910000000000000000e+02 3.932701347673861051e-07
1.920000000000000000e+02 3.855277685113380028e-07
1.930000000000000000e+02 5.860908650703790050e-07
1.940000000000000000e+02 2.756620722627424405e-07
1.950000000000000000e+02 2.334678338483058918e-07
1.960000000000000000e+02 2.564551873889889946e-07
1.970000000000000000e+02 2.430222508939864957e-07
1.980000000000000000e+02 2.462214109670401219e-07
1.990000000000000000e+02 1.987036081687634643e-07
2.000000000000000000e+02 3.690169779370972698e-07
2.010000000000000000e+02 3.861402811496428249e-07
2.020000000000000000e+02 3.316760970825148190e-07
2.030000000000000000e+02 2.588972482559404730e-07
2.040000000000000000e+02 2.276565949807737268e-07
2.050000000000000000e+02 2.893220821728108492e-07
2.060000000000000000e+02 3.467524630160305145e-07
2.070000000000000000e+02 1.916017122783979037e-07
2.080000000000000000e+02 2.341860301582065173e-07
2.090000000000000000e+02 2.117147723046416268e-07
2.100000000000000000e+02 2.387426114333949168e-07
2.110000000000000000e+02 2.273770194568408156e-07
2.120000000000000000e+02 3.744979246944732195e-07
2.130000000000000000e+02 7.731170987718068247e-07
2.140000000000000000e+02 2.835892712985616599e-07
2.150000000000000000e+02 1.700725514917360864e-07
2.160000000000000000e+02 1.524513080462799201e-07
2.170000000000000000e+02 1.955562683590402995e-07
2.180000000000000000e+02 1.828719779585563960e-07
2.190000000000000000e+02 1.649275918216085700e-07
2.200000000000000000e+02 2.535186922869254523e-07
2.210000000000000000e+02 1.498068555797656663e-07
2.220000000000000000e+02 1.766169726410631254e-07
2.230000000000000000e+02 1.988885044789827610e-07
2.240000000000000000e+02 1.706232625248238138e-07
2.250000000000000000e+02 1.788362193262442434e-07
2.260000000000000000e+02 1.729619755477284283e-07
2.270000000000000000e+02 2.447677714505946362e-07
2.280000000000000000e+02 2.297556267602762356e-07
2.290000000000000000e+02 1.682246021028548648e-07
2.300000000000000000e+02 1.546590807912432887e-07
2.310000000000000000e+02 1.576580075814608480e-07
2.320000000000000000e+02 2.367742626080096701e-07
2.330000000000000000e+02 1.806782196611648535e-07
2.340000000000000000e+02 1.215169198935858378e-07
2.350000000000000000e+02 1.431976143776236319e-07
2.360000000000000000e+02 1.659488221024772906e-07
2.370000000000000000e+02 1.488353767389477412e-07
2.380000000000000000e+02 1.644851009930293449e-07
2.390000000000000000e+02 1.874129809157354114e-07
2.400000000000000000e+02 1.331939539590058156e-07
2.410000000000000000e+02 1.484230143874641866e-07
2.420000000000000000e+02 1.235072996905830450e-07
2.430000000000000000e+02 1.314613285576572305e-07
2.440000000000000000e+02 1.369615446308355623e-07
2.450000000000000000e+02 3.403832771250322376e-07
2.460000000000000000e+02 2.093792319505220588e-07
2.470000000000000000e+02 3.349373892070301105e-07
2.480000000000000000e+02 1.414060851289874012e-07
2.490000000000000000e+02 1.437803327946464155e-07
2.500000000000000000e+02 1.799344858129299061e-07
2.510000000000000000e+02 1.215307972930839443e-07
2.520000000000000000e+02 1.557284713878252228e-07
2.530000000000000000e+02 2.968360244616011723e-07
2.540000000000000000e+02 1.286377313810237362e-07
2.550000000000000000e+02 1.439644913571741654e-07
2.560000000000000000e+02 2.226232895019852192e-07
2.570000000000000000e+02 2.323467720983648271e-07
2.580000000000000000e+02 1.565356789267000119e-07
2.590000000000000000e+02 1.301950509516887167e-07
2.600000000000000000e+02 2.062447767800875258e-07
2.610000000000000000e+02 9.733267637375395442e-08
2.620000000000000000e+02 1.491330505788726779e-07
2.630000000000000000e+02 2.101726421924420578e-07
2.640000000000000000e+02 1.085036805337286889e-07
2.650000000000000000e+02 1.196177821218004091e-07
2.660000000000000000e+02 8.815321778787132389e-08
2.670000000000000000e+02 9.609658385381101036e-08
2.680000000000000000e+02 1.237078543950932886e-07
2.690000000000000000e+02 1.189600922759453520e-07
2.700000000000000000e+02 1.503043039440734169e-07
2.710000000000000000e+02 4.507872656051068448e-07
2.720000000000000000e+02 1.903005025326340352e-07
2.730000000000000000e+02 9.548529554639903311e-08
2.740000000000000000e+02 9.401606558717514759e-08
2.750000000000000000e+02 9.004317934632486081e-08
2.760000000000000000e+02 1.242415651327152583e-07
2.770000000000000000e+02 8.590839390687660609e-08
2.780000000000000000e+02 8.785661044329178648e-08
2.790000000000000000e+02 1.268288258564143177e-07
2.800000000000000000e+02 9.599323047125489838e-08
2.810000000000000000e+02 7.315228654122731619e-08
2.820000000000000000e+02 8.979626736833295997e-08
2.830000000000000000e+02 1.524748316112901151e-07
2.840000000000000000e+02 1.121070378090913516e-07
2.850000000000000000e+02 7.974874729955488631e-08
2.860000000000000000e+02 8.744576837140431323e-08
2.870000000000000000e+02 1.281350512001014772e-07
2.880000000000000000e+02 1.101502231954451022e-07
2.890000000000000000e+02 2.249670881608982298e-07
2.900000000000000000e+02 8.642419690293944097e-08
2.910000000000000000e+02 8.454716555540079950e-08
2.920000000000000000e+02 1.275122444366566766e-07
2.930000000000000000e+02 1.911817454524606208e-07
2.940000000000000000e+02 1.274985221725022655e-07
2.950000000000000000e+02 1.547257040410779118e-07
2.960000000000000000e+02 9.361345956051385202e-08
2.970000000000000000e+02 1.432625892266771027e-07
2.980000000000000000e+02 1.045030089707907031e-07
2.990000000000000000e+02 6.794463658007376555e-08
3.000000000000000000e+02 1.143323445963493757e-07
3.010000000000000000e+02 1.466326863642938748e-07
3.020000000000000000e+02 8.428686303346580683e-08
3.030000000000000000e+02 9.404140866746982314e-08
3.040000000000000000e+02 8.471318921368953443e-08
3.050000000000000000e+02 5.846086356410854658e-08
3.060000000000000000e+02 6.018383053478146115e-08
3.070000000000000000e+02 1.356574008040677603e-07
3.080000000000000000e+02 8.772185195967046058e-08
3.090000000000000000e+02 6.644851090628750529e-08
3.100000000000000000e+02 9.835057586315326658e-08
3.110000000000000000e+02 8.495280806157767873e-08
3.120000000000000000e+02 1.071160724267701001e-07
3.130000000000000000e+02 5.950992253376185808e-08
3.140000000000000000e+02 8.114002683264344466e-08
3.150000000000000000e+02 6.771622709623544836e-08
3.160000000000000000e+02 1.520889121376878571e-07
3.170000000000000000e+02 1.463732825041578487e-07
3.180000000000000000e+02 9.422729391390660018e-08
3.190000000000000000e+02 2.063691696574576207e-07
3.200000000000000000e+02 1.213741215944053717e-07
3.210000000000000000e+02 5.355852232845773445e-08
3.220000000000000000e+02 5.797551755077068421e-08
3.230000000000000000e+02 7.329981950324020041e-08
3.240000000000000000e+02 5.471146544910719054e-08
3.250000000000000000e+02 8.124397137840230454e-08
3.260000000000000000e+02 5.948862661241605472e-08
3.270000000000000000e+02 5.731709273613327849e-08
3.280000000000000000e+02 5.622662097648498841e-08
3.290000000000000000e+02 7.873231030686979901e-08
3.300000000000000000e+02 7.538774727543464857e-08
3.310000000000000000e+02 6.172380537172474802e-08
3.320000000000000000e+02 9.589553983312230632e-08
3.330000000000000000e+02 8.976444027520065080e-08
3.340000000000000000e+02 1.139856558600645938e-07
3.350000000000000000e+02 5.751213002386183878e-08
3.360000000000000000e+02 6.825185604517592162e-08
3.370000000000000000e+02 4.205281676520065781e-08
3.380000000000000000e+02 6.945237983150956353e-08
3.390000000000000000e+02 6.866836994662185840e-08
3.400000000000000000e+02 1.411482963224949331e-07
3.410000000000000000e+02 8.637261004594922459e-08
3.420000000000000000e+02 6.415950212527009166e-08
3.430000000000000000e+02 6.646782076854505345e-08
3.440000000000000000e+02 4.689112108840713985e-08
3.450000000000000000e+02 4.751980261590868624e-08
3.460000000000000000e+02 6.257778377045962024e-08
3.470000000000000000e+02 4.532009822564070611e-08
3.480000000000000000e+02 2.059569063206192014e-07
3.490000000000000000e+02 2.741515612643269026e-07
3.500000000000000000e+02 4.258912997374375887e-08
3.510000000000000000e+02 3.701370061675174111e-08
3.520000000000000000e+02 5.341592751479555633e-08
3.530000000000000000e+02 7.309928059034795873e-08
3.540000000000000000e+02 3.872389916366052384e-08
3.550000000000000000e+02 3.782641731253527339e-08
3.560000000000000000e+02 4.174103872262721508e-08
3.570000000000000000e+02 4.636300787697098455e-08
3.580000000000000000e+02 1.725659147364800770e-07
3.590000000000000000e+02 5.630960371495161420e-08
3.600000000000000000e+02 5.714499757651954433e-08
3.610000000000000000e+02 3.986767288829187386e-08
3.620000000000000000e+02 4.830812529880309622e-08
3.630000000000000000e+02 7.625573515065483802e-08
3.640000000000000000e+02 4.477035251115944541e-08
3.650000000000000000e+02 7.037971378846150907e-08
3.660000000000000000e+02 8.539781893086428410e-08
3.670000000000000000e+02 3.428778446189381562e-08
3.680000000000000000e+02 3.139370616457929110e-08
3.690000000000000000e+02 5.989566883171116267e-08
3.700000000000000000e+02 1.093597218746339674e-07
3.710000000000000000e+02 4.758213340891147649e-08
3.720000000000000000e+02 4.767758291040373468e-08
3.730000000000000000e+02 3.917813339987449487e-08
3.740000000000000000e+02 4.523349444037165910e-08
3.750000000000000000e+02 5.187784105494585799e-08
3.760000000000000000e+02 1.058626443282803825e-07
3.770000000000000000e+02 3.711717849880878689e-08
3.780000000000000000e+02 3.187130450077367933e-08
3.790000000000000000e+02 3.074458476337155741e-08
3.800000000000000000e+02 3.394088588464590094e-08
3.810000000000000000e+02 3.552592980330496778e-08
3.820000000000000000e+02 2.977069147226467869e-08
3.830000000000000000e+02 5.257223667852769845e-08
3.840000000000000000e+02 4.463327312689733213e-08
3.850000000000000000e+02 5.838569531305220993e-08
3.860000000000000000e+02 3.614289855139901524e-08
3.870000000000000000e+02 3.539816672914884780e-08
3.880000000000000000e+02 5.419269875171289256e-08
3.890000000000000000e+02 4.054124184778539665e-08
3.900000000000000000e+02 1.193491701342225615e-07
3.910000000000000000e+02 4.820612405995842641e-08
3.920000000000000000e+02 2.527096949080857448e-08
3.930000000000000000e+02 4.616104397640321026e-08
3.940000000000000000e+02 5.502745043061127273e-08
3.950000000000000000e+02 3.460685561251069690e-08
3.960000000000000000e+02 3.150913537284935936e-08
3.970000000000000000e+02 2.505565362315654232e-08
3.980000000000000000e+02 2.471200678604795987e-08
3.990000000000000000e+02 3.427952672877294118e-08
4.000000000000000000e+02 9.072250359710770516e-08
4.010000000000000000e+02 1.115242723715861482e-07
4.020000000000000000e+02 2.923868536830179730e-08
4.030000000000000000e+02 2.386178881386726379e-08
4.040000000000000000e+02 2.415497127193817170e-08
4.050000000000000000e+02 2.657017669145130089e-08
4.060000000000000000e+02 2.616411463477752709e-08
4.070000000000000000e+02 2.563048209336253902e-08
4.080000000000000000e+02 2.806568931594133200e-08
4.090000000000000000e+02 3.278072015922158498e-08
4.100000000000000000e+02 3.965115013744513493e-08
4.110000000000000000e+02 4.340378684982543690e-08
4.120000000000000000e+02 2.567402701408190039e-08
4.130000000000000000e+02 3.343263310971662547e-08
4.140000000000000000e+02 2.705114121759871140e-08
4.150000000000000000e+02 2.564098345939983891e-08
4.160000000000000000e+02 3.069366877196989677e-08
4.170000000000000000e+02 2.295463604937930024e-08
4.180000000000000000e+02 2.814677184390869300e-08
4.190000000000000000e+02 2.304717907120371903e-08
4.200000000000000000e+02 2.431879131148233452e-08
4.210000000000000000e+02 3.844823508473965101e-08
4.220000000000000000e+02 3.111365438601764223e-08
4.230000000000000000e+02 2.876567713010770234e-08
4.240000000000000000e+02 2.593214236584034172e-08
4.250000000000000000e+02 2.175904297809724037e-08
4.260000000000000000e+02 3.729253408187593068e-08
4.270000000000000000e+02 3.524144609010884817e-08
4.280000000000000000e+02 4.116768680270047457e-08
4.290000000000000000e+02 3.073007640190242517e-08
4.300000000000000000e+02 2.305446142281898556e-08
4.310000000000000000e+02 2.421839676209227755e-08
4.320000000000000000e+02 7.325216302570204557e-08
4.330000000000000000e+02 7.485487461361075472e-08
4.340000000000000000e+02 2.409616396329838219e-08
4.350000000000000000e+02 2.100401989307185819e-08
4.360000000000000000e+02 2.299182283766839701e-08
4.370000000000000000e+02 3.071110592585989787e-08
4.380000000000000000e+02 4.286287915144173123e-08
4.390000000000000000e+02 3.693403866508881162e-08
4.400000000000000000e+02 2.100918286933979964e-08
4.410000000000000000e+02 3.334461091236483660e-08
4.420000000000000000e+02 4.480026573826072089e-08
4.430000000000000000e+02 2.346430470779964189e-08
4.440000000000000000e+02 3.211697893310889388e-08
4.450000000000000000e+02 2.407069575979061800e-08
4.460000000000000000e+02 3.233377933695906605e-08
4.470000000000000000e+02 1.759635709544573269e-08
4.480000000000000000e+02 1.765346601787849545e-08
4.490000000000000000e+02 1.856637617552593898e-08
4.500000000000000000e+02 4.699920909990124291e-08
4.510000000000000000e+02 2.090782677353586712e-08
4.520000000000000000e+02 4.324441485644635487e-08
4.530000000000000000e+02 1.841576246152792202e-08
4.540000000000000000e+02 1.925253833849332674e-08
4.550000000000000000e+02 1.759198663542693332e-08
4.560000000000000000e+02 2.495861704227451677e-08
4.570000000000000000e+02 4.153318067426834519e-08
4.580000000000000000e+02 3.755361689422666176e-08
4.590000000000000000e+02 2.219539992459362609e-08
4.600000000000000000e+02 2.191851615060375554e-08
4.610000000000000000e+02 1.681571296399946291e-08
4.620000000000000000e+02 1.901978682548887486e-08
4.630000000000000000e+02 1.594385424505318967e-08
4.640000000000000000e+02 1.843653487721288198e-08
4.650000000000000000e+02 1.970903706498799395e-08
4.660000000000000000e+02 2.142528935989099599e-08
4.670000000000000000e+02 1.450537585419807533e-08
4.680000000000000000e+02 1.735073067004084452e-08
4.690000000000000000e+02 4.281448836766455589e-08
4.700000000000000000e+02 2.086457024828890879e-08
4.710000000000000000e+02 2.164063437940648594e-08
4.720000000000000000e+02 1.898393472746912345e-08
4.730000000000000000e+02 1.746420240786754484e-08
4.740000000000000000e+02 4.713421291020388209e-08
4.750000000000000000e+02 4.483843656183713348e-08
4.760000000000000000e+02 2.645072707771493417e-08
4.770000000000000000e+02 1.929357925728591235e-08
4.780000000000000000e+02 2.008363741478656476e-08
4.790000000000000000e+02 1.546072901070959829e-08
4.800000000000000000e+02 2.125449197228054333e-08
4.810000000000000000e+02 2.253294184231068073e-08
4.820000000000000000e+02 1.374597926682377036e-08
4.830000000000000000e+02 1.589488768454326998e-08
4.840000000000000000e+02 3.580572761961874783e-08
4.850000000000000000e+02 1.631296902665824636e-08
4.860000000000000000e+02 1.613652111832536132e-08
4.870000000000000000e+02 2.040797341896296463e-08
4.880000000000000000e+02 1.621111804306225169e-08
4.890000000000000000e+02 1.832973629600713930e-08
4.900000000000000000e+02 1.552350506119224582e-08
4.910000000000000000e+02 1.269159249663225116e-08
4.920000000000000000e+02 1.414877328581439880e-08
4.930000000000000000e+02 1.518567465690101645e-08
4.940000000000000000e+02 2.272983916567641584e-08
4.950000000000000000e+02 2.837588164650156693e-08
4.960000000000000000e+02 3.039606808056200987e-08
4.970000000000000000e+02 3.224425560170961970e-08
4.980000000000000000e+02 2.339391611401799720e-08
4.990000000000000000e+02 1.352126737947604591e-08
5.000000000000000000e+02 1.441404381877360346e-08
5.010000000000000000e+02 1.242771510327034526e-08
5.020000000000000000e+02 3.462649665824253931e-08
5.030000000000000000e+02 2.418835534896287885e-08
5.040000000000000000e+02 1.183696221051273592e-08
5.050000000000000000e+02 1.188993520740584575e-08
5.060000000000000000e+02 1.216059821887569559e-08
5.070000000000000000e+02 2.654161464504606572e-08
5.080000000000000000e+02 1.738506366201236427e-08
5.090000000000000000e+02 1.455386351247337938e-08
5.100000000000000000e+02 2.727140857000503573e-08
5.110000000000000000e+02 1.563778892356878905e-08
5.120000000000000000e+02 1.510013804096554134e-08
5.130000000000000000e+02 1.179444158947220905e-08
5.140000000000000000e+02 1.066544956034784260e-08
5.150000000000000000e+02 1.930567581368524019e-08
5.160000000000000000e+02 1.553303311740163991e-08
5.170000000000000000e+02 1.375583460527156690e-08
5.180000000000000000e+02 1.036045036028681835e-08
5.190000000000000000e+02 1.073858259719661744e-08
5.200000000000000000e+02 2.885310233098416233e-08
5.210000000000000000e+02 1.674353324832978191e-08
5.220000000000000000e+02 1.728324840398758271e-08
5.230000000000000000e+02 1.103117943015413197e-08
5.240000000000000000e+02 1.220202099437183077e-08
5.250000000000000000e+02 1.365662092505259858e-08
5.260000000000000000e+02 1.705611189071281803e-08
5.270000000000000000e+02 1.069942374036198495e-08
5.280000000000000000e+02 9.089400119683389363e-09
5.290000000000000000e+02 1.075144826626818881e-08
5.300000000000000000e+02 9.959722261254426998e-09
5.310000000000000000e+02 1.192848756193968716e-08
5.320000000000000000e+02 1.375891667281267851e-08
5.330000000000000000e+02 1.068949728378804614e-08
5.340000000000000000e+02 1.092020412396347534e-08
5.350000000000000000e+02 1.427105448250348069e-08
5.360000000000000000e+02 1.085217325814433260e-08
5.370000000000000000e+02 1.098523222296708661e-08
5.380000000000000000e+02 1.259073763455305385e-08
5.390000000000000000e+02 1.368929309075732883e-08
5.400000000000000000e+02 1.745670374823822055e-08
5.410000000000000000e+02 3.200284853319005144e-08
5.420000000000000000e+02 8.499056276629608533e-09
5.430000000000000000e+02 8.811801256072268456e-09
5.440000000000000000e+02 1.198189434886062117e-08
5.450000000000000000e+02 1.045625212647956060e-08
5.460000000000000000e+02 1.535575897162255787e-08
5.470000000000000000e+02 1.415975969866023234e-08
5.480000000000000000e+02 1.183780243044079883e-08
5.490000000000000000e+02 1.128480670770497504e-08
5.500000000000000000e+02 1.245040428830099979e-08
5.510000000000000000e+02 9.132144642315620422e-09
5.520000000000000000e+02 8.874598684824656503e-09
5.530000000000000000e+02 1.305781100987760143e-08
5.540000000000000000e+02 1.269166390875376538e-08
5.550000000000000000e+02 2.244530958835222121e-08
5.560000000000000000e+02 8.795374853652134641e-09
5.570000000000000000e+02 9.841362094623714656e-09
5.580000000000000000e+02 2.025572860407489919e-08
5.590000000000000000e+02 1.077371402335568204e-08
5.600000000000000000e+02 1.260886009870743998e-08
5.610000000000000000e+02 1.359108472242958756e-08
5.620000000000000000e+02 7.885397572793803155e-09
5.630000000000000000e+02 9.557494492474800100e-09
5.640000000000000000e+02 8.655666622585742597e-09
5.650000000000000000e+02 1.030231871669498222e-08
5.660000000000000000e+02 9.773874186188960677e-09
5.670000000000000000e+02 1.024366841268139591e-08
5.680000000000000000e+02 1.095576424538477630e-08
5.690000000000000000e+02 7.716299430134577388e-09
5.700000000000000000e+02 1.389845423343317357e-08
5.710000000000000000e+02 1.387929709629277847e-08
5.720000000000000000e+02 7.643364893251205303e-09
5.730000000000000000e+02 7.495720411067583916e-09
5.740000000000000000e+02 7.002411183982224796e-09
5.750000000000000000e+02 7.397006834323574649e-09
5.760000000000000000e+02 8.234979533304932522e-09
5.770000000000000000e+02 1.111290233417843317e-08
5.780000000000000000e+02 1.204244104780957482e-08
5.790000000000000000e+02 9.339808420184794861e-09
5.800000000000000000e+02 7.189690442965161369e-09
5.810000000000000000e+02 8.062274774353895000e-09
5.820000000000000000e+02 9.353843507943127885e-09
5.830000000000000000e+02 1.538169872673210829e-08
5.840000000000000000e+02 2.783461325316546873e-08
5.850000000000000000e+02 1.559174964967487702e-08
5.860000000000000000e+02 1.355495408091822858e-08
5.870000000000000000e+02 6.362837209688544684e-09
5.880000000000000000e+02 8.066416653964511771e-09
5.890000000000000000e+02 6.747769347238338778e-09
5.900000000000000000e+02 8.620469278185408729e-09
5.910000000000000000e+02 1.669239901595870257e-08
5.920000000000000000e+02 1.645398125410753849e-08
5.930000000000000000e+02 7.458327547920410735e-09
5.940000000000000000e+02 7.614255714509844788e-09
5.950000000000000000e+02 6.449253560972544343e-09
5.960000000000000000e+02 6.638330644608047960e-09
5.970000000000000000e+02 1.317783951586440175e-08
5.980000000000000000e+02 9.161344954632808708e-09
5.990000000000000000e+02 7.643499878277748966e-09
6.000000000000000000e+02 7.863875959824794187e-09
6.010000000000000000e+02 6.587695819506612717e-09
6.020000000000000000e+02 6.982597781545720042e-09
6.030000000000000000e+02 1.013345814093150821e-08
6.040000000000000000e+02 9.308243918046705000e-09
6.050000000000000000e+02 8.808739039884909592e-09
6.060000000000000000e+02 8.255573535057718584e-09
6.070000000000000000e+02 6.422357239741839669e-09
6.080000000000000000e+02 9.041336642259527027e-09
6.090000000000000000e+02 8.182314292452369999e-09
6.100000000000000000e+02 1.119392209124978156e-08
6.110000000000000000e+02 6.405105896856335607e-09
6.120000000000000000e+02 7.748819265463267941e-09
6.130000000000000000e+02 5.946586983134459924e-09
6.140000000000000000e+02 6.165512038940863603e-09
6.150000000000000000e+02 6.580564189338648961e-09
6.160000000000000000e+02 7.069981454649595116e-09
6.170000000000000000e+02 8.740028635528588552e-09
6.180000000000000000e+02 8.049011587559326211e-09
6.190000000000000000e+02 6.997312130967202728e-09
6.200000000000000000e+02 6.035502469159898138e-09
6.210000000000000000e+02 1.208333543675091905e-08
6.220000000000000000e+02 7.833031492826464581e-09
6.230000000000000000e+02 6.625042886570603021e-09
6.240000000000000000e+02 6.068282988685951156e-09
6.250000000000000000e+02 6.104524544721026524e-09
6.260000000000000000e+02 9.322402287006431762e-09
6.270000000000000000e+02 9.186421566475869347e-09
6.280000000000000000e+02 7.841541591224499907e-09
6.290000000000000000e+02 7.164345384388685398e-09
6.300000000000000000e+02 6.618878253850789269e-09
6.310000000000000000e+02 5.416938201316221325e-09
6.320000000000000000e+02 5.418494343146575062e-09
6.330000000000000000e+02 7.886592732056640787e-09
6.340000000000000000e+02 6.724320052478754874e-09
6.350000000000000000e+02 9.529393877590843732e-09
6.360000000000000000e+02 5.695228401963218777e-09
6.370000000000000000e+02 7.063268382177385843e-09
6.380000000000000000e+02 6.304847659868026763e-09
6.390000000000000000e+02 6.012170933562955314e-09
6.400000000000000000e+02 1.421057016181030293e-08
6.410000000000000000e+02 1.403207834914701021e-08
6.420000000000000000e+02 5.424355951768185851e-09
6.430000000000000000e+02 5.182956670909609896e-09
6.440000000000000000e+02 5.632298670837059785e-09
6.450000000000000000e+02 1.018436961069963327e-08
6.460000000000000000e+02 1.342134927996380824e-08
6.470000000000000000e+02 7.029169730408491846e-09
6.480000000000000000e+02 6.789555594478800728e-09
6.490000000000000000e+02 5.099747462279702892e-09
6.500000000000000000e+02 5.291289959374098552e-09
6.510000000000000000e+02 8.062282691077361996e-09
6.520000000000000000e+02 6.409524397421927597e-09
6.530000000000000000e+02 7.156166530045947568e-09
6.540000000000000000e+02 7.371315730615284589e-09
6.550000000000000000e+02 4.626892090063250716e-09
6.560000000000000000e+02 4.785345754971656278e-09
6.570000000000000000e+02 7.136959994078260454e-09
6.580000000000000000e+02 6.839828836253518420e-09
6.590000000000000000e+02 1.019002028937412597e-08
6.600000000000000000e+02 4.840331197943976768e-09
6.610000000000000000e+02 6.262615125812234004e-09
6.620000000000000000e+02 5.848788547135037177e-09
6.630000000000000000e+02 4.911982019685138799e-09
6.640000000000000000e+02 7.027069253474214388e-09
6.650000000000000000e+02 6.712179176944568881e-09
6.660000000000000000e+02 5.762428246298889314e-09
6.670000000000000000e+02 4.742645074783906135e-09
6.680000000000000000e+02 5.559574342689455299e-09
6.690000000000000000e+02 4.974954744238313494e-09
6.700000000000000000e+02 5.310051506490743106e-09
6.710000000000000000e+02 4.523371577089955311e-09
6.720000000000000000e+02 4.480477273417822464e-09
6.730000000000000000e+02 4.963426129346670438e-09
6.740000000000000000e+02 5.094858451727548351e-09
6.750000000000000000e+02 6.062139968533291714e-09
6.760000000000000000e+02 6.436801510812749876e-09
6.770000000000000000e+02 7.636168331954293517e-09
6.780000000000000000e+02 7.432988399474684786e-09
6.790000000000000000e+02 5.651411905655869167e-09
6.800000000000000000e+02 4.966616454598889353e-09
6.810000000000000000e+02 5.710834446403153987e-09
6.820000000000000000e+02 4.681037577760940960e-09
6.830000000000000000e+02 4.294701304093520466e-09
6.840000000000000000e+02 5.968925587353010443e-09
6.850000000000000000e+02 5.062658977374336391e-09
6.860000000000000000e+02 6.059521425189346003e-09
6.870000000000000000e+02 7.421064658981794112e-09
6.880000000000000000e+02 5.515533439544060423e-09
6.890000000000000000e+02 4.358666626277043992e-09
6.900000000000000000e+02 5.837170069407899690e-09
6.910000000000000000e+02 7.244610703427499469e-09
6.920000000000000000e+02 6.454664658960569182e-09
6.930000000000000000e+02 4.721388288658622827e-09
6.940000000000000000e+02 4.386861905000792019e-09
6.950000000000000000e+02 4.019506852482921304e-09
6.960000000000000000e+02 4.129161118975753391e-09
6.970000000000000000e+02 4.173335942611543293e-09
6.980000000000000000e+02 5.163127739714520117e-09
6.990000000000000000e+02 5.301743646137270295e-09
7.000000000000000000e+02 4.322055904311381364e-09
7.010000000000000000e+02 4.982283938187178328e-09
7.020000000000000000e+02 6.796459974316029903e-09
7.030000000000000000e+02 4.532531591375657309e-09
7.040000000000000000e+02 4.322110588125383346e-09
7.050000000000000000e+02 4.278378417220763158e-09
7.060000000000000000e+02 4.012675311702931447e-09
7.070000000000000000e+02 4.712353902002695841e-09
7.080000000000000000e+02 4.189132194705291621e-09
7.090000000000000000e+02 4.334490996552678784e-09
7.100000000000000000e+02 3.929173977082257221e-09
7.110000000000000000e+02 5.210269887775818211e-09
7.120000000000000000e+02 4.220179451396559665e-09
7.130000000000000000e+02 4.162871821589669869e-09
7.140000000000000000e+02 3.986392212816760963e-09
7.150000000000000000e+02 4.028491611474656184e-09
7.160000000000000000e+02 3.777579935900240842e-09
7.170000000000000000e+02 4.001257802638140380e-09
7.180000000000000000e+02 4.226151437065585602e-09
7.190000000000000000e+02 6.636622437894897196e-09
7.200000000000000000e+02 4.316283975223726231e-09
7.210000000000000000e+02 3.893982762500173378e-09
7.220000000000000000e+02 4.988771283093532494e-09
7.230000000000000000e+02 6.089873134626288680e-09
7.240000000000000000e+02 3.927320000807972279e-09
7.250000000000000000e+02 3.891735206833246566e-09
7.260000000000000000e+02 7.687231418468902183e-09
7.270000000000000000e+02 7.164905968304788731e-09
7.280000000000000000e+02 4.123191311711524731e-09
7.290000000000000000e+02 4.487160379820822835e-09
7.300000000000000000e+02 3.840748325385670356e-09
7.310000000000000000e+02 4.406231799639734872e-09
7.320000000000000000e+02 3.736100155634660033e-09
7.330000000000000000e+02 7.083144134933803549e-09
7.340000000000000000e+02 6.937297857330829613e-09
7.350000000000000000e+02 3.972905330856006373e-09
7.360000000000000000e+02 4.652838191036121715e-09
7.370000000000000000e+02 3.700341020004851888e-09
7.380000000000000000e+02 4.679282416795118932e-09
7.390000000000000000e+02 4.262369364158500477e-09
7.400000000000000000e+02 4.080471956868367528e-09
7.410000000000000000e+02 4.063200585235500192e-09
7.420000000000000000e+02 3.487030606822328737e-09
7.430000000000000000e+02 3.576838562932472341e-09
7.440000000000000000e+02 4.052633445700420805e-09
7.450000000000000000e+02 3.826298853830421909e-09
7.460000000000000000e+02 4.537581629414471913e-09
7.470000000000000000e+02 3.624385310194140248e-09
7.480000000000000000e+02 4.083960830598345030e-09
7.490000000000000000e+02 3.883288914674581319e-09
7.500000000000000000e+02 3.993812247805573978e-09
7.510000000000000000e+02 3.722413653905644204e-09
7.520000000000000000e+02 3.368053686783668107e-09
7.530000000000000000e+02 3.439678007670106717e-09
7.540000000000000000e+02 3.702387469354159476e-09
7.550000000000000000e+02 3.555388847270052214e-09
7.560000000000000000e+02 3.687744084115342562e-09
7.570000000000000000e+02 3.394613207240372195e-09
7.580000000000000000e+02 3.280631716223015033e-09
7.590000000000000000e+02 3.469076652161240904e-09
7.600000000000000000e+02 3.718235087349993753e-09
7.610000000000000000e+02 3.954466840492693050e-09
7.620000000000000000e+02 5.303923236730132272e-09
7.630000000000000000e+02 3.390974589272562378e-09
7.640000000000000000e+02 3.553943621496157793e-09
7.650000000000000000e+02 4.027719009554718915e-09
7.660000000000000000e+02 4.330026097668821178e-09
7.670000000000000000e+02 3.890810911657067604e-09
7.680000000000000000e+02 3.757744861197426686e-09
7.690000000000000000e+02 3.486395027741510169e-09
7.700000000000000000e+02 3.560685598822857756e-09
7.710000000000000000e+02 3.142907173042976889e-09
7.720000000000000000e+02 3.145625544140625445e-09
7.730000000000000000e+02 3.218843509577708316e-09
7.740000000000000000e+02 3.450988659272916636e-09
7.750000000000000000e+02 3.271159923299008205e-09
7.760000000000000000e+02 3.138277884046168969e-09
7.770000000000000000e+02 3.121190254290269989e-09
7.780000000000000000e+02 3.218892080511188104e-09
7.790000000000000000e+02 3.704244396081252297e-09
7.800000000000000000e+02 3.087303174676696518e-09
7.810000000000000000e+02 3.837872815427483561e-09
7.820000000000000000e+02 3.904547401247776025e-09
7.830000000000000000e+02 3.949009591802930543e-09
7.840000000000000000e+02 3.918867488650142486e-09
7.850000000000000000e+02 3.064142515072244987e-09
7.860000000000000000e+02 3.062419645207168035e-09
7.870000000000000000e+02 3.568837152392137856e-09
7.880000000000000000e+02 3.184808830567137616e-09
7.890000000000000000e+02 3.165438223661601537e-09
7.900000000000000000e+02 3.133106841098597323e-09
7.910000000000000000e+02 4.283597678437302772e-09
7.920000000000000000e+02 3.143018866657162037e-09
7.930000000000000000e+02 3.223207584660226437e-09
7.940000000000000000e+02 2.968990977036646056e-09
7.950000000000000000e+02 3.329089664907101191e-09
7.960000000000000000e+02 3.200586222170872778e-09
7.970000000000000000e+02 3.502036625311509390e-09
7.980000000000000000e+02 2.838097021489591306e-09
7.990000000000000000e+02 3.222499637763670930e-09
8.000000000000000000e+02 3.754239426757149042e-09
8.010000000000000000e+02 6.589075005301959944e-09
8.020000000000000000e+02 3.434187854255100869e-09
8.030000000000000000e+02 4.717164442870744174e-09
8.040000000000000000e+02 3.074220064123436642e-09
8.050000000000000000e+02 2.959895882835144111e-09
8.060000000000000000e+02 2.649290480120919048e-09
8.070000000000000000e+02 2.851637228973523200e-09
8.080000000000000000e+02 3.123434274252893733e-09
8.090000000000000000e+02 3.687215271802111227e-09
8.100000000000000000e+02 3.683133430910498437e-09
8.110000000000000000e+02 3.122813407223902026e-09
8.120000000000000000e+02 2.900332875837586688e-09
8.130000000000000000e+02 2.855061005416074425e-09
8.140000000000000000e+02 3.014634833887365243e-09
8.150000000000000000e+02 2.913693243011283661e-09
8.160000000000000000e+02 3.217470717433844986e-09
8.170000000000000000e+02 2.856747132476721773e-09
8.180000000000000000e+02 2.670558092600198725e-09
8.190000000000000000e+02 2.905021319299715977e-09
8.200000000000000000e+02 2.704920693496317681e-09
8.210000000000000000e+02 3.045014515318814811e-09
8.220000000000000000e+02 2.897214195589116316e-09
8.230000000000000000e+02 3.080048565422049516e-09
8.240000000000000000e+02 2.688855110986410906e-09
8.250000000000000000e+02 2.538170641545187541e-09
8.260000000000000000e+02 2.582577118891650751e-09
8.270000000000000000e+02 2.557771900498117551e-09
8.280000000000000000e+02 2.559570994179629224e-09
8.290000000000000000e+02 3.373495778422704507e-09
8.300000000000000000e+02 2.831587151006972105e-09
8.310000000000000000e+02 2.818048521897289517e-09
8.320000000000000000e+02 2.615996724291259919e-09
8.330000000000000000e+02 2.493893196536453477e-09
8.340000000000000000e+02 2.961765718465131384e-09
8.350000000000000000e+02 2.538261376203328903e-09
8.360000000000000000e+02 2.736179083845055184e-09
8.370000000000000000e+02 2.764959346385394982e-09
8.380000000000000000e+02 2.497960193575350207e-09
8.390000000000000000e+02 2.904702347115847473e-09
8.400000000000000000e+02 3.290496508281432317e-09
8.410000000000000000e+02 2.472209022677863090e-09
8.420000000000000000e+02 2.653397678522892789e-09
8.430000000000000000e+02 2.483042398480079281e-09
8.440000000000000000e+02 2.424206580076838371e-09
8.450000000000000000e+02 2.998308455121512422e-09
8.460000000000000000e+02 2.404478776547835227e-09
8.470000000000000000e+02 2.635125430080221516e-09
8.480000000000000000e+02 2.865756178281881119e-09
8.490000000000000000e+02 2.464115590271071188e-09
8.500000000000000000e+02 2.592697869087164188e-09
8.510000000000000000e+02 3.485925514962774964e-09
8.520000000000000000e+02 3.393881888328891068e-09
8.530000000000000000e+02 2.427463038480332428e-09
8.540000000000000000e+02 2.517285918261690822e-09
8.550000000000000000e+02 2.549233428398345144e-09
8.560000000000000000e+02 2.470005104751461430e-09
8.570000000000000000e+02 3.047488845426685313e-09
8.580000000000000000e+02 2.619694637350873509e-09
8.590000000000000000e+02 2.333569431202565495e-09
8.600000000000000000e+02 2.287004279894752125e-09
8.610000000000000000e+02 2.264316036735825396e-09
8.620000000000000000e+02 2.640915870194678221e-09
8.630000000000000000e+02 2.289464674154238339e-09
8.640000000000000000e+02 2.498851438714211548e-09
8.650000000000000000e+02 2.349360934409630412e-09
8.660000000000000000e+02 2.270866673968845139e-09
8.670000000000000000e+02 2.553714640815970511e-09
8.680000000000000000e+02 2.481297802642405538e-09
8.690000000000000000e+02 2.255202291751673538e-09
8.700000000000000000e+02 2.199223751576036462e-09
8.710000000000000000e+02 2.208694409981029595e-09
8.720000000000000000e+02 2.681278196498487716e-09
8.730000000000000000e+02 2.267334151066650171e-09
8.740000000000000000e+02 2.187784350437908805e-09
8.750000000000000000e+02 2.281303969688672042e-09
8.760000000000000000e+02 2.543876568045483397e-09
8.770000000000000000e+02 3.119854168655874416e-09
8.780000000000000000e+02 2.346801357541599431e-09
8.790000000000000000e+02 2.217415155266599491e-09
8.800000000000000000e+02 2.426557534814579425e-09
8.810000000000000000e+02 2.123898406453653196e-09
8.820000000000000000e+02 2.164412494963314151e-09
8.830000000000000000e+02 2.275886840843652334e-09
8.840000000000000000e+02 2.339930838387909176e-09
8.850000000000000000e+02 2.275673464742449757e-09
8.860000000000000000e+02 2.214459026935076052e-09
8.870000000000000000e+02 2.276529477973182460e-09
8.880000000000000000e+02 2.497938938137987482e-09
8.890000000000000000e+02 2.567223507143976825e-09
8.900000000000000000e+02 2.692089509253943932e-09
8.910000000000000000e+02 2.211033547848634603e-09
8.920000000000000000e+02 2.150157920316064250e-09
8.930000000000000000e+02 2.701628906526386757e-09
8.940000000000000000e+02 2.253508487752309671e-09
8.950000000000000000e+02 2.353827988427131232e-09
8.960000000000000000e+02 2.401604086295774664e-09
8.970000000000000000e+02 2.842748920523217047e-09
8.980000000000000000e+02 2.231992813727836430e-09
8.990000000000000000e+02 2.167271225426629651e-09
9.000000000000000000e+02 2.241398712793381460e-09
9.010000000000000000e+02 2.084790228990583832e-09
9.020000000000000000e+02 2.091005481603058580e-09
9.030000000000000000e+02 2.049552750556202725e-09
9.040000000000000000e+02 1.999618260044550574e-09
9.050000000000000000e+02 2.120560047956707117e-09
9.060000000000000000e+02 2.169769944001913644e-09
9.070000000000000000e+02 2.771502348555829213e-09
9.080000000000000000e+02 2.592348734229838495e-09
9.090000000000000000e+02 2.664175656286663289e-09
9.100000000000000000e+02 2.115924723135989152e-09
9.110000000000000000e+02 2.167820693516704234e-09
9.120000000000000000e+02 2.306167623779562191e-09
9.130000000000000000e+02 2.251956529943892543e-09
9.140000000000000000e+02 1.968879145706007488e-09
9.150000000000000000e+02 2.286557370566313573e-09
9.160000000000000000e+02 2.085041050409942018e-09
9.170000000000000000e+02 1.934865776957992610e-09
9.180000000000000000e+02 2.237531076683225856e-09
9.190000000000000000e+02 2.142038233166597883e-09
9.200000000000000000e+02 2.044544511650785410e-09
9.210000000000000000e+02 2.100791175475351440e-09
9.220000000000000000e+02 2.260653120782358473e-09
9.230000000000000000e+02 2.731741493971174736e-09
9.240000000000000000e+02 2.431777588594870226e-09
9.250000000000000000e+02 1.992749078011833560e-09
9.260000000000000000e+02 2.181256072894384416e-09
9.270000000000000000e+02 1.925213560205746651e-09
9.280000000000000000e+02 2.024770199193344934e-09
9.290000000000000000e+02 2.178858369380837981e-09
9.300000000000000000e+02 1.938978329892767266e-09
9.310000000000000000e+02 1.883016220409201381e-09
9.320000000000000000e+02 1.995939528940981560e-09
9.330000000000000000e+02 1.947120419812940552e-09
9.340000000000000000e+02 2.018660669178142732e-09
9.350000000000000000e+02 2.122817474132131963e-09
9.360000000000000000e+02 2.100491218589766355e-09
9.370000000000000000e+02 2.228354438136618084e-09
9.380000000000000000e+02 2.692185026796190907e-09
9.390000000000000000e+02 2.986616670998464100e-09
9.400000000000000000e+02 2.627620077974833161e-09
9.410000000000000000e+02 2.146839189251234365e-09
9.420000000000000000e+02 2.212471481370192723e-09
9.430000000000000000e+02 2.174301401219301301e-09
9.440000000000000000e+02 2.059980241148479884e-09
9.450000000000000000e+02 2.375035465602864184e-09
9.460000000000000000e+02 2.085488265407737618e-09
9.470000000000000000e+02 2.033134146566368385e-09
9.480000000000000000e+02 1.864595731877257197e-09
9.490000000000000000e+02 2.026689561321181418e-09
9.500000000000000000e+02 2.047910500281527579e-09
9.510000000000000000e+02 2.013365501704844326e-09
9.520000000000000000e+02 1.923406689675772516e-09
9.530000000000000000e+02 1.934967827738416695e-09
9.540000000000000000e+02 1.839437887357285658e-09
9.550000000000000000e+02 1.894947768129839087e-09
9.560000000000000000e+02 2.684868800711081765e-09
9.570000000000000000e+02 2.331042754403797389e-09
9.580000000000000000e+02 2.085684221908263858e-09
9.590000000000000000e+02 2.088719760165816591e-09
9.600000000000000000e+02 1.968801139104908041e-09
9.610000000000000000e+02 1.721839800464491961e-09
9.620000000000000000e+02 1.950224382120139166e-09
9.630000000000000000e+02 1.754487544229564733e-09
9.640000000000000000e+02 1.879168937181075663e-09
9.650000000000000000e+02 1.939015379694385597e-09
9.660000000000000000e+02 2.023233637125712739e-09
9.670000000000000000e+02 1.951780848796433926e-09
9.680000000000000000e+02 1.970267543148247615e-09
9.690000000000000000e+02 1.739242597227253038e-09
9.700000000000000000e+02 1.757784328750212356e-09
9.710000000000000000e+02 1.735329790069994099e-09
9.720000000000000000e+02 1.855558770441244455e-09
9.730000000000000000e+02 2.027181208837941351e-09
9.740000000000000000e+02 2.400004634924368864e-09
9.750000000000000000e+02 2.705080487409141117e-09
9.760000000000000000e+02 2.282196885101411431e-09
9.770000000000000000e+02 2.020992814799683631e-09
9.780000000000000000e+02 1.663731055772246150e-09
9.790000000000000000e+02 1.816444334534672816e-09
9.800000000000000000e+02 1.811285260199305070e-09
9.810000000000000000e+02 1.636509127424845532e-09
9.820000000000000000e+02 1.677175777490283989e-09
9.830000000000000000e+02 1.640353296185593136e-09
9.840000000000000000e+02 1.678495899489001401e-09
9.850000000000000000e+02 1.730212714086651736e-09
9.860000000000000000e+02 1.852083759288580706e-09
9.870000000000000000e+02 1.690052512207602350e-09
9.880000000000000000e+02 1.655685629907516524e-09
9.890000000000000000e+02 1.717209504002453967e-09
9.900000000000000000e+02 1.758230162501802517e-09
9.910000000000000000e+02 1.860771279551750920e-09
9.920000000000000000e+02 1.998734139501285798e-09
9.930000000000000000e+02 1.781379071593559829e-09
9.940000000000000000e+02 1.853315115640740741e-09
9.950000000000000000e+02 1.950876768438799653e-09
9.960000000000000000e+02 1.586632443161392735e-09
9.970000000000000000e+02 1.568097702030504738e-09
9.980000000000000000e+02 1.579067605641693000e-09
9.990000000000000000e+02 1.785994415169371924e-09
1.000000000000000000e+03 1.647164085156784047e-09
1.001000000000000000e+03 1.547465484480190894e-09
1.002000000000000000e+03 1.527857571188427618e-09
1.003000000000000000e+03 1.554073305293550610e-09
1.004000000000000000e+03 1.550500545309151536e-09
1.005000000000000000e+03 1.902415351900237662e-09
1.006000000000000000e+03 1.661879294430414717e-09
1.007000000000000000e+03 1.588161480019956560e-09
1.008000000000000000e+03 1.570568381841825277e-09
1.009000000000000000e+03 1.786925470646436721e-09
1.010000000000000000e+03 1.812848672260585839e-09
1.011000000000000000e+03 1.707811203313257560e-09
1.012000000000000000e+03 1.751385429942194963e-09
1.013000000000000000e+03 1.485769826539840008e-09
1.014000000000000000e+03 1.664202422972948258e-09
1.015000000000000000e+03 1.566594904204662012e-09
1.016000000000000000e+03 1.627169015085306860e-09
1.017000000000000000e+03 1.584861377942421097e-09
1.018000000000000000e+03 1.835919396094398722e-09
1.019000000000000000e+03 1.695925225899466564e-09
1.020000000000000000e+03 1.714885851570770261e-09
1.021000000000000000e+03 1.634349360704384502e-09
1.022000000000000000e+03 1.482576242472763035e-09
1.023000000000000000e+03 1.494782819394348107e-09
1.024000000000000000e+03 1.459667897146249984e-09
1.025000000000000000e+03 1.551639331569500914e-09
1.026000000000000000e+03 1.455431699645216995e-09
1.027000000000000000e+03 1.449234698838342721e-09
1.028000000000000000e+03 1.526748404199264304e-09
1.029000000000000000e+03 1.803943534224472275e-09
1.030000000000000000e+03 1.766725893621169714e-09
1.031000000000000000e+03 2.002628431721732167e-09
1.032000000000000000e+03 1.524833561682272505e-09
1.033000000000000000e+03 1.852372302283571454e-09
1.034000000000000000e+03 1.576290854994537636e-09
1.035000000000000000e+03 1.605503307982101321e-09
1.036000000000000000e+03 1.489763179316503486e-09
1.037000000000000000e+03 1.419629125943408296e-09
1.038000000000000000e+03 1.563629806185937702e-09
1.039000000000000000e+03 1.693089146323893481e-09
1.040000000000000000e+03 1.399337538148615365e-09
1.041000000000000000e+03 1.384847751147007656e-09
1.042000000000000000e+03 1.398999247083106592e-09
1.043000000000000000e+03 1.455834263143716545e-09
1.044000000000000000e+03 1.596360624522737931e-09
1.045000000000000000e+03 1.471330862908729370e-09
1.046000000000000000e+03 1.444199166225170850e-09
1.047000000000000000e+03 1.469232532933228983e-09
1.048000000000000000e+03 1.811780887332435538e-09
1.049000000000000000e+03 1.582270689686493718e-09
1.050000000000000000e+03 1.493887225255348424e-09
1.051000000000000000e+03 1.385299683685015787e-09
1.052000000000000000e+03 1.522911405693350255e-09
1.053000000000000000e+03 1.594341921472322315e-09
1.054000000000000000e+03 1.369351820642974596e-09
1.055000000000000000e+03 1.358211516391831918e-09
1.056000000000000000e+03 1.340063304403476800e-09
1.057000000000000000e+03 1.434854206937133413e-09
1.058000000000000000e+03 1.361656351127105451e-09
1.059000000000000000e+03 1.466771659800407361e-09
1.060000000000000000e+03 1.624805132043485509e-09
1.061000000000000000e+03 1.682675683438740780e-09
1.062000000000000000e+03 1.349628887842335188e-09
1.063000000000000000e+03 1.520644502631174282e-09
1.064000000000000000e+03 1.520539575205723202e-09
1.065000000000000000e+03 1.341828136171410555e-09
1.066000000000000000e+03 1.410972091096290945e-09
1.067000000000000000e+03 1.557952482245051590e-09
1.068000000000000000e+03 1.814214423501553271e-09
1.069000000000000000e+03 1.475058063409861734e-09
1.070000000000000000e+03 1.327654726842359648e-09
1.071000000000000000e+03 1.310118252791115300e-09
1.072000000000000000e+03 1.555449663246436759e-09
1.073000000000000000e+03 1.795140649100854743e-09
1.074000000000000000e+03 1.373562709761326377e-09
1.075000000000000000e+03 1.314725975534942073e-09
1.076000000000000000e+03 1.393825629258201081e-09
1.077000000000000000e+03 1.394742919842005054e-09
1.078000000000000000e+03 1.428075967735346917e-09
1.079000000000000000e+03 1.422600882832821890e-09
1.080000000000000000e+03 1.530906647695821410e-09
1.081000000000000000e+03 1.387600799519390789e-09
1.082000000000000000e+03 1.439303645398613567e-09
1.083000000000000000e+03 1.356633270742595384e-09
1.084000000000000000e+03 1.456568332693392586e-09
1.085000000000000000e+03 1.403828852141974007e-09
1.086000000000000000e+03 1.347422988462110114e-09
1.087000000000000000e+03 1.439911126291288484e-09
1.088000000000000000e+03 1.370834190838643643e-09
1.089000000000000000e+03 1.396783311064296143e-09
1.090000000000000000e+03 1.424881725091357215e-09
1.091000000000000000e+03 1.629806719430988504e-09
1.092000000000000000e+03 1.248574802615921093e-09
1.093000000000000000e+03 1.289863504264017426e-09
1.094000000000000000e+03 1.319450573857427627e-09
1.095000000000000000e+03 1.401849789423182111e-09
1.096000000000000000e+03 1.337004880315392448e-09
1.097000000000000000e+03 1.296211783879666790e-09
1.098000000000000000e+03 1.267697408835838949e-09
1.099000000000000000e+03 1.646308628154282712e-09
1.100000000000000000e+03 1.288226580540151703e-09
1.101000000000000000e+03 1.806700093193512077e-09
1.102000000000000000e+03 1.364044431633120532e-09
1.103000000000000000e+03 1.359698282097256843e-09
1.104000000000000000e+03 1.718874697773183189e-09
1.105000000000000000e+03 1.425935527941814247e-09
1.106000000000000000e+03 1.311793627654305533e-09
1.107000000000000000e+03 1.330578750343043365e-09
1.108000000000000000e+03 1.314766161903325070e-09
1.109000000000000000e+03 1.532466464451013931e-09
1.110000000000000000e+03 1.532179644795728521e-09
1.111000000000000000e+03 1.377672304138564691e-09
1.112000000000000000e+03 1.282415992715549710e-09
1.113000000000000000e+03 1.322012629059840370e-09
1.114000000000000000e+03 1.253147997216996472e-09
1.115000000000000000e+03 1.304008071352572871e-09
1.116000000000000000e+03 1.330006215901441615e-09
1.117000000000000000e+03 1.377296169545719945e-09
1.118000000000000000e+03 1.274009331728185380e-09
1.119000000000000000e+03 1.591422399591266082e-09
1.120000000000000000e+03 1.330339844763062604e-09
1.121000000000000000e+03 1.261580950995426868e-09
1.122000000000000000e+03 1.299329143167101886e-09
1.123000000000000000e+03 1.354350042670677878e-09
1.124000000000000000e+03 1.289789678652320713e-09
1.125000000000000000e+03 1.286858849103023423e-09
1.126000000000000000e+03 1.234318121097679255e-09
1.127000000000000000e+03 1.368289961424803783e-09
1.128000000000000000e+03 1.437900339986488866e-09
1.129000000000000000e+03 1.584927137915234476e-09
1.130000000000000000e+03 1.433931202815296187e-09
1.131000000000000000e+03 1.244680213233080911e-09
1.132000000000000000e+03 1.310713701087728502e-09
1.133000000000000000e+03 1.312414638502911463e-09
1.134000000000000000e+03 1.204358086780932282e-09
1.135000000000000000e+03 1.307791751337253088e-09
1.136000000000000000e+03 1.198146523387143981e-09
1.137000000000000000e+03 1.299876772780351060e-09
1.138000000000000000e+03 1.516778304335886057e-09
1.139000000000000000e+03 1.460278630589793575e-09
1.140000000000000000e+03 1.413454223318149306e-09
1.141000000000000000e+03 1.259965579481053871e-09
1.142000000000000000e+03 1.178881112180911677e-09
1.143000000000000000e+03 1.207734090656595442e-09
1.144000000000000000e+03 1.253382101422702383e-09
1.145000000000000000e+03 1.342767983243710607e-09
1.146000000000000000e+03 1.321132759979415670e-09
1.147000000000000000e+03 1.265963234494239726e-09
1.148000000000000000e+03 1.324178188667322980e-09
1.149000000000000000e+03 1.557764881669901705e-09
1.150000000000000000e+03 1.227986240561966673e-09
1.151000000000000000e+03 1.164057979306590734e-09
1.152000000000000000e+03 1.261568898665764991e-09
1.153000000000000000e+03 1.270973328842086474e-09
1.154000000000000000e+03 1.213165783472586597e-09
1.155000000000000000e+03 1.304821181905708669e-09
1.156000000000000000e+03 1.617923753877229301e-09
1.157000000000000000e+03 1.249814812343847256e-09
1.158000000000000000e+03 1.251347500073718600e-09
1.159000000000000000e+03 1.201501599378184894e-09
1.160000000000000000e+03 1.254989236187427313e-09
1.161000000000000000e+03 1.207834105874880748e-09
1.162000000000000000e+03 1.217771543725478437e-09
1.163000000000000000e+03 1.235512292402866490e-09
1.164000000000000000e+03 1.232084934136413629e-09
1.165000000000000000e+03 1.281524299014139326e-09
1.166000000000000000e+03 1.263356629947747776e-09
1.167000000000000000e+03 1.223207432743223201e-09
1.168000000000000000e+03 1.235145573791509242e-09
1.169000000000000000e+03 1.159229024160619339e-09
1.170000000000000000e+03 1.438840134232396707e-09
1.171000000000000000e+03 1.235778336899892392e-09
1.172000000000000000e+03 1.351820785021653596e-09
1.173000000000000000e+03 1.275110758323447203e-09
1.174000000000000000e+03 1.134089977371451906e-09
1.175000000000000000e+03 1.220932608766690546e-09
1.176000000000000000e+03 1.293515376675081345e-09
1.177000000000000000e+03 1.201781439370750229e-09
1.178000000000000000e+03 1.386167931281079702e-09
1.179000000000000000e+03 1.154994084746289498e-09
1.180000000000000000e+03 1.176855783887036290e-09
1.181000000000000000e+03 1.131421848421516029e-09
1.182000000000000000e+03 1.166039801986394393e-09
1.183000000000000000e+03 1.197349390013295045e-09
1.184000000000000000e+03 1.199320765351628840e-09
1.185000000000000000e+03 1.242843452914852011e-09
1.186000000000000000e+03 1.228411921507780656e-09
1.187000000000000000e+03 1.128204816535641510e-09
1.188000000000000000e+03 1.196664933369128681e-09
1.189000000000000000e+03 1.283079003522015490e-09
1.190000000000000000e+03 1.350488703388514314e-09
1.191000000000000000e+03 1.187975265707328104e-09
1.192000000000000000e+03 1.188665688207160698e-09
1.193000000000000000e+03 1.191209492107783036e-09
1.194000000000000000e+03 1.193658180728822376e-09
1.195000000000000000e+03 1.159630501936274521e-09
1.196000000000000000e+03 1.356379197184417172e-09
1.197000000000000000e+03 1.241233848268046804e-09
1.198000000000000000e+03 1.159057870144387840e-09
1.199000000000000000e+03 1.113039825807669759e-09
1.200000000000000000e+03 1.275992966819557186e-09
1.201000000000000000e+03 1.161391028773210601e-09
1.202000000000000000e+03 1.128016387456751363e-09
1.203000000000000000e+03 1.359920385638173930e-09
1.204000000000000000e+03 1.133116268880655723e-09
1.205000000000000000e+03 1.119289419737649608e-09
1.206000000000000000e+03 1.173845933469644338e-09
1.207000000000000000e+03 1.150587213254577724e-09
1.208000000000000000e+03 1.259137718784614876e-09
1.209000000000000000e+03 1.103399799400534014e-09
1.210000000000000000e+03 1.090519513324562093e-09
1.211000000000000000e+03 1.085291216756371224e-09
1.212000000000000000e+03 1.185852714125875225e-09
1.213000000000000000e+03 1.196311468802547610e-09
1.214000000000000000e+03 1.104117682253432425e-09
1.215000000000000000e+03 1.080845796252008404e-09
1.216000000000000000e+03 1.077044989053474113e-09
1.217000000000000000e+03 1.144662692673726959e-09
1.218000000000000000e+03 1.154582776336352687e-09
1.219000000000000000e+03 1.120741815807678091e-09
1.220000000000000000e+03 1.213892219968714165e-09
1.221000000000000000e+03 1.150746953235315797e-09
1.222000000000000000e+03 1.233379828882690546e-09
1.223000000000000000e+03 1.149210566446199507e-09
1.224000000000000000e+03 1.256729979710976245e-09
1.225000000000000000e+03 1.059005054421506732e-09
1.226000000000000000e+03 1.128872486281442414e-09
1.227000000000000000e+03 1.109062241960109870e-09
1.228000000000000000e+03 1.059168487965396739e-09
1.229000000000000000e+03 1.162603537534905148e-09
1.230000000000000000e+03 1.172566488909928870e-09
1.231000000000000000e+03 1.091752606193591641e-09
1.232000000000000000e+03 1.626514408000889335e-09
1.233000000000000000e+03 1.151962762759277563e-09
1.234000000000000000e+03 1.184738568425238597e-09
1.235000000000000000e+03 1.071750702511585825e-09
1.236000000000000000e+03 1.056226515143640603e-09
1.237000000000000000e+03 1.079235549507067890e-09
1.238000000000000000e+03 1.032574968598258178e-09
1.239000000000000000e+03 1.113129964487799022e-09
1.240000000000000000e+03 1.026095334865854264e-09
1.241000000000000000e+03 1.112351319814317264e-09
1.242000000000000000e+03 1.118841375093502076e-09
1.243000000000000000e+03 1.267548567206649815e-09
1.244000000000000000e+03 1.162341187234903406e-09
1.245000000000000000e+03 1.066649050935103012e-09
1.246000000000000000e+03 1.051361647260844223e-09
1.247000000000000000e+03 1.021167340322779152e-09
1.248000000000000000e+03 1.025152000738686285e-09
1.249000000000000000e+03 1.072113794368028617e-09
1.250000000000000000e+03 1.032204369852843990e-09
1.251000000000000000e+03 1.072492003075199336e-09
1.252000000000000000e+03 1.039016674330348254e-09
1.253000000000000000e+03 1.047816912689797682e-09
1.254000000000000000e+03 1.033665225106443810e-09
1.255000000000000000e+03 1.170303127056443738e-09
1.256000000000000000e+03 1.149802773911516708e-09
1.257000000000000000e+03 1.151401533495800891e-09
1.258000000000000000e+03 1.386964213593321668e-09
1.259000000000000000e+03 1.048410790722214603e-09
1.260000000000000000e+03 9.882211225977019331e-10
1.261000000000000000e+03 1.037520918799207459e-09
1.262000000000000000e+03 1.129639576569648943e-09
1.263000000000000000e+03 1.081201304727762526e-09
1.264000000000000000e+03 1.060912895188496866e-09
1.265000000000000000e+03 9.960012874304323223e-10
1.266000000000000000e+03 1.003040375147984677e-09
1.267000000000000000e+03 1.033963507856388468e-09
1.268000000000000000e+03 1.056317490505132435e-09
1.269000000000000000e+03 1.110468098748415976e-09
1.270000000000000000e+03 1.033732581895380172e-09
1.271000000000000000e+03 9.925118854649534034e-10
1.272000000000000000e+03 1.116783001249797392e-09
1.273000000000000000e+03 1.093892143970590866e-09
1.274000000000000000e+03 1.021064690068782543e-09
1.275000000000000000e+03 1.125291985383694139e-09
1.276000000000000000e+03 1.150337918314683835e-09
1.277000000000000000e+03 9.939262858236278658e-10
1.278000000000000000e+03 1.049517233687674338e-09
1.279000000000000000e+03 1.047479583828726002e-09
1.280000000000000000e+03 1.071844989557143414e-09
1.281000000000000000e+03 9.705344925786577032e-10
1.282000000000000000e+03 9.907853567302189977e-10
1.283000000000000000e+03 1.021377311313119499e-09
1.284000000000000000e+03 1.182528987543828927e-09
1.285000000000000000e+03 1.010667924613996111e-09
1.286000000000000000e+03 1.003167166666303073e-09
1.287000000000000000e+03 1.074232036713780492e-09
1.288000000000000000e+03 9.824400628551218617e-10
1.289000000000000000e+03 1.051885704616265092e-09
1.290000000000000000e+03 9.577974951997275657e-10
1.291000000000000000e+03 9.638553969175439150e-10
1.292000000000000000e+03 9.633703716497713525e-10
1.293000000000000000e+03 9.830848914053562326e-10
1.294000000000000000e+03 1.025610521596024703e-09
1.295000000000000000e+03 9.833928496898272584e-10
1.296000000000000000e+03 1.070241970690689096e-09
1.297000000000000000e+03 1.096116022845001885e-09
1.298000000000000000e+03 9.423551011982550038e-10
1.299000000000000000e+03 9.431439500512743722e-10
1.300000000000000000e+03 9.904438220125060304e-10
1.301000000000000000e+03 1.075138063228443655e-09
1.302000000000000000e+03 1.001758975633245995e-09
1.303000000000000000e+03 9.701011965704797741e-10
1.304000000000000000e+03 9.925415400400535348e-10
1.305000000000000000e+03 1.160094676193025344e-09
1.306000000000000000e+03 1.157054991530653830e-09
1.307000000000000000e+03 1.204559184596421902e-09
1.308000000000000000e+03 1.074134990319907749e-09
1.309000000000000000e+03 9.839648143600221745e-10
1.310000000000000000e+03 1.000640680797744460e-09
1.311000000000000000e+03 1.093967678596200160e-09
1.312000000000000000e+03 9.526814232143938545e-10
1.313000000000000000e+03 9.319172198331008499e-10
1.314000000000000000e+03 1.028770966135924135e-09
1.315000000000000000e+03 1.025682863952698729e-09
1.316000000000000000e+03 9.222013869074954984e-10
1.317000000000000000e+03 9.150561879565703695e-10
1.318000000000000000e+03 9.915617057765961214e-10
1.319000000000000000e+03 1.013074880998144909e-09
1.320000000000000000e+03 9.991432540268346741e-10
1.321000000000000000e+03 9.408297535423871901e-10
1.322000000000000000e+03 9.933173011137323199e-10
1.323000000000000000e+03 9.361963221219177032e-10
1.324000000000000000e+03 9.187031446454716213e-10
1.325000000000000000e+03 9.741291430327248712e-10
1.326000000000000000e+03 9.612446480063691115e-10
1.327000000000000000e+03 1.154499591574254912e-09
1.328000000000000000e+03 1.016309759189333578e-09
1.329000000000000000e+03 9.587231161678263010e-10
1.330000000000000000e+03 9.178127719424907646e-10
1.331000000000000000e+03 9.712044209700323873e-10
1.332000000000000000e+03 1.011838420958813467e-09
1.333000000000000000e+03 9.950393629142687105e-10
1.334000000000000000e+03 9.349914795705125962e-10
1.335000000000000000e+03 1.029753429875444656e-09
1.336000000000000000e+03 1.030067032233271792e-09
1.337000000000000000e+03 1.002848647587368811e-09
1.338000000000000000e+03 9.426235375486099806e-10
1.339000000000000000e+03 9.562967634306275078e-10
1.340000000000000000e+03 1.040880882996813547e-09
1.341000000000000000e+03 9.384939036632755682e-10
1.342000000000000000e+03 9.507604689005454003e-10
1.343000000000000000e+03 1.078144340038350429e-09
1.344000000000000000e+03 1.004924775616671162e-09
1.345000000000000000e+03 9.917691006039718192e-10
1.346000000000000000e+03 9.180533394206642456e-10
1.347000000000000000e+03 9.590341351365053367e-10
1.348000000000000000e+03 1.036701253888284823e-09
1.349000000000000000e+03 9.244439885779819748e-10
1.350000000000000000e+03 9.826742637339818269e-10
1.351000000000000000e+03 9.283267203688859581e-10
1.352000000000000000e+03 9.382557620432979894e-10
1.353000000000000000e+03 1.026190550626676498e-09
1.354000000000000000e+03 9.420135717975880833e-10
1.355000000000000000e+03 9.223210128982291361e-10
1.356000000000000000e+03 9.219600755957750908e-10
1.357000000000000000e+03 9.625402815501026297e-10
1.358000000000000000e+03 9.688238895912134724e-10
1.359000000000000000e+03 1.002702524276951335e-09
1.360000000000000000e+03 1.073172189456973673e-09
1.361000000000000000e+03 9.349487436220366845e-10
1.362000000000000000e+03 9.400144577994830133e-10
1.363000000000000000e+03 1.001329074823492695e-09
1.364000000000000000e+03 1.002722645609091469e-09
1.365000000000000000e+03 9.330294848026304812e-10
1.366000000000000000e+03 8.895232382888842629e-10
1.367000000000000000e+03 9.100755335704801015e-10
1.368000000000000000e+03 9.305562876683734363e-10
1.369000000000000000e+03 8.987186792747830335e-10
1.370000000000000000e+03 9.577409195420444892e-10
1.371000000000000000e+03 9.153182498857459462e-10
1.372000000000000000e+03 8.994311604237895081e-10
1.373000000000000000e+03 9.812340357109654752e-10
1.374000000000000000e+03 9.983264101581419798e-10
1.375000000000000000e+03 9.291116193762541084e-10
1.376000000000000000e+03 9.030211276758259843e-10
1.377000000000000000e+03 9.149892266575890102e-10
1.378000000000000000e+03 9.442892921059040197e-10
1.379000000000000000e+03 9.230873731336602545e-10
1.380000000000000000e+03 9.661256703401008897e-10
1.381000000000000000e+03 8.792475488404017449e-10
1.382000000000000000e+03 8.961923530139957319e-10
1.383000000000000000e+03 9.039663383608526567e-10
1.384000000000000000e+03 8.821299631650568535e-10
1.385000000000000000e+03 8.975350361988776264e-10
1.386000000000000000e+03 9.170997306491577002e-10
1.387000000000000000e+03 8.977659337310720386e-10
1.388000000000000000e+03 9.318797573946611308e-10
1.389000000000000000e+03 1.037578477610448608e-09
1.390000000000000000e+03 1.035677583692486339e-09
1.391000000000000000e+03 9.507864895384527184e-10
1.392000000000000000e+03 9.360328506508232260e-10
1.393000000000000000e+03 9.125519160135533667e-10
1.394000000000000000e+03 8.972468976325908089e-10
1.395000000000000000e+03 8.752643514102813980e-10
1.396000000000000000e+03 8.820622832145675572e-10
1.397000000000000000e+03 9.095305584045999753e-10
1.398000000000000000e+03 8.738856048387636114e-10
1.399000000000000000e+03 8.567288766470359730e-10
1.400000000000000000e+03 9.683867321255490632e-10
1.401000000000000000e+03 8.646089322054766832e-10
1.402000000000000000e+03 9.022619173068840938e-10
1.403000000000000000e+03 8.889981300015419416e-10
1.404000000000000000e+03 9.222774817265117303e-10
1.405000000000000000e+03 8.930107461709594707e-10
1.406000000000000000e+03 9.573343312988955529e-10
1.407000000000000000e+03 9.052501065563126162e-10
1.408000000000000000e+03 9.183004723658891130e-10
1.409000000000000000e+03 8.793019310413915106e-10
1.410000000000000000e+03 8.844915389214831927e-10
1.411000000000000000e+03 8.655486043127874091e-10
1.412000000000000000e+03 8.740997617868155646e-10
1.413000000000000000e+03 8.860543215078879779e-10
1.414000000000000000e+03 9.632058858432039256e-10
1.415000000000000000e+03 9.165942101884895156e-10
1.416000000000000000e+03 8.807081456091170465e-10
1.417000000000000000e+03 9.608146531583215220e-10
1.418000000000000000e+03 9.201842357310248642e-10
1.419000000000000000e+03 9.046952848596721952e-10
1.420000000000000000e+03 9.388789682074236472e-10
1.421000000000000000e+03 9.296264950549454967e-10
1.422000000000000000e+03 8.736520453076282503e-10
1.423000000000000000e+03 9.106712356913615268e-10
1.424000000000000000e+03 8.720351006239808092e-10
1.425000000000000000e+03 8.651648610311956912e-10
1.426000000000000000e+03 9.281832205264975304e-10
1.427000000000000000e+03 8.713057012926709574e-10
1.428000000000000000e+03 1.066501337903989842e-09
1.429000000000000000e+03 9.511723190753273940e-10
1.430000000000000000e+03 9.223080241086012039e-10
1.431000000000000000e+03 8.937865959478713327e-10
1.432000000000000000e+03 8.523724762600095758e-10
1.433000000000000000e+03 9.866465469362068006e-10
1.434000000000000000e+03 8.752676742515056680e-10
1.435000000000000000e+03 9.214661112150032752e-10
1.436000000000000000e+03 8.382979506249111282e-10
1.437000000000000000e+03 9.409458428647676050e-10
1.438000000000000000e+03 9.743614155450509468e-10
1.439000000000000000e+03 9.225816719414020252e-10
1.440000000000000000e+03 8.728600361521635112e-10
1.441000000000000000e+03 8.814011843137868681e-10
1.442000000000000000e+03 9.541227930319954108e-10
1.443000000000000000e+03 8.429440503307020892e-10
1.444000000000000000e+03 8.841822653569625548e-10
1.445000000000000000e+03 9.135693035495216170e-10
1.446000000000000000e+03 8.706748993719220337e-10
1.447000000000000000e+03 8.732456737513547614e-10
1.448000000000000000e+03 8.937110503408510748e-10
1.449000000000000000e+03 1.144732038198128095e-09
1.450000000000000000e+03 8.980404603215786791e-10
1.451000000000000000e+03 8.676336035253517894e-10
1.452000000000000000e+03 8.830766729149971635e-10
1.453000000000000000e+03 8.526913779540492237e-10
1.454000000000000000e+03 8.508612850061145527e-10
1.455000000000000000e+03 8.259789968553531330e-10
1.456000000000000000e+03 8.560863922592451491e-10
1.457000000000000000e+03 8.511584709882684468e-10
1.458000000000000000e+03 8.590249323248367481e-10
1.459000000000000000e+03 9.376595324188930615e-10
1.460000000000000000e+03 8.520519448151861883e-10
1.461000000000000000e+03 8.301059333875950583e-10
1.462000000000000000e+03 1.040653921959754454e-09
1.463000000000000000e+03 8.547268881106556904e-10
1.464000000000000000e+03 8.453605338468316125e-10
1.465000000000000000e+03 8.700114261736466769e-10
1.466000000000000000e+03 9.535822666664949179e-10
1.467000000000000000e+03 9.469914792876347764e-10
1.468000000000000000e+03 8.578207131660801166e-10
1.469000000000000000e+03 8.337066845559047478e-10
1.470000000000000000e+03 8.388246831844290169e-10
1.471000000000000000e+03 8.511829144560245328e-10
1.472000000000000000e+03 8.317126543137647122e-10
1.473000000000000000e+03 9.137933143953571185e-10
1.474000000000000000e+03 1.091644456552592015e-09
1.475000000000000000e+03 8.338294416267924239e-10
1.476000000000000000e+03 8.926941269621231991e-10
1.477000000000000000e+03 8.279374553510689684e-10
1.478000000000000000e+03 8.256888490007105177e-10
1.479000000000000000e+03 8.576784589136118422e-10
1.480000000000000000e+03 8.969805064211436629e-10
1.481000000000000000e+03 8.171245219920849456e-10
1.482000000000000000e+03 8.749007703960273650e-10
1.483000000000000000e+03 9.116801540546647712e-10
1.484000000000000000e+03 8.561681476473959549e-10
1.485000000000000000e+03 8.312553838230602299e-10
1.486000000000000000e+03 8.599624615852968080e-10
1.487000000000000000e+03 8.586294352181170091e-10
1.488000000000000000e+03 9.676078200105770958e-10
1.489000000000000000e+03 8.356316727687993647e-10
1.490000000000000000e+03 8.858148662646216631e-10
1.491000000000000000e+03 8.405575148270208533e-10
1.492000000000000000e+03 8.417933810768083231e-10
1.493000000000000000e+03 8.648965748892372336e-10
1.494000000000000000e+03 8.720575228510873622e-10
1.495000000000000000e+03 8.177823905709015916e-10
1.496000000000000000e+03 8.349972904994954281e-10
1.497000000000000000e+03 8.386966572094969177e-10
1.498000000000000000e+03 8.126329817667122602e-10
1.499000000000000000e+03 8.247888904183651238e-10
1.500000000000000000e+03 8.886210431762831402e-10
1.501000000000000000e+03 8.851535887931143856e-10
1.502000000000000000e+03 8.453020355707617925e-10
1.503000000000000000e+03 8.557076935295796561e-10
1.504000000000000000e+03 8.314938931063046844e-10
1.505000000000000000e+03 8.596516453515729683e-10
1.506000000000000000e+03 9.574442662953400541e-10
1.507000000000000000e+03 9.710162104827327771e-10
1.508000000000000000e+03 8.564917042270026666e-10
1.509000000000000000e+03 8.560655873096278578e-10
1.510000000000000000e+03 8.122925827690444960e-10
1.511000000000000000e+03 8.461401067273038607e-10
1.512000000000000000e+03 8.063449602312723561e-10
1.513000000000000000e+03 8.415603121635172306e-10
1.514000000000000000e+03 8.418077506988119193e-10
1.515000000000000000e+03 8.514529228231414485e-10
1.516000000000000000e+03 8.711175532617294214e-10
1.517000000000000000e+03 8.121748693631930201e-10
1.518000000000000000e+03 8.127410701326635756e-10
1.519000000000000000e+03 8.024321123032204948e-10
1.520000000000000000e+03 8.082012330664136003e-10
1.521000000000000000e+03 8.209620319510674698e-10
1.522000000000000000e+03 8.241069572058764972e-10
1.523000000000000000e+03 7.950367473658134314e-10
1.524000000000000000e+03 8.352717935087765603e-10
1.525000000000000000e+03 8.036100446727817974e-10
1.526000000000000000e+03 8.628052328678244209e-10
1.527000000000000000e+03 9.087240614204165906e-10
1.528000000000000000e+03 8.460188971904607850e-10
1.529000000000000000e+03 8.667151471728377896e-10
1.530000000000000000e+03 8.445080685219764115e-10
1.531000000000000000e+03 8.809906072233757505e-10
1.532000000000000000e+03 8.742979300588351359e-10
1.533000000000000000e+03 9.035124331267596568e-10
1.534000000000000000e+03 8.771030747148729612e-10
1.535000000000000000e+03 8.366535660646764292e-10
1.536000000000000000e+03 8.040499870333273692e-10
1.537000000000000000e+03 8.735403036993792330e-10
1.538000000000000000e+03 8.526114064208232903e-10
1.539000000000000000e+03 8.012419845839453862e-10
1.540000000000000000e+03 8.073533665810997057e-10
1.541000000000000000e+03 8.067694346237053675e-10
1.542000000000000000e+03 9.191826056782449310e-10
1.543000000000000000e+03 8.682652075818601133e-10
1.544000000000000000e+03 8.447550515405273802e-10
1.545000000000000000e+03 7.955696132943784081e-10
1.546000000000000000e+03 7.931633609592464648e-10
1.547000000000000000e+03 8.058760241836333130e-10
1.548000000000000000e+03 8.222599790192892122e-10
1.549000000000000000e+03 8.186967053566401411e-10
1.550000000000000000e+03 7.902384361296986678e-10
1.551000000000000000e+03 8.299874911209716237e-10
1.552000000000000000e+03 8.128987140918355299e-10
1.553000000000000000e+03 8.299311334167437757e-10
1.554000000000000000e+03 8.017189283470864325e-10
1.555000000000000000e+03 7.933287842732211794e-10
1.556000000000000000e+03 8.187069444822377695e-10
1.557000000000000000e+03 8.066072848676416640e-10
1.558000000000000000e+03 8.235948743595588739e-10
1.559000000000000000e+03 8.262770034698989436e-10
1.560000000000000000e+03 8.282603589305164134e-10
1.561000000000000000e+03 8.522110170067657774e-10
1.562000000000000000e+03 7.940324957552607183e-10
1.563000000000000000e+03 8.355064909418269360e-10
1.564000000000000000e+03 8.666819785212714287e-10
1.565000000000000000e+03 8.345436438718401041e-10
1.566000000000000000e+03 8.698539263570529294e-10
1.567000000000000000e+03 8.062835853151393488e-10
1.568000000000000000e+03 8.140572881701458978e-10
1.569000000000000000e+03 8.842764664279670002e-10
1.570000000000000000e+03 8.120720904318030379e-10
1.571000000000000000e+03 7.869262801204426298e-10
1.572000000000000000e+03 8.101151976255843698e-10
1.573000000000000000e+03 7.911191654512728876e-10
1.574000000000000000e+03 9.514259974274069370e-10
1.575000000000000000e+03 8.520889262594876067e-10
1.576000000000000000e+03 8.822536423382462493e-10
1.577000000000000000e+03 7.926648619540501766e-10
1.578000000000000000e+03 8.551649434396149468e-10
1.579000000000000000e+03 7.800492225385169519e-10
1.580000000000000000e+03 7.998067978619948168e-10
1.581000000000000000e+03 8.649680947097518924e-10
1.582000000000000000e+03 7.911987529648916270e-10
1.583000000000000000e+03 7.816537428353660673e-10
1.584000000000000000e+03 8.214644197894890659e-10
1.585000000000000000e+03 8.011074764703958009e-10
1.586000000000000000e+03 8.302591123725174174e-10
1.587000000000000000e+03 9.265156378461472483e-10
1.588000000000000000e+03 8.079939790304548475e-10
1.589000000000000000e+03 8.128739108742558248e-10
1.590000000000000000e+03 7.944878656104615827e-10
1.591000000000000000e+03 7.872198449669157007e-10
1.592000000000000000e+03 8.226328305046868532e-10
1.593000000000000000e+03 7.912595506177836420e-10
1.594000000000000000e+03 8.311352082577549184e-10
1.595000000000000000e+03 8.390126230520871512e-10
1.596000000000000000e+03 7.957355976606734928e-10
1.597000000000000000e+03 7.714972190650137616e-10
1.598000000000000000e+03 8.721760750261132348e-10
1.599000000000000000e+03 8.238758547441264577e-10
1.600000000000000000e+03 8.306705187842135826e-10
1.601000000000000000e+03 8.369945806905128532e-10
1.602000000000000000e+03 8.036181471866289642e-10
1.603000000000000000e+03 8.148233142294187728e-10
1.604000000000000000e+03 8.193162551733451945e-10
1.605000000000000000e+03 7.972947885468443388e-10
1.606000000000000000e+03 8.194215084332008625e-10
1.607000000000000000e+03 8.117987418194423841e-10
1.608000000000000000e+03 8.651995396637125019e-10
1.609000000000000000e+03 8.414939619593267084e-10
1.610000000000000000e+03 7.855218250599568996e-10
1.611000000000000000e+03 8.262031057117209621e-10
1.612000000000000000e+03 7.718041807445066721e-10
1.613000000000000000e+03 8.013073398061283412e-10
1.614000000000000000e+03 8.027136600038300329e-10
1.615000000000000000e+03 8.409940231615689090e-10
1.616000000000000000e+03 8.818886774555308674e-10
1.617000000000000000e+03 7.786182820823101826e-10
1.618000000000000000e+03 8.211964574965771320e-10
1.619000000000000000e+03 8.076378991661693384e-10
1.620000000000000000e+03 7.821833012131831003e-10
1.621000000000000000e+03 7.988749065172201443e-10
1.622000000000000000e+03 8.619391778124040210e-10
1.623000000000000000e+03 8.039902260348386197e-10
1.624000000000000000e+03 7.910229647252119429e-10
1.625000000000000000e+03 7.852600172354143498e-10
1.626000000000000000e+03 7.643044533999167443e-10
1.627000000000000000e+03 7.885574322146467832e-10
1.628000000000000000e+03 7.909842525720043801e-10
1.629000000000000000e+03 7.754722114101754739e-10
1.630000000000000000e+03 7.794211952673060323e-10
1.631000000000000000e+03 8.093142230804175521e-10
1.632000000000000000e+03 8.269593566818496025e-10
1.633000000000000000e+03 8.184597279324252714e-10
1.634000000000000000e+03 7.692926753831422661e-10
1.635000000000000000e+03 7.612644016648721803e-10
1.636000000000000000e+03 8.353437598351975303e-10
1.637000000000000000e+03 7.748439186266277615e-10
1.638000000000000000e+03 7.862999055199344601e-10
1.639000000000000000e+03 8.162673400954988855e-10
1.640000000000000000e+03 7.827739667043012818e-10
1.641000000000000000e+03 7.846836765727832838e-10
1.642000000000000000e+03 7.726871616281678384e-10
1.643000000000000000e+03 7.530111179096549249e-10
1.644000000000000000e+03 7.752431112182871175e-10
1.645000000000000000e+03 7.899367026183384304e-10
1.646000000000000000e+03 8.000178567990662915e-10
1.647000000000000000e+03 8.073225004363690307e-10
1.648000000000000000e+03 7.685287119494630522e-10
1.649000000000000000e+03 7.581166826324142673e-10
1.650000000000000000e+03 7.878175874901320776e-10
1.651000000000000000e+03 8.251390588209194424e-10
1.652000000000000000e+03 7.937391619731633252e-10
1.653000000000000000e+03 7.764599655086013819e-10
1.654000000000000000e+03 7.850648596929994786e-10
1.655000000000000000e+03 8.023342977146432611e-10
1.656000000000000000e+03 8.464515632731573328e-10
1.657000000000000000e+03 7.710686957501383374e-10
1.658000000000000000e+03 7.922697784353570043e-10
1.659000000000000000e+03 7.944946278735087529e-10
1.660000000000000000e+03 7.962974779938374889e-10
1.661000000000000000e+03 7.860596706978839603e-10
1.662000000000000000e+03 7.512835707482200146e-10
1.663000000000000000e+03 7.762945182573936870e-10
1.664000000000000000e+03 8.196857876857912700e-10
1.665000000000000000e+03 7.676005110791541101e-10
1.666000000000000000e+03 7.906794620039527502e-10
1.667000000000000000e+03 7.731109290689548030e-10
1.668000000000000000e+03 8.401465144335255455e-10
1.669000000000000000e+03 7.930439711991261876e-10
1.670000000000000000e+03 8.844915021442185925e-10
1.671000000000000000e+03 7.810433229341866774e-10
1.672000000000000000e+03 8.110403673042292584e-10
1.673000000000000000e+03 8.166913701745798823e-10
1.674000000000000000e+03 7.705679013788375064e-10
1.675000000000000000e+03 7.567108324168253376e-10
1.676000000000000000e+03 7.716609000138467742e-10
1.677000000000000000e+03 7.707590997730441355e-10
1.678000000000000000e+03 7.610313785443904783e-10
1.679000000000000000e+03 8.125468108006106488e-10
1.680000000000000000e+03 8.163422976010528751e-10
1.681000000000000000e+03 7.858386356915531497e-10
1.682000000000000000e+03 7.703570095478930970e-10
1.683000000000000000e+03 8.591633344471524177e-10
1.684000000000000000e+03 8.669282862608467318e-10
1.685000000000000000e+03 8.400679197737099722e-10
1.686000000000000000e+03 8.079283653836789142e-10
1.687000000000000000e+03 7.521039837618384087e-10
1.688000000000000000e+03 8.046521353854552114e-10
1.689000000000000000e+03 7.606970442981249857e-10
1.690000000000000000e+03 7.879150158717616437e-10
1.691000000000000000e+03 7.405191471007416525e-10
1.692000000000000000e+03 7.760532540909487176e-10
1.693000000000000000e+03 8.231329130201489824e-10
1.694000000000000000e+03 8.172993774601852416e-10
1.695000000000000000e+03 8.110931580079581638e-10
1.696000000000000000e+03 7.717704809828779049e-10
1.697000000000000000e+03 8.081752438617722928e-10
1.698000000000000000e+03 7.568105996094240095e-10
1.699000000000000000e+03 7.902555243773228771e-10
1.700000000000000000e+03 7.674568587287158637e-10
1.701000000000000000e+03 7.533874051986691798e-10
1.702000000000000000e+03 8.364590624650890856e-10
1.703000000000000000e+03 7.891111479822423384e-10
1.704000000000000000e+03 7.937288771130557890e-10
1.705000000000000000e+03 7.630325906988772059e-10
1.706000000000000000e+03 7.818091103738495279e-10
1.707000000000000000e+03 7.694416880611746330e-10
1.708000000000000000e+03 7.961184764524753548e-10
1.709000000000000000e+03 7.714477393673937967e-10
1.710000000000000000e+03 7.554772973702420051e-10
1.711000000000000000e+03 7.849800845991160963e-10
1.712000000000000000e+03 7.680542450879716286e-10
1.713000000000000000e+03 7.491828448228450536e-10
1.714000000000000000e+03 7.346241594429258229e-10
1.715000000000000000e+03 7.603516381620278722e-10
1.716000000000000000e+03 8.156122922111747577e-10
1.717000000000000000e+03 8.013752794138547953e-10
1.718000000000000000e+03 7.721702929266106899e-10
1.719000000000000000e+03 7.890051896083871847e-10
1.720000000000000000e+03 7.422534559245201057e-10
1.721000000000000000e+03 7.413848530169433536e-10
1.722000000000000000e+03 7.474153513519008311e-10
1.723000000000000000e+03 7.772435398135466115e-10
1.724000000000000000e+03 7.559028069964450040e-10
1.725000000000000000e+03 7.387585984908510646e-10
1.726000000000000000e+03 7.402055887594130992e-10
1.727000000000000000e+03 7.604885365202301825e-10
1.728000000000000000e+03 7.818984678182147337e-10
1.729000000000000000e+03 7.522566496313551860e-10
1.730000000000000000e+03 7.689697972218242889e-10
1.731000000000000000e+03 7.768840615219800682e-10
1.732000000000000000e+03 7.785273381947329472e-10
1.733000000000000000e+03 7.479787679069882427e-10
1.734000000000000000e+03 7.662232727209556745e-10
1.735000000000000000e+03 7.453488949346952849e-10
1.736000000000000000e+03 7.609697971039108576e-10
1.737000000000000000e+03 7.396129192499429916e-10
1.738000000000000000e+03 7.495350862888530702e-10
1.739000000000000000e+03 7.909881403203568788e-10
1.740000000000000000e+03 7.867002289799494823e-10
1.741000000000000000e+03 7.564579011826956477e-10
1.742000000000000000e+03 7.830699490151078397e-10
1.743000000000000000e+03 7.607201386307302318e-10
1.744000000000000000e+03 7.570528026530059870e-10
1.745000000000000000e+03 7.474002494718477648e-10
1.746000000000000000e+03 7.900229300799217264e-10
1.747000000000000000e+03 8.109897622029113986e-10
1.748000000000000000e+03 7.661482812463048357e-10
1.749000000000000000e+03 7.756787812539377702e-10
1.750000000000000000e+03 7.386115370339507991e-10
1.751000000000000000e+03 7.888950588403780349e-10
1.752000000000000000e+03 7.869504802500950853e-10
1.753000000000000000e+03 7.567239354780604550e-10
1.754000000000000000e+03 7.418740017498638554e-10
1.755000000000000000e+03 7.449122997416777753e-10
1.756000000000000000e+03 7.728601566804408077e-10
1.757000000000000000e+03 7.357367896104859799e-10
1.758000000000000000e+03 7.609939378142184000e-10
1.759000000000000000e+03 9.204555334623599640e-10
1.760000000000000000e+03 8.008942554953752499e-10
1.761000000000000000e+03 7.614094104621783973e-10
1.762000000000000000e+03 7.549110545734434071e-10
1.763000000000000000e+03 7.575266824030108256e-10
1.764000000000000000e+03 7.337739742143602591e-10
1.765000000000000000e+03 7.340121331079062705e-10
1.766000000000000000e+03 7.476746276455591281e-10
1.767000000000000000e+03 7.342346004449086826e-10
1.768000000000000000e+03 7.544746565193667309e-10
1.769000000000000000e+03 7.444487662637500252e-10
1.770000000000000000e+03 7.899118782352955845e-10
1.771000000000000000e+03 8.251191442490740214e-10
1.772000000000000000e+03 7.454363472395006381e-10
1.773000000000000000e+03 7.657370964151088169e-10
1.774000000000000000e+03 7.489607900220034905e-10
1.775000000000000000e+03 7.662647737189394617e-10
1.776000000000000000e+03 7.748521875600316420e-10
1.777000000000000000e+03 7.323736592388484527e-10
1.778000000000000000e+03 7.751752591640682134e-10
1.779000000000000000e+03 7.376709175955644866e-10
1.780000000000000000e+03 7.430221686264518416e-10
1.781000000000000000e+03 7.652962752240008053e-10
1.782000000000000000e+03 7.446500887284459639e-10
1.783000000000000000e+03 7.576172531949784654e-10
1.784000000000000000e+03 7.332131529231923493e-10
1.785000000000000000e+03 7.272346064467391188e-10
1.786000000000000000e+03 7.339752083985093120e-10
1.787000000000000000e+03 7.377164417408276291e-10
1.788000000000000000e+03 7.433369524366495041e-10
1.789000000000000000e+03 7.625983728791283814e-10
1.790000000000000000e+03 7.502264287816040301e-10
1.791000000000000000e+03 7.530440618280638895e-10
1.792000000000000000e+03 7.865945412394920249e-10
1.793000000000000000e+03 7.384077159485693596e-10
1.794000000000000000e+03 7.548580890533299303e-10
1.795000000000000000e+03 7.316150640463288318e-10
1.796000000000000000e+03 7.771353346119123630e-10
1.797000000000000000e+03 7.455891141913984783e-10
1.798000000000000000e+03 7.376215435773686040e-10
1.799000000000000000e+03 7.456049997238334806e-10
1.800000000000000000e+03 7.537152466983514891e-10
1.801000000000000000e+03 7.291122238411775169e-10
1.802000000000000000e+03 7.596595335656451786e-10
1.803000000000000000e+03 7.383677728538833326e-10
1.804000000000000000e+03 7.379359180624711314e-10
1.805000000000000000e+03 7.238489564417602312e-10
1.806000000000000000e+03 7.491259642886747105e-10
1.807000000000000000e+03 7.387038389658390356e-10
1.808000000000000000e+03 7.435158116557099235e-10
1.809000000000000000e+03 7.210342693741286140e-10
1.810000000000000000e+03 7.332213303202641782e-10
1.811000000000000000e+03 7.854193945798458670e-10
1.812000000000000000e+03 7.373420674468134414e-10
1.813000000000000000e+03 7.588315798125550434e-10
1.814000000000000000e+03 7.339094954580744524e-10
1.815000000000000000e+03 7.322531205188095117e-10
1.816000000000000000e+03 7.479449983611125795e-10
1.817000000000000000e+03 7.720611299189469374e-10
1.818000000000000000e+03 7.421729207892875851e-10
1.819000000000000000e+03 7.274804163370650223e-10
1.820000000000000000e+03 7.337114811669025723e-10
1.821000000000000000e+03 7.995586884479306527e-10
1.822000000000000000e+03 7.369835065066575525e-10
1.823000000000000000e+03 7.346843896434257063e-10
1.824000000000000000e+03 7.288170040496367555e-10
1.825000000000000000e+03 7.615250163680651010e-10
1.826000000000000000e+03 7.303719148590820093e-10
1.827000000000000000e+03 7.448678324142982415e-10
1.828000000000000000e+03 8.056319908840723496e-10
1.829000000000000000e+03 7.980750231672306662e-10
1.830000000000000000e+03 7.698651357449595731e-10
1.831000000000000000e+03 7.230921708248991254e-10
1.832000000000000000e+03 7.398465772426579995e-10
1.833000000000000000e+03 7.263942652851727764e-10
1.834000000000000000e+03 7.747512740907018910e-10
1.835000000000000000e+03 7.833049668831146782e-10
1.836000000000000000e+03 7.122671731586700980e-10
1.837000000000000000e+03 7.261759175753257860e-10
1.838000000000000000e+03 7.734837539493003778e-10
1.839000000000000000e+03 7.402018550873258500e-10
1.840000000000000000e+03 7.342680642656351032e-10
1.841000000000000000e+03 7.255579824758585093e-10
1.842000000000000000e+03 7.186807709219132253e-10
1.843000000000000000e+03 7.249920860814962357e-10
1.844000000000000000e+03 7.454956609685682808e-10
1.845000000000000000e+03 7.473842706326102111e-10
1.846000000000000000e+03 7.298113401202931115e-10
1.847000000000000000e+03 7.419501664299459027e-10
1.848000000000000000e+03 7.588865399907520647e-10
1.849000000000000000e+03 7.188948574015686748e-10
1.850000000000000000e+03 8.231312917333907718e-10
1.851000000000000000e+03 7.785699485408836074e-10
1.852000000000000000e+03 7.500872551823355420e-10
1.853000000000000000e+03 7.299000523732413007e-10
1.854000000000000000e+03 7.307690887927442991e-10
1.855000000000000000e+03 7.291493249653905581e-10
1.856000000000000000e+03 7.251376584028976218e-10
1.857000000000000000e+03 7.171065882855658445e-10
1.858000000000000000e+03 7.414686307683337661e-10
1.859000000000000000e+03 7.183133347301131368e-10
1.860000000000000000e+03 7.275569129071079671e-10
1.861000000000000000e+03 7.201767195467267973e-10
1.862000000000000000e+03 7.387608781898492658e-10
1.863000000000000000e+03 7.335772537006088981e-10
1.864000000000000000e+03 7.280314696933859129e-10
1.865000000000000000e+03 7.124515795211511019e-10
1.866000000000000000e+03 7.241714758858566147e-10
1.867000000000000000e+03 7.599512077101923831e-10
1.868000000000000000e+03 7.384950932324370932e-10
1.869000000000000000e+03 7.188124481248569051e-10
1.870000000000000000e+03 7.342288763432847667e-10
1.871000000000000000e+03 7.254345008804695869e-10
1.872000000000000000e+03 7.095585316389925661e-10
1.873000000000000000e+03 7.371506744323203088e-10
1.874000000000000000e+03 7.117165456717277472e-10
1.875000000000000000e+03 7.127350539910374079e-10
1.876000000000000000e+03 7.187596433454347488e-10
1.877000000000000000e+03 7.180158421564250590e-10
1.878000000000000000e+03 7.483668940928421833e-10
1.879000000000000000e+03 7.494041273680033255e-10
1.880000000000000000e+03 7.423014957614758489e-10
1.881000000000000000e+03 7.463469596954070919e-10
1.882000000000000000e+03 7.793624505201164251e-10
1.883000000000000000e+03 7.261068408209077646e-10
1.884000000000000000e+03 7.323773391630851756e-10
1.885000000000000000e+03 7.114567095963696386e-10
1.886000000000000000e+03 7.235991684836041129e-10
1.887000000000000000e+03 7.217592776935025000e-10
1.888000000000000000e+03 7.222140553110044019e-10
1.889000000000000000e+03 7.295291473334833105e-10
1.890000000000000000e+03 7.193438152941853949e-10
1.891000000000000000e+03 7.380524881999102075e-10
1.892000000000000000e+03 7.430752249091462143e-10
1.893000000000000000e+03 7.355033528580032389e-10
1.894000000000000000e+03 7.291702442592277405e-10
1.895000000000000000e+03 7.375006339146107434e-10
1.896000000000000000e+03 7.106196916484150757e-10
1.897000000000000000e+03 7.106994735511845488e-10
1.898000000000000000e+03 7.326887635279473752e-10
1.899000000000000000e+03 7.325692631636862521e-10
1.900000000000000000e+03 7.175394664330242168e-10
1.901000000000000000e+03 7.128491910359789743e-10
1.902000000000000000e+03 7.178919769615528384e-10
1.903000000000000000e+03 7.297629425685352203e-10
1.904000000000000000e+03 7.329814406618990590e-10
1.905000000000000000e+03 7.148653845706331371e-10
1.906000000000000000e+03 7.563839156479928138e-10
1.907000000000000000e+03 7.154764197371835961e-10
1.908000000000000000e+03 7.229876585858132724e-10
1.909000000000000000e+03 7.526845487547990461e-10
1.910000000000000000e+03 7.252424063372241397e-10
1.911000000000000000e+03 7.086945840640814436e-10
1.912000000000000000e+03 7.112532964440546855e-10
1.913000000000000000e+03 7.658515104035882480e-10
1.914000000000000000e+03 7.330191035889298211e-10
1.915000000000000000e+03 7.259729766864792458e-10
1.916000000000000000e+03 7.332401779677505337e-10
1.917000000000000000e+03 7.334514763235846644e-10
1.918000000000000000e+03 7.046439774117038927e-10
1.919000000000000000e+03 7.046847567416460228e-10
1.920000000000000000e+03 7.207818395451290323e-10
1.921000000000000000e+03 7.193959765572862826e-10
1.922000000000000000e+03 7.223776832480616213e-10
1.923000000000000000e+03 7.341291663755550673e-10
1.924000000000000000e+03 7.038468862001827006e-10
1.925000000000000000e+03 7.436530229659311762e-10
1.926000000000000000e+03 7.356822558800215328e-10
1.927000000000000000e+03 7.234980958538216458e-10
1.928000000000000000e+03 7.115219919776076023e-10
1.929000000000000000e+03 7.058033976685345035e-10
1.930000000000000000e+03 7.240308626449986576e-10
1.931000000000000000e+03 7.155060593054645905e-10
1.932000000000000000e+03 7.831490093734199548e-10
1.933000000000000000e+03 7.241697284269332885e-10
1.934000000000000000e+03 7.150216818995847244e-10
1.935000000000000000e+03 7.290959169618007830e-10
1.936000000000000000e+03 7.045133077410276917e-10
1.937000000000000000e+03 7.172306558049948381e-10
1.938000000000000000e+03 7.057359350114147531e-10
1.939000000000000000e+03 6.968640806645290783e-10
1.940000000000000000e+03 7.040294489058882329e-10
1.941000000000000000e+03 7.058983993495034284e-10
1.942000000000000000e+03 7.114820571399995432e-10
1.943000000000000000e+03 6.989624396664008981e-10
1.944000000000000000e+03 7.107204745441213761e-10
1.945000000000000000e+03 7.147400781063060584e-10
1.946000000000000000e+03 7.211642539065815376e-10
1.947000000000000000e+03 7.267818434248828798e-10
1.948000000000000000e+03 7.119689122512526635e-10
1.949000000000000000e+03 7.305416340797987774e-10
1.950000000000000000e+03 7.644246262915246108e-10
1.951000000000000000e+03 7.676445803254113850e-10
1.952000000000000000e+03 7.237074931291650747e-10
1.953000000000000000e+03 7.081000787426624214e-10
1.954000000000000000e+03 6.974429312038755058e-10
1.955000000000000000e+03 7.153050485632595074e-10
1.956000000000000000e+03 7.341937189786657790e-10
1.957000000000000000e+03 7.070540376617523754e-10
1.958000000000000000e+03 7.101624227809751007e-10
1.959000000000000000e+03 7.093007018212373004e-10
1.960000000000000000e+03 7.225609126997494522e-10
1.961000000000000000e+03 7.197847527428375789e-10
1.962000000000000000e+03 7.527920467237536686e-10
1.963000000000000000e+03 7.093563672341299019e-10
1.964000000000000000e+03 7.219810088947450202e-10
1.965000000000000000e+03 7.046543560281658603e-10
1.966000000000000000e+03 7.090970592780430638e-10
1.967000000000000000e+03 7.345579407772058958e-10
1.968000000000000000e+03 7.134550826477549293e-10
1.969000000000000000e+03 7.156640228412479519e-10
1.970000000000000000e+03 7.104378508406632600e-10
1.971000000000000000e+03 7.049994442253894599e-10
1.972000000000000000e+03 6.987506163091299942e-10
1.973000000000000000e+03 7.094109616330581911e-10
1.974000000000000000e+03 7.006938853363566847e-10
1.975000000000000000e+03 7.082218837902607431e-10
1.976000000000000000e+03 7.110134489571934320e-10
1.977000000000000000e+03 7.240261194807719205e-10
1.978000000000000000e+03 7.198007962227860076e-10
1.979000000000000000e+03 7.282836225280764213e-10
1.980000000000000000e+03 7.183450133099874239e-10
1.981000000000000000e+03 7.080236448170014942e-10
1.982000000000000000e+03 7.196427954811993452e-10
1.983000000000000000e+03 7.261572864407481451e-10
1.984000000000000000e+03 7.283722969429619827e-10
1.985000000000000000e+03 7.424569006871060365e-10
1.986000000000000000e+03 7.196035866069511842e-10
1.987000000000000000e+03 7.135209128172457000e-10
1.988000000000000000e+03 7.245788451100428540e-10
1.989000000000000000e+03 7.040097680230491316e-10
1.990000000000000000e+03 7.117902290165627681e-10
1.991000000000000000e+03 7.119711904209455963e-10
1.992000000000000000e+03 7.232907574595253339e-10
1.993000000000000000e+03 7.015265550069399564e-10
1.994000000000000000e+03 7.049529424146125833e-10
1.995000000000000000e+03 7.036934607761558561e-10
1.996000000000000000e+03 7.144913140667941126e-10
1.997000000000000000e+03 7.052502903802019560e-10
1.998000000000000000e+03 7.099969320024202177e-10
1.999000000000000000e+03 7.244921492264788111e-10
2.000000000000000000e+03 7.216393042653919694e-10
2.001000000000000000e+03 7.192869438784149950e-10
2.002000000000000000e+03 7.054858815026295835e-10
2.003000000000000000e+03 6.928149911142976993e-10
2.004000000000000000e+03 7.110031954384382850e-10
2.005000000000000000e+03 7.024761201803245688e-10
2.006000000000000000e+03 7.170757210098108521e-10
2.007000000000000000e+03 7.124041731047873840e-10
2.008000000000000000e+03 7.276428404969566883e-10
2.009000000000000000e+03 7.514262709884043069e-10
2.010000000000000000e+03 6.962648009789741615e-10
2.011000000000000000e+03 7.076730652593910214e-10
2.012000000000000000e+03 7.295359205445165236e-10
2.013000000000000000e+03 7.018587320539636202e-10
2.014000000000000000e+03 6.979897005463803949e-10
2.015000000000000000e+03 6.944110735866751887e-10
2.016000000000000000e+03 6.916085399128916395e-10
2.017000000000000000e+03 6.916578490784376713e-10
2.018000000000000000e+03 6.989136613784521200e-10
2.019000000000000000e+03 7.009173202407149854e-10
2.020000000000000000e+03 7.501579560196969865e-10
2.021000000000000000e+03 7.049885698512196778e-10
2.022000000000000000e+03 7.150678244597084978e-10
2.023000000000000000e+03 7.266373060465928284e-10
2.024000000000000000e+03 7.102805643331839478e-10
2.025000000000000000e+03 7.198871793779028282e-10
2.026000000000000000e+03 7.186217798749001145e-10
2.027000000000000000e+03 7.191977124444260285e-10
2.028000000000000000e+03 6.921225899348639139e-10
2.029000000000000000e+03 7.035740688005543173e-10
2.030000000000000000e+03 7.041243958669170037e-10
2.031000000000000000e+03 6.950083240719828090e-10
2.032000000000000000e+03 6.963587265706870147e-10
2.033000000000000000e+03 7.236423012990894312e-10
2.034000000000000000e+03 6.935060251512089172e-10
2.035000000000000000e+03 6.867399929624348728e-10
2.036000000000000000e+03 7.231595920934855075e-10
2.037000000000000000e+03 6.932694861543364456e-10
2.038000000000000000e+03 7.010849393855126543e-10
2.039000000000000000e+03 6.887622604388615471e-10
2.040000000000000000e+03 6.982655181931768849e-10
2.041000000000000000e+03 7.040791646401987830e-10
2.042000000000000000e+03 6.990494341143154320e-10
2.043000000000000000e+03 6.898695128231293865e-10
2.044000000000000000e+03 6.839825586378283103e-10
2.045000000000000000e+03 7.157010424478508751e-10
2.046000000000000000e+03 7.059634249254031630e-10
2.047000000000000000e+03 6.964833533580533210e-10
2.048000000000000000e+03 7.039397159941673090e-10
2.049000000000000000e+03 6.930199505533476779e-10
2.050000000000000000e+03 7.037939810351284972e-10
2.051000000000000000e+03 7.012532952498548969e-10
2.052000000000000000e+03 7.108659096960803247e-10
2.053000000000000000e+03 6.840495651519848798e-10
2.054000000000000000e+03 6.908942789644377216e-10
2.055000000000000000e+03 7.002722843335913970e-10
2.056000000000000000e+03 7.032654982516087136e-10
2.057000000000000000e+03 6.945784884619029275e-10
2.058000000000000000e+03 7.300721650607717914e-10
2.059000000000000000e+03 6.853447815925752037e-10
2.060000000000000000e+03 7.038401881878929918e-10
2.061000000000000000e+03 7.001487502149990491e-10
2.062000000000000000e+03 7.094451076242731722e-10
2.063000000000000000e+03 7.082294497082414805e-10
2.064000000000000000e+03 6.901998613125345773e-10
2.065000000000000000e+03 6.907119602287817487e-10
2.066000000000000000e+03 7.118685939885405976e-10
2.067000000000000000e+03 7.053580306815719524e-10
2.068000000000000000e+03 6.974457693293558547e-10
2.069000000000000000e+03 7.079862324808993357e-10
2.070000000000000000e+03 7.012522675002270115e-10
2.071000000000000000e+03 7.009256325201358628e-10
2.072000000000000000e+03 6.894780733741727711e-10
2.073000000000000000e+03 6.861506138156911921e-10
2.074000000000000000e+03 7.144474683281807651e-10
2.075000000000000000e+03 7.134435827979200099e-10
2.076000000000000000e+03 7.039431465546983696e-10
2.077000000000000000e+03 7.086245743254745250e-10
2.078000000000000000e+03 7.191140343828745579e-10
2.079000000000000000e+03 7.082293593475172304e-10
2.080000000000000000e+03 6.881995814545351225e-10
2.081000000000000000e+03 6.984519532004257967e-10
2.082000000000000000e+03 6.943068719635132264e-10
2.083000000000000000e+03 7.018352788360515086e-10
2.084000000000000000e+03 6.901855921373043933e-10
2.085000000000000000e+03 6.972917199513416055e-10
2.086000000000000000e+03 6.882599119435914110e-10
2.087000000000000000e+03 7.062015444267569676e-10
2.088000000000000000e+03 6.989589553209531412e-10
2.089000000000000000e+03 6.929219390895021165e-10
2.090000000000000000e+03 7.691901453842741287e-10
2.091000000000000000e+03 7.119930445665213331e-10
2.092000000000000000e+03 6.928911221725544116e-10
2.093000000000000000e+03 6.883276479913856656e-10
2.094000000000000000e+03 6.849740461509858301e-10
2.095000000000000000e+03 6.980381777379700383e-10
2.096000000000000000e+03 6.929310844806827551e-10
2.097000000000000000e+03 7.151475970055921377e-10
2.098000000000000000e+03 6.905187033662981593e-10
2.099000000000000000e+03 7.163677369662723400e-10
2.100000000000000000e+03 6.993736460812604484e-10
2.101000000000000000e+03 6.898675937728549746e-10
2.102000000000000000e+03 6.871348860954112248e-10
2.103000000000000000e+03 7.028685958523655950e-10
2.104000000000000000e+03 6.859314242561935761e-10
2.105000000000000000e+03 6.783691517416413357e-10
2.106000000000000000e+03 7.338899131973363234e-10
2.107000000000000000e+03 7.056681739379595901e-10
2.108000000000000000e+03 6.845082130477999427e-10
2.109000000000000000e+03 6.895295298285442476e-10
2.110000000000000000e+03 6.829507466673222290e-10
2.111000000000000000e+03 6.977109589352253003e-10
2.112000000000000000e+03 7.072451450223858816e-10
2.113000000000000000e+03 7.078994989343496809e-10
2.114000000000000000e+03 6.948935906041609662e-10
2.115000000000000000e+03 6.948859698095232631e-10
2.116000000000000000e+03 6.859568770719173595e-10
2.117000000000000000e+03 6.920860751825481376e-10
2.118000000000000000e+03 7.121495277854210288e-10
2.119000000000000000e+03 6.853952719851736574e-10
2.120000000000000000e+03 7.208564089906600136e-10
2.121000000000000000e+03 6.868357277738292712e-10
2.122000000000000000e+03 6.947330552288459277e-10
2.123000000000000000e+03 6.947185556134485473e-10
2.124000000000000000e+03 6.987288505518322156e-10
2.125000000000000000e+03 6.885497320465683978e-10
2.126000000000000000e+03 6.828912667741934911e-10
2.127000000000000000e+03 6.839927926004023696e-10
2.128000000000000000e+03 7.323437883151516940e-10
2.129000000000000000e+03 6.977211083356156496e-10
2.130000000000000000e+03 6.863590481677891559e-10
2.131000000000000000e+03 6.862502120674929505e-10
2.132000000000000000e+03 6.959373217610649717e-10
2.133000000000000000e+03 6.930093483451316802e-10
2.134000000000000000e+03 6.924579635318425467e-10
2.135000000000000000e+03 6.910474372516144301e-10
2.136000000000000000e+03 7.149733801740438934e-10
2.137000000000000000e+03 6.809774955003572795e-10
2.138000000000000000e+03 6.838278471313442969e-10
2.139000000000000000e+03 6.794431822253239697e-10
2.140000000000000000e+03 6.885152612678376077e-10
2.141000000000000000e+03 6.843299079905013580e-10
2.142000000000000000e+03 6.791748719082770570e-10
2.143000000000000000e+03 6.829448562075348410e-10
2.144000000000000000e+03 6.818251797272224546e-10
2.145000000000000000e+03 6.796425380838876911e-10
2.146000000000000000e+03 6.828080767372789979e-10
2.147000000000000000e+03 6.922201311133866288e-10
2.148000000000000000e+03 7.112941932054774711e-10
2.149000000000000000e+03 6.903973079806643805e-10
2.150000000000000000e+03 6.950753508506686222e-10
2.151000000000000000e+03 7.135431488491827705e-10
2.152000000000000000e+03 6.901608885678349530e-10
2.153000000000000000e+03 6.872140946688808316e-10
2.154000000000000000e+03 6.826163230846631192e-10
2.155000000000000000e+03 6.785641243381199076e-10
2.156000000000000000e+03 6.845785934463037340e-10
2.157000000000000000e+03 6.896624905708470625e-10
2.158000000000000000e+03 6.799692066941829974e-10
2.159000000000000000e+03 6.959419786757437149e-10
2.160000000000000000e+03 7.013371057441538135e-10
2.161000000000000000e+03 6.777510876674606437e-10
2.162000000000000000e+03 6.874949141734156257e-10
2.163000000000000000e+03 6.776475536984769024e-10
2.164000000000000000e+03 7.003348395133171737e-10
2.165000000000000000e+03 6.855038447803533821e-10
2.166000000000000000e+03 6.770002514825131253e-10
2.167000000000000000e+03 6.887999755374919654e-10
2.168000000000000000e+03 6.885793198834205607e-10
2.169000000000000000e+03 6.884325704054940094e-10
2.170000000000000000e+03 6.935432494987364770e-10
2.171000000000000000e+03 6.845512375394980400e-10
2.172000000000000000e+03 6.914673734802333466e-10
2.173000000000000000e+03 6.790081769313952336e-10
2.174000000000000000e+03 6.835541482666579793e-10
2.175000000000000000e+03 6.758680720320507024e-10
2.176000000000000000e+03 7.043969658898469801e-10
2.177000000000000000e+03 6.835639567897114491e-10
2.178000000000000000e+03 6.907166466165639461e-10
2.179000000000000000e+03 7.045474572064687642e-10
2.180000000000000000e+03 6.931041554683963119e-10
2.181000000000000000e+03 7.136250656070470523e-10
2.182000000000000000e+03 6.935148918762281099e-10
2.183000000000000000e+03 6.986962268090570409e-10
2.184000000000000000e+03 7.253995780131929096e-10
2.185000000000000000e+03 6.988810651588488265e-10
2.186000000000000000e+03 6.828813820857894422e-10
2.187000000000000000e+03 6.860136223592400697e-10
2.188000000000000000e+03 6.986813557791799919e-10
2.189000000000000000e+03 6.912811535759455974e-10
2.190000000000000000e+03 6.754095416513000008e-10
2.191000000000000000e+03 6.724604922758515737e-10
2.192000000000000000e+03 6.855106583944027130e-10
2.193000000000000000e+03 7.416008560805673205e-10
2.194000000000000000e+03 6.790392793834199459e-10
2.195000000000000000e+03 6.782319132427358464e-10
2.196000000000000000e+03 6.809611102708828074e-10
2.197000000000000000e+03 6.819285718436462888e-10
2.198000000000000000e+03 6.935896750967054583e-10
2.199000000000000000e+03 6.789283554260583628e-10
2.200000000000000000e+03 6.766743308972130898e-10
2.201000000000000000e+03 6.791830451555729703e-10
2.202000000000000000e+03 6.905125642690890222e-10
2.203000000000000000e+03 6.801619513330382194e-10
2.204000000000000000e+03 6.914551948300119101e-10
2.205000000000000000e+03 6.882270905079852351e-10
2.206000000000000000e+03 6.791705035664590012e-10
