0.000000000000000000e+00 7.269799589590918154e-02
1.000000000000000000e+00 4.705311041572177340e-03
2.000000000000000000e+00 2.976735039265203386e-03
3.000000000000000000e+00 2.881427467430244457e-03
4.000000000000000000e+00 2.866970616136375362e-03
5.000000000000000000e+00 2.871961113423973037e-03
6.000000000000000000e+00 2.860601754411149378e-03
7.000000000000000000e+00 2.859985770587544079e-03
8.000000000000000000e+00 2.851977535267237983e-03
9.000000000000000000e+00 2.844053083835483726e-03
1.000000000000000000e+01 2.842943982342418466e-03
1.100000000000000000e+01 2.833928920412365562e-03
1.200000000000000000e+01 2.834398576249022150e-03
1.300000000000000000e+01 2.827343129827139014e-03
1.400000000000000000e+01 2.818755440844233993e-03
1.500000000000000000e+01 2.820882855345444029e-03
1.600000000000000000e+01 2.810203542085705150e-03
1.700000000000000000e+01 2.805551510786903537e-03
1.800000000000000000e+01 2.826095537082638602e-03
1.900000000000000000e+01 2.802815942465692461e-03
2.000000000000000000e+01 2.789112799282768285e-03
2.100000000000000000e+01 2.786751884165885977e-03
2.200000000000000000e+01 2.783210875666834120e-03
2.300000000000000000e+01 2.774975554443602846e-03
2.400000000000000000e+01 2.769089590033187425e-03
2.500000000000000000e+01 2.772190386075357345e-03
2.600000000000000000e+01 2.767786688775285883e-03
2.700000000000000000e+01 2.758679506864715122e-03
2.800000000000000000e+01 2.745563124666720867e-03
2.900000000000000000e+01 2.745102695743906196e-03
3.000000000000000000e+01 2.730413572889698465e-03
3.100000000000000000e+01 2.734384985425371371e-03
3.200000000000000000e+01 2.717302569156230391e-03
3.300000000000000000e+01 2.739851079663499934e-03
3.400000000000000000e+01 2.717268689284336319e-03
3.500000000000000000e+01 2.707313916505539250e-03
3.600000000000000000e+01 2.693812494475039763e-03
3.700000000000000000e+01 2.691667567259982061e-03
3.800000000000000000e+01 2.676951287522979714e-03
3.900000000000000000e+01 2.680222534416992763e-03
4.000000000000000000e+01 2.662591070598429623e-03
4.100000000000000000e+01 2.651499505259199800e-03
4.200000000000000000e+01 2.645500696703782621e-03
4.300000000000000000e+01 2.630752129579167365e-03
4.400000000000000000e+01 2.623525110962642536e-03
4.500000000000000000e+01 2.609727371457904420e-03
4.600000000000000000e+01 2.598328056850940631e-03
4.700000000000000000e+01 2.571271219880996196e-03
4.800000000000000000e+01 2.551165499974771857e-03
4.900000000000000000e+01 2.529045434186119514e-03
5.000000000000000000e+01 2.460408579749582842e-03
5.100000000000000000e+01 2.389338787436458451e-03
5.200000000000000000e+01 2.293499496592266498e-03
5.300000000000000000e+01 2.135947312720187438e-03
5.400000000000000000e+01 1.917726392821450521e-03
5.500000000000000000e+01 1.653865160489971595e-03
5.600000000000000000e+01 1.420147247043935948e-03
5.700000000000000000e+01 1.244932124389121859e-03
5.800000000000000000e+01 1.160093861993856564e-03
5.900000000000000000e+01 1.121110070288325756e-03
6.000000000000000000e+01 1.091172335031560716e-03
6.100000000000000000e+01 1.079452900350098572e-03
6.200000000000000000e+01 1.073825031297243049e-03
6.300000000000000000e+01 1.065505854132954263e-03
6.400000000000000000e+01 1.074101049627433939e-03
6.500000000000000000e+01 1.060170748033922817e-03
6.600000000000000000e+01 1.059950652267825297e-03
6.700000000000000000e+01 1.064925294985961208e-03
6.800000000000000000e+01 1.060341413018253730e-03
6.900000000000000000e+01 1.063556521081650275e-03
7.000000000000000000e+01 1.055274338435588507e-03
7.100000000000000000e+01 1.065330273522688840e-03
7.200000000000000000e+01 1.055137474422962549e-03
7.300000000000000000e+01 1.062916542175210014e-03
7.400000000000000000e+01 1.056564587509111310e-03
7.500000000000000000e+01 1.052612713387686460e-03
7.600000000000000000e+01 1.049892529070800161e-03
7.700000000000000000e+01 1.047668373480439147e-03
7.800000000000000000e+01 1.050531258469988198e-03
7.900000000000000000e+01 1.046425074270515869e-03
8.000000000000000000e+01 1.049731248510276304e-03
8.100000000000000000e+01 1.047374431952567469e-03
8.200000000000000000e+01 1.047388181704785341e-03
8.300000000000000000e+01 1.042674704440617545e-03
8.400000000000000000e+01 1.045726879917752887e-03
8.500000000000000000e+01 1.042865348734547341e-03
8.600000000000000000e+01 1.042229822363458349e-03
8.700000000000000000e+01 1.037370301984694761e-03
8.800000000000000000e+01 1.041416274846655938e-03
8.900000000000000000e+01 1.042470273812302461e-03
9.000000000000000000e+01 1.042752619228321485e-03
9.100000000000000000e+01 1.040566879891626287e-03
9.200000000000000000e+01 1.033823414622958266e-03
9.300000000000000000e+01 1.034580373356082383e-03
9.400000000000000000e+01 1.033415697672700846e-03
9.500000000000000000e+01 1.031607152418531279e-03
9.600000000000000000e+01 1.031562866393170505e-03
9.700000000000000000e+01 1.030457127389403527e-03
9.800000000000000000e+01 1.034563160342860146e-03
9.900000000000000000e+01 1.038516483773769270e-03
1.000000000000000000e+02 1.033457627674505249e-03
1.010000000000000000e+02 1.032501020896985002e-03
1.020000000000000000e+02 1.030140956156170217e-03
1.030000000000000000e+02 1.026965720181028437e-03
1.040000000000000000e+02 1.027557803978367511e-03
1.050000000000000000e+02 1.031405311792873850e-03
1.060000000000000000e+02 1.031482344153652640e-03
1.070000000000000000e+02 1.025958889124968954e-03
1.080000000000000000e+02 1.025562347886290349e-03
1.090000000000000000e+02 1.027643000165198110e-03
1.100000000000000000e+02 1.025489162761396462e-03
1.110000000000000000e+02 1.023667016453437811e-03
1.120000000000000000e+02 1.027837707196647792e-03
1.130000000000000000e+02 1.024120418233548813e-03
1.140000000000000000e+02 1.022563743061985627e-03
1.150000000000000000e+02 1.025048089771301912e-03
1.160000000000000000e+02 1.029311492028335811e-03
1.170000000000000000e+02 1.029191143802387579e-03
1.180000000000000000e+02 1.025406734458165917e-03
1.190000000000000000e+02 1.024901541797436496e-03
1.200000000000000000e+02 1.021035977507708022e-03
1.210000000000000000e+02 1.019758544585534386e-03
1.220000000000000000e+02 1.024079422905740597e-03
1.230000000000000000e+02 1.020387642726951292e-03
1.240000000000000000e+02 1.022977498159227845e-03
1.250000000000000000e+02 1.020474721365563584e-03
1.260000000000000000e+02 1.027663327300990404e-03
1.270000000000000000e+02 1.019653029005225878e-03
1.280000000000000000e+02 1.019920996610099032e-03
1.290000000000000000e+02 1.022881236218238553e-03
1.300000000000000000e+02 1.022501704781772752e-03
1.310000000000000000e+02 1.018845396134666079e-03
1.320000000000000000e+02 1.027564289668330029e-03
1.330000000000000000e+02 1.023617046682709234e-03
1.340000000000000000e+02 1.014990125910940648e-03
1.350000000000000000e+02 1.015408639134786741e-03
1.360000000000000000e+02 1.014891038492915856e-03
1.370000000000000000e+02 1.016196253431488712e-03
1.380000000000000000e+02 1.018093346576364041e-03
1.390000000000000000e+02 1.012398470079946397e-03
1.400000000000000000e+02 1.017607769121553138e-03
1.410000000000000000e+02 1.013938247015338341e-03
1.420000000000000000e+02 1.017895479105186077e-03
1.430000000000000000e+02 1.013867765761715433e-03
1.440000000000000000e+02 1.012278971753833787e-03
1.450000000000000000e+02 1.012205761300794720e-03
1.460000000000000000e+02 1.011659445722140659e-03
1.470000000000000000e+02 1.016032282671037014e-03
1.480000000000000000e+02 1.014544596872418930e-03
1.490000000000000000e+02 1.016519639047169148e-03
1.500000000000000000e+02 1.012516376015836503e-03
1.510000000000000000e+02 1.010115877143313075e-03
1.520000000000000000e+02 1.012617568619455285e-03
1.530000000000000000e+02 1.011656019916010781e-03
1.540000000000000000e+02 1.011625440664009126e-03
1.550000000000000000e+02 1.013665460092963259e-03
1.560000000000000000e+02 1.013670065832555272e-03
1.570000000000000000e+02 1.010651162325639906e-03
1.580000000000000000e+02 1.012754918816075132e-03
1.590000000000000000e+02 1.013527268978722503e-03
1.600000000000000000e+02 1.009777564997456920e-03
1.610000000000000000e+02 1.010241804033256037e-03
1.620000000000000000e+02 1.014227463162718822e-03
1.630000000000000000e+02 1.008894421551124066e-03
1.640000000000000000e+02 1.013410066243048335e-03
1.650000000000000000e+02 1.010698797167991318e-03
1.660000000000000000e+02 1.008764499339912185e-03
1.670000000000000000e+02 1.008347849262435482e-03
1.680000000000000000e+02 1.011987107903295022e-03
1.690000000000000000e+02 1.009370707172218455e-03
1.700000000000000000e+02 1.010042819522690436e-03
1.710000000000000000e+02 1.011883095575923791e-03
1.720000000000000000e+02 1.022545087657219945e-03
1.730000000000000000e+02 1.009927370145604578e-03
1.740000000000000000e+02 1.008223837915339259e-03
1.750000000000000000e+02 1.008342656887807349e-03
1.760000000000000000e+02 1.007381312512636981e-03
1.770000000000000000e+02 1.008135049655444317e-03
1.780000000000000000e+02 1.009054927386250373e-03
1.790000000000000000e+02 1.007293144852904228e-03
1.800000000000000000e+02 1.007550258924949042e-03
1.810000000000000000e+02 1.014163522617731210e-03
1.820000000000000000e+02 1.011038829398349607e-03
1.830000000000000000e+02 1.008161309284574337e-03
1.840000000000000000e+02 1.010253150979432968e-03
1.850000000000000000e+02 1.005830418403523508e-03
1.860000000000000000e+02 1.005885894326885100e-03
1.870000000000000000e+02 1.007865529672146571e-03
1.880000000000000000e+02 1.006070993610368863e-03
1.890000000000000000e+02 1.006082638383728415e-03
1.900000000000000000e+02 1.006749762558026198e-03
1.910000000000000000e+02 1.005360072552545416e-03
1.920000000000000000e+02 1.005015156687200486e-03
1.930000000000000000e+02 1.004994637939722471e-03
1.940000000000000000e+02 1.004643223346832074e-03
1.950000000000000000e+02 1.006381339762702984e-03
1.960000000000000000e+02 1.005296918212904072e-03
1.970000000000000000e+02 1.004471986516121884e-03
1.980000000000000000e+02 1.004395267125066799e-03
1.990000000000000000e+02 1.007162397402115370e-03
2.000000000000000000e+02 1.005740265435927120e-03
2.010000000000000000e+02 1.004469891557212627e-03
2.020000000000000000e+02 1.004520125776570431e-03
2.030000000000000000e+02 1.006530330290995564e-03
2.040000000000000000e+02 1.005334314943327366e-03
2.050000000000000000e+02 1.004191074385278300e-03
2.060000000000000000e+02 1.005506361996237434e-03
2.070000000000000000e+02 1.003774409420655394e-03
2.080000000000000000e+02 1.004348581145743250e-03
2.090000000000000000e+02 1.003401526737678767e-03
2.100000000000000000e+02 1.004874233179998098e-03
2.110000000000000000e+02 1.006611897449595895e-03
2.120000000000000000e+02 1.003812887931724218e-03
2.130000000000000000e+02 1.003286302473218065e-03
2.140000000000000000e+02 1.002800679285861373e-03
2.150000000000000000e+02 1.003253970062125203e-03
2.160000000000000000e+02 1.003548333580412582e-03
2.170000000000000000e+02 1.003721142666523947e-03
2.180000000000000000e+02 1.003169042014299310e-03
2.190000000000000000e+02 1.003271669204403938e-03
2.200000000000000000e+02 1.002168746187248388e-03
2.210000000000000000e+02 1.001874315528265662e-03
2.220000000000000000e+02 1.002563938798659406e-03
2.230000000000000000e+02 1.003063741925248019e-03
2.240000000000000000e+02 1.002338095387140648e-03
2.250000000000000000e+02 1.002415482490354951e-03
2.260000000000000000e+02 1.002937375760912806e-03
2.270000000000000000e+02 1.001991300430481961e-03
2.280000000000000000e+02 1.003018915222481187e-03
2.290000000000000000e+02 1.003035489653104299e-03
2.300000000000000000e+02 1.003577248113829683e-03
2.310000000000000000e+02 1.002466014371153607e-03
2.320000000000000000e+02 1.002413156874553887e-03
2.330000000000000000e+02 1.002460103257104196e-03
2.340000000000000000e+02 1.001511576749494585e-03
2.350000000000000000e+02 1.001183379369917532e-03
2.360000000000000000e+02 1.000932975803442340e-03
2.370000000000000000e+02 1.004595912282908775e-03
2.380000000000000000e+02 1.004884550775972515e-03
2.390000000000000000e+02 1.003092056864888148e-03
2.400000000000000000e+02 1.003575022211617568e-03
2.410000000000000000e+02 1.003989090650233900e-03
2.420000000000000000e+02 1.000523192839052142e-03
2.430000000000000000e+02 1.000815924774338438e-03
2.440000000000000000e+02 1.001941288975856164e-03
2.450000000000000000e+02 1.002389598599672665e-03
2.460000000000000000e+02 1.000940747443316734e-03
2.470000000000000000e+02 1.000865009608838769e-03
2.480000000000000000e+02 1.001610872645914297e-03
2.490000000000000000e+02 1.002334687055968883e-03
2.500000000000000000e+02 1.000800864032100682e-03
2.510000000000000000e+02 1.000337543450090065e-03
2.520000000000000000e+02 1.000605505058349423e-03
2.530000000000000000e+02 1.003017748634335007e-03
2.540000000000000000e+02 1.001422781062781802e-03
2.550000000000000000e+02 9.998458045163830573e-04
2.560000000000000000e+02 1.000102220573837733e-03
2.570000000000000000e+02 1.000418732590596356e-03
2.580000000000000000e+02 1.000940462178752811e-03
2.590000000000000000e+02 9.997568987431691614e-04
2.600000000000000000e+02 1.000313166202103149e-03
2.610000000000000000e+02 9.994094107281306909e-04
2.620000000000000000e+02 1.001034281270902875e-03
2.630000000000000000e+02 1.000785959359039171e-03
2.640000000000000000e+02 1.002985210548684898e-03
2.650000000000000000e+02 1.000818676337039215e-03
2.660000000000000000e+02 1.000345079716574194e-03
2.670000000000000000e+02 1.001018598541257576e-03
2.680000000000000000e+02 1.001039010840510789e-03
2.690000000000000000e+02 1.000229404533271730e-03
2.700000000000000000e+02 1.002281213413356480e-03
2.710000000000000000e+02 9.993134592828217810e-04
2.720000000000000000e+02 1.000159937524826032e-03
2.730000000000000000e+02 9.993782666134994920e-04
2.740000000000000000e+02 9.991877954762433747e-04
2.750000000000000000e+02 1.000928778847913784e-03
2.760000000000000000e+02 1.000995287368971467e-03
2.770000000000000000e+02 9.993714967117333595e-04
2.780000000000000000e+02 9.988084273028156445e-04
2.790000000000000000e+02 9.991486953309124727e-04
2.800000000000000000e+02 9.988034334186080086e-04
2.810000000000000000e+02 1.003370590477342108e-03
2.820000000000000000e+02 1.000657323880514704e-03
2.830000000000000000e+02 9.992501341780171426e-04
2.840000000000000000e+02 9.989748391076675935e-04
2.850000000000000000e+02 9.987391798678159609e-04
2.860000000000000000e+02 9.986377925046726993e-04
2.870000000000000000e+02 9.991427075052010821e-04
2.880000000000000000e+02 1.000872389724003376e-03
2.890000000000000000e+02 9.990034861096922566e-04
2.900000000000000000e+02 9.986634866279875834e-04
2.910000000000000000e+02 9.982463714096596972e-04
2.920000000000000000e+02 9.984379506300998346e-04
2.930000000000000000e+02 9.985777512864486925e-04
2.940000000000000000e+02 9.978731874728278758e-04
2.950000000000000000e+02 9.999966348324790776e-04
2.960000000000000000e+02 9.987683599936027744e-04
2.970000000000000000e+02 9.983967247766379303e-04
2.980000000000000000e+02 9.999874586725506029e-04
2.990000000000000000e+02 9.981264880000856581e-04
3.000000000000000000e+02 9.986972673707329717e-04
3.010000000000000000e+02 9.980926228630988915e-04
3.020000000000000000e+02 9.980484834693735541e-04
3.030000000000000000e+02 9.983019250282803691e-04
3.040000000000000000e+02 9.979046083748131790e-04
3.050000000000000000e+02 9.981614527650728430e-04
3.060000000000000000e+02 9.983266927620670136e-04
3.070000000000000000e+02 9.985053602796008666e-04
3.080000000000000000e+02 9.981318434005570506e-04
3.090000000000000000e+02 9.988712162936901236e-04
3.100000000000000000e+02 9.978412148895644384e-04
3.110000000000000000e+02 9.983314788222471311e-04
3.120000000000000000e+02 9.987367208377550057e-04
3.130000000000000000e+02 9.980419173026468943e-04
3.140000000000000000e+02 9.974172464482986260e-04
3.150000000000000000e+02 1.000474138567912031e-03
3.160000000000000000e+02 9.980880427244687679e-04
3.170000000000000000e+02 9.980620895089910120e-04
3.180000000000000000e+02 9.973243140935573233e-04
3.190000000000000000e+02 9.981322863594614160e-04
3.200000000000000000e+02 9.988463526259859851e-04
3.210000000000000000e+02 9.993292046986284628e-04
3.220000000000000000e+02 9.987354890720002900e-04
3.230000000000000000e+02 9.979057073540872989e-04
3.240000000000000000e+02 9.993416915623223266e-04
3.250000000000000000e+02 9.975830018963873641e-04
3.260000000000000000e+02 9.974596948722396286e-04
3.270000000000000000e+02 9.988122430105103328e-04
3.280000000000000000e+02 9.981025886702228709e-04
3.290000000000000000e+02 9.979862210533273041e-04
3.300000000000000000e+02 9.999231939069896415e-04
3.310000000000000000e+02 9.979565446782846100e-04
3.320000000000000000e+02 9.975289171666491816e-04
3.330000000000000000e+02 9.979060077385977501e-04
3.340000000000000000e+02 9.979974087697645983e-04
3.350000000000000000e+02 9.983700940469481238e-04
3.360000000000000000e+02 9.991955274083535662e-04
3.370000000000000000e+02 9.976746948493538797e-04
3.380000000000000000e+02 9.973041765722688145e-04
3.390000000000000000e+02 9.978875061960419332e-04
3.400000000000000000e+02 9.976883891464523053e-04
3.410000000000000000e+02 9.988971646152221707e-04
3.420000000000000000e+02 9.972901878912393114e-04
3.430000000000000000e+02 9.975158118128932012e-04
3.440000000000000000e+02 9.979744953230048309e-04
3.450000000000000000e+02 9.977864131235603899e-04
3.460000000000000000e+02 9.974108581187503264e-04
3.470000000000000000e+02 9.973927578972585639e-04
3.480000000000000000e+02 9.969330721339294491e-04
3.490000000000000000e+02 9.970139089851026183e-04
3.500000000000000000e+02 9.975316495158075263e-04
3.510000000000000000e+02 9.974631756636456043e-04
3.520000000000000000e+02 9.974365563138222479e-04
3.530000000000000000e+02 9.973226949378988151e-04
3.540000000000000000e+02 9.967578338079016546e-04
3.550000000000000000e+02 9.967659119423126143e-04
3.560000000000000000e+02 9.967003458361972396e-04
3.570000000000000000e+02 9.972660535540499912e-04
3.580000000000000000e+02 9.973255507993727693e-04
3.590000000000000000e+02 9.965033425332675207e-04
3.600000000000000000e+02 9.973271574012919794e-04
3.610000000000000000e+02 9.969006254714992462e-04
3.620000000000000000e+02 9.971401736095300561e-04
3.630000000000000000e+02 9.967437208227227126e-04
3.640000000000000000e+02 9.967084162740003084e-04
3.650000000000000000e+02 9.970518274729674169e-04
3.660000000000000000e+02 9.970837713738961352e-04
3.670000000000000000e+02 9.971044680466419844e-04
3.680000000000000000e+02 9.978524109697222561e-04
3.690000000000000000e+02 9.970541247204982912e-04
3.700000000000000000e+02 9.967342291296707370e-04
3.710000000000000000e+02 9.966735029307905499e-04
3.720000000000000000e+02 9.966659618742116679e-04
3.730000000000000000e+02 9.970292209704866709e-04
3.740000000000000000e+02 9.968306046891077955e-04
3.750000000000000000e+02 9.974137128682741219e-04
3.760000000000000000e+02 9.964401660533103375e-04
3.770000000000000000e+02 9.964975986561134483e-04
3.780000000000000000e+02 9.965858500888221706e-04
3.790000000000000000e+02 9.972010723158233284e-04
3.800000000000000000e+02 9.973350149346091233e-04
3.810000000000000000e+02 9.981617011628690986e-04
3.820000000000000000e+02 9.962109481300612020e-04
3.830000000000000000e+02 9.969003240855197050e-04
3.840000000000000000e+02 9.974814820595564839e-04
3.850000000000000000e+02 9.965883675167421570e-04
3.860000000000000000e+02 9.966363136410954799e-04
3.870000000000000000e+02 9.969402201499809064e-04
3.880000000000000000e+02 9.966577037330355722e-04
3.890000000000000000e+02 9.965655454560031021e-04
3.900000000000000000e+02 9.969304917829056693e-04
3.910000000000000000e+02 9.969376877474187340e-04
3.920000000000000000e+02 9.964812004778652275e-04
3.930000000000000000e+02 9.967596086678518538e-04
3.940000000000000000e+02 9.961745846842901941e-04
3.950000000000000000e+02 9.963160247768811963e-04
3.960000000000000000e+02 9.964335579459629964e-04
3.970000000000000000e+02 9.967074624575597650e-04
3.980000000000000000e+02 9.964519164004580990e-04
3.990000000000000000e+02 9.965115537606964238e-04
4.000000000000000000e+02 9.960173062462285461e-04
4.010000000000000000e+02 9.963539436566972232e-04
4.020000000000000000e+02 9.960547508648923045e-04
4.030000000000000000e+02 9.966883584921395339e-04
4.040000000000000000e+02 9.962312356486600733e-04
4.050000000000000000e+02 9.963020165807670494e-04
4.060000000000000000e+02 9.964554818322544742e-04
4.070000000000000000e+02 9.961078789453522465e-04
4.080000000000000000e+02 9.964923244597189388e-04
4.090000000000000000e+02 9.962438987329549824e-04
4.100000000000000000e+02 9.960073424965991493e-04
4.110000000000000000e+02 9.964775584819513931e-04
4.120000000000000000e+02 9.962645655595884879e-04
4.130000000000000000e+02 9.960803809182534191e-04
4.140000000000000000e+02 9.960165909486027279e-04
4.150000000000000000e+02 9.961967541776968298e-04
4.160000000000000000e+02 9.961860226201069927e-04
4.170000000000000000e+02 9.962221716912757295e-04
4.180000000000000000e+02 9.961897559003253782e-04
4.190000000000000000e+02 9.960597348795446806e-04
4.200000000000000000e+02 9.960555541131033055e-04
4.210000000000000000e+02 9.963179865768716659e-04
4.220000000000000000e+02 9.959079231121141778e-04
4.230000000000000000e+02 9.960276747147214001e-04
4.240000000000000000e+02 9.959677830798671725e-04
4.250000000000000000e+02 9.960624940857148654e-04
4.260000000000000000e+02 9.961182454084832952e-04
4.270000000000000000e+02 9.963837312007180202e-04
4.280000000000000000e+02 9.961310882900809016e-04
4.290000000000000000e+02 9.959262527063173030e-04
4.300000000000000000e+02 9.959137807758794599e-04
4.310000000000000000e+02 9.960308941421910228e-04
4.320000000000000000e+02 9.958311544541679616e-04
4.330000000000000000e+02 9.959374643133170855e-04
4.340000000000000000e+02 9.957964668666355931e-04
4.350000000000000000e+02 9.959954518419761142e-04
4.360000000000000000e+02 9.958301300954264679e-04
4.370000000000000000e+02 9.958984672949083329e-04
4.380000000000000000e+02 9.958473559942078619e-04
4.390000000000000000e+02 9.959660131313228908e-04
4.400000000000000000e+02 9.957646041541955324e-04
4.410000000000000000e+02 9.957868724570766595e-04
4.420000000000000000e+02 9.959313831080962749e-04
4.430000000000000000e+02 9.960729961885858054e-04
4.440000000000000000e+02 9.958011036058898608e-04
4.450000000000000000e+02 9.957212541388752846e-04
4.460000000000000000e+02 9.956994135968883549e-04
4.470000000000000000e+02 9.960969495491486456e-04
4.480000000000000000e+02 9.959723294980127751e-04
4.490000000000000000e+02 9.957812358279793767e-04
4.500000000000000000e+02 9.963786157526498440e-04
4.510000000000000000e+02 9.958538734969807956e-04
4.520000000000000000e+02 9.958683680493434030e-04
4.530000000000000000e+02 9.956768592536478606e-04
4.540000000000000000e+02 9.956234105083032991e-04
4.550000000000000000e+02 9.958927335076744793e-04
4.560000000000000000e+02 9.959162066604789962e-04
4.570000000000000000e+02 9.958368235488883162e-04
4.580000000000000000e+02 9.957546858935385336e-04
4.590000000000000000e+02 9.956104591574237422e-04
4.600000000000000000e+02 9.958265770100521545e-04
4.610000000000000000e+02 9.956228667980984021e-04
4.620000000000000000e+02 9.956845313515976393e-04
4.630000000000000000e+02 9.957256973638533345e-04
4.640000000000000000e+02 9.956432606013098947e-04
4.650000000000000000e+02 9.956102640054189431e-04
4.660000000000000000e+02 9.957189686518978788e-04
4.670000000000000000e+02 9.959095711561914699e-04
4.680000000000000000e+02 9.965787283044802262e-04
4.690000000000000000e+02 9.955563940205365558e-04
4.700000000000000000e+02 9.957501616730433328e-04
4.710000000000000000e+02 9.958231675184414568e-04
4.720000000000000000e+02 9.958776811939634797e-04
4.730000000000000000e+02 9.956089325376946738e-04
4.740000000000000000e+02 9.958856910499509427e-04
4.750000000000000000e+02 9.954632972307047092e-04
4.760000000000000000e+02 9.957125173462747034e-04
4.770000000000000000e+02 9.958050999459926687e-04
4.780000000000000000e+02 9.956172976217773397e-04
4.790000000000000000e+02 9.955476947106146109e-04
4.800000000000000000e+02 9.955052625155024360e-04
4.810000000000000000e+02 9.955111111906857040e-04
4.820000000000000000e+02 9.957811754900481108e-04
4.830000000000000000e+02 9.955737391301941464e-04
4.840000000000000000e+02 9.955215351911857191e-04
4.850000000000000000e+02 9.955275314599606323e-04
4.860000000000000000e+02 9.954464784459225116e-04
4.870000000000000000e+02 9.955044349662320064e-04
4.880000000000000000e+02 9.955039349136226602e-04
4.890000000000000000e+02 9.955147412089567025e-04
4.900000000000000000e+02 9.957958624952228683e-04
4.910000000000000000e+02 9.954363266279071636e-04
4.920000000000000000e+02 9.955768172973909758e-04
4.930000000000000000e+02 9.954698076850587198e-04
4.940000000000000000e+02 9.955241417175790964e-04
4.950000000000000000e+02 9.953931322235441952e-04
4.960000000000000000e+02 9.954873452925024676e-04
4.970000000000000000e+02 9.956614775000697647e-04
4.980000000000000000e+02 9.953858651273938749e-04
4.990000000000000000e+02 9.957231556569480588e-04
5.000000000000000000e+02 9.955034870640106642e-04
5.010000000000000000e+02 9.954853211417184159e-04
5.020000000000000000e+02 9.955585644590959037e-04
5.030000000000000000e+02 9.954232555397873015e-04
5.040000000000000000e+02 9.956050547069955452e-04
5.050000000000000000e+02 9.954350717943070709e-04
5.060000000000000000e+02 9.955007015621328975e-04
5.070000000000000000e+02 9.955705352670497429e-04
5.080000000000000000e+02 9.952998345417189870e-04
5.090000000000000000e+02 9.955713966480366807e-04
5.100000000000000000e+02 9.955802465472160523e-04
5.110000000000000000e+02 9.957983275273021503e-04
5.120000000000000000e+02 9.954232281485554407e-04
5.130000000000000000e+02 9.953630212625505080e-04
5.140000000000000000e+02 9.953695225861077054e-04
5.150000000000000000e+02 9.953847796781683643e-04
5.160000000000000000e+02 9.953580500419553952e-04
5.170000000000000000e+02 9.954192848953412505e-04
5.180000000000000000e+02 9.953493506959499009e-04
5.190000000000000000e+02 9.953559800942573393e-04
5.200000000000000000e+02 9.953614674569120999e-04
5.210000000000000000e+02 9.953386771286104693e-04
5.220000000000000000e+02 9.953775236137996519e-04
5.230000000000000000e+02 9.954786429560717916e-04
5.240000000000000000e+02 9.952938481250150557e-04
5.250000000000000000e+02 9.953991411114253892e-04
5.260000000000000000e+02 9.953518408744397444e-04
5.270000000000000000e+02 9.953289804744266597e-04
5.280000000000000000e+02 9.953877866789072673e-04
5.290000000000000000e+02 9.953603606523715036e-04
5.300000000000000000e+02 9.954749533914880339e-04
5.310000000000000000e+02 9.953401808276405617e-04
5.320000000000000000e+02 9.953196206561832834e-04
5.330000000000000000e+02 9.952455546091546791e-04
5.340000000000000000e+02 9.954693300302664815e-04
5.350000000000000000e+02 9.954230736151381282e-04
5.360000000000000000e+02 9.953992419788183863e-04
5.370000000000000000e+02 9.953621231020047880e-04
5.380000000000000000e+02 9.953671796883174338e-04
5.390000000000000000e+02 9.952945370281204070e-04
5.400000000000000000e+02 9.953597830148672686e-04
5.410000000000000000e+02 9.955340106925234314e-04
5.420000000000000000e+02 9.953573417373086894e-04
5.430000000000000000e+02 9.952685181642193218e-04
5.440000000000000000e+02 9.952904248989970833e-04
5.450000000000000000e+02 9.952727642253687054e-04
5.460000000000000000e+02 9.952920579309302868e-04
5.470000000000000000e+02 9.952701082163693813e-04
5.480000000000000000e+02 9.953787467084568904e-04
5.490000000000000000e+02 9.952549368439050741e-04
5.500000000000000000e+02 9.953282178466033546e-04
5.510000000000000000e+02 9.952382502583861316e-04
5.520000000000000000e+02 9.952129481820976009e-04
5.530000000000000000e+02 9.952633607876436046e-04
5.540000000000000000e+02 9.953155060817627398e-04
5.550000000000000000e+02 9.952278620688349408e-04
5.560000000000000000e+02 9.952795479049433760e-04
5.570000000000000000e+02 9.952736207987768289e-04
5.580000000000000000e+02 9.952742945185516759e-04
5.590000000000000000e+02 9.951990756035273417e-04
5.600000000000000000e+02 9.953106118064515388e-04
5.610000000000000000e+02 9.953828554993249776e-04
5.620000000000000000e+02 9.952493280633483222e-04
5.630000000000000000e+02 9.953229038242780973e-04
5.640000000000000000e+02 9.953581348454748536e-04
5.650000000000000000e+02 9.952491333569575549e-04
5.660000000000000000e+02 9.953644738915383081e-04
5.670000000000000000e+02 9.952406423036840814e-04
5.680000000000000000e+02 9.951703232579506547e-04
5.690000000000000000e+02 9.952818235069446975e-04
5.700000000000000000e+02 9.952770371982363855e-04
5.710000000000000000e+02 9.952271437482806439e-04
5.720000000000000000e+02 9.952674459543832137e-04
5.730000000000000000e+02 9.952742332086969134e-04
5.740000000000000000e+02 9.952464516262255444e-04
5.750000000000000000e+02 9.952033549305394459e-04
5.760000000000000000e+02 9.952064629610744232e-04
5.770000000000000000e+02 9.951957441822203380e-04
5.780000000000000000e+02 9.951640375821400788e-04
5.790000000000000000e+02 9.952645836102307162e-04
5.800000000000000000e+02 9.951614726941887448e-04
5.810000000000000000e+02 9.952265051673841491e-04
5.820000000000000000e+02 9.952526045465866916e-04
5.830000000000000000e+02 9.951951326548223904e-04
5.840000000000000000e+02 9.952049079914775456e-04
5.850000000000000000e+02 9.951528089876642003e-04
5.860000000000000000e+02 9.951810530939308747e-04
5.870000000000000000e+02 9.952166957637750919e-04
5.880000000000000000e+02 9.951533039161614743e-04
5.890000000000000000e+02 9.951825345864556693e-04
5.900000000000000000e+02 9.952145972332352136e-04
5.910000000000000000e+02 9.953029945027514098e-04
5.920000000000000000e+02 9.951532960094046278e-04
5.930000000000000000e+02 9.951552601138149903e-04
5.940000000000000000e+02 9.952609897991083251e-04
5.950000000000000000e+02 9.951445894104034035e-04
5.960000000000000000e+02 9.951413305993165367e-04
5.970000000000000000e+02 9.951892004870308960e-04
5.980000000000000000e+02 9.952222775048505127e-04
5.990000000000000000e+02 9.951374190816017744e-04
6.000000000000000000e+02 9.951242223341040440e-04
6.010000000000000000e+02 9.951980081809354024e-04
6.020000000000000000e+02 9.952209874756880268e-04
6.030000000000000000e+02 9.951412187642004990e-04
6.040000000000000000e+02 9.951351718573962259e-04
6.050000000000000000e+02 9.951088793727544922e-04
6.060000000000000000e+02 9.951595685310156859e-04
6.070000000000000000e+02 9.951431094722140453e-04
6.080000000000000000e+02 9.951506023116456386e-04
6.090000000000000000e+02 9.951413889237009213e-04
6.100000000000000000e+02 9.951196639955118238e-04
6.110000000000000000e+02 9.951370541213203774e-04
6.120000000000000000e+02 9.951076958374497922e-04
6.130000000000000000e+02 9.951217292546354811e-04
6.140000000000000000e+02 9.951316601875149093e-04
6.150000000000000000e+02 9.950930382337907620e-04
6.160000000000000000e+02 9.951232810364188473e-04
6.170000000000000000e+02 9.951927229651829406e-04
6.180000000000000000e+02 9.951701253532940165e-04
6.190000000000000000e+02 9.951352294861139959e-04
6.200000000000000000e+02 9.951617874989977016e-04
6.210000000000000000e+02 9.951115340048198761e-04
6.220000000000000000e+02 9.952030919523236364e-04
6.230000000000000000e+02 9.951101255525126189e-04
6.240000000000000000e+02 9.951246531836989775e-04
6.250000000000000000e+02 9.952035428433816337e-04
6.260000000000000000e+02 9.950666907650332436e-04
6.270000000000000000e+02 9.950789555899105208e-04
6.280000000000000000e+02 9.951900226530974603e-04
6.290000000000000000e+02 9.950857474332439230e-04
6.300000000000000000e+02 9.951225727212323954e-04
6.310000000000000000e+02 9.951039176098359917e-04
6.320000000000000000e+02 9.951375920236248899e-04
6.330000000000000000e+02 9.950907510417451949e-04
6.340000000000000000e+02 9.951110428796673939e-04
6.350000000000000000e+02 9.951413921026341664e-04
6.360000000000000000e+02 9.951231896523575048e-04
6.370000000000000000e+02 9.950760060915466582e-04
6.380000000000000000e+02 9.951067675787452979e-04
6.390000000000000000e+02 9.950954214506917139e-04
6.400000000000000000e+02 9.951516844845791510e-04
6.410000000000000000e+02 9.950921160365251619e-04
6.420000000000000000e+02 9.951029026376303176e-04
6.430000000000000000e+02 9.951003972695484853e-04
6.440000000000000000e+02 9.951424291169709817e-04
6.450000000000000000e+02 9.950555624157395290e-04
6.460000000000000000e+02 9.950751519648979096e-04
6.470000000000000000e+02 9.950878843888561701e-04
6.480000000000000000e+02 9.950847226256158418e-04
6.490000000000000000e+02 9.950811274696477748e-04
6.500000000000000000e+02 9.950808705151087483e-04
6.510000000000000000e+02 9.950643068558325584e-04
6.520000000000000000e+02 9.951015894519318981e-04
6.530000000000000000e+02 9.950721425732618475e-04
6.540000000000000000e+02 9.950491133915327288e-04
6.550000000000000000e+02 9.951552471502305743e-04
6.560000000000000000e+02 9.950729025760662438e-04
6.570000000000000000e+02 9.950941405176168264e-04
6.580000000000000000e+02 9.950874292145609964e-04
6.590000000000000000e+02 9.950897503370470520e-04
6.600000000000000000e+02 9.950807831740899993e-04
6.610000000000000000e+02 9.950703154982616563e-04
6.620000000000000000e+02 9.951155160580348220e-04
6.630000000000000000e+02 9.950700155848214365e-04
6.640000000000000000e+02 9.950663638160443109e-04
6.650000000000000000e+02 9.951000565935250695e-04
6.660000000000000000e+02 9.950449063177207922e-04
6.670000000000000000e+02 9.950611180668481742e-04
6.680000000000000000e+02 9.950591214526653770e-04
6.690000000000000000e+02 9.950901824772218247e-04
6.700000000000000000e+02 9.950947782039788747e-04
6.710000000000000000e+02 9.950486151359414291e-04
6.720000000000000000e+02 9.950497188849802103e-04
6.730000000000000000e+02 9.950362761364328710e-04
6.740000000000000000e+02 9.950527630607490948e-04
6.750000000000000000e+02 9.950576876258849807e-04
6.760000000000000000e+02 9.950514688681442316e-04
6.770000000000000000e+02 9.950836347465848424e-04
6.780000000000000000e+02 9.950601621495343361e-04
6.790000000000000000e+02 9.950795886148500625e-04
6.800000000000000000e+02 9.950563972200259909e-04
6.810000000000000000e+02 9.950357566672330106e-04
6.820000000000000000e+02 9.951133768411313772e-04
6.830000000000000000e+02 9.950390009162710450e-04
6.840000000000000000e+02 9.950636093036351309e-04
6.850000000000000000e+02 9.950313519516305535e-04
6.860000000000000000e+02 9.950463851379608843e-04
6.870000000000000000e+02 9.950748161054847121e-04
6.880000000000000000e+02 9.950319484932244538e-04
6.890000000000000000e+02 9.950419352541628546e-04
6.900000000000000000e+02 9.950515940827771647e-04
6.910000000000000000e+02 9.950479351392960657e-04
6.920000000000000000e+02 9.950474615709652484e-04
6.930000000000000000e+02 9.950339060426376028e-04
6.940000000000000000e+02 9.950357054220684318e-04
6.950000000000000000e+02 9.950329657027652281e-04
6.960000000000000000e+02 9.950439304317370073e-04
6.970000000000000000e+02 9.950613131002484114e-04
6.980000000000000000e+02 9.950473906229669041e-04
6.990000000000000000e+02 9.950202569080615535e-04
7.000000000000000000e+02 9.950517879568760143e-04
7.010000000000000000e+02 9.950336007333577919e-04
7.020000000000000000e+02 9.950214034726606767e-04
7.030000000000000000e+02 9.950253778793160218e-04
7.040000000000000000e+02 9.950376215158963054e-04
7.050000000000000000e+02 9.950465716054048004e-04
7.060000000000000000e+02 9.950253530879020914e-04
7.070000000000000000e+02 9.950297310008756387e-04
7.080000000000000000e+02 9.950377212433112167e-04
7.090000000000000000e+02 9.950204435924354593e-04
7.100000000000000000e+02 9.950219167660233517e-04
7.110000000000000000e+02 9.950670223428258101e-04
7.120000000000000000e+02 9.950253842854344961e-04
7.130000000000000000e+02 9.950266292947070393e-04
7.140000000000000000e+02 9.950157785291720378e-04
7.150000000000000000e+02 9.950229740291281072e-04
7.160000000000000000e+02 9.950238302928128466e-04
7.170000000000000000e+02 9.950325216252534858e-04
7.180000000000000000e+02 9.950166434886794850e-04
7.190000000000000000e+02 9.950136993430913537e-04
7.200000000000000000e+02 9.950322776424752776e-04
7.210000000000000000e+02 9.950227905065902288e-04
7.220000000000000000e+02 9.950400530446216335e-04
7.230000000000000000e+02 9.950220556980554631e-04
7.240000000000000000e+02 9.950228197170602092e-04
7.250000000000000000e+02 9.950226526326416427e-04
7.260000000000000000e+02 9.950313243154058646e-04
7.270000000000000000e+02 9.950238177233860105e-04
7.280000000000000000e+02 9.950112039449829360e-04
7.290000000000000000e+02 9.950425361775294773e-04
7.300000000000000000e+02 9.950144092958383354e-04
7.310000000000000000e+02 9.950150981764226393e-04
7.320000000000000000e+02 9.950155097919518438e-04
7.330000000000000000e+02 9.950186168532922613e-04
7.340000000000000000e+02 9.950181340774746745e-04
7.350000000000000000e+02 9.950037960384026763e-04
7.360000000000000000e+02 9.950055702195822506e-04
7.370000000000000000e+02 9.950132563424447709e-04
7.380000000000000000e+02 9.950085340051611875e-04
7.390000000000000000e+02 9.950090497365035851e-04
7.400000000000000000e+02 9.950257556044824880e-04
7.410000000000000000e+02 9.950105770875940225e-04
7.420000000000000000e+02 9.950046118779444330e-04
7.430000000000000000e+02 9.950117624225843400e-04
7.440000000000000000e+02 9.950105549228378810e-04
7.450000000000000000e+02 9.950358392135886122e-04
7.460000000000000000e+02 9.950001035894495260e-04
7.470000000000000000e+02 9.950065602536840425e-04
7.480000000000000000e+02 9.950106594961507806e-04
7.490000000000000000e+02 9.950140149167941567e-04
7.500000000000000000e+02 9.950019516196729509e-04
7.510000000000000000e+02 9.950034773251786781e-04
7.520000000000000000e+02 9.950096241297318785e-04
7.530000000000000000e+02 9.950010786676879472e-04
7.540000000000000000e+02 9.949973844667321741e-04
7.550000000000000000e+02 9.950193293720090322e-04
7.560000000000000000e+02 9.949967514792067147e-04
7.570000000000000000e+02 9.949993356943385298e-04
7.580000000000000000e+02 9.950007082414028155e-04
7.590000000000000000e+02 9.949949929849417982e-04
7.600000000000000000e+02 9.950028338007327073e-04
7.610000000000000000e+02 9.949969441839774751e-04
7.620000000000000000e+02 9.949991894838605602e-04
7.630000000000000000e+02 9.950043578499324828e-04
7.640000000000000000e+02 9.949963313506927053e-04
7.650000000000000000e+02 9.950103194961777264e-04
7.660000000000000000e+02 9.949954631112377639e-04
7.670000000000000000e+02 9.949938434823646892e-04
7.680000000000000000e+02 9.950182526163031671e-04
7.690000000000000000e+02 9.949960422154478790e-04
7.700000000000000000e+02 9.949973742901657703e-04
7.710000000000000000e+02 9.949993152241964553e-04
7.720000000000000000e+02 9.949945716811198909e-04
7.730000000000000000e+02 9.949927079578784004e-04
7.740000000000000000e+02 9.949987448650812662e-04
7.750000000000000000e+02 9.950070941810238833e-04
7.760000000000000000e+02 9.949999319914177350e-04
7.770000000000000000e+02 9.950068453135432235e-04
7.780000000000000000e+02 9.949925104587081705e-04
7.790000000000000000e+02 9.949964020931985256e-04
7.800000000000000000e+02 9.949921363815793056e-04
7.810000000000000000e+02 9.949925290453119978e-04
7.820000000000000000e+02 9.949904982698685747e-04
7.830000000000000000e+02 9.949876673349010089e-04
7.840000000000000000e+02 9.949928414632850000e-04
7.850000000000000000e+02 9.949997541762222245e-04
7.860000000000000000e+02 9.949890844293568948e-04
7.870000000000000000e+02 9.950089991773291166e-04
7.880000000000000000e+02 9.949949277354964115e-04
7.890000000000000000e+02 9.949904051812265282e-04
7.900000000000000000e+02 9.949901596357738510e-04
7.910000000000000000e+02 9.949872478353784331e-04
7.920000000000000000e+02 9.949872894575075705e-04
7.930000000000000000e+02 9.949935174744558696e-04
7.940000000000000000e+02 9.949890180936033814e-04
7.950000000000000000e+02 9.949905075791445810e-04
7.960000000000000000e+02 9.949885806446862307e-04
7.970000000000000000e+02 9.949875184205960767e-04
7.980000000000000000e+02 9.949965912817732711e-04
7.990000000000000000e+02 9.949843129270158695e-04
8.000000000000000000e+02 9.949880121238958899e-04
8.010000000000000000e+02 9.949913589073966155e-04
8.020000000000000000e+02 9.949832545972606569e-04
8.030000000000000000e+02 9.949880552244114509e-04
8.040000000000000000e+02 9.949963007029869778e-04
8.050000000000000000e+02 9.949964439388443976e-04
8.060000000000000000e+02 9.949827784518944663e-04
8.070000000000000000e+02 9.949925020395745077e-04
8.080000000000000000e+02 9.949814651573354266e-04
8.090000000000000000e+02 9.949828620323996134e-04
8.100000000000000000e+02 9.949858464746216130e-04
8.110000000000000000e+02 9.949870233872774861e-04
8.120000000000000000e+02 9.949849228339431324e-04
8.130000000000000000e+02 9.949847156062729958e-04
8.140000000000000000e+02 9.949842076732631074e-04
8.150000000000000000e+02 9.949887102050332735e-04
8.160000000000000000e+02 9.949869443568765560e-04
8.170000000000000000e+02 9.949812351479456370e-04
8.180000000000000000e+02 9.949897707333752849e-04
8.190000000000000000e+02 9.949874190570754100e-04
8.200000000000000000e+02 9.949796374171214746e-04
8.210000000000000000e+02 9.949857118822522453e-04
8.220000000000000000e+02 9.949852996047430214e-04
8.230000000000000000e+02 9.949857128490784738e-04
8.240000000000000000e+02 9.949895485451970556e-04
8.250000000000000000e+02 9.949853889178435565e-04
8.260000000000000000e+02 9.949832747393545958e-04
8.270000000000000000e+02 9.949803262721712994e-04
8.280000000000000000e+02 9.949814532017339872e-04
8.290000000000000000e+02 9.949800287249695781e-04
8.300000000000000000e+02 9.949877924557673677e-04
8.310000000000000000e+02 9.949805956825006313e-04
8.320000000000000000e+02 9.949817032552481233e-04
8.330000000000000000e+02 9.949807827164627340e-04
8.340000000000000000e+02 9.949901936056862375e-04
8.350000000000000000e+02 9.949841079317999718e-04
8.360000000000000000e+02 9.949811673726908275e-04
8.370000000000000000e+02 9.949777463214969780e-04
8.380000000000000000e+02 9.949879835652736260e-04
8.390000000000000000e+02 9.949780985229873895e-04
8.400000000000000000e+02 9.949776214555480173e-04
8.410000000000000000e+02 9.949825922977465972e-04
8.420000000000000000e+02 9.949808870238279965e-04
8.430000000000000000e+02 9.949903742995293721e-04
8.440000000000000000e+02 9.949786841924844472e-04
8.450000000000000000e+02 9.949781622549888366e-04
8.460000000000000000e+02 9.949846709309301436e-04
8.470000000000000000e+02 9.949774332879382684e-04
8.480000000000000000e+02 9.949830971755890385e-04
8.490000000000000000e+02 9.949787635451280438e-04
8.500000000000000000e+02 9.949773511437791720e-04
8.510000000000000000e+02 9.949777482990960521e-04
8.520000000000000000e+02 9.949792799401411657e-04
8.530000000000000000e+02 9.949820987629870959e-04
8.540000000000000000e+02 9.949793110818358575e-04
8.550000000000000000e+02 9.949763109866180313e-04
8.560000000000000000e+02 9.949787704387771069e-04
8.570000000000000000e+02 9.949799974837540174e-04
8.580000000000000000e+02 9.949792954832212266e-04
8.590000000000000000e+02 9.949764909809239496e-04
8.600000000000000000e+02 9.949789242650387312e-04
8.610000000000000000e+02 9.949751598884988644e-04
8.620000000000000000e+02 9.949765843534270383e-04
8.630000000000000000e+02 9.949813540870260098e-04
8.640000000000000000e+02 9.949750253356974550e-04
8.650000000000000000e+02 9.949768961081157260e-04
8.660000000000000000e+02 9.949746987227368195e-04
8.670000000000000000e+02 9.949751573749582734e-04
8.680000000000000000e+02 9.949777731275001418e-04
8.690000000000000000e+02 9.949741767728685106e-04
8.700000000000000000e+02 9.949760940295205615e-04
8.710000000000000000e+02 9.949779716412622110e-04
8.720000000000000000e+02 9.949761514721315592e-04
8.730000000000000000e+02 9.949750755425209627e-04
8.740000000000000000e+02 9.949746980870541237e-04
8.750000000000000000e+02 9.949746287501439954e-04
8.760000000000000000e+02 9.949784262895974667e-04
8.770000000000000000e+02 9.949773288521019873e-04
8.780000000000000000e+02 9.949755952058882049e-04
8.790000000000000000e+02 9.949782286272467868e-04
8.800000000000000000e+02 9.949761559710471222e-04
8.810000000000000000e+02 9.949767249500690060e-04
8.820000000000000000e+02 9.949773543573038875e-04
8.830000000000000000e+02 9.949742764051991081e-04
8.840000000000000000e+02 9.949767275019706213e-04
8.850000000000000000e+02 9.949736330784797380e-04
8.860000000000000000e+02 9.949743089560248582e-04
8.870000000000000000e+02 9.949721000200209119e-04
8.880000000000000000e+02 9.949748567034560377e-04
8.890000000000000000e+02 9.949723291769691034e-04
8.900000000000000000e+02 9.949769894569795211e-04
8.910000000000000000e+02 9.949737055374723201e-04
8.920000000000000000e+02 9.949721518819586163e-04
8.930000000000000000e+02 9.949788768914078884e-04
8.940000000000000000e+02 9.949735201801447430e-04
8.950000000000000000e+02 9.949737265080116442e-04
8.960000000000000000e+02 9.949760707374185904e-04
8.970000000000000000e+02 9.949758807002251435e-04
8.980000000000000000e+02 9.949713232966484432e-04
8.990000000000000000e+02 9.949771404752466401e-04
9.000000000000000000e+02 9.949727586731228063e-04
9.010000000000000000e+02 9.949716819338831533e-04
9.020000000000000000e+02 9.949714738807906040e-04
9.030000000000000000e+02 9.949743515505189793e-04
9.040000000000000000e+02 9.949714501392571252e-04
9.050000000000000000e+02 9.949717012802752631e-04
9.060000000000000000e+02 9.949727601771816195e-04
9.070000000000000000e+02 9.949727461447466833e-04
9.080000000000000000e+02 9.949710434156418346e-04
9.090000000000000000e+02 9.949713157262440703e-04
9.100000000000000000e+02 9.949730219327085953e-04
9.110000000000000000e+02 9.949705387691262868e-04
9.120000000000000000e+02 9.949724362763787393e-04
9.130000000000000000e+02 9.949716606545979617e-04
9.140000000000000000e+02 9.949752112755547162e-04
9.150000000000000000e+02 9.949732404714907181e-04
9.160000000000000000e+02 9.949706521049947548e-04
9.170000000000000000e+02 9.949712080939017954e-04
9.180000000000000000e+02 9.949706662942326470e-04
9.190000000000000000e+02 9.949726345456024780e-04
9.200000000000000000e+02 9.949724078276178142e-04
9.210000000000000000e+02 9.949712044486427875e-04
9.220000000000000000e+02 9.949696774854848748e-04
9.230000000000000000e+02 9.949705009102067284e-04
9.240000000000000000e+02 9.949730375508932922e-04
9.250000000000000000e+02 9.949703672544230222e-04
9.260000000000000000e+02 9.949693555107858023e-04
9.270000000000000000e+02 9.949691639870087128e-04
9.280000000000000000e+02 9.949714047016188813e-04
9.290000000000000000e+02 9.949737290049435589e-04
9.300000000000000000e+02 9.949706891201148904e-04
9.310000000000000000e+02 9.949707248866008005e-04
9.320000000000000000e+02 9.949695125324243324e-04
9.330000000000000000e+02 9.949698423962673871e-04
9.340000000000000000e+02 9.949694815533118280e-04
9.350000000000000000e+02 9.949701282165944287e-04
9.360000000000000000e+02 9.949693265708424786e-04
9.370000000000000000e+02 9.949698702043756338e-04
9.380000000000000000e+02 9.949699200321572914e-04
9.390000000000000000e+02 9.949705120551929211e-04
9.400000000000000000e+02 9.949687365841848596e-04
9.410000000000000000e+02 9.949706655405479890e-04
9.420000000000000000e+02 9.949691467506717891e-04
9.430000000000000000e+02 9.949690680810909568e-04
9.440000000000000000e+02 9.949687972430215372e-04
9.450000000000000000e+02 9.949679767041579026e-04
9.460000000000000000e+02 9.949689268940484308e-04
9.470000000000000000e+02 9.949686525256603957e-04
9.480000000000000000e+02 9.949701258511447956e-04
9.490000000000000000e+02 9.949693241952271491e-04
9.500000000000000000e+02 9.949719043232476724e-04
9.510000000000000000e+02 9.949705403162767154e-04
9.520000000000000000e+02 9.949681501481748638e-04
9.530000000000000000e+02 9.949684568239659625e-04
9.540000000000000000e+02 9.949693051118540296e-04
9.550000000000000000e+02 9.949682157827451252e-04
9.560000000000000000e+02 9.949710806549819184e-04
9.570000000000000000e+02 9.949696510133296777e-04
9.580000000000000000e+02 9.949682742216247287e-04
9.590000000000000000e+02 9.949689151091869327e-04
9.600000000000000000e+02 9.949677825068137162e-04
9.610000000000000000e+02 9.949707120681301233e-04
9.620000000000000000e+02 9.949678797141114830e-04
9.630000000000000000e+02 9.949683559835249304e-04
9.640000000000000000e+02 9.949677772982349223e-04
9.650000000000000000e+02 9.949682492876039518e-04
9.660000000000000000e+02 9.949692228006876832e-04
9.670000000000000000e+02 9.949686789283661553e-04
9.680000000000000000e+02 9.949666530708642202e-04
9.690000000000000000e+02 9.949695858681171026e-04
9.700000000000000000e+02 9.949680754914981898e-04
9.710000000000000000e+02 9.949716182894156359e-04
9.720000000000000000e+02 9.949669511307818962e-04
9.730000000000000000e+02 9.949687170524841671e-04
9.740000000000000000e+02 9.949666948189756985e-04
9.750000000000000000e+02 9.949690606413765306e-04
9.760000000000000000e+02 9.949668820494550828e-04
9.770000000000000000e+02 9.949672280909380943e-04
9.780000000000000000e+02 9.949666338270450085e-04
9.790000000000000000e+02 9.949669669250692152e-04
9.800000000000000000e+02 9.949667400493188239e-04
9.810000000000000000e+02 9.949670624234288694e-04
9.820000000000000000e+02 9.949670541512930719e-04
9.830000000000000000e+02 9.949674176388978875e-04
9.840000000000000000e+02 9.949661312417523978e-04
9.850000000000000000e+02 9.949659629178615478e-04
9.860000000000000000e+02 9.949713831494981162e-04
9.870000000000000000e+02 9.949682197699584625e-04
9.880000000000000000e+02 9.949668764831171106e-04
9.890000000000000000e+02 9.949675946243298399e-04
9.900000000000000000e+02 9.949676051872187281e-04
9.910000000000000000e+02 9.949669377263478665e-04
9.920000000000000000e+02 9.949675363039550517e-04
9.930000000000000000e+02 9.949701114112686345e-04
9.940000000000000000e+02 9.949736403054290287e-04
9.950000000000000000e+02 9.949663596048822362e-04
9.960000000000000000e+02 9.949692273629425539e-04
9.970000000000000000e+02 9.949658901441393866e-04
9.980000000000000000e+02 9.949658458635358971e-04
9.990000000000000000e+02 9.949655131040468798e-04
1.000000000000000000e+03 9.949664047233808001e-04
1.001000000000000000e+03 9.949661144337067741e-04
1.002000000000000000e+03 9.949667570386872863e-04
1.003000000000000000e+03 9.949660992634205229e-04
1.004000000000000000e+03 9.949649986894159789e-04
1.005000000000000000e+03 9.949654228605540798e-04
1.006000000000000000e+03 9.949649750655500946e-04
1.007000000000000000e+03 9.949651852975331754e-04
1.008000000000000000e+03 9.949645122808146482e-04
1.009000000000000000e+03 9.949654372723398636e-04
1.010000000000000000e+03 9.949674535946889664e-04
1.011000000000000000e+03 9.949652866251441907e-04
1.012000000000000000e+03 9.949660227119121181e-04
1.013000000000000000e+03 9.949646506232799528e-04
1.014000000000000000e+03 9.949645403666837820e-04
1.015000000000000000e+03 9.949709530447739276e-04
1.016000000000000000e+03 9.949648212785114354e-04
1.017000000000000000e+03 9.949664954395798927e-04
1.018000000000000000e+03 9.949648709423211754e-04
1.019000000000000000e+03 9.949645092000962421e-04
1.020000000000000000e+03 9.949655338208933039e-04
1.021000000000000000e+03 9.949654927999644627e-04
1.022000000000000000e+03 9.949640270918872018e-04
1.023000000000000000e+03 9.949651206460456698e-04
1.024000000000000000e+03 9.949640401533369101e-04
1.025000000000000000e+03 9.949664824476093291e-04
1.026000000000000000e+03 9.949642669684433203e-04
1.027000000000000000e+03 9.949650123851020572e-04
1.028000000000000000e+03 9.949636600232651760e-04
1.029000000000000000e+03 9.949634893551733208e-04
1.030000000000000000e+03 9.949640622711744195e-04
1.031000000000000000e+03 9.949632754255061540e-04
1.032000000000000000e+03 9.949658931831758570e-04
1.033000000000000000e+03 9.949652243538692487e-04
1.034000000000000000e+03 9.949636240267397541e-04
1.035000000000000000e+03 9.949640930876967135e-04
1.036000000000000000e+03 9.949633890357348007e-04
1.037000000000000000e+03 9.949674276891855296e-04
1.038000000000000000e+03 9.949660467091241047e-04
1.039000000000000000e+03 9.949663834219874253e-04
1.040000000000000000e+03 9.949649425279119292e-04
1.041000000000000000e+03 9.949641158026446917e-04
1.042000000000000000e+03 9.949646608467135975e-04
1.043000000000000000e+03 9.949646789407526684e-04
1.044000000000000000e+03 9.949633233963693299e-04
1.045000000000000000e+03 9.949627843055066680e-04
1.046000000000000000e+03 9.949628940160669659e-04
1.047000000000000000e+03 9.949643374254218964e-04
1.048000000000000000e+03 9.949638384145890243e-04
1.049000000000000000e+03 9.949633082450741808e-04
1.050000000000000000e+03 9.949641163453863246e-04
1.051000000000000000e+03 9.949648015893316783e-04
1.052000000000000000e+03 9.949641033439472065e-04
1.053000000000000000e+03 9.949623235517496885e-04
1.054000000000000000e+03 9.949684901372319538e-04
1.055000000000000000e+03 9.949706686973225269e-04
1.056000000000000000e+03 9.949624646815717101e-04
1.057000000000000000e+03 9.949620127589755766e-04
1.058000000000000000e+03 9.949640264454511721e-04
1.059000000000000000e+03 9.949648058981738069e-04
1.060000000000000000e+03 9.949617975232715340e-04
1.061000000000000000e+03 9.949632710544958729e-04
1.062000000000000000e+03 9.949662859025727897e-04
1.063000000000000000e+03 9.949615243980444550e-04
1.064000000000000000e+03 9.949639211061151768e-04
1.065000000000000000e+03 9.949652565355367358e-04
1.066000000000000000e+03 9.949627252100268562e-04
1.067000000000000000e+03 9.949633667296765415e-04
1.068000000000000000e+03 9.949614940661379806e-04
1.069000000000000000e+03 9.949618269451828388e-04
1.070000000000000000e+03 9.949627575139552687e-04
1.071000000000000000e+03 9.949615877027290830e-04
1.072000000000000000e+03 9.949611845706360543e-04
1.073000000000000000e+03 9.949627824365910554e-04
1.074000000000000000e+03 9.949637719605330076e-04
1.075000000000000000e+03 9.949649823282682992e-04
1.076000000000000000e+03 9.949609037618932592e-04
1.077000000000000000e+03 9.949624875809524524e-04
1.078000000000000000e+03 9.949628569137886850e-04
1.079000000000000000e+03 9.949618158811956558e-04
1.080000000000000000e+03 9.949611416954315824e-04
1.081000000000000000e+03 9.949614677535714886e-04
1.082000000000000000e+03 9.949610397754020917e-04
1.083000000000000000e+03 9.949614932416460302e-04
1.084000000000000000e+03 9.949611237898068998e-04
1.085000000000000000e+03 9.949616921668092643e-04
1.086000000000000000e+03 9.949643557059472104e-04
1.087000000000000000e+03 9.949621471771687327e-04
1.088000000000000000e+03 9.949609020387525319e-04
1.089000000000000000e+03 9.949651584039362340e-04
1.090000000000000000e+03 9.949607649707902998e-04
1.091000000000000000e+03 9.949606593661365888e-04
1.092000000000000000e+03 9.949610923864146434e-04
1.093000000000000000e+03 9.949611164839487244e-04
1.094000000000000000e+03 9.949607160256836516e-04
1.095000000000000000e+03 9.949622459423722136e-04
1.096000000000000000e+03 9.949609594881606098e-04
1.097000000000000000e+03 9.949627717413657511e-04
1.098000000000000000e+03 9.949633585649259818e-04
1.099000000000000000e+03 9.949601163640512357e-04
1.100000000000000000e+03 9.949599573693143715e-04
1.101000000000000000e+03 9.949599959254325221e-04
1.102000000000000000e+03 9.949597537676439091e-04
1.103000000000000000e+03 9.949599152850971840e-04
1.104000000000000000e+03 9.949615707659890951e-04
1.105000000000000000e+03 9.949625104800684326e-04
1.106000000000000000e+03 9.949598536824145936e-04
1.107000000000000000e+03 9.949592938837577283e-04
1.108000000000000000e+03 9.949598331520403179e-04
1.109000000000000000e+03 9.949613248079918534e-04
1.110000000000000000e+03 9.949635196062642326e-04
1.111000000000000000e+03 9.949634253584929700e-04
1.112000000000000000e+03 9.949598118814439226e-04
1.113000000000000000e+03 9.949594983185156959e-04
1.114000000000000000e+03 9.949613236192413664e-04
1.115000000000000000e+03 9.949615580651283327e-04
1.116000000000000000e+03 9.949590932548854887e-04
1.117000000000000000e+03 9.949590582442944912e-04
1.118000000000000000e+03 9.949590083123606866e-04
1.119000000000000000e+03 9.949591486781647360e-04
1.120000000000000000e+03 9.949595164588619089e-04
1.121000000000000000e+03 9.949599212530518301e-04
1.122000000000000000e+03 9.949595419185160421e-04
1.123000000000000000e+03 9.949588513927538208e-04
1.124000000000000000e+03 9.949609661031129024e-04
1.125000000000000000e+03 9.949597933380082554e-04
1.126000000000000000e+03 9.949595240782681000e-04
1.127000000000000000e+03 9.949599485428659018e-04
1.128000000000000000e+03 9.949601114086006892e-04
1.129000000000000000e+03 9.949591599717213207e-04
1.130000000000000000e+03 9.949614559478993803e-04
1.131000000000000000e+03 9.949611624861900202e-04
1.132000000000000000e+03 9.949587581379681998e-04
1.133000000000000000e+03 9.949585688495180512e-04
1.134000000000000000e+03 9.949580070858113183e-04
1.135000000000000000e+03 9.949596330681331931e-04
1.136000000000000000e+03 9.949587058362264862e-04
1.137000000000000000e+03 9.949588333058089016e-04
1.138000000000000000e+03 9.949591879729199027e-04
1.139000000000000000e+03 9.949584927832441118e-04
1.140000000000000000e+03 9.949593586945049920e-04
1.141000000000000000e+03 9.949583284058587107e-04
1.142000000000000000e+03 9.949582669832790147e-04
1.143000000000000000e+03 9.949584960571072802e-04
1.144000000000000000e+03 9.949587480916829985e-04
1.145000000000000000e+03 9.949606328970175915e-04
1.146000000000000000e+03 9.949611292095730981e-04
1.147000000000000000e+03 9.949583711510202877e-04
1.148000000000000000e+03 9.949596588107215926e-04
1.149000000000000000e+03 9.949591730178738037e-04
1.150000000000000000e+03 9.949588437894007608e-04
1.151000000000000000e+03 9.949629386691327161e-04
1.152000000000000000e+03 9.949577737632488757e-04
1.153000000000000000e+03 9.949588830019664640e-04
1.154000000000000000e+03 9.949579369014714247e-04
1.155000000000000000e+03 9.949574166383827380e-04
1.156000000000000000e+03 9.949577078308786352e-04
1.157000000000000000e+03 9.949573595305655650e-04
1.158000000000000000e+03 9.949574261662536348e-04
1.159000000000000000e+03 9.949571849494289084e-04
1.160000000000000000e+03 9.949574040953070020e-04
1.161000000000000000e+03 9.949575877931152688e-04
1.162000000000000000e+03 9.949578161859698108e-04
1.163000000000000000e+03 9.949578098215746888e-04
1.164000000000000000e+03 9.949570487156607183e-04
1.165000000000000000e+03 9.949594102518805484e-04
1.166000000000000000e+03 9.949572490786130763e-04
1.167000000000000000e+03 9.949569487390722954e-04
1.168000000000000000e+03 9.949576152655595102e-04
1.169000000000000000e+03 9.949576433298530208e-04
1.170000000000000000e+03 9.949567969789988205e-04
1.171000000000000000e+03 9.949583193716408924e-04
1.172000000000000000e+03 9.949565130596082184e-04
1.173000000000000000e+03 9.949571566096257480e-04
1.174000000000000000e+03 9.949574721090669906e-04
1.175000000000000000e+03 9.949569839360981448e-04
1.176000000000000000e+03 9.949584723026754819e-04
1.177000000000000000e+03 9.949568170298111764e-04
1.178000000000000000e+03 9.949569173308739876e-04
1.179000000000000000e+03 9.949578426113067729e-04
1.180000000000000000e+03 9.949570480784386724e-04
1.181000000000000000e+03 9.949589277190727839e-04
1.182000000000000000e+03 9.949573541439024442e-04
1.183000000000000000e+03 9.949567536137518802e-04
1.184000000000000000e+03 9.949568836522229738e-04
1.185000000000000000e+03 9.949575329051380760e-04
1.186000000000000000e+03 9.949585376193832535e-04
1.187000000000000000e+03 9.949562942637791077e-04
1.188000000000000000e+03 9.949563797613304207e-04
1.189000000000000000e+03 9.949561609926343368e-04
1.190000000000000000e+03 9.949559215462816172e-04
1.191000000000000000e+03 9.949562935716675920e-04
1.192000000000000000e+03 9.949571414721262042e-04
1.193000000000000000e+03 9.949568034132709893e-04
1.194000000000000000e+03 9.949559700806469460e-04
1.195000000000000000e+03 9.949587070298756154e-04
1.196000000000000000e+03 9.949587787396419955e-04
1.197000000000000000e+03 9.949560625745097753e-04
1.198000000000000000e+03 9.949568322500333944e-04
1.199000000000000000e+03 9.949567541985011431e-04
1.200000000000000000e+03 9.949572906262655475e-04
1.201000000000000000e+03 9.949564135346283811e-04
1.202000000000000000e+03 9.949551309469408487e-04
1.203000000000000000e+03 9.949557242370193726e-04
1.204000000000000000e+03 9.949555849729629226e-04
1.205000000000000000e+03 9.949565504032259998e-04
1.206000000000000000e+03 9.949557969518758611e-04
1.207000000000000000e+03 9.949568255894596092e-04
1.208000000000000000e+03 9.949574597891400109e-04
1.209000000000000000e+03 9.949569937082885802e-04
1.210000000000000000e+03 9.949553877431913454e-04
1.211000000000000000e+03 9.949576826090095541e-04
1.212000000000000000e+03 9.949583878149448682e-04
1.213000000000000000e+03 9.949561589953064694e-04
1.214000000000000000e+03 9.949551648672060999e-04
1.215000000000000000e+03 9.949555752972885983e-04
1.216000000000000000e+03 9.949573517887631401e-04
1.217000000000000000e+03 9.949566285569252239e-04
1.218000000000000000e+03 9.949586061684431281e-04
1.219000000000000000e+03 9.949568164407164312e-04
1.220000000000000000e+03 9.949564120872646678e-04
1.221000000000000000e+03 9.949550790257699270e-04
1.222000000000000000e+03 9.949555651161078301e-04
1.223000000000000000e+03 9.949544822732052460e-04
1.224000000000000000e+03 9.949550080537649614e-04
1.225000000000000000e+03 9.949550218714231335e-04
1.226000000000000000e+03 9.949559159186964138e-04
1.227000000000000000e+03 9.949596834790764080e-04
1.228000000000000000e+03 9.949534329063375402e-04
1.229000000000000000e+03 9.949547963739380826e-04
1.230000000000000000e+03 9.949543860908447758e-04
1.231000000000000000e+03 9.949561191810417371e-04
1.232000000000000000e+03 9.949561822018638049e-04
1.233000000000000000e+03 9.949564680332252057e-04
1.234000000000000000e+03 9.949558104096370252e-04
1.235000000000000000e+03 9.949543507459432910e-04
1.236000000000000000e+03 9.949545045861106756e-04
1.237000000000000000e+03 9.949554567226029378e-04
1.238000000000000000e+03 9.949546161269831341e-04
1.239000000000000000e+03 9.949558356091110431e-04
1.240000000000000000e+03 9.949543166275936525e-04
1.241000000000000000e+03 9.949550200918223612e-04
1.242000000000000000e+03 9.949541457377275924e-04
1.243000000000000000e+03 9.949541877624201291e-04
1.244000000000000000e+03 9.949557727718571967e-04
1.245000000000000000e+03 9.949555094959504787e-04
1.246000000000000000e+03 9.949543350127763516e-04
1.247000000000000000e+03 9.949544546785614452e-04
1.248000000000000000e+03 9.949554546743891257e-04
1.249000000000000000e+03 9.949564482610705890e-04
1.250000000000000000e+03 9.949552071828304117e-04
1.251000000000000000e+03 9.949547410664186676e-04
1.252000000000000000e+03 9.949540126736613165e-04
1.253000000000000000e+03 9.949549414292686769e-04
1.254000000000000000e+03 9.949535921512189275e-04
1.255000000000000000e+03 9.949537431484559939e-04
1.256000000000000000e+03 9.949558037115758657e-04
1.257000000000000000e+03 9.949547130547378021e-04
1.258000000000000000e+03 9.949569915487467206e-04
1.259000000000000000e+03 9.949544264164229389e-04
1.260000000000000000e+03 9.949538312457703766e-04
1.261000000000000000e+03 9.949554508432091778e-04
1.262000000000000000e+03 9.949533450561384197e-04
1.263000000000000000e+03 9.949542639655023848e-04
1.264000000000000000e+03 9.949548237850225525e-04
1.265000000000000000e+03 9.949538397854447696e-04
1.266000000000000000e+03 9.949535542241808982e-04
1.267000000000000000e+03 9.949546765394574194e-04
1.268000000000000000e+03 9.949540423878529272e-04
1.269000000000000000e+03 9.949534210257208241e-04
1.270000000000000000e+03 9.949534976565544472e-04
1.271000000000000000e+03 9.949545943937639601e-04
1.272000000000000000e+03 9.949538584947000518e-04
1.273000000000000000e+03 9.949547535975105002e-04
1.274000000000000000e+03 9.949549444939428423e-04
1.275000000000000000e+03 9.949538241662682445e-04
1.276000000000000000e+03 9.949525817374218085e-04
1.277000000000000000e+03 9.949532470120104818e-04
1.278000000000000000e+03 9.949536934426767877e-04
1.279000000000000000e+03 9.949527454775821279e-04
1.280000000000000000e+03 9.949529805064964271e-04
1.281000000000000000e+03 9.949531866468095797e-04
1.282000000000000000e+03 9.949527828339277923e-04
1.283000000000000000e+03 9.949527832163961548e-04
1.284000000000000000e+03 9.949563031233855156e-04
1.285000000000000000e+03 9.949555880410111252e-04
1.286000000000000000e+03 9.949533074441151148e-04
1.287000000000000000e+03 9.949523313761887613e-04
1.288000000000000000e+03 9.949524633680729806e-04
1.289000000000000000e+03 9.949533007713449225e-04
1.290000000000000000e+03 9.949535782871488793e-04
1.291000000000000000e+03 9.949543456177513661e-04
1.292000000000000000e+03 9.949531382842024749e-04
1.293000000000000000e+03 9.949525997453847678e-04
1.294000000000000000e+03 9.949526185343182845e-04
1.295000000000000000e+03 9.949538596896682213e-04
1.296000000000000000e+03 9.949556550880222974e-04
1.297000000000000000e+03 9.949528868458989202e-04
1.298000000000000000e+03 9.949538682896559138e-04
1.299000000000000000e+03 9.949532035774056107e-04
1.300000000000000000e+03 9.949530360298746400e-04
1.301000000000000000e+03 9.949525550030592549e-04
1.302000000000000000e+03 9.949522155932963730e-04
1.303000000000000000e+03 9.949529184178262844e-04
1.304000000000000000e+03 9.949533750835332698e-04
1.305000000000000000e+03 9.949525560339778779e-04
1.306000000000000000e+03 9.949520864257115418e-04
1.307000000000000000e+03 9.949517410047965804e-04
1.308000000000000000e+03 9.949520594891428978e-04
1.309000000000000000e+03 9.949525412295812370e-04
1.310000000000000000e+03 9.949523768486472422e-04
1.311000000000000000e+03 9.949518926607786237e-04
1.312000000000000000e+03 9.949525840736021028e-04
1.313000000000000000e+03 9.949521403391629361e-04
1.314000000000000000e+03 9.949518433533914574e-04
1.315000000000000000e+03 9.949533445093965145e-04
1.316000000000000000e+03 9.949514909286694565e-04
1.317000000000000000e+03 9.949521318195293697e-04
1.318000000000000000e+03 9.949516910417817352e-04
1.319000000000000000e+03 9.949514556036468185e-04
1.320000000000000000e+03 9.949533151013682016e-04
1.321000000000000000e+03 9.949520215840328575e-04
1.322000000000000000e+03 9.949535438670334669e-04
1.323000000000000000e+03 9.949520141054317857e-04
1.324000000000000000e+03 9.949524014165936608e-04
1.325000000000000000e+03 9.949511242390248790e-04
1.326000000000000000e+03 9.949526164293185163e-04
1.327000000000000000e+03 9.949534751407017666e-04
1.328000000000000000e+03 9.949510399265551128e-04
1.329000000000000000e+03 9.949516783828364457e-04
1.330000000000000000e+03 9.949526914174936908e-04
1.331000000000000000e+03 9.949518209604994463e-04
1.332000000000000000e+03 9.949520073389962836e-04
1.333000000000000000e+03 9.949511573874036691e-04
1.334000000000000000e+03 9.949513535205390096e-04
1.335000000000000000e+03 9.949513991073769166e-04
1.336000000000000000e+03 9.949511421375742751e-04
1.337000000000000000e+03 9.949511144617419461e-04
1.338000000000000000e+03 9.949518169456929469e-04
1.339000000000000000e+03 9.949521895258625712e-04
1.340000000000000000e+03 9.949522392761092453e-04
1.341000000000000000e+03 9.949513875912240849e-04
1.342000000000000000e+03 9.949516923115056446e-04
1.343000000000000000e+03 9.949513339670356619e-04
1.344000000000000000e+03 9.949529580729286199e-04
1.345000000000000000e+03 9.949506297912099392e-04
1.346000000000000000e+03 9.949507216285085557e-04
1.347000000000000000e+03 9.949514855819270934e-04
1.348000000000000000e+03 9.949510652729879646e-04
1.349000000000000000e+03 9.949509522767460441e-04
1.350000000000000000e+03 9.949519103600581657e-04
1.351000000000000000e+03 9.949517284005982964e-04
1.352000000000000000e+03 9.949508450716039280e-04
1.353000000000000000e+03 9.949505110886549923e-04
1.354000000000000000e+03 9.949507328939660895e-04
1.355000000000000000e+03 9.949524013312216301e-04
1.356000000000000000e+03 9.949506504505903955e-04
1.357000000000000000e+03 9.949532302449769737e-04
1.358000000000000000e+03 9.949507855727670810e-04
1.359000000000000000e+03 9.949510864368817358e-04
1.360000000000000000e+03 9.949512474563867569e-04
1.361000000000000000e+03 9.949507154363543444e-04
1.362000000000000000e+03 9.949519023922457749e-04
1.363000000000000000e+03 9.949502422076496409e-04
1.364000000000000000e+03 9.949509074075641064e-04
1.365000000000000000e+03 9.949506118511913279e-04
1.366000000000000000e+03 9.949507622246029671e-04
1.367000000000000000e+03 9.949525930302775649e-04
1.368000000000000000e+03 9.949514114381246676e-04
1.369000000000000000e+03 9.949499479444505468e-04
1.370000000000000000e+03 9.949506838549534386e-04
1.371000000000000000e+03 9.949511908097343274e-04
1.372000000000000000e+03 9.949502686467817745e-04
1.373000000000000000e+03 9.949524831485735687e-04
1.374000000000000000e+03 9.949503508461703463e-04
1.375000000000000000e+03 9.949515875367924336e-04
1.376000000000000000e+03 9.949507097974609124e-04
1.377000000000000000e+03 9.949499358328655913e-04
1.378000000000000000e+03 9.949504977357220836e-04
1.379000000000000000e+03 9.949500193693660080e-04
1.380000000000000000e+03 9.949501544500992823e-04
1.381000000000000000e+03 9.949496755046452392e-04
1.382000000000000000e+03 9.949507547883783710e-04
1.383000000000000000e+03 9.949502475923494883e-04
1.384000000000000000e+03 9.949507324721871583e-04
1.385000000000000000e+03 9.949501183539055400e-04
1.386000000000000000e+03 9.949496109245435562e-04
1.387000000000000000e+03 9.949498209753278311e-04
1.388000000000000000e+03 9.949498307624540187e-04
1.389000000000000000e+03 9.949499568088456588e-04
1.390000000000000000e+03 9.949520787460640423e-04
1.391000000000000000e+03 9.949510143162827464e-04
1.392000000000000000e+03 9.949507046964831125e-04
1.393000000000000000e+03 9.949499852431045125e-04
1.394000000000000000e+03 9.949500907078486552e-04
1.395000000000000000e+03 9.949499514665608845e-04
1.396000000000000000e+03 9.949494927579897573e-04
1.397000000000000000e+03 9.949499246731344660e-04
1.398000000000000000e+03 9.949515714721530145e-04
1.399000000000000000e+03 9.949505411870225840e-04
1.400000000000000000e+03 9.949520365297680451e-04
1.401000000000000000e+03 9.949497026811875058e-04
1.402000000000000000e+03 9.949491965564208427e-04
1.403000000000000000e+03 9.949507554149440106e-04
1.404000000000000000e+03 9.949490763440746888e-04
1.405000000000000000e+03 9.949505243659743405e-04
1.406000000000000000e+03 9.949495719377380188e-04
1.407000000000000000e+03 9.949488890787206406e-04
1.408000000000000000e+03 9.949496168931736603e-04
1.409000000000000000e+03 9.949491177920477807e-04
1.410000000000000000e+03 9.949502094168814932e-04
1.411000000000000000e+03 9.949489433430324346e-04
1.412000000000000000e+03 9.949494294195981511e-04
1.413000000000000000e+03 9.949489169077685175e-04
1.414000000000000000e+03 9.949491762959135951e-04
1.415000000000000000e+03 9.949494089114524053e-04
1.416000000000000000e+03 9.949488200378818394e-04
1.417000000000000000e+03 9.949489083098169567e-04
1.418000000000000000e+03 9.949488216956549336e-04
1.419000000000000000e+03 9.949497408131586108e-04
1.420000000000000000e+03 9.949499389817640510e-04
1.421000000000000000e+03 9.949495820506519973e-04
1.422000000000000000e+03 9.949499916091493566e-04
1.423000000000000000e+03 9.949486151432122491e-04
1.424000000000000000e+03 9.949492286772095104e-04
1.425000000000000000e+03 9.949497016982376731e-04
1.426000000000000000e+03 9.949488618357744604e-04
1.427000000000000000e+03 9.949489133413871693e-04
1.428000000000000000e+03 9.949490529374445391e-04
1.429000000000000000e+03 9.949493773863400236e-04
1.430000000000000000e+03 9.949486808665984009e-04
1.431000000000000000e+03 9.949496748391959897e-04
1.432000000000000000e+03 9.949504094398842115e-04
1.433000000000000000e+03 9.949487501389046081e-04
1.434000000000000000e+03 9.949487916779571877e-04
1.435000000000000000e+03 9.949487364740655995e-04
1.436000000000000000e+03 9.949486191378309041e-04
1.437000000000000000e+03 9.949494744645663406e-04
1.438000000000000000e+03 9.949485955828474195e-04
1.439000000000000000e+03 9.949499555580263322e-04
1.440000000000000000e+03 9.949482548591776550e-04
1.441000000000000000e+03 9.949490637570878974e-04
1.442000000000000000e+03 9.949494250781375834e-04
1.443000000000000000e+03 9.949484053398819413e-04
1.444000000000000000e+03 9.949491804741525131e-04
1.445000000000000000e+03 9.949480632806414170e-04
1.446000000000000000e+03 9.949486320884695124e-04
1.447000000000000000e+03 9.949480873445389929e-04
1.448000000000000000e+03 9.949481940083014508e-04
1.449000000000000000e+03 9.949497002119836279e-04
1.450000000000000000e+03 9.949484814169389218e-04
1.451000000000000000e+03 9.949484742672969322e-04
1.452000000000000000e+03 9.949487804225157304e-04
1.453000000000000000e+03 9.949479592150263507e-04
1.454000000000000000e+03 9.949484315919638298e-04
1.455000000000000000e+03 9.949482620366738826e-04
1.456000000000000000e+03 9.949488134063273759e-04
1.457000000000000000e+03 9.949483040859335731e-04
1.458000000000000000e+03 9.949484988382543971e-04
1.459000000000000000e+03 9.949486000468256517e-04
1.460000000000000000e+03 9.949478394554163527e-04
1.461000000000000000e+03 9.949486954454998550e-04
1.462000000000000000e+03 9.949482276805014618e-04
1.463000000000000000e+03 9.949478172459993216e-04
1.464000000000000000e+03 9.949481900859181993e-04
1.465000000000000000e+03 9.949480610804517337e-04
1.466000000000000000e+03 9.949474650897034440e-04
1.467000000000000000e+03 9.949483974041328782e-04
1.468000000000000000e+03 9.949489402548406230e-04
1.469000000000000000e+03 9.949483051192007949e-04
1.470000000000000000e+03 9.949480799184139568e-04
1.471000000000000000e+03 9.949479534135466114e-04
1.472000000000000000e+03 9.949476115511256442e-04
1.473000000000000000e+03 9.949485094212248779e-04
1.474000000000000000e+03 9.949477366549969171e-04
1.475000000000000000e+03 9.949476615833461983e-04
1.476000000000000000e+03 9.949489866502376958e-04
1.477000000000000000e+03 9.949473470427380121e-04
1.478000000000000000e+03 9.949482993560137753e-04
1.479000000000000000e+03 9.949472834621922359e-04
1.480000000000000000e+03 9.949482189590711997e-04
1.481000000000000000e+03 9.949475386358817060e-04
1.482000000000000000e+03 9.949490269703306633e-04
1.483000000000000000e+03 9.949472775408415865e-04
1.484000000000000000e+03 9.949479421420101728e-04
1.485000000000000000e+03 9.949476039500554803e-04
1.486000000000000000e+03 9.949484048166969304e-04
1.487000000000000000e+03 9.949476746614334226e-04
1.488000000000000000e+03 9.949473584035710763e-04
1.489000000000000000e+03 9.949473126145626407e-04
1.490000000000000000e+03 9.949472776734243334e-04
1.491000000000000000e+03 9.949472009012768833e-04
1.492000000000000000e+03 9.949473076500253959e-04
1.493000000000000000e+03 9.949473251021872904e-04
1.494000000000000000e+03 9.949473864522833007e-04
1.495000000000000000e+03 9.949478944789433201e-04
1.496000000000000000e+03 9.949473016747831765e-04
1.497000000000000000e+03 9.949475605902735696e-04
1.498000000000000000e+03 9.949474456854327190e-04
1.499000000000000000e+03 9.949493855285615126e-04
1.500000000000000000e+03 9.949467321616379829e-04
1.501000000000000000e+03 9.949476001227938390e-04
1.502000000000000000e+03 9.949477960496840023e-04
1.503000000000000000e+03 9.949470008981848874e-04
1.504000000000000000e+03 9.949468173087454466e-04
1.505000000000000000e+03 9.949473546116498722e-04
1.506000000000000000e+03 9.949474701871636583e-04
1.507000000000000000e+03 9.949465981983075368e-04
1.508000000000000000e+03 9.949466784784394714e-04
1.509000000000000000e+03 9.949475507511746329e-04
1.510000000000000000e+03 9.949468486835050078e-04
1.511000000000000000e+03 9.949473685392836581e-04
1.512000000000000000e+03 9.949485196162283565e-04
1.513000000000000000e+03 9.949468502148250005e-04
1.514000000000000000e+03 9.949478539759163895e-04
1.515000000000000000e+03 9.949473314370767176e-04
1.516000000000000000e+03 9.949466944182865698e-04
1.517000000000000000e+03 9.949467667910937528e-04
1.518000000000000000e+03 9.949471732991275845e-04
1.519000000000000000e+03 9.949469008891694954e-04
1.520000000000000000e+03 9.949471676538087367e-04
1.521000000000000000e+03 9.949463875409412031e-04
1.522000000000000000e+03 9.949471866079703276e-04
1.523000000000000000e+03 9.949465633740286596e-04
1.524000000000000000e+03 9.949471653169575380e-04
1.525000000000000000e+03 9.949474219619544590e-04
1.526000000000000000e+03 9.949465022567026157e-04
1.527000000000000000e+03 9.949470998068543365e-04
1.528000000000000000e+03 9.949467058106328376e-04
1.529000000000000000e+03 9.949469714420607156e-04
1.530000000000000000e+03 9.949465072700920589e-04
1.531000000000000000e+03 9.949469653436390348e-04
1.532000000000000000e+03 9.949474757667551347e-04
1.533000000000000000e+03 9.949465788000198731e-04
1.534000000000000000e+03 9.949466146864877156e-04
1.535000000000000000e+03 9.949467277979538726e-04
1.536000000000000000e+03 9.949466101896930689e-04
1.537000000000000000e+03 9.949467560954926640e-04
1.538000000000000000e+03 9.949463433192023021e-04
1.539000000000000000e+03 9.949464336547969925e-04
1.540000000000000000e+03 9.949460449643812016e-04
1.541000000000000000e+03 9.949459688701636859e-04
1.542000000000000000e+03 9.949464159652700659e-04
1.543000000000000000e+03 9.949461956904315490e-04
1.544000000000000000e+03 9.949466893097208726e-04
1.545000000000000000e+03 9.949464317160511707e-04
1.546000000000000000e+03 9.949459810295853759e-04
1.547000000000000000e+03 9.949460832908304207e-04
1.548000000000000000e+03 9.949463290549710130e-04
1.549000000000000000e+03 9.949467511290365981e-04
1.550000000000000000e+03 9.949459540578163737e-04
1.551000000000000000e+03 9.949457089830882842e-04
1.552000000000000000e+03 9.949466682896450018e-04
1.553000000000000000e+03 9.949458680139733162e-04
1.554000000000000000e+03 9.949461056698309831e-04
1.555000000000000000e+03 9.949458808215490627e-04
1.556000000000000000e+03 9.949458281300904445e-04
1.557000000000000000e+03 9.949465766580271268e-04
1.558000000000000000e+03 9.949469087149871802e-04
1.559000000000000000e+03 9.949469081762822489e-04
1.560000000000000000e+03 9.949463592702388007e-04
1.561000000000000000e+03 9.949463857322014132e-04
1.562000000000000000e+03 9.949459327128404567e-04
1.563000000000000000e+03 9.949460615615540564e-04
1.564000000000000000e+03 9.949463187788065450e-04
1.565000000000000000e+03 9.949455845183786951e-04
1.566000000000000000e+03 9.949476131348292986e-04
1.567000000000000000e+03 9.949458454014438458e-04
1.568000000000000000e+03 9.949462584584573520e-04
1.569000000000000000e+03 9.949455884109563615e-04
1.570000000000000000e+03 9.949461114325390022e-04
1.571000000000000000e+03 9.949461703115140485e-04
1.572000000000000000e+03 9.949462061408101757e-04
1.573000000000000000e+03 9.949459668826118527e-04
1.574000000000000000e+03 9.949454357599434376e-04
1.575000000000000000e+03 9.949462170921533066e-04
1.576000000000000000e+03 9.949464005071146939e-04
1.577000000000000000e+03 9.949457920713838596e-04
1.578000000000000000e+03 9.949455647704137130e-04
1.579000000000000000e+03 9.949454829840259380e-04
1.580000000000000000e+03 9.949453256159754896e-04
1.581000000000000000e+03 9.949459829952543230e-04
1.582000000000000000e+03 9.949460330999028348e-04
1.583000000000000000e+03 9.949452858287043556e-04
1.584000000000000000e+03 9.949454044674312363e-04
1.585000000000000000e+03 9.949455891775668779e-04
1.586000000000000000e+03 9.949460047439680471e-04
1.587000000000000000e+03 9.949453485471530627e-04
1.588000000000000000e+03 9.949453426890807889e-04
1.589000000000000000e+03 9.949461970104069280e-04
1.590000000000000000e+03 9.949457879159821425e-04
1.591000000000000000e+03 9.949449754608288583e-04
1.592000000000000000e+03 9.949453933696520737e-04
1.593000000000000000e+03 9.949450153401630682e-04
1.594000000000000000e+03 9.949455286996544863e-04
1.595000000000000000e+03 9.949455028666683454e-04
1.596000000000000000e+03 9.949453267006935255e-04
1.597000000000000000e+03 9.949458451713514250e-04
1.598000000000000000e+03 9.949456048989008348e-04
1.599000000000000000e+03 9.949449385990606631e-04
1.600000000000000000e+03 9.949451660623792430e-04
1.601000000000000000e+03 9.949454230140999944e-04
1.602000000000000000e+03 9.949453253106682778e-04
1.603000000000000000e+03 9.949449886610286890e-04
1.604000000000000000e+03 9.949452045809440998e-04
1.605000000000000000e+03 9.949460861042537432e-04
1.606000000000000000e+03 9.949461623280381889e-04
1.607000000000000000e+03 9.949457149084181724e-04
1.608000000000000000e+03 9.949460434049922988e-04
1.609000000000000000e+03 9.949447732142838261e-04
1.610000000000000000e+03 9.949464341837512601e-04
1.611000000000000000e+03 9.949449489290236766e-04
1.612000000000000000e+03 9.949448592948650742e-04
1.613000000000000000e+03 9.949458559748017902e-04
1.614000000000000000e+03 9.949461188730596411e-04
1.615000000000000000e+03 9.949448467764618765e-04
1.616000000000000000e+03 9.949458477549620507e-04
1.617000000000000000e+03 9.949446173076784920e-04
1.618000000000000000e+03 9.949449681487484466e-04
1.619000000000000000e+03 9.949450081218858769e-04
1.620000000000000000e+03 9.949445619160392999e-04
1.621000000000000000e+03 9.949449429850864939e-04
1.622000000000000000e+03 9.949452385568592801e-04
1.623000000000000000e+03 9.949458205625550875e-04
1.624000000000000000e+03 9.949449892102681624e-04
1.625000000000000000e+03 9.949448367982810515e-04
1.626000000000000000e+03 9.949452752778223559e-04
1.627000000000000000e+03 9.949449490719052599e-04
1.628000000000000000e+03 9.949444418193896609e-04
1.629000000000000000e+03 9.949446143247772396e-04
1.630000000000000000e+03 9.949444876315351877e-04
1.631000000000000000e+03 9.949447155822195576e-04
1.632000000000000000e+03 9.949449814750173544e-04
1.633000000000000000e+03 9.949449259017138000e-04
1.634000000000000000e+03 9.949444586326466108e-04
1.635000000000000000e+03 9.949449382557742829e-04
1.636000000000000000e+03 9.949442877617905179e-04
1.637000000000000000e+03 9.949447950242250489e-04
1.638000000000000000e+03 9.949448008826191139e-04
1.639000000000000000e+03 9.949452418228895215e-04
1.640000000000000000e+03 9.949444682065744158e-04
1.641000000000000000e+03 9.949446298865977350e-04
1.642000000000000000e+03 9.949448226493984651e-04
1.643000000000000000e+03 9.949448338511886116e-04
1.644000000000000000e+03 9.949450431400569655e-04
1.645000000000000000e+03 9.949440918710474382e-04
1.646000000000000000e+03 9.949442094900156058e-04
1.647000000000000000e+03 9.949445746054586936e-04
1.648000000000000000e+03 9.949451437170347013e-04
1.649000000000000000e+03 9.949442215831650043e-04
1.650000000000000000e+03 9.949442975680134089e-04
1.651000000000000000e+03 9.949441427612203733e-04
1.652000000000000000e+03 9.949447392506181789e-04
1.653000000000000000e+03 9.949441506380363263e-04
1.654000000000000000e+03 9.949441391121490938e-04
1.655000000000000000e+03 9.949440640265585709e-04
1.656000000000000000e+03 9.949441687522476291e-04
1.657000000000000000e+03 9.949447246588194894e-04
1.658000000000000000e+03 9.949445593193588337e-04
1.659000000000000000e+03 9.949439604329932043e-04
1.660000000000000000e+03 9.949443169983947580e-04
1.661000000000000000e+03 9.949444048888884690e-04
1.662000000000000000e+03 9.949445024246674017e-04
1.663000000000000000e+03 9.949440228909935645e-04
1.664000000000000000e+03 9.949447341377581737e-04
1.665000000000000000e+03 9.949441287040246447e-04
1.666000000000000000e+03 9.949445055347152112e-04
1.667000000000000000e+03 9.949444693389669896e-04
1.668000000000000000e+03 9.949440036976565406e-04
1.669000000000000000e+03 9.949441793899952563e-04
1.670000000000000000e+03 9.949440222666219164e-04
1.671000000000000000e+03 9.949458242799809771e-04
1.672000000000000000e+03 9.949447619648965537e-04
1.673000000000000000e+03 9.949441695977709332e-04
1.674000000000000000e+03 9.949438594071358197e-04
1.675000000000000000e+03 9.949439396863752390e-04
1.676000000000000000e+03 9.949440096821008175e-04
1.677000000000000000e+03 9.949437401726218475e-04
1.678000000000000000e+03 9.949437808074283480e-04
1.679000000000000000e+03 9.949437731750141161e-04
1.680000000000000000e+03 9.949437587585738523e-04
1.681000000000000000e+03 9.949437350007931703e-04
1.682000000000000000e+03 9.949437652617928226e-04
1.683000000000000000e+03 9.949440794246428542e-04
1.684000000000000000e+03 9.949442163228394091e-04
1.685000000000000000e+03 9.949439865610360759e-04
1.686000000000000000e+03 9.949436320222245726e-04
1.687000000000000000e+03 9.949437866806033412e-04
1.688000000000000000e+03 9.949441306060010509e-04
1.689000000000000000e+03 9.949437169131925256e-04
1.690000000000000000e+03 9.949438538967548228e-04
1.691000000000000000e+03 9.949439229502796567e-04
1.692000000000000000e+03 9.949438578998137748e-04
1.693000000000000000e+03 9.949435299998253632e-04
1.694000000000000000e+03 9.949439540331526943e-04
1.695000000000000000e+03 9.949446639328709142e-04
1.696000000000000000e+03 9.949440381860675826e-04
1.697000000000000000e+03 9.949438528712830146e-04
1.698000000000000000e+03 9.949433521670239273e-04
1.699000000000000000e+03 9.949445351990020801e-04
1.700000000000000000e+03 9.949437786697557136e-04
1.701000000000000000e+03 9.949433498225614125e-04
1.702000000000000000e+03 9.949439472054497947e-04
1.703000000000000000e+03 9.949434528679554617e-04
1.704000000000000000e+03 9.949450485859105860e-04
1.705000000000000000e+03 9.949437335144907697e-04
1.706000000000000000e+03 9.949435073596892866e-04
1.707000000000000000e+03 9.949440748288906899e-04
1.708000000000000000e+03 9.949435507709189757e-04
1.709000000000000000e+03 9.949433773857941418e-04
1.710000000000000000e+03 9.949437413197979516e-04
1.711000000000000000e+03 9.949436288479126308e-04
1.712000000000000000e+03 9.949435184156631314e-04
1.713000000000000000e+03 9.949449393132209479e-04
1.714000000000000000e+03 9.949435913109959135e-04
1.715000000000000000e+03 9.949431650593284875e-04
1.716000000000000000e+03 9.949437476247367275e-04
1.717000000000000000e+03 9.949434918780236409e-04
1.718000000000000000e+03 9.949434590541404895e-04
1.719000000000000000e+03 9.949440274812093588e-04
1.720000000000000000e+03 9.949431879998260793e-04
1.721000000000000000e+03 9.949438192370552332e-04
1.722000000000000000e+03 9.949435204103752525e-04
1.723000000000000000e+03 9.949431775040458361e-04
1.724000000000000000e+03 9.949434566505399504e-04
1.725000000000000000e+03 9.949433076388621705e-04
1.726000000000000000e+03 9.949435341109365543e-04
1.727000000000000000e+03 9.949433491476915303e-04
1.728000000000000000e+03 9.949434261686651137e-04
1.729000000000000000e+03 9.949435926397231893e-04
1.730000000000000000e+03 9.949431311709179635e-04
1.731000000000000000e+03 9.949435996539509296e-04
1.732000000000000000e+03 9.949431942986707716e-04
1.733000000000000000e+03 9.949429401506996572e-04
1.734000000000000000e+03 9.949431346020327308e-04
1.735000000000000000e+03 9.949429645905833678e-04
1.736000000000000000e+03 9.949429436330421098e-04
1.737000000000000000e+03 9.949433449879191774e-04
1.738000000000000000e+03 9.949436491127291483e-04
1.739000000000000000e+03 9.949435855320367880e-04
1.740000000000000000e+03 9.949428957025986415e-04
1.741000000000000000e+03 9.949429762478559543e-04
1.742000000000000000e+03 9.949428726960512365e-04
1.743000000000000000e+03 9.949431046458506647e-04
1.744000000000000000e+03 9.949433242861639801e-04
1.745000000000000000e+03 9.949431174152716020e-04
1.746000000000000000e+03 9.949433126050959749e-04
1.747000000000000000e+03 9.949431965587582881e-04
1.748000000000000000e+03 9.949430466650772704e-04
1.749000000000000000e+03 9.949431081473360076e-04
1.750000000000000000e+03 9.949428038704549726e-04
1.751000000000000000e+03 9.949433774303344680e-04
1.752000000000000000e+03 9.949428446632683273e-04
1.753000000000000000e+03 9.949429826044454712e-04
1.754000000000000000e+03 9.949425336633114202e-04
1.755000000000000000e+03 9.949427561917090386e-04
1.756000000000000000e+03 9.949427086218981010e-04
1.757000000000000000e+03 9.949428158352426402e-04
1.758000000000000000e+03 9.949434074775079847e-04
1.759000000000000000e+03 9.949429463427647471e-04
1.760000000000000000e+03 9.949426858149709643e-04
1.761000000000000000e+03 9.949428154071744690e-04
1.762000000000000000e+03 9.949427904770255949e-04
1.763000000000000000e+03 9.949427133352467360e-04
1.764000000000000000e+03 9.949428027778701826e-04
1.765000000000000000e+03 9.949427806179049136e-04
1.766000000000000000e+03 9.949425805016846609e-04
1.767000000000000000e+03 9.949426653797844352e-04
1.768000000000000000e+03 9.949429022467273787e-04
1.769000000000000000e+03 9.949424980727089064e-04
1.770000000000000000e+03 9.949427711688886913e-04
1.771000000000000000e+03 9.949447179287461765e-04
1.772000000000000000e+03 9.949428556279985361e-04
1.773000000000000000e+03 9.949424391025535417e-04
1.774000000000000000e+03 9.949424719933473629e-04
1.775000000000000000e+03 9.949422992104324341e-04
1.776000000000000000e+03 9.949428300348279412e-04
1.777000000000000000e+03 9.949425448848470566e-04
1.778000000000000000e+03 9.949426646266932694e-04
1.779000000000000000e+03 9.949435327412587456e-04
1.780000000000000000e+03 9.949433824031725816e-04
1.781000000000000000e+03 9.949428060536150923e-04
1.782000000000000000e+03 9.949424305794221223e-04
1.783000000000000000e+03 9.949427443069691016e-04
1.784000000000000000e+03 9.949425452026004757e-04
1.785000000000000000e+03 9.949426413854557758e-04
1.786000000000000000e+03 9.949426782842325616e-04
1.787000000000000000e+03 9.949423530368815913e-04
1.788000000000000000e+03 9.949424716800723493e-04
1.789000000000000000e+03 9.949427184483799601e-04
1.790000000000000000e+03 9.949423684866510933e-04
1.791000000000000000e+03 9.949425425590050637e-04
1.792000000000000000e+03 9.949427868929212274e-04
1.793000000000000000e+03 9.949426260864291903e-04
1.794000000000000000e+03 9.949423131497120692e-04
1.795000000000000000e+03 9.949423720182692336e-04
1.796000000000000000e+03 9.949424298954380030e-04
1.797000000000000000e+03 9.949421823654304442e-04
1.798000000000000000e+03 9.949423627602742553e-04
1.799000000000000000e+03 9.949421104846071021e-04
1.800000000000000000e+03 9.949421962481184122e-04
1.801000000000000000e+03 9.949426718051164898e-04
1.802000000000000000e+03 9.949420509515992384e-04
1.803000000000000000e+03 9.949425545381950561e-04
1.804000000000000000e+03 9.949422768939380785e-04
1.805000000000000000e+03 9.949420200276255701e-04
1.806000000000000000e+03 9.949423621386378324e-04
1.807000000000000000e+03 9.949420776449681078e-04
1.808000000000000000e+03 9.949422149803739592e-04
1.809000000000000000e+03 9.949421104172330443e-04
1.810000000000000000e+03 9.949422182929078002e-04
1.811000000000000000e+03 9.949435392315306072e-04
1.812000000000000000e+03 9.949429485054837527e-04
1.813000000000000000e+03 9.949424771197304049e-04
1.814000000000000000e+03 9.949421278544932305e-04
1.815000000000000000e+03 9.949421836097705786e-04
1.816000000000000000e+03 9.949419881295862387e-04
1.817000000000000000e+03 9.949421476208319699e-04
1.818000000000000000e+03 9.949426500586644115e-04
1.819000000000000000e+03 9.949420145159571915e-04
1.820000000000000000e+03 9.949419451007149740e-04
1.821000000000000000e+03 9.949422069136064362e-04
1.822000000000000000e+03 9.949419184818175665e-04
1.823000000000000000e+03 9.949422169066640328e-04
1.824000000000000000e+03 9.949429729222123743e-04
1.825000000000000000e+03 9.949419472275922074e-04
1.826000000000000000e+03 9.949422132158379593e-04
1.827000000000000000e+03 9.949419709639243346e-04
1.828000000000000000e+03 9.949424923057070130e-04
1.829000000000000000e+03 9.949432777785216248e-04
1.830000000000000000e+03 9.949421069190118004e-04
1.831000000000000000e+03 9.949419951372107541e-04
1.832000000000000000e+03 9.949418162093865911e-04
1.833000000000000000e+03 9.949418776776723476e-04
1.834000000000000000e+03 9.949418306970196895e-04
1.835000000000000000e+03 9.949420994867263276e-04
1.836000000000000000e+03 9.949418465125983539e-04
1.837000000000000000e+03 9.949420752210994933e-04
1.838000000000000000e+03 9.949420313011660480e-04
1.839000000000000000e+03 9.949422213717344903e-04
1.840000000000000000e+03 9.949419038120840397e-04
1.841000000000000000e+03 9.949422244348454531e-04
1.842000000000000000e+03 9.949417165596792685e-04
1.843000000000000000e+03 9.949422195433806158e-04
1.844000000000000000e+03 9.949422179081912360e-04
1.845000000000000000e+03 9.949420645872719075e-04
1.846000000000000000e+03 9.949418636615438120e-04
1.847000000000000000e+03 9.949420297562414865e-04
1.848000000000000000e+03 9.949432425665734672e-04
1.849000000000000000e+03 9.949420808905446584e-04
1.850000000000000000e+03 9.949418269437168994e-04
1.851000000000000000e+03 9.949421160192011525e-04
1.852000000000000000e+03 9.949417995424522654e-04
1.853000000000000000e+03 9.949416421800205863e-04
1.854000000000000000e+03 9.949415661657302380e-04
1.855000000000000000e+03 9.949426879741693486e-04
1.856000000000000000e+03 9.949414883424544196e-04
1.857000000000000000e+03 9.949414683082559441e-04
1.858000000000000000e+03 9.949417955839759235e-04
1.859000000000000000e+03 9.949415533737030349e-04
1.860000000000000000e+03 9.949417063871961869e-04
1.861000000000000000e+03 9.949415709557686126e-04
1.862000000000000000e+03 9.949416636686793120e-04
1.863000000000000000e+03 9.949419140769799608e-04
1.864000000000000000e+03 9.949415272406448608e-04
1.865000000000000000e+03 9.949414166540205846e-04
1.866000000000000000e+03 9.949418938119149441e-04
1.867000000000000000e+03 9.949415890165250621e-04
1.868000000000000000e+03 9.949421373913172519e-04
1.869000000000000000e+03 9.949414376341685420e-04
1.870000000000000000e+03 9.949424295363832032e-04
1.871000000000000000e+03 9.949415358838265173e-04
1.872000000000000000e+03 9.949414564583277873e-04
1.873000000000000000e+03 9.949415223077088567e-04
1.874000000000000000e+03 9.949415681288322280e-04
1.875000000000000000e+03 9.949413029996790041e-04
1.876000000000000000e+03 9.949414235463165633e-04
1.877000000000000000e+03 9.949415253476016300e-04
1.878000000000000000e+03 9.949412835051332695e-04
1.879000000000000000e+03 9.949416021246566127e-04
1.880000000000000000e+03 9.949419659469849967e-04
1.881000000000000000e+03 9.949412350479707248e-04
1.882000000000000000e+03 9.949413780779221058e-04
1.883000000000000000e+03 9.949414034153109768e-04
1.884000000000000000e+03 9.949415917266657677e-04
1.885000000000000000e+03 9.949412798436253237e-04
1.886000000000000000e+03 9.949415929147110895e-04
1.887000000000000000e+03 9.949414037120414989e-04
1.888000000000000000e+03 9.949417349635939455e-04
1.889000000000000000e+03 9.949415912190657293e-04
1.890000000000000000e+03 9.949412924690316865e-04
1.891000000000000000e+03 9.949415684378565185e-04
1.892000000000000000e+03 9.949411474490558408e-04
1.893000000000000000e+03 9.949412736821874274e-04
1.894000000000000000e+03 9.949412362074820139e-04
1.895000000000000000e+03 9.949412795162240232e-04
1.896000000000000000e+03 9.949413914315187631e-04
1.897000000000000000e+03 9.949411917624963447e-04
1.898000000000000000e+03 9.949412590876706430e-04
1.899000000000000000e+03 9.949420761100056295e-04
1.900000000000000000e+03 9.949413371532116537e-04
1.901000000000000000e+03 9.949413651209959922e-04
1.902000000000000000e+03 9.949410874827773702e-04
1.903000000000000000e+03 9.949413933943145744e-04
1.904000000000000000e+03 9.949412655084462296e-04
1.905000000000000000e+03 9.949411583165339822e-04
1.906000000000000000e+03 9.949409869107635456e-04
1.907000000000000000e+03 9.949410756193135998e-04
1.908000000000000000e+03 9.949410020448387452e-04
1.909000000000000000e+03 9.949411760519165891e-04
1.910000000000000000e+03 9.949412964819683708e-04
1.911000000000000000e+03 9.949411768318087990e-04
1.912000000000000000e+03 9.949414306270097999e-04
1.913000000000000000e+03 9.949417952711486855e-04
1.914000000000000000e+03 9.949408892070243492e-04
1.915000000000000000e+03 9.949410474425150318e-04
1.916000000000000000e+03 9.949417238875012115e-04
1.917000000000000000e+03 9.949410644959260155e-04
1.918000000000000000e+03 9.949409884128766497e-04
1.919000000000000000e+03 9.949409106765475571e-04
1.920000000000000000e+03 9.949411892176132036e-04
1.921000000000000000e+03 9.949410372618017716e-04
1.922000000000000000e+03 9.949413194612847372e-04
1.923000000000000000e+03 9.949408696182907193e-04
1.924000000000000000e+03 9.949409853307117010e-04
1.925000000000000000e+03 9.949409599239878842e-04
1.926000000000000000e+03 9.949409233109350170e-04
1.927000000000000000e+03 9.949409807607340582e-04
1.928000000000000000e+03 9.949415144904795710e-04
1.929000000000000000e+03 9.949411888727087601e-04
1.930000000000000000e+03 9.949410487098185683e-04
1.931000000000000000e+03 9.949407864833085310e-04
1.932000000000000000e+03 9.949409416965986682e-04
1.933000000000000000e+03 9.949415933489212660e-04
1.934000000000000000e+03 9.949410215490486244e-04
1.935000000000000000e+03 9.949408798618486743e-04
1.936000000000000000e+03 9.949410834022352594e-04
1.937000000000000000e+03 9.949406787395911542e-04
1.938000000000000000e+03 9.949418092040918093e-04
1.939000000000000000e+03 9.949407210497317883e-04
1.940000000000000000e+03 9.949407009157099514e-04
1.941000000000000000e+03 9.949410135287361286e-04
1.942000000000000000e+03 9.949413818560689550e-04
1.943000000000000000e+03 9.949408647233948157e-04
1.944000000000000000e+03 9.949408411455129813e-04
1.945000000000000000e+03 9.949407111154461893e-04
1.946000000000000000e+03 9.949406806555008594e-04
1.947000000000000000e+03 9.949408249503278144e-04
1.948000000000000000e+03 9.949407940845961858e-04
1.949000000000000000e+03 9.949409219793916345e-04
1.950000000000000000e+03 9.949407472832443294e-04
1.951000000000000000e+03 9.949406091519163390e-04
1.952000000000000000e+03 9.949407639175834178e-04
1.953000000000000000e+03 9.949406682504139190e-04
1.954000000000000000e+03 9.949406331837464673e-04
1.955000000000000000e+03 9.949408506034118551e-04
1.956000000000000000e+03 9.949408487658520199e-04
1.957000000000000000e+03 9.949413266556572221e-04
1.958000000000000000e+03 9.949406275319052761e-04
1.959000000000000000e+03 9.949404750591345388e-04
1.960000000000000000e+03 9.949408751885925346e-04
1.961000000000000000e+03 9.949405454677186667e-04
1.962000000000000000e+03 9.949407807232290516e-04
1.963000000000000000e+03 9.949406466162153632e-04
1.964000000000000000e+03 9.949405334319170579e-04
1.965000000000000000e+03 9.949408916142944790e-04
1.966000000000000000e+03 9.949405471147219470e-04
1.967000000000000000e+03 9.949404921316001588e-04
1.968000000000000000e+03 9.949409424564088517e-04
1.969000000000000000e+03 9.949406491990241130e-04
1.970000000000000000e+03 9.949405710876738258e-04
1.971000000000000000e+03 9.949404671403950899e-04
1.972000000000000000e+03 9.949407407263983344e-04
1.973000000000000000e+03 9.949405560006686130e-04
1.974000000000000000e+03 9.949407748990604303e-04
1.975000000000000000e+03 9.949410006645982053e-04
1.976000000000000000e+03 9.949404137437126150e-04
1.977000000000000000e+03 9.949405991247757628e-04
1.978000000000000000e+03 9.949404597211968047e-04
1.979000000000000000e+03 9.949414624371433202e-04
1.980000000000000000e+03 9.949405898108272788e-04
1.981000000000000000e+03 9.949403700142832492e-04
1.982000000000000000e+03 9.949406102007468493e-04
1.983000000000000000e+03 9.949408744325302211e-04
1.984000000000000000e+03 9.949407854836513597e-04
1.985000000000000000e+03 9.949404285447664437e-04
1.986000000000000000e+03 9.949404082157033580e-04
1.987000000000000000e+03 9.949403948524590362e-04
1.988000000000000000e+03 9.949405331062136180e-04
1.989000000000000000e+03 9.949404647926882086e-04
1.990000000000000000e+03 9.949406222390282453e-04
1.991000000000000000e+03 9.949402396968066043e-04
1.992000000000000000e+03 9.949406710409616598e-04
1.993000000000000000e+03 9.949404186452188992e-04
1.994000000000000000e+03 9.949404366770494852e-04
1.995000000000000000e+03 9.949402624322520750e-04
1.996000000000000000e+03 9.949403851993580180e-04
1.997000000000000000e+03 9.949404584611860457e-04
1.998000000000000000e+03 9.949404184478444473e-04
1.999000000000000000e+03 9.949401961490086412e-04
2.000000000000000000e+03 9.949401663747795520e-04
2.001000000000000000e+03 9.949403555751684149e-04
2.002000000000000000e+03 9.949408305706824735e-04
2.003000000000000000e+03 9.949404534929512378e-04
2.004000000000000000e+03 9.949400780760910955e-04
2.005000000000000000e+03 9.949403607140312744e-04
2.006000000000000000e+03 9.949405011638406092e-04
2.007000000000000000e+03 9.949401194309433639e-04
2.008000000000000000e+03 9.949407890010692705e-04
2.009000000000000000e+03 9.949403938879510488e-04
2.010000000000000000e+03 9.949403461696347713e-04
2.011000000000000000e+03 9.949401557544719672e-04
2.012000000000000000e+03 9.949402864974814849e-04
2.013000000000000000e+03 9.949401743660833512e-04
2.014000000000000000e+03 9.949403005445891460e-04
2.015000000000000000e+03 9.949401246217494822e-04
2.016000000000000000e+03 9.949402516657142401e-04
2.017000000000000000e+03 9.949403224142811843e-04
2.018000000000000000e+03 9.949402347499158340e-04
2.019000000000000000e+03 9.949401101400983608e-04
2.020000000000000000e+03 9.949402462623522375e-04
2.021000000000000000e+03 9.949404316632493462e-04
2.022000000000000000e+03 9.949401060045939219e-04
2.023000000000000000e+03 9.949407196701385171e-04
2.024000000000000000e+03 9.949400800374631326e-04
2.025000000000000000e+03 9.949400944893433633e-04
2.026000000000000000e+03 9.949400311104559386e-04
2.027000000000000000e+03 9.949402266777732703e-04
2.028000000000000000e+03 9.949399550392892116e-04
2.029000000000000000e+03 9.949402441122054234e-04
2.030000000000000000e+03 9.949403558302211212e-04
2.031000000000000000e+03 9.949401269943448749e-04
2.032000000000000000e+03 9.949402132330531067e-04
2.033000000000000000e+03 9.949402185649605483e-04
2.034000000000000000e+03 9.949400575347113005e-04
2.035000000000000000e+03 9.949400073120181088e-04
2.036000000000000000e+03 9.949403698156448345e-04
2.037000000000000000e+03 9.949400348575612122e-04
2.038000000000000000e+03 9.949402268263479992e-04
2.039000000000000000e+03 9.949399769609366517e-04
2.040000000000000000e+03 9.949401774818837207e-04
2.041000000000000000e+03 9.949399716043985219e-04
2.042000000000000000e+03 9.949403131964702079e-04
2.043000000000000000e+03 9.949402671561172543e-04
2.044000000000000000e+03 9.949407153236632974e-04
2.045000000000000000e+03 9.949398463677630068e-04
2.046000000000000000e+03 9.949400299413904431e-04
2.047000000000000000e+03 9.949399242921732039e-04
2.048000000000000000e+03 9.949399006637369737e-04
2.049000000000000000e+03 9.949401047537637533e-04
2.050000000000000000e+03 9.949401691408043744e-04
2.051000000000000000e+03 9.949398349636932610e-04
2.052000000000000000e+03 9.949398926664479448e-04
2.053000000000000000e+03 9.949398991005824200e-04
2.054000000000000000e+03 9.949403956839694609e-04
2.055000000000000000e+03 9.949398374404184661e-04
2.056000000000000000e+03 9.949400501884425249e-04
2.057000000000000000e+03 9.949403401933447789e-04
2.058000000000000000e+03 9.949400565530473316e-04
2.059000000000000000e+03 9.949398124133360631e-04
2.060000000000000000e+03 9.949398529765717761e-04
2.061000000000000000e+03 9.949399822352478044e-04
2.062000000000000000e+03 9.949399115108796023e-04
2.063000000000000000e+03 9.949400107897310181e-04
2.064000000000000000e+03 9.949398649945016132e-04
2.065000000000000000e+03 9.949399590012863916e-04
2.066000000000000000e+03 9.949401209402885301e-04
2.067000000000000000e+03 9.949398095090425040e-04
2.068000000000000000e+03 9.949399723510647057e-04
2.069000000000000000e+03 9.949404257561461976e-04
2.070000000000000000e+03 9.949397211462473415e-04
2.071000000000000000e+03 9.949397844719847905e-04
2.072000000000000000e+03 9.949399340718086387e-04
2.073000000000000000e+03 9.949401440438835221e-04
2.074000000000000000e+03 9.949400076140167692e-04
2.075000000000000000e+03 9.949396889856773445e-04
2.076000000000000000e+03 9.949398243439162848e-04
2.077000000000000000e+03 9.949396948640539060e-04
2.078000000000000000e+03 9.949401627322295317e-04
2.079000000000000000e+03 9.949396723618268278e-04
2.080000000000000000e+03 9.949399420637115680e-04
2.081000000000000000e+03 9.949395883564675185e-04
2.082000000000000000e+03 9.949397090465554334e-04
2.083000000000000000e+03 9.949400597647174108e-04
2.084000000000000000e+03 9.949400647777805091e-04
2.085000000000000000e+03 9.949398104648688509e-04
2.086000000000000000e+03 9.949397353864683231e-04
2.087000000000000000e+03 9.949397765400586242e-04
2.088000000000000000e+03 9.949397389089383991e-04
2.089000000000000000e+03 9.949396542479876232e-04
2.090000000000000000e+03 9.949397951831901506e-04
2.091000000000000000e+03 9.949396239883696782e-04
2.092000000000000000e+03 9.949396328997868553e-04
2.093000000000000000e+03 9.949397485375084758e-04
2.094000000000000000e+03 9.949397626121115040e-04
2.095000000000000000e+03 9.949395080245933363e-04
2.096000000000000000e+03 9.949396902386485955e-04
2.097000000000000000e+03 9.949401190203724810e-04
2.098000000000000000e+03 9.949400954748662245e-04
2.099000000000000000e+03 9.949396399659626248e-04
2.100000000000000000e+03 9.949395231163339105e-04
2.101000000000000000e+03 9.949396483329032287e-04
2.102000000000000000e+03 9.949401570766161843e-04
2.103000000000000000e+03 9.949393943069883423e-04
2.104000000000000000e+03 9.949396274810224598e-04
2.105000000000000000e+03 9.949398918069963290e-04
2.106000000000000000e+03 9.949396219578346499e-04
2.107000000000000000e+03 9.949395783385983887e-04
2.108000000000000000e+03 9.949396815837510503e-04
2.109000000000000000e+03 9.949395244126838737e-04
2.110000000000000000e+03 9.949396626992141040e-04
2.111000000000000000e+03 9.949399517630238849e-04
2.112000000000000000e+03 9.949395344437258430e-04
2.113000000000000000e+03 9.949396324407905161e-04
2.114000000000000000e+03 9.949401698309094655e-04
2.115000000000000000e+03 9.949396540992923310e-04
2.116000000000000000e+03 9.949396492545182265e-04
2.117000000000000000e+03 9.949394343461701647e-04
2.118000000000000000e+03 9.949395353297826958e-04
2.119000000000000000e+03 9.949396183282985251e-04
2.120000000000000000e+03 9.949395368667357693e-04
2.121000000000000000e+03 9.949395563980418123e-04
2.122000000000000000e+03 9.949394613055087891e-04
2.123000000000000000e+03 9.949394218744418705e-04
2.124000000000000000e+03 9.949396228776858676e-04
2.125000000000000000e+03 9.949394127773349052e-04
2.126000000000000000e+03 9.949393987150757356e-04
2.127000000000000000e+03 9.949400737204109994e-04
2.128000000000000000e+03 9.949398138432183174e-04
2.129000000000000000e+03 9.949393973708760275e-04
2.130000000000000000e+03 9.949393310157627832e-04
2.131000000000000000e+03 9.949393210813436104e-04
2.132000000000000000e+03 9.949396885318274961e-04
2.133000000000000000e+03 9.949393036013578356e-04
2.134000000000000000e+03 9.949395046274778481e-04
2.135000000000000000e+03 9.949393671322278535e-04
2.136000000000000000e+03 9.949395173988529514e-04
2.137000000000000000e+03 9.949392638907170270e-04
2.138000000000000000e+03 9.949394720016758314e-04
2.139000000000000000e+03 9.949394386215945803e-04
2.140000000000000000e+03 9.949393479185711462e-04
2.141000000000000000e+03 9.949393882054814557e-04
2.142000000000000000e+03 9.949395475740870076e-04
2.143000000000000000e+03 9.949393909346245391e-04
2.144000000000000000e+03 9.949396683921279093e-04
2.145000000000000000e+03 9.949396782866744629e-04
2.146000000000000000e+03 9.949392040273473403e-04
2.147000000000000000e+03 9.949396418207007761e-04
2.148000000000000000e+03 9.949392947895424090e-04
2.149000000000000000e+03 9.949393011801281692e-04
2.150000000000000000e+03 9.949393003371078542e-04
2.151000000000000000e+03 9.949392294765220090e-04
2.152000000000000000e+03 9.949393475258768056e-04
2.153000000000000000e+03 9.949395161251589105e-04
2.154000000000000000e+03 9.949393931969092997e-04
2.155000000000000000e+03 9.949392696694502047e-04
2.156000000000000000e+03 9.949394345713999388e-04
2.157000000000000000e+03 9.949392070504792154e-04
2.158000000000000000e+03 9.949392495334722503e-04
2.159000000000000000e+03 9.949394120226560338e-04
2.160000000000000000e+03 9.949393188534941951e-04
2.161000000000000000e+03 9.949391904014528738e-04
2.162000000000000000e+03 9.949392551730018922e-04
2.163000000000000000e+03 9.949392465359982365e-04
2.164000000000000000e+03 9.949393559500585137e-04
2.165000000000000000e+03 9.949391384476676328e-04
2.166000000000000000e+03 9.949392809741131397e-04
2.167000000000000000e+03 9.949395205732869743e-04
2.168000000000000000e+03 9.949391611574558928e-04
2.169000000000000000e+03 9.949396288499109692e-04
2.170000000000000000e+03 9.949392417039934315e-04
2.171000000000000000e+03 9.949392120413196386e-04
2.172000000000000000e+03 9.949392262322850986e-04
2.173000000000000000e+03 9.949392009317564994e-04
2.174000000000000000e+03 9.949391277148265846e-04
2.175000000000000000e+03 9.949391880179859690e-04
2.176000000000000000e+03 9.949392100176753656e-04
2.177000000000000000e+03 9.949395944397329203e-04
2.178000000000000000e+03 9.949390819758909422e-04
2.179000000000000000e+03 9.949392664558209722e-04
2.180000000000000000e+03 9.949390703827346027e-04
2.181000000000000000e+03 9.949391983283663397e-04
2.182000000000000000e+03 9.949393752743012406e-04
2.183000000000000000e+03 9.949391625803320326e-04
2.184000000000000000e+03 9.949392670483402784e-04
2.185000000000000000e+03 9.949392527551759700e-04
2.186000000000000000e+03 9.949390981462756349e-04
2.187000000000000000e+03 9.949391596734259800e-04
2.188000000000000000e+03 9.949391616333414998e-04
2.189000000000000000e+03 9.949391552507946650e-04
2.190000000000000000e+03 9.949390476010227559e-04
2.191000000000000000e+03 9.949390757742109306e-04
2.192000000000000000e+03 9.949390278968111862e-04
2.193000000000000000e+03 9.949392047803782245e-04
2.194000000000000000e+03 9.949391141462551880e-04
2.195000000000000000e+03 9.949390482355761466e-04
2.196000000000000000e+03 9.949390433024139779e-04
2.197000000000000000e+03 9.949393462474805799e-04
2.198000000000000000e+03 9.949390599154994512e-04
2.199000000000000000e+03 9.949390172183957860e-04
2.200000000000000000e+03 9.949393457277270689e-04
2.201000000000000000e+03 9.949392510899325061e-04
2.202000000000000000e+03 9.949389899871095497e-04
2.203000000000000000e+03 9.949394215760282330e-04
2.204000000000000000e+03 9.949394181565556286e-04
2.205000000000000000e+03 9.949389655891521540e-04
2.206000000000000000e+03 9.949390266214418362e-04
2.207000000000000000e+03 9.949389029411078497e-04
2.208000000000000000e+03 9.949389476684269203e-04
2.209000000000000000e+03 9.949388837979628811e-04
2.210000000000000000e+03 9.949391768862094788e-04
2.211000000000000000e+03 9.949389558050205327e-04
2.212000000000000000e+03 9.949389595842719671e-04
2.213000000000000000e+03 9.949389967974996921e-04
2.214000000000000000e+03 9.949389102680062692e-04
2.215000000000000000e+03 9.949389055637024824e-04
2.216000000000000000e+03 9.949390415812037810e-04
2.217000000000000000e+03 9.949390363589894100e-04
2.218000000000000000e+03 9.949388993542444045e-04
2.219000000000000000e+03 9.949389338019354150e-04
2.220000000000000000e+03 9.949390315428230640e-04
2.221000000000000000e+03 9.949388433175034019e-04
2.222000000000000000e+03 9.949388917178353213e-04
2.223000000000000000e+03 9.949391200277052458e-04
2.224000000000000000e+03 9.949390060952426063e-04
2.225000000000000000e+03 9.949391926267103954e-04
2.226000000000000000e+03 9.949388610406438484e-04
2.227000000000000000e+03 9.949391069217800466e-04
2.228000000000000000e+03 9.949388213509175165e-04
2.229000000000000000e+03 9.949388611737773700e-04
2.230000000000000000e+03 9.949387756429072232e-04
2.231000000000000000e+03 9.949388008264983298e-04
2.232000000000000000e+03 9.949388367838821016e-04
2.233000000000000000e+03 9.949389565474045516e-04
2.234000000000000000e+03 9.949389015698065566e-04
2.235000000000000000e+03 9.949391074432587401e-04
2.236000000000000000e+03 9.949389074535026477e-04
2.237000000000000000e+03 9.949392495146292502e-04
2.238000000000000000e+03 9.949389886348032619e-04
2.239000000000000000e+03 9.949389191930644444e-04
2.240000000000000000e+03 9.949388556536118821e-04
2.241000000000000000e+03 9.949389765543477024e-04
2.242000000000000000e+03 9.949388815686931609e-04
2.243000000000000000e+03 9.949389813657962510e-04
2.244000000000000000e+03 9.949390647372223333e-04
2.245000000000000000e+03 9.949387522301788699e-04
2.246000000000000000e+03 9.949389116756211793e-04
2.247000000000000000e+03 9.949386828941352359e-04
2.248000000000000000e+03 9.949387170532285416e-04
2.249000000000000000e+03 9.949387912389728948e-04
2.250000000000000000e+03 9.949388642411327675e-04
2.251000000000000000e+03 9.949387247549078966e-04
2.252000000000000000e+03 9.949387842702896688e-04
2.253000000000000000e+03 9.949387923975706351e-04
2.254000000000000000e+03 9.949386474101158673e-04
2.255000000000000000e+03 9.949387836640439294e-04
2.256000000000000000e+03 9.949387057680491534e-04
2.257000000000000000e+03 9.949386530836332957e-04
2.258000000000000000e+03 9.949388194665511557e-04
2.259000000000000000e+03 9.949387018148713076e-04
2.260000000000000000e+03 9.949387680840927548e-04
2.261000000000000000e+03 9.949388519450547662e-04
2.262000000000000000e+03 9.949391243621215353e-04
2.263000000000000000e+03 9.949387091640899804e-04
2.264000000000000000e+03 9.949387026691629884e-04
2.265000000000000000e+03 9.949387411705076789e-04
2.266000000000000000e+03 9.949387534676510172e-04
2.267000000000000000e+03 9.949388533548654025e-04
2.268000000000000000e+03 9.949386518516003738e-04
2.269000000000000000e+03 9.949389455340660899e-04
2.270000000000000000e+03 9.949393285938700187e-04
2.271000000000000000e+03 9.949386041390700496e-04
2.272000000000000000e+03 9.949386799361918839e-04
2.273000000000000000e+03 9.949387132642999523e-04
2.274000000000000000e+03 9.949385854123027340e-04
2.275000000000000000e+03 9.949385727667965640e-04
2.276000000000000000e+03 9.949386820244255497e-04
2.277000000000000000e+03 9.949388707895774966e-04
2.278000000000000000e+03 9.949389004251275870e-04
2.279000000000000000e+03 9.949386316340849950e-04
2.280000000000000000e+03 9.949386008018200854e-04
2.281000000000000000e+03 9.949385488709223523e-04
2.282000000000000000e+03 9.949387331115451105e-04
2.283000000000000000e+03 9.949386136765461103e-04
2.284000000000000000e+03 9.949388398944472925e-04
2.285000000000000000e+03 9.949386225788223789e-04
2.286000000000000000e+03 9.949387867580845781e-04
2.287000000000000000e+03 9.949386263218863973e-04
2.288000000000000000e+03 9.949386369807818216e-04
2.289000000000000000e+03 9.949386383644501751e-04
2.290000000000000000e+03 9.949385759722916781e-04
2.291000000000000000e+03 9.949386311078856852e-04
2.292000000000000000e+03 9.949386119083056083e-04
2.293000000000000000e+03 9.949386263316810797e-04
2.294000000000000000e+03 9.949385888605979857e-04
2.295000000000000000e+03 9.949385363130522440e-04
2.296000000000000000e+03 9.949384759457206677e-04
2.297000000000000000e+03 9.949386283688557622e-04
2.298000000000000000e+03 9.949386574247419315e-04
2.299000000000000000e+03 9.949384780602692213e-04
2.300000000000000000e+03 9.949385632030843286e-04
2.301000000000000000e+03 9.949385021507900322e-04
2.302000000000000000e+03 9.949385177000120983e-04
2.303000000000000000e+03 9.949388683695564988e-04
2.304000000000000000e+03 9.949384250303450195e-04
2.305000000000000000e+03 9.949384924877536021e-04
2.306000000000000000e+03 9.949388120496097457e-04
2.307000000000000000e+03 9.949384163406480540e-04
2.308000000000000000e+03 9.949384814527276275e-04
2.309000000000000000e+03 9.949388792446541962e-04
2.310000000000000000e+03 9.949384542921326739e-04
2.311000000000000000e+03 9.949385314175762923e-04
2.312000000000000000e+03 9.949385996817911026e-04
2.313000000000000000e+03 9.949387079619762680e-04
2.314000000000000000e+03 9.949385334488873925e-04
2.315000000000000000e+03 9.949386681504040434e-04
2.316000000000000000e+03 9.949384598914037207e-04
2.317000000000000000e+03 9.949387961528015703e-04
2.318000000000000000e+03 9.949385260507295683e-04
2.319000000000000000e+03 9.949388529268052544e-04
2.320000000000000000e+03 9.949385450030113695e-04
2.321000000000000000e+03 9.949384720768581890e-04
2.322000000000000000e+03 9.949384889420328105e-04
2.323000000000000000e+03 9.949388826201511268e-04
2.324000000000000000e+03 9.949383748425084939e-04
2.325000000000000000e+03 9.949384640779268107e-04
2.326000000000000000e+03 9.949386749925363729e-04
2.327000000000000000e+03 9.949385586720913433e-04
2.328000000000000000e+03 9.949384151842091770e-04
2.329000000000000000e+03 9.949384776897164575e-04
2.330000000000000000e+03 9.949385803724728524e-04
2.331000000000000000e+03 9.949384249111140055e-04
2.332000000000000000e+03 9.949383411757474916e-04
2.333000000000000000e+03 9.949383776365222122e-04
2.334000000000000000e+03 9.949383836751770314e-04
2.335000000000000000e+03 9.949387865306000972e-04
2.336000000000000000e+03 9.949385677886567018e-04
2.337000000000000000e+03 9.949382935360989721e-04
2.338000000000000000e+03 9.949383705322629740e-04
2.339000000000000000e+03 9.949383630015273903e-04
2.340000000000000000e+03 9.949383073126025646e-04
2.341000000000000000e+03 9.949383201695376992e-04
2.342000000000000000e+03 9.949385644745518519e-04
2.343000000000000000e+03 9.949382683120760150e-04
2.344000000000000000e+03 9.949383117631514350e-04
2.345000000000000000e+03 9.949383054067301863e-04
2.346000000000000000e+03 9.949383207677310690e-04
2.347000000000000000e+03 9.949383133079957656e-04
2.348000000000000000e+03 9.949385392470297407e-04
2.349000000000000000e+03 9.949383477725617323e-04
2.350000000000000000e+03 9.949382437620260880e-04
2.351000000000000000e+03 9.949383434585050250e-04
2.352000000000000000e+03 9.949382778685197590e-04
2.353000000000000000e+03 9.949383471827496789e-04
2.354000000000000000e+03 9.949383808616734780e-04
2.355000000000000000e+03 9.949382577380723198e-04
2.356000000000000000e+03 9.949382946466431375e-04
2.357000000000000000e+03 9.949382782059449423e-04
2.358000000000000000e+03 9.949382942183076020e-04
2.359000000000000000e+03 9.949383427744959690e-04
2.360000000000000000e+03 9.949382853575543251e-04
2.361000000000000000e+03 9.949382614092890792e-04
2.362000000000000000e+03 9.949383278652114415e-04
2.363000000000000000e+03 9.949383004768700637e-04
2.364000000000000000e+03 9.949382210113475768e-04
2.365000000000000000e+03 9.949384092589532314e-04
2.366000000000000000e+03 9.949381830026008192e-04
2.367000000000000000e+03 9.949382618429484810e-04
2.368000000000000000e+03 9.949382884339500171e-04
2.369000000000000000e+03 9.949382623863321784e-04
2.370000000000000000e+03 9.949382164427340771e-04
2.371000000000000000e+03 9.949384877678034769e-04
2.372000000000000000e+03 9.949381614818338798e-04
2.373000000000000000e+03 9.949382006878991404e-04
2.374000000000000000e+03 9.949382096465450315e-04
2.375000000000000000e+03 9.949382311190753825e-04
2.376000000000000000e+03 9.949382184748735078e-04
2.377000000000000000e+03 9.949382723672571191e-04
2.378000000000000000e+03 9.949381893353088317e-04
2.379000000000000000e+03 9.949381769375487128e-04
2.380000000000000000e+03 9.949382936135168620e-04
2.381000000000000000e+03 9.949382052846054026e-04
2.382000000000000000e+03 9.949382882139192093e-04
2.383000000000000000e+03 9.949381298690984470e-04
2.384000000000000000e+03 9.949381953772440130e-04
2.385000000000000000e+03 9.949382389438901804e-04
2.386000000000000000e+03 9.949381703974833485e-04
2.387000000000000000e+03 9.949382477145805176e-04
2.388000000000000000e+03 9.949381721069165078e-04
2.389000000000000000e+03 9.949381325534091200e-04
2.390000000000000000e+03 9.949385413521580953e-04
2.391000000000000000e+03 9.949381095679774197e-04
2.392000000000000000e+03 9.949381786535339226e-04
2.393000000000000000e+03 9.949382580509667784e-04
2.394000000000000000e+03 9.949381121408919573e-04
2.395000000000000000e+03 9.949381125200151225e-04
2.396000000000000000e+03 9.949381216468183853e-04
2.397000000000000000e+03 9.949381501226108558e-04
2.398000000000000000e+03 9.949381846081429073e-04
2.399000000000000000e+03 9.949381968324395691e-04
2.400000000000000000e+03 9.949381255913219632e-04
2.401000000000000000e+03 9.949382330628243638e-04
2.402000000000000000e+03 9.949380955332650083e-04
2.403000000000000000e+03 9.949382322224471168e-04
2.404000000000000000e+03 9.949382155907038252e-04
2.405000000000000000e+03 9.949382189077661618e-04
2.406000000000000000e+03 9.949380578562945238e-04
2.407000000000000000e+03 9.949381177092396066e-04
2.408000000000000000e+03 9.949383513296831266e-04
2.409000000000000000e+03 9.949380695726858358e-04
2.410000000000000000e+03 9.949381294323898350e-04
2.411000000000000000e+03 9.949380433434459187e-04
2.412000000000000000e+03 9.949381177587627093e-04
2.413000000000000000e+03 9.949382631241434662e-04
2.414000000000000000e+03 9.949380950406135158e-04
2.415000000000000000e+03 9.949381333087085888e-04
2.416000000000000000e+03 9.949381792081753249e-04
2.417000000000000000e+03 9.949381202188807560e-04
2.418000000000000000e+03 9.949380138367792774e-04
2.419000000000000000e+03 9.949382780508554593e-04
2.420000000000000000e+03 9.949381398924202462e-04
2.421000000000000000e+03 9.949380613251553561e-04
2.422000000000000000e+03 9.949380063905377374e-04
2.423000000000000000e+03 9.949380450280974689e-04
2.424000000000000000e+03 9.949381375755881902e-04
2.425000000000000000e+03 9.949381206618942205e-04
2.426000000000000000e+03 9.949380614741138926e-04
2.427000000000000000e+03 9.949381229562117342e-04
2.428000000000000000e+03 9.949379790031214008e-04
2.429000000000000000e+03 9.949380224494018283e-04
2.430000000000000000e+03 9.949380272105546718e-04
2.431000000000000000e+03 9.949381427735320450e-04
2.432000000000000000e+03 9.949380846049744008e-04
2.433000000000000000e+03 9.949380583697876347e-04
2.434000000000000000e+03 9.949380642450184921e-04
2.435000000000000000e+03 9.949379998118125425e-04
2.436000000000000000e+03 9.949380320297776005e-04
2.437000000000000000e+03 9.949381368560227239e-04
2.438000000000000000e+03 9.949380282135928191e-04
2.439000000000000000e+03 9.949380214780163129e-04
2.440000000000000000e+03 9.949380246943972505e-04
2.441000000000000000e+03 9.949379705149884612e-04
2.442000000000000000e+03 9.949379694571536519e-04
2.443000000000000000e+03 9.949380152274539622e-04
2.444000000000000000e+03 9.949383427650844436e-04
2.445000000000000000e+03 9.949379400259437956e-04
2.446000000000000000e+03 9.949380299924025575e-04
2.447000000000000000e+03 9.949379501450231981e-04
2.448000000000000000e+03 9.949379483915924641e-04
2.449000000000000000e+03 9.949379307300357852e-04
2.450000000000000000e+03 9.949380212773636673e-04
2.451000000000000000e+03 9.949379696001137315e-04
2.452000000000000000e+03 9.949379501146906907e-04
2.453000000000000000e+03 9.949379673373050844e-04
2.454000000000000000e+03 9.949379371271085438e-04
2.455000000000000000e+03 9.949379606423900627e-04
2.456000000000000000e+03 9.949380623066957259e-04
2.457000000000000000e+03 9.949379813542888387e-04
2.458000000000000000e+03 9.949378938081830572e-04
2.459000000000000000e+03 9.949379369530353314e-04
2.460000000000000000e+03 9.949378743304344332e-04
2.461000000000000000e+03 9.949378992819175871e-04
2.462000000000000000e+03 9.949380403586648765e-04
2.463000000000000000e+03 9.949379293443284811e-04
2.464000000000000000e+03 9.949379053456402448e-04
2.465000000000000000e+03 9.949379020640397760e-04
2.466000000000000000e+03 9.949380680483888711e-04
2.467000000000000000e+03 9.949379195356117082e-04
2.468000000000000000e+03 9.949379259178760000e-04
2.469000000000000000e+03 9.949381407875514376e-04
2.470000000000000000e+03 9.949382611176079035e-04
2.471000000000000000e+03 9.949379413353412645e-04
2.472000000000000000e+03 9.949379041255534961e-04
2.473000000000000000e+03 9.949378519112093196e-04
2.474000000000000000e+03 9.949380052642550765e-04
2.475000000000000000e+03 9.949379777935537985e-04
2.476000000000000000e+03 9.949379888417755977e-04
2.477000000000000000e+03 9.949378684043596981e-04
2.478000000000000000e+03 9.949380628563526171e-04
2.479000000000000000e+03 9.949380947946321122e-04
2.480000000000000000e+03 9.949379657042320673e-04
2.481000000000000000e+03 9.949378415751398627e-04
2.482000000000000000e+03 9.949378794651372090e-04
2.483000000000000000e+03 9.949378759168091280e-04
2.484000000000000000e+03 9.949383203226931822e-04
2.485000000000000000e+03 9.949379488431251556e-04
2.486000000000000000e+03 9.949379099885918495e-04
2.487000000000000000e+03 9.949379106397615059e-04
2.488000000000000000e+03 9.949378856877093627e-04
2.489000000000000000e+03 9.949380026324781186e-04
2.490000000000000000e+03 9.949378255094611274e-04
2.491000000000000000e+03 9.949378160143582898e-04
2.492000000000000000e+03 9.949378759741057433e-04
2.493000000000000000e+03 9.949378148171753120e-04
2.494000000000000000e+03 9.949380031436772746e-04
2.495000000000000000e+03 9.949378718831902030e-04
2.496000000000000000e+03 9.949380328111716472e-04
2.497000000000000000e+03 9.949378695003688322e-04
2.498000000000000000e+03 9.949377643986684859e-04
2.499000000000000000e+03 9.949378303653591462e-04
2.500000000000000000e+03 9.949378887768027969e-04
2.501000000000000000e+03 9.949380897199455644e-04
2.502000000000000000e+03 9.949378405101994092e-04
2.503000000000000000e+03 9.949378187101127168e-04
2.504000000000000000e+03 9.949377845555234037e-04
2.505000000000000000e+03 9.949378149479652222e-04
2.506000000000000000e+03 9.949378033753755474e-04
2.507000000000000000e+03 9.949380130233006526e-04
2.508000000000000000e+03 9.949378413076272881e-04
2.509000000000000000e+03 9.949378416279238118e-04
2.510000000000000000e+03 9.949377848048183461e-04
2.511000000000000000e+03 9.949377967966531715e-04
2.512000000000000000e+03 9.949377937377166040e-04
2.513000000000000000e+03 9.949378873342011164e-04
2.514000000000000000e+03 9.949378197169681231e-04
2.515000000000000000e+03 9.949377228781783149e-04
2.516000000000000000e+03 9.949377736054886880e-04
2.517000000000000000e+03 9.949377588858764401e-04
2.518000000000000000e+03 9.949377263418386630e-04
2.519000000000000000e+03 9.949379219950109290e-04
2.520000000000000000e+03 9.949377449315218412e-04
2.521000000000000000e+03 9.949379957025119691e-04
2.522000000000000000e+03 9.949377012726644959e-04
2.523000000000000000e+03 9.949377600508189316e-04
2.524000000000000000e+03 9.949378036842528202e-04
2.525000000000000000e+03 9.949377965242703608e-04
2.526000000000000000e+03 9.949377250209050661e-04
2.527000000000000000e+03 9.949377388918483056e-04
2.528000000000000000e+03 9.949377283076808656e-04
2.529000000000000000e+03 9.949377153029789495e-04
2.530000000000000000e+03 9.949377136969810628e-04
2.531000000000000000e+03 9.949378156145173221e-04
2.532000000000000000e+03 9.949377268933736092e-04
2.533000000000000000e+03 9.949377095459037944e-04
2.534000000000000000e+03 9.949377177867280500e-04
2.535000000000000000e+03 9.949376834604861143e-04
2.536000000000000000e+03 9.949376953761373057e-04
2.537000000000000000e+03 9.949376943121826088e-04
2.538000000000000000e+03 9.949378171312146801e-04
2.539000000000000000e+03 9.949376710003136805e-04
2.540000000000000000e+03 9.949376866544461847e-04
2.541000000000000000e+03 9.949376995407363099e-04
2.542000000000000000e+03 9.949377659577947949e-04
2.543000000000000000e+03 9.949376916500829015e-04
2.544000000000000000e+03 9.949377615819951590e-04
2.545000000000000000e+03 9.949378149401270910e-04
2.546000000000000000e+03 9.949376359503477128e-04
2.547000000000000000e+03 9.949377266543304489e-04
2.548000000000000000e+03 9.949376835234301220e-04
2.549000000000000000e+03 9.949376572082912519e-04
2.550000000000000000e+03 9.949377262601956373e-04
2.551000000000000000e+03 9.949377003294007996e-04
2.552000000000000000e+03 9.949376380830891788e-04
2.553000000000000000e+03 9.949377279491740216e-04
2.554000000000000000e+03 9.949378039141123543e-04
2.555000000000000000e+03 9.949376459659473905e-04
2.556000000000000000e+03 9.949376428225176466e-04
2.557000000000000000e+03 9.949376384974189906e-04
2.558000000000000000e+03 9.949376257703569648e-04
2.559000000000000000e+03 9.949376090959171411e-04
2.560000000000000000e+03 9.949377840687721394e-04
2.561000000000000000e+03 9.949377473776014214e-04
2.562000000000000000e+03 9.949376359518037963e-04
2.563000000000000000e+03 9.949376564838900271e-04
2.564000000000000000e+03 9.949375976714934511e-04
2.565000000000000000e+03 9.949376729474195685e-04
2.566000000000000000e+03 9.949376286625983157e-04
2.567000000000000000e+03 9.949377311213359904e-04
2.568000000000000000e+03 9.949376101645228485e-04
2.569000000000000000e+03 9.949376189764156872e-04
2.570000000000000000e+03 9.949376394685679331e-04
2.571000000000000000e+03 9.949375844002105070e-04
2.572000000000000000e+03 9.949376146692085355e-04
2.573000000000000000e+03 9.949376742330957781e-04
2.574000000000000000e+03 9.949376164577838997e-04
2.575000000000000000e+03 9.949378445876318113e-04
2.576000000000000000e+03 9.949375752889581728e-04
2.577000000000000000e+03 9.949375984078644847e-04
2.578000000000000000e+03 9.949375594733879651e-04
2.579000000000000000e+03 9.949375970407688119e-04
2.580000000000000000e+03 9.949376075581576381e-04
2.581000000000000000e+03 9.949376139462519017e-04
2.582000000000000000e+03 9.949375877251166126e-04
2.583000000000000000e+03 9.949375835548127534e-04
2.584000000000000000e+03 9.949376270266022896e-04
2.585000000000000000e+03 9.949376059377940725e-04
2.586000000000000000e+03 9.949375329929848084e-04
2.587000000000000000e+03 9.949376047824671533e-04
2.588000000000000000e+03 9.949375760246572178e-04
2.589000000000000000e+03 9.949376129555530593e-04
2.590000000000000000e+03 9.949375519996579969e-04
2.591000000000000000e+03 9.949375633589870559e-04
2.592000000000000000e+03 9.949375317234413103e-04
2.593000000000000000e+03 9.949375528664080280e-04
2.594000000000000000e+03 9.949375660676738464e-04
2.595000000000000000e+03 9.949378273737747354e-04
2.596000000000000000e+03 9.949376029369356132e-04
2.597000000000000000e+03 9.949375884724636753e-04
2.598000000000000000e+03 9.949375934083905595e-04
2.599000000000000000e+03 9.949375280109817171e-04
2.600000000000000000e+03 9.949376258411267437e-04
2.601000000000000000e+03 9.949375550049131128e-04
2.602000000000000000e+03 9.949377643480394971e-04
2.603000000000000000e+03 9.949376626261793952e-04
2.604000000000000000e+03 9.949375412135704790e-04
2.605000000000000000e+03 9.949377726225369038e-04
2.606000000000000000e+03 9.949374601985049461e-04
2.607000000000000000e+03 9.949375431198283996e-04
2.608000000000000000e+03 9.949377987499897526e-04
2.609000000000000000e+03 9.949375821848469807e-04
2.610000000000000000e+03 9.949375170588727058e-04
2.611000000000000000e+03 9.949375975989384249e-04
2.612000000000000000e+03 9.949375058481233630e-04
2.613000000000000000e+03 9.949376660709548931e-04
2.614000000000000000e+03 9.949375732994771102e-04
2.615000000000000000e+03 9.949375269362179582e-04
2.616000000000000000e+03 9.949375380789036907e-04
2.617000000000000000e+03 9.949375269966960564e-04
2.618000000000000000e+03 9.949375107232399495e-04
2.619000000000000000e+03 9.949376376278047142e-04
2.620000000000000000e+03 9.949375220340871736e-04
2.621000000000000000e+03 9.949375771110499124e-04
2.622000000000000000e+03 9.949374984343079247e-04
2.623000000000000000e+03 9.949374678688033703e-04
2.624000000000000000e+03 9.949374629860641920e-04
2.625000000000000000e+03 9.949374685410460138e-04
2.626000000000000000e+03 9.949374615017233300e-04
2.627000000000000000e+03 9.949375771050243504e-04
2.628000000000000000e+03 9.949375541349638179e-04
2.629000000000000000e+03 9.949374942575363659e-04
2.630000000000000000e+03 9.949374990764819557e-04
2.631000000000000000e+03 9.949374730590825663e-04
2.632000000000000000e+03 9.949375238335615886e-04
2.633000000000000000e+03 9.949376140473927856e-04
2.634000000000000000e+03 9.949375646961279573e-04
2.635000000000000000e+03 9.949374438072795465e-04
2.636000000000000000e+03 9.949374504636607219e-04
2.637000000000000000e+03 9.949374737430441342e-04
2.638000000000000000e+03 9.949374979883449967e-04
2.639000000000000000e+03 9.949374725225933105e-04
2.640000000000000000e+03 9.949374788497226691e-04
2.641000000000000000e+03 9.949374329482930934e-04
2.642000000000000000e+03 9.949375586689973398e-04
2.643000000000000000e+03 9.949374586665973158e-04
2.644000000000000000e+03 9.949375530229045885e-04
2.645000000000000000e+03 9.949374972537939048e-04
2.646000000000000000e+03 9.949374338698575675e-04
2.647000000000000000e+03 9.949374593514399064e-04
2.648000000000000000e+03 9.949374055392341300e-04
2.649000000000000000e+03 9.949374699466117817e-04
2.650000000000000000e+03 9.949374431463377591e-04
2.651000000000000000e+03 9.949374394230851501e-04
2.652000000000000000e+03 9.949374339115826544e-04
2.653000000000000000e+03 9.949374492955042216e-04
2.654000000000000000e+03 9.949374431341927432e-04
2.655000000000000000e+03 9.949374031666404720e-04
2.656000000000000000e+03 9.949374106715304106e-04
2.657000000000000000e+03 9.949374893453925405e-04
2.658000000000000000e+03 9.949374142535390153e-04
2.659000000000000000e+03 9.949374442608481528e-04
2.660000000000000000e+03 9.949374131657915017e-04
2.661000000000000000e+03 9.949374549081829461e-04
2.662000000000000000e+03 9.949374139498628773e-04
2.663000000000000000e+03 9.949374350563750316e-04
2.664000000000000000e+03 9.949374111173124938e-04
2.665000000000000000e+03 9.949374124992541469e-04
2.666000000000000000e+03 9.949374424775782235e-04
2.667000000000000000e+03 9.949373843654535192e-04
2.668000000000000000e+03 9.949374612538935785e-04
2.669000000000000000e+03 9.949374111394412769e-04
2.670000000000000000e+03 9.949373920843623646e-04
2.671000000000000000e+03 9.949373679544383942e-04
2.672000000000000000e+03 9.949373592910606533e-04
2.673000000000000000e+03 9.949373714312097824e-04
2.674000000000000000e+03 9.949373758499507631e-04
2.675000000000000000e+03 9.949373746687409023e-04
2.676000000000000000e+03 9.949373879021405215e-04
2.677000000000000000e+03 9.949374375293302489e-04
2.678000000000000000e+03 9.949374461514460741e-04
2.679000000000000000e+03 9.949374251536514252e-04
2.680000000000000000e+03 9.949374301596852072e-04
2.681000000000000000e+03 9.949373578933635911e-04
2.682000000000000000e+03 9.949373654130429147e-04
2.683000000000000000e+03 9.949375044561324568e-04
2.684000000000000000e+03 9.949374915337249551e-04
2.685000000000000000e+03 9.949373215828215614e-04
2.686000000000000000e+03 9.949373408458909995e-04
2.687000000000000000e+03 9.949373387722487434e-04
2.688000000000000000e+03 9.949373932684293150e-04
2.689000000000000000e+03 9.949373848977876786e-04
2.690000000000000000e+03 9.949374217965985083e-04
2.691000000000000000e+03 9.949373711918159911e-04
2.692000000000000000e+03 9.949373248475360150e-04
2.693000000000000000e+03 9.949374561051215447e-04
2.694000000000000000e+03 9.949374083587127215e-04
2.695000000000000000e+03 9.949373917103911114e-04
2.696000000000000000e+03 9.949373877093984318e-04
2.697000000000000000e+03 9.949373586285402676e-04
2.698000000000000000e+03 9.949374911831228123e-04
2.699000000000000000e+03 9.949373367224530803e-04
2.700000000000000000e+03 9.949373415660508254e-04
2.701000000000000000e+03 9.949373901460719077e-04
2.702000000000000000e+03 9.949373878579907248e-04
2.703000000000000000e+03 9.949374172777427326e-04
2.704000000000000000e+03 9.949373197279520048e-04
2.705000000000000000e+03 9.949375797598197877e-04
2.706000000000000000e+03 9.949372927508788687e-04
2.707000000000000000e+03 9.949373558955500012e-04
2.708000000000000000e+03 9.949372921897352891e-04
2.709000000000000000e+03 9.949373503246941586e-04
2.710000000000000000e+03 9.949375791565699158e-04
2.711000000000000000e+03 9.949372923095905867e-04
2.712000000000000000e+03 9.949373828415997763e-04
2.713000000000000000e+03 9.949373600239472780e-04
2.714000000000000000e+03 9.949373259059092391e-04
2.715000000000000000e+03 9.949373179171652412e-04
2.716000000000000000e+03 9.949373989003164158e-04
2.717000000000000000e+03 9.949373276315605450e-04
2.718000000000000000e+03 9.949373202270312983e-04
2.719000000000000000e+03 9.949373826212456595e-04
2.720000000000000000e+03 9.949372968644214915e-04
2.721000000000000000e+03 9.949372981226012498e-04
2.722000000000000000e+03 9.949373229333089916e-04
2.723000000000000000e+03 9.949372982534087240e-04
2.724000000000000000e+03 9.949372635337852804e-04
2.725000000000000000e+03 9.949373356348302500e-04
2.726000000000000000e+03 9.949373108026288506e-04
2.727000000000000000e+03 9.949373145532055228e-04
2.728000000000000000e+03 9.949372875195138313e-04
2.729000000000000000e+03 9.949372924962973565e-04
2.730000000000000000e+03 9.949372646460680723e-04
2.731000000000000000e+03 9.949373130558919649e-04
2.732000000000000000e+03 9.949372295665229009e-04
2.733000000000000000e+03 9.949373356223855606e-04
2.734000000000000000e+03 9.949372621507720019e-04
2.735000000000000000e+03 9.949372983676671531e-04
2.736000000000000000e+03 9.949373258705341075e-04
2.737000000000000000e+03 9.949373119976249926e-04
2.738000000000000000e+03 9.949373308516412141e-04
2.739000000000000000e+03 9.949373338700722054e-04
2.740000000000000000e+03 9.949373846803040954e-04
2.741000000000000000e+03 9.949372620491475638e-04
2.742000000000000000e+03 9.949372942674975136e-04
2.743000000000000000e+03 9.949373632146328410e-04
2.744000000000000000e+03 9.949372842323175783e-04
2.745000000000000000e+03 9.949373922088209678e-04
2.746000000000000000e+03 9.949372205519384661e-04
2.747000000000000000e+03 9.949372365147324867e-04
2.748000000000000000e+03 9.949372532586161100e-04
2.749000000000000000e+03 9.949372389192565492e-04
2.750000000000000000e+03 9.949372396356390147e-04
2.751000000000000000e+03 9.949372475350222022e-04
2.752000000000000000e+03 9.949372426663991194e-04
2.753000000000000000e+03 9.949373038412665914e-04
2.754000000000000000e+03 9.949372188796598310e-04
2.755000000000000000e+03 9.949372595939168836e-04
2.756000000000000000e+03 9.949372106519713353e-04
2.757000000000000000e+03 9.949372528781162250e-04
2.758000000000000000e+03 9.949372493025479981e-04
2.759000000000000000e+03 9.949372614685659741e-04
2.760000000000000000e+03 9.949372614519291086e-04
2.761000000000000000e+03 9.949372655099699043e-04
2.762000000000000000e+03 9.949372012310795342e-04
2.763000000000000000e+03 9.949372553646610492e-04
2.764000000000000000e+03 9.949371948638242869e-04
2.765000000000000000e+03 9.949372498471256189e-04
2.766000000000000000e+03 9.949372330822709234e-04
2.767000000000000000e+03 9.949372973430698625e-04
2.768000000000000000e+03 9.949372334850015067e-04
2.769000000000000000e+03 9.949372612914251200e-04
2.770000000000000000e+03 9.949372340465943796e-04
2.771000000000000000e+03 9.949371998249675452e-04
2.772000000000000000e+03 9.949372101058372338e-04
2.773000000000000000e+03 9.949371938333478015e-04
2.774000000000000000e+03 9.949372557109096866e-04
2.775000000000000000e+03 9.949371913443665581e-04
2.776000000000000000e+03 9.949372081811045081e-04
2.777000000000000000e+03 9.949371989591473259e-04
2.778000000000000000e+03 9.949372095450130602e-04
2.779000000000000000e+03 9.949372137195082282e-04
2.780000000000000000e+03 9.949372185215044854e-04
2.781000000000000000e+03 9.949371718626883517e-04
2.782000000000000000e+03 9.949372015440130241e-04
2.783000000000000000e+03 9.949372516080757286e-04
2.784000000000000000e+03 9.949372262408179551e-04
2.785000000000000000e+03 9.949371702969965481e-04
2.786000000000000000e+03 9.949372467595088681e-04
2.787000000000000000e+03 9.949372285614377798e-04
2.788000000000000000e+03 9.949371837465513860e-04
2.789000000000000000e+03 9.949373341248870378e-04
2.790000000000000000e+03 9.949371628298281714e-04
2.791000000000000000e+03 9.949371754621513103e-04
2.792000000000000000e+03 9.949371676329274959e-04
2.793000000000000000e+03 9.949371621061646378e-04
2.794000000000000000e+03 9.949371789277161680e-04
2.795000000000000000e+03 9.949371717114970093e-04
2.796000000000000000e+03 9.949371887640857341e-04
2.797000000000000000e+03 9.949371647490258281e-04
2.798000000000000000e+03 9.949371865354962423e-04
2.799000000000000000e+03 9.949372160702641028e-04
2.800000000000000000e+03 9.949373410589206802e-04
2.801000000000000000e+03 9.949371233571669207e-04
2.802000000000000000e+03 9.949371544110661731e-04
2.803000000000000000e+03 9.949371655013901448e-04
2.804000000000000000e+03 9.949371754208345339e-04
2.805000000000000000e+03 9.949371700603861206e-04
2.806000000000000000e+03 9.949371266861628538e-04
2.807000000000000000e+03 9.949371611982450649e-04
2.808000000000000000e+03 9.949371927151120891e-04
2.809000000000000000e+03 9.949371284611342996e-04
2.810000000000000000e+03 9.949371649586172869e-04
2.811000000000000000e+03 9.949371276192272434e-04
2.812000000000000000e+03 9.949371235731267662e-04
2.813000000000000000e+03 9.949371663909012658e-04
2.814000000000000000e+03 9.949371565909866967e-04
2.815000000000000000e+03 9.949371280599118416e-04
2.816000000000000000e+03 9.949371233636508834e-04
2.817000000000000000e+03 9.949371509390312306e-04
2.818000000000000000e+03 9.949371961448726879e-04
2.819000000000000000e+03 9.949371498236471868e-04
2.820000000000000000e+03 9.949371302988025551e-04
2.821000000000000000e+03 9.949371951488400045e-04
2.822000000000000000e+03 9.949371337063515376e-04
2.823000000000000000e+03 9.949370946682150989e-04
2.824000000000000000e+03 9.949372023786084377e-04
2.825000000000000000e+03 9.949371025006490191e-04
2.826000000000000000e+03 9.949371088986301223e-04
2.827000000000000000e+03 9.949371601431170747e-04
2.828000000000000000e+03 9.949371441375629878e-04
2.829000000000000000e+03 9.949371635567770544e-04
2.830000000000000000e+03 9.949371564491398760e-04
2.831000000000000000e+03 9.949371097425076076e-04
2.832000000000000000e+03 9.949370995431753434e-04
2.833000000000000000e+03 9.949371285467392169e-04
2.834000000000000000e+03 9.949370897944314306e-04
2.835000000000000000e+03 9.949371381650141434e-04
2.836000000000000000e+03 9.949371315785956668e-04
2.837000000000000000e+03 9.949371063753295434e-04
2.838000000000000000e+03 9.949370886609863133e-04
2.839000000000000000e+03 9.949370766688847741e-04
2.840000000000000000e+03 9.949371859445364525e-04
2.841000000000000000e+03 9.949372174711068693e-04
2.842000000000000000e+03 9.949371813756406266e-04
2.843000000000000000e+03 9.949371738674091768e-04
2.844000000000000000e+03 9.949371196136082892e-04
2.845000000000000000e+03 9.949370898278831876e-04
2.846000000000000000e+03 9.949371247873863618e-04
2.847000000000000000e+03 9.949371096272181022e-04
2.848000000000000000e+03 9.949370684610519232e-04
2.849000000000000000e+03 9.949371544296938506e-04
2.850000000000000000e+03 9.949370686341745072e-04
2.851000000000000000e+03 9.949370774942317263e-04
2.852000000000000000e+03 9.949371174822190401e-04
2.853000000000000000e+03 9.949371257908271819e-04
2.854000000000000000e+03 9.949371242534688336e-04
2.855000000000000000e+03 9.949371337867529350e-04
2.856000000000000000e+03 9.949370503333501096e-04
2.857000000000000000e+03 9.949370977248850334e-04
2.858000000000000000e+03 9.949371335574717142e-04
2.859000000000000000e+03 9.949370443233438149e-04
2.860000000000000000e+03 9.949371702598372533e-04
2.861000000000000000e+03 9.949371663173606998e-04
2.862000000000000000e+03 9.949370567841017178e-04
2.863000000000000000e+03 9.949370606059167611e-04
2.864000000000000000e+03 9.949371035813097536e-04
2.865000000000000000e+03 9.949371683418415432e-04
2.866000000000000000e+03 9.949371909957218339e-04
2.867000000000000000e+03 9.949370321286445714e-04
2.868000000000000000e+03 9.949370392248299728e-04
2.869000000000000000e+03 9.949370534216078407e-04
2.870000000000000000e+03 9.949370559452445223e-04
2.871000000000000000e+03 9.949370393059948654e-04
2.872000000000000000e+03 9.949370372052312918e-04
2.873000000000000000e+03 9.949370434898078836e-04
2.874000000000000000e+03 9.949370903044145453e-04
2.875000000000000000e+03 9.949370257509293752e-04
2.876000000000000000e+03 9.949370401959485577e-04
2.877000000000000000e+03 9.949370191177991322e-04
2.878000000000000000e+03 9.949370265131644853e-04
2.879000000000000000e+03 9.949370562188455426e-04
2.880000000000000000e+03 9.949370305906957666e-04
2.881000000000000000e+03 9.949371780415662905e-04
2.882000000000000000e+03 9.949370022573449102e-04
2.883000000000000000e+03 9.949371137635300549e-04
2.884000000000000000e+03 9.949370674945316566e-04
2.885000000000000000e+03 9.949370704694763829e-04
2.886000000000000000e+03 9.949370647201816794e-04
2.887000000000000000e+03 9.949370605926365855e-04
2.888000000000000000e+03 9.949370293918882203e-04
2.889000000000000000e+03 9.949370351520548696e-04
2.890000000000000000e+03 9.949370121742871775e-04
2.891000000000000000e+03 9.949370416029012371e-04
2.892000000000000000e+03 9.949370037716171247e-04
2.893000000000000000e+03 9.949370175945284733e-04
2.894000000000000000e+03 9.949370176141072129e-04
2.895000000000000000e+03 9.949370647621207878e-04
2.896000000000000000e+03 9.949370011183122486e-04
2.897000000000000000e+03 9.949369937635186081e-04
2.898000000000000000e+03 9.949370666941233059e-04
2.899000000000000000e+03 9.949370655051149957e-04
2.900000000000000000e+03 9.949370779396803088e-04
2.901000000000000000e+03 9.949370123827554029e-04
2.902000000000000000e+03 9.949370082322226208e-04
2.903000000000000000e+03 9.949370372667283233e-04
2.904000000000000000e+03 9.949370437190509404e-04
2.905000000000000000e+03 9.949370045327290014e-04
2.906000000000000000e+03 9.949369931520433280e-04
2.907000000000000000e+03 9.949370037495971954e-04
2.908000000000000000e+03 9.949369820516727053e-04
2.909000000000000000e+03 9.949370513195577529e-04
2.910000000000000000e+03 9.949369820442528593e-04
2.911000000000000000e+03 9.949369955919535810e-04
2.912000000000000000e+03 9.949370683188503515e-04
2.913000000000000000e+03 9.949369804895732972e-04
2.914000000000000000e+03 9.949370503866935070e-04
2.915000000000000000e+03 9.949370101697209597e-04
2.916000000000000000e+03 9.949369728527179563e-04
2.917000000000000000e+03 9.949370028109825580e-04
2.918000000000000000e+03 9.949369798355888351e-04
2.919000000000000000e+03 9.949370033083167197e-04
2.920000000000000000e+03 9.949369892685417348e-04
2.921000000000000000e+03 9.949369929404012092e-04
2.922000000000000000e+03 9.949370851105869724e-04
2.923000000000000000e+03 9.949370293828145324e-04
2.924000000000000000e+03 9.949369801306559742e-04
2.925000000000000000e+03 9.949369979479179629e-04
2.926000000000000000e+03 9.949369752410011040e-04
2.927000000000000000e+03 9.949369741876184624e-04
2.928000000000000000e+03 9.949369616389011888e-04
2.929000000000000000e+03 9.949369655594944226e-04
2.930000000000000000e+03 9.949369617286742129e-04
2.931000000000000000e+03 9.949369675462777732e-04
2.932000000000000000e+03 9.949369756386385391e-04
2.933000000000000000e+03 9.949369689225002599e-04
2.934000000000000000e+03 9.949369687575794485e-04
2.935000000000000000e+03 9.949370082383967185e-04
2.936000000000000000e+03 9.949369702306324649e-04
2.937000000000000000e+03 9.949369737082809726e-04
2.938000000000000000e+03 9.949369797588147445e-04
2.939000000000000000e+03 9.949370542919235959e-04
2.940000000000000000e+03 9.949369837482342164e-04
2.941000000000000000e+03 9.949369366401041026e-04
2.942000000000000000e+03 9.949369546367776984e-04
2.943000000000000000e+03 9.949369940919210609e-04
2.944000000000000000e+03 9.949369953969689276e-04
2.945000000000000000e+03 9.949369445805993691e-04
2.946000000000000000e+03 9.949369700999880547e-04
2.947000000000000000e+03 9.949369475917267409e-04
2.948000000000000000e+03 9.949369544496751948e-04
2.949000000000000000e+03 9.949369450910278741e-04
2.950000000000000000e+03 9.949369498412116274e-04
2.951000000000000000e+03 9.949369978861795881e-04
2.952000000000000000e+03 9.949370191648417971e-04
2.953000000000000000e+03 9.949369773888270749e-04
2.954000000000000000e+03 9.949371246295349823e-04
2.955000000000000000e+03 9.949369268991733843e-04
2.956000000000000000e+03 9.949369499580933921e-04
2.957000000000000000e+03 9.949369300616100597e-04
2.958000000000000000e+03 9.949369370332600965e-04
2.959000000000000000e+03 9.949369820511342905e-04
2.960000000000000000e+03 9.949369502204117709e-04
2.961000000000000000e+03 9.949369409027201874e-04
2.962000000000000000e+03 9.949369588615577294e-04
2.963000000000000000e+03 9.949369530166997117e-04
2.964000000000000000e+03 9.949369193091740088e-04
2.965000000000000000e+03 9.949369189348870358e-04
2.966000000000000000e+03 9.949369303633233581e-04
2.967000000000000000e+03 9.949369227041288989e-04
2.968000000000000000e+03 9.949369247182519253e-04
2.969000000000000000e+03 9.949369220237094195e-04
2.970000000000000000e+03 9.949369434620288551e-04
2.971000000000000000e+03 9.949369494543277431e-04
2.972000000000000000e+03 9.949369609522622920e-04
2.973000000000000000e+03 9.949369157632678186e-04
2.974000000000000000e+03 9.949369172102548800e-04
2.975000000000000000e+03 9.949369309075139188e-04
2.976000000000000000e+03 9.949368929256772760e-04
2.977000000000000000e+03 9.949369352483560577e-04
2.978000000000000000e+03 9.949369223459666144e-04
2.979000000000000000e+03 9.949369214085662834e-04
2.980000000000000000e+03 9.949369800879574906e-04
2.981000000000000000e+03 9.949369038406207042e-04
2.982000000000000000e+03 9.949369153826415155e-04
2.983000000000000000e+03 9.949369042032026305e-04
2.984000000000000000e+03 9.949368996754327614e-04
2.985000000000000000e+03 9.949369115072384789e-04
2.986000000000000000e+03 9.949368962557042853e-04
2.987000000000000000e+03 9.949369097755208450e-04
2.988000000000000000e+03 9.949368901029233096e-04
2.989000000000000000e+03 9.949368940170687931e-04
2.990000000000000000e+03 9.949369608489564733e-04
2.991000000000000000e+03 9.949369279172728345e-04
2.992000000000000000e+03 9.949368880534453178e-04
2.993000000000000000e+03 9.949369144749604672e-04
2.994000000000000000e+03 9.949369070158268959e-04
2.995000000000000000e+03 9.949369200669302797e-04
2.996000000000000000e+03 9.949369756149443848e-04
2.997000000000000000e+03 9.949369425730656899e-04
