0.000000000000000000e+00 1.602861694318010984e-03
1.000000000000000000e+00 2.195531437979726240e-04
2.000000000000000000e+00 1.746776786674807287e-04
3.000000000000000000e+00 1.210335759163223948e-04
4.000000000000000000e+00 2.902532719487571340e-05
5.000000000000000000e+00 2.451855003030383196e-06
6.000000000000000000e+00 1.883156061167154952e-06
7.000000000000000000e+00 1.112650845572537993e-06
8.000000000000000000e+00 9.188860475415283847e-07
9.000000000000000000e+00 1.640742209277976023e-06
1.000000000000000000e+01 8.742079144082608224e-07
1.100000000000000000e+01 1.564509897857606693e-06
1.200000000000000000e+01 3.063304530483046461e-06
1.300000000000000000e+01 2.028407822833044758e-06
1.400000000000000000e+01 2.037079742881474939e-06
1.500000000000000000e+01 1.576418529188933493e-06
1.600000000000000000e+01 7.134176093108758624e-07
1.700000000000000000e+01 8.543670168102796798e-07
1.800000000000000000e+01 2.787612782978408385e-06
1.900000000000000000e+01 1.159613173309788445e-06
2.000000000000000000e+01 8.499425862419450185e-07
2.100000000000000000e+01 1.090012066481809580e-06
2.200000000000000000e+01 6.347660912685771741e-07
2.300000000000000000e+01 1.048021845050796678e-06
2.400000000000000000e+01 9.278371249513732435e-07
2.500000000000000000e+01 2.304709932063605994e-06
2.600000000000000000e+01 1.872762671715447540e-06
2.700000000000000000e+01 1.685593721703101925e-06
2.800000000000000000e+01 2.276713146873260250e-06
2.900000000000000000e+01 2.083233298041832098e-06
3.000000000000000000e+01 6.047622930543167586e-07
3.100000000000000000e+01 2.697269286961843779e-06
3.200000000000000000e+01 3.489485486873474224e-06
3.300000000000000000e+01 2.200193283392556157e-06
3.400000000000000000e+01 1.578286939538020446e-06
3.500000000000000000e+01 5.891184499451301712e-07
3.600000000000000000e+01 1.319403416686902559e-06
3.700000000000000000e+01 1.061723017988405809e-06
3.800000000000000000e+01 7.276039754147791669e-07
3.900000000000000000e+01 9.626014614461822377e-07
4.000000000000000000e+01 1.982532309762546774e-06
4.100000000000000000e+01 6.257255890588539325e-07
4.200000000000000000e+01 1.414319383296066245e-06
4.300000000000000000e+01 1.402669675610764474e-06
4.400000000000000000e+01 7.419493077382531354e-07
4.500000000000000000e+01 9.308136976242450433e-07
4.600000000000000000e+01 8.136352005109334804e-07
4.700000000000000000e+01 1.228398289763618415e-06
4.800000000000000000e+01 7.117791525010426259e-07
4.900000000000000000e+01 1.100553132498855949e-06
5.000000000000000000e+01 6.619151221324186466e-07
5.100000000000000000e+01 1.139809426512306884e-06
5.200000000000000000e+01 1.528198111926450402e-06
5.300000000000000000e+01 1.358752929124425803e-06
5.400000000000000000e+01 6.963918581743232129e-07
5.500000000000000000e+01 6.837622697420854079e-07
5.600000000000000000e+01 6.875115522830020309e-07
5.700000000000000000e+01 7.843786478737059110e-07
5.800000000000000000e+01 8.450386651234841984e-07
5.900000000000000000e+01 3.482581898672329371e-05
6.000000000000000000e+01 1.149718560989973238e-05
6.100000000000000000e+01 2.022353862803105429e-06
6.200000000000000000e+01 1.199712681197238899e-06
6.300000000000000000e+01 9.251232779379720892e-07
6.400000000000000000e+01 8.310248340646825577e-07
6.500000000000000000e+01 7.635132264012122846e-07
6.600000000000000000e+01 7.501542308670894390e-07
6.700000000000000000e+01 7.152447214559836340e-07
6.800000000000000000e+01 7.041206640178977610e-07
6.900000000000000000e+01 7.215183916063833743e-07
7.000000000000000000e+01 7.179212473872834047e-07
7.100000000000000000e+01 9.308407858952671107e-07
7.200000000000000000e+01 6.377396918485811473e-07
7.300000000000000000e+01 9.074573808635898733e-07
7.400000000000000000e+01 6.627751670909303113e-07
7.500000000000000000e+01 5.553966926456379216e-07
7.600000000000000000e+01 5.906371712970870207e-07
7.700000000000000000e+01 6.967634982493384254e-07
7.800000000000000000e+01 5.537277097554772852e-07
7.900000000000000000e+01 5.353915547515598975e-07
8.000000000000000000e+01 6.137413757531214516e-07
8.100000000000000000e+01 6.026972993009903119e-07
8.200000000000000000e+01 5.337378057747836759e-07
8.300000000000000000e+01 7.406304074184030707e-07
8.400000000000000000e+01 5.448002641637852151e-07
8.500000000000000000e+01 5.301442055121094113e-07
8.600000000000000000e+01 5.349219193313319204e-07
8.700000000000000000e+01 7.471601062478064128e-07
8.800000000000000000e+01 5.674238798701292829e-07
8.900000000000000000e+01 5.139990960454841603e-07
9.000000000000000000e+01 7.245300628149666125e-07
9.100000000000000000e+01 6.568768940787264704e-07
9.200000000000000000e+01 5.701224684015769753e-07
9.300000000000000000e+01 7.518415044401851729e-07
9.400000000000000000e+01 6.897924270128300088e-07
9.500000000000000000e+01 5.600795058389457158e-07
9.600000000000000000e+01 5.959817667263849831e-07
9.700000000000000000e+01 8.742349683804097321e-07
9.800000000000000000e+01 6.584069930689553395e-07
9.900000000000000000e+01 6.269263941347595652e-07
1.000000000000000000e+02 5.419354120237842360e-07
1.010000000000000000e+02 5.906613634906363611e-07
1.020000000000000000e+02 7.482885219605305653e-07
1.030000000000000000e+02 5.877262596322337211e-07
1.040000000000000000e+02 5.323520326095293938e-07
1.050000000000000000e+02 5.639586239532155781e-07
1.060000000000000000e+02 8.026927931998304943e-07
1.070000000000000000e+02 4.865991132770191490e-07
1.080000000000000000e+02 7.388004431511406850e-07
1.090000000000000000e+02 6.550242546509389680e-07
1.100000000000000000e+02 1.005895481742315951e-06
1.110000000000000000e+02 7.053820837567914000e-07
1.120000000000000000e+02 6.371011000485715962e-07
1.130000000000000000e+02 8.131498222435703475e-07
1.140000000000000000e+02 1.188861077789331483e-06
1.150000000000000000e+02 1.612992561867678388e-06
1.160000000000000000e+02 6.269603438039649456e-07
1.170000000000000000e+02 6.210028278692248399e-07
1.180000000000000000e+02 5.209239988152800966e-07
1.190000000000000000e+02 1.540224741875828629e-06
1.200000000000000000e+02 1.147952895064190247e-06
1.210000000000000000e+02 5.739254504905157378e-07
1.220000000000000000e+02 4.698003583844704383e-07
1.230000000000000000e+02 9.609553668220819726e-07
1.240000000000000000e+02 5.958113700922372618e-07
1.250000000000000000e+02 1.165034410826978549e-06
1.260000000000000000e+02 7.222605065858010440e-07
1.270000000000000000e+02 1.152211353048665170e-06
1.280000000000000000e+02 5.275096500358913181e-07
1.290000000000000000e+02 4.609125088761305486e-07
1.300000000000000000e+02 5.640808551789629580e-07
1.310000000000000000e+02 5.981410460018402490e-07
1.320000000000000000e+02 6.004911048153249375e-07
1.330000000000000000e+02 1.057829697836908048e-06
1.340000000000000000e+02 5.616888084475453289e-07
1.350000000000000000e+02 8.124519842602635219e-07
1.360000000000000000e+02 5.426475484953239080e-07
1.370000000000000000e+02 5.699279879081534937e-07
1.380000000000000000e+02 1.022956930427076583e-06
1.390000000000000000e+02 4.663096576744108862e-07
1.400000000000000000e+02 4.886293699061906706e-07
1.410000000000000000e+02 5.153981591843995639e-07
1.420000000000000000e+02 6.338883722431033702e-07
1.430000000000000000e+02 6.417408091421301675e-07
1.440000000000000000e+02 9.894431585917764637e-07
1.450000000000000000e+02 4.576371164051176285e-07
1.460000000000000000e+02 6.484982823691273550e-07
1.470000000000000000e+02 7.691033743752228190e-07
1.480000000000000000e+02 6.776106410433683383e-07
1.490000000000000000e+02 5.804445021891867682e-07
1.500000000000000000e+02 5.554332029255453439e-07
1.510000000000000000e+02 7.781307503539538542e-07
1.520000000000000000e+02 1.586023473998640895e-06
1.530000000000000000e+02 9.622295289398491660e-07
1.540000000000000000e+02 5.066510039080351874e-07
1.550000000000000000e+02 1.044914543793462845e-06
1.560000000000000000e+02 5.646762535629637308e-07
1.570000000000000000e+02 7.163192110997993752e-07
1.580000000000000000e+02 5.314602497814967630e-07
1.590000000000000000e+02 5.849910275533930602e-07
1.600000000000000000e+02 4.635697716291504813e-07
1.610000000000000000e+02 9.851520924876802473e-07
1.620000000000000000e+02 1.959562786597641195e-06
1.630000000000000000e+02 5.224427356821654816e-07
1.640000000000000000e+02 5.844696087573401513e-07
1.650000000000000000e+02 5.613389842045843868e-07
1.660000000000000000e+02 1.041178256490772779e-06
1.670000000000000000e+02 9.816628675798913960e-07
1.680000000000000000e+02 1.378856192270629730e-06
1.690000000000000000e+02 1.154469637758680205e-06
1.700000000000000000e+02 5.943128629688671340e-07
1.710000000000000000e+02 4.517242522966121874e-07
1.720000000000000000e+02 5.863112775527489659e-07
1.730000000000000000e+02 5.059070586876075595e-07
1.740000000000000000e+02 4.699675426335420479e-07
1.750000000000000000e+02 6.631579576398983632e-07
1.760000000000000000e+02 5.632713528849480691e-07
1.770000000000000000e+02 1.355724976785886874e-06
1.780000000000000000e+02 8.698915824968638994e-07
1.790000000000000000e+02 7.844449941783694808e-07
1.800000000000000000e+02 5.403218473776284506e-07
1.810000000000000000e+02 6.321675510034152227e-07
1.820000000000000000e+02 1.110432154332352385e-06
1.830000000000000000e+02 4.299549446710987477e-07
1.840000000000000000e+02 6.762495035543474696e-07
1.850000000000000000e+02 3.738253764775956244e-07
1.860000000000000000e+02 1.809041410302584770e-06
1.870000000000000000e+02 7.912594870334040657e-07
1.880000000000000000e+02 6.074616361664710578e-07
1.890000000000000000e+02 7.014148149216114700e-07
1.900000000000000000e+02 5.393228021065659441e-07
1.910000000000000000e+02 6.603690921353488422e-07
1.920000000000000000e+02 4.598675375023439672e-07
1.930000000000000000e+02 5.963705981941914994e-07
1.940000000000000000e+02 4.288627471739915811e-07
1.950000000000000000e+02 4.307351978926889747e-07
1.960000000000000000e+02 5.033241697889529754e-07
1.970000000000000000e+02 6.744151367409040712e-07
1.980000000000000000e+02 4.993918922743701261e-07
1.990000000000000000e+02 5.883122138767341435e-07
2.000000000000000000e+02 8.275028651728381664e-07
2.010000000000000000e+02 5.052165812130095748e-07
2.020000000000000000e+02 8.153696574069854623e-07
2.030000000000000000e+02 8.293039226062432723e-07
2.040000000000000000e+02 5.368849735445633193e-07
2.050000000000000000e+02 7.983345635783403961e-07
2.060000000000000000e+02 5.276378606913393427e-07
2.070000000000000000e+02 5.677286827576955872e-07
2.080000000000000000e+02 5.565718290302382069e-07
2.090000000000000000e+02 7.594910006718584418e-07
2.100000000000000000e+02 6.163030216637974662e-07
2.110000000000000000e+02 4.864215251779585091e-07
2.120000000000000000e+02 4.021647675545372009e-07
2.130000000000000000e+02 3.671518154203338747e-07
2.140000000000000000e+02 4.132168850762468553e-07
2.150000000000000000e+02 4.170244969109788676e-07
2.160000000000000000e+02 5.624999546630182750e-07
2.170000000000000000e+02 7.537132815647114472e-07
2.180000000000000000e+02 6.827302576816135591e-07
2.190000000000000000e+02 5.060096332187418199e-07
2.200000000000000000e+02 6.351718614427813548e-07
2.210000000000000000e+02 4.312914074909451282e-07
2.220000000000000000e+02 7.373753345482095876e-07
2.230000000000000000e+02 6.170962544444470322e-07
2.240000000000000000e+02 5.141098743623369865e-07
2.250000000000000000e+02 3.646128772833694076e-07
2.260000000000000000e+02 4.667472384224094614e-07
2.270000000000000000e+02 5.230128339834321211e-07
2.280000000000000000e+02 6.156885551249173242e-07
2.290000000000000000e+02 4.704471153953747544e-07
2.300000000000000000e+02 3.364488908144353826e-07
2.310000000000000000e+02 4.124445818345895043e-07
2.320000000000000000e+02 4.246457075408361208e-07
2.330000000000000000e+02 3.611472891266458656e-07
2.340000000000000000e+02 5.074757834346372133e-07
2.350000000000000000e+02 3.891184081394081517e-07
2.360000000000000000e+02 3.470444087229436974e-07
2.370000000000000000e+02 4.007472110683274276e-07
2.380000000000000000e+02 9.998449922731775369e-07
2.390000000000000000e+02 4.567248200085777346e-07
2.400000000000000000e+02 3.304405305268186033e-07
2.410000000000000000e+02 3.175746702222258738e-07
2.420000000000000000e+02 3.310088278995582319e-07
2.430000000000000000e+02 2.869072616997201369e-07
2.440000000000000000e+02 3.561399603877216804e-07
2.450000000000000000e+02 4.429236250089333049e-07
2.460000000000000000e+02 5.275782799764212739e-07
2.470000000000000000e+02 3.190785421580096297e-07
2.480000000000000000e+02 3.612342445994629538e-07
2.490000000000000000e+02 3.509869000218585052e-07
2.500000000000000000e+02 3.683555378197604528e-07
2.510000000000000000e+02 4.145203853873784506e-07
2.520000000000000000e+02 9.401888777476331077e-07
2.530000000000000000e+02 4.751527434178849360e-07
2.540000000000000000e+02 4.971440933738615373e-07
2.550000000000000000e+02 3.790835771728875069e-07
2.560000000000000000e+02 3.445654614422566740e-07
2.570000000000000000e+02 3.036336485301968567e-07
2.580000000000000000e+02 3.672622682116105779e-07
2.590000000000000000e+02 6.325762107756151328e-07
2.600000000000000000e+02 6.713701719252023828e-07
2.610000000000000000e+02 3.407426551198669296e-07
2.620000000000000000e+02 3.315659132623666501e-07
2.630000000000000000e+02 3.597181726952741113e-07
2.640000000000000000e+02 3.033149866831115996e-07
2.650000000000000000e+02 2.919216761428340287e-07
2.660000000000000000e+02 4.870838584475555436e-07
2.670000000000000000e+02 4.849179725650277064e-07
2.680000000000000000e+02 3.730280314803517526e-07
2.690000000000000000e+02 6.448970834702182350e-07
2.700000000000000000e+02 3.555095729765923219e-07
2.710000000000000000e+02 3.122727348324776334e-07
2.720000000000000000e+02 4.554159287340860635e-07
2.730000000000000000e+02 4.739299904620157352e-07
2.740000000000000000e+02 3.625701028158944771e-07
2.750000000000000000e+02 4.910114612310573597e-07
2.760000000000000000e+02 4.080129591955446487e-07
2.770000000000000000e+02 4.186461421727330345e-07
2.780000000000000000e+02 5.207561214332991980e-07
2.790000000000000000e+02 4.379737133112883331e-07
2.800000000000000000e+02 3.064897166106788480e-07
2.810000000000000000e+02 2.879693578618496188e-07
2.820000000000000000e+02 5.241778756232995640e-07
2.830000000000000000e+02 3.590145907879345692e-07
2.840000000000000000e+02 3.012467001019677001e-07
2.850000000000000000e+02 5.842807887310646486e-07
2.860000000000000000e+02 4.848850295656003377e-07
2.870000000000000000e+02 4.895292919711413652e-07
2.880000000000000000e+02 3.389623341286208499e-07
2.890000000000000000e+02 9.991125460592278015e-07
2.900000000000000000e+02 5.586149701043971549e-07
2.910000000000000000e+02 5.465820138358328005e-07
2.920000000000000000e+02 4.331015125602145807e-07
2.930000000000000000e+02 2.904347922762179797e-07
2.940000000000000000e+02 2.973943991774505578e-07
2.950000000000000000e+02 2.777601782569735744e-07
2.960000000000000000e+02 2.806439747962131077e-07
2.970000000000000000e+02 3.141916312252544596e-07
2.980000000000000000e+02 3.036520821305338962e-07
2.990000000000000000e+02 3.149495315433797790e-07
3.000000000000000000e+02 3.285073741936626731e-07
3.010000000000000000e+02 3.516927801573616956e-07
3.020000000000000000e+02 3.946383545409858120e-07
3.030000000000000000e+02 3.421825377054777562e-07
3.040000000000000000e+02 2.810042006197027810e-07
3.050000000000000000e+02 3.600101731232418094e-07
3.060000000000000000e+02 3.376441245113063851e-07
3.070000000000000000e+02 3.889685660006637109e-07
3.080000000000000000e+02 3.565024470575727022e-07
3.090000000000000000e+02 3.221872509933577619e-07
3.100000000000000000e+02 3.505905157110492523e-07
3.110000000000000000e+02 4.595413387847390545e-07
3.120000000000000000e+02 2.827401911742497193e-07
3.130000000000000000e+02 2.850618399388348944e-07
3.140000000000000000e+02 3.071363217675469830e-07
3.150000000000000000e+02 2.704555717847959066e-07
3.160000000000000000e+02 2.915718539127479418e-07
3.170000000000000000e+02 3.982747196428747641e-07
3.180000000000000000e+02 5.310855480279087529e-07
3.190000000000000000e+02 2.985794756223794467e-07
3.200000000000000000e+02 2.698336449366965844e-07
3.210000000000000000e+02 3.348058110874431450e-07
3.220000000000000000e+02 3.088160167931072125e-07
3.230000000000000000e+02 4.650405504438149007e-07
3.240000000000000000e+02 2.870259800883428620e-07
3.250000000000000000e+02 3.034207377022388322e-07
3.260000000000000000e+02 3.370886622455746242e-07
3.270000000000000000e+02 2.975816724550963224e-07
3.280000000000000000e+02 4.135902583445192387e-07
3.290000000000000000e+02 4.092209967932870333e-07
3.300000000000000000e+02 3.751219057799318592e-07
3.310000000000000000e+02 2.589726568125872888e-07
3.320000000000000000e+02 3.512685647514362533e-07
3.330000000000000000e+02 3.285394374526360088e-07
3.340000000000000000e+02 2.896494431140332870e-07
3.350000000000000000e+02 2.910076453043389283e-07
3.360000000000000000e+02 3.312949040248393988e-07
3.370000000000000000e+02 3.181436305876164027e-07
3.380000000000000000e+02 2.971904126087032226e-07
3.390000000000000000e+02 2.803226141988705421e-07
3.400000000000000000e+02 2.892769728138443248e-07
3.410000000000000000e+02 2.679726734316938274e-07
3.420000000000000000e+02 3.111667818440597253e-07
3.430000000000000000e+02 3.881713683288041615e-07
3.440000000000000000e+02 4.140670909752829273e-07
3.450000000000000000e+02 3.260391591894054541e-07
3.460000000000000000e+02 3.471593226616721965e-07
3.470000000000000000e+02 4.915655836349969551e-07
3.480000000000000000e+02 3.897042490023317329e-07
3.490000000000000000e+02 3.526022111458364096e-07
3.500000000000000000e+02 3.115542083339264062e-07
3.510000000000000000e+02 3.931727682153657519e-07
3.520000000000000000e+02 3.138972200296847980e-07
3.530000000000000000e+02 2.841080946848375618e-07
3.540000000000000000e+02 3.139310857752825046e-07
3.550000000000000000e+02 2.718693478434263063e-07
3.560000000000000000e+02 3.454754186562623298e-07
3.570000000000000000e+02 2.583511445418372897e-07
3.580000000000000000e+02 2.879653410392571623e-07
3.590000000000000000e+02 3.207244023285504843e-07
3.600000000000000000e+02 2.684246380242809474e-07
3.610000000000000000e+02 4.150943434489945609e-07
3.620000000000000000e+02 7.354590798654730565e-07
3.630000000000000000e+02 2.784494277880726725e-07
3.640000000000000000e+02 2.652539524923360596e-07
3.650000000000000000e+02 2.796981891621145274e-07
3.660000000000000000e+02 3.090700105267611449e-07
3.670000000000000000e+02 3.474023787508905761e-07
3.680000000000000000e+02 3.439744492303554484e-07
3.690000000000000000e+02 3.240131954199264274e-07
3.700000000000000000e+02 3.192142938880730894e-07
3.710000000000000000e+02 3.665128390521685402e-07
3.720000000000000000e+02 2.747904442462238058e-07
3.730000000000000000e+02 2.538234697846088588e-07
3.740000000000000000e+02 2.780799461481588493e-07
3.750000000000000000e+02 2.601312257020028385e-07
3.760000000000000000e+02 3.183214332068527690e-07
3.770000000000000000e+02 2.716153449014524759e-07
3.780000000000000000e+02 2.815079928303723445e-07
3.790000000000000000e+02 3.011571641515270613e-07
3.800000000000000000e+02 2.670391372645149764e-07
3.810000000000000000e+02 3.030110869894764996e-07
3.820000000000000000e+02 3.141874006663678884e-07
3.830000000000000000e+02 3.270176196610558173e-07
3.840000000000000000e+02 3.612820409474409789e-07
3.850000000000000000e+02 3.474010187913345364e-07
3.860000000000000000e+02 2.797926675384557005e-07
3.870000000000000000e+02 2.900669573713926358e-07
3.880000000000000000e+02 3.526564423265717993e-07
3.890000000000000000e+02 2.584295672174952799e-07
3.900000000000000000e+02 2.435728391220876547e-07
3.910000000000000000e+02 2.878718770247591195e-07
3.920000000000000000e+02 2.866476221418903988e-07
3.930000000000000000e+02 2.490461902439029980e-07
3.940000000000000000e+02 3.280336032852022934e-07
3.950000000000000000e+02 3.047092171088614142e-07
3.960000000000000000e+02 3.221745234154608477e-07
3.970000000000000000e+02 3.122834906490384088e-07
3.980000000000000000e+02 3.355137014515451081e-07
3.990000000000000000e+02 3.331204626072964076e-07
4.000000000000000000e+02 2.487082182401639129e-07
4.010000000000000000e+02 2.783668838385405878e-07
4.020000000000000000e+02 3.223088910657397948e-07
4.030000000000000000e+02 2.730175150612920759e-07
4.040000000000000000e+02 2.733691809696404457e-07
4.050000000000000000e+02 2.466704133345720193e-07
4.060000000000000000e+02 2.688541090301688303e-07
4.070000000000000000e+02 2.626234324396766056e-07
4.080000000000000000e+02 2.545199768276988356e-07
4.090000000000000000e+02 2.496254199988264905e-07
4.100000000000000000e+02 2.792264353423745072e-07
4.110000000000000000e+02 2.304601821916764741e-07
4.120000000000000000e+02 2.895700478499406294e-07
4.130000000000000000e+02 3.019255104603547000e-07
4.140000000000000000e+02 3.169560899850632671e-07
4.150000000000000000e+02 2.649041940772383039e-07
4.160000000000000000e+02 2.494643321416984506e-07
4.170000000000000000e+02 2.614315695665275109e-07
4.180000000000000000e+02 2.686260928339549726e-07
4.190000000000000000e+02 2.316334668137415514e-07
4.200000000000000000e+02 2.627913739683977241e-07
4.210000000000000000e+02 2.320222644516226575e-07
4.220000000000000000e+02 3.258103602078055702e-07
4.230000000000000000e+02 3.516363572937428313e-07
4.240000000000000000e+02 2.354997223625691528e-07
4.250000000000000000e+02 2.579474402257434207e-07
4.260000000000000000e+02 2.392774378005081037e-07
4.270000000000000000e+02 3.505654149758919991e-07
4.280000000000000000e+02 2.677872491812966731e-07
4.290000000000000000e+02 2.690568890751221803e-07
4.300000000000000000e+02 2.500912233872684142e-07
4.310000000000000000e+02 2.569523586253005387e-07
4.320000000000000000e+02 3.517693330986357643e-07
4.330000000000000000e+02 2.551257485722681813e-07
4.340000000000000000e+02 2.629777881199151551e-07
4.350000000000000000e+02 2.343366438859429852e-07
4.360000000000000000e+02 2.829341371670952267e-07
4.370000000000000000e+02 2.467324892808507300e-07
4.380000000000000000e+02 2.183296108160685312e-07
4.390000000000000000e+02 2.241502397181871117e-07
4.400000000000000000e+02 2.192118271367219163e-07
4.410000000000000000e+02 2.274525288959032282e-07
4.420000000000000000e+02 2.517692726730684108e-07
4.430000000000000000e+02 2.388387945378464457e-07
4.440000000000000000e+02 2.564765528826787047e-07
4.450000000000000000e+02 2.249318779323489868e-07
4.460000000000000000e+02 2.551181692561389511e-07
4.470000000000000000e+02 2.345034958222472953e-07
4.480000000000000000e+02 2.788544274524069184e-07
4.490000000000000000e+02 2.762426229355310813e-07
4.500000000000000000e+02 2.431330488636119491e-07
4.510000000000000000e+02 2.265767105435616736e-07
4.520000000000000000e+02 2.436830505415800767e-07
4.530000000000000000e+02 2.109248880574205043e-07
4.540000000000000000e+02 2.472305033060412053e-07
4.550000000000000000e+02 1.971507298281147965e-07
4.560000000000000000e+02 2.218127778160356317e-07
4.570000000000000000e+02 2.274631017991611588e-07
4.580000000000000000e+02 2.286350949111165540e-07
4.590000000000000000e+02 2.423458506419504718e-07
4.600000000000000000e+02 2.466799790790160633e-07
4.610000000000000000e+02 2.151842843446252287e-07
4.620000000000000000e+02 2.452418272149251882e-07
4.630000000000000000e+02 2.504751679335281351e-07
4.640000000000000000e+02 2.458654001606972975e-07
4.650000000000000000e+02 2.356129075473879354e-07
4.660000000000000000e+02 1.990808865028466590e-07
4.670000000000000000e+02 2.231265549350280306e-07
4.680000000000000000e+02 2.387003209447246810e-07
4.690000000000000000e+02 3.202910333602250135e-07
4.700000000000000000e+02 2.198796955042493937e-07
4.710000000000000000e+02 2.089985080996438636e-07
4.720000000000000000e+02 2.292963390142604907e-07
4.730000000000000000e+02 2.082448433526712294e-07
4.740000000000000000e+02 2.234502115262095076e-07
4.750000000000000000e+02 2.241114728787942533e-07
4.760000000000000000e+02 1.963542749239010024e-07
4.770000000000000000e+02 1.988055420638438840e-07
4.780000000000000000e+02 2.135616546666422784e-07
4.790000000000000000e+02 2.143978766112595384e-07
4.800000000000000000e+02 2.398232997808405407e-07
4.810000000000000000e+02 2.282917086612742179e-07
4.820000000000000000e+02 2.359973039256477753e-07
4.830000000000000000e+02 2.209328829417591358e-07
4.840000000000000000e+02 1.952173700242141962e-07
4.850000000000000000e+02 2.036585973363236478e-07
4.860000000000000000e+02 1.903394047684149533e-07
4.870000000000000000e+02 2.001595528863746661e-07
4.880000000000000000e+02 1.964040231766677731e-07
4.890000000000000000e+02 1.802329472666443733e-07
4.900000000000000000e+02 1.891401067121908597e-07
4.910000000000000000e+02 1.973728537074415993e-07
4.920000000000000000e+02 2.073032341521273178e-07
4.930000000000000000e+02 2.134320716097308912e-07
4.940000000000000000e+02 1.893086479747235690e-07
4.950000000000000000e+02 1.972419101358496898e-07
4.960000000000000000e+02 1.807788394938899614e-07
4.970000000000000000e+02 2.006948610118012172e-07
4.980000000000000000e+02 1.823964649968845667e-07
4.990000000000000000e+02 1.870846831792513347e-07
5.000000000000000000e+02 2.159399409757001180e-07
5.010000000000000000e+02 2.297966271636915256e-07
5.020000000000000000e+02 2.221667326297335937e-07
5.030000000000000000e+02 1.867007978254843002e-07
5.040000000000000000e+02 1.943359757383999023e-07
5.050000000000000000e+02 1.994833063345941461e-07
5.060000000000000000e+02 1.917958402088991376e-07
5.070000000000000000e+02 2.066346905319364899e-07
5.080000000000000000e+02 2.012971204771814547e-07
5.090000000000000000e+02 1.863064093977589715e-07
5.100000000000000000e+02 1.829620631804997938e-07
5.110000000000000000e+02 1.992776547708445389e-07
5.120000000000000000e+02 1.950861286252339737e-07
5.130000000000000000e+02 1.848760070610584158e-07
5.140000000000000000e+02 1.658774810041679793e-07
5.150000000000000000e+02 1.873786347054644090e-07
5.160000000000000000e+02 1.946428756805065092e-07
5.170000000000000000e+02 2.030241344467284736e-07
5.180000000000000000e+02 2.009134721851124452e-07
5.190000000000000000e+02 1.913378126107917480e-07
5.200000000000000000e+02 1.808282157369402324e-07
5.210000000000000000e+02 1.898179403967607213e-07
5.220000000000000000e+02 1.873503728110069349e-07
5.230000000000000000e+02 1.901480253122120838e-07
5.240000000000000000e+02 1.948980114469283215e-07
5.250000000000000000e+02 2.047726021164646634e-07
5.260000000000000000e+02 1.747976107557390374e-07
5.270000000000000000e+02 2.103140127818103287e-07
5.280000000000000000e+02 1.869477329656562271e-07
5.290000000000000000e+02 1.752810748695249511e-07
5.300000000000000000e+02 1.749783147821996899e-07
5.310000000000000000e+02 1.857924649692817873e-07
5.320000000000000000e+02 2.290211920966112328e-07
5.330000000000000000e+02 1.839417822165823776e-07
5.340000000000000000e+02 1.636723416078167123e-07
5.350000000000000000e+02 1.958773448477842437e-07
5.360000000000000000e+02 1.805557724695158013e-07
5.370000000000000000e+02 1.700102274159439209e-07
5.380000000000000000e+02 1.766596379465451590e-07
5.390000000000000000e+02 1.718063841682747284e-07
5.400000000000000000e+02 1.904741062750272333e-07
5.410000000000000000e+02 1.676462230665275884e-07
5.420000000000000000e+02 1.710653340350733025e-07
5.430000000000000000e+02 1.765222851610399939e-07
5.440000000000000000e+02 1.788676262357093943e-07
5.450000000000000000e+02 1.670964594135118766e-07
5.460000000000000000e+02 1.733494224973652478e-07
5.470000000000000000e+02 1.640927434943506691e-07
5.480000000000000000e+02 1.653040859748263430e-07
5.490000000000000000e+02 1.777744317887397587e-07
5.500000000000000000e+02 1.705946630629041028e-07
5.510000000000000000e+02 1.675830544199652713e-07
5.520000000000000000e+02 1.670834006230471643e-07
5.530000000000000000e+02 1.744728654014518377e-07
5.540000000000000000e+02 1.714502930328935393e-07
5.550000000000000000e+02 1.773090289134528095e-07
5.560000000000000000e+02 1.801926038976281510e-07
5.570000000000000000e+02 1.750974996717927689e-07
5.580000000000000000e+02 1.879865782708185411e-07
5.590000000000000000e+02 2.026040681018222681e-07
5.600000000000000000e+02 1.736260449980210665e-07
5.610000000000000000e+02 1.713494033281869792e-07
5.620000000000000000e+02 1.687210610318487321e-07
5.630000000000000000e+02 2.072392012876455414e-07
5.640000000000000000e+02 1.822373649715902699e-07
5.650000000000000000e+02 1.845601676183466278e-07
5.660000000000000000e+02 1.597396658779450462e-07
5.670000000000000000e+02 1.604929162484947369e-07
5.680000000000000000e+02 1.591165586739210579e-07
5.690000000000000000e+02 1.903016540269043286e-07
5.700000000000000000e+02 1.598598785090145873e-07
5.710000000000000000e+02 1.786838994265380433e-07
5.720000000000000000e+02 1.583263523751503009e-07
5.730000000000000000e+02 1.667406104316665837e-07
5.740000000000000000e+02 1.975454388809081907e-07
5.750000000000000000e+02 1.647648974538843818e-07
5.760000000000000000e+02 1.677333188882628312e-07
5.770000000000000000e+02 1.665333179061846575e-07
5.780000000000000000e+02 1.634411476793495319e-07
5.790000000000000000e+02 1.598355116858668525e-07
5.800000000000000000e+02 1.590790759974056463e-07
5.810000000000000000e+02 1.729822558553144201e-07
5.820000000000000000e+02 1.658313304134017393e-07
5.830000000000000000e+02 1.770907525708075963e-07
5.840000000000000000e+02 1.675580014920895621e-07
5.850000000000000000e+02 1.627584114273741687e-07
5.860000000000000000e+02 1.551458874241627254e-07
5.870000000000000000e+02 1.873560216523884523e-07
5.880000000000000000e+02 1.572455489018533221e-07
5.890000000000000000e+02 1.687687303852145377e-07
5.900000000000000000e+02 1.800264106539280751e-07
5.910000000000000000e+02 1.746446951753665170e-07
5.920000000000000000e+02 1.643634262704692247e-07
5.930000000000000000e+02 1.734424780643179504e-07
5.940000000000000000e+02 1.548457387906829272e-07
5.950000000000000000e+02 1.764569020929412906e-07
5.960000000000000000e+02 1.613571420921734561e-07
5.970000000000000000e+02 1.561674167010654519e-07
5.980000000000000000e+02 1.596674536625143885e-07
5.990000000000000000e+02 1.799744573804849343e-07
6.000000000000000000e+02 1.723270531296865003e-07
6.010000000000000000e+02 1.601157486780039376e-07
6.020000000000000000e+02 1.528343023341041398e-07
6.030000000000000000e+02 1.564839486377646268e-07
6.040000000000000000e+02 1.626660020164807097e-07
6.050000000000000000e+02 1.796540053521819728e-07
6.060000000000000000e+02 1.753126108825568384e-07
6.070000000000000000e+02 1.572043942438099992e-07
6.080000000000000000e+02 1.620113192126471712e-07
6.090000000000000000e+02 1.598210204693177474e-07
6.100000000000000000e+02 1.571234429128136968e-07
6.110000000000000000e+02 1.580131734292992924e-07
6.120000000000000000e+02 1.587104735196603958e-07
6.130000000000000000e+02 1.660001493156273083e-07
6.140000000000000000e+02 1.573414574966389181e-07
6.150000000000000000e+02 1.617117254028504785e-07
6.160000000000000000e+02 1.508725438541321557e-07
6.170000000000000000e+02 1.800990350525439135e-07
6.180000000000000000e+02 1.827048096639934047e-07
6.190000000000000000e+02 1.711153729600131202e-07
6.200000000000000000e+02 1.523545560675213315e-07
6.210000000000000000e+02 1.534149146785595565e-07
6.220000000000000000e+02 1.609897954792369067e-07
6.230000000000000000e+02 1.575152383113376877e-07
6.240000000000000000e+02 1.691021964469542432e-07
6.250000000000000000e+02 1.594614222616753672e-07
6.260000000000000000e+02 1.531945403354155067e-07
6.270000000000000000e+02 1.525772302387154483e-07
6.280000000000000000e+02 1.583716142866295566e-07
6.290000000000000000e+02 1.565975039185090094e-07
6.300000000000000000e+02 1.560112795823108911e-07
6.310000000000000000e+02 1.525200196065954269e-07
6.320000000000000000e+02 1.671824299552077257e-07
6.330000000000000000e+02 2.079884755178340409e-07
6.340000000000000000e+02 1.682901993397422027e-07
6.350000000000000000e+02 1.554447685809237086e-07
6.360000000000000000e+02 1.538017480882369065e-07
6.370000000000000000e+02 1.492166466375371801e-07
6.380000000000000000e+02 1.586249440174833040e-07
6.390000000000000000e+02 1.592831708315557682e-07
6.400000000000000000e+02 1.634165139603504646e-07
6.410000000000000000e+02 1.588572788045682808e-07
6.420000000000000000e+02 1.784633809718663370e-07
6.430000000000000000e+02 1.573111983269695161e-07
6.440000000000000000e+02 1.568717235857476132e-07
6.450000000000000000e+02 1.781763403587916514e-07
6.460000000000000000e+02 1.506030518718975614e-07
6.470000000000000000e+02 1.606832306616629871e-07
6.480000000000000000e+02 1.555438713958948235e-07
6.490000000000000000e+02 1.645978626458423513e-07
6.500000000000000000e+02 1.617608575055361024e-07
6.510000000000000000e+02 1.498171441136322926e-07
6.520000000000000000e+02 1.566221501891783760e-07
6.530000000000000000e+02 1.615675716166466164e-07
6.540000000000000000e+02 1.530851440695262546e-07
6.550000000000000000e+02 1.568910691301163150e-07
6.560000000000000000e+02 1.702588168300092364e-07
6.570000000000000000e+02 1.523372937540753167e-07
6.580000000000000000e+02 1.539047490154757851e-07
6.590000000000000000e+02 1.501456838949110493e-07
6.600000000000000000e+02 1.518728745024292582e-07
6.610000000000000000e+02 1.560049726642567143e-07
6.620000000000000000e+02 1.493399454181130105e-07
6.630000000000000000e+02 1.540116762614674826e-07
6.640000000000000000e+02 1.510557826281343843e-07
6.650000000000000000e+02 1.483779630929080579e-07
6.660000000000000000e+02 1.628354594138305586e-07
6.670000000000000000e+02 1.489318463230086793e-07
6.680000000000000000e+02 1.499146656305452541e-07
6.690000000000000000e+02 1.644793080943354942e-07
6.700000000000000000e+02 1.756579011969473448e-07
6.710000000000000000e+02 1.553685674371330948e-07
6.720000000000000000e+02 1.487981415492405039e-07
6.730000000000000000e+02 1.751704894036553244e-07
6.740000000000000000e+02 1.646267465972515214e-07
6.750000000000000000e+02 1.540528114211609932e-07
6.760000000000000000e+02 1.512149118540799595e-07
6.770000000000000000e+02 1.556486787570774556e-07
6.780000000000000000e+02 1.564725500543689635e-07
6.790000000000000000e+02 1.564232816195081822e-07
6.800000000000000000e+02 1.486529603434744425e-07
6.810000000000000000e+02 1.575242400414339917e-07
6.820000000000000000e+02 1.541131834805098271e-07
6.830000000000000000e+02 1.497731685429487026e-07
6.840000000000000000e+02 1.537873139922345079e-07
6.850000000000000000e+02 1.592955968074620721e-07
6.860000000000000000e+02 1.495030222016778689e-07
6.870000000000000000e+02 1.508259609552542877e-07
6.880000000000000000e+02 1.548237181275970630e-07
6.890000000000000000e+02 1.556189553163133179e-07
6.900000000000000000e+02 1.495224284535090082e-07
6.910000000000000000e+02 1.651462647747084237e-07
6.920000000000000000e+02 1.654984188684062602e-07
6.930000000000000000e+02 1.522933693993733226e-07
6.940000000000000000e+02 1.472169102241701068e-07
6.950000000000000000e+02 1.633953237782497910e-07
6.960000000000000000e+02 1.462018370429991963e-07
6.970000000000000000e+02 1.738107453705366491e-07
6.980000000000000000e+02 1.466752667758736765e-07
6.990000000000000000e+02 1.563431581281915311e-07
7.000000000000000000e+02 1.640940135419884650e-07
7.010000000000000000e+02 1.566897512431595007e-07
7.020000000000000000e+02 1.553947510014166026e-07
7.030000000000000000e+02 1.478382996289740321e-07
7.040000000000000000e+02 1.625379463352672197e-07
7.050000000000000000e+02 1.557075901567743127e-07
7.060000000000000000e+02 1.602768107019642866e-07
7.070000000000000000e+02 1.633114542829508314e-07
7.080000000000000000e+02 1.490786286640240757e-07
7.090000000000000000e+02 1.474139984142737742e-07
7.100000000000000000e+02 1.662397772174229517e-07
7.110000000000000000e+02 1.559494392697848046e-07
7.120000000000000000e+02 1.519285587374646511e-07
7.130000000000000000e+02 1.582387401553386443e-07
7.140000000000000000e+02 1.591119998458779106e-07
7.150000000000000000e+02 1.511991674140981288e-07
7.160000000000000000e+02 1.568412233978849750e-07
7.170000000000000000e+02 1.482895544282360980e-07
7.180000000000000000e+02 1.488924118369534829e-07
7.190000000000000000e+02 1.556757671213957816e-07
7.200000000000000000e+02 1.561711486546482169e-07
7.210000000000000000e+02 1.510089229830040831e-07
7.220000000000000000e+02 1.539559583441076498e-07
7.230000000000000000e+02 1.554394965064764082e-07
7.240000000000000000e+02 1.569839835838254686e-07
7.250000000000000000e+02 1.511090054774141578e-07
7.260000000000000000e+02 1.513237253237565535e-07
7.270000000000000000e+02 1.469819946058982747e-07
7.280000000000000000e+02 1.532218593901779568e-07
7.290000000000000000e+02 1.496398898665887439e-07
7.300000000000000000e+02 1.529438424886595331e-07
7.310000000000000000e+02 1.493679698706507781e-07
7.320000000000000000e+02 1.465816830564914828e-07
7.330000000000000000e+02 1.538447096497929763e-07
7.340000000000000000e+02 1.546556972531500814e-07
7.350000000000000000e+02 1.482606633784142738e-07
7.360000000000000000e+02 1.477340353828102531e-07
7.370000000000000000e+02 1.489461810142584337e-07
7.380000000000000000e+02 1.485823353842076309e-07
7.390000000000000000e+02 1.488748521547564470e-07
7.400000000000000000e+02 1.641280142398196147e-07
7.410000000000000000e+02 1.580749389589767201e-07
7.420000000000000000e+02 1.516663836044185072e-07
7.430000000000000000e+02 1.452854997877617412e-07
7.440000000000000000e+02 1.457619308707299540e-07
7.450000000000000000e+02 1.527751296813130237e-07
7.460000000000000000e+02 1.519060315266695394e-07
7.470000000000000000e+02 1.551288208400193502e-07
7.480000000000000000e+02 1.477044772119777442e-07
7.490000000000000000e+02 1.509197816726273319e-07
7.500000000000000000e+02 1.459073281254021520e-07
7.510000000000000000e+02 1.493388607356282952e-07
7.520000000000000000e+02 1.522365156504693461e-07
7.530000000000000000e+02 1.502313024719130517e-07
7.540000000000000000e+02 1.454589088509386587e-07
7.550000000000000000e+02 1.495235440165324119e-07
7.560000000000000000e+02 1.519503503535500763e-07
7.570000000000000000e+02 1.475552617184447636e-07
7.580000000000000000e+02 1.528718180654699514e-07
7.590000000000000000e+02 1.473878645425095735e-07
7.600000000000000000e+02 1.511619092417019116e-07
7.610000000000000000e+02 1.477916499514237243e-07
7.620000000000000000e+02 1.484744482124503095e-07
7.630000000000000000e+02 1.566542626841113134e-07
7.640000000000000000e+02 1.526707639073097357e-07
7.650000000000000000e+02 1.524941842560774305e-07
7.660000000000000000e+02 1.492414851507027439e-07
7.670000000000000000e+02 1.463110089196911108e-07
7.680000000000000000e+02 1.521804329049273669e-07
7.690000000000000000e+02 1.479245771764268484e-07
7.700000000000000000e+02 1.460106542239667727e-07
7.710000000000000000e+02 1.498448278041609674e-07
7.720000000000000000e+02 1.479440174426381629e-07
7.730000000000000000e+02 1.474729230601640869e-07
7.740000000000000000e+02 1.485809225921754842e-07
7.750000000000000000e+02 1.537868810934579801e-07
7.760000000000000000e+02 1.453506614236877101e-07
7.770000000000000000e+02 1.458161450840812385e-07
7.780000000000000000e+02 1.491844099624840631e-07
7.790000000000000000e+02 1.485164028496333189e-07
7.800000000000000000e+02 1.486037966811980836e-07
7.810000000000000000e+02 1.565729940345136412e-07
7.820000000000000000e+02 1.449885481142596660e-07
7.830000000000000000e+02 1.438259274707042359e-07
7.840000000000000000e+02 1.511720583087880023e-07
7.850000000000000000e+02 1.486061784180509517e-07
7.860000000000000000e+02 1.570038707926553635e-07
7.870000000000000000e+02 1.500646276549273151e-07
7.880000000000000000e+02 1.454050859515718094e-07
7.890000000000000000e+02 1.492064176304192232e-07
7.900000000000000000e+02 1.452649889031113527e-07
7.910000000000000000e+02 1.458165554860883477e-07
7.920000000000000000e+02 1.463287179258333144e-07
7.930000000000000000e+02 1.453590900746377975e-07
7.940000000000000000e+02 1.561153897491080243e-07
7.950000000000000000e+02 1.592400460098937915e-07
7.960000000000000000e+02 1.460582541324128671e-07
7.970000000000000000e+02 1.550324082710378434e-07
7.980000000000000000e+02 1.526390601619838813e-07
7.990000000000000000e+02 1.506983470130122577e-07
8.000000000000000000e+02 1.447270176515984432e-07
8.010000000000000000e+02 1.444134749292983055e-07
8.020000000000000000e+02 1.495568810138039492e-07
8.030000000000000000e+02 1.491312014433308259e-07
8.040000000000000000e+02 1.515851656898317387e-07
8.050000000000000000e+02 1.444995366980362928e-07
8.060000000000000000e+02 1.463088879048279413e-07
8.070000000000000000e+02 1.484615802687594858e-07
8.080000000000000000e+02 1.455500102114990046e-07
8.090000000000000000e+02 1.434431569703367836e-07
8.100000000000000000e+02 1.435066037390735209e-07
8.110000000000000000e+02 1.583666497951612867e-07
8.120000000000000000e+02 1.540515647804259708e-07
8.130000000000000000e+02 1.487052988166424932e-07
8.140000000000000000e+02 1.523677159838292745e-07
8.150000000000000000e+02 1.453275142144872976e-07
8.160000000000000000e+02 1.432653809961087688e-07
8.170000000000000000e+02 1.436725451951860465e-07
8.180000000000000000e+02 1.501178587526718712e-07
8.190000000000000000e+02 1.445073207780812171e-07
8.200000000000000000e+02 1.455896522621639800e-07
8.210000000000000000e+02 1.440359854896903985e-07
8.220000000000000000e+02 1.481312412327875954e-07
8.230000000000000000e+02 1.432972217289626129e-07
8.240000000000000000e+02 1.517698653818447837e-07
8.250000000000000000e+02 1.429738533698467883e-07
8.260000000000000000e+02 1.467812127259600668e-07
8.270000000000000000e+02 1.436069119436115561e-07
8.280000000000000000e+02 1.450907469579037272e-07
8.290000000000000000e+02 1.459309645591712486e-07
8.300000000000000000e+02 1.462593337572792482e-07
8.310000000000000000e+02 1.452127211978756697e-07
8.320000000000000000e+02 1.437377125632402763e-07
8.330000000000000000e+02 1.427549373836774634e-07
8.340000000000000000e+02 1.427429304075185166e-07
8.350000000000000000e+02 1.438599832861340132e-07
8.360000000000000000e+02 1.414072190512592482e-07
8.370000000000000000e+02 1.471893650443296637e-07
8.380000000000000000e+02 1.475071967582522955e-07
8.390000000000000000e+02 1.507537249673609183e-07
8.400000000000000000e+02 1.449459718246815283e-07
8.410000000000000000e+02 1.552443137721849148e-07
8.420000000000000000e+02 1.448514713850544470e-07
8.430000000000000000e+02 1.442228754278010611e-07
8.440000000000000000e+02 1.446274678464732589e-07
8.450000000000000000e+02 1.459984184022131341e-07
8.460000000000000000e+02 1.518268959604909623e-07
8.470000000000000000e+02 1.455373899683885981e-07
8.480000000000000000e+02 1.554831385040276048e-07
8.490000000000000000e+02 1.447827316794076520e-07
8.500000000000000000e+02 1.438527637030637085e-07
8.510000000000000000e+02 1.432074933222815391e-07
8.520000000000000000e+02 1.425404796069611469e-07
8.530000000000000000e+02 1.424325480662347642e-07
8.540000000000000000e+02 1.410848283458286570e-07
8.550000000000000000e+02 1.451397590369070128e-07
8.560000000000000000e+02 1.470237227619563799e-07
8.570000000000000000e+02 1.440069795481978477e-07
8.580000000000000000e+02 1.474636688328157006e-07
8.590000000000000000e+02 1.478467411817443395e-07
8.600000000000000000e+02 1.457983124685480934e-07
8.610000000000000000e+02 1.437210205596559368e-07
8.620000000000000000e+02 1.437097461097219873e-07
8.630000000000000000e+02 1.476171722486767298e-07
8.640000000000000000e+02 1.491200986145621734e-07
8.650000000000000000e+02 1.419268630174672523e-07
8.660000000000000000e+02 1.419500261983733549e-07
8.670000000000000000e+02 1.438387534104905883e-07
8.680000000000000000e+02 1.429240669372175686e-07
8.690000000000000000e+02 1.460146757831874814e-07
8.700000000000000000e+02 1.437999538820661427e-07
8.710000000000000000e+02 1.449222747055206287e-07
8.720000000000000000e+02 1.480511104780634188e-07
8.730000000000000000e+02 1.446381741772966455e-07
8.740000000000000000e+02 1.460155205052658546e-07
8.750000000000000000e+02 1.410245002851864840e-07
8.760000000000000000e+02 1.408753213590555679e-07
8.770000000000000000e+02 1.438021755958763285e-07
8.780000000000000000e+02 1.412625066445156484e-07
8.790000000000000000e+02 1.427983926325371779e-07
8.800000000000000000e+02 1.442646202987955570e-07
8.810000000000000000e+02 1.436050199517342768e-07
8.820000000000000000e+02 1.402262444998334137e-07
8.830000000000000000e+02 1.446043297290605985e-07
8.840000000000000000e+02 1.422086281304981578e-07
8.850000000000000000e+02 1.445379180818492840e-07
8.860000000000000000e+02 1.466481420178643116e-07
8.870000000000000000e+02 1.427415221413036064e-07
8.880000000000000000e+02 1.468138206188168230e-07
8.890000000000000000e+02 1.423085342484816259e-07
8.900000000000000000e+02 1.418364543091342622e-07
8.910000000000000000e+02 1.448365071354003079e-07
8.920000000000000000e+02 1.444642669106149207e-07
8.930000000000000000e+02 1.471451510262934150e-07
8.940000000000000000e+02 1.434399798165944172e-07
8.950000000000000000e+02 1.470523745939942345e-07
8.960000000000000000e+02 1.491681219387436313e-07
8.970000000000000000e+02 1.430559956225575851e-07
8.980000000000000000e+02 1.412274425133243991e-07
8.990000000000000000e+02 1.408372985183914179e-07
9.000000000000000000e+02 1.407233146728705157e-07
9.010000000000000000e+02 1.410769280388612266e-07
9.020000000000000000e+02 1.410793326397710811e-07
9.030000000000000000e+02 1.415358555122858253e-07
9.040000000000000000e+02 1.473009005010782594e-07
9.050000000000000000e+02 1.421037510122387359e-07
9.060000000000000000e+02 1.419328232181494686e-07
9.070000000000000000e+02 1.413473829350827213e-07
9.080000000000000000e+02 1.394690489533696273e-07
9.090000000000000000e+02 1.443985990681080890e-07
9.100000000000000000e+02 1.411630812992521685e-07
9.110000000000000000e+02 1.436165467292950258e-07
9.120000000000000000e+02 1.405898391606803123e-07
9.130000000000000000e+02 1.397136218561002277e-07
9.140000000000000000e+02 1.460253415065560949e-07
9.150000000000000000e+02 1.479783009954080061e-07
9.160000000000000000e+02 1.423306536148063356e-07
9.170000000000000000e+02 1.425375130074861922e-07
9.180000000000000000e+02 1.427647918303174711e-07
9.190000000000000000e+02 1.394464066848630438e-07
9.200000000000000000e+02 1.429776302325449343e-07
9.210000000000000000e+02 1.429068893739586585e-07
9.220000000000000000e+02 1.407275588703692072e-07
9.230000000000000000e+02 1.411491247841079436e-07
9.240000000000000000e+02 1.407640217844215415e-07
9.250000000000000000e+02 1.405401534616838698e-07
9.260000000000000000e+02 1.412104648252900822e-07
9.270000000000000000e+02 1.418503612745483150e-07
9.280000000000000000e+02 1.458723653042935668e-07
9.290000000000000000e+02 1.460851563397092447e-07
9.300000000000000000e+02 1.408235039474497500e-07
9.310000000000000000e+02 1.517909709348839317e-07
9.320000000000000000e+02 1.411295283825729678e-07
9.330000000000000000e+02 1.403428881777415447e-07
9.340000000000000000e+02 1.408299809969418752e-07
9.350000000000000000e+02 1.398070803139821978e-07
9.360000000000000000e+02 1.412355937101045003e-07
9.370000000000000000e+02 1.404355851185408889e-07
9.380000000000000000e+02 1.416994429700627283e-07
9.390000000000000000e+02 1.415445278174012128e-07
9.400000000000000000e+02 1.402051763268753152e-07
9.410000000000000000e+02 1.405274919412117408e-07
9.420000000000000000e+02 1.411953808747381940e-07
9.430000000000000000e+02 1.415397200051239130e-07
9.440000000000000000e+02 1.419213365516726300e-07
9.450000000000000000e+02 1.397232734630243642e-07
9.460000000000000000e+02 1.409612451854219206e-07
9.470000000000000000e+02 1.422157116261810358e-07
9.480000000000000000e+02 1.403942974613700039e-07
9.490000000000000000e+02 1.397336105733843825e-07
9.500000000000000000e+02 1.446573896523974330e-07
9.510000000000000000e+02 1.411312056718502523e-07
9.520000000000000000e+02 1.403417424451242485e-07
9.530000000000000000e+02 1.404550883397659828e-07
9.540000000000000000e+02 1.426109123768602618e-07
9.550000000000000000e+02 1.396063666209053693e-07
9.560000000000000000e+02 1.387259619765982155e-07
9.570000000000000000e+02 1.422934992830081595e-07
9.580000000000000000e+02 1.434687575761833274e-07
9.590000000000000000e+02 1.428512004812430104e-07
9.600000000000000000e+02 1.413085049854748567e-07
9.610000000000000000e+02 1.406733431379055188e-07
9.620000000000000000e+02 1.425270347912748402e-07
9.630000000000000000e+02 1.389529019131279589e-07
9.640000000000000000e+02 1.398333875340228336e-07
9.650000000000000000e+02 1.398671592054402830e-07
9.660000000000000000e+02 1.438132154143650812e-07
9.670000000000000000e+02 1.416919699204745576e-07
9.680000000000000000e+02 1.409096869033743579e-07
9.690000000000000000e+02 1.397668593347104969e-07
9.700000000000000000e+02 1.401714563933262653e-07
9.710000000000000000e+02 1.467898915496675335e-07
9.720000000000000000e+02 1.427882499703849768e-07
9.730000000000000000e+02 1.396369977213243481e-07
9.740000000000000000e+02 1.385637166164625037e-07
9.750000000000000000e+02 1.400566476270387027e-07
9.760000000000000000e+02 1.406050351609657493e-07
9.770000000000000000e+02 1.403598376154269668e-07
9.780000000000000000e+02 1.494763860058731463e-07
9.790000000000000000e+02 1.400776221255082308e-07
9.800000000000000000e+02 1.425288621657579894e-07
9.810000000000000000e+02 1.396244814470228336e-07
9.820000000000000000e+02 1.421623390462345902e-07
9.830000000000000000e+02 1.406630216811897100e-07
9.840000000000000000e+02 1.412743455520681551e-07
9.850000000000000000e+02 1.387568436523748921e-07
9.860000000000000000e+02 1.421666263428964054e-07
9.870000000000000000e+02 1.397342515419140075e-07
9.880000000000000000e+02 1.395029112546198211e-07
9.890000000000000000e+02 1.391198512483669808e-07
9.900000000000000000e+02 1.408081503529898510e-07
9.910000000000000000e+02 1.388486003606320921e-07
9.920000000000000000e+02 1.395195613995590635e-07
9.930000000000000000e+02 1.392294909889143139e-07
9.940000000000000000e+02 1.414486300064812507e-07
9.950000000000000000e+02 1.398828469656508653e-07
9.960000000000000000e+02 1.380285915428529570e-07
9.970000000000000000e+02 1.440892747296294447e-07
9.980000000000000000e+02 1.398584603152702506e-07
9.990000000000000000e+02 1.420516937026909943e-07
1.000000000000000000e+03 1.389391377090899706e-07
1.001000000000000000e+03 1.418724565117084600e-07
1.002000000000000000e+03 1.390937439526501294e-07
1.003000000000000000e+03 1.413244423067954037e-07
1.004000000000000000e+03 1.380614173991342449e-07
1.005000000000000000e+03 1.426116823830906794e-07
1.006000000000000000e+03 1.396018556811142129e-07
1.007000000000000000e+03 1.403998481725667546e-07
1.008000000000000000e+03 1.379632916861250888e-07
1.009000000000000000e+03 1.410632236742848514e-07
1.010000000000000000e+03 1.394561443744914981e-07
1.011000000000000000e+03 1.403903776350124143e-07
1.012000000000000000e+03 1.382865446598255498e-07
1.013000000000000000e+03 1.402512934384666651e-07
1.014000000000000000e+03 1.405305221773080728e-07
1.015000000000000000e+03 1.453101449346740055e-07
1.016000000000000000e+03 1.382478601988120297e-07
1.017000000000000000e+03 1.396447442089824323e-07
1.018000000000000000e+03 1.386150143896723179e-07
1.019000000000000000e+03 1.394507981259315159e-07
1.020000000000000000e+03 1.421933289249005605e-07
1.021000000000000000e+03 1.376737575841322486e-07
1.022000000000000000e+03 1.386858805352486327e-07
1.023000000000000000e+03 1.426240737460744754e-07
1.024000000000000000e+03 1.407958714498521251e-07
1.025000000000000000e+03 1.384466630674007581e-07
1.026000000000000000e+03 1.409297807476484288e-07
1.027000000000000000e+03 1.396069255340953344e-07
1.028000000000000000e+03 1.398564042039258702e-07
1.029000000000000000e+03 1.389832028418991197e-07
1.030000000000000000e+03 1.388930689714873991e-07
1.031000000000000000e+03 1.392726452036491819e-07
1.032000000000000000e+03 1.416219126440070586e-07
1.033000000000000000e+03 1.423170402501252320e-07
1.034000000000000000e+03 1.376827648816733327e-07
1.035000000000000000e+03 1.387875728068509162e-07
1.036000000000000000e+03 1.393472983120257679e-07
1.037000000000000000e+03 1.384262039891899509e-07
1.038000000000000000e+03 1.374355017536596387e-07
1.039000000000000000e+03 1.387220692681526864e-07
1.040000000000000000e+03 1.385405241407587871e-07
1.041000000000000000e+03 1.373149431294684176e-07
1.042000000000000000e+03 1.376145827172970376e-07
1.043000000000000000e+03 1.439896322837069585e-07
1.044000000000000000e+03 1.398009724521909741e-07
1.045000000000000000e+03 1.380859418642860894e-07
1.046000000000000000e+03 1.387117839473672410e-07
1.047000000000000000e+03 1.422715498188284675e-07
1.048000000000000000e+03 1.392722479428536295e-07
1.049000000000000000e+03 1.398480606658046650e-07
1.050000000000000000e+03 1.387778674393720777e-07
1.051000000000000000e+03 1.407319484919390696e-07
1.052000000000000000e+03 1.397755694183086954e-07
1.053000000000000000e+03 1.383185133946961143e-07
1.054000000000000000e+03 1.388226759935887425e-07
1.055000000000000000e+03 1.375239730994100258e-07
1.056000000000000000e+03 1.380063399636913116e-07
1.057000000000000000e+03 1.375965377357036739e-07
1.058000000000000000e+03 1.393263575810547660e-07
1.059000000000000000e+03 1.382574873726534536e-07
1.060000000000000000e+03 1.371825643549645338e-07
1.061000000000000000e+03 1.382119019174385693e-07
1.062000000000000000e+03 1.388046005736372439e-07
1.063000000000000000e+03 1.401223578630797088e-07
1.064000000000000000e+03 1.375042907242237890e-07
1.065000000000000000e+03 1.422601954012321458e-07
1.066000000000000000e+03 1.383855369812340319e-07
1.067000000000000000e+03 1.391681519337423446e-07
1.068000000000000000e+03 1.382595894123585747e-07
1.069000000000000000e+03 1.376982235784647482e-07
1.070000000000000000e+03 1.380774590692955242e-07
1.071000000000000000e+03 1.391053504441276965e-07
1.072000000000000000e+03 1.377838047192729448e-07
1.073000000000000000e+03 1.374653241398766431e-07
1.074000000000000000e+03 1.385236707682249200e-07
1.075000000000000000e+03 1.384902357306012775e-07
1.076000000000000000e+03 1.375445699854619570e-07
1.077000000000000000e+03 1.394341432177612840e-07
1.078000000000000000e+03 1.375788092825095085e-07
1.079000000000000000e+03 1.403304184447599747e-07
1.080000000000000000e+03 1.405093656729041011e-07
1.081000000000000000e+03 1.384338799588438293e-07
1.082000000000000000e+03 1.383168306318956304e-07
1.083000000000000000e+03 1.391910423209389165e-07
1.084000000000000000e+03 1.390353027958973673e-07
1.085000000000000000e+03 1.359764503639229584e-07
1.086000000000000000e+03 1.410895384771706306e-07
1.087000000000000000e+03 1.371109127113851349e-07
1.088000000000000000e+03 1.377700726848970953e-07
1.089000000000000000e+03 1.383454288133039396e-07
1.090000000000000000e+03 1.380711063650631866e-07
1.091000000000000000e+03 1.380967317991477653e-07
1.092000000000000000e+03 1.390745901238877151e-07
1.093000000000000000e+03 1.372705766283915711e-07
1.094000000000000000e+03 1.393031886726828423e-07
1.095000000000000000e+03 1.370328321532768914e-07
1.096000000000000000e+03 1.406384422713959013e-07
1.097000000000000000e+03 1.453009952122712148e-07
1.098000000000000000e+03 1.370903700089711220e-07
1.099000000000000000e+03 1.381959952690364945e-07
1.100000000000000000e+03 1.365245663175158065e-07
1.101000000000000000e+03 1.392848203489313862e-07
1.102000000000000000e+03 1.373184078860947516e-07
1.103000000000000000e+03 1.370861007560979579e-07
1.104000000000000000e+03 1.366993347321278649e-07
1.105000000000000000e+03 1.379735568088480065e-07
1.106000000000000000e+03 1.362540852615138663e-07
1.107000000000000000e+03 1.369488188221043367e-07
1.108000000000000000e+03 1.388726025982195479e-07
1.109000000000000000e+03 1.371350505475721642e-07
1.110000000000000000e+03 1.367076465016371001e-07
1.111000000000000000e+03 1.394005538162986596e-07
1.112000000000000000e+03 1.389462698256592110e-07
1.113000000000000000e+03 1.380791182919397848e-07
1.114000000000000000e+03 1.385536939615689633e-07
1.115000000000000000e+03 1.369158743299662104e-07
1.116000000000000000e+03 1.369237736581976317e-07
1.117000000000000000e+03 1.381761085760419618e-07
1.118000000000000000e+03 1.366974438913954925e-07
1.119000000000000000e+03 1.383221705507938089e-07
1.120000000000000000e+03 1.366294653314688653e-07
1.121000000000000000e+03 1.369091268247759976e-07
1.122000000000000000e+03 1.366613764779769824e-07
1.123000000000000000e+03 1.365248322857769117e-07
1.124000000000000000e+03 1.366602269687967724e-07
1.125000000000000000e+03 1.366467859027147560e-07
1.126000000000000000e+03 1.368704312104927787e-07
1.127000000000000000e+03 1.360801136016460180e-07
1.128000000000000000e+03 1.366408323039918779e-07
1.129000000000000000e+03 1.362757238610813823e-07
1.130000000000000000e+03 1.368716368962538063e-07
1.131000000000000000e+03 1.368654362694498577e-07
1.132000000000000000e+03 1.363015800550213911e-07
1.133000000000000000e+03 1.408608875458585709e-07
1.134000000000000000e+03 1.371401499197106839e-07
1.135000000000000000e+03 1.364296687449529286e-07
1.136000000000000000e+03 1.386810284146719328e-07
1.137000000000000000e+03 1.381790079012380613e-07
1.138000000000000000e+03 1.364779807559149064e-07
1.139000000000000000e+03 1.352393410427190516e-07
1.140000000000000000e+03 1.378859171555624560e-07
1.141000000000000000e+03 1.360984620107326888e-07
1.142000000000000000e+03 1.366807572500370289e-07
1.143000000000000000e+03 1.384239478102926969e-07
1.144000000000000000e+03 1.364561098539829447e-07
1.145000000000000000e+03 1.397798130562241494e-07
1.146000000000000000e+03 1.370456505834657510e-07
1.147000000000000000e+03 1.389791322181977178e-07
1.148000000000000000e+03 1.367859946600954454e-07
1.149000000000000000e+03 1.373257328534025049e-07
1.150000000000000000e+03 1.380633184115307711e-07
1.151000000000000000e+03 1.364783250510749227e-07
1.152000000000000000e+03 1.361067158704798922e-07
1.153000000000000000e+03 1.354321975251916265e-07
1.154000000000000000e+03 1.355904519369819236e-07
1.155000000000000000e+03 1.369062425895940114e-07
1.156000000000000000e+03 1.385048711835119813e-07
1.157000000000000000e+03 1.390568488389752058e-07
1.158000000000000000e+03 1.368210916132217748e-07
1.159000000000000000e+03 1.371115276148217188e-07
1.160000000000000000e+03 1.364027638701043722e-07
1.161000000000000000e+03 1.360814369393785234e-07
1.162000000000000000e+03 1.355663037602182625e-07
1.163000000000000000e+03 1.363039695668807646e-07
1.164000000000000000e+03 1.353945721019547734e-07
1.165000000000000000e+03 1.377143751297240441e-07
1.166000000000000000e+03 1.360862613735822789e-07
1.167000000000000000e+03 1.347384156305063072e-07
1.168000000000000000e+03 1.393507059756741473e-07
1.169000000000000000e+03 1.364132221152109631e-07
1.170000000000000000e+03 1.352466601203893263e-07
1.171000000000000000e+03 1.357201310523467940e-07
1.172000000000000000e+03 1.358597324746361106e-07
1.173000000000000000e+03 1.357149897917722343e-07
1.174000000000000000e+03 1.381179878150571877e-07
1.175000000000000000e+03 1.356925568530852097e-07
1.176000000000000000e+03 1.365525723833525547e-07
1.177000000000000000e+03 1.388104987504302857e-07
1.178000000000000000e+03 1.361849765235094712e-07
1.179000000000000000e+03 1.361631322765414893e-07
1.180000000000000000e+03 1.364656157039176572e-07
1.181000000000000000e+03 1.360396819445649267e-07
1.182000000000000000e+03 1.361462005900433806e-07
1.183000000000000000e+03 1.365570513156575443e-07
1.184000000000000000e+03 1.357632692724135441e-07
1.185000000000000000e+03 1.352663103576844919e-07
1.186000000000000000e+03 1.368854456640231649e-07
1.187000000000000000e+03 1.340547570208179095e-07
1.188000000000000000e+03 1.382502358782500712e-07
1.189000000000000000e+03 1.364254754414633365e-07
1.190000000000000000e+03 1.364736953844117819e-07
1.191000000000000000e+03 1.348974924892252976e-07
1.192000000000000000e+03 1.365096372845627067e-07
1.193000000000000000e+03 1.356323804390815860e-07
1.194000000000000000e+03 1.356179656477036443e-07
1.195000000000000000e+03 1.363165021624623312e-07
1.196000000000000000e+03 1.354940801097254234e-07
1.197000000000000000e+03 1.353106197837600964e-07
1.198000000000000000e+03 1.348876688413396913e-07
1.199000000000000000e+03 1.364252960853999470e-07
1.200000000000000000e+03 1.394788284888646809e-07
1.201000000000000000e+03 1.350286535891451071e-07
1.202000000000000000e+03 1.350122490095932518e-07
1.203000000000000000e+03 1.386802453054986687e-07
1.204000000000000000e+03 1.362929839905318489e-07
1.205000000000000000e+03 1.354027926460251184e-07
1.206000000000000000e+03 1.357211497947017820e-07
1.207000000000000000e+03 1.350807715047512811e-07
1.208000000000000000e+03 1.410305712029074237e-07
1.209000000000000000e+03 1.360769914303826305e-07
1.210000000000000000e+03 1.365094717934982775e-07
1.211000000000000000e+03 1.371841760937187917e-07
1.212000000000000000e+03 1.370442485676410015e-07
1.213000000000000000e+03 1.345882399904126302e-07
1.214000000000000000e+03 1.371362486439617390e-07
1.215000000000000000e+03 1.347277226599453238e-07
1.216000000000000000e+03 1.356033998773638387e-07
1.217000000000000000e+03 1.348479354140604824e-07
1.218000000000000000e+03 1.370641295161725148e-07
1.219000000000000000e+03 1.347284443230242032e-07
1.220000000000000000e+03 1.380458700826240099e-07
1.221000000000000000e+03 1.351794122420678894e-07
1.222000000000000000e+03 1.355012414619780073e-07
1.223000000000000000e+03 1.363217131237069245e-07
1.224000000000000000e+03 1.347967525171312560e-07
1.225000000000000000e+03 1.366702446529749766e-07
1.226000000000000000e+03 1.364099554426204125e-07
1.227000000000000000e+03 1.371946141594062353e-07
1.228000000000000000e+03 1.362959302836723953e-07
1.229000000000000000e+03 1.369782325779605886e-07
1.230000000000000000e+03 1.378230908948275869e-07
1.231000000000000000e+03 1.363935442815718145e-07
1.232000000000000000e+03 1.350049727712319833e-07
1.233000000000000000e+03 1.344197508121643082e-07
1.234000000000000000e+03 1.344797224375399722e-07
1.235000000000000000e+03 1.344401382459190251e-07
1.236000000000000000e+03 1.343164473002922678e-07
1.237000000000000000e+03 1.343338662123047656e-07
1.238000000000000000e+03 1.342775825712105899e-07
1.239000000000000000e+03 1.363867682095576662e-07
1.240000000000000000e+03 1.339187748266600020e-07
1.241000000000000000e+03 1.341161377541130908e-07
1.242000000000000000e+03 1.338348917045549996e-07
1.243000000000000000e+03 1.347587435554041258e-07
1.244000000000000000e+03 1.355000382352325584e-07
1.245000000000000000e+03 1.359446867323738988e-07
1.246000000000000000e+03 1.364111238780286481e-07
1.247000000000000000e+03 1.371319617131375830e-07
1.248000000000000000e+03 1.359229939896080145e-07
1.249000000000000000e+03 1.343630918901531010e-07
1.250000000000000000e+03 1.348065157874352706e-07
1.251000000000000000e+03 1.351719669229737888e-07
1.252000000000000000e+03 1.364773870856926948e-07
1.253000000000000000e+03 1.338343432654568759e-07
1.254000000000000000e+03 1.365256500010106314e-07
1.255000000000000000e+03 1.347566626369209571e-07
1.256000000000000000e+03 1.365853530048708747e-07
1.257000000000000000e+03 1.359724055383092191e-07
1.258000000000000000e+03 1.345989649406584121e-07
1.259000000000000000e+03 1.350155444804516292e-07
1.260000000000000000e+03 1.333209782077120194e-07
1.261000000000000000e+03 1.354005042556436855e-07
1.262000000000000000e+03 1.349864981627716696e-07
1.263000000000000000e+03 1.348274220756990060e-07
1.264000000000000000e+03 1.394318903532608598e-07
1.265000000000000000e+03 1.344460700309686635e-07
1.266000000000000000e+03 1.339012256525734770e-07
1.267000000000000000e+03 1.333869770783469456e-07
1.268000000000000000e+03 1.364827195745525381e-07
1.269000000000000000e+03 1.337394725412508990e-07
1.270000000000000000e+03 1.364876104918500484e-07
1.271000000000000000e+03 1.333291201324994060e-07
1.272000000000000000e+03 1.353366044229282446e-07
1.273000000000000000e+03 1.344091584322794134e-07
1.274000000000000000e+03 1.347569889303944390e-07
1.275000000000000000e+03 1.343012731634467237e-07
1.276000000000000000e+03 1.342205015557725531e-07
1.277000000000000000e+03 1.341883042915881816e-07
1.278000000000000000e+03 1.346755151923438400e-07
1.279000000000000000e+03 1.360281251260411320e-07
1.280000000000000000e+03 1.336893267699529142e-07
1.281000000000000000e+03 1.358111212751050117e-07
1.282000000000000000e+03 1.352828609277853390e-07
1.283000000000000000e+03 1.346893946841450662e-07
1.284000000000000000e+03 1.332660108500155159e-07
1.285000000000000000e+03 1.374387680707301855e-07
1.286000000000000000e+03 1.337711661324717249e-07
1.287000000000000000e+03 1.343327797413564632e-07
1.288000000000000000e+03 1.339808342372402110e-07
1.289000000000000000e+03 1.361171971624506495e-07
1.290000000000000000e+03 1.338527925394650543e-07
1.291000000000000000e+03 1.328873126899750237e-07
1.292000000000000000e+03 1.343850748238535721e-07
1.293000000000000000e+03 1.333637498953411867e-07
1.294000000000000000e+03 1.346699896287704377e-07
1.295000000000000000e+03 1.357424624521720553e-07
1.296000000000000000e+03 1.387170559187859006e-07
1.297000000000000000e+03 1.338468110856928641e-07
1.298000000000000000e+03 1.360850997743945838e-07
1.299000000000000000e+03 1.360304781555011354e-07
1.300000000000000000e+03 1.348443549885343539e-07
1.301000000000000000e+03 1.336759008510536207e-07
1.302000000000000000e+03 1.344017429723371833e-07
1.303000000000000000e+03 1.334885242100920756e-07
1.304000000000000000e+03 1.348256337444366750e-07
1.305000000000000000e+03 1.341746378313511667e-07
1.306000000000000000e+03 1.340538801565006184e-07
1.307000000000000000e+03 1.345918853969423483e-07
1.308000000000000000e+03 1.340285781518064820e-07
1.309000000000000000e+03 1.343984685883156675e-07
1.310000000000000000e+03 1.358656378768726083e-07
1.311000000000000000e+03 1.364704631988095010e-07
1.312000000000000000e+03 1.349133590646089108e-07
1.313000000000000000e+03 1.329612723041090770e-07
1.314000000000000000e+03 1.350278769394720715e-07
1.315000000000000000e+03 1.334447259524091364e-07
1.316000000000000000e+03 1.354706879149277057e-07
1.317000000000000000e+03 1.337194796194638330e-07
1.318000000000000000e+03 1.332035006647808837e-07
1.319000000000000000e+03 1.357364010458005446e-07
1.320000000000000000e+03 1.340136707779410708e-07
1.321000000000000000e+03 1.353298021950099912e-07
1.322000000000000000e+03 1.348080708803620404e-07
1.323000000000000000e+03 1.333792683321396566e-07
1.324000000000000000e+03 1.346432694653110311e-07
1.325000000000000000e+03 1.375339876603641953e-07
1.326000000000000000e+03 1.350100940106068504e-07
1.327000000000000000e+03 1.358709577799913638e-07
1.328000000000000000e+03 1.336005332358531012e-07
1.329000000000000000e+03 1.341622399021968421e-07
1.330000000000000000e+03 1.331309631033521289e-07
1.331000000000000000e+03 1.333748371502727562e-07
1.332000000000000000e+03 1.335325252223706128e-07
1.333000000000000000e+03 1.335015773983049622e-07
1.334000000000000000e+03 1.342163483009665894e-07
1.335000000000000000e+03 1.339058763977528630e-07
1.336000000000000000e+03 1.332836991966225365e-07
1.337000000000000000e+03 1.335596630798860145e-07
1.338000000000000000e+03 1.335170995685646509e-07
1.339000000000000000e+03 1.359212591404307072e-07
1.340000000000000000e+03 1.331060519589260531e-07
1.341000000000000000e+03 1.370588903342329356e-07
1.342000000000000000e+03 1.341969709171310821e-07
1.343000000000000000e+03 1.333121319443783890e-07
1.344000000000000000e+03 1.334815463006197201e-07
1.345000000000000000e+03 1.338932272762320516e-07
1.346000000000000000e+03 1.336772951952125049e-07
1.347000000000000000e+03 1.342463038050911154e-07
1.348000000000000000e+03 1.332826675954984662e-07
1.349000000000000000e+03 1.346540569956370434e-07
1.350000000000000000e+03 1.335646780532266655e-07
1.351000000000000000e+03 1.352976893191940248e-07
1.352000000000000000e+03 1.333527817998706981e-07
1.353000000000000000e+03 1.364013227942926873e-07
1.354000000000000000e+03 1.336945635083720325e-07
1.355000000000000000e+03 1.338350052757884735e-07
1.356000000000000000e+03 1.356900784496272546e-07
1.357000000000000000e+03 1.339530716544439937e-07
1.358000000000000000e+03 1.338758799498361300e-07
1.359000000000000000e+03 1.337638595470450560e-07
1.360000000000000000e+03 1.341633748591763972e-07
1.361000000000000000e+03 1.341222482551134738e-07
1.362000000000000000e+03 1.351431761290289633e-07
1.363000000000000000e+03 1.336458791194856064e-07
1.364000000000000000e+03 1.334413452087309057e-07
1.365000000000000000e+03 1.335848073585266029e-07
1.366000000000000000e+03 1.329617291340619090e-07
1.367000000000000000e+03 1.346527760888543016e-07
1.368000000000000000e+03 1.338296355401803604e-07
1.369000000000000000e+03 1.335849420549937095e-07
1.370000000000000000e+03 1.355520127327469067e-07
1.371000000000000000e+03 1.344895443566807521e-07
1.372000000000000000e+03 1.333079337283793942e-07
1.373000000000000000e+03 1.350705808598675254e-07
1.374000000000000000e+03 1.339355450980915302e-07
1.375000000000000000e+03 1.325797089477525361e-07
1.376000000000000000e+03 1.350860467119518428e-07
1.377000000000000000e+03 1.337276702600997162e-07
1.378000000000000000e+03 1.347709907507274714e-07
1.379000000000000000e+03 1.347716242114595750e-07
1.380000000000000000e+03 1.330549759396053745e-07
1.381000000000000000e+03 1.336668170153010940e-07
1.382000000000000000e+03 1.326139000767942107e-07
1.383000000000000000e+03 1.334194386327715816e-07
1.384000000000000000e+03 1.335441139057387172e-07
1.385000000000000000e+03 1.346902525756059092e-07
1.386000000000000000e+03 1.332393776393840748e-07
1.387000000000000000e+03 1.325571802993349104e-07
1.388000000000000000e+03 1.355692191371998175e-07
1.389000000000000000e+03 1.326019075750096582e-07
1.390000000000000000e+03 1.326172386410321972e-07
1.391000000000000000e+03 1.329920958632954020e-07
1.392000000000000000e+03 1.331559229382981661e-07
1.393000000000000000e+03 1.328673225960034022e-07
1.394000000000000000e+03 1.329959444673969002e-07
1.395000000000000000e+03 1.331481413828301766e-07
1.396000000000000000e+03 1.331682713013561069e-07
1.397000000000000000e+03 1.334105818695426805e-07
1.398000000000000000e+03 1.323780882249671308e-07
1.399000000000000000e+03 1.331703844216116130e-07
1.400000000000000000e+03 1.358868866710206269e-07
1.401000000000000000e+03 1.348677764531629660e-07
1.402000000000000000e+03 1.343842828123663352e-07
1.403000000000000000e+03 1.336850979977928245e-07
1.404000000000000000e+03 1.337068517411138425e-07
1.405000000000000000e+03 1.326322358214683265e-07
1.406000000000000000e+03 1.334001687104185409e-07
1.407000000000000000e+03 1.358319619419189138e-07
1.408000000000000000e+03 1.341948679383571136e-07
1.409000000000000000e+03 1.346697737732709869e-07
1.410000000000000000e+03 1.322308565037198480e-07
1.411000000000000000e+03 1.335732362402371622e-07
1.412000000000000000e+03 1.323452354079338636e-07
1.413000000000000000e+03 1.347684329611612516e-07
1.414000000000000000e+03 1.344362478337741250e-07
1.415000000000000000e+03 1.330771944622159102e-07
1.416000000000000000e+03 1.330672293686939270e-07
1.417000000000000000e+03 1.322674347387231505e-07
1.418000000000000000e+03 1.347032184087978553e-07
1.419000000000000000e+03 1.329269532114597351e-07
1.420000000000000000e+03 1.326962468915707915e-07
1.421000000000000000e+03 1.334625469623174695e-07
1.422000000000000000e+03 1.328965428255384622e-07
1.423000000000000000e+03 1.352039407314131269e-07
1.424000000000000000e+03 1.327516634389012041e-07
1.425000000000000000e+03 1.326065304721099133e-07
1.426000000000000000e+03 1.334053718518961256e-07
1.427000000000000000e+03 1.334089941840523500e-07
1.428000000000000000e+03 1.333667917489197862e-07
1.429000000000000000e+03 1.324947491038376224e-07
1.430000000000000000e+03 1.317684108013760954e-07
1.431000000000000000e+03 1.360719695666261535e-07
1.432000000000000000e+03 1.327203390806489439e-07
1.433000000000000000e+03 1.330494471284932001e-07
1.434000000000000000e+03 1.323159193811016188e-07
1.435000000000000000e+03 1.334403610468651634e-07
1.436000000000000000e+03 1.331517111394843670e-07
1.437000000000000000e+03 1.321800626330261255e-07
1.438000000000000000e+03 1.330282109081338137e-07
1.439000000000000000e+03 1.325683567856861565e-07
1.440000000000000000e+03 1.328189361238481274e-07
1.441000000000000000e+03 1.324341274325326007e-07
1.442000000000000000e+03 1.340905507717877696e-07
1.443000000000000000e+03 1.331443314396483755e-07
1.444000000000000000e+03 1.341329999164502061e-07
1.445000000000000000e+03 1.344428612456967892e-07
1.446000000000000000e+03 1.326195687420265643e-07
1.447000000000000000e+03 1.325724337037761045e-07
1.448000000000000000e+03 1.327733044877826746e-07
1.449000000000000000e+03 1.331094015420465351e-07
1.450000000000000000e+03 1.323887761080908173e-07
1.451000000000000000e+03 1.333448129396899742e-07
1.452000000000000000e+03 1.328173230664935930e-07
1.453000000000000000e+03 1.330371195022051300e-07
1.454000000000000000e+03 1.342543260527428858e-07
1.455000000000000000e+03 1.339614501922125632e-07
1.456000000000000000e+03 1.345523534853300358e-07
1.457000000000000000e+03 1.346800813366990525e-07
1.458000000000000000e+03 1.351430713089936758e-07
1.459000000000000000e+03 1.357387924364968385e-07
1.460000000000000000e+03 1.338840651486319489e-07
1.461000000000000000e+03 1.325300638767133521e-07
1.462000000000000000e+03 1.326153682132546908e-07
1.463000000000000000e+03 1.324818829462931949e-07
1.464000000000000000e+03 1.350166918398155000e-07
1.465000000000000000e+03 1.326386569371292183e-07
1.466000000000000000e+03 1.316574337763373090e-07
1.467000000000000000e+03 1.339819216252682003e-07
1.468000000000000000e+03 1.332781902502648692e-07
1.469000000000000000e+03 1.327056723609207110e-07
1.470000000000000000e+03 1.327563886505599021e-07
1.471000000000000000e+03 1.329999660643240746e-07
1.472000000000000000e+03 1.329386824694447520e-07
1.473000000000000000e+03 1.327101617322288580e-07
1.474000000000000000e+03 1.329342834783452458e-07
1.475000000000000000e+03 1.328567777886005066e-07
1.476000000000000000e+03 1.323799363295922237e-07
1.477000000000000000e+03 1.329018288363922209e-07
1.478000000000000000e+03 1.320039246703053306e-07
1.479000000000000000e+03 1.350693902383254403e-07
1.480000000000000000e+03 1.326765896029140902e-07
1.481000000000000000e+03 1.344254641227718439e-07
1.482000000000000000e+03 1.327218308955763072e-07
1.483000000000000000e+03 1.320342906861240002e-07
1.484000000000000000e+03 1.323115403471124866e-07
1.485000000000000000e+03 1.330067506651688466e-07
1.486000000000000000e+03 1.324781846582328594e-07
1.487000000000000000e+03 1.326662349083472338e-07
1.488000000000000000e+03 1.328700410250153325e-07
1.489000000000000000e+03 1.319515658895791471e-07
1.490000000000000000e+03 1.348679085451098771e-07
1.491000000000000000e+03 1.324266763926556896e-07
1.492000000000000000e+03 1.317411809591159263e-07
1.493000000000000000e+03 1.335498124970041598e-07
1.494000000000000000e+03 1.327454290918654972e-07
1.495000000000000000e+03 1.331390359041223126e-07
1.496000000000000000e+03 1.324948441687403049e-07
1.497000000000000000e+03 1.336683575774360988e-07
1.498000000000000000e+03 1.322547239909235325e-07
1.499000000000000000e+03 1.331686457522685974e-07
1.500000000000000000e+03 1.323522987810211173e-07
1.501000000000000000e+03 1.327515006255583782e-07
1.502000000000000000e+03 1.314326111951488751e-07
1.503000000000000000e+03 1.333174505870620912e-07
1.504000000000000000e+03 1.331429319751009186e-07
1.505000000000000000e+03 1.335359159383047656e-07
1.506000000000000000e+03 1.324904240599445416e-07
1.507000000000000000e+03 1.347866001655724744e-07
1.508000000000000000e+03 1.321348509259027759e-07
1.509000000000000000e+03 1.322973735032155637e-07
1.510000000000000000e+03 1.336968468599177278e-07
1.511000000000000000e+03 1.324026799625664129e-07
1.512000000000000000e+03 1.317993154114159254e-07
1.513000000000000000e+03 1.321123812857056336e-07
1.514000000000000000e+03 1.332844873227972523e-07
1.515000000000000000e+03 1.325977363567673417e-07
1.516000000000000000e+03 1.322361176128404816e-07
1.517000000000000000e+03 1.326607173916045388e-07
1.518000000000000000e+03 1.319163752250475868e-07
1.519000000000000000e+03 1.337864475907413821e-07
1.520000000000000000e+03 1.323586180045619787e-07
1.521000000000000000e+03 1.330128711166336144e-07
1.522000000000000000e+03 1.323980583774917116e-07
1.523000000000000000e+03 1.321780438197994397e-07
1.524000000000000000e+03 1.341076809429510668e-07
1.525000000000000000e+03 1.341324180664801556e-07
1.526000000000000000e+03 1.329760454804141816e-07
1.527000000000000000e+03 1.322626489710555030e-07
1.528000000000000000e+03 1.329954161393756263e-07
1.529000000000000000e+03 1.330066562733190204e-07
1.530000000000000000e+03 1.317057810110105031e-07
1.531000000000000000e+03 1.327095621298792688e-07
1.532000000000000000e+03 1.351961304924197552e-07
1.533000000000000000e+03 1.320233298706015524e-07
1.534000000000000000e+03 1.339484850607810877e-07
1.535000000000000000e+03 1.327139693709421442e-07
1.536000000000000000e+03 1.321297297475748702e-07
1.537000000000000000e+03 1.325991958395205601e-07
1.538000000000000000e+03 1.324417440940774747e-07
1.539000000000000000e+03 1.318969640948642042e-07
1.540000000000000000e+03 1.324015348158945606e-07
1.541000000000000000e+03 1.319271437372916266e-07
1.542000000000000000e+03 1.320945179832827902e-07
1.543000000000000000e+03 1.318360212019561203e-07
1.544000000000000000e+03 1.320859317266807061e-07
1.545000000000000000e+03 1.317255815303891219e-07
1.546000000000000000e+03 1.317238728304052482e-07
1.547000000000000000e+03 1.323953440712286077e-07
1.548000000000000000e+03 1.314903742564390411e-07
1.549000000000000000e+03 1.325461829415701353e-07
1.550000000000000000e+03 1.321469340797317647e-07
1.551000000000000000e+03 1.322200635622235639e-07
1.552000000000000000e+03 1.341404427829696988e-07
1.553000000000000000e+03 1.316773957400693077e-07
1.554000000000000000e+03 1.325928182412515830e-07
1.555000000000000000e+03 1.330940073084907885e-07
1.556000000000000000e+03 1.344579756299045090e-07
1.557000000000000000e+03 1.328355717986577753e-07
1.558000000000000000e+03 1.336765646146332254e-07
1.559000000000000000e+03 1.338811501589080075e-07
1.560000000000000000e+03 1.330734063492392349e-07
1.561000000000000000e+03 1.327464767370101660e-07
1.562000000000000000e+03 1.319251709779112303e-07
1.563000000000000000e+03 1.324701335907148751e-07
1.564000000000000000e+03 1.323520280582983547e-07
1.565000000000000000e+03 1.329733364699427302e-07
1.566000000000000000e+03 1.327817667304232736e-07
1.567000000000000000e+03 1.318460919455474723e-07
1.568000000000000000e+03 1.334084680599213899e-07
1.569000000000000000e+03 1.322291695090018610e-07
1.570000000000000000e+03 1.324889607348861853e-07
1.571000000000000000e+03 1.323560616933189736e-07
1.572000000000000000e+03 1.340349368571830240e-07
1.573000000000000000e+03 1.324286549009417137e-07
1.574000000000000000e+03 1.349187667508932421e-07
1.575000000000000000e+03 1.321395136101793453e-07
1.576000000000000000e+03 1.324650424306600935e-07
1.577000000000000000e+03 1.325334636096043695e-07
1.578000000000000000e+03 1.323891537936789848e-07
1.579000000000000000e+03 1.341849099431753633e-07
1.580000000000000000e+03 1.320694354020853548e-07
1.581000000000000000e+03 1.340816118136406462e-07
1.582000000000000000e+03 1.320603563894010838e-07
1.583000000000000000e+03 1.320114721473644578e-07
1.584000000000000000e+03 1.319136631897758733e-07
1.585000000000000000e+03 1.335372076460142376e-07
1.586000000000000000e+03 1.322331181403386900e-07
1.587000000000000000e+03 1.316400021852803179e-07
1.588000000000000000e+03 1.318989318236976361e-07
1.589000000000000000e+03 1.318194816995750413e-07
1.590000000000000000e+03 1.319523623043016740e-07
1.591000000000000000e+03 1.316124708254610945e-07
1.592000000000000000e+03 1.324044323026108627e-07
1.593000000000000000e+03 1.318000609842521605e-07
1.594000000000000000e+03 1.320216539987790597e-07
1.595000000000000000e+03 1.316457167101232684e-07
1.596000000000000000e+03 1.328051519608219990e-07
1.597000000000000000e+03 1.313424685847903187e-07
1.598000000000000000e+03 1.336446726509613946e-07
1.599000000000000000e+03 1.321492596153609534e-07
1.600000000000000000e+03 1.318066980267750820e-07
1.601000000000000000e+03 1.319351110747014524e-07
1.602000000000000000e+03 1.318226326163164624e-07
1.603000000000000000e+03 1.333882931203848823e-07
1.604000000000000000e+03 1.331011349093988233e-07
1.605000000000000000e+03 1.320611710340422992e-07
1.606000000000000000e+03 1.332866288352796983e-07
1.607000000000000000e+03 1.322654370080363017e-07
1.608000000000000000e+03 1.321150735545065080e-07
1.609000000000000000e+03 1.314267888921343297e-07
1.610000000000000000e+03 1.352295510159222736e-07
1.611000000000000000e+03 1.315139600752323905e-07
1.612000000000000000e+03 1.333781167831768958e-07
1.613000000000000000e+03 1.335725332651951113e-07
1.614000000000000000e+03 1.329099708706918090e-07
1.615000000000000000e+03 1.322626959979530988e-07
1.616000000000000000e+03 1.327095179592888706e-07
1.617000000000000000e+03 1.314323068495983257e-07
1.618000000000000000e+03 1.316023156777885586e-07
1.619000000000000000e+03 1.338531354738275979e-07
1.620000000000000000e+03 1.328647229351967054e-07
1.621000000000000000e+03 1.323266490981066795e-07
1.622000000000000000e+03 1.312745267661016130e-07
1.623000000000000000e+03 1.318634525717815900e-07
1.624000000000000000e+03 1.329114082741739399e-07
1.625000000000000000e+03 1.323627229264357773e-07
1.626000000000000000e+03 1.326817928679419388e-07
1.627000000000000000e+03 1.318609830890269842e-07
1.628000000000000000e+03 1.316408743493881208e-07
1.629000000000000000e+03 1.310138910517781309e-07
1.630000000000000000e+03 1.331230065222971273e-07
1.631000000000000000e+03 1.314467886344525567e-07
1.632000000000000000e+03 1.322541027351237884e-07
1.633000000000000000e+03 1.318800109815605962e-07
1.634000000000000000e+03 1.322921505270786054e-07
1.635000000000000000e+03 1.316613482593108206e-07
1.636000000000000000e+03 1.315581974494607412e-07
1.637000000000000000e+03 1.334036492483768925e-07
1.638000000000000000e+03 1.316729666773295253e-07
1.639000000000000000e+03 1.316957836415408985e-07
1.640000000000000000e+03 1.315975921244177982e-07
1.641000000000000000e+03 1.319934525423044085e-07
1.642000000000000000e+03 1.314683332987661361e-07
1.643000000000000000e+03 1.325176213341148170e-07
1.644000000000000000e+03 1.329019127910393376e-07
1.645000000000000000e+03 1.326337773271397746e-07
1.646000000000000000e+03 1.314239750621105584e-07
1.647000000000000000e+03 1.324137291786682132e-07
1.648000000000000000e+03 1.319055242528346336e-07
1.649000000000000000e+03 1.324505830095133666e-07
1.650000000000000000e+03 1.310650475637617050e-07
1.651000000000000000e+03 1.310674651574801117e-07
1.652000000000000000e+03 1.318569818826692625e-07
1.653000000000000000e+03 1.316220788788837988e-07
1.654000000000000000e+03 1.328843363972430884e-07
1.655000000000000000e+03 1.319368446492208850e-07
1.656000000000000000e+03 1.317267413836518067e-07
1.657000000000000000e+03 1.317756538896348003e-07
1.658000000000000000e+03 1.318577102102969152e-07
1.659000000000000000e+03 1.314301880513180470e-07
1.660000000000000000e+03 1.325268655195860169e-07
1.661000000000000000e+03 1.319471456409201653e-07
1.662000000000000000e+03 1.311598333003622449e-07
1.663000000000000000e+03 1.328041828434536253e-07
1.664000000000000000e+03 1.324059493502631865e-07
1.665000000000000000e+03 1.332002201487590022e-07
1.666000000000000000e+03 1.323046548775282060e-07
1.667000000000000000e+03 1.328105714606287882e-07
1.668000000000000000e+03 1.321090226131978909e-07
1.669000000000000000e+03 1.318469799123087796e-07
1.670000000000000000e+03 1.317466868970713600e-07
1.671000000000000000e+03 1.315085845494556248e-07
1.672000000000000000e+03 1.322346110942350203e-07
1.673000000000000000e+03 1.314734563493399871e-07
1.674000000000000000e+03 1.312754898173569788e-07
1.675000000000000000e+03 1.335474141412302412e-07
1.676000000000000000e+03 1.312851152164903395e-07
1.677000000000000000e+03 1.333674010122275603e-07
1.678000000000000000e+03 1.317859047002672925e-07
1.679000000000000000e+03 1.322391145491709663e-07
1.680000000000000000e+03 1.328563912462635508e-07
1.681000000000000000e+03 1.327442056173592389e-07
1.682000000000000000e+03 1.315758489374846750e-07
1.683000000000000000e+03 1.324343265312394219e-07
1.684000000000000000e+03 1.316661425172942390e-07
1.685000000000000000e+03 1.317317287037593862e-07
1.686000000000000000e+03 1.318739054768146782e-07
1.687000000000000000e+03 1.309607642492895998e-07
1.688000000000000000e+03 1.321231067025704577e-07
1.689000000000000000e+03 1.316568866670326845e-07
1.690000000000000000e+03 1.312476136499763544e-07
1.691000000000000000e+03 1.312068629084462710e-07
1.692000000000000000e+03 1.313629127729479069e-07
1.693000000000000000e+03 1.315308016845101758e-07
1.694000000000000000e+03 1.309396867684291160e-07
1.695000000000000000e+03 1.321337168960469978e-07
1.696000000000000000e+03 1.318573136627770344e-07
1.697000000000000000e+03 1.321505574844739782e-07
1.698000000000000000e+03 1.316327249527648701e-07
1.699000000000000000e+03 1.314199608663585420e-07
1.700000000000000000e+03 1.311485027510550074e-07
1.701000000000000000e+03 1.315731807035455403e-07
1.702000000000000000e+03 1.318850991626579946e-07
1.703000000000000000e+03 1.320349966836400695e-07
1.704000000000000000e+03 1.331224293810336820e-07
1.705000000000000000e+03 1.318583209830031077e-07
1.706000000000000000e+03 1.312336782584656111e-07
1.707000000000000000e+03 1.312630404846876992e-07
1.708000000000000000e+03 1.313212314576512456e-07
1.709000000000000000e+03 1.315053224780133711e-07
1.710000000000000000e+03 1.307922169950954845e-07
1.711000000000000000e+03 1.327854312527268739e-07
1.712000000000000000e+03 1.311271986335213096e-07
1.713000000000000000e+03 1.317380863990513885e-07
1.714000000000000000e+03 1.311489540303314265e-07
1.715000000000000000e+03 1.316531135433653167e-07
1.716000000000000000e+03 1.315207608843301702e-07
1.717000000000000000e+03 1.314129887449113957e-07
1.718000000000000000e+03 1.317917559165564896e-07
1.719000000000000000e+03 1.319145470657163083e-07
1.720000000000000000e+03 1.324412444906829302e-07
1.721000000000000000e+03 1.328270021432788618e-07
1.722000000000000000e+03 1.310103282356921902e-07
1.723000000000000000e+03 1.327328567570089441e-07
1.724000000000000000e+03 1.311244409939176302e-07
1.725000000000000000e+03 1.322433578231078925e-07
1.726000000000000000e+03 1.313471995909174201e-07
1.727000000000000000e+03 1.314462277904594587e-07
1.728000000000000000e+03 1.327523718695030826e-07
1.729000000000000000e+03 1.317500494533319979e-07
1.730000000000000000e+03 1.322436822391744044e-07
1.731000000000000000e+03 1.318011459216986104e-07
1.732000000000000000e+03 1.315676150747792817e-07
1.733000000000000000e+03 1.312748904376378766e-07
1.734000000000000000e+03 1.315846877214607888e-07
1.735000000000000000e+03 1.313019842936001103e-07
1.736000000000000000e+03 1.320266434638605440e-07
1.737000000000000000e+03 1.316368142940093345e-07
1.738000000000000000e+03 1.315969808275784176e-07
1.739000000000000000e+03 1.313596224876253649e-07
1.740000000000000000e+03 1.324230689642134729e-07
1.741000000000000000e+03 1.318548223185226383e-07
1.742000000000000000e+03 1.310391324690922083e-07
1.743000000000000000e+03 1.311489718371821718e-07
1.744000000000000000e+03 1.316560989552417331e-07
1.745000000000000000e+03 1.310283881099856450e-07
1.746000000000000000e+03 1.322953730653518320e-07
1.747000000000000000e+03 1.309889072483396734e-07
1.748000000000000000e+03 1.319382993063693282e-07
1.749000000000000000e+03 1.313446652662010330e-07
1.750000000000000000e+03 1.319840142916062563e-07
1.751000000000000000e+03 1.313744962967382151e-07
1.752000000000000000e+03 1.317372714383447787e-07
1.753000000000000000e+03 1.317824421267595364e-07
1.754000000000000000e+03 1.317603606238880653e-07
1.755000000000000000e+03 1.319475503262069929e-07
1.756000000000000000e+03 1.313397412994343230e-07
1.757000000000000000e+03 1.312412343353151501e-07
1.758000000000000000e+03 1.311472265962658279e-07
1.759000000000000000e+03 1.322159570860956585e-07
1.760000000000000000e+03 1.311307537444944362e-07
1.761000000000000000e+03 1.313984253118924630e-07
1.762000000000000000e+03 1.308022632553515650e-07
1.763000000000000000e+03 1.335207370641451108e-07
1.764000000000000000e+03 1.308891705974325172e-07
1.765000000000000000e+03 1.310627829739555309e-07
1.766000000000000000e+03 1.312699873968088525e-07
1.767000000000000000e+03 1.316308644449504891e-07
1.768000000000000000e+03 1.319985093402764898e-07
1.769000000000000000e+03 1.307111361531257182e-07
1.770000000000000000e+03 1.309703952981353656e-07
1.771000000000000000e+03 1.313362332536683720e-07
1.772000000000000000e+03 1.309609834293015185e-07
1.773000000000000000e+03 1.315720412612985188e-07
1.774000000000000000e+03 1.311053257181532276e-07
1.775000000000000000e+03 1.317318364946458192e-07
1.776000000000000000e+03 1.311108634055634726e-07
1.777000000000000000e+03 1.316579214292320714e-07
1.778000000000000000e+03 1.320416265625551902e-07
1.779000000000000000e+03 1.310462218378054252e-07
1.780000000000000000e+03 1.310109706437196601e-07
1.781000000000000000e+03 1.309514051338724779e-07
1.782000000000000000e+03 1.317612361897464646e-07
1.783000000000000000e+03 1.324836589899117756e-07
1.784000000000000000e+03 1.315188249843832818e-07
1.785000000000000000e+03 1.312089158499404175e-07
1.786000000000000000e+03 1.309432131846076959e-07
1.787000000000000000e+03 1.314588357066291330e-07
1.788000000000000000e+03 1.310689051898365411e-07
1.789000000000000000e+03 1.310145098397760764e-07
1.790000000000000000e+03 1.313400578526613539e-07
1.791000000000000000e+03 1.309111742723668813e-07
1.792000000000000000e+03 1.304605536241137932e-07
1.793000000000000000e+03 1.318902907395808009e-07
1.794000000000000000e+03 1.315495573728553978e-07
1.795000000000000000e+03 1.315457775163176586e-07
1.796000000000000000e+03 1.314778444500927389e-07
1.797000000000000000e+03 1.321162599993408563e-07
1.798000000000000000e+03 1.310062390183229327e-07
1.799000000000000000e+03 1.315248061772101378e-07
1.800000000000000000e+03 1.334744700560521726e-07
1.801000000000000000e+03 1.306697196678996448e-07
1.802000000000000000e+03 1.311439856283432791e-07
1.803000000000000000e+03 1.310487667701314043e-07
1.804000000000000000e+03 1.315091869928003589e-07
1.805000000000000000e+03 1.314123666979882787e-07
1.806000000000000000e+03 1.321006589568444191e-07
1.807000000000000000e+03 1.310209226188339604e-07
1.808000000000000000e+03 1.311268031038874332e-07
1.809000000000000000e+03 1.315773174664139007e-07
1.810000000000000000e+03 1.308954693711315778e-07
1.811000000000000000e+03 1.310814558693792815e-07
1.812000000000000000e+03 1.320313696953924385e-07
1.813000000000000000e+03 1.307448213126116801e-07
1.814000000000000000e+03 1.310124854278415773e-07
1.815000000000000000e+03 1.312327804688223244e-07
1.816000000000000000e+03 1.315144959352387145e-07
1.817000000000000000e+03 1.312967403595376639e-07
1.818000000000000000e+03 1.312900632300264048e-07
1.819000000000000000e+03 1.314967479354205292e-07
1.820000000000000000e+03 1.311525694891062927e-07
1.821000000000000000e+03 1.315161299104862923e-07
1.822000000000000000e+03 1.312806757304064184e-07
1.823000000000000000e+03 1.307867659016042754e-07
1.824000000000000000e+03 1.310450561881692273e-07
1.825000000000000000e+03 1.312181660631953257e-07
1.826000000000000000e+03 1.315214098316732802e-07
1.827000000000000000e+03 1.311298331210778144e-07
1.828000000000000000e+03 1.313775426468083410e-07
1.829000000000000000e+03 1.307688594453069943e-07
1.830000000000000000e+03 1.313982529227435420e-07
1.831000000000000000e+03 1.310336582491864365e-07
1.832000000000000000e+03 1.315768371783463127e-07
1.833000000000000000e+03 1.321083157861242228e-07
1.834000000000000000e+03 1.308413294405186508e-07
1.835000000000000000e+03 1.313969483419868974e-07
1.836000000000000000e+03 1.323997659032710535e-07
1.837000000000000000e+03 1.314266906468673258e-07
1.838000000000000000e+03 1.309678562342904702e-07
1.839000000000000000e+03 1.312681052934251219e-07
1.840000000000000000e+03 1.329669590418509572e-07
1.841000000000000000e+03 1.313351425508230276e-07
1.842000000000000000e+03 1.311937263487999773e-07
1.843000000000000000e+03 1.314343262080335969e-07
1.844000000000000000e+03 1.315854257609479067e-07
1.845000000000000000e+03 1.307184287643549980e-07
1.846000000000000000e+03 1.311987650772823368e-07
1.847000000000000000e+03 1.311515759545912048e-07
1.848000000000000000e+03 1.310264636099337711e-07
1.849000000000000000e+03 1.308187399110035567e-07
1.850000000000000000e+03 1.310244083288307304e-07
1.851000000000000000e+03 1.316607278722639073e-07
1.852000000000000000e+03 1.306929615627134033e-07
1.853000000000000000e+03 1.309558806594317059e-07
1.854000000000000000e+03 1.310142948353073300e-07
1.855000000000000000e+03 1.310003621659301393e-07
1.856000000000000000e+03 1.305272398905265884e-07
1.857000000000000000e+03 1.320400803597933467e-07
1.858000000000000000e+03 1.306239749369555570e-07
1.859000000000000000e+03 1.309091750633751348e-07
1.860000000000000000e+03 1.309769183979946190e-07
1.861000000000000000e+03 1.310243127054638733e-07
1.862000000000000000e+03 1.314673199965730020e-07
1.863000000000000000e+03 1.306831839529830130e-07
1.864000000000000000e+03 1.321825969351374532e-07
1.865000000000000000e+03 1.311489216507803996e-07
1.866000000000000000e+03 1.306780390047338651e-07
1.867000000000000000e+03 1.307922560375431998e-07
1.868000000000000000e+03 1.307484635012637345e-07
1.869000000000000000e+03 1.309038947800289136e-07
1.870000000000000000e+03 1.307309130174150337e-07
1.871000000000000000e+03 1.306530998198497679e-07
1.872000000000000000e+03 1.305044125671880853e-07
1.873000000000000000e+03 1.310048016233865172e-07
1.874000000000000000e+03 1.310533689550049390e-07
1.875000000000000000e+03 1.314693589086607873e-07
1.876000000000000000e+03 1.313931926947085232e-07
1.877000000000000000e+03 1.307480909967409743e-07
1.878000000000000000e+03 1.314532361573329703e-07
1.879000000000000000e+03 1.308378649368492039e-07
1.880000000000000000e+03 1.313181968503582477e-07
1.881000000000000000e+03 1.310998689215353980e-07
1.882000000000000000e+03 1.306564487721329333e-07
1.883000000000000000e+03 1.306740920104127205e-07
1.884000000000000000e+03 1.312178190287556132e-07
1.885000000000000000e+03 1.313629756113953413e-07
1.886000000000000000e+03 1.305045677259139398e-07
1.887000000000000000e+03 1.309906749860226300e-07
1.888000000000000000e+03 1.317260435500888666e-07
1.889000000000000000e+03 1.317585163553269862e-07
1.890000000000000000e+03 1.308742482001784072e-07
1.891000000000000000e+03 1.303275764570565675e-07
1.892000000000000000e+03 1.317328785283000740e-07
1.893000000000000000e+03 1.314372592469489096e-07
1.894000000000000000e+03 1.305807375840759052e-07
1.895000000000000000e+03 1.313354743200053980e-07
1.896000000000000000e+03 1.310290007627586498e-07
1.897000000000000000e+03 1.305683879878720627e-07
1.898000000000000000e+03 1.309375834677389524e-07
1.899000000000000000e+03 1.308329337630128503e-07
1.900000000000000000e+03 1.304849892771243318e-07
1.901000000000000000e+03 1.328302340269692717e-07
1.902000000000000000e+03 1.307285936716897006e-07
1.903000000000000000e+03 1.309701482910825233e-07
1.904000000000000000e+03 1.306412781268450244e-07
1.905000000000000000e+03 1.313942706670072300e-07
1.906000000000000000e+03 1.306260605083915312e-07
1.907000000000000000e+03 1.308276259141358253e-07
1.908000000000000000e+03 1.310963985524244716e-07
1.909000000000000000e+03 1.306878086394500307e-07
1.910000000000000000e+03 1.309348128704819762e-07
1.911000000000000000e+03 1.306675532062968949e-07
1.912000000000000000e+03 1.309460017985426308e-07
1.913000000000000000e+03 1.305170050897293185e-07
1.914000000000000000e+03 1.305614468541425482e-07
1.915000000000000000e+03 1.306171368493796533e-07
1.916000000000000000e+03 1.307481930310957301e-07
1.917000000000000000e+03 1.308146342019394503e-07
1.918000000000000000e+03 1.309650832965645702e-07
1.919000000000000000e+03 1.316930145737320340e-07
1.920000000000000000e+03 1.308810455789404254e-07
1.921000000000000000e+03 1.305180005663663876e-07
1.922000000000000000e+03 1.307274454648054680e-07
1.923000000000000000e+03 1.312261699788204651e-07
1.924000000000000000e+03 1.307925902378403072e-07
1.925000000000000000e+03 1.312728093538899772e-07
1.926000000000000000e+03 1.308830543873500515e-07
1.927000000000000000e+03 1.305283346348420452e-07
1.928000000000000000e+03 1.309168629101196528e-07
1.929000000000000000e+03 1.310420382287060114e-07
1.930000000000000000e+03 1.307944303803744895e-07
1.931000000000000000e+03 1.313264417159227083e-07
1.932000000000000000e+03 1.309267326751099807e-07
1.933000000000000000e+03 1.310594064086174283e-07
1.934000000000000000e+03 1.315089593226709544e-07
1.935000000000000000e+03 1.306097280100063134e-07
1.936000000000000000e+03 1.315542395539324240e-07
1.937000000000000000e+03 1.306781316883614409e-07
1.938000000000000000e+03 1.307071828129987189e-07
1.939000000000000000e+03 1.312019930975597596e-07
1.940000000000000000e+03 1.304491423021436316e-07
1.941000000000000000e+03 1.310822063250796662e-07
1.942000000000000000e+03 1.304972707604840278e-07
1.943000000000000000e+03 1.308584357207532877e-07
1.944000000000000000e+03 1.306303127865760163e-07
1.945000000000000000e+03 1.309387681428129156e-07
1.946000000000000000e+03 1.311732559547170180e-07
1.947000000000000000e+03 1.306687386515172748e-07
1.948000000000000000e+03 1.305282245475364780e-07
1.949000000000000000e+03 1.303248417489319236e-07
1.950000000000000000e+03 1.305304415721400011e-07
1.951000000000000000e+03 1.311945199771851249e-07
1.952000000000000000e+03 1.308062052042682315e-07
1.953000000000000000e+03 1.308878443794066675e-07
1.954000000000000000e+03 1.305428135347977991e-07
1.955000000000000000e+03 1.312687150104300006e-07
1.956000000000000000e+03 1.306651877626830530e-07
1.957000000000000000e+03 1.308722863838609990e-07
1.958000000000000000e+03 1.309655373502750940e-07
1.959000000000000000e+03 1.311308357213539788e-07
1.960000000000000000e+03 1.311439652744621851e-07
1.961000000000000000e+03 1.306842771230320978e-07
1.962000000000000000e+03 1.313479880916188179e-07
1.963000000000000000e+03 1.304656794745678098e-07
1.964000000000000000e+03 1.302250724732537052e-07
1.965000000000000000e+03 1.312131435210896277e-07
1.966000000000000000e+03 1.309249185320426326e-07
1.967000000000000000e+03 1.312943927660179551e-07
1.968000000000000000e+03 1.304484871924262691e-07
1.969000000000000000e+03 1.304008439766517691e-07
1.970000000000000000e+03 1.304378538159592417e-07
1.971000000000000000e+03 1.304842690760328690e-07
1.972000000000000000e+03 1.304654735192208925e-07
1.973000000000000000e+03 1.313154552444019513e-07
1.974000000000000000e+03 1.306466991476988408e-07
1.975000000000000000e+03 1.307618433862992781e-07
1.976000000000000000e+03 1.308777144738659224e-07
1.977000000000000000e+03 1.308280379688057527e-07
1.978000000000000000e+03 1.303679951552999190e-07
1.979000000000000000e+03 1.312886975297232263e-07
1.980000000000000000e+03 1.305356791921653575e-07
1.981000000000000000e+03 1.310744754326359766e-07
1.982000000000000000e+03 1.310705505447791976e-07
1.983000000000000000e+03 1.312320430198094973e-07
1.984000000000000000e+03 1.305948516297914704e-07
1.985000000000000000e+03 1.310951792987098062e-07
1.986000000000000000e+03 1.303239464698987129e-07
1.987000000000000000e+03 1.305638038209958464e-07
1.988000000000000000e+03 1.303042497370761096e-07
1.989000000000000000e+03 1.306993244988342283e-07
1.990000000000000000e+03 1.302682676826169978e-07
1.991000000000000000e+03 1.305592917246350136e-07
1.992000000000000000e+03 1.307455442836683282e-07
1.993000000000000000e+03 1.303480060802884719e-07
1.994000000000000000e+03 1.307726403802970346e-07
1.995000000000000000e+03 1.302641084411927565e-07
1.996000000000000000e+03 1.309969366001565634e-07
1.997000000000000000e+03 1.305457772754771851e-07
1.998000000000000000e+03 1.308166330013406330e-07
1.999000000000000000e+03 1.307815354849395906e-07
2.000000000000000000e+03 1.302999280509853473e-07
2.001000000000000000e+03 1.305278871739975639e-07
2.002000000000000000e+03 1.304749844935059890e-07
2.003000000000000000e+03 1.307606164205038674e-07
2.004000000000000000e+03 1.310649315967410414e-07
2.005000000000000000e+03 1.306272060829413886e-07
2.006000000000000000e+03 1.307377060541973317e-07
2.007000000000000000e+03 1.304135548831412892e-07
2.008000000000000000e+03 1.304355814884397024e-07
2.009000000000000000e+03 1.303407888122457153e-07
2.010000000000000000e+03 1.305882552560578512e-07
2.011000000000000000e+03 1.304024697810642868e-07
2.012000000000000000e+03 1.309732184386631309e-07
2.013000000000000000e+03 1.307565820465858889e-07
2.014000000000000000e+03 1.303440861074697536e-07
2.015000000000000000e+03 1.308998475201556951e-07
2.016000000000000000e+03 1.304021756596797991e-07
2.017000000000000000e+03 1.307490400076057880e-07
2.018000000000000000e+03 1.308440830695974549e-07
2.019000000000000000e+03 1.304591738672871024e-07
2.020000000000000000e+03 1.307695949218606670e-07
2.021000000000000000e+03 1.304497817427691536e-07
2.022000000000000000e+03 1.310672011010053234e-07
2.023000000000000000e+03 1.313207539840309899e-07
2.024000000000000000e+03 1.305805707753695643e-07
2.025000000000000000e+03 1.307756147966870379e-07
2.026000000000000000e+03 1.305315113969764897e-07
2.027000000000000000e+03 1.302482263858110289e-07
2.028000000000000000e+03 1.310009631468645225e-07
2.029000000000000000e+03 1.307957049255843876e-07
2.030000000000000000e+03 1.304253626285849182e-07
2.031000000000000000e+03 1.302669211934200950e-07
2.032000000000000000e+03 1.304030447052945639e-07
2.033000000000000000e+03 1.303497879533552169e-07
2.034000000000000000e+03 1.302679440377563556e-07
2.035000000000000000e+03 1.305812426259684397e-07
2.036000000000000000e+03 1.306270266596503440e-07
2.037000000000000000e+03 1.312152047075358848e-07
2.038000000000000000e+03 1.302781138925562929e-07
2.039000000000000000e+03 1.301375078920937852e-07
2.040000000000000000e+03 1.304625676727431989e-07
2.041000000000000000e+03 1.303224917644741298e-07
2.042000000000000000e+03 1.307151276461946066e-07
2.043000000000000000e+03 1.311978572041322589e-07
2.044000000000000000e+03 1.302001204775272381e-07
2.045000000000000000e+03 1.307079886220361059e-07
2.046000000000000000e+03 1.307230014457824310e-07
2.047000000000000000e+03 1.305268311505099301e-07
2.048000000000000000e+03 1.308809558805399441e-07
2.049000000000000000e+03 1.302310892088830647e-07
2.050000000000000000e+03 1.302540844890983799e-07
2.051000000000000000e+03 1.302435907902397916e-07
2.052000000000000000e+03 1.301730422059054812e-07
2.053000000000000000e+03 1.301874479364633012e-07
2.054000000000000000e+03 1.305916663759794114e-07
2.055000000000000000e+03 1.302093548910706255e-07
2.056000000000000000e+03 1.303342042389575564e-07
2.057000000000000000e+03 1.303803674943018140e-07
2.058000000000000000e+03 1.310252391314786945e-07
2.059000000000000000e+03 1.307629882657470850e-07
2.060000000000000000e+03 1.309976669297604042e-07
2.061000000000000000e+03 1.302738734222996661e-07
2.062000000000000000e+03 1.305838121373372135e-07
2.063000000000000000e+03 1.305113108473382325e-07
2.064000000000000000e+03 1.302905754801289053e-07
2.065000000000000000e+03 1.304406994371356946e-07
2.066000000000000000e+03 1.308432271563472260e-07
2.067000000000000000e+03 1.302540954171719289e-07
2.068000000000000000e+03 1.306205815540953682e-07
2.069000000000000000e+03 1.302504192268905098e-07
2.070000000000000000e+03 1.300729681158852171e-07
2.071000000000000000e+03 1.312052043338217872e-07
2.072000000000000000e+03 1.301456455910422418e-07
2.073000000000000000e+03 1.306301015530748694e-07
2.074000000000000000e+03 1.302938604396800695e-07
2.075000000000000000e+03 1.303444886511485206e-07
2.076000000000000000e+03 1.303148984407793887e-07
2.077000000000000000e+03 1.304660544193786208e-07
2.078000000000000000e+03 1.303892601124484749e-07
2.079000000000000000e+03 1.308340730895257103e-07
2.080000000000000000e+03 1.304002637353222758e-07
2.081000000000000000e+03 1.305548057101842404e-07
2.082000000000000000e+03 1.303134949956479771e-07
2.083000000000000000e+03 1.313432345512752360e-07
2.084000000000000000e+03 1.302151824775223978e-07
2.085000000000000000e+03 1.303794614802618416e-07
2.086000000000000000e+03 1.302655362026583179e-07
2.087000000000000000e+03 1.304624487620339365e-07
2.088000000000000000e+03 1.303496940509395036e-07
2.089000000000000000e+03 1.304988443632180503e-07
2.090000000000000000e+03 1.306642771080546268e-07
2.091000000000000000e+03 1.301236440519322386e-07
2.092000000000000000e+03 1.304004895618364544e-07
2.093000000000000000e+03 1.303589501956597802e-07
2.094000000000000000e+03 1.306801534506266651e-07
2.095000000000000000e+03 1.304341163441457136e-07
2.096000000000000000e+03 1.306965092084894718e-07
2.097000000000000000e+03 1.300917890689122449e-07
2.098000000000000000e+03 1.302807434364795134e-07
2.099000000000000000e+03 1.304088223511378816e-07
2.100000000000000000e+03 1.303233585516014839e-07
2.101000000000000000e+03 1.303048941415682565e-07
2.102000000000000000e+03 1.300830061599382793e-07
2.103000000000000000e+03 1.300634245513109491e-07
2.104000000000000000e+03 1.304396277294682605e-07
2.105000000000000000e+03 1.305937192279503811e-07
2.106000000000000000e+03 1.302590954784716560e-07
2.107000000000000000e+03 1.300014458356673799e-07
2.108000000000000000e+03 1.310917222308161779e-07
2.109000000000000000e+03 1.304198237767085851e-07
2.110000000000000000e+03 1.306708509231965661e-07
2.111000000000000000e+03 1.306404441355690325e-07
2.112000000000000000e+03 1.302009410710432871e-07
2.113000000000000000e+03 1.302079433605353144e-07
2.114000000000000000e+03 1.304009323794486803e-07
2.115000000000000000e+03 1.301244947808768415e-07
2.116000000000000000e+03 1.301562078543723297e-07
2.117000000000000000e+03 1.300168603302096143e-07
2.118000000000000000e+03 1.303371301194371044e-07
2.119000000000000000e+03 1.304200904587741487e-07
2.120000000000000000e+03 1.309014561450664642e-07
2.121000000000000000e+03 1.302889989432170082e-07
2.122000000000000000e+03 1.307649515303031623e-07
2.123000000000000000e+03 1.300427033924911951e-07
2.124000000000000000e+03 1.301070650967526155e-07
2.125000000000000000e+03 1.301402813093921905e-07
2.126000000000000000e+03 1.305058224837339586e-07
2.127000000000000000e+03 1.301421180630481095e-07
2.128000000000000000e+03 1.300907265609954883e-07
2.129000000000000000e+03 1.303175236718687104e-07
2.130000000000000000e+03 1.308785469626162155e-07
2.131000000000000000e+03 1.303833038064972038e-07
2.132000000000000000e+03 1.300132864173380493e-07
2.133000000000000000e+03 1.303422393363852485e-07
2.134000000000000000e+03 1.305404207754869771e-07
2.135000000000000000e+03 1.304072438179045090e-07
2.136000000000000000e+03 1.304548871767590732e-07
2.137000000000000000e+03 1.300754926178524766e-07
2.138000000000000000e+03 1.304718092590668010e-07
2.139000000000000000e+03 1.304633610145371311e-07
2.140000000000000000e+03 1.307708910061871275e-07
2.141000000000000000e+03 1.310511629572661380e-07
2.142000000000000000e+03 1.306951415201950692e-07
2.143000000000000000e+03 1.299701261885074196e-07
2.144000000000000000e+03 1.304085983179598473e-07
2.145000000000000000e+03 1.303592382793189075e-07
2.146000000000000000e+03 1.307174218798191412e-07
2.147000000000000000e+03 1.304784938422984041e-07
2.148000000000000000e+03 1.301836279944209878e-07
2.149000000000000000e+03 1.302434253686965444e-07
2.150000000000000000e+03 1.306373615704403400e-07
2.151000000000000000e+03 1.299963055418439748e-07
2.152000000000000000e+03 1.305279874521116657e-07
2.153000000000000000e+03 1.305234726230382890e-07
2.154000000000000000e+03 1.303438505454494381e-07
2.155000000000000000e+03 1.300474953347098556e-07
2.156000000000000000e+03 1.302067503401372128e-07
2.157000000000000000e+03 1.308132928290692266e-07
2.158000000000000000e+03 1.300894230219036568e-07
2.159000000000000000e+03 1.301343545649320184e-07
2.160000000000000000e+03 1.299946978466095430e-07
2.161000000000000000e+03 1.302263111402091329e-07
2.162000000000000000e+03 1.304606644590274744e-07
2.163000000000000000e+03 1.308500116328745869e-07
2.164000000000000000e+03 1.302599322662221852e-07
2.165000000000000000e+03 1.302062970339190507e-07
2.166000000000000000e+03 1.301211819830128893e-07
2.167000000000000000e+03 1.302220372877476949e-07
2.168000000000000000e+03 1.303583778351793029e-07
2.169000000000000000e+03 1.300078709526536281e-07
2.170000000000000000e+03 1.301209102350139718e-07
2.171000000000000000e+03 1.305672886240418819e-07
2.172000000000000000e+03 1.306464817775814752e-07
2.173000000000000000e+03 1.302643641797150908e-07
2.174000000000000000e+03 1.299544713749707008e-07
2.175000000000000000e+03 1.307435568381005349e-07
2.176000000000000000e+03 1.300468345777731705e-07
2.177000000000000000e+03 1.301093776092966153e-07
2.178000000000000000e+03 1.302125525598624594e-07
2.179000000000000000e+03 1.304037421962347679e-07
2.180000000000000000e+03 1.305170446299819498e-07
2.181000000000000000e+03 1.304140317131662975e-07
2.182000000000000000e+03 1.301007090535972915e-07
2.183000000000000000e+03 1.303115478287005143e-07
2.184000000000000000e+03 1.298499337601122359e-07
2.185000000000000000e+03 1.307817503302462669e-07
2.186000000000000000e+03 1.303501148363520363e-07
2.187000000000000000e+03 1.303706275520338116e-07
2.188000000000000000e+03 1.301595051992552363e-07
2.189000000000000000e+03 1.300962227725928467e-07
2.190000000000000000e+03 1.300658350451872806e-07
2.191000000000000000e+03 1.299906212535727238e-07
2.192000000000000000e+03 1.300542807326271363e-07
2.193000000000000000e+03 1.305226054686542572e-07
2.194000000000000000e+03 1.301685918174317707e-07
2.195000000000000000e+03 1.301873634433555664e-07
2.196000000000000000e+03 1.303663411057560442e-07
2.197000000000000000e+03 1.300177111175426600e-07
2.198000000000000000e+03 1.301863151400619566e-07
2.199000000000000000e+03 1.301130988036341355e-07
2.200000000000000000e+03 1.302493964785991298e-07
2.201000000000000000e+03 1.300705134007208656e-07
2.202000000000000000e+03 1.308390779080644100e-07
2.203000000000000000e+03 1.307560098435535635e-07
2.204000000000000000e+03 1.303979646000684502e-07
2.205000000000000000e+03 1.299895333614216940e-07
2.206000000000000000e+03 1.298894064893539322e-07
2.207000000000000000e+03 1.300479023080794250e-07
2.208000000000000000e+03 1.311346956398160194e-07
2.209000000000000000e+03 1.307041135813301896e-07
2.210000000000000000e+03 1.299221096558748051e-07
2.211000000000000000e+03 1.299100685872752973e-07
2.212000000000000000e+03 1.298761475180495807e-07
2.213000000000000000e+03 1.301325241530563771e-07
2.214000000000000000e+03 1.300053502977367438e-07
2.215000000000000000e+03 1.304713424542230597e-07
2.216000000000000000e+03 1.299490471742122635e-07
2.217000000000000000e+03 1.299296313706569434e-07
2.218000000000000000e+03 1.301097278683294011e-07
2.219000000000000000e+03 1.300477627566920240e-07
2.220000000000000000e+03 1.299169642686124776e-07
2.221000000000000000e+03 1.310352848233408861e-07
2.222000000000000000e+03 1.301156428339367561e-07
2.223000000000000000e+03 1.299948434693861201e-07
2.224000000000000000e+03 1.301703249603798168e-07
2.225000000000000000e+03 1.302580750209659000e-07
2.226000000000000000e+03 1.300648432244436735e-07
2.227000000000000000e+03 1.303922531073858694e-07
2.228000000000000000e+03 1.301061729149608098e-07
2.229000000000000000e+03 1.303347850071621100e-07
2.230000000000000000e+03 1.300273586947432313e-07
2.231000000000000000e+03 1.297795812571962110e-07
2.232000000000000000e+03 1.304595651129488807e-07
2.233000000000000000e+03 1.301334985229500663e-07
2.234000000000000000e+03 1.297585557679486221e-07
2.235000000000000000e+03 1.303279997556916113e-07
2.236000000000000000e+03 1.299789352747005979e-07
2.237000000000000000e+03 1.300065104478071584e-07
2.238000000000000000e+03 1.302764960389398456e-07
2.239000000000000000e+03 1.299620866064052901e-07
2.240000000000000000e+03 1.300337838790242090e-07
2.241000000000000000e+03 1.301972640924467534e-07
2.242000000000000000e+03 1.300930333351249456e-07
2.243000000000000000e+03 1.306154602657748345e-07
2.244000000000000000e+03 1.302318515602799882e-07
2.245000000000000000e+03 1.298235420082663447e-07
2.246000000000000000e+03 1.303274397106792284e-07
2.247000000000000000e+03 1.302611554582085450e-07
2.248000000000000000e+03 1.305192795389240627e-07
2.249000000000000000e+03 1.304876769314403490e-07
2.250000000000000000e+03 1.298181714575374094e-07
2.251000000000000000e+03 1.306441315601375019e-07
2.252000000000000000e+03 1.304372077363990376e-07
2.253000000000000000e+03 1.299029171171426038e-07
2.254000000000000000e+03 1.300697809061866532e-07
2.255000000000000000e+03 1.302195458433525110e-07
2.256000000000000000e+03 1.302912898786522385e-07
2.257000000000000000e+03 1.302564423472185388e-07
2.258000000000000000e+03 1.308664831661239998e-07
2.259000000000000000e+03 1.302311415211143679e-07
2.260000000000000000e+03 1.296620008989948054e-07
2.261000000000000000e+03 1.306260758540444762e-07
2.262000000000000000e+03 1.307660758150466027e-07
2.263000000000000000e+03 1.299556404256407464e-07
2.264000000000000000e+03 1.304352628241926911e-07
2.265000000000000000e+03 1.303576381321858893e-07
2.266000000000000000e+03 1.299231054121280910e-07
2.267000000000000000e+03 1.300115435526222112e-07
2.268000000000000000e+03 1.300929026564834501e-07
2.269000000000000000e+03 1.301118791167163278e-07
2.270000000000000000e+03 1.300438947018957135e-07
2.271000000000000000e+03 1.300291824461904117e-07
2.272000000000000000e+03 1.301368268505099646e-07
2.273000000000000000e+03 1.301731401013645539e-07
2.274000000000000000e+03 1.299865281449685438e-07
2.275000000000000000e+03 1.299653087386779168e-07
2.276000000000000000e+03 1.299361109606529756e-07
2.277000000000000000e+03 1.300602896071119543e-07
2.278000000000000000e+03 1.300759656620187021e-07
2.279000000000000000e+03 1.299298220681436573e-07
2.280000000000000000e+03 1.299934887327789906e-07
2.281000000000000000e+03 1.300105961537921481e-07
2.282000000000000000e+03 1.301484956587113221e-07
2.283000000000000000e+03 1.299332056922837124e-07
2.284000000000000000e+03 1.301263033799837950e-07
2.285000000000000000e+03 1.300082349053431821e-07
2.286000000000000000e+03 1.299479836714322287e-07
2.287000000000000000e+03 1.299548233576527744e-07
2.288000000000000000e+03 1.301591123393149966e-07
2.289000000000000000e+03 1.300708529439067750e-07
2.290000000000000000e+03 1.298590298583667487e-07
2.291000000000000000e+03 1.300654731134886396e-07
2.292000000000000000e+03 1.299588315525027583e-07
2.293000000000000000e+03 1.300028716257389043e-07
2.294000000000000000e+03 1.298194703667103317e-07
2.295000000000000000e+03 1.300276872754219553e-07
2.296000000000000000e+03 1.301174211552774892e-07
2.297000000000000000e+03 1.301232369638551117e-07
2.298000000000000000e+03 1.302435332713786475e-07
2.299000000000000000e+03 1.299380606956925527e-07
2.300000000000000000e+03 1.300958996765288744e-07
2.301000000000000000e+03 1.298178244305134703e-07
2.302000000000000000e+03 1.298656373639110428e-07
