0.000000000000000000e+00 9.810282828526659116e-02
1.000000000000000000e+00 2.849676228386176582e-02
2.000000000000000000e+00 2.444467726334615364e-03
3.000000000000000000e+00 1.983579879054505040e-03
4.000000000000000000e+00 1.938581136433197190e-03
5.000000000000000000e+00 1.908465779662596451e-03
6.000000000000000000e+00 1.876741901865714834e-03
7.000000000000000000e+00 1.844682934522423904e-03
8.000000000000000000e+00 1.817656117273586851e-03
9.000000000000000000e+00 1.785010148455722610e-03
1.000000000000000000e+01 1.754096625365352512e-03
1.100000000000000000e+01 1.724580559998382164e-03
1.200000000000000000e+01 1.694427396969630214e-03
1.300000000000000000e+01 1.665382804067455386e-03
1.400000000000000000e+01 1.635272740659323700e-03
1.500000000000000000e+01 1.606427674681938471e-03
1.600000000000000000e+01 1.579576456610039996e-03
1.700000000000000000e+01 1.542206861457768577e-03
1.800000000000000000e+01 1.516889238298090893e-03
1.900000000000000000e+01 1.479358405884018948e-03
2.000000000000000000e+01 1.451370858249324694e-03
2.100000000000000000e+01 1.408735832201413185e-03
2.200000000000000000e+01 1.363724007340219330e-03
2.300000000000000000e+01 1.318644694387237706e-03
2.400000000000000000e+01 1.278378233202570038e-03
2.500000000000000000e+01 1.222600426919326832e-03
2.600000000000000000e+01 1.172465610296599854e-03
2.700000000000000000e+01 1.115615681403076247e-03
2.800000000000000000e+01 1.055318226206420967e-03
2.900000000000000000e+01 9.878722078148181873e-04
3.000000000000000000e+01 9.155817668375740726e-04
3.100000000000000000e+01 8.409427682074938331e-04
3.200000000000000000e+01 7.646648004303536941e-04
3.300000000000000000e+01 6.708742555962313690e-04
3.400000000000000000e+01 5.794813796836504769e-04
3.500000000000000000e+01 4.840889082076093555e-04
3.600000000000000000e+01 3.925150100972594190e-04
3.700000000000000000e+01 3.090772174129364992e-04
3.800000000000000000e+01 2.430579189641770535e-04
3.900000000000000000e+01 1.985142265469342921e-04
4.000000000000000000e+01 1.523244810685964580e-04
4.100000000000000000e+01 1.318302580576793275e-04
4.200000000000000000e+01 1.086625463922643979e-04
4.300000000000000000e+01 1.005565766437186055e-04
4.400000000000000000e+01 9.234485260971179088e-05
4.500000000000000000e+01 8.272289466216044827e-05
4.600000000000000000e+01 7.767992766401911428e-05
4.700000000000000000e+01 7.143699782420767164e-05
4.800000000000000000e+01 6.849475221046775390e-05
4.900000000000000000e+01 6.556864379123502316e-05
5.000000000000000000e+01 6.301305109883204904e-05
5.100000000000000000e+01 6.050878823789805264e-05
5.200000000000000000e+01 5.759299699132189077e-05
5.300000000000000000e+01 5.627658515298941872e-05
5.400000000000000000e+01 5.387201716535792279e-05
5.500000000000000000e+01 5.376993083321561425e-05
5.600000000000000000e+01 5.063092196637462519e-05
5.700000000000000000e+01 4.950823014284302313e-05
5.800000000000000000e+01 4.872458615109470550e-05
5.900000000000000000e+01 4.773206166428054387e-05
6.000000000000000000e+01 4.627457272506062551e-05
6.100000000000000000e+01 4.487699441730333893e-05
6.200000000000000000e+01 4.387148474441385324e-05
6.300000000000000000e+01 4.375053039347965130e-05
6.400000000000000000e+01 4.248254569284999458e-05
6.500000000000000000e+01 4.108767132468144079e-05
6.600000000000000000e+01 4.077333753058078015e-05
6.700000000000000000e+01 3.967566315256128854e-05
6.800000000000000000e+01 3.872363229307617522e-05
6.900000000000000000e+01 3.788257571242219387e-05
7.000000000000000000e+01 3.733760939257063757e-05
7.100000000000000000e+01 3.644629851514863834e-05
7.200000000000000000e+01 3.672347208422391311e-05
7.300000000000000000e+01 3.533328451468420071e-05
7.400000000000000000e+01 3.510055208350223185e-05
7.500000000000000000e+01 3.401796646122141909e-05
7.600000000000000000e+01 3.420449601565389049e-05
7.700000000000000000e+01 3.281945528227146980e-05
7.800000000000000000e+01 3.248851580894581949e-05
7.900000000000000000e+01 3.171910112267854851e-05
8.000000000000000000e+01 3.139276354048410117e-05
8.100000000000000000e+01 3.094582279501118340e-05
8.200000000000000000e+01 3.036763239273681213e-05
8.300000000000000000e+01 2.982253845721246252e-05
8.400000000000000000e+01 2.940312237573680529e-05
8.500000000000000000e+01 2.873220070062527332e-05
8.600000000000000000e+01 2.855949013070316301e-05
8.700000000000000000e+01 2.836480730522985300e-05
8.800000000000000000e+01 2.739794532006149962e-05
8.900000000000000000e+01 2.780586120955327200e-05
9.000000000000000000e+01 2.667389921684893138e-05
9.100000000000000000e+01 2.627200388614980974e-05
9.200000000000000000e+01 2.579509510140093253e-05
9.300000000000000000e+01 2.593334749799929240e-05
9.400000000000000000e+01 2.528670853129904266e-05
9.500000000000000000e+01 2.483936085668382921e-05
9.600000000000000000e+01 2.451791609273677367e-05
9.700000000000000000e+01 2.403310376995724881e-05
9.800000000000000000e+01 2.417137810858458925e-05
9.900000000000000000e+01 2.355412525732872837e-05
1.000000000000000000e+02 2.338926461124206962e-05
1.010000000000000000e+02 2.314054530543195896e-05
1.020000000000000000e+02 2.259167871487793749e-05
1.030000000000000000e+02 2.233474549796813323e-05
1.040000000000000000e+02 2.205074396449708412e-05
1.050000000000000000e+02 2.210652219871937690e-05
1.060000000000000000e+02 2.160531320960431016e-05
1.070000000000000000e+02 2.135944483792633124e-05
1.080000000000000000e+02 2.086998882076894474e-05
1.090000000000000000e+02 2.100881635949191785e-05
1.100000000000000000e+02 2.055848664165075244e-05
1.110000000000000000e+02 2.045813323225005779e-05
1.120000000000000000e+02 1.994803297391639936e-05
1.130000000000000000e+02 1.982393150225375601e-05
1.140000000000000000e+02 1.954047336209726742e-05
1.150000000000000000e+02 1.936703169018856203e-05
1.160000000000000000e+02 1.954115098837406740e-05
1.170000000000000000e+02 1.926344827025200168e-05
1.180000000000000000e+02 1.860378279585597595e-05
1.190000000000000000e+02 1.853481555101413122e-05
1.200000000000000000e+02 1.819045058183329570e-05
1.210000000000000000e+02 1.821614539160166103e-05
1.220000000000000000e+02 1.798082824050888196e-05
1.230000000000000000e+02 1.779012696074300936e-05
1.240000000000000000e+02 1.797002547053531398e-05
1.250000000000000000e+02 1.724685724759873330e-05
1.260000000000000000e+02 1.700629385620770081e-05
1.270000000000000000e+02 1.730226017102769794e-05
1.280000000000000000e+02 1.694528963420829438e-05
1.290000000000000000e+02 1.663647551718628700e-05
1.300000000000000000e+02 1.650698578378139751e-05
1.310000000000000000e+02 1.654520579875976279e-05
1.320000000000000000e+02 1.612963558714485633e-05
1.330000000000000000e+02 1.607105018714585738e-05
1.340000000000000000e+02 1.587852564289876818e-05
1.350000000000000000e+02 1.579257878203748174e-05
1.360000000000000000e+02 1.565662966065302489e-05
1.370000000000000000e+02 1.546373825632008415e-05
1.380000000000000000e+02 1.518588662467774359e-05
1.390000000000000000e+02 1.528518706782159442e-05
1.400000000000000000e+02 1.509044403938347697e-05
1.410000000000000000e+02 1.485708268751573804e-05
1.420000000000000000e+02 1.470202350103265866e-05
1.430000000000000000e+02 1.484117519759214381e-05
1.440000000000000000e+02 1.456313614954665315e-05
1.450000000000000000e+02 1.446900590885665579e-05
1.460000000000000000e+02 1.432858762719428186e-05
1.470000000000000000e+02 1.406508571224394472e-05
1.480000000000000000e+02 1.409095306155374625e-05
1.490000000000000000e+02 1.393483390617876370e-05
1.500000000000000000e+02 1.374119767146180105e-05
1.510000000000000000e+02 1.364235298910575171e-05
1.520000000000000000e+02 1.373117834479362088e-05
1.530000000000000000e+02 1.346829115735649867e-05
1.540000000000000000e+02 1.344799933269832058e-05
1.550000000000000000e+02 1.340507202065158806e-05
1.560000000000000000e+02 1.318050517760721409e-05
1.570000000000000000e+02 1.297239671303845776e-05
1.580000000000000000e+02 1.290725546353000459e-05
1.590000000000000000e+02 1.278498048216904376e-05
1.600000000000000000e+02 1.263706072467012920e-05
1.610000000000000000e+02 1.257200789861243419e-05
1.620000000000000000e+02 1.249987412573291433e-05
1.630000000000000000e+02 1.245656272926597861e-05
1.640000000000000000e+02 1.239249082399388114e-05
1.650000000000000000e+02 1.212163126851319740e-05
1.660000000000000000e+02 1.216407866062241275e-05
1.670000000000000000e+02 1.206591760899583915e-05
1.680000000000000000e+02 1.190639480947103435e-05
1.690000000000000000e+02 1.185420393959994236e-05
1.700000000000000000e+02 1.177813872191603744e-05
1.710000000000000000e+02 1.161362525660240411e-05
1.720000000000000000e+02 1.160098713391528961e-05
1.730000000000000000e+02 1.142128545228788827e-05
1.740000000000000000e+02 1.155943461235696637e-05
1.750000000000000000e+02 1.135382030952325324e-05
1.760000000000000000e+02 1.126129675409007428e-05
1.770000000000000000e+02 1.110628960697780177e-05
1.780000000000000000e+02 1.104992654164636693e-05
1.790000000000000000e+02 1.101783481012199186e-05
1.800000000000000000e+02 1.092130735279487809e-05
1.810000000000000000e+02 1.082566805276029096e-05
1.820000000000000000e+02 1.075238829653204984e-05
1.830000000000000000e+02 1.068367842247211812e-05
1.840000000000000000e+02 1.062537791061377666e-05
1.850000000000000000e+02 1.056822643970307268e-05
1.860000000000000000e+02 1.045422743642063381e-05
1.870000000000000000e+02 1.032449853840054027e-05
1.880000000000000000e+02 1.037795032886947065e-05
1.890000000000000000e+02 1.023819824396137494e-05
1.900000000000000000e+02 1.018751519555273096e-05
1.910000000000000000e+02 1.023148984928621934e-05
1.920000000000000000e+02 1.016139907189225301e-05
1.930000000000000000e+02 9.998249931990425685e-06
1.940000000000000000e+02 9.948676112403841476e-06
1.950000000000000000e+02 9.897156832937236854e-06
1.960000000000000000e+02 9.860402247372655391e-06
1.970000000000000000e+02 9.787884208833602624e-06
1.980000000000000000e+02 9.732019381564462816e-06
1.990000000000000000e+02 9.627337253716792799e-06
2.000000000000000000e+02 9.663235149465609349e-06
2.010000000000000000e+02 9.462804033845620066e-06
2.020000000000000000e+02 9.405905717180971452e-06
2.030000000000000000e+02 9.429225261745633274e-06
2.040000000000000000e+02 9.341453501822201370e-06
2.050000000000000000e+02 9.290799108989418120e-06
2.060000000000000000e+02 9.179815288999612540e-06
2.070000000000000000e+02 9.200818105208597949e-06
2.080000000000000000e+02 9.281242250242789204e-06
2.090000000000000000e+02 9.155870564798719276e-06
2.100000000000000000e+02 9.001417947550323132e-06
2.110000000000000000e+02 9.006144319868147349e-06
2.120000000000000000e+02 8.889962619275427628e-06
2.130000000000000000e+02 8.889630611658368807e-06
2.140000000000000000e+02 8.794434158195926825e-06
2.150000000000000000e+02 8.751676211896415597e-06
2.160000000000000000e+02 8.706749023639520526e-06
2.170000000000000000e+02 8.660240258076544494e-06
2.180000000000000000e+02 8.639871566563298559e-06
2.190000000000000000e+02 8.550737534779128993e-06
2.200000000000000000e+02 8.527364328376151308e-06
2.210000000000000000e+02 8.542492194416502415e-06
2.220000000000000000e+02 8.512291281190686426e-06
2.230000000000000000e+02 8.393839833528939011e-06
2.240000000000000000e+02 8.340801146590033375e-06
2.250000000000000000e+02 8.323089417544942063e-06
2.260000000000000000e+02 8.271983608479349919e-06
2.270000000000000000e+02 8.244386246015131055e-06
2.280000000000000000e+02 8.152479255962119425e-06
2.290000000000000000e+02 8.109532248269304080e-06
2.300000000000000000e+02 8.106112639801743778e-06
2.310000000000000000e+02 8.054928557551649574e-06
2.320000000000000000e+02 8.065705943996074939e-06
2.330000000000000000e+02 7.967329349797858015e-06
2.340000000000000000e+02 7.942432272321727399e-06
2.350000000000000000e+02 7.878759888011838166e-06
2.360000000000000000e+02 7.922797187835766395e-06
2.370000000000000000e+02 7.824558138055507753e-06
2.380000000000000000e+02 7.844066059225477430e-06
2.390000000000000000e+02 7.810714728698464729e-06
2.400000000000000000e+02 7.701952773860597131e-06
2.410000000000000000e+02 7.649600957264563513e-06
2.420000000000000000e+02 7.651059076136206808e-06
2.430000000000000000e+02 7.640057602287761722e-06
2.440000000000000000e+02 7.562565533840125007e-06
2.450000000000000000e+02 7.542533100918769436e-06
2.460000000000000000e+02 7.483549702784293737e-06
2.470000000000000000e+02 7.471566447850912050e-06
2.480000000000000000e+02 7.460445710363378590e-06
2.490000000000000000e+02 7.430045183711484925e-06
2.500000000000000000e+02 7.433425754953315136e-06
2.510000000000000000e+02 7.359326387143808512e-06
2.520000000000000000e+02 7.345987431173655614e-06
2.530000000000000000e+02 7.280073827534407492e-06
2.540000000000000000e+02 7.260762420747978855e-06
2.550000000000000000e+02 7.206836365193735773e-06
2.560000000000000000e+02 7.207707188438912849e-06
2.570000000000000000e+02 7.217538541193886560e-06
2.580000000000000000e+02 7.151194192666849908e-06
2.590000000000000000e+02 7.150699121349631995e-06
2.600000000000000000e+02 7.088227943344808895e-06
2.610000000000000000e+02 7.056860079251634712e-06
2.620000000000000000e+02 7.005122492854314807e-06
2.630000000000000000e+02 6.998900489731778443e-06
2.640000000000000000e+02 6.983124572824094328e-06
2.650000000000000000e+02 6.974192858195066819e-06
2.660000000000000000e+02 6.897595979322647299e-06
2.670000000000000000e+02 6.885847738535584387e-06
2.680000000000000000e+02 6.858179935610581577e-06
2.690000000000000000e+02 6.825248275681608462e-06
2.700000000000000000e+02 6.818360096664055938e-06
2.710000000000000000e+02 6.796560960468372071e-06
2.720000000000000000e+02 6.756357757939699398e-06
2.730000000000000000e+02 6.723929997238259760e-06
2.740000000000000000e+02 6.735254216868299043e-06
2.750000000000000000e+02 6.680443780952005334e-06
2.760000000000000000e+02 6.716142881078354750e-06
2.770000000000000000e+02 6.651256019974474958e-06
2.780000000000000000e+02 6.632559931433190704e-06
2.790000000000000000e+02 6.663718344986020769e-06
2.800000000000000000e+02 6.565172714886988513e-06
2.810000000000000000e+02 6.562678247779481481e-06
2.820000000000000000e+02 6.517203841163418810e-06
2.830000000000000000e+02 6.513748688847248520e-06
2.840000000000000000e+02 6.474403031869176813e-06
2.850000000000000000e+02 6.478026681656311803e-06
2.860000000000000000e+02 6.441812383500714651e-06
2.870000000000000000e+02 6.412835827941396950e-06
2.880000000000000000e+02 6.413040796720313874e-06
2.890000000000000000e+02 6.374307620647018197e-06
2.900000000000000000e+02 6.360519020203983626e-06
2.910000000000000000e+02 6.334802726820244513e-06
2.920000000000000000e+02 6.306471802999423157e-06
2.930000000000000000e+02 6.305341368780281390e-06
2.940000000000000000e+02 6.272070796795052225e-06
2.950000000000000000e+02 6.269265953561680999e-06
2.960000000000000000e+02 6.253047254372199609e-06
2.970000000000000000e+02 6.215146660426785456e-06
2.980000000000000000e+02 6.193854025592718598e-06
2.990000000000000000e+02 6.180987420556176536e-06
3.000000000000000000e+02 6.191874721151483428e-06
3.010000000000000000e+02 6.192106527907085081e-06
3.020000000000000000e+02 6.138451639850146834e-06
3.030000000000000000e+02 6.127317970607876946e-06
3.040000000000000000e+02 6.091345981376146427e-06
3.050000000000000000e+02 6.065234322166964339e-06
3.060000000000000000e+02 6.055484806362223503e-06
3.070000000000000000e+02 6.092493900442218970e-06
3.080000000000000000e+02 6.057396346917919332e-06
3.090000000000000000e+02 6.006255185192356896e-06
3.100000000000000000e+02 6.012382206563350877e-06
3.110000000000000000e+02 5.977945850231600895e-06
3.120000000000000000e+02 5.971580642766560165e-06
3.130000000000000000e+02 5.974810946142659467e-06
3.140000000000000000e+02 5.926679721664902192e-06
3.150000000000000000e+02 5.925804328968090585e-06
3.160000000000000000e+02 5.901563714659688575e-06
3.170000000000000000e+02 5.902538628303433214e-06
3.180000000000000000e+02 5.871077643171318237e-06
3.190000000000000000e+02 5.861718268184178757e-06
3.200000000000000000e+02 5.840322733268251943e-06
3.210000000000000000e+02 5.832905746948671790e-06
3.220000000000000000e+02 5.839974050886849937e-06
3.230000000000000000e+02 5.799766257062091572e-06
3.240000000000000000e+02 5.796715084095309838e-06
3.250000000000000000e+02 5.774135116668553178e-06
3.260000000000000000e+02 5.761221639596114933e-06
3.270000000000000000e+02 5.766822434111668013e-06
3.280000000000000000e+02 5.747887204345006912e-06
3.290000000000000000e+02 5.707372441488196823e-06
3.300000000000000000e+02 5.696712643469179425e-06
3.310000000000000000e+02 5.685890894875089493e-06
3.320000000000000000e+02 5.699776114689118485e-06
3.330000000000000000e+02 5.674027727692979366e-06
3.340000000000000000e+02 5.653061218586799712e-06
3.350000000000000000e+02 5.645531260844971151e-06
3.360000000000000000e+02 5.639505082348094516e-06
3.370000000000000000e+02 5.622973353253785892e-06
3.380000000000000000e+02 5.627486468855612068e-06
3.390000000000000000e+02 5.613476129322626204e-06
3.400000000000000000e+02 5.587808471643716259e-06
3.410000000000000000e+02 5.587240688982207391e-06
3.420000000000000000e+02 5.555374014651116944e-06
3.430000000000000000e+02 5.554541917905760540e-06
3.440000000000000000e+02 5.540523329995977725e-06
3.450000000000000000e+02 5.533469919443665145e-06
3.460000000000000000e+02 5.513927997882205642e-06
3.470000000000000000e+02 5.506613673585406363e-06
3.480000000000000000e+02 5.490578025521835622e-06
3.490000000000000000e+02 5.486690828513880169e-06
3.500000000000000000e+02 5.504494921274981711e-06
3.510000000000000000e+02 5.467396703289936790e-06
3.520000000000000000e+02 5.450090385189065253e-06
3.530000000000000000e+02 5.435690310908358242e-06
3.540000000000000000e+02 5.427804864071704522e-06
3.550000000000000000e+02 5.425618190877468012e-06
3.560000000000000000e+02 5.411876181866703284e-06
3.570000000000000000e+02 5.394350253405551154e-06
3.580000000000000000e+02 5.393498471964484409e-06
3.590000000000000000e+02 5.380461048539981527e-06
3.600000000000000000e+02 5.403662223010759335e-06
3.610000000000000000e+02 5.366286377366014588e-06
3.620000000000000000e+02 5.368256396335777973e-06
3.630000000000000000e+02 5.338169079902127513e-06
3.640000000000000000e+02 5.347940378753477110e-06
3.650000000000000000e+02 5.321572154774552765e-06
3.660000000000000000e+02 5.330800762271414629e-06
3.670000000000000000e+02 5.327773352140544734e-06
3.680000000000000000e+02 5.325217972835440280e-06
3.690000000000000000e+02 5.314239834566565256e-06
3.700000000000000000e+02 5.296650873095759221e-06
3.710000000000000000e+02 5.270363241122959892e-06
3.720000000000000000e+02 5.278630717795503797e-06
3.730000000000000000e+02 5.273856286130709523e-06
3.740000000000000000e+02 5.249642482287296893e-06
3.750000000000000000e+02 5.243738510913166333e-06
3.760000000000000000e+02 5.244630952126101380e-06
3.770000000000000000e+02 5.233272473931230490e-06
3.780000000000000000e+02 5.213910596338504930e-06
3.790000000000000000e+02 5.214104644040522997e-06
3.800000000000000000e+02 5.200584122459380295e-06
3.810000000000000000e+02 5.198525738435633546e-06
3.820000000000000000e+02 5.188574250194193471e-06
3.830000000000000000e+02 5.178662876773272129e-06
3.840000000000000000e+02 5.208081301177963304e-06
3.850000000000000000e+02 5.181845794837783326e-06
3.860000000000000000e+02 5.157861262697558389e-06
3.870000000000000000e+02 5.162600085962861860e-06
3.880000000000000000e+02 5.160269257511426776e-06
3.890000000000000000e+02 5.156064109466937709e-06
3.900000000000000000e+02 5.148076881145628879e-06
3.910000000000000000e+02 5.126936033934899637e-06
3.920000000000000000e+02 5.141358178314243437e-06
3.930000000000000000e+02 5.111972481255026322e-06
3.940000000000000000e+02 5.105474130254409353e-06
3.950000000000000000e+02 5.106897245281416779e-06
3.960000000000000000e+02 5.112625883346312759e-06
3.970000000000000000e+02 5.099243015728174846e-06
3.980000000000000000e+02 5.089662731321724464e-06
3.990000000000000000e+02 5.081660082386526356e-06
4.000000000000000000e+02 5.077785892079086589e-06
4.010000000000000000e+02 5.068772517762819036e-06
4.020000000000000000e+02 5.062818061708472990e-06
4.030000000000000000e+02 5.056673146581415280e-06
4.040000000000000000e+02 5.048033967934225530e-06
4.050000000000000000e+02 5.046278307656556043e-06
4.060000000000000000e+02 5.040725043756928307e-06
4.070000000000000000e+02 5.028955627787369343e-06
4.080000000000000000e+02 5.028117446948583041e-06
4.090000000000000000e+02 5.014502778180218682e-06
4.100000000000000000e+02 5.020578529968257112e-06
4.110000000000000000e+02 5.032637922050462859e-06
4.120000000000000000e+02 5.005564869890786775e-06
4.130000000000000000e+02 5.001639821382786925e-06
4.140000000000000000e+02 5.004413810189027062e-06
4.150000000000000000e+02 4.989961960069455589e-06
4.160000000000000000e+02 4.980030107154903496e-06
4.170000000000000000e+02 4.976250446571927794e-06
4.180000000000000000e+02 4.974622050513035075e-06
4.190000000000000000e+02 4.981701083681874967e-06
4.200000000000000000e+02 4.963404647377073033e-06
4.210000000000000000e+02 4.967422461835220359e-06
4.220000000000000000e+02 4.950247349236551075e-06
4.230000000000000000e+02 4.955217905966154209e-06
4.240000000000000000e+02 4.944209590753063412e-06
4.250000000000000000e+02 4.940421031941198353e-06
4.260000000000000000e+02 4.935441943720339267e-06
4.270000000000000000e+02 4.937742908411249289e-06
4.280000000000000000e+02 4.924623446127381858e-06
4.290000000000000000e+02 4.921117580187519561e-06
4.300000000000000000e+02 4.911321665542594926e-06
4.310000000000000000e+02 4.910159541399441784e-06
4.320000000000000000e+02 4.911165987347031997e-06
4.330000000000000000e+02 4.906335795249530267e-06
4.340000000000000000e+02 4.895954381715355548e-06
4.350000000000000000e+02 4.899175500438114340e-06
4.360000000000000000e+02 4.895129195705927494e-06
4.370000000000000000e+02 4.884723359947215488e-06
4.380000000000000000e+02 4.882505024047915660e-06
4.390000000000000000e+02 4.876286581198877126e-06
4.400000000000000000e+02 4.872274965157784930e-06
4.410000000000000000e+02 4.872217790281202305e-06
4.420000000000000000e+02 4.868593135818007291e-06
4.430000000000000000e+02 4.865747013552331578e-06
4.440000000000000000e+02 4.860037177769800190e-06
4.450000000000000000e+02 4.854806160978055379e-06
4.460000000000000000e+02 4.854438683368149620e-06
4.470000000000000000e+02 4.843295740842779224e-06
4.480000000000000000e+02 4.841366569464904299e-06
4.490000000000000000e+02 4.840984140429127608e-06
4.500000000000000000e+02 4.839249517246927177e-06
4.510000000000000000e+02 4.842985854836068721e-06
4.520000000000000000e+02 4.830638024430378117e-06
4.530000000000000000e+02 4.828746886833798127e-06
4.540000000000000000e+02 4.823445107952871932e-06
4.550000000000000000e+02 4.816004404158753052e-06
4.560000000000000000e+02 4.818944254464658932e-06
4.570000000000000000e+02 4.811510712226544373e-06
4.580000000000000000e+02 4.812815103484512319e-06
4.590000000000000000e+02 4.808049822038108919e-06
4.600000000000000000e+02 4.796620495088271284e-06
4.610000000000000000e+02 4.795446495048654063e-06
4.620000000000000000e+02 4.795502614315408421e-06
4.630000000000000000e+02 4.786377858055221010e-06
4.640000000000000000e+02 4.791313205905618530e-06
4.650000000000000000e+02 4.783088449324571083e-06
4.660000000000000000e+02 4.779571595229584394e-06
4.670000000000000000e+02 4.773993360505557545e-06
4.680000000000000000e+02 4.774297766834434092e-06
4.690000000000000000e+02 4.770562325420139492e-06
4.700000000000000000e+02 4.765768334915353649e-06
4.710000000000000000e+02 4.765048784041931571e-06
4.720000000000000000e+02 4.766304180350656314e-06
4.730000000000000000e+02 4.766307038111928539e-06
4.740000000000000000e+02 4.760588437333427832e-06
4.750000000000000000e+02 4.756101013310428523e-06
4.760000000000000000e+02 4.749966501235895052e-06
4.770000000000000000e+02 4.746874220754456802e-06
4.780000000000000000e+02 4.745117891700434726e-06
4.790000000000000000e+02 4.741752742481301862e-06
4.800000000000000000e+02 4.738509873226357015e-06
4.810000000000000000e+02 4.736447327458326487e-06
4.820000000000000000e+02 4.732197306691960224e-06
4.830000000000000000e+02 4.731414085507455198e-06
4.840000000000000000e+02 4.726478508369585829e-06
4.850000000000000000e+02 4.747024140746072909e-06
4.860000000000000000e+02 4.724012413300224084e-06
4.870000000000000000e+02 4.722695262446829020e-06
4.880000000000000000e+02 4.718093651019946494e-06
4.890000000000000000e+02 4.716559185674557072e-06
4.900000000000000000e+02 4.717922865954827637e-06
4.910000000000000000e+02 4.709803529721413498e-06
4.920000000000000000e+02 4.709848296316028903e-06
4.930000000000000000e+02 4.704688474244741217e-06
4.940000000000000000e+02 4.705816036262613302e-06
4.950000000000000000e+02 4.710135670164065225e-06
4.960000000000000000e+02 4.696596403077472846e-06
4.970000000000000000e+02 4.696183926024809128e-06
4.980000000000000000e+02 4.694065137647140517e-06
4.990000000000000000e+02 4.690789109397517891e-06
5.000000000000000000e+02 4.690926991493038001e-06
5.010000000000000000e+02 4.688279123026442085e-06
5.020000000000000000e+02 4.684568167692181184e-06
5.030000000000000000e+02 4.685155598475208909e-06
5.040000000000000000e+02 4.679991520887492987e-06
5.050000000000000000e+02 4.678234690017115786e-06
5.060000000000000000e+02 4.682839119765684330e-06
5.070000000000000000e+02 4.687292780265301372e-06
5.080000000000000000e+02 4.672701454642257378e-06
5.090000000000000000e+02 4.673300917247351034e-06
5.100000000000000000e+02 4.670820851804634463e-06
5.110000000000000000e+02 4.664643466737305869e-06
5.120000000000000000e+02 4.665370407109037870e-06
5.130000000000000000e+02 4.666793095000705564e-06
5.140000000000000000e+02 4.671609224857989198e-06
5.150000000000000000e+02 4.660161010577848939e-06
5.160000000000000000e+02 4.655209012482791835e-06
5.170000000000000000e+02 4.654945922071743300e-06
5.180000000000000000e+02 4.652281870699573828e-06
5.190000000000000000e+02 4.656879817292390048e-06
5.200000000000000000e+02 4.656101269118397028e-06
5.210000000000000000e+02 4.652530031882583891e-06
5.220000000000000000e+02 4.646146291644819682e-06
5.230000000000000000e+02 4.643333398515715480e-06
5.240000000000000000e+02 4.643811490357886113e-06
5.250000000000000000e+02 4.639396738383914955e-06
5.260000000000000000e+02 4.636705687736827176e-06
5.270000000000000000e+02 4.639635179330854710e-06
5.280000000000000000e+02 4.634756790449130149e-06
5.290000000000000000e+02 4.635163260615722042e-06
5.300000000000000000e+02 4.630083707358149478e-06
5.310000000000000000e+02 4.631324159849539418e-06
5.320000000000000000e+02 4.628388847079430840e-06
5.330000000000000000e+02 4.626393118529771779e-06
5.340000000000000000e+02 4.626090457387489685e-06
5.350000000000000000e+02 4.627882769507702918e-06
5.360000000000000000e+02 4.624587841616961002e-06
5.370000000000000000e+02 4.622361173866817592e-06
5.380000000000000000e+02 4.621761963699676037e-06
5.390000000000000000e+02 4.618212575757409744e-06
5.400000000000000000e+02 4.615750706147805174e-06
5.410000000000000000e+02 4.614555867972571633e-06
5.420000000000000000e+02 4.613483706920446073e-06
5.430000000000000000e+02 4.615067903220810698e-06
5.440000000000000000e+02 4.615610783317788290e-06
5.450000000000000000e+02 4.612132401289257908e-06
5.460000000000000000e+02 4.607769695660334212e-06
5.470000000000000000e+02 4.608171329268390708e-06
5.480000000000000000e+02 4.605722607702823217e-06
5.490000000000000000e+02 4.605760275776212538e-06
5.500000000000000000e+02 4.603722231851487844e-06
5.510000000000000000e+02 4.603935516247143632e-06
5.520000000000000000e+02 4.603018809076309788e-06
5.530000000000000000e+02 4.600503891517397444e-06
5.540000000000000000e+02 4.601928249472627678e-06
5.550000000000000000e+02 4.597740840118991994e-06
5.560000000000000000e+02 4.593968967139187161e-06
5.570000000000000000e+02 4.595066945426803922e-06
5.580000000000000000e+02 4.592711416588786998e-06
5.590000000000000000e+02 4.595133471948868574e-06
5.600000000000000000e+02 4.589584693429282568e-06
5.610000000000000000e+02 4.589171759108907030e-06
5.620000000000000000e+02 4.589918960910081892e-06
5.630000000000000000e+02 4.587944539795495692e-06
5.640000000000000000e+02 4.585676966864548395e-06
5.650000000000000000e+02 4.583408780170987266e-06
5.660000000000000000e+02 4.584151166084090227e-06
5.670000000000000000e+02 4.580970103458778800e-06
5.680000000000000000e+02 4.579410237980316455e-06
5.690000000000000000e+02 4.580761500533197857e-06
5.700000000000000000e+02 4.579019420417815357e-06
5.710000000000000000e+02 4.577734561566276814e-06
5.720000000000000000e+02 4.578653800219445916e-06
5.730000000000000000e+02 4.574485336685031283e-06
5.740000000000000000e+02 4.574831965184685825e-06
5.750000000000000000e+02 4.573924822756338581e-06
5.760000000000000000e+02 4.573739944977866491e-06
5.770000000000000000e+02 4.571080499130418341e-06
5.780000000000000000e+02 4.571202944585781777e-06
5.790000000000000000e+02 4.567443245814041597e-06
5.800000000000000000e+02 4.567283780524833803e-06
5.810000000000000000e+02 4.565764959738721175e-06
5.820000000000000000e+02 4.566138428702113503e-06
5.830000000000000000e+02 4.564369539246321009e-06
5.840000000000000000e+02 4.563710369792776096e-06
5.850000000000000000e+02 4.564435431603320569e-06
5.860000000000000000e+02 4.561351719570227610e-06
5.870000000000000000e+02 4.560904387488214289e-06
5.880000000000000000e+02 4.560242068971820072e-06
5.890000000000000000e+02 4.560138949386681038e-06
5.900000000000000000e+02 4.558362465598416870e-06
5.910000000000000000e+02 4.556596346199483676e-06
5.920000000000000000e+02 4.558132220900622200e-06
5.930000000000000000e+02 4.555233235556695030e-06
5.940000000000000000e+02 4.554535649007852219e-06
5.950000000000000000e+02 4.553628382724615246e-06
5.960000000000000000e+02 4.551427925388903878e-06
5.970000000000000000e+02 4.552001782466127845e-06
5.980000000000000000e+02 4.550336516479050689e-06
5.990000000000000000e+02 4.549848792405140947e-06
6.000000000000000000e+02 4.557074095917041604e-06
6.010000000000000000e+02 4.548562469360963167e-06
6.020000000000000000e+02 4.550622815941598632e-06
6.030000000000000000e+02 4.547269585234767633e-06
6.040000000000000000e+02 4.546586075072847593e-06
6.050000000000000000e+02 4.544529549475461407e-06
6.060000000000000000e+02 4.543726454813679163e-06
6.070000000000000000e+02 4.544223061288486878e-06
6.080000000000000000e+02 4.542729580905807590e-06
6.090000000000000000e+02 4.542991882146576877e-06
6.100000000000000000e+02 4.541366207138911887e-06
6.110000000000000000e+02 4.540055544647642708e-06
6.120000000000000000e+02 4.539841526553856424e-06
6.130000000000000000e+02 4.539925419210366907e-06
6.140000000000000000e+02 4.538205675336028517e-06
6.150000000000000000e+02 4.541046050078361758e-06
6.160000000000000000e+02 4.537763564169263819e-06
6.170000000000000000e+02 4.538093407158918758e-06
6.180000000000000000e+02 4.535793189685870120e-06
6.190000000000000000e+02 4.535172331703877507e-06
6.200000000000000000e+02 4.534566775535869498e-06
6.210000000000000000e+02 4.535438569479738560e-06
6.220000000000000000e+02 4.533203678987264402e-06
6.230000000000000000e+02 4.531396778963020871e-06
6.240000000000000000e+02 4.532345094783941799e-06
6.250000000000000000e+02 4.535064598712511948e-06
6.260000000000000000e+02 4.531079894715805341e-06
6.270000000000000000e+02 4.529687858507505524e-06
6.280000000000000000e+02 4.531158603710875569e-06
6.290000000000000000e+02 4.529596326583447539e-06
6.300000000000000000e+02 4.529501095953090633e-06
6.310000000000000000e+02 4.528751676961304669e-06
6.320000000000000000e+02 4.526779721789278887e-06
6.330000000000000000e+02 4.526831172603081113e-06
6.340000000000000000e+02 4.527203007285311232e-06
6.350000000000000000e+02 4.525742078243589834e-06
6.360000000000000000e+02 4.527036243596263226e-06
6.370000000000000000e+02 4.527503916689862252e-06
6.380000000000000000e+02 4.524020459629680910e-06
6.390000000000000000e+02 4.523029615818348285e-06
6.400000000000000000e+02 4.522726600795796614e-06
6.410000000000000000e+02 4.521697415089988665e-06
6.420000000000000000e+02 4.520979111273109395e-06
6.430000000000000000e+02 4.521441789368189444e-06
6.440000000000000000e+02 4.521302523276702120e-06
6.450000000000000000e+02 4.519277527176327254e-06
6.460000000000000000e+02 4.520327309640930784e-06
6.470000000000000000e+02 4.519605896458853945e-06
6.480000000000000000e+02 4.518696476418669710e-06
6.490000000000000000e+02 4.518378746584288828e-06
6.500000000000000000e+02 4.517818065450989101e-06
6.510000000000000000e+02 4.516760551668892013e-06
6.520000000000000000e+02 4.516353510020101567e-06
6.530000000000000000e+02 4.515706298854017156e-06
6.540000000000000000e+02 4.516657596506488659e-06
6.550000000000000000e+02 4.516637312046241984e-06
6.560000000000000000e+02 4.514754039995014889e-06
6.570000000000000000e+02 4.514107415020665076e-06
6.580000000000000000e+02 4.514534807101867028e-06
6.590000000000000000e+02 4.512866892740118112e-06
6.600000000000000000e+02 4.512570356014420142e-06
6.610000000000000000e+02 4.512297069927688524e-06
6.620000000000000000e+02 4.511351763110030589e-06
6.630000000000000000e+02 4.513097511176004986e-06
6.640000000000000000e+02 4.510811711584755015e-06
6.650000000000000000e+02 4.512031565050253833e-06
6.660000000000000000e+02 4.509714682280067947e-06
6.670000000000000000e+02 4.509699172601180109e-06
6.680000000000000000e+02 4.509237993383970228e-06
6.690000000000000000e+02 4.508938927842476340e-06
6.700000000000000000e+02 4.509488913009188293e-06
6.710000000000000000e+02 4.507990806070619441e-06
6.720000000000000000e+02 4.508213556177833650e-06
6.730000000000000000e+02 4.507201725265693937e-06
6.740000000000000000e+02 4.507571397544938807e-06
6.750000000000000000e+02 4.507019861502253427e-06
6.760000000000000000e+02 4.506294275873822101e-06
6.770000000000000000e+02 4.505535499448990587e-06
6.780000000000000000e+02 4.505939187621152431e-06
6.790000000000000000e+02 4.505585381776331022e-06
6.800000000000000000e+02 4.504317193812325155e-06
6.810000000000000000e+02 4.504347090144990596e-06
6.820000000000000000e+02 4.503429149296213897e-06
6.830000000000000000e+02 4.503705363398767700e-06
6.840000000000000000e+02 4.503155900250938640e-06
6.850000000000000000e+02 4.503110565217829159e-06
6.860000000000000000e+02 4.502307761103434328e-06
6.870000000000000000e+02 4.503075399417877291e-06
6.880000000000000000e+02 4.502100940973916870e-06
6.890000000000000000e+02 4.501770081641391168e-06
6.900000000000000000e+02 4.501030444883776053e-06
6.910000000000000000e+02 4.501302210750177029e-06
6.920000000000000000e+02 4.502346439196939050e-06
6.930000000000000000e+02 4.500136189521495528e-06
6.940000000000000000e+02 4.500441755573621820e-06
6.950000000000000000e+02 4.499942152384871777e-06
6.960000000000000000e+02 4.499129375768553846e-06
6.970000000000000000e+02 4.499706967816058494e-06
6.980000000000000000e+02 4.499157296790640187e-06
6.990000000000000000e+02 4.498270328017863638e-06
7.000000000000000000e+02 4.498462361746811530e-06
7.010000000000000000e+02 4.497496728553207933e-06
7.020000000000000000e+02 4.497256593611294891e-06
7.030000000000000000e+02 4.497417820973482447e-06
7.040000000000000000e+02 4.496242625501823160e-06
7.050000000000000000e+02 4.497359649105042226e-06
7.060000000000000000e+02 4.496433079639653959e-06
7.070000000000000000e+02 4.496893227547723038e-06
7.080000000000000000e+02 4.495536594001021482e-06
7.090000000000000000e+02 4.495647728849840136e-06
7.100000000000000000e+02 4.495613441499800838e-06
7.110000000000000000e+02 4.495638750854450368e-06
7.120000000000000000e+02 4.495430109937482553e-06
7.130000000000000000e+02 4.495067566083049716e-06
7.140000000000000000e+02 4.494566564772871370e-06
7.150000000000000000e+02 4.493930455033292964e-06
7.160000000000000000e+02 4.493505081492518694e-06
7.170000000000000000e+02 4.493176629419682225e-06
7.180000000000000000e+02 4.492834321882998689e-06
7.190000000000000000e+02 4.492723624443702462e-06
7.200000000000000000e+02 4.493105559757529267e-06
7.210000000000000000e+02 4.492613900163511245e-06
7.220000000000000000e+02 4.492091470221734086e-06
7.230000000000000000e+02 4.491851667173952023e-06
7.240000000000000000e+02 4.491884614635725776e-06
7.250000000000000000e+02 4.491271798135804865e-06
7.260000000000000000e+02 4.491117397651372126e-06
7.270000000000000000e+02 4.490988020775289283e-06
7.280000000000000000e+02 4.491043548077062070e-06
7.290000000000000000e+02 4.490356099416887931e-06
7.300000000000000000e+02 4.490231832322102141e-06
7.310000000000000000e+02 4.490121145568988823e-06
7.320000000000000000e+02 4.489684631390227466e-06
7.330000000000000000e+02 4.489568803664204048e-06
7.340000000000000000e+02 4.489572637925804388e-06
7.350000000000000000e+02 4.489337787589686878e-06
7.360000000000000000e+02 4.489053642489448786e-06
7.370000000000000000e+02 4.488787701108071532e-06
7.380000000000000000e+02 4.488508858477433551e-06
7.390000000000000000e+02 4.488604419937313677e-06
7.400000000000000000e+02 4.489681097207220590e-06
7.410000000000000000e+02 4.487927581342285848e-06
7.420000000000000000e+02 4.487637781722844119e-06
7.430000000000000000e+02 4.487503755466439006e-06
7.440000000000000000e+02 4.487582875427143317e-06
7.450000000000000000e+02 4.488326249711049122e-06
7.460000000000000000e+02 4.486858960821352996e-06
7.470000000000000000e+02 4.486590847291656206e-06
7.480000000000000000e+02 4.486762570980031872e-06
7.490000000000000000e+02 4.486312908573131672e-06
7.500000000000000000e+02 4.486740015370255633e-06
7.510000000000000000e+02 4.486399294670732488e-06
7.520000000000000000e+02 4.485773249767060490e-06
7.530000000000000000e+02 4.485563868545397416e-06
7.540000000000000000e+02 4.485691274896496704e-06
7.550000000000000000e+02 4.486074610902440055e-06
7.560000000000000000e+02 4.485228666127470273e-06
7.570000000000000000e+02 4.485108452807048977e-06
7.580000000000000000e+02 4.484703520358685082e-06
7.590000000000000000e+02 4.484544053964177219e-06
7.600000000000000000e+02 4.484970320048528378e-06
7.610000000000000000e+02 4.484201421126662083e-06
7.620000000000000000e+02 4.484238160186960210e-06
7.630000000000000000e+02 4.484162601233923771e-06
7.640000000000000000e+02 4.483810641481205468e-06
7.650000000000000000e+02 4.483572528689709307e-06
7.660000000000000000e+02 4.483701996733371279e-06
7.670000000000000000e+02 4.483839401238054638e-06
7.680000000000000000e+02 4.483540936709014632e-06
7.690000000000000000e+02 4.483141926131703618e-06
7.700000000000000000e+02 4.483098059609926570e-06
7.710000000000000000e+02 4.483129723032821512e-06
7.720000000000000000e+02 4.482795256199380792e-06
7.730000000000000000e+02 4.482722311631898034e-06
7.740000000000000000e+02 4.482516583920663383e-06
7.750000000000000000e+02 4.482325449449768292e-06
7.760000000000000000e+02 4.482259467173738192e-06
7.770000000000000000e+02 4.482143614439029736e-06
7.780000000000000000e+02 4.482155727577921328e-06
7.790000000000000000e+02 4.481756806007410935e-06
7.800000000000000000e+02 4.481577394862651761e-06
7.810000000000000000e+02 4.481333497691572378e-06
7.820000000000000000e+02 4.481231501723317219e-06
7.830000000000000000e+02 4.481165383898861912e-06
7.840000000000000000e+02 4.481009519389450791e-06
7.850000000000000000e+02 4.481027794532250711e-06
7.860000000000000000e+02 4.480868087812616004e-06
7.870000000000000000e+02 4.480738187513762614e-06
7.880000000000000000e+02 4.480890936424508242e-06
7.890000000000000000e+02 4.480358053696460669e-06
7.900000000000000000e+02 4.480309454444295780e-06
7.910000000000000000e+02 4.480283092074809295e-06
7.920000000000000000e+02 4.479911746113495770e-06
7.930000000000000000e+02 4.480194075491175457e-06
7.940000000000000000e+02 4.479911047290893168e-06
7.950000000000000000e+02 4.479860142465041126e-06
7.960000000000000000e+02 4.479459059162718297e-06
7.970000000000000000e+02 4.479746919882808353e-06
7.980000000000000000e+02 4.479580782673005177e-06
7.990000000000000000e+02 4.479270971894994794e-06
8.000000000000000000e+02 4.479311713092690888e-06
8.010000000000000000e+02 4.479097574481479693e-06
8.020000000000000000e+02 4.478867065699366171e-06
8.030000000000000000e+02 4.478820708266588745e-06
8.040000000000000000e+02 4.478945024737177291e-06
8.050000000000000000e+02 4.478534376209948717e-06
8.060000000000000000e+02 4.478586272748004585e-06
8.070000000000000000e+02 4.478474038068477145e-06
8.080000000000000000e+02 4.478615583929742409e-06
8.090000000000000000e+02 4.478165518355248395e-06
8.100000000000000000e+02 4.478203184802394596e-06
8.110000000000000000e+02 4.477944877508186725e-06
8.120000000000000000e+02 4.477838802861167038e-06
8.130000000000000000e+02 4.477765830930196827e-06
8.140000000000000000e+02 4.477754612457885502e-06
8.150000000000000000e+02 4.477629950185428778e-06
8.160000000000000000e+02 4.477486915915631584e-06
8.170000000000000000e+02 4.477400233896397183e-06
8.180000000000000000e+02 4.477253051058831887e-06
8.190000000000000000e+02 4.477164278504326279e-06
8.200000000000000000e+02 4.477327225616765634e-06
8.210000000000000000e+02 4.477016354577880929e-06
8.220000000000000000e+02 4.477050431048995939e-06
8.230000000000000000e+02 4.477666832019788690e-06
8.240000000000000000e+02 4.476758037336783046e-06
8.250000000000000000e+02 4.476729466873001926e-06
8.260000000000000000e+02 4.476709790551460796e-06
8.270000000000000000e+02 4.476514546838640837e-06
8.280000000000000000e+02 4.476746879652002939e-06
8.290000000000000000e+02 4.476525548818806601e-06
8.300000000000000000e+02 4.476484255006179525e-06
8.310000000000000000e+02 4.476250248607332546e-06
8.320000000000000000e+02 4.476351945783786366e-06
8.330000000000000000e+02 4.476059005718726578e-06
8.340000000000000000e+02 4.475948928834218428e-06
8.350000000000000000e+02 4.475954437634047151e-06
8.360000000000000000e+02 4.476145183687116845e-06
8.370000000000000000e+02 4.475870630228655881e-06
8.380000000000000000e+02 4.475666911027661680e-06
8.390000000000000000e+02 4.475665259891831311e-06
8.400000000000000000e+02 4.475486131905041525e-06
8.410000000000000000e+02 4.475571746013972418e-06
8.420000000000000000e+02 4.475403296314065898e-06
8.430000000000000000e+02 4.475342841948021331e-06
8.440000000000000000e+02 4.475255097995997470e-06
8.450000000000000000e+02 4.475299762281197934e-06
8.460000000000000000e+02 4.475255577925489648e-06
8.470000000000000000e+02 4.475001142753086455e-06
8.480000000000000000e+02 4.475069349967271210e-06
8.490000000000000000e+02 4.475007896831557005e-06
8.500000000000000000e+02 4.474799925429348679e-06
8.510000000000000000e+02 4.474850791446997956e-06
8.520000000000000000e+02 4.474740974798822682e-06
8.530000000000000000e+02 4.474584600848796834e-06
8.540000000000000000e+02 4.474737041797536278e-06
8.550000000000000000e+02 4.474668476114600285e-06
8.560000000000000000e+02 4.474428604527349044e-06
8.570000000000000000e+02 4.474436158038779679e-06
8.580000000000000000e+02 4.474301392583614651e-06
8.590000000000000000e+02 4.474225920229215036e-06
8.600000000000000000e+02 4.474213582187394827e-06
8.610000000000000000e+02 4.474128210354049310e-06
8.620000000000000000e+02 4.474155983632408744e-06
8.630000000000000000e+02 4.474032622839904983e-06
8.640000000000000000e+02 4.474022196190826685e-06
8.650000000000000000e+02 4.473970789448523940e-06
8.660000000000000000e+02 4.473831537041087659e-06
8.670000000000000000e+02 4.473781929406324496e-06
8.680000000000000000e+02 4.473716581732637706e-06
8.690000000000000000e+02 4.473801224334291338e-06
8.700000000000000000e+02 4.473636332138553319e-06
8.710000000000000000e+02 4.473636564730983404e-06
8.720000000000000000e+02 4.473645375800749153e-06
8.730000000000000000e+02 4.473446792302637813e-06
8.740000000000000000e+02 4.473504474993847003e-06
8.750000000000000000e+02 4.473461542720962329e-06
8.760000000000000000e+02 4.473335635224222963e-06
8.770000000000000000e+02 4.473280228986285029e-06
8.780000000000000000e+02 4.473281160852812535e-06
8.790000000000000000e+02 4.473211936788164051e-06
8.800000000000000000e+02 4.473150569720838963e-06
8.810000000000000000e+02 4.473028187144841006e-06
8.820000000000000000e+02 4.473429920341198771e-06
8.830000000000000000e+02 4.472953632782098270e-06
8.840000000000000000e+02 4.472887963776264663e-06
8.850000000000000000e+02 4.473019701423702386e-06
8.860000000000000000e+02 4.472956615187218900e-06
8.870000000000000000e+02 4.472818042349377152e-06
8.880000000000000000e+02 4.472762505648003516e-06
8.890000000000000000e+02 4.472781427329049690e-06
8.900000000000000000e+02 4.472701445075778555e-06
8.910000000000000000e+02 4.472587039225008647e-06
8.920000000000000000e+02 4.472653749309802524e-06
8.930000000000000000e+02 4.472529720099231794e-06
8.940000000000000000e+02 4.472508403615593948e-06
8.950000000000000000e+02 4.472499094061711700e-06
8.960000000000000000e+02 4.472411741243455771e-06
8.970000000000000000e+02 4.472335206951885843e-06
8.980000000000000000e+02 4.472414738995979078e-06
8.990000000000000000e+02 4.472333234768780236e-06
9.000000000000000000e+02 4.472221621474171278e-06
9.010000000000000000e+02 4.472200108998828139e-06
9.020000000000000000e+02 4.472119957084523091e-06
9.030000000000000000e+02 4.472183047488461193e-06
9.040000000000000000e+02 4.472114487273369361e-06
9.050000000000000000e+02 4.472025973128460812e-06
9.060000000000000000e+02 4.471974710555882816e-06
9.070000000000000000e+02 4.472030109600695836e-06
9.080000000000000000e+02 4.471965589128198570e-06
9.090000000000000000e+02 4.471971240097153395e-06
9.100000000000000000e+02 4.471871896570182799e-06
9.110000000000000000e+02 4.472033225623749400e-06
9.120000000000000000e+02 4.471807478494459217e-06
9.130000000000000000e+02 4.471896072066851711e-06
9.140000000000000000e+02 4.471727115658282770e-06
9.150000000000000000e+02 4.471649827702017628e-06
9.160000000000000000e+02 4.471641927284755364e-06
9.170000000000000000e+02 4.471633145108625146e-06
9.180000000000000000e+02 4.471593289284189083e-06
9.190000000000000000e+02 4.471677731507651943e-06
9.200000000000000000e+02 4.471387384315548630e-06
9.210000000000000000e+02 4.471375889460155913e-06
9.220000000000000000e+02 4.471381654769148928e-06
9.230000000000000000e+02 4.471341878346680790e-06
9.240000000000000000e+02 4.471311104227770033e-06
9.250000000000000000e+02 4.471255056603040332e-06
9.260000000000000000e+02 4.471239698249017810e-06
9.270000000000000000e+02 4.471213101843477578e-06
9.280000000000000000e+02 4.471157632589077648e-06
9.290000000000000000e+02 4.471222431914987239e-06
9.300000000000000000e+02 4.471147650446995496e-06
9.310000000000000000e+02 4.471082708916876545e-06
9.320000000000000000e+02 4.470994381663595997e-06
9.330000000000000000e+02 4.470961077306853987e-06
9.340000000000000000e+02 4.470963725639281673e-06
9.350000000000000000e+02 4.470960888383315072e-06
9.360000000000000000e+02 4.470850015848751885e-06
9.370000000000000000e+02 4.470907568662988963e-06
9.380000000000000000e+02 4.471039923078885162e-06
9.390000000000000000e+02 4.470831681211756201e-06
9.400000000000000000e+02 4.470745486312206463e-06
9.410000000000000000e+02 4.470636532478732839e-06
9.420000000000000000e+02 4.470634596948542805e-06
9.430000000000000000e+02 4.470616542260192529e-06
9.440000000000000000e+02 4.470567020543533662e-06
9.450000000000000000e+02 4.470539638384764523e-06
9.460000000000000000e+02 4.470531969541101632e-06
9.470000000000000000e+02 4.470683389949085190e-06
9.480000000000000000e+02 4.470375740921966660e-06
9.490000000000000000e+02 4.470373319104566108e-06
9.500000000000000000e+02 4.470389419491972253e-06
9.510000000000000000e+02 4.470403970011444483e-06
9.520000000000000000e+02 4.470458664648963392e-06
9.530000000000000000e+02 4.470230904519505924e-06
9.540000000000000000e+02 4.470257308900896550e-06
9.550000000000000000e+02 4.470180455474027516e-06
9.560000000000000000e+02 4.470311913459146613e-06
9.570000000000000000e+02 4.470226452003134678e-06
9.580000000000000000e+02 4.470146380561355720e-06
9.590000000000000000e+02 4.469993583730621497e-06
9.600000000000000000e+02 4.470149353205864129e-06
9.610000000000000000e+02 4.470012496032927549e-06
9.620000000000000000e+02 4.469898423375577870e-06
9.630000000000000000e+02 4.469949436684291176e-06
9.640000000000000000e+02 4.469856539086039247e-06
9.650000000000000000e+02 4.469823117472329993e-06
9.660000000000000000e+02 4.469874951253039713e-06
9.670000000000000000e+02 4.469841459450947325e-06
9.680000000000000000e+02 4.469735860271122347e-06
9.690000000000000000e+02 4.469696041931145112e-06
9.700000000000000000e+02 4.469679720907040019e-06
9.710000000000000000e+02 4.469736698922720093e-06
9.720000000000000000e+02 4.469603801357488639e-06
9.730000000000000000e+02 4.469619685728714825e-06
9.740000000000000000e+02 4.469474312427196127e-06
9.750000000000000000e+02 4.469582421751182724e-06
9.760000000000000000e+02 4.469435843006633578e-06
9.770000000000000000e+02 4.469699633074873054e-06
9.780000000000000000e+02 4.469336842279639619e-06
9.790000000000000000e+02 4.469345926461757126e-06
9.800000000000000000e+02 4.469290779123929642e-06
9.810000000000000000e+02 4.469269699232072645e-06
9.820000000000000000e+02 4.469343349136414811e-06
9.830000000000000000e+02 4.469226249720477917e-06
9.840000000000000000e+02 4.469142621831512379e-06
9.850000000000000000e+02 4.469152041395691771e-06
9.860000000000000000e+02 4.469184348579248454e-06
9.870000000000000000e+02 4.469086304585247665e-06
9.880000000000000000e+02 4.469048370164326750e-06
9.890000000000000000e+02 4.468997822854109744e-06
9.900000000000000000e+02 4.469042262676177191e-06
9.910000000000000000e+02 4.469000255773156938e-06
9.920000000000000000e+02 4.468933889089227411e-06
9.930000000000000000e+02 4.469014706469733653e-06
9.940000000000000000e+02 4.468833564872289444e-06
9.950000000000000000e+02 4.468873513034009701e-06
9.960000000000000000e+02 4.468815023098352663e-06
9.970000000000000000e+02 4.468782030550929422e-06
9.980000000000000000e+02 4.468723319699979218e-06
9.990000000000000000e+02 4.468727997739213177e-06
1.000000000000000000e+03 4.468712882092711167e-06
1.001000000000000000e+03 4.468577852884292655e-06
1.002000000000000000e+03 4.468644218884657276e-06
1.003000000000000000e+03 4.468622326548278254e-06
1.004000000000000000e+03 4.468565748991675395e-06
1.005000000000000000e+03 4.468548847611572532e-06
1.006000000000000000e+03 4.468493999077902057e-06
1.007000000000000000e+03 4.468432328692227325e-06
1.008000000000000000e+03 4.468441918001069887e-06
1.009000000000000000e+03 4.468423083743586772e-06
1.010000000000000000e+03 4.468444246477486931e-06
1.011000000000000000e+03 4.468449182539935399e-06
1.012000000000000000e+03 4.468260601799049986e-06
1.013000000000000000e+03 4.468311598922910152e-06
1.014000000000000000e+03 4.468284436560612922e-06
1.015000000000000000e+03 4.468142448865579871e-06
1.016000000000000000e+03 4.468176060827246079e-06
1.017000000000000000e+03 4.468098923539439766e-06
1.018000000000000000e+03 4.468054731355582578e-06
1.019000000000000000e+03 4.468068885896433753e-06
1.020000000000000000e+03 4.468144348568709762e-06
1.021000000000000000e+03 4.468072766831888992e-06
1.022000000000000000e+03 4.468045333763125282e-06
1.023000000000000000e+03 4.467905598339271645e-06
1.024000000000000000e+03 4.467953198460333703e-06
1.025000000000000000e+03 4.467848480882163129e-06
1.026000000000000000e+03 4.467867162888870578e-06
1.027000000000000000e+03 4.467875402322873242e-06
1.028000000000000000e+03 4.467845552056662997e-06
1.029000000000000000e+03 4.467743659768502505e-06
1.030000000000000000e+03 4.467781522396941996e-06
1.031000000000000000e+03 4.467941302659346681e-06
1.032000000000000000e+03 4.467655302269036592e-06
1.033000000000000000e+03 4.467605573322992300e-06
1.034000000000000000e+03 4.467593643141185282e-06
1.035000000000000000e+03 4.467516363889567726e-06
1.036000000000000000e+03 4.467548572953970447e-06
1.037000000000000000e+03 4.467543063161947658e-06
1.038000000000000000e+03 4.467489864454924958e-06
1.039000000000000000e+03 4.467427077272531646e-06
1.040000000000000000e+03 4.467454369629819783e-06
1.041000000000000000e+03 4.467358292442068719e-06
1.042000000000000000e+03 4.467388018731319928e-06
1.043000000000000000e+03 4.467292481830737438e-06
1.044000000000000000e+03 4.467346097476724774e-06
1.045000000000000000e+03 4.467298988873211898e-06
1.046000000000000000e+03 4.467282709720890521e-06
1.047000000000000000e+03 4.467187456468862810e-06
1.048000000000000000e+03 4.467213347721299809e-06
1.049000000000000000e+03 4.467351162258100544e-06
1.050000000000000000e+03 4.467171876393236132e-06
1.051000000000000000e+03 4.467073262855889277e-06
1.052000000000000000e+03 4.467117928398718521e-06
1.053000000000000000e+03 4.467074379029394048e-06
1.054000000000000000e+03 4.466975277382281812e-06
1.055000000000000000e+03 4.466996808840713266e-06
1.056000000000000000e+03 4.466953187452869851e-06
1.057000000000000000e+03 4.466893078665158079e-06
1.058000000000000000e+03 4.466887071714536415e-06
1.059000000000000000e+03 4.466827331423932674e-06
1.060000000000000000e+03 4.466823284485469654e-06
1.061000000000000000e+03 4.466946583388045757e-06
1.062000000000000000e+03 4.466777519929064309e-06
1.063000000000000000e+03 4.466718812701616021e-06
1.064000000000000000e+03 4.466697155525764253e-06
1.065000000000000000e+03 4.466688959326003730e-06
1.066000000000000000e+03 4.466659775118548435e-06
1.067000000000000000e+03 4.466673138673695822e-06
1.068000000000000000e+03 4.466657588766549399e-06
1.069000000000000000e+03 4.466586740462415941e-06
1.070000000000000000e+03 4.466578668607941648e-06
1.071000000000000000e+03 4.466530334356537827e-06
1.072000000000000000e+03 4.466484028937122111e-06
1.073000000000000000e+03 4.466454064208797593e-06
1.074000000000000000e+03 4.466409533695766293e-06
1.075000000000000000e+03 4.466428398390665166e-06
1.076000000000000000e+03 4.466456621508657273e-06
1.077000000000000000e+03 4.466355815435171269e-06
1.078000000000000000e+03 4.466331675493928350e-06
1.079000000000000000e+03 4.466316266447907047e-06
1.080000000000000000e+03 4.466287480733501968e-06
1.081000000000000000e+03 4.466262806828598850e-06
1.082000000000000000e+03 4.466243632032533260e-06
1.083000000000000000e+03 4.466239235551458928e-06
1.084000000000000000e+03 4.466112047572956460e-06
1.085000000000000000e+03 4.466149946864282795e-06
1.086000000000000000e+03 4.466110820346572183e-06
1.087000000000000000e+03 4.466133372612507139e-06
1.088000000000000000e+03 4.466105003499279275e-06
1.089000000000000000e+03 4.465988370912256231e-06
1.090000000000000000e+03 4.465987517755796093e-06
1.091000000000000000e+03 4.466149724910590763e-06
1.092000000000000000e+03 4.465939003315517248e-06
1.093000000000000000e+03 4.465934104746681493e-06
1.094000000000000000e+03 4.465900156031502873e-06
1.095000000000000000e+03 4.465941393130581567e-06
1.096000000000000000e+03 4.465825460912720467e-06
1.097000000000000000e+03 4.465823770867970033e-06
1.098000000000000000e+03 4.465810406361062546e-06
1.099000000000000000e+03 4.465796442725183966e-06
1.100000000000000000e+03 4.465708091349570597e-06
1.101000000000000000e+03 4.465678598105941745e-06
1.102000000000000000e+03 4.465687452126673866e-06
1.103000000000000000e+03 4.465616245117232349e-06
1.104000000000000000e+03 4.465623374933944825e-06
1.105000000000000000e+03 4.465595501830772194e-06
1.106000000000000000e+03 4.465588111711460913e-06
1.107000000000000000e+03 4.465572507230621209e-06
1.108000000000000000e+03 4.465667695786903449e-06
1.109000000000000000e+03 4.465500975855874807e-06
1.110000000000000000e+03 4.465482948662040357e-06
1.111000000000000000e+03 4.465600555685657573e-06
1.112000000000000000e+03 4.465423710685339741e-06
1.113000000000000000e+03 4.465409207403095882e-06
1.114000000000000000e+03 4.465372238996186913e-06
1.115000000000000000e+03 4.465428450612316861e-06
1.116000000000000000e+03 4.465304912997493394e-06
1.117000000000000000e+03 4.465333426819572314e-06
1.118000000000000000e+03 4.465325064688272415e-06
1.119000000000000000e+03 4.465268331727782403e-06
1.120000000000000000e+03 4.465354778373291357e-06
1.121000000000000000e+03 4.465182186456613022e-06
1.122000000000000000e+03 4.465175746200433345e-06
1.123000000000000000e+03 4.465181492808374606e-06
1.124000000000000000e+03 4.465104632223129337e-06
1.125000000000000000e+03 4.465095538584472580e-06
1.126000000000000000e+03 4.465095416750479795e-06
1.127000000000000000e+03 4.465036778829097690e-06
1.128000000000000000e+03 4.465026804398955754e-06
1.129000000000000000e+03 4.465049960360688218e-06
1.130000000000000000e+03 4.464968271848808560e-06
1.131000000000000000e+03 4.464935495628866827e-06
1.132000000000000000e+03 4.464923614123998551e-06
1.133000000000000000e+03 4.464867477686112665e-06
1.134000000000000000e+03 4.464918010404021291e-06
1.135000000000000000e+03 4.464868046542625125e-06
1.136000000000000000e+03 4.464848410857224518e-06
1.137000000000000000e+03 4.464842225229098034e-06
1.138000000000000000e+03 4.464776686451302897e-06
1.139000000000000000e+03 4.464795469928074928e-06
1.140000000000000000e+03 4.464742533606308538e-06
1.141000000000000000e+03 4.464772727059901186e-06
1.142000000000000000e+03 4.464652636623943454e-06
1.143000000000000000e+03 4.464666710576280082e-06
1.144000000000000000e+03 4.464704436249856297e-06
1.145000000000000000e+03 4.464627943436326820e-06
1.146000000000000000e+03 4.464564789011317695e-06
1.147000000000000000e+03 4.464571120934708323e-06
1.148000000000000000e+03 4.464538430598151853e-06
1.149000000000000000e+03 4.464516960537689627e-06
1.150000000000000000e+03 4.464475015959246907e-06
1.151000000000000000e+03 4.464521749846169188e-06
1.152000000000000000e+03 4.464446884746353986e-06
1.153000000000000000e+03 4.464408249469285627e-06
1.154000000000000000e+03 4.464392579767360453e-06
1.155000000000000000e+03 4.464357305119463415e-06
1.156000000000000000e+03 4.464397609692449530e-06
1.157000000000000000e+03 4.464311251638612043e-06
1.158000000000000000e+03 4.464303991235436564e-06
1.159000000000000000e+03 4.464353173384331299e-06
1.160000000000000000e+03 4.464236634423283622e-06
1.161000000000000000e+03 4.464233828549570926e-06
1.162000000000000000e+03 4.464237091637152099e-06
1.163000000000000000e+03 4.464217983496950925e-06
1.164000000000000000e+03 4.464150275879857704e-06
1.165000000000000000e+03 4.464144419020802751e-06
1.166000000000000000e+03 4.464136527863198787e-06
1.167000000000000000e+03 4.464068506974336980e-06
1.168000000000000000e+03 4.464093648321468483e-06
1.169000000000000000e+03 4.464077392996058551e-06
1.170000000000000000e+03 4.464035743996446712e-06
1.171000000000000000e+03 4.464048554137895802e-06
1.172000000000000000e+03 4.463959429140033238e-06
1.173000000000000000e+03 4.463942700721675501e-06
1.174000000000000000e+03 4.463996193115850401e-06
1.175000000000000000e+03 4.463971177362774792e-06
1.176000000000000000e+03 4.463858125340535387e-06
1.177000000000000000e+03 4.463875220701832916e-06
1.178000000000000000e+03 4.463882952108204794e-06
1.179000000000000000e+03 4.463824807630476512e-06
1.180000000000000000e+03 4.463918763861545300e-06
1.181000000000000000e+03 4.463766147953719771e-06
1.182000000000000000e+03 4.463726763167274527e-06
1.183000000000000000e+03 4.463716654886397734e-06
1.184000000000000000e+03 4.463692992666853075e-06
1.185000000000000000e+03 4.463713225234040436e-06
1.186000000000000000e+03 4.463647521169829084e-06
1.187000000000000000e+03 4.463653858930604020e-06
1.188000000000000000e+03 4.463634547736678938e-06
1.189000000000000000e+03 4.463618613089803698e-06
1.190000000000000000e+03 4.463539480309996037e-06
1.191000000000000000e+03 4.463564491240225287e-06
1.192000000000000000e+03 4.463522143178325932e-06
1.193000000000000000e+03 4.463514465260827677e-06
1.194000000000000000e+03 4.463493819694030253e-06
1.195000000000000000e+03 4.463553415586532222e-06
1.196000000000000000e+03 4.463598076084260437e-06
1.197000000000000000e+03 4.463380194064277364e-06
1.198000000000000000e+03 4.463469142993366990e-06
1.199000000000000000e+03 4.463402979516100793e-06
1.200000000000000000e+03 4.463366759710515509e-06
1.201000000000000000e+03 4.463363740693483324e-06
1.202000000000000000e+03 4.463468209742295523e-06
1.203000000000000000e+03 4.463287150229605516e-06
1.204000000000000000e+03 4.463249795154560852e-06
1.205000000000000000e+03 4.463249587929825637e-06
1.206000000000000000e+03 4.463315912915354010e-06
1.207000000000000000e+03 4.463195643586224164e-06
1.208000000000000000e+03 4.463278382613040772e-06
1.209000000000000000e+03 4.463257388010618523e-06
1.210000000000000000e+03 4.463116386016863186e-06
1.211000000000000000e+03 4.463143039748827570e-06
1.212000000000000000e+03 4.463104892452660389e-06
1.213000000000000000e+03 4.463075112453399819e-06
1.214000000000000000e+03 4.463024319897099478e-06
1.215000000000000000e+03 4.463023390791941732e-06
1.216000000000000000e+03 4.463074120460225847e-06
1.217000000000000000e+03 4.462991295803020859e-06
1.218000000000000000e+03 4.462979481330918708e-06
1.219000000000000000e+03 4.462968076583108607e-06
1.220000000000000000e+03 4.462947682778163279e-06
1.221000000000000000e+03 4.462887141602124297e-06
1.222000000000000000e+03 4.462902027803512310e-06
1.223000000000000000e+03 4.462878017951868796e-06
1.224000000000000000e+03 4.462840419669125584e-06
1.225000000000000000e+03 4.462788124085567671e-06
1.226000000000000000e+03 4.462802117639119204e-06
1.227000000000000000e+03 4.462803087052504761e-06
1.228000000000000000e+03 4.462785535228766245e-06
1.229000000000000000e+03 4.462760794948022722e-06
1.230000000000000000e+03 4.462709233425315989e-06
1.231000000000000000e+03 4.462673432379025896e-06
1.232000000000000000e+03 4.462691661181689193e-06
1.233000000000000000e+03 4.462782537841719868e-06
1.234000000000000000e+03 4.462641728109940659e-06
1.235000000000000000e+03 4.462640946226620635e-06
1.236000000000000000e+03 4.462608367545788877e-06
1.237000000000000000e+03 4.462565421092937391e-06
1.238000000000000000e+03 4.462574026536933195e-06
1.239000000000000000e+03 4.462553542347965037e-06
1.240000000000000000e+03 4.462569285699965711e-06
1.241000000000000000e+03 4.462578756089848883e-06
1.242000000000000000e+03 4.462517114497663282e-06
1.243000000000000000e+03 4.462458064084656254e-06
1.244000000000000000e+03 4.462463152148820516e-06
1.245000000000000000e+03 4.462448804372063717e-06
1.246000000000000000e+03 4.462440096167391087e-06
1.247000000000000000e+03 4.462373258355269356e-06
1.248000000000000000e+03 4.462390428629523616e-06
1.249000000000000000e+03 4.462322483530547515e-06
1.250000000000000000e+03 4.462402209892198129e-06
1.251000000000000000e+03 4.462285609894816858e-06
1.252000000000000000e+03 4.462418473969031346e-06
1.253000000000000000e+03 4.462372023895631980e-06
1.254000000000000000e+03 4.462329792733110512e-06
1.255000000000000000e+03 4.462220914005041200e-06
1.256000000000000000e+03 4.462185506487125226e-06
1.257000000000000000e+03 4.462183301883566022e-06
1.258000000000000000e+03 4.462145753855433260e-06
1.259000000000000000e+03 4.462184917628094042e-06
1.260000000000000000e+03 4.462114618807369254e-06
1.261000000000000000e+03 4.462121374666825679e-06
1.262000000000000000e+03 4.462096312937414098e-06
1.263000000000000000e+03 4.462110747195078611e-06
1.264000000000000000e+03 4.462065181959402695e-06
1.265000000000000000e+03 4.462071841785755877e-06
1.266000000000000000e+03 4.462027672127626920e-06
1.267000000000000000e+03 4.461980591745395150e-06
1.268000000000000000e+03 4.461992972800659728e-06
1.269000000000000000e+03 4.461956462346341234e-06
1.270000000000000000e+03 4.461921739955174261e-06
1.271000000000000000e+03 4.461933422750621868e-06
1.272000000000000000e+03 4.461896541386156024e-06
1.273000000000000000e+03 4.462116824071847938e-06
1.274000000000000000e+03 4.461933188018847445e-06
1.275000000000000000e+03 4.461828741672939053e-06
1.276000000000000000e+03 4.461828701261396939e-06
1.277000000000000000e+03 4.461877868372151738e-06
1.278000000000000000e+03 4.461773607354077425e-06
1.279000000000000000e+03 4.461883114074035711e-06
1.280000000000000000e+03 4.461777698361769031e-06
1.281000000000000000e+03 4.461722529693968880e-06
1.282000000000000000e+03 4.461705336623830312e-06
1.283000000000000000e+03 4.461690149545167917e-06
1.284000000000000000e+03 4.461671942646592830e-06
1.285000000000000000e+03 4.461652805072200026e-06
1.286000000000000000e+03 4.461648920119258201e-06
1.287000000000000000e+03 4.461645621581759999e-06
1.288000000000000000e+03 4.461599179142450052e-06
1.289000000000000000e+03 4.461599592916272793e-06
1.290000000000000000e+03 4.461566130849641324e-06
1.291000000000000000e+03 4.461544141022581375e-06
1.292000000000000000e+03 4.461589326311624494e-06
1.293000000000000000e+03 4.461519482953408980e-06
1.294000000000000000e+03 4.461542099374702717e-06
1.295000000000000000e+03 4.461490975913281465e-06
1.296000000000000000e+03 4.461502592644362163e-06
1.297000000000000000e+03 4.461441063877304797e-06
1.298000000000000000e+03 4.461490423057363680e-06
1.299000000000000000e+03 4.461414740951944615e-06
1.300000000000000000e+03 4.461424108870161991e-06
1.301000000000000000e+03 4.461393159961250714e-06
1.302000000000000000e+03 4.461411370185165344e-06
1.303000000000000000e+03 4.461329867453641188e-06
1.304000000000000000e+03 4.461313914572937566e-06
1.305000000000000000e+03 4.461293129087870267e-06
1.306000000000000000e+03 4.461273794493161617e-06
1.307000000000000000e+03 4.461254532754559592e-06
1.308000000000000000e+03 4.461245020912559412e-06
1.309000000000000000e+03 4.461268997864043956e-06
1.310000000000000000e+03 4.461246041228258644e-06
1.311000000000000000e+03 4.461274217594712767e-06
1.312000000000000000e+03 4.461211934008542371e-06
1.313000000000000000e+03 4.461160429539450806e-06
1.314000000000000000e+03 4.461144616858453074e-06
1.315000000000000000e+03 4.461177321149852786e-06
1.316000000000000000e+03 4.461122756924383478e-06
1.317000000000000000e+03 4.461119273816398601e-06
1.318000000000000000e+03 4.461082632722387860e-06
1.319000000000000000e+03 4.461153686928410451e-06
1.320000000000000000e+03 4.461090683109931035e-06
1.321000000000000000e+03 4.461018399541794965e-06
1.322000000000000000e+03 4.461033165888925573e-06
1.323000000000000000e+03 4.460999541395275620e-06
1.324000000000000000e+03 4.460972492841404303e-06
1.325000000000000000e+03 4.460997393634781217e-06
1.326000000000000000e+03 4.460964386577130477e-06
1.327000000000000000e+03 4.460980613730434647e-06
1.328000000000000000e+03 4.460926567373579068e-06
1.329000000000000000e+03 4.460930192066022166e-06
1.330000000000000000e+03 4.460917823991449414e-06
1.331000000000000000e+03 4.460884354346874104e-06
1.332000000000000000e+03 4.460823137425850997e-06
1.333000000000000000e+03 4.460877159717034331e-06
1.334000000000000000e+03 4.460810332705291644e-06
1.335000000000000000e+03 4.460796422165937638e-06
1.336000000000000000e+03 4.460810382470635535e-06
1.337000000000000000e+03 4.460774100113629672e-06
1.338000000000000000e+03 4.460746715278702287e-06
1.339000000000000000e+03 4.460736765207817605e-06
1.340000000000000000e+03 4.460733842146253859e-06
1.341000000000000000e+03 4.460798605363357279e-06
1.342000000000000000e+03 4.460691146345874241e-06
1.343000000000000000e+03 4.460662048601125617e-06
1.344000000000000000e+03 4.460748903008063292e-06
1.345000000000000000e+03 4.460634993379160217e-06
1.346000000000000000e+03 4.460633868324479419e-06
1.347000000000000000e+03 4.460590613906284439e-06
1.348000000000000000e+03 4.460600825237262440e-06
1.349000000000000000e+03 4.460576715461062518e-06
1.350000000000000000e+03 4.460552467510252394e-06
1.351000000000000000e+03 4.460563496836715924e-06
1.352000000000000000e+03 4.460592610613414689e-06
1.353000000000000000e+03 4.460562068259095683e-06
1.354000000000000000e+03 4.460491998146323131e-06
1.355000000000000000e+03 4.460481218210267624e-06
1.356000000000000000e+03 4.460570639969224246e-06
1.357000000000000000e+03 4.460435819826140156e-06
1.358000000000000000e+03 4.460474417345403684e-06
1.359000000000000000e+03 4.460439187772834190e-06
1.360000000000000000e+03 4.460402862226816051e-06
1.361000000000000000e+03 4.460399360970783513e-06
1.362000000000000000e+03 4.460389883447809735e-06
1.363000000000000000e+03 4.460359709351925204e-06
1.364000000000000000e+03 4.460378876934692096e-06
1.365000000000000000e+03 4.460360934857661151e-06
1.366000000000000000e+03 4.460306523796519649e-06
1.367000000000000000e+03 4.460360987632949326e-06
1.368000000000000000e+03 4.460345949646489443e-06
1.369000000000000000e+03 4.460303062018248246e-06
1.370000000000000000e+03 4.460269757704905664e-06
1.371000000000000000e+03 4.460259544318375211e-06
1.372000000000000000e+03 4.460236382471850853e-06
1.373000000000000000e+03 4.460327471511962498e-06
1.374000000000000000e+03 4.460197726307860576e-06
1.375000000000000000e+03 4.460241782082802798e-06
1.376000000000000000e+03 4.460152486094128969e-06
1.377000000000000000e+03 4.460143593380984333e-06
1.378000000000000000e+03 4.460178689139814827e-06
1.379000000000000000e+03 4.460121202039845611e-06
1.380000000000000000e+03 4.460127265343167763e-06
1.381000000000000000e+03 4.460096385477380772e-06
1.382000000000000000e+03 4.460059401317183644e-06
1.383000000000000000e+03 4.460043669512014881e-06
1.384000000000000000e+03 4.460044976726249607e-06
1.385000000000000000e+03 4.460021622927774190e-06
1.386000000000000000e+03 4.460016559015147598e-06
1.387000000000000000e+03 4.460063729051247092e-06
1.388000000000000000e+03 4.460017535696163934e-06
1.389000000000000000e+03 4.459958949095940590e-06
1.390000000000000000e+03 4.459977971422997556e-06
1.391000000000000000e+03 4.459937226128509722e-06
1.392000000000000000e+03 4.459946162899005848e-06
1.393000000000000000e+03 4.459919953423591989e-06
1.394000000000000000e+03 4.459932893126554405e-06
1.395000000000000000e+03 4.459894213275467328e-06
1.396000000000000000e+03 4.459877491740128966e-06
1.397000000000000000e+03 4.459839309179283238e-06
1.398000000000000000e+03 4.459843748309107669e-06
1.399000000000000000e+03 4.459808020449764259e-06
1.400000000000000000e+03 4.459803600873916491e-06
1.401000000000000000e+03 4.459793054817054395e-06
1.402000000000000000e+03 4.459791562812583848e-06
1.403000000000000000e+03 4.459759595179664291e-06
1.404000000000000000e+03 4.459751658149198747e-06
1.405000000000000000e+03 4.459743353929961579e-06
1.406000000000000000e+03 4.459731878769319013e-06
1.407000000000000000e+03 4.459701366074288101e-06
1.408000000000000000e+03 4.459686704156032675e-06
1.409000000000000000e+03 4.459681192966906120e-06
1.410000000000000000e+03 4.459672450642848519e-06
1.411000000000000000e+03 4.459686349374055021e-06
1.412000000000000000e+03 4.459646714544055495e-06
1.413000000000000000e+03 4.459610127555482128e-06
1.414000000000000000e+03 4.459611652634176915e-06
1.415000000000000000e+03 4.459631803292424467e-06
1.416000000000000000e+03 4.459608414063104662e-06
1.417000000000000000e+03 4.459574012693748576e-06
1.418000000000000000e+03 4.459595525236213147e-06
1.419000000000000000e+03 4.459564274331736474e-06
1.420000000000000000e+03 4.459530530978492283e-06
1.421000000000000000e+03 4.459557924820101414e-06
1.422000000000000000e+03 4.459488964308736335e-06
1.423000000000000000e+03 4.459493483354393086e-06
1.424000000000000000e+03 4.459469293547299041e-06
1.425000000000000000e+03 4.459479010362305765e-06
1.426000000000000000e+03 4.459485112992637515e-06
1.427000000000000000e+03 4.459424822515993486e-06
1.428000000000000000e+03 4.459437702825752723e-06
1.429000000000000000e+03 4.459414400342406888e-06
1.430000000000000000e+03 4.459398324368262275e-06
1.431000000000000000e+03 4.459393113012576673e-06
1.432000000000000000e+03 4.459358276173133405e-06
1.433000000000000000e+03 4.459360037981105357e-06
1.434000000000000000e+03 4.459335140558703580e-06
1.435000000000000000e+03 4.459330311585422764e-06
1.436000000000000000e+03 4.459319240546577801e-06
1.437000000000000000e+03 4.459286572810212229e-06
1.438000000000000000e+03 4.459305686450820052e-06
1.439000000000000000e+03 4.459260868464639659e-06
1.440000000000000000e+03 4.459274173120342243e-06
1.441000000000000000e+03 4.459261027366921115e-06
1.442000000000000000e+03 4.459268201315500264e-06
1.443000000000000000e+03 4.459240135474594273e-06
1.444000000000000000e+03 4.459248922176168266e-06
1.445000000000000000e+03 4.459175901286661517e-06
1.446000000000000000e+03 4.459173952277638734e-06
1.447000000000000000e+03 4.459176055207136481e-06
1.448000000000000000e+03 4.459145216937388407e-06
1.449000000000000000e+03 4.459128063364184411e-06
1.450000000000000000e+03 4.459108811159748818e-06
1.451000000000000000e+03 4.459111388429842562e-06
1.452000000000000000e+03 4.459176785498355621e-06
1.453000000000000000e+03 4.459129293219034743e-06
1.454000000000000000e+03 4.459102375051497107e-06
1.455000000000000000e+03 4.459051088313778093e-06
1.456000000000000000e+03 4.459054166095814011e-06
1.457000000000000000e+03 4.459039895277335085e-06
1.458000000000000000e+03 4.459057785702951662e-06
1.459000000000000000e+03 4.459022790472321536e-06
1.460000000000000000e+03 4.458987838959459769e-06
1.461000000000000000e+03 4.458997562185125240e-06
1.462000000000000000e+03 4.458960766809868720e-06
1.463000000000000000e+03 4.458965130926696747e-06
1.464000000000000000e+03 4.458967837948224697e-06
1.465000000000000000e+03 4.458964354661224489e-06
1.466000000000000000e+03 4.458999708946849213e-06
1.467000000000000000e+03 4.458891408293523126e-06
1.468000000000000000e+03 4.458904321462791375e-06
1.469000000000000000e+03 4.458915217322829906e-06
1.470000000000000000e+03 4.458887797850538269e-06
1.471000000000000000e+03 4.458866922538482417e-06
1.472000000000000000e+03 4.458870802260890761e-06
1.473000000000000000e+03 4.458827252844827010e-06
1.474000000000000000e+03 4.458819786959396921e-06
1.475000000000000000e+03 4.458804661032044371e-06
1.476000000000000000e+03 4.458796440750786486e-06
1.477000000000000000e+03 4.458822886076981524e-06
1.478000000000000000e+03 4.458773922522723978e-06
1.479000000000000000e+03 4.458768233737397924e-06
1.480000000000000000e+03 4.458807794744010540e-06
1.481000000000000000e+03 4.458743337729864735e-06
1.482000000000000000e+03 4.458739468655389834e-06
1.483000000000000000e+03 4.458701316438860778e-06
1.484000000000000000e+03 4.458689544676030076e-06
1.485000000000000000e+03 4.458701528876982986e-06
1.486000000000000000e+03 4.458715677467993525e-06
1.487000000000000000e+03 4.458653874275334355e-06
1.488000000000000000e+03 4.458639831879100062e-06
1.489000000000000000e+03 4.458652639748224876e-06
1.490000000000000000e+03 4.458631778358128753e-06
1.491000000000000000e+03 4.458615923794788192e-06
1.492000000000000000e+03 4.458640508634174365e-06
1.493000000000000000e+03 4.458589411629750141e-06
1.494000000000000000e+03 4.458578510624138921e-06
1.495000000000000000e+03 4.458590911499165548e-06
1.496000000000000000e+03 4.458549005520743529e-06
1.497000000000000000e+03 4.458561864531880483e-06
1.498000000000000000e+03 4.458543660894693951e-06
1.499000000000000000e+03 4.458526602498965407e-06
1.500000000000000000e+03 4.458498685933699620e-06
1.501000000000000000e+03 4.458511014954934884e-06
1.502000000000000000e+03 4.458502082728641772e-06
1.503000000000000000e+03 4.458486269448087861e-06
1.504000000000000000e+03 4.458452984790659816e-06
1.505000000000000000e+03 4.458457614443092618e-06
1.506000000000000000e+03 4.458425658104572212e-06
1.507000000000000000e+03 4.458447207824769735e-06
1.508000000000000000e+03 4.458454271920157717e-06
1.509000000000000000e+03 4.458415342525059121e-06
1.510000000000000000e+03 4.458387685209761424e-06
1.511000000000000000e+03 4.458400534488562659e-06
1.512000000000000000e+03 4.458364017254628878e-06
1.513000000000000000e+03 4.458364582906862284e-06
1.514000000000000000e+03 4.458349103803398129e-06
1.515000000000000000e+03 4.458369976248989455e-06
1.516000000000000000e+03 4.458335004089428547e-06
1.517000000000000000e+03 4.458302579627402688e-06
1.518000000000000000e+03 4.458309356924241486e-06
1.519000000000000000e+03 4.458320213719389847e-06
1.520000000000000000e+03 4.458338584898721799e-06
1.521000000000000000e+03 4.458261255246810054e-06
1.522000000000000000e+03 4.458246447797602193e-06
1.523000000000000000e+03 4.458246691008680402e-06
1.524000000000000000e+03 4.458242602787487483e-06
1.525000000000000000e+03 4.458213663926905668e-06
1.526000000000000000e+03 4.458224333485535388e-06
1.527000000000000000e+03 4.458190224096839634e-06
1.528000000000000000e+03 4.458193539526858205e-06
1.529000000000000000e+03 4.458260806524410451e-06
1.530000000000000000e+03 4.458220487821824645e-06
1.531000000000000000e+03 4.458181474795726754e-06
1.532000000000000000e+03 4.458154746430554363e-06
1.533000000000000000e+03 4.458146013545431279e-06
1.534000000000000000e+03 4.458117802135987461e-06
1.535000000000000000e+03 4.458135191605060200e-06
1.536000000000000000e+03 4.458100313523453134e-06
1.537000000000000000e+03 4.458122609891232709e-06
1.538000000000000000e+03 4.458111592101964396e-06
1.539000000000000000e+03 4.458058399222961207e-06
1.540000000000000000e+03 4.458084649794149547e-06
1.541000000000000000e+03 4.458049429789326260e-06
1.542000000000000000e+03 4.458059104201659510e-06
1.543000000000000000e+03 4.458042797871931113e-06
1.544000000000000000e+03 4.458016447308542314e-06
1.545000000000000000e+03 4.457996721355546096e-06
1.546000000000000000e+03 4.458042406413699588e-06
1.547000000000000000e+03 4.457996931984961583e-06
1.548000000000000000e+03 4.457971205479532429e-06
1.549000000000000000e+03 4.457971695337174014e-06
1.550000000000000000e+03 4.457947104267121901e-06
1.551000000000000000e+03 4.457943047703448266e-06
1.552000000000000000e+03 4.457932822682423075e-06
1.553000000000000000e+03 4.457924495562800604e-06
1.554000000000000000e+03 4.457971567993455524e-06
1.555000000000000000e+03 4.457894262693347143e-06
1.556000000000000000e+03 4.457915053579758893e-06
1.557000000000000000e+03 4.457901164036167998e-06
1.558000000000000000e+03 4.457871502965806749e-06
1.559000000000000000e+03 4.457880468246438309e-06
1.560000000000000000e+03 4.457842849816300704e-06
1.561000000000000000e+03 4.457833824527561550e-06
1.562000000000000000e+03 4.457820101120096440e-06
1.563000000000000000e+03 4.457811300285188188e-06
1.564000000000000000e+03 4.457797579823150556e-06
1.565000000000000000e+03 4.457804196691734845e-06
1.566000000000000000e+03 4.457780342902848145e-06
1.567000000000000000e+03 4.457772353378674436e-06
1.568000000000000000e+03 4.457786316832185128e-06
1.569000000000000000e+03 4.457752100612583761e-06
1.570000000000000000e+03 4.457758130171150909e-06
1.571000000000000000e+03 4.457731332933166300e-06
1.572000000000000000e+03 4.457717595948295829e-06
1.573000000000000000e+03 4.457741169700622724e-06
1.574000000000000000e+03 4.457708537733385324e-06
1.575000000000000000e+03 4.457731662626685354e-06
1.576000000000000000e+03 4.457703113691097857e-06
1.577000000000000000e+03 4.457683117301991983e-06
1.578000000000000000e+03 4.457668339055390167e-06
1.579000000000000000e+03 4.457657817281714142e-06
1.580000000000000000e+03 4.457640644496592492e-06
1.581000000000000000e+03 4.457639829355304758e-06
1.582000000000000000e+03 4.457656812812742662e-06
1.583000000000000000e+03 4.457636029007393366e-06
1.584000000000000000e+03 4.457615516992652584e-06
1.585000000000000000e+03 4.457621515911027674e-06
1.586000000000000000e+03 4.457577297905291468e-06
1.587000000000000000e+03 4.457559462113755692e-06
1.588000000000000000e+03 4.457618935850756580e-06
1.589000000000000000e+03 4.457565425602236765e-06
1.590000000000000000e+03 4.457542034432359395e-06
1.591000000000000000e+03 4.457542659186232840e-06
1.592000000000000000e+03 4.457532132940419366e-06
1.593000000000000000e+03 4.457562359529448784e-06
1.594000000000000000e+03 4.457518317178860692e-06
1.595000000000000000e+03 4.457490900380033735e-06
1.596000000000000000e+03 4.457502020922214970e-06
1.597000000000000000e+03 4.457473668899393852e-06
1.598000000000000000e+03 4.457464818802779029e-06
1.599000000000000000e+03 4.457470379573437397e-06
1.600000000000000000e+03 4.457437720206872886e-06
1.601000000000000000e+03 4.457440802273228556e-06
1.602000000000000000e+03 4.457423888209091911e-06
1.603000000000000000e+03 4.457414503728342110e-06
1.604000000000000000e+03 4.457408209961518248e-06
1.605000000000000000e+03 4.457394470808401827e-06
1.606000000000000000e+03 4.457405731227544834e-06
1.607000000000000000e+03 4.457378437749241626e-06
1.608000000000000000e+03 4.457365052314762261e-06
1.609000000000000000e+03 4.457362230247903126e-06
1.610000000000000000e+03 4.457383108645341709e-06
1.611000000000000000e+03 4.457339196760072274e-06
1.612000000000000000e+03 4.457334846640434902e-06
1.613000000000000000e+03 4.457343105796308865e-06
1.614000000000000000e+03 4.457309972439903853e-06
1.615000000000000000e+03 4.457299832853477917e-06
1.616000000000000000e+03 4.457294866358551046e-06
1.617000000000000000e+03 4.457287873393254559e-06
1.618000000000000000e+03 4.457294945082693560e-06
1.619000000000000000e+03 4.457296144012464161e-06
1.620000000000000000e+03 4.457252035906844746e-06
1.621000000000000000e+03 4.457252339838952769e-06
1.622000000000000000e+03 4.457244155167737563e-06
1.623000000000000000e+03 4.457222343553899958e-06
1.624000000000000000e+03 4.457233127895925241e-06
1.625000000000000000e+03 4.457235529999114214e-06
1.626000000000000000e+03 4.457200272509478039e-06
1.627000000000000000e+03 4.457189357809477737e-06
1.628000000000000000e+03 4.457182849292297740e-06
1.629000000000000000e+03 4.457174500124162860e-06
1.630000000000000000e+03 4.457187399433785900e-06
1.631000000000000000e+03 4.457161809976570676e-06
1.632000000000000000e+03 4.457166580034277487e-06
1.633000000000000000e+03 4.457133451177275916e-06
1.634000000000000000e+03 4.457126679876347029e-06
1.635000000000000000e+03 4.457133686174903488e-06
1.636000000000000000e+03 4.457109769167136788e-06
1.637000000000000000e+03 4.457104205984606313e-06
1.638000000000000000e+03 4.457100435345647945e-06
1.639000000000000000e+03 4.457098074975923055e-06
1.640000000000000000e+03 4.457076441102947166e-06
1.641000000000000000e+03 4.457069922826369594e-06
1.642000000000000000e+03 4.457062118704620533e-06
1.643000000000000000e+03 4.457052827633791710e-06
1.644000000000000000e+03 4.457046411246052657e-06
1.645000000000000000e+03 4.457048665447192406e-06
1.646000000000000000e+03 4.457034938175324974e-06
1.647000000000000000e+03 4.457020859407998217e-06
1.648000000000000000e+03 4.457008901172142349e-06
1.649000000000000000e+03 4.456998680613155434e-06
1.650000000000000000e+03 4.457019548665434197e-06
1.651000000000000000e+03 4.457005240449502819e-06
1.652000000000000000e+03 4.457005081725406602e-06
1.653000000000000000e+03 4.456981572574347123e-06
1.654000000000000000e+03 4.456971085872686919e-06
1.655000000000000000e+03 4.456949434326588814e-06
1.656000000000000000e+03 4.456940412413286967e-06
1.657000000000000000e+03 4.456934259687381978e-06
1.658000000000000000e+03 4.456945714021197072e-06
1.659000000000000000e+03 4.456945470653698135e-06
1.660000000000000000e+03 4.456928790383248618e-06
1.661000000000000000e+03 4.456909829984553431e-06
1.662000000000000000e+03 4.456883015832060324e-06
1.663000000000000000e+03 4.456889577503680772e-06
1.664000000000000000e+03 4.456876959467140798e-06
1.665000000000000000e+03 4.456853503960922506e-06
1.666000000000000000e+03 4.456860028427402558e-06
1.667000000000000000e+03 4.456903202107419892e-06
1.668000000000000000e+03 4.456835985495857989e-06
1.669000000000000000e+03 4.456820423833319815e-06
1.670000000000000000e+03 4.456817450135950299e-06
1.671000000000000000e+03 4.456815415663181010e-06
1.672000000000000000e+03 4.456800086673807020e-06
1.673000000000000000e+03 4.456794902641883025e-06
1.674000000000000000e+03 4.456828008973457908e-06
1.675000000000000000e+03 4.456789595163250242e-06
1.676000000000000000e+03 4.456786856217529083e-06
1.677000000000000000e+03 4.456785185405608699e-06
1.678000000000000000e+03 4.456768346116073577e-06
1.679000000000000000e+03 4.456742255950354560e-06
1.680000000000000000e+03 4.456769477005218113e-06
1.681000000000000000e+03 4.456757978320354713e-06
1.682000000000000000e+03 4.456722145749342314e-06
1.683000000000000000e+03 4.456707159667898462e-06
1.684000000000000000e+03 4.456710152844803151e-06
1.685000000000000000e+03 4.456691615666679100e-06
1.686000000000000000e+03 4.456722438789403694e-06
1.687000000000000000e+03 4.456690240468565282e-06
1.688000000000000000e+03 4.456688295458866158e-06
1.689000000000000000e+03 4.456658199825495146e-06
1.690000000000000000e+03 4.456650721768031351e-06
1.691000000000000000e+03 4.456644391679225148e-06
1.692000000000000000e+03 4.456633015264712026e-06
1.693000000000000000e+03 4.456624931825730644e-06
1.694000000000000000e+03 4.456655788115801434e-06
1.695000000000000000e+03 4.456628262412122245e-06
1.696000000000000000e+03 4.456607738647219293e-06
1.697000000000000000e+03 4.456590772276169812e-06
1.698000000000000000e+03 4.456603489331544876e-06
1.699000000000000000e+03 4.456579475547473825e-06
1.700000000000000000e+03 4.456575566570661677e-06
1.701000000000000000e+03 4.456604049990061660e-06
1.702000000000000000e+03 4.456593743006825065e-06
1.703000000000000000e+03 4.456547112579992502e-06
1.704000000000000000e+03 4.456544858462953806e-06
1.705000000000000000e+03 4.456534406829776449e-06
1.706000000000000000e+03 4.456525725392042907e-06
1.707000000000000000e+03 4.456527750290375276e-06
1.708000000000000000e+03 4.456549163352976583e-06
1.709000000000000000e+03 4.456497953065254685e-06
1.710000000000000000e+03 4.456511149468998880e-06
1.711000000000000000e+03 4.456493897735357383e-06
1.712000000000000000e+03 4.456468823207736214e-06
1.713000000000000000e+03 4.456464818004595667e-06
1.714000000000000000e+03 4.456461867059551789e-06
1.715000000000000000e+03 4.456483508071470436e-06
1.716000000000000000e+03 4.456452479724606734e-06
1.717000000000000000e+03 4.456447863868841394e-06
1.718000000000000000e+03 4.456436006017670561e-06
1.719000000000000000e+03 4.456421690101155137e-06
1.720000000000000000e+03 4.456451842555120860e-06
1.721000000000000000e+03 4.456408447176376034e-06
1.722000000000000000e+03 4.456431256943324605e-06
1.723000000000000000e+03 4.456405902767449792e-06
1.724000000000000000e+03 4.456395210860946737e-06
1.725000000000000000e+03 4.456381173057214970e-06
1.726000000000000000e+03 4.456368917627854724e-06
1.727000000000000000e+03 4.456386097971853502e-06
1.728000000000000000e+03 4.456396312611437910e-06
1.729000000000000000e+03 4.456377318831386876e-06
1.730000000000000000e+03 4.456348667954234754e-06
1.731000000000000000e+03 4.456334841451508027e-06
1.732000000000000000e+03 4.456329657182768866e-06
1.733000000000000000e+03 4.456364529650592230e-06
1.734000000000000000e+03 4.456311539453699265e-06
1.735000000000000000e+03 4.456310531553003445e-06
1.736000000000000000e+03 4.456301902213489914e-06
1.737000000000000000e+03 4.456293201566671196e-06
1.738000000000000000e+03 4.456283887727845779e-06
1.739000000000000000e+03 4.456288070349247072e-06
1.740000000000000000e+03 4.456264139970944174e-06
1.741000000000000000e+03 4.456258013694488302e-06
1.742000000000000000e+03 4.456257463047994128e-06
1.743000000000000000e+03 4.456244657834351485e-06
1.744000000000000000e+03 4.456232091103077394e-06
1.745000000000000000e+03 4.456235380758953182e-06
1.746000000000000000e+03 4.456230332906822588e-06
1.747000000000000000e+03 4.456211572361385597e-06
1.748000000000000000e+03 4.456208268387494414e-06
1.749000000000000000e+03 4.456200876437244338e-06
1.750000000000000000e+03 4.456205432016688254e-06
1.751000000000000000e+03 4.456181794110682245e-06
1.752000000000000000e+03 4.456193843952095108e-06
1.753000000000000000e+03 4.456177216534150136e-06
1.754000000000000000e+03 4.456165437612851720e-06
1.755000000000000000e+03 4.456156631612367249e-06
1.756000000000000000e+03 4.456159172673585503e-06
1.757000000000000000e+03 4.456144870174842763e-06
1.758000000000000000e+03 4.456136822012035012e-06
1.759000000000000000e+03 4.456125892216583678e-06
1.760000000000000000e+03 4.456127323645856379e-06
1.761000000000000000e+03 4.456143008838975696e-06
1.762000000000000000e+03 4.456107755969256267e-06
1.763000000000000000e+03 4.456100242494105893e-06
1.764000000000000000e+03 4.456094222001378119e-06
1.765000000000000000e+03 4.456094663118436602e-06
1.766000000000000000e+03 4.456110372821128486e-06
1.767000000000000000e+03 4.456077824483235278e-06
1.768000000000000000e+03 4.456091330158390173e-06
1.769000000000000000e+03 4.456048548516286608e-06
1.770000000000000000e+03 4.456052075731105793e-06
1.771000000000000000e+03 4.456073158868058666e-06
1.772000000000000000e+03 4.456039103417167385e-06
1.773000000000000000e+03 4.456041408501232225e-06
1.774000000000000000e+03 4.456019559523136544e-06
1.775000000000000000e+03 4.456021836968509539e-06
1.776000000000000000e+03 4.456004939314689264e-06
1.777000000000000000e+03 4.456008654089087998e-06
1.778000000000000000e+03 4.455999216063534141e-06
1.779000000000000000e+03 4.456024024842390459e-06
1.780000000000000000e+03 4.455979074915448107e-06
1.781000000000000000e+03 4.456027295276958386e-06
1.782000000000000000e+03 4.455990299623701540e-06
1.783000000000000000e+03 4.455959335757299721e-06
1.784000000000000000e+03 4.455954558873102819e-06
1.785000000000000000e+03 4.455954862068559842e-06
1.786000000000000000e+03 4.455952595845467919e-06
1.787000000000000000e+03 4.455935004396065305e-06
1.788000000000000000e+03 4.455931564397596121e-06
1.789000000000000000e+03 4.455916881034528995e-06
1.790000000000000000e+03 4.455925195025690508e-06
1.791000000000000000e+03 4.455916894395007524e-06
1.792000000000000000e+03 4.455972908321882437e-06
1.793000000000000000e+03 4.455927082539060834e-06
1.794000000000000000e+03 4.455884361582216882e-06
1.795000000000000000e+03 4.455884919792882141e-06
1.796000000000000000e+03 4.455876815788596404e-06
1.797000000000000000e+03 4.455876311634698006e-06
1.798000000000000000e+03 4.455867504690444343e-06
1.799000000000000000e+03 4.455865638839060728e-06
1.800000000000000000e+03 4.455845357441509854e-06
1.801000000000000000e+03 4.455859339305833073e-06
1.802000000000000000e+03 4.455865733007035537e-06
1.803000000000000000e+03 4.455828803196543145e-06
1.804000000000000000e+03 4.455822383654699883e-06
1.805000000000000000e+03 4.455831772787243670e-06
1.806000000000000000e+03 4.455816358361981240e-06
1.807000000000000000e+03 4.455810746724472773e-06
1.808000000000000000e+03 4.455808267315647034e-06
1.809000000000000000e+03 4.455793751474250848e-06
1.810000000000000000e+03 4.455865774088298651e-06
1.811000000000000000e+03 4.455808185939678990e-06
1.812000000000000000e+03 4.455774845346299985e-06
1.813000000000000000e+03 4.455764454575723835e-06
1.814000000000000000e+03 4.455765075026796116e-06
1.815000000000000000e+03 4.455761323157327223e-06
1.816000000000000000e+03 4.455754724769679625e-06
1.817000000000000000e+03 4.455743269760494669e-06
1.818000000000000000e+03 4.455732739468014323e-06
1.819000000000000000e+03 4.455735778260978837e-06
1.820000000000000000e+03 4.455721292857148333e-06
1.821000000000000000e+03 4.455714604615179276e-06
1.822000000000000000e+03 4.455714114045559912e-06
1.823000000000000000e+03 4.455712360207164259e-06
1.824000000000000000e+03 4.455708352991603873e-06
1.825000000000000000e+03 4.455702892910676750e-06
1.826000000000000000e+03 4.455700676663646799e-06
1.827000000000000000e+03 4.455683526470162708e-06
1.828000000000000000e+03 4.455686566042577105e-06
1.829000000000000000e+03 4.455660581271626115e-06
1.830000000000000000e+03 4.455657498981923102e-06
1.831000000000000000e+03 4.455675898972586088e-06
1.832000000000000000e+03 4.455652162551361134e-06
1.833000000000000000e+03 4.455650913562680269e-06
1.834000000000000000e+03 4.455654127246958915e-06
1.835000000000000000e+03 4.455628599006169194e-06
1.836000000000000000e+03 4.455627506673242745e-06
1.837000000000000000e+03 4.455620680814600700e-06
1.838000000000000000e+03 4.455609743200918372e-06
1.839000000000000000e+03 4.455621590212566228e-06
1.840000000000000000e+03 4.455600746852530311e-06
1.841000000000000000e+03 4.455593089787136685e-06
1.842000000000000000e+03 4.455592030160630747e-06
1.843000000000000000e+03 4.455593120739828843e-06
1.844000000000000000e+03 4.455570564051694958e-06
1.845000000000000000e+03 4.455581156053187736e-06
1.846000000000000000e+03 4.455569538390720620e-06
1.847000000000000000e+03 4.455552146676974996e-06
1.848000000000000000e+03 4.455566215366624772e-06
1.849000000000000000e+03 4.455555100842079844e-06
1.850000000000000000e+03 4.455574578583450757e-06
1.851000000000000000e+03 4.455543114932908813e-06
1.852000000000000000e+03 4.455534173736874755e-06
1.853000000000000000e+03 4.455532610513070169e-06
1.854000000000000000e+03 4.455534953824885578e-06
1.855000000000000000e+03 4.455517358120379073e-06
1.856000000000000000e+03 4.455520666291578549e-06
1.857000000000000000e+03 4.455498197195268277e-06
1.858000000000000000e+03 4.455495623579266196e-06
1.859000000000000000e+03 4.455489129716599832e-06
1.860000000000000000e+03 4.455492891729626234e-06
1.861000000000000000e+03 4.455475577270704716e-06
1.862000000000000000e+03 4.455474554179980706e-06
1.863000000000000000e+03 4.455470452849180087e-06
1.864000000000000000e+03 4.455461321149438352e-06
1.865000000000000000e+03 4.455471961989501545e-06
1.866000000000000000e+03 4.455452326958693929e-06
1.867000000000000000e+03 4.455460548392779749e-06
1.868000000000000000e+03 4.455452443857936290e-06
1.869000000000000000e+03 4.455443727563633992e-06
1.870000000000000000e+03 4.455439722414106396e-06
1.871000000000000000e+03 4.455422200850656344e-06
1.872000000000000000e+03 4.455418398382910324e-06
1.873000000000000000e+03 4.455417612798832202e-06
1.874000000000000000e+03 4.455420435743693503e-06
1.875000000000000000e+03 4.455401657317170767e-06
1.876000000000000000e+03 4.455392005360788021e-06
1.877000000000000000e+03 4.455389363202143777e-06
1.878000000000000000e+03 4.455381710065465991e-06
1.879000000000000000e+03 4.455390847284826776e-06
1.880000000000000000e+03 4.455371794953099797e-06
1.881000000000000000e+03 4.455387100459079942e-06
1.882000000000000000e+03 4.455362840499442421e-06
1.883000000000000000e+03 4.455355349013669699e-06
1.884000000000000000e+03 4.455352729370071754e-06
1.885000000000000000e+03 4.455345266896608960e-06
1.886000000000000000e+03 4.455351839946935444e-06
1.887000000000000000e+03 4.455335136644686850e-06
1.888000000000000000e+03 4.455334492106816475e-06
1.889000000000000000e+03 4.455342373915836384e-06
1.890000000000000000e+03 4.455340131689087060e-06
1.891000000000000000e+03 4.455332054481526325e-06
1.892000000000000000e+03 4.455352193395270734e-06
1.893000000000000000e+03 4.455317541498480089e-06
1.894000000000000000e+03 4.455297689030921698e-06
1.895000000000000000e+03 4.455302068958566668e-06
1.896000000000000000e+03 4.455282628723137034e-06
1.897000000000000000e+03 4.455282657589561631e-06
1.898000000000000000e+03 4.455274689431967659e-06
1.899000000000000000e+03 4.455285269395071589e-06
1.900000000000000000e+03 4.455265905131697343e-06
1.901000000000000000e+03 4.455257052292959890e-06
1.902000000000000000e+03 4.455262227427825990e-06
1.903000000000000000e+03 4.455264825866311548e-06
1.904000000000000000e+03 4.455253288053535338e-06
1.905000000000000000e+03 4.455242045621813745e-06
1.906000000000000000e+03 4.455234361502140350e-06
1.907000000000000000e+03 4.455246113234907663e-06
1.908000000000000000e+03 4.455225286693679073e-06
1.909000000000000000e+03 4.455218341927737893e-06
1.910000000000000000e+03 4.455222070645557629e-06
1.911000000000000000e+03 4.455216519169526470e-06
1.912000000000000000e+03 4.455204902037282498e-06
1.913000000000000000e+03 4.455194306397124219e-06
1.914000000000000000e+03 4.455208044202214810e-06
1.915000000000000000e+03 4.455176258306554127e-06
1.916000000000000000e+03 4.455194241504421565e-06
1.917000000000000000e+03 4.455179945689008489e-06
1.918000000000000000e+03 4.455168901557251839e-06
1.919000000000000000e+03 4.455166880239556437e-06
1.920000000000000000e+03 4.455196205682202693e-06
1.921000000000000000e+03 4.455152307477811316e-06
1.922000000000000000e+03 4.455188777587478736e-06
1.923000000000000000e+03 4.455148449490901980e-06
1.924000000000000000e+03 4.455144031501316529e-06
1.925000000000000000e+03 4.455143819360003136e-06
1.926000000000000000e+03 4.455137722843265514e-06
1.927000000000000000e+03 4.455139786277592212e-06
1.928000000000000000e+03 4.455127571599095479e-06
1.929000000000000000e+03 4.455119115391888169e-06
1.930000000000000000e+03 4.455150377493884601e-06
1.931000000000000000e+03 4.455116675309289371e-06
1.932000000000000000e+03 4.455100847843726261e-06
1.933000000000000000e+03 4.455105239494306374e-06
1.934000000000000000e+03 4.455092880735120761e-06
1.935000000000000000e+03 4.455097496972493925e-06
1.936000000000000000e+03 4.455083184763172354e-06
1.937000000000000000e+03 4.455091989046965833e-06
1.938000000000000000e+03 4.455070507835240318e-06
1.939000000000000000e+03 4.455063380645813133e-06
1.940000000000000000e+03 4.455062669320474834e-06
1.941000000000000000e+03 4.455058006281432888e-06
1.942000000000000000e+03 4.455048669894717470e-06
1.943000000000000000e+03 4.455050039599734533e-06
1.944000000000000000e+03 4.455048679190668591e-06
1.945000000000000000e+03 4.455051761407746151e-06
1.946000000000000000e+03 4.455043366682060247e-06
1.947000000000000000e+03 4.455037914335922902e-06
1.948000000000000000e+03 4.455019560223589094e-06
1.949000000000000000e+03 4.455018777726579299e-06
1.950000000000000000e+03 4.455023614344588268e-06
1.951000000000000000e+03 4.455011430685689979e-06
1.952000000000000000e+03 4.455003056316447046e-06
1.953000000000000000e+03 4.455003334048031148e-06
1.954000000000000000e+03 4.455002587795135956e-06
1.955000000000000000e+03 4.454992760086575777e-06
1.956000000000000000e+03 4.454980860714433475e-06
1.957000000000000000e+03 4.454993641268682904e-06
1.958000000000000000e+03 4.454976477272888417e-06
1.959000000000000000e+03 4.454983031342470326e-06
1.960000000000000000e+03 4.454964367164845035e-06
1.961000000000000000e+03 4.454966422842533587e-06
1.962000000000000000e+03 4.454967002397977648e-06
1.963000000000000000e+03 4.454952528322307336e-06
1.964000000000000000e+03 4.454951691297388085e-06
1.965000000000000000e+03 4.454938132276761399e-06
1.966000000000000000e+03 4.454947584656924167e-06
1.967000000000000000e+03 4.454943015941478158e-06
1.968000000000000000e+03 4.454933753878470837e-06
1.969000000000000000e+03 4.454937358632019244e-06
1.970000000000000000e+03 4.454935056040408990e-06
1.971000000000000000e+03 4.454922043941549043e-06
1.972000000000000000e+03 4.454918490649411114e-06
1.973000000000000000e+03 4.454906767909623591e-06
1.974000000000000000e+03 4.454902056227048189e-06
1.975000000000000000e+03 4.454895420855057966e-06
1.976000000000000000e+03 4.454894371048806380e-06
1.977000000000000000e+03 4.454888739708600051e-06
1.978000000000000000e+03 4.454890754816459748e-06
1.979000000000000000e+03 4.454897009554477889e-06
1.980000000000000000e+03 4.454871405246844712e-06
1.981000000000000000e+03 4.454882860163558234e-06
1.982000000000000000e+03 4.454865683892098102e-06
1.983000000000000000e+03 4.454871324976453717e-06
1.984000000000000000e+03 4.454864533305066852e-06
1.985000000000000000e+03 4.454850888480667530e-06
1.986000000000000000e+03 4.454862863537383932e-06
1.987000000000000000e+03 4.454842182209792293e-06
1.988000000000000000e+03 4.454846369260941273e-06
1.989000000000000000e+03 4.454850136831890402e-06
1.990000000000000000e+03 4.454827931173002979e-06
1.991000000000000000e+03 4.454832354911921121e-06
1.992000000000000000e+03 4.454826028943982723e-06
1.993000000000000000e+03 4.454816818604490060e-06
1.994000000000000000e+03 4.454811870208674368e-06
1.995000000000000000e+03 4.454813375600049177e-06
1.996000000000000000e+03 4.454801937684281323e-06
1.997000000000000000e+03 4.454810154383192082e-06
1.998000000000000000e+03 4.454811985844069033e-06
1.999000000000000000e+03 4.454797951432286632e-06
2.000000000000000000e+03 4.454782417500724543e-06
2.001000000000000000e+03 4.454781218978689345e-06
2.002000000000000000e+03 4.454784003432500734e-06
2.003000000000000000e+03 4.454770968491464435e-06
2.004000000000000000e+03 4.454774547109247130e-06
2.005000000000000000e+03 4.454769704647280877e-06
2.006000000000000000e+03 4.454776239142732668e-06
2.007000000000000000e+03 4.454753483103488823e-06
2.008000000000000000e+03 4.454757095425783986e-06
2.009000000000000000e+03 4.454762920286955558e-06
2.010000000000000000e+03 4.454752390751198353e-06
2.011000000000000000e+03 4.454737432878316561e-06
2.012000000000000000e+03 4.454755400465922434e-06
2.013000000000000000e+03 4.454734395285773917e-06
2.014000000000000000e+03 4.454732157801764505e-06
2.015000000000000000e+03 4.454740678080105874e-06
2.016000000000000000e+03 4.454718843088778106e-06
2.017000000000000000e+03 4.454726379645209528e-06
2.018000000000000000e+03 4.454717461361513255e-06
2.019000000000000000e+03 4.454700516122611896e-06
2.020000000000000000e+03 4.454702486826399024e-06
2.021000000000000000e+03 4.454698488712570187e-06
2.022000000000000000e+03 4.454697803466268414e-06
2.023000000000000000e+03 4.454692672072717341e-06
2.024000000000000000e+03 4.454687087587099873e-06
2.025000000000000000e+03 4.454685734666892774e-06
2.026000000000000000e+03 4.454674043096856378e-06
2.027000000000000000e+03 4.454675756644308774e-06
2.028000000000000000e+03 4.454668698486998682e-06
2.029000000000000000e+03 4.454673771347725375e-06
2.030000000000000000e+03 4.454667843583674544e-06
2.031000000000000000e+03 4.454659883214147875e-06
2.032000000000000000e+03 4.454659300107622368e-06
2.033000000000000000e+03 4.454652841153753657e-06
2.034000000000000000e+03 4.454643544332789156e-06
2.035000000000000000e+03 4.454638503854295514e-06
2.036000000000000000e+03 4.454633487478117610e-06
2.037000000000000000e+03 4.454632283754536092e-06
2.038000000000000000e+03 4.454633799077590742e-06
2.039000000000000000e+03 4.454629532983915658e-06
2.040000000000000000e+03 4.454630748892954660e-06
2.041000000000000000e+03 4.454622709902421902e-06
2.042000000000000000e+03 4.454633192815956795e-06
2.043000000000000000e+03 4.454611686472255515e-06
2.044000000000000000e+03 4.454601071944802419e-06
2.045000000000000000e+03 4.454611822520638531e-06
2.046000000000000000e+03 4.454596626093979075e-06
2.047000000000000000e+03 4.454594137482701947e-06
2.048000000000000000e+03 4.454593590664280851e-06
2.049000000000000000e+03 4.454585165150737941e-06
2.050000000000000000e+03 4.454583939309380436e-06
2.051000000000000000e+03 4.454575493646444982e-06
2.052000000000000000e+03 4.454578294558405539e-06
2.053000000000000000e+03 4.454569813468981140e-06
2.054000000000000000e+03 4.454578757007755864e-06
2.055000000000000000e+03 4.454610615874005604e-06
2.056000000000000000e+03 4.454556774925535739e-06
2.057000000000000000e+03 4.454568354342189309e-06
2.058000000000000000e+03 4.454555632772137953e-06
2.059000000000000000e+03 4.454544779492278815e-06
2.060000000000000000e+03 4.454542550447941366e-06
2.061000000000000000e+03 4.454551307489469170e-06
2.062000000000000000e+03 4.454540126962422926e-06
2.063000000000000000e+03 4.454547532106339404e-06
2.064000000000000000e+03 4.454527012152981376e-06
2.065000000000000000e+03 4.454525855597731415e-06
2.066000000000000000e+03 4.454516791399699502e-06
2.067000000000000000e+03 4.454513732232134171e-06
2.068000000000000000e+03 4.454511108838778120e-06
2.069000000000000000e+03 4.454506940589891168e-06
2.070000000000000000e+03 4.454506571064270840e-06
2.071000000000000000e+03 4.454498931143246736e-06
2.072000000000000000e+03 4.454494538211844386e-06
2.073000000000000000e+03 4.454498543001490553e-06
2.074000000000000000e+03 4.454490643957259379e-06
2.075000000000000000e+03 4.454494856673899683e-06
2.076000000000000000e+03 4.454477548860511525e-06
2.077000000000000000e+03 4.454479130345669675e-06
2.078000000000000000e+03 4.454474851066690945e-06
2.079000000000000000e+03 4.454469972334169957e-06
2.080000000000000000e+03 4.454466531711871171e-06
2.081000000000000000e+03 4.454466545984821025e-06
2.082000000000000000e+03 4.454456446147831877e-06
2.083000000000000000e+03 4.454454115165644888e-06
2.084000000000000000e+03 4.454458949092888529e-06
2.085000000000000000e+03 4.454450461447180091e-06
2.086000000000000000e+03 4.454449329695342662e-06
2.087000000000000000e+03 4.454449976180391859e-06
2.088000000000000000e+03 4.454460189645868323e-06
2.089000000000000000e+03 4.454433051590683304e-06
2.090000000000000000e+03 4.454434725662888559e-06
2.091000000000000000e+03 4.454428836764260958e-06
2.092000000000000000e+03 4.454423767032164805e-06
2.093000000000000000e+03 4.454421460188101872e-06
2.094000000000000000e+03 4.454424214904608350e-06
2.095000000000000000e+03 4.454424109418485279e-06
2.096000000000000000e+03 4.454416175350460717e-06
2.097000000000000000e+03 4.454405545101661921e-06
2.098000000000000000e+03 4.454402704009159535e-06
2.099000000000000000e+03 4.454411642260070199e-06
2.100000000000000000e+03 4.454392162430508115e-06
2.101000000000000000e+03 4.454395327198911036e-06
2.102000000000000000e+03 4.454384818865437128e-06
2.103000000000000000e+03 4.454382542588877273e-06
2.104000000000000000e+03 4.454388922381952057e-06
2.105000000000000000e+03 4.454377662058051128e-06
2.106000000000000000e+03 4.454383247047182250e-06
2.107000000000000000e+03 4.454376064825705998e-06
2.108000000000000000e+03 4.454367644397132263e-06
2.109000000000000000e+03 4.454361283812957156e-06
2.110000000000000000e+03 4.454355434379676574e-06
2.111000000000000000e+03 4.454356478131700878e-06
2.112000000000000000e+03 4.454358057780380636e-06
2.113000000000000000e+03 4.454349425547675303e-06
2.114000000000000000e+03 4.454349791594379698e-06
2.115000000000000000e+03 4.454342413094102263e-06
2.116000000000000000e+03 4.454336151221049575e-06
2.117000000000000000e+03 4.454332823347266588e-06
2.118000000000000000e+03 4.454334541195494892e-06
2.119000000000000000e+03 4.454328404521502917e-06
2.120000000000000000e+03 4.454321633782001867e-06
2.121000000000000000e+03 4.454322631983165012e-06
2.122000000000000000e+03 4.454321444414581265e-06
2.123000000000000000e+03 4.454326708615071035e-06
2.124000000000000000e+03 4.454317421253162320e-06
2.125000000000000000e+03 4.454313531020355814e-06
2.126000000000000000e+03 4.454313318251546014e-06
2.127000000000000000e+03 4.454304187121266224e-06
2.128000000000000000e+03 4.454298700078861108e-06
2.129000000000000000e+03 4.454311090755127395e-06
2.130000000000000000e+03 4.454293405457970778e-06
2.131000000000000000e+03 4.454291320916170028e-06
2.132000000000000000e+03 4.454284897703771322e-06
2.133000000000000000e+03 4.454279491876642783e-06
2.134000000000000000e+03 4.454279149593040301e-06
2.135000000000000000e+03 4.454293314722043874e-06
2.136000000000000000e+03 4.454272105276083396e-06
2.137000000000000000e+03 4.454266961895709147e-06
2.138000000000000000e+03 4.454300914883221156e-06
2.139000000000000000e+03 4.454257745296654863e-06
2.140000000000000000e+03 4.454258373835054576e-06
2.141000000000000000e+03 4.454251479821964720e-06
2.142000000000000000e+03 4.454252329866292825e-06
2.143000000000000000e+03 4.454253552639160824e-06
2.144000000000000000e+03 4.454243700189173138e-06
2.145000000000000000e+03 4.454242166266138092e-06
2.146000000000000000e+03 4.454237086281676272e-06
2.147000000000000000e+03 4.454237679629925325e-06
2.148000000000000000e+03 4.454235398729587100e-06
2.149000000000000000e+03 4.454227124427261404e-06
2.150000000000000000e+03 4.454224582903339544e-06
2.151000000000000000e+03 4.454225986052879089e-06
2.152000000000000000e+03 4.454227431600526601e-06
2.153000000000000000e+03 4.454219405437465879e-06
2.154000000000000000e+03 4.454214464778320377e-06
2.155000000000000000e+03 4.454205884988268297e-06
2.156000000000000000e+03 4.454203612032294436e-06
2.157000000000000000e+03 4.454212155227301081e-06
2.158000000000000000e+03 4.454205037671509102e-06
2.159000000000000000e+03 4.454213460056069952e-06
2.160000000000000000e+03 4.454189500211005314e-06
2.161000000000000000e+03 4.454192410740769121e-06
2.162000000000000000e+03 4.454183739108627790e-06
2.163000000000000000e+03 4.454186891601506520e-06
2.164000000000000000e+03 4.454181569821660088e-06
2.165000000000000000e+03 4.454177234220425777e-06
2.166000000000000000e+03 4.454176032692823761e-06
2.167000000000000000e+03 4.454173081889059897e-06
2.168000000000000000e+03 4.454170097914108542e-06
2.169000000000000000e+03 4.454163802915045713e-06
2.170000000000000000e+03 4.454164038795173196e-06
2.171000000000000000e+03 4.454168812975166592e-06
2.172000000000000000e+03 4.454159781182001297e-06
2.173000000000000000e+03 4.454154250809585954e-06
2.174000000000000000e+03 4.454150097552673949e-06
2.175000000000000000e+03 4.454146319621777498e-06
2.176000000000000000e+03 4.454143475563037728e-06
2.177000000000000000e+03 4.454143562906296981e-06
2.178000000000000000e+03 4.454136503743907758e-06
2.179000000000000000e+03 4.454135146349007711e-06
2.180000000000000000e+03 4.454133610230568299e-06
2.181000000000000000e+03 4.454126494912956697e-06
2.182000000000000000e+03 4.454129511611166731e-06
2.183000000000000000e+03 4.454120251907132616e-06
2.184000000000000000e+03 4.454115343685764351e-06
2.185000000000000000e+03 4.454113272708747324e-06
2.186000000000000000e+03 4.454121366034604739e-06
2.187000000000000000e+03 4.454109854068217293e-06
2.188000000000000000e+03 4.454113347966917415e-06
2.189000000000000000e+03 4.454101407461226350e-06
2.190000000000000000e+03 4.454104986543194111e-06
2.191000000000000000e+03 4.454095241802868063e-06
2.192000000000000000e+03 4.454093165307194216e-06
2.193000000000000000e+03 4.454090281222984867e-06
2.194000000000000000e+03 4.454089521636778881e-06
2.195000000000000000e+03 4.454086493862541564e-06
2.196000000000000000e+03 4.454092206359489410e-06
2.197000000000000000e+03 4.454087576020422902e-06
2.198000000000000000e+03 4.454080250644309572e-06
2.199000000000000000e+03 4.454072567431491674e-06
2.200000000000000000e+03 4.454071278857184264e-06
2.201000000000000000e+03 4.454066720216791975e-06
2.202000000000000000e+03 4.454074269515068024e-06
2.203000000000000000e+03 4.454076595203055993e-06
2.204000000000000000e+03 4.454056118797219477e-06
2.205000000000000000e+03 4.454065222127515409e-06
2.206000000000000000e+03 4.454055899766655087e-06
2.207000000000000000e+03 4.454049068802332217e-06
2.208000000000000000e+03 4.454058206355067383e-06
2.209000000000000000e+03 4.454042966768586101e-06
2.210000000000000000e+03 4.454043783284921711e-06
2.211000000000000000e+03 4.454038209947061662e-06
2.212000000000000000e+03 4.454036016797374198e-06
2.213000000000000000e+03 4.454036633564725602e-06
2.214000000000000000e+03 4.454032994707228554e-06
2.215000000000000000e+03 4.454033306270176778e-06
2.216000000000000000e+03 4.454025967084442312e-06
2.217000000000000000e+03 4.454022562325471926e-06
2.218000000000000000e+03 4.454019493221913662e-06
2.219000000000000000e+03 4.454016766821539887e-06
2.220000000000000000e+03 4.454019710761847449e-06
2.221000000000000000e+03 4.454010240410279812e-06
2.222000000000000000e+03 4.454008529143692326e-06
2.223000000000000000e+03 4.454005822656341468e-06
2.224000000000000000e+03 4.454002743783277986e-06
2.225000000000000000e+03 4.454012213903032187e-06
2.226000000000000000e+03 4.454000091323401897e-06
2.227000000000000000e+03 4.454001133950714677e-06
2.228000000000000000e+03 4.453993204719271961e-06
2.229000000000000000e+03 4.453986786945976742e-06
2.230000000000000000e+03 4.453999630485187011e-06
2.231000000000000000e+03 4.453981315617244902e-06
2.232000000000000000e+03 4.453978524532338677e-06
2.233000000000000000e+03 4.453977588728450514e-06
2.234000000000000000e+03 4.453979425680433692e-06
2.235000000000000000e+03 4.453969492760088320e-06
2.236000000000000000e+03 4.453968617397128881e-06
2.237000000000000000e+03 4.453980046810253802e-06
2.238000000000000000e+03 4.453964201809720398e-06
2.239000000000000000e+03 4.453964312714974766e-06
2.240000000000000000e+03 4.453977516924212273e-06
2.241000000000000000e+03 4.453956622264038410e-06
2.242000000000000000e+03 4.453953268164763511e-06
2.243000000000000000e+03 4.453960085037416825e-06
2.244000000000000000e+03 4.453947961063158646e-06
2.245000000000000000e+03 4.453946811014397352e-06
2.246000000000000000e+03 4.453952317679120289e-06
2.247000000000000000e+03 4.453939792779158680e-06
2.248000000000000000e+03 4.453937849138970377e-06
2.249000000000000000e+03 4.453937813861231429e-06
2.250000000000000000e+03 4.453935345300164369e-06
2.251000000000000000e+03 4.453934146166185136e-06
2.252000000000000000e+03 4.453927000264779472e-06
2.253000000000000000e+03 4.453927561136029428e-06
2.254000000000000000e+03 4.453932607506806971e-06
2.255000000000000000e+03 4.453919451847374489e-06
2.256000000000000000e+03 4.453916419656964036e-06
2.257000000000000000e+03 4.453915847886089879e-06
2.258000000000000000e+03 4.453914963559985341e-06
2.259000000000000000e+03 4.453911320517420473e-06
2.260000000000000000e+03 4.453911275998028604e-06
2.261000000000000000e+03 4.453912625650819661e-06
2.262000000000000000e+03 4.453902561296553128e-06
2.263000000000000000e+03 4.453906520394186025e-06
2.264000000000000000e+03 4.453897724552088069e-06
2.265000000000000000e+03 4.453904402349863061e-06
2.266000000000000000e+03 4.453894565397712796e-06
2.267000000000000000e+03 4.453888459367488205e-06
2.268000000000000000e+03 4.453901341531790505e-06
2.269000000000000000e+03 4.453886105173094286e-06
2.270000000000000000e+03 4.453880817468685368e-06
2.271000000000000000e+03 4.453881990317641519e-06
2.272000000000000000e+03 4.453877078708860596e-06
2.273000000000000000e+03 4.453874962577760596e-06
2.274000000000000000e+03 4.453875557439720207e-06
2.275000000000000000e+03 4.453868624443300135e-06
2.276000000000000000e+03 4.453867102493717003e-06
2.277000000000000000e+03 4.453867659662776530e-06
2.278000000000000000e+03 4.453864797785348544e-06
2.279000000000000000e+03 4.453859272513575875e-06
2.280000000000000000e+03 4.453858225419529714e-06
2.281000000000000000e+03 4.453867252806078099e-06
2.282000000000000000e+03 4.453852507504228996e-06
2.283000000000000000e+03 4.453850606199336932e-06
2.284000000000000000e+03 4.453853314206314025e-06
2.285000000000000000e+03 4.453858416874793358e-06
2.286000000000000000e+03 4.453858359714950093e-06
2.287000000000000000e+03 4.453840019372472614e-06
2.288000000000000000e+03 4.453844223223942425e-06
2.289000000000000000e+03 4.453845603490422726e-06
2.290000000000000000e+03 4.453849047813416929e-06
2.291000000000000000e+03 4.453830781827821591e-06
2.292000000000000000e+03 4.453836848304306193e-06
2.293000000000000000e+03 4.453830755979548180e-06
2.294000000000000000e+03 4.453830906127257929e-06
2.295000000000000000e+03 4.453835028888020065e-06
2.296000000000000000e+03 4.453822500709348923e-06
2.297000000000000000e+03 4.453829977515245306e-06
2.298000000000000000e+03 4.453819384210044308e-06
2.299000000000000000e+03 4.453823821375132620e-06
2.300000000000000000e+03 4.453811303253337024e-06
2.301000000000000000e+03 4.453809134052707391e-06
2.302000000000000000e+03 4.453808146851875581e-06
2.303000000000000000e+03 4.453810005271621663e-06
2.304000000000000000e+03 4.453801611960494333e-06
2.305000000000000000e+03 4.453801587922912241e-06
2.306000000000000000e+03 4.453795304093056247e-06
2.307000000000000000e+03 4.453792322071701682e-06
2.308000000000000000e+03 4.453790663515914364e-06
2.309000000000000000e+03 4.453788832742629114e-06
2.310000000000000000e+03 4.453790073951038766e-06
2.311000000000000000e+03 4.453784438613177434e-06
2.312000000000000000e+03 4.453783846756728737e-06
2.313000000000000000e+03 4.453778821857010750e-06
2.314000000000000000e+03 4.453778977957892517e-06
2.315000000000000000e+03 4.453780912394640096e-06
2.316000000000000000e+03 4.453796045196550162e-06
2.317000000000000000e+03 4.453773146644977712e-06
2.318000000000000000e+03 4.453772323378856774e-06
2.319000000000000000e+03 4.453765878306623095e-06
2.320000000000000000e+03 4.453766239739586460e-06
2.321000000000000000e+03 4.453771402326268463e-06
2.322000000000000000e+03 4.453757223489436784e-06
2.323000000000000000e+03 4.453755743403622742e-06
2.324000000000000000e+03 4.453755475754221836e-06
2.325000000000000000e+03 4.453757935718726950e-06
2.326000000000000000e+03 4.453761798732656550e-06
2.327000000000000000e+03 4.453749654246601933e-06
2.328000000000000000e+03 4.453743807900644636e-06
2.329000000000000000e+03 4.453749371189361702e-06
2.330000000000000000e+03 4.453745440708997814e-06
2.331000000000000000e+03 4.453738889903656421e-06
2.332000000000000000e+03 4.453737435560107077e-06
2.333000000000000000e+03 4.453736581160024695e-06
2.334000000000000000e+03 4.453735421551276864e-06
2.335000000000000000e+03 4.453731704133052827e-06
2.336000000000000000e+03 4.453731105643590764e-06
2.337000000000000000e+03 4.453728797473624807e-06
2.338000000000000000e+03 4.453724589512835638e-06
2.339000000000000000e+03 4.453723752956521271e-06
2.340000000000000000e+03 4.453732758335779799e-06
2.341000000000000000e+03 4.453720263203519724e-06
2.342000000000000000e+03 4.453716487972791514e-06
2.343000000000000000e+03 4.453721449383998584e-06
2.344000000000000000e+03 4.453714068990573713e-06
2.345000000000000000e+03 4.453713381891472919e-06
2.346000000000000000e+03 4.453714613978204245e-06
2.347000000000000000e+03 4.453713756510835990e-06
2.348000000000000000e+03 4.453703985955820539e-06
2.349000000000000000e+03 4.453700087864870000e-06
2.350000000000000000e+03 4.453699903225901559e-06
2.351000000000000000e+03 4.453698044482181468e-06
2.352000000000000000e+03 4.453696769766974625e-06
2.353000000000000000e+03 4.453705027444824376e-06
2.354000000000000000e+03 4.453695331183702310e-06
2.355000000000000000e+03 4.453687888471420767e-06
2.356000000000000000e+03 4.453684428912999102e-06
2.357000000000000000e+03 4.453685785481914123e-06
2.358000000000000000e+03 4.453686201301835581e-06
2.359000000000000000e+03 4.453679096810296074e-06
2.360000000000000000e+03 4.453677231425045701e-06
2.361000000000000000e+03 4.453675178925864377e-06
2.362000000000000000e+03 4.453669884333071823e-06
2.363000000000000000e+03 4.453671336051594913e-06
2.364000000000000000e+03 4.453673864815583756e-06
2.365000000000000000e+03 4.453669432575449932e-06
2.366000000000000000e+03 4.453663518361253022e-06
2.367000000000000000e+03 4.453661630836594287e-06
2.368000000000000000e+03 4.453661652854529654e-06
2.369000000000000000e+03 4.453658175553930565e-06
2.370000000000000000e+03 4.453659324707935381e-06
2.371000000000000000e+03 4.453655150359030546e-06
2.372000000000000000e+03 4.453653951520753056e-06
2.373000000000000000e+03 4.453651619257223753e-06
2.374000000000000000e+03 4.453648483785237470e-06
2.375000000000000000e+03 4.453650312846148208e-06
2.376000000000000000e+03 4.453641511484255867e-06
2.377000000000000000e+03 4.453640673645077914e-06
2.378000000000000000e+03 4.453638877714171923e-06
2.379000000000000000e+03 4.453640093878562559e-06
2.380000000000000000e+03 4.453633682480959720e-06
2.381000000000000000e+03 4.453634689596910007e-06
2.382000000000000000e+03 4.453630032013409068e-06
2.383000000000000000e+03 4.453632568916748413e-06
2.384000000000000000e+03 4.453627148507853666e-06
2.385000000000000000e+03 4.453627882300701928e-06
2.386000000000000000e+03 4.453623310506507996e-06
2.387000000000000000e+03 4.453620830526376322e-06
2.388000000000000000e+03 4.453628575958527910e-06
2.389000000000000000e+03 4.453616803803687819e-06
2.390000000000000000e+03 4.453618496846109876e-06
2.391000000000000000e+03 4.453618840078951689e-06
2.392000000000000000e+03 4.453616884889758836e-06
2.393000000000000000e+03 4.453615276951252677e-06
2.394000000000000000e+03 4.453606255946921367e-06
2.395000000000000000e+03 4.453606460937663935e-06
2.396000000000000000e+03 4.453606983531127393e-06
2.397000000000000000e+03 4.453600386085559156e-06
2.398000000000000000e+03 4.453600767710030390e-06
2.399000000000000000e+03 4.453596176971232238e-06
2.400000000000000000e+03 4.453600803646824498e-06
2.401000000000000000e+03 4.453591709828429891e-06
2.402000000000000000e+03 4.453597383918195943e-06
2.403000000000000000e+03 4.453597707675664904e-06
2.404000000000000000e+03 4.453588676332502803e-06
2.405000000000000000e+03 4.453584811434933712e-06
2.406000000000000000e+03 4.453585011351568608e-06
2.407000000000000000e+03 4.453580000636703119e-06
2.408000000000000000e+03 4.453586051284935451e-06
2.409000000000000000e+03 4.453579681903784473e-06
2.410000000000000000e+03 4.453575251364322554e-06
2.411000000000000000e+03 4.453577736409456295e-06
2.412000000000000000e+03 4.453570888286950490e-06
2.413000000000000000e+03 4.453569645859217428e-06
2.414000000000000000e+03 4.453569063586812698e-06
2.415000000000000000e+03 4.453564822247811869e-06
2.416000000000000000e+03 4.453565923976636786e-06
2.417000000000000000e+03 4.453560783925218911e-06
2.418000000000000000e+03 4.453560386524436315e-06
2.419000000000000000e+03 4.453557568944353052e-06
2.420000000000000000e+03 4.453560812925096938e-06
2.421000000000000000e+03 4.453554952686797266e-06
2.422000000000000000e+03 4.453554979854620107e-06
2.423000000000000000e+03 4.453551027676481519e-06
2.424000000000000000e+03 4.453548964120943559e-06
2.425000000000000000e+03 4.453549533537967366e-06
2.426000000000000000e+03 4.453545712393319347e-06
2.427000000000000000e+03 4.453545561689236854e-06
2.428000000000000000e+03 4.453543740024463650e-06
2.429000000000000000e+03 4.453542832334784006e-06
2.430000000000000000e+03 4.453537974145533506e-06
2.431000000000000000e+03 4.453536771746182969e-06
2.432000000000000000e+03 4.453549869110911514e-06
2.433000000000000000e+03 4.453531776958335485e-06
2.434000000000000000e+03 4.453528803090744534e-06
2.435000000000000000e+03 4.453528293001452494e-06
2.436000000000000000e+03 4.453530527430333496e-06
2.437000000000000000e+03 4.453525045177565967e-06
2.438000000000000000e+03 4.453528437438073937e-06
2.439000000000000000e+03 4.453519972816987665e-06
2.440000000000000000e+03 4.453519240211044321e-06
2.441000000000000000e+03 4.453525888777392124e-06
2.442000000000000000e+03 4.453518095318984882e-06
2.443000000000000000e+03 4.453516782929943819e-06
2.444000000000000000e+03 4.453515151295814628e-06
2.445000000000000000e+03 4.453511690335715218e-06
2.446000000000000000e+03 4.453511555578053714e-06
2.447000000000000000e+03 4.453507276224265881e-06
2.448000000000000000e+03 4.453507769320776804e-06
2.449000000000000000e+03 4.453503394452199589e-06
2.450000000000000000e+03 4.453503577760392026e-06
2.451000000000000000e+03 4.453504900729369267e-06
2.452000000000000000e+03 4.453507238362300562e-06
2.453000000000000000e+03 4.453500249530834872e-06
2.454000000000000000e+03 4.453503034228191950e-06
2.455000000000000000e+03 4.453504786407582943e-06
2.456000000000000000e+03 4.453491934085071302e-06
2.457000000000000000e+03 4.453489407822361435e-06
2.458000000000000000e+03 4.453509285648428623e-06
2.459000000000000000e+03 4.453490241751326984e-06
2.460000000000000000e+03 4.453489278064421169e-06
2.461000000000000000e+03 4.453481729768323163e-06
2.462000000000000000e+03 4.453481674939379891e-06
2.463000000000000000e+03 4.453478853132495495e-06
2.464000000000000000e+03 4.453477150109317355e-06
2.465000000000000000e+03 4.453477693761036321e-06
2.466000000000000000e+03 4.453473235226355377e-06
2.467000000000000000e+03 4.453477686709300688e-06
2.468000000000000000e+03 4.453483086309781611e-06
2.469000000000000000e+03 4.453474774130854713e-06
2.470000000000000000e+03 4.453469127258658594e-06
2.471000000000000000e+03 4.453473227747261129e-06
2.472000000000000000e+03 4.453465308664722394e-06
2.473000000000000000e+03 4.453481616271829838e-06
2.474000000000000000e+03 4.453464913264290265e-06
2.475000000000000000e+03 4.453461105028087243e-06
2.476000000000000000e+03 4.453463190834802950e-06
2.477000000000000000e+03 4.453455949518063124e-06
2.478000000000000000e+03 4.453456817154210141e-06
2.479000000000000000e+03 4.453451544279091633e-06
2.480000000000000000e+03 4.453450210059389952e-06
2.481000000000000000e+03 4.453448365619736318e-06
2.482000000000000000e+03 4.453446362131222175e-06
2.483000000000000000e+03 4.453446459802089033e-06
2.484000000000000000e+03 4.453445392549721754e-06
2.485000000000000000e+03 4.453446431558295485e-06
2.486000000000000000e+03 4.453439475428633130e-06
2.487000000000000000e+03 4.453445474607547085e-06
2.488000000000000000e+03 4.453438651438866534e-06
2.489000000000000000e+03 4.453436036548263529e-06
2.490000000000000000e+03 4.453432941564690141e-06
2.491000000000000000e+03 4.453431586138101540e-06
2.492000000000000000e+03 4.453431280338515414e-06
2.493000000000000000e+03 4.453433822268583642e-06
2.494000000000000000e+03 4.453429867342947999e-06
2.495000000000000000e+03 4.453425744393884510e-06
2.496000000000000000e+03 4.453424480418426093e-06
2.497000000000000000e+03 4.453429506612524772e-06
2.498000000000000000e+03 4.453429733317484644e-06
2.499000000000000000e+03 4.453423225494338880e-06
2.500000000000000000e+03 4.453428114277485158e-06
2.501000000000000000e+03 4.453420556155934559e-06
2.502000000000000000e+03 4.453418370893192789e-06
2.503000000000000000e+03 4.453414595955954719e-06
2.504000000000000000e+03 4.453410471634936718e-06
2.505000000000000000e+03 4.453428646682852916e-06
2.506000000000000000e+03 4.453411148481992870e-06
2.507000000000000000e+03 4.453408705389668322e-06
2.508000000000000000e+03 4.453405196561286597e-06
2.509000000000000000e+03 4.453402973387886125e-06
2.510000000000000000e+03 4.453403774973785426e-06
2.511000000000000000e+03 4.453403255869737721e-06
2.512000000000000000e+03 4.453399708579971718e-06
2.513000000000000000e+03 4.453398261347261425e-06
2.514000000000000000e+03 4.453406820474212419e-06
2.515000000000000000e+03 4.453395930384040352e-06
2.516000000000000000e+03 4.453392405454633796e-06
2.517000000000000000e+03 4.453392348173757146e-06
2.518000000000000000e+03 4.453390144604971507e-06
2.519000000000000000e+03 4.453391101925603101e-06
2.520000000000000000e+03 4.453389455286734177e-06
2.521000000000000000e+03 4.453388835780400094e-06
2.522000000000000000e+03 4.453386589004332525e-06
2.523000000000000000e+03 4.453383356733007677e-06
2.524000000000000000e+03 4.453380651451597109e-06
2.525000000000000000e+03 4.453380558460444136e-06
2.526000000000000000e+03 4.453379258586730763e-06
2.527000000000000000e+03 4.453375050228341787e-06
2.528000000000000000e+03 4.453374104592046045e-06
2.529000000000000000e+03 4.453376011476213689e-06
2.530000000000000000e+03 4.453371328695774641e-06
2.531000000000000000e+03 4.453369589515294305e-06
2.532000000000000000e+03 4.453370686600644795e-06
2.533000000000000000e+03 4.453373817888157028e-06
2.534000000000000000e+03 4.453370148991961265e-06
2.535000000000000000e+03 4.453370502922729252e-06
2.536000000000000000e+03 4.453367344196037855e-06
2.537000000000000000e+03 4.453362698532523263e-06
2.538000000000000000e+03 4.453360492926337936e-06
2.539000000000000000e+03 4.453357634256677084e-06
2.540000000000000000e+03 4.453359498223864708e-06
2.541000000000000000e+03 4.453354332251457336e-06
2.542000000000000000e+03 4.453355277364115617e-06
2.543000000000000000e+03 4.453353291821203178e-06
2.544000000000000000e+03 4.453350220828109227e-06
2.545000000000000000e+03 4.453349594752808480e-06
2.546000000000000000e+03 4.453348666440891160e-06
2.547000000000000000e+03 4.453346851759969828e-06
2.548000000000000000e+03 4.453354568905125800e-06
2.549000000000000000e+03 4.453341979060795067e-06
2.550000000000000000e+03 4.453345233924989059e-06
2.551000000000000000e+03 4.453341035443704745e-06
2.552000000000000000e+03 4.453338229968314374e-06
2.553000000000000000e+03 4.453341322665377378e-06
2.554000000000000000e+03 4.453337193464413681e-06
2.555000000000000000e+03 4.453334788680123178e-06
2.556000000000000000e+03 4.453333623431546228e-06
2.557000000000000000e+03 4.453332854650456245e-06
2.558000000000000000e+03 4.453332002183757059e-06
2.559000000000000000e+03 4.453330175384258271e-06
2.560000000000000000e+03 4.453329999307238620e-06
2.561000000000000000e+03 4.453326393299449565e-06
2.562000000000000000e+03 4.453327169991843370e-06
2.563000000000000000e+03 4.453327036114191499e-06
2.564000000000000000e+03 4.453323179361844541e-06
2.565000000000000000e+03 4.453322440791411126e-06
2.566000000000000000e+03 4.453320758276962317e-06
2.567000000000000000e+03 4.453318871882974829e-06
2.568000000000000000e+03 4.453324050567647590e-06
2.569000000000000000e+03 4.453314686276261817e-06
2.570000000000000000e+03 4.453319317778775512e-06
2.571000000000000000e+03 4.453313120301717735e-06
2.572000000000000000e+03 4.453312106680925413e-06
2.573000000000000000e+03 4.453310325729299887e-06
2.574000000000000000e+03 4.453307990937638969e-06
2.575000000000000000e+03 4.453305884164567440e-06
2.576000000000000000e+03 4.453306702328618455e-06
2.577000000000000000e+03 4.453307199596380396e-06
2.578000000000000000e+03 4.453307036423195342e-06
2.579000000000000000e+03 4.453302935682644551e-06
2.580000000000000000e+03 4.453300259723321648e-06
2.581000000000000000e+03 4.453300328869772942e-06
2.582000000000000000e+03 4.453299128826540262e-06
2.583000000000000000e+03 4.453295282651687488e-06
2.584000000000000000e+03 4.453296755967320495e-06
2.585000000000000000e+03 4.453293598239446961e-06
2.586000000000000000e+03 4.453294514324638505e-06
2.587000000000000000e+03 4.453291891019846524e-06
2.588000000000000000e+03 4.453294703270160466e-06
2.589000000000000000e+03 4.453287276039974238e-06
2.590000000000000000e+03 4.453286709024680166e-06
2.591000000000000000e+03 4.453286892898067196e-06
2.592000000000000000e+03 4.453286780845898877e-06
2.593000000000000000e+03 4.453282418126919159e-06
2.594000000000000000e+03 4.453280880182220808e-06
2.595000000000000000e+03 4.453281089111342167e-06
2.596000000000000000e+03 4.453279631297320114e-06
2.597000000000000000e+03 4.453279485576538278e-06
2.598000000000000000e+03 4.453276362983263595e-06
2.599000000000000000e+03 4.453280271799963645e-06
2.600000000000000000e+03 4.453273783393386318e-06
2.601000000000000000e+03 4.453272887618951330e-06
2.602000000000000000e+03 4.453270993554475723e-06
2.603000000000000000e+03 4.453271422985996414e-06
2.604000000000000000e+03 4.453268581506466887e-06
2.605000000000000000e+03 4.453268106504444884e-06
2.606000000000000000e+03 4.453268458405098514e-06
2.607000000000000000e+03 4.453263702689783858e-06
2.608000000000000000e+03 4.453263951442576819e-06
2.609000000000000000e+03 4.453262921697913494e-06
2.610000000000000000e+03 4.453261126527069649e-06
2.611000000000000000e+03 4.453262358035923758e-06
2.612000000000000000e+03 4.453259004058237897e-06
2.613000000000000000e+03 4.453259270270445815e-06
2.614000000000000000e+03 4.453256094995990858e-06
2.615000000000000000e+03 4.453255692906966449e-06
2.616000000000000000e+03 4.453266321182551172e-06
2.617000000000000000e+03 4.453253511451026218e-06
2.618000000000000000e+03 4.453250616722496870e-06
2.619000000000000000e+03 4.453249039466971485e-06
2.620000000000000000e+03 4.453248463727014440e-06
2.621000000000000000e+03 4.453259874370081527e-06
2.622000000000000000e+03 4.453253338473467835e-06
2.623000000000000000e+03 4.453246088278305685e-06
2.624000000000000000e+03 4.453244857746249124e-06
2.625000000000000000e+03 4.453247751132875843e-06
2.626000000000000000e+03 4.453242992552119030e-06
2.627000000000000000e+03 4.453241306265886717e-06
2.628000000000000000e+03 4.453238116615885041e-06
2.629000000000000000e+03 4.453240821774960335e-06
2.630000000000000000e+03 4.453237110730736307e-06
2.631000000000000000e+03 4.453234597194251780e-06
2.632000000000000000e+03 4.453234169639024263e-06
2.633000000000000000e+03 4.453231921434678727e-06
2.634000000000000000e+03 4.453230679556973286e-06
2.635000000000000000e+03 4.453231791031705931e-06
2.636000000000000000e+03 4.453227370173640863e-06
2.637000000000000000e+03 4.453230141280400042e-06
2.638000000000000000e+03 4.453227658781501550e-06
2.639000000000000000e+03 4.453226827094777056e-06
2.640000000000000000e+03 4.453226606954243751e-06
2.641000000000000000e+03 4.453224016282209215e-06
2.642000000000000000e+03 4.453221202915094190e-06
2.643000000000000000e+03 4.453224783494788150e-06
2.644000000000000000e+03 4.453219102350568336e-06
2.645000000000000000e+03 4.453217126443013967e-06
2.646000000000000000e+03 4.453218745918524761e-06
2.647000000000000000e+03 4.453217156574571210e-06
2.648000000000000000e+03 4.453217024873195161e-06
2.649000000000000000e+03 4.453213183151230165e-06
2.650000000000000000e+03 4.453212588352862400e-06
2.651000000000000000e+03 4.453210904436968781e-06
2.652000000000000000e+03 4.453208997112858999e-06
2.653000000000000000e+03 4.453211123041198619e-06
2.654000000000000000e+03 4.453208874509778086e-06
2.655000000000000000e+03 4.453207058850514219e-06
2.656000000000000000e+03 4.453208653793634225e-06
2.657000000000000000e+03 4.453202287031229599e-06
2.658000000000000000e+03 4.453203908320133748e-06
2.659000000000000000e+03 4.453204913712015386e-06
2.660000000000000000e+03 4.453201199201029500e-06
2.661000000000000000e+03 4.453200701013808213e-06
2.662000000000000000e+03 4.453199162610853179e-06
2.663000000000000000e+03 4.453197942534496780e-06
2.664000000000000000e+03 4.453201561251475649e-06
2.665000000000000000e+03 4.453201078908493531e-06
2.666000000000000000e+03 4.453193525016406290e-06
2.667000000000000000e+03 4.453196175537270650e-06
2.668000000000000000e+03 4.453189983471902985e-06
2.669000000000000000e+03 4.453192261218087026e-06
2.670000000000000000e+03 4.453189973058730653e-06
2.671000000000000000e+03 4.453188470700632497e-06
2.672000000000000000e+03 4.453187029546776123e-06
2.673000000000000000e+03 4.453186060383628662e-06
2.674000000000000000e+03 4.453184717125316329e-06
2.675000000000000000e+03 4.453182861724384660e-06
2.676000000000000000e+03 4.453181770123292982e-06
2.677000000000000000e+03 4.453183003487282230e-06
2.678000000000000000e+03 4.453180513831609243e-06
2.679000000000000000e+03 4.453180883307020846e-06
2.680000000000000000e+03 4.453177437052356149e-06
2.681000000000000000e+03 4.453175367197815325e-06
2.682000000000000000e+03 4.453175437065714227e-06
2.683000000000000000e+03 4.453176741597396456e-06
2.684000000000000000e+03 4.453174481369960335e-06
2.685000000000000000e+03 4.453173576700495248e-06
2.686000000000000000e+03 4.453170427143664800e-06
2.687000000000000000e+03 4.453171979992409302e-06
2.688000000000000000e+03 4.453171059892933803e-06
2.689000000000000000e+03 4.453167255260992345e-06
2.690000000000000000e+03 4.453171375222236898e-06
2.691000000000000000e+03 4.453167699341080497e-06
2.692000000000000000e+03 4.453164868830609002e-06
2.693000000000000000e+03 4.453169799017029826e-06
2.694000000000000000e+03 4.453164880899534234e-06
2.695000000000000000e+03 4.453161423051937857e-06
2.696000000000000000e+03 4.453159848833925137e-06
2.697000000000000000e+03 4.453158126307813386e-06
2.698000000000000000e+03 4.453158002006063802e-06
2.699000000000000000e+03 4.453160617912861551e-06
2.700000000000000000e+03 4.453156977642028196e-06
2.701000000000000000e+03 4.453154866325522760e-06
2.702000000000000000e+03 4.453158911677728545e-06
2.703000000000000000e+03 4.453153156370910535e-06
2.704000000000000000e+03 4.453152200732464351e-06
2.705000000000000000e+03 4.453153128559786499e-06
2.706000000000000000e+03 4.453148948446160077e-06
2.707000000000000000e+03 4.453147883423705288e-06
2.708000000000000000e+03 4.453147246863391110e-06
2.709000000000000000e+03 4.453147251542836486e-06
2.710000000000000000e+03 4.453147950705421172e-06
2.711000000000000000e+03 4.453149296094839602e-06
2.712000000000000000e+03 4.453142598936786595e-06
2.713000000000000000e+03 4.453142062378063931e-06
2.714000000000000000e+03 4.453144661698054984e-06
2.715000000000000000e+03 4.453139709189018500e-06
2.716000000000000000e+03 4.453139436817677422e-06
2.717000000000000000e+03 4.453136567972399711e-06
2.718000000000000000e+03 4.453136466398742152e-06
2.719000000000000000e+03 4.453137501136192057e-06
2.720000000000000000e+03 4.453136845382737251e-06
2.721000000000000000e+03 4.453135124556689235e-06
2.722000000000000000e+03 4.453132132949230719e-06
2.723000000000000000e+03 4.453132961266683460e-06
2.724000000000000000e+03 4.453132633114141801e-06
2.725000000000000000e+03 4.453131377968362349e-06
2.726000000000000000e+03 4.453129375579909377e-06
2.727000000000000000e+03 4.453127188717740703e-06
2.728000000000000000e+03 4.453128339329891562e-06
2.729000000000000000e+03 4.453128844132497765e-06
2.730000000000000000e+03 4.453124202754027139e-06
2.731000000000000000e+03 4.453123535646918144e-06
2.732000000000000000e+03 4.453123876209309021e-06
2.733000000000000000e+03 4.453122592370999988e-06
2.734000000000000000e+03 4.453120219661323887e-06
2.735000000000000000e+03 4.453119142407747221e-06
2.736000000000000000e+03 4.453120393374889527e-06
2.737000000000000000e+03 4.453117586988108646e-06
2.738000000000000000e+03 4.453121048009953370e-06
2.739000000000000000e+03 4.453115029482122652e-06
2.740000000000000000e+03 4.453117044203417687e-06
2.741000000000000000e+03 4.453115795147318082e-06
2.742000000000000000e+03 4.453114153073613695e-06
2.743000000000000000e+03 4.453112834015932213e-06
2.744000000000000000e+03 4.453113452613716734e-06
2.745000000000000000e+03 4.453110234823013890e-06
2.746000000000000000e+03 4.453112907746440267e-06
2.747000000000000000e+03 4.453107343977630009e-06
2.748000000000000000e+03 4.453109062390890275e-06
2.749000000000000000e+03 4.453105531713403790e-06
2.750000000000000000e+03 4.453104112021276904e-06
2.751000000000000000e+03 4.453107854307193109e-06
2.752000000000000000e+03 4.453103670512062496e-06
2.753000000000000000e+03 4.453103475056237678e-06
2.754000000000000000e+03 4.453102736055166783e-06
2.755000000000000000e+03 4.453101814700745905e-06
2.756000000000000000e+03 4.453098583465267813e-06
2.757000000000000000e+03 4.453100364346755624e-06
2.758000000000000000e+03 4.453099394323405548e-06
2.759000000000000000e+03 4.453096647637940315e-06
2.760000000000000000e+03 4.453102111500409608e-06
2.761000000000000000e+03 4.453095260206398149e-06
2.762000000000000000e+03 4.453095907980606927e-06
2.763000000000000000e+03 4.453092341310703374e-06
2.764000000000000000e+03 4.453092840067083367e-06
2.765000000000000000e+03 4.453095709036499686e-06
2.766000000000000000e+03 4.453089469759359531e-06
2.767000000000000000e+03 4.453090732846858063e-06
2.768000000000000000e+03 4.453088380104669099e-06
2.769000000000000000e+03 4.453088161751419358e-06
2.770000000000000000e+03 4.453087799632549888e-06
2.771000000000000000e+03 4.453087253324424638e-06
2.772000000000000000e+03 4.453084111846611382e-06
2.773000000000000000e+03 4.453086070602425348e-06
2.774000000000000000e+03 4.453081745622518327e-06
2.775000000000000000e+03 4.453081057287526160e-06
2.776000000000000000e+03 4.453082401289836659e-06
2.777000000000000000e+03 4.453079814078089260e-06
2.778000000000000000e+03 4.453080478267938010e-06
2.779000000000000000e+03 4.453080308640700712e-06
2.780000000000000000e+03 4.453077195422169848e-06
2.781000000000000000e+03 4.453075599274203920e-06
2.782000000000000000e+03 4.453079055533273860e-06
2.783000000000000000e+03 4.453078659119637860e-06
2.784000000000000000e+03 4.453072694787863490e-06
2.785000000000000000e+03 4.453079223536441526e-06
2.786000000000000000e+03 4.453071168464624888e-06
2.787000000000000000e+03 4.453070261103405138e-06
2.788000000000000000e+03 4.453069594849472621e-06
2.789000000000000000e+03 4.453069360447846230e-06
2.790000000000000000e+03 4.453072530574544847e-06
2.791000000000000000e+03 4.453066495620066117e-06
2.792000000000000000e+03 4.453066128308992253e-06
2.793000000000000000e+03 4.453065936928481808e-06
2.794000000000000000e+03 4.453063829019860970e-06
2.795000000000000000e+03 4.453066709733702504e-06
2.796000000000000000e+03 4.453063917031004854e-06
2.797000000000000000e+03 4.453063599578909292e-06
2.798000000000000000e+03 4.453061648814243013e-06
2.799000000000000000e+03 4.453060466024462453e-06
2.800000000000000000e+03 4.453059590565695117e-06
2.801000000000000000e+03 4.453057733864077442e-06
2.802000000000000000e+03 4.453058211627200695e-06
2.803000000000000000e+03 4.453056149778013148e-06
2.804000000000000000e+03 4.453059612271399741e-06
2.805000000000000000e+03 4.453056664606537538e-06
2.806000000000000000e+03 4.453056068788829148e-06
2.807000000000000000e+03 4.453052339885866644e-06
2.808000000000000000e+03 4.453053408259032154e-06
2.809000000000000000e+03 4.453054812313601839e-06
2.810000000000000000e+03 4.453057363335154211e-06
2.811000000000000000e+03 4.453050425095939856e-06
2.812000000000000000e+03 4.453051089521369645e-06
2.813000000000000000e+03 4.453050397220839421e-06
2.814000000000000000e+03 4.453049675156184683e-06
2.815000000000000000e+03 4.453046606195363330e-06
2.816000000000000000e+03 4.453045981850755876e-06
2.817000000000000000e+03 4.453044882903700660e-06
2.818000000000000000e+03 4.453043899214895301e-06
2.819000000000000000e+03 4.453042942893821030e-06
2.820000000000000000e+03 4.453041994500713412e-06
2.821000000000000000e+03 4.453042461805196452e-06
2.822000000000000000e+03 4.453040778863999738e-06
2.823000000000000000e+03 4.453039742538911935e-06
2.824000000000000000e+03 4.453039623381544111e-06
2.825000000000000000e+03 4.453038525935803125e-06
2.826000000000000000e+03 4.453037485228421809e-06
2.827000000000000000e+03 4.453036260956975497e-06
2.828000000000000000e+03 4.453035983823234025e-06
2.829000000000000000e+03 4.453034178396511019e-06
2.830000000000000000e+03 4.453034507559364778e-06
2.831000000000000000e+03 4.453033115235932056e-06
2.832000000000000000e+03 4.453033898233213062e-06
2.833000000000000000e+03 4.453030453942651751e-06
2.834000000000000000e+03 4.453031299041197676e-06
2.835000000000000000e+03 4.453029091394797970e-06
2.836000000000000000e+03 4.453032751682693605e-06
2.837000000000000000e+03 4.453029371210752279e-06
2.838000000000000000e+03 4.453028154950769740e-06
2.839000000000000000e+03 4.453026156897566917e-06
2.840000000000000000e+03 4.453026131027060584e-06
2.841000000000000000e+03 4.453026368758362480e-06
2.842000000000000000e+03 4.453023688316306592e-06
2.843000000000000000e+03 4.453027637304007493e-06
2.844000000000000000e+03 4.453023193252111028e-06
2.845000000000000000e+03 4.453021923778801460e-06
2.846000000000000000e+03 4.453021766440223293e-06
2.847000000000000000e+03 4.453020443314096876e-06
2.848000000000000000e+03 4.453018841075613385e-06
2.849000000000000000e+03 4.453018393740591916e-06
2.850000000000000000e+03 4.453018611267940487e-06
2.851000000000000000e+03 4.453017072730291968e-06
2.852000000000000000e+03 4.453017325779780680e-06
2.853000000000000000e+03 4.453015513050147973e-06
2.854000000000000000e+03 4.453014951299721016e-06
2.855000000000000000e+03 4.453023610903571827e-06
2.856000000000000000e+03 4.453013230898591313e-06
2.857000000000000000e+03 4.453013460633094964e-06
2.858000000000000000e+03 4.453011737804483184e-06
2.859000000000000000e+03 4.453012966067759454e-06
2.860000000000000000e+03 4.453009796624124299e-06
2.861000000000000000e+03 4.453010663866774538e-06
2.862000000000000000e+03 4.453009831100612431e-06
2.863000000000000000e+03 4.453008671718737293e-06
2.864000000000000000e+03 4.453006814745065340e-06
2.865000000000000000e+03 4.453007558146171700e-06
2.866000000000000000e+03 4.453005845402954217e-06
2.867000000000000000e+03 4.453006585997885315e-06
2.868000000000000000e+03 4.453004896226016710e-06
2.869000000000000000e+03 4.453002937810399127e-06
2.870000000000000000e+03 4.453003316499569162e-06
2.871000000000000000e+03 4.453001765581758237e-06
2.872000000000000000e+03 4.453001956616295533e-06
2.873000000000000000e+03 4.453002881529293253e-06
2.874000000000000000e+03 4.453000462422271923e-06
2.875000000000000000e+03 4.452999131563905298e-06
2.876000000000000000e+03 4.452997203269456946e-06
2.877000000000000000e+03 4.452998021028911662e-06
2.878000000000000000e+03 4.452995835280347368e-06
2.879000000000000000e+03 4.452996573434023633e-06
2.880000000000000000e+03 4.452995668104094770e-06
2.881000000000000000e+03 4.452993410408786565e-06
2.882000000000000000e+03 4.452993415566986821e-06
2.883000000000000000e+03 4.452992607933860965e-06
2.884000000000000000e+03 4.452991806073380687e-06
2.885000000000000000e+03 4.452991040099641647e-06
2.886000000000000000e+03 4.452992569149595350e-06
2.887000000000000000e+03 4.452990403046362764e-06
2.888000000000000000e+03 4.452989832692866107e-06
2.889000000000000000e+03 4.452988599889915062e-06
2.890000000000000000e+03 4.452987657065688236e-06
2.891000000000000000e+03 4.452986392782439221e-06
2.892000000000000000e+03 4.452986320760079831e-06
2.893000000000000000e+03 4.452984905959429302e-06
2.894000000000000000e+03 4.452984136128511438e-06
2.895000000000000000e+03 4.452984476130611195e-06
2.896000000000000000e+03 4.452982656226378185e-06
2.897000000000000000e+03 4.452981971778900480e-06
2.898000000000000000e+03 4.452983377901208032e-06
2.899000000000000000e+03 4.452981137185390151e-06
2.900000000000000000e+03 4.452980089332421951e-06
2.901000000000000000e+03 4.452979681685621352e-06
2.902000000000000000e+03 4.452980783990808144e-06
2.903000000000000000e+03 4.452979198541231717e-06
2.904000000000000000e+03 4.452977969877588383e-06
2.905000000000000000e+03 4.452978093796649329e-06
2.906000000000000000e+03 4.452975910172579192e-06
2.907000000000000000e+03 4.452977202096921390e-06
2.908000000000000000e+03 4.452975427980412985e-06
2.909000000000000000e+03 4.452974578249822495e-06
2.910000000000000000e+03 4.452974540113489651e-06
2.911000000000000000e+03 4.452972069898204515e-06
2.912000000000000000e+03 4.452976740373024291e-06
2.913000000000000000e+03 4.452973553232851542e-06
2.914000000000000000e+03 4.452969893340715111e-06
2.915000000000000000e+03 4.452971702034299352e-06
2.916000000000000000e+03 4.452968925134437901e-06
2.917000000000000000e+03 4.452969012288445429e-06
2.918000000000000000e+03 4.452967132099714587e-06
2.919000000000000000e+03 4.452970087700930763e-06
2.920000000000000000e+03 4.452965777731464007e-06
2.921000000000000000e+03 4.452965458048291285e-06
2.922000000000000000e+03 4.452964756991228474e-06
2.923000000000000000e+03 4.452964683888399786e-06
2.924000000000000000e+03 4.452964226354704373e-06
2.925000000000000000e+03 4.452963633920608851e-06
2.926000000000000000e+03 4.452962618224018297e-06
2.927000000000000000e+03 4.452961501673223028e-06
2.928000000000000000e+03 4.452960349733617380e-06
2.929000000000000000e+03 4.452959975962800904e-06
2.930000000000000000e+03 4.452961944233539255e-06
2.931000000000000000e+03 4.452958715733495621e-06
2.932000000000000000e+03 4.452958099669495812e-06
2.933000000000000000e+03 4.452957470357405194e-06
2.934000000000000000e+03 4.452957924005747772e-06
2.935000000000000000e+03 4.452959682747689154e-06
2.936000000000000000e+03 4.452956725699781362e-06
2.937000000000000000e+03 4.452954524783165148e-06
2.938000000000000000e+03 4.452953849943599104e-06
2.939000000000000000e+03 4.452954173900761164e-06
2.940000000000000000e+03 4.452952322512504087e-06
2.941000000000000000e+03 4.452952126215849991e-06
2.942000000000000000e+03 4.452951637393889990e-06
2.943000000000000000e+03 4.452951069973222043e-06
2.944000000000000000e+03 4.452952105405891180e-06
2.945000000000000000e+03 4.452951764499109413e-06
2.946000000000000000e+03 4.452950345621851092e-06
2.947000000000000000e+03 4.452948051272619345e-06
2.948000000000000000e+03 4.452951328906136385e-06
2.949000000000000000e+03 4.452948217667589928e-06
2.950000000000000000e+03 4.452945648012316451e-06
2.951000000000000000e+03 4.452950513101840388e-06
2.952000000000000000e+03 4.452945461427868336e-06
2.953000000000000000e+03 4.452944691653903273e-06
2.954000000000000000e+03 4.452945579139097657e-06
2.955000000000000000e+03 4.452942637632929004e-06
2.956000000000000000e+03 4.452942514190900920e-06
2.957000000000000000e+03 4.452943761012026167e-06
2.958000000000000000e+03 4.452940236501799277e-06
2.959000000000000000e+03 4.452941924255948158e-06
2.960000000000000000e+03 4.452941680726561743e-06
2.961000000000000000e+03 4.452938938689853882e-06
2.962000000000000000e+03 4.452942086703366583e-06
2.963000000000000000e+03 4.452939293694946791e-06
2.964000000000000000e+03 4.452938981164110111e-06
2.965000000000000000e+03 4.452936987957387561e-06
2.966000000000000000e+03 4.452937212291851191e-06
2.967000000000000000e+03 4.452935320127508501e-06
2.968000000000000000e+03 4.452935025825695831e-06
2.969000000000000000e+03 4.452934630036058839e-06
2.970000000000000000e+03 4.452934847706051146e-06
2.971000000000000000e+03 4.452932533952567668e-06
2.972000000000000000e+03 4.452932968503424203e-06
2.973000000000000000e+03 4.452931195391123331e-06
2.974000000000000000e+03 4.452931651851095216e-06
2.975000000000000000e+03 4.452930631881663899e-06
2.976000000000000000e+03 4.452931467725554101e-06
2.977000000000000000e+03 4.452928923369251475e-06
2.978000000000000000e+03 4.452928947893668294e-06
2.979000000000000000e+03 4.452928150707073468e-06
2.980000000000000000e+03 4.452927751754702695e-06
2.981000000000000000e+03 4.452926310524741258e-06
2.982000000000000000e+03 4.452926761061429530e-06
2.983000000000000000e+03 4.452927143696068022e-06
2.984000000000000000e+03 4.452928685234495928e-06
2.985000000000000000e+03 4.452926354251322147e-06
2.986000000000000000e+03 4.452923340190687159e-06
2.987000000000000000e+03 4.452924581403414139e-06
2.988000000000000000e+03 4.452923025507276333e-06
2.989000000000000000e+03 4.452921857095749609e-06
2.990000000000000000e+03 4.452920782379726105e-06
2.991000000000000000e+03 4.452920576198743851e-06
2.992000000000000000e+03 4.452920663196058755e-06
2.993000000000000000e+03 4.452920598168876067e-06
2.994000000000000000e+03 4.452920968057483048e-06
