0.000000000000000000e+00 1.283919200363478098e-02
1.000000000000000000e+00 3.425535937203478946e-04
2.000000000000000000e+00 2.052807872582683814e-04
3.000000000000000000e+00 2.000564876660924820e-04
4.000000000000000000e+00 1.995268994790463132e-04
5.000000000000000000e+00 1.998204235490248131e-04
6.000000000000000000e+00 2.018954488084206077e-04
7.000000000000000000e+00 2.036543644393411440e-04
8.000000000000000000e+00 2.013300103724158696e-04
9.000000000000000000e+00 2.011286229505098236e-04
1.000000000000000000e+01 1.983133933897432085e-04
1.100000000000000000e+01 1.966152822475844900e-04
1.200000000000000000e+01 1.931204154876201874e-04
1.300000000000000000e+01 1.927487512378916557e-04
1.400000000000000000e+01 1.913656397571005755e-04
1.500000000000000000e+01 1.895100547919824406e-04
1.600000000000000000e+01 1.833805164891908217e-04
1.700000000000000000e+01 1.796424244105688215e-04
1.800000000000000000e+01 1.749675432396835908e-04
1.900000000000000000e+01 1.705980097335984440e-04
2.000000000000000000e+01 1.624796895851107347e-04
2.100000000000000000e+01 1.534717630100057855e-04
2.200000000000000000e+01 1.422192911533187547e-04
2.300000000000000000e+01 1.264512083793283047e-04
2.400000000000000000e+01 1.092798282061992952e-04
2.500000000000000000e+01 9.532134260918692897e-05
2.600000000000000000e+01 6.887988036663358600e-05
2.700000000000000000e+01 5.276564881762444418e-05
2.800000000000000000e+01 4.751086556142130164e-05
2.900000000000000000e+01 2.938662982221649820e-05
3.000000000000000000e+01 2.688848796041837296e-05
3.100000000000000000e+01 2.487584322098377497e-05
3.200000000000000000e+01 2.715123142224386420e-05
3.300000000000000000e+01 2.535308677367214327e-05
3.400000000000000000e+01 2.594083355361361348e-05
3.500000000000000000e+01 3.116993843883490028e-05
3.600000000000000000e+01 2.612123909412987009e-05
3.700000000000000000e+01 2.602861404189954023e-05
3.800000000000000000e+01 2.710931364958849357e-05
3.900000000000000000e+01 2.675791501507405356e-05
4.000000000000000000e+01 2.907060012275936947e-05
4.100000000000000000e+01 2.849541708641780270e-05
4.200000000000000000e+01 2.548452623160160058e-05
4.300000000000000000e+01 2.433660826386101415e-05
4.400000000000000000e+01 2.509051097163320524e-05
4.500000000000000000e+01 2.414763602732800777e-05
4.600000000000000000e+01 2.969374997876074042e-05
4.700000000000000000e+01 3.212595124518357622e-05
4.800000000000000000e+01 2.638733056143632020e-05
4.900000000000000000e+01 2.563860853582560618e-05
5.000000000000000000e+01 2.493680003675665069e-05
5.100000000000000000e+01 2.476539826071341024e-05
5.200000000000000000e+01 2.616057513751855336e-05
5.300000000000000000e+01 2.436545760079660510e-05
5.400000000000000000e+01 2.474207270468810660e-05
5.500000000000000000e+01 2.585729544563199591e-05
5.600000000000000000e+01 2.757203590714758570e-05
5.700000000000000000e+01 2.808579828340230201e-05
5.800000000000000000e+01 2.609417808384743379e-05
5.900000000000000000e+01 2.489540541192382066e-05
6.000000000000000000e+01 2.727770139303885681e-05
6.100000000000000000e+01 2.589887714071912250e-05
6.200000000000000000e+01 3.018010413668681144e-05
6.300000000000000000e+01 2.895040671669976701e-05
6.400000000000000000e+01 2.461389409715776074e-05
6.500000000000000000e+01 2.581129587924142692e-05
6.600000000000000000e+01 2.529113489108249130e-05
6.700000000000000000e+01 2.815774366756848267e-05
6.800000000000000000e+01 2.808619219452876707e-05
6.900000000000000000e+01 2.717475025104393931e-05
7.000000000000000000e+01 2.666752868372947242e-05
7.100000000000000000e+01 4.122403900621349188e-05
7.200000000000000000e+01 3.028051864224639309e-05
7.300000000000000000e+01 2.486519689792800552e-05
7.400000000000000000e+01 2.852583356145085001e-05
7.500000000000000000e+01 2.672979090736022831e-05
7.600000000000000000e+01 2.649705115216404128e-05
7.700000000000000000e+01 2.571222464107518517e-05
7.800000000000000000e+01 2.723951112867835773e-05
7.900000000000000000e+01 2.689379167737155534e-05
8.000000000000000000e+01 2.793826894301021217e-05
8.100000000000000000e+01 2.797584733044203626e-05
8.200000000000000000e+01 2.809217650990077588e-05
8.300000000000000000e+01 2.979711800634554964e-05
8.400000000000000000e+01 2.464461555945461160e-05
8.500000000000000000e+01 2.633719940681544008e-05
8.600000000000000000e+01 2.857882996547323311e-05
8.700000000000000000e+01 3.024975446503842897e-05
8.800000000000000000e+01 2.757092203543012179e-05
8.900000000000000000e+01 2.580021294782079819e-05
9.000000000000000000e+01 2.740412619286198060e-05
9.100000000000000000e+01 3.282790732564521525e-05
9.200000000000000000e+01 2.765773023254874849e-05
9.300000000000000000e+01 2.975536990744038763e-05
9.400000000000000000e+01 3.897070382078948568e-05
9.500000000000000000e+01 3.282635872850503818e-05
9.600000000000000000e+01 3.047512578298117370e-05
9.700000000000000000e+01 2.517458904097807950e-05
9.800000000000000000e+01 2.668516285706346326e-05
9.900000000000000000e+01 3.163299945273687156e-05
1.000000000000000000e+02 2.763106018311495477e-05
1.010000000000000000e+02 2.442833147512336813e-05
1.020000000000000000e+02 2.948115626351943211e-05
1.030000000000000000e+02 2.497835928494826578e-05
1.040000000000000000e+02 2.812974106085770268e-05
1.050000000000000000e+02 2.731418830735639184e-05
1.060000000000000000e+02 2.651360204454268971e-05
1.070000000000000000e+02 2.604181694848253637e-05
1.080000000000000000e+02 2.787586014091158706e-05
1.090000000000000000e+02 2.849356962009974548e-05
1.100000000000000000e+02 3.124265788115297997e-05
1.110000000000000000e+02 2.624554478062382105e-05
1.120000000000000000e+02 2.733343587000988212e-05
1.130000000000000000e+02 3.004990508468858895e-05
1.140000000000000000e+02 2.908244842117955976e-05
1.150000000000000000e+02 2.818404443077698616e-05
1.160000000000000000e+02 2.454097484519772828e-05
1.170000000000000000e+02 2.688982642138234606e-05
1.180000000000000000e+02 2.676767778739764508e-05
1.190000000000000000e+02 2.432275595324106735e-05
1.200000000000000000e+02 3.219902687368104321e-05
1.210000000000000000e+02 3.980098581533839016e-05
1.220000000000000000e+02 2.817772204218382619e-05
1.230000000000000000e+02 2.978549907442863120e-05
1.240000000000000000e+02 2.899962283576205867e-05
1.250000000000000000e+02 2.991100564766736397e-05
1.260000000000000000e+02 2.627983528099334562e-05
1.270000000000000000e+02 3.048184812649553247e-05
1.280000000000000000e+02 2.847169852219595939e-05
1.290000000000000000e+02 2.571431894524418607e-05
1.300000000000000000e+02 2.648345998193032952e-05
1.310000000000000000e+02 3.455853041738894238e-05
1.320000000000000000e+02 2.488060330343576550e-05
1.330000000000000000e+02 2.538090571089589417e-05
1.340000000000000000e+02 3.003047213418402872e-05
1.350000000000000000e+02 2.923339539528797240e-05
1.360000000000000000e+02 2.434965755320216523e-05
1.370000000000000000e+02 3.107103741964575909e-05
1.380000000000000000e+02 2.947624083771034021e-05
1.390000000000000000e+02 2.918826589708351150e-05
1.400000000000000000e+02 2.622730940296768139e-05
1.410000000000000000e+02 2.522384791204241005e-05
1.420000000000000000e+02 2.646019757987702061e-05
1.430000000000000000e+02 2.620663227490244745e-05
1.440000000000000000e+02 2.988681066064703408e-05
1.450000000000000000e+02 2.536493963258880120e-05
1.460000000000000000e+02 2.660208122563566073e-05
1.470000000000000000e+02 2.601302706221755525e-05
1.480000000000000000e+02 2.722365673489409737e-05
1.490000000000000000e+02 2.756550571894851381e-05
1.500000000000000000e+02 3.054049639373003061e-05
1.510000000000000000e+02 3.741939393115205055e-05
1.520000000000000000e+02 3.490441555266593011e-05
1.530000000000000000e+02 2.505375167814184159e-05
1.540000000000000000e+02 2.903719853554882386e-05
1.550000000000000000e+02 3.536798797058176446e-05
1.560000000000000000e+02 2.925545236948566498e-05
1.570000000000000000e+02 2.548877059967727694e-05
1.580000000000000000e+02 3.205494005749874429e-05
1.590000000000000000e+02 2.532253235266537387e-05
1.600000000000000000e+02 2.524058354176799939e-05
1.610000000000000000e+02 2.545319034457399718e-05
1.620000000000000000e+02 2.894704693264927065e-05
1.630000000000000000e+02 2.688618742868391801e-05
1.640000000000000000e+02 2.764147594003331374e-05
1.650000000000000000e+02 3.189112407000687597e-05
1.660000000000000000e+02 2.799061198089357146e-05
1.670000000000000000e+02 2.587303144101285319e-05
1.680000000000000000e+02 2.788206301707557507e-05
1.690000000000000000e+02 3.352272890213774630e-05
1.700000000000000000e+02 2.607873076259041359e-05
1.710000000000000000e+02 2.795484366763720987e-05
1.720000000000000000e+02 2.478480954831399318e-05
1.730000000000000000e+02 2.942220309118898788e-05
1.740000000000000000e+02 2.851118921528817779e-05
1.750000000000000000e+02 2.857875715938366950e-05
1.760000000000000000e+02 2.749043997312406099e-05
1.770000000000000000e+02 2.582243940629076639e-05
1.780000000000000000e+02 2.838937251981161043e-05
1.790000000000000000e+02 2.556965051662097660e-05
1.800000000000000000e+02 2.387034238697240165e-05
1.810000000000000000e+02 2.578624830652368513e-05
1.820000000000000000e+02 2.723912299529708102e-05
1.830000000000000000e+02 2.481844414099956735e-05
1.840000000000000000e+02 2.408758044409084448e-05
1.850000000000000000e+02 2.642008107889758458e-05
1.860000000000000000e+02 3.254584330284967814e-05
1.870000000000000000e+02 2.503429085285119402e-05
1.880000000000000000e+02 2.444924864335418598e-05
1.890000000000000000e+02 2.730954570079530738e-05
1.900000000000000000e+02 2.803642704055340181e-05
1.910000000000000000e+02 2.633739265070059434e-05
1.920000000000000000e+02 2.583026443838532779e-05
1.930000000000000000e+02 2.530886080642731750e-05
1.940000000000000000e+02 2.644853981211381678e-05
1.950000000000000000e+02 2.783375350054504929e-05
1.960000000000000000e+02 2.829804593553041651e-05
1.970000000000000000e+02 2.577506188225520291e-05
1.980000000000000000e+02 2.497882712842147657e-05
1.990000000000000000e+02 2.778982591989117521e-05
2.000000000000000000e+02 2.409867583746067718e-05
2.010000000000000000e+02 2.399610811341585569e-05
2.020000000000000000e+02 2.407432514071889060e-05
2.030000000000000000e+02 2.573883780882766796e-05
2.040000000000000000e+02 2.533186721588342642e-05
2.050000000000000000e+02 2.386248191006669838e-05
2.060000000000000000e+02 2.583440287973308785e-05
2.070000000000000000e+02 2.525749492373837758e-05
2.080000000000000000e+02 2.535259077491073908e-05
2.090000000000000000e+02 2.958900463767842907e-05
2.100000000000000000e+02 3.461573596165582790e-05
2.110000000000000000e+02 2.625762205124559934e-05
2.120000000000000000e+02 2.460538036298897836e-05
2.130000000000000000e+02 2.770994203699661562e-05
2.140000000000000000e+02 2.685218172160788784e-05
2.150000000000000000e+02 2.859302325476929433e-05
2.160000000000000000e+02 2.599745031063609895e-05
2.170000000000000000e+02 2.944579127340416706e-05
2.180000000000000000e+02 2.590359604396808051e-05
2.190000000000000000e+02 2.652323615179478453e-05
2.200000000000000000e+02 3.322985959665458164e-05
2.210000000000000000e+02 2.481691324071432755e-05
2.220000000000000000e+02 2.472941106140785327e-05
2.230000000000000000e+02 2.844107774768073091e-05
2.240000000000000000e+02 2.976371519995125011e-05
2.250000000000000000e+02 2.526770288527898270e-05
2.260000000000000000e+02 2.616515552781321086e-05
2.270000000000000000e+02 2.867930023903793747e-05
2.280000000000000000e+02 2.525991406359245556e-05
2.290000000000000000e+02 2.570017438513970173e-05
2.300000000000000000e+02 2.752641034195791944e-05
2.310000000000000000e+02 2.488909677953438348e-05
2.320000000000000000e+02 2.673728370365130531e-05
2.330000000000000000e+02 3.220753051953656384e-05
2.340000000000000000e+02 2.684331892221933575e-05
2.350000000000000000e+02 2.479399170011924877e-05
2.360000000000000000e+02 2.493895844460779191e-05
2.370000000000000000e+02 2.511244856987407851e-05
2.380000000000000000e+02 2.498426338086845225e-05
2.390000000000000000e+02 2.563825894101018880e-05
2.400000000000000000e+02 2.457704690894350135e-05
2.410000000000000000e+02 2.515854820445111845e-05
2.420000000000000000e+02 2.458490985886860333e-05
2.430000000000000000e+02 2.377460245470391486e-05
2.440000000000000000e+02 2.540534478709686461e-05
2.450000000000000000e+02 2.776823118941475552e-05
2.460000000000000000e+02 2.589344261903957914e-05
2.470000000000000000e+02 3.407320350463238648e-05
2.480000000000000000e+02 2.906738132802591981e-05
2.490000000000000000e+02 2.532617341798491583e-05
2.500000000000000000e+02 2.865613172462346564e-05
2.510000000000000000e+02 2.435467673248936971e-05
2.520000000000000000e+02 2.464123863715054057e-05
2.530000000000000000e+02 2.546535685500364736e-05
2.540000000000000000e+02 2.479171315430622551e-05
2.550000000000000000e+02 2.479756111002579314e-05
2.560000000000000000e+02 2.373317348191950158e-05
2.570000000000000000e+02 2.394989870612916256e-05
2.580000000000000000e+02 2.648042387819723182e-05
2.590000000000000000e+02 2.538012093481314255e-05
2.600000000000000000e+02 2.517878473842345520e-05
2.610000000000000000e+02 2.618868965427541661e-05
2.620000000000000000e+02 2.637320903505457859e-05
2.630000000000000000e+02 2.541934138199400498e-05
2.640000000000000000e+02 3.054902208537911378e-05
2.650000000000000000e+02 2.655199368785000151e-05
2.660000000000000000e+02 2.430952802941199075e-05
2.670000000000000000e+02 2.544415899776580214e-05
2.680000000000000000e+02 2.498858360315272072e-05
2.690000000000000000e+02 2.515428129486275895e-05
2.700000000000000000e+02 2.689830252721890549e-05
2.710000000000000000e+02 2.442781665476845602e-05
2.720000000000000000e+02 2.599317272672619519e-05
2.730000000000000000e+02 2.754257153159694955e-05
2.740000000000000000e+02 2.430794015066288627e-05
2.750000000000000000e+02 2.361264361720274329e-05
2.760000000000000000e+02 2.438867905310673810e-05
2.770000000000000000e+02 2.750692170284265058e-05
2.780000000000000000e+02 2.687243376169167478e-05
2.790000000000000000e+02 2.652793644097852782e-05
2.800000000000000000e+02 2.514904825523711960e-05
2.810000000000000000e+02 2.455115459750926928e-05
2.820000000000000000e+02 2.671332431824212269e-05
2.830000000000000000e+02 2.850343225139686111e-05
2.840000000000000000e+02 2.417305570468612389e-05
2.850000000000000000e+02 2.650701211232236757e-05
2.860000000000000000e+02 2.418482605196140255e-05
2.870000000000000000e+02 2.533219764859527553e-05
2.880000000000000000e+02 2.523273232881338308e-05
2.890000000000000000e+02 2.573234753233787905e-05
2.900000000000000000e+02 2.497801650007615387e-05
2.910000000000000000e+02 2.455594854597467408e-05
2.920000000000000000e+02 2.408791433974753605e-05
2.930000000000000000e+02 2.367067248902352873e-05
2.940000000000000000e+02 2.455655226685581576e-05
2.950000000000000000e+02 2.495170867241565052e-05
2.960000000000000000e+02 2.536703514950516272e-05
2.970000000000000000e+02 2.526599239327229806e-05
2.980000000000000000e+02 2.436472645178855483e-05
2.990000000000000000e+02 2.436497608726591736e-05
3.000000000000000000e+02 2.410512475604900451e-05
3.010000000000000000e+02 2.461804403645944644e-05
3.020000000000000000e+02 2.503498333147431283e-05
3.030000000000000000e+02 2.389339572660099673e-05
3.040000000000000000e+02 2.625892972269072603e-05
3.050000000000000000e+02 2.538552576033571107e-05
3.060000000000000000e+02 2.474300993967752625e-05
3.070000000000000000e+02 2.499551554364045597e-05
3.080000000000000000e+02 3.123784614781906726e-05
3.090000000000000000e+02 2.546836479491519279e-05
3.100000000000000000e+02 2.455723717161261612e-05
3.110000000000000000e+02 2.444079212269643204e-05
3.120000000000000000e+02 2.362646431410693178e-05
3.130000000000000000e+02 2.343183264417355631e-05
3.140000000000000000e+02 2.478358289771840790e-05
3.150000000000000000e+02 2.500427662273522602e-05
3.160000000000000000e+02 2.420229503372534863e-05
3.170000000000000000e+02 2.357541260328981203e-05
3.180000000000000000e+02 2.403083285903186817e-05
3.190000000000000000e+02 2.478652866193949790e-05
3.200000000000000000e+02 2.520747398676716783e-05
3.210000000000000000e+02 2.487388374722094219e-05
3.220000000000000000e+02 2.799430565957939689e-05
3.230000000000000000e+02 2.567646895150077632e-05
3.240000000000000000e+02 3.125218413548881013e-05
3.250000000000000000e+02 2.395219991312680082e-05
3.260000000000000000e+02 2.497606324816401959e-05
3.270000000000000000e+02 2.527002697646876488e-05
3.280000000000000000e+02 2.415817297996173616e-05
3.290000000000000000e+02 2.374968022517536670e-05
3.300000000000000000e+02 2.435300467982649849e-05
3.310000000000000000e+02 2.394901593769162724e-05
3.320000000000000000e+02 2.393669714034687702e-05
3.330000000000000000e+02 2.376587764138284053e-05
3.340000000000000000e+02 2.433707421917649378e-05
3.350000000000000000e+02 2.479896197594576554e-05
3.360000000000000000e+02 2.531528127578253949e-05
3.370000000000000000e+02 2.593967692241918723e-05
3.380000000000000000e+02 2.754139178238862497e-05
3.390000000000000000e+02 2.609415507381439333e-05
3.400000000000000000e+02 2.365794113665644485e-05
3.410000000000000000e+02 2.331946521024669315e-05
3.420000000000000000e+02 2.438399903747052810e-05
3.430000000000000000e+02 2.556666959906607014e-05
3.440000000000000000e+02 2.383439048174979156e-05
3.450000000000000000e+02 2.376095256801932242e-05
3.460000000000000000e+02 2.466120687660601846e-05
3.470000000000000000e+02 2.372940172717427808e-05
3.480000000000000000e+02 2.563369664137040739e-05
3.490000000000000000e+02 2.488237567850567195e-05
3.500000000000000000e+02 2.349854056697298375e-05
3.510000000000000000e+02 2.421030049658437247e-05
3.520000000000000000e+02 2.532397206516047284e-05
3.530000000000000000e+02 2.408897002482698345e-05
3.540000000000000000e+02 2.530165687669726587e-05
3.550000000000000000e+02 2.391889507547730206e-05
3.560000000000000000e+02 2.348062652225322514e-05
3.570000000000000000e+02 2.389124384502891153e-05
3.580000000000000000e+02 2.370506876029468998e-05
3.590000000000000000e+02 2.582061327012773831e-05
3.600000000000000000e+02 2.963153512306318570e-05
3.610000000000000000e+02 2.484737536968151616e-05
3.620000000000000000e+02 2.549485997539875751e-05
3.630000000000000000e+02 2.342126158956283138e-05
3.640000000000000000e+02 2.360780019299653278e-05
3.650000000000000000e+02 2.420533882474337428e-05
3.660000000000000000e+02 2.389274115241551302e-05
3.670000000000000000e+02 2.428891043092651556e-05
3.680000000000000000e+02 2.465047842898749708e-05
3.690000000000000000e+02 2.395969401153170703e-05
3.700000000000000000e+02 2.349714708262953881e-05
3.710000000000000000e+02 2.419332904705442537e-05
3.720000000000000000e+02 2.394404594860092839e-05
3.730000000000000000e+02 2.424522752312813784e-05
3.740000000000000000e+02 2.377072767782574577e-05
3.750000000000000000e+02 2.379503643697130079e-05
3.760000000000000000e+02 2.337167456613091027e-05
3.770000000000000000e+02 2.410919051117905632e-05
3.780000000000000000e+02 2.407544599735096113e-05
3.790000000000000000e+02 2.598589041220764593e-05
3.800000000000000000e+02 2.365321079674870741e-05
3.810000000000000000e+02 2.336225770134268127e-05
3.820000000000000000e+02 2.450553298838222284e-05
3.830000000000000000e+02 2.536840470408555984e-05
3.840000000000000000e+02 2.501290385483582210e-05
3.850000000000000000e+02 2.356748940560573241e-05
3.860000000000000000e+02 2.450759512918372420e-05
3.870000000000000000e+02 2.329377004320374057e-05
3.880000000000000000e+02 2.318565280554989760e-05
3.890000000000000000e+02 2.428022918612288399e-05
3.900000000000000000e+02 2.533814360803091366e-05
3.910000000000000000e+02 2.348443553086122744e-05
3.920000000000000000e+02 2.470827192686092963e-05
3.930000000000000000e+02 2.519786123793414147e-05
3.940000000000000000e+02 2.685600556235669540e-05
3.950000000000000000e+02 2.339345026006187504e-05
3.960000000000000000e+02 2.351190965276961923e-05
3.970000000000000000e+02 2.463419182602390514e-05
3.980000000000000000e+02 2.414057581427061632e-05
3.990000000000000000e+02 2.451521700127520320e-05
4.000000000000000000e+02 2.484221672589912922e-05
4.010000000000000000e+02 2.427579762928268149e-05
4.020000000000000000e+02 2.523643529486484756e-05
4.030000000000000000e+02 2.421695276321046930e-05
4.040000000000000000e+02 2.439484211194424413e-05
4.050000000000000000e+02 2.497148275821185314e-05
4.060000000000000000e+02 2.345182219382111290e-05
4.070000000000000000e+02 2.363107927778098291e-05
4.080000000000000000e+02 2.439013036783468002e-05
4.090000000000000000e+02 2.391898225818078207e-05
4.100000000000000000e+02 2.362935016541407358e-05
4.110000000000000000e+02 2.459896741076163384e-05
4.120000000000000000e+02 2.436982218879090307e-05
4.130000000000000000e+02 2.400725829927899499e-05
4.140000000000000000e+02 2.524697989158197756e-05
4.150000000000000000e+02 2.507681507580917219e-05
4.160000000000000000e+02 2.307768569014324820e-05
4.170000000000000000e+02 2.312216051977692395e-05
4.180000000000000000e+02 2.389283258635748730e-05
4.190000000000000000e+02 2.473962009871504331e-05
4.200000000000000000e+02 2.351216126435583690e-05
4.210000000000000000e+02 2.349948883937777661e-05
4.220000000000000000e+02 2.455214718333163511e-05
4.230000000000000000e+02 2.326601037618427375e-05
4.240000000000000000e+02 2.371160792118618329e-05
4.250000000000000000e+02 2.370388088510753949e-05
4.260000000000000000e+02 2.345099362277387679e-05
4.270000000000000000e+02 2.315547879497752642e-05
4.280000000000000000e+02 2.431056647883469206e-05
4.290000000000000000e+02 2.400087415473518742e-05
4.300000000000000000e+02 2.465239887556354024e-05
4.310000000000000000e+02 2.390318299307962421e-05
4.320000000000000000e+02 2.334163125888869675e-05
4.330000000000000000e+02 2.450626030484704936e-05
4.340000000000000000e+02 2.315483498992043637e-05
4.350000000000000000e+02 2.421092522996587133e-05
4.360000000000000000e+02 2.353362623650094563e-05
4.370000000000000000e+02 2.473257835018601668e-05
4.380000000000000000e+02 2.583788192674388748e-05
4.390000000000000000e+02 2.422198029736821065e-05
4.400000000000000000e+02 2.360124431573443877e-05
4.410000000000000000e+02 2.351856277821663110e-05
4.420000000000000000e+02 2.343320133247796261e-05
4.430000000000000000e+02 2.384181562400077681e-05
4.440000000000000000e+02 2.346742278567871050e-05
4.450000000000000000e+02 2.355269826726595606e-05
4.460000000000000000e+02 2.483932122218057264e-05
4.470000000000000000e+02 2.412387047869073189e-05
4.480000000000000000e+02 2.394051803032052841e-05
4.490000000000000000e+02 2.423333338713656862e-05
4.500000000000000000e+02 2.373314071704561530e-05
4.510000000000000000e+02 2.313328833157936651e-05
4.520000000000000000e+02 2.340133683581722564e-05
4.530000000000000000e+02 2.308319742845966774e-05
4.540000000000000000e+02 2.319120788812751468e-05
4.550000000000000000e+02 2.424024703916465947e-05
4.560000000000000000e+02 2.423281158073595598e-05
4.570000000000000000e+02 2.355040615497627234e-05
4.580000000000000000e+02 2.352735402985101172e-05
4.590000000000000000e+02 2.358828438034944391e-05
4.600000000000000000e+02 2.368178304097552476e-05
4.610000000000000000e+02 2.362624686697657522e-05
4.620000000000000000e+02 2.371977783095876902e-05
4.630000000000000000e+02 2.424467855362351086e-05
4.640000000000000000e+02 2.501452146645483690e-05
4.650000000000000000e+02 2.341985713736835923e-05
4.660000000000000000e+02 2.418922913624145968e-05
4.670000000000000000e+02 2.501579555843921499e-05
4.680000000000000000e+02 2.422257265515540131e-05
4.690000000000000000e+02 2.422672966746098900e-05
4.700000000000000000e+02 2.379847232367622849e-05
4.710000000000000000e+02 2.505429385392806565e-05
4.720000000000000000e+02 2.329768432911051996e-05
4.730000000000000000e+02 2.343028438416436087e-05
4.740000000000000000e+02 2.452946771664653574e-05
4.750000000000000000e+02 2.319919218979283733e-05
4.760000000000000000e+02 2.337121231602445231e-05
4.770000000000000000e+02 2.332694733314718625e-05
4.780000000000000000e+02 2.319970978392699244e-05
4.790000000000000000e+02 2.317342604625830752e-05
4.800000000000000000e+02 2.335563762760084776e-05
4.810000000000000000e+02 2.425303729225038960e-05
4.820000000000000000e+02 2.338186097457566287e-05
4.830000000000000000e+02 2.316552218465574111e-05
4.840000000000000000e+02 2.340959376084209782e-05
4.850000000000000000e+02 2.322370745831673933e-05
4.860000000000000000e+02 2.426234964165197456e-05
4.870000000000000000e+02 2.498019665469246729e-05
4.880000000000000000e+02 2.332543383717438390e-05
4.890000000000000000e+02 2.332369052552073238e-05
4.900000000000000000e+02 2.302298714184082112e-05
4.910000000000000000e+02 2.357144726914113222e-05
4.920000000000000000e+02 2.348498893869051135e-05
4.930000000000000000e+02 2.338982964986657099e-05
4.940000000000000000e+02 2.393017633992840725e-05
4.950000000000000000e+02 2.335305418190394657e-05
4.960000000000000000e+02 2.321438601502373960e-05
4.970000000000000000e+02 2.378941109546776520e-05
4.980000000000000000e+02 2.324959232455123785e-05
4.990000000000000000e+02 2.343143400551316160e-05
5.000000000000000000e+02 2.358177181812110977e-05
5.010000000000000000e+02 2.356021958211446237e-05
5.020000000000000000e+02 2.411414567846795602e-05
5.030000000000000000e+02 2.340194058176342748e-05
5.040000000000000000e+02 2.319512950009150490e-05
5.050000000000000000e+02 2.393539040974044892e-05
5.060000000000000000e+02 2.343959635964803869e-05
5.070000000000000000e+02 2.303025972980285541e-05
5.080000000000000000e+02 2.380974923809009653e-05
5.090000000000000000e+02 2.345181468830298072e-05
5.100000000000000000e+02 2.395623702339070709e-05
5.110000000000000000e+02 2.314994892402667145e-05
5.120000000000000000e+02 2.331644481693367850e-05
5.130000000000000000e+02 2.329470692567519490e-05
5.140000000000000000e+02 2.329727524978638032e-05
5.150000000000000000e+02 2.307984432719523691e-05
5.160000000000000000e+02 2.356546714750833781e-05
5.170000000000000000e+02 2.331226946031143807e-05
5.180000000000000000e+02 2.342285225903753326e-05
5.190000000000000000e+02 2.344317788921400543e-05
5.200000000000000000e+02 2.328603442598199341e-05
5.210000000000000000e+02 2.565805575911137907e-05
5.220000000000000000e+02 2.421080023778473224e-05
5.230000000000000000e+02 2.401471900696325554e-05
5.240000000000000000e+02 2.306451418404690761e-05
5.250000000000000000e+02 2.375245606355053031e-05
5.260000000000000000e+02 2.332916145536521416e-05
5.270000000000000000e+02 2.312597229872935238e-05
5.280000000000000000e+02 2.371085519375837724e-05
5.290000000000000000e+02 2.467547588412665735e-05
5.300000000000000000e+02 2.309511454691703789e-05
5.310000000000000000e+02 2.315521219971715625e-05
5.320000000000000000e+02 2.329022089851903935e-05
5.330000000000000000e+02 2.341587474320388178e-05
5.340000000000000000e+02 2.321575005828526082e-05
5.350000000000000000e+02 2.342009980653952776e-05
5.360000000000000000e+02 2.354449429239767572e-05
5.370000000000000000e+02 2.308505974422978303e-05
5.380000000000000000e+02 2.345836935407267135e-05
5.390000000000000000e+02 2.557953179406698377e-05
5.400000000000000000e+02 2.348933261496781018e-05
5.410000000000000000e+02 2.309837780013187174e-05
5.420000000000000000e+02 2.327398522899727505e-05
5.430000000000000000e+02 2.319407213613878309e-05
5.440000000000000000e+02 2.285542025677226742e-05
5.450000000000000000e+02 2.294105954916344787e-05
5.460000000000000000e+02 2.355126308932171961e-05
5.470000000000000000e+02 2.355888099287274331e-05
5.480000000000000000e+02 2.326445450418411522e-05
5.490000000000000000e+02 2.289579973258778041e-05
5.500000000000000000e+02 2.409328577286737344e-05
5.510000000000000000e+02 2.336968891136268189e-05
5.520000000000000000e+02 2.303462037579469433e-05
5.530000000000000000e+02 2.296506571594523962e-05
5.540000000000000000e+02 2.316602224250866509e-05
5.550000000000000000e+02 2.348963616473300522e-05
5.560000000000000000e+02 2.499892531967899993e-05
5.570000000000000000e+02 2.364951378824971457e-05
5.580000000000000000e+02 2.326841916128975495e-05
5.590000000000000000e+02 2.321205727795403099e-05
5.600000000000000000e+02 2.411880821755616253e-05
5.610000000000000000e+02 2.343073692852807517e-05
5.620000000000000000e+02 2.293100654566334183e-05
5.630000000000000000e+02 2.306285775589815313e-05
5.640000000000000000e+02 2.380752657043986754e-05
5.650000000000000000e+02 2.515910397729802827e-05
5.660000000000000000e+02 2.303930893623612486e-05
5.670000000000000000e+02 2.306372008955465101e-05
5.680000000000000000e+02 2.303920452613216266e-05
5.690000000000000000e+02 2.311486974207980163e-05
5.700000000000000000e+02 2.344965070417792693e-05
5.710000000000000000e+02 2.386332350384930733e-05
5.720000000000000000e+02 2.405349008773815142e-05
5.730000000000000000e+02 2.423601552159623877e-05
5.740000000000000000e+02 2.331464180669795067e-05
5.750000000000000000e+02 2.307886031371299818e-05
5.760000000000000000e+02 2.301555722966885288e-05
5.770000000000000000e+02 2.353043768231250196e-05
5.780000000000000000e+02 2.297557052121069096e-05
5.790000000000000000e+02 2.316746097782010821e-05
5.800000000000000000e+02 2.343930261110246688e-05
5.810000000000000000e+02 2.326269673343265169e-05
5.820000000000000000e+02 2.355334992050190271e-05
5.830000000000000000e+02 2.322291392263316849e-05
5.840000000000000000e+02 2.313375357472674903e-05
5.850000000000000000e+02 2.304081428999517326e-05
5.860000000000000000e+02 2.375490429100939337e-05
5.870000000000000000e+02 2.367910333358188974e-05
5.880000000000000000e+02 2.367809127524371355e-05
5.890000000000000000e+02 2.441476616379057712e-05
5.900000000000000000e+02 2.355698078469092616e-05
5.910000000000000000e+02 2.356624316449621993e-05
5.920000000000000000e+02 2.316088112643594919e-05
5.930000000000000000e+02 2.338668749267190465e-05
5.940000000000000000e+02 2.326230949311299044e-05
5.950000000000000000e+02 2.322267369293223629e-05
5.960000000000000000e+02 2.305502804083813697e-05
5.970000000000000000e+02 2.285627406633223996e-05
5.980000000000000000e+02 2.300861316066308250e-05
5.990000000000000000e+02 2.312904036843113371e-05
6.000000000000000000e+02 2.327591597527761105e-05
6.010000000000000000e+02 2.290267555733600894e-05
6.020000000000000000e+02 2.308562589781073919e-05
6.030000000000000000e+02 2.296336400169822915e-05
6.040000000000000000e+02 2.359533752879121245e-05
6.050000000000000000e+02 2.329252132753311083e-05
6.060000000000000000e+02 2.301352345232529276e-05
6.070000000000000000e+02 2.325246772403588704e-05
6.080000000000000000e+02 2.320699966102115491e-05
6.090000000000000000e+02 2.316537492947996885e-05
6.100000000000000000e+02 2.326440916346358100e-05
6.110000000000000000e+02 2.281704824755487903e-05
6.120000000000000000e+02 2.319238788169234234e-05
6.130000000000000000e+02 2.333925616443889532e-05
6.140000000000000000e+02 2.363319968585893182e-05
6.150000000000000000e+02 2.322651601880094564e-05
6.160000000000000000e+02 2.306020482881670496e-05
6.170000000000000000e+02 2.314173031740765117e-05
6.180000000000000000e+02 2.295058480512511773e-05
6.190000000000000000e+02 2.290315003196419206e-05
6.200000000000000000e+02 2.413837108721674624e-05
6.210000000000000000e+02 2.304581781661465444e-05
6.220000000000000000e+02 2.357972247089925352e-05
6.230000000000000000e+02 2.306378693964647534e-05
6.240000000000000000e+02 2.291843813512154645e-05
6.250000000000000000e+02 2.310176564300153189e-05
6.260000000000000000e+02 2.371043282235943661e-05
6.270000000000000000e+02 2.312770569643113214e-05
6.280000000000000000e+02 2.301554198687676440e-05
6.290000000000000000e+02 2.306245375312520598e-05
6.300000000000000000e+02 2.325331494094738451e-05
6.310000000000000000e+02 2.295206810802424542e-05
6.320000000000000000e+02 2.314791234514681887e-05
6.330000000000000000e+02 2.320809871374147451e-05
6.340000000000000000e+02 2.294389777108309171e-05
6.350000000000000000e+02 2.323951581064731992e-05
6.360000000000000000e+02 2.290274949262783403e-05
6.370000000000000000e+02 2.298400667248755994e-05
6.380000000000000000e+02 2.291774899071964938e-05
6.390000000000000000e+02 2.287442938506611270e-05
6.400000000000000000e+02 2.319923340803711255e-05
6.410000000000000000e+02 2.337787869609465937e-05
6.420000000000000000e+02 2.297745768842079036e-05
6.430000000000000000e+02 2.307921583646494601e-05
6.440000000000000000e+02 2.284988421096397651e-05
6.450000000000000000e+02 2.290610084873846922e-05
6.460000000000000000e+02 2.321918906737645597e-05
6.470000000000000000e+02 2.386181614947211244e-05
6.480000000000000000e+02 2.335598057964927070e-05
6.490000000000000000e+02 2.290732313921957150e-05
6.500000000000000000e+02 2.306137957503711709e-05
6.510000000000000000e+02 2.287669947834919683e-05
6.520000000000000000e+02 2.302489396000667599e-05
6.530000000000000000e+02 2.310830059812724399e-05
6.540000000000000000e+02 2.316871318651136561e-05
6.550000000000000000e+02 2.322423391734143266e-05
6.560000000000000000e+02 2.289563664538014209e-05
6.570000000000000000e+02 2.297707066258066594e-05
6.580000000000000000e+02 2.296137147463671186e-05
6.590000000000000000e+02 2.308063575269359867e-05
6.600000000000000000e+02 2.302148831810776029e-05
6.610000000000000000e+02 2.332301565932984425e-05
6.620000000000000000e+02 2.360543253119135970e-05
6.630000000000000000e+02 2.316560385980175765e-05
6.640000000000000000e+02 2.286857911844561699e-05
6.650000000000000000e+02 2.286764399682682629e-05
6.660000000000000000e+02 2.288493274983225662e-05
6.670000000000000000e+02 2.281665496173380074e-05
6.680000000000000000e+02 2.293403449588242242e-05
6.690000000000000000e+02 2.283817645406681615e-05
6.700000000000000000e+02 2.314602566328967468e-05
6.710000000000000000e+02 2.302410982802559564e-05
6.720000000000000000e+02 2.303436999791929964e-05
6.730000000000000000e+02 2.280454914528449276e-05
6.740000000000000000e+02 2.289955877762562273e-05
6.750000000000000000e+02 2.279399720248532745e-05
6.760000000000000000e+02 2.318958275083085819e-05
6.770000000000000000e+02 2.285665409679386170e-05
6.780000000000000000e+02 2.304401756606500165e-05
6.790000000000000000e+02 2.321418103154731196e-05
6.800000000000000000e+02 2.285470773151491482e-05
6.810000000000000000e+02 2.293021895041121987e-05
6.820000000000000000e+02 2.312294430786863826e-05
6.830000000000000000e+02 2.293751074824419855e-05
6.840000000000000000e+02 2.283878198897279285e-05
6.850000000000000000e+02 2.290325593932626195e-05
6.860000000000000000e+02 2.293687055761133879e-05
6.870000000000000000e+02 2.331530598403134857e-05
6.880000000000000000e+02 2.318483483182887019e-05
6.890000000000000000e+02 2.286512340826840192e-05
6.900000000000000000e+02 2.328643295492583098e-05
6.910000000000000000e+02 2.294318895394136789e-05
6.920000000000000000e+02 2.273880515914866154e-05
6.930000000000000000e+02 2.330969266712253218e-05
6.940000000000000000e+02 2.290678752120519347e-05
6.950000000000000000e+02 2.297575375302613325e-05
6.960000000000000000e+02 2.312852475072221749e-05
6.970000000000000000e+02 2.313424274738132459e-05
6.980000000000000000e+02 2.287622953380568156e-05
6.990000000000000000e+02 2.307307156641124189e-05
7.000000000000000000e+02 2.289734072040281715e-05
7.010000000000000000e+02 2.290633918520966069e-05
7.020000000000000000e+02 2.278381033574911275e-05
7.030000000000000000e+02 2.300572351904683340e-05
7.040000000000000000e+02 2.275808884529594901e-05
7.050000000000000000e+02 2.280600575925281740e-05
7.060000000000000000e+02 2.280867711217043979e-05
7.070000000000000000e+02 2.352403694846784868e-05
7.080000000000000000e+02 2.325401632167971668e-05
7.090000000000000000e+02 2.323605591837603492e-05
7.100000000000000000e+02 2.285478113181850103e-05
7.110000000000000000e+02 2.318890266142439933e-05
7.120000000000000000e+02 2.308321796763767857e-05
7.130000000000000000e+02 2.299933108732609495e-05
7.140000000000000000e+02 2.311284425659659373e-05
7.150000000000000000e+02 2.277988418404347949e-05
7.160000000000000000e+02 2.309339399782649830e-05
7.170000000000000000e+02 2.345328559126651417e-05
7.180000000000000000e+02 2.296980027057301122e-05
7.190000000000000000e+02 2.284238523521497013e-05
7.200000000000000000e+02 2.294246849722001057e-05
7.210000000000000000e+02 2.301855810380793168e-05
7.220000000000000000e+02 2.288177993741948840e-05
7.230000000000000000e+02 2.300205972059081561e-05
7.240000000000000000e+02 2.279025221143777004e-05
7.250000000000000000e+02 2.273914380226585820e-05
7.260000000000000000e+02 2.281374953957326769e-05
7.270000000000000000e+02 2.291795493436075048e-05
7.280000000000000000e+02 2.308070803379576688e-05
7.290000000000000000e+02 2.329323229006289225e-05
7.300000000000000000e+02 2.286571901394627104e-05
7.310000000000000000e+02 2.293070802224416845e-05
7.320000000000000000e+02 2.310036885687144406e-05
7.330000000000000000e+02 2.282748249662904606e-05
7.340000000000000000e+02 2.282094570416342579e-05
7.350000000000000000e+02 2.297758192924877020e-05
7.360000000000000000e+02 2.281597172999547463e-05
7.370000000000000000e+02 2.306001037503766112e-05
7.380000000000000000e+02 2.317760750497775208e-05
7.390000000000000000e+02 2.307991585053965019e-05
7.400000000000000000e+02 2.290204217228510573e-05
7.410000000000000000e+02 2.282307178031493255e-05
7.420000000000000000e+02 2.285118464741088526e-05
7.430000000000000000e+02 2.282692180563101428e-05
7.440000000000000000e+02 2.287148429791290458e-05
7.450000000000000000e+02 2.303405946891714289e-05
7.460000000000000000e+02 2.279346498714436290e-05
7.470000000000000000e+02 2.322103126610421789e-05
7.480000000000000000e+02 2.320197451996605669e-05
7.490000000000000000e+02 2.294534058267138073e-05
7.500000000000000000e+02 2.278281585596752108e-05
7.510000000000000000e+02 2.283708014867791842e-05
7.520000000000000000e+02 2.279834002096826773e-05
7.530000000000000000e+02 2.273985320860031538e-05
7.540000000000000000e+02 2.298315624267702317e-05
7.550000000000000000e+02 2.305014293905211601e-05
7.560000000000000000e+02 2.332725141638639969e-05
7.570000000000000000e+02 2.275470215237129285e-05
7.580000000000000000e+02 2.301351557641925647e-05
7.590000000000000000e+02 2.282347972425712260e-05
7.600000000000000000e+02 2.284232212968247217e-05
7.610000000000000000e+02 2.322914510019532812e-05
7.620000000000000000e+02 2.274529741460504229e-05
7.630000000000000000e+02 2.271906776784950581e-05
7.640000000000000000e+02 2.306929097588856500e-05
7.650000000000000000e+02 2.297262916058492789e-05
7.660000000000000000e+02 2.312624797252969176e-05
7.670000000000000000e+02 2.345514792779314472e-05
7.680000000000000000e+02 2.313043816094136786e-05
7.690000000000000000e+02 2.284575023812192445e-05
7.700000000000000000e+02 2.275923598675414522e-05
7.710000000000000000e+02 2.288509001846695620e-05
7.720000000000000000e+02 2.282239664460515371e-05
7.730000000000000000e+02 2.278112542086632388e-05
7.740000000000000000e+02 2.266989108846688230e-05
7.750000000000000000e+02 2.283891489093249391e-05
7.760000000000000000e+02 2.276988662264836842e-05
7.770000000000000000e+02 2.301276237860390043e-05
7.780000000000000000e+02 2.285098516793397953e-05
7.790000000000000000e+02 2.283997101286211961e-05
7.800000000000000000e+02 2.344399465283454853e-05
7.810000000000000000e+02 2.302788049567362018e-05
7.820000000000000000e+02 2.277113566006978932e-05
7.830000000000000000e+02 2.277087811469054020e-05
7.840000000000000000e+02 2.278191880182080399e-05
7.850000000000000000e+02 2.273804234472472997e-05
7.860000000000000000e+02 2.306333943534384192e-05
7.870000000000000000e+02 2.273358824319097812e-05
7.880000000000000000e+02 2.281589550771493928e-05
7.890000000000000000e+02 2.290219482147915175e-05
7.900000000000000000e+02 2.284246488544757712e-05
7.910000000000000000e+02 2.277072990400655646e-05
7.920000000000000000e+02 2.275649301477936180e-05
7.930000000000000000e+02 2.290252223498546913e-05
7.940000000000000000e+02 2.341741938180334927e-05
7.950000000000000000e+02 2.291181823518401275e-05
7.960000000000000000e+02 2.291192182573318986e-05
7.970000000000000000e+02 2.288627665338416212e-05
7.980000000000000000e+02 2.312531024468282185e-05
7.990000000000000000e+02 2.285642188414016744e-05
8.000000000000000000e+02 2.281138273866711351e-05
8.010000000000000000e+02 2.270740254975454149e-05
8.020000000000000000e+02 2.293317991993371044e-05
8.030000000000000000e+02 2.277432682856597314e-05
8.040000000000000000e+02 2.295499291215546373e-05
8.050000000000000000e+02 2.310290384700709602e-05
8.060000000000000000e+02 2.282403728023246317e-05
8.070000000000000000e+02 2.284600505666874862e-05
8.080000000000000000e+02 2.277490857162143770e-05
8.090000000000000000e+02 2.282028252781543830e-05
8.100000000000000000e+02 2.274309922588870107e-05
8.110000000000000000e+02 2.267135211081897035e-05
8.120000000000000000e+02 2.274598574541306055e-05
8.130000000000000000e+02 2.276852029747887434e-05
8.140000000000000000e+02 2.306434526162418636e-05
8.150000000000000000e+02 2.276961172265063441e-05
8.160000000000000000e+02 2.273018314978441206e-05
8.170000000000000000e+02 2.266176735346267488e-05
8.180000000000000000e+02 2.277487094590814574e-05
8.190000000000000000e+02 2.270192703427414209e-05
8.200000000000000000e+02 2.269692905213424651e-05
8.210000000000000000e+02 2.275270876436446800e-05
8.220000000000000000e+02 2.272878365748751096e-05
8.230000000000000000e+02 2.292339411232939461e-05
8.240000000000000000e+02 2.288658277379802071e-05
8.250000000000000000e+02 2.287260297449179936e-05
8.260000000000000000e+02 2.290109802780197730e-05
8.270000000000000000e+02 2.290160638943765221e-05
8.280000000000000000e+02 2.292419428364822368e-05
8.290000000000000000e+02 2.271676748946979839e-05
8.300000000000000000e+02 2.278658072766192718e-05
8.310000000000000000e+02 2.269110628923812610e-05
8.320000000000000000e+02 2.281341733699823529e-05
8.330000000000000000e+02 2.279200058394058155e-05
8.340000000000000000e+02 2.288790078168957126e-05
8.350000000000000000e+02 2.275439139475002068e-05
8.360000000000000000e+02 2.284913348332247299e-05
8.370000000000000000e+02 2.264310136024544638e-05
8.380000000000000000e+02 2.277645720603195214e-05
8.390000000000000000e+02 2.281422883194320688e-05
8.400000000000000000e+02 2.282089314276157348e-05
8.410000000000000000e+02 2.275481003712109533e-05
8.420000000000000000e+02 2.271855796728647770e-05
8.430000000000000000e+02 2.293323535030325028e-05
8.440000000000000000e+02 2.270666926547896283e-05
8.450000000000000000e+02 2.282368880391840801e-05
8.460000000000000000e+02 2.309334022753868496e-05
8.470000000000000000e+02 2.291964641051113898e-05
8.480000000000000000e+02 2.277228925676235978e-05
8.490000000000000000e+02 2.279677740244541649e-05
8.500000000000000000e+02 2.270667676823566258e-05
8.510000000000000000e+02 2.282994994648538997e-05
8.520000000000000000e+02 2.278361232545823338e-05
8.530000000000000000e+02 2.272390036556281928e-05
8.540000000000000000e+02 2.274809829130035088e-05
8.550000000000000000e+02 2.289226366694936500e-05
8.560000000000000000e+02 2.317113912816123062e-05
8.570000000000000000e+02 2.339055373812780778e-05
8.580000000000000000e+02 2.269310381876410304e-05
8.590000000000000000e+02 2.269658598780636497e-05
8.600000000000000000e+02 2.266333187644326794e-05
8.610000000000000000e+02 2.279280075485941456e-05
8.620000000000000000e+02 2.275663951298055596e-05
8.630000000000000000e+02 2.266771137787945643e-05
8.640000000000000000e+02 2.283100945309348524e-05
8.650000000000000000e+02 2.266959761383910418e-05
8.660000000000000000e+02 2.266556134675639837e-05
8.670000000000000000e+02 2.268659095343161187e-05
8.680000000000000000e+02 2.289202677887292918e-05
8.690000000000000000e+02 2.280221518953267268e-05
8.700000000000000000e+02 2.276884459798595684e-05
8.710000000000000000e+02 2.282324661920974240e-05
8.720000000000000000e+02 2.271491246734721109e-05
8.730000000000000000e+02 2.274168581420960581e-05
8.740000000000000000e+02 2.268545361176685225e-05
8.750000000000000000e+02 2.279271671795448064e-05
8.760000000000000000e+02 2.274024688378160591e-05
8.770000000000000000e+02 2.270690729477936837e-05
8.780000000000000000e+02 2.265726787278257652e-05
8.790000000000000000e+02 2.274748184626855423e-05
8.800000000000000000e+02 2.269090859442700236e-05
8.810000000000000000e+02 2.266506281359066376e-05
8.820000000000000000e+02 2.264269732944013697e-05
8.830000000000000000e+02 2.274354307183640446e-05
8.840000000000000000e+02 2.274732808057634503e-05
8.850000000000000000e+02 2.264460949736443596e-05
8.860000000000000000e+02 2.278709780483373113e-05
8.870000000000000000e+02 2.266105365592986672e-05
8.880000000000000000e+02 2.265492225351747516e-05
8.890000000000000000e+02 2.311257145274480263e-05
8.900000000000000000e+02 2.271496403613223347e-05
8.910000000000000000e+02 2.291258630981383011e-05
8.920000000000000000e+02 2.268811725229106084e-05
8.930000000000000000e+02 2.266273683381532424e-05
8.940000000000000000e+02 2.266834617455643826e-05
8.950000000000000000e+02 2.282301396950167392e-05
8.960000000000000000e+02 2.268778210433293493e-05
8.970000000000000000e+02 2.275319526016275851e-05
8.980000000000000000e+02 2.278528801885624160e-05
8.990000000000000000e+02 2.277020083826148159e-05
9.000000000000000000e+02 2.295414145116619027e-05
9.010000000000000000e+02 2.296943399619753054e-05
9.020000000000000000e+02 2.289884657694423126e-05
9.030000000000000000e+02 2.268133924604671923e-05
9.040000000000000000e+02 2.285862995962716768e-05
9.050000000000000000e+02 2.275320767793368517e-05
9.060000000000000000e+02 2.269857014498957159e-05
9.070000000000000000e+02 2.268199135570195816e-05
9.080000000000000000e+02 2.268901603989267299e-05
9.090000000000000000e+02 2.271191678160908018e-05
9.100000000000000000e+02 2.288925255201823937e-05
9.110000000000000000e+02 2.283876054147555531e-05
9.120000000000000000e+02 2.268428302487695699e-05
9.130000000000000000e+02 2.267113754440078243e-05
9.140000000000000000e+02 2.264817389090286788e-05
9.150000000000000000e+02 2.270244969289051702e-05
9.160000000000000000e+02 2.272967631930286383e-05
9.170000000000000000e+02 2.271384253139601366e-05
9.180000000000000000e+02 2.271569941590124490e-05
9.190000000000000000e+02 2.279889667983492024e-05
9.200000000000000000e+02 2.271616483141987623e-05
9.210000000000000000e+02 2.266046813741624222e-05
9.220000000000000000e+02 2.263710447620036247e-05
9.230000000000000000e+02 2.276564227056956656e-05
9.240000000000000000e+02 2.269746784808271975e-05
9.250000000000000000e+02 2.278557777892494692e-05
9.260000000000000000e+02 2.268584096807967285e-05
9.270000000000000000e+02 2.284971666170590893e-05
9.280000000000000000e+02 2.283015647677736666e-05
9.290000000000000000e+02 2.267115811769998410e-05
9.300000000000000000e+02 2.267959694832341161e-05
9.310000000000000000e+02 2.271779948800524085e-05
9.320000000000000000e+02 2.271086413468591735e-05
9.330000000000000000e+02 2.270612341025958698e-05
9.340000000000000000e+02 2.263808233785990438e-05
9.350000000000000000e+02 2.264498964481910219e-05
9.360000000000000000e+02 2.276389254962987301e-05
9.370000000000000000e+02 2.280762061799051832e-05
9.380000000000000000e+02 2.280861346773192146e-05
9.390000000000000000e+02 2.295622527708486403e-05
9.400000000000000000e+02 2.282285549787578662e-05
9.410000000000000000e+02 2.301789139419642546e-05
9.420000000000000000e+02 2.273180099304355305e-05
9.430000000000000000e+02 2.265676314247993902e-05
9.440000000000000000e+02 2.264124839766672618e-05
9.450000000000000000e+02 2.266522950726691433e-05
9.460000000000000000e+02 2.263357045085978225e-05
9.470000000000000000e+02 2.268407603105435514e-05
9.480000000000000000e+02 2.271014342976328631e-05
9.490000000000000000e+02 2.265069742497943331e-05
9.500000000000000000e+02 2.286814401695300784e-05
9.510000000000000000e+02 2.269305482451216616e-05
9.520000000000000000e+02 2.285071754955013906e-05
9.530000000000000000e+02 2.314309737450618559e-05
9.540000000000000000e+02 2.264762641593163673e-05
9.550000000000000000e+02 2.268648714957361944e-05
9.560000000000000000e+02 2.271152501810232672e-05
9.570000000000000000e+02 2.278469338510910269e-05
9.580000000000000000e+02 2.264029012633252805e-05
9.590000000000000000e+02 2.265115088314311796e-05
9.600000000000000000e+02 2.306282103375852820e-05
9.610000000000000000e+02 2.266906474820300750e-05
9.620000000000000000e+02 2.262697329562454593e-05
9.630000000000000000e+02 2.267907195846298267e-05
9.640000000000000000e+02 2.277950352973881915e-05
9.650000000000000000e+02 2.272904030891453352e-05
9.660000000000000000e+02 2.262601299571737645e-05
9.670000000000000000e+02 2.276708922215065769e-05
9.680000000000000000e+02 2.270156494536017179e-05
9.690000000000000000e+02 2.267598156712391920e-05
9.700000000000000000e+02 2.276026412003808840e-05
9.710000000000000000e+02 2.272299115817768154e-05
9.720000000000000000e+02 2.292522167185338046e-05
9.730000000000000000e+02 2.262534424086682091e-05
9.740000000000000000e+02 2.276303921585354161e-05
9.750000000000000000e+02 2.282568828145129915e-05
9.760000000000000000e+02 2.284802703382392223e-05
9.770000000000000000e+02 2.275836651291250620e-05
9.780000000000000000e+02 2.263633226305876317e-05
9.790000000000000000e+02 2.263991214076176411e-05
9.800000000000000000e+02 2.263280438908003964e-05
9.810000000000000000e+02 2.259717552151099874e-05
9.820000000000000000e+02 2.274804214500966679e-05
9.830000000000000000e+02 2.268347424948088245e-05
9.840000000000000000e+02 2.262896990103991862e-05
9.850000000000000000e+02 2.271873792084958948e-05
9.860000000000000000e+02 2.261773073541972483e-05
9.870000000000000000e+02 2.269957295518040504e-05
9.880000000000000000e+02 2.265997852263801709e-05
9.890000000000000000e+02 2.265677688339731919e-05
9.900000000000000000e+02 2.273056627654685777e-05
9.910000000000000000e+02 2.289518907878526239e-05
9.920000000000000000e+02 2.270953840423389457e-05
9.930000000000000000e+02 2.272680149816979703e-05
9.940000000000000000e+02 2.269790535020029884e-05
9.950000000000000000e+02 2.263693491667375635e-05
9.960000000000000000e+02 2.265800382779135764e-05
9.970000000000000000e+02 2.267496883307076587e-05
9.980000000000000000e+02 2.271145131376045521e-05
9.990000000000000000e+02 2.268763131322624232e-05
1.000000000000000000e+03 2.271711744192570431e-05
1.001000000000000000e+03 2.271001634708322389e-05
1.002000000000000000e+03 2.265184459299119085e-05
1.003000000000000000e+03 2.266132971985547205e-05
1.004000000000000000e+03 2.260762528286947021e-05
1.005000000000000000e+03 2.266834184019267165e-05
1.006000000000000000e+03 2.265239065760781098e-05
1.007000000000000000e+03 2.260030797000207371e-05
1.008000000000000000e+03 2.286039014987723334e-05
1.009000000000000000e+03 2.266276082949138603e-05
1.010000000000000000e+03 2.264250422370112328e-05
1.011000000000000000e+03 2.260571442552269933e-05
1.012000000000000000e+03 2.268228798982294505e-05
1.013000000000000000e+03 2.268319281046770185e-05
1.014000000000000000e+03 2.281551271232656834e-05
1.015000000000000000e+03 2.267004580231872635e-05
1.016000000000000000e+03 2.259804014270601257e-05
1.017000000000000000e+03 2.263395636082446855e-05
1.018000000000000000e+03 2.272806658481041914e-05
1.019000000000000000e+03 2.268597028265863220e-05
1.020000000000000000e+03 2.265211271737629841e-05
1.021000000000000000e+03 2.261868824819720250e-05
1.022000000000000000e+03 2.262165176294113228e-05
1.023000000000000000e+03 2.264757540412209720e-05
1.024000000000000000e+03 2.274661380901419082e-05
1.025000000000000000e+03 2.288479974344510932e-05
1.026000000000000000e+03 2.281305432214357490e-05
1.027000000000000000e+03 2.270734550152374762e-05
1.028000000000000000e+03 2.272303043663289183e-05
1.029000000000000000e+03 2.268730326362954888e-05
1.030000000000000000e+03 2.261011765710951093e-05
1.031000000000000000e+03 2.268645840760265121e-05
1.032000000000000000e+03 2.267350939796855078e-05
1.033000000000000000e+03 2.260684025803333524e-05
1.034000000000000000e+03 2.266809960392117396e-05
1.035000000000000000e+03 2.260813495776914326e-05
1.036000000000000000e+03 2.262796918689522388e-05
1.037000000000000000e+03 2.261169309761466525e-05
1.038000000000000000e+03 2.271152703764527634e-05
1.039000000000000000e+03 2.274921509514507645e-05
1.040000000000000000e+03 2.262327261691713558e-05
1.041000000000000000e+03 2.259937231360313302e-05
1.042000000000000000e+03 2.263374099666755077e-05
1.043000000000000000e+03 2.273359534247454148e-05
1.044000000000000000e+03 2.270236633045609605e-05
1.045000000000000000e+03 2.265357392575874967e-05
1.046000000000000000e+03 2.272193293043696895e-05
1.047000000000000000e+03 2.293362449645234527e-05
1.048000000000000000e+03 2.284775037343656024e-05
1.049000000000000000e+03 2.262096542363131775e-05
1.050000000000000000e+03 2.265628714481926910e-05
1.051000000000000000e+03 2.263203070952003653e-05
1.052000000000000000e+03 2.283894589025483516e-05
1.053000000000000000e+03 2.278498794163482213e-05
1.054000000000000000e+03 2.268698583621931851e-05
1.055000000000000000e+03 2.262092079498644902e-05
1.056000000000000000e+03 2.256288599121315341e-05
1.057000000000000000e+03 2.273974479124027498e-05
1.058000000000000000e+03 2.273774897727317247e-05
1.059000000000000000e+03 2.267628253555998525e-05
1.060000000000000000e+03 2.278203111027671141e-05
1.061000000000000000e+03 2.261789371369577517e-05
1.062000000000000000e+03 2.263574666541837344e-05
1.063000000000000000e+03 2.272363237883245798e-05
1.064000000000000000e+03 2.260888557885108987e-05
1.065000000000000000e+03 2.260750306460209311e-05
1.066000000000000000e+03 2.268922874750018540e-05
1.067000000000000000e+03 2.272473017923929165e-05
1.068000000000000000e+03 2.281087406319363939e-05
1.069000000000000000e+03 2.264644561989845052e-05
1.070000000000000000e+03 2.258060284820051516e-05
1.071000000000000000e+03 2.256085163629826376e-05
1.072000000000000000e+03 2.295362978960036540e-05
1.073000000000000000e+03 2.272167508373482226e-05
1.074000000000000000e+03 2.265313171371135029e-05
1.075000000000000000e+03 2.269394491130287999e-05
1.076000000000000000e+03 2.272977927292253644e-05
1.077000000000000000e+03 2.259934297451733894e-05
1.078000000000000000e+03 2.269685961948566123e-05
1.079000000000000000e+03 2.262391204940233759e-05
1.080000000000000000e+03 2.271919379662072611e-05
1.081000000000000000e+03 2.259500111286286684e-05
1.082000000000000000e+03 2.264467859706063271e-05
1.083000000000000000e+03 2.258178230552266848e-05
1.084000000000000000e+03 2.258994029837569869e-05
1.085000000000000000e+03 2.264626294159213750e-05
1.086000000000000000e+03 2.262751107494786028e-05
1.087000000000000000e+03 2.264984955213879115e-05
1.088000000000000000e+03 2.263764454876961935e-05
1.089000000000000000e+03 2.258473818343447969e-05
1.090000000000000000e+03 2.262509045542110858e-05
1.091000000000000000e+03 2.268624238123761821e-05
1.092000000000000000e+03 2.266020646348733845e-05
1.093000000000000000e+03 2.262723835601250451e-05
1.094000000000000000e+03 2.264154156052795475e-05
1.095000000000000000e+03 2.277058505412072711e-05
1.096000000000000000e+03 2.280280638118027718e-05
1.097000000000000000e+03 2.285082886103868930e-05
1.098000000000000000e+03 2.266281419500725994e-05
1.099000000000000000e+03 2.269358815469047573e-05
1.100000000000000000e+03 2.268322741942519993e-05
1.101000000000000000e+03 2.263086791215721111e-05
1.102000000000000000e+03 2.258516407317794108e-05
1.103000000000000000e+03 2.262073468336366240e-05
1.104000000000000000e+03 2.258320651804081785e-05
1.105000000000000000e+03 2.264554466283182858e-05
1.106000000000000000e+03 2.257865729551342745e-05
1.107000000000000000e+03 2.264755497097756807e-05
1.108000000000000000e+03 2.274485481170410820e-05
1.109000000000000000e+03 2.265238527665842550e-05
1.110000000000000000e+03 2.259544483949946423e-05
1.111000000000000000e+03 2.274694867824381974e-05
1.112000000000000000e+03 2.267498054663295734e-05
1.113000000000000000e+03 2.266286491852099758e-05
1.114000000000000000e+03 2.258242556853249614e-05
1.115000000000000000e+03 2.260231029970949235e-05
1.116000000000000000e+03 2.259897063006569115e-05
1.117000000000000000e+03 2.261709943896102974e-05
1.118000000000000000e+03 2.260853766749435298e-05
1.119000000000000000e+03 2.256358232884618221e-05
1.120000000000000000e+03 2.267371934153065177e-05
1.121000000000000000e+03 2.263754238886700823e-05
1.122000000000000000e+03 2.255281695277970057e-05
1.123000000000000000e+03 2.261325937326682373e-05
1.124000000000000000e+03 2.262672255555672458e-05
1.125000000000000000e+03 2.259440866039417409e-05
1.126000000000000000e+03 2.257296716707824015e-05
1.127000000000000000e+03 2.264095433386848150e-05
1.128000000000000000e+03 2.257713584055196288e-05
1.129000000000000000e+03 2.259031476435215832e-05
1.130000000000000000e+03 2.260656462404908058e-05
1.131000000000000000e+03 2.272509969388494949e-05
1.132000000000000000e+03 2.257694428330083266e-05
1.133000000000000000e+03 2.274786532186864437e-05
1.134000000000000000e+03 2.262356091924007530e-05
1.135000000000000000e+03 2.258178818429120639e-05
1.136000000000000000e+03 2.261418046392867613e-05
1.137000000000000000e+03 2.263677495179839221e-05
1.138000000000000000e+03 2.263751913490978014e-05
1.139000000000000000e+03 2.274062973856203653e-05
1.140000000000000000e+03 2.262807360311065076e-05
1.141000000000000000e+03 2.261700743846464302e-05
1.142000000000000000e+03 2.267727682001031422e-05
1.143000000000000000e+03 2.273002546672176006e-05
1.144000000000000000e+03 2.259385971115104616e-05
1.145000000000000000e+03 2.260933909913342648e-05
1.146000000000000000e+03 2.257963184601208408e-05
1.147000000000000000e+03 2.258264997110268464e-05
1.148000000000000000e+03 2.268065353884575835e-05
1.149000000000000000e+03 2.280365741959956518e-05
1.150000000000000000e+03 2.260095003745916727e-05
1.151000000000000000e+03 2.256315215332943970e-05
1.152000000000000000e+03 2.259751984457468522e-05
1.153000000000000000e+03 2.261525827380634981e-05
1.154000000000000000e+03 2.268518053386738681e-05
1.155000000000000000e+03 2.270696127419447998e-05
1.156000000000000000e+03 2.260619067863786402e-05
1.157000000000000000e+03 2.260337624522479872e-05
1.158000000000000000e+03 2.260339578704664054e-05
1.159000000000000000e+03 2.261673637645584311e-05
1.160000000000000000e+03 2.264680504125291189e-05
1.161000000000000000e+03 2.259683910294300090e-05
1.162000000000000000e+03 2.264270632837504178e-05
1.163000000000000000e+03 2.262792062497778357e-05
1.164000000000000000e+03 2.271332060735916714e-05
1.165000000000000000e+03 2.270330779335784745e-05
1.166000000000000000e+03 2.265570294453644743e-05
1.167000000000000000e+03 2.266930606397501923e-05
1.168000000000000000e+03 2.264218807723603047e-05
1.169000000000000000e+03 2.260434134575985726e-05
1.170000000000000000e+03 2.262019556607153964e-05
1.171000000000000000e+03 2.265824245343235686e-05
1.172000000000000000e+03 2.257716237859463081e-05
1.173000000000000000e+03 2.265794765791507163e-05
1.174000000000000000e+03 2.261494416079896233e-05
1.175000000000000000e+03 2.258006768123800185e-05
1.176000000000000000e+03 2.266897463620985329e-05
1.177000000000000000e+03 2.273408715863274457e-05
1.178000000000000000e+03 2.258498868045162122e-05
1.179000000000000000e+03 2.260667935071870890e-05
1.180000000000000000e+03 2.280245204758919359e-05
1.181000000000000000e+03 2.262236426855548929e-05
1.182000000000000000e+03 2.263646379921130814e-05
1.183000000000000000e+03 2.255508238044895232e-05
1.184000000000000000e+03 2.271198750673773835e-05
1.185000000000000000e+03 2.266320067594896503e-05
1.186000000000000000e+03 2.260611980426716067e-05
1.187000000000000000e+03 2.260219160675589097e-05
1.188000000000000000e+03 2.269348020239455942e-05
1.189000000000000000e+03 2.268710821887371699e-05
1.190000000000000000e+03 2.255616612810952483e-05
1.191000000000000000e+03 2.265504444605326526e-05
1.192000000000000000e+03 2.264139306774555683e-05
1.193000000000000000e+03 2.268166361386078460e-05
1.194000000000000000e+03 2.264537972837990889e-05
1.195000000000000000e+03 2.261076510196776557e-05
1.196000000000000000e+03 2.265346589306471573e-05
1.197000000000000000e+03 2.265934288857418392e-05
1.198000000000000000e+03 2.254557892825706050e-05
1.199000000000000000e+03 2.261592849108717650e-05
1.200000000000000000e+03 2.271354461290192315e-05
1.201000000000000000e+03 2.263100399858160091e-05
1.202000000000000000e+03 2.265529478029980210e-05
1.203000000000000000e+03 2.262191055153833606e-05
1.204000000000000000e+03 2.277123557768126645e-05
1.205000000000000000e+03 2.257364695779471526e-05
1.206000000000000000e+03 2.257194656377044112e-05
1.207000000000000000e+03 2.262211471944079291e-05
1.208000000000000000e+03 2.257107119682954076e-05
1.209000000000000000e+03 2.261094358218759294e-05
1.210000000000000000e+03 2.256898004194359317e-05
1.211000000000000000e+03 2.254505457414011037e-05
1.212000000000000000e+03 2.267087097076750122e-05
1.213000000000000000e+03 2.259346855083521114e-05
1.214000000000000000e+03 2.261889873574595623e-05
1.215000000000000000e+03 2.257853876408282576e-05
1.216000000000000000e+03 2.254940056042318270e-05
1.217000000000000000e+03 2.258830177458470608e-05
1.218000000000000000e+03 2.261721192016748392e-05
1.219000000000000000e+03 2.266674046158585149e-05
1.220000000000000000e+03 2.270818395666756990e-05
1.221000000000000000e+03 2.269683444102586669e-05
1.222000000000000000e+03 2.259714076785549925e-05
1.223000000000000000e+03 2.258206670872032963e-05
1.224000000000000000e+03 2.261121280698470174e-05
1.225000000000000000e+03 2.270801529280572494e-05
1.226000000000000000e+03 2.256115107423174764e-05
1.227000000000000000e+03 2.258717294758560019e-05
1.228000000000000000e+03 2.255876140425919809e-05
1.229000000000000000e+03 2.270098935113254627e-05
1.230000000000000000e+03 2.272940922782932925e-05
1.231000000000000000e+03 2.255804547132200650e-05
1.232000000000000000e+03 2.261238513310620256e-05
1.233000000000000000e+03 2.287364143062925272e-05
1.234000000000000000e+03 2.260788895065150549e-05
1.235000000000000000e+03 2.254805596580236422e-05
1.236000000000000000e+03 2.253669158073723640e-05
1.237000000000000000e+03 2.268969827981657365e-05
1.238000000000000000e+03 2.260400687479867252e-05
1.239000000000000000e+03 2.275111940482526360e-05
1.240000000000000000e+03 2.254802782909866323e-05
1.241000000000000000e+03 2.264973340864325738e-05
1.242000000000000000e+03 2.263220740187188741e-05
1.243000000000000000e+03 2.274370969065955049e-05
1.244000000000000000e+03 2.262101502437299371e-05
1.245000000000000000e+03 2.261061060428462162e-05
1.246000000000000000e+03 2.261460632758133401e-05
1.247000000000000000e+03 2.255415040337249011e-05
1.248000000000000000e+03 2.255933981563797532e-05
1.249000000000000000e+03 2.262012360852484421e-05
1.250000000000000000e+03 2.270468932857057823e-05
1.251000000000000000e+03 2.255385395993124382e-05
1.252000000000000000e+03 2.274019675798488711e-05
1.253000000000000000e+03 2.256639727003267355e-05
1.254000000000000000e+03 2.258069966041220149e-05
1.255000000000000000e+03 2.256875913209194310e-05
1.256000000000000000e+03 2.255900787744729270e-05
1.257000000000000000e+03 2.254514732874360778e-05
1.258000000000000000e+03 2.256161369295668837e-05
1.259000000000000000e+03 2.258005246169074039e-05
1.260000000000000000e+03 2.255103705639019792e-05
1.261000000000000000e+03 2.256427211140328451e-05
1.262000000000000000e+03 2.257452711326565496e-05
1.263000000000000000e+03 2.258531870405491534e-05
1.264000000000000000e+03 2.259258758294020950e-05
1.265000000000000000e+03 2.266419145395397002e-05
1.266000000000000000e+03 2.263628749443781372e-05
1.267000000000000000e+03 2.251526505976535929e-05
1.268000000000000000e+03 2.257694440661050676e-05
1.269000000000000000e+03 2.256156464411923447e-05
1.270000000000000000e+03 2.254198445337148637e-05
1.271000000000000000e+03 2.261964760838937441e-05
1.272000000000000000e+03 2.261334791625053598e-05
1.273000000000000000e+03 2.263672432291143495e-05
1.274000000000000000e+03 2.261031721141705788e-05
1.275000000000000000e+03 2.260764510033682931e-05
1.276000000000000000e+03 2.254124120135519746e-05
1.277000000000000000e+03 2.265822787455051664e-05
1.278000000000000000e+03 2.255135655355579934e-05
1.279000000000000000e+03 2.256748957316450873e-05
1.280000000000000000e+03 2.261629678227740516e-05
1.281000000000000000e+03 2.256648776529122797e-05
1.282000000000000000e+03 2.257514036462136427e-05
1.283000000000000000e+03 2.260847346945949488e-05
1.284000000000000000e+03 2.261946703124216202e-05
1.285000000000000000e+03 2.271409107681933768e-05
1.286000000000000000e+03 2.260780214288794562e-05
1.287000000000000000e+03 2.257446337948525232e-05
1.288000000000000000e+03 2.261504831128134614e-05
1.289000000000000000e+03 2.253861244462274658e-05
1.290000000000000000e+03 2.258166051218702492e-05
1.291000000000000000e+03 2.257031326748643713e-05
1.292000000000000000e+03 2.261225038585899837e-05
1.293000000000000000e+03 2.255000387129547161e-05
1.294000000000000000e+03 2.269168450661388994e-05
1.295000000000000000e+03 2.261751826652120463e-05
1.296000000000000000e+03 2.260580780768484021e-05
1.297000000000000000e+03 2.275225461254404242e-05
1.298000000000000000e+03 2.261741837576295892e-05
1.299000000000000000e+03 2.257012130556318522e-05
1.300000000000000000e+03 2.260684372128147647e-05
1.301000000000000000e+03 2.255675157770834884e-05
1.302000000000000000e+03 2.253404872716323934e-05
1.303000000000000000e+03 2.263301732806172005e-05
1.304000000000000000e+03 2.256025471514758868e-05
1.305000000000000000e+03 2.259969595508695773e-05
1.306000000000000000e+03 2.263140746273525173e-05
1.307000000000000000e+03 2.262622461715053907e-05
1.308000000000000000e+03 2.260197314320675678e-05
1.309000000000000000e+03 2.258093409585263924e-05
1.310000000000000000e+03 2.260792101553656455e-05
1.311000000000000000e+03 2.257472226090598803e-05
1.312000000000000000e+03 2.262577507901610314e-05
1.313000000000000000e+03 2.256160667620228267e-05
1.314000000000000000e+03 2.252548585915024014e-05
1.315000000000000000e+03 2.256553865983226232e-05
1.316000000000000000e+03 2.259562829401096448e-05
1.317000000000000000e+03 2.257351305735199999e-05
1.318000000000000000e+03 2.265188966401826426e-05
1.319000000000000000e+03 2.267240027592858212e-05
1.320000000000000000e+03 2.254485878358081474e-05
1.321000000000000000e+03 2.259550147570635800e-05
1.322000000000000000e+03 2.260949215872040728e-05
1.323000000000000000e+03 2.255126415970101853e-05
1.324000000000000000e+03 2.254477018381486651e-05
1.325000000000000000e+03 2.258864273694655936e-05
1.326000000000000000e+03 2.260814979562511022e-05
1.327000000000000000e+03 2.272794470406061968e-05
1.328000000000000000e+03 2.253937078959824619e-05
1.329000000000000000e+03 2.253079018700924918e-05
1.330000000000000000e+03 2.253000767732379959e-05
1.331000000000000000e+03 2.259965662891258781e-05
1.332000000000000000e+03 2.252706561625413239e-05
1.333000000000000000e+03 2.255696048348469014e-05
1.334000000000000000e+03 2.254927345699390306e-05
1.335000000000000000e+03 2.254351247822951456e-05
1.336000000000000000e+03 2.257752327882017797e-05
1.337000000000000000e+03 2.254553777888433628e-05
1.338000000000000000e+03 2.262669277012822338e-05
1.339000000000000000e+03 2.257768598144730256e-05
1.340000000000000000e+03 2.255817030438918213e-05
1.341000000000000000e+03 2.268729487701690972e-05
1.342000000000000000e+03 2.258614690944399123e-05
1.343000000000000000e+03 2.259206891310352211e-05
1.344000000000000000e+03 2.252917390649825211e-05
1.345000000000000000e+03 2.257785018578114511e-05
1.346000000000000000e+03 2.258640546705914227e-05
1.347000000000000000e+03 2.254754081139714625e-05
1.348000000000000000e+03 2.264400886083830418e-05
1.349000000000000000e+03 2.252526652716678031e-05
1.350000000000000000e+03 2.254349741104318201e-05
1.351000000000000000e+03 2.250851088691812658e-05
1.352000000000000000e+03 2.254116558058758796e-05
1.353000000000000000e+03 2.259655823657368473e-05
1.354000000000000000e+03 2.255470813984247443e-05
1.355000000000000000e+03 2.255183682928825917e-05
1.356000000000000000e+03 2.250999593736530374e-05
1.357000000000000000e+03 2.260355061340183093e-05
1.358000000000000000e+03 2.254553982955233147e-05
1.359000000000000000e+03 2.255133727599800491e-05
1.360000000000000000e+03 2.255013821469390402e-05
1.361000000000000000e+03 2.253961722109281771e-05
1.362000000000000000e+03 2.261270268899723639e-05
1.363000000000000000e+03 2.258485596343520467e-05
1.364000000000000000e+03 2.254347558734826171e-05
1.365000000000000000e+03 2.254382570335945347e-05
1.366000000000000000e+03 2.260053495474238989e-05
1.367000000000000000e+03 2.251582885400881117e-05
1.368000000000000000e+03 2.251537871858035449e-05
1.369000000000000000e+03 2.255388569299531659e-05
1.370000000000000000e+03 2.252778758004769384e-05
1.371000000000000000e+03 2.254580657616251716e-05
1.372000000000000000e+03 2.257409726248937754e-05
1.373000000000000000e+03 2.252842247098252575e-05
1.374000000000000000e+03 2.252096857596276228e-05
1.375000000000000000e+03 2.250952724417715816e-05
1.376000000000000000e+03 2.260576580942559976e-05
1.377000000000000000e+03 2.263260970268915679e-05
1.378000000000000000e+03 2.255072878209740661e-05
1.379000000000000000e+03 2.258557265838940215e-05
1.380000000000000000e+03 2.261274153414501419e-05
1.381000000000000000e+03 2.261381187248673148e-05
1.382000000000000000e+03 2.255495021869037133e-05
1.383000000000000000e+03 2.257622102169738580e-05
1.384000000000000000e+03 2.258190520727121030e-05
1.385000000000000000e+03 2.256217294942479271e-05
1.386000000000000000e+03 2.254335470770245728e-05
1.387000000000000000e+03 2.252416259700874308e-05
1.388000000000000000e+03 2.255054577653255540e-05
1.389000000000000000e+03 2.260388090096983438e-05
1.390000000000000000e+03 2.251106630966232555e-05
1.391000000000000000e+03 2.251240135014319414e-05
1.392000000000000000e+03 2.254596580443899922e-05
1.393000000000000000e+03 2.255560772157507951e-05
1.394000000000000000e+03 2.251808003473876839e-05
1.395000000000000000e+03 2.255012201794204805e-05
1.396000000000000000e+03 2.252637548462453054e-05
1.397000000000000000e+03 2.251932902954930580e-05
1.398000000000000000e+03 2.251061001239432644e-05
1.399000000000000000e+03 2.263335954964741493e-05
1.400000000000000000e+03 2.250387254368573230e-05
1.401000000000000000e+03 2.254842054337794150e-05
1.402000000000000000e+03 2.250668888346819791e-05
1.403000000000000000e+03 2.255423923945341051e-05
1.404000000000000000e+03 2.258502414686301804e-05
1.405000000000000000e+03 2.254565598104523184e-05
1.406000000000000000e+03 2.260324863023993169e-05
1.407000000000000000e+03 2.258257675465841455e-05
1.408000000000000000e+03 2.250877275084661367e-05
1.409000000000000000e+03 2.253533413417102568e-05
1.410000000000000000e+03 2.256590774374569482e-05
1.411000000000000000e+03 2.259353688217435361e-05
1.412000000000000000e+03 2.253835643091327409e-05
1.413000000000000000e+03 2.256536309870328357e-05
1.414000000000000000e+03 2.259969096721811243e-05
1.415000000000000000e+03 2.254321086313950773e-05
1.416000000000000000e+03 2.254320273756085406e-05
1.417000000000000000e+03 2.255355907165200596e-05
1.418000000000000000e+03 2.257451778828245263e-05
1.419000000000000000e+03 2.254835432503976585e-05
1.420000000000000000e+03 2.252108251374181433e-05
1.421000000000000000e+03 2.258809642504726596e-05
1.422000000000000000e+03 2.253821843393704195e-05
1.423000000000000000e+03 2.254688955653763371e-05
1.424000000000000000e+03 2.252793566124035364e-05
1.425000000000000000e+03 2.253719246382105218e-05
1.426000000000000000e+03 2.261936847681645697e-05
1.427000000000000000e+03 2.257054494625990648e-05
1.428000000000000000e+03 2.253689992032999290e-05
1.429000000000000000e+03 2.258348989411589850e-05
1.430000000000000000e+03 2.254113408538517630e-05
1.431000000000000000e+03 2.254401758686496094e-05
1.432000000000000000e+03 2.255432635947401637e-05
1.433000000000000000e+03 2.251317930689080674e-05
1.434000000000000000e+03 2.261947914408472083e-05
1.435000000000000000e+03 2.263805030975121001e-05
1.436000000000000000e+03 2.250981448672663681e-05
1.437000000000000000e+03 2.252982650305147499e-05
1.438000000000000000e+03 2.252197835517731877e-05
1.439000000000000000e+03 2.255159199852535375e-05
1.440000000000000000e+03 2.254281911369361300e-05
1.441000000000000000e+03 2.252477571577305563e-05
1.442000000000000000e+03 2.256012972725603450e-05
1.443000000000000000e+03 2.257460745200999940e-05
1.444000000000000000e+03 2.252210499567344998e-05
1.445000000000000000e+03 2.255107084352981844e-05
1.446000000000000000e+03 2.252005084380075557e-05
1.447000000000000000e+03 2.251758797755156000e-05
1.448000000000000000e+03 2.263902370376746236e-05
1.449000000000000000e+03 2.256354109241827125e-05
1.450000000000000000e+03 2.251995402464785785e-05
1.451000000000000000e+03 2.252286992387814046e-05
1.452000000000000000e+03 2.257583514779649603e-05
1.453000000000000000e+03 2.254041777273251313e-05
1.454000000000000000e+03 2.252758945314986116e-05
1.455000000000000000e+03 2.252632037984005946e-05
1.456000000000000000e+03 2.250734118095604221e-05
1.457000000000000000e+03 2.255423619721698856e-05
1.458000000000000000e+03 2.254959038081727276e-05
1.459000000000000000e+03 2.254878153282401348e-05
1.460000000000000000e+03 2.253080934620723354e-05
1.461000000000000000e+03 2.252965391861001658e-05
1.462000000000000000e+03 2.251625660500635690e-05
1.463000000000000000e+03 2.252122947565987586e-05
1.464000000000000000e+03 2.249203203877282983e-05
1.465000000000000000e+03 2.253304568837308054e-05
1.466000000000000000e+03 2.255156401304619888e-05
1.467000000000000000e+03 2.251844613308611847e-05
1.468000000000000000e+03 2.250391743970563780e-05
1.469000000000000000e+03 2.251753746271365885e-05
1.470000000000000000e+03 2.259025210604425076e-05
1.471000000000000000e+03 2.254848613901768773e-05
1.472000000000000000e+03 2.252966189305544444e-05
1.473000000000000000e+03 2.269239728416651449e-05
1.474000000000000000e+03 2.253443207090159738e-05
1.475000000000000000e+03 2.251795863805738172e-05
1.476000000000000000e+03 2.249854415249050651e-05
1.477000000000000000e+03 2.249451333339464655e-05
1.478000000000000000e+03 2.249714614643844504e-05
1.479000000000000000e+03 2.263687581029113303e-05
1.480000000000000000e+03 2.254728471868957962e-05
1.481000000000000000e+03 2.254557789633461872e-05
1.482000000000000000e+03 2.254345671960090766e-05
1.483000000000000000e+03 2.252725680685230963e-05
1.484000000000000000e+03 2.249724045968726205e-05
1.485000000000000000e+03 2.252834473472682691e-05
1.486000000000000000e+03 2.250520245866225390e-05
1.487000000000000000e+03 2.249918982571182989e-05
1.488000000000000000e+03 2.260138709461847394e-05
1.489000000000000000e+03 2.260767227613963952e-05
1.490000000000000000e+03 2.256214359484715905e-05
1.491000000000000000e+03 2.250557665227353462e-05
1.492000000000000000e+03 2.252321659640365211e-05
1.493000000000000000e+03 2.250081287872105217e-05
1.494000000000000000e+03 2.265922353186280020e-05
1.495000000000000000e+03 2.252111928062402346e-05
1.496000000000000000e+03 2.249801614462753591e-05
1.497000000000000000e+03 2.250004861164141992e-05
1.498000000000000000e+03 2.252153208122750720e-05
1.499000000000000000e+03 2.253707888281826773e-05
1.500000000000000000e+03 2.250615164512718497e-05
1.501000000000000000e+03 2.252638927323949471e-05
1.502000000000000000e+03 2.248901306725124800e-05
1.503000000000000000e+03 2.260968737358682142e-05
1.504000000000000000e+03 2.253190254606423043e-05
1.505000000000000000e+03 2.247651839290618008e-05
1.506000000000000000e+03 2.263917758771123422e-05
1.507000000000000000e+03 2.252114101659568519e-05
1.508000000000000000e+03 2.253224356303375572e-05
1.509000000000000000e+03 2.254128872979277684e-05
1.510000000000000000e+03 2.253309247528055871e-05
1.511000000000000000e+03 2.253294422562549369e-05
1.512000000000000000e+03 2.251974105381361187e-05
1.513000000000000000e+03 2.249103598448535876e-05
1.514000000000000000e+03 2.252772266189085191e-05
1.515000000000000000e+03 2.249664859283163302e-05
1.516000000000000000e+03 2.252179868142878318e-05
1.517000000000000000e+03 2.253918127262094287e-05
1.518000000000000000e+03 2.249896626100488778e-05
1.519000000000000000e+03 2.254680277052323719e-05
1.520000000000000000e+03 2.249814031123541927e-05
1.521000000000000000e+03 2.251761056357366289e-05
1.522000000000000000e+03 2.251925463679792355e-05
1.523000000000000000e+03 2.248719839739273576e-05
1.524000000000000000e+03 2.257884824651978730e-05
1.525000000000000000e+03 2.254146482562989083e-05
1.526000000000000000e+03 2.248823570355162907e-05
1.527000000000000000e+03 2.262168142118301843e-05
1.528000000000000000e+03 2.261076442880296746e-05
1.529000000000000000e+03 2.265477208783606513e-05
1.530000000000000000e+03 2.257379585443924436e-05
1.531000000000000000e+03 2.250298754193924092e-05
1.532000000000000000e+03 2.248538358192871440e-05
1.533000000000000000e+03 2.259028200280533953e-05
1.534000000000000000e+03 2.251606419550402792e-05
1.535000000000000000e+03 2.252750448573393198e-05
1.536000000000000000e+03 2.249642979760386151e-05
1.537000000000000000e+03 2.248989699611380410e-05
1.538000000000000000e+03 2.249777383024612927e-05
1.539000000000000000e+03 2.255838653764984247e-05
1.540000000000000000e+03 2.249315654477477254e-05
1.541000000000000000e+03 2.254373225983548118e-05
1.542000000000000000e+03 2.251520963165014005e-05
1.543000000000000000e+03 2.252617095168035356e-05
1.544000000000000000e+03 2.260238244165697818e-05
1.545000000000000000e+03 2.252645093545082547e-05
1.546000000000000000e+03 2.255665841273832715e-05
1.547000000000000000e+03 2.252185791911880296e-05
1.548000000000000000e+03 2.255076113094015784e-05
1.549000000000000000e+03 2.250007637728709516e-05
1.550000000000000000e+03 2.248779142783971331e-05
1.551000000000000000e+03 2.251957306161602243e-05
1.552000000000000000e+03 2.251522571422320495e-05
1.553000000000000000e+03 2.249603890321909570e-05
1.554000000000000000e+03 2.252216035142829456e-05
1.555000000000000000e+03 2.256131068587649698e-05
1.556000000000000000e+03 2.251840156311503226e-05
1.557000000000000000e+03 2.258103328258262199e-05
1.558000000000000000e+03 2.247700043242050610e-05
1.559000000000000000e+03 2.251153375328941538e-05
1.560000000000000000e+03 2.254543817959406472e-05
1.561000000000000000e+03 2.253045327610550221e-05
1.562000000000000000e+03 2.252967776268369117e-05
1.563000000000000000e+03 2.254709251852770983e-05
1.564000000000000000e+03 2.251252433952856329e-05
1.565000000000000000e+03 2.250085210857979355e-05
1.566000000000000000e+03 2.249803222829688845e-05
1.567000000000000000e+03 2.248032605076900003e-05
1.568000000000000000e+03 2.248842178606815117e-05
1.569000000000000000e+03 2.249538877952992569e-05
1.570000000000000000e+03 2.258215581280990811e-05
1.571000000000000000e+03 2.247931852676112236e-05
1.572000000000000000e+03 2.252323820255352509e-05
1.573000000000000000e+03 2.252227212558728089e-05
1.574000000000000000e+03 2.248695092299839908e-05
1.575000000000000000e+03 2.251164453636938381e-05
1.576000000000000000e+03 2.249391532454619226e-05
1.577000000000000000e+03 2.251627231415219408e-05
1.578000000000000000e+03 2.249018116368905432e-05
1.579000000000000000e+03 2.248340077908101545e-05
1.580000000000000000e+03 2.249621958525543472e-05
1.581000000000000000e+03 2.249082660193080379e-05
1.582000000000000000e+03 2.248786270698458549e-05
1.583000000000000000e+03 2.249715103419064888e-05
1.584000000000000000e+03 2.253220585289911581e-05
1.585000000000000000e+03 2.252566472640327695e-05
1.586000000000000000e+03 2.254484566109575883e-05
1.587000000000000000e+03 2.250763189825924265e-05
1.588000000000000000e+03 2.247625207078060973e-05
1.589000000000000000e+03 2.256651393701451127e-05
1.590000000000000000e+03 2.251944992466298217e-05
1.591000000000000000e+03 2.252144260988731946e-05
1.592000000000000000e+03 2.256035311991230267e-05
1.593000000000000000e+03 2.248519188788782456e-05
1.594000000000000000e+03 2.249975362815789462e-05
1.595000000000000000e+03 2.255131566427691502e-05
1.596000000000000000e+03 2.252003053794255082e-05
1.597000000000000000e+03 2.251509135753037698e-05
1.598000000000000000e+03 2.250409301143859153e-05
1.599000000000000000e+03 2.250424526368976266e-05
1.600000000000000000e+03 2.251282139175883991e-05
1.601000000000000000e+03 2.252005069850501656e-05
1.602000000000000000e+03 2.250141954277503281e-05
1.603000000000000000e+03 2.251507875808375804e-05
1.604000000000000000e+03 2.248887430679712886e-05
1.605000000000000000e+03 2.250531086063012340e-05
1.606000000000000000e+03 2.249819177274484713e-05
1.607000000000000000e+03 2.253540176937493089e-05
1.608000000000000000e+03 2.254200369483521808e-05
1.609000000000000000e+03 2.248803660056054976e-05
1.610000000000000000e+03 2.250500773030904376e-05
1.611000000000000000e+03 2.248809444169455553e-05
1.612000000000000000e+03 2.254021304671708612e-05
1.613000000000000000e+03 2.248330553521139721e-05
1.614000000000000000e+03 2.252792679294849702e-05
1.615000000000000000e+03 2.248383721536425698e-05
1.616000000000000000e+03 2.249474944144961869e-05
1.617000000000000000e+03 2.247615262141565434e-05
1.618000000000000000e+03 2.251724871537984934e-05
1.619000000000000000e+03 2.252246835778348369e-05
1.620000000000000000e+03 2.251068564306353765e-05
1.621000000000000000e+03 2.247372320394135353e-05
1.622000000000000000e+03 2.248660597911944750e-05
1.623000000000000000e+03 2.251473545084794206e-05
1.624000000000000000e+03 2.247559689844616781e-05
1.625000000000000000e+03 2.248507939035577593e-05
1.626000000000000000e+03 2.249041619662215221e-05
1.627000000000000000e+03 2.254160029378983154e-05
1.628000000000000000e+03 2.251896126127836029e-05
1.629000000000000000e+03 2.248750786831781143e-05
1.630000000000000000e+03 2.247930408027082317e-05
1.631000000000000000e+03 2.250025479690926730e-05
1.632000000000000000e+03 2.249292047789148681e-05
1.633000000000000000e+03 2.248948414517324955e-05
1.634000000000000000e+03 2.247401203448038174e-05
1.635000000000000000e+03 2.263472261218875512e-05
1.636000000000000000e+03 2.249126955240793001e-05
1.637000000000000000e+03 2.251384721606843146e-05
1.638000000000000000e+03 2.251395962630771416e-05
1.639000000000000000e+03 2.250293480392834926e-05
1.640000000000000000e+03 2.246680049614778002e-05
1.641000000000000000e+03 2.251456230428024088e-05
1.642000000000000000e+03 2.253129177386168521e-05
1.643000000000000000e+03 2.250180787912517343e-05
1.644000000000000000e+03 2.246980932376812636e-05
1.645000000000000000e+03 2.248776535577608364e-05
1.646000000000000000e+03 2.248338296244582434e-05
1.647000000000000000e+03 2.248929898440756906e-05
1.648000000000000000e+03 2.252440691775586538e-05
1.649000000000000000e+03 2.250840929330977019e-05
1.650000000000000000e+03 2.249450495800202265e-05
1.651000000000000000e+03 2.247258582805568695e-05
1.652000000000000000e+03 2.249595094509044077e-05
1.653000000000000000e+03 2.255217232550300895e-05
1.654000000000000000e+03 2.251072423066349394e-05
1.655000000000000000e+03 2.252937200833658794e-05
1.656000000000000000e+03 2.248744138681224873e-05
1.657000000000000000e+03 2.251326929991085497e-05
1.658000000000000000e+03 2.247486322944536154e-05
1.659000000000000000e+03 2.246335842522970030e-05
1.660000000000000000e+03 2.251756468978416818e-05
1.661000000000000000e+03 2.248594999172645432e-05
1.662000000000000000e+03 2.251272085792206418e-05
1.663000000000000000e+03 2.248086083969999408e-05
1.664000000000000000e+03 2.251125350566463980e-05
1.665000000000000000e+03 2.252476063929104131e-05
1.666000000000000000e+03 2.250114180219558270e-05
1.667000000000000000e+03 2.247494352425840992e-05
1.668000000000000000e+03 2.251969058593225609e-05
1.669000000000000000e+03 2.248182384735339511e-05
1.670000000000000000e+03 2.253115392830068326e-05
1.671000000000000000e+03 2.251612829283664664e-05
1.672000000000000000e+03 2.249016521328761360e-05
1.673000000000000000e+03 2.254950737632677464e-05
1.674000000000000000e+03 2.251119070325559768e-05
1.675000000000000000e+03 2.256666858048510363e-05
1.676000000000000000e+03 2.248431806980648572e-05
1.677000000000000000e+03 2.248401531054755858e-05
1.678000000000000000e+03 2.247668563459222221e-05
1.679000000000000000e+03 2.248293141212390350e-05
1.680000000000000000e+03 2.251707884524765737e-05
1.681000000000000000e+03 2.251257107741901729e-05
1.682000000000000000e+03 2.249451151018193334e-05
1.683000000000000000e+03 2.248495909598993781e-05
1.684000000000000000e+03 2.248486414526974561e-05
1.685000000000000000e+03 2.254253064329521643e-05
1.686000000000000000e+03 2.254166629925732473e-05
1.687000000000000000e+03 2.251234106960691119e-05
1.688000000000000000e+03 2.247845543169025204e-05
1.689000000000000000e+03 2.253808056642625182e-05
1.690000000000000000e+03 2.250816202049964589e-05
1.691000000000000000e+03 2.249784174039395437e-05
1.692000000000000000e+03 2.246332777161776461e-05
1.693000000000000000e+03 2.254710545655466510e-05
1.694000000000000000e+03 2.246449531408442585e-05
1.695000000000000000e+03 2.254809719484401575e-05
1.696000000000000000e+03 2.248411614308473656e-05
1.697000000000000000e+03 2.246664339729373657e-05
1.698000000000000000e+03 2.246076952185925736e-05
1.699000000000000000e+03 2.247471561597616369e-05
1.700000000000000000e+03 2.248513901752053357e-05
1.701000000000000000e+03 2.250481194068123703e-05
1.702000000000000000e+03 2.248027191242673637e-05
1.703000000000000000e+03 2.249390635719417466e-05
1.704000000000000000e+03 2.251078822797361045e-05
1.705000000000000000e+03 2.247121443974612386e-05
1.706000000000000000e+03 2.246553846380844611e-05
1.707000000000000000e+03 2.247643717799437362e-05
1.708000000000000000e+03 2.249855508590742519e-05
1.709000000000000000e+03 2.248121435987548574e-05
1.710000000000000000e+03 2.248837331748685357e-05
1.711000000000000000e+03 2.248743881133190935e-05
1.712000000000000000e+03 2.248793236794974974e-05
1.713000000000000000e+03 2.248758326232932399e-05
1.714000000000000000e+03 2.253472613910570088e-05
1.715000000000000000e+03 2.259538920174148651e-05
1.716000000000000000e+03 2.246522482431522068e-05
1.717000000000000000e+03 2.247388129585509977e-05
1.718000000000000000e+03 2.252473469783819465e-05
1.719000000000000000e+03 2.251633842753402256e-05
1.720000000000000000e+03 2.249913636601103882e-05
1.721000000000000000e+03 2.250258290377881953e-05
1.722000000000000000e+03 2.254577838779450572e-05
1.723000000000000000e+03 2.253018232444409230e-05
1.724000000000000000e+03 2.248844507000281716e-05
1.725000000000000000e+03 2.248787740830227014e-05
1.726000000000000000e+03 2.248029979162822012e-05
1.727000000000000000e+03 2.248496686708222324e-05
1.728000000000000000e+03 2.246362159369594708e-05
1.729000000000000000e+03 2.260288116560070582e-05
1.730000000000000000e+03 2.248304507426663026e-05
1.731000000000000000e+03 2.248434160769427042e-05
1.732000000000000000e+03 2.249520665079629184e-05
1.733000000000000000e+03 2.249257664427047794e-05
1.734000000000000000e+03 2.250057019473173341e-05
1.735000000000000000e+03 2.248628230170109026e-05
1.736000000000000000e+03 2.247543972216240320e-05
1.737000000000000000e+03 2.246214068567588035e-05
1.738000000000000000e+03 2.246791557087230842e-05
1.739000000000000000e+03 2.248323117576145748e-05
1.740000000000000000e+03 2.247846916862604203e-05
1.741000000000000000e+03 2.246716284602752933e-05
1.742000000000000000e+03 2.246311679060463440e-05
1.743000000000000000e+03 2.247349449202520430e-05
1.744000000000000000e+03 2.252362467694190567e-05
1.745000000000000000e+03 2.245990193161578132e-05
1.746000000000000000e+03 2.254644951517309454e-05
1.747000000000000000e+03 2.245493612481065299e-05
1.748000000000000000e+03 2.251121648058766912e-05
1.749000000000000000e+03 2.253909296276643734e-05
1.750000000000000000e+03 2.247270443085745079e-05
1.751000000000000000e+03 2.246526980839857012e-05
1.752000000000000000e+03 2.248901453555859626e-05
1.753000000000000000e+03 2.249207590112198705e-05
1.754000000000000000e+03 2.248094166155543806e-05
1.755000000000000000e+03 2.248522967950043730e-05
1.756000000000000000e+03 2.247016315878673013e-05
1.757000000000000000e+03 2.245443489740691755e-05
1.758000000000000000e+03 2.245079705895324957e-05
1.759000000000000000e+03 2.245435252573948787e-05
1.760000000000000000e+03 2.248203978716102231e-05
1.761000000000000000e+03 2.248410132270822282e-05
1.762000000000000000e+03 2.245937927002351875e-05
1.763000000000000000e+03 2.246048024404323791e-05
1.764000000000000000e+03 2.250529512660657280e-05
1.765000000000000000e+03 2.251544458899763963e-05
1.766000000000000000e+03 2.246753597747604183e-05
1.767000000000000000e+03 2.251861897758173161e-05
1.768000000000000000e+03 2.246961929266391128e-05
1.769000000000000000e+03 2.245814452789240810e-05
1.770000000000000000e+03 2.247441230505610617e-05
1.771000000000000000e+03 2.246628266859400448e-05
1.772000000000000000e+03 2.246431900023935087e-05
1.773000000000000000e+03 2.247778954695292493e-05
1.774000000000000000e+03 2.249856666358659226e-05
1.775000000000000000e+03 2.249675541042507940e-05
1.776000000000000000e+03 2.247229896639614527e-05
1.777000000000000000e+03 2.250436775496857431e-05
1.778000000000000000e+03 2.245701639725801763e-05
1.779000000000000000e+03 2.246105540004225421e-05
1.780000000000000000e+03 2.245479866549080335e-05
1.781000000000000000e+03 2.247681952783109506e-05
1.782000000000000000e+03 2.246223282851422600e-05
1.783000000000000000e+03 2.248524185775626743e-05
1.784000000000000000e+03 2.248969431334877939e-05
1.785000000000000000e+03 2.246869592144594722e-05
1.786000000000000000e+03 2.246729403841160019e-05
1.787000000000000000e+03 2.246921922036745285e-05
1.788000000000000000e+03 2.248909045023742614e-05
1.789000000000000000e+03 2.250276444580377627e-05
1.790000000000000000e+03 2.254082262464208501e-05
1.791000000000000000e+03 2.247762861755570580e-05
1.792000000000000000e+03 2.247656631477272832e-05
1.793000000000000000e+03 2.250240782805599981e-05
1.794000000000000000e+03 2.245941409002901991e-05
1.795000000000000000e+03 2.252168628410989372e-05
1.796000000000000000e+03 2.245716849527159398e-05
1.797000000000000000e+03 2.245841816484190270e-05
1.798000000000000000e+03 2.247116838418631652e-05
1.799000000000000000e+03 2.250918494519429868e-05
1.800000000000000000e+03 2.247520565478708837e-05
1.801000000000000000e+03 2.246849278212701299e-05
1.802000000000000000e+03 2.245801901925477610e-05
1.803000000000000000e+03 2.245776477909185032e-05
1.804000000000000000e+03 2.253810383841486656e-05
1.805000000000000000e+03 2.245901960399916228e-05
1.806000000000000000e+03 2.250581621359661104e-05
1.807000000000000000e+03 2.247178301055308936e-05
1.808000000000000000e+03 2.248802301486772716e-05
1.809000000000000000e+03 2.250338584084710396e-05
1.810000000000000000e+03 2.248806911213563334e-05
1.811000000000000000e+03 2.247497731950966519e-05
1.812000000000000000e+03 2.249050635498458351e-05
1.813000000000000000e+03 2.245712662096842219e-05
1.814000000000000000e+03 2.247825627934311855e-05
1.815000000000000000e+03 2.246081005129867429e-05
1.816000000000000000e+03 2.246576985390203157e-05
1.817000000000000000e+03 2.252924990678559404e-05
1.818000000000000000e+03 2.248368077653680895e-05
1.819000000000000000e+03 2.245548721889814841e-05
1.820000000000000000e+03 2.247403804201926410e-05
1.821000000000000000e+03 2.247631171064778176e-05
1.822000000000000000e+03 2.248372034785682866e-05
1.823000000000000000e+03 2.248167694089478531e-05
1.824000000000000000e+03 2.249456688103242293e-05
1.825000000000000000e+03 2.247363860790314744e-05
1.826000000000000000e+03 2.250016318144727184e-05
1.827000000000000000e+03 2.247149627969376114e-05
1.828000000000000000e+03 2.247515329558599694e-05
1.829000000000000000e+03 2.248388690798257689e-05
1.830000000000000000e+03 2.250906150103316577e-05
1.831000000000000000e+03 2.245913262369403604e-05
1.832000000000000000e+03 2.246074783441266644e-05
1.833000000000000000e+03 2.251018265870324280e-05
1.834000000000000000e+03 2.246418878862614410e-05
1.835000000000000000e+03 2.245538975320013331e-05
1.836000000000000000e+03 2.246970736021869946e-05
1.837000000000000000e+03 2.247305705925984367e-05
1.838000000000000000e+03 2.250826918473056184e-05
1.839000000000000000e+03 2.251265061563835425e-05
1.840000000000000000e+03 2.248292316931405356e-05
1.841000000000000000e+03 2.253826401334421011e-05
1.842000000000000000e+03 2.245797091437102172e-05
1.843000000000000000e+03 2.245624695386301201e-05
1.844000000000000000e+03 2.245149880569983800e-05
1.845000000000000000e+03 2.253605889341132933e-05
1.846000000000000000e+03 2.247939679115892306e-05
1.847000000000000000e+03 2.250494043009321492e-05
1.848000000000000000e+03 2.246101064571813671e-05
1.849000000000000000e+03 2.247591354100726005e-05
1.850000000000000000e+03 2.252224178572721799e-05
1.851000000000000000e+03 2.248237107307175098e-05
1.852000000000000000e+03 2.247040352787965962e-05
1.853000000000000000e+03 2.244723447878090838e-05
1.854000000000000000e+03 2.248503517232290503e-05
1.855000000000000000e+03 2.245315258784843021e-05
1.856000000000000000e+03 2.245246764296517870e-05
1.857000000000000000e+03 2.245935381876495253e-05
1.858000000000000000e+03 2.245719793434857378e-05
1.859000000000000000e+03 2.253134220232423505e-05
1.860000000000000000e+03 2.251572703703836465e-05
1.861000000000000000e+03 2.246687533513198551e-05
1.862000000000000000e+03 2.244970951211731338e-05
1.863000000000000000e+03 2.245629051122255751e-05
1.864000000000000000e+03 2.255238644881749969e-05
1.865000000000000000e+03 2.246559260720450813e-05
1.866000000000000000e+03 2.247524029517398452e-05
1.867000000000000000e+03 2.249476839376512844e-05
1.868000000000000000e+03 2.244908247952467973e-05
1.869000000000000000e+03 2.249503949802923757e-05
1.870000000000000000e+03 2.246217426630138056e-05
1.871000000000000000e+03 2.246288505628355074e-05
1.872000000000000000e+03 2.247928454532620787e-05
1.873000000000000000e+03 2.247311176448110956e-05
1.874000000000000000e+03 2.245206994728641834e-05
1.875000000000000000e+03 2.244695593981693355e-05
1.876000000000000000e+03 2.245597107249006267e-05
1.877000000000000000e+03 2.246352162152031849e-05
1.878000000000000000e+03 2.246579729978716864e-05
1.879000000000000000e+03 2.246428417166895070e-05
1.880000000000000000e+03 2.247923994127424280e-05
1.881000000000000000e+03 2.248691708515511528e-05
1.882000000000000000e+03 2.247037885555462457e-05
1.883000000000000000e+03 2.247626907388875292e-05
1.884000000000000000e+03 2.251762246014196774e-05
1.885000000000000000e+03 2.254641702784517950e-05
1.886000000000000000e+03 2.246672598577369271e-05
1.887000000000000000e+03 2.247873044684717031e-05
1.888000000000000000e+03 2.246717974286052216e-05
1.889000000000000000e+03 2.249064397323281508e-05
1.890000000000000000e+03 2.249430600928014939e-05
1.891000000000000000e+03 2.246121232163547662e-05
1.892000000000000000e+03 2.244788341458283322e-05
1.893000000000000000e+03 2.246320875088087457e-05
1.894000000000000000e+03 2.245839053057837966e-05
1.895000000000000000e+03 2.244720183630560047e-05
1.896000000000000000e+03 2.242288617584477180e-05
1.897000000000000000e+03 2.248179876308567009e-05
1.898000000000000000e+03 2.246300806763352437e-05
1.899000000000000000e+03 2.245232679527533405e-05
1.900000000000000000e+03 2.246712015181866702e-05
1.901000000000000000e+03 2.245158283762489581e-05
1.902000000000000000e+03 2.250757379865025990e-05
1.903000000000000000e+03 2.246068625631222573e-05
1.904000000000000000e+03 2.245455858794077655e-05
1.905000000000000000e+03 2.245022955345508852e-05
1.906000000000000000e+03 2.248049998178921447e-05
1.907000000000000000e+03 2.248095903136767130e-05
1.908000000000000000e+03 2.245080781632417542e-05
1.909000000000000000e+03 2.245865520322591727e-05
1.910000000000000000e+03 2.245990665570984579e-05
1.911000000000000000e+03 2.244886750430120172e-05
1.912000000000000000e+03 2.245405338773290318e-05
1.913000000000000000e+03 2.248058267090396922e-05
1.914000000000000000e+03 2.245953532921476394e-05
1.915000000000000000e+03 2.245468972873260254e-05
1.916000000000000000e+03 2.250704651129456808e-05
1.917000000000000000e+03 2.246965403109766628e-05
1.918000000000000000e+03 2.246372548017595231e-05
1.919000000000000000e+03 2.250485010448123133e-05
1.920000000000000000e+03 2.248425583308074702e-05
1.921000000000000000e+03 2.244445926171436930e-05
1.922000000000000000e+03 2.246781112994181200e-05
1.923000000000000000e+03 2.248877237165474756e-05
1.924000000000000000e+03 2.245174561470350595e-05
1.925000000000000000e+03 2.245506399548802089e-05
1.926000000000000000e+03 2.252756752508375455e-05
1.927000000000000000e+03 2.250305257387451532e-05
1.928000000000000000e+03 2.248840009146809595e-05
1.929000000000000000e+03 2.245241301080452283e-05
1.930000000000000000e+03 2.245126927869710751e-05
1.931000000000000000e+03 2.248824241148236568e-05
1.932000000000000000e+03 2.248220427852660222e-05
1.933000000000000000e+03 2.245509914431500204e-05
1.934000000000000000e+03 2.244800909640223309e-05
1.935000000000000000e+03 2.243832121107292862e-05
1.936000000000000000e+03 2.245887531788085789e-05
1.937000000000000000e+03 2.246549253892630689e-05
1.938000000000000000e+03 2.246107758332814615e-05
1.939000000000000000e+03 2.247180010118658016e-05
1.940000000000000000e+03 2.244608515113205089e-05
1.941000000000000000e+03 2.244820676881538658e-05
1.942000000000000000e+03 2.249779410983378334e-05
1.943000000000000000e+03 2.248024139915420772e-05
1.944000000000000000e+03 2.245595534313837651e-05
1.945000000000000000e+03 2.244308102247523321e-05
1.946000000000000000e+03 2.247178519443583997e-05
1.947000000000000000e+03 2.245686693590443224e-05
1.948000000000000000e+03 2.247476308998622480e-05
1.949000000000000000e+03 2.248374377998296148e-05
1.950000000000000000e+03 2.244995270346542200e-05
1.951000000000000000e+03 2.246006062681080409e-05
1.952000000000000000e+03 2.249665914905561538e-05
1.953000000000000000e+03 2.247048644097691210e-05
1.954000000000000000e+03 2.245433350846622080e-05
1.955000000000000000e+03 2.246234769767559240e-05
1.956000000000000000e+03 2.246142747112917678e-05
1.957000000000000000e+03 2.246838213421049752e-05
1.958000000000000000e+03 2.245438019891709703e-05
1.959000000000000000e+03 2.243935566440263281e-05
1.960000000000000000e+03 2.245174643294375351e-05
1.961000000000000000e+03 2.247579546398818779e-05
1.962000000000000000e+03 2.251750568833673315e-05
1.963000000000000000e+03 2.248331810985985268e-05
1.964000000000000000e+03 2.246024859805141746e-05
1.965000000000000000e+03 2.246143384128211368e-05
1.966000000000000000e+03 2.244612399583606135e-05
1.967000000000000000e+03 2.244225027607948291e-05
1.968000000000000000e+03 2.245666878411295853e-05
1.969000000000000000e+03 2.247182232463792065e-05
1.970000000000000000e+03 2.246302624813071861e-05
1.971000000000000000e+03 2.244964918586745848e-05
1.972000000000000000e+03 2.244356645869627953e-05
1.973000000000000000e+03 2.244662241559214808e-05
1.974000000000000000e+03 2.245212701037471221e-05
1.975000000000000000e+03 2.244834188888596531e-05
1.976000000000000000e+03 2.246160464126174548e-05
1.977000000000000000e+03 2.251844812219568591e-05
1.978000000000000000e+03 2.247047748076612424e-05
1.979000000000000000e+03 2.244466160104565037e-05
1.980000000000000000e+03 2.245938487542995386e-05
1.981000000000000000e+03 2.245200190095864991e-05
1.982000000000000000e+03 2.247702183531054580e-05
1.983000000000000000e+03 2.246510102246690400e-05
1.984000000000000000e+03 2.243784003375739694e-05
1.985000000000000000e+03 2.244784612388797191e-05
1.986000000000000000e+03 2.245636424154017836e-05
1.987000000000000000e+03 2.244715142341396921e-05
1.988000000000000000e+03 2.246602650631727391e-05
1.989000000000000000e+03 2.245099587221669911e-05
1.990000000000000000e+03 2.244205521945669910e-05
1.991000000000000000e+03 2.243743199480654341e-05
1.992000000000000000e+03 2.244570642989382602e-05
1.993000000000000000e+03 2.247414943425193816e-05
1.994000000000000000e+03 2.247765952177622689e-05
1.995000000000000000e+03 2.247468633637598917e-05
1.996000000000000000e+03 2.244738099659204352e-05
1.997000000000000000e+03 2.245830773051896148e-05
1.998000000000000000e+03 2.244984850335998228e-05
1.999000000000000000e+03 2.246058935402204474e-05
2.000000000000000000e+03 2.245440396489277197e-05
2.001000000000000000e+03 2.244330174810198436e-05
2.002000000000000000e+03 2.245190655995655843e-05
2.003000000000000000e+03 2.245319815899656635e-05
2.004000000000000000e+03 2.245463225007168949e-05
2.005000000000000000e+03 2.251439844015084578e-05
2.006000000000000000e+03 2.246319964369512860e-05
2.007000000000000000e+03 2.243568221829863910e-05
2.008000000000000000e+03 2.246695283475400417e-05
2.009000000000000000e+03 2.244184757782197783e-05
2.010000000000000000e+03 2.245266528846810901e-05
2.011000000000000000e+03 2.243993637391471235e-05
2.012000000000000000e+03 2.245413006595084698e-05
2.013000000000000000e+03 2.243911358849560382e-05
2.014000000000000000e+03 2.245397858974952063e-05
2.015000000000000000e+03 2.244485405222968803e-05
2.016000000000000000e+03 2.245034160750415556e-05
2.017000000000000000e+03 2.245396979106079396e-05
2.018000000000000000e+03 2.247971411958245053e-05
2.019000000000000000e+03 2.249461519044916548e-05
2.020000000000000000e+03 2.247910678158888059e-05
2.021000000000000000e+03 2.246099980796971340e-05
2.022000000000000000e+03 2.250596990370422144e-05
2.023000000000000000e+03 2.244782282116152423e-05
2.024000000000000000e+03 2.244944594088392202e-05
2.025000000000000000e+03 2.244196781491988112e-05
2.026000000000000000e+03 2.246042429229966390e-05
2.027000000000000000e+03 2.243662949751569843e-05
2.028000000000000000e+03 2.244134682473360951e-05
2.029000000000000000e+03 2.250784165436651497e-05
2.030000000000000000e+03 2.242409844846833175e-05
2.031000000000000000e+03 2.243518758462343383e-05
2.032000000000000000e+03 2.244426057994222063e-05
2.033000000000000000e+03 2.244172065297971871e-05
2.034000000000000000e+03 2.246799149500486285e-05
2.035000000000000000e+03 2.245065763979198534e-05
2.036000000000000000e+03 2.244212488262603620e-05
2.037000000000000000e+03 2.246411799374736527e-05
2.038000000000000000e+03 2.245026218721996362e-05
2.039000000000000000e+03 2.245711009496341112e-05
2.040000000000000000e+03 2.246048016698486954e-05
2.041000000000000000e+03 2.244382672666896705e-05
2.042000000000000000e+03 2.246445005302309499e-05
2.043000000000000000e+03 2.244748828144012929e-05
2.044000000000000000e+03 2.246749763248317080e-05
2.045000000000000000e+03 2.246285016665892426e-05
2.046000000000000000e+03 2.248804908308909341e-05
2.047000000000000000e+03 2.246348672938749193e-05
2.048000000000000000e+03 2.245273665978152287e-05
2.049000000000000000e+03 2.247385186683495910e-05
2.050000000000000000e+03 2.244299346057668511e-05
2.051000000000000000e+03 2.245276753955964788e-05
2.052000000000000000e+03 2.245955632618948153e-05
2.053000000000000000e+03 2.243722464816623501e-05
2.054000000000000000e+03 2.243951662919085698e-05
2.055000000000000000e+03 2.244166427130085201e-05
2.056000000000000000e+03 2.245140595211069819e-05
2.057000000000000000e+03 2.247031613468529720e-05
2.058000000000000000e+03 2.244685864289498335e-05
2.059000000000000000e+03 2.247583965662149845e-05
2.060000000000000000e+03 2.243303845860802962e-05
2.061000000000000000e+03 2.243915297830562783e-05
2.062000000000000000e+03 2.244545476480196687e-05
2.063000000000000000e+03 2.246008727517012488e-05
2.064000000000000000e+03 2.244869896429846725e-05
2.065000000000000000e+03 2.243601858793059590e-05
2.066000000000000000e+03 2.245113573261664982e-05
2.067000000000000000e+03 2.244333894028710365e-05
2.068000000000000000e+03 2.244717909697110673e-05
2.069000000000000000e+03 2.246297653632753274e-05
2.070000000000000000e+03 2.243580142505593124e-05
2.071000000000000000e+03 2.245048564368263755e-05
2.072000000000000000e+03 2.245014159814383119e-05
2.073000000000000000e+03 2.243750174532607527e-05
2.074000000000000000e+03 2.243215621806706164e-05
2.075000000000000000e+03 2.244571158643035328e-05
2.076000000000000000e+03 2.250806544165974974e-05
2.077000000000000000e+03 2.244127017396695998e-05
2.078000000000000000e+03 2.244905474437424041e-05
2.079000000000000000e+03 2.244718503759918923e-05
2.080000000000000000e+03 2.243964053204555207e-05
2.081000000000000000e+03 2.244073343078867880e-05
2.082000000000000000e+03 2.245479994669142976e-05
2.083000000000000000e+03 2.244378366197766499e-05
2.084000000000000000e+03 2.244422940043805845e-05
2.085000000000000000e+03 2.242502806573031866e-05
2.086000000000000000e+03 2.248219236618229178e-05
2.087000000000000000e+03 2.246692413941865746e-05
2.088000000000000000e+03 2.244161850804195715e-05
2.089000000000000000e+03 2.243544188618374946e-05
2.090000000000000000e+03 2.243610310763361002e-05
2.091000000000000000e+03 2.244231722329067180e-05
2.092000000000000000e+03 2.243207071374781308e-05
2.093000000000000000e+03 2.243763819056559858e-05
2.094000000000000000e+03 2.243661039232360305e-05
2.095000000000000000e+03 2.243729301107982824e-05
2.096000000000000000e+03 2.244713290861841381e-05
2.097000000000000000e+03 2.243323791239917962e-05
