0.000000000000000000e+00 8.757864414646972977e-04
1.000000000000000000e+00 1.879409277366705466e-04
2.000000000000000000e+00 1.588483152666993106e-04
3.000000000000000000e+00 1.104929203243792041e-04
4.000000000000000000e+00 2.026195625565725729e-05
5.000000000000000000e+00 7.552894049053669325e-07
6.000000000000000000e+00 2.006500711466902837e-07
7.000000000000000000e+00 1.324578472027518230e-07
8.000000000000000000e+00 8.922942544300837360e-08
9.000000000000000000e+00 4.767468962783073199e-08
1.000000000000000000e+01 2.970454469728357436e-08
1.100000000000000000e+01 1.554948761603327066e-08
1.200000000000000000e+01 7.672700479131889925e-09
1.300000000000000000e+01 9.634947719895748239e-09
1.400000000000000000e+01 9.738264076162895474e-09
1.500000000000000000e+01 5.050015861139240768e-09
1.600000000000000000e+01 4.005069178979377589e-09
1.700000000000000000e+01 6.454862512320320608e-09
1.800000000000000000e+01 6.777457449346625230e-09
1.900000000000000000e+01 3.657112981600837302e-09
2.000000000000000000e+01 1.003786671367691773e-08
2.100000000000000000e+01 3.405602278804255137e-09
2.200000000000000000e+01 1.860732619705269067e-09
2.300000000000000000e+01 6.415831500903118671e-08
2.400000000000000000e+01 2.286541083676965576e-08
2.500000000000000000e+01 8.046838084216281056e-09
2.600000000000000000e+01 1.380376992657667963e-08
2.700000000000000000e+01 6.358486283208286598e-09
2.800000000000000000e+01 4.947041819703555334e-08
2.900000000000000000e+01 1.575747654481795330e-07
3.000000000000000000e+01 9.063858115479477874e-09
3.100000000000000000e+01 3.221094143829712156e-09
3.200000000000000000e+01 9.400644823783909466e-09
3.300000000000000000e+01 2.649375022053362578e-08
3.400000000000000000e+01 1.684728094504063993e-09
3.500000000000000000e+01 4.050904308328551322e-08
3.600000000000000000e+01 3.402727720356564996e-07
3.700000000000000000e+01 7.193739805164847456e-08
3.800000000000000000e+01 1.334245453126145053e-08
3.900000000000000000e+01 2.862658055802248725e-08
4.000000000000000000e+01 2.047005189388442774e-08
4.100000000000000000e+01 1.018906902563079341e-08
4.200000000000000000e+01 1.053000264878139985e-09
4.300000000000000000e+01 2.115114340710815788e-09
4.400000000000000000e+01 1.329374846660427463e-09
4.500000000000000000e+01 7.687261826125419700e-09
4.600000000000000000e+01 8.591743107125157714e-09
4.700000000000000000e+01 2.400063365084709664e-08
4.800000000000000000e+01 1.925551912010060575e-08
4.900000000000000000e+01 6.136543426994546286e-08
5.000000000000000000e+01 3.840613054439742070e-08
5.100000000000000000e+01 6.100565189532571189e-08
5.200000000000000000e+01 1.045257896980157557e-08
5.300000000000000000e+01 1.369616139976611553e-08
5.400000000000000000e+01 3.185480972732298357e-08
5.500000000000000000e+01 7.083674886251515942e-09
5.600000000000000000e+01 4.903992337447718111e-10
5.700000000000000000e+01 5.905149254336910838e-10
5.800000000000000000e+01 8.027195768204936063e-08
5.900000000000000000e+01 1.698382668883373978e-07
6.000000000000000000e+01 9.250787100400046265e-08
6.100000000000000000e+01 4.755048513470344252e-09
6.200000000000000000e+01 3.979493130360003852e-09
6.300000000000000000e+01 9.252775705347390388e-10
6.400000000000000000e+01 4.959291063702280004e-10
6.500000000000000000e+01 4.140321106928446786e-10
6.600000000000000000e+01 7.482748351816145062e-10
6.700000000000000000e+01 4.503514020863888832e-09
6.800000000000000000e+01 1.500497524102007325e-09
6.900000000000000000e+01 2.017221157372767323e-08
7.000000000000000000e+01 7.969935160088827030e-09
7.100000000000000000e+01 1.942888222543807062e-08
7.200000000000000000e+01 2.858515325874326822e-07
7.300000000000000000e+01 3.303379532755105600e-07
7.400000000000000000e+01 1.020953235945901256e-07
7.500000000000000000e+01 1.233073351700218211e-08
7.600000000000000000e+01 1.250518185647656053e-08
7.700000000000000000e+01 1.211878245075994629e-09
7.800000000000000000e+01 7.430708515869435871e-10
7.900000000000000000e+01 1.331568455957978575e-09
8.000000000000000000e+01 1.302779678915987401e-09
8.100000000000000000e+01 5.635562890477893650e-10
8.200000000000000000e+01 5.855451739819767452e-10
8.300000000000000000e+01 1.210943153288102005e-09
8.400000000000000000e+01 7.292281737890930009e-10
8.500000000000000000e+01 1.667896491874235838e-09
8.600000000000000000e+01 1.309502208872601213e-09
8.700000000000000000e+01 4.642221915446127220e-10
8.800000000000000000e+01 4.517922903552077065e-10
8.900000000000000000e+01 6.289809114734456105e-10
9.000000000000000000e+01 7.818639136388675747e-10
9.100000000000000000e+01 4.571918855707387731e-10
9.200000000000000000e+01 4.136008634546379414e-09
9.300000000000000000e+01 2.140760797368780870e-09
9.400000000000000000e+01 4.805034250758152402e-09
9.500000000000000000e+01 7.530526676124213337e-10
9.600000000000000000e+01 8.200785583574106109e-10
9.700000000000000000e+01 1.216340135789816080e-09
9.800000000000000000e+01 2.360682878321865529e-08
9.900000000000000000e+01 1.910070940830739486e-08
1.000000000000000000e+02 3.050118235921733049e-08
1.010000000000000000e+02 4.737108793751059536e-09
1.020000000000000000e+02 7.003517557148371056e-10
1.030000000000000000e+02 5.236379241901296963e-09
1.040000000000000000e+02 4.423168457326927072e-07
1.050000000000000000e+02 1.457119577264753080e-07
1.060000000000000000e+02 1.872032487951533623e-08
1.070000000000000000e+02 8.846152877456965668e-10
1.080000000000000000e+02 6.150831382952838840e-10
1.090000000000000000e+02 1.726412006367764210e-09
1.100000000000000000e+02 1.362692043267609263e-09
1.110000000000000000e+02 5.609113398282414805e-10
1.120000000000000000e+02 5.056521579659687800e-10
1.130000000000000000e+02 4.692076406492241895e-10
1.140000000000000000e+02 5.544204407745967721e-10
1.150000000000000000e+02 6.297761788419353685e-10
1.160000000000000000e+02 1.128675386377147247e-09
1.170000000000000000e+02 4.612679654814042615e-10
1.180000000000000000e+02 6.708513304985898811e-10
1.190000000000000000e+02 4.471585238849807794e-10
1.200000000000000000e+02 5.658626690022129222e-10
1.210000000000000000e+02 4.253046745089866336e-10
1.220000000000000000e+02 4.351857991778855882e-10
1.230000000000000000e+02 4.347843400424375914e-10
1.240000000000000000e+02 4.665696864833228313e-10
1.250000000000000000e+02 8.584305916503840828e-10
1.260000000000000000e+02 1.512816030205016559e-09
1.270000000000000000e+02 5.938241155675549137e-09
1.280000000000000000e+02 6.845285867709283614e-10
1.290000000000000000e+02 5.578399852168140105e-10
1.300000000000000000e+02 1.074946642977749929e-09
1.310000000000000000e+02 3.435997287095625611e-09
1.320000000000000000e+02 1.933484120815885934e-08
1.330000000000000000e+02 1.800752191749120189e-09
1.340000000000000000e+02 1.159329975794842772e-09
1.350000000000000000e+02 1.678514436488683601e-09
1.360000000000000000e+02 1.473369266815790840e-08
1.370000000000000000e+02 5.107855553747060601e-08
1.380000000000000000e+02 3.896978350348888208e-08
1.390000000000000000e+02 1.928831439644485849e-08
1.400000000000000000e+02 1.200488268021718987e-09
1.410000000000000000e+02 7.975989629795298322e-10
1.420000000000000000e+02 6.075187516091699718e-10
1.430000000000000000e+02 5.770350350614663584e-10
1.440000000000000000e+02 6.054043689986845564e-10
1.450000000000000000e+02 1.088996380257747687e-09
1.460000000000000000e+02 7.156980526527652451e-10
1.470000000000000000e+02 4.677059438186074771e-10
1.480000000000000000e+02 3.814416709033997979e-10
1.490000000000000000e+02 8.318521894610344577e-10
1.500000000000000000e+02 4.385015412724136381e-09
1.510000000000000000e+02 2.043536425807434834e-09
1.520000000000000000e+02 1.781667555911873812e-08
1.530000000000000000e+02 1.647620197433883541e-08
1.540000000000000000e+02 4.822333885680515153e-10
1.550000000000000000e+02 1.589550752572128028e-09
1.560000000000000000e+02 1.283944660030902817e-08
1.570000000000000000e+02 3.045990603354841733e-07
1.580000000000000000e+02 1.143833685178050686e-07
1.590000000000000000e+02 2.214597313045983908e-08
1.600000000000000000e+02 1.104581207693344966e-09
1.610000000000000000e+02 4.662373960238626677e-10
1.620000000000000000e+02 4.308783454833505674e-10
1.630000000000000000e+02 4.065202578790694410e-10
1.640000000000000000e+02 3.994313375355257502e-10
1.650000000000000000e+02 6.440159234231186723e-10
1.660000000000000000e+02 4.055970842378999074e-10
1.670000000000000000e+02 3.851461580787763142e-10
1.680000000000000000e+02 3.322475590793419844e-10
1.690000000000000000e+02 3.512723603577569957e-10
1.700000000000000000e+02 3.326178559717326413e-10
1.710000000000000000e+02 5.607996460202421249e-10
1.720000000000000000e+02 4.333103736111947103e-10
1.730000000000000000e+02 4.392101248824913060e-10
1.740000000000000000e+02 4.203383719654332950e-10
1.750000000000000000e+02 3.341217453039126691e-10
1.760000000000000000e+02 3.712521210221868586e-10
1.770000000000000000e+02 4.041760362082820682e-10
1.780000000000000000e+02 3.789424312122969381e-10
1.790000000000000000e+02 5.883102242775386720e-10
1.800000000000000000e+02 3.635656737889398406e-10
1.810000000000000000e+02 6.454187718175293541e-10
1.820000000000000000e+02 3.375297651058787144e-10
1.830000000000000000e+02 4.279407190041399670e-10
1.840000000000000000e+02 5.293746157028882323e-10
1.850000000000000000e+02 3.453353805780679998e-10
1.860000000000000000e+02 2.982811869337489559e-10
1.870000000000000000e+02 3.232754231100642855e-10
1.880000000000000000e+02 2.977459920918972772e-10
1.890000000000000000e+02 3.408628236917688011e-10
1.900000000000000000e+02 3.763920343842201761e-10
1.910000000000000000e+02 3.555703336499911822e-10
1.920000000000000000e+02 4.733371385777869305e-10
1.930000000000000000e+02 6.306061423541881044e-10
1.940000000000000000e+02 6.996730355419419573e-10
1.950000000000000000e+02 1.030156656236744386e-09
1.960000000000000000e+02 1.459162500728658816e-08
1.970000000000000000e+02 6.661013813621501930e-09
1.980000000000000000e+02 1.323102962628172075e-09
1.990000000000000000e+02 1.599517080315664006e-09
2.000000000000000000e+02 3.904022360049465292e-10
2.010000000000000000e+02 7.419407112721680923e-10
2.020000000000000000e+02 1.444002232435116310e-09
2.030000000000000000e+02 1.389892386006998945e-09
2.040000000000000000e+02 6.414654295666919514e-10
2.050000000000000000e+02 3.417443704663733215e-08
2.060000000000000000e+02 1.711796160515832592e-07
2.070000000000000000e+02 1.329963153136767745e-07
2.080000000000000000e+02 2.010402290594688423e-08
2.090000000000000000e+02 1.044216438950666180e-09
2.100000000000000000e+02 3.564720984127528575e-10
2.110000000000000000e+02 2.740915168127663214e-10
2.120000000000000000e+02 2.657688892287427124e-10
2.130000000000000000e+02 2.621550250732730738e-10
2.140000000000000000e+02 2.685835211418102173e-10
2.150000000000000000e+02 2.687166941626644939e-10
2.160000000000000000e+02 2.646853679962645630e-10
2.170000000000000000e+02 2.913269174168715390e-10
2.180000000000000000e+02 2.665157412787959179e-10
2.190000000000000000e+02 3.426555034329751073e-10
2.200000000000000000e+02 2.780368381518760996e-10
2.210000000000000000e+02 2.514245116401194256e-10
2.220000000000000000e+02 2.529210252104350139e-10
2.230000000000000000e+02 2.717283624712476120e-10
2.240000000000000000e+02 2.985322019229907969e-10
2.250000000000000000e+02 2.658621450084699587e-10
2.260000000000000000e+02 2.568858631419114943e-10
2.270000000000000000e+02 2.862362643624817116e-10
2.280000000000000000e+02 2.770382858819166716e-10
2.290000000000000000e+02 2.677378496080522385e-10
2.300000000000000000e+02 2.887586619673269439e-10
2.310000000000000000e+02 2.480523212708200452e-10
2.320000000000000000e+02 2.653963771601291433e-10
2.330000000000000000e+02 2.492892144734206916e-10
2.340000000000000000e+02 2.524470444846873242e-10
2.350000000000000000e+02 2.534632194520334218e-10
2.360000000000000000e+02 2.980005335630407716e-10
2.370000000000000000e+02 3.167416388680123271e-10
2.380000000000000000e+02 2.678211375173898824e-10
2.390000000000000000e+02 2.649441254290063048e-10
2.400000000000000000e+02 2.390752612797611050e-10
2.410000000000000000e+02 2.650956942075756013e-10
2.420000000000000000e+02 3.254583107073258641e-10
2.430000000000000000e+02 3.314590027023764199e-10
2.440000000000000000e+02 2.551057279890715234e-10
2.450000000000000000e+02 2.481605757566586847e-10
2.460000000000000000e+02 2.583014802136886216e-10
2.470000000000000000e+02 3.689563851441905688e-10
2.480000000000000000e+02 3.145974709091627719e-10
2.490000000000000000e+02 2.646588955111304447e-10
2.500000000000000000e+02 2.468731558251478050e-10
2.510000000000000000e+02 2.862638190513941432e-10
2.520000000000000000e+02 2.503006347872422083e-10
2.530000000000000000e+02 2.581814008178413954e-10
2.540000000000000000e+02 2.490269905663238290e-10
2.550000000000000000e+02 2.515553661880975969e-10
2.560000000000000000e+02 2.687299877312369523e-10
2.570000000000000000e+02 2.951597471918199087e-10
2.580000000000000000e+02 2.939411459780434705e-10
2.590000000000000000e+02 5.663821355502686269e-10
2.600000000000000000e+02 5.233312459532010154e-10
2.610000000000000000e+02 3.398151475365006009e-10
2.620000000000000000e+02 3.035678148060374720e-10
2.630000000000000000e+02 3.475756675001798988e-10
2.640000000000000000e+02 2.940763603737626451e-10
2.650000000000000000e+02 3.433765645845603848e-10
2.660000000000000000e+02 2.900259242674015700e-10
2.670000000000000000e+02 2.387031995508985192e-10
2.680000000000000000e+02 3.319908954666637283e-10
2.690000000000000000e+02 4.098994697197274970e-10
2.700000000000000000e+02 3.025392178797388189e-10
2.710000000000000000e+02 5.903073890071712553e-10
2.720000000000000000e+02 5.108224042382590120e-09
2.730000000000000000e+02 1.358230414870811822e-09
2.740000000000000000e+02 1.309730240092069151e-09
2.750000000000000000e+02 2.379900568483483748e-09
2.760000000000000000e+02 4.492569467088532945e-10
2.770000000000000000e+02 5.346548544725479993e-10
2.780000000000000000e+02 3.474080364195577126e-10
2.790000000000000000e+02 1.073955160888606455e-09
2.800000000000000000e+02 1.103990398079519214e-09
2.810000000000000000e+02 1.840476903412570097e-09
2.820000000000000000e+02 5.664396910406163971e-10
2.830000000000000000e+02 9.821045785663269248e-10
2.840000000000000000e+02 1.733640326906511231e-09
2.850000000000000000e+02 8.287641241902886271e-09
2.860000000000000000e+02 1.820524051382074755e-09
2.870000000000000000e+02 3.687076928036202319e-10
2.880000000000000000e+02 3.427048888889426676e-10
2.890000000000000000e+02 2.846524141659289718e-10
2.900000000000000000e+02 2.820965671883812622e-10
2.910000000000000000e+02 2.411446646605794171e-10
2.920000000000000000e+02 2.331537159561252194e-10
2.930000000000000000e+02 5.019462779434273530e-10
2.940000000000000000e+02 8.209127112316941490e-10
2.950000000000000000e+02 6.389561888572958090e-10
2.960000000000000000e+02 2.574154423787453427e-10
2.970000000000000000e+02 2.630880998110467528e-10
2.980000000000000000e+02 2.699434442012652938e-10
2.990000000000000000e+02 3.184900690142194525e-10
3.000000000000000000e+02 1.223934135867961698e-09
3.010000000000000000e+02 1.652356226198767003e-09
3.020000000000000000e+02 3.982356827180117749e-09
3.030000000000000000e+02 2.442429812009466133e-09
3.040000000000000000e+02 2.181884275987264499e-09
3.050000000000000000e+02 3.234444060320875190e-10
3.060000000000000000e+02 2.567984966205863533e-10
3.070000000000000000e+02 2.391665107266525527e-10
3.080000000000000000e+02 8.816341778363207105e-10
3.090000000000000000e+02 2.738060723206813236e-09
3.100000000000000000e+02 8.747760595324915569e-10
3.110000000000000000e+02 4.841429362676267746e-10
3.120000000000000000e+02 2.305338080447239032e-10
3.130000000000000000e+02 2.288073063157892190e-10
3.140000000000000000e+02 2.237405801356668420e-10
3.150000000000000000e+02 2.564678658064513074e-10
3.160000000000000000e+02 3.227791099935314079e-10
3.170000000000000000e+02 3.000768336512009745e-10
3.180000000000000000e+02 4.217399642240808378e-10
3.190000000000000000e+02 5.233407870122587596e-10
3.200000000000000000e+02 1.440175816271789110e-09
3.210000000000000000e+02 1.916224133049549207e-09
3.220000000000000000e+02 1.262591074063518442e-09
3.230000000000000000e+02 2.356856784571571744e-10
3.240000000000000000e+02 2.282453178139192188e-10
3.250000000000000000e+02 3.339257256554285895e-10
3.260000000000000000e+02 2.867600609769845298e-10
3.270000000000000000e+02 2.446899009160971300e-10
3.280000000000000000e+02 1.022742004954971249e-09
3.290000000000000000e+02 3.735686314008757909e-10
3.300000000000000000e+02 2.644661970525748897e-10
3.310000000000000000e+02 2.816652121706510022e-10
3.320000000000000000e+02 2.699542646934752562e-10
3.330000000000000000e+02 2.759227627564567674e-10
3.340000000000000000e+02 3.260959980494813436e-10
3.350000000000000000e+02 2.856164731769281084e-10
3.360000000000000000e+02 2.259914360446828377e-10
3.370000000000000000e+02 2.523194324723418910e-10
3.380000000000000000e+02 5.604805194132743317e-10
3.390000000000000000e+02 5.955214337176334867e-10
3.400000000000000000e+02 1.335061601335257105e-09
3.410000000000000000e+02 9.671842883478587689e-10
3.420000000000000000e+02 2.553271946346802335e-10
3.430000000000000000e+02 3.061314796262477800e-10
3.440000000000000000e+02 2.676398868153915486e-10
3.450000000000000000e+02 4.847444045939122230e-10
3.460000000000000000e+02 4.690263780420263564e-10
3.470000000000000000e+02 2.162806655268774389e-10
3.480000000000000000e+02 2.363248335422781636e-10
3.490000000000000000e+02 3.732360196444806146e-10
3.500000000000000000e+02 2.903333046652089954e-10
3.510000000000000000e+02 9.433480314698347740e-10
3.520000000000000000e+02 1.086322465795367813e-09
3.530000000000000000e+02 8.070578989162257437e-10
3.540000000000000000e+02 2.911355580746118176e-10
3.550000000000000000e+02 2.817379861295456492e-10
3.560000000000000000e+02 2.686490009884836646e-10
3.570000000000000000e+02 3.556869933822611032e-10
3.580000000000000000e+02 2.562222253251141438e-10
3.590000000000000000e+02 2.325832470755066555e-10
3.600000000000000000e+02 2.812416968030342278e-10
3.610000000000000000e+02 5.305434165938482307e-10
3.620000000000000000e+02 2.413483358078222863e-10
3.630000000000000000e+02 4.848717287623605336e-10
3.640000000000000000e+02 1.457761834202957450e-09
3.650000000000000000e+02 2.895375961841854097e-10
3.660000000000000000e+02 2.272912678712697647e-10
3.670000000000000000e+02 2.729249432693665486e-10
3.680000000000000000e+02 2.259959883583714564e-10
3.690000000000000000e+02 3.855053098618567944e-10
3.700000000000000000e+02 3.550077935101945162e-10
3.710000000000000000e+02 2.404495595349523246e-10
3.720000000000000000e+02 3.786625985437462723e-10
3.730000000000000000e+02 3.138240015472602483e-10
3.740000000000000000e+02 2.211695627965902486e-10
3.750000000000000000e+02 2.178776401127495862e-10
3.760000000000000000e+02 2.647485789588332152e-10
3.770000000000000000e+02 2.091371360299338720e-10
3.780000000000000000e+02 2.844527610405277350e-10
3.790000000000000000e+02 7.357749404156013030e-10
3.800000000000000000e+02 6.668059306751240964e-10
3.810000000000000000e+02 2.938655395568752353e-10
3.820000000000000000e+02 2.427247727485403496e-10
3.830000000000000000e+02 3.968088726066437333e-10
3.840000000000000000e+02 2.616850030009686745e-10
3.850000000000000000e+02 2.329745329943992867e-10
3.860000000000000000e+02 3.661050216808804132e-10
3.870000000000000000e+02 2.474998464477964476e-10
3.880000000000000000e+02 2.849711883480900483e-10
3.890000000000000000e+02 7.505806698096897229e-10
3.900000000000000000e+02 8.602551375433130234e-10
3.910000000000000000e+02 2.450574103634929614e-10
3.920000000000000000e+02 2.643271431257017960e-10
3.930000000000000000e+02 2.252445955471960136e-10
3.940000000000000000e+02 2.174886639107473099e-10
3.950000000000000000e+02 2.251405802977345717e-10
3.960000000000000000e+02 2.254575747570173157e-10
3.970000000000000000e+02 3.764328495836932227e-10
3.980000000000000000e+02 2.482145165869896555e-10
3.990000000000000000e+02 2.202141341702417348e-10
4.000000000000000000e+02 3.247796089234623891e-10
4.010000000000000000e+02 3.828850811011543721e-10
4.020000000000000000e+02 2.117326183102342707e-10
4.030000000000000000e+02 2.866677800324998634e-10
4.040000000000000000e+02 2.789429873874163671e-10
4.050000000000000000e+02 2.281655765961772734e-10
4.060000000000000000e+02 2.071070403408918515e-10
4.070000000000000000e+02 2.322841101409756735e-10
4.080000000000000000e+02 2.976774816604028933e-10
4.090000000000000000e+02 2.262678848403274893e-10
4.100000000000000000e+02 4.013375714087518237e-10
4.110000000000000000e+02 6.205145776070606755e-10
4.120000000000000000e+02 5.948203461260087138e-10
4.130000000000000000e+02 8.834289731018627573e-10
4.140000000000000000e+02 3.150826625266768152e-10
4.150000000000000000e+02 2.266964267499741540e-10
4.160000000000000000e+02 2.129528624936222889e-10
4.170000000000000000e+02 3.282989575539119122e-10
4.180000000000000000e+02 2.043716256513367117e-10
4.190000000000000000e+02 2.161153575307849978e-10
4.200000000000000000e+02 2.086852487499618052e-10
4.210000000000000000e+02 2.114415359019757405e-10
4.220000000000000000e+02 2.275261312896026898e-10
4.230000000000000000e+02 2.124201837466725039e-10
4.240000000000000000e+02 4.799941680941690233e-10
4.250000000000000000e+02 3.606715861439514290e-10
4.260000000000000000e+02 2.078056552563502868e-10
4.270000000000000000e+02 2.273006237455282287e-10
4.280000000000000000e+02 2.676756883252213531e-10
4.290000000000000000e+02 2.221252287114497192e-10
4.300000000000000000e+02 2.734167016101389144e-10
4.310000000000000000e+02 3.005287389464471614e-10
4.320000000000000000e+02 2.018055850474014070e-10
4.330000000000000000e+02 2.080364849491927506e-10
4.340000000000000000e+02 2.231878619143343587e-10
4.350000000000000000e+02 2.247705101561662326e-10
4.360000000000000000e+02 2.163977994851441432e-10
4.370000000000000000e+02 2.000197078220794834e-10
4.380000000000000000e+02 2.084272535756120681e-10
4.390000000000000000e+02 2.334394946482921576e-10
4.400000000000000000e+02 2.550975265890171258e-10
4.410000000000000000e+02 2.142126664471796847e-10
4.420000000000000000e+02 2.800435212064531721e-10
4.430000000000000000e+02 2.392521757914239692e-10
4.440000000000000000e+02 2.138348747139219920e-10
4.450000000000000000e+02 2.501193530996178194e-10
4.460000000000000000e+02 2.375946144377746810e-10
4.470000000000000000e+02 2.315620750293616179e-10
4.480000000000000000e+02 2.516107309484106705e-10
4.490000000000000000e+02 2.010813893818246183e-10
4.500000000000000000e+02 2.656411042161379422e-10
4.510000000000000000e+02 2.068289466303443493e-10
4.520000000000000000e+02 2.084062712684355991e-10
4.530000000000000000e+02 2.233636285632990034e-10
4.540000000000000000e+02 2.072787079973880846e-10
4.550000000000000000e+02 2.166189694980579483e-10
4.560000000000000000e+02 2.757587952102182804e-10
4.570000000000000000e+02 2.488117367160049649e-10
4.580000000000000000e+02 2.287375891332407804e-10
4.590000000000000000e+02 2.429086881642796302e-10
4.600000000000000000e+02 2.046473010930927915e-10
4.610000000000000000e+02 1.962936696371611926e-10
4.620000000000000000e+02 2.885494117081917193e-10
4.630000000000000000e+02 2.057403150513815252e-10
4.640000000000000000e+02 2.200725343504825500e-10
4.650000000000000000e+02 1.961268141530300498e-10
4.660000000000000000e+02 2.209035006402694713e-10
4.670000000000000000e+02 2.610093282869352917e-10
4.680000000000000000e+02 2.030103898921704261e-10
4.690000000000000000e+02 2.253438972427975057e-10
4.700000000000000000e+02 2.205332548485345041e-10
4.710000000000000000e+02 2.621407372003588522e-10
4.720000000000000000e+02 3.551145474569541092e-10
4.730000000000000000e+02 2.171688379310149200e-10
4.740000000000000000e+02 2.637907614396699613e-10
4.750000000000000000e+02 2.008932066327134682e-10
4.760000000000000000e+02 2.501254320838644233e-10
4.770000000000000000e+02 2.360957395419589599e-10
4.780000000000000000e+02 2.026423237929796549e-10
4.790000000000000000e+02 2.012746410522284978e-10
4.800000000000000000e+02 2.157946845514582323e-10
4.810000000000000000e+02 2.024465620292375538e-10
4.820000000000000000e+02 2.108301217092786268e-10
4.830000000000000000e+02 1.991608788387091999e-10
4.840000000000000000e+02 1.912841192899634757e-10
4.850000000000000000e+02 1.899932945518202610e-10
4.860000000000000000e+02 2.004379572044211817e-10
4.870000000000000000e+02 2.028895007986824106e-10
4.880000000000000000e+02 1.985187022198648300e-10
4.890000000000000000e+02 1.897041785106491425e-10
4.900000000000000000e+02 2.033691492036240119e-10
4.910000000000000000e+02 2.805249717587072587e-10
4.920000000000000000e+02 2.027431038761738518e-10
4.930000000000000000e+02 1.915400137166515431e-10
4.940000000000000000e+02 2.064025932800822926e-10
4.950000000000000000e+02 2.095650861116411294e-10
4.960000000000000000e+02 2.020977684590083472e-10
4.970000000000000000e+02 2.011299138503172187e-10
4.980000000000000000e+02 2.170843165198450149e-10
4.990000000000000000e+02 2.088657255310385076e-10
5.000000000000000000e+02 1.963498744916938282e-10
5.010000000000000000e+02 2.044334152532847706e-10
5.020000000000000000e+02 1.971747045233623731e-10
5.030000000000000000e+02 1.933500768329472522e-10
5.040000000000000000e+02 1.956209492413765153e-10
5.050000000000000000e+02 2.119168598730390724e-10
5.060000000000000000e+02 1.925437298239238366e-10
5.070000000000000000e+02 1.928832014385563136e-10
5.080000000000000000e+02 2.250100299856444725e-10
5.090000000000000000e+02 1.973231069571693250e-10
5.100000000000000000e+02 1.961372057430136568e-10
5.110000000000000000e+02 1.985492735175962119e-10
5.120000000000000000e+02 2.100959872824667152e-10
5.130000000000000000e+02 3.170154034918772871e-10
5.140000000000000000e+02 2.041090895024958248e-10
5.150000000000000000e+02 2.203744975646333201e-10
5.160000000000000000e+02 3.010744117785056031e-10
5.170000000000000000e+02 1.919804511182164406e-10
5.180000000000000000e+02 2.012155111008477965e-10
5.190000000000000000e+02 1.930225218441912175e-10
5.200000000000000000e+02 1.989419805739853761e-10
5.210000000000000000e+02 1.936571486919285318e-10
5.220000000000000000e+02 1.980403443195445107e-10
5.230000000000000000e+02 1.946222664822137771e-10
5.240000000000000000e+02 1.883045182358953113e-10
5.250000000000000000e+02 1.875348246508391641e-10
5.260000000000000000e+02 1.873436604697570483e-10
5.270000000000000000e+02 1.931670357259278809e-10
5.280000000000000000e+02 2.010910344983112201e-10
5.290000000000000000e+02 1.886118724951732206e-10
5.300000000000000000e+02 1.961623352593727513e-10
5.310000000000000000e+02 2.036769464365048080e-10
5.320000000000000000e+02 1.890008337016649529e-10
5.330000000000000000e+02 1.933020209232276783e-10
5.340000000000000000e+02 1.904461047987399447e-10
5.350000000000000000e+02 1.901095191394412643e-10
5.360000000000000000e+02 1.947668639430445975e-10
5.370000000000000000e+02 1.917147024489189218e-10
5.380000000000000000e+02 1.873598106979654818e-10
5.390000000000000000e+02 1.909237469599781291e-10
5.400000000000000000e+02 2.043974743673892081e-10
5.410000000000000000e+02 1.954942648809231518e-10
5.420000000000000000e+02 1.887604649357649338e-10
5.430000000000000000e+02 2.006039163920464868e-10
5.440000000000000000e+02 1.979365525753537892e-10
5.450000000000000000e+02 2.096696429512366872e-10
5.460000000000000000e+02 1.906232509751193177e-10
5.470000000000000000e+02 1.926402737852545132e-10
5.480000000000000000e+02 1.911369636583199461e-10
5.490000000000000000e+02 2.009010064612405606e-10
5.500000000000000000e+02 1.866081362015157495e-10
5.510000000000000000e+02 1.888117617560307438e-10
5.520000000000000000e+02 1.886049121568786211e-10
5.530000000000000000e+02 1.871619543430588450e-10
5.540000000000000000e+02 1.975899509085082056e-10
5.550000000000000000e+02 1.992482959915614221e-10
5.560000000000000000e+02 1.891947061983980912e-10
5.570000000000000000e+02 1.893089754921709132e-10
5.580000000000000000e+02 1.856193313217731382e-10
5.590000000000000000e+02 2.120162628318232242e-10
5.600000000000000000e+02 2.253836864932231096e-10
5.610000000000000000e+02 2.021416590519595511e-10
5.620000000000000000e+02 2.008439144898144558e-10
5.630000000000000000e+02 2.008249620644127281e-10
5.640000000000000000e+02 1.849444337972422351e-10
5.650000000000000000e+02 1.877034608124293351e-10
5.660000000000000000e+02 1.852411352607688828e-10
5.670000000000000000e+02 1.901385923193465336e-10
5.680000000000000000e+02 1.924352607830301968e-10
5.690000000000000000e+02 1.895884529349568176e-10
5.700000000000000000e+02 1.888433282201612538e-10
5.710000000000000000e+02 1.848898860634545172e-10
5.720000000000000000e+02 1.914060387727352375e-10
5.730000000000000000e+02 1.824092498644796787e-10
5.740000000000000000e+02 1.857298705291804254e-10
5.750000000000000000e+02 1.858804530066445142e-10
5.760000000000000000e+02 1.873136907617037302e-10
5.770000000000000000e+02 1.844744551987547284e-10
5.780000000000000000e+02 1.842743556304047758e-10
5.790000000000000000e+02 1.911920329066061568e-10
5.800000000000000000e+02 1.889077331370634916e-10
5.810000000000000000e+02 1.858636153042359868e-10
5.820000000000000000e+02 1.866787282328147504e-10
5.830000000000000000e+02 1.923663758028186297e-10
5.840000000000000000e+02 1.866173690672551063e-10
5.850000000000000000e+02 1.825375323703145891e-10
5.860000000000000000e+02 1.924816762993476442e-10
5.870000000000000000e+02 1.842607673080909435e-10
5.880000000000000000e+02 1.823508606559284809e-10
5.890000000000000000e+02 1.903104875640692875e-10
5.900000000000000000e+02 1.822750851401378529e-10
5.910000000000000000e+02 1.829602391157082954e-10
5.920000000000000000e+02 1.867402584541474886e-10
5.930000000000000000e+02 1.923721407236759402e-10
5.940000000000000000e+02 1.816109680293695097e-10
5.950000000000000000e+02 1.860283026908605675e-10
5.960000000000000000e+02 1.824420957245861183e-10
5.970000000000000000e+02 1.853893043461690420e-10
5.980000000000000000e+02 1.812570829669692361e-10
5.990000000000000000e+02 1.920612641383361732e-10
6.000000000000000000e+02 1.887351119947416208e-10
6.010000000000000000e+02 1.831351121544556064e-10
6.020000000000000000e+02 1.825985223765269357e-10
6.030000000000000000e+02 1.843577596816995269e-10
6.040000000000000000e+02 1.807036919631828814e-10
6.050000000000000000e+02 1.825919583480414569e-10
6.060000000000000000e+02 1.819233984302280496e-10
6.070000000000000000e+02 1.842260399222907323e-10
6.080000000000000000e+02 1.837653888541548455e-10
6.090000000000000000e+02 1.795114162315198650e-10
6.100000000000000000e+02 1.791051831542346047e-10
6.110000000000000000e+02 1.887363976479495926e-10
6.120000000000000000e+02 1.798635901835080327e-10
6.130000000000000000e+02 1.824526423376914581e-10
6.140000000000000000e+02 1.786267575967571906e-10
6.150000000000000000e+02 1.837470070284737504e-10
6.160000000000000000e+02 1.785905954933177105e-10
6.170000000000000000e+02 1.803636827799835519e-10
6.180000000000000000e+02 1.789360225000353807e-10
6.190000000000000000e+02 1.782825197637471208e-10
6.200000000000000000e+02 1.822024893641279402e-10
6.210000000000000000e+02 1.840591988941413981e-10
6.220000000000000000e+02 1.880645125906228175e-10
6.230000000000000000e+02 1.806182529586754899e-10
6.240000000000000000e+02 1.845195052990448860e-10
6.250000000000000000e+02 1.798591877566957147e-10
6.260000000000000000e+02 1.786960285862692436e-10
6.270000000000000000e+02 1.812927661861818208e-10
6.280000000000000000e+02 1.779514293026675908e-10
6.290000000000000000e+02 1.766243557631959368e-10
6.300000000000000000e+02 1.773936213994354468e-10
6.310000000000000000e+02 1.811717914262927111e-10
6.320000000000000000e+02 1.839599698124541662e-10
6.330000000000000000e+02 1.879482644142907867e-10
6.340000000000000000e+02 1.819066440622797692e-10
6.350000000000000000e+02 1.805688975431532144e-10
6.360000000000000000e+02 1.789926102660169825e-10
6.370000000000000000e+02 1.812030653124593956e-10
6.380000000000000000e+02 1.774754311200924560e-10
6.390000000000000000e+02 1.764289177072769249e-10
6.400000000000000000e+02 1.760751078607029604e-10
6.410000000000000000e+02 1.756689775433920793e-10
6.420000000000000000e+02 1.772494664647625656e-10
6.430000000000000000e+02 1.771871966486765819e-10
6.440000000000000000e+02 1.815154327716636459e-10
6.450000000000000000e+02 1.801402362105794188e-10
6.460000000000000000e+02 1.800299464472843247e-10
6.470000000000000000e+02 1.784255446117420272e-10
6.480000000000000000e+02 1.778352204578355349e-10
6.490000000000000000e+02 1.765857539906506094e-10
6.500000000000000000e+02 1.757884323258051635e-10
6.510000000000000000e+02 1.769219403051196860e-10
6.520000000000000000e+02 1.782329232588855617e-10
6.530000000000000000e+02 1.790281125285657717e-10
6.540000000000000000e+02 1.762751782160008003e-10
6.550000000000000000e+02 1.779242872780640953e-10
6.560000000000000000e+02 1.812190739117180544e-10
6.570000000000000000e+02 1.781014854223159585e-10
6.580000000000000000e+02 1.743638394553657761e-10
6.590000000000000000e+02 1.789949743534837013e-10
6.600000000000000000e+02 1.751764789530979539e-10
6.610000000000000000e+02 1.780859001588144003e-10
6.620000000000000000e+02 1.755095101944571192e-10
6.630000000000000000e+02 1.738925768560992804e-10
6.640000000000000000e+02 1.789241531923179681e-10
6.650000000000000000e+02 1.770417254904620851e-10
6.660000000000000000e+02 1.765985497336432604e-10
6.670000000000000000e+02 1.750645833462204554e-10
6.680000000000000000e+02 1.768153979516880859e-10
6.690000000000000000e+02 1.748925693713534105e-10
6.700000000000000000e+02 1.754076362654302617e-10
6.710000000000000000e+02 1.760341292153987983e-10
6.720000000000000000e+02 1.740930456497433239e-10
6.730000000000000000e+02 1.754564394027136827e-10
6.740000000000000000e+02 1.735422964476599466e-10
6.750000000000000000e+02 1.738768919063136149e-10
6.760000000000000000e+02 1.740746029344533043e-10
6.770000000000000000e+02 1.752911692579855283e-10
6.780000000000000000e+02 1.738481376074991001e-10
6.790000000000000000e+02 1.733539315581166233e-10
6.800000000000000000e+02 1.744404819041919100e-10
6.810000000000000000e+02 1.741654784733699173e-10
6.820000000000000000e+02 1.741494063635358696e-10
6.830000000000000000e+02 1.737284793659901058e-10
6.840000000000000000e+02 1.729125189887745264e-10
6.850000000000000000e+02 1.746129706677463063e-10
6.860000000000000000e+02 1.738901853948544620e-10
6.870000000000000000e+02 1.768937318274597968e-10
6.880000000000000000e+02 1.773438903434113612e-10
6.890000000000000000e+02 1.741399881228102117e-10
6.900000000000000000e+02 1.735743378758594331e-10
6.910000000000000000e+02 1.756180936584012727e-10
6.920000000000000000e+02 1.735784516494989607e-10
6.930000000000000000e+02 1.791126705269686885e-10
6.940000000000000000e+02 1.734487748367304218e-10
6.950000000000000000e+02 1.747471834634087578e-10
6.960000000000000000e+02 1.732347290486928030e-10
6.970000000000000000e+02 1.748201203784038154e-10
6.980000000000000000e+02 1.736495018922659027e-10
6.990000000000000000e+02 1.736134006472324917e-10
7.000000000000000000e+02 1.739355437445699442e-10
7.010000000000000000e+02 1.724569138348046714e-10
7.020000000000000000e+02 1.730343112054006395e-10
7.030000000000000000e+02 1.733334485624883846e-10
7.040000000000000000e+02 1.730050280205398814e-10
7.050000000000000000e+02 1.725627071462779622e-10
7.060000000000000000e+02 1.742175669217630006e-10
7.070000000000000000e+02 1.724561226646810220e-10
7.080000000000000000e+02 1.729082114385582443e-10
7.090000000000000000e+02 1.728908224796860242e-10
7.100000000000000000e+02 1.732519676261964557e-10
7.110000000000000000e+02 1.757334754977476033e-10
7.120000000000000000e+02 1.751039819345687013e-10
7.130000000000000000e+02 1.722122562242885780e-10
7.140000000000000000e+02 1.735047973597008516e-10
7.150000000000000000e+02 1.720614718606247405e-10
7.160000000000000000e+02 1.758622255823733170e-10
7.170000000000000000e+02 1.719802771309760708e-10
7.180000000000000000e+02 1.721168449282691756e-10
7.190000000000000000e+02 1.715992851077288509e-10
7.200000000000000000e+02 1.721245786093666274e-10
7.210000000000000000e+02 1.715977521663213886e-10
7.220000000000000000e+02 1.747201983683305147e-10
7.230000000000000000e+02 1.764927091256847264e-10
7.240000000000000000e+02 1.718954782867036011e-10
7.250000000000000000e+02 1.707127713326604556e-10
7.260000000000000000e+02 1.728923348867150761e-10
7.270000000000000000e+02 1.734741843457093139e-10
7.280000000000000000e+02 1.710800724740298685e-10
7.290000000000000000e+02 1.719975405963126447e-10
7.300000000000000000e+02 1.709744873795773285e-10
7.310000000000000000e+02 1.715557823899599613e-10
7.320000000000000000e+02 1.725122259106545802e-10
7.330000000000000000e+02 1.712137763918076208e-10
7.340000000000000000e+02 1.725382809416337894e-10
7.350000000000000000e+02 1.712679625384565478e-10
7.360000000000000000e+02 1.731185119934388676e-10
7.370000000000000000e+02 1.700831806397136422e-10
7.380000000000000000e+02 1.717200918079145261e-10
7.390000000000000000e+02 1.706946836822902634e-10
7.400000000000000000e+02 1.703353481878830187e-10
7.410000000000000000e+02 1.706465696594055369e-10
7.420000000000000000e+02 1.725854399270255833e-10
7.430000000000000000e+02 1.708843095095417661e-10
7.440000000000000000e+02 1.716953582849981601e-10
7.450000000000000000e+02 1.705448109173865044e-10
7.460000000000000000e+02 1.704121254730227049e-10
7.470000000000000000e+02 1.699380602377523373e-10
7.480000000000000000e+02 1.714005948179377912e-10
7.490000000000000000e+02 1.707439287552895853e-10
7.500000000000000000e+02 1.710007174177364436e-10
7.510000000000000000e+02 1.714219482049061322e-10
7.520000000000000000e+02 1.705015440457272087e-10
7.530000000000000000e+02 1.697263105361760893e-10
7.540000000000000000e+02 1.700163531880654119e-10
7.550000000000000000e+02 1.694596054459520420e-10
7.560000000000000000e+02 1.705209137534790526e-10
7.570000000000000000e+02 1.701008882594552625e-10
7.580000000000000000e+02 1.700845345276374866e-10
7.590000000000000000e+02 1.695069579822655124e-10
7.600000000000000000e+02 1.702248587607777658e-10
7.610000000000000000e+02 1.693216436797749481e-10
7.620000000000000000e+02 1.713958136050428914e-10
7.630000000000000000e+02 1.697194539810843614e-10
7.640000000000000000e+02 1.696315116042764916e-10
7.650000000000000000e+02 1.712199342480817846e-10
7.660000000000000000e+02 1.697862022316408226e-10
7.670000000000000000e+02 1.691281800290809541e-10
7.680000000000000000e+02 1.691906760326442583e-10
7.690000000000000000e+02 1.718124852070918321e-10
7.700000000000000000e+02 1.693125581038730226e-10
7.710000000000000000e+02 1.694500921065115191e-10
7.720000000000000000e+02 1.696471226826643883e-10
7.730000000000000000e+02 1.711905829449324794e-10
7.740000000000000000e+02 1.696276741781293397e-10
7.750000000000000000e+02 1.703348401989543570e-10
7.760000000000000000e+02 1.690704024794766930e-10
7.770000000000000000e+02 1.693150679052583640e-10
7.780000000000000000e+02 1.687635751207613865e-10
7.790000000000000000e+02 1.692302875307788555e-10
7.800000000000000000e+02 1.699329978325629149e-10
7.810000000000000000e+02 1.690679936573084648e-10
7.820000000000000000e+02 1.696667997749258177e-10
7.830000000000000000e+02 1.691987362330248583e-10
7.840000000000000000e+02 1.693299667072894599e-10
7.850000000000000000e+02 1.686574268418824711e-10
7.860000000000000000e+02 1.691240546684514328e-10
7.870000000000000000e+02 1.692363254119191624e-10
7.880000000000000000e+02 1.692082659343578648e-10
7.890000000000000000e+02 1.689892180492618661e-10
7.900000000000000000e+02 1.685281461509937181e-10
7.910000000000000000e+02 1.684482536985135635e-10
7.920000000000000000e+02 1.698803085270647611e-10
7.930000000000000000e+02 1.691872192157678300e-10
7.940000000000000000e+02 1.695929388186174149e-10
7.950000000000000000e+02 1.691325539478122213e-10
7.960000000000000000e+02 1.691395545949882597e-10
7.970000000000000000e+02 1.702585656636171308e-10
7.980000000000000000e+02 1.684599673948951385e-10
7.990000000000000000e+02 1.683799976662412597e-10
8.000000000000000000e+02 1.693489199464156653e-10
8.010000000000000000e+02 1.688447382412237449e-10
8.020000000000000000e+02 1.682642103693190405e-10
8.030000000000000000e+02 1.681821963159259789e-10
8.040000000000000000e+02 1.683464909358224321e-10
8.050000000000000000e+02 1.684045985840555702e-10
8.060000000000000000e+02 1.692678518780882100e-10
8.070000000000000000e+02 1.683903072202783804e-10
8.080000000000000000e+02 1.682307540194998323e-10
8.090000000000000000e+02 1.680354911690145417e-10
8.100000000000000000e+02 1.679256175779711582e-10
8.110000000000000000e+02 1.679159011544453277e-10
8.120000000000000000e+02 1.678062448685053830e-10
8.130000000000000000e+02 1.686410039393562453e-10
8.140000000000000000e+02 1.680919495797974309e-10
8.150000000000000000e+02 1.689864557390252653e-10
8.160000000000000000e+02 1.681505011320057286e-10
8.170000000000000000e+02 1.678192427351104575e-10
8.180000000000000000e+02 1.677936198345661446e-10
8.190000000000000000e+02 1.677851967022409414e-10
8.200000000000000000e+02 1.678446832082517740e-10
8.210000000000000000e+02 1.677870215825270077e-10
8.220000000000000000e+02 1.677563180123093828e-10
8.230000000000000000e+02 1.679739197187127386e-10
8.240000000000000000e+02 1.679961189514308789e-10
8.250000000000000000e+02 1.677342818761425524e-10
8.260000000000000000e+02 1.677151352856410589e-10
8.270000000000000000e+02 1.678234957384192246e-10
8.280000000000000000e+02 1.682698594559743239e-10
8.290000000000000000e+02 1.682963461936882958e-10
8.300000000000000000e+02 1.673730701236471270e-10
8.310000000000000000e+02 1.679027178587212625e-10
8.320000000000000000e+02 1.689159710408595725e-10
8.330000000000000000e+02 1.672035671177302377e-10
8.340000000000000000e+02 1.675580257378302994e-10
8.350000000000000000e+02 1.675474044179436349e-10
8.360000000000000000e+02 1.674501726873526285e-10
8.370000000000000000e+02 1.678806220408146973e-10
8.380000000000000000e+02 1.678187109061742288e-10
8.390000000000000000e+02 1.674495405100523032e-10
8.400000000000000000e+02 1.671070227036649486e-10
8.410000000000000000e+02 1.673008410766253276e-10
8.420000000000000000e+02 1.678828924516544521e-10
8.430000000000000000e+02 1.673711392994221187e-10
8.440000000000000000e+02 1.674288501005544589e-10
8.450000000000000000e+02 1.670702652746685171e-10
8.460000000000000000e+02 1.669730583793522545e-10
8.470000000000000000e+02 1.673112519374346312e-10
8.480000000000000000e+02 1.674213271759034717e-10
8.490000000000000000e+02 1.675079397021766691e-10
8.500000000000000000e+02 1.671299163065909774e-10
8.510000000000000000e+02 1.670950332793721275e-10
8.520000000000000000e+02 1.677671116400512897e-10
8.530000000000000000e+02 1.679762655419673999e-10
8.540000000000000000e+02 1.672841919509624644e-10
8.550000000000000000e+02 1.675184104779406476e-10
8.560000000000000000e+02 1.671292001415894352e-10
8.570000000000000000e+02 1.669090207209302694e-10
8.580000000000000000e+02 1.668477742397749915e-10
8.590000000000000000e+02 1.679224295382131048e-10
8.600000000000000000e+02 1.670591283012974912e-10
8.610000000000000000e+02 1.668148100607094361e-10
8.620000000000000000e+02 1.669065764553606876e-10
8.630000000000000000e+02 1.667852991487559548e-10
8.640000000000000000e+02 1.668636739871237906e-10
8.650000000000000000e+02 1.666501886923762996e-10
8.660000000000000000e+02 1.672031810959697235e-10
8.670000000000000000e+02 1.670898786123811514e-10
8.680000000000000000e+02 1.669149083405182677e-10
8.690000000000000000e+02 1.673806136640624889e-10
8.700000000000000000e+02 1.667207807003205022e-10
8.710000000000000000e+02 1.668464504271086381e-10
8.720000000000000000e+02 1.666365979994513142e-10
8.730000000000000000e+02 1.676186414595877483e-10
8.740000000000000000e+02 1.664032295582624488e-10
8.750000000000000000e+02 1.664132460251658813e-10
8.760000000000000000e+02 1.665412650287119052e-10
8.770000000000000000e+02 1.664161648069733280e-10
8.780000000000000000e+02 1.667076317182479258e-10
8.790000000000000000e+02 1.668442789140411330e-10
8.800000000000000000e+02 1.665351971574184036e-10
8.810000000000000000e+02 1.666874632157173922e-10
8.820000000000000000e+02 1.664734998466198789e-10
8.830000000000000000e+02 1.666327823206320470e-10
8.840000000000000000e+02 1.667530814784927396e-10
8.850000000000000000e+02 1.666838354935332124e-10
8.860000000000000000e+02 1.662103278510482647e-10
8.870000000000000000e+02 1.664215384011113317e-10
8.880000000000000000e+02 1.664189371999595192e-10
8.890000000000000000e+02 1.664040052894924770e-10
8.900000000000000000e+02 1.672952627920280975e-10
8.910000000000000000e+02 1.662322653787246560e-10
8.920000000000000000e+02 1.662289643017206946e-10
8.930000000000000000e+02 1.662142393685838597e-10
8.940000000000000000e+02 1.661525720017789305e-10
8.950000000000000000e+02 1.660395338843855136e-10
8.960000000000000000e+02 1.663115374217366595e-10
8.970000000000000000e+02 1.661634837668847540e-10
8.980000000000000000e+02 1.660316862658328928e-10
8.990000000000000000e+02 1.660824757531375277e-10
9.000000000000000000e+02 1.663887716966925622e-10
9.010000000000000000e+02 1.661863343087731459e-10
9.020000000000000000e+02 1.661728796583843217e-10
9.030000000000000000e+02 1.661822683134376095e-10
9.040000000000000000e+02 1.659818872597894504e-10
9.050000000000000000e+02 1.666357561650002873e-10
9.060000000000000000e+02 1.669213842440894970e-10
9.070000000000000000e+02 1.661213203167982096e-10
9.080000000000000000e+02 1.658703681038627597e-10
9.090000000000000000e+02 1.668606332179918470e-10
9.100000000000000000e+02 1.659951153927762444e-10
9.110000000000000000e+02 1.660666630172209383e-10
9.120000000000000000e+02 1.662173800864002125e-10
9.130000000000000000e+02 1.663958773510127551e-10
9.140000000000000000e+02 1.660881047731392320e-10
9.150000000000000000e+02 1.668298990400408994e-10
9.160000000000000000e+02 1.658469308478578010e-10
9.170000000000000000e+02 1.660587733778856260e-10
9.180000000000000000e+02 1.660507816499681163e-10
9.190000000000000000e+02 1.659415783580637307e-10
9.200000000000000000e+02 1.659125002146951360e-10
9.210000000000000000e+02 1.665517749991361970e-10
9.220000000000000000e+02 1.657209781103738690e-10
9.230000000000000000e+02 1.664484152267737367e-10
9.240000000000000000e+02 1.658366776504841390e-10
9.250000000000000000e+02 1.660550029364328603e-10
9.260000000000000000e+02 1.657417126995847143e-10
9.270000000000000000e+02 1.656993007072157620e-10
9.280000000000000000e+02 1.662802574308417844e-10
9.290000000000000000e+02 1.658520326231229729e-10
9.300000000000000000e+02 1.656654911087817950e-10
9.310000000000000000e+02 1.661423903940332791e-10
9.320000000000000000e+02 1.656523980081058717e-10
9.330000000000000000e+02 1.658573612490622518e-10
9.340000000000000000e+02 1.656914288038482731e-10
9.350000000000000000e+02 1.655717533574819479e-10
9.360000000000000000e+02 1.657634739417974074e-10
9.370000000000000000e+02 1.660844489263428100e-10
9.380000000000000000e+02 1.656901281143008201e-10
9.390000000000000000e+02 1.659503397145776028e-10
9.400000000000000000e+02 1.657563440882166288e-10
9.410000000000000000e+02 1.656781009289106498e-10
9.420000000000000000e+02 1.655794050779290966e-10
9.430000000000000000e+02 1.661925233984153799e-10
9.440000000000000000e+02 1.671397150233549286e-10
9.450000000000000000e+02 1.656870090820718238e-10
9.460000000000000000e+02 1.657592718821470007e-10
9.470000000000000000e+02 1.656506706915163781e-10
9.480000000000000000e+02 1.655991401835713303e-10
9.490000000000000000e+02 1.654459742250305278e-10
9.500000000000000000e+02 1.656295057004670306e-10
9.510000000000000000e+02 1.654004290441481294e-10
9.520000000000000000e+02 1.653441537059145721e-10
9.530000000000000000e+02 1.659196148044283934e-10
9.540000000000000000e+02 1.653600307056376298e-10
9.550000000000000000e+02 1.659274181621517355e-10
9.560000000000000000e+02 1.653375234300120316e-10
9.570000000000000000e+02 1.653803589586102948e-10
9.580000000000000000e+02 1.656146147080991212e-10
9.590000000000000000e+02 1.654131628980677974e-10
9.600000000000000000e+02 1.653577838485631841e-10
9.610000000000000000e+02 1.654885950752793151e-10
9.620000000000000000e+02 1.653252945073333120e-10
9.630000000000000000e+02 1.661197029371847383e-10
9.640000000000000000e+02 1.653148709124585934e-10
9.650000000000000000e+02 1.656216114878406473e-10
9.660000000000000000e+02 1.653560807111008809e-10
9.670000000000000000e+02 1.653666373444563962e-10
9.680000000000000000e+02 1.654029648771326770e-10
9.690000000000000000e+02 1.653720122691766347e-10
9.700000000000000000e+02 1.652177545448020199e-10
9.710000000000000000e+02 1.653890924787467831e-10
9.720000000000000000e+02 1.653416961865077387e-10
9.730000000000000000e+02 1.667241265402158747e-10
9.740000000000000000e+02 1.651570808285773289e-10
9.750000000000000000e+02 1.651837011375246729e-10
9.760000000000000000e+02 1.652469391130114526e-10
9.770000000000000000e+02 1.652514050785191645e-10
9.780000000000000000e+02 1.653665211308691444e-10
9.790000000000000000e+02 1.653368665795633803e-10
9.800000000000000000e+02 1.652479010111825978e-10
9.810000000000000000e+02 1.652557217268601333e-10
9.820000000000000000e+02 1.651403576091505926e-10
9.830000000000000000e+02 1.650128576902807433e-10
9.840000000000000000e+02 1.650617984969477141e-10
9.850000000000000000e+02 1.655057802024695406e-10
9.860000000000000000e+02 1.651173642968760244e-10
9.870000000000000000e+02 1.651893423056812561e-10
9.880000000000000000e+02 1.650619161472244400e-10
9.890000000000000000e+02 1.652393909516708678e-10
9.900000000000000000e+02 1.650317780947149750e-10
9.910000000000000000e+02 1.650374458421658921e-10
9.920000000000000000e+02 1.650391550527828243e-10
9.930000000000000000e+02 1.652299303546427333e-10
9.940000000000000000e+02 1.651670079934008192e-10
9.950000000000000000e+02 1.649640668048698967e-10
9.960000000000000000e+02 1.650655108375897608e-10
9.970000000000000000e+02 1.648292496438114087e-10
9.980000000000000000e+02 1.648500377746450989e-10
9.990000000000000000e+02 1.653667302040298166e-10
1.000000000000000000e+03 1.649809669240166666e-10
1.001000000000000000e+03 1.649939492254709676e-10
1.002000000000000000e+03 1.649062365600595918e-10
1.003000000000000000e+03 1.648409312804972275e-10
1.004000000000000000e+03 1.650255558535645695e-10
1.005000000000000000e+03 1.651907227808970044e-10
1.006000000000000000e+03 1.647632699694154320e-10
1.007000000000000000e+03 1.647276825960788369e-10
1.008000000000000000e+03 1.653683543811464859e-10
1.009000000000000000e+03 1.654722054010279124e-10
1.010000000000000000e+03 1.646890426402284414e-10
1.011000000000000000e+03 1.647330530050465845e-10
1.012000000000000000e+03 1.647421754428621213e-10
1.013000000000000000e+03 1.647043817795711204e-10
1.014000000000000000e+03 1.648535449339744976e-10
1.015000000000000000e+03 1.653670807430357045e-10
1.016000000000000000e+03 1.651683867557467122e-10
1.017000000000000000e+03 1.648875295856581689e-10
1.018000000000000000e+03 1.646824629989475681e-10
1.019000000000000000e+03 1.652340630574706031e-10
1.020000000000000000e+03 1.648158440060771515e-10
1.021000000000000000e+03 1.645682677917687211e-10
1.022000000000000000e+03 1.651169499813181044e-10
1.023000000000000000e+03 1.647619993381042645e-10
1.024000000000000000e+03 1.646127004194507730e-10
1.025000000000000000e+03 1.646837580740097929e-10
1.026000000000000000e+03 1.645932058472048255e-10
1.027000000000000000e+03 1.647446312962889698e-10
1.028000000000000000e+03 1.654772689298885594e-10
1.029000000000000000e+03 1.648656815850420510e-10
1.030000000000000000e+03 1.648831275906951094e-10
1.031000000000000000e+03 1.648804140756446816e-10
1.032000000000000000e+03 1.649625167948947935e-10
1.033000000000000000e+03 1.645182901263115645e-10
1.034000000000000000e+03 1.643771273082369462e-10
1.035000000000000000e+03 1.643882308598335024e-10
1.036000000000000000e+03 1.644973592838176958e-10
1.037000000000000000e+03 1.644458086640354395e-10
1.038000000000000000e+03 1.644878556979873841e-10
1.039000000000000000e+03 1.643551101094327344e-10
1.040000000000000000e+03 1.646383313121625172e-10
1.041000000000000000e+03 1.644018592573537661e-10
1.042000000000000000e+03 1.644931450875939986e-10
1.043000000000000000e+03 1.646604804843302970e-10
1.044000000000000000e+03 1.642400773875955922e-10
1.045000000000000000e+03 1.644821320598027026e-10
1.046000000000000000e+03 1.642673579368431109e-10
1.047000000000000000e+03 1.644105865888063078e-10
1.048000000000000000e+03 1.643643342902821266e-10
1.049000000000000000e+03 1.646125521631995947e-10
1.050000000000000000e+03 1.645516981817455144e-10
1.051000000000000000e+03 1.644785396648163031e-10
1.052000000000000000e+03 1.644096192194156778e-10
1.053000000000000000e+03 1.643222374783446670e-10
1.054000000000000000e+03 1.643103046352619863e-10
1.055000000000000000e+03 1.646973770189251575e-10
1.056000000000000000e+03 1.644820242264957154e-10
1.057000000000000000e+03 1.641497795410388619e-10
1.058000000000000000e+03 1.642621773629881977e-10
1.059000000000000000e+03 1.642395099976506855e-10
1.060000000000000000e+03 1.642268602850300583e-10
1.061000000000000000e+03 1.641241371492035057e-10
1.062000000000000000e+03 1.645395557863609453e-10
1.063000000000000000e+03 1.641365542725186361e-10
1.064000000000000000e+03 1.642624956986544869e-10
1.065000000000000000e+03 1.642230901017271010e-10
1.066000000000000000e+03 1.641152564545468870e-10
1.067000000000000000e+03 1.642488124155508931e-10
1.068000000000000000e+03 1.640212681382952680e-10
1.069000000000000000e+03 1.644125278009278086e-10
1.070000000000000000e+03 1.641193880727837061e-10
1.071000000000000000e+03 1.639889949946542052e-10
1.072000000000000000e+03 1.639893895410859515e-10
1.073000000000000000e+03 1.642194575189002139e-10
1.074000000000000000e+03 1.640535240944449073e-10
1.075000000000000000e+03 1.640675968505922702e-10
1.076000000000000000e+03 1.638734293838336282e-10
1.077000000000000000e+03 1.644305374718435066e-10
1.078000000000000000e+03 1.641836778876783715e-10
1.079000000000000000e+03 1.639720827384630137e-10
1.080000000000000000e+03 1.640054614350228092e-10
1.081000000000000000e+03 1.639217633983488615e-10
1.082000000000000000e+03 1.639044765501665072e-10
1.083000000000000000e+03 1.639415620044588282e-10
1.084000000000000000e+03 1.640051344141343389e-10
1.085000000000000000e+03 1.640242210316535587e-10
1.086000000000000000e+03 1.638383912491950693e-10
1.087000000000000000e+03 1.638960764147365014e-10
1.088000000000000000e+03 1.639436464104805492e-10
1.089000000000000000e+03 1.638266636167170789e-10
1.090000000000000000e+03 1.637777233728264187e-10
1.091000000000000000e+03 1.638148766843843440e-10
1.092000000000000000e+03 1.640069656423330266e-10
1.093000000000000000e+03 1.646894753648468173e-10
1.094000000000000000e+03 1.638761135517833442e-10
1.095000000000000000e+03 1.637073370207416089e-10
1.096000000000000000e+03 1.638548955979547737e-10
1.097000000000000000e+03 1.641972551309900577e-10
1.098000000000000000e+03 1.637345415395208423e-10
1.099000000000000000e+03 1.637029333728503113e-10
1.100000000000000000e+03 1.642476250512530612e-10
1.101000000000000000e+03 1.637329135403256023e-10
1.102000000000000000e+03 1.640663427614729036e-10
1.103000000000000000e+03 1.636715280533991795e-10
1.104000000000000000e+03 1.638877796705880650e-10
1.105000000000000000e+03 1.636659016915560997e-10
1.106000000000000000e+03 1.637338469108818781e-10
1.107000000000000000e+03 1.637687447879451022e-10
1.108000000000000000e+03 1.637546456698258276e-10
1.109000000000000000e+03 1.636962441051104260e-10
1.110000000000000000e+03 1.636376477080762545e-10
1.111000000000000000e+03 1.635499807508289806e-10
1.112000000000000000e+03 1.635832984170210083e-10
1.113000000000000000e+03 1.636635694407822070e-10
1.114000000000000000e+03 1.637797809250015227e-10
1.115000000000000000e+03 1.635640485593386635e-10
1.116000000000000000e+03 1.639048084834386076e-10
1.117000000000000000e+03 1.636954757637233415e-10
1.118000000000000000e+03 1.635526386992843544e-10
1.119000000000000000e+03 1.637333212782918477e-10
1.120000000000000000e+03 1.636082642779868893e-10
1.121000000000000000e+03 1.634237162784648885e-10
1.122000000000000000e+03 1.637411988321684873e-10
1.123000000000000000e+03 1.638040488828995016e-10
1.124000000000000000e+03 1.634981328986963591e-10
1.125000000000000000e+03 1.636151883251291176e-10
1.126000000000000000e+03 1.634184975154207321e-10
1.127000000000000000e+03 1.635071796334235249e-10
1.128000000000000000e+03 1.633960163815199970e-10
1.129000000000000000e+03 1.635232412347000116e-10
1.130000000000000000e+03 1.637307205257854286e-10
1.131000000000000000e+03 1.641916570481177657e-10
1.132000000000000000e+03 1.635096221874018917e-10
1.133000000000000000e+03 1.634948306101760655e-10
1.134000000000000000e+03 1.633112681615993853e-10
1.135000000000000000e+03 1.632824122265844415e-10
1.136000000000000000e+03 1.634646218924694827e-10
1.137000000000000000e+03 1.635158772657944170e-10
1.138000000000000000e+03 1.632712233915605063e-10
1.139000000000000000e+03 1.634637835978981309e-10
1.140000000000000000e+03 1.633776010725997944e-10
1.141000000000000000e+03 1.633115834509208563e-10
1.142000000000000000e+03 1.633238305833611513e-10
1.143000000000000000e+03 1.633129752572329509e-10
1.144000000000000000e+03 1.633578333125858422e-10
1.145000000000000000e+03 1.634708950395368665e-10
1.146000000000000000e+03 1.632553113311478266e-10
1.147000000000000000e+03 1.634573027620380748e-10
1.148000000000000000e+03 1.632868288202297784e-10
1.149000000000000000e+03 1.634401058029694843e-10
1.150000000000000000e+03 1.633953506296741452e-10
1.151000000000000000e+03 1.633991099497414261e-10
1.152000000000000000e+03 1.636231578886303929e-10
1.153000000000000000e+03 1.632292374687824661e-10
1.154000000000000000e+03 1.635904540603346745e-10
1.155000000000000000e+03 1.632129327252567718e-10
1.156000000000000000e+03 1.632234304887858923e-10
1.157000000000000000e+03 1.632587727669310796e-10
1.158000000000000000e+03 1.631873151567423914e-10
1.159000000000000000e+03 1.630772671177367264e-10
1.160000000000000000e+03 1.630790967265112996e-10
1.161000000000000000e+03 1.630547241161293160e-10
1.162000000000000000e+03 1.630584594607065908e-10
1.163000000000000000e+03 1.630720854275796305e-10
1.164000000000000000e+03 1.631260576556929934e-10
1.165000000000000000e+03 1.629947402357983739e-10
1.166000000000000000e+03 1.630604942722944074e-10
1.167000000000000000e+03 1.630033414732472076e-10
1.168000000000000000e+03 1.630824545006622605e-10
1.169000000000000000e+03 1.635730037771787259e-10
1.170000000000000000e+03 1.629493781108160487e-10
1.171000000000000000e+03 1.630448850230896182e-10
1.172000000000000000e+03 1.632067242278921816e-10
1.173000000000000000e+03 1.630435841299932049e-10
1.174000000000000000e+03 1.629310379771387357e-10
1.175000000000000000e+03 1.631374917896986526e-10
1.176000000000000000e+03 1.631046991260149072e-10
1.177000000000000000e+03 1.629024595452069737e-10
1.178000000000000000e+03 1.629916233419981448e-10
1.179000000000000000e+03 1.629518564785297250e-10
1.180000000000000000e+03 1.630465639471448154e-10
1.181000000000000000e+03 1.629465600177426832e-10
1.182000000000000000e+03 1.628871568019767090e-10
1.183000000000000000e+03 1.628300458841324776e-10
1.184000000000000000e+03 1.630147564523496828e-10
1.185000000000000000e+03 1.630944617612965160e-10
1.186000000000000000e+03 1.631418299900969434e-10
1.187000000000000000e+03 1.630689076173381079e-10
1.188000000000000000e+03 1.631975646645981390e-10
1.189000000000000000e+03 1.629055738253301900e-10
1.190000000000000000e+03 1.630258234406273806e-10
1.191000000000000000e+03 1.628600427854954970e-10
1.192000000000000000e+03 1.630082910968009050e-10
1.193000000000000000e+03 1.629616565011714640e-10
1.194000000000000000e+03 1.629566207644584398e-10
1.195000000000000000e+03 1.629086945118649127e-10
1.196000000000000000e+03 1.634227993796486137e-10
1.197000000000000000e+03 1.632835349051989326e-10
1.198000000000000000e+03 1.626252076434919135e-10
1.199000000000000000e+03 1.626829894656054014e-10
1.200000000000000000e+03 1.626652920211305244e-10
1.201000000000000000e+03 1.630091980186628007e-10
1.202000000000000000e+03 1.627289664072257209e-10
1.203000000000000000e+03 1.628078002033739352e-10
1.204000000000000000e+03 1.626925849126486888e-10
1.205000000000000000e+03 1.626645522241897545e-10
1.206000000000000000e+03 1.626171859675845954e-10
1.207000000000000000e+03 1.626368089696665953e-10
1.208000000000000000e+03 1.626412064296751483e-10
1.209000000000000000e+03 1.626596527957251729e-10
1.210000000000000000e+03 1.625989388474301041e-10
1.211000000000000000e+03 1.625571700944789799e-10
1.212000000000000000e+03 1.628600271578391308e-10
1.213000000000000000e+03 1.626373494660424571e-10
1.214000000000000000e+03 1.626425797595577599e-10
1.215000000000000000e+03 1.627492657685788106e-10
1.216000000000000000e+03 1.629696644363375861e-10
1.217000000000000000e+03 1.627755749764295310e-10
1.218000000000000000e+03 1.625779601433730774e-10
1.219000000000000000e+03 1.625250683736852293e-10
1.220000000000000000e+03 1.625225288126283958e-10
1.221000000000000000e+03 1.625769763706072438e-10
1.222000000000000000e+03 1.627652343004539953e-10
1.223000000000000000e+03 1.626418696835258937e-10
1.224000000000000000e+03 1.624995712720614602e-10
1.225000000000000000e+03 1.626785972613335089e-10
1.226000000000000000e+03 1.624684500232895861e-10
1.227000000000000000e+03 1.624283600526889089e-10
1.228000000000000000e+03 1.625556645392516913e-10
1.229000000000000000e+03 1.627011169900598833e-10
1.230000000000000000e+03 1.624968846075459285e-10
1.231000000000000000e+03 1.628186626201346973e-10
1.232000000000000000e+03 1.624938634927517104e-10
1.233000000000000000e+03 1.626631009524856442e-10
1.234000000000000000e+03 1.623477956248662068e-10
1.235000000000000000e+03 1.629584849577175222e-10
1.236000000000000000e+03 1.623784257843785407e-10
1.237000000000000000e+03 1.627220308028623332e-10
1.238000000000000000e+03 1.624410813532689426e-10
1.239000000000000000e+03 1.625280712412498214e-10
1.240000000000000000e+03 1.623474403931810811e-10
1.241000000000000000e+03 1.623624632793493382e-10
1.242000000000000000e+03 1.623235006020395942e-10
1.243000000000000000e+03 1.623561977929762716e-10
1.244000000000000000e+03 1.624914620106521507e-10
1.245000000000000000e+03 1.622653621830563850e-10
1.246000000000000000e+03 1.623527665003876548e-10
1.247000000000000000e+03 1.622736696555716715e-10
1.248000000000000000e+03 1.623390896731105875e-10
1.249000000000000000e+03 1.622611573477738515e-10
1.250000000000000000e+03 1.626144283602860298e-10
1.251000000000000000e+03 1.621893242790230731e-10
1.252000000000000000e+03 1.622928211262432026e-10
1.253000000000000000e+03 1.629350560573633445e-10
1.254000000000000000e+03 1.623512447140306875e-10
1.255000000000000000e+03 1.623297564470515308e-10
1.256000000000000000e+03 1.624082219152399715e-10
1.257000000000000000e+03 1.623517819273411221e-10
1.258000000000000000e+03 1.621968551406868721e-10
1.259000000000000000e+03 1.623371650270731466e-10
1.260000000000000000e+03 1.622179632257500778e-10
1.261000000000000000e+03 1.621999913576015727e-10
1.262000000000000000e+03 1.621886719057115627e-10
1.263000000000000000e+03 1.623012570413136582e-10
1.264000000000000000e+03 1.622887245783254476e-10
1.265000000000000000e+03 1.621305504970634357e-10
1.266000000000000000e+03 1.621898935493638813e-10
1.267000000000000000e+03 1.622997189600294668e-10
1.268000000000000000e+03 1.621405567526441491e-10
1.269000000000000000e+03 1.620689527448704595e-10
1.270000000000000000e+03 1.620808536219486164e-10
1.271000000000000000e+03 1.622513997012453839e-10
1.272000000000000000e+03 1.622261245810692580e-10
1.273000000000000000e+03 1.621396449486087844e-10
1.274000000000000000e+03 1.620286946327568928e-10
1.275000000000000000e+03 1.621766640233251645e-10
1.276000000000000000e+03 1.621971584311609864e-10
1.277000000000000000e+03 1.622353078105576027e-10
1.278000000000000000e+03 1.619920796407304246e-10
1.279000000000000000e+03 1.621371632734721845e-10
1.280000000000000000e+03 1.621434116761504929e-10
1.281000000000000000e+03 1.620100426430291956e-10
1.282000000000000000e+03 1.619899889314573987e-10
1.283000000000000000e+03 1.620226382594647518e-10
1.284000000000000000e+03 1.621101661790147852e-10
1.285000000000000000e+03 1.619659770623871331e-10
1.286000000000000000e+03 1.623646912652179075e-10
1.287000000000000000e+03 1.619901686386179106e-10
1.288000000000000000e+03 1.619833963919013090e-10
1.289000000000000000e+03 1.620081581391884420e-10
1.290000000000000000e+03 1.619485224462270601e-10
1.291000000000000000e+03 1.621897722802640510e-10
1.292000000000000000e+03 1.622131450730218510e-10
1.293000000000000000e+03 1.621187172084444034e-10
1.294000000000000000e+03 1.622302153530860702e-10
1.295000000000000000e+03 1.618994340933381564e-10
1.296000000000000000e+03 1.619163508395899450e-10
1.297000000000000000e+03 1.620112581516905074e-10
1.298000000000000000e+03 1.618805113027656868e-10
1.299000000000000000e+03 1.618152094753354973e-10
1.300000000000000000e+03 1.621404502992583938e-10
1.301000000000000000e+03 1.621321046995458811e-10
1.302000000000000000e+03 1.621937185312009381e-10
1.303000000000000000e+03 1.618771859200557130e-10
1.304000000000000000e+03 1.621227408305720110e-10
1.305000000000000000e+03 1.622336557697538457e-10
1.306000000000000000e+03 1.618766808687675674e-10
1.307000000000000000e+03 1.622135458171179595e-10
1.308000000000000000e+03 1.621146937328114130e-10
1.309000000000000000e+03 1.618063089339995853e-10
1.310000000000000000e+03 1.619096342909621457e-10
1.311000000000000000e+03 1.617725500788397855e-10
1.312000000000000000e+03 1.618415312322983644e-10
1.313000000000000000e+03 1.618854497094359752e-10
1.314000000000000000e+03 1.618077802734493598e-10
1.315000000000000000e+03 1.618521093836976385e-10
1.316000000000000000e+03 1.617668887615482133e-10
1.317000000000000000e+03 1.617380152962827053e-10
1.318000000000000000e+03 1.618237611214063160e-10
1.319000000000000000e+03 1.616880563433339553e-10
1.320000000000000000e+03 1.617434196566481702e-10
1.321000000000000000e+03 1.618030326225617120e-10
1.322000000000000000e+03 1.618297222311154841e-10
1.323000000000000000e+03 1.617475380942046767e-10
1.324000000000000000e+03 1.618807056822775434e-10
1.325000000000000000e+03 1.617141842764060608e-10
1.326000000000000000e+03 1.616914123486711300e-10
1.327000000000000000e+03 1.617015367077393795e-10
1.328000000000000000e+03 1.618887975725779804e-10
1.329000000000000000e+03 1.617065626148186590e-10
1.330000000000000000e+03 1.616682218859623381e-10
1.331000000000000000e+03 1.616833722967172716e-10
1.332000000000000000e+03 1.617259040092968970e-10
1.333000000000000000e+03 1.616057331730696138e-10
1.334000000000000000e+03 1.616524096539055256e-10
1.335000000000000000e+03 1.615854359487267282e-10
1.336000000000000000e+03 1.615838359223287910e-10
1.337000000000000000e+03 1.616120139724610224e-10
1.338000000000000000e+03 1.616556910791999987e-10
1.339000000000000000e+03 1.616379348501259112e-10
1.340000000000000000e+03 1.616335004111190713e-10
1.341000000000000000e+03 1.616202124517082360e-10
1.342000000000000000e+03 1.615844617302799800e-10
1.343000000000000000e+03 1.615584567967398453e-10
1.344000000000000000e+03 1.615169822921347867e-10
1.345000000000000000e+03 1.616571887191482842e-10
1.346000000000000000e+03 1.615874812778942940e-10
1.347000000000000000e+03 1.615641985690412366e-10
1.348000000000000000e+03 1.615740068013424789e-10
1.349000000000000000e+03 1.615442279075294307e-10
1.350000000000000000e+03 1.615371677645953179e-10
1.351000000000000000e+03 1.616869819085870965e-10
1.352000000000000000e+03 1.615657864122655778e-10
1.353000000000000000e+03 1.619480950553422985e-10
1.354000000000000000e+03 1.615754190970868586e-10
1.355000000000000000e+03 1.615690124416246099e-10
1.356000000000000000e+03 1.614936883982567421e-10
1.357000000000000000e+03 1.615391013480192952e-10
1.358000000000000000e+03 1.614979096485529104e-10
1.359000000000000000e+03 1.616493776128090806e-10
1.360000000000000000e+03 1.613827104404639987e-10
1.361000000000000000e+03 1.613977242940623565e-10
1.362000000000000000e+03 1.614029015019468383e-10
1.363000000000000000e+03 1.614358246748936182e-10
1.364000000000000000e+03 1.616098333534615123e-10
1.365000000000000000e+03 1.615595031143983159e-10
1.366000000000000000e+03 1.614762396837691315e-10
1.367000000000000000e+03 1.613102127523131443e-10
1.368000000000000000e+03 1.614344594257482333e-10
1.369000000000000000e+03 1.615444870791327284e-10
1.370000000000000000e+03 1.614338856324798146e-10
1.371000000000000000e+03 1.616487318361152260e-10
1.372000000000000000e+03 1.617129749890021376e-10
1.373000000000000000e+03 1.614302932712117526e-10
1.374000000000000000e+03 1.612502938208389226e-10
1.375000000000000000e+03 1.615799262829499711e-10
1.376000000000000000e+03 1.616594436126147266e-10
1.377000000000000000e+03 1.612504380451967542e-10
1.378000000000000000e+03 1.614460156443456529e-10
1.379000000000000000e+03 1.616034408175249962e-10
1.380000000000000000e+03 1.613201924493955423e-10
1.381000000000000000e+03 1.612840191003390095e-10
1.382000000000000000e+03 1.612018521157779429e-10
1.383000000000000000e+03 1.614239396812232258e-10
1.384000000000000000e+03 1.612526931952413618e-10
1.385000000000000000e+03 1.612066333651409353e-10
1.386000000000000000e+03 1.612382938227188978e-10
1.387000000000000000e+03 1.612737547932973154e-10
1.388000000000000000e+03 1.613879982122063028e-10
1.389000000000000000e+03 1.612176647090156218e-10
1.390000000000000000e+03 1.613485717104977136e-10
1.391000000000000000e+03 1.613089983535742556e-10
1.392000000000000000e+03 1.615318892654541316e-10
1.393000000000000000e+03 1.611990000409127546e-10
1.394000000000000000e+03 1.611835526016949917e-10
1.395000000000000000e+03 1.612035163404459917e-10
1.396000000000000000e+03 1.611464682169356480e-10
1.397000000000000000e+03 1.613652020475157523e-10
1.398000000000000000e+03 1.611571195573578252e-10
1.399000000000000000e+03 1.610907673821933927e-10
1.400000000000000000e+03 1.611576845780684727e-10
1.401000000000000000e+03 1.611491939076500350e-10
1.402000000000000000e+03 1.611217585745659885e-10
1.403000000000000000e+03 1.611654313442708681e-10
1.404000000000000000e+03 1.610688961319293641e-10
1.405000000000000000e+03 1.610978221322997206e-10
1.406000000000000000e+03 1.610669696963158002e-10
1.407000000000000000e+03 1.612062950162456642e-10
1.408000000000000000e+03 1.611354714553067581e-10
1.409000000000000000e+03 1.611115625140468261e-10
1.410000000000000000e+03 1.611319744937938733e-10
1.411000000000000000e+03 1.612956837782643020e-10
1.412000000000000000e+03 1.611369645523257664e-10
1.413000000000000000e+03 1.610868131984209818e-10
1.414000000000000000e+03 1.610851780102976794e-10
1.415000000000000000e+03 1.610753778321363692e-10
1.416000000000000000e+03 1.610126954551888896e-10
1.417000000000000000e+03 1.612444451659114969e-10
1.418000000000000000e+03 1.612523530040820266e-10
1.419000000000000000e+03 1.610739907543299197e-10
1.420000000000000000e+03 1.611511579256551425e-10
1.421000000000000000e+03 1.615530277513871870e-10
1.422000000000000000e+03 1.610371126151656724e-10
1.423000000000000000e+03 1.610736720736137683e-10
1.424000000000000000e+03 1.610637926701396000e-10
1.425000000000000000e+03 1.609694418714891056e-10
1.426000000000000000e+03 1.609932358601203060e-10
1.427000000000000000e+03 1.610343927751268999e-10
1.428000000000000000e+03 1.609859566034128212e-10
1.429000000000000000e+03 1.610189927635959269e-10
1.430000000000000000e+03 1.609790344504807982e-10
1.431000000000000000e+03 1.609126019271784370e-10
1.432000000000000000e+03 1.609217179224624626e-10
1.433000000000000000e+03 1.609939619996255755e-10
1.434000000000000000e+03 1.608946145838662244e-10
1.435000000000000000e+03 1.610143855372970406e-10
1.436000000000000000e+03 1.609496204594263075e-10
1.437000000000000000e+03 1.608830247460951008e-10
1.438000000000000000e+03 1.614424731532710225e-10
1.439000000000000000e+03 1.609125851533851376e-10
1.440000000000000000e+03 1.610638423055960794e-10
1.441000000000000000e+03 1.609464129770261324e-10
1.442000000000000000e+03 1.609796550099087552e-10
1.443000000000000000e+03 1.609393240124750335e-10
1.444000000000000000e+03 1.610719793710233636e-10
1.445000000000000000e+03 1.608402497354747093e-10
1.446000000000000000e+03 1.609155540577598290e-10
1.447000000000000000e+03 1.608911413960851022e-10
1.448000000000000000e+03 1.607545798725019426e-10
1.449000000000000000e+03 1.608303819659279422e-10
1.450000000000000000e+03 1.608493669966342493e-10
1.451000000000000000e+03 1.607536640080217223e-10
1.452000000000000000e+03 1.608406132040312023e-10
1.453000000000000000e+03 1.610084048789368426e-10
1.454000000000000000e+03 1.609654480919308340e-10
1.455000000000000000e+03 1.608630904313627092e-10
1.456000000000000000e+03 1.607637452112814248e-10
1.457000000000000000e+03 1.607676965695180577e-10
1.458000000000000000e+03 1.607857593906183204e-10
1.459000000000000000e+03 1.607544408928920131e-10
1.460000000000000000e+03 1.608434930216226860e-10
1.461000000000000000e+03 1.607946934902859331e-10
1.462000000000000000e+03 1.606700296443782563e-10
1.463000000000000000e+03 1.606985812126727623e-10
1.464000000000000000e+03 1.607250368403882321e-10
1.465000000000000000e+03 1.606942957024892558e-10
1.466000000000000000e+03 1.607618204086327411e-10
1.467000000000000000e+03 1.608286128523878064e-10
1.468000000000000000e+03 1.606941869215544653e-10
1.469000000000000000e+03 1.607483984216560733e-10
1.470000000000000000e+03 1.607725594481019503e-10
1.471000000000000000e+03 1.607769751550450067e-10
1.472000000000000000e+03 1.608746216436221595e-10
1.473000000000000000e+03 1.608351172479764717e-10
1.474000000000000000e+03 1.607471590802919232e-10
1.475000000000000000e+03 1.606865405912749146e-10
1.476000000000000000e+03 1.606399896206676967e-10
1.477000000000000000e+03 1.606807962943137072e-10
1.478000000000000000e+03 1.606421106304538408e-10
1.479000000000000000e+03 1.606264995286096869e-10
1.480000000000000000e+03 1.606199484438919024e-10
1.481000000000000000e+03 1.605993152174954503e-10
1.482000000000000000e+03 1.606166553846719411e-10
1.483000000000000000e+03 1.606366369088041044e-10
1.484000000000000000e+03 1.605523210757159705e-10
1.485000000000000000e+03 1.607455229699434566e-10
1.486000000000000000e+03 1.605754158621483796e-10
1.487000000000000000e+03 1.606540876059021178e-10
1.488000000000000000e+03 1.606305661911461843e-10
1.489000000000000000e+03 1.606143795997019919e-10
1.490000000000000000e+03 1.606981081269710784e-10
1.491000000000000000e+03 1.607105603670513610e-10
1.492000000000000000e+03 1.605499189439171698e-10
1.493000000000000000e+03 1.609462293374271198e-10
1.494000000000000000e+03 1.606431221249931231e-10
1.495000000000000000e+03 1.605369043921202827e-10
1.496000000000000000e+03 1.606491843627057511e-10
1.497000000000000000e+03 1.606977823426625905e-10
1.498000000000000000e+03 1.606438284115241773e-10
1.499000000000000000e+03 1.607314673168633700e-10
1.500000000000000000e+03 1.605443492208145903e-10
1.501000000000000000e+03 1.605169940982563535e-10
1.502000000000000000e+03 1.604986583544399672e-10
1.503000000000000000e+03 1.605532355907429160e-10
1.504000000000000000e+03 1.606498267175584490e-10
1.505000000000000000e+03 1.605813649963457317e-10
1.506000000000000000e+03 1.604629058209417038e-10
1.507000000000000000e+03 1.604493845125136942e-10
1.508000000000000000e+03 1.604872577556753395e-10
1.509000000000000000e+03 1.605217994554175372e-10
1.510000000000000000e+03 1.604970506757812327e-10
1.511000000000000000e+03 1.604773168955303652e-10
1.512000000000000000e+03 1.606830378488646319e-10
1.513000000000000000e+03 1.604144974617490166e-10
1.514000000000000000e+03 1.603729573344962060e-10
1.515000000000000000e+03 1.606356981031882598e-10
1.516000000000000000e+03 1.604407594740626335e-10
1.517000000000000000e+03 1.605133023101715621e-10
1.518000000000000000e+03 1.606168683452491724e-10
1.519000000000000000e+03 1.603880363809724084e-10
1.520000000000000000e+03 1.604951116554254151e-10
1.521000000000000000e+03 1.604555454725798786e-10
1.522000000000000000e+03 1.604836943598506803e-10
1.523000000000000000e+03 1.603726982091934126e-10
1.524000000000000000e+03 1.604434428538599277e-10
1.525000000000000000e+03 1.604168706053948687e-10
1.526000000000000000e+03 1.603827986701241326e-10
1.527000000000000000e+03 1.604624677746541170e-10
1.528000000000000000e+03 1.603464500627095445e-10
1.529000000000000000e+03 1.604221194216360745e-10
1.530000000000000000e+03 1.604631486805248138e-10
1.531000000000000000e+03 1.603553152843386238e-10
1.532000000000000000e+03 1.603136196678129603e-10
1.533000000000000000e+03 1.603760801480808184e-10
1.534000000000000000e+03 1.603102466280753051e-10
1.535000000000000000e+03 1.603132233758340021e-10
1.536000000000000000e+03 1.604135222419670497e-10
1.537000000000000000e+03 1.603227386567342950e-10
1.538000000000000000e+03 1.603113826561286282e-10
1.539000000000000000e+03 1.604788517226629691e-10
1.540000000000000000e+03 1.604545059789761473e-10
1.541000000000000000e+03 1.605166389883512391e-10
1.542000000000000000e+03 1.602274225278856225e-10
1.543000000000000000e+03 1.602964286535031711e-10
1.544000000000000000e+03 1.604283025400357948e-10
1.545000000000000000e+03 1.602729684510169852e-10
1.546000000000000000e+03 1.602732630963141278e-10
1.547000000000000000e+03 1.603072474010405101e-10
1.548000000000000000e+03 1.602833940414855076e-10
1.549000000000000000e+03 1.602783697299081759e-10
1.550000000000000000e+03 1.603216885703271905e-10
1.551000000000000000e+03 1.602768683685768073e-10
1.552000000000000000e+03 1.603256607978422022e-10
1.553000000000000000e+03 1.601744034106211316e-10
1.554000000000000000e+03 1.603858837087394993e-10
1.555000000000000000e+03 1.602888432304614698e-10
1.556000000000000000e+03 1.602257408934602898e-10
1.557000000000000000e+03 1.602515621633383660e-10
1.558000000000000000e+03 1.604000563852630570e-10
1.559000000000000000e+03 1.603253953320739460e-10
1.560000000000000000e+03 1.601613675634289690e-10
1.561000000000000000e+03 1.603118469349437183e-10
1.562000000000000000e+03 1.601345422296150939e-10
1.563000000000000000e+03 1.602568199986644366e-10
1.564000000000000000e+03 1.603784922999471946e-10
1.565000000000000000e+03 1.601765632525940462e-10
1.566000000000000000e+03 1.603090063355086132e-10
1.567000000000000000e+03 1.601559223820992083e-10
1.568000000000000000e+03 1.602241669732267212e-10
1.569000000000000000e+03 1.601413559233421319e-10
1.570000000000000000e+03 1.601633442674693267e-10
1.571000000000000000e+03 1.601275389249300005e-10
1.572000000000000000e+03 1.601480793442655853e-10
1.573000000000000000e+03 1.600659801833496255e-10
1.574000000000000000e+03 1.601631783774322822e-10
1.575000000000000000e+03 1.601568319388509570e-10
1.576000000000000000e+03 1.601996531340988503e-10
1.577000000000000000e+03 1.602176112716729845e-10
1.578000000000000000e+03 1.603056973440351484e-10
1.579000000000000000e+03 1.601069439363829578e-10
1.580000000000000000e+03 1.602233074484431410e-10
1.581000000000000000e+03 1.601475758927930311e-10
1.582000000000000000e+03 1.600860864204153111e-10
1.583000000000000000e+03 1.600745849056812993e-10
1.584000000000000000e+03 1.600317303346800085e-10
1.585000000000000000e+03 1.600697818814132286e-10
1.586000000000000000e+03 1.602270205095561667e-10
1.587000000000000000e+03 1.601666746180226507e-10
1.588000000000000000e+03 1.600537937643951658e-10
1.589000000000000000e+03 1.602591433255509927e-10
1.590000000000000000e+03 1.600847076905770992e-10
1.591000000000000000e+03 1.600952608451845853e-10
1.592000000000000000e+03 1.599883223482007052e-10
1.593000000000000000e+03 1.601614399658000336e-10
1.594000000000000000e+03 1.599994322671092586e-10
1.595000000000000000e+03 1.599783335459559679e-10
1.596000000000000000e+03 1.600115522061822279e-10
1.597000000000000000e+03 1.602120023886069838e-10
1.598000000000000000e+03 1.601654665383935668e-10
1.599000000000000000e+03 1.599845932822448122e-10
1.600000000000000000e+03 1.599772005354758467e-10
1.601000000000000000e+03 1.599746131610077707e-10
1.602000000000000000e+03 1.599878914030485733e-10
1.603000000000000000e+03 1.600916229163205478e-10
1.604000000000000000e+03 1.600008379347889279e-10
1.605000000000000000e+03 1.599756974811968801e-10
1.606000000000000000e+03 1.600192591551480110e-10
1.607000000000000000e+03 1.600722312238362351e-10
1.608000000000000000e+03 1.600145184913889006e-10
1.609000000000000000e+03 1.599895868900405634e-10
1.610000000000000000e+03 1.599084799726112179e-10
1.611000000000000000e+03 1.599724489870857748e-10
1.612000000000000000e+03 1.601048923978294152e-10
1.613000000000000000e+03 1.598643748831909077e-10
1.614000000000000000e+03 1.602735601519180715e-10
1.615000000000000000e+03 1.599363313152198689e-10
1.616000000000000000e+03 1.598937889522932496e-10
1.617000000000000000e+03 1.599352974150042277e-10
1.618000000000000000e+03 1.599548624178350381e-10
1.619000000000000000e+03 1.600745739834709281e-10
1.620000000000000000e+03 1.599290682686328902e-10
1.621000000000000000e+03 1.598673648709700450e-10
1.622000000000000000e+03 1.598949667410347283e-10
1.623000000000000000e+03 1.601584749771281179e-10
1.624000000000000000e+03 1.598945011075674557e-10
1.625000000000000000e+03 1.598893324750403701e-10
1.626000000000000000e+03 1.601372575460478126e-10
1.627000000000000000e+03 1.599215951379150725e-10
1.628000000000000000e+03 1.598329833556206637e-10
1.629000000000000000e+03 1.598053952616369688e-10
1.630000000000000000e+03 1.597935060598879727e-10
1.631000000000000000e+03 1.598145646973134759e-10
1.632000000000000000e+03 1.598707871524759939e-10
1.633000000000000000e+03 1.598654094777015525e-10
1.634000000000000000e+03 1.598201678443062981e-10
1.635000000000000000e+03 1.599697909648504140e-10
1.636000000000000000e+03 1.598622707529528457e-10
1.637000000000000000e+03 1.597944216575396315e-10
1.638000000000000000e+03 1.598467949578696369e-10
1.639000000000000000e+03 1.597884232595740058e-10
1.640000000000000000e+03 1.597859628529899726e-10
1.641000000000000000e+03 1.598403195627422385e-10
1.642000000000000000e+03 1.597567772708549860e-10
1.643000000000000000e+03 1.598698500868295272e-10
1.644000000000000000e+03 1.598316189760536541e-10
1.645000000000000000e+03 1.597342552848574359e-10
1.646000000000000000e+03 1.597748050502124313e-10
1.647000000000000000e+03 1.597964324049811545e-10
1.648000000000000000e+03 1.597279367668597312e-10
1.649000000000000000e+03 1.598260440277561453e-10
1.650000000000000000e+03 1.597548896010349542e-10
1.651000000000000000e+03 1.597761822293573277e-10
1.652000000000000000e+03 1.598003727981051768e-10
1.653000000000000000e+03 1.599160161087084924e-10
1.654000000000000000e+03 1.598543185128691380e-10
1.655000000000000000e+03 1.597044880701771060e-10
1.656000000000000000e+03 1.597459943392369977e-10
1.657000000000000000e+03 1.597657741153430836e-10
1.658000000000000000e+03 1.598086529929519879e-10
1.659000000000000000e+03 1.596700319820125136e-10
1.660000000000000000e+03 1.597267812247619525e-10
1.661000000000000000e+03 1.596853841607540647e-10
1.662000000000000000e+03 1.598029802115924337e-10
1.663000000000000000e+03 1.597174179572571619e-10
1.664000000000000000e+03 1.597593882811664789e-10
1.665000000000000000e+03 1.597070177579919825e-10
1.666000000000000000e+03 1.597910248906065937e-10
1.667000000000000000e+03 1.597175494457629719e-10
1.668000000000000000e+03 1.598966575975651628e-10
1.669000000000000000e+03 1.597289153675432048e-10
1.670000000000000000e+03 1.597246405636370520e-10
1.671000000000000000e+03 1.596557240744000183e-10
1.672000000000000000e+03 1.596313284499285184e-10
1.673000000000000000e+03 1.596255789262528509e-10
1.674000000000000000e+03 1.599323311477346048e-10
1.675000000000000000e+03 1.596738557980050851e-10
1.676000000000000000e+03 1.596418065399818750e-10
1.677000000000000000e+03 1.596791755137089455e-10
1.678000000000000000e+03 1.597624648600681247e-10
1.679000000000000000e+03 1.596773100287606009e-10
1.680000000000000000e+03 1.596287669326347870e-10
1.681000000000000000e+03 1.596174122507275096e-10
1.682000000000000000e+03 1.596101236549099153e-10
1.683000000000000000e+03 1.596210376661409143e-10
1.684000000000000000e+03 1.595727625381272099e-10
1.685000000000000000e+03 1.596882299661150301e-10
1.686000000000000000e+03 1.596005252783463370e-10
1.687000000000000000e+03 1.596201759665121990e-10
1.688000000000000000e+03 1.596099888352570471e-10
1.689000000000000000e+03 1.596377299487274413e-10
1.690000000000000000e+03 1.596653939501939496e-10
1.691000000000000000e+03 1.595640267892330819e-10
1.692000000000000000e+03 1.596030843024935329e-10
1.693000000000000000e+03 1.597082332153570586e-10
1.694000000000000000e+03 1.596052126791727790e-10
1.695000000000000000e+03 1.596036408271506574e-10
1.696000000000000000e+03 1.595274043840739862e-10
1.697000000000000000e+03 1.595956698586195998e-10
1.698000000000000000e+03 1.595948430703395868e-10
1.699000000000000000e+03 1.596102728237453126e-10
1.700000000000000000e+03 1.595071089032381749e-10
1.701000000000000000e+03 1.597016734197491875e-10
1.702000000000000000e+03 1.596468985835740274e-10
1.703000000000000000e+03 1.595770525749861015e-10
1.704000000000000000e+03 1.596303796373389280e-10
1.705000000000000000e+03 1.595602616622336170e-10
1.706000000000000000e+03 1.595438326471918380e-10
1.707000000000000000e+03 1.595000121424258955e-10
1.708000000000000000e+03 1.595595352641636563e-10
1.709000000000000000e+03 1.594841963003845069e-10
1.710000000000000000e+03 1.594798267097324858e-10
1.711000000000000000e+03 1.595809583850551377e-10
1.712000000000000000e+03 1.595389642442383064e-10
1.713000000000000000e+03 1.595192720822612268e-10
1.714000000000000000e+03 1.595977190968301810e-10
1.715000000000000000e+03 1.595702803037651273e-10
1.716000000000000000e+03 1.594715035938116244e-10
1.717000000000000000e+03 1.597084453631151096e-10
1.718000000000000000e+03 1.594498163987184258e-10
1.719000000000000000e+03 1.596548937726772811e-10
1.720000000000000000e+03 1.594596463636129587e-10
1.721000000000000000e+03 1.594791872492624545e-10
1.722000000000000000e+03 1.594007571190092965e-10
1.723000000000000000e+03 1.594279772269336674e-10
1.724000000000000000e+03 1.594418598254800467e-10
1.725000000000000000e+03 1.595007060701061149e-10
1.726000000000000000e+03 1.595025044571853253e-10
1.727000000000000000e+03 1.594551195500588136e-10
1.728000000000000000e+03 1.594704197385205858e-10
1.729000000000000000e+03 1.594226079438470092e-10
1.730000000000000000e+03 1.595380623107283340e-10
1.731000000000000000e+03 1.593634090593218292e-10
1.732000000000000000e+03 1.594193490751986885e-10
1.733000000000000000e+03 1.594115035857060580e-10
1.734000000000000000e+03 1.594416882033405749e-10
1.735000000000000000e+03 1.594238886546718365e-10
1.736000000000000000e+03 1.594149713389908957e-10
1.737000000000000000e+03 1.593907719995087950e-10
1.738000000000000000e+03 1.594046745220439826e-10
1.739000000000000000e+03 1.593641890765418275e-10
1.740000000000000000e+03 1.593484418296759282e-10
1.741000000000000000e+03 1.594088655691013530e-10
1.742000000000000000e+03 1.593317830700266897e-10
1.743000000000000000e+03 1.593749394667831403e-10
1.744000000000000000e+03 1.593671089724179142e-10
1.745000000000000000e+03 1.593231610150155589e-10
1.746000000000000000e+03 1.593262916009752449e-10
1.747000000000000000e+03 1.594788060965138801e-10
1.748000000000000000e+03 1.593578134770211818e-10
1.749000000000000000e+03 1.593783775285716264e-10
1.750000000000000000e+03 1.594019349601618952e-10
1.751000000000000000e+03 1.592994757096708137e-10
1.752000000000000000e+03 1.593150282420566457e-10
1.753000000000000000e+03 1.593508059969278360e-10
1.754000000000000000e+03 1.593001737901462355e-10
1.755000000000000000e+03 1.593247645025682208e-10
1.756000000000000000e+03 1.593184269204895662e-10
1.757000000000000000e+03 1.593041450130821621e-10
1.758000000000000000e+03 1.593750061050380268e-10
1.759000000000000000e+03 1.593130977694887598e-10
1.760000000000000000e+03 1.592413305355077229e-10
1.761000000000000000e+03 1.593245138325862764e-10
1.762000000000000000e+03 1.592820184508222032e-10
1.763000000000000000e+03 1.592505709500490373e-10
1.764000000000000000e+03 1.592640774581871762e-10
1.765000000000000000e+03 1.592341692798762744e-10
1.766000000000000000e+03 1.593080484712559631e-10
1.767000000000000000e+03 1.592905839806888235e-10
1.768000000000000000e+03 1.594079996844098175e-10
1.769000000000000000e+03 1.594897748557079736e-10
1.770000000000000000e+03 1.592187683980091253e-10
1.771000000000000000e+03 1.593326991486634536e-10
1.772000000000000000e+03 1.592987681047558280e-10
1.773000000000000000e+03 1.596161256566505756e-10
1.774000000000000000e+03 1.592203825777732967e-10
1.775000000000000000e+03 1.593854636598319740e-10
1.776000000000000000e+03 1.592975998268396836e-10
1.777000000000000000e+03 1.591965702193069329e-10
1.778000000000000000e+03 1.592965073959874004e-10
1.779000000000000000e+03 1.591896133868706127e-10
1.780000000000000000e+03 1.593384483716009623e-10
1.781000000000000000e+03 1.593168610146248533e-10
1.782000000000000000e+03 1.592770198668818792e-10
1.783000000000000000e+03 1.591786069926107603e-10
1.784000000000000000e+03 1.592184720316312482e-10
1.785000000000000000e+03 1.591919663869133494e-10
1.786000000000000000e+03 1.592076423402579091e-10
1.787000000000000000e+03 1.592041107949948189e-10
1.788000000000000000e+03 1.592647809137843493e-10
1.789000000000000000e+03 1.591705065183388750e-10
1.790000000000000000e+03 1.591458425158522978e-10
1.791000000000000000e+03 1.591772122808074547e-10
1.792000000000000000e+03 1.591854840248173303e-10
1.793000000000000000e+03 1.591482109348540683e-10
1.794000000000000000e+03 1.591660018261150907e-10
1.795000000000000000e+03 1.591685189952870959e-10
1.796000000000000000e+03 1.591802798906699034e-10
1.797000000000000000e+03 1.591358909324728188e-10
1.798000000000000000e+03 1.591117210192674520e-10
1.799000000000000000e+03 1.591440187901976633e-10
1.800000000000000000e+03 1.591697366603148449e-10
1.801000000000000000e+03 1.591042388816464515e-10
1.802000000000000000e+03 1.591004899995105259e-10
1.803000000000000000e+03 1.591397818475080095e-10
1.804000000000000000e+03 1.591354815655684342e-10
1.805000000000000000e+03 1.590911543529968681e-10
1.806000000000000000e+03 1.591535892952121641e-10
1.807000000000000000e+03 1.591355174058344245e-10
1.808000000000000000e+03 1.591278887977370601e-10
1.809000000000000000e+03 1.591902759467849115e-10
1.810000000000000000e+03 1.591503047040296354e-10
1.811000000000000000e+03 1.592203542612808208e-10
1.812000000000000000e+03 1.591580928616865616e-10
1.813000000000000000e+03 1.592319299261715115e-10
1.814000000000000000e+03 1.590573684464227047e-10
1.815000000000000000e+03 1.593044921222865724e-10
1.816000000000000000e+03 1.592118777951804874e-10
1.817000000000000000e+03 1.591755435781346302e-10
1.818000000000000000e+03 1.591627750551448247e-10
1.819000000000000000e+03 1.591331698430668598e-10
1.820000000000000000e+03 1.590763522302479425e-10
1.821000000000000000e+03 1.590416687470490231e-10
1.822000000000000000e+03 1.590577664939125237e-10
1.823000000000000000e+03 1.590360095027820551e-10
1.824000000000000000e+03 1.590513523824441010e-10
1.825000000000000000e+03 1.590275734109420944e-10
1.826000000000000000e+03 1.591825431458186692e-10
1.827000000000000000e+03 1.591250095208770843e-10
1.828000000000000000e+03 1.590754274018049842e-10
1.829000000000000000e+03 1.592298787745071435e-10
1.830000000000000000e+03 1.590418629761387574e-10
1.831000000000000000e+03 1.590227761308651787e-10
1.832000000000000000e+03 1.590352281317860395e-10
1.833000000000000000e+03 1.590664273906739511e-10
1.834000000000000000e+03 1.591314736429186489e-10
1.835000000000000000e+03 1.590141174489466363e-10
1.836000000000000000e+03 1.590269493803982452e-10
1.837000000000000000e+03 1.590196460439127437e-10
1.838000000000000000e+03 1.590140035410003085e-10
1.839000000000000000e+03 1.590429826963952443e-10
1.840000000000000000e+03 1.589731928752008016e-10
1.841000000000000000e+03 1.590576204200527717e-10
1.842000000000000000e+03 1.591093868864239098e-10
1.843000000000000000e+03 1.589917904731656354e-10
1.844000000000000000e+03 1.589851376623204557e-10
1.845000000000000000e+03 1.590391443420686495e-10
1.846000000000000000e+03 1.589796511211097773e-10
1.847000000000000000e+03 1.590020777058930811e-10
1.848000000000000000e+03 1.590344771856661284e-10
1.849000000000000000e+03 1.589738970619422720e-10
1.850000000000000000e+03 1.590943820157987616e-10
1.851000000000000000e+03 1.590018945359587159e-10
1.852000000000000000e+03 1.589825885280375403e-10
1.853000000000000000e+03 1.589594381700800549e-10
1.854000000000000000e+03 1.589930389764926271e-10
1.855000000000000000e+03 1.589723099977376323e-10
1.856000000000000000e+03 1.589651950552815078e-10
1.857000000000000000e+03 1.589302673945533840e-10
1.858000000000000000e+03 1.589976673447474478e-10
1.859000000000000000e+03 1.589522929224065068e-10
1.860000000000000000e+03 1.589247475761018146e-10
1.861000000000000000e+03 1.589405393425192359e-10
1.862000000000000000e+03 1.589789444034916599e-10
1.863000000000000000e+03 1.589191285477326801e-10
1.864000000000000000e+03 1.589519584261868037e-10
1.865000000000000000e+03 1.589085570508262010e-10
1.866000000000000000e+03 1.589501099301840208e-10
1.867000000000000000e+03 1.589774937600848365e-10
1.868000000000000000e+03 1.589269328784642341e-10
1.869000000000000000e+03 1.589257737953430223e-10
1.870000000000000000e+03 1.588782481814640086e-10
1.871000000000000000e+03 1.588870444908138265e-10
1.872000000000000000e+03 1.589024232026590674e-10
1.873000000000000000e+03 1.589074854517810924e-10
1.874000000000000000e+03 1.588922095538719526e-10
1.875000000000000000e+03 1.588717584005384399e-10
1.876000000000000000e+03 1.589126334575621534e-10
1.877000000000000000e+03 1.589341933796487830e-10
1.878000000000000000e+03 1.588811696300777102e-10
1.879000000000000000e+03 1.588690537060834703e-10
1.880000000000000000e+03 1.588708914158587396e-10
1.881000000000000000e+03 1.588768743793406507e-10
1.882000000000000000e+03 1.588796992534300312e-10
1.883000000000000000e+03 1.589890367336007629e-10
1.884000000000000000e+03 1.588758998179625274e-10
1.885000000000000000e+03 1.588678441066789366e-10
1.886000000000000000e+03 1.588152841703053394e-10
1.887000000000000000e+03 1.588787982705894828e-10
1.888000000000000000e+03 1.588233650083518596e-10
1.889000000000000000e+03 1.589487096982348670e-10
1.890000000000000000e+03 1.588721994291176489e-10
1.891000000000000000e+03 1.588522616600774942e-10
1.892000000000000000e+03 1.588539817717180913e-10
1.893000000000000000e+03 1.589300025257487097e-10
1.894000000000000000e+03 1.588684779284143197e-10
1.895000000000000000e+03 1.588073142967222801e-10
1.896000000000000000e+03 1.587958992174642076e-10
1.897000000000000000e+03 1.587877304062186245e-10
1.898000000000000000e+03 1.588428350737360487e-10
1.899000000000000000e+03 1.588004663545512282e-10
1.900000000000000000e+03 1.588467652584894562e-10
1.901000000000000000e+03 1.588539505670095803e-10
1.902000000000000000e+03 1.588318177645564142e-10
1.903000000000000000e+03 1.587939882886299439e-10
1.904000000000000000e+03 1.587776190778237325e-10
1.905000000000000000e+03 1.587614507777726491e-10
1.906000000000000000e+03 1.588430154522516487e-10
1.907000000000000000e+03 1.587978380038318523e-10
1.908000000000000000e+03 1.588389723812480795e-10
1.909000000000000000e+03 1.588975626190519054e-10
1.910000000000000000e+03 1.587855503442082109e-10
1.911000000000000000e+03 1.587631801326423178e-10
1.912000000000000000e+03 1.589384356661536509e-10
1.913000000000000000e+03 1.587837531325710816e-10
1.914000000000000000e+03 1.587473100010924528e-10
1.915000000000000000e+03 1.587623054582547076e-10
1.916000000000000000e+03 1.587768916600661294e-10
1.917000000000000000e+03 1.588575866124500286e-10
1.918000000000000000e+03 1.587965221424953853e-10
1.919000000000000000e+03 1.587948292721871580e-10
1.920000000000000000e+03 1.587554749262989909e-10
1.921000000000000000e+03 1.587332028555286133e-10
1.922000000000000000e+03 1.589353603933644020e-10
1.923000000000000000e+03 1.588291285426521144e-10
1.924000000000000000e+03 1.587964569887426668e-10
1.925000000000000000e+03 1.587646584087757437e-10
1.926000000000000000e+03 1.587142055717483554e-10
1.927000000000000000e+03 1.587355571563123204e-10
1.928000000000000000e+03 1.587634172562761970e-10
1.929000000000000000e+03 1.587644918950056657e-10
1.930000000000000000e+03 1.587049115041079084e-10
1.931000000000000000e+03 1.587368739388317299e-10
1.932000000000000000e+03 1.587078289359288848e-10
1.933000000000000000e+03 1.587086839839458494e-10
1.934000000000000000e+03 1.587009527041632026e-10
1.935000000000000000e+03 1.586920333476623062e-10
1.936000000000000000e+03 1.587540151607223228e-10
1.937000000000000000e+03 1.587139526270926476e-10
1.938000000000000000e+03 1.586955002757701179e-10
1.939000000000000000e+03 1.587551064511528446e-10
1.940000000000000000e+03 1.587388822903634011e-10
1.941000000000000000e+03 1.586918283230442136e-10
1.942000000000000000e+03 1.587078282023837217e-10
1.943000000000000000e+03 1.586833896940405937e-10
1.944000000000000000e+03 1.586411133314973840e-10
1.945000000000000000e+03 1.586980508250440348e-10
1.946000000000000000e+03 1.586856790808773681e-10
1.947000000000000000e+03 1.586490337350481182e-10
1.948000000000000000e+03 1.586494560074641019e-10
1.949000000000000000e+03 1.586506368795078205e-10
1.950000000000000000e+03 1.586678801079566575e-10
1.951000000000000000e+03 1.586877545334095176e-10
1.952000000000000000e+03 1.586247456304232280e-10
1.953000000000000000e+03 1.587272359833029052e-10
1.954000000000000000e+03 1.586593906590689434e-10
1.955000000000000000e+03 1.586380061419854296e-10
1.956000000000000000e+03 1.586120909585759395e-10
1.957000000000000000e+03 1.586407511676354228e-10
1.958000000000000000e+03 1.586102489748568279e-10
1.959000000000000000e+03 1.586485774307355781e-10
1.960000000000000000e+03 1.587131543973641621e-10
1.961000000000000000e+03 1.586694159243680384e-10
1.962000000000000000e+03 1.586256737636200566e-10
1.963000000000000000e+03 1.586046347063648094e-10
1.964000000000000000e+03 1.586228448585548794e-10
1.965000000000000000e+03 1.586263340444460842e-10
1.966000000000000000e+03 1.586028283107114021e-10
1.967000000000000000e+03 1.586030581555138275e-10
1.968000000000000000e+03 1.586882876167706511e-10
1.969000000000000000e+03 1.586293453600201276e-10
1.970000000000000000e+03 1.585851699225828309e-10
1.971000000000000000e+03 1.586147776077644090e-10
1.972000000000000000e+03 1.585853760534301919e-10
1.973000000000000000e+03 1.585827118443946073e-10
1.974000000000000000e+03 1.585891208589940834e-10
1.975000000000000000e+03 1.585615262326044630e-10
1.976000000000000000e+03 1.586990533332601811e-10
1.977000000000000000e+03 1.585941482107342474e-10
1.978000000000000000e+03 1.585900761020096810e-10
1.979000000000000000e+03 1.586037837650194305e-10
1.980000000000000000e+03 1.586057131777292761e-10
1.981000000000000000e+03 1.585886374556710780e-10
1.982000000000000000e+03 1.586861183784802811e-10
1.983000000000000000e+03 1.585828356065082364e-10
1.984000000000000000e+03 1.586339379704997515e-10
1.985000000000000000e+03 1.585516407079785107e-10
1.986000000000000000e+03 1.585958713655417640e-10
1.987000000000000000e+03 1.585457656645938324e-10
1.988000000000000000e+03 1.585450098031632609e-10
1.989000000000000000e+03 1.585451363454345477e-10
1.990000000000000000e+03 1.585243564302462791e-10
1.991000000000000000e+03 1.586422120782062223e-10
1.992000000000000000e+03 1.586311018315592235e-10
1.993000000000000000e+03 1.585057199648207986e-10
1.994000000000000000e+03 1.585263193753444171e-10
1.995000000000000000e+03 1.585712839038832602e-10
1.996000000000000000e+03 1.585660159697636299e-10
1.997000000000000000e+03 1.585408142222357919e-10
1.998000000000000000e+03 1.585268565788426285e-10
1.999000000000000000e+03 1.585409789004151887e-10
2.000000000000000000e+03 1.585359985633492424e-10
2.001000000000000000e+03 1.585123339943783453e-10
2.002000000000000000e+03 1.586147831619741492e-10
2.003000000000000000e+03 1.585272265856723425e-10
2.004000000000000000e+03 1.585023168461354446e-10
2.005000000000000000e+03 1.584970863143456999e-10
2.006000000000000000e+03 1.585117755078408688e-10
2.007000000000000000e+03 1.585008468657229179e-10
2.008000000000000000e+03 1.584747976188750210e-10
2.009000000000000000e+03 1.584905271814030225e-10
2.010000000000000000e+03 1.584989943365501384e-10
2.011000000000000000e+03 1.585364559385664322e-10
2.012000000000000000e+03 1.584953862323177150e-10
2.013000000000000000e+03 1.584864019609015676e-10
2.014000000000000000e+03 1.584875582767842353e-10
2.015000000000000000e+03 1.584644174791619717e-10
2.016000000000000000e+03 1.584804639754053238e-10
2.017000000000000000e+03 1.585246499656115637e-10
2.018000000000000000e+03 1.584876361142985689e-10
2.019000000000000000e+03 1.584469364684852638e-10
2.020000000000000000e+03 1.584638446802631096e-10
2.021000000000000000e+03 1.584494591183606121e-10
2.022000000000000000e+03 1.584910195873083553e-10
2.023000000000000000e+03 1.584587747112635714e-10
2.024000000000000000e+03 1.585721519437250189e-10
2.025000000000000000e+03 1.584648392415051474e-10
2.026000000000000000e+03 1.585113980066280138e-10
2.027000000000000000e+03 1.584629238876184626e-10
2.028000000000000000e+03 1.583930334419581760e-10
2.029000000000000000e+03 1.584714276290495556e-10
2.030000000000000000e+03 1.584681095619772900e-10
2.031000000000000000e+03 1.584014795319511903e-10
2.032000000000000000e+03 1.584680767219881550e-10
2.033000000000000000e+03 1.584797997650498088e-10
2.034000000000000000e+03 1.585375835381705663e-10
2.035000000000000000e+03 1.584775497427807950e-10
2.036000000000000000e+03 1.584689221198330426e-10
2.037000000000000000e+03 1.584145805873754532e-10
2.038000000000000000e+03 1.584092660745386426e-10
2.039000000000000000e+03 1.585229827766926243e-10
2.040000000000000000e+03 1.585497406984501286e-10
2.041000000000000000e+03 1.584250664522967473e-10
2.042000000000000000e+03 1.584048375407551964e-10
2.043000000000000000e+03 1.584083319882552944e-10
2.044000000000000000e+03 1.585211147670780529e-10
2.045000000000000000e+03 1.584639262537956519e-10
2.046000000000000000e+03 1.585012407470104361e-10
2.047000000000000000e+03 1.583988182583956812e-10
2.048000000000000000e+03 1.584427116476533831e-10
2.049000000000000000e+03 1.583767397176887422e-10
2.050000000000000000e+03 1.583551922225174524e-10
2.051000000000000000e+03 1.585083254170436170e-10
2.052000000000000000e+03 1.584470622562199475e-10
2.053000000000000000e+03 1.583638344999214791e-10
2.054000000000000000e+03 1.584122598092112939e-10
2.055000000000000000e+03 1.583567865619754470e-10
2.056000000000000000e+03 1.583983766407411948e-10
2.057000000000000000e+03 1.583338061856107708e-10
2.058000000000000000e+03 1.584911959605551743e-10
2.059000000000000000e+03 1.584627169685627417e-10
2.060000000000000000e+03 1.583468442282148546e-10
2.061000000000000000e+03 1.583788994021363277e-10
2.062000000000000000e+03 1.583585009404798737e-10
2.063000000000000000e+03 1.583644884567473843e-10
2.064000000000000000e+03 1.583662646576505987e-10
2.065000000000000000e+03 1.583160868258488565e-10
2.066000000000000000e+03 1.583452710321890017e-10
2.067000000000000000e+03 1.583515833112410945e-10
2.068000000000000000e+03 1.584214943515299729e-10
2.069000000000000000e+03 1.583332274444170458e-10
2.070000000000000000e+03 1.583597140320891659e-10
2.071000000000000000e+03 1.583694801237772666e-10
2.072000000000000000e+03 1.583293670254075123e-10
2.073000000000000000e+03 1.583290212896892564e-10
2.074000000000000000e+03 1.583323803657233691e-10
2.075000000000000000e+03 1.583402195423426713e-10
2.076000000000000000e+03 1.583623055256416032e-10
2.077000000000000000e+03 1.583019126798014848e-10
2.078000000000000000e+03 1.582979682543252115e-10
2.079000000000000000e+03 1.583105254921506022e-10
2.080000000000000000e+03 1.583692916829587027e-10
2.081000000000000000e+03 1.584443554671740949e-10
2.082000000000000000e+03 1.583069760633395780e-10
2.083000000000000000e+03 1.583030526235319668e-10
2.084000000000000000e+03 1.583177052776078775e-10
2.085000000000000000e+03 1.583764547652332972e-10
2.086000000000000000e+03 1.583451582341612195e-10
2.087000000000000000e+03 1.583903008458097286e-10
2.088000000000000000e+03 1.582958856865285869e-10
2.089000000000000000e+03 1.583717507046087636e-10
2.090000000000000000e+03 1.583109789208931220e-10
2.091000000000000000e+03 1.582524252951461790e-10
2.092000000000000000e+03 1.583418529350540915e-10
2.093000000000000000e+03 1.583072970046667245e-10
2.094000000000000000e+03 1.582789749861098843e-10
2.095000000000000000e+03 1.582673553046428823e-10
2.096000000000000000e+03 1.583646915994710086e-10
2.097000000000000000e+03 1.582598550544072410e-10
2.098000000000000000e+03 1.583118445029458703e-10
2.099000000000000000e+03 1.583043461294961074e-10
2.100000000000000000e+03 1.583131798572136023e-10
2.101000000000000000e+03 1.582981404222791385e-10
2.102000000000000000e+03 1.582611773192384205e-10
2.103000000000000000e+03 1.582594727783289124e-10
2.104000000000000000e+03 1.582363876305622652e-10
2.105000000000000000e+03 1.583020167979291143e-10
2.106000000000000000e+03 1.582703939972581495e-10
2.107000000000000000e+03 1.582293358060426226e-10
2.108000000000000000e+03 1.582546754585991036e-10
2.109000000000000000e+03 1.582282579178409014e-10
2.110000000000000000e+03 1.583154721168156861e-10
2.111000000000000000e+03 1.582262499290837893e-10
2.112000000000000000e+03 1.582661948167759988e-10
2.113000000000000000e+03 1.582451084356450252e-10
2.114000000000000000e+03 1.582997236754494644e-10
2.115000000000000000e+03 1.582624664078905859e-10
2.116000000000000000e+03 1.582407794257041902e-10
2.117000000000000000e+03 1.582298255742656958e-10
2.118000000000000000e+03 1.582552422915454530e-10
2.119000000000000000e+03 1.582989952870940538e-10
2.120000000000000000e+03 1.582535549182101000e-10
2.121000000000000000e+03 1.582606095235997321e-10
2.122000000000000000e+03 1.582489906092056431e-10
2.123000000000000000e+03 1.582394491931006349e-10
2.124000000000000000e+03 1.582194660474606115e-10
2.125000000000000000e+03 1.582417036825752714e-10
2.126000000000000000e+03 1.582622136759312152e-10
2.127000000000000000e+03 1.582659393068519555e-10
2.128000000000000000e+03 1.582461204590867964e-10
2.129000000000000000e+03 1.582329726758389134e-10
2.130000000000000000e+03 1.581939542287717070e-10
2.131000000000000000e+03 1.581824279920688333e-10
2.132000000000000000e+03 1.582115748880405356e-10
2.133000000000000000e+03 1.582061302594735730e-10
2.134000000000000000e+03 1.581817057917793879e-10
2.135000000000000000e+03 1.581594313809181852e-10
2.136000000000000000e+03 1.582161524281622294e-10
2.137000000000000000e+03 1.581935614407766368e-10
2.138000000000000000e+03 1.581798826442955672e-10
2.139000000000000000e+03 1.582202732528572419e-10
2.140000000000000000e+03 1.581775625722577826e-10
2.141000000000000000e+03 1.582123272842791722e-10
2.142000000000000000e+03 1.581814959740125969e-10
2.143000000000000000e+03 1.582155325157042052e-10
2.144000000000000000e+03 1.581885346224246589e-10
2.145000000000000000e+03 1.582165181746178956e-10
2.146000000000000000e+03 1.581893089781288086e-10
2.147000000000000000e+03 1.581557835538831126e-10
2.148000000000000000e+03 1.581783801084252437e-10
2.149000000000000000e+03 1.581567257237030219e-10
2.150000000000000000e+03 1.582085595531491859e-10
2.151000000000000000e+03 1.582133038928621290e-10
2.152000000000000000e+03 1.581573902924525543e-10
2.153000000000000000e+03 1.581713511386204193e-10
2.154000000000000000e+03 1.581840518562750710e-10
2.155000000000000000e+03 1.581547506696607183e-10
2.156000000000000000e+03 1.582322232137220441e-10
2.157000000000000000e+03 1.581339672107751553e-10
2.158000000000000000e+03 1.581821634855960473e-10
2.159000000000000000e+03 1.582093560259740710e-10
2.160000000000000000e+03 1.581663570552601292e-10
2.161000000000000000e+03 1.581686434968811709e-10
2.162000000000000000e+03 1.581276513572171676e-10
2.163000000000000000e+03 1.582354789321726070e-10
2.164000000000000000e+03 1.581442867733643083e-10
2.165000000000000000e+03 1.581568592652927482e-10
2.166000000000000000e+03 1.581089165647909139e-10
2.167000000000000000e+03 1.581056812173725106e-10
2.168000000000000000e+03 1.581569580200759205e-10
2.169000000000000000e+03 1.581394200105905330e-10
2.170000000000000000e+03 1.581774615605520653e-10
2.171000000000000000e+03 1.581195076454708478e-10
2.172000000000000000e+03 1.581514012909431954e-10
2.173000000000000000e+03 1.581755000863747717e-10
2.174000000000000000e+03 1.580955647903982692e-10
2.175000000000000000e+03 1.581101216482911948e-10
2.176000000000000000e+03 1.581219616473266611e-10
2.177000000000000000e+03 1.581183256986858349e-10
2.178000000000000000e+03 1.581051399494750809e-10
2.179000000000000000e+03 1.581020140379113562e-10
2.180000000000000000e+03 1.581053758070224889e-10
2.181000000000000000e+03 1.581257813377526188e-10
2.182000000000000000e+03 1.580757404150412407e-10
2.183000000000000000e+03 1.580964710244781489e-10
2.184000000000000000e+03 1.580855625365230494e-10
2.185000000000000000e+03 1.581507512302975178e-10
2.186000000000000000e+03 1.581811200654526988e-10
2.187000000000000000e+03 1.580877996375861854e-10
2.188000000000000000e+03 1.581232194666260214e-10
2.189000000000000000e+03 1.582095577775268588e-10
2.190000000000000000e+03 1.581701784904174143e-10
2.191000000000000000e+03 1.580768229517047690e-10
2.192000000000000000e+03 1.580743088884968315e-10
2.193000000000000000e+03 1.580688586503133741e-10
2.194000000000000000e+03 1.580599271853785533e-10
2.195000000000000000e+03 1.580687796129979897e-10
2.196000000000000000e+03 1.580661616039191664e-10
2.197000000000000000e+03 1.580788465992838796e-10
2.198000000000000000e+03 1.580698403350634283e-10
2.199000000000000000e+03 1.580876159966607629e-10
2.200000000000000000e+03 1.581245598913708305e-10
2.201000000000000000e+03 1.580697109793711216e-10
2.202000000000000000e+03 1.581566296097373562e-10
2.203000000000000000e+03 1.580785582068636214e-10
2.204000000000000000e+03 1.580536382492030547e-10
2.205000000000000000e+03 1.580475644823160151e-10
2.206000000000000000e+03 1.580480883400723749e-10
2.207000000000000000e+03 1.580392780381336348e-10
2.208000000000000000e+03 1.580455754811043463e-10
2.209000000000000000e+03 1.580375250950572087e-10
2.210000000000000000e+03 1.580455045869118920e-10
2.211000000000000000e+03 1.580641734962096421e-10
2.212000000000000000e+03 1.580187590640287701e-10
2.213000000000000000e+03 1.580272483401200827e-10
2.214000000000000000e+03 1.580504693741001276e-10
2.215000000000000000e+03 1.580777718750150951e-10
2.216000000000000000e+03 1.580236405875360188e-10
2.217000000000000000e+03 1.580692801120943220e-10
2.218000000000000000e+03 1.580327573174568532e-10
2.219000000000000000e+03 1.580125533971963097e-10
2.220000000000000000e+03 1.581267487854119572e-10
2.221000000000000000e+03 1.580130230412281802e-10
2.222000000000000000e+03 1.580047083998737397e-10
2.223000000000000000e+03 1.580122629282217642e-10
2.224000000000000000e+03 1.580652598134821267e-10
2.225000000000000000e+03 1.580251459169082586e-10
2.226000000000000000e+03 1.580394441636066510e-10
2.227000000000000000e+03 1.580039462279687929e-10
2.228000000000000000e+03 1.579999379119277798e-10
2.229000000000000000e+03 1.580053438104394195e-10
2.230000000000000000e+03 1.580078166250929298e-10
2.231000000000000000e+03 1.580140528174373478e-10
2.232000000000000000e+03 1.579913189786002244e-10
2.233000000000000000e+03 1.579972940839878084e-10
2.234000000000000000e+03 1.580128455933701670e-10
2.235000000000000000e+03 1.579948160742253494e-10
2.236000000000000000e+03 1.579948804422921178e-10
2.237000000000000000e+03 1.580007424633918256e-10
2.238000000000000000e+03 1.579854012580600754e-10
2.239000000000000000e+03 1.579839966339541810e-10
2.240000000000000000e+03 1.579802778896829274e-10
2.241000000000000000e+03 1.579766162798879775e-10
2.242000000000000000e+03 1.579650447241323197e-10
2.243000000000000000e+03 1.580275399011030075e-10
2.244000000000000000e+03 1.579960178630988807e-10
2.245000000000000000e+03 1.579880079593881743e-10
2.246000000000000000e+03 1.580261384503775382e-10
2.247000000000000000e+03 1.579759305941316739e-10
2.248000000000000000e+03 1.579939311466697883e-10
2.249000000000000000e+03 1.579882370289082293e-10
2.250000000000000000e+03 1.579680879934852350e-10
2.251000000000000000e+03 1.579780460948430845e-10
2.252000000000000000e+03 1.580490818494372437e-10
2.253000000000000000e+03 1.579773014929835081e-10
2.254000000000000000e+03 1.579880226442505223e-10
2.255000000000000000e+03 1.579537508404148443e-10
2.256000000000000000e+03 1.580281519107460378e-10
2.257000000000000000e+03 1.579567454571216341e-10
2.258000000000000000e+03 1.579620293476927994e-10
2.259000000000000000e+03 1.579481808496881881e-10
2.260000000000000000e+03 1.579506821126637321e-10
2.261000000000000000e+03 1.580109995385770324e-10
2.262000000000000000e+03 1.579558439629545045e-10
2.263000000000000000e+03 1.579660383897388107e-10
2.264000000000000000e+03 1.579484731756073149e-10
2.265000000000000000e+03 1.579349268047926117e-10
2.266000000000000000e+03 1.579290794597342496e-10
2.267000000000000000e+03 1.579386910676522847e-10
2.268000000000000000e+03 1.579252379564548555e-10
2.269000000000000000e+03 1.579742268366889971e-10
2.270000000000000000e+03 1.579354606197718619e-10
2.271000000000000000e+03 1.579473805163915836e-10
2.272000000000000000e+03 1.580073866020685099e-10
2.273000000000000000e+03 1.579183914167902199e-10
2.274000000000000000e+03 1.579248116628902394e-10
2.275000000000000000e+03 1.579236143510327187e-10
2.276000000000000000e+03 1.579136498520068945e-10
2.277000000000000000e+03 1.579143253195500387e-10
2.278000000000000000e+03 1.579476035595613185e-10
2.279000000000000000e+03 1.579282105814347183e-10
2.280000000000000000e+03 1.579162003842737195e-10
2.281000000000000000e+03 1.579424329199326924e-10
2.282000000000000000e+03 1.579349950685487536e-10
2.283000000000000000e+03 1.579087567883918969e-10
2.284000000000000000e+03 1.578992333704836066e-10
2.285000000000000000e+03 1.579152111233290788e-10
2.286000000000000000e+03 1.579084437293162928e-10
2.287000000000000000e+03 1.579034944738704532e-10
2.288000000000000000e+03 1.578866166747115754e-10
2.289000000000000000e+03 1.578906662327587954e-10
2.290000000000000000e+03 1.578946074450173410e-10
2.291000000000000000e+03 1.578883981293463387e-10
2.292000000000000000e+03 1.579340767038115275e-10
2.293000000000000000e+03 1.578858293105872429e-10
2.294000000000000000e+03 1.578864028506598121e-10
2.295000000000000000e+03 1.579292308699221713e-10
2.296000000000000000e+03 1.578861311165054485e-10
2.297000000000000000e+03 1.578883107346462735e-10
2.298000000000000000e+03 1.578924669442544821e-10
2.299000000000000000e+03 1.579020455808728284e-10
2.300000000000000000e+03 1.579135005613029516e-10
2.301000000000000000e+03 1.578648875851090191e-10
2.302000000000000000e+03 1.578745469409998059e-10
2.303000000000000000e+03 1.578647117094531888e-10
2.304000000000000000e+03 1.578804188261746550e-10
2.305000000000000000e+03 1.578678632560845524e-10
2.306000000000000000e+03 1.579014189917288568e-10
2.307000000000000000e+03 1.579220755391114987e-10
2.308000000000000000e+03 1.579078445409868191e-10
2.309000000000000000e+03 1.578586441570862551e-10
2.310000000000000000e+03 1.578803058958956855e-10
2.311000000000000000e+03 1.578980740014718178e-10
2.312000000000000000e+03 1.578901334787939065e-10
2.313000000000000000e+03 1.578362756072543513e-10
2.314000000000000000e+03 1.578661795018176662e-10
2.315000000000000000e+03 1.578525363818398249e-10
2.316000000000000000e+03 1.578916200121646361e-10
2.317000000000000000e+03 1.578541215109662637e-10
2.318000000000000000e+03 1.578536235025223104e-10
2.319000000000000000e+03 1.578585657202588882e-10
2.320000000000000000e+03 1.578576045976957382e-10
2.321000000000000000e+03 1.578469826643257903e-10
2.322000000000000000e+03 1.578530938926161550e-10
2.323000000000000000e+03 1.578370167763806634e-10
2.324000000000000000e+03 1.578513394451922831e-10
2.325000000000000000e+03 1.578419539998789455e-10
2.326000000000000000e+03 1.578700946033665634e-10
2.327000000000000000e+03 1.578468213861466991e-10
2.328000000000000000e+03 1.578466937251685380e-10
2.329000000000000000e+03 1.578447011423352563e-10
2.330000000000000000e+03 1.578421443681346035e-10
2.331000000000000000e+03 1.578041946638191800e-10
2.332000000000000000e+03 1.578107021565684107e-10
2.333000000000000000e+03 1.578656428437669003e-10
2.334000000000000000e+03 1.578755487100993657e-10
2.335000000000000000e+03 1.578192936833199226e-10
2.336000000000000000e+03 1.578181079720628771e-10
2.337000000000000000e+03 1.578198195369160949e-10
2.338000000000000000e+03 1.578300628899314479e-10
2.339000000000000000e+03 1.578181778518776716e-10
2.340000000000000000e+03 1.578359993119893064e-10
2.341000000000000000e+03 1.578134763622435212e-10
2.342000000000000000e+03 1.578441273751196665e-10
2.343000000000000000e+03 1.578102058650543478e-10
2.344000000000000000e+03 1.578140101139013975e-10
2.345000000000000000e+03 1.577952094244152125e-10
2.346000000000000000e+03 1.578127567832685248e-10
2.347000000000000000e+03 1.578165638598514977e-10
2.348000000000000000e+03 1.578210113962595537e-10
2.349000000000000000e+03 1.578018981178276494e-10
2.350000000000000000e+03 1.578235373335449921e-10
2.351000000000000000e+03 1.578392694395265084e-10
2.352000000000000000e+03 1.577975266551550341e-10
2.353000000000000000e+03 1.578063879217127104e-10
2.354000000000000000e+03 1.578087661198449459e-10
2.355000000000000000e+03 1.577914519284152890e-10
2.356000000000000000e+03 1.577897782479530171e-10
2.357000000000000000e+03 1.577893392580772929e-10
2.358000000000000000e+03 1.578284496674546623e-10
2.359000000000000000e+03 1.577781017463769115e-10
2.360000000000000000e+03 1.578037300748634726e-10
2.361000000000000000e+03 1.577753709089532060e-10
2.362000000000000000e+03 1.578084159444990363e-10
2.363000000000000000e+03 1.577724067971412589e-10
2.364000000000000000e+03 1.577716461630555696e-10
2.365000000000000000e+03 1.577733173774190781e-10
2.366000000000000000e+03 1.577650221554831983e-10
2.367000000000000000e+03 1.577913620330382946e-10
2.368000000000000000e+03 1.577586265140223902e-10
2.369000000000000000e+03 1.577743796534408789e-10
2.370000000000000000e+03 1.578300092877119621e-10
2.371000000000000000e+03 1.577812235010205426e-10
2.372000000000000000e+03 1.577905973994096462e-10
2.373000000000000000e+03 1.578037554124095997e-10
2.374000000000000000e+03 1.577953593476814372e-10
2.375000000000000000e+03 1.578223227273869459e-10
2.376000000000000000e+03 1.578258347091581969e-10
2.377000000000000000e+03 1.577629916625587276e-10
2.378000000000000000e+03 1.577807132305773856e-10
2.379000000000000000e+03 1.577521593846081308e-10
2.380000000000000000e+03 1.577878268946276311e-10
2.381000000000000000e+03 1.577883117468070586e-10
2.382000000000000000e+03 1.577569752664646781e-10
2.383000000000000000e+03 1.577638523724390341e-10
2.384000000000000000e+03 1.577546620603383418e-10
2.385000000000000000e+03 1.577821142002968634e-10
2.386000000000000000e+03 1.577491225265972870e-10
2.387000000000000000e+03 1.577773127336365628e-10
2.388000000000000000e+03 1.577601901386480332e-10
2.389000000000000000e+03 1.577352102129016366e-10
2.390000000000000000e+03 1.577572571072930477e-10
2.391000000000000000e+03 1.577188804149230483e-10
2.392000000000000000e+03 1.578021165092748055e-10
2.393000000000000000e+03 1.577567425824696712e-10
2.394000000000000000e+03 1.577403299441357751e-10
2.395000000000000000e+03 1.577452528733770702e-10
2.396000000000000000e+03 1.577376991240545634e-10
2.397000000000000000e+03 1.577471077817727802e-10
2.398000000000000000e+03 1.577291161722951958e-10
2.399000000000000000e+03 1.577529947873718551e-10
2.400000000000000000e+03 1.577224658213431671e-10
2.401000000000000000e+03 1.577166275333694425e-10
2.402000000000000000e+03 1.577312560664811866e-10
2.403000000000000000e+03 1.577346216664323871e-10
2.404000000000000000e+03 1.577295345396961719e-10
2.405000000000000000e+03 1.577169750854540817e-10
2.406000000000000000e+03 1.577491815112280791e-10
2.407000000000000000e+03 1.577493186374177078e-10
2.408000000000000000e+03 1.577231386284472792e-10
2.409000000000000000e+03 1.577329500181734338e-10
2.410000000000000000e+03 1.577074853380364883e-10
2.411000000000000000e+03 1.576971735343095089e-10
2.412000000000000000e+03 1.577205858977423703e-10
2.413000000000000000e+03 1.577460443413678379e-10
2.414000000000000000e+03 1.577096733125532472e-10
2.415000000000000000e+03 1.576948468045462558e-10
2.416000000000000000e+03 1.577129785669699006e-10
2.417000000000000000e+03 1.577042686603357147e-10
2.418000000000000000e+03 1.576925020208143558e-10
2.419000000000000000e+03 1.577053217708254155e-10
2.420000000000000000e+03 1.576880889738394073e-10
2.421000000000000000e+03 1.577018983168231567e-10
2.422000000000000000e+03 1.577244562381241143e-10
2.423000000000000000e+03 1.577392142000535679e-10
2.424000000000000000e+03 1.576853956128359222e-10
2.425000000000000000e+03 1.577050877416101013e-10
2.426000000000000000e+03 1.576883970442010931e-10
2.427000000000000000e+03 1.577027259367371934e-10
2.428000000000000000e+03 1.577112490722552422e-10
2.429000000000000000e+03 1.577006533874758438e-10
2.430000000000000000e+03 1.576724076265215467e-10
2.431000000000000000e+03 1.577161930185062715e-10
2.432000000000000000e+03 1.577137329985565379e-10
2.433000000000000000e+03 1.576734301711975253e-10
2.434000000000000000e+03 1.576789553054665198e-10
2.435000000000000000e+03 1.577020939685707452e-10
2.436000000000000000e+03 1.577188763817693110e-10
2.437000000000000000e+03 1.576675706620223610e-10
2.438000000000000000e+03 1.576735388245701569e-10
2.439000000000000000e+03 1.576648308005658546e-10
2.440000000000000000e+03 1.576788194484064306e-10
2.441000000000000000e+03 1.576492499142917194e-10
2.442000000000000000e+03 1.577066022258551591e-10
2.443000000000000000e+03 1.577633920874168089e-10
2.444000000000000000e+03 1.576545055430123832e-10
2.445000000000000000e+03 1.576585461741702473e-10
2.446000000000000000e+03 1.576657897711824519e-10
2.447000000000000000e+03 1.576652389060923384e-10
2.448000000000000000e+03 1.576602705453901783e-10
2.449000000000000000e+03 1.576583654202994208e-10
2.450000000000000000e+03 1.576508715596667432e-10
2.451000000000000000e+03 1.576692474030973085e-10
2.452000000000000000e+03 1.576581588927397277e-10
2.453000000000000000e+03 1.577060964603125037e-10
2.454000000000000000e+03 1.576925135532810755e-10
2.455000000000000000e+03 1.576581711067383384e-10
2.456000000000000000e+03 1.576550562385555450e-10
2.457000000000000000e+03 1.576448714455423921e-10
2.458000000000000000e+03 1.576500467897185142e-10
2.459000000000000000e+03 1.576559448121482458e-10
2.460000000000000000e+03 1.576489166074834719e-10
2.461000000000000000e+03 1.576301542749915945e-10
2.462000000000000000e+03 1.576629803581948635e-10
2.463000000000000000e+03 1.576830594743126853e-10
2.464000000000000000e+03 1.576274571484715545e-10
2.465000000000000000e+03 1.576521760769657008e-10
2.466000000000000000e+03 1.576526956798561569e-10
2.467000000000000000e+03 1.576703180573274674e-10
2.468000000000000000e+03 1.576409809789334179e-10
2.469000000000000000e+03 1.576521002100698484e-10
2.470000000000000000e+03 1.576523562453742715e-10
2.471000000000000000e+03 1.576216192921542519e-10
2.472000000000000000e+03 1.576215986939450020e-10
2.473000000000000000e+03 1.576491105528014524e-10
2.474000000000000000e+03 1.576322055738913457e-10
2.475000000000000000e+03 1.576345417048892553e-10
2.476000000000000000e+03 1.576313000712821118e-10
2.477000000000000000e+03 1.576698851382057906e-10
2.478000000000000000e+03 1.576189855180335908e-10
2.479000000000000000e+03 1.576194573552613657e-10
2.480000000000000000e+03 1.576578043997545478e-10
2.481000000000000000e+03 1.576387340891067299e-10
2.482000000000000000e+03 1.576373988055241663e-10
2.483000000000000000e+03 1.576430620603725861e-10
2.484000000000000000e+03 1.576277842035252724e-10
2.485000000000000000e+03 1.576394372902505321e-10
2.486000000000000000e+03 1.575926914041708432e-10
2.487000000000000000e+03 1.576447838036801912e-10
2.488000000000000000e+03 1.576188764466943764e-10
2.489000000000000000e+03 1.576118731175127427e-10
2.490000000000000000e+03 1.576160310778410664e-10
2.491000000000000000e+03 1.576001810232855979e-10
2.492000000000000000e+03 1.576526659288605487e-10
2.493000000000000000e+03 1.576167130713174219e-10
2.494000000000000000e+03 1.576594254964960591e-10
2.495000000000000000e+03 1.576371882069109745e-10
2.496000000000000000e+03 1.576052922847166351e-10
2.497000000000000000e+03 1.576328084712395168e-10
2.498000000000000000e+03 1.576249252063844455e-10
2.499000000000000000e+03 1.576212523765395875e-10
2.500000000000000000e+03 1.575886421367026598e-10
2.501000000000000000e+03 1.575984124120720856e-10
2.502000000000000000e+03 1.575995523404445637e-10
2.503000000000000000e+03 1.576103438810484590e-10
2.504000000000000000e+03 1.575889745065134347e-10
2.505000000000000000e+03 1.575838583735536057e-10
2.506000000000000000e+03 1.576014767567200783e-10
2.507000000000000000e+03 1.576009057936591985e-10
2.508000000000000000e+03 1.575878575238590323e-10
2.509000000000000000e+03 1.575786667959708093e-10
2.510000000000000000e+03 1.575871393318255496e-10
2.511000000000000000e+03 1.575971052190145817e-10
2.512000000000000000e+03 1.575777624852032876e-10
2.513000000000000000e+03 1.575880692367377847e-10
2.514000000000000000e+03 1.575888082943279021e-10
2.515000000000000000e+03 1.575714547631957406e-10
2.516000000000000000e+03 1.576043096403795554e-10
2.517000000000000000e+03 1.575961686415405408e-10
2.518000000000000000e+03 1.575578744843436367e-10
2.519000000000000000e+03 1.575698418568971895e-10
2.520000000000000000e+03 1.575879630097265735e-10
2.521000000000000000e+03 1.575854892575208885e-10
2.522000000000000000e+03 1.575801996714668660e-10
2.523000000000000000e+03 1.575807516912984780e-10
2.524000000000000000e+03 1.575717649700748894e-10
2.525000000000000000e+03 1.575769444568184875e-10
2.526000000000000000e+03 1.575659592598196585e-10
2.527000000000000000e+03 1.575748859784384466e-10
2.528000000000000000e+03 1.575543717349890693e-10
2.529000000000000000e+03 1.575989290460087932e-10
2.530000000000000000e+03 1.575864934210485094e-10
2.531000000000000000e+03 1.575665015211010591e-10
2.532000000000000000e+03 1.575933903651076229e-10
2.533000000000000000e+03 1.576006486404355579e-10
2.534000000000000000e+03 1.575600584346927866e-10
2.535000000000000000e+03 1.575536366063841287e-10
2.536000000000000000e+03 1.575486558179551904e-10
2.537000000000000000e+03 1.575550944718537760e-10
2.538000000000000000e+03 1.575843502059459269e-10
2.539000000000000000e+03 1.575490999120600627e-10
2.540000000000000000e+03 1.575623837217841111e-10
2.541000000000000000e+03 1.575553663879474458e-10
2.542000000000000000e+03 1.575467945453646358e-10
2.543000000000000000e+03 1.575693216988346426e-10
2.544000000000000000e+03 1.576009489192563436e-10
2.545000000000000000e+03 1.575386515354671328e-10
2.546000000000000000e+03 1.575971930706335783e-10
2.547000000000000000e+03 1.575552982613018930e-10
2.548000000000000000e+03 1.575451739522040122e-10
2.549000000000000000e+03 1.575525037262223580e-10
2.550000000000000000e+03 1.575435311333115382e-10
2.551000000000000000e+03 1.575427030048429317e-10
2.552000000000000000e+03 1.575312314225712816e-10
2.553000000000000000e+03 1.575505126979284716e-10
2.554000000000000000e+03 1.575372296835401848e-10
2.555000000000000000e+03 1.575383868824211734e-10
2.556000000000000000e+03 1.576366760571789164e-10
2.557000000000000000e+03 1.575255813040956068e-10
2.558000000000000000e+03 1.575624229025874689e-10
2.559000000000000000e+03 1.575204875707090689e-10
2.560000000000000000e+03 1.575320960967519487e-10
2.561000000000000000e+03 1.575286721176640965e-10
2.562000000000000000e+03 1.575263380246648104e-10
2.563000000000000000e+03 1.575279295529003535e-10
2.564000000000000000e+03 1.575271043943839542e-10
2.565000000000000000e+03 1.575361774458291953e-10
2.566000000000000000e+03 1.575386458601551524e-10
2.567000000000000000e+03 1.575405860496281955e-10
2.568000000000000000e+03 1.575168437168215963e-10
2.569000000000000000e+03 1.575303716444892298e-10
2.570000000000000000e+03 1.575184409633417988e-10
2.571000000000000000e+03 1.575200684950944313e-10
2.572000000000000000e+03 1.575150167499620692e-10
2.573000000000000000e+03 1.575230987418443251e-10
2.574000000000000000e+03 1.575155343907300937e-10
2.575000000000000000e+03 1.575246445828843554e-10
2.576000000000000000e+03 1.575094591528537088e-10
2.577000000000000000e+03 1.575244495954449222e-10
2.578000000000000000e+03 1.575363247208997465e-10
2.579000000000000000e+03 1.575117850390003740e-10
2.580000000000000000e+03 1.574978214332127119e-10
2.581000000000000000e+03 1.575174891007447895e-10
2.582000000000000000e+03 1.575213455079520561e-10
2.583000000000000000e+03 1.574966323357098492e-10
2.584000000000000000e+03 1.575029663804010722e-10
2.585000000000000000e+03 1.575021736380277804e-10
2.586000000000000000e+03 1.575173570373931215e-10
2.587000000000000000e+03 1.575408930790114372e-10
2.588000000000000000e+03 1.575367731194225445e-10
2.589000000000000000e+03 1.574998536389081382e-10
2.590000000000000000e+03 1.575445070654606214e-10
2.591000000000000000e+03 1.575199693317414995e-10
2.592000000000000000e+03 1.574961841388585959e-10
2.593000000000000000e+03 1.574964368035132270e-10
2.594000000000000000e+03 1.574861354824154963e-10
2.595000000000000000e+03 1.575224808962539413e-10
2.596000000000000000e+03 1.574865263989827247e-10
2.597000000000000000e+03 1.574998815702933933e-10
2.598000000000000000e+03 1.575072500145912170e-10
2.599000000000000000e+03 1.574987338333884587e-10
2.600000000000000000e+03 1.574850085158170128e-10
2.601000000000000000e+03 1.575073919885844432e-10
2.602000000000000000e+03 1.575277475592736621e-10
2.603000000000000000e+03 1.574951363943972432e-10
2.604000000000000000e+03 1.574902735379242503e-10
2.605000000000000000e+03 1.574733223192006410e-10
2.606000000000000000e+03 1.574813419941772376e-10
2.607000000000000000e+03 1.574855171138805987e-10
2.608000000000000000e+03 1.574945094815479004e-10
2.609000000000000000e+03 1.574911228368938635e-10
2.610000000000000000e+03 1.574984560333658934e-10
2.611000000000000000e+03 1.574715391643368156e-10
2.612000000000000000e+03 1.574757961775246806e-10
2.613000000000000000e+03 1.574692750164764313e-10
2.614000000000000000e+03 1.575014823991594311e-10
2.615000000000000000e+03 1.574774907849639189e-10
2.616000000000000000e+03 1.574702186627467582e-10
2.617000000000000000e+03 1.575196879821088492e-10
2.618000000000000000e+03 1.574661613919289798e-10
2.619000000000000000e+03 1.574784820688734081e-10
2.620000000000000000e+03 1.574856846192251901e-10
2.621000000000000000e+03 1.574729334723541800e-10
2.622000000000000000e+03 1.574621538303042667e-10
2.623000000000000000e+03 1.574605895791823934e-10
2.624000000000000000e+03 1.574685952456211468e-10
2.625000000000000000e+03 1.574735607522149011e-10
2.626000000000000000e+03 1.574685640290095843e-10
2.627000000000000000e+03 1.574609454358512497e-10
2.628000000000000000e+03 1.574932502209930549e-10
2.629000000000000000e+03 1.575150091061357742e-10
2.630000000000000000e+03 1.574556840007503123e-10
2.631000000000000000e+03 1.574717678611608487e-10
2.632000000000000000e+03 1.574748058799375731e-10
2.633000000000000000e+03 1.574476855711976145e-10
2.634000000000000000e+03 1.574680024001243199e-10
2.635000000000000000e+03 1.574939962116455303e-10
2.636000000000000000e+03 1.574703210647318182e-10
2.637000000000000000e+03 1.574618279402186104e-10
2.638000000000000000e+03 1.574460403510276104e-10
2.639000000000000000e+03 1.574506261668442126e-10
2.640000000000000000e+03 1.574640793949869374e-10
2.641000000000000000e+03 1.574807569033700786e-10
2.642000000000000000e+03 1.574557363486896757e-10
2.643000000000000000e+03 1.574455947078505932e-10
2.644000000000000000e+03 1.574466957578912808e-10
2.645000000000000000e+03 1.574554603487278768e-10
2.646000000000000000e+03 1.574630390764861032e-10
2.647000000000000000e+03 1.574577938894751747e-10
2.648000000000000000e+03 1.574473085789400207e-10
2.649000000000000000e+03 1.574392267818261771e-10
2.650000000000000000e+03 1.574461057966681463e-10
2.651000000000000000e+03 1.574448728410414932e-10
2.652000000000000000e+03 1.574373726242549162e-10
2.653000000000000000e+03 1.574308970603685849e-10
2.654000000000000000e+03 1.574618876639454645e-10
2.655000000000000000e+03 1.574357510645878496e-10
2.656000000000000000e+03 1.574253248442957111e-10
2.657000000000000000e+03 1.574532632590825188e-10
2.658000000000000000e+03 1.574281178416248256e-10
2.659000000000000000e+03 1.574383142621104758e-10
2.660000000000000000e+03 1.574459312881576656e-10
2.661000000000000000e+03 1.574446416723554192e-10
2.662000000000000000e+03 1.574262935122983037e-10
2.663000000000000000e+03 1.574360856652980158e-10
2.664000000000000000e+03 1.574444443937183852e-10
2.665000000000000000e+03 1.574411975436258523e-10
2.666000000000000000e+03 1.574240407989523667e-10
2.667000000000000000e+03 1.574257361489955073e-10
2.668000000000000000e+03 1.574188450999728515e-10
2.669000000000000000e+03 1.574337521036301828e-10
2.670000000000000000e+03 1.574506026078346818e-10
2.671000000000000000e+03 1.574481617854287241e-10
2.672000000000000000e+03 1.574250894553920545e-10
2.673000000000000000e+03 1.574239278398215184e-10
2.674000000000000000e+03 1.574701216035056100e-10
2.675000000000000000e+03 1.574327841876250072e-10
2.676000000000000000e+03 1.574256782355814446e-10
2.677000000000000000e+03 1.574276788693208732e-10
2.678000000000000000e+03 1.574337838423042519e-10
2.679000000000000000e+03 1.574131973317207316e-10
2.680000000000000000e+03 1.574304305985676875e-10
2.681000000000000000e+03 1.574128277431340081e-10
2.682000000000000000e+03 1.574324530397425713e-10
2.683000000000000000e+03 1.574268435020460923e-10
2.684000000000000000e+03 1.574252574542848151e-10
2.685000000000000000e+03 1.574260236168940119e-10
2.686000000000000000e+03 1.574270346979233794e-10
2.687000000000000000e+03 1.574251134444266520e-10
2.688000000000000000e+03 1.574326090953184710e-10
2.689000000000000000e+03 1.574066388559950488e-10
2.690000000000000000e+03 1.574213234906717315e-10
2.691000000000000000e+03 1.573960328148500162e-10
2.692000000000000000e+03 1.574142901137725772e-10
2.693000000000000000e+03 1.574107698930015456e-10
2.694000000000000000e+03 1.574072470077351691e-10
2.695000000000000000e+03 1.574250929825493557e-10
2.696000000000000000e+03 1.574069415884366300e-10
2.697000000000000000e+03 1.573996761604495815e-10
2.698000000000000000e+03 1.573990902780116544e-10
2.699000000000000000e+03 1.573976835651307323e-10
2.700000000000000000e+03 1.573975412193751901e-10
2.701000000000000000e+03 1.574057276039212544e-10
2.702000000000000000e+03 1.573934042109609244e-10
2.703000000000000000e+03 1.574323318141477367e-10
2.704000000000000000e+03 1.574086211945554403e-10
2.705000000000000000e+03 1.574063760358046721e-10
2.706000000000000000e+03 1.573882245402942341e-10
2.707000000000000000e+03 1.573900797521160262e-10
2.708000000000000000e+03 1.574050649465849059e-10
2.709000000000000000e+03 1.574267571774428832e-10
2.710000000000000000e+03 1.574130095717261473e-10
2.711000000000000000e+03 1.573989997397429345e-10
2.712000000000000000e+03 1.573858439825745006e-10
2.713000000000000000e+03 1.573893368479001848e-10
2.714000000000000000e+03 1.573961112150503943e-10
2.715000000000000000e+03 1.573915591134071992e-10
2.716000000000000000e+03 1.573943160981115522e-10
2.717000000000000000e+03 1.573939361003306326e-10
2.718000000000000000e+03 1.573844590890950541e-10
2.719000000000000000e+03 1.573867845252828147e-10
2.720000000000000000e+03 1.573981663799667667e-10
2.721000000000000000e+03 1.573850036061364749e-10
2.722000000000000000e+03 1.573821929776015222e-10
2.723000000000000000e+03 1.573804966523370738e-10
2.724000000000000000e+03 1.573882619686015201e-10
2.725000000000000000e+03 1.573935873825387166e-10
2.726000000000000000e+03 1.573736337992486025e-10
2.727000000000000000e+03 1.573773949549759960e-10
2.728000000000000000e+03 1.573871766450545027e-10
2.729000000000000000e+03 1.573847098470769183e-10
2.730000000000000000e+03 1.573694080839684377e-10
2.731000000000000000e+03 1.573742555303863499e-10
2.732000000000000000e+03 1.573740182941836841e-10
2.733000000000000000e+03 1.573717213975786229e-10
2.734000000000000000e+03 1.573702851129931284e-10
2.735000000000000000e+03 1.573773101382962119e-10
2.736000000000000000e+03 1.573718079932227850e-10
2.737000000000000000e+03 1.573721592557757815e-10
2.738000000000000000e+03 1.573629781165607214e-10
2.739000000000000000e+03 1.573654429527878471e-10
2.740000000000000000e+03 1.573881269109022792e-10
2.741000000000000000e+03 1.573683344257165443e-10
2.742000000000000000e+03 1.573656768011144520e-10
2.743000000000000000e+03 1.573716133160396711e-10
2.744000000000000000e+03 1.573728962983253114e-10
2.745000000000000000e+03 1.573698125223861829e-10
2.746000000000000000e+03 1.573651954635116582e-10
2.747000000000000000e+03 1.573665453145378684e-10
2.748000000000000000e+03 1.573529284639090876e-10
2.749000000000000000e+03 1.573597817455939885e-10
2.750000000000000000e+03 1.573552726121833152e-10
2.751000000000000000e+03 1.573578857769665105e-10
2.752000000000000000e+03 1.573605077032892762e-10
2.753000000000000000e+03 1.573511951284888110e-10
2.754000000000000000e+03 1.573479121656489031e-10
2.755000000000000000e+03 1.573571065917755663e-10
2.756000000000000000e+03 1.573597951229449962e-10
2.757000000000000000e+03 1.573491374724266463e-10
2.758000000000000000e+03 1.573454395135037354e-10
2.759000000000000000e+03 1.573734023425883870e-10
2.760000000000000000e+03 1.573509994954991197e-10
2.761000000000000000e+03 1.573535558791053716e-10
2.762000000000000000e+03 1.573557409079457357e-10
2.763000000000000000e+03 1.573513329840986081e-10
2.764000000000000000e+03 1.573612157041440591e-10
2.765000000000000000e+03 1.573605745415756409e-10
2.766000000000000000e+03 1.573525746005454074e-10
2.767000000000000000e+03 1.573578478603807645e-10
2.768000000000000000e+03 1.573827786534620772e-10
2.769000000000000000e+03 1.573807200707817213e-10
2.770000000000000000e+03 1.573572575092736479e-10
2.771000000000000000e+03 1.573429057874486070e-10
2.772000000000000000e+03 1.573368043923710165e-10
2.773000000000000000e+03 1.573616711694057898e-10
2.774000000000000000e+03 1.573403481536826003e-10
2.775000000000000000e+03 1.573364322496100005e-10
2.776000000000000000e+03 1.573633198856677327e-10
2.777000000000000000e+03 1.573498085513258533e-10
2.778000000000000000e+03 1.573387936597768770e-10
2.779000000000000000e+03 1.573419554594729232e-10
2.780000000000000000e+03 1.573353251195101297e-10
2.781000000000000000e+03 1.573483349748623753e-10
2.782000000000000000e+03 1.573339764130368794e-10
2.783000000000000000e+03 1.573335386810772533e-10
2.784000000000000000e+03 1.573425431342432424e-10
2.785000000000000000e+03 1.573280822280425075e-10
2.786000000000000000e+03 1.573474179525689213e-10
2.787000000000000000e+03 1.573284551484785138e-10
2.788000000000000000e+03 1.573242812255635342e-10
2.789000000000000000e+03 1.573580525961922875e-10
2.790000000000000000e+03 1.573291659219776988e-10
2.791000000000000000e+03 1.573333175501124434e-10
2.792000000000000000e+03 1.573244554807647381e-10
2.793000000000000000e+03 1.573234569734826103e-10
2.794000000000000000e+03 1.573292717074256819e-10
2.795000000000000000e+03 1.573202095590612522e-10
2.796000000000000000e+03 1.573316000388296745e-10
2.797000000000000000e+03 1.573363032458452008e-10
2.798000000000000000e+03 1.573206519648572002e-10
2.799000000000000000e+03 1.573267182841262459e-10
2.800000000000000000e+03 1.573332554507194579e-10
2.801000000000000000e+03 1.573279796713358731e-10
2.802000000000000000e+03 1.573438279534913654e-10
2.803000000000000000e+03 1.573095037175350321e-10
2.804000000000000000e+03 1.573496189835998498e-10
2.805000000000000000e+03 1.573327926358293323e-10
2.806000000000000000e+03 1.573239722805632733e-10
2.807000000000000000e+03 1.573364410898694288e-10
2.808000000000000000e+03 1.573371782675655883e-10
2.809000000000000000e+03 1.573720244233231981e-10
2.810000000000000000e+03 1.573307272889942368e-10
2.811000000000000000e+03 1.573519694783114739e-10
2.812000000000000000e+03 1.573052969450707258e-10
2.813000000000000000e+03 1.573241891477068637e-10
2.814000000000000000e+03 1.573199614474001532e-10
2.815000000000000000e+03 1.573349265716520890e-10
2.816000000000000000e+03 1.573097658125175542e-10
2.817000000000000000e+03 1.573108265183472986e-10
2.818000000000000000e+03 1.573153878341048240e-10
2.819000000000000000e+03 1.573078903465711840e-10
2.820000000000000000e+03 1.573130097729405148e-10
2.821000000000000000e+03 1.573084812130752048e-10
2.822000000000000000e+03 1.573075361847556981e-10
2.823000000000000000e+03 1.573104127748912200e-10
2.824000000000000000e+03 1.573026453666553391e-10
2.825000000000000000e+03 1.573185869610242039e-10
2.826000000000000000e+03 1.573116879105007276e-10
2.827000000000000000e+03 1.573117357210117716e-10
2.828000000000000000e+03 1.572977418412584741e-10
2.829000000000000000e+03 1.573120229507788072e-10
2.830000000000000000e+03 1.573038138376344562e-10
2.831000000000000000e+03 1.572973764932073963e-10
2.832000000000000000e+03 1.573080756583530280e-10
2.833000000000000000e+03 1.573066171432021825e-10
2.834000000000000000e+03 1.573179839339914318e-10
2.835000000000000000e+03 1.573052345594392306e-10
2.836000000000000000e+03 1.572974031973410691e-10
2.837000000000000000e+03 1.573022327839021205e-10
2.838000000000000000e+03 1.572929805663273146e-10
2.839000000000000000e+03 1.573089718416588110e-10
2.840000000000000000e+03 1.573170891586757037e-10
2.841000000000000000e+03 1.572970249915000962e-10
2.842000000000000000e+03 1.573281583743866216e-10
2.843000000000000000e+03 1.573041938997300643e-10
2.844000000000000000e+03 1.573001733708165952e-10
2.845000000000000000e+03 1.572956186784005272e-10
2.846000000000000000e+03 1.572904606900413188e-10
2.847000000000000000e+03 1.572920693368831913e-10
2.848000000000000000e+03 1.573096564086707070e-10
2.849000000000000000e+03 1.573191475339985012e-10
2.850000000000000000e+03 1.572791886625759827e-10
2.851000000000000000e+03 1.573145919445623929e-10
2.852000000000000000e+03 1.572846974717991764e-10
2.853000000000000000e+03 1.572964355641923978e-10
2.854000000000000000e+03 1.572898358230235345e-10
2.855000000000000000e+03 1.572953273350376029e-10
2.856000000000000000e+03 1.572868386449379417e-10
2.857000000000000000e+03 1.572884713676671611e-10
2.858000000000000000e+03 1.572828736580738466e-10
2.859000000000000000e+03 1.572850743886065246e-10
2.860000000000000000e+03 1.573058994234164254e-10
2.861000000000000000e+03 1.572972855117697356e-10
2.862000000000000000e+03 1.572825520317853958e-10
2.863000000000000000e+03 1.572922171664608061e-10
2.864000000000000000e+03 1.572790507858258273e-10
2.865000000000000000e+03 1.572824438057979874e-10
2.866000000000000000e+03 1.572794085739369863e-10
2.867000000000000000e+03 1.573054139024970932e-10
2.868000000000000000e+03 1.572789622301631675e-10
2.869000000000000000e+03 1.572821077500213666e-10
2.870000000000000000e+03 1.572787973999232620e-10
2.871000000000000000e+03 1.572980553853647945e-10
2.872000000000000000e+03 1.572775502976053862e-10
2.873000000000000000e+03 1.572791995624462735e-10
2.874000000000000000e+03 1.572780000695624589e-10
2.875000000000000000e+03 1.572859593906305713e-10
2.876000000000000000e+03 1.572708291808972111e-10
2.877000000000000000e+03 1.572739075359776266e-10
2.878000000000000000e+03 1.572683398055631723e-10
2.879000000000000000e+03 1.572710858582585794e-10
2.880000000000000000e+03 1.572699576021796644e-10
2.881000000000000000e+03 1.572712555721443871e-10
2.882000000000000000e+03 1.572783242373037848e-10
2.883000000000000000e+03 1.572691137207788600e-10
2.884000000000000000e+03 1.572662890287763341e-10
2.885000000000000000e+03 1.572651919897965270e-10
2.886000000000000000e+03 1.572723350500646936e-10
2.887000000000000000e+03 1.572626245591736006e-10
2.888000000000000000e+03 1.572612969990297437e-10
2.889000000000000000e+03 1.572687648728201226e-10
2.890000000000000000e+03 1.572676830072462608e-10
2.891000000000000000e+03 1.572693684605619000e-10
2.892000000000000000e+03 1.572607079448679501e-10
2.893000000000000000e+03 1.572679900476709420e-10
2.894000000000000000e+03 1.572629395627630290e-10
2.895000000000000000e+03 1.572715205544411366e-10
2.896000000000000000e+03 1.572784619234702864e-10
2.897000000000000000e+03 1.572528927112642669e-10
2.898000000000000000e+03 1.572664667183440704e-10
2.899000000000000000e+03 1.572721768849387631e-10
2.900000000000000000e+03 1.572693383242046354e-10
2.901000000000000000e+03 1.572640564502927983e-10
2.902000000000000000e+03 1.572820935370588372e-10
2.903000000000000000e+03 1.572581357457402587e-10
2.904000000000000000e+03 1.572813218013228225e-10
2.905000000000000000e+03 1.572776392051500324e-10
2.906000000000000000e+03 1.572635934071738740e-10
2.907000000000000000e+03 1.572506659474593064e-10
2.908000000000000000e+03 1.572634873136730516e-10
2.909000000000000000e+03 1.572571364532699109e-10
2.910000000000000000e+03 1.572739435462462676e-10
2.911000000000000000e+03 1.572537663297768406e-10
2.912000000000000000e+03 1.572552513075367693e-10
2.913000000000000000e+03 1.572509375184351560e-10
2.914000000000000000e+03 1.572517530399570601e-10
2.915000000000000000e+03 1.572464512278866816e-10
2.916000000000000000e+03 1.572559422947708568e-10
2.917000000000000000e+03 1.572595988019163669e-10
2.918000000000000000e+03 1.572481462561621216e-10
2.919000000000000000e+03 1.572524506902553431e-10
2.920000000000000000e+03 1.572585033986235363e-10
2.921000000000000000e+03 1.572589126476558727e-10
2.922000000000000000e+03 1.572593552538139902e-10
2.923000000000000000e+03 1.572479383233955778e-10
2.924000000000000000e+03 1.572501033471898442e-10
2.925000000000000000e+03 1.572360329319514915e-10
2.926000000000000000e+03 1.572471046827385749e-10
2.927000000000000000e+03 1.572522873399356453e-10
2.928000000000000000e+03 1.572642439242603210e-10
2.929000000000000000e+03 1.572463662134656498e-10
2.930000000000000000e+03 1.572536464978332469e-10
2.931000000000000000e+03 1.572484146152624216e-10
2.932000000000000000e+03 1.572391677043943702e-10
2.933000000000000000e+03 1.572421920109899378e-10
2.934000000000000000e+03 1.572392160911404185e-10
2.935000000000000000e+03 1.572407861674425713e-10
2.936000000000000000e+03 1.572424681907894096e-10
2.937000000000000000e+03 1.572468526480379701e-10
2.938000000000000000e+03 1.572544656931793555e-10
2.939000000000000000e+03 1.572424230205515617e-10
2.940000000000000000e+03 1.572385429717543512e-10
2.941000000000000000e+03 1.572337616035473992e-10
2.942000000000000000e+03 1.572505448378143590e-10
2.943000000000000000e+03 1.572425778645928019e-10
2.944000000000000000e+03 1.572281897636292221e-10
2.945000000000000000e+03 1.572357988964956941e-10
2.946000000000000000e+03 1.572314806861072443e-10
2.947000000000000000e+03 1.572341975730297011e-10
2.948000000000000000e+03 1.572337300425339930e-10
2.949000000000000000e+03 1.572336616657673502e-10
2.950000000000000000e+03 1.572302703790330755e-10
2.951000000000000000e+03 1.572296336392630628e-10
2.952000000000000000e+03 1.572305756023482549e-10
2.953000000000000000e+03 1.572345381333216675e-10
2.954000000000000000e+03 1.572340546068933006e-10
2.955000000000000000e+03 1.572323219665453447e-10
2.956000000000000000e+03 1.572434426146193654e-10
2.957000000000000000e+03 1.572258931760915372e-10
2.958000000000000000e+03 1.572303432987631685e-10
2.959000000000000000e+03 1.572245627096276858e-10
2.960000000000000000e+03 1.572349905772884523e-10
2.961000000000000000e+03 1.572280140215016166e-10
2.962000000000000000e+03 1.572298990835088033e-10
2.963000000000000000e+03 1.572354567687087970e-10
2.964000000000000000e+03 1.572228832630911442e-10
2.965000000000000000e+03 1.572346364013553198e-10
2.966000000000000000e+03 1.572269366273955548e-10
2.967000000000000000e+03 1.572311709538500364e-10
2.968000000000000000e+03 1.572283978169894969e-10
2.969000000000000000e+03 1.572257963368519717e-10
2.970000000000000000e+03 1.572201374085541424e-10
2.971000000000000000e+03 1.572196307183479236e-10
2.972000000000000000e+03 1.572256396484400451e-10
2.973000000000000000e+03 1.572219353745372872e-10
2.974000000000000000e+03 1.572201712929794399e-10
2.975000000000000000e+03 1.572270527158487847e-10
2.976000000000000000e+03 1.572159598758634239e-10
2.977000000000000000e+03 1.572151559707365952e-10
2.978000000000000000e+03 1.572158291958280472e-10
2.979000000000000000e+03 1.572150023892799572e-10
2.980000000000000000e+03 1.572286366729972197e-10
2.981000000000000000e+03 1.572154284807133230e-10
2.982000000000000000e+03 1.572329236854262026e-10
2.983000000000000000e+03 1.572183335200610542e-10
2.984000000000000000e+03 1.572216891804798109e-10
2.985000000000000000e+03 1.572151737878164053e-10
2.986000000000000000e+03 1.572229591186663837e-10
2.987000000000000000e+03 1.572230945854183541e-10
2.988000000000000000e+03 1.572113437519608391e-10
2.989000000000000000e+03 1.572117898669490374e-10
2.990000000000000000e+03 1.572120779383106696e-10
2.991000000000000000e+03 1.572132662530415585e-10
2.992000000000000000e+03 1.572147012255899491e-10
2.993000000000000000e+03 1.572172854125149755e-10
2.994000000000000000e+03 1.572189542761120400e-10
2.995000000000000000e+03 1.572158531844834341e-10
2.996000000000000000e+03 1.572067581069602905e-10
2.997000000000000000e+03 1.572060455195006545e-10
2.998000000000000000e+03 1.572117987055755078e-10
2.999000000000000000e+03 1.572054903967692137e-10
