>> Device being used: cuda (NVIDIA GeForce RTX 4090)
Total number of parameters: 1321
>> Training Mesh resolution: 257x257
tensor(0.8109)
tensor(3.3456)
>> Preprocessing completed, time elapsed:  0.68s
>> ntrain: 300, lr: 0.01, gamma: 0.6, w_d: 0.0
----------------------------------------------------------------------------------------------------
>> epoch [   1/3000], runtime: 5.67s, train err: 1.3424e+00, valid err: 6.7618e-01 , test err: 7.8042e-01
>> epoch [   2/3000], runtime: 5.38s, train err: 5.8592e-01, valid err: 5.4830e-01 , test err: 5.9203e-01
>> epoch [   3/3000], runtime:  6.18s, train err: 5.9587e-01 (best:  5.8592e-01/ 5.4830e-01)
>> epoch [   4/3000], runtime: 6.35s, train err: 5.1206e-01, valid err: 5.0057e-01 , test err: 4.7760e-01
>> epoch [   5/3000], runtime: 6.29s, train err: 5.0146e-01, valid err: 4.7232e-01 , test err: 4.8993e-01
>> epoch [   6/3000], runtime: 6.49s, train err: 4.6109e-01, valid err: 4.4616e-01 , test err: 4.2237e-01
>> epoch [   7/3000], runtime: 6.47s, train err: 4.4352e-01, valid err: 3.9801e-01 , test err: 3.8373e-01
>> epoch [   8/3000], runtime: 6.18s, train err: 3.7892e-01, valid err: 3.6591e-01 , test err: 3.2539e-01
>> epoch [   9/3000], runtime: 5.84s, train err: 3.3234e-01, valid err: 3.5969e-01 , test err: 3.9835e-01
>> epoch [  10/3000], runtime: 5.82s, train err: 2.8729e-01, valid err: 2.5545e-01 , test err: 2.6267e-01
>> epoch [  11/3000], runtime: 5.92s, train err: 2.2649e-01, valid err: 1.9731e-01 , test err: 1.9397e-01
>> epoch [  12/3000], runtime: 5.70s, train err: 1.5586e-01, valid err: 1.2712e-01 , test err: 1.1073e-01
>> epoch [  13/3000], runtime: 5.22s, train err: 9.7034e-02, valid err: 8.1386e-02 , test err: 6.1372e-02
>> epoch [  14/3000], runtime: 4.82s, train err: 6.7866e-02, valid err: 6.5653e-02 , test err: 5.0123e-02
>> epoch [  15/3000], runtime:  4.75s, train err: 4.5475e-02 (best:  6.7866e-02/ 6.5653e-02)
>> epoch [  16/3000], runtime: 5.07s, train err: 3.1317e-02, valid err: 3.4927e-02 , test err: 2.6997e-02
>> epoch [  17/3000], runtime: 5.26s, train err: 2.5831e-02, valid err: 3.4586e-02 , test err: 2.9087e-02
>> epoch [  18/3000], runtime:  5.70s, train err: 3.0478e-02 (best:  2.5831e-02/ 3.4586e-02)
>> epoch [  19/3000], runtime:  6.88s, train err: 2.8155e-02 (best:  2.5831e-02/ 3.4586e-02)
>> epoch [  20/3000], runtime: 6.39s, train err: 2.3912e-02, valid err: 3.3891e-02 , test err: 2.7911e-02
>> epoch [  21/3000], runtime: 6.28s, train err: 2.3669e-02, valid err: 2.5936e-02 , test err: 1.8582e-02
>> epoch [  22/3000], runtime:  6.23s, train err: 2.1827e-02 (best:  2.3669e-02/ 2.5936e-02)
>> epoch [  23/3000], runtime:  6.99s, train err: 2.1654e-02 (best:  2.3669e-02/ 2.5936e-02)
>> epoch [  24/3000], runtime: 7.48s, train err: 2.0906e-02, valid err: 2.5848e-02 , test err: 1.8018e-02
>> epoch [  25/3000], runtime: 6.34s, train err: 1.9009e-02, valid err: 2.1442e-02 , test err: 1.6298e-02
>> epoch [  26/3000], runtime:  7.08s, train err: 2.4078e-02 (best:  1.9009e-02/ 2.1442e-02)
>> epoch [  27/3000], runtime:  7.19s, train err: 2.2917e-02 (best:  1.9009e-02/ 2.1442e-02)
>> epoch [  28/3000], runtime: 5.54s, train err: 1.7209e-02, valid err: 1.9209e-02 , test err: 1.3279e-02
>> epoch [  29/3000], runtime: 6.35s, train err: 1.5348e-02, valid err: 1.7934e-02 , test err: 1.2930e-02
>> epoch [  30/3000], runtime: 6.34s, train err: 1.3733e-02, valid err: 1.5885e-02 , test err: 1.1051e-02
>> epoch [  31/3000], runtime:  4.61s, train err: 1.5052e-02 (best:  1.3733e-02/ 1.5885e-02)
>> epoch [  32/3000], runtime:  6.59s, train err: 1.2041e-02 (best:  1.3733e-02/ 1.5885e-02)
>> epoch [  33/3000], runtime: 7.17s, train err: 1.1858e-02, valid err: 1.3935e-02 , test err: 9.5015e-03
>> epoch [  34/3000], runtime:  6.35s, train err: 1.2251e-02 (best:  1.1858e-02/ 1.3935e-02)
>> epoch [  35/3000], runtime:  6.14s, train err: 1.2886e-02 (best:  1.1858e-02/ 1.3935e-02)
>> epoch [  36/3000], runtime: 6.22s, train err: 1.0647e-02, valid err: 1.2024e-02 , test err: 8.5955e-03
>> epoch [  37/3000], runtime: 7.39s, train err: 1.0066e-02, valid err: 1.1878e-02 , test err: 8.7669e-03
>> epoch [  38/3000], runtime: 6.52s, train err: 9.1934e-03, valid err: 1.0219e-02 , test err: 6.9661e-03
>> epoch [  39/3000], runtime: 6.22s, train err: 9.0932e-03, valid err: 1.0199e-02 , test err: 7.3116e-03
>> epoch [  40/3000], runtime: 6.71s, train err: 8.6934e-03, valid err: 8.9629e-03 , test err: 6.2595e-03
>> epoch [  41/3000], runtime:  6.64s, train err: 7.9133e-03 (best:  8.6934e-03/ 8.9629e-03)
>> epoch [  42/3000], runtime: 6.29s, train err: 7.3691e-03, valid err: 8.6390e-03 , test err: 6.0668e-03
>> epoch [  43/3000], runtime:  6.56s, train err: 7.6525e-03 (best:  7.3691e-03/ 8.6390e-03)
>> epoch [  44/3000], runtime:  6.43s, train err: 8.3449e-03 (best:  7.3691e-03/ 8.6390e-03)
>> epoch [  45/3000], runtime: 6.48s, train err: 6.9822e-03, valid err: 7.6070e-03 , test err: 5.4338e-03
>> epoch [  46/3000], runtime:  5.77s, train err: 7.4488e-03 (best:  6.9822e-03/ 7.6070e-03)
>> epoch [  47/3000], runtime: 6.79s, train err: 6.6038e-03, valid err: 6.7035e-03 , test err: 4.8766e-03
>> epoch [  48/3000], runtime:  7.04s, train err: 6.4997e-03 (best:  6.6038e-03/ 6.7035e-03)
>> epoch [  49/3000], runtime:  6.50s, train err: 6.8803e-03 (best:  6.6038e-03/ 6.7035e-03)
>> epoch [  50/3000], runtime:  6.31s, train err: 7.5920e-03 (best:  6.6038e-03/ 6.7035e-03)
>> epoch [  51/3000], runtime:  7.41s, train err: 9.1188e-03 (best:  6.6038e-03/ 6.7035e-03)
>> epoch [  52/3000], runtime:  6.93s, train err: 7.3942e-03 (best:  6.6038e-03/ 6.7035e-03)
>> epoch [  53/3000], runtime:  5.96s, train err: 1.6060e-02 (best:  6.6038e-03/ 6.7035e-03)
>> epoch [  54/3000], runtime:  6.75s, train err: 8.8140e-03 (best:  6.6038e-03/ 6.7035e-03)
>> epoch [  55/3000], runtime: 6.04s, train err: 6.0442e-03, valid err: 5.8409e-03 , test err: 4.5787e-03
>> epoch [  56/3000], runtime:  7.28s, train err: 5.2514e-03 (best:  6.0442e-03/ 5.8409e-03)
>> epoch [  57/3000], runtime: 6.83s, train err: 5.7922e-03, valid err: 5.1485e-03 , test err: 4.0098e-03
>> epoch [  58/3000], runtime:  7.17s, train err: 5.5697e-03 (best:  5.7922e-03/ 5.1485e-03)
>> epoch [  59/3000], runtime:  7.04s, train err: 5.3272e-03 (best:  5.7922e-03/ 5.1485e-03)
>> epoch [  60/3000], runtime:  6.98s, train err: 6.7776e-03 (best:  5.7922e-03/ 5.1485e-03)
>> epoch [  61/3000], runtime:  5.95s, train err: 6.0727e-03 (best:  5.7922e-03/ 5.1485e-03)
>> epoch [  62/3000], runtime: 7.23s, train err: 5.0849e-03, valid err: 4.9587e-03 , test err: 3.9452e-03
>> epoch [  63/3000], runtime:  6.27s, train err: 6.2299e-03 (best:  5.0849e-03/ 4.9587e-03)
>> epoch [  64/3000], runtime:  7.47s, train err: 5.8337e-03 (best:  5.0849e-03/ 4.9587e-03)
>> epoch [  65/3000], runtime: 5.60s, train err: 4.8012e-03, valid err: 4.2732e-03 , test err: 3.4001e-03
>> epoch [  66/3000], runtime: 7.54s, train err: 4.6239e-03, valid err: 4.1943e-03 , test err: 3.3613e-03
>> epoch [  67/3000], runtime:  7.47s, train err: 6.8272e-03 (best:  4.6239e-03/ 4.1943e-03)
>> epoch [  68/3000], runtime:  6.64s, train err: 4.8447e-03 (best:  4.6239e-03/ 4.1943e-03)
>> epoch [  69/3000], runtime:  6.95s, train err: 6.9748e-03 (best:  4.6239e-03/ 4.1943e-03)
>> epoch [  70/3000], runtime:  5.90s, train err: 1.1392e-02 (best:  4.6239e-03/ 4.1943e-03)
>> epoch [  71/3000], runtime:  7.82s, train err: 6.5682e-03 (best:  4.6239e-03/ 4.1943e-03)
>> epoch [  72/3000], runtime:  6.88s, train err: 5.2140e-03 (best:  4.6239e-03/ 4.1943e-03)
>> epoch [  73/3000], runtime:  9.10s, train err: 5.2188e-03 (best:  4.6239e-03/ 4.1943e-03)
>> epoch [  74/3000], runtime:  6.43s, train err: 4.4935e-03 (best:  4.6239e-03/ 4.1943e-03)
>> epoch [  75/3000], runtime:  8.69s, train err: 6.4017e-03 (best:  4.6239e-03/ 4.1943e-03)
>> epoch [  76/3000], runtime:  5.83s, train err: 5.9233e-03 (best:  4.6239e-03/ 4.1943e-03)
>> epoch [  77/3000], runtime:  8.52s, train err: 6.0752e-03 (best:  4.6239e-03/ 4.1943e-03)
>> epoch [  78/3000], runtime:  8.89s, train err: 5.7727e-03 (best:  4.6239e-03/ 4.1943e-03)
>> epoch [  79/3000], runtime:  9.22s, train err: 8.1746e-03 (best:  4.6239e-03/ 4.1943e-03)
>> epoch [  80/3000], runtime:  8.20s, train err: 8.9982e-03 (best:  4.6239e-03/ 4.1943e-03)
>> epoch [  81/3000], runtime:  7.08s, train err: 6.1766e-03 (best:  4.6239e-03/ 4.1943e-03)
>> epoch [  82/3000], runtime:  7.56s, train err: 4.6652e-03 (best:  4.6239e-03/ 4.1943e-03)
>> epoch [  83/3000], runtime:  8.04s, train err: 4.2941e-03 (best:  4.6239e-03/ 4.1943e-03)
>> epoch [  84/3000], runtime:  9.40s, train err: 4.9275e-03 (best:  4.6239e-03/ 4.1943e-03)
>> epoch [  85/3000], runtime:  8.62s, train err: 5.5838e-03 (best:  4.6239e-03/ 4.1943e-03)
>> epoch [  86/3000], runtime:  8.83s, train err: 4.6297e-03 (best:  4.6239e-03/ 4.1943e-03)
>> epoch [  87/3000], runtime:  9.14s, train err: 4.8831e-03 (best:  4.6239e-03/ 4.1943e-03)
>> epoch [  88/3000], runtime: 8.29s, train err: 4.5921e-03, valid err: 3.8658e-03 , test err: 3.3032e-03
>> epoch [  89/3000], runtime:  8.87s, train err: 4.9929e-03 (best:  4.5921e-03/ 3.8658e-03)
>> epoch [  90/3000], runtime:  8.33s, train err: 5.8272e-03 (best:  4.5921e-03/ 3.8658e-03)
>> epoch [  91/3000], runtime:  7.06s, train err: 7.7521e-03 (best:  4.5921e-03/ 3.8658e-03)
>> epoch [  92/3000], runtime:  9.67s, train err: 4.6207e-03 (best:  4.5921e-03/ 3.8658e-03)
>> epoch [  93/3000], runtime:  8.75s, train err: 5.7611e-03 (best:  4.5921e-03/ 3.8658e-03)
>> epoch [  94/3000], runtime:  9.36s, train err: 6.6686e-03 (best:  4.5921e-03/ 3.8658e-03)
>> epoch [  95/3000], runtime: 9.17s, train err: 4.3159e-03, valid err: 3.4970e-03 , test err: 3.0264e-03
>> epoch [  96/3000], runtime:  8.88s, train err: 4.1046e-03 (best:  4.3159e-03/ 3.4970e-03)
>> epoch [  97/3000], runtime:  8.82s, train err: 4.6656e-03 (best:  4.3159e-03/ 3.4970e-03)
>> epoch [  98/3000], runtime:  8.43s, train err: 7.5534e-03 (best:  4.3159e-03/ 3.4970e-03)
>> epoch [  99/3000], runtime:  7.68s, train err: 5.8583e-03 (best:  4.3159e-03/ 3.4970e-03)
>> epoch [ 100/3000], runtime:  8.84s, train err: 5.1647e-03 (best:  4.3159e-03/ 3.4970e-03)
>> epoch [ 101/3000], runtime:  9.14s, train err: 4.0720e-03 (best:  4.3159e-03/ 3.4970e-03)
>> epoch [ 102/3000], runtime:  9.64s, train err: 5.2826e-03 (best:  4.3159e-03/ 3.4970e-03)
>> epoch [ 103/3000], runtime:  8.11s, train err: 5.0073e-03 (best:  4.3159e-03/ 3.4970e-03)
>> epoch [ 104/3000], runtime:  9.20s, train err: 5.7245e-03 (best:  4.3159e-03/ 3.4970e-03)
>> epoch [ 105/3000], runtime: 8.41s, train err: 4.1379e-03, valid err: 3.3330e-03 , test err: 3.1700e-03
>> epoch [ 106/3000], runtime:  9.15s, train err: 3.8352e-03 (best:  4.1379e-03/ 3.3330e-03)
>> epoch [ 107/3000], runtime:  9.30s, train err: 5.0046e-03 (best:  4.1379e-03/ 3.3330e-03)
>> epoch [ 108/3000], runtime:  10.03s, train err: 3.8402e-03 (best:  4.1379e-03/ 3.3330e-03)
>> epoch [ 109/3000], runtime:  9.53s, train err: 3.5597e-03 (best:  4.1379e-03/ 3.3330e-03)
>> epoch [ 110/3000], runtime:  9.43s, train err: 3.6296e-03 (best:  4.1379e-03/ 3.3330e-03)
>> epoch [ 111/3000], runtime: 7.25s, train err: 4.0811e-03, valid err: 3.1139e-03 , test err: 3.0824e-03
>> epoch [ 112/3000], runtime:  8.59s, train err: 4.7077e-03 (best:  4.0811e-03/ 3.1139e-03)
>> epoch [ 113/3000], runtime:  9.59s, train err: 8.8419e-03 (best:  4.0811e-03/ 3.1139e-03)
>> epoch [ 114/3000], runtime:  9.14s, train err: 7.2699e-03 (best:  4.0811e-03/ 3.1139e-03)
>> epoch [ 115/3000], runtime:  8.97s, train err: 5.0998e-03 (best:  4.0811e-03/ 3.1139e-03)
>> epoch [ 116/3000], runtime:  7.73s, train err: 4.1452e-03 (best:  4.0811e-03/ 3.1139e-03)
>> epoch [ 117/3000], runtime:  8.89s, train err: 4.0294e-03 (best:  4.0811e-03/ 3.1139e-03)
>> epoch [ 118/3000], runtime:  9.57s, train err: 3.3146e-03 (best:  4.0811e-03/ 3.1139e-03)
>> epoch [ 119/3000], runtime:  8.91s, train err: 7.2895e-03 (best:  4.0811e-03/ 3.1139e-03)
>> epoch [ 120/3000], runtime:  6.55s, train err: 4.3796e-03 (best:  4.0811e-03/ 3.1139e-03)
>> epoch [ 121/3000], runtime:  9.91s, train err: 4.0629e-03 (best:  4.0811e-03/ 3.1139e-03)
>> epoch [ 122/3000], runtime:  7.81s, train err: 4.1940e-03 (best:  4.0811e-03/ 3.1139e-03)
>> epoch [ 123/3000], runtime:  7.32s, train err: 4.2008e-03 (best:  4.0811e-03/ 3.1139e-03)
>> epoch [ 124/3000], runtime:  9.43s, train err: 4.5906e-03 (best:  4.0811e-03/ 3.1139e-03)
>> epoch [ 125/3000], runtime:  6.34s, train err: 3.4466e-03 (best:  4.0811e-03/ 3.1139e-03)
>> epoch [ 126/3000], runtime:  9.22s, train err: 4.1573e-03 (best:  4.0811e-03/ 3.1139e-03)
>> epoch [ 127/3000], runtime: 7.80s, train err: 3.2778e-03, valid err: 2.9844e-03 , test err: 3.0641e-03
>> epoch [ 128/3000], runtime:  8.09s, train err: 3.4183e-03 (best:  3.2778e-03/ 2.9844e-03)
>> epoch [ 129/3000], runtime:  9.17s, train err: 3.6131e-03 (best:  3.2778e-03/ 2.9844e-03)
>> epoch [ 130/3000], runtime: 7.55s, train err: 3.1795e-03, valid err: 2.8672e-03 , test err: 2.6705e-03
>> epoch [ 131/3000], runtime:  9.94s, train err: 4.0832e-03 (best:  3.1795e-03/ 2.8672e-03)
>> epoch [ 132/3000], runtime:  9.11s, train err: 4.1113e-03 (best:  3.1795e-03/ 2.8672e-03)
>> epoch [ 133/3000], runtime:  8.89s, train err: 3.6223e-03 (best:  3.1795e-03/ 2.8672e-03)
>> epoch [ 134/3000], runtime:  9.46s, train err: 3.4736e-03 (best:  3.1795e-03/ 2.8672e-03)
>> epoch [ 135/3000], runtime:  8.67s, train err: 5.0066e-03 (best:  3.1795e-03/ 2.8672e-03)
>> epoch [ 136/3000], runtime:  9.50s, train err: 3.9083e-03 (best:  3.1795e-03/ 2.8672e-03)
>> epoch [ 137/3000], runtime:  8.90s, train err: 3.2384e-03 (best:  3.1795e-03/ 2.8672e-03)
>> epoch [ 138/3000], runtime:  9.53s, train err: 3.4720e-03 (best:  3.1795e-03/ 2.8672e-03)
>> epoch [ 139/3000], runtime:  8.73s, train err: 2.9831e-03 (best:  3.1795e-03/ 2.8672e-03)
>> epoch [ 140/3000], runtime:  9.95s, train err: 3.2559e-03 (best:  3.1795e-03/ 2.8672e-03)
>> epoch [ 141/3000], runtime:  9.15s, train err: 3.2795e-03 (best:  3.1795e-03/ 2.8672e-03)
>> epoch [ 142/3000], runtime:  9.84s, train err: 5.3810e-03 (best:  3.1795e-03/ 2.8672e-03)
>> epoch [ 143/3000], runtime:  9.61s, train err: 3.8081e-03 (best:  3.1795e-03/ 2.8672e-03)
>> epoch [ 144/3000], runtime:  9.99s, train err: 2.9972e-03 (best:  3.1795e-03/ 2.8672e-03)
>> epoch [ 145/3000], runtime: 8.95s, train err: 3.0558e-03, valid err: 2.6097e-03 , test err: 2.4934e-03
>> epoch [ 146/3000], runtime:  9.24s, train err: 3.5018e-03 (best:  3.0558e-03/ 2.6097e-03)
>> epoch [ 147/3000], runtime:  9.26s, train err: 3.6214e-03 (best:  3.0558e-03/ 2.6097e-03)
>> epoch [ 148/3000], runtime:  9.64s, train err: 3.9523e-03 (best:  3.0558e-03/ 2.6097e-03)
>> epoch [ 149/3000], runtime: 8.99s, train err: 2.8437e-03, valid err: 2.3901e-03 , test err: 2.3530e-03
>> epoch [ 150/3000], runtime:  9.84s, train err: 3.2675e-03 (best:  2.8437e-03/ 2.3901e-03)
>> epoch [ 151/3000], runtime:  9.99s, train err: 2.7946e-03 (best:  2.8437e-03/ 2.3901e-03)
>> epoch [ 152/3000], runtime:  9.32s, train err: 3.0816e-03 (best:  2.8437e-03/ 2.3901e-03)
>> epoch [ 153/3000], runtime:  9.29s, train err: 2.8768e-03 (best:  2.8437e-03/ 2.3901e-03)
>> epoch [ 154/3000], runtime:  9.91s, train err: 3.1574e-03 (best:  2.8437e-03/ 2.3901e-03)
>> epoch [ 155/3000], runtime:  9.46s, train err: 5.2125e-03 (best:  2.8437e-03/ 2.3901e-03)
>> epoch [ 156/3000], runtime:  9.21s, train err: 7.3554e-03 (best:  2.8437e-03/ 2.3901e-03)
>> epoch [ 157/3000], runtime:  8.72s, train err: 9.7530e-03 (best:  2.8437e-03/ 2.3901e-03)
>> epoch [ 158/3000], runtime:  9.54s, train err: 4.5378e-03 (best:  2.8437e-03/ 2.3901e-03)
>> epoch [ 159/3000], runtime:  8.76s, train err: 2.6120e-03 (best:  2.8437e-03/ 2.3901e-03)
>> epoch [ 160/3000], runtime:  9.72s, train err: 2.8582e-03 (best:  2.8437e-03/ 2.3901e-03)
>> epoch [ 161/3000], runtime:  8.83s, train err: 2.5993e-03 (best:  2.8437e-03/ 2.3901e-03)
>> epoch [ 162/3000], runtime:  9.63s, train err: 3.2436e-03 (best:  2.8437e-03/ 2.3901e-03)
>> epoch [ 163/3000], runtime:  9.51s, train err: 3.2971e-03 (best:  2.8437e-03/ 2.3901e-03)
>> epoch [ 164/3000], runtime:  8.81s, train err: 3.2781e-03 (best:  2.8437e-03/ 2.3901e-03)
>> epoch [ 165/3000], runtime:  8.70s, train err: 3.1600e-03 (best:  2.8437e-03/ 2.3901e-03)
>> epoch [ 166/3000], runtime:  8.86s, train err: 3.2906e-03 (best:  2.8437e-03/ 2.3901e-03)
>> epoch [ 167/3000], runtime:  9.09s, train err: 2.9954e-03 (best:  2.8437e-03/ 2.3901e-03)
>> epoch [ 168/3000], runtime:  8.73s, train err: 3.0587e-03 (best:  2.8437e-03/ 2.3901e-03)
>> epoch [ 169/3000], runtime: 9.67s, train err: 2.7507e-03, valid err: 2.1264e-03 , test err: 2.0129e-03
>> epoch [ 170/3000], runtime:  9.77s, train err: 2.6975e-03 (best:  2.7507e-03/ 2.1264e-03)
>> epoch [ 171/3000], runtime:  10.18s, train err: 2.9662e-03 (best:  2.7507e-03/ 2.1264e-03)
>> epoch [ 172/3000], runtime:  9.38s, train err: 3.1279e-03 (best:  2.7507e-03/ 2.1264e-03)
>> epoch [ 173/3000], runtime:  9.44s, train err: 2.7568e-03 (best:  2.7507e-03/ 2.1264e-03)
>> epoch [ 174/3000], runtime:  9.22s, train err: 3.1358e-03 (best:  2.7507e-03/ 2.1264e-03)
>> epoch [ 175/3000], runtime:  8.16s, train err: 3.2927e-03 (best:  2.7507e-03/ 2.1264e-03)
>> epoch [ 176/3000], runtime:  8.68s, train err: 3.5341e-03 (best:  2.7507e-03/ 2.1264e-03)
>> epoch [ 177/3000], runtime:  10.28s, train err: 2.5374e-03 (best:  2.7507e-03/ 2.1264e-03)
>> epoch [ 178/3000], runtime:  10.34s, train err: 2.8571e-03 (best:  2.7507e-03/ 2.1264e-03)
>> epoch [ 179/3000], runtime:  9.93s, train err: 3.2185e-03 (best:  2.7507e-03/ 2.1264e-03)
>> epoch [ 180/3000], runtime:  9.78s, train err: 3.5255e-03 (best:  2.7507e-03/ 2.1264e-03)
>> epoch [ 181/3000], runtime:  9.90s, train err: 2.8732e-03 (best:  2.7507e-03/ 2.1264e-03)
>> epoch [ 182/3000], runtime:  9.18s, train err: 2.4816e-03 (best:  2.7507e-03/ 2.1264e-03)
>> epoch [ 183/3000], runtime:  8.90s, train err: 3.4072e-03 (best:  2.7507e-03/ 2.1264e-03)
>> epoch [ 184/3000], runtime:  10.01s, train err: 3.3859e-03 (best:  2.7507e-03/ 2.1264e-03)
>> epoch [ 185/3000], runtime:  9.60s, train err: 3.5470e-03 (best:  2.7507e-03/ 2.1264e-03)
>> epoch [ 186/3000], runtime:  10.09s, train err: 3.6046e-03 (best:  2.7507e-03/ 2.1264e-03)
>> epoch [ 187/3000], runtime:  10.23s, train err: 3.2944e-03 (best:  2.7507e-03/ 2.1264e-03)
>> epoch [ 188/3000], runtime:  9.22s, train err: 2.9111e-03 (best:  2.7507e-03/ 2.1264e-03)
>> epoch [ 189/3000], runtime:  8.99s, train err: 2.8142e-03 (best:  2.7507e-03/ 2.1264e-03)
>> epoch [ 190/3000], runtime: 8.71s, train err: 2.5067e-03, valid err: 1.8739e-03 , test err: 1.8710e-03
>> epoch [ 191/3000], runtime:  8.81s, train err: 2.5984e-03 (best:  2.5067e-03/ 1.8739e-03)
>> epoch [ 192/3000], runtime:  9.51s, train err: 2.8046e-03 (best:  2.5067e-03/ 1.8739e-03)
>> epoch [ 193/3000], runtime:  9.80s, train err: 2.6479e-03 (best:  2.5067e-03/ 1.8739e-03)
>> epoch [ 194/3000], runtime:  9.93s, train err: 3.2910e-03 (best:  2.5067e-03/ 1.8739e-03)
>> epoch [ 195/3000], runtime:  9.96s, train err: 2.4147e-03 (best:  2.5067e-03/ 1.8739e-03)
>> epoch [ 196/3000], runtime:  10.08s, train err: 2.3832e-03 (best:  2.5067e-03/ 1.8739e-03)
>> epoch [ 197/3000], runtime:  9.75s, train err: 2.6294e-03 (best:  2.5067e-03/ 1.8739e-03)
>> epoch [ 198/3000], runtime:  9.10s, train err: 2.7217e-03 (best:  2.5067e-03/ 1.8739e-03)
>> epoch [ 199/3000], runtime:  9.51s, train err: 2.2953e-03 (best:  2.5067e-03/ 1.8739e-03)
>> epoch [ 200/3000], runtime:  9.79s, train err: 2.3456e-03 (best:  2.5067e-03/ 1.8739e-03)
>> epoch [ 201/3000], runtime:  10.28s, train err: 2.2792e-03 (best:  2.5067e-03/ 1.8739e-03)
>> epoch [ 202/3000], runtime:  10.48s, train err: 2.3094e-03 (best:  2.5067e-03/ 1.8739e-03)
>> epoch [ 203/3000], runtime:  9.19s, train err: 2.8052e-03 (best:  2.5067e-03/ 1.8739e-03)
>> epoch [ 204/3000], runtime: 8.60s, train err: 2.2223e-03, valid err: 1.7583e-03 , test err: 1.8212e-03
>> epoch [ 205/3000], runtime:  9.90s, train err: 2.3815e-03 (best:  2.2223e-03/ 1.7583e-03)
>> epoch [ 206/3000], runtime:  9.37s, train err: 2.8551e-03 (best:  2.2223e-03/ 1.7583e-03)
>> epoch [ 207/3000], runtime:  9.67s, train err: 2.4469e-03 (best:  2.2223e-03/ 1.7583e-03)
>> epoch [ 208/3000], runtime:  8.78s, train err: 2.2626e-03 (best:  2.2223e-03/ 1.7583e-03)
>> epoch [ 209/3000], runtime:  10.15s, train err: 2.4134e-03 (best:  2.2223e-03/ 1.7583e-03)
>> epoch [ 210/3000], runtime:  9.49s, train err: 2.5175e-03 (best:  2.2223e-03/ 1.7583e-03)
>> epoch [ 211/3000], runtime:  8.84s, train err: 2.1991e-03 (best:  2.2223e-03/ 1.7583e-03)
>> epoch [ 212/3000], runtime: 9.27s, train err: 2.1998e-03, valid err: 1.7201e-03 , test err: 1.6895e-03
>> epoch [ 213/3000], runtime:  8.79s, train err: 2.2017e-03 (best:  2.1998e-03/ 1.7201e-03)
>> epoch [ 214/3000], runtime:  8.74s, train err: 2.2500e-03 (best:  2.1998e-03/ 1.7201e-03)
>> epoch [ 215/3000], runtime:  9.71s, train err: 2.2938e-03 (best:  2.1998e-03/ 1.7201e-03)
>> epoch [ 216/3000], runtime: 10.37s, train err: 2.1349e-03, valid err: 1.6119e-03 , test err: 1.6186e-03
>> epoch [ 217/3000], runtime:  10.18s, train err: 2.1351e-03 (best:  2.1349e-03/ 1.6119e-03)
>> epoch [ 218/3000], runtime:  8.64s, train err: 2.8107e-03 (best:  2.1349e-03/ 1.6119e-03)
>> epoch [ 219/3000], runtime:  9.48s, train err: 2.6131e-03 (best:  2.1349e-03/ 1.6119e-03)
>> epoch [ 220/3000], runtime:  7.05s, train err: 3.7756e-03 (best:  2.1349e-03/ 1.6119e-03)
>> epoch [ 221/3000], runtime:  8.77s, train err: 5.0063e-03 (best:  2.1349e-03/ 1.6119e-03)
>> epoch [ 222/3000], runtime:  9.12s, train err: 2.2642e-03 (best:  2.1349e-03/ 1.6119e-03)
>> epoch [ 223/3000], runtime:  7.55s, train err: 2.4167e-03 (best:  2.1349e-03/ 1.6119e-03)
>> epoch [ 224/3000], runtime:  8.43s, train err: 3.1851e-03 (best:  2.1349e-03/ 1.6119e-03)
>> epoch [ 225/3000], runtime:  9.27s, train err: 2.5929e-03 (best:  2.1349e-03/ 1.6119e-03)
>> epoch [ 226/3000], runtime:  9.70s, train err: 2.0243e-03 (best:  2.1349e-03/ 1.6119e-03)
>> epoch [ 227/3000], runtime:  9.16s, train err: 2.0738e-03 (best:  2.1349e-03/ 1.6119e-03)
>> epoch [ 228/3000], runtime:  8.56s, train err: 2.0033e-03 (best:  2.1349e-03/ 1.6119e-03)
>> epoch [ 229/3000], runtime:  9.72s, train err: 2.0080e-03 (best:  2.1349e-03/ 1.6119e-03)
>> epoch [ 230/3000], runtime:  9.26s, train err: 2.0420e-03 (best:  2.1349e-03/ 1.6119e-03)
>> epoch [ 231/3000], runtime:  9.63s, train err: 2.3145e-03 (best:  2.1349e-03/ 1.6119e-03)
>> epoch [ 232/3000], runtime:  9.22s, train err: 1.9347e-03 (best:  2.1349e-03/ 1.6119e-03)
>> epoch [ 233/3000], runtime:  9.68s, train err: 2.0840e-03 (best:  2.1349e-03/ 1.6119e-03)
>> epoch [ 234/3000], runtime:  9.76s, train err: 1.8095e-03 (best:  2.1349e-03/ 1.6119e-03)
>> epoch [ 235/3000], runtime:  8.13s, train err: 2.3199e-03 (best:  2.1349e-03/ 1.6119e-03)
>> epoch [ 236/3000], runtime: 10.14s, train err: 2.0890e-03, valid err: 1.5478e-03 , test err: 1.6238e-03
>> epoch [ 237/3000], runtime: 9.63s, train err: 1.8135e-03, valid err: 1.5337e-03 , test err: 1.6415e-03
>> epoch [ 238/3000], runtime:  9.81s, train err: 1.8335e-03 (best:  1.8135e-03/ 1.5337e-03)
>> epoch [ 239/3000], runtime:  8.79s, train err: 1.8415e-03 (best:  1.8135e-03/ 1.5337e-03)
>> epoch [ 240/3000], runtime:  10.02s, train err: 2.3241e-03 (best:  1.8135e-03/ 1.5337e-03)
>> epoch [ 241/3000], runtime: 9.62s, train err: 1.7493e-03, valid err: 1.4986e-03 , test err: 1.5806e-03
>> epoch [ 242/3000], runtime:  9.01s, train err: 2.0130e-03 (best:  1.7493e-03/ 1.4986e-03)
>> epoch [ 243/3000], runtime:  8.45s, train err: 2.0790e-03 (best:  1.7493e-03/ 1.4986e-03)
>> epoch [ 244/3000], runtime:  9.64s, train err: 2.4125e-03 (best:  1.7493e-03/ 1.4986e-03)
>> epoch [ 245/3000], runtime:  8.82s, train err: 2.2543e-03 (best:  1.7493e-03/ 1.4986e-03)
>> epoch [ 246/3000], runtime:  8.66s, train err: 2.2797e-03 (best:  1.7493e-03/ 1.4986e-03)
>> epoch [ 247/3000], runtime:  7.39s, train err: 2.2479e-03 (best:  1.7493e-03/ 1.4986e-03)
>> epoch [ 248/3000], runtime:  10.32s, train err: 1.9321e-03 (best:  1.7493e-03/ 1.4986e-03)
>> epoch [ 249/3000], runtime:  8.66s, train err: 1.9911e-03 (best:  1.7493e-03/ 1.4986e-03)
>> epoch [ 250/3000], runtime: 9.93s, train err: 1.6689e-03, valid err: 1.3930e-03 , test err: 1.4002e-03
>> epoch [ 251/3000], runtime:  9.72s, train err: 1.7552e-03 (best:  1.6689e-03/ 1.3930e-03)
>> epoch [ 252/3000], runtime:  6.58s, train err: 2.2661e-03 (best:  1.6689e-03/ 1.3930e-03)
>> epoch [ 253/3000], runtime:  10.32s, train err: 1.9647e-03 (best:  1.6689e-03/ 1.3930e-03)
>> epoch [ 254/3000], runtime:  10.58s, train err: 1.8847e-03 (best:  1.6689e-03/ 1.3930e-03)
>> epoch [ 255/3000], runtime:  10.01s, train err: 1.7105e-03 (best:  1.6689e-03/ 1.3930e-03)
>> epoch [ 256/3000], runtime:  9.55s, train err: 1.7352e-03 (best:  1.6689e-03/ 1.3930e-03)
>> epoch [ 257/3000], runtime:  8.62s, train err: 1.8310e-03 (best:  1.6689e-03/ 1.3930e-03)
>> epoch [ 258/3000], runtime:  10.23s, train err: 1.7437e-03 (best:  1.6689e-03/ 1.3930e-03)
>> epoch [ 259/3000], runtime:  9.49s, train err: 1.8563e-03 (best:  1.6689e-03/ 1.3930e-03)
>> epoch [ 260/3000], runtime:  9.88s, train err: 1.9685e-03 (best:  1.6689e-03/ 1.3930e-03)
>> epoch [ 261/3000], runtime:  9.74s, train err: 2.1080e-03 (best:  1.6689e-03/ 1.3930e-03)
>> epoch [ 262/3000], runtime:  9.44s, train err: 1.7644e-03 (best:  1.6689e-03/ 1.3930e-03)
>> epoch [ 263/3000], runtime:  9.65s, train err: 1.6829e-03 (best:  1.6689e-03/ 1.3930e-03)
>> epoch [ 264/3000], runtime:  9.97s, train err: 1.6634e-03 (best:  1.6689e-03/ 1.3930e-03)
>> epoch [ 265/3000], runtime:  9.66s, train err: 1.9295e-03 (best:  1.6689e-03/ 1.3930e-03)
>> epoch [ 266/3000], runtime:  8.55s, train err: 2.0162e-03 (best:  1.6689e-03/ 1.3930e-03)
>> epoch [ 267/3000], runtime:  9.07s, train err: 1.7215e-03 (best:  1.6689e-03/ 1.3930e-03)
>> epoch [ 268/3000], runtime:  9.70s, train err: 1.6823e-03 (best:  1.6689e-03/ 1.3930e-03)
>> epoch [ 269/3000], runtime:  9.23s, train err: 1.8251e-03 (best:  1.6689e-03/ 1.3930e-03)
>> epoch [ 270/3000], runtime:  9.05s, train err: 2.2517e-03 (best:  1.6689e-03/ 1.3930e-03)
>> epoch [ 271/3000], runtime:  9.12s, train err: 1.7031e-03 (best:  1.6689e-03/ 1.3930e-03)
>> epoch [ 272/3000], runtime:  10.49s, train err: 1.6716e-03 (best:  1.6689e-03/ 1.3930e-03)
>> epoch [ 273/3000], runtime:  9.80s, train err: 1.6934e-03 (best:  1.6689e-03/ 1.3930e-03)
>> epoch [ 274/3000], runtime:  9.43s, train err: 1.6403e-03 (best:  1.6689e-03/ 1.3930e-03)
>> epoch [ 275/3000], runtime: 8.93s, train err: 1.5560e-03, valid err: 1.2146e-03 , test err: 1.2404e-03
>> epoch [ 276/3000], runtime:  9.33s, train err: 1.5229e-03 (best:  1.5560e-03/ 1.2146e-03)
>> epoch [ 277/3000], runtime:  9.51s, train err: 1.6419e-03 (best:  1.5560e-03/ 1.2146e-03)
>> epoch [ 278/3000], runtime:  10.05s, train err: 1.6813e-03 (best:  1.5560e-03/ 1.2146e-03)
>> epoch [ 279/3000], runtime:  8.68s, train err: 1.6764e-03 (best:  1.5560e-03/ 1.2146e-03)
>> epoch [ 280/3000], runtime:  9.72s, train err: 1.5146e-03 (best:  1.5560e-03/ 1.2146e-03)
>> epoch [ 281/3000], runtime: 8.45s, train err: 1.4552e-03, valid err: 1.1865e-03 , test err: 1.2147e-03
>> epoch [ 282/3000], runtime:  9.53s, train err: 1.6198e-03 (best:  1.4552e-03/ 1.1865e-03)
>> epoch [ 283/3000], runtime:  9.67s, train err: 1.5907e-03 (best:  1.4552e-03/ 1.1865e-03)
>> epoch [ 284/3000], runtime:  9.89s, train err: 2.0542e-03 (best:  1.4552e-03/ 1.1865e-03)
>> epoch [ 285/3000], runtime:  10.33s, train err: 1.7063e-03 (best:  1.4552e-03/ 1.1865e-03)
>> epoch [ 286/3000], runtime:  9.46s, train err: 1.7097e-03 (best:  1.4552e-03/ 1.1865e-03)
>> epoch [ 287/3000], runtime:  9.45s, train err: 1.8742e-03 (best:  1.4552e-03/ 1.1865e-03)
>> epoch [ 288/3000], runtime:  9.88s, train err: 1.6884e-03 (best:  1.4552e-03/ 1.1865e-03)
>> epoch [ 289/3000], runtime:  9.03s, train err: 1.6916e-03 (best:  1.4552e-03/ 1.1865e-03)
>> epoch [ 290/3000], runtime:  7.63s, train err: 1.8052e-03 (best:  1.4552e-03/ 1.1865e-03)
>> epoch [ 291/3000], runtime:  8.38s, train err: 1.9277e-03 (best:  1.4552e-03/ 1.1865e-03)
>> epoch [ 292/3000], runtime:  9.12s, train err: 1.5271e-03 (best:  1.4552e-03/ 1.1865e-03)
>> epoch [ 293/3000], runtime:  9.85s, train err: 1.4795e-03 (best:  1.4552e-03/ 1.1865e-03)
>> epoch [ 294/3000], runtime:  8.55s, train err: 1.4406e-03 (best:  1.4552e-03/ 1.1865e-03)
>> epoch [ 295/3000], runtime:  9.53s, train err: 1.4884e-03 (best:  1.4552e-03/ 1.1865e-03)
>> epoch [ 296/3000], runtime:  9.22s, train err: 1.6087e-03 (best:  1.4552e-03/ 1.1865e-03)
>> epoch [ 297/3000], runtime:  8.21s, train err: 1.6236e-03 (best:  1.4552e-03/ 1.1865e-03)
>> epoch [ 298/3000], runtime:  9.30s, train err: 1.4539e-03 (best:  1.4552e-03/ 1.1865e-03)
>> epoch [ 299/3000], runtime:  9.21s, train err: 1.5720e-03 (best:  1.4552e-03/ 1.1865e-03)
>> epoch [ 300/3000], runtime:  8.73s, train err: 1.5428e-03 (best:  1.4552e-03/ 1.1865e-03)
>> epoch [ 301/3000], runtime:  10.23s, train err: 1.8498e-03 (best:  1.4552e-03/ 1.1865e-03)
>> epoch [ 302/3000], runtime:  9.38s, train err: 1.4828e-03 (best:  1.4552e-03/ 1.1865e-03)
>> epoch [ 303/3000], runtime:  10.43s, train err: 1.4222e-03 (best:  1.4552e-03/ 1.1865e-03)
>> epoch [ 304/3000], runtime:  9.63s, train err: 1.4652e-03 (best:  1.4552e-03/ 1.1865e-03)
>> epoch [ 305/3000], runtime:  9.69s, train err: 1.6006e-03 (best:  1.4552e-03/ 1.1865e-03)
>> epoch [ 306/3000], runtime:  9.09s, train err: 1.6407e-03 (best:  1.4552e-03/ 1.1865e-03)
>> epoch [ 307/3000], runtime: 8.63s, train err: 1.4379e-03, valid err: 1.0916e-03 , test err: 1.1382e-03
>> epoch [ 308/3000], runtime:  10.50s, train err: 2.2305e-03 (best:  1.4379e-03/ 1.0916e-03)
>> epoch [ 309/3000], runtime:  8.01s, train err: 2.0981e-03 (best:  1.4379e-03/ 1.0916e-03)
>> epoch [ 310/3000], runtime:  10.54s, train err: 1.4894e-03 (best:  1.4379e-03/ 1.0916e-03)
>> epoch [ 311/3000], runtime:  9.24s, train err: 1.5253e-03 (best:  1.4379e-03/ 1.0916e-03)
>> epoch [ 312/3000], runtime:  10.28s, train err: 1.9328e-03 (best:  1.4379e-03/ 1.0916e-03)
>> epoch [ 313/3000], runtime: 8.58s, train err: 1.3799e-03, valid err: 1.0287e-03 , test err: 1.0604e-03
>> epoch [ 314/3000], runtime:  10.16s, train err: 1.3525e-03 (best:  1.3799e-03/ 1.0287e-03)
>> epoch [ 315/3000], runtime:  8.55s, train err: 1.4612e-03 (best:  1.3799e-03/ 1.0287e-03)
>> epoch [ 316/3000], runtime:  9.46s, train err: 1.2936e-03 (best:  1.3799e-03/ 1.0287e-03)
>> epoch [ 317/3000], runtime:  9.25s, train err: 1.2922e-03 (best:  1.3799e-03/ 1.0287e-03)
>> epoch [ 318/3000], runtime:  9.03s, train err: 1.2863e-03 (best:  1.3799e-03/ 1.0287e-03)
>> epoch [ 319/3000], runtime:  9.43s, train err: 1.3839e-03 (best:  1.3799e-03/ 1.0287e-03)
>> epoch [ 320/3000], runtime: 9.67s, train err: 1.3553e-03, valid err: 1.0135e-03 , test err: 1.0504e-03
>> epoch [ 321/3000], runtime:  9.37s, train err: 1.3158e-03 (best:  1.3553e-03/ 1.0135e-03)
>> epoch [ 322/3000], runtime:  8.97s, train err: 1.3631e-03 (best:  1.3553e-03/ 1.0135e-03)
>> epoch [ 323/3000], runtime:  8.30s, train err: 1.5083e-03 (best:  1.3553e-03/ 1.0135e-03)
>> epoch [ 324/3000], runtime:  8.83s, train err: 1.2766e-03 (best:  1.3553e-03/ 1.0135e-03)
>> epoch [ 325/3000], runtime:  8.25s, train err: 1.5560e-03 (best:  1.3553e-03/ 1.0135e-03)
>> epoch [ 326/3000], runtime:  8.95s, train err: 1.3788e-03 (best:  1.3553e-03/ 1.0135e-03)
>> epoch [ 327/3000], runtime: 9.77s, train err: 1.2602e-03, valid err: 9.8694e-04 , test err: 1.0290e-03
>> epoch [ 328/3000], runtime:  10.15s, train err: 1.3578e-03 (best:  1.2602e-03/ 9.8694e-04)
>> epoch [ 329/3000], runtime:  9.44s, train err: 1.4800e-03 (best:  1.2602e-03/ 9.8694e-04)
>> epoch [ 330/3000], runtime:  8.25s, train err: 1.5303e-03 (best:  1.2602e-03/ 9.8694e-04)
>> epoch [ 331/3000], runtime:  9.04s, train err: 1.9064e-03 (best:  1.2602e-03/ 9.8694e-04)
>> epoch [ 332/3000], runtime:  8.91s, train err: 1.4890e-03 (best:  1.2602e-03/ 9.8694e-04)
>> epoch [ 333/3000], runtime:  10.06s, train err: 1.3787e-03 (best:  1.2602e-03/ 9.8694e-04)
>> epoch [ 334/3000], runtime:  8.60s, train err: 1.2802e-03 (best:  1.2602e-03/ 9.8694e-04)
>> epoch [ 335/3000], runtime:  9.64s, train err: 1.5741e-03 (best:  1.2602e-03/ 9.8694e-04)
>> epoch [ 336/3000], runtime:  10.18s, train err: 1.8783e-03 (best:  1.2602e-03/ 9.8694e-04)
>> epoch [ 337/3000], runtime:  9.14s, train err: 1.3784e-03 (best:  1.2602e-03/ 9.8694e-04)
>> epoch [ 338/3000], runtime:  8.82s, train err: 1.2761e-03 (best:  1.2602e-03/ 9.8694e-04)
>> epoch [ 339/3000], runtime:  8.84s, train err: 1.3623e-03 (best:  1.2602e-03/ 9.8694e-04)
>> epoch [ 340/3000], runtime:  9.34s, train err: 1.3491e-03 (best:  1.2602e-03/ 9.8694e-04)
>> epoch [ 341/3000], runtime:  8.81s, train err: 1.4321e-03 (best:  1.2602e-03/ 9.8694e-04)
>> epoch [ 342/3000], runtime:  9.25s, train err: 1.8236e-03 (best:  1.2602e-03/ 9.8694e-04)
>> epoch [ 343/3000], runtime:  8.96s, train err: 1.3820e-03 (best:  1.2602e-03/ 9.8694e-04)
>> epoch [ 344/3000], runtime: 9.10s, train err: 1.2380e-03, valid err: 9.4690e-04 , test err: 9.7935e-04
>> epoch [ 345/3000], runtime:  9.40s, train err: 1.2463e-03 (best:  1.2380e-03/ 9.4690e-04)
>> epoch [ 346/3000], runtime:  7.75s, train err: 1.3248e-03 (best:  1.2380e-03/ 9.4690e-04)
>> epoch [ 347/3000], runtime:  6.92s, train err: 1.3088e-03 (best:  1.2380e-03/ 9.4690e-04)
>> epoch [ 348/3000], runtime:  8.54s, train err: 1.2312e-03 (best:  1.2380e-03/ 9.4690e-04)
>> epoch [ 349/3000], runtime:  8.38s, train err: 1.2360e-03 (best:  1.2380e-03/ 9.4690e-04)
>> epoch [ 350/3000], runtime:  8.00s, train err: 1.2420e-03 (best:  1.2380e-03/ 9.4690e-04)
>> epoch [ 351/3000], runtime:  10.18s, train err: 1.4034e-03 (best:  1.2380e-03/ 9.4690e-04)
>> epoch [ 352/3000], runtime:  7.96s, train err: 1.2105e-03 (best:  1.2380e-03/ 9.4690e-04)
>> epoch [ 353/3000], runtime:  9.14s, train err: 1.4519e-03 (best:  1.2380e-03/ 9.4690e-04)
>> epoch [ 354/3000], runtime: 9.95s, train err: 1.1491e-03, valid err: 9.2840e-04 , test err: 9.5533e-04
>> epoch [ 355/3000], runtime:  10.62s, train err: 1.2393e-03 (best:  1.1491e-03/ 9.2840e-04)
>> epoch [ 356/3000], runtime:  9.14s, train err: 1.4619e-03 (best:  1.1491e-03/ 9.2840e-04)
>> epoch [ 357/3000], runtime:  10.04s, train err: 1.3617e-03 (best:  1.1491e-03/ 9.2840e-04)
>> epoch [ 358/3000], runtime:  8.42s, train err: 1.1640e-03 (best:  1.1491e-03/ 9.2840e-04)
>> epoch [ 359/3000], runtime:  9.51s, train err: 1.3172e-03 (best:  1.1491e-03/ 9.2840e-04)
>> epoch [ 360/3000], runtime:  9.68s, train err: 1.1499e-03 (best:  1.1491e-03/ 9.2840e-04)
>> epoch [ 361/3000], runtime:  8.29s, train err: 1.2203e-03 (best:  1.1491e-03/ 9.2840e-04)
>> epoch [ 362/3000], runtime:  9.66s, train err: 1.2430e-03 (best:  1.1491e-03/ 9.2840e-04)
>> epoch [ 363/3000], runtime:  10.60s, train err: 1.2565e-03 (best:  1.1491e-03/ 9.2840e-04)
>> epoch [ 364/3000], runtime:  9.95s, train err: 1.0898e-03 (best:  1.1491e-03/ 9.2840e-04)
>> epoch [ 365/3000], runtime:  9.52s, train err: 1.1797e-03 (best:  1.1491e-03/ 9.2840e-04)
>> epoch [ 366/3000], runtime:  9.25s, train err: 1.2401e-03 (best:  1.1491e-03/ 9.2840e-04)
>> epoch [ 367/3000], runtime:  9.70s, train err: 1.1883e-03 (best:  1.1491e-03/ 9.2840e-04)
>> epoch [ 368/3000], runtime:  9.16s, train err: 1.0846e-03 (best:  1.1491e-03/ 9.2840e-04)
>> epoch [ 369/3000], runtime:  10.58s, train err: 1.1644e-03 (best:  1.1491e-03/ 9.2840e-04)
>> epoch [ 370/3000], runtime:  9.43s, train err: 1.2149e-03 (best:  1.1491e-03/ 9.2840e-04)
>> epoch [ 371/3000], runtime:  10.33s, train err: 1.1714e-03 (best:  1.1491e-03/ 9.2840e-04)
>> epoch [ 372/3000], runtime:  9.52s, train err: 1.1667e-03 (best:  1.1491e-03/ 9.2840e-04)
>> epoch [ 373/3000], runtime:  9.27s, train err: 1.2157e-03 (best:  1.1491e-03/ 9.2840e-04)
>> epoch [ 374/3000], runtime:  9.03s, train err: 1.1982e-03 (best:  1.1491e-03/ 9.2840e-04)
>> epoch [ 375/3000], runtime:  9.48s, train err: 1.0976e-03 (best:  1.1491e-03/ 9.2840e-04)
>> epoch [ 376/3000], runtime:  8.13s, train err: 1.2020e-03 (best:  1.1491e-03/ 9.2840e-04)
>> epoch [ 377/3000], runtime:  9.34s, train err: 1.2054e-03 (best:  1.1491e-03/ 9.2840e-04)
>> epoch [ 378/3000], runtime: 9.33s, train err: 1.1102e-03, valid err: 9.2041e-04 , test err: 9.7860e-04
>> epoch [ 379/3000], runtime:  8.31s, train err: 1.0925e-03 (best:  1.1102e-03/ 9.2041e-04)
>> epoch [ 380/3000], runtime:  9.33s, train err: 1.0923e-03 (best:  1.1102e-03/ 9.2041e-04)
>> epoch [ 381/3000], runtime:  9.78s, train err: 1.2977e-03 (best:  1.1102e-03/ 9.2041e-04)
>> epoch [ 382/3000], runtime:  10.61s, train err: 1.2383e-03 (best:  1.1102e-03/ 9.2041e-04)
>> epoch [ 383/3000], runtime:  9.09s, train err: 1.1595e-03 (best:  1.1102e-03/ 9.2041e-04)
>> epoch [ 384/3000], runtime:  7.45s, train err: 1.0934e-03 (best:  1.1102e-03/ 9.2041e-04)
>> epoch [ 385/3000], runtime:  9.73s, train err: 1.1424e-03 (best:  1.1102e-03/ 9.2041e-04)
>> epoch [ 386/3000], runtime:  10.11s, train err: 1.1354e-03 (best:  1.1102e-03/ 9.2041e-04)
>> epoch [ 387/3000], runtime:  9.32s, train err: 1.2432e-03 (best:  1.1102e-03/ 9.2041e-04)
>> epoch [ 388/3000], runtime:  10.30s, train err: 2.0181e-03 (best:  1.1102e-03/ 9.2041e-04)
>> epoch [ 389/3000], runtime:  8.89s, train err: 1.2508e-03 (best:  1.1102e-03/ 9.2041e-04)
>> epoch [ 390/3000], runtime:  8.09s, train err: 1.1228e-03 (best:  1.1102e-03/ 9.2041e-04)
>> epoch [ 391/3000], runtime:  8.76s, train err: 1.0675e-03 (best:  1.1102e-03/ 9.2041e-04)
>> epoch [ 392/3000], runtime: 9.68s, train err: 1.1038e-03, valid err: 8.3887e-04 , test err: 8.8441e-04
>> epoch [ 393/3000], runtime:  9.36s, train err: 1.0879e-03 (best:  1.1038e-03/ 8.3887e-04)
>> epoch [ 394/3000], runtime:  9.88s, train err: 1.1665e-03 (best:  1.1038e-03/ 8.3887e-04)
>> epoch [ 395/3000], runtime:  8.94s, train err: 1.0211e-03 (best:  1.1038e-03/ 8.3887e-04)
>> epoch [ 396/3000], runtime:  9.55s, train err: 1.1064e-03 (best:  1.1038e-03/ 8.3887e-04)
>> epoch [ 397/3000], runtime:  9.07s, train err: 1.0757e-03 (best:  1.1038e-03/ 8.3887e-04)
>> epoch [ 398/3000], runtime:  9.22s, train err: 1.1353e-03 (best:  1.1038e-03/ 8.3887e-04)
>> epoch [ 399/3000], runtime:  8.79s, train err: 1.2398e-03 (best:  1.1038e-03/ 8.3887e-04)
>> epoch [ 400/3000], runtime:  9.23s, train err: 1.1055e-03 (best:  1.1038e-03/ 8.3887e-04)
>> epoch [ 401/3000], runtime:  7.92s, train err: 1.1391e-03 (best:  1.1038e-03/ 8.3887e-04)
>> epoch [ 402/3000], runtime:  8.05s, train err: 1.0864e-03 (best:  1.1038e-03/ 8.3887e-04)
>> epoch [ 403/3000], runtime:  9.46s, train err: 9.9178e-04 (best:  1.1038e-03/ 8.3887e-04)
>> epoch [ 404/3000], runtime:  9.05s, train err: 1.4477e-03 (best:  1.1038e-03/ 8.3887e-04)
>> epoch [ 405/3000], runtime:  8.62s, train err: 1.2566e-03 (best:  1.1038e-03/ 8.3887e-04)
>> epoch [ 406/3000], runtime: 8.78s, train err: 1.0244e-03, valid err: 8.0455e-04 , test err: 8.3712e-04
>> epoch [ 407/3000], runtime:  9.90s, train err: 1.0404e-03 (best:  1.0244e-03/ 8.0455e-04)
>> epoch [ 408/3000], runtime:  9.88s, train err: 1.3566e-03 (best:  1.0244e-03/ 8.0455e-04)
>> epoch [ 409/3000], runtime:  8.42s, train err: 1.0380e-03 (best:  1.0244e-03/ 8.0455e-04)
>> epoch [ 410/3000], runtime:  8.57s, train err: 1.0353e-03 (best:  1.0244e-03/ 8.0455e-04)
>> epoch [ 411/3000], runtime:  8.57s, train err: 9.9753e-04 (best:  1.0244e-03/ 8.0455e-04)
>> epoch [ 412/3000], runtime:  7.43s, train err: 1.3693e-03 (best:  1.0244e-03/ 8.0455e-04)
>> epoch [ 413/3000], runtime:  8.83s, train err: 1.1616e-03 (best:  1.0244e-03/ 8.0455e-04)
>> epoch [ 414/3000], runtime: 9.27s, train err: 9.7586e-04, valid err: 7.7490e-04 , test err: 8.0669e-04
>> epoch [ 415/3000], runtime:  9.06s, train err: 9.8831e-04 (best:  9.7586e-04/ 7.7490e-04)
>> epoch [ 416/3000], runtime:  8.06s, train err: 1.0344e-03 (best:  9.7586e-04/ 7.7490e-04)
>> epoch [ 417/3000], runtime:  9.34s, train err: 1.0711e-03 (best:  9.7586e-04/ 7.7490e-04)
>> epoch [ 418/3000], runtime:  8.59s, train err: 1.0244e-03 (best:  9.7586e-04/ 7.7490e-04)
>> epoch [ 419/3000], runtime:  9.37s, train err: 1.0456e-03 (best:  9.7586e-04/ 7.7490e-04)
>> epoch [ 420/3000], runtime:  8.68s, train err: 1.0151e-03 (best:  9.7586e-04/ 7.7490e-04)
>> epoch [ 421/3000], runtime:  10.20s, train err: 9.5179e-04 (best:  9.7586e-04/ 7.7490e-04)
>> epoch [ 422/3000], runtime:  8.04s, train err: 9.4925e-04 (best:  9.7586e-04/ 7.7490e-04)
>> epoch [ 423/3000], runtime:  9.41s, train err: 1.0946e-03 (best:  9.7586e-04/ 7.7490e-04)
>> epoch [ 424/3000], runtime:  9.77s, train err: 9.9959e-04 (best:  9.7586e-04/ 7.7490e-04)
>> epoch [ 425/3000], runtime:  9.34s, train err: 1.0294e-03 (best:  9.7586e-04/ 7.7490e-04)
>> epoch [ 426/3000], runtime:  9.23s, train err: 1.2071e-03 (best:  9.7586e-04/ 7.7490e-04)
>> epoch [ 427/3000], runtime:  8.09s, train err: 1.0924e-03 (best:  9.7586e-04/ 7.7490e-04)
>> epoch [ 428/3000], runtime:  7.39s, train err: 9.8776e-04 (best:  9.7586e-04/ 7.7490e-04)
>> epoch [ 429/3000], runtime:  8.45s, train err: 9.7897e-04 (best:  9.7586e-04/ 7.7490e-04)
>> epoch [ 430/3000], runtime:  8.93s, train err: 1.0205e-03 (best:  9.7586e-04/ 7.7490e-04)
>> epoch [ 431/3000], runtime:  9.74s, train err: 9.5621e-04 (best:  9.7586e-04/ 7.7490e-04)
>> epoch [ 432/3000], runtime:  9.43s, train err: 9.8354e-04 (best:  9.7586e-04/ 7.7490e-04)
>> epoch [ 433/3000], runtime:  8.09s, train err: 1.1619e-03 (best:  9.7586e-04/ 7.7490e-04)
>> epoch [ 434/3000], runtime:  8.60s, train err: 9.7247e-04 (best:  9.7586e-04/ 7.7490e-04)
>> epoch [ 435/3000], runtime:  10.66s, train err: 9.6967e-04 (best:  9.7586e-04/ 7.7490e-04)
>> epoch [ 436/3000], runtime:  8.60s, train err: 9.5344e-04 (best:  9.7586e-04/ 7.7490e-04)
>> epoch [ 437/3000], runtime:  8.96s, train err: 9.4887e-04 (best:  9.7586e-04/ 7.7490e-04)
>> epoch [ 438/3000], runtime:  8.33s, train err: 1.0045e-03 (best:  9.7586e-04/ 7.7490e-04)
>> epoch [ 439/3000], runtime:  9.46s, train err: 9.7407e-04 (best:  9.7586e-04/ 7.7490e-04)
>> epoch [ 440/3000], runtime:  8.87s, train err: 9.9018e-04 (best:  9.7586e-04/ 7.7490e-04)
>> epoch [ 441/3000], runtime: 8.74s, train err: 9.6415e-04, valid err: 7.3818e-04 , test err: 7.6290e-04
>> epoch [ 442/3000], runtime:  9.49s, train err: 9.6559e-04 (best:  9.6415e-04/ 7.3818e-04)
>> epoch [ 443/3000], runtime:  8.65s, train err: 1.0431e-03 (best:  9.6415e-04/ 7.3818e-04)
>> epoch [ 444/3000], runtime:  8.94s, train err: 1.0433e-03 (best:  9.6415e-04/ 7.3818e-04)
>> epoch [ 445/3000], runtime:  9.29s, train err: 9.8428e-04 (best:  9.6415e-04/ 7.3818e-04)
>> epoch [ 446/3000], runtime:  8.71s, train err: 1.0145e-03 (best:  9.6415e-04/ 7.3818e-04)
>> epoch [ 447/3000], runtime:  9.27s, train err: 9.6018e-04 (best:  9.6415e-04/ 7.3818e-04)
>> epoch [ 448/3000], runtime:  9.74s, train err: 9.3825e-04 (best:  9.6415e-04/ 7.3818e-04)
>> epoch [ 449/3000], runtime: 10.12s, train err: 9.1551e-04, valid err: 7.2358e-04 , test err: 7.4521e-04
>> epoch [ 450/3000], runtime:  10.00s, train err: 9.3275e-04 (best:  9.1551e-04/ 7.2358e-04)
>> epoch [ 451/3000], runtime:  8.89s, train err: 9.3453e-04 (best:  9.1551e-04/ 7.2358e-04)
>> epoch [ 452/3000], runtime:  10.23s, train err: 9.6656e-04 (best:  9.1551e-04/ 7.2358e-04)
>> epoch [ 453/3000], runtime:  10.52s, train err: 1.0673e-03 (best:  9.1551e-04/ 7.2358e-04)
>> epoch [ 454/3000], runtime:  8.56s, train err: 1.0246e-03 (best:  9.1551e-04/ 7.2358e-04)
>> epoch [ 455/3000], runtime:  10.51s, train err: 9.5088e-04 (best:  9.1551e-04/ 7.2358e-04)
>> epoch [ 456/3000], runtime:  9.05s, train err: 9.4816e-04 (best:  9.1551e-04/ 7.2358e-04)
>> epoch [ 457/3000], runtime:  10.66s, train err: 9.5486e-04 (best:  9.1551e-04/ 7.2358e-04)
>> epoch [ 458/3000], runtime:  10.27s, train err: 8.6238e-04 (best:  9.1551e-04/ 7.2358e-04)
>> epoch [ 459/3000], runtime:  9.47s, train err: 9.3285e-04 (best:  9.1551e-04/ 7.2358e-04)
>> epoch [ 460/3000], runtime:  9.34s, train err: 1.0000e-03 (best:  9.1551e-04/ 7.2358e-04)
>> epoch [ 461/3000], runtime:  9.29s, train err: 9.9303e-04 (best:  9.1551e-04/ 7.2358e-04)
>> epoch [ 462/3000], runtime:  10.64s, train err: 1.0206e-03 (best:  9.1551e-04/ 7.2358e-04)
>> epoch [ 463/3000], runtime:  9.86s, train err: 1.0825e-03 (best:  9.1551e-04/ 7.2358e-04)
>> epoch [ 464/3000], runtime:  9.57s, train err: 9.5254e-04 (best:  9.1551e-04/ 7.2358e-04)
>> epoch [ 465/3000], runtime:  9.30s, train err: 9.1919e-04 (best:  9.1551e-04/ 7.2358e-04)
>> epoch [ 466/3000], runtime:  9.48s, train err: 8.9006e-04 (best:  9.1551e-04/ 7.2358e-04)
>> epoch [ 467/3000], runtime:  9.32s, train err: 9.5058e-04 (best:  9.1551e-04/ 7.2358e-04)
>> epoch [ 468/3000], runtime: 9.82s, train err: 9.1428e-04, valid err: 7.2240e-04 , test err: 7.4554e-04
>> epoch [ 469/3000], runtime:  9.30s, train err: 8.9775e-04 (best:  9.1428e-04/ 7.2240e-04)
>> epoch [ 470/3000], runtime:  8.82s, train err: 9.6736e-04 (best:  9.1428e-04/ 7.2240e-04)
>> epoch [ 471/3000], runtime: 10.25s, train err: 8.6811e-04, valid err: 6.9075e-04 , test err: 7.1297e-04
>> epoch [ 472/3000], runtime:  10.27s, train err: 8.7368e-04 (best:  8.6811e-04/ 6.9075e-04)
>> epoch [ 473/3000], runtime:  9.75s, train err: 9.2574e-04 (best:  8.6811e-04/ 6.9075e-04)
>> epoch [ 474/3000], runtime:  9.88s, train err: 8.6665e-04 (best:  8.6811e-04/ 6.9075e-04)
>> epoch [ 475/3000], runtime:  10.14s, train err: 8.5661e-04 (best:  8.6811e-04/ 6.9075e-04)
>> epoch [ 476/3000], runtime:  8.95s, train err: 8.8544e-04 (best:  8.6811e-04/ 6.9075e-04)
>> epoch [ 477/3000], runtime:  9.29s, train err: 8.4308e-04 (best:  8.6811e-04/ 6.9075e-04)
>> epoch [ 478/3000], runtime:  9.76s, train err: 8.7259e-04 (best:  8.6811e-04/ 6.9075e-04)
>> epoch [ 479/3000], runtime:  10.21s, train err: 1.0293e-03 (best:  8.6811e-04/ 6.9075e-04)
>> epoch [ 480/3000], runtime:  9.83s, train err: 9.8786e-04 (best:  8.6811e-04/ 6.9075e-04)
>> epoch [ 481/3000], runtime:  9.61s, train err: 9.1929e-04 (best:  8.6811e-04/ 6.9075e-04)
>> epoch [ 482/3000], runtime:  9.11s, train err: 8.5433e-04 (best:  8.6811e-04/ 6.9075e-04)
>> epoch [ 483/3000], runtime:  9.86s, train err: 8.9553e-04 (best:  8.6811e-04/ 6.9075e-04)
>> epoch [ 484/3000], runtime:  8.84s, train err: 8.3588e-04 (best:  8.6811e-04/ 6.9075e-04)
>> epoch [ 485/3000], runtime:  9.31s, train err: 8.6824e-04 (best:  8.6811e-04/ 6.9075e-04)
>> epoch [ 486/3000], runtime:  9.67s, train err: 8.7143e-04 (best:  8.6811e-04/ 6.9075e-04)
>> epoch [ 487/3000], runtime: 9.25s, train err: 8.3695e-04, valid err: 6.8787e-04 , test err: 7.1634e-04
>> epoch [ 488/3000], runtime:  8.68s, train err: 8.3464e-04 (best:  8.3695e-04/ 6.8787e-04)
>> epoch [ 489/3000], runtime:  7.67s, train err: 8.7941e-04 (best:  8.3695e-04/ 6.8787e-04)
>> epoch [ 490/3000], runtime:  9.97s, train err: 8.5060e-04 (best:  8.3695e-04/ 6.8787e-04)
>> epoch [ 491/3000], runtime:  9.32s, train err: 9.2254e-04 (best:  8.3695e-04/ 6.8787e-04)
>> epoch [ 492/3000], runtime:  7.90s, train err: 1.0848e-03 (best:  8.3695e-04/ 6.8787e-04)
>> epoch [ 493/3000], runtime:  8.82s, train err: 9.2285e-04 (best:  8.3695e-04/ 6.8787e-04)
>> epoch [ 494/3000], runtime:  8.56s, train err: 1.0482e-03 (best:  8.3695e-04/ 6.8787e-04)
>> epoch [ 495/3000], runtime:  8.65s, train err: 8.6817e-04 (best:  8.3695e-04/ 6.8787e-04)
>> epoch [ 496/3000], runtime:  8.18s, train err: 9.0431e-04 (best:  8.3695e-04/ 6.8787e-04)
>> epoch [ 497/3000], runtime:  9.18s, train err: 8.7684e-04 (best:  8.3695e-04/ 6.8787e-04)
>> epoch [ 498/3000], runtime:  9.65s, train err: 9.2295e-04 (best:  8.3695e-04/ 6.8787e-04)
>> epoch [ 499/3000], runtime:  9.04s, train err: 8.8049e-04 (best:  8.3695e-04/ 6.8787e-04)
>> epoch [ 500/3000], runtime: 9.57s, train err: 8.2074e-04, valid err: 6.8364e-04 , test err: 6.9955e-04
>> epoch [ 501/3000], runtime:  10.38s, train err: 8.5037e-04 (best:  8.2074e-04/ 6.8364e-04)
>> epoch [ 502/3000], runtime:  9.65s, train err: 8.4694e-04 (best:  8.2074e-04/ 6.8364e-04)
>> epoch [ 503/3000], runtime: 9.17s, train err: 8.1662e-04, valid err: 6.5160e-04 , test err: 6.9072e-04
>> epoch [ 504/3000], runtime:  8.71s, train err: 8.6318e-04 (best:  8.1662e-04/ 6.5160e-04)
>> epoch [ 505/3000], runtime:  9.10s, train err: 8.1693e-04 (best:  8.1662e-04/ 6.5160e-04)
>> epoch [ 506/3000], runtime:  9.53s, train err: 8.1109e-04 (best:  8.1662e-04/ 6.5160e-04)
>> epoch [ 507/3000], runtime:  9.56s, train err: 8.6533e-04 (best:  8.1662e-04/ 6.5160e-04)
>> epoch [ 508/3000], runtime:  9.08s, train err: 8.7612e-04 (best:  8.1662e-04/ 6.5160e-04)
>> epoch [ 509/3000], runtime:  8.97s, train err: 8.2556e-04 (best:  8.1662e-04/ 6.5160e-04)
>> epoch [ 510/3000], runtime:  9.40s, train err: 8.6144e-04 (best:  8.1662e-04/ 6.5160e-04)
>> epoch [ 511/3000], runtime:  8.98s, train err: 8.8074e-04 (best:  8.1662e-04/ 6.5160e-04)
>> epoch [ 512/3000], runtime:  9.39s, train err: 8.5657e-04 (best:  8.1662e-04/ 6.5160e-04)
>> epoch [ 513/3000], runtime:  9.85s, train err: 9.0880e-04 (best:  8.1662e-04/ 6.5160e-04)
>> epoch [ 514/3000], runtime:  10.57s, train err: 7.9667e-04 (best:  8.1662e-04/ 6.5160e-04)
>> epoch [ 515/3000], runtime:  8.81s, train err: 8.8264e-04 (best:  8.1662e-04/ 6.5160e-04)
>> epoch [ 516/3000], runtime:  7.89s, train err: 8.7349e-04 (best:  8.1662e-04/ 6.5160e-04)
>> epoch [ 517/3000], runtime:  8.79s, train err: 8.0861e-04 (best:  8.1662e-04/ 6.5160e-04)
>> epoch [ 518/3000], runtime:  9.26s, train err: 8.0337e-04 (best:  8.1662e-04/ 6.5160e-04)
>> epoch [ 519/3000], runtime:  8.92s, train err: 7.8449e-04 (best:  8.1662e-04/ 6.5160e-04)
>> epoch [ 520/3000], runtime:  9.10s, train err: 7.8662e-04 (best:  8.1662e-04/ 6.5160e-04)
>> epoch [ 521/3000], runtime:  9.00s, train err: 8.0233e-04 (best:  8.1662e-04/ 6.5160e-04)
>> epoch [ 522/3000], runtime:  7.89s, train err: 7.8711e-04 (best:  8.1662e-04/ 6.5160e-04)
>> epoch [ 523/3000], runtime:  8.64s, train err: 7.9228e-04 (best:  8.1662e-04/ 6.5160e-04)
>> epoch [ 524/3000], runtime:  9.66s, train err: 8.0493e-04 (best:  8.1662e-04/ 6.5160e-04)
>> epoch [ 525/3000], runtime:  8.26s, train err: 7.9298e-04 (best:  8.1662e-04/ 6.5160e-04)
>> epoch [ 526/3000], runtime:  8.17s, train err: 7.7012e-04 (best:  8.1662e-04/ 6.5160e-04)
>> epoch [ 527/3000], runtime:  9.02s, train err: 8.6336e-04 (best:  8.1662e-04/ 6.5160e-04)
>> epoch [ 528/3000], runtime:  9.09s, train err: 8.1904e-04 (best:  8.1662e-04/ 6.5160e-04)
>> epoch [ 529/3000], runtime: 9.51s, train err: 7.7938e-04, valid err: 6.4797e-04 , test err: 6.7208e-04
>> epoch [ 530/3000], runtime:  7.07s, train err: 8.0494e-04 (best:  7.7938e-04/ 6.4797e-04)
>> epoch [ 531/3000], runtime:  7.99s, train err: 7.6412e-04 (best:  7.7938e-04/ 6.4797e-04)
>> epoch [ 532/3000], runtime: 8.92s, train err: 7.7525e-04, valid err: 6.3811e-04 , test err: 6.6662e-04
>> epoch [ 533/3000], runtime:  9.52s, train err: 8.0199e-04 (best:  7.7525e-04/ 6.3811e-04)
>> epoch [ 534/3000], runtime:  6.43s, train err: 8.0242e-04 (best:  7.7525e-04/ 6.3811e-04)
>> epoch [ 535/3000], runtime:  9.83s, train err: 7.6135e-04 (best:  7.7525e-04/ 6.3811e-04)
>> epoch [ 536/3000], runtime:  10.03s, train err: 8.3885e-04 (best:  7.7525e-04/ 6.3811e-04)
>> epoch [ 537/3000], runtime:  8.16s, train err: 8.0336e-04 (best:  7.7525e-04/ 6.3811e-04)
>> epoch [ 538/3000], runtime:  8.50s, train err: 7.8877e-04 (best:  7.7525e-04/ 6.3811e-04)
>> epoch [ 539/3000], runtime:  7.61s, train err: 8.1094e-04 (best:  7.7525e-04/ 6.3811e-04)
>> epoch [ 540/3000], runtime:  9.10s, train err: 8.3648e-04 (best:  7.7525e-04/ 6.3811e-04)
>> epoch [ 541/3000], runtime:  7.52s, train err: 8.7750e-04 (best:  7.7525e-04/ 6.3811e-04)
>> epoch [ 542/3000], runtime:  10.03s, train err: 8.0376e-04 (best:  7.7525e-04/ 6.3811e-04)
>> epoch [ 543/3000], runtime:  8.73s, train err: 7.9276e-04 (best:  7.7525e-04/ 6.3811e-04)
>> epoch [ 544/3000], runtime:  9.51s, train err: 7.9906e-04 (best:  7.7525e-04/ 6.3811e-04)
>> epoch [ 545/3000], runtime: 7.29s, train err: 7.7244e-04, valid err: 6.3199e-04 , test err: 6.5487e-04
>> epoch [ 546/3000], runtime:  8.80s, train err: 8.0944e-04 (best:  7.7244e-04/ 6.3199e-04)
>> epoch [ 547/3000], runtime:  8.95s, train err: 8.4701e-04 (best:  7.7244e-04/ 6.3199e-04)
>> epoch [ 548/3000], runtime:  8.34s, train err: 8.6486e-04 (best:  7.7244e-04/ 6.3199e-04)
>> epoch [ 549/3000], runtime: 8.59s, train err: 7.5624e-04, valid err: 6.1797e-04 , test err: 6.4304e-04
>> epoch [ 550/3000], runtime:  7.52s, train err: 7.8439e-04 (best:  7.5624e-04/ 6.1797e-04)
>> epoch [ 551/3000], runtime:  9.28s, train err: 8.2243e-04 (best:  7.5624e-04/ 6.1797e-04)
>> epoch [ 552/3000], runtime:  8.86s, train err: 7.3729e-04 (best:  7.5624e-04/ 6.1797e-04)
>> epoch [ 553/3000], runtime: 9.70s, train err: 7.2450e-04, valid err: 6.0456e-04 , test err: 6.4350e-04
>> epoch [ 554/3000], runtime:  8.43s, train err: 7.3269e-04 (best:  7.2450e-04/ 6.0456e-04)
>> epoch [ 555/3000], runtime:  10.06s, train err: 7.5096e-04 (best:  7.2450e-04/ 6.0456e-04)
>> epoch [ 556/3000], runtime:  5.74s, train err: 7.4049e-04 (best:  7.2450e-04/ 6.0456e-04)
>> epoch [ 557/3000], runtime:  8.69s, train err: 7.4731e-04 (best:  7.2450e-04/ 6.0456e-04)
>> epoch [ 558/3000], runtime:  9.73s, train err: 7.3610e-04 (best:  7.2450e-04/ 6.0456e-04)
>> epoch [ 559/3000], runtime:  9.94s, train err: 7.5642e-04 (best:  7.2450e-04/ 6.0456e-04)
>> epoch [ 560/3000], runtime:  10.03s, train err: 8.8681e-04 (best:  7.2450e-04/ 6.0456e-04)
>> epoch [ 561/3000], runtime:  8.95s, train err: 7.3062e-04 (best:  7.2450e-04/ 6.0456e-04)
>> epoch [ 562/3000], runtime:  9.23s, train err: 7.2584e-04 (best:  7.2450e-04/ 6.0456e-04)
>> epoch [ 563/3000], runtime:  10.03s, train err: 8.2350e-04 (best:  7.2450e-04/ 6.0456e-04)
>> epoch [ 564/3000], runtime:  9.60s, train err: 8.1289e-04 (best:  7.2450e-04/ 6.0456e-04)
>> epoch [ 565/3000], runtime:  10.04s, train err: 8.1299e-04 (best:  7.2450e-04/ 6.0456e-04)
>> epoch [ 566/3000], runtime:  10.50s, train err: 9.5242e-04 (best:  7.2450e-04/ 6.0456e-04)
>> epoch [ 567/3000], runtime:  7.30s, train err: 8.7684e-04 (best:  7.2450e-04/ 6.0456e-04)
>> epoch [ 568/3000], runtime:  10.03s, train err: 7.6303e-04 (best:  7.2450e-04/ 6.0456e-04)
>> epoch [ 569/3000], runtime:  9.08s, train err: 7.5348e-04 (best:  7.2450e-04/ 6.0456e-04)
>> epoch [ 570/3000], runtime:  9.88s, train err: 7.2580e-04 (best:  7.2450e-04/ 6.0456e-04)
>> epoch [ 571/3000], runtime:  7.40s, train err: 7.2405e-04 (best:  7.2450e-04/ 6.0456e-04)
>> epoch [ 572/3000], runtime:  8.11s, train err: 7.2123e-04 (best:  7.2450e-04/ 6.0456e-04)
>> epoch [ 573/3000], runtime:  9.59s, train err: 8.2521e-04 (best:  7.2450e-04/ 6.0456e-04)
>> epoch [ 574/3000], runtime:  9.19s, train err: 7.5234e-04 (best:  7.2450e-04/ 6.0456e-04)
>> epoch [ 575/3000], runtime:  8.80s, train err: 7.3324e-04 (best:  7.2450e-04/ 6.0456e-04)
>> epoch [ 576/3000], runtime:  8.56s, train err: 7.9968e-04 (best:  7.2450e-04/ 6.0456e-04)
>> epoch [ 577/3000], runtime:  8.57s, train err: 7.6138e-04 (best:  7.2450e-04/ 6.0456e-04)
>> epoch [ 578/3000], runtime:  9.40s, train err: 7.4524e-04 (best:  7.2450e-04/ 6.0456e-04)
>> epoch [ 579/3000], runtime:  9.99s, train err: 7.2361e-04 (best:  7.2450e-04/ 6.0456e-04)
>> epoch [ 580/3000], runtime:  9.97s, train err: 7.2103e-04 (best:  7.2450e-04/ 6.0456e-04)
>> epoch [ 581/3000], runtime:  7.93s, train err: 7.4129e-04 (best:  7.2450e-04/ 6.0456e-04)
>> epoch [ 582/3000], runtime:  9.04s, train err: 7.6449e-04 (best:  7.2450e-04/ 6.0456e-04)
>> epoch [ 583/3000], runtime:  9.46s, train err: 7.5796e-04 (best:  7.2450e-04/ 6.0456e-04)
>> epoch [ 584/3000], runtime:  9.96s, train err: 7.4566e-04 (best:  7.2450e-04/ 6.0456e-04)
>> epoch [ 585/3000], runtime:  9.47s, train err: 7.4415e-04 (best:  7.2450e-04/ 6.0456e-04)
>> epoch [ 586/3000], runtime:  9.10s, train err: 8.0302e-04 (best:  7.2450e-04/ 6.0456e-04)
>> epoch [ 587/3000], runtime:  8.75s, train err: 7.2819e-04 (best:  7.2450e-04/ 6.0456e-04)
>> epoch [ 588/3000], runtime:  8.72s, train err: 7.4241e-04 (best:  7.2450e-04/ 6.0456e-04)
>> epoch [ 589/3000], runtime:  9.18s, train err: 7.3942e-04 (best:  7.2450e-04/ 6.0456e-04)
>> epoch [ 590/3000], runtime: 8.10s, train err: 7.1963e-04, valid err: 6.0158e-04 , test err: 6.3848e-04
>> epoch [ 591/3000], runtime:  9.02s, train err: 7.0282e-04 (best:  7.1963e-04/ 6.0158e-04)
>> epoch [ 592/3000], runtime:  9.76s, train err: 7.1712e-04 (best:  7.1963e-04/ 6.0158e-04)
>> epoch [ 593/3000], runtime:  8.41s, train err: 7.2403e-04 (best:  7.1963e-04/ 6.0158e-04)
>> epoch [ 594/3000], runtime:  8.54s, train err: 7.5155e-04 (best:  7.1963e-04/ 6.0158e-04)
>> epoch [ 595/3000], runtime:  8.70s, train err: 7.7517e-04 (best:  7.1963e-04/ 6.0158e-04)
>> epoch [ 596/3000], runtime: 9.89s, train err: 7.0552e-04, valid err: 5.9362e-04 , test err: 6.3411e-04
>> epoch [ 597/3000], runtime: 9.40s, train err: 6.9769e-04, valid err: 5.7973e-04 , test err: 6.2677e-04
>> epoch [ 598/3000], runtime:  7.44s, train err: 7.0068e-04 (best:  6.9769e-04/ 5.7973e-04)
>> epoch [ 599/3000], runtime:  9.27s, train err: 7.1714e-04 (best:  6.9769e-04/ 5.7973e-04)
>> epoch [ 600/3000], runtime:  8.77s, train err: 7.0468e-04 (best:  6.9769e-04/ 5.7973e-04)
>> epoch [ 601/3000], runtime:  9.04s, train err: 6.9690e-04 (best:  6.9769e-04/ 5.7973e-04)
>> epoch [ 602/3000], runtime:  6.93s, train err: 7.1500e-04 (best:  6.9769e-04/ 5.7973e-04)
>> epoch [ 603/3000], runtime:  8.37s, train err: 7.3740e-04 (best:  6.9769e-04/ 5.7973e-04)
>> epoch [ 604/3000], runtime:  7.82s, train err: 7.4274e-04 (best:  6.9769e-04/ 5.7973e-04)
>> epoch [ 605/3000], runtime:  8.11s, train err: 7.4019e-04 (best:  6.9769e-04/ 5.7973e-04)
>> epoch [ 606/3000], runtime:  8.39s, train err: 7.1336e-04 (best:  6.9769e-04/ 5.7973e-04)
>> epoch [ 607/3000], runtime:  7.11s, train err: 7.2173e-04 (best:  6.9769e-04/ 5.7973e-04)
>> epoch [ 608/3000], runtime:  8.71s, train err: 7.4235e-04 (best:  6.9769e-04/ 5.7973e-04)
>> epoch [ 609/3000], runtime:  7.83s, train err: 7.1891e-04 (best:  6.9769e-04/ 5.7973e-04)
>> epoch [ 610/3000], runtime:  7.94s, train err: 7.2706e-04 (best:  6.9769e-04/ 5.7973e-04)
>> epoch [ 611/3000], runtime:  7.80s, train err: 6.9019e-04 (best:  6.9769e-04/ 5.7973e-04)
>> epoch [ 612/3000], runtime: 7.89s, train err: 6.9628e-04, valid err: 5.7399e-04 , test err: 6.1763e-04
>> epoch [ 613/3000], runtime:  7.43s, train err: 7.0792e-04 (best:  6.9628e-04/ 5.7399e-04)
>> epoch [ 614/3000], runtime:  8.99s, train err: 7.4152e-04 (best:  6.9628e-04/ 5.7399e-04)
>> epoch [ 615/3000], runtime:  8.38s, train err: 6.9441e-04 (best:  6.9628e-04/ 5.7399e-04)
>> epoch [ 616/3000], runtime:  7.71s, train err: 7.0384e-04 (best:  6.9628e-04/ 5.7399e-04)
>> epoch [ 617/3000], runtime: 7.97s, train err: 6.7140e-04, valid err: 5.7113e-04 , test err: 5.9603e-04
>> epoch [ 618/3000], runtime:  7.95s, train err: 7.1784e-04 (best:  6.7140e-04/ 5.7113e-04)
>> epoch [ 619/3000], runtime:  7.46s, train err: 7.3602e-04 (best:  6.7140e-04/ 5.7113e-04)
>> epoch [ 620/3000], runtime:  9.00s, train err: 6.8780e-04 (best:  6.7140e-04/ 5.7113e-04)
>> epoch [ 621/3000], runtime:  9.22s, train err: 6.9076e-04 (best:  6.7140e-04/ 5.7113e-04)
>> epoch [ 622/3000], runtime:  7.43s, train err: 6.7486e-04 (best:  6.7140e-04/ 5.7113e-04)
>> epoch [ 623/3000], runtime:  8.40s, train err: 6.7655e-04 (best:  6.7140e-04/ 5.7113e-04)
>> epoch [ 624/3000], runtime:  7.07s, train err: 7.2699e-04 (best:  6.7140e-04/ 5.7113e-04)
>> epoch [ 625/3000], runtime:  8.53s, train err: 7.3108e-04 (best:  6.7140e-04/ 5.7113e-04)
>> epoch [ 626/3000], runtime:  8.08s, train err: 6.8361e-04 (best:  6.7140e-04/ 5.7113e-04)
>> epoch [ 627/3000], runtime:  9.25s, train err: 6.7767e-04 (best:  6.7140e-04/ 5.7113e-04)
>> epoch [ 628/3000], runtime:  7.62s, train err: 6.9710e-04 (best:  6.7140e-04/ 5.7113e-04)
>> epoch [ 629/3000], runtime:  8.00s, train err: 6.8568e-04 (best:  6.7140e-04/ 5.7113e-04)
>> epoch [ 630/3000], runtime:  7.67s, train err: 7.2966e-04 (best:  6.7140e-04/ 5.7113e-04)
>> epoch [ 631/3000], runtime:  8.24s, train err: 7.1659e-04 (best:  6.7140e-04/ 5.7113e-04)
>> epoch [ 632/3000], runtime:  7.63s, train err: 6.7225e-04 (best:  6.7140e-04/ 5.7113e-04)
>> epoch [ 633/3000], runtime:  8.74s, train err: 6.7798e-04 (best:  6.7140e-04/ 5.7113e-04)
>> epoch [ 634/3000], runtime:  8.44s, train err: 7.0415e-04 (best:  6.7140e-04/ 5.7113e-04)
>> epoch [ 635/3000], runtime:  8.32s, train err: 6.8423e-04 (best:  6.7140e-04/ 5.7113e-04)
>> epoch [ 636/3000], runtime:  8.46s, train err: 6.7379e-04 (best:  6.7140e-04/ 5.7113e-04)
>> epoch [ 637/3000], runtime:  6.28s, train err: 6.8908e-04 (best:  6.7140e-04/ 5.7113e-04)
>> epoch [ 638/3000], runtime: 8.96s, train err: 6.5982e-04, valid err: 5.6251e-04 , test err: 5.8220e-04
>> epoch [ 639/3000], runtime:  8.43s, train err: 6.7452e-04 (best:  6.5982e-04/ 5.6251e-04)
>> epoch [ 640/3000], runtime:  8.50s, train err: 6.6693e-04 (best:  6.5982e-04/ 5.6251e-04)
>> epoch [ 641/3000], runtime:  8.19s, train err: 6.6287e-04 (best:  6.5982e-04/ 5.6251e-04)
>> epoch [ 642/3000], runtime:  7.87s, train err: 7.0536e-04 (best:  6.5982e-04/ 5.6251e-04)
>> epoch [ 643/3000], runtime:  8.65s, train err: 6.5446e-04 (best:  6.5982e-04/ 5.6251e-04)
>> epoch [ 644/3000], runtime:  8.26s, train err: 6.9046e-04 (best:  6.5982e-04/ 5.6251e-04)
>> epoch [ 645/3000], runtime:  8.15s, train err: 6.8669e-04 (best:  6.5982e-04/ 5.6251e-04)
>> epoch [ 646/3000], runtime:  8.68s, train err: 6.8372e-04 (best:  6.5982e-04/ 5.6251e-04)
>> epoch [ 647/3000], runtime:  7.17s, train err: 7.1889e-04 (best:  6.5982e-04/ 5.6251e-04)
>> epoch [ 648/3000], runtime:  8.65s, train err: 6.8792e-04 (best:  6.5982e-04/ 5.6251e-04)
>> epoch [ 649/3000], runtime:  7.47s, train err: 6.7758e-04 (best:  6.5982e-04/ 5.6251e-04)
>> epoch [ 650/3000], runtime:  7.17s, train err: 6.7648e-04 (best:  6.5982e-04/ 5.6251e-04)
>> epoch [ 651/3000], runtime:  7.56s, train err: 6.7016e-04 (best:  6.5982e-04/ 5.6251e-04)
>> epoch [ 652/3000], runtime:  7.07s, train err: 6.8971e-04 (best:  6.5982e-04/ 5.6251e-04)
>> epoch [ 653/3000], runtime:  6.81s, train err: 7.1910e-04 (best:  6.5982e-04/ 5.6251e-04)
>> epoch [ 654/3000], runtime:  8.28s, train err: 6.7307e-04 (best:  6.5982e-04/ 5.6251e-04)
>> epoch [ 655/3000], runtime:  7.27s, train err: 6.8891e-04 (best:  6.5982e-04/ 5.6251e-04)
>> epoch [ 656/3000], runtime:  7.96s, train err: 6.6022e-04 (best:  6.5982e-04/ 5.6251e-04)
>> epoch [ 657/3000], runtime:  7.00s, train err: 6.6549e-04 (best:  6.5982e-04/ 5.6251e-04)
>> epoch [ 658/3000], runtime: 8.68s, train err: 6.4516e-04, valid err: 5.4572e-04 , test err: 5.6334e-04
>> epoch [ 659/3000], runtime:  7.67s, train err: 6.7289e-04 (best:  6.4516e-04/ 5.4572e-04)
>> epoch [ 660/3000], runtime:  6.38s, train err: 6.7480e-04 (best:  6.4516e-04/ 5.4572e-04)
>> epoch [ 661/3000], runtime:  8.40s, train err: 6.6556e-04 (best:  6.4516e-04/ 5.4572e-04)
>> epoch [ 662/3000], runtime:  8.14s, train err: 6.6275e-04 (best:  6.4516e-04/ 5.4572e-04)
>> epoch [ 663/3000], runtime:  8.08s, train err: 6.5605e-04 (best:  6.4516e-04/ 5.4572e-04)
>> epoch [ 664/3000], runtime:  7.37s, train err: 6.4777e-04 (best:  6.4516e-04/ 5.4572e-04)
>> epoch [ 665/3000], runtime:  7.21s, train err: 6.5167e-04 (best:  6.4516e-04/ 5.4572e-04)
>> epoch [ 666/3000], runtime:  7.60s, train err: 6.6763e-04 (best:  6.4516e-04/ 5.4572e-04)
>> epoch [ 667/3000], runtime:  8.38s, train err: 6.6721e-04 (best:  6.4516e-04/ 5.4572e-04)
>> epoch [ 668/3000], runtime:  8.80s, train err: 6.3913e-04 (best:  6.4516e-04/ 5.4572e-04)
>> epoch [ 669/3000], runtime:  8.44s, train err: 6.5582e-04 (best:  6.4516e-04/ 5.4572e-04)
>> epoch [ 670/3000], runtime:  7.11s, train err: 6.5570e-04 (best:  6.4516e-04/ 5.4572e-04)
>> epoch [ 671/3000], runtime: 8.52s, train err: 6.3559e-04, valid err: 5.4495e-04 , test err: 5.5812e-04
>> epoch [ 672/3000], runtime:  9.20s, train err: 6.5504e-04 (best:  6.3559e-04/ 5.4495e-04)
>> epoch [ 673/3000], runtime:  5.50s, train err: 6.4230e-04 (best:  6.3559e-04/ 5.4495e-04)
>> epoch [ 674/3000], runtime:  8.65s, train err: 6.5333e-04 (best:  6.3559e-04/ 5.4495e-04)
>> epoch [ 675/3000], runtime:  6.23s, train err: 6.4868e-04 (best:  6.3559e-04/ 5.4495e-04)
>> epoch [ 676/3000], runtime:  8.83s, train err: 6.4477e-04 (best:  6.3559e-04/ 5.4495e-04)
>> epoch [ 677/3000], runtime:  7.85s, train err: 6.7208e-04 (best:  6.3559e-04/ 5.4495e-04)
>> epoch [ 678/3000], runtime:  7.36s, train err: 6.6402e-04 (best:  6.3559e-04/ 5.4495e-04)
>> epoch [ 679/3000], runtime:  7.46s, train err: 6.4515e-04 (best:  6.3559e-04/ 5.4495e-04)
>> epoch [ 680/3000], runtime:  6.94s, train err: 6.5670e-04 (best:  6.3559e-04/ 5.4495e-04)
>> epoch [ 681/3000], runtime:  7.73s, train err: 6.4455e-04 (best:  6.3559e-04/ 5.4495e-04)
>> epoch [ 682/3000], runtime:  8.49s, train err: 6.7766e-04 (best:  6.3559e-04/ 5.4495e-04)
>> epoch [ 683/3000], runtime:  7.12s, train err: 6.6318e-04 (best:  6.3559e-04/ 5.4495e-04)
>> epoch [ 684/3000], runtime:  8.36s, train err: 6.4031e-04 (best:  6.3559e-04/ 5.4495e-04)
>> epoch [ 685/3000], runtime:  8.22s, train err: 6.4411e-04 (best:  6.3559e-04/ 5.4495e-04)
>> epoch [ 686/3000], runtime:  8.90s, train err: 6.5688e-04 (best:  6.3559e-04/ 5.4495e-04)
>> epoch [ 687/3000], runtime: 6.67s, train err: 6.3500e-04, valid err: 5.2854e-04 , test err: 5.5468e-04
>> epoch [ 688/3000], runtime:  8.21s, train err: 6.3661e-04 (best:  6.3500e-04/ 5.2854e-04)
>> epoch [ 689/3000], runtime:  8.12s, train err: 6.3165e-04 (best:  6.3500e-04/ 5.2854e-04)
>> epoch [ 690/3000], runtime:  8.04s, train err: 6.8954e-04 (best:  6.3500e-04/ 5.2854e-04)
>> epoch [ 691/3000], runtime:  7.90s, train err: 6.6538e-04 (best:  6.3500e-04/ 5.2854e-04)
>> epoch [ 692/3000], runtime:  8.13s, train err: 6.8080e-04 (best:  6.3500e-04/ 5.2854e-04)
>> epoch [ 693/3000], runtime:  8.28s, train err: 6.4404e-04 (best:  6.3500e-04/ 5.2854e-04)
>> epoch [ 694/3000], runtime:  7.61s, train err: 6.3614e-04 (best:  6.3500e-04/ 5.2854e-04)
>> epoch [ 695/3000], runtime:  5.06s, train err: 6.3205e-04 (best:  6.3500e-04/ 5.2854e-04)
>> epoch [ 696/3000], runtime:  6.25s, train err: 6.3414e-04 (best:  6.3500e-04/ 5.2854e-04)
>> epoch [ 697/3000], runtime: 7.01s, train err: 6.2413e-04, valid err: 5.2482e-04 , test err: 5.6388e-04
>> epoch [ 698/3000], runtime:  6.83s, train err: 6.3813e-04 (best:  6.2413e-04/ 5.2482e-04)
>> epoch [ 699/3000], runtime:  8.74s, train err: 6.3350e-04 (best:  6.2413e-04/ 5.2482e-04)
>> epoch [ 700/3000], runtime:  7.87s, train err: 6.6483e-04 (best:  6.2413e-04/ 5.2482e-04)
>> epoch [ 701/3000], runtime:  8.20s, train err: 6.3581e-04 (best:  6.2413e-04/ 5.2482e-04)
>> epoch [ 702/3000], runtime:  7.61s, train err: 6.7185e-04 (best:  6.2413e-04/ 5.2482e-04)
>> epoch [ 703/3000], runtime:  7.35s, train err: 6.3707e-04 (best:  6.2413e-04/ 5.2482e-04)
>> epoch [ 704/3000], runtime:  7.66s, train err: 6.3210e-04 (best:  6.2413e-04/ 5.2482e-04)
>> epoch [ 705/3000], runtime:  7.69s, train err: 6.4353e-04 (best:  6.2413e-04/ 5.2482e-04)
>> epoch [ 706/3000], runtime:  8.55s, train err: 6.4748e-04 (best:  6.2413e-04/ 5.2482e-04)
>> epoch [ 707/3000], runtime:  7.80s, train err: 6.5264e-04 (best:  6.2413e-04/ 5.2482e-04)
>> epoch [ 708/3000], runtime:  8.73s, train err: 6.6950e-04 (best:  6.2413e-04/ 5.2482e-04)
>> epoch [ 709/3000], runtime:  7.11s, train err: 6.2625e-04 (best:  6.2413e-04/ 5.2482e-04)
>> epoch [ 710/3000], runtime: 8.53s, train err: 6.1737e-04, valid err: 5.1205e-04 , test err: 5.5696e-04
>> epoch [ 711/3000], runtime:  7.92s, train err: 6.2064e-04 (best:  6.1737e-04/ 5.1205e-04)
>> epoch [ 712/3000], runtime:  6.84s, train err: 6.3723e-04 (best:  6.1737e-04/ 5.1205e-04)
>> epoch [ 713/3000], runtime:  7.50s, train err: 6.5334e-04 (best:  6.1737e-04/ 5.1205e-04)
>> epoch [ 714/3000], runtime:  7.16s, train err: 6.3580e-04 (best:  6.1737e-04/ 5.1205e-04)
>> epoch [ 715/3000], runtime:  7.87s, train err: 6.2525e-04 (best:  6.1737e-04/ 5.1205e-04)
>> epoch [ 716/3000], runtime:  6.29s, train err: 6.2368e-04 (best:  6.1737e-04/ 5.1205e-04)
>> epoch [ 717/3000], runtime:  7.30s, train err: 6.1201e-04 (best:  6.1737e-04/ 5.1205e-04)
>> epoch [ 718/3000], runtime:  7.11s, train err: 6.2606e-04 (best:  6.1737e-04/ 5.1205e-04)
>> epoch [ 719/3000], runtime:  5.28s, train err: 6.2780e-04 (best:  6.1737e-04/ 5.1205e-04)
>> epoch [ 720/3000], runtime:  6.70s, train err: 6.3800e-04 (best:  6.1737e-04/ 5.1205e-04)
>> epoch [ 721/3000], runtime:  6.59s, train err: 6.2576e-04 (best:  6.1737e-04/ 5.1205e-04)
>> epoch [ 722/3000], runtime:  6.98s, train err: 6.3495e-04 (best:  6.1737e-04/ 5.1205e-04)
>> epoch [ 723/3000], runtime:  5.94s, train err: 6.4381e-04 (best:  6.1737e-04/ 5.1205e-04)
>> epoch [ 724/3000], runtime: 6.13s, train err: 6.0835e-04, valid err: 5.0938e-04 , test err: 5.4380e-04
>> epoch [ 725/3000], runtime:  6.88s, train err: 6.0746e-04 (best:  6.0835e-04/ 5.0938e-04)
>> epoch [ 726/3000], runtime:  6.00s, train err: 6.0588e-04 (best:  6.0835e-04/ 5.0938e-04)
>> epoch [ 727/3000], runtime:  6.72s, train err: 6.3300e-04 (best:  6.0835e-04/ 5.0938e-04)
>> epoch [ 728/3000], runtime:  6.88s, train err: 6.1913e-04 (best:  6.0835e-04/ 5.0938e-04)
>> epoch [ 729/3000], runtime:  5.86s, train err: 6.2024e-04 (best:  6.0835e-04/ 5.0938e-04)
>> epoch [ 730/3000], runtime:  6.17s, train err: 6.3202e-04 (best:  6.0835e-04/ 5.0938e-04)
>> epoch [ 731/3000], runtime:  5.75s, train err: 6.1261e-04 (best:  6.0835e-04/ 5.0938e-04)
>> epoch [ 732/3000], runtime:  7.06s, train err: 6.2055e-04 (best:  6.0835e-04/ 5.0938e-04)
>> epoch [ 733/3000], runtime:  6.50s, train err: 6.1289e-04 (best:  6.0835e-04/ 5.0938e-04)
>> epoch [ 734/3000], runtime:  5.51s, train err: 6.1187e-04 (best:  6.0835e-04/ 5.0938e-04)
>> epoch [ 735/3000], runtime:  7.14s, train err: 6.4171e-04 (best:  6.0835e-04/ 5.0938e-04)
>> epoch [ 736/3000], runtime:  6.46s, train err: 6.0480e-04 (best:  6.0835e-04/ 5.0938e-04)
>> epoch [ 737/3000], runtime:  5.74s, train err: 6.1597e-04 (best:  6.0835e-04/ 5.0938e-04)
>> epoch [ 738/3000], runtime:  6.97s, train err: 6.2528e-04 (best:  6.0835e-04/ 5.0938e-04)
>> epoch [ 739/3000], runtime:  5.70s, train err: 6.1810e-04 (best:  6.0835e-04/ 5.0938e-04)
>> epoch [ 740/3000], runtime:  6.29s, train err: 6.1260e-04 (best:  6.0835e-04/ 5.0938e-04)
>> epoch [ 741/3000], runtime:  6.31s, train err: 6.1449e-04 (best:  6.0835e-04/ 5.0938e-04)
>> epoch [ 742/3000], runtime: 5.56s, train err: 6.0087e-04, valid err: 5.0657e-04 , test err: 5.2515e-04
>> epoch [ 743/3000], runtime:  6.39s, train err: 6.2085e-04 (best:  6.0087e-04/ 5.0657e-04)
>> epoch [ 744/3000], runtime:  5.80s, train err: 6.0129e-04 (best:  6.0087e-04/ 5.0657e-04)
>> epoch [ 745/3000], runtime:  6.98s, train err: 6.1334e-04 (best:  6.0087e-04/ 5.0657e-04)
>> epoch [ 746/3000], runtime:  5.67s, train err: 6.1550e-04 (best:  6.0087e-04/ 5.0657e-04)
>> epoch [ 747/3000], runtime:  6.53s, train err: 6.0129e-04 (best:  6.0087e-04/ 5.0657e-04)
>> epoch [ 748/3000], runtime:  6.86s, train err: 6.0137e-04 (best:  6.0087e-04/ 5.0657e-04)
>> epoch [ 749/3000], runtime:  6.54s, train err: 6.1408e-04 (best:  6.0087e-04/ 5.0657e-04)
>> epoch [ 750/3000], runtime:  6.28s, train err: 5.9791e-04 (best:  6.0087e-04/ 5.0657e-04)
>> epoch [ 751/3000], runtime:  6.36s, train err: 6.0642e-04 (best:  6.0087e-04/ 5.0657e-04)
>> epoch [ 752/3000], runtime:  6.05s, train err: 6.2226e-04 (best:  6.0087e-04/ 5.0657e-04)
>> epoch [ 753/3000], runtime:  5.86s, train err: 6.3511e-04 (best:  6.0087e-04/ 5.0657e-04)
>> epoch [ 754/3000], runtime:  6.35s, train err: 6.0931e-04 (best:  6.0087e-04/ 5.0657e-04)
>> epoch [ 755/3000], runtime:  5.66s, train err: 5.9406e-04 (best:  6.0087e-04/ 5.0657e-04)
>> epoch [ 756/3000], runtime: 6.30s, train err: 5.9597e-04, valid err: 5.0453e-04 , test err: 5.3145e-04
>> epoch [ 757/3000], runtime: 6.19s, train err: 5.9500e-04, valid err: 4.9402e-04 , test err: 5.1937e-04
>> epoch [ 758/3000], runtime:  6.14s, train err: 6.0440e-04 (best:  5.9500e-04/ 4.9402e-04)
>> epoch [ 759/3000], runtime:  5.74s, train err: 5.9273e-04 (best:  5.9500e-04/ 4.9402e-04)
>> epoch [ 760/3000], runtime:  6.51s, train err: 5.9529e-04 (best:  5.9500e-04/ 4.9402e-04)
>> epoch [ 761/3000], runtime:  6.34s, train err: 6.0928e-04 (best:  5.9500e-04/ 4.9402e-04)
>> epoch [ 762/3000], runtime:  5.83s, train err: 6.0466e-04 (best:  5.9500e-04/ 4.9402e-04)
>> epoch [ 763/3000], runtime:  5.66s, train err: 5.9455e-04 (best:  5.9500e-04/ 4.9402e-04)
>> epoch [ 764/3000], runtime:  6.57s, train err: 6.0225e-04 (best:  5.9500e-04/ 4.9402e-04)
>> epoch [ 765/3000], runtime:  6.02s, train err: 6.2627e-04 (best:  5.9500e-04/ 4.9402e-04)
>> epoch [ 766/3000], runtime:  6.76s, train err: 5.9738e-04 (best:  5.9500e-04/ 4.9402e-04)
>> epoch [ 767/3000], runtime:  4.97s, train err: 5.8598e-04 (best:  5.9500e-04/ 4.9402e-04)
>> epoch [ 768/3000], runtime:  6.57s, train err: 5.9154e-04 (best:  5.9500e-04/ 4.9402e-04)
>> epoch [ 769/3000], runtime:  5.40s, train err: 5.8745e-04 (best:  5.9500e-04/ 4.9402e-04)
>> epoch [ 770/3000], runtime:  6.17s, train err: 6.0656e-04 (best:  5.9500e-04/ 4.9402e-04)
>> epoch [ 771/3000], runtime:  6.55s, train err: 5.8567e-04 (best:  5.9500e-04/ 4.9402e-04)
>> epoch [ 772/3000], runtime:  6.71s, train err: 5.9946e-04 (best:  5.9500e-04/ 4.9402e-04)
>> epoch [ 773/3000], runtime:  6.03s, train err: 6.4366e-04 (best:  5.9500e-04/ 4.9402e-04)
>> epoch [ 774/3000], runtime:  5.93s, train err: 6.0975e-04 (best:  5.9500e-04/ 4.9402e-04)
>> epoch [ 775/3000], runtime:  6.28s, train err: 5.9967e-04 (best:  5.9500e-04/ 4.9402e-04)
>> epoch [ 776/3000], runtime:  5.76s, train err: 5.9977e-04 (best:  5.9500e-04/ 4.9402e-04)
>> epoch [ 777/3000], runtime:  6.44s, train err: 5.9777e-04 (best:  5.9500e-04/ 4.9402e-04)
>> epoch [ 778/3000], runtime:  6.28s, train err: 6.0201e-04 (best:  5.9500e-04/ 4.9402e-04)
>> epoch [ 779/3000], runtime:  6.42s, train err: 5.9456e-04 (best:  5.9500e-04/ 4.9402e-04)
>> epoch [ 780/3000], runtime:  6.66s, train err: 5.9117e-04 (best:  5.9500e-04/ 4.9402e-04)
>> epoch [ 781/3000], runtime:  6.34s, train err: 6.0145e-04 (best:  5.9500e-04/ 4.9402e-04)
>> epoch [ 782/3000], runtime:  5.53s, train err: 5.8702e-04 (best:  5.9500e-04/ 4.9402e-04)
>> epoch [ 783/3000], runtime: 5.24s, train err: 5.8816e-04, valid err: 4.9276e-04 , test err: 5.1122e-04
>> epoch [ 784/3000], runtime:  5.57s, train err: 5.8787e-04 (best:  5.8816e-04/ 4.9276e-04)
>> epoch [ 785/3000], runtime:  6.04s, train err: 5.8275e-04 (best:  5.8816e-04/ 4.9276e-04)
>> epoch [ 786/3000], runtime:  6.12s, train err: 5.9250e-04 (best:  5.8816e-04/ 4.9276e-04)
>> epoch [ 787/3000], runtime: 6.52s, train err: 5.8010e-04, valid err: 4.9203e-04 , test err: 5.1320e-04
>> epoch [ 788/3000], runtime:  6.87s, train err: 5.8010e-04 (best:  5.8010e-04/ 4.9203e-04)
>> epoch [ 789/3000], runtime:  6.54s, train err: 5.8595e-04 (best:  5.8010e-04/ 4.9203e-04)
>> epoch [ 790/3000], runtime:  6.69s, train err: 5.9165e-04 (best:  5.8010e-04/ 4.9203e-04)
>> epoch [ 791/3000], runtime:  6.04s, train err: 5.9340e-04 (best:  5.8010e-04/ 4.9203e-04)
>> epoch [ 792/3000], runtime:  6.65s, train err: 5.8013e-04 (best:  5.8010e-04/ 4.9203e-04)
>> epoch [ 793/3000], runtime:  5.30s, train err: 5.9529e-04 (best:  5.8010e-04/ 4.9203e-04)
>> epoch [ 794/3000], runtime:  5.65s, train err: 5.8211e-04 (best:  5.8010e-04/ 4.9203e-04)
>> epoch [ 795/3000], runtime:  6.19s, train err: 5.8045e-04 (best:  5.8010e-04/ 4.9203e-04)
>> epoch [ 796/3000], runtime:  7.11s, train err: 5.8486e-04 (best:  5.8010e-04/ 4.9203e-04)
>> epoch [ 797/3000], runtime: 6.45s, train err: 5.7795e-04, valid err: 4.8363e-04 , test err: 5.1376e-04
>> epoch [ 798/3000], runtime:  6.21s, train err: 5.8187e-04 (best:  5.7795e-04/ 4.8363e-04)
>> epoch [ 799/3000], runtime:  6.17s, train err: 6.0128e-04 (best:  5.7795e-04/ 4.8363e-04)
>> epoch [ 800/3000], runtime:  5.53s, train err: 5.8514e-04 (best:  5.7795e-04/ 4.8363e-04)
>> epoch [ 801/3000], runtime:  6.22s, train err: 5.8848e-04 (best:  5.7795e-04/ 4.8363e-04)
>> epoch [ 802/3000], runtime:  6.30s, train err: 5.9608e-04 (best:  5.7795e-04/ 4.8363e-04)
>> epoch [ 803/3000], runtime:  6.33s, train err: 5.7475e-04 (best:  5.7795e-04/ 4.8363e-04)
>> epoch [ 804/3000], runtime:  6.88s, train err: 5.7395e-04 (best:  5.7795e-04/ 4.8363e-04)
>> epoch [ 805/3000], runtime:  6.40s, train err: 5.7324e-04 (best:  5.7795e-04/ 4.8363e-04)
>> epoch [ 806/3000], runtime:  7.18s, train err: 5.8194e-04 (best:  5.7795e-04/ 4.8363e-04)
>> epoch [ 807/3000], runtime:  6.38s, train err: 5.7265e-04 (best:  5.7795e-04/ 4.8363e-04)
>> epoch [ 808/3000], runtime:  7.19s, train err: 5.8190e-04 (best:  5.7795e-04/ 4.8363e-04)
>> epoch [ 809/3000], runtime:  6.94s, train err: 5.9858e-04 (best:  5.7795e-04/ 4.8363e-04)
>> epoch [ 810/3000], runtime:  6.34s, train err: 5.7267e-04 (best:  5.7795e-04/ 4.8363e-04)
>> epoch [ 811/3000], runtime:  6.96s, train err: 5.8075e-04 (best:  5.7795e-04/ 4.8363e-04)
>> epoch [ 812/3000], runtime:  6.64s, train err: 5.8986e-04 (best:  5.7795e-04/ 4.8363e-04)
>> epoch [ 813/3000], runtime:  5.76s, train err: 5.8333e-04 (best:  5.7795e-04/ 4.8363e-04)
>> epoch [ 814/3000], runtime: 6.16s, train err: 5.7359e-04, valid err: 4.7689e-04 , test err: 5.1989e-04
>> epoch [ 815/3000], runtime:  4.35s, train err: 5.7714e-04 (best:  5.7359e-04/ 4.7689e-04)
>> epoch [ 816/3000], runtime:  6.66s, train err: 5.9395e-04 (best:  5.7359e-04/ 4.7689e-04)
>> epoch [ 817/3000], runtime:  6.04s, train err: 5.7598e-04 (best:  5.7359e-04/ 4.7689e-04)
>> epoch [ 818/3000], runtime:  6.30s, train err: 5.8168e-04 (best:  5.7359e-04/ 4.7689e-04)
>> epoch [ 819/3000], runtime:  4.23s, train err: 5.6953e-04 (best:  5.7359e-04/ 4.7689e-04)
>> epoch [ 820/3000], runtime:  5.11s, train err: 5.7749e-04 (best:  5.7359e-04/ 4.7689e-04)
>> epoch [ 821/3000], runtime:  6.45s, train err: 5.8239e-04 (best:  5.7359e-04/ 4.7689e-04)
>> epoch [ 822/3000], runtime:  6.10s, train err: 5.7977e-04 (best:  5.7359e-04/ 4.7689e-04)
>> epoch [ 823/3000], runtime:  6.33s, train err: 5.8055e-04 (best:  5.7359e-04/ 4.7689e-04)
>> epoch [ 824/3000], runtime:  6.41s, train err: 5.7401e-04 (best:  5.7359e-04/ 4.7689e-04)
>> epoch [ 825/3000], runtime:  5.47s, train err: 5.6999e-04 (best:  5.7359e-04/ 4.7689e-04)
>> epoch [ 826/3000], runtime:  5.75s, train err: 5.7073e-04 (best:  5.7359e-04/ 4.7689e-04)
>> epoch [ 827/3000], runtime:  6.46s, train err: 5.6959e-04 (best:  5.7359e-04/ 4.7689e-04)
>> epoch [ 828/3000], runtime: 6.09s, train err: 5.7208e-04, valid err: 4.7303e-04 , test err: 5.0343e-04
>> epoch [ 829/3000], runtime:  6.45s, train err: 5.8330e-04 (best:  5.7208e-04/ 4.7303e-04)
>> epoch [ 830/3000], runtime:  6.60s, train err: 5.7259e-04 (best:  5.7208e-04/ 4.7303e-04)
>> epoch [ 831/3000], runtime:  6.13s, train err: 5.7250e-04 (best:  5.7208e-04/ 4.7303e-04)
>> epoch [ 832/3000], runtime:  5.98s, train err: 5.6672e-04 (best:  5.7208e-04/ 4.7303e-04)
>> epoch [ 833/3000], runtime:  5.53s, train err: 5.7101e-04 (best:  5.7208e-04/ 4.7303e-04)
>> epoch [ 834/3000], runtime:  6.27s, train err: 5.7986e-04 (best:  5.7208e-04/ 4.7303e-04)
>> epoch [ 835/3000], runtime:  5.60s, train err: 5.8749e-04 (best:  5.7208e-04/ 4.7303e-04)
>> epoch [ 836/3000], runtime:  6.40s, train err: 5.7990e-04 (best:  5.7208e-04/ 4.7303e-04)
>> epoch [ 837/3000], runtime:  6.88s, train err: 6.1334e-04 (best:  5.7208e-04/ 4.7303e-04)
>> epoch [ 838/3000], runtime:  5.92s, train err: 5.6683e-04 (best:  5.7208e-04/ 4.7303e-04)
>> epoch [ 839/3000], runtime:  6.46s, train err: 5.6355e-04 (best:  5.7208e-04/ 4.7303e-04)
>> epoch [ 840/3000], runtime:  6.63s, train err: 5.8876e-04 (best:  5.7208e-04/ 4.7303e-04)
>> epoch [ 841/3000], runtime:  6.88s, train err: 5.7736e-04 (best:  5.7208e-04/ 4.7303e-04)
>> epoch [ 842/3000], runtime:  5.81s, train err: 5.7315e-04 (best:  5.7208e-04/ 4.7303e-04)
>> epoch [ 843/3000], runtime:  6.87s, train err: 5.8179e-04 (best:  5.7208e-04/ 4.7303e-04)
>> epoch [ 844/3000], runtime:  4.98s, train err: 5.6445e-04 (best:  5.7208e-04/ 4.7303e-04)
>> epoch [ 845/3000], runtime:  6.43s, train err: 5.7078e-04 (best:  5.7208e-04/ 4.7303e-04)
>> epoch [ 846/3000], runtime:  6.36s, train err: 5.6898e-04 (best:  5.7208e-04/ 4.7303e-04)
>> epoch [ 847/3000], runtime:  5.70s, train err: 5.6508e-04 (best:  5.7208e-04/ 4.7303e-04)
>> epoch [ 848/3000], runtime:  5.79s, train err: 5.7822e-04 (best:  5.7208e-04/ 4.7303e-04)
>> epoch [ 849/3000], runtime: 5.63s, train err: 5.6910e-04, valid err: 4.7037e-04 , test err: 5.0736e-04
>> epoch [ 850/3000], runtime:  6.34s, train err: 5.5975e-04 (best:  5.6910e-04/ 4.7037e-04)
>> epoch [ 851/3000], runtime:  7.04s, train err: 5.6209e-04 (best:  5.6910e-04/ 4.7037e-04)
>> epoch [ 852/3000], runtime:  5.94s, train err: 5.6449e-04 (best:  5.6910e-04/ 4.7037e-04)
>> epoch [ 853/3000], runtime:  7.05s, train err: 5.6209e-04 (best:  5.6910e-04/ 4.7037e-04)
>> epoch [ 854/3000], runtime:  5.93s, train err: 5.6532e-04 (best:  5.6910e-04/ 4.7037e-04)
>> epoch [ 855/3000], runtime:  6.40s, train err: 5.7184e-04 (best:  5.6910e-04/ 4.7037e-04)
>> epoch [ 856/3000], runtime:  6.50s, train err: 5.6840e-04 (best:  5.6910e-04/ 4.7037e-04)
>> epoch [ 857/3000], runtime:  5.74s, train err: 5.6944e-04 (best:  5.6910e-04/ 4.7037e-04)
>> epoch [ 858/3000], runtime: 5.65s, train err: 5.6440e-04, valid err: 4.6912e-04 , test err: 4.9935e-04
>> epoch [ 859/3000], runtime:  5.26s, train err: 5.6319e-04 (best:  5.6440e-04/ 4.6912e-04)
>> epoch [ 860/3000], runtime:  6.14s, train err: 5.6492e-04 (best:  5.6440e-04/ 4.6912e-04)
>> epoch [ 861/3000], runtime:  6.27s, train err: 5.5791e-04 (best:  5.6440e-04/ 4.6912e-04)
>> epoch [ 862/3000], runtime:  6.01s, train err: 5.6033e-04 (best:  5.6440e-04/ 4.6912e-04)
>> epoch [ 863/3000], runtime:  7.10s, train err: 5.6004e-04 (best:  5.6440e-04/ 4.6912e-04)
>> epoch [ 864/3000], runtime:  7.18s, train err: 5.6633e-04 (best:  5.6440e-04/ 4.6912e-04)
>> epoch [ 865/3000], runtime:  6.78s, train err: 5.7390e-04 (best:  5.6440e-04/ 4.6912e-04)
>> epoch [ 866/3000], runtime:  6.82s, train err: 5.6558e-04 (best:  5.6440e-04/ 4.6912e-04)
>> epoch [ 867/3000], runtime:  6.59s, train err: 5.6629e-04 (best:  5.6440e-04/ 4.6912e-04)
>> epoch [ 868/3000], runtime:  6.38s, train err: 5.6978e-04 (best:  5.6440e-04/ 4.6912e-04)
>> epoch [ 869/3000], runtime:  6.35s, train err: 5.5644e-04 (best:  5.6440e-04/ 4.6912e-04)
>> epoch [ 870/3000], runtime:  6.32s, train err: 5.5815e-04 (best:  5.6440e-04/ 4.6912e-04)
>> epoch [ 871/3000], runtime:  6.40s, train err: 5.6441e-04 (best:  5.6440e-04/ 4.6912e-04)
>> epoch [ 872/3000], runtime:  6.34s, train err: 5.6860e-04 (best:  5.6440e-04/ 4.6912e-04)
>> epoch [ 873/3000], runtime:  7.09s, train err: 5.6073e-04 (best:  5.6440e-04/ 4.6912e-04)
>> epoch [ 874/3000], runtime:  6.35s, train err: 5.6986e-04 (best:  5.6440e-04/ 4.6912e-04)
>> epoch [ 875/3000], runtime:  5.81s, train err: 5.6138e-04 (best:  5.6440e-04/ 4.6912e-04)
>> epoch [ 876/3000], runtime: 6.29s, train err: 5.5358e-04, valid err: 4.6794e-04 , test err: 4.9928e-04
>> epoch [ 877/3000], runtime: 6.60s, train err: 5.5305e-04, valid err: 4.6555e-04 , test err: 5.0166e-04
>> epoch [ 878/3000], runtime: 6.17s, train err: 5.5276e-04, valid err: 4.6443e-04 , test err: 4.9667e-04
>> epoch [ 879/3000], runtime:  5.53s, train err: 5.5663e-04 (best:  5.5276e-04/ 4.6443e-04)
>> epoch [ 880/3000], runtime:  6.57s, train err: 5.5333e-04 (best:  5.5276e-04/ 4.6443e-04)
>> epoch [ 881/3000], runtime:  6.15s, train err: 5.5034e-04 (best:  5.5276e-04/ 4.6443e-04)
>> epoch [ 882/3000], runtime:  5.84s, train err: 5.5561e-04 (best:  5.5276e-04/ 4.6443e-04)
>> epoch [ 883/3000], runtime:  7.04s, train err: 5.5720e-04 (best:  5.5276e-04/ 4.6443e-04)
>> epoch [ 884/3000], runtime:  5.79s, train err: 5.4946e-04 (best:  5.5276e-04/ 4.6443e-04)
>> epoch [ 885/3000], runtime:  6.75s, train err: 5.5171e-04 (best:  5.5276e-04/ 4.6443e-04)
>> epoch [ 886/3000], runtime:  6.51s, train err: 5.6760e-04 (best:  5.5276e-04/ 4.6443e-04)
>> epoch [ 887/3000], runtime:  5.40s, train err: 5.5748e-04 (best:  5.5276e-04/ 4.6443e-04)
>> epoch [ 888/3000], runtime:  6.69s, train err: 5.5000e-04 (best:  5.5276e-04/ 4.6443e-04)
>> epoch [ 889/3000], runtime:  6.22s, train err: 5.4742e-04 (best:  5.5276e-04/ 4.6443e-04)
>> epoch [ 890/3000], runtime:  7.08s, train err: 5.4668e-04 (best:  5.5276e-04/ 4.6443e-04)
>> epoch [ 891/3000], runtime:  6.33s, train err: 5.4997e-04 (best:  5.5276e-04/ 4.6443e-04)
>> epoch [ 892/3000], runtime: 6.25s, train err: 5.5235e-04, valid err: 4.6335e-04 , test err: 4.9387e-04
>> epoch [ 893/3000], runtime:  6.62s, train err: 5.6043e-04 (best:  5.5235e-04/ 4.6335e-04)
>> epoch [ 894/3000], runtime:  6.37s, train err: 5.5540e-04 (best:  5.5235e-04/ 4.6335e-04)
>> epoch [ 895/3000], runtime:  7.14s, train err: 5.4948e-04 (best:  5.5235e-04/ 4.6335e-04)
>> epoch [ 896/3000], runtime:  6.75s, train err: 5.5856e-04 (best:  5.5235e-04/ 4.6335e-04)
>> epoch [ 897/3000], runtime:  4.29s, train err: 5.5682e-04 (best:  5.5235e-04/ 4.6335e-04)
>> epoch [ 898/3000], runtime:  5.59s, train err: 5.5298e-04 (best:  5.5235e-04/ 4.6335e-04)
>> epoch [ 899/3000], runtime: 5.42s, train err: 5.5034e-04, valid err: 4.6003e-04 , test err: 4.9544e-04
>> epoch [ 900/3000], runtime:  6.30s, train err: 5.6565e-04 (best:  5.5034e-04/ 4.6003e-04)
>> epoch [ 901/3000], runtime:  6.48s, train err: 5.6655e-04 (best:  5.5034e-04/ 4.6003e-04)
>> epoch [ 902/3000], runtime:  5.66s, train err: 5.4866e-04 (best:  5.5034e-04/ 4.6003e-04)
>> epoch [ 903/3000], runtime:  6.08s, train err: 5.5010e-04 (best:  5.5034e-04/ 4.6003e-04)
>> epoch [ 904/3000], runtime:  5.75s, train err: 5.4805e-04 (best:  5.5034e-04/ 4.6003e-04)
>> epoch [ 905/3000], runtime:  6.29s, train err: 5.4955e-04 (best:  5.5034e-04/ 4.6003e-04)
>> epoch [ 906/3000], runtime:  5.68s, train err: 5.5444e-04 (best:  5.5034e-04/ 4.6003e-04)
>> epoch [ 907/3000], runtime:  6.30s, train err: 5.5586e-04 (best:  5.5034e-04/ 4.6003e-04)
>> epoch [ 908/3000], runtime:  5.62s, train err: 5.5425e-04 (best:  5.5034e-04/ 4.6003e-04)
>> epoch [ 909/3000], runtime:  6.38s, train err: 5.4319e-04 (best:  5.5034e-04/ 4.6003e-04)
>> epoch [ 910/3000], runtime: 6.82s, train err: 5.4694e-04, valid err: 4.5895e-04 , test err: 4.9248e-04
>> epoch [ 911/3000], runtime:  6.46s, train err: 5.5165e-04 (best:  5.4694e-04/ 4.5895e-04)
>> epoch [ 912/3000], runtime:  6.04s, train err: 5.5181e-04 (best:  5.4694e-04/ 4.5895e-04)
>> epoch [ 913/3000], runtime: 5.93s, train err: 5.4653e-04, valid err: 4.5771e-04 , test err: 4.8451e-04
>> epoch [ 914/3000], runtime:  6.17s, train err: 5.4437e-04 (best:  5.4653e-04/ 4.5771e-04)
>> epoch [ 915/3000], runtime:  6.84s, train err: 5.5272e-04 (best:  5.4653e-04/ 4.5771e-04)
>> epoch [ 916/3000], runtime:  5.88s, train err: 5.4772e-04 (best:  5.4653e-04/ 4.5771e-04)
>> epoch [ 917/3000], runtime:  5.74s, train err: 5.4415e-04 (best:  5.4653e-04/ 4.5771e-04)
>> epoch [ 918/3000], runtime:  5.96s, train err: 5.5016e-04 (best:  5.4653e-04/ 4.5771e-04)
>> epoch [ 919/3000], runtime:  5.99s, train err: 5.5165e-04 (best:  5.4653e-04/ 4.5771e-04)
>> epoch [ 920/3000], runtime:  5.58s, train err: 5.5802e-04 (best:  5.4653e-04/ 4.5771e-04)
>> epoch [ 921/3000], runtime:  6.20s, train err: 5.5337e-04 (best:  5.4653e-04/ 4.5771e-04)
>> epoch [ 922/3000], runtime: 6.34s, train err: 5.4551e-04, valid err: 4.5750e-04 , test err: 4.9712e-04
>> epoch [ 923/3000], runtime:  6.87s, train err: 5.4430e-04 (best:  5.4551e-04/ 4.5750e-04)
>> epoch [ 924/3000], runtime:  6.63s, train err: 5.4810e-04 (best:  5.4551e-04/ 4.5750e-04)
>> epoch [ 925/3000], runtime:  6.56s, train err: 5.4682e-04 (best:  5.4551e-04/ 4.5750e-04)
>> epoch [ 926/3000], runtime:  6.95s, train err: 5.4613e-04 (best:  5.4551e-04/ 4.5750e-04)
>> epoch [ 927/3000], runtime:  5.65s, train err: 5.4446e-04 (best:  5.4551e-04/ 4.5750e-04)
>> epoch [ 928/3000], runtime:  6.10s, train err: 5.3920e-04 (best:  5.4551e-04/ 4.5750e-04)
>> epoch [ 929/3000], runtime:  5.83s, train err: 5.4793e-04 (best:  5.4551e-04/ 4.5750e-04)
>> epoch [ 930/3000], runtime:  6.60s, train err: 5.6169e-04 (best:  5.4551e-04/ 4.5750e-04)
>> epoch [ 931/3000], runtime:  5.16s, train err: 5.5022e-04 (best:  5.4551e-04/ 4.5750e-04)
>> epoch [ 932/3000], runtime:  6.80s, train err: 5.5188e-04 (best:  5.4551e-04/ 4.5750e-04)
>> epoch [ 933/3000], runtime: 5.09s, train err: 5.4371e-04, valid err: 4.5516e-04 , test err: 4.8310e-04
>> epoch [ 934/3000], runtime:  5.99s, train err: 5.4208e-04 (best:  5.4371e-04/ 4.5516e-04)
>> epoch [ 935/3000], runtime:  6.86s, train err: 5.5588e-04 (best:  5.4371e-04/ 4.5516e-04)
>> epoch [ 936/3000], runtime:  6.40s, train err: 5.5606e-04 (best:  5.4371e-04/ 4.5516e-04)
>> epoch [ 937/3000], runtime:  6.53s, train err: 5.4375e-04 (best:  5.4371e-04/ 4.5516e-04)
>> epoch [ 938/3000], runtime:  5.04s, train err: 5.4052e-04 (best:  5.4371e-04/ 4.5516e-04)
>> epoch [ 939/3000], runtime:  6.39s, train err: 5.5800e-04 (best:  5.4371e-04/ 4.5516e-04)
>> epoch [ 940/3000], runtime:  7.10s, train err: 5.4530e-04 (best:  5.4371e-04/ 4.5516e-04)
>> epoch [ 941/3000], runtime:  5.88s, train err: 5.4047e-04 (best:  5.4371e-04/ 4.5516e-04)
>> epoch [ 942/3000], runtime:  6.25s, train err: 5.4404e-04 (best:  5.4371e-04/ 4.5516e-04)
>> epoch [ 943/3000], runtime:  6.50s, train err: 5.4525e-04 (best:  5.4371e-04/ 4.5516e-04)
>> epoch [ 944/3000], runtime:  6.20s, train err: 5.4752e-04 (best:  5.4371e-04/ 4.5516e-04)
>> epoch [ 945/3000], runtime:  6.43s, train err: 5.5024e-04 (best:  5.4371e-04/ 4.5516e-04)
>> epoch [ 946/3000], runtime:  6.21s, train err: 5.5044e-04 (best:  5.4371e-04/ 4.5516e-04)
>> epoch [ 947/3000], runtime:  6.54s, train err: 5.5513e-04 (best:  5.4371e-04/ 4.5516e-04)
>> epoch [ 948/3000], runtime:  6.77s, train err: 5.4298e-04 (best:  5.4371e-04/ 4.5516e-04)
>> epoch [ 949/3000], runtime:  6.28s, train err: 5.5261e-04 (best:  5.4371e-04/ 4.5516e-04)
>> epoch [ 950/3000], runtime:  6.41s, train err: 5.4301e-04 (best:  5.4371e-04/ 4.5516e-04)
>> epoch [ 951/3000], runtime: 6.78s, train err: 5.3989e-04, valid err: 4.5124e-04 , test err: 4.8723e-04
>> epoch [ 952/3000], runtime:  6.59s, train err: 5.3974e-04 (best:  5.3989e-04/ 4.5124e-04)
>> epoch [ 953/3000], runtime:  6.60s, train err: 5.4168e-04 (best:  5.3989e-04/ 4.5124e-04)
>> epoch [ 954/3000], runtime:  6.24s, train err: 5.3877e-04 (best:  5.3989e-04/ 4.5124e-04)
>> epoch [ 955/3000], runtime:  6.13s, train err: 5.3783e-04 (best:  5.3989e-04/ 4.5124e-04)
>> epoch [ 956/3000], runtime:  6.53s, train err: 5.4165e-04 (best:  5.3989e-04/ 4.5124e-04)
>> epoch [ 957/3000], runtime:  6.18s, train err: 5.4930e-04 (best:  5.3989e-04/ 4.5124e-04)
>> epoch [ 958/3000], runtime:  6.79s, train err: 5.3770e-04 (best:  5.3989e-04/ 4.5124e-04)
>> epoch [ 959/3000], runtime:  6.10s, train err: 5.4032e-04 (best:  5.3989e-04/ 4.5124e-04)
>> epoch [ 960/3000], runtime:  6.62s, train err: 5.4696e-04 (best:  5.3989e-04/ 4.5124e-04)
>> epoch [ 961/3000], runtime:  6.04s, train err: 5.3734e-04 (best:  5.3989e-04/ 4.5124e-04)
>> epoch [ 962/3000], runtime: 5.36s, train err: 5.3961e-04, valid err: 4.4829e-04 , test err: 4.8053e-04
>> epoch [ 963/3000], runtime:  6.13s, train err: 5.3424e-04 (best:  5.3961e-04/ 4.4829e-04)
>> epoch [ 964/3000], runtime:  6.11s, train err: 5.3899e-04 (best:  5.3961e-04/ 4.4829e-04)
>> epoch [ 965/3000], runtime:  6.57s, train err: 5.4091e-04 (best:  5.3961e-04/ 4.4829e-04)
>> epoch [ 966/3000], runtime:  6.64s, train err: 5.5159e-04 (best:  5.3961e-04/ 4.4829e-04)
>> epoch [ 967/3000], runtime:  6.10s, train err: 5.4949e-04 (best:  5.3961e-04/ 4.4829e-04)
>> epoch [ 968/3000], runtime:  5.98s, train err: 5.3824e-04 (best:  5.3961e-04/ 4.4829e-04)
>> epoch [ 969/3000], runtime:  5.85s, train err: 5.3646e-04 (best:  5.3961e-04/ 4.4829e-04)
>> epoch [ 970/3000], runtime:  5.17s, train err: 5.4041e-04 (best:  5.3961e-04/ 4.4829e-04)
>> epoch [ 971/3000], runtime:  6.57s, train err: 5.3626e-04 (best:  5.3961e-04/ 4.4829e-04)
>> epoch [ 972/3000], runtime:  5.79s, train err: 5.3527e-04 (best:  5.3961e-04/ 4.4829e-04)
>> epoch [ 973/3000], runtime:  6.46s, train err: 5.3665e-04 (best:  5.3961e-04/ 4.4829e-04)
>> epoch [ 974/3000], runtime:  6.46s, train err: 5.4606e-04 (best:  5.3961e-04/ 4.4829e-04)
>> epoch [ 975/3000], runtime:  6.29s, train err: 5.3426e-04 (best:  5.3961e-04/ 4.4829e-04)
>> epoch [ 976/3000], runtime:  6.02s, train err: 5.4302e-04 (best:  5.3961e-04/ 4.4829e-04)
>> epoch [ 977/3000], runtime:  6.73s, train err: 5.3390e-04 (best:  5.3961e-04/ 4.4829e-04)
>> epoch [ 978/3000], runtime:  6.31s, train err: 5.4493e-04 (best:  5.3961e-04/ 4.4829e-04)
>> epoch [ 979/3000], runtime:  5.58s, train err: 5.4660e-04 (best:  5.3961e-04/ 4.4829e-04)
>> epoch [ 980/3000], runtime:  6.31s, train err: 5.3474e-04 (best:  5.3961e-04/ 4.4829e-04)
>> epoch [ 981/3000], runtime:  7.08s, train err: 5.3506e-04 (best:  5.3961e-04/ 4.4829e-04)
>> epoch [ 982/3000], runtime:  6.71s, train err: 5.4416e-04 (best:  5.3961e-04/ 4.4829e-04)
>> epoch [ 983/3000], runtime:  5.27s, train err: 5.5087e-04 (best:  5.3961e-04/ 4.4829e-04)
>> epoch [ 984/3000], runtime: 6.66s, train err: 5.3572e-04, valid err: 4.4803e-04 , test err: 4.7954e-04
>> epoch [ 985/3000], runtime:  6.52s, train err: 5.3049e-04 (best:  5.3572e-04/ 4.4803e-04)
>> epoch [ 986/3000], runtime:  7.07s, train err: 5.3193e-04 (best:  5.3572e-04/ 4.4803e-04)
>> epoch [ 987/3000], runtime:  6.57s, train err: 5.2904e-04 (best:  5.3572e-04/ 4.4803e-04)
>> epoch [ 988/3000], runtime:  6.52s, train err: 5.3377e-04 (best:  5.3572e-04/ 4.4803e-04)
>> epoch [ 989/3000], runtime: 7.05s, train err: 5.3332e-04, valid err: 4.4559e-04 , test err: 4.8119e-04
>> epoch [ 990/3000], runtime:  6.29s, train err: 5.3043e-04 (best:  5.3332e-04/ 4.4559e-04)
>> epoch [ 991/3000], runtime:  6.73s, train err: 5.3232e-04 (best:  5.3332e-04/ 4.4559e-04)
>> epoch [ 992/3000], runtime:  6.92s, train err: 5.3977e-04 (best:  5.3332e-04/ 4.4559e-04)
>> epoch [ 993/3000], runtime:  6.52s, train err: 5.3899e-04 (best:  5.3332e-04/ 4.4559e-04)
>> epoch [ 994/3000], runtime:  7.07s, train err: 5.3234e-04 (best:  5.3332e-04/ 4.4559e-04)
>> epoch [ 995/3000], runtime:  5.79s, train err: 5.3168e-04 (best:  5.3332e-04/ 4.4559e-04)
>> epoch [ 996/3000], runtime:  4.68s, train err: 5.3142e-04 (best:  5.3332e-04/ 4.4559e-04)
>> epoch [ 997/3000], runtime:  5.20s, train err: 5.3247e-04 (best:  5.3332e-04/ 4.4559e-04)
>> epoch [ 998/3000], runtime:  6.02s, train err: 5.3648e-04 (best:  5.3332e-04/ 4.4559e-04)
>> epoch [ 999/3000], runtime:  6.03s, train err: 5.3233e-04 (best:  5.3332e-04/ 4.4559e-04)
>> epoch [1000/3000], runtime:  5.31s, train err: 5.3266e-04 (best:  5.3332e-04/ 4.4559e-04)
>> epoch [1001/3000], runtime: 5.22s, train err: 5.2861e-04, valid err: 4.4451e-04 , test err: 4.7645e-04
>> epoch [1002/3000], runtime:  5.98s, train err: 5.2983e-04 (best:  5.2861e-04/ 4.4451e-04)
>> epoch [1003/3000], runtime:  6.03s, train err: 5.2868e-04 (best:  5.2861e-04/ 4.4451e-04)
>> epoch [1004/3000], runtime:  5.95s, train err: 5.3097e-04 (best:  5.2861e-04/ 4.4451e-04)
>> epoch [1005/3000], runtime:  6.02s, train err: 5.3793e-04 (best:  5.2861e-04/ 4.4451e-04)
>> epoch [1006/3000], runtime:  5.27s, train err: 5.2991e-04 (best:  5.2861e-04/ 4.4451e-04)
>> epoch [1007/3000], runtime:  5.29s, train err: 5.3426e-04 (best:  5.2861e-04/ 4.4451e-04)
>> epoch [1008/3000], runtime:  5.83s, train err: 5.3326e-04 (best:  5.2861e-04/ 4.4451e-04)
>> epoch [1009/3000], runtime:  5.39s, train err: 5.2960e-04 (best:  5.2861e-04/ 4.4451e-04)
>> epoch [1010/3000], runtime:  5.24s, train err: 5.2864e-04 (best:  5.2861e-04/ 4.4451e-04)
>> epoch [1011/3000], runtime:  4.35s, train err: 5.2901e-04 (best:  5.2861e-04/ 4.4451e-04)
>> epoch [1012/3000], runtime:  5.91s, train err: 5.2878e-04 (best:  5.2861e-04/ 4.4451e-04)
>> epoch [1013/3000], runtime:  5.30s, train err: 5.3780e-04 (best:  5.2861e-04/ 4.4451e-04)
>> epoch [1014/3000], runtime:  6.04s, train err: 5.3692e-04 (best:  5.2861e-04/ 4.4451e-04)
>> epoch [1015/3000], runtime:  6.03s, train err: 5.3129e-04 (best:  5.2861e-04/ 4.4451e-04)
>> epoch [1016/3000], runtime:  6.04s, train err: 5.2533e-04 (best:  5.2861e-04/ 4.4451e-04)
>> epoch [1017/3000], runtime:  5.42s, train err: 5.2629e-04 (best:  5.2861e-04/ 4.4451e-04)
>> epoch [1018/3000], runtime: 5.37s, train err: 5.2833e-04, valid err: 4.4296e-04 , test err: 4.7289e-04
>> epoch [1019/3000], runtime:  5.82s, train err: 5.2961e-04 (best:  5.2833e-04/ 4.4296e-04)
>> epoch [1020/3000], runtime:  5.29s, train err: 5.2522e-04 (best:  5.2833e-04/ 4.4296e-04)
>> epoch [1021/3000], runtime:  6.03s, train err: 5.3570e-04 (best:  5.2833e-04/ 4.4296e-04)
>> epoch [1022/3000], runtime: 5.95s, train err: 5.2669e-04, valid err: 4.4166e-04 , test err: 4.7152e-04
>> epoch [1023/3000], runtime:  6.00s, train err: 5.2377e-04 (best:  5.2669e-04/ 4.4166e-04)
>> epoch [1024/3000], runtime:  5.27s, train err: 5.3131e-04 (best:  5.2669e-04/ 4.4166e-04)
>> epoch [1025/3000], runtime:  5.94s, train err: 5.2917e-04 (best:  5.2669e-04/ 4.4166e-04)
>> epoch [1026/3000], runtime:  6.04s, train err: 5.2876e-04 (best:  5.2669e-04/ 4.4166e-04)
>> epoch [1027/3000], runtime:  6.04s, train err: 5.2232e-04 (best:  5.2669e-04/ 4.4166e-04)
>> epoch [1028/3000], runtime:  6.04s, train err: 5.2502e-04 (best:  5.2669e-04/ 4.4166e-04)
>> epoch [1029/3000], runtime:  5.94s, train err: 5.2797e-04 (best:  5.2669e-04/ 4.4166e-04)
>> epoch [1030/3000], runtime:  6.03s, train err: 5.4108e-04 (best:  5.2669e-04/ 4.4166e-04)
>> epoch [1031/3000], runtime:  6.04s, train err: 5.5380e-04 (best:  5.2669e-04/ 4.4166e-04)
>> epoch [1032/3000], runtime:  5.23s, train err: 5.3427e-04 (best:  5.2669e-04/ 4.4166e-04)
>> epoch [1033/3000], runtime:  5.98s, train err: 5.3004e-04 (best:  5.2669e-04/ 4.4166e-04)
>> epoch [1034/3000], runtime:  6.02s, train err: 5.2477e-04 (best:  5.2669e-04/ 4.4166e-04)
>> epoch [1035/3000], runtime:  5.49s, train err: 5.3762e-04 (best:  5.2669e-04/ 4.4166e-04)
>> epoch [1036/3000], runtime:  5.17s, train err: 5.2292e-04 (best:  5.2669e-04/ 4.4166e-04)
>> epoch [1037/3000], runtime:  5.82s, train err: 5.2274e-04 (best:  5.2669e-04/ 4.4166e-04)
>> epoch [1038/3000], runtime:  5.82s, train err: 5.2506e-04 (best:  5.2669e-04/ 4.4166e-04)
>> epoch [1039/3000], runtime:  5.52s, train err: 5.2629e-04 (best:  5.2669e-04/ 4.4166e-04)
>> epoch [1040/3000], runtime:  6.04s, train err: 5.2547e-04 (best:  5.2669e-04/ 4.4166e-04)
>> epoch [1041/3000], runtime:  5.39s, train err: 5.2684e-04 (best:  5.2669e-04/ 4.4166e-04)
>> epoch [1042/3000], runtime:  6.04s, train err: 5.1913e-04 (best:  5.2669e-04/ 4.4166e-04)
>> epoch [1043/3000], runtime:  4.65s, train err: 5.2822e-04 (best:  5.2669e-04/ 4.4166e-04)
>> epoch [1044/3000], runtime:  5.98s, train err: 5.2721e-04 (best:  5.2669e-04/ 4.4166e-04)
>> epoch [1045/3000], runtime: 4.86s, train err: 5.2086e-04, valid err: 4.4133e-04 , test err: 4.7689e-04
>> epoch [1046/3000], runtime:  5.73s, train err: 5.2833e-04 (best:  5.2086e-04/ 4.4133e-04)
>> epoch [1047/3000], runtime:  5.59s, train err: 5.2218e-04 (best:  5.2086e-04/ 4.4133e-04)
>> epoch [1048/3000], runtime:  5.77s, train err: 5.2220e-04 (best:  5.2086e-04/ 4.4133e-04)
>> epoch [1049/3000], runtime: 5.43s, train err: 5.2032e-04, valid err: 4.4010e-04 , test err: 4.6606e-04
>> epoch [1050/3000], runtime:  5.57s, train err: 5.2420e-04 (best:  5.2032e-04/ 4.4010e-04)
>> epoch [1051/3000], runtime:  6.05s, train err: 5.2716e-04 (best:  5.2032e-04/ 4.4010e-04)
>> epoch [1052/3000], runtime:  5.52s, train err: 5.2508e-04 (best:  5.2032e-04/ 4.4010e-04)
>> epoch [1053/3000], runtime:  5.70s, train err: 5.2110e-04 (best:  5.2032e-04/ 4.4010e-04)
>> epoch [1054/3000], runtime:  4.71s, train err: 5.2235e-04 (best:  5.2032e-04/ 4.4010e-04)
>> epoch [1055/3000], runtime:  5.79s, train err: 5.2218e-04 (best:  5.2032e-04/ 4.4010e-04)
>> epoch [1056/3000], runtime:  5.19s, train err: 5.2433e-04 (best:  5.2032e-04/ 4.4010e-04)
>> epoch [1057/3000], runtime:  5.32s, train err: 5.2283e-04 (best:  5.2032e-04/ 4.4010e-04)
>> epoch [1058/3000], runtime: 5.91s, train err: 5.1779e-04, valid err: 4.3615e-04 , test err: 4.6698e-04
>> epoch [1059/3000], runtime:  5.34s, train err: 5.2732e-04 (best:  5.1779e-04/ 4.3615e-04)
>> epoch [1060/3000], runtime:  5.94s, train err: 5.2056e-04 (best:  5.1779e-04/ 4.3615e-04)
>> epoch [1061/3000], runtime:  5.24s, train err: 5.1944e-04 (best:  5.1779e-04/ 4.3615e-04)
>> epoch [1062/3000], runtime:  5.21s, train err: 5.1921e-04 (best:  5.1779e-04/ 4.3615e-04)
>> epoch [1063/3000], runtime:  5.37s, train err: 5.1820e-04 (best:  5.1779e-04/ 4.3615e-04)
>> epoch [1064/3000], runtime:  6.02s, train err: 5.2909e-04 (best:  5.1779e-04/ 4.3615e-04)
>> epoch [1065/3000], runtime:  5.63s, train err: 5.2497e-04 (best:  5.1779e-04/ 4.3615e-04)
>> epoch [1066/3000], runtime:  3.93s, train err: 5.2827e-04 (best:  5.1779e-04/ 4.3615e-04)
>> epoch [1067/3000], runtime:  5.55s, train err: 5.2310e-04 (best:  5.1779e-04/ 4.3615e-04)
>> epoch [1068/3000], runtime:  4.00s, train err: 5.2299e-04 (best:  5.1779e-04/ 4.3615e-04)
>> epoch [1069/3000], runtime:  5.51s, train err: 5.1798e-04 (best:  5.1779e-04/ 4.3615e-04)
>> epoch [1070/3000], runtime:  5.60s, train err: 5.1908e-04 (best:  5.1779e-04/ 4.3615e-04)
>> epoch [1071/3000], runtime:  4.73s, train err: 5.2420e-04 (best:  5.1779e-04/ 4.3615e-04)
>> epoch [1072/3000], runtime:  5.83s, train err: 5.2803e-04 (best:  5.1779e-04/ 4.3615e-04)
>> epoch [1073/3000], runtime:  5.08s, train err: 5.2977e-04 (best:  5.1779e-04/ 4.3615e-04)
>> epoch [1074/3000], runtime:  5.20s, train err: 5.3825e-04 (best:  5.1779e-04/ 4.3615e-04)
>> epoch [1075/3000], runtime:  5.41s, train err: 5.2003e-04 (best:  5.1779e-04/ 4.3615e-04)
>> epoch [1076/3000], runtime:  5.35s, train err: 5.2038e-04 (best:  5.1779e-04/ 4.3615e-04)
>> epoch [1077/3000], runtime:  5.68s, train err: 5.1557e-04 (best:  5.1779e-04/ 4.3615e-04)
>> epoch [1078/3000], runtime: 5.35s, train err: 5.1667e-04, valid err: 4.3396e-04 , test err: 4.6704e-04
>> epoch [1079/3000], runtime:  5.18s, train err: 5.1646e-04 (best:  5.1667e-04/ 4.3396e-04)
>> epoch [1080/3000], runtime:  5.95s, train err: 5.3491e-04 (best:  5.1667e-04/ 4.3396e-04)
>> epoch [1081/3000], runtime:  5.66s, train err: 5.2921e-04 (best:  5.1667e-04/ 4.3396e-04)
>> epoch [1082/3000], runtime:  3.96s, train err: 5.1879e-04 (best:  5.1667e-04/ 4.3396e-04)
>> epoch [1083/3000], runtime:  5.67s, train err: 5.2148e-04 (best:  5.1667e-04/ 4.3396e-04)
>> epoch [1084/3000], runtime:  4.73s, train err: 5.2012e-04 (best:  5.1667e-04/ 4.3396e-04)
>> epoch [1085/3000], runtime:  5.60s, train err: 5.2353e-04 (best:  5.1667e-04/ 4.3396e-04)
>> epoch [1086/3000], runtime:  5.51s, train err: 5.2468e-04 (best:  5.1667e-04/ 4.3396e-04)
>> epoch [1087/3000], runtime:  6.03s, train err: 5.1796e-04 (best:  5.1667e-04/ 4.3396e-04)
>> epoch [1088/3000], runtime: 5.28s, train err: 5.1587e-04, valid err: 4.3345e-04 , test err: 4.6106e-04
>> epoch [1089/3000], runtime:  5.23s, train err: 5.1440e-04 (best:  5.1587e-04/ 4.3345e-04)
>> epoch [1090/3000], runtime:  4.52s, train err: 5.1527e-04 (best:  5.1587e-04/ 4.3345e-04)
>> epoch [1091/3000], runtime:  5.96s, train err: 5.2049e-04 (best:  5.1587e-04/ 4.3345e-04)
>> epoch [1092/3000], runtime:  4.50s, train err: 5.2389e-04 (best:  5.1587e-04/ 4.3345e-04)
>> epoch [1093/3000], runtime:  5.19s, train err: 5.1233e-04 (best:  5.1587e-04/ 4.3345e-04)
>> epoch [1094/3000], runtime:  5.98s, train err: 5.1922e-04 (best:  5.1587e-04/ 4.3345e-04)
>> epoch [1095/3000], runtime:  3.15s, train err: 5.2165e-04 (best:  5.1587e-04/ 4.3345e-04)
>> epoch [1096/3000], runtime:  5.88s, train err: 5.1814e-04 (best:  5.1587e-04/ 4.3345e-04)
>> epoch [1097/3000], runtime: 3.50s, train err: 5.1328e-04, valid err: 4.3339e-04 , test err: 4.6079e-04
>> epoch [1098/3000], runtime:  4.58s, train err: 5.1423e-04 (best:  5.1328e-04/ 4.3339e-04)
>> epoch [1099/3000], runtime:  5.84s, train err: 5.1547e-04 (best:  5.1328e-04/ 4.3339e-04)
>> epoch [1100/3000], runtime:  6.02s, train err: 5.2018e-04 (best:  5.1328e-04/ 4.3339e-04)
>> epoch [1101/3000], runtime: 4.56s, train err: 5.1319e-04, valid err: 4.3333e-04 , test err: 4.6657e-04
>> epoch [1102/3000], runtime:  5.36s, train err: 5.1288e-04 (best:  5.1319e-04/ 4.3333e-04)
>> epoch [1103/3000], runtime:  5.45s, train err: 5.1250e-04 (best:  5.1319e-04/ 4.3333e-04)
>> epoch [1104/3000], runtime:  5.11s, train err: 5.1742e-04 (best:  5.1319e-04/ 4.3333e-04)
>> epoch [1105/3000], runtime:  5.83s, train err: 5.1817e-04 (best:  5.1319e-04/ 4.3333e-04)
>> epoch [1106/3000], runtime:  6.02s, train err: 5.1313e-04 (best:  5.1319e-04/ 4.3333e-04)
>> epoch [1107/3000], runtime:  6.02s, train err: 5.1495e-04 (best:  5.1319e-04/ 4.3333e-04)
>> epoch [1108/3000], runtime:  6.01s, train err: 5.2633e-04 (best:  5.1319e-04/ 4.3333e-04)
>> epoch [1109/3000], runtime:  5.23s, train err: 5.1458e-04 (best:  5.1319e-04/ 4.3333e-04)
>> epoch [1110/3000], runtime: 5.91s, train err: 5.1212e-04, valid err: 4.3066e-04 , test err: 4.6784e-04
>> epoch [1111/3000], runtime:  5.90s, train err: 5.1358e-04 (best:  5.1212e-04/ 4.3066e-04)
>> epoch [1112/3000], runtime:  4.28s, train err: 5.1591e-04 (best:  5.1212e-04/ 4.3066e-04)
>> epoch [1113/3000], runtime:  5.12s, train err: 5.1231e-04 (best:  5.1212e-04/ 4.3066e-04)
>> epoch [1114/3000], runtime:  4.39s, train err: 5.1580e-04 (best:  5.1212e-04/ 4.3066e-04)
>> epoch [1115/3000], runtime:  5.18s, train err: 5.1603e-04 (best:  5.1212e-04/ 4.3066e-04)
>> epoch [1116/3000], runtime:  5.56s, train err: 5.1595e-04 (best:  5.1212e-04/ 4.3066e-04)
>> epoch [1117/3000], runtime:  5.05s, train err: 5.1252e-04 (best:  5.1212e-04/ 4.3066e-04)
>> epoch [1118/3000], runtime:  5.35s, train err: 5.1064e-04 (best:  5.1212e-04/ 4.3066e-04)
>> epoch [1119/3000], runtime:  5.19s, train err: 5.1080e-04 (best:  5.1212e-04/ 4.3066e-04)
>> epoch [1120/3000], runtime:  5.38s, train err: 5.1103e-04 (best:  5.1212e-04/ 4.3066e-04)
>> epoch [1121/3000], runtime:  5.69s, train err: 5.2356e-04 (best:  5.1212e-04/ 4.3066e-04)
>> epoch [1122/3000], runtime:  5.51s, train err: 5.1359e-04 (best:  5.1212e-04/ 4.3066e-04)
>> epoch [1123/3000], runtime:  5.70s, train err: 5.0968e-04 (best:  5.1212e-04/ 4.3066e-04)
>> epoch [1124/3000], runtime:  5.38s, train err: 5.0592e-04 (best:  5.1212e-04/ 4.3066e-04)
>> epoch [1125/3000], runtime: 5.78s, train err: 5.0969e-04, valid err: 4.2917e-04 , test err: 4.6349e-04
>> epoch [1126/3000], runtime:  4.46s, train err: 5.1529e-04 (best:  5.0969e-04/ 4.2917e-04)
>> epoch [1127/3000], runtime:  5.46s, train err: 5.1102e-04 (best:  5.0969e-04/ 4.2917e-04)
>> epoch [1128/3000], runtime:  5.86s, train err: 5.0763e-04 (best:  5.0969e-04/ 4.2917e-04)
>> epoch [1129/3000], runtime:  5.82s, train err: 5.0808e-04 (best:  5.0969e-04/ 4.2917e-04)
>> epoch [1130/3000], runtime:  5.86s, train err: 5.0878e-04 (best:  5.0969e-04/ 4.2917e-04)
>> epoch [1131/3000], runtime:  5.69s, train err: 5.1131e-04 (best:  5.0969e-04/ 4.2917e-04)
>> epoch [1132/3000], runtime:  4.51s, train err: 5.1145e-04 (best:  5.0969e-04/ 4.2917e-04)
>> epoch [1133/3000], runtime:  5.98s, train err: 5.1212e-04 (best:  5.0969e-04/ 4.2917e-04)
>> epoch [1134/3000], runtime:  5.29s, train err: 5.1029e-04 (best:  5.0969e-04/ 4.2917e-04)
>> epoch [1135/3000], runtime:  5.94s, train err: 5.1399e-04 (best:  5.0969e-04/ 4.2917e-04)
>> epoch [1136/3000], runtime: 4.46s, train err: 5.0876e-04, valid err: 4.2844e-04 , test err: 4.6002e-04
>> epoch [1137/3000], runtime:  5.35s, train err: 5.1568e-04 (best:  5.0876e-04/ 4.2844e-04)
>> epoch [1138/3000], runtime:  5.99s, train err: 5.2169e-04 (best:  5.0876e-04/ 4.2844e-04)
>> epoch [1139/3000], runtime:  5.25s, train err: 5.0908e-04 (best:  5.0876e-04/ 4.2844e-04)
>> epoch [1140/3000], runtime: 5.83s, train err: 5.0807e-04, valid err: 4.2787e-04 , test err: 4.5648e-04
>> epoch [1141/3000], runtime:  5.84s, train err: 5.1183e-04 (best:  5.0807e-04/ 4.2787e-04)
>> epoch [1142/3000], runtime:  5.46s, train err: 5.0769e-04 (best:  5.0807e-04/ 4.2787e-04)
>> epoch [1143/3000], runtime:  5.46s, train err: 5.0827e-04 (best:  5.0807e-04/ 4.2787e-04)
>> epoch [1144/3000], runtime:  4.98s, train err: 5.0890e-04 (best:  5.0807e-04/ 4.2787e-04)
>> epoch [1145/3000], runtime:  4.92s, train err: 5.0945e-04 (best:  5.0807e-04/ 4.2787e-04)
>> epoch [1146/3000], runtime:  5.87s, train err: 5.0980e-04 (best:  5.0807e-04/ 4.2787e-04)
>> epoch [1147/3000], runtime:  5.56s, train err: 5.0458e-04 (best:  5.0807e-04/ 4.2787e-04)
>> epoch [1148/3000], runtime:  5.00s, train err: 5.1311e-04 (best:  5.0807e-04/ 4.2787e-04)
>> epoch [1149/3000], runtime:  5.52s, train err: 5.1008e-04 (best:  5.0807e-04/ 4.2787e-04)
>> epoch [1150/3000], runtime:  5.44s, train err: 5.0958e-04 (best:  5.0807e-04/ 4.2787e-04)
>> epoch [1151/3000], runtime:  5.77s, train err: 5.1523e-04 (best:  5.0807e-04/ 4.2787e-04)
>> epoch [1152/3000], runtime:  5.32s, train err: 5.1002e-04 (best:  5.0807e-04/ 4.2787e-04)
>> epoch [1153/3000], runtime:  5.95s, train err: 5.0468e-04 (best:  5.0807e-04/ 4.2787e-04)
>> epoch [1154/3000], runtime:  5.15s, train err: 5.0845e-04 (best:  5.0807e-04/ 4.2787e-04)
>> epoch [1155/3000], runtime:  5.44s, train err: 5.0764e-04 (best:  5.0807e-04/ 4.2787e-04)
>> epoch [1156/3000], runtime:  6.03s, train err: 5.0853e-04 (best:  5.0807e-04/ 4.2787e-04)
>> epoch [1157/3000], runtime:  5.35s, train err: 5.0700e-04 (best:  5.0807e-04/ 4.2787e-04)
>> epoch [1158/3000], runtime:  5.69s, train err: 5.1061e-04 (best:  5.0807e-04/ 4.2787e-04)
>> epoch [1159/3000], runtime:  5.34s, train err: 5.0942e-04 (best:  5.0807e-04/ 4.2787e-04)
>> epoch [1160/3000], runtime:  5.98s, train err: 5.1124e-04 (best:  5.0807e-04/ 4.2787e-04)
>> epoch [1161/3000], runtime:  5.20s, train err: 5.0774e-04 (best:  5.0807e-04/ 4.2787e-04)
>> epoch [1162/3000], runtime:  4.20s, train err: 5.0437e-04 (best:  5.0807e-04/ 4.2787e-04)
>> epoch [1163/3000], runtime:  4.96s, train err: 5.1916e-04 (best:  5.0807e-04/ 4.2787e-04)
>> epoch [1164/3000], runtime:  5.48s, train err: 5.0915e-04 (best:  5.0807e-04/ 4.2787e-04)
>> epoch [1165/3000], runtime:  5.70s, train err: 5.1227e-04 (best:  5.0807e-04/ 4.2787e-04)
>> epoch [1166/3000], runtime: 5.56s, train err: 5.0775e-04, valid err: 4.2638e-04 , test err: 4.5566e-04
>> epoch [1167/3000], runtime: 4.96s, train err: 5.0586e-04, valid err: 4.2557e-04 , test err: 4.6145e-04
>> epoch [1168/3000], runtime:  4.98s, train err: 5.0720e-04 (best:  5.0586e-04/ 4.2557e-04)
>> epoch [1169/3000], runtime:  5.30s, train err: 5.0872e-04 (best:  5.0586e-04/ 4.2557e-04)
>> epoch [1170/3000], runtime:  4.31s, train err: 5.1050e-04 (best:  5.0586e-04/ 4.2557e-04)
>> epoch [1171/3000], runtime:  5.25s, train err: 5.1086e-04 (best:  5.0586e-04/ 4.2557e-04)
>> epoch [1172/3000], runtime:  5.09s, train err: 5.0555e-04 (best:  5.0586e-04/ 4.2557e-04)
>> epoch [1173/3000], runtime:  5.72s, train err: 5.1118e-04 (best:  5.0586e-04/ 4.2557e-04)
>> epoch [1174/3000], runtime:  4.83s, train err: 5.1110e-04 (best:  5.0586e-04/ 4.2557e-04)
>> epoch [1175/3000], runtime:  5.39s, train err: 5.0779e-04 (best:  5.0586e-04/ 4.2557e-04)
>> epoch [1176/3000], runtime:  5.06s, train err: 5.0427e-04 (best:  5.0586e-04/ 4.2557e-04)
>> epoch [1177/3000], runtime:  5.19s, train err: 5.0898e-04 (best:  5.0586e-04/ 4.2557e-04)
>> epoch [1178/3000], runtime:  5.45s, train err: 5.0420e-04 (best:  5.0586e-04/ 4.2557e-04)
>> epoch [1179/3000], runtime:  5.27s, train err: 5.0411e-04 (best:  5.0586e-04/ 4.2557e-04)
>> epoch [1180/3000], runtime: 5.82s, train err: 5.0443e-04, valid err: 4.2551e-04 , test err: 4.5613e-04
>> epoch [1181/3000], runtime: 5.78s, train err: 5.0326e-04, valid err: 4.2357e-04 , test err: 4.5827e-04
>> epoch [1182/3000], runtime:  5.34s, train err: 5.0472e-04 (best:  5.0326e-04/ 4.2357e-04)
>> epoch [1183/3000], runtime:  5.82s, train err: 5.0856e-04 (best:  5.0326e-04/ 4.2357e-04)
>> epoch [1184/3000], runtime:  5.24s, train err: 5.0532e-04 (best:  5.0326e-04/ 4.2357e-04)
>> epoch [1185/3000], runtime:  4.45s, train err: 5.0321e-04 (best:  5.0326e-04/ 4.2357e-04)
>> epoch [1186/3000], runtime:  4.21s, train err: 5.0646e-04 (best:  5.0326e-04/ 4.2357e-04)
>> epoch [1187/3000], runtime:  4.00s, train err: 5.1085e-04 (best:  5.0326e-04/ 4.2357e-04)
>> epoch [1188/3000], runtime:  3.93s, train err: 5.0300e-04 (best:  5.0326e-04/ 4.2357e-04)
>> epoch [1189/3000], runtime:  4.87s, train err: 5.0350e-04 (best:  5.0326e-04/ 4.2357e-04)
>> epoch [1190/3000], runtime:  4.41s, train err: 5.0594e-04 (best:  5.0326e-04/ 4.2357e-04)
>> epoch [1191/3000], runtime:  4.01s, train err: 5.0359e-04 (best:  5.0326e-04/ 4.2357e-04)
>> epoch [1192/3000], runtime:  4.57s, train err: 5.0192e-04 (best:  5.0326e-04/ 4.2357e-04)
>> epoch [1193/3000], runtime: 4.33s, train err: 5.0107e-04, valid err: 4.2256e-04 , test err: 4.5602e-04
>> epoch [1194/3000], runtime:  4.54s, train err: 5.0374e-04 (best:  5.0107e-04/ 4.2256e-04)
>> epoch [1195/3000], runtime:  4.40s, train err: 5.0419e-04 (best:  5.0107e-04/ 4.2256e-04)
>> epoch [1196/3000], runtime:  4.59s, train err: 5.0342e-04 (best:  5.0107e-04/ 4.2256e-04)
>> epoch [1197/3000], runtime:  4.28s, train err: 5.0474e-04 (best:  5.0107e-04/ 4.2256e-04)
>> epoch [1198/3000], runtime:  4.62s, train err: 5.0150e-04 (best:  5.0107e-04/ 4.2256e-04)
>> epoch [1199/3000], runtime:  4.87s, train err: 5.0153e-04 (best:  5.0107e-04/ 4.2256e-04)
>> epoch [1200/3000], runtime:  4.15s, train err: 5.0222e-04 (best:  5.0107e-04/ 4.2256e-04)
>> epoch [1201/3000], runtime:  4.24s, train err: 5.0569e-04 (best:  5.0107e-04/ 4.2256e-04)
>> epoch [1202/3000], runtime:  3.93s, train err: 5.0302e-04 (best:  5.0107e-04/ 4.2256e-04)
>> epoch [1203/3000], runtime:  4.73s, train err: 5.0408e-04 (best:  5.0107e-04/ 4.2256e-04)
>> epoch [1204/3000], runtime: 4.18s, train err: 5.0051e-04, valid err: 4.2028e-04 , test err: 4.5404e-04
>> epoch [1205/3000], runtime:  4.00s, train err: 5.0420e-04 (best:  5.0051e-04/ 4.2028e-04)
>> epoch [1206/3000], runtime:  3.94s, train err: 5.0121e-04 (best:  5.0051e-04/ 4.2028e-04)
>> epoch [1207/3000], runtime:  4.21s, train err: 5.0214e-04 (best:  5.0051e-04/ 4.2028e-04)
>> epoch [1208/3000], runtime:  3.80s, train err: 5.0252e-04 (best:  5.0051e-04/ 4.2028e-04)
>> epoch [1209/3000], runtime:  4.33s, train err: 5.0468e-04 (best:  5.0051e-04/ 4.2028e-04)
>> epoch [1210/3000], runtime:  3.78s, train err: 4.9830e-04 (best:  5.0051e-04/ 4.2028e-04)
>> epoch [1211/3000], runtime:  4.47s, train err: 5.0069e-04 (best:  5.0051e-04/ 4.2028e-04)
>> epoch [1212/3000], runtime:  4.43s, train err: 5.0248e-04 (best:  5.0051e-04/ 4.2028e-04)
>> epoch [1213/3000], runtime:  3.66s, train err: 4.9976e-04 (best:  5.0051e-04/ 4.2028e-04)
>> epoch [1214/3000], runtime:  3.58s, train err: 5.0091e-04 (best:  5.0051e-04/ 4.2028e-04)
>> epoch [1215/3000], runtime:  4.46s, train err: 5.0238e-04 (best:  5.0051e-04/ 4.2028e-04)
>> epoch [1216/3000], runtime:  3.68s, train err: 4.9989e-04 (best:  5.0051e-04/ 4.2028e-04)
>> epoch [1217/3000], runtime:  3.61s, train err: 5.0205e-04 (best:  5.0051e-04/ 4.2028e-04)
>> epoch [1218/3000], runtime:  4.41s, train err: 5.0136e-04 (best:  5.0051e-04/ 4.2028e-04)
>> epoch [1219/3000], runtime:  3.67s, train err: 5.0143e-04 (best:  5.0051e-04/ 4.2028e-04)
>> epoch [1220/3000], runtime:  4.85s, train err: 4.9772e-04 (best:  5.0051e-04/ 4.2028e-04)
>> epoch [1221/3000], runtime:  4.76s, train err: 5.0657e-04 (best:  5.0051e-04/ 4.2028e-04)
>> epoch [1222/3000], runtime:  4.12s, train err: 5.0040e-04 (best:  5.0051e-04/ 4.2028e-04)
>> epoch [1223/3000], runtime:  4.11s, train err: 4.9766e-04 (best:  5.0051e-04/ 4.2028e-04)
>> epoch [1224/3000], runtime:  3.98s, train err: 5.0324e-04 (best:  5.0051e-04/ 4.2028e-04)
>> epoch [1225/3000], runtime:  4.05s, train err: 4.9973e-04 (best:  5.0051e-04/ 4.2028e-04)
>> epoch [1226/3000], runtime:  4.72s, train err: 5.0378e-04 (best:  5.0051e-04/ 4.2028e-04)
>> epoch [1227/3000], runtime:  4.19s, train err: 4.9938e-04 (best:  5.0051e-04/ 4.2028e-04)
>> epoch [1228/3000], runtime:  4.26s, train err: 5.0025e-04 (best:  5.0051e-04/ 4.2028e-04)
>> epoch [1229/3000], runtime:  4.16s, train err: 5.0020e-04 (best:  5.0051e-04/ 4.2028e-04)
>> epoch [1230/3000], runtime: 4.87s, train err: 4.9778e-04, valid err: 4.2020e-04 , test err: 4.5167e-04
>> epoch [1231/3000], runtime:  4.09s, train err: 4.9923e-04 (best:  4.9778e-04/ 4.2020e-04)
>> epoch [1232/3000], runtime:  4.19s, train err: 5.0205e-04 (best:  4.9778e-04/ 4.2020e-04)
>> epoch [1233/3000], runtime:  3.95s, train err: 4.9803e-04 (best:  4.9778e-04/ 4.2020e-04)
>> epoch [1234/3000], runtime:  3.97s, train err: 5.0059e-04 (best:  4.9778e-04/ 4.2020e-04)
>> epoch [1235/3000], runtime:  4.27s, train err: 4.9636e-04 (best:  4.9778e-04/ 4.2020e-04)
>> epoch [1236/3000], runtime:  4.25s, train err: 4.9778e-04 (best:  4.9778e-04/ 4.2020e-04)
>> epoch [1237/3000], runtime:  4.09s, train err: 4.9780e-04 (best:  4.9778e-04/ 4.2020e-04)
>> epoch [1238/3000], runtime: 4.49s, train err: 4.9546e-04, valid err: 4.1758e-04 , test err: 4.4820e-04
>> epoch [1239/3000], runtime:  4.50s, train err: 4.9961e-04 (best:  4.9546e-04/ 4.1758e-04)
>> epoch [1240/3000], runtime:  4.35s, train err: 4.9593e-04 (best:  4.9546e-04/ 4.1758e-04)
>> epoch [1241/3000], runtime:  4.42s, train err: 4.9629e-04 (best:  4.9546e-04/ 4.1758e-04)
>> epoch [1242/3000], runtime:  4.58s, train err: 4.9979e-04 (best:  4.9546e-04/ 4.1758e-04)
>> epoch [1243/3000], runtime:  4.87s, train err: 4.9670e-04 (best:  4.9546e-04/ 4.1758e-04)
>> epoch [1244/3000], runtime:  4.88s, train err: 4.9457e-04 (best:  4.9546e-04/ 4.1758e-04)
>> epoch [1245/3000], runtime:  4.21s, train err: 4.9548e-04 (best:  4.9546e-04/ 4.1758e-04)
>> epoch [1246/3000], runtime:  4.31s, train err: 4.9833e-04 (best:  4.9546e-04/ 4.1758e-04)
>> epoch [1247/3000], runtime:  3.82s, train err: 4.9571e-04 (best:  4.9546e-04/ 4.1758e-04)
>> epoch [1248/3000], runtime:  4.82s, train err: 5.0663e-04 (best:  4.9546e-04/ 4.1758e-04)
>> epoch [1249/3000], runtime:  4.83s, train err: 4.9984e-04 (best:  4.9546e-04/ 4.1758e-04)
>> epoch [1250/3000], runtime: 4.27s, train err: 4.9528e-04, valid err: 4.1735e-04 , test err: 4.5341e-04
>> epoch [1251/3000], runtime:  4.86s, train err: 5.0244e-04 (best:  4.9528e-04/ 4.1735e-04)
>> epoch [1252/3000], runtime:  4.76s, train err: 4.9696e-04 (best:  4.9528e-04/ 4.1735e-04)
>> epoch [1253/3000], runtime:  4.15s, train err: 4.9534e-04 (best:  4.9528e-04/ 4.1735e-04)
>> epoch [1254/3000], runtime:  4.16s, train err: 4.9525e-04 (best:  4.9528e-04/ 4.1735e-04)
>> epoch [1255/3000], runtime:  4.86s, train err: 5.0272e-04 (best:  4.9528e-04/ 4.1735e-04)
>> epoch [1256/3000], runtime:  4.06s, train err: 4.9679e-04 (best:  4.9528e-04/ 4.1735e-04)
>> epoch [1257/3000], runtime:  4.13s, train err: 4.9588e-04 (best:  4.9528e-04/ 4.1735e-04)
>> epoch [1258/3000], runtime:  4.86s, train err: 4.9271e-04 (best:  4.9528e-04/ 4.1735e-04)
>> epoch [1259/3000], runtime:  4.80s, train err: 4.9375e-04 (best:  4.9528e-04/ 4.1735e-04)
>> epoch [1260/3000], runtime:  4.86s, train err: 4.9543e-04 (best:  4.9528e-04/ 4.1735e-04)
>> epoch [1261/3000], runtime:  4.88s, train err: 4.9682e-04 (best:  4.9528e-04/ 4.1735e-04)
>> epoch [1262/3000], runtime:  4.38s, train err: 4.9528e-04 (best:  4.9528e-04/ 4.1735e-04)
>> epoch [1263/3000], runtime: 4.48s, train err: 4.9460e-04, valid err: 4.1625e-04 , test err: 4.4981e-04
>> epoch [1264/3000], runtime:  3.85s, train err: 4.9440e-04 (best:  4.9460e-04/ 4.1625e-04)
>> epoch [1265/3000], runtime:  4.38s, train err: 5.0059e-04 (best:  4.9460e-04/ 4.1625e-04)
>> epoch [1266/3000], runtime: 4.53s, train err: 4.9359e-04, valid err: 4.1456e-04 , test err: 4.4944e-04
>> epoch [1267/3000], runtime:  3.96s, train err: 4.9719e-04 (best:  4.9359e-04/ 4.1456e-04)
>> epoch [1268/3000], runtime:  4.17s, train err: 5.0270e-04 (best:  4.9359e-04/ 4.1456e-04)
>> epoch [1269/3000], runtime: 4.63s, train err: 4.9346e-04, valid err: 4.1442e-04 , test err: 4.5120e-04
>> epoch [1270/3000], runtime:  4.22s, train err: 4.9321e-04 (best:  4.9346e-04/ 4.1442e-04)
>> epoch [1271/3000], runtime:  4.58s, train err: 4.9691e-04 (best:  4.9346e-04/ 4.1442e-04)
>> epoch [1272/3000], runtime:  4.78s, train err: 4.9525e-04 (best:  4.9346e-04/ 4.1442e-04)
>> epoch [1273/3000], runtime:  4.88s, train err: 4.9917e-04 (best:  4.9346e-04/ 4.1442e-04)
>> epoch [1274/3000], runtime:  4.22s, train err: 4.9406e-04 (best:  4.9346e-04/ 4.1442e-04)
>> epoch [1275/3000], runtime:  4.75s, train err: 4.9366e-04 (best:  4.9346e-04/ 4.1442e-04)
>> epoch [1276/3000], runtime:  4.87s, train err: 4.9166e-04 (best:  4.9346e-04/ 4.1442e-04)
>> epoch [1277/3000], runtime:  4.85s, train err: 4.9681e-04 (best:  4.9346e-04/ 4.1442e-04)
>> epoch [1278/3000], runtime:  4.41s, train err: 4.9645e-04 (best:  4.9346e-04/ 4.1442e-04)
>> epoch [1279/3000], runtime:  3.94s, train err: 4.9644e-04 (best:  4.9346e-04/ 4.1442e-04)
>> epoch [1280/3000], runtime:  4.09s, train err: 4.9795e-04 (best:  4.9346e-04/ 4.1442e-04)
>> epoch [1281/3000], runtime:  3.92s, train err: 4.9254e-04 (best:  4.9346e-04/ 4.1442e-04)
>> epoch [1282/3000], runtime:  3.97s, train err: 4.9865e-04 (best:  4.9346e-04/ 4.1442e-04)
>> epoch [1283/3000], runtime:  4.84s, train err: 4.9800e-04 (best:  4.9346e-04/ 4.1442e-04)
>> epoch [1284/3000], runtime:  4.02s, train err: 4.9145e-04 (best:  4.9346e-04/ 4.1442e-04)
>> epoch [1285/3000], runtime:  3.97s, train err: 4.9576e-04 (best:  4.9346e-04/ 4.1442e-04)
>> epoch [1286/3000], runtime: 4.14s, train err: 4.9236e-04, valid err: 4.1426e-04 , test err: 4.4594e-04
>> epoch [1287/3000], runtime:  4.03s, train err: 4.9232e-04 (best:  4.9236e-04/ 4.1426e-04)
>> epoch [1288/3000], runtime:  4.26s, train err: 4.9157e-04 (best:  4.9236e-04/ 4.1426e-04)
>> epoch [1289/3000], runtime:  4.84s, train err: 4.9327e-04 (best:  4.9236e-04/ 4.1426e-04)
>> epoch [1290/3000], runtime:  4.80s, train err: 4.9430e-04 (best:  4.9236e-04/ 4.1426e-04)
>> epoch [1291/3000], runtime:  4.13s, train err: 4.9192e-04 (best:  4.9236e-04/ 4.1426e-04)
>> epoch [1292/3000], runtime:  4.39s, train err: 4.9189e-04 (best:  4.9236e-04/ 4.1426e-04)
>> epoch [1293/3000], runtime:  4.24s, train err: 4.9187e-04 (best:  4.9236e-04/ 4.1426e-04)
>> epoch [1294/3000], runtime:  4.48s, train err: 4.9244e-04 (best:  4.9236e-04/ 4.1426e-04)
>> epoch [1295/3000], runtime:  4.46s, train err: 4.9103e-04 (best:  4.9236e-04/ 4.1426e-04)
>> epoch [1296/3000], runtime:  4.46s, train err: 4.9014e-04 (best:  4.9236e-04/ 4.1426e-04)
>> epoch [1297/3000], runtime: 4.15s, train err: 4.9131e-04, valid err: 4.1407e-04 , test err: 4.4563e-04
>> epoch [1298/3000], runtime:  4.07s, train err: 4.9138e-04 (best:  4.9131e-04/ 4.1407e-04)
>> epoch [1299/3000], runtime:  4.87s, train err: 4.9216e-04 (best:  4.9131e-04/ 4.1407e-04)
>> epoch [1300/3000], runtime:  4.87s, train err: 4.9372e-04 (best:  4.9131e-04/ 4.1407e-04)
>> epoch [1301/3000], runtime:  4.36s, train err: 4.9090e-04 (best:  4.9131e-04/ 4.1407e-04)
>> epoch [1302/3000], runtime:  4.00s, train err: 4.9344e-04 (best:  4.9131e-04/ 4.1407e-04)
>> epoch [1303/3000], runtime:  4.60s, train err: 4.9388e-04 (best:  4.9131e-04/ 4.1407e-04)
>> epoch [1304/3000], runtime:  3.76s, train err: 4.9354e-04 (best:  4.9131e-04/ 4.1407e-04)
>> epoch [1305/3000], runtime: 4.43s, train err: 4.8948e-04, valid err: 4.1372e-04 , test err: 4.4157e-04
>> epoch [1306/3000], runtime:  4.23s, train err: 4.9355e-04 (best:  4.8948e-04/ 4.1372e-04)
>> epoch [1307/3000], runtime:  3.90s, train err: 4.9023e-04 (best:  4.8948e-04/ 4.1372e-04)
>> epoch [1308/3000], runtime:  4.23s, train err: 4.9123e-04 (best:  4.8948e-04/ 4.1372e-04)
>> epoch [1309/3000], runtime:  4.66s, train err: 4.9354e-04 (best:  4.8948e-04/ 4.1372e-04)
>> epoch [1310/3000], runtime:  4.81s, train err: 4.9079e-04 (best:  4.8948e-04/ 4.1372e-04)
>> epoch [1311/3000], runtime:  4.85s, train err: 4.9180e-04 (best:  4.8948e-04/ 4.1372e-04)
>> epoch [1312/3000], runtime: 4.18s, train err: 4.8764e-04, valid err: 4.1325e-04 , test err: 4.4868e-04
>> epoch [1313/3000], runtime:  4.79s, train err: 4.9124e-04 (best:  4.8764e-04/ 4.1325e-04)
>> epoch [1314/3000], runtime:  4.17s, train err: 4.8821e-04 (best:  4.8764e-04/ 4.1325e-04)
>> epoch [1315/3000], runtime:  4.11s, train err: 4.8720e-04 (best:  4.8764e-04/ 4.1325e-04)
>> epoch [1316/3000], runtime:  4.15s, train err: 4.9126e-04 (best:  4.8764e-04/ 4.1325e-04)
>> epoch [1317/3000], runtime:  4.72s, train err: 4.9042e-04 (best:  4.8764e-04/ 4.1325e-04)
>> epoch [1318/3000], runtime:  4.12s, train err: 4.9105e-04 (best:  4.8764e-04/ 4.1325e-04)
>> epoch [1319/3000], runtime:  4.87s, train err: 4.9185e-04 (best:  4.8764e-04/ 4.1325e-04)
>> epoch [1320/3000], runtime:  4.09s, train err: 4.9381e-04 (best:  4.8764e-04/ 4.1325e-04)
>> epoch [1321/3000], runtime:  4.08s, train err: 4.9597e-04 (best:  4.8764e-04/ 4.1325e-04)
>> epoch [1322/3000], runtime:  4.66s, train err: 4.8914e-04 (best:  4.8764e-04/ 4.1325e-04)
>> epoch [1323/3000], runtime: 4.30s, train err: 4.8638e-04, valid err: 4.1215e-04 , test err: 4.4259e-04
>> epoch [1324/3000], runtime:  4.29s, train err: 4.8907e-04 (best:  4.8638e-04/ 4.1215e-04)
>> epoch [1325/3000], runtime:  3.79s, train err: 4.8852e-04 (best:  4.8638e-04/ 4.1215e-04)
>> epoch [1326/3000], runtime:  4.36s, train err: 4.9329e-04 (best:  4.8638e-04/ 4.1215e-04)
>> epoch [1327/3000], runtime:  4.12s, train err: 4.9349e-04 (best:  4.8638e-04/ 4.1215e-04)
>> epoch [1328/3000], runtime:  4.81s, train err: 4.8801e-04 (best:  4.8638e-04/ 4.1215e-04)
>> epoch [1329/3000], runtime:  3.74s, train err: 4.8923e-04 (best:  4.8638e-04/ 4.1215e-04)
>> epoch [1330/3000], runtime:  4.27s, train err: 4.8702e-04 (best:  4.8638e-04/ 4.1215e-04)
>> epoch [1331/3000], runtime:  3.76s, train err: 4.8848e-04 (best:  4.8638e-04/ 4.1215e-04)
>> epoch [1332/3000], runtime:  4.63s, train err: 4.8771e-04 (best:  4.8638e-04/ 4.1215e-04)
>> epoch [1333/3000], runtime:  4.86s, train err: 4.8706e-04 (best:  4.8638e-04/ 4.1215e-04)
>> epoch [1334/3000], runtime:  4.78s, train err: 4.8650e-04 (best:  4.8638e-04/ 4.1215e-04)
>> epoch [1335/3000], runtime:  4.87s, train err: 4.8936e-04 (best:  4.8638e-04/ 4.1215e-04)
>> epoch [1336/3000], runtime:  4.87s, train err: 4.8917e-04 (best:  4.8638e-04/ 4.1215e-04)
>> epoch [1337/3000], runtime:  4.87s, train err: 4.8596e-04 (best:  4.8638e-04/ 4.1215e-04)
>> epoch [1338/3000], runtime:  4.77s, train err: 4.8981e-04 (best:  4.8638e-04/ 4.1215e-04)
>> epoch [1339/3000], runtime:  4.69s, train err: 4.8986e-04 (best:  4.8638e-04/ 4.1215e-04)
>> epoch [1340/3000], runtime:  4.27s, train err: 4.8762e-04 (best:  4.8638e-04/ 4.1215e-04)
>> epoch [1341/3000], runtime:  4.56s, train err: 4.8898e-04 (best:  4.8638e-04/ 4.1215e-04)
>> epoch [1342/3000], runtime:  4.36s, train err: 4.8886e-04 (best:  4.8638e-04/ 4.1215e-04)
>> epoch [1343/3000], runtime:  4.33s, train err: 4.8639e-04 (best:  4.8638e-04/ 4.1215e-04)
>> epoch [1344/3000], runtime: 4.64s, train err: 4.8628e-04, valid err: 4.1155e-04 , test err: 4.5069e-04
>> epoch [1345/3000], runtime:  3.91s, train err: 4.9186e-04 (best:  4.8628e-04/ 4.1155e-04)
>> epoch [1346/3000], runtime: 4.54s, train err: 4.8587e-04, valid err: 4.0864e-04 , test err: 4.4243e-04
>> epoch [1347/3000], runtime:  3.87s, train err: 4.8965e-04 (best:  4.8587e-04/ 4.0864e-04)
>> epoch [1348/3000], runtime:  4.23s, train err: 4.8796e-04 (best:  4.8587e-04/ 4.0864e-04)
>> epoch [1349/3000], runtime:  3.89s, train err: 4.8467e-04 (best:  4.8587e-04/ 4.0864e-04)
>> epoch [1350/3000], runtime:  4.45s, train err: 4.8722e-04 (best:  4.8587e-04/ 4.0864e-04)
>> epoch [1351/3000], runtime:  3.92s, train err: 4.8806e-04 (best:  4.8587e-04/ 4.0864e-04)
>> epoch [1352/3000], runtime:  4.72s, train err: 4.8734e-04 (best:  4.8587e-04/ 4.0864e-04)
>> epoch [1353/3000], runtime:  4.07s, train err: 4.8940e-04 (best:  4.8587e-04/ 4.0864e-04)
>> epoch [1354/3000], runtime:  4.80s, train err: 4.8556e-04 (best:  4.8587e-04/ 4.0864e-04)
>> epoch [1355/3000], runtime:  4.89s, train err: 4.8790e-04 (best:  4.8587e-04/ 4.0864e-04)
>> epoch [1356/3000], runtime:  4.86s, train err: 4.8755e-04 (best:  4.8587e-04/ 4.0864e-04)
>> epoch [1357/3000], runtime:  4.78s, train err: 4.8617e-04 (best:  4.8587e-04/ 4.0864e-04)
>> epoch [1358/3000], runtime:  4.87s, train err: 4.8396e-04 (best:  4.8587e-04/ 4.0864e-04)
>> epoch [1359/3000], runtime:  4.38s, train err: 4.9067e-04 (best:  4.8587e-04/ 4.0864e-04)
>> epoch [1360/3000], runtime:  4.07s, train err: 4.8769e-04 (best:  4.8587e-04/ 4.0864e-04)
>> epoch [1361/3000], runtime:  4.78s, train err: 4.8359e-04 (best:  4.8587e-04/ 4.0864e-04)
>> epoch [1362/3000], runtime:  4.57s, train err: 4.8451e-04 (best:  4.8587e-04/ 4.0864e-04)
>> epoch [1363/3000], runtime:  4.67s, train err: 4.8543e-04 (best:  4.8587e-04/ 4.0864e-04)
>> epoch [1364/3000], runtime:  4.58s, train err: 4.8517e-04 (best:  4.8587e-04/ 4.0864e-04)
>> epoch [1365/3000], runtime:  4.75s, train err: 4.8412e-04 (best:  4.8587e-04/ 4.0864e-04)
>> epoch [1366/3000], runtime: 4.76s, train err: 4.8490e-04, valid err: 4.0822e-04 , test err: 4.3946e-04
>> epoch [1367/3000], runtime:  3.43s, train err: 4.8419e-04 (best:  4.8490e-04/ 4.0822e-04)
>> epoch [1368/3000], runtime:  4.14s, train err: 4.8499e-04 (best:  4.8490e-04/ 4.0822e-04)
>> epoch [1369/3000], runtime:  4.78s, train err: 4.8573e-04 (best:  4.8490e-04/ 4.0822e-04)
>> epoch [1370/3000], runtime:  4.11s, train err: 4.8618e-04 (best:  4.8490e-04/ 4.0822e-04)
>> epoch [1371/3000], runtime: 4.86s, train err: 4.8427e-04, valid err: 4.0736e-04 , test err: 4.4094e-04
>> epoch [1372/3000], runtime:  4.76s, train err: 4.8362e-04 (best:  4.8427e-04/ 4.0736e-04)
>> epoch [1373/3000], runtime:  4.72s, train err: 4.8373e-04 (best:  4.8427e-04/ 4.0736e-04)
>> epoch [1374/3000], runtime:  4.74s, train err: 4.8415e-04 (best:  4.8427e-04/ 4.0736e-04)
>> epoch [1375/3000], runtime:  4.75s, train err: 4.8253e-04 (best:  4.8427e-04/ 4.0736e-04)
>> epoch [1376/3000], runtime:  4.75s, train err: 4.8198e-04 (best:  4.8427e-04/ 4.0736e-04)
>> epoch [1377/3000], runtime:  4.10s, train err: 4.8989e-04 (best:  4.8427e-04/ 4.0736e-04)
>> epoch [1378/3000], runtime:  4.15s, train err: 4.8362e-04 (best:  4.8427e-04/ 4.0736e-04)
>> epoch [1379/3000], runtime:  4.87s, train err: 4.8252e-04 (best:  4.8427e-04/ 4.0736e-04)
>> epoch [1380/3000], runtime:  4.12s, train err: 4.8505e-04 (best:  4.8427e-04/ 4.0736e-04)
>> epoch [1381/3000], runtime:  4.24s, train err: 4.8883e-04 (best:  4.8427e-04/ 4.0736e-04)
>> epoch [1382/3000], runtime:  4.57s, train err: 4.8277e-04 (best:  4.8427e-04/ 4.0736e-04)
>> epoch [1383/3000], runtime:  4.88s, train err: 4.8214e-04 (best:  4.8427e-04/ 4.0736e-04)
>> epoch [1384/3000], runtime:  3.77s, train err: 4.8247e-04 (best:  4.8427e-04/ 4.0736e-04)
>> epoch [1385/3000], runtime:  4.11s, train err: 4.8640e-04 (best:  4.8427e-04/ 4.0736e-04)
>> epoch [1386/3000], runtime:  4.78s, train err: 4.9085e-04 (best:  4.8427e-04/ 4.0736e-04)
>> epoch [1387/3000], runtime:  4.21s, train err: 4.8370e-04 (best:  4.8427e-04/ 4.0736e-04)
>> epoch [1388/3000], runtime:  3.87s, train err: 4.8075e-04 (best:  4.8427e-04/ 4.0736e-04)
>> epoch [1389/3000], runtime:  4.50s, train err: 4.8182e-04 (best:  4.8427e-04/ 4.0736e-04)
>> epoch [1390/3000], runtime:  4.76s, train err: 4.8479e-04 (best:  4.8427e-04/ 4.0736e-04)
>> epoch [1391/3000], runtime:  4.13s, train err: 4.8294e-04 (best:  4.8427e-04/ 4.0736e-04)
>> epoch [1392/3000], runtime:  3.63s, train err: 4.8288e-04 (best:  4.8427e-04/ 4.0736e-04)
>> epoch [1393/3000], runtime:  4.53s, train err: 4.8132e-04 (best:  4.8427e-04/ 4.0736e-04)
>> epoch [1394/3000], runtime:  4.12s, train err: 4.8445e-04 (best:  4.8427e-04/ 4.0736e-04)
>> epoch [1395/3000], runtime: 4.58s, train err: 4.8147e-04, valid err: 4.0587e-04 , test err: 4.4372e-04
>> epoch [1396/3000], runtime:  3.89s, train err: 4.8304e-04 (best:  4.8147e-04/ 4.0587e-04)
>> epoch [1397/3000], runtime:  4.39s, train err: 4.8029e-04 (best:  4.8147e-04/ 4.0587e-04)
>> epoch [1398/3000], runtime:  4.86s, train err: 4.8266e-04 (best:  4.8147e-04/ 4.0587e-04)
>> epoch [1399/3000], runtime:  4.53s, train err: 4.8200e-04 (best:  4.8147e-04/ 4.0587e-04)
>> epoch [1400/3000], runtime:  4.38s, train err: 4.8146e-04 (best:  4.8147e-04/ 4.0587e-04)
>> epoch [1401/3000], runtime:  4.59s, train err: 4.8138e-04 (best:  4.8147e-04/ 4.0587e-04)
>> epoch [1402/3000], runtime:  4.12s, train err: 4.8385e-04 (best:  4.8147e-04/ 4.0587e-04)
>> epoch [1403/3000], runtime:  4.51s, train err: 4.8186e-04 (best:  4.8147e-04/ 4.0587e-04)
>> epoch [1404/3000], runtime:  4.37s, train err: 4.8277e-04 (best:  4.8147e-04/ 4.0587e-04)
>> epoch [1405/3000], runtime:  4.47s, train err: 4.8153e-04 (best:  4.8147e-04/ 4.0587e-04)
>> epoch [1406/3000], runtime:  4.44s, train err: 4.8082e-04 (best:  4.8147e-04/ 4.0587e-04)
>> epoch [1407/3000], runtime: 4.49s, train err: 4.8113e-04, valid err: 4.0575e-04 , test err: 4.3756e-04
>> epoch [1408/3000], runtime: 4.50s, train err: 4.8084e-04, valid err: 4.0564e-04 , test err: 4.3896e-04
>> epoch [1409/3000], runtime:  4.46s, train err: 4.8203e-04 (best:  4.8084e-04/ 4.0564e-04)
>> epoch [1410/3000], runtime:  4.48s, train err: 4.8567e-04 (best:  4.8084e-04/ 4.0564e-04)
>> epoch [1411/3000], runtime:  4.38s, train err: 4.8289e-04 (best:  4.8084e-04/ 4.0564e-04)
>> epoch [1412/3000], runtime:  4.20s, train err: 4.7995e-04 (best:  4.8084e-04/ 4.0564e-04)
>> epoch [1413/3000], runtime:  4.86s, train err: 4.8406e-04 (best:  4.8084e-04/ 4.0564e-04)
>> epoch [1414/3000], runtime:  4.41s, train err: 4.8239e-04 (best:  4.8084e-04/ 4.0564e-04)
>> epoch [1415/3000], runtime:  4.60s, train err: 4.7905e-04 (best:  4.8084e-04/ 4.0564e-04)
>> epoch [1416/3000], runtime:  4.51s, train err: 4.8439e-04 (best:  4.8084e-04/ 4.0564e-04)
>> epoch [1417/3000], runtime:  4.87s, train err: 4.8095e-04 (best:  4.8084e-04/ 4.0564e-04)
>> epoch [1418/3000], runtime:  4.86s, train err: 4.8370e-04 (best:  4.8084e-04/ 4.0564e-04)
>> epoch [1419/3000], runtime:  4.88s, train err: 4.8224e-04 (best:  4.8084e-04/ 4.0564e-04)
>> epoch [1420/3000], runtime:  4.80s, train err: 4.8026e-04 (best:  4.8084e-04/ 4.0564e-04)
>> epoch [1421/3000], runtime: 4.29s, train err: 4.8007e-04, valid err: 4.0468e-04 , test err: 4.4211e-04
>> epoch [1422/3000], runtime:  4.29s, train err: 4.8127e-04 (best:  4.8007e-04/ 4.0468e-04)
>> epoch [1423/3000], runtime:  4.78s, train err: 4.7928e-04 (best:  4.8007e-04/ 4.0468e-04)
>> epoch [1424/3000], runtime:  4.67s, train err: 4.7915e-04 (best:  4.8007e-04/ 4.0468e-04)
>> epoch [1425/3000], runtime:  4.28s, train err: 4.8080e-04 (best:  4.8007e-04/ 4.0468e-04)
>> epoch [1426/3000], runtime:  4.57s, train err: 4.8211e-04 (best:  4.8007e-04/ 4.0468e-04)
>> epoch [1427/3000], runtime:  4.07s, train err: 4.8017e-04 (best:  4.8007e-04/ 4.0468e-04)
>> epoch [1428/3000], runtime:  4.36s, train err: 4.8136e-04 (best:  4.8007e-04/ 4.0468e-04)
>> epoch [1429/3000], runtime:  4.56s, train err: 4.7969e-04 (best:  4.8007e-04/ 4.0468e-04)
>> epoch [1430/3000], runtime:  3.98s, train err: 4.8120e-04 (best:  4.8007e-04/ 4.0468e-04)
>> epoch [1431/3000], runtime:  4.07s, train err: 4.7888e-04 (best:  4.8007e-04/ 4.0468e-04)
>> epoch [1432/3000], runtime:  4.87s, train err: 4.8297e-04 (best:  4.8007e-04/ 4.0468e-04)
>> epoch [1433/3000], runtime:  4.44s, train err: 4.8271e-04 (best:  4.8007e-04/ 4.0468e-04)
>> epoch [1434/3000], runtime:  4.16s, train err: 4.8029e-04 (best:  4.8007e-04/ 4.0468e-04)
>> epoch [1435/3000], runtime:  3.95s, train err: 4.8010e-04 (best:  4.8007e-04/ 4.0468e-04)
>> epoch [1436/3000], runtime: 4.16s, train err: 4.7899e-04, valid err: 4.0449e-04 , test err: 4.3487e-04
>> epoch [1437/3000], runtime:  4.77s, train err: 4.7884e-04 (best:  4.7899e-04/ 4.0449e-04)
>> epoch [1438/3000], runtime:  4.44s, train err: 4.7821e-04 (best:  4.7899e-04/ 4.0449e-04)
>> epoch [1439/3000], runtime:  4.21s, train err: 4.8150e-04 (best:  4.7899e-04/ 4.0449e-04)
>> epoch [1440/3000], runtime:  4.24s, train err: 4.7904e-04 (best:  4.7899e-04/ 4.0449e-04)
>> epoch [1441/3000], runtime:  4.13s, train err: 4.7913e-04 (best:  4.7899e-04/ 4.0449e-04)
>> epoch [1442/3000], runtime:  4.12s, train err: 4.8087e-04 (best:  4.7899e-04/ 4.0449e-04)
>> epoch [1443/3000], runtime:  4.33s, train err: 4.7819e-04 (best:  4.7899e-04/ 4.0449e-04)
>> epoch [1444/3000], runtime:  4.49s, train err: 4.8033e-04 (best:  4.7899e-04/ 4.0449e-04)
>> epoch [1445/3000], runtime:  3.93s, train err: 4.7922e-04 (best:  4.7899e-04/ 4.0449e-04)
>> epoch [1446/3000], runtime:  4.16s, train err: 4.7727e-04 (best:  4.7899e-04/ 4.0449e-04)
>> epoch [1447/3000], runtime:  4.32s, train err: 4.7821e-04 (best:  4.7899e-04/ 4.0449e-04)
>> epoch [1448/3000], runtime:  4.07s, train err: 4.7857e-04 (best:  4.7899e-04/ 4.0449e-04)
>> epoch [1449/3000], runtime:  4.87s, train err: 4.7969e-04 (best:  4.7899e-04/ 4.0449e-04)
>> epoch [1450/3000], runtime:  3.92s, train err: 4.7662e-04 (best:  4.7899e-04/ 4.0449e-04)
>> epoch [1451/3000], runtime: 4.39s, train err: 4.7839e-04, valid err: 4.0440e-04 , test err: 4.3558e-04
>> epoch [1452/3000], runtime:  3.88s, train err: 4.7980e-04 (best:  4.7839e-04/ 4.0440e-04)
>> epoch [1453/3000], runtime:  4.15s, train err: 4.7726e-04 (best:  4.7839e-04/ 4.0440e-04)
>> epoch [1454/3000], runtime:  4.22s, train err: 4.8054e-04 (best:  4.7839e-04/ 4.0440e-04)
>> epoch [1455/3000], runtime: 3.96s, train err: 4.7740e-04, valid err: 4.0178e-04 , test err: 4.3565e-04
>> epoch [1456/3000], runtime:  3.92s, train err: 4.7655e-04 (best:  4.7740e-04/ 4.0178e-04)
>> epoch [1457/3000], runtime:  3.96s, train err: 4.7668e-04 (best:  4.7740e-04/ 4.0178e-04)
>> epoch [1458/3000], runtime:  4.16s, train err: 4.8040e-04 (best:  4.7740e-04/ 4.0178e-04)
>> epoch [1459/3000], runtime:  4.72s, train err: 4.7909e-04 (best:  4.7740e-04/ 4.0178e-04)
>> epoch [1460/3000], runtime:  3.74s, train err: 4.7731e-04 (best:  4.7740e-04/ 4.0178e-04)
>> epoch [1461/3000], runtime:  4.12s, train err: 4.7869e-04 (best:  4.7740e-04/ 4.0178e-04)
>> epoch [1462/3000], runtime:  4.37s, train err: 4.7708e-04 (best:  4.7740e-04/ 4.0178e-04)
>> epoch [1463/3000], runtime:  4.86s, train err: 4.7842e-04 (best:  4.7740e-04/ 4.0178e-04)
>> epoch [1464/3000], runtime:  4.14s, train err: 4.7814e-04 (best:  4.7740e-04/ 4.0178e-04)
>> epoch [1465/3000], runtime:  4.39s, train err: 4.7699e-04 (best:  4.7740e-04/ 4.0178e-04)
>> epoch [1466/3000], runtime:  4.12s, train err: 4.7661e-04 (best:  4.7740e-04/ 4.0178e-04)
>> epoch [1467/3000], runtime:  4.40s, train err: 4.7818e-04 (best:  4.7740e-04/ 4.0178e-04)
>> epoch [1468/3000], runtime:  4.00s, train err: 4.7786e-04 (best:  4.7740e-04/ 4.0178e-04)
>> epoch [1469/3000], runtime:  4.86s, train err: 4.7501e-04 (best:  4.7740e-04/ 4.0178e-04)
>> epoch [1470/3000], runtime:  4.39s, train err: 4.7667e-04 (best:  4.7740e-04/ 4.0178e-04)
>> epoch [1471/3000], runtime:  4.76s, train err: 4.8341e-04 (best:  4.7740e-04/ 4.0178e-04)
>> epoch [1472/3000], runtime:  4.12s, train err: 4.7402e-04 (best:  4.7740e-04/ 4.0178e-04)
>> epoch [1473/3000], runtime: 4.28s, train err: 4.7726e-04, valid err: 4.0066e-04 , test err: 4.3596e-04
>> epoch [1474/3000], runtime:  4.24s, train err: 4.7753e-04 (best:  4.7726e-04/ 4.0066e-04)
>> epoch [1475/3000], runtime:  3.82s, train err: 4.7685e-04 (best:  4.7726e-04/ 4.0066e-04)
>> epoch [1476/3000], runtime:  3.88s, train err: 4.7794e-04 (best:  4.7726e-04/ 4.0066e-04)
>> epoch [1477/3000], runtime:  4.29s, train err: 4.7686e-04 (best:  4.7726e-04/ 4.0066e-04)
>> epoch [1478/3000], runtime:  4.88s, train err: 4.7601e-04 (best:  4.7726e-04/ 4.0066e-04)
>> epoch [1479/3000], runtime:  4.17s, train err: 4.7676e-04 (best:  4.7726e-04/ 4.0066e-04)
>> epoch [1480/3000], runtime:  3.60s, train err: 4.7943e-04 (best:  4.7726e-04/ 4.0066e-04)
>> epoch [1481/3000], runtime:  4.77s, train err: 4.7723e-04 (best:  4.7726e-04/ 4.0066e-04)
>> epoch [1482/3000], runtime:  4.79s, train err: 4.7649e-04 (best:  4.7726e-04/ 4.0066e-04)
>> epoch [1483/3000], runtime:  4.15s, train err: 4.7612e-04 (best:  4.7726e-04/ 4.0066e-04)
>> epoch [1484/3000], runtime:  4.15s, train err: 4.7669e-04 (best:  4.7726e-04/ 4.0066e-04)
>> epoch [1485/3000], runtime:  3.68s, train err: 4.7525e-04 (best:  4.7726e-04/ 4.0066e-04)
>> epoch [1486/3000], runtime:  4.17s, train err: 4.7459e-04 (best:  4.7726e-04/ 4.0066e-04)
>> epoch [1487/3000], runtime: 4.83s, train err: 4.7665e-04, valid err: 4.0043e-04 , test err: 4.3462e-04
>> epoch [1488/3000], runtime:  4.88s, train err: 4.7407e-04 (best:  4.7665e-04/ 4.0043e-04)
>> epoch [1489/3000], runtime:  4.88s, train err: 4.7620e-04 (best:  4.7665e-04/ 4.0043e-04)
>> epoch [1490/3000], runtime: 4.84s, train err: 4.7387e-04, valid err: 4.0013e-04 , test err: 4.3201e-04
>> epoch [1491/3000], runtime:  4.58s, train err: 4.7845e-04 (best:  4.7387e-04/ 4.0013e-04)
>> epoch [1492/3000], runtime:  4.30s, train err: 4.7497e-04 (best:  4.7387e-04/ 4.0013e-04)
>> epoch [1493/3000], runtime:  3.87s, train err: 4.7405e-04 (best:  4.7387e-04/ 4.0013e-04)
>> epoch [1494/3000], runtime:  4.15s, train err: 4.7494e-04 (best:  4.7387e-04/ 4.0013e-04)
>> epoch [1495/3000], runtime:  4.82s, train err: 4.7719e-04 (best:  4.7387e-04/ 4.0013e-04)
>> epoch [1496/3000], runtime:  4.87s, train err: 4.7691e-04 (best:  4.7387e-04/ 4.0013e-04)
>> epoch [1497/3000], runtime:  4.09s, train err: 4.7674e-04 (best:  4.7387e-04/ 4.0013e-04)
>> epoch [1498/3000], runtime:  4.79s, train err: 4.7493e-04 (best:  4.7387e-04/ 4.0013e-04)
>> epoch [1499/3000], runtime:  4.83s, train err: 4.7482e-04 (best:  4.7387e-04/ 4.0013e-04)
>> epoch [1500/3000], runtime:  4.16s, train err: 4.7559e-04 (best:  4.7387e-04/ 4.0013e-04)
>> epoch [1501/3000], runtime:  4.69s, train err: 4.7428e-04 (best:  4.7387e-04/ 4.0013e-04)
>> epoch [1502/3000], runtime:  4.19s, train err: 4.7832e-04 (best:  4.7387e-04/ 4.0013e-04)
>> epoch [1503/3000], runtime:  4.88s, train err: 4.7499e-04 (best:  4.7387e-04/ 4.0013e-04)
>> epoch [1504/3000], runtime:  4.14s, train err: 4.7492e-04 (best:  4.7387e-04/ 4.0013e-04)
>> epoch [1505/3000], runtime:  4.75s, train err: 4.7415e-04 (best:  4.7387e-04/ 4.0013e-04)
>> epoch [1506/3000], runtime:  4.21s, train err: 4.7444e-04 (best:  4.7387e-04/ 4.0013e-04)
>> epoch [1507/3000], runtime:  4.77s, train err: 4.7904e-04 (best:  4.7387e-04/ 4.0013e-04)
>> epoch [1508/3000], runtime:  4.87s, train err: 4.7417e-04 (best:  4.7387e-04/ 4.0013e-04)
>> epoch [1509/3000], runtime: 4.36s, train err: 4.7324e-04, valid err: 3.9957e-04 , test err: 4.3198e-04
>> epoch [1510/3000], runtime:  4.77s, train err: 4.7419e-04 (best:  4.7324e-04/ 3.9957e-04)
>> epoch [1511/3000], runtime: 4.63s, train err: 4.7311e-04, valid err: 3.9853e-04 , test err: 4.3353e-04
>> epoch [1512/3000], runtime:  4.86s, train err: 4.7422e-04 (best:  4.7311e-04/ 3.9853e-04)
>> epoch [1513/3000], runtime:  4.66s, train err: 4.7398e-04 (best:  4.7311e-04/ 3.9853e-04)
>> epoch [1514/3000], runtime:  4.25s, train err: 4.7355e-04 (best:  4.7311e-04/ 3.9853e-04)
>> epoch [1515/3000], runtime:  4.52s, train err: 4.7480e-04 (best:  4.7311e-04/ 3.9853e-04)
>> epoch [1516/3000], runtime:  4.25s, train err: 4.7819e-04 (best:  4.7311e-04/ 3.9853e-04)
>> epoch [1517/3000], runtime:  4.30s, train err: 4.7411e-04 (best:  4.7311e-04/ 3.9853e-04)
>> epoch [1518/3000], runtime:  4.80s, train err: 4.7703e-04 (best:  4.7311e-04/ 3.9853e-04)
>> epoch [1519/3000], runtime:  4.84s, train err: 4.7423e-04 (best:  4.7311e-04/ 3.9853e-04)
>> epoch [1520/3000], runtime:  4.43s, train err: 4.7485e-04 (best:  4.7311e-04/ 3.9853e-04)
>> epoch [1521/3000], runtime:  4.28s, train err: 4.7177e-04 (best:  4.7311e-04/ 3.9853e-04)
>> epoch [1522/3000], runtime:  4.45s, train err: 4.7313e-04 (best:  4.7311e-04/ 3.9853e-04)
>> epoch [1523/3000], runtime:  4.87s, train err: 4.7287e-04 (best:  4.7311e-04/ 3.9853e-04)
>> epoch [1524/3000], runtime:  4.57s, train err: 4.7296e-04 (best:  4.7311e-04/ 3.9853e-04)
>> epoch [1525/3000], runtime:  3.77s, train err: 4.7361e-04 (best:  4.7311e-04/ 3.9853e-04)
>> epoch [1526/3000], runtime:  4.87s, train err: 4.7200e-04 (best:  4.7311e-04/ 3.9853e-04)
>> epoch [1527/3000], runtime:  3.84s, train err: 4.7484e-04 (best:  4.7311e-04/ 3.9853e-04)
>> epoch [1528/3000], runtime:  4.23s, train err: 4.7440e-04 (best:  4.7311e-04/ 3.9853e-04)
>> epoch [1529/3000], runtime:  4.66s, train err: 4.7477e-04 (best:  4.7311e-04/ 3.9853e-04)
>> epoch [1530/3000], runtime:  4.86s, train err: 4.7289e-04 (best:  4.7311e-04/ 3.9853e-04)
>> epoch [1531/3000], runtime:  4.58s, train err: 4.7172e-04 (best:  4.7311e-04/ 3.9853e-04)
>> epoch [1532/3000], runtime:  4.82s, train err: 4.7469e-04 (best:  4.7311e-04/ 3.9853e-04)
>> epoch [1533/3000], runtime: 3.69s, train err: 4.7131e-04, valid err: 3.9723e-04 , test err: 4.3331e-04
>> epoch [1534/3000], runtime:  4.81s, train err: 4.7313e-04 (best:  4.7131e-04/ 3.9723e-04)
>> epoch [1535/3000], runtime:  4.08s, train err: 4.7211e-04 (best:  4.7131e-04/ 3.9723e-04)
>> epoch [1536/3000], runtime:  4.16s, train err: 4.7185e-04 (best:  4.7131e-04/ 3.9723e-04)
>> epoch [1537/3000], runtime:  4.08s, train err: 4.7407e-04 (best:  4.7131e-04/ 3.9723e-04)
>> epoch [1538/3000], runtime:  4.58s, train err: 4.7176e-04 (best:  4.7131e-04/ 3.9723e-04)
>> epoch [1539/3000], runtime:  3.64s, train err: 4.7209e-04 (best:  4.7131e-04/ 3.9723e-04)
>> epoch [1540/3000], runtime:  4.36s, train err: 4.7194e-04 (best:  4.7131e-04/ 3.9723e-04)
>> epoch [1541/3000], runtime:  3.78s, train err: 4.7160e-04 (best:  4.7131e-04/ 3.9723e-04)
>> epoch [1542/3000], runtime:  4.34s, train err: 4.7173e-04 (best:  4.7131e-04/ 3.9723e-04)
>> epoch [1543/3000], runtime:  3.88s, train err: 4.7266e-04 (best:  4.7131e-04/ 3.9723e-04)
>> epoch [1544/3000], runtime:  4.04s, train err: 4.7088e-04 (best:  4.7131e-04/ 3.9723e-04)
>> epoch [1545/3000], runtime:  4.05s, train err: 4.7153e-04 (best:  4.7131e-04/ 3.9723e-04)
>> epoch [1546/3000], runtime:  4.18s, train err: 4.7141e-04 (best:  4.7131e-04/ 3.9723e-04)
>> epoch [1547/3000], runtime:  4.82s, train err: 4.7129e-04 (best:  4.7131e-04/ 3.9723e-04)
>> epoch [1548/3000], runtime:  4.20s, train err: 4.7087e-04 (best:  4.7131e-04/ 3.9723e-04)
>> epoch [1549/3000], runtime:  3.49s, train err: 4.7200e-04 (best:  4.7131e-04/ 3.9723e-04)
>> epoch [1550/3000], runtime:  4.68s, train err: 4.7141e-04 (best:  4.7131e-04/ 3.9723e-04)
>> epoch [1551/3000], runtime:  4.71s, train err: 4.7231e-04 (best:  4.7131e-04/ 3.9723e-04)
>> epoch [1552/3000], runtime:  4.23s, train err: 4.7243e-04 (best:  4.7131e-04/ 3.9723e-04)
>> epoch [1553/3000], runtime:  4.15s, train err: 4.7093e-04 (best:  4.7131e-04/ 3.9723e-04)
>> epoch [1554/3000], runtime:  3.89s, train err: 4.7248e-04 (best:  4.7131e-04/ 3.9723e-04)
>> epoch [1555/3000], runtime:  4.28s, train err: 4.7368e-04 (best:  4.7131e-04/ 3.9723e-04)
>> epoch [1556/3000], runtime:  4.87s, train err: 4.7113e-04 (best:  4.7131e-04/ 3.9723e-04)
>> epoch [1557/3000], runtime:  4.21s, train err: 4.7270e-04 (best:  4.7131e-04/ 3.9723e-04)
>> epoch [1558/3000], runtime: 4.82s, train err: 4.7053e-04, valid err: 3.9653e-04 , test err: 4.3239e-04
>> epoch [1559/3000], runtime:  4.70s, train err: 4.7071e-04 (best:  4.7053e-04/ 3.9653e-04)
>> epoch [1560/3000], runtime:  4.27s, train err: 4.7089e-04 (best:  4.7053e-04/ 3.9653e-04)
>> epoch [1561/3000], runtime:  4.77s, train err: 4.7237e-04 (best:  4.7053e-04/ 3.9653e-04)
>> epoch [1562/3000], runtime:  4.87s, train err: 4.7109e-04 (best:  4.7053e-04/ 3.9653e-04)
>> epoch [1563/3000], runtime:  4.85s, train err: 4.6920e-04 (best:  4.7053e-04/ 3.9653e-04)
>> epoch [1564/3000], runtime:  4.25s, train err: 4.7067e-04 (best:  4.7053e-04/ 3.9653e-04)
>> epoch [1565/3000], runtime:  4.52s, train err: 4.7255e-04 (best:  4.7053e-04/ 3.9653e-04)
>> epoch [1566/3000], runtime:  3.84s, train err: 4.7076e-04 (best:  4.7053e-04/ 3.9653e-04)
>> epoch [1567/3000], runtime:  4.28s, train err: 4.6988e-04 (best:  4.7053e-04/ 3.9653e-04)
>> epoch [1568/3000], runtime:  4.47s, train err: 4.7101e-04 (best:  4.7053e-04/ 3.9653e-04)
>> epoch [1569/3000], runtime:  4.39s, train err: 4.7109e-04 (best:  4.7053e-04/ 3.9653e-04)
>> epoch [1570/3000], runtime:  4.88s, train err: 4.7017e-04 (best:  4.7053e-04/ 3.9653e-04)
>> epoch [1571/3000], runtime:  4.08s, train err: 4.7000e-04 (best:  4.7053e-04/ 3.9653e-04)
>> epoch [1572/3000], runtime:  4.07s, train err: 4.7480e-04 (best:  4.7053e-04/ 3.9653e-04)
>> epoch [1573/3000], runtime: 4.18s, train err: 4.7029e-04, valid err: 3.9606e-04 , test err: 4.2946e-04
>> epoch [1574/3000], runtime:  4.85s, train err: 4.7747e-04 (best:  4.7029e-04/ 3.9606e-04)
>> epoch [1575/3000], runtime:  4.35s, train err: 4.6951e-04 (best:  4.7029e-04/ 3.9606e-04)
>> epoch [1576/3000], runtime:  4.38s, train err: 4.6931e-04 (best:  4.7029e-04/ 3.9606e-04)
>> epoch [1577/3000], runtime:  4.39s, train err: 4.7323e-04 (best:  4.7029e-04/ 3.9606e-04)
>> epoch [1578/3000], runtime:  4.39s, train err: 4.7253e-04 (best:  4.7029e-04/ 3.9606e-04)
>> epoch [1579/3000], runtime:  4.50s, train err: 4.7022e-04 (best:  4.7029e-04/ 3.9606e-04)
>> epoch [1580/3000], runtime:  4.32s, train err: 4.7422e-04 (best:  4.7029e-04/ 3.9606e-04)
>> epoch [1581/3000], runtime:  4.23s, train err: 4.7034e-04 (best:  4.7029e-04/ 3.9606e-04)
>> epoch [1582/3000], runtime:  4.85s, train err: 4.7218e-04 (best:  4.7029e-04/ 3.9606e-04)
>> epoch [1583/3000], runtime:  4.86s, train err: 4.7221e-04 (best:  4.7029e-04/ 3.9606e-04)
>> epoch [1584/3000], runtime:  4.87s, train err: 4.6911e-04 (best:  4.7029e-04/ 3.9606e-04)
>> epoch [1585/3000], runtime:  4.58s, train err: 4.6805e-04 (best:  4.7029e-04/ 3.9606e-04)
>> epoch [1586/3000], runtime:  4.61s, train err: 4.7012e-04 (best:  4.7029e-04/ 3.9606e-04)
>> epoch [1587/3000], runtime:  4.60s, train err: 4.6898e-04 (best:  4.7029e-04/ 3.9606e-04)
>> epoch [1588/3000], runtime: 4.60s, train err: 4.6996e-04, valid err: 3.9572e-04 , test err: 4.2627e-04
>> epoch [1589/3000], runtime:  4.85s, train err: 4.7022e-04 (best:  4.6996e-04/ 3.9572e-04)
>> epoch [1590/3000], runtime:  4.61s, train err: 4.6878e-04 (best:  4.6996e-04/ 3.9572e-04)
>> epoch [1591/3000], runtime:  4.86s, train err: 4.7033e-04 (best:  4.6996e-04/ 3.9572e-04)
>> epoch [1592/3000], runtime: 4.62s, train err: 4.6943e-04, valid err: 3.9529e-04 , test err: 4.2593e-04
>> epoch [1593/3000], runtime:  4.61s, train err: 4.7257e-04 (best:  4.6943e-04/ 3.9529e-04)
>> epoch [1594/3000], runtime:  4.34s, train err: 4.7201e-04 (best:  4.6943e-04/ 3.9529e-04)
>> epoch [1595/3000], runtime:  4.87s, train err: 4.6907e-04 (best:  4.6943e-04/ 3.9529e-04)
>> epoch [1596/3000], runtime: 4.50s, train err: 4.6943e-04, valid err: 3.9501e-04 , test err: 4.2903e-04
>> epoch [1597/3000], runtime:  4.88s, train err: 4.6959e-04 (best:  4.6943e-04/ 3.9501e-04)
>> epoch [1598/3000], runtime:  4.86s, train err: 4.7386e-04 (best:  4.6943e-04/ 3.9501e-04)
>> epoch [1599/3000], runtime:  4.72s, train err: 4.7122e-04 (best:  4.6943e-04/ 3.9501e-04)
>> epoch [1600/3000], runtime:  4.27s, train err: 4.6952e-04 (best:  4.6943e-04/ 3.9501e-04)
>> epoch [1601/3000], runtime:  4.42s, train err: 4.7099e-04 (best:  4.6943e-04/ 3.9501e-04)
>> epoch [1602/3000], runtime:  4.47s, train err: 4.6856e-04 (best:  4.6943e-04/ 3.9501e-04)
>> epoch [1603/3000], runtime:  4.50s, train err: 4.6784e-04 (best:  4.6943e-04/ 3.9501e-04)
>> epoch [1604/3000], runtime:  4.79s, train err: 4.6782e-04 (best:  4.6943e-04/ 3.9501e-04)
>> epoch [1605/3000], runtime:  4.87s, train err: 4.6780e-04 (best:  4.6943e-04/ 3.9501e-04)
>> epoch [1606/3000], runtime: 4.09s, train err: 4.6777e-04, valid err: 3.9465e-04 , test err: 4.2670e-04
>> epoch [1607/3000], runtime:  4.86s, train err: 4.6733e-04 (best:  4.6777e-04/ 3.9465e-04)
>> epoch [1608/3000], runtime:  3.57s, train err: 4.6780e-04 (best:  4.6777e-04/ 3.9465e-04)
>> epoch [1609/3000], runtime:  4.44s, train err: 4.6766e-04 (best:  4.6777e-04/ 3.9465e-04)
>> epoch [1610/3000], runtime:  4.74s, train err: 4.6877e-04 (best:  4.6777e-04/ 3.9465e-04)
>> epoch [1611/3000], runtime:  4.29s, train err: 4.7165e-04 (best:  4.6777e-04/ 3.9465e-04)
>> epoch [1612/3000], runtime:  4.87s, train err: 4.6969e-04 (best:  4.6777e-04/ 3.9465e-04)
>> epoch [1613/3000], runtime:  4.20s, train err: 4.7006e-04 (best:  4.6777e-04/ 3.9465e-04)
>> epoch [1614/3000], runtime:  4.41s, train err: 4.7146e-04 (best:  4.6777e-04/ 3.9465e-04)
>> epoch [1615/3000], runtime:  4.37s, train err: 4.6717e-04 (best:  4.6777e-04/ 3.9465e-04)
>> epoch [1616/3000], runtime:  4.08s, train err: 4.6774e-04 (best:  4.6777e-04/ 3.9465e-04)
>> epoch [1617/3000], runtime:  4.33s, train err: 4.7075e-04 (best:  4.6777e-04/ 3.9465e-04)
>> epoch [1618/3000], runtime:  4.51s, train err: 4.6836e-04 (best:  4.6777e-04/ 3.9465e-04)
>> epoch [1619/3000], runtime:  4.46s, train err: 4.6847e-04 (best:  4.6777e-04/ 3.9465e-04)
>> epoch [1620/3000], runtime:  3.84s, train err: 4.6884e-04 (best:  4.6777e-04/ 3.9465e-04)
>> epoch [1621/3000], runtime:  4.37s, train err: 4.6886e-04 (best:  4.6777e-04/ 3.9465e-04)
>> epoch [1622/3000], runtime:  4.20s, train err: 4.6848e-04 (best:  4.6777e-04/ 3.9465e-04)
>> epoch [1623/3000], runtime: 4.78s, train err: 4.6733e-04, valid err: 3.9407e-04 , test err: 4.2715e-04
>> epoch [1624/3000], runtime:  3.84s, train err: 4.6972e-04 (best:  4.6733e-04/ 3.9407e-04)
>> epoch [1625/3000], runtime:  4.76s, train err: 4.7124e-04 (best:  4.6733e-04/ 3.9407e-04)
>> epoch [1626/3000], runtime:  4.08s, train err: 4.7123e-04 (best:  4.6733e-04/ 3.9407e-04)
>> epoch [1627/3000], runtime:  4.87s, train err: 4.6813e-04 (best:  4.6733e-04/ 3.9407e-04)
>> epoch [1628/3000], runtime: 3.43s, train err: 4.6725e-04, valid err: 3.9374e-04 , test err: 4.2850e-04
>> epoch [1629/3000], runtime:  4.11s, train err: 4.6670e-04 (best:  4.6725e-04/ 3.9374e-04)
>> epoch [1630/3000], runtime: 4.11s, train err: 4.6668e-04, valid err: 3.9342e-04 , test err: 4.2719e-04
>> epoch [1631/3000], runtime:  4.10s, train err: 4.6836e-04 (best:  4.6668e-04/ 3.9342e-04)
>> epoch [1632/3000], runtime:  4.76s, train err: 4.6787e-04 (best:  4.6668e-04/ 3.9342e-04)
>> epoch [1633/3000], runtime:  4.22s, train err: 4.6794e-04 (best:  4.6668e-04/ 3.9342e-04)
>> epoch [1634/3000], runtime:  4.87s, train err: 4.7022e-04 (best:  4.6668e-04/ 3.9342e-04)
>> epoch [1635/3000], runtime:  4.45s, train err: 4.6579e-04 (best:  4.6668e-04/ 3.9342e-04)
>> epoch [1636/3000], runtime:  4.23s, train err: 4.6591e-04 (best:  4.6668e-04/ 3.9342e-04)
>> epoch [1637/3000], runtime:  4.18s, train err: 4.6584e-04 (best:  4.6668e-04/ 3.9342e-04)
>> epoch [1638/3000], runtime:  4.86s, train err: 4.6858e-04 (best:  4.6668e-04/ 3.9342e-04)
>> epoch [1639/3000], runtime:  4.75s, train err: 4.6656e-04 (best:  4.6668e-04/ 3.9342e-04)
>> epoch [1640/3000], runtime:  4.71s, train err: 4.6708e-04 (best:  4.6668e-04/ 3.9342e-04)
>> epoch [1641/3000], runtime: 3.41s, train err: 4.6635e-04, valid err: 3.9290e-04 , test err: 4.2737e-04
>> epoch [1642/3000], runtime:  4.87s, train err: 4.6533e-04 (best:  4.6635e-04/ 3.9290e-04)
>> epoch [1643/3000], runtime:  4.78s, train err: 4.6613e-04 (best:  4.6635e-04/ 3.9290e-04)
>> epoch [1644/3000], runtime: 4.86s, train err: 4.6633e-04, valid err: 3.9266e-04 , test err: 4.2662e-04
>> epoch [1645/3000], runtime:  4.64s, train err: 4.6591e-04 (best:  4.6633e-04/ 3.9266e-04)
>> epoch [1646/3000], runtime:  4.87s, train err: 4.6712e-04 (best:  4.6633e-04/ 3.9266e-04)
>> epoch [1647/3000], runtime:  4.87s, train err: 4.6949e-04 (best:  4.6633e-04/ 3.9266e-04)
>> epoch [1648/3000], runtime:  4.87s, train err: 4.6806e-04 (best:  4.6633e-04/ 3.9266e-04)
>> epoch [1649/3000], runtime:  4.85s, train err: 4.6865e-04 (best:  4.6633e-04/ 3.9266e-04)
>> epoch [1650/3000], runtime:  4.80s, train err: 4.6890e-04 (best:  4.6633e-04/ 3.9266e-04)
>> epoch [1651/3000], runtime:  3.86s, train err: 4.6592e-04 (best:  4.6633e-04/ 3.9266e-04)
>> epoch [1652/3000], runtime:  4.86s, train err: 4.6655e-04 (best:  4.6633e-04/ 3.9266e-04)
>> epoch [1653/3000], runtime:  4.77s, train err: 4.6690e-04 (best:  4.6633e-04/ 3.9266e-04)
>> epoch [1654/3000], runtime:  4.37s, train err: 4.6617e-04 (best:  4.6633e-04/ 3.9266e-04)
>> epoch [1655/3000], runtime:  4.38s, train err: 4.6560e-04 (best:  4.6633e-04/ 3.9266e-04)
>> epoch [1656/3000], runtime:  4.30s, train err: 4.6752e-04 (best:  4.6633e-04/ 3.9266e-04)
>> epoch [1657/3000], runtime:  4.49s, train err: 4.6752e-04 (best:  4.6633e-04/ 3.9266e-04)
>> epoch [1658/3000], runtime: 4.48s, train err: 4.6556e-04, valid err: 3.9198e-04 , test err: 4.2528e-04
>> epoch [1659/3000], runtime:  4.48s, train err: 4.6526e-04 (best:  4.6556e-04/ 3.9198e-04)
>> epoch [1660/3000], runtime:  3.98s, train err: 4.6702e-04 (best:  4.6556e-04/ 3.9198e-04)
>> epoch [1661/3000], runtime:  4.88s, train err: 4.6626e-04 (best:  4.6556e-04/ 3.9198e-04)
>> epoch [1662/3000], runtime:  4.87s, train err: 4.6490e-04 (best:  4.6556e-04/ 3.9198e-04)
>> epoch [1663/3000], runtime:  4.87s, train err: 4.6620e-04 (best:  4.6556e-04/ 3.9198e-04)
>> epoch [1664/3000], runtime:  4.48s, train err: 4.6548e-04 (best:  4.6556e-04/ 3.9198e-04)
>> epoch [1665/3000], runtime:  4.73s, train err: 4.6785e-04 (best:  4.6556e-04/ 3.9198e-04)
>> epoch [1666/3000], runtime:  4.15s, train err: 4.6521e-04 (best:  4.6556e-04/ 3.9198e-04)
>> epoch [1667/3000], runtime:  4.60s, train err: 4.6530e-04 (best:  4.6556e-04/ 3.9198e-04)
>> epoch [1668/3000], runtime:  4.60s, train err: 4.6609e-04 (best:  4.6556e-04/ 3.9198e-04)
>> epoch [1669/3000], runtime:  4.26s, train err: 4.6653e-04 (best:  4.6556e-04/ 3.9198e-04)
>> epoch [1670/3000], runtime:  4.18s, train err: 4.6566e-04 (best:  4.6556e-04/ 3.9198e-04)
>> epoch [1671/3000], runtime:  4.45s, train err: 4.6785e-04 (best:  4.6556e-04/ 3.9198e-04)
>> epoch [1672/3000], runtime:  4.52s, train err: 4.6437e-04 (best:  4.6556e-04/ 3.9198e-04)
>> epoch [1673/3000], runtime:  4.47s, train err: 4.6452e-04 (best:  4.6556e-04/ 3.9198e-04)
>> epoch [1674/3000], runtime:  4.49s, train err: 4.6766e-04 (best:  4.6556e-04/ 3.9198e-04)
>> epoch [1675/3000], runtime: 4.51s, train err: 4.6528e-04, valid err: 3.9181e-04 , test err: 4.2463e-04
>> epoch [1676/3000], runtime:  4.86s, train err: 4.6500e-04 (best:  4.6528e-04/ 3.9181e-04)
>> epoch [1677/3000], runtime:  4.87s, train err: 4.6425e-04 (best:  4.6528e-04/ 3.9181e-04)
>> epoch [1678/3000], runtime:  4.62s, train err: 4.6859e-04 (best:  4.6528e-04/ 3.9181e-04)
>> epoch [1679/3000], runtime:  4.27s, train err: 4.6658e-04 (best:  4.6528e-04/ 3.9181e-04)
>> epoch [1680/3000], runtime:  4.87s, train err: 4.6529e-04 (best:  4.6528e-04/ 3.9181e-04)
>> epoch [1681/3000], runtime:  4.87s, train err: 4.6704e-04 (best:  4.6528e-04/ 3.9181e-04)
>> epoch [1682/3000], runtime:  4.39s, train err: 4.6503e-04 (best:  4.6528e-04/ 3.9181e-04)
>> epoch [1683/3000], runtime:  4.88s, train err: 4.6529e-04 (best:  4.6528e-04/ 3.9181e-04)
>> epoch [1684/3000], runtime:  4.86s, train err: 4.6407e-04 (best:  4.6528e-04/ 3.9181e-04)
>> epoch [1685/3000], runtime:  4.79s, train err: 4.6741e-04 (best:  4.6528e-04/ 3.9181e-04)
>> epoch [1686/3000], runtime:  4.51s, train err: 4.6766e-04 (best:  4.6528e-04/ 3.9181e-04)
>> epoch [1687/3000], runtime:  4.42s, train err: 4.6446e-04 (best:  4.6528e-04/ 3.9181e-04)
>> epoch [1688/3000], runtime:  4.59s, train err: 4.6480e-04 (best:  4.6528e-04/ 3.9181e-04)
>> epoch [1689/3000], runtime: 4.87s, train err: 4.6411e-04, valid err: 3.9088e-04 , test err: 4.2420e-04
>> epoch [1690/3000], runtime:  4.88s, train err: 4.6452e-04 (best:  4.6411e-04/ 3.9088e-04)
>> epoch [1691/3000], runtime:  4.02s, train err: 4.6355e-04 (best:  4.6411e-04/ 3.9088e-04)
>> epoch [1692/3000], runtime:  4.25s, train err: 4.6389e-04 (best:  4.6411e-04/ 3.9088e-04)
>> epoch [1693/3000], runtime:  4.80s, train err: 4.6368e-04 (best:  4.6411e-04/ 3.9088e-04)
>> epoch [1694/3000], runtime:  4.52s, train err: 4.6388e-04 (best:  4.6411e-04/ 3.9088e-04)
>> epoch [1695/3000], runtime:  4.82s, train err: 4.6401e-04 (best:  4.6411e-04/ 3.9088e-04)
>> epoch [1696/3000], runtime:  4.80s, train err: 4.6621e-04 (best:  4.6411e-04/ 3.9088e-04)
>> epoch [1697/3000], runtime:  4.48s, train err: 4.6576e-04 (best:  4.6411e-04/ 3.9088e-04)
>> epoch [1698/3000], runtime:  4.43s, train err: 4.6475e-04 (best:  4.6411e-04/ 3.9088e-04)
>> epoch [1699/3000], runtime:  4.17s, train err: 4.6555e-04 (best:  4.6411e-04/ 3.9088e-04)
>> epoch [1700/3000], runtime:  4.71s, train err: 4.6477e-04 (best:  4.6411e-04/ 3.9088e-04)
>> epoch [1701/3000], runtime:  4.18s, train err: 4.6376e-04 (best:  4.6411e-04/ 3.9088e-04)
>> epoch [1702/3000], runtime:  4.28s, train err: 4.6303e-04 (best:  4.6411e-04/ 3.9088e-04)
>> epoch [1703/3000], runtime: 4.24s, train err: 4.6373e-04, valid err: 3.9050e-04 , test err: 4.2581e-04
>> epoch [1704/3000], runtime:  3.69s, train err: 4.6344e-04 (best:  4.6373e-04/ 3.9050e-04)
>> epoch [1705/3000], runtime:  4.73s, train err: 4.6258e-04 (best:  4.6373e-04/ 3.9050e-04)
>> epoch [1706/3000], runtime:  4.12s, train err: 4.6370e-04 (best:  4.6373e-04/ 3.9050e-04)
>> epoch [1707/3000], runtime:  4.87s, train err: 4.6450e-04 (best:  4.6373e-04/ 3.9050e-04)
>> epoch [1708/3000], runtime:  4.88s, train err: 4.6354e-04 (best:  4.6373e-04/ 3.9050e-04)
>> epoch [1709/3000], runtime:  3.46s, train err: 4.6516e-04 (best:  4.6373e-04/ 3.9050e-04)
>> epoch [1710/3000], runtime:  4.88s, train err: 4.6530e-04 (best:  4.6373e-04/ 3.9050e-04)
>> epoch [1711/3000], runtime:  4.86s, train err: 4.6275e-04 (best:  4.6373e-04/ 3.9050e-04)
>> epoch [1712/3000], runtime: 4.05s, train err: 4.6317e-04, valid err: 3.9015e-04 , test err: 4.2345e-04
>> epoch [1713/3000], runtime:  4.86s, train err: 4.6331e-04 (best:  4.6317e-04/ 3.9015e-04)
>> epoch [1714/3000], runtime:  4.88s, train err: 4.6399e-04 (best:  4.6317e-04/ 3.9015e-04)
>> epoch [1715/3000], runtime:  4.07s, train err: 4.6299e-04 (best:  4.6317e-04/ 3.9015e-04)
>> epoch [1716/3000], runtime:  3.57s, train err: 4.6424e-04 (best:  4.6317e-04/ 3.9015e-04)
>> epoch [1717/3000], runtime:  4.67s, train err: 4.6453e-04 (best:  4.6317e-04/ 3.9015e-04)
>> epoch [1718/3000], runtime: 4.16s, train err: 4.6270e-04, valid err: 3.8975e-04 , test err: 4.2406e-04
>> epoch [1719/3000], runtime:  4.86s, train err: 4.6284e-04 (best:  4.6270e-04/ 3.8975e-04)
>> epoch [1720/3000], runtime:  4.81s, train err: 4.6380e-04 (best:  4.6270e-04/ 3.8975e-04)
>> epoch [1721/3000], runtime:  4.17s, train err: 4.6380e-04 (best:  4.6270e-04/ 3.8975e-04)
>> epoch [1722/3000], runtime:  4.85s, train err: 4.6377e-04 (best:  4.6270e-04/ 3.8975e-04)
>> epoch [1723/3000], runtime:  4.76s, train err: 4.6590e-04 (best:  4.6270e-04/ 3.8975e-04)
>> epoch [1724/3000], runtime:  4.26s, train err: 4.6207e-04 (best:  4.6270e-04/ 3.8975e-04)
>> epoch [1725/3000], runtime:  4.87s, train err: 4.6260e-04 (best:  4.6270e-04/ 3.8975e-04)
>> epoch [1726/3000], runtime:  4.77s, train err: 4.6346e-04 (best:  4.6270e-04/ 3.8975e-04)
>> epoch [1727/3000], runtime:  4.88s, train err: 4.6461e-04 (best:  4.6270e-04/ 3.8975e-04)
>> epoch [1728/3000], runtime:  4.86s, train err: 4.6448e-04 (best:  4.6270e-04/ 3.8975e-04)
>> epoch [1729/3000], runtime:  4.38s, train err: 4.6460e-04 (best:  4.6270e-04/ 3.8975e-04)
>> epoch [1730/3000], runtime:  4.52s, train err: 4.6402e-04 (best:  4.6270e-04/ 3.8975e-04)
>> epoch [1731/3000], runtime:  4.87s, train err: 4.6267e-04 (best:  4.6270e-04/ 3.8975e-04)
>> epoch [1732/3000], runtime: 4.88s, train err: 4.6244e-04, valid err: 3.8969e-04 , test err: 4.2235e-04
>> epoch [1733/3000], runtime: 4.77s, train err: 4.6172e-04, valid err: 3.8956e-04 , test err: 4.2425e-04
>> epoch [1734/3000], runtime:  4.29s, train err: 4.6238e-04 (best:  4.6172e-04/ 3.8956e-04)
>> epoch [1735/3000], runtime:  3.79s, train err: 4.6162e-04 (best:  4.6172e-04/ 3.8956e-04)
>> epoch [1736/3000], runtime:  4.21s, train err: 4.6329e-04 (best:  4.6172e-04/ 3.8956e-04)
>> epoch [1737/3000], runtime:  4.44s, train err: 4.6400e-04 (best:  4.6172e-04/ 3.8956e-04)
>> epoch [1738/3000], runtime:  3.68s, train err: 4.6347e-04 (best:  4.6172e-04/ 3.8956e-04)
>> epoch [1739/3000], runtime:  4.43s, train err: 4.6188e-04 (best:  4.6172e-04/ 3.8956e-04)
>> epoch [1740/3000], runtime:  4.41s, train err: 4.6376e-04 (best:  4.6172e-04/ 3.8956e-04)
>> epoch [1741/3000], runtime:  4.83s, train err: 4.6419e-04 (best:  4.6172e-04/ 3.8956e-04)
>> epoch [1742/3000], runtime:  4.11s, train err: 4.6123e-04 (best:  4.6172e-04/ 3.8956e-04)
>> epoch [1743/3000], runtime:  4.54s, train err: 4.6239e-04 (best:  4.6172e-04/ 3.8956e-04)
>> epoch [1744/3000], runtime:  4.37s, train err: 4.6191e-04 (best:  4.6172e-04/ 3.8956e-04)
>> epoch [1745/3000], runtime:  3.66s, train err: 4.6305e-04 (best:  4.6172e-04/ 3.8956e-04)
>> epoch [1746/3000], runtime: 4.57s, train err: 4.6089e-04, valid err: 3.8930e-04 , test err: 4.2437e-04
>> epoch [1747/3000], runtime:  4.91s, train err: 4.6163e-04 (best:  4.6089e-04/ 3.8930e-04)
>> epoch [1748/3000], runtime:  4.77s, train err: 4.6270e-04 (best:  4.6089e-04/ 3.8930e-04)
>> epoch [1749/3000], runtime:  4.11s, train err: 4.6133e-04 (best:  4.6089e-04/ 3.8930e-04)
>> epoch [1750/3000], runtime:  4.40s, train err: 4.6166e-04 (best:  4.6089e-04/ 3.8930e-04)
>> epoch [1751/3000], runtime:  4.58s, train err: 4.6290e-04 (best:  4.6089e-04/ 3.8930e-04)
>> epoch [1752/3000], runtime:  4.79s, train err: 4.6164e-04 (best:  4.6089e-04/ 3.8930e-04)
>> epoch [1753/3000], runtime:  4.80s, train err: 4.6175e-04 (best:  4.6089e-04/ 3.8930e-04)
>> epoch [1754/3000], runtime:  4.18s, train err: 4.6173e-04 (best:  4.6089e-04/ 3.8930e-04)
>> epoch [1755/3000], runtime:  4.13s, train err: 4.6195e-04 (best:  4.6089e-04/ 3.8930e-04)
>> epoch [1756/3000], runtime:  4.12s, train err: 4.6158e-04 (best:  4.6089e-04/ 3.8930e-04)
>> epoch [1757/3000], runtime:  4.09s, train err: 4.6156e-04 (best:  4.6089e-04/ 3.8930e-04)
>> epoch [1758/3000], runtime:  4.55s, train err: 4.6129e-04 (best:  4.6089e-04/ 3.8930e-04)
>> epoch [1759/3000], runtime:  4.40s, train err: 4.6123e-04 (best:  4.6089e-04/ 3.8930e-04)
>> epoch [1760/3000], runtime:  4.09s, train err: 4.6136e-04 (best:  4.6089e-04/ 3.8930e-04)
>> epoch [1761/3000], runtime:  4.83s, train err: 4.6304e-04 (best:  4.6089e-04/ 3.8930e-04)
>> epoch [1762/3000], runtime:  4.77s, train err: 4.6529e-04 (best:  4.6089e-04/ 3.8930e-04)
>> epoch [1763/3000], runtime:  4.17s, train err: 4.6292e-04 (best:  4.6089e-04/ 3.8930e-04)
>> epoch [1764/3000], runtime:  4.30s, train err: 4.6133e-04 (best:  4.6089e-04/ 3.8930e-04)
>> epoch [1765/3000], runtime:  3.93s, train err: 4.6057e-04 (best:  4.6089e-04/ 3.8930e-04)
>> epoch [1766/3000], runtime:  4.46s, train err: 4.6116e-04 (best:  4.6089e-04/ 3.8930e-04)
>> epoch [1767/3000], runtime:  4.53s, train err: 4.6309e-04 (best:  4.6089e-04/ 3.8930e-04)
>> epoch [1768/3000], runtime:  4.36s, train err: 4.6350e-04 (best:  4.6089e-04/ 3.8930e-04)
>> epoch [1769/3000], runtime:  4.60s, train err: 4.6123e-04 (best:  4.6089e-04/ 3.8930e-04)
>> epoch [1770/3000], runtime:  3.98s, train err: 4.6098e-04 (best:  4.6089e-04/ 3.8930e-04)
>> epoch [1771/3000], runtime: 4.24s, train err: 4.6028e-04, valid err: 3.8817e-04 , test err: 4.2283e-04
>> epoch [1772/3000], runtime:  4.23s, train err: 4.6323e-04 (best:  4.6028e-04/ 3.8817e-04)
>> epoch [1773/3000], runtime:  4.70s, train err: 4.6244e-04 (best:  4.6028e-04/ 3.8817e-04)
>> epoch [1774/3000], runtime:  4.85s, train err: 4.6023e-04 (best:  4.6028e-04/ 3.8817e-04)
>> epoch [1775/3000], runtime:  4.21s, train err: 4.6233e-04 (best:  4.6028e-04/ 3.8817e-04)
>> epoch [1776/3000], runtime:  4.77s, train err: 4.6282e-04 (best:  4.6028e-04/ 3.8817e-04)
>> epoch [1777/3000], runtime:  4.79s, train err: 4.6008e-04 (best:  4.6028e-04/ 3.8817e-04)
>> epoch [1778/3000], runtime:  4.23s, train err: 4.6308e-04 (best:  4.6028e-04/ 3.8817e-04)
>> epoch [1779/3000], runtime:  4.04s, train err: 4.6121e-04 (best:  4.6028e-04/ 3.8817e-04)
>> epoch [1780/3000], runtime:  4.08s, train err: 4.6261e-04 (best:  4.6028e-04/ 3.8817e-04)
>> epoch [1781/3000], runtime:  4.80s, train err: 4.6149e-04 (best:  4.6028e-04/ 3.8817e-04)
>> epoch [1782/3000], runtime:  4.86s, train err: 4.6065e-04 (best:  4.6028e-04/ 3.8817e-04)
>> epoch [1783/3000], runtime:  4.86s, train err: 4.6022e-04 (best:  4.6028e-04/ 3.8817e-04)
>> epoch [1784/3000], runtime:  4.04s, train err: 4.6317e-04 (best:  4.6028e-04/ 3.8817e-04)
>> epoch [1785/3000], runtime:  4.72s, train err: 4.6067e-04 (best:  4.6028e-04/ 3.8817e-04)
>> epoch [1786/3000], runtime:  3.58s, train err: 4.6046e-04 (best:  4.6028e-04/ 3.8817e-04)
>> epoch [1787/3000], runtime:  4.88s, train err: 4.5988e-04 (best:  4.6028e-04/ 3.8817e-04)
>> epoch [1788/3000], runtime:  3.47s, train err: 4.6067e-04 (best:  4.6028e-04/ 3.8817e-04)
>> epoch [1789/3000], runtime:  4.71s, train err: 4.6079e-04 (best:  4.6028e-04/ 3.8817e-04)
>> epoch [1790/3000], runtime:  4.25s, train err: 4.6046e-04 (best:  4.6028e-04/ 3.8817e-04)
>> epoch [1791/3000], runtime:  4.61s, train err: 4.5976e-04 (best:  4.6028e-04/ 3.8817e-04)
>> epoch [1792/3000], runtime:  4.67s, train err: 4.6080e-04 (best:  4.6028e-04/ 3.8817e-04)
>> epoch [1793/3000], runtime:  4.24s, train err: 4.5994e-04 (best:  4.6028e-04/ 3.8817e-04)
>> epoch [1794/3000], runtime:  4.73s, train err: 4.6461e-04 (best:  4.6028e-04/ 3.8817e-04)
>> epoch [1795/3000], runtime:  4.17s, train err: 4.6171e-04 (best:  4.6028e-04/ 3.8817e-04)
>> epoch [1796/3000], runtime:  4.88s, train err: 4.6002e-04 (best:  4.6028e-04/ 3.8817e-04)
>> epoch [1797/3000], runtime:  4.25s, train err: 4.6322e-04 (best:  4.6028e-04/ 3.8817e-04)
>> epoch [1798/3000], runtime:  4.60s, train err: 4.6110e-04 (best:  4.6028e-04/ 3.8817e-04)
>> epoch [1799/3000], runtime:  4.29s, train err: 4.5985e-04 (best:  4.6028e-04/ 3.8817e-04)
>> epoch [1800/3000], runtime:  4.38s, train err: 4.5948e-04 (best:  4.6028e-04/ 3.8817e-04)
>> epoch [1801/3000], runtime:  3.58s, train err: 4.6056e-04 (best:  4.6028e-04/ 3.8817e-04)
>> epoch [1802/3000], runtime:  4.44s, train err: 4.6093e-04 (best:  4.6028e-04/ 3.8817e-04)
>> epoch [1803/3000], runtime:  4.48s, train err: 4.6009e-04 (best:  4.6028e-04/ 3.8817e-04)
>> epoch [1804/3000], runtime:  4.50s, train err: 4.6062e-04 (best:  4.6028e-04/ 3.8817e-04)
>> epoch [1805/3000], runtime:  4.80s, train err: 4.6175e-04 (best:  4.6028e-04/ 3.8817e-04)
>> epoch [1806/3000], runtime:  4.12s, train err: 4.6345e-04 (best:  4.6028e-04/ 3.8817e-04)
>> epoch [1807/3000], runtime: 4.86s, train err: 4.6017e-04, valid err: 3.8690e-04 , test err: 4.1994e-04
>> epoch [1808/3000], runtime:  4.48s, train err: 4.6341e-04 (best:  4.6017e-04/ 3.8690e-04)
>> epoch [1809/3000], runtime:  3.56s, train err: 4.5938e-04 (best:  4.6017e-04/ 3.8690e-04)
>> epoch [1810/3000], runtime:  4.36s, train err: 4.6076e-04 (best:  4.6017e-04/ 3.8690e-04)
>> epoch [1811/3000], runtime:  4.62s, train err: 4.5934e-04 (best:  4.6017e-04/ 3.8690e-04)
>> epoch [1812/3000], runtime:  4.47s, train err: 4.6016e-04 (best:  4.6017e-04/ 3.8690e-04)
>> epoch [1813/3000], runtime:  4.44s, train err: 4.6147e-04 (best:  4.6017e-04/ 3.8690e-04)
>> epoch [1814/3000], runtime:  3.53s, train err: 4.6113e-04 (best:  4.6017e-04/ 3.8690e-04)
>> epoch [1815/3000], runtime:  4.65s, train err: 4.5986e-04 (best:  4.6017e-04/ 3.8690e-04)
>> epoch [1816/3000], runtime:  4.78s, train err: 4.6031e-04 (best:  4.6017e-04/ 3.8690e-04)
>> epoch [1817/3000], runtime:  4.11s, train err: 4.6098e-04 (best:  4.6017e-04/ 3.8690e-04)
>> epoch [1818/3000], runtime:  4.80s, train err: 4.5984e-04 (best:  4.6017e-04/ 3.8690e-04)
>> epoch [1819/3000], runtime:  4.21s, train err: 4.5994e-04 (best:  4.6017e-04/ 3.8690e-04)
>> epoch [1820/3000], runtime:  4.21s, train err: 4.6010e-04 (best:  4.6017e-04/ 3.8690e-04)
>> epoch [1821/3000], runtime:  4.83s, train err: 4.5891e-04 (best:  4.6017e-04/ 3.8690e-04)
>> epoch [1822/3000], runtime:  4.35s, train err: 4.6126e-04 (best:  4.6017e-04/ 3.8690e-04)
>> epoch [1823/3000], runtime:  4.62s, train err: 4.5796e-04 (best:  4.6017e-04/ 3.8690e-04)
>> epoch [1824/3000], runtime:  4.88s, train err: 4.5964e-04 (best:  4.6017e-04/ 3.8690e-04)
>> epoch [1825/3000], runtime: 4.88s, train err: 4.5940e-04, valid err: 3.8662e-04 , test err: 4.2048e-04
>> epoch [1826/3000], runtime:  4.77s, train err: 4.5950e-04 (best:  4.5940e-04/ 3.8662e-04)
>> epoch [1827/3000], runtime:  4.82s, train err: 4.5856e-04 (best:  4.5940e-04/ 3.8662e-04)
>> epoch [1828/3000], runtime:  4.25s, train err: 4.5965e-04 (best:  4.5940e-04/ 3.8662e-04)
>> epoch [1829/3000], runtime:  4.13s, train err: 4.5989e-04 (best:  4.5940e-04/ 3.8662e-04)
>> epoch [1830/3000], runtime:  4.65s, train err: 4.5931e-04 (best:  4.5940e-04/ 3.8662e-04)
>> epoch [1831/3000], runtime:  4.09s, train err: 4.5956e-04 (best:  4.5940e-04/ 3.8662e-04)
>> epoch [1832/3000], runtime:  4.26s, train err: 4.6031e-04 (best:  4.5940e-04/ 3.8662e-04)
>> epoch [1833/3000], runtime:  4.78s, train err: 4.5844e-04 (best:  4.5940e-04/ 3.8662e-04)
>> epoch [1834/3000], runtime:  4.73s, train err: 4.5877e-04 (best:  4.5940e-04/ 3.8662e-04)
>> epoch [1835/3000], runtime: 4.16s, train err: 4.5901e-04, valid err: 3.8641e-04 , test err: 4.2026e-04
>> epoch [1836/3000], runtime:  4.83s, train err: 4.5888e-04 (best:  4.5901e-04/ 3.8641e-04)
>> epoch [1837/3000], runtime:  4.12s, train err: 4.5846e-04 (best:  4.5901e-04/ 3.8641e-04)
>> epoch [1838/3000], runtime:  4.77s, train err: 4.5884e-04 (best:  4.5901e-04/ 3.8641e-04)
>> epoch [1839/3000], runtime:  4.19s, train err: 4.5769e-04 (best:  4.5901e-04/ 3.8641e-04)
>> epoch [1840/3000], runtime:  4.67s, train err: 4.5741e-04 (best:  4.5901e-04/ 3.8641e-04)
>> epoch [1841/3000], runtime:  4.31s, train err: 4.5877e-04 (best:  4.5901e-04/ 3.8641e-04)
>> epoch [1842/3000], runtime:  4.00s, train err: 4.5790e-04 (best:  4.5901e-04/ 3.8641e-04)
>> epoch [1843/3000], runtime:  3.93s, train err: 4.5934e-04 (best:  4.5901e-04/ 3.8641e-04)
>> epoch [1844/3000], runtime:  4.65s, train err: 4.6091e-04 (best:  4.5901e-04/ 3.8641e-04)
>> epoch [1845/3000], runtime:  3.66s, train err: 4.5918e-04 (best:  4.5901e-04/ 3.8641e-04)
>> epoch [1846/3000], runtime:  4.57s, train err: 4.5825e-04 (best:  4.5901e-04/ 3.8641e-04)
>> epoch [1847/3000], runtime:  4.75s, train err: 4.6157e-04 (best:  4.5901e-04/ 3.8641e-04)
>> epoch [1848/3000], runtime:  4.10s, train err: 4.5833e-04 (best:  4.5901e-04/ 3.8641e-04)
>> epoch [1849/3000], runtime: 4.46s, train err: 4.5778e-04, valid err: 3.8622e-04 , test err: 4.1978e-04
>> epoch [1850/3000], runtime:  4.22s, train err: 4.5923e-04 (best:  4.5778e-04/ 3.8622e-04)
>> epoch [1851/3000], runtime:  4.31s, train err: 4.5742e-04 (best:  4.5778e-04/ 3.8622e-04)
>> epoch [1852/3000], runtime:  4.30s, train err: 4.5883e-04 (best:  4.5778e-04/ 3.8622e-04)
>> epoch [1853/3000], runtime:  3.75s, train err: 4.5783e-04 (best:  4.5778e-04/ 3.8622e-04)
>> epoch [1854/3000], runtime:  4.29s, train err: 4.5819e-04 (best:  4.5778e-04/ 3.8622e-04)
>> epoch [1855/3000], runtime:  3.94s, train err: 4.5957e-04 (best:  4.5778e-04/ 3.8622e-04)
>> epoch [1856/3000], runtime:  4.79s, train err: 4.5794e-04 (best:  4.5778e-04/ 3.8622e-04)
>> epoch [1857/3000], runtime:  3.50s, train err: 4.5907e-04 (best:  4.5778e-04/ 3.8622e-04)
>> epoch [1858/3000], runtime: 4.59s, train err: 4.5744e-04, valid err: 3.8613e-04 , test err: 4.2181e-04
>> epoch [1859/3000], runtime:  4.64s, train err: 4.5763e-04 (best:  4.5744e-04/ 3.8613e-04)
>> epoch [1860/3000], runtime:  3.67s, train err: 4.5866e-04 (best:  4.5744e-04/ 3.8613e-04)
>> epoch [1861/3000], runtime:  4.39s, train err: 4.5904e-04 (best:  4.5744e-04/ 3.8613e-04)
>> epoch [1862/3000], runtime:  4.46s, train err: 4.5815e-04 (best:  4.5744e-04/ 3.8613e-04)
>> epoch [1863/3000], runtime:  4.41s, train err: 4.5798e-04 (best:  4.5744e-04/ 3.8613e-04)
>> epoch [1864/3000], runtime:  3.80s, train err: 4.5845e-04 (best:  4.5744e-04/ 3.8613e-04)
>> epoch [1865/3000], runtime:  4.18s, train err: 4.5873e-04 (best:  4.5744e-04/ 3.8613e-04)
>> epoch [1866/3000], runtime:  3.96s, train err: 4.5847e-04 (best:  4.5744e-04/ 3.8613e-04)
>> epoch [1867/3000], runtime:  4.18s, train err: 4.5978e-04 (best:  4.5744e-04/ 3.8613e-04)
>> epoch [1868/3000], runtime:  4.81s, train err: 4.5804e-04 (best:  4.5744e-04/ 3.8613e-04)
>> epoch [1869/3000], runtime:  4.69s, train err: 4.5775e-04 (best:  4.5744e-04/ 3.8613e-04)
>> epoch [1870/3000], runtime:  3.47s, train err: 4.5718e-04 (best:  4.5744e-04/ 3.8613e-04)
>> epoch [1871/3000], runtime:  4.72s, train err: 4.5713e-04 (best:  4.5744e-04/ 3.8613e-04)
>> epoch [1872/3000], runtime:  4.88s, train err: 4.5735e-04 (best:  4.5744e-04/ 3.8613e-04)
>> epoch [1873/3000], runtime:  4.01s, train err: 4.5853e-04 (best:  4.5744e-04/ 3.8613e-04)
>> epoch [1874/3000], runtime:  4.70s, train err: 4.5697e-04 (best:  4.5744e-04/ 3.8613e-04)
>> epoch [1875/3000], runtime:  4.10s, train err: 4.5809e-04 (best:  4.5744e-04/ 3.8613e-04)
>> epoch [1876/3000], runtime:  4.05s, train err: 4.5847e-04 (best:  4.5744e-04/ 3.8613e-04)
>> epoch [1877/3000], runtime:  4.17s, train err: 4.5753e-04 (best:  4.5744e-04/ 3.8613e-04)
>> epoch [1878/3000], runtime:  4.81s, train err: 4.5768e-04 (best:  4.5744e-04/ 3.8613e-04)
>> epoch [1879/3000], runtime:  4.11s, train err: 4.5810e-04 (best:  4.5744e-04/ 3.8613e-04)
>> epoch [1880/3000], runtime:  4.42s, train err: 4.5932e-04 (best:  4.5744e-04/ 3.8613e-04)
>> epoch [1881/3000], runtime:  3.68s, train err: 4.5722e-04 (best:  4.5744e-04/ 3.8613e-04)
>> epoch [1882/3000], runtime:  3.87s, train err: 4.5791e-04 (best:  4.5744e-04/ 3.8613e-04)
>> epoch [1883/3000], runtime:  4.25s, train err: 4.5859e-04 (best:  4.5744e-04/ 3.8613e-04)
>> epoch [1884/3000], runtime: 3.76s, train err: 4.5619e-04, valid err: 3.8553e-04 , test err: 4.2056e-04
>> epoch [1885/3000], runtime:  4.50s, train err: 4.5690e-04 (best:  4.5619e-04/ 3.8553e-04)
>> epoch [1886/3000], runtime:  4.50s, train err: 4.5687e-04 (best:  4.5619e-04/ 3.8553e-04)
>> epoch [1887/3000], runtime:  4.17s, train err: 4.5678e-04 (best:  4.5619e-04/ 3.8553e-04)
>> epoch [1888/3000], runtime:  3.89s, train err: 4.5710e-04 (best:  4.5619e-04/ 3.8553e-04)
>> epoch [1889/3000], runtime:  4.27s, train err: 4.5761e-04 (best:  4.5619e-04/ 3.8553e-04)
>> epoch [1890/3000], runtime:  4.71s, train err: 4.5823e-04 (best:  4.5619e-04/ 3.8553e-04)
>> epoch [1891/3000], runtime:  4.16s, train err: 4.5714e-04 (best:  4.5619e-04/ 3.8553e-04)
>> epoch [1892/3000], runtime:  4.74s, train err: 4.5705e-04 (best:  4.5619e-04/ 3.8553e-04)
>> epoch [1893/3000], runtime:  4.87s, train err: 4.5741e-04 (best:  4.5619e-04/ 3.8553e-04)
>> epoch [1894/3000], runtime:  4.86s, train err: 4.5655e-04 (best:  4.5619e-04/ 3.8553e-04)
>> epoch [1895/3000], runtime:  4.88s, train err: 4.5651e-04 (best:  4.5619e-04/ 3.8553e-04)
>> epoch [1896/3000], runtime:  4.07s, train err: 4.6105e-04 (best:  4.5619e-04/ 3.8553e-04)
>> epoch [1897/3000], runtime:  4.74s, train err: 4.5820e-04 (best:  4.5619e-04/ 3.8553e-04)
>> epoch [1898/3000], runtime:  4.17s, train err: 4.5651e-04 (best:  4.5619e-04/ 3.8553e-04)
>> epoch [1899/3000], runtime:  4.47s, train err: 4.5815e-04 (best:  4.5619e-04/ 3.8553e-04)
>> epoch [1900/3000], runtime:  3.80s, train err: 4.5816e-04 (best:  4.5619e-04/ 3.8553e-04)
>> epoch [1901/3000], runtime:  4.12s, train err: 4.5686e-04 (best:  4.5619e-04/ 3.8553e-04)
>> epoch [1902/3000], runtime:  4.06s, train err: 4.5635e-04 (best:  4.5619e-04/ 3.8553e-04)
>> epoch [1903/3000], runtime:  4.43s, train err: 4.5668e-04 (best:  4.5619e-04/ 3.8553e-04)
>> epoch [1904/3000], runtime:  4.55s, train err: 4.5737e-04 (best:  4.5619e-04/ 3.8553e-04)
>> epoch [1905/3000], runtime:  4.30s, train err: 4.5643e-04 (best:  4.5619e-04/ 3.8553e-04)
>> epoch [1906/3000], runtime:  4.12s, train err: 4.5692e-04 (best:  4.5619e-04/ 3.8553e-04)
>> epoch [1907/3000], runtime:  3.91s, train err: 4.5711e-04 (best:  4.5619e-04/ 3.8553e-04)
>> epoch [1908/3000], runtime:  4.19s, train err: 4.5712e-04 (best:  4.5619e-04/ 3.8553e-04)
>> epoch [1909/3000], runtime:  4.69s, train err: 4.5674e-04 (best:  4.5619e-04/ 3.8553e-04)
>> epoch [1910/3000], runtime:  4.07s, train err: 4.5740e-04 (best:  4.5619e-04/ 3.8553e-04)
>> epoch [1911/3000], runtime:  4.83s, train err: 4.5560e-04 (best:  4.5619e-04/ 3.8553e-04)
>> epoch [1912/3000], runtime:  4.09s, train err: 4.5627e-04 (best:  4.5619e-04/ 3.8553e-04)
>> epoch [1913/3000], runtime:  4.07s, train err: 4.5625e-04 (best:  4.5619e-04/ 3.8553e-04)
>> epoch [1914/3000], runtime:  4.78s, train err: 4.5631e-04 (best:  4.5619e-04/ 3.8553e-04)
>> epoch [1915/3000], runtime: 4.86s, train err: 4.5597e-04, valid err: 3.8447e-04 , test err: 4.1789e-04
>> epoch [1916/3000], runtime:  4.10s, train err: 4.5615e-04 (best:  4.5597e-04/ 3.8447e-04)
>> epoch [1917/3000], runtime:  4.84s, train err: 4.5615e-04 (best:  4.5597e-04/ 3.8447e-04)
>> epoch [1918/3000], runtime:  4.84s, train err: 4.5645e-04 (best:  4.5597e-04/ 3.8447e-04)
>> epoch [1919/3000], runtime:  4.14s, train err: 4.5639e-04 (best:  4.5597e-04/ 3.8447e-04)
>> epoch [1920/3000], runtime:  4.83s, train err: 4.5628e-04 (best:  4.5597e-04/ 3.8447e-04)
>> epoch [1921/3000], runtime:  4.89s, train err: 4.5559e-04 (best:  4.5597e-04/ 3.8447e-04)
>> epoch [1922/3000], runtime:  4.83s, train err: 4.5559e-04 (best:  4.5597e-04/ 3.8447e-04)
>> epoch [1923/3000], runtime:  4.21s, train err: 4.5540e-04 (best:  4.5597e-04/ 3.8447e-04)
>> epoch [1924/3000], runtime:  4.78s, train err: 4.5608e-04 (best:  4.5597e-04/ 3.8447e-04)
>> epoch [1925/3000], runtime:  4.86s, train err: 4.5611e-04 (best:  4.5597e-04/ 3.8447e-04)
>> epoch [1926/3000], runtime:  4.20s, train err: 4.5653e-04 (best:  4.5597e-04/ 3.8447e-04)
>> epoch [1927/3000], runtime:  4.77s, train err: 4.5614e-04 (best:  4.5597e-04/ 3.8447e-04)
>> epoch [1928/3000], runtime:  4.23s, train err: 4.5619e-04 (best:  4.5597e-04/ 3.8447e-04)
>> epoch [1929/3000], runtime:  4.65s, train err: 4.5531e-04 (best:  4.5597e-04/ 3.8447e-04)
>> epoch [1930/3000], runtime:  4.87s, train err: 4.5725e-04 (best:  4.5597e-04/ 3.8447e-04)
>> epoch [1931/3000], runtime:  4.20s, train err: 4.5696e-04 (best:  4.5597e-04/ 3.8447e-04)
>> epoch [1932/3000], runtime:  4.69s, train err: 4.5624e-04 (best:  4.5597e-04/ 3.8447e-04)
>> epoch [1933/3000], runtime:  4.86s, train err: 4.5598e-04 (best:  4.5597e-04/ 3.8447e-04)
>> epoch [1934/3000], runtime: 4.87s, train err: 4.5563e-04, valid err: 3.8432e-04 , test err: 4.1734e-04
>> epoch [1935/3000], runtime:  4.29s, train err: 4.5572e-04 (best:  4.5563e-04/ 3.8432e-04)
>> epoch [1936/3000], runtime:  4.49s, train err: 4.5690e-04 (best:  4.5563e-04/ 3.8432e-04)
>> epoch [1937/3000], runtime:  4.88s, train err: 4.5657e-04 (best:  4.5563e-04/ 3.8432e-04)
>> epoch [1938/3000], runtime:  4.87s, train err: 4.5622e-04 (best:  4.5563e-04/ 3.8432e-04)
>> epoch [1939/3000], runtime:  4.10s, train err: 4.5636e-04 (best:  4.5563e-04/ 3.8432e-04)
>> epoch [1940/3000], runtime:  4.23s, train err: 4.5515e-04 (best:  4.5563e-04/ 3.8432e-04)
>> epoch [1941/3000], runtime: 3.53s, train err: 4.5533e-04, valid err: 3.8431e-04 , test err: 4.1877e-04
>> epoch [1942/3000], runtime:  3.53s, train err: 4.5743e-04 (best:  4.5533e-04/ 3.8431e-04)
>> epoch [1943/3000], runtime:  4.62s, train err: 4.5589e-04 (best:  4.5533e-04/ 3.8431e-04)
>> epoch [1944/3000], runtime:  3.45s, train err: 4.5555e-04 (best:  4.5533e-04/ 3.8431e-04)
>> epoch [1945/3000], runtime:  4.66s, train err: 4.5524e-04 (best:  4.5533e-04/ 3.8431e-04)
>> epoch [1946/3000], runtime:  4.63s, train err: 4.5613e-04 (best:  4.5533e-04/ 3.8431e-04)
>> epoch [1947/3000], runtime:  3.52s, train err: 4.5635e-04 (best:  4.5533e-04/ 3.8431e-04)
>> epoch [1948/3000], runtime:  4.53s, train err: 4.5558e-04 (best:  4.5533e-04/ 3.8431e-04)
>> epoch [1949/3000], runtime:  3.71s, train err: 4.5568e-04 (best:  4.5533e-04/ 3.8431e-04)
>> epoch [1950/3000], runtime: 4.69s, train err: 4.5469e-04, valid err: 3.8422e-04 , test err: 4.1796e-04
>> epoch [1951/3000], runtime:  4.61s, train err: 4.5524e-04 (best:  4.5469e-04/ 3.8422e-04)
>> epoch [1952/3000], runtime:  4.25s, train err: 4.5499e-04 (best:  4.5469e-04/ 3.8422e-04)
>> epoch [1953/3000], runtime:  3.87s, train err: 4.5558e-04 (best:  4.5469e-04/ 3.8422e-04)
>> epoch [1954/3000], runtime:  4.21s, train err: 4.5656e-04 (best:  4.5469e-04/ 3.8422e-04)
>> epoch [1955/3000], runtime:  3.81s, train err: 4.5605e-04 (best:  4.5469e-04/ 3.8422e-04)
>> epoch [1956/3000], runtime: 4.65s, train err: 4.5460e-04, valid err: 3.8405e-04 , test err: 4.1728e-04
>> epoch [1957/3000], runtime:  4.61s, train err: 4.5559e-04 (best:  4.5460e-04/ 3.8405e-04)
>> epoch [1958/3000], runtime:  3.88s, train err: 4.5708e-04 (best:  4.5460e-04/ 3.8405e-04)
>> epoch [1959/3000], runtime:  4.25s, train err: 4.5651e-04 (best:  4.5460e-04/ 3.8405e-04)
>> epoch [1960/3000], runtime:  3.74s, train err: 4.5585e-04 (best:  4.5460e-04/ 3.8405e-04)
>> epoch [1961/3000], runtime:  4.57s, train err: 4.5638e-04 (best:  4.5460e-04/ 3.8405e-04)
>> epoch [1962/3000], runtime:  4.13s, train err: 4.5551e-04 (best:  4.5460e-04/ 3.8405e-04)
>> epoch [1963/3000], runtime:  4.67s, train err: 4.5589e-04 (best:  4.5460e-04/ 3.8405e-04)
>> epoch [1964/3000], runtime:  4.22s, train err: 4.5506e-04 (best:  4.5460e-04/ 3.8405e-04)
>> epoch [1965/3000], runtime:  4.08s, train err: 4.5493e-04 (best:  4.5460e-04/ 3.8405e-04)
>> epoch [1966/3000], runtime:  4.18s, train err: 4.5616e-04 (best:  4.5460e-04/ 3.8405e-04)
>> epoch [1967/3000], runtime:  4.44s, train err: 4.5483e-04 (best:  4.5460e-04/ 3.8405e-04)
>> epoch [1968/3000], runtime: 4.45s, train err: 4.5459e-04, valid err: 3.8392e-04 , test err: 4.2002e-04
>> epoch [1969/3000], runtime:  3.97s, train err: 4.5520e-04 (best:  4.5459e-04/ 3.8392e-04)
>> epoch [1970/3000], runtime:  4.68s, train err: 4.5444e-04 (best:  4.5459e-04/ 3.8392e-04)
>> epoch [1971/3000], runtime:  3.93s, train err: 4.5564e-04 (best:  4.5459e-04/ 3.8392e-04)
>> epoch [1972/3000], runtime:  4.69s, train err: 4.5536e-04 (best:  4.5459e-04/ 3.8392e-04)
>> epoch [1973/3000], runtime:  4.20s, train err: 4.5522e-04 (best:  4.5459e-04/ 3.8392e-04)
>> epoch [1974/3000], runtime:  4.79s, train err: 4.5515e-04 (best:  4.5459e-04/ 3.8392e-04)
>> epoch [1975/3000], runtime:  3.54s, train err: 4.5630e-04 (best:  4.5459e-04/ 3.8392e-04)
>> epoch [1976/3000], runtime:  4.61s, train err: 4.5573e-04 (best:  4.5459e-04/ 3.8392e-04)
>> epoch [1977/3000], runtime:  4.13s, train err: 4.5459e-04 (best:  4.5459e-04/ 3.8392e-04)
>> epoch [1978/3000], runtime:  4.87s, train err: 4.5408e-04 (best:  4.5459e-04/ 3.8392e-04)
>> epoch [1979/3000], runtime: 4.58s, train err: 4.5435e-04, valid err: 3.8277e-04 , test err: 4.1777e-04
>> epoch [1980/3000], runtime:  4.65s, train err: 4.5406e-04 (best:  4.5435e-04/ 3.8277e-04)
>> epoch [1981/3000], runtime:  4.53s, train err: 4.5487e-04 (best:  4.5435e-04/ 3.8277e-04)
>> epoch [1982/3000], runtime:  4.26s, train err: 4.5409e-04 (best:  4.5435e-04/ 3.8277e-04)
>> epoch [1983/3000], runtime:  4.14s, train err: 4.5416e-04 (best:  4.5435e-04/ 3.8277e-04)
>> epoch [1984/3000], runtime:  3.60s, train err: 4.5494e-04 (best:  4.5435e-04/ 3.8277e-04)
>> epoch [1985/3000], runtime:  4.62s, train err: 4.5641e-04 (best:  4.5435e-04/ 3.8277e-04)
>> epoch [1986/3000], runtime:  4.11s, train err: 4.5478e-04 (best:  4.5435e-04/ 3.8277e-04)
>> epoch [1987/3000], runtime:  4.87s, train err: 4.5390e-04 (best:  4.5435e-04/ 3.8277e-04)
>> epoch [1988/3000], runtime:  3.54s, train err: 4.5417e-04 (best:  4.5435e-04/ 3.8277e-04)
>> epoch [1989/3000], runtime:  4.87s, train err: 4.5435e-04 (best:  4.5435e-04/ 3.8277e-04)
>> epoch [1990/3000], runtime:  4.79s, train err: 4.5459e-04 (best:  4.5435e-04/ 3.8277e-04)
>> epoch [1991/3000], runtime:  4.18s, train err: 4.5519e-04 (best:  4.5435e-04/ 3.8277e-04)
>> epoch [1992/3000], runtime:  4.79s, train err: 4.5362e-04 (best:  4.5435e-04/ 3.8277e-04)
>> epoch [1993/3000], runtime:  4.87s, train err: 4.5373e-04 (best:  4.5435e-04/ 3.8277e-04)
>> epoch [1994/3000], runtime:  4.68s, train err: 4.5394e-04 (best:  4.5435e-04/ 3.8277e-04)
>> epoch [1995/3000], runtime:  4.11s, train err: 4.5349e-04 (best:  4.5435e-04/ 3.8277e-04)
>> epoch [1996/3000], runtime:  4.61s, train err: 4.5370e-04 (best:  4.5435e-04/ 3.8277e-04)
>> epoch [1997/3000], runtime:  4.87s, train err: 4.5334e-04 (best:  4.5435e-04/ 3.8277e-04)
>> epoch [1998/3000], runtime:  4.38s, train err: 4.5388e-04 (best:  4.5435e-04/ 3.8277e-04)
>> epoch [1999/3000], runtime:  4.13s, train err: 4.5378e-04 (best:  4.5435e-04/ 3.8277e-04)
>> epoch [2000/3000], runtime:  4.10s, train err: 4.5607e-04 (best:  4.5435e-04/ 3.8277e-04)
>> epoch [2001/3000], runtime:  4.71s, train err: 4.5383e-04 (best:  4.5435e-04/ 3.8277e-04)
>> epoch [2002/3000], runtime:  4.17s, train err: 4.5431e-04 (best:  4.5435e-04/ 3.8277e-04)
>> epoch [2003/3000], runtime:  4.10s, train err: 4.5448e-04 (best:  4.5435e-04/ 3.8277e-04)
>> epoch [2004/3000], runtime:  4.77s, train err: 4.5499e-04 (best:  4.5435e-04/ 3.8277e-04)
>> epoch [2005/3000], runtime:  4.88s, train err: 4.5441e-04 (best:  4.5435e-04/ 3.8277e-04)
>> epoch [2006/3000], runtime: 4.81s, train err: 4.5421e-04, valid err: 3.8273e-04 , test err: 4.1759e-04
>> epoch [2007/3000], runtime:  4.80s, train err: 4.5426e-04 (best:  4.5421e-04/ 3.8273e-04)
>> epoch [2008/3000], runtime:  4.07s, train err: 4.5452e-04 (best:  4.5421e-04/ 3.8273e-04)
>> epoch [2009/3000], runtime:  4.70s, train err: 4.5389e-04 (best:  4.5421e-04/ 3.8273e-04)
>> epoch [2010/3000], runtime: 4.83s, train err: 4.5329e-04, valid err: 3.8241e-04 , test err: 4.1717e-04
>> epoch [2011/3000], runtime:  4.11s, train err: 4.5456e-04 (best:  4.5329e-04/ 3.8241e-04)
>> epoch [2012/3000], runtime:  4.80s, train err: 4.5318e-04 (best:  4.5329e-04/ 3.8241e-04)
>> epoch [2013/3000], runtime:  4.84s, train err: 4.5369e-04 (best:  4.5329e-04/ 3.8241e-04)
>> epoch [2014/3000], runtime:  4.07s, train err: 4.5371e-04 (best:  4.5329e-04/ 3.8241e-04)
>> epoch [2015/3000], runtime:  4.70s, train err: 4.5438e-04 (best:  4.5329e-04/ 3.8241e-04)
>> epoch [2016/3000], runtime:  4.26s, train err: 4.5459e-04 (best:  4.5329e-04/ 3.8241e-04)
>> epoch [2017/3000], runtime:  4.60s, train err: 4.5327e-04 (best:  4.5329e-04/ 3.8241e-04)
>> epoch [2018/3000], runtime:  3.92s, train err: 4.5332e-04 (best:  4.5329e-04/ 3.8241e-04)
>> epoch [2019/3000], runtime:  4.27s, train err: 4.5360e-04 (best:  4.5329e-04/ 3.8241e-04)
>> epoch [2020/3000], runtime:  4.86s, train err: 4.5303e-04 (best:  4.5329e-04/ 3.8241e-04)
>> epoch [2021/3000], runtime:  4.32s, train err: 4.5422e-04 (best:  4.5329e-04/ 3.8241e-04)
>> epoch [2022/3000], runtime:  4.44s, train err: 4.5339e-04 (best:  4.5329e-04/ 3.8241e-04)
>> epoch [2023/3000], runtime: 4.53s, train err: 4.5306e-04, valid err: 3.8234e-04 , test err: 4.1564e-04
>> epoch [2024/3000], runtime:  4.88s, train err: 4.5369e-04 (best:  4.5306e-04/ 3.8234e-04)
>> epoch [2025/3000], runtime:  3.89s, train err: 4.5339e-04 (best:  4.5306e-04/ 3.8234e-04)
>> epoch [2026/3000], runtime:  4.25s, train err: 4.5351e-04 (best:  4.5306e-04/ 3.8234e-04)
>> epoch [2027/3000], runtime:  4.86s, train err: 4.5342e-04 (best:  4.5306e-04/ 3.8234e-04)
>> epoch [2028/3000], runtime:  4.87s, train err: 4.5443e-04 (best:  4.5306e-04/ 3.8234e-04)
>> epoch [2029/3000], runtime:  4.83s, train err: 4.5303e-04 (best:  4.5306e-04/ 3.8234e-04)
>> epoch [2030/3000], runtime:  4.61s, train err: 4.5341e-04 (best:  4.5306e-04/ 3.8234e-04)
>> epoch [2031/3000], runtime:  3.86s, train err: 4.5398e-04 (best:  4.5306e-04/ 3.8234e-04)
>> epoch [2032/3000], runtime:  4.37s, train err: 4.5357e-04 (best:  4.5306e-04/ 3.8234e-04)
>> epoch [2033/3000], runtime: 4.07s, train err: 4.5255e-04, valid err: 3.8201e-04 , test err: 4.1583e-04
>> epoch [2034/3000], runtime:  4.14s, train err: 4.5331e-04 (best:  4.5255e-04/ 3.8201e-04)
>> epoch [2035/3000], runtime:  4.48s, train err: 4.5343e-04 (best:  4.5255e-04/ 3.8201e-04)
>> epoch [2036/3000], runtime:  3.71s, train err: 4.5289e-04 (best:  4.5255e-04/ 3.8201e-04)
>> epoch [2037/3000], runtime:  4.70s, train err: 4.5298e-04 (best:  4.5255e-04/ 3.8201e-04)
>> epoch [2038/3000], runtime:  4.20s, train err: 4.5390e-04 (best:  4.5255e-04/ 3.8201e-04)
>> epoch [2039/3000], runtime:  4.67s, train err: 4.5327e-04 (best:  4.5255e-04/ 3.8201e-04)
>> epoch [2040/3000], runtime:  4.32s, train err: 4.5376e-04 (best:  4.5255e-04/ 3.8201e-04)
>> epoch [2041/3000], runtime:  4.49s, train err: 4.5342e-04 (best:  4.5255e-04/ 3.8201e-04)
>> epoch [2042/3000], runtime:  3.90s, train err: 4.5319e-04 (best:  4.5255e-04/ 3.8201e-04)
>> epoch [2043/3000], runtime:  4.62s, train err: 4.5443e-04 (best:  4.5255e-04/ 3.8201e-04)
>> epoch [2044/3000], runtime:  3.82s, train err: 4.5415e-04 (best:  4.5255e-04/ 3.8201e-04)
>> epoch [2045/3000], runtime:  4.44s, train err: 4.5353e-04 (best:  4.5255e-04/ 3.8201e-04)
>> epoch [2046/3000], runtime:  4.20s, train err: 4.5323e-04 (best:  4.5255e-04/ 3.8201e-04)
>> epoch [2047/3000], runtime:  3.95s, train err: 4.5363e-04 (best:  4.5255e-04/ 3.8201e-04)
>> epoch [2048/3000], runtime:  4.83s, train err: 4.5352e-04 (best:  4.5255e-04/ 3.8201e-04)
>> epoch [2049/3000], runtime:  4.88s, train err: 4.5294e-04 (best:  4.5255e-04/ 3.8201e-04)
>> epoch [2050/3000], runtime:  4.06s, train err: 4.5323e-04 (best:  4.5255e-04/ 3.8201e-04)
>> epoch [2051/3000], runtime:  4.14s, train err: 4.5337e-04 (best:  4.5255e-04/ 3.8201e-04)
>> epoch [2052/3000], runtime:  4.79s, train err: 4.5319e-04 (best:  4.5255e-04/ 3.8201e-04)
>> epoch [2053/3000], runtime:  4.12s, train err: 4.5335e-04 (best:  4.5255e-04/ 3.8201e-04)
>> epoch [2054/3000], runtime:  4.79s, train err: 4.5319e-04 (best:  4.5255e-04/ 3.8201e-04)
>> epoch [2055/3000], runtime:  4.11s, train err: 4.5263e-04 (best:  4.5255e-04/ 3.8201e-04)
>> epoch [2056/3000], runtime: 4.88s, train err: 4.5233e-04, valid err: 3.8181e-04 , test err: 4.1541e-04
>> epoch [2057/3000], runtime:  3.47s, train err: 4.5309e-04 (best:  4.5233e-04/ 3.8181e-04)
>> epoch [2058/3000], runtime:  4.67s, train err: 4.5216e-04 (best:  4.5233e-04/ 3.8181e-04)
>> epoch [2059/3000], runtime:  4.67s, train err: 4.5346e-04 (best:  4.5233e-04/ 3.8181e-04)
>> epoch [2060/3000], runtime:  4.35s, train err: 4.5313e-04 (best:  4.5233e-04/ 3.8181e-04)
>> epoch [2061/3000], runtime:  3.77s, train err: 4.5244e-04 (best:  4.5233e-04/ 3.8181e-04)
>> epoch [2062/3000], runtime:  4.39s, train err: 4.5270e-04 (best:  4.5233e-04/ 3.8181e-04)
>> epoch [2063/3000], runtime:  4.78s, train err: 4.5254e-04 (best:  4.5233e-04/ 3.8181e-04)
>> epoch [2064/3000], runtime:  3.72s, train err: 4.5226e-04 (best:  4.5233e-04/ 3.8181e-04)
>> epoch [2065/3000], runtime:  4.15s, train err: 4.5335e-04 (best:  4.5233e-04/ 3.8181e-04)
>> epoch [2066/3000], runtime:  4.62s, train err: 4.5260e-04 (best:  4.5233e-04/ 3.8181e-04)
>> epoch [2067/3000], runtime:  4.25s, train err: 4.5235e-04 (best:  4.5233e-04/ 3.8181e-04)
>> epoch [2068/3000], runtime:  4.61s, train err: 4.5301e-04 (best:  4.5233e-04/ 3.8181e-04)
>> epoch [2069/3000], runtime:  3.93s, train err: 4.5323e-04 (best:  4.5233e-04/ 3.8181e-04)
>> epoch [2070/3000], runtime:  4.54s, train err: 4.5199e-04 (best:  4.5233e-04/ 3.8181e-04)
>> epoch [2071/3000], runtime:  4.63s, train err: 4.5264e-04 (best:  4.5233e-04/ 3.8181e-04)
>> epoch [2072/3000], runtime:  4.38s, train err: 4.5372e-04 (best:  4.5233e-04/ 3.8181e-04)
>> epoch [2073/3000], runtime:  4.88s, train err: 4.5272e-04 (best:  4.5233e-04/ 3.8181e-04)
>> epoch [2074/3000], runtime:  4.35s, train err: 4.5301e-04 (best:  4.5233e-04/ 3.8181e-04)
>> epoch [2075/3000], runtime: 4.56s, train err: 4.5227e-04, valid err: 3.8127e-04 , test err: 4.1481e-04
>> epoch [2076/3000], runtime:  4.14s, train err: 4.5203e-04 (best:  4.5227e-04/ 3.8127e-04)
>> epoch [2077/3000], runtime:  4.22s, train err: 4.5296e-04 (best:  4.5227e-04/ 3.8127e-04)
>> epoch [2078/3000], runtime:  3.79s, train err: 4.5334e-04 (best:  4.5227e-04/ 3.8127e-04)
>> epoch [2079/3000], runtime:  4.32s, train err: 4.5210e-04 (best:  4.5227e-04/ 3.8127e-04)
>> epoch [2080/3000], runtime:  4.27s, train err: 4.5253e-04 (best:  4.5227e-04/ 3.8127e-04)
>> epoch [2081/3000], runtime:  4.24s, train err: 4.5265e-04 (best:  4.5227e-04/ 3.8127e-04)
>> epoch [2082/3000], runtime:  4.49s, train err: 4.5279e-04 (best:  4.5227e-04/ 3.8127e-04)
>> epoch [2083/3000], runtime:  4.87s, train err: 4.5265e-04 (best:  4.5227e-04/ 3.8127e-04)
>> epoch [2084/3000], runtime:  4.15s, train err: 4.5316e-04 (best:  4.5227e-04/ 3.8127e-04)
>> epoch [2085/3000], runtime:  4.74s, train err: 4.5248e-04 (best:  4.5227e-04/ 3.8127e-04)
>> epoch [2086/3000], runtime:  4.37s, train err: 4.5243e-04 (best:  4.5227e-04/ 3.8127e-04)
>> epoch [2087/3000], runtime:  4.62s, train err: 4.5197e-04 (best:  4.5227e-04/ 3.8127e-04)
>> epoch [2088/3000], runtime:  4.86s, train err: 4.5235e-04 (best:  4.5227e-04/ 3.8127e-04)
>> epoch [2089/3000], runtime:  4.26s, train err: 4.5426e-04 (best:  4.5227e-04/ 3.8127e-04)
>> epoch [2090/3000], runtime:  4.63s, train err: 4.5472e-04 (best:  4.5227e-04/ 3.8127e-04)
>> epoch [2091/3000], runtime:  4.18s, train err: 4.5216e-04 (best:  4.5227e-04/ 3.8127e-04)
>> epoch [2092/3000], runtime: 3.91s, train err: 4.5191e-04, valid err: 3.8127e-04 , test err: 4.1498e-04
>> epoch [2093/3000], runtime:  4.20s, train err: 4.5236e-04 (best:  4.5191e-04/ 3.8127e-04)
>> epoch [2094/3000], runtime:  4.80s, train err: 4.5274e-04 (best:  4.5191e-04/ 3.8127e-04)
>> epoch [2095/3000], runtime:  4.36s, train err: 4.5212e-04 (best:  4.5191e-04/ 3.8127e-04)
>> epoch [2096/3000], runtime:  4.53s, train err: 4.5198e-04 (best:  4.5191e-04/ 3.8127e-04)
>> epoch [2097/3000], runtime:  4.11s, train err: 4.5202e-04 (best:  4.5191e-04/ 3.8127e-04)
>> epoch [2098/3000], runtime:  4.82s, train err: 4.5191e-04 (best:  4.5191e-04/ 3.8127e-04)
>> epoch [2099/3000], runtime:  4.14s, train err: 4.5303e-04 (best:  4.5191e-04/ 3.8127e-04)
>> epoch [2100/3000], runtime:  4.73s, train err: 4.5268e-04 (best:  4.5191e-04/ 3.8127e-04)
>> epoch [2101/3000], runtime:  4.17s, train err: 4.5233e-04 (best:  4.5191e-04/ 3.8127e-04)
>> epoch [2102/3000], runtime: 3.98s, train err: 4.5148e-04, valid err: 3.8124e-04 , test err: 4.1474e-04
>> epoch [2103/3000], runtime: 4.88s, train err: 4.5143e-04, valid err: 3.8100e-04 , test err: 4.1419e-04
>> epoch [2104/3000], runtime:  4.81s, train err: 4.5226e-04 (best:  4.5143e-04/ 3.8100e-04)
>> epoch [2105/3000], runtime:  4.87s, train err: 4.5189e-04 (best:  4.5143e-04/ 3.8100e-04)
>> epoch [2106/3000], runtime:  4.36s, train err: 4.5140e-04 (best:  4.5143e-04/ 3.8100e-04)
>> epoch [2107/3000], runtime:  3.59s, train err: 4.5167e-04 (best:  4.5143e-04/ 3.8100e-04)
>> epoch [2108/3000], runtime:  4.59s, train err: 4.5177e-04 (best:  4.5143e-04/ 3.8100e-04)
>> epoch [2109/3000], runtime:  4.25s, train err: 4.5211e-04 (best:  4.5143e-04/ 3.8100e-04)
>> epoch [2110/3000], runtime: 4.71s, train err: 4.5141e-04, valid err: 3.8095e-04 , test err: 4.1413e-04
>> epoch [2111/3000], runtime:  4.06s, train err: 4.5132e-04 (best:  4.5141e-04/ 3.8095e-04)
>> epoch [2112/3000], runtime:  3.68s, train err: 4.5155e-04 (best:  4.5141e-04/ 3.8095e-04)
>> epoch [2113/3000], runtime: 4.46s, train err: 4.5130e-04, valid err: 3.8081e-04 , test err: 4.1620e-04
>> epoch [2114/3000], runtime:  4.55s, train err: 4.5305e-04 (best:  4.5130e-04/ 3.8081e-04)
>> epoch [2115/3000], runtime:  4.25s, train err: 4.5197e-04 (best:  4.5130e-04/ 3.8081e-04)
>> epoch [2116/3000], runtime:  4.57s, train err: 4.5127e-04 (best:  4.5130e-04/ 3.8081e-04)
>> epoch [2117/3000], runtime:  4.47s, train err: 4.5179e-04 (best:  4.5130e-04/ 3.8081e-04)
>> epoch [2118/3000], runtime:  3.52s, train err: 4.5162e-04 (best:  4.5130e-04/ 3.8081e-04)
>> epoch [2119/3000], runtime:  4.57s, train err: 4.5132e-04 (best:  4.5130e-04/ 3.8081e-04)
>> epoch [2120/3000], runtime:  4.35s, train err: 4.5137e-04 (best:  4.5130e-04/ 3.8081e-04)
>> epoch [2121/3000], runtime:  3.64s, train err: 4.5078e-04 (best:  4.5130e-04/ 3.8081e-04)
>> epoch [2122/3000], runtime:  3.82s, train err: 4.5138e-04 (best:  4.5130e-04/ 3.8081e-04)
>> epoch [2123/3000], runtime:  4.41s, train err: 4.5289e-04 (best:  4.5130e-04/ 3.8081e-04)
>> epoch [2124/3000], runtime:  4.88s, train err: 4.5144e-04 (best:  4.5130e-04/ 3.8081e-04)
>> epoch [2125/3000], runtime:  4.74s, train err: 4.5148e-04 (best:  4.5130e-04/ 3.8081e-04)
>> epoch [2126/3000], runtime:  4.15s, train err: 4.5120e-04 (best:  4.5130e-04/ 3.8081e-04)
>> epoch [2127/3000], runtime: 4.43s, train err: 4.5085e-04, valid err: 3.8074e-04 , test err: 4.1557e-04
>> epoch [2128/3000], runtime:  4.32s, train err: 4.5098e-04 (best:  4.5085e-04/ 3.8074e-04)
>> epoch [2129/3000], runtime:  4.86s, train err: 4.5120e-04 (best:  4.5085e-04/ 3.8074e-04)
>> epoch [2130/3000], runtime:  4.88s, train err: 4.5115e-04 (best:  4.5085e-04/ 3.8074e-04)
>> epoch [2131/3000], runtime:  4.11s, train err: 4.5090e-04 (best:  4.5085e-04/ 3.8074e-04)
>> epoch [2132/3000], runtime:  4.79s, train err: 4.5091e-04 (best:  4.5085e-04/ 3.8074e-04)
>> epoch [2133/3000], runtime:  4.85s, train err: 4.5096e-04 (best:  4.5085e-04/ 3.8074e-04)
>> epoch [2134/3000], runtime:  4.88s, train err: 4.5192e-04 (best:  4.5085e-04/ 3.8074e-04)
>> epoch [2135/3000], runtime:  4.86s, train err: 4.5230e-04 (best:  4.5085e-04/ 3.8074e-04)
>> epoch [2136/3000], runtime:  4.14s, train err: 4.5168e-04 (best:  4.5085e-04/ 3.8074e-04)
>> epoch [2137/3000], runtime:  4.78s, train err: 4.5121e-04 (best:  4.5085e-04/ 3.8074e-04)
>> epoch [2138/3000], runtime:  4.88s, train err: 4.5094e-04 (best:  4.5085e-04/ 3.8074e-04)
>> epoch [2139/3000], runtime:  4.88s, train err: 4.5138e-04 (best:  4.5085e-04/ 3.8074e-04)
>> epoch [2140/3000], runtime:  4.86s, train err: 4.5142e-04 (best:  4.5085e-04/ 3.8074e-04)
>> epoch [2141/3000], runtime:  4.41s, train err: 4.5074e-04 (best:  4.5085e-04/ 3.8074e-04)
>> epoch [2142/3000], runtime:  4.15s, train err: 4.5170e-04 (best:  4.5085e-04/ 3.8074e-04)
>> epoch [2143/3000], runtime:  4.29s, train err: 4.5127e-04 (best:  4.5085e-04/ 3.8074e-04)
>> epoch [2144/3000], runtime: 3.91s, train err: 4.5066e-04, valid err: 3.8050e-04 , test err: 4.1424e-04
>> epoch [2145/3000], runtime:  4.73s, train err: 4.5122e-04 (best:  4.5066e-04/ 3.8050e-04)
>> epoch [2146/3000], runtime:  4.24s, train err: 4.5093e-04 (best:  4.5066e-04/ 3.8050e-04)
>> epoch [2147/3000], runtime:  4.87s, train err: 4.5115e-04 (best:  4.5066e-04/ 3.8050e-04)
>> epoch [2148/3000], runtime:  4.61s, train err: 4.5108e-04 (best:  4.5066e-04/ 3.8050e-04)
>> epoch [2149/3000], runtime:  4.27s, train err: 4.5110e-04 (best:  4.5066e-04/ 3.8050e-04)
>> epoch [2150/3000], runtime:  4.86s, train err: 4.5038e-04 (best:  4.5066e-04/ 3.8050e-04)
>> epoch [2151/3000], runtime:  4.87s, train err: 4.5077e-04 (best:  4.5066e-04/ 3.8050e-04)
>> epoch [2152/3000], runtime:  4.58s, train err: 4.5103e-04 (best:  4.5066e-04/ 3.8050e-04)
>> epoch [2153/3000], runtime: 4.02s, train err: 4.5061e-04, valid err: 3.7966e-04 , test err: 4.1414e-04
>> epoch [2154/3000], runtime:  4.32s, train err: 4.5203e-04 (best:  4.5061e-04/ 3.7966e-04)
>> epoch [2155/3000], runtime:  3.91s, train err: 4.5061e-04 (best:  4.5061e-04/ 3.7966e-04)
>> epoch [2156/3000], runtime:  4.42s, train err: 4.5091e-04 (best:  4.5061e-04/ 3.7966e-04)
>> epoch [2157/3000], runtime:  4.50s, train err: 4.5115e-04 (best:  4.5061e-04/ 3.7966e-04)
>> epoch [2158/3000], runtime:  4.38s, train err: 4.5090e-04 (best:  4.5061e-04/ 3.7966e-04)
>> epoch [2159/3000], runtime:  4.59s, train err: 4.5150e-04 (best:  4.5061e-04/ 3.7966e-04)
>> epoch [2160/3000], runtime:  4.25s, train err: 4.5077e-04 (best:  4.5061e-04/ 3.7966e-04)
>> epoch [2161/3000], runtime:  4.62s, train err: 4.5045e-04 (best:  4.5061e-04/ 3.7966e-04)
>> epoch [2162/3000], runtime:  4.27s, train err: 4.5050e-04 (best:  4.5061e-04/ 3.7966e-04)
>> epoch [2163/3000], runtime:  4.83s, train err: 4.5034e-04 (best:  4.5061e-04/ 3.7966e-04)
>> epoch [2164/3000], runtime:  4.87s, train err: 4.5060e-04 (best:  4.5061e-04/ 3.7966e-04)
>> epoch [2165/3000], runtime:  3.76s, train err: 4.5058e-04 (best:  4.5061e-04/ 3.7966e-04)
>> epoch [2166/3000], runtime:  4.83s, train err: 4.5042e-04 (best:  4.5061e-04/ 3.7966e-04)
>> epoch [2167/3000], runtime:  4.83s, train err: 4.5035e-04 (best:  4.5061e-04/ 3.7966e-04)
>> epoch [2168/3000], runtime:  4.65s, train err: 4.5065e-04 (best:  4.5061e-04/ 3.7966e-04)
>> epoch [2169/3000], runtime:  4.24s, train err: 4.5062e-04 (best:  4.5061e-04/ 3.7966e-04)
>> epoch [2170/3000], runtime:  3.92s, train err: 4.5287e-04 (best:  4.5061e-04/ 3.7966e-04)
>> epoch [2171/3000], runtime:  4.31s, train err: 4.5033e-04 (best:  4.5061e-04/ 3.7966e-04)
>> epoch [2172/3000], runtime:  4.22s, train err: 4.5076e-04 (best:  4.5061e-04/ 3.7966e-04)
>> epoch [2173/3000], runtime:  4.50s, train err: 4.5086e-04 (best:  4.5061e-04/ 3.7966e-04)
>> epoch [2174/3000], runtime:  3.74s, train err: 4.5069e-04 (best:  4.5061e-04/ 3.7966e-04)
>> epoch [2175/3000], runtime:  4.87s, train err: 4.5067e-04 (best:  4.5061e-04/ 3.7966e-04)
>> epoch [2176/3000], runtime:  4.29s, train err: 4.5055e-04 (best:  4.5061e-04/ 3.7966e-04)
>> epoch [2177/3000], runtime:  4.87s, train err: 4.5025e-04 (best:  4.5061e-04/ 3.7966e-04)
>> epoch [2178/3000], runtime:  4.52s, train err: 4.5028e-04 (best:  4.5061e-04/ 3.7966e-04)
>> epoch [2179/3000], runtime:  4.71s, train err: 4.5145e-04 (best:  4.5061e-04/ 3.7966e-04)
>> epoch [2180/3000], runtime:  4.17s, train err: 4.5116e-04 (best:  4.5061e-04/ 3.7966e-04)
>> epoch [2181/3000], runtime:  4.81s, train err: 4.5083e-04 (best:  4.5061e-04/ 3.7966e-04)
>> epoch [2182/3000], runtime:  4.08s, train err: 4.5018e-04 (best:  4.5061e-04/ 3.7966e-04)
>> epoch [2183/3000], runtime:  4.86s, train err: 4.4995e-04 (best:  4.5061e-04/ 3.7966e-04)
>> epoch [2184/3000], runtime:  4.14s, train err: 4.5050e-04 (best:  4.5061e-04/ 3.7966e-04)
>> epoch [2185/3000], runtime:  4.11s, train err: 4.5049e-04 (best:  4.5061e-04/ 3.7966e-04)
>> epoch [2186/3000], runtime:  4.24s, train err: 4.5045e-04 (best:  4.5061e-04/ 3.7966e-04)
>> epoch [2187/3000], runtime:  4.58s, train err: 4.5027e-04 (best:  4.5061e-04/ 3.7966e-04)
>> epoch [2188/3000], runtime:  3.60s, train err: 4.5068e-04 (best:  4.5061e-04/ 3.7966e-04)
>> epoch [2189/3000], runtime:  4.59s, train err: 4.5023e-04 (best:  4.5061e-04/ 3.7966e-04)
>> epoch [2190/3000], runtime:  4.51s, train err: 4.5108e-04 (best:  4.5061e-04/ 3.7966e-04)
>> epoch [2191/3000], runtime: 3.53s, train err: 4.5012e-04, valid err: 3.7949e-04 , test err: 4.1412e-04
>> epoch [2192/3000], runtime:  4.23s, train err: 4.5009e-04 (best:  4.5012e-04/ 3.7949e-04)
>> epoch [2193/3000], runtime:  4.68s, train err: 4.5077e-04 (best:  4.5012e-04/ 3.7949e-04)
>> epoch [2194/3000], runtime:  4.85s, train err: 4.5034e-04 (best:  4.5012e-04/ 3.7949e-04)
>> epoch [2195/3000], runtime:  4.85s, train err: 4.4989e-04 (best:  4.5012e-04/ 3.7949e-04)
>> epoch [2196/3000], runtime:  4.76s, train err: 4.5072e-04 (best:  4.5012e-04/ 3.7949e-04)
>> epoch [2197/3000], runtime:  4.11s, train err: 4.5105e-04 (best:  4.5012e-04/ 3.7949e-04)
>> epoch [2198/3000], runtime:  4.87s, train err: 4.4981e-04 (best:  4.5012e-04/ 3.7949e-04)
>> epoch [2199/3000], runtime: 4.89s, train err: 4.4975e-04, valid err: 3.7949e-04 , test err: 4.1368e-04
>> epoch [2200/3000], runtime:  4.12s, train err: 4.4976e-04 (best:  4.4975e-04/ 3.7949e-04)
>> epoch [2201/3000], runtime:  4.48s, train err: 4.5156e-04 (best:  4.4975e-04/ 3.7949e-04)
>> epoch [2202/3000], runtime:  3.76s, train err: 4.5041e-04 (best:  4.4975e-04/ 3.7949e-04)
>> epoch [2203/3000], runtime:  4.21s, train err: 4.5026e-04 (best:  4.4975e-04/ 3.7949e-04)
>> epoch [2204/3000], runtime:  3.91s, train err: 4.5011e-04 (best:  4.4975e-04/ 3.7949e-04)
>> epoch [2205/3000], runtime:  4.85s, train err: 4.5027e-04 (best:  4.4975e-04/ 3.7949e-04)
>> epoch [2206/3000], runtime:  4.87s, train err: 4.5000e-04 (best:  4.4975e-04/ 3.7949e-04)
>> epoch [2207/3000], runtime:  4.66s, train err: 4.4966e-04 (best:  4.4975e-04/ 3.7949e-04)
>> epoch [2208/3000], runtime:  4.43s, train err: 4.5006e-04 (best:  4.4975e-04/ 3.7949e-04)
>> epoch [2209/3000], runtime: 3.66s, train err: 4.4962e-04, valid err: 3.7943e-04 , test err: 4.1320e-04
>> epoch [2210/3000], runtime:  4.29s, train err: 4.4976e-04 (best:  4.4962e-04/ 3.7943e-04)
>> epoch [2211/3000], runtime:  3.88s, train err: 4.4968e-04 (best:  4.4962e-04/ 3.7943e-04)
>> epoch [2212/3000], runtime:  4.28s, train err: 4.4971e-04 (best:  4.4962e-04/ 3.7943e-04)
>> epoch [2213/3000], runtime:  3.72s, train err: 4.5002e-04 (best:  4.4962e-04/ 3.7943e-04)
>> epoch [2214/3000], runtime:  4.50s, train err: 4.5078e-04 (best:  4.4962e-04/ 3.7943e-04)
>> epoch [2215/3000], runtime:  4.79s, train err: 4.5016e-04 (best:  4.4962e-04/ 3.7943e-04)
>> epoch [2216/3000], runtime:  4.87s, train err: 4.4958e-04 (best:  4.4962e-04/ 3.7943e-04)
>> epoch [2217/3000], runtime:  4.44s, train err: 4.5090e-04 (best:  4.4962e-04/ 3.7943e-04)
>> epoch [2218/3000], runtime:  4.54s, train err: 4.5042e-04 (best:  4.4962e-04/ 3.7943e-04)
>> epoch [2219/3000], runtime:  3.49s, train err: 4.4949e-04 (best:  4.4962e-04/ 3.7943e-04)
>> epoch [2220/3000], runtime:  4.86s, train err: 4.4979e-04 (best:  4.4962e-04/ 3.7943e-04)
>> epoch [2221/3000], runtime:  4.88s, train err: 4.5060e-04 (best:  4.4962e-04/ 3.7943e-04)
>> epoch [2222/3000], runtime: 4.10s, train err: 4.4954e-04, valid err: 3.7912e-04 , test err: 4.1317e-04
>> epoch [2223/3000], runtime:  4.15s, train err: 4.4972e-04 (best:  4.4954e-04/ 3.7912e-04)
>> epoch [2224/3000], runtime:  4.84s, train err: 4.4961e-04 (best:  4.4954e-04/ 3.7912e-04)
>> epoch [2225/3000], runtime:  4.12s, train err: 4.5092e-04 (best:  4.4954e-04/ 3.7912e-04)
>> epoch [2226/3000], runtime:  4.78s, train err: 4.4935e-04 (best:  4.4954e-04/ 3.7912e-04)
>> epoch [2227/3000], runtime:  4.12s, train err: 4.5086e-04 (best:  4.4954e-04/ 3.7912e-04)
>> epoch [2228/3000], runtime:  4.79s, train err: 4.5015e-04 (best:  4.4954e-04/ 3.7912e-04)
>> epoch [2229/3000], runtime:  4.19s, train err: 4.5005e-04 (best:  4.4954e-04/ 3.7912e-04)
>> epoch [2230/3000], runtime:  4.26s, train err: 4.5046e-04 (best:  4.4954e-04/ 3.7912e-04)
>> epoch [2231/3000], runtime:  3.83s, train err: 4.4943e-04 (best:  4.4954e-04/ 3.7912e-04)
>> epoch [2232/3000], runtime:  4.01s, train err: 4.4956e-04 (best:  4.4954e-04/ 3.7912e-04)
>> epoch [2233/3000], runtime:  4.07s, train err: 4.4950e-04 (best:  4.4954e-04/ 3.7912e-04)
>> epoch [2234/3000], runtime: 4.57s, train err: 4.4928e-04, valid err: 3.7902e-04 , test err: 4.1327e-04
>> epoch [2235/3000], runtime:  4.56s, train err: 4.4977e-04 (best:  4.4928e-04/ 3.7902e-04)
>> epoch [2236/3000], runtime:  4.36s, train err: 4.4932e-04 (best:  4.4928e-04/ 3.7902e-04)
>> epoch [2237/3000], runtime:  4.43s, train err: 4.4971e-04 (best:  4.4928e-04/ 3.7902e-04)
>> epoch [2238/3000], runtime:  4.51s, train err: 4.4915e-04 (best:  4.4928e-04/ 3.7902e-04)
>> epoch [2239/3000], runtime:  4.54s, train err: 4.4918e-04 (best:  4.4928e-04/ 3.7902e-04)
>> epoch [2240/3000], runtime: 4.87s, train err: 4.4912e-04, valid err: 3.7896e-04 , test err: 4.1269e-04
>> epoch [2241/3000], runtime:  4.32s, train err: 4.4965e-04 (best:  4.4912e-04/ 3.7896e-04)
>> epoch [2242/3000], runtime:  3.73s, train err: 4.5028e-04 (best:  4.4912e-04/ 3.7896e-04)
>> epoch [2243/3000], runtime:  4.41s, train err: 4.5014e-04 (best:  4.4912e-04/ 3.7896e-04)
>> epoch [2244/3000], runtime:  4.37s, train err: 4.5029e-04 (best:  4.4912e-04/ 3.7896e-04)
>> epoch [2245/3000], runtime:  4.64s, train err: 4.5018e-04 (best:  4.4912e-04/ 3.7896e-04)
>> epoch [2246/3000], runtime:  4.25s, train err: 4.4968e-04 (best:  4.4912e-04/ 3.7896e-04)
>> epoch [2247/3000], runtime:  4.64s, train err: 4.4936e-04 (best:  4.4912e-04/ 3.7896e-04)
>> epoch [2248/3000], runtime: 4.14s, train err: 4.4889e-04, valid err: 3.7888e-04 , test err: 4.1296e-04
>> epoch [2249/3000], runtime:  4.12s, train err: 4.4940e-04 (best:  4.4889e-04/ 3.7888e-04)
>> epoch [2250/3000], runtime:  4.84s, train err: 4.4942e-04 (best:  4.4889e-04/ 3.7888e-04)
>> epoch [2251/3000], runtime:  4.03s, train err: 4.4911e-04 (best:  4.4889e-04/ 3.7888e-04)
>> epoch [2252/3000], runtime:  4.87s, train err: 4.4906e-04 (best:  4.4889e-04/ 3.7888e-04)
>> epoch [2253/3000], runtime:  4.78s, train err: 4.4933e-04 (best:  4.4889e-04/ 3.7888e-04)
>> epoch [2254/3000], runtime:  4.20s, train err: 4.4941e-04 (best:  4.4889e-04/ 3.7888e-04)
>> epoch [2255/3000], runtime:  3.88s, train err: 4.4951e-04 (best:  4.4889e-04/ 3.7888e-04)
>> epoch [2256/3000], runtime: 4.28s, train err: 4.4885e-04, valid err: 3.7866e-04 , test err: 4.1270e-04
>> epoch [2257/3000], runtime:  3.64s, train err: 4.4932e-04 (best:  4.4885e-04/ 3.7866e-04)
>> epoch [2258/3000], runtime:  4.53s, train err: 4.4908e-04 (best:  4.4885e-04/ 3.7866e-04)
>> epoch [2259/3000], runtime:  4.35s, train err: 4.4908e-04 (best:  4.4885e-04/ 3.7866e-04)
>> epoch [2260/3000], runtime:  4.87s, train err: 4.4976e-04 (best:  4.4885e-04/ 3.7866e-04)
>> epoch [2261/3000], runtime:  4.84s, train err: 4.4884e-04 (best:  4.4885e-04/ 3.7866e-04)
>> epoch [2262/3000], runtime:  4.84s, train err: 4.4891e-04 (best:  4.4885e-04/ 3.7866e-04)
>> epoch [2263/3000], runtime:  4.03s, train err: 4.4906e-04 (best:  4.4885e-04/ 3.7866e-04)
>> epoch [2264/3000], runtime:  4.86s, train err: 4.4963e-04 (best:  4.4885e-04/ 3.7866e-04)
>> epoch [2265/3000], runtime:  4.73s, train err: 4.5008e-04 (best:  4.4885e-04/ 3.7866e-04)
>> epoch [2266/3000], runtime:  3.92s, train err: 4.4891e-04 (best:  4.4885e-04/ 3.7866e-04)
>> epoch [2267/3000], runtime:  4.36s, train err: 4.4915e-04 (best:  4.4885e-04/ 3.7866e-04)
>> epoch [2268/3000], runtime:  4.85s, train err: 4.4896e-04 (best:  4.4885e-04/ 3.7866e-04)
>> epoch [2269/3000], runtime:  4.87s, train err: 4.4879e-04 (best:  4.4885e-04/ 3.7866e-04)
>> epoch [2270/3000], runtime:  4.87s, train err: 4.4921e-04 (best:  4.4885e-04/ 3.7866e-04)
>> epoch [2271/3000], runtime:  4.64s, train err: 4.4923e-04 (best:  4.4885e-04/ 3.7866e-04)
>> epoch [2272/3000], runtime:  4.23s, train err: 4.4885e-04 (best:  4.4885e-04/ 3.7866e-04)
>> epoch [2273/3000], runtime: 4.23s, train err: 4.4881e-04, valid err: 3.7863e-04 , test err: 4.1255e-04
>> epoch [2274/3000], runtime:  3.49s, train err: 4.4928e-04 (best:  4.4881e-04/ 3.7863e-04)
>> epoch [2275/3000], runtime:  4.86s, train err: 4.4945e-04 (best:  4.4881e-04/ 3.7863e-04)
>> epoch [2276/3000], runtime:  4.45s, train err: 4.4898e-04 (best:  4.4881e-04/ 3.7863e-04)
>> epoch [2277/3000], runtime:  3.87s, train err: 4.4894e-04 (best:  4.4881e-04/ 3.7863e-04)
>> epoch [2278/3000], runtime:  4.10s, train err: 4.4853e-04 (best:  4.4881e-04/ 3.7863e-04)
>> epoch [2279/3000], runtime:  4.51s, train err: 4.4883e-04 (best:  4.4881e-04/ 3.7863e-04)
>> epoch [2280/3000], runtime:  4.45s, train err: 4.4961e-04 (best:  4.4881e-04/ 3.7863e-04)
>> epoch [2281/3000], runtime:  4.04s, train err: 4.4897e-04 (best:  4.4881e-04/ 3.7863e-04)
>> epoch [2282/3000], runtime: 4.14s, train err: 4.4865e-04, valid err: 3.7845e-04 , test err: 4.1224e-04
>> epoch [2283/3000], runtime:  4.22s, train err: 4.5038e-04 (best:  4.4865e-04/ 3.7845e-04)
>> epoch [2284/3000], runtime:  3.91s, train err: 4.4876e-04 (best:  4.4865e-04/ 3.7845e-04)
>> epoch [2285/3000], runtime:  4.12s, train err: 4.4931e-04 (best:  4.4865e-04/ 3.7845e-04)
>> epoch [2286/3000], runtime:  4.59s, train err: 4.4887e-04 (best:  4.4865e-04/ 3.7845e-04)
>> epoch [2287/3000], runtime:  4.27s, train err: 4.4869e-04 (best:  4.4865e-04/ 3.7845e-04)
>> epoch [2288/3000], runtime:  4.01s, train err: 4.4853e-04 (best:  4.4865e-04/ 3.7845e-04)
>> epoch [2289/3000], runtime:  3.50s, train err: 4.4855e-04 (best:  4.4865e-04/ 3.7845e-04)
>> epoch [2290/3000], runtime:  4.87s, train err: 4.4837e-04 (best:  4.4865e-04/ 3.7845e-04)
>> epoch [2291/3000], runtime:  4.74s, train err: 4.4926e-04 (best:  4.4865e-04/ 3.7845e-04)
>> epoch [2292/3000], runtime:  4.05s, train err: 4.4841e-04 (best:  4.4865e-04/ 3.7845e-04)
>> epoch [2293/3000], runtime:  4.90s, train err: 4.4931e-04 (best:  4.4865e-04/ 3.7845e-04)
>> epoch [2294/3000], runtime:  4.14s, train err: 4.4887e-04 (best:  4.4865e-04/ 3.7845e-04)
>> epoch [2295/3000], runtime:  4.78s, train err: 4.4874e-04 (best:  4.4865e-04/ 3.7845e-04)
>> epoch [2296/3000], runtime:  4.09s, train err: 4.4826e-04 (best:  4.4865e-04/ 3.7845e-04)
>> epoch [2297/3000], runtime:  3.86s, train err: 4.4948e-04 (best:  4.4865e-04/ 3.7845e-04)
>> epoch [2298/3000], runtime:  4.28s, train err: 4.4906e-04 (best:  4.4865e-04/ 3.7845e-04)
>> epoch [2299/3000], runtime:  3.73s, train err: 4.4901e-04 (best:  4.4865e-04/ 3.7845e-04)
>> epoch [2300/3000], runtime:  4.32s, train err: 4.4832e-04 (best:  4.4865e-04/ 3.7845e-04)
>> epoch [2301/3000], runtime: 4.88s, train err: 4.4838e-04, valid err: 3.7837e-04 , test err: 4.1279e-04
>> epoch [2302/3000], runtime:  4.45s, train err: 4.4871e-04 (best:  4.4838e-04/ 3.7837e-04)
>> epoch [2303/3000], runtime:  3.71s, train err: 4.4834e-04 (best:  4.4838e-04/ 3.7837e-04)
>> epoch [2304/3000], runtime:  3.81s, train err: 4.4890e-04 (best:  4.4838e-04/ 3.7837e-04)
>> epoch [2305/3000], runtime:  4.59s, train err: 4.4917e-04 (best:  4.4838e-04/ 3.7837e-04)
>> epoch [2306/3000], runtime:  3.89s, train err: 4.4826e-04 (best:  4.4838e-04/ 3.7837e-04)
>> epoch [2307/3000], runtime:  3.94s, train err: 4.4824e-04 (best:  4.4838e-04/ 3.7837e-04)
>> epoch [2308/3000], runtime:  4.28s, train err: 4.4810e-04 (best:  4.4838e-04/ 3.7837e-04)
>> epoch [2309/3000], runtime: 4.36s, train err: 4.4817e-04, valid err: 3.7837e-04 , test err: 4.1255e-04
>> epoch [2310/3000], runtime:  4.63s, train err: 4.4831e-04 (best:  4.4817e-04/ 3.7837e-04)
>> epoch [2311/3000], runtime:  4.12s, train err: 4.4936e-04 (best:  4.4817e-04/ 3.7837e-04)
>> epoch [2312/3000], runtime:  4.28s, train err: 4.4792e-04 (best:  4.4817e-04/ 3.7837e-04)
>> epoch [2313/3000], runtime:  4.37s, train err: 4.4918e-04 (best:  4.4817e-04/ 3.7837e-04)
>> epoch [2314/3000], runtime: 4.71s, train err: 4.4816e-04, valid err: 3.7805e-04 , test err: 4.1199e-04
>> epoch [2315/3000], runtime:  4.22s, train err: 4.4882e-04 (best:  4.4816e-04/ 3.7805e-04)
>> epoch [2316/3000], runtime:  4.29s, train err: 4.4886e-04 (best:  4.4816e-04/ 3.7805e-04)
>> epoch [2317/3000], runtime:  4.57s, train err: 4.4834e-04 (best:  4.4816e-04/ 3.7805e-04)
>> epoch [2318/3000], runtime:  4.34s, train err: 4.4870e-04 (best:  4.4816e-04/ 3.7805e-04)
>> epoch [2319/3000], runtime:  4.83s, train err: 4.4885e-04 (best:  4.4816e-04/ 3.7805e-04)
>> epoch [2320/3000], runtime:  4.47s, train err: 4.4871e-04 (best:  4.4816e-04/ 3.7805e-04)
>> epoch [2321/3000], runtime:  4.10s, train err: 4.4873e-04 (best:  4.4816e-04/ 3.7805e-04)
>> epoch [2322/3000], runtime:  3.99s, train err: 4.4936e-04 (best:  4.4816e-04/ 3.7805e-04)
>> epoch [2323/3000], runtime:  4.01s, train err: 4.4825e-04 (best:  4.4816e-04/ 3.7805e-04)
>> epoch [2324/3000], runtime: 4.01s, train err: 4.4798e-04, valid err: 3.7788e-04 , test err: 4.1252e-04
>> epoch [2325/3000], runtime:  3.99s, train err: 4.4812e-04 (best:  4.4798e-04/ 3.7788e-04)
>> epoch [2326/3000], runtime:  4.09s, train err: 4.4896e-04 (best:  4.4798e-04/ 3.7788e-04)
>> epoch [2327/3000], runtime:  3.92s, train err: 4.4815e-04 (best:  4.4798e-04/ 3.7788e-04)
>> epoch [2328/3000], runtime:  4.12s, train err: 4.4833e-04 (best:  4.4798e-04/ 3.7788e-04)
>> epoch [2329/3000], runtime:  4.09s, train err: 4.4815e-04 (best:  4.4798e-04/ 3.7788e-04)
>> epoch [2330/3000], runtime:  4.03s, train err: 4.4821e-04 (best:  4.4798e-04/ 3.7788e-04)
>> epoch [2331/3000], runtime:  4.02s, train err: 4.4820e-04 (best:  4.4798e-04/ 3.7788e-04)
>> epoch [2332/3000], runtime:  4.00s, train err: 4.4882e-04 (best:  4.4798e-04/ 3.7788e-04)
>> epoch [2333/3000], runtime:  4.29s, train err: 4.4808e-04 (best:  4.4798e-04/ 3.7788e-04)
>> epoch [2334/3000], runtime:  4.56s, train err: 4.4807e-04 (best:  4.4798e-04/ 3.7788e-04)
>> epoch [2335/3000], runtime:  4.24s, train err: 4.4874e-04 (best:  4.4798e-04/ 3.7788e-04)
>> epoch [2336/3000], runtime:  4.25s, train err: 4.4861e-04 (best:  4.4798e-04/ 3.7788e-04)
>> epoch [2337/3000], runtime:  4.87s, train err: 4.4796e-04 (best:  4.4798e-04/ 3.7788e-04)
>> epoch [2338/3000], runtime:  4.43s, train err: 4.4806e-04 (best:  4.4798e-04/ 3.7788e-04)
>> epoch [2339/3000], runtime:  4.38s, train err: 4.4802e-04 (best:  4.4798e-04/ 3.7788e-04)
>> epoch [2340/3000], runtime:  4.50s, train err: 4.4786e-04 (best:  4.4798e-04/ 3.7788e-04)
>> epoch [2341/3000], runtime:  4.56s, train err: 4.4809e-04 (best:  4.4798e-04/ 3.7788e-04)
>> epoch [2342/3000], runtime:  4.31s, train err: 4.4787e-04 (best:  4.4798e-04/ 3.7788e-04)
>> epoch [2343/3000], runtime:  4.32s, train err: 4.4787e-04 (best:  4.4798e-04/ 3.7788e-04)
>> epoch [2344/3000], runtime:  4.33s, train err: 4.4792e-04 (best:  4.4798e-04/ 3.7788e-04)
>> epoch [2345/3000], runtime:  4.11s, train err: 4.4837e-04 (best:  4.4798e-04/ 3.7788e-04)
>> epoch [2346/3000], runtime: 4.66s, train err: 4.4784e-04, valid err: 3.7782e-04 , test err: 4.1154e-04
>> epoch [2347/3000], runtime: 4.31s, train err: 4.4775e-04, valid err: 3.7770e-04 , test err: 4.1179e-04
>> epoch [2348/3000], runtime:  3.74s, train err: 4.4762e-04 (best:  4.4775e-04/ 3.7770e-04)
>> epoch [2349/3000], runtime:  4.28s, train err: 4.4775e-04 (best:  4.4775e-04/ 3.7770e-04)
>> epoch [2350/3000], runtime:  4.25s, train err: 4.4874e-04 (best:  4.4775e-04/ 3.7770e-04)
>> epoch [2351/3000], runtime:  4.65s, train err: 4.4922e-04 (best:  4.4775e-04/ 3.7770e-04)
>> epoch [2352/3000], runtime:  4.45s, train err: 4.4774e-04 (best:  4.4775e-04/ 3.7770e-04)
>> epoch [2353/3000], runtime:  4.87s, train err: 4.4818e-04 (best:  4.4775e-04/ 3.7770e-04)
>> epoch [2354/3000], runtime:  4.36s, train err: 4.4847e-04 (best:  4.4775e-04/ 3.7770e-04)
>> epoch [2355/3000], runtime:  4.53s, train err: 4.4807e-04 (best:  4.4775e-04/ 3.7770e-04)
>> epoch [2356/3000], runtime:  4.34s, train err: 4.4807e-04 (best:  4.4775e-04/ 3.7770e-04)
>> epoch [2357/3000], runtime:  4.68s, train err: 4.4763e-04 (best:  4.4775e-04/ 3.7770e-04)
>> epoch [2358/3000], runtime:  4.49s, train err: 4.4836e-04 (best:  4.4775e-04/ 3.7770e-04)
>> epoch [2359/3000], runtime:  4.33s, train err: 4.4761e-04 (best:  4.4775e-04/ 3.7770e-04)
>> epoch [2360/3000], runtime:  4.30s, train err: 4.4776e-04 (best:  4.4775e-04/ 3.7770e-04)
>> epoch [2361/3000], runtime:  4.61s, train err: 4.4785e-04 (best:  4.4775e-04/ 3.7770e-04)
>> epoch [2362/3000], runtime:  4.83s, train err: 4.4751e-04 (best:  4.4775e-04/ 3.7770e-04)
>> epoch [2363/3000], runtime:  4.66s, train err: 4.4770e-04 (best:  4.4775e-04/ 3.7770e-04)
>> epoch [2364/3000], runtime:  4.01s, train err: 4.4798e-04 (best:  4.4775e-04/ 3.7770e-04)
>> epoch [2365/3000], runtime:  4.18s, train err: 4.4785e-04 (best:  4.4775e-04/ 3.7770e-04)
>> epoch [2366/3000], runtime:  4.86s, train err: 4.4851e-04 (best:  4.4775e-04/ 3.7770e-04)
>> epoch [2367/3000], runtime:  4.50s, train err: 4.4792e-04 (best:  4.4775e-04/ 3.7770e-04)
>> epoch [2368/3000], runtime:  4.47s, train err: 4.4774e-04 (best:  4.4775e-04/ 3.7770e-04)
>> epoch [2369/3000], runtime:  3.94s, train err: 4.4815e-04 (best:  4.4775e-04/ 3.7770e-04)
>> epoch [2370/3000], runtime:  4.18s, train err: 4.4749e-04 (best:  4.4775e-04/ 3.7770e-04)
>> epoch [2371/3000], runtime:  3.83s, train err: 4.4760e-04 (best:  4.4775e-04/ 3.7770e-04)
>> epoch [2372/3000], runtime:  3.86s, train err: 4.4743e-04 (best:  4.4775e-04/ 3.7770e-04)
>> epoch [2373/3000], runtime:  3.87s, train err: 4.4743e-04 (best:  4.4775e-04/ 3.7770e-04)
>> epoch [2374/3000], runtime:  4.31s, train err: 4.4762e-04 (best:  4.4775e-04/ 3.7770e-04)
>> epoch [2375/3000], runtime: 4.47s, train err: 4.4768e-04, valid err: 3.7729e-04 , test err: 4.1109e-04
>> epoch [2376/3000], runtime:  4.10s, train err: 4.4761e-04 (best:  4.4768e-04/ 3.7729e-04)
>> epoch [2377/3000], runtime:  4.58s, train err: 4.4751e-04 (best:  4.4768e-04/ 3.7729e-04)
>> epoch [2378/3000], runtime:  4.03s, train err: 4.4758e-04 (best:  4.4768e-04/ 3.7729e-04)
>> epoch [2379/3000], runtime:  4.35s, train err: 4.4798e-04 (best:  4.4768e-04/ 3.7729e-04)
>> epoch [2380/3000], runtime:  4.41s, train err: 4.4798e-04 (best:  4.4768e-04/ 3.7729e-04)
>> epoch [2381/3000], runtime:  4.20s, train err: 4.4795e-04 (best:  4.4768e-04/ 3.7729e-04)
>> epoch [2382/3000], runtime:  3.82s, train err: 4.4735e-04 (best:  4.4768e-04/ 3.7729e-04)
>> epoch [2383/3000], runtime:  4.46s, train err: 4.4752e-04 (best:  4.4768e-04/ 3.7729e-04)
>> epoch [2384/3000], runtime:  4.10s, train err: 4.4775e-04 (best:  4.4768e-04/ 3.7729e-04)
>> epoch [2385/3000], runtime:  4.33s, train err: 4.4756e-04 (best:  4.4768e-04/ 3.7729e-04)
>> epoch [2386/3000], runtime:  4.09s, train err: 4.4794e-04 (best:  4.4768e-04/ 3.7729e-04)
>> epoch [2387/3000], runtime:  4.02s, train err: 4.4750e-04 (best:  4.4768e-04/ 3.7729e-04)
>> epoch [2388/3000], runtime:  4.80s, train err: 4.4745e-04 (best:  4.4768e-04/ 3.7729e-04)
>> epoch [2389/3000], runtime:  4.19s, train err: 4.4795e-04 (best:  4.4768e-04/ 3.7729e-04)
>> epoch [2390/3000], runtime:  4.41s, train err: 4.4766e-04 (best:  4.4768e-04/ 3.7729e-04)
>> epoch [2391/3000], runtime: 4.09s, train err: 4.4749e-04, valid err: 3.7726e-04 , test err: 4.1121e-04
>> epoch [2392/3000], runtime:  4.07s, train err: 4.4739e-04 (best:  4.4749e-04/ 3.7726e-04)
>> epoch [2393/3000], runtime:  4.01s, train err: 4.4750e-04 (best:  4.4749e-04/ 3.7726e-04)
>> epoch [2394/3000], runtime:  4.56s, train err: 4.4720e-04 (best:  4.4749e-04/ 3.7726e-04)
>> epoch [2395/3000], runtime:  4.16s, train err: 4.4759e-04 (best:  4.4749e-04/ 3.7726e-04)
>> epoch [2396/3000], runtime:  4.29s, train err: 4.4752e-04 (best:  4.4749e-04/ 3.7726e-04)
>> epoch [2397/3000], runtime:  4.05s, train err: 4.4735e-04 (best:  4.4749e-04/ 3.7726e-04)
>> epoch [2398/3000], runtime:  4.35s, train err: 4.4755e-04 (best:  4.4749e-04/ 3.7726e-04)
>> epoch [2399/3000], runtime:  4.09s, train err: 4.4738e-04 (best:  4.4749e-04/ 3.7726e-04)
>> epoch [2400/3000], runtime:  4.65s, train err: 4.4723e-04 (best:  4.4749e-04/ 3.7726e-04)
>> epoch [2401/3000], runtime:  4.28s, train err: 4.4719e-04 (best:  4.4749e-04/ 3.7726e-04)
>> epoch [2402/3000], runtime: 4.26s, train err: 4.4733e-04, valid err: 3.7723e-04 , test err: 4.1177e-04
>> epoch [2403/3000], runtime:  4.87s, train err: 4.4723e-04 (best:  4.4733e-04/ 3.7723e-04)
>> epoch [2404/3000], runtime:  4.67s, train err: 4.4736e-04 (best:  4.4733e-04/ 3.7723e-04)
>> epoch [2405/3000], runtime:  4.21s, train err: 4.4721e-04 (best:  4.4733e-04/ 3.7723e-04)
>> epoch [2406/3000], runtime:  4.31s, train err: 4.4721e-04 (best:  4.4733e-04/ 3.7723e-04)
>> epoch [2407/3000], runtime:  4.20s, train err: 4.4743e-04 (best:  4.4733e-04/ 3.7723e-04)
>> epoch [2408/3000], runtime:  4.57s, train err: 4.4761e-04 (best:  4.4733e-04/ 3.7723e-04)
>> epoch [2409/3000], runtime:  4.21s, train err: 4.4733e-04 (best:  4.4733e-04/ 3.7723e-04)
>> epoch [2410/3000], runtime:  4.42s, train err: 4.4732e-04 (best:  4.4733e-04/ 3.7723e-04)
>> epoch [2411/3000], runtime:  4.38s, train err: 4.4714e-04 (best:  4.4733e-04/ 3.7723e-04)
>> epoch [2412/3000], runtime:  4.40s, train err: 4.4780e-04 (best:  4.4733e-04/ 3.7723e-04)
>> epoch [2413/3000], runtime:  4.87s, train err: 4.4722e-04 (best:  4.4733e-04/ 3.7723e-04)
>> epoch [2414/3000], runtime:  4.58s, train err: 4.4747e-04 (best:  4.4733e-04/ 3.7723e-04)
>> epoch [2415/3000], runtime:  4.40s, train err: 4.4708e-04 (best:  4.4733e-04/ 3.7723e-04)
>> epoch [2416/3000], runtime:  4.84s, train err: 4.4721e-04 (best:  4.4733e-04/ 3.7723e-04)
>> epoch [2417/3000], runtime: 4.87s, train err: 4.4728e-04, valid err: 3.7719e-04 , test err: 4.1120e-04
>> epoch [2418/3000], runtime:  4.46s, train err: 4.4738e-04 (best:  4.4728e-04/ 3.7719e-04)
>> epoch [2419/3000], runtime:  4.81s, train err: 4.4700e-04 (best:  4.4728e-04/ 3.7719e-04)
>> epoch [2420/3000], runtime:  4.87s, train err: 4.4721e-04 (best:  4.4728e-04/ 3.7719e-04)
>> epoch [2421/3000], runtime: 4.61s, train err: 4.4691e-04, valid err: 3.7710e-04 , test err: 4.1123e-04
>> epoch [2422/3000], runtime:  4.29s, train err: 4.4774e-04 (best:  4.4691e-04/ 3.7710e-04)
>> epoch [2423/3000], runtime:  4.42s, train err: 4.4734e-04 (best:  4.4691e-04/ 3.7710e-04)
>> epoch [2424/3000], runtime:  4.35s, train err: 4.4710e-04 (best:  4.4691e-04/ 3.7710e-04)
>> epoch [2425/3000], runtime:  4.51s, train err: 4.4700e-04 (best:  4.4691e-04/ 3.7710e-04)
>> epoch [2426/3000], runtime:  4.36s, train err: 4.4684e-04 (best:  4.4691e-04/ 3.7710e-04)
>> epoch [2427/3000], runtime:  4.35s, train err: 4.4689e-04 (best:  4.4691e-04/ 3.7710e-04)
>> epoch [2428/3000], runtime:  4.35s, train err: 4.4723e-04 (best:  4.4691e-04/ 3.7710e-04)
>> epoch [2429/3000], runtime:  4.43s, train err: 4.4716e-04 (best:  4.4691e-04/ 3.7710e-04)
>> epoch [2430/3000], runtime:  4.47s, train err: 4.4687e-04 (best:  4.4691e-04/ 3.7710e-04)
>> epoch [2431/3000], runtime:  4.46s, train err: 4.4716e-04 (best:  4.4691e-04/ 3.7710e-04)
>> epoch [2432/3000], runtime:  4.44s, train err: 4.4690e-04 (best:  4.4691e-04/ 3.7710e-04)
>> epoch [2433/3000], runtime:  3.92s, train err: 4.4759e-04 (best:  4.4691e-04/ 3.7710e-04)
>> epoch [2434/3000], runtime:  4.18s, train err: 4.4694e-04 (best:  4.4691e-04/ 3.7710e-04)
>> epoch [2435/3000], runtime:  3.92s, train err: 4.4702e-04 (best:  4.4691e-04/ 3.7710e-04)
>> epoch [2436/3000], runtime: 4.53s, train err: 4.4661e-04, valid err: 3.7702e-04 , test err: 4.1140e-04
>> epoch [2437/3000], runtime:  4.44s, train err: 4.4742e-04 (best:  4.4661e-04/ 3.7702e-04)
>> epoch [2438/3000], runtime:  4.35s, train err: 4.4669e-04 (best:  4.4661e-04/ 3.7702e-04)
>> epoch [2439/3000], runtime:  4.20s, train err: 4.4687e-04 (best:  4.4661e-04/ 3.7702e-04)
>> epoch [2440/3000], runtime:  3.87s, train err: 4.4734e-04 (best:  4.4661e-04/ 3.7702e-04)
>> epoch [2441/3000], runtime:  4.73s, train err: 4.4700e-04 (best:  4.4661e-04/ 3.7702e-04)
>> epoch [2442/3000], runtime:  4.30s, train err: 4.4696e-04 (best:  4.4661e-04/ 3.7702e-04)
>> epoch [2443/3000], runtime:  3.94s, train err: 4.4663e-04 (best:  4.4661e-04/ 3.7702e-04)
>> epoch [2444/3000], runtime:  4.75s, train err: 4.4677e-04 (best:  4.4661e-04/ 3.7702e-04)
>> epoch [2445/3000], runtime:  4.89s, train err: 4.4685e-04 (best:  4.4661e-04/ 3.7702e-04)
>> epoch [2446/3000], runtime:  4.10s, train err: 4.4666e-04 (best:  4.4661e-04/ 3.7702e-04)
>> epoch [2447/3000], runtime:  4.89s, train err: 4.4670e-04 (best:  4.4661e-04/ 3.7702e-04)
>> epoch [2448/3000], runtime:  4.89s, train err: 4.4719e-04 (best:  4.4661e-04/ 3.7702e-04)
>> epoch [2449/3000], runtime:  4.10s, train err: 4.4677e-04 (best:  4.4661e-04/ 3.7702e-04)
>> epoch [2450/3000], runtime:  4.80s, train err: 4.4697e-04 (best:  4.4661e-04/ 3.7702e-04)
>> epoch [2451/3000], runtime:  4.03s, train err: 4.4671e-04 (best:  4.4661e-04/ 3.7702e-04)
>> epoch [2452/3000], runtime:  4.15s, train err: 4.4666e-04 (best:  4.4661e-04/ 3.7702e-04)
>> epoch [2453/3000], runtime:  4.09s, train err: 4.4777e-04 (best:  4.4661e-04/ 3.7702e-04)
>> epoch [2454/3000], runtime:  4.49s, train err: 4.4749e-04 (best:  4.4661e-04/ 3.7702e-04)
>> epoch [2455/3000], runtime:  3.72s, train err: 4.4681e-04 (best:  4.4661e-04/ 3.7702e-04)
>> epoch [2456/3000], runtime:  4.56s, train err: 4.4768e-04 (best:  4.4661e-04/ 3.7702e-04)
>> epoch [2457/3000], runtime:  4.14s, train err: 4.4730e-04 (best:  4.4661e-04/ 3.7702e-04)
>> epoch [2458/3000], runtime:  3.87s, train err: 4.4681e-04 (best:  4.4661e-04/ 3.7702e-04)
>> epoch [2459/3000], runtime:  4.54s, train err: 4.4665e-04 (best:  4.4661e-04/ 3.7702e-04)
>> epoch [2460/3000], runtime:  3.95s, train err: 4.4685e-04 (best:  4.4661e-04/ 3.7702e-04)
>> epoch [2461/3000], runtime:  4.25s, train err: 4.4676e-04 (best:  4.4661e-04/ 3.7702e-04)
>> epoch [2462/3000], runtime:  4.32s, train err: 4.4690e-04 (best:  4.4661e-04/ 3.7702e-04)
>> epoch [2463/3000], runtime:  3.93s, train err: 4.4687e-04 (best:  4.4661e-04/ 3.7702e-04)
>> epoch [2464/3000], runtime:  4.76s, train err: 4.4682e-04 (best:  4.4661e-04/ 3.7702e-04)
>> epoch [2465/3000], runtime:  3.54s, train err: 4.4667e-04 (best:  4.4661e-04/ 3.7702e-04)
>> epoch [2466/3000], runtime: 4.72s, train err: 4.4647e-04, valid err: 3.7702e-04 , test err: 4.1108e-04
>> epoch [2467/3000], runtime: 4.86s, train err: 4.4644e-04, valid err: 3.7683e-04 , test err: 4.1058e-04
>> epoch [2468/3000], runtime:  4.87s, train err: 4.4661e-04 (best:  4.4644e-04/ 3.7683e-04)
>> epoch [2469/3000], runtime:  4.09s, train err: 4.4644e-04 (best:  4.4644e-04/ 3.7683e-04)
>> epoch [2470/3000], runtime:  4.11s, train err: 4.4678e-04 (best:  4.4644e-04/ 3.7683e-04)
>> epoch [2471/3000], runtime:  4.88s, train err: 4.4655e-04 (best:  4.4644e-04/ 3.7683e-04)
>> epoch [2472/3000], runtime: 4.87s, train err: 4.4638e-04, valid err: 3.7669e-04 , test err: 4.1111e-04
>> epoch [2473/3000], runtime:  4.82s, train err: 4.4642e-04 (best:  4.4638e-04/ 3.7669e-04)
>> epoch [2474/3000], runtime:  4.88s, train err: 4.4677e-04 (best:  4.4638e-04/ 3.7669e-04)
>> epoch [2475/3000], runtime:  4.10s, train err: 4.4655e-04 (best:  4.4638e-04/ 3.7669e-04)
>> epoch [2476/3000], runtime:  4.76s, train err: 4.4664e-04 (best:  4.4638e-04/ 3.7669e-04)
>> epoch [2477/3000], runtime:  3.89s, train err: 4.4636e-04 (best:  4.4638e-04/ 3.7669e-04)
>> epoch [2478/3000], runtime:  4.53s, train err: 4.4687e-04 (best:  4.4638e-04/ 3.7669e-04)
>> epoch [2479/3000], runtime:  3.71s, train err: 4.4700e-04 (best:  4.4638e-04/ 3.7669e-04)
>> epoch [2480/3000], runtime:  4.87s, train err: 4.4636e-04 (best:  4.4638e-04/ 3.7669e-04)
>> epoch [2481/3000], runtime:  4.21s, train err: 4.4670e-04 (best:  4.4638e-04/ 3.7669e-04)
>> epoch [2482/3000], runtime:  4.67s, train err: 4.4669e-04 (best:  4.4638e-04/ 3.7669e-04)
>> epoch [2483/3000], runtime:  4.31s, train err: 4.4647e-04 (best:  4.4638e-04/ 3.7669e-04)
>> epoch [2484/3000], runtime:  4.50s, train err: 4.4711e-04 (best:  4.4638e-04/ 3.7669e-04)
>> epoch [2485/3000], runtime:  4.43s, train err: 4.4681e-04 (best:  4.4638e-04/ 3.7669e-04)
>> epoch [2486/3000], runtime: 4.61s, train err: 4.4624e-04, valid err: 3.7659e-04 , test err: 4.1068e-04
>> epoch [2487/3000], runtime:  4.21s, train err: 4.4645e-04 (best:  4.4624e-04/ 3.7659e-04)
>> epoch [2488/3000], runtime:  3.79s, train err: 4.4623e-04 (best:  4.4624e-04/ 3.7659e-04)
>> epoch [2489/3000], runtime:  4.35s, train err: 4.4647e-04 (best:  4.4624e-04/ 3.7659e-04)
>> epoch [2490/3000], runtime:  4.42s, train err: 4.4627e-04 (best:  4.4624e-04/ 3.7659e-04)
>> epoch [2491/3000], runtime:  4.20s, train err: 4.4638e-04 (best:  4.4624e-04/ 3.7659e-04)
>> epoch [2492/3000], runtime:  3.82s, train err: 4.4627e-04 (best:  4.4624e-04/ 3.7659e-04)
>> epoch [2493/3000], runtime:  4.19s, train err: 4.4620e-04 (best:  4.4624e-04/ 3.7659e-04)
>> epoch [2494/3000], runtime:  4.18s, train err: 4.4631e-04 (best:  4.4624e-04/ 3.7659e-04)
>> epoch [2495/3000], runtime:  4.53s, train err: 4.4655e-04 (best:  4.4624e-04/ 3.7659e-04)
>> epoch [2496/3000], runtime:  4.16s, train err: 4.4647e-04 (best:  4.4624e-04/ 3.7659e-04)
>> epoch [2497/3000], runtime:  4.80s, train err: 4.4669e-04 (best:  4.4624e-04/ 3.7659e-04)
>> epoch [2498/3000], runtime:  4.28s, train err: 4.4623e-04 (best:  4.4624e-04/ 3.7659e-04)
>> epoch [2499/3000], runtime:  4.77s, train err: 4.4642e-04 (best:  4.4624e-04/ 3.7659e-04)
>> epoch [2500/3000], runtime:  4.87s, train err: 4.4618e-04 (best:  4.4624e-04/ 3.7659e-04)
>> epoch [2501/3000], runtime:  4.60s, train err: 4.4633e-04 (best:  4.4624e-04/ 3.7659e-04)
>> epoch [2502/3000], runtime:  4.26s, train err: 4.4633e-04 (best:  4.4624e-04/ 3.7659e-04)
>> epoch [2503/3000], runtime: 4.61s, train err: 4.4620e-04, valid err: 3.7644e-04 , test err: 4.1047e-04
>> epoch [2504/3000], runtime:  3.88s, train err: 4.4660e-04 (best:  4.4620e-04/ 3.7644e-04)
>> epoch [2505/3000], runtime:  4.40s, train err: 4.4657e-04 (best:  4.4620e-04/ 3.7644e-04)
>> epoch [2506/3000], runtime:  4.82s, train err: 4.4626e-04 (best:  4.4620e-04/ 3.7644e-04)
>> epoch [2507/3000], runtime:  4.83s, train err: 4.4624e-04 (best:  4.4620e-04/ 3.7644e-04)
>> epoch [2508/3000], runtime:  4.18s, train err: 4.4611e-04 (best:  4.4620e-04/ 3.7644e-04)
>> epoch [2509/3000], runtime:  4.87s, train err: 4.4630e-04 (best:  4.4620e-04/ 3.7644e-04)
>> epoch [2510/3000], runtime: 4.77s, train err: 4.4614e-04, valid err: 3.7632e-04 , test err: 4.1045e-04
>> epoch [2511/3000], runtime:  4.70s, train err: 4.4609e-04 (best:  4.4614e-04/ 3.7632e-04)
>> epoch [2512/3000], runtime:  4.69s, train err: 4.4626e-04 (best:  4.4614e-04/ 3.7632e-04)
>> epoch [2513/3000], runtime:  4.79s, train err: 4.4615e-04 (best:  4.4614e-04/ 3.7632e-04)
>> epoch [2514/3000], runtime:  4.17s, train err: 4.4629e-04 (best:  4.4614e-04/ 3.7632e-04)
>> epoch [2515/3000], runtime:  4.60s, train err: 4.4667e-04 (best:  4.4614e-04/ 3.7632e-04)
>> epoch [2516/3000], runtime:  3.55s, train err: 4.4593e-04 (best:  4.4614e-04/ 3.7632e-04)
>> epoch [2517/3000], runtime:  4.01s, train err: 4.4630e-04 (best:  4.4614e-04/ 3.7632e-04)
>> epoch [2518/3000], runtime:  4.82s, train err: 4.4650e-04 (best:  4.4614e-04/ 3.7632e-04)
>> epoch [2519/3000], runtime:  4.19s, train err: 4.4648e-04 (best:  4.4614e-04/ 3.7632e-04)
>> epoch [2520/3000], runtime:  4.66s, train err: 4.4620e-04 (best:  4.4614e-04/ 3.7632e-04)
>> epoch [2521/3000], runtime:  4.05s, train err: 4.4607e-04 (best:  4.4614e-04/ 3.7632e-04)
>> epoch [2522/3000], runtime:  4.51s, train err: 4.4640e-04 (best:  4.4614e-04/ 3.7632e-04)
>> epoch [2523/3000], runtime:  3.75s, train err: 4.4639e-04 (best:  4.4614e-04/ 3.7632e-04)
>> epoch [2524/3000], runtime:  4.31s, train err: 4.4585e-04 (best:  4.4614e-04/ 3.7632e-04)
>> epoch [2525/3000], runtime:  4.58s, train err: 4.4628e-04 (best:  4.4614e-04/ 3.7632e-04)
>> epoch [2526/3000], runtime:  4.40s, train err: 4.4603e-04 (best:  4.4614e-04/ 3.7632e-04)
>> epoch [2527/3000], runtime:  4.22s, train err: 4.4589e-04 (best:  4.4614e-04/ 3.7632e-04)
>> epoch [2528/3000], runtime:  3.77s, train err: 4.4593e-04 (best:  4.4614e-04/ 3.7632e-04)
>> epoch [2529/3000], runtime:  4.32s, train err: 4.4587e-04 (best:  4.4614e-04/ 3.7632e-04)
>> epoch [2530/3000], runtime:  4.23s, train err: 4.4610e-04 (best:  4.4614e-04/ 3.7632e-04)
>> epoch [2531/3000], runtime:  4.65s, train err: 4.4615e-04 (best:  4.4614e-04/ 3.7632e-04)
>> epoch [2532/3000], runtime:  3.61s, train err: 4.4630e-04 (best:  4.4614e-04/ 3.7632e-04)
>> epoch [2533/3000], runtime:  4.50s, train err: 4.4728e-04 (best:  4.4614e-04/ 3.7632e-04)
>> epoch [2534/3000], runtime:  4.21s, train err: 4.4626e-04 (best:  4.4614e-04/ 3.7632e-04)
>> epoch [2535/3000], runtime:  4.30s, train err: 4.4617e-04 (best:  4.4614e-04/ 3.7632e-04)
>> epoch [2536/3000], runtime:  4.87s, train err: 4.4658e-04 (best:  4.4614e-04/ 3.7632e-04)
>> epoch [2537/3000], runtime:  4.12s, train err: 4.4599e-04 (best:  4.4614e-04/ 3.7632e-04)
>> epoch [2538/3000], runtime:  4.45s, train err: 4.4619e-04 (best:  4.4614e-04/ 3.7632e-04)
>> epoch [2539/3000], runtime:  4.23s, train err: 4.4593e-04 (best:  4.4614e-04/ 3.7632e-04)
>> epoch [2540/3000], runtime: 4.43s, train err: 4.4600e-04, valid err: 3.7618e-04 , test err: 4.0997e-04
>> epoch [2541/3000], runtime:  4.51s, train err: 4.4600e-04 (best:  4.4600e-04/ 3.7618e-04)
>> epoch [2542/3000], runtime:  4.85s, train err: 4.4576e-04 (best:  4.4600e-04/ 3.7618e-04)
>> epoch [2543/3000], runtime:  4.33s, train err: 4.4598e-04 (best:  4.4600e-04/ 3.7618e-04)
>> epoch [2544/3000], runtime:  4.42s, train err: 4.4583e-04 (best:  4.4600e-04/ 3.7618e-04)
>> epoch [2545/3000], runtime:  4.32s, train err: 4.4592e-04 (best:  4.4600e-04/ 3.7618e-04)
>> epoch [2546/3000], runtime:  4.82s, train err: 4.4595e-04 (best:  4.4600e-04/ 3.7618e-04)
>> epoch [2547/3000], runtime:  4.37s, train err: 4.4579e-04 (best:  4.4600e-04/ 3.7618e-04)
>> epoch [2548/3000], runtime: 3.82s, train err: 4.4571e-04, valid err: 3.7617e-04 , test err: 4.1035e-04
>> epoch [2549/3000], runtime:  4.58s, train err: 4.4570e-04 (best:  4.4571e-04/ 3.7617e-04)
>> epoch [2550/3000], runtime:  4.52s, train err: 4.4602e-04 (best:  4.4571e-04/ 3.7617e-04)
>> epoch [2551/3000], runtime:  3.65s, train err: 4.4581e-04 (best:  4.4571e-04/ 3.7617e-04)
>> epoch [2552/3000], runtime:  4.46s, train err: 4.4577e-04 (best:  4.4571e-04/ 3.7617e-04)
>> epoch [2553/3000], runtime:  4.46s, train err: 4.4594e-04 (best:  4.4571e-04/ 3.7617e-04)
>> epoch [2554/3000], runtime:  3.59s, train err: 4.4585e-04 (best:  4.4571e-04/ 3.7617e-04)
>> epoch [2555/3000], runtime:  4.61s, train err: 4.4572e-04 (best:  4.4571e-04/ 3.7617e-04)
>> epoch [2556/3000], runtime:  4.25s, train err: 4.4598e-04 (best:  4.4571e-04/ 3.7617e-04)
>> epoch [2557/3000], runtime:  4.75s, train err: 4.4578e-04 (best:  4.4571e-04/ 3.7617e-04)
>> epoch [2558/3000], runtime:  4.77s, train err: 4.4590e-04 (best:  4.4571e-04/ 3.7617e-04)
>> epoch [2559/3000], runtime:  4.14s, train err: 4.4565e-04 (best:  4.4571e-04/ 3.7617e-04)
>> epoch [2560/3000], runtime:  4.15s, train err: 4.4622e-04 (best:  4.4571e-04/ 3.7617e-04)
>> epoch [2561/3000], runtime:  4.84s, train err: 4.4563e-04 (best:  4.4571e-04/ 3.7617e-04)
>> epoch [2562/3000], runtime:  4.84s, train err: 4.4584e-04 (best:  4.4571e-04/ 3.7617e-04)
>> epoch [2563/3000], runtime:  4.88s, train err: 4.4564e-04 (best:  4.4571e-04/ 3.7617e-04)
>> epoch [2564/3000], runtime:  4.18s, train err: 4.4621e-04 (best:  4.4571e-04/ 3.7617e-04)
>> epoch [2565/3000], runtime:  4.75s, train err: 4.4713e-04 (best:  4.4571e-04/ 3.7617e-04)
>> epoch [2566/3000], runtime:  4.11s, train err: 4.4593e-04 (best:  4.4571e-04/ 3.7617e-04)
>> epoch [2567/3000], runtime:  4.08s, train err: 4.4595e-04 (best:  4.4571e-04/ 3.7617e-04)
>> epoch [2568/3000], runtime:  4.21s, train err: 4.4607e-04 (best:  4.4571e-04/ 3.7617e-04)
>> epoch [2569/3000], runtime:  3.80s, train err: 4.4585e-04 (best:  4.4571e-04/ 3.7617e-04)
>> epoch [2570/3000], runtime:  4.33s, train err: 4.4568e-04 (best:  4.4571e-04/ 3.7617e-04)
>> epoch [2571/3000], runtime:  4.65s, train err: 4.4600e-04 (best:  4.4571e-04/ 3.7617e-04)
>> epoch [2572/3000], runtime:  4.32s, train err: 4.4571e-04 (best:  4.4571e-04/ 3.7617e-04)
>> epoch [2573/3000], runtime:  4.47s, train err: 4.4592e-04 (best:  4.4571e-04/ 3.7617e-04)
>> epoch [2574/3000], runtime:  4.46s, train err: 4.4614e-04 (best:  4.4571e-04/ 3.7617e-04)
>> epoch [2575/3000], runtime: 4.86s, train err: 4.4558e-04, valid err: 3.7604e-04 , test err: 4.1026e-04
>> epoch [2576/3000], runtime:  3.71s, train err: 4.4577e-04 (best:  4.4558e-04/ 3.7604e-04)
>> epoch [2577/3000], runtime:  4.74s, train err: 4.4578e-04 (best:  4.4558e-04/ 3.7604e-04)
>> epoch [2578/3000], runtime:  4.11s, train err: 4.4607e-04 (best:  4.4558e-04/ 3.7604e-04)
>> epoch [2579/3000], runtime:  4.79s, train err: 4.4565e-04 (best:  4.4558e-04/ 3.7604e-04)
>> epoch [2580/3000], runtime:  4.16s, train err: 4.4642e-04 (best:  4.4558e-04/ 3.7604e-04)
>> epoch [2581/3000], runtime:  4.78s, train err: 4.4551e-04 (best:  4.4558e-04/ 3.7604e-04)
>> epoch [2582/3000], runtime:  4.17s, train err: 4.4564e-04 (best:  4.4558e-04/ 3.7604e-04)
>> epoch [2583/3000], runtime:  4.70s, train err: 4.4574e-04 (best:  4.4558e-04/ 3.7604e-04)
>> epoch [2584/3000], runtime:  4.30s, train err: 4.4660e-04 (best:  4.4558e-04/ 3.7604e-04)
>> epoch [2585/3000], runtime: 4.50s, train err: 4.4544e-04, valid err: 3.7592e-04 , test err: 4.1037e-04
>> epoch [2586/3000], runtime:  4.86s, train err: 4.4560e-04 (best:  4.4544e-04/ 3.7592e-04)
>> epoch [2587/3000], runtime:  4.88s, train err: 4.4574e-04 (best:  4.4544e-04/ 3.7592e-04)
>> epoch [2588/3000], runtime:  4.53s, train err: 4.4535e-04 (best:  4.4544e-04/ 3.7592e-04)
>> epoch [2589/3000], runtime:  4.87s, train err: 4.4545e-04 (best:  4.4544e-04/ 3.7592e-04)
>> epoch [2590/3000], runtime:  4.89s, train err: 4.4580e-04 (best:  4.4544e-04/ 3.7592e-04)
>> epoch [2591/3000], runtime:  4.56s, train err: 4.4542e-04 (best:  4.4544e-04/ 3.7592e-04)
>> epoch [2592/3000], runtime:  4.54s, train err: 4.4589e-04 (best:  4.4544e-04/ 3.7592e-04)
>> epoch [2593/3000], runtime:  4.42s, train err: 4.4540e-04 (best:  4.4544e-04/ 3.7592e-04)
>> epoch [2594/3000], runtime:  3.83s, train err: 4.4573e-04 (best:  4.4544e-04/ 3.7592e-04)
>> epoch [2595/3000], runtime:  4.33s, train err: 4.4558e-04 (best:  4.4544e-04/ 3.7592e-04)
>> epoch [2596/3000], runtime:  4.87s, train err: 4.4550e-04 (best:  4.4544e-04/ 3.7592e-04)
>> epoch [2597/3000], runtime:  4.86s, train err: 4.4578e-04 (best:  4.4544e-04/ 3.7592e-04)
>> epoch [2598/3000], runtime:  4.44s, train err: 4.4584e-04 (best:  4.4544e-04/ 3.7592e-04)
>> epoch [2599/3000], runtime:  3.74s, train err: 4.4583e-04 (best:  4.4544e-04/ 3.7592e-04)
>> epoch [2600/3000], runtime:  4.82s, train err: 4.4553e-04 (best:  4.4544e-04/ 3.7592e-04)
>> epoch [2601/3000], runtime:  4.86s, train err: 4.4598e-04 (best:  4.4544e-04/ 3.7592e-04)
>> epoch [2602/3000], runtime:  4.25s, train err: 4.4529e-04 (best:  4.4544e-04/ 3.7592e-04)
>> epoch [2603/3000], runtime: 4.27s, train err: 4.4538e-04, valid err: 3.7582e-04 , test err: 4.1006e-04
>> epoch [2604/3000], runtime:  4.87s, train err: 4.4566e-04 (best:  4.4538e-04/ 3.7582e-04)
>> epoch [2605/3000], runtime:  4.32s, train err: 4.4533e-04 (best:  4.4538e-04/ 3.7582e-04)
>> epoch [2606/3000], runtime:  4.26s, train err: 4.4543e-04 (best:  4.4538e-04/ 3.7582e-04)
>> epoch [2607/3000], runtime:  4.63s, train err: 4.4542e-04 (best:  4.4538e-04/ 3.7582e-04)
>> epoch [2608/3000], runtime:  4.24s, train err: 4.4550e-04 (best:  4.4538e-04/ 3.7582e-04)
>> epoch [2609/3000], runtime:  4.76s, train err: 4.4564e-04 (best:  4.4538e-04/ 3.7582e-04)
>> epoch [2610/3000], runtime:  3.32s, train err: 4.4523e-04 (best:  4.4538e-04/ 3.7582e-04)
>> epoch [2611/3000], runtime:  4.86s, train err: 4.4554e-04 (best:  4.4538e-04/ 3.7582e-04)
>> epoch [2612/3000], runtime:  4.10s, train err: 4.4556e-04 (best:  4.4538e-04/ 3.7582e-04)
>> epoch [2613/3000], runtime: 4.87s, train err: 4.4529e-04, valid err: 3.7564e-04 , test err: 4.0990e-04
>> epoch [2614/3000], runtime:  4.88s, train err: 4.4532e-04 (best:  4.4529e-04/ 3.7564e-04)
>> epoch [2615/3000], runtime:  4.11s, train err: 4.4532e-04 (best:  4.4529e-04/ 3.7564e-04)
>> epoch [2616/3000], runtime:  4.74s, train err: 4.4592e-04 (best:  4.4529e-04/ 3.7564e-04)
>> epoch [2617/3000], runtime:  3.64s, train err: 4.4536e-04 (best:  4.4529e-04/ 3.7564e-04)
>> epoch [2618/3000], runtime:  4.65s, train err: 4.4537e-04 (best:  4.4529e-04/ 3.7564e-04)
>> epoch [2619/3000], runtime:  4.87s, train err: 4.4532e-04 (best:  4.4529e-04/ 3.7564e-04)
>> epoch [2620/3000], runtime:  4.62s, train err: 4.4524e-04 (best:  4.4529e-04/ 3.7564e-04)
>> epoch [2621/3000], runtime:  4.04s, train err: 4.4574e-04 (best:  4.4529e-04/ 3.7564e-04)
>> epoch [2622/3000], runtime:  4.21s, train err: 4.4529e-04 (best:  4.4529e-04/ 3.7564e-04)
>> epoch [2623/3000], runtime:  4.22s, train err: 4.4537e-04 (best:  4.4529e-04/ 3.7564e-04)
>> epoch [2624/3000], runtime:  4.87s, train err: 4.4549e-04 (best:  4.4529e-04/ 3.7564e-04)
>> epoch [2625/3000], runtime:  4.42s, train err: 4.4528e-04 (best:  4.4529e-04/ 3.7564e-04)
>> epoch [2626/3000], runtime:  3.92s, train err: 4.4584e-04 (best:  4.4529e-04/ 3.7564e-04)
>> epoch [2627/3000], runtime:  4.35s, train err: 4.4541e-04 (best:  4.4529e-04/ 3.7564e-04)
>> epoch [2628/3000], runtime:  4.06s, train err: 4.4527e-04 (best:  4.4529e-04/ 3.7564e-04)
>> epoch [2629/3000], runtime:  4.50s, train err: 4.4531e-04 (best:  4.4529e-04/ 3.7564e-04)
>> epoch [2630/3000], runtime:  4.46s, train err: 4.4559e-04 (best:  4.4529e-04/ 3.7564e-04)
>> epoch [2631/3000], runtime:  4.40s, train err: 4.4537e-04 (best:  4.4529e-04/ 3.7564e-04)
>> epoch [2632/3000], runtime:  3.75s, train err: 4.4555e-04 (best:  4.4529e-04/ 3.7564e-04)
>> epoch [2633/3000], runtime:  4.29s, train err: 4.4512e-04 (best:  4.4529e-04/ 3.7564e-04)
>> epoch [2634/3000], runtime:  4.29s, train err: 4.4550e-04 (best:  4.4529e-04/ 3.7564e-04)
>> epoch [2635/3000], runtime:  3.96s, train err: 4.4532e-04 (best:  4.4529e-04/ 3.7564e-04)
>> epoch [2636/3000], runtime:  4.76s, train err: 4.4529e-04 (best:  4.4529e-04/ 3.7564e-04)
>> epoch [2637/3000], runtime:  4.26s, train err: 4.4537e-04 (best:  4.4529e-04/ 3.7564e-04)
>> epoch [2638/3000], runtime:  4.69s, train err: 4.4583e-04 (best:  4.4529e-04/ 3.7564e-04)
>> epoch [2639/3000], runtime:  3.41s, train err: 4.4532e-04 (best:  4.4529e-04/ 3.7564e-04)
>> epoch [2640/3000], runtime:  4.77s, train err: 4.4545e-04 (best:  4.4529e-04/ 3.7564e-04)
>> epoch [2641/3000], runtime:  3.98s, train err: 4.4558e-04 (best:  4.4529e-04/ 3.7564e-04)
>> epoch [2642/3000], runtime:  4.21s, train err: 4.4564e-04 (best:  4.4529e-04/ 3.7564e-04)
>> epoch [2643/3000], runtime:  4.60s, train err: 4.4512e-04 (best:  4.4529e-04/ 3.7564e-04)
>> epoch [2644/3000], runtime:  4.87s, train err: 4.4535e-04 (best:  4.4529e-04/ 3.7564e-04)
>> epoch [2645/3000], runtime:  4.66s, train err: 4.4504e-04 (best:  4.4529e-04/ 3.7564e-04)
>> epoch [2646/3000], runtime: 4.60s, train err: 4.4524e-04, valid err: 3.7553e-04 , test err: 4.0937e-04
>> epoch [2647/3000], runtime:  4.68s, train err: 4.4531e-04 (best:  4.4524e-04/ 3.7553e-04)
>> epoch [2648/3000], runtime:  3.53s, train err: 4.4509e-04 (best:  4.4524e-04/ 3.7553e-04)
>> epoch [2649/3000], runtime:  4.08s, train err: 4.4539e-04 (best:  4.4524e-04/ 3.7553e-04)
>> epoch [2650/3000], runtime: 4.78s, train err: 4.4519e-04, valid err: 3.7545e-04 , test err: 4.0987e-04
>> epoch [2651/3000], runtime:  4.06s, train err: 4.4497e-04 (best:  4.4519e-04/ 3.7545e-04)
>> epoch [2652/3000], runtime:  4.78s, train err: 4.4511e-04 (best:  4.4519e-04/ 3.7545e-04)
>> epoch [2653/3000], runtime:  4.12s, train err: 4.4502e-04 (best:  4.4519e-04/ 3.7545e-04)
>> epoch [2654/3000], runtime:  4.05s, train err: 4.4512e-04 (best:  4.4519e-04/ 3.7545e-04)
>> epoch [2655/3000], runtime:  4.09s, train err: 4.4520e-04 (best:  4.4519e-04/ 3.7545e-04)
>> epoch [2656/3000], runtime:  4.88s, train err: 4.4516e-04 (best:  4.4519e-04/ 3.7545e-04)
>> epoch [2657/3000], runtime:  4.16s, train err: 4.4546e-04 (best:  4.4519e-04/ 3.7545e-04)
>> epoch [2658/3000], runtime:  4.01s, train err: 4.4524e-04 (best:  4.4519e-04/ 3.7545e-04)
>> epoch [2659/3000], runtime:  3.99s, train err: 4.4496e-04 (best:  4.4519e-04/ 3.7545e-04)
>> epoch [2660/3000], runtime:  3.94s, train err: 4.4506e-04 (best:  4.4519e-04/ 3.7545e-04)
>> epoch [2661/3000], runtime:  3.99s, train err: 4.4496e-04 (best:  4.4519e-04/ 3.7545e-04)
>> epoch [2662/3000], runtime:  4.87s, train err: 4.4496e-04 (best:  4.4519e-04/ 3.7545e-04)
>> epoch [2663/3000], runtime:  4.00s, train err: 4.4513e-04 (best:  4.4519e-04/ 3.7545e-04)
>> epoch [2664/3000], runtime:  3.95s, train err: 4.4498e-04 (best:  4.4519e-04/ 3.7545e-04)
>> epoch [2665/3000], runtime:  4.65s, train err: 4.4514e-04 (best:  4.4519e-04/ 3.7545e-04)
>> epoch [2666/3000], runtime:  4.75s, train err: 4.4508e-04 (best:  4.4519e-04/ 3.7545e-04)
>> epoch [2667/3000], runtime:  4.84s, train err: 4.4573e-04 (best:  4.4519e-04/ 3.7545e-04)
>> epoch [2668/3000], runtime:  4.81s, train err: 4.4557e-04 (best:  4.4519e-04/ 3.7545e-04)
>> epoch [2669/3000], runtime:  4.87s, train err: 4.4490e-04 (best:  4.4519e-04/ 3.7545e-04)
>> epoch [2670/3000], runtime: 4.35s, train err: 4.4491e-04, valid err: 3.7544e-04 , test err: 4.0941e-04
>> epoch [2671/3000], runtime:  4.35s, train err: 4.4549e-04 (best:  4.4491e-04/ 3.7544e-04)
>> epoch [2672/3000], runtime:  4.63s, train err: 4.4517e-04 (best:  4.4491e-04/ 3.7544e-04)
>> epoch [2673/3000], runtime:  4.25s, train err: 4.4509e-04 (best:  4.4491e-04/ 3.7544e-04)
>> epoch [2674/3000], runtime:  4.73s, train err: 4.4496e-04 (best:  4.4491e-04/ 3.7544e-04)
>> epoch [2675/3000], runtime:  4.77s, train err: 4.4488e-04 (best:  4.4491e-04/ 3.7544e-04)
>> epoch [2676/3000], runtime:  4.74s, train err: 4.4491e-04 (best:  4.4491e-04/ 3.7544e-04)
>> epoch [2677/3000], runtime:  4.86s, train err: 4.4524e-04 (best:  4.4491e-04/ 3.7544e-04)
>> epoch [2678/3000], runtime:  4.12s, train err: 4.4491e-04 (best:  4.4491e-04/ 3.7544e-04)
>> epoch [2679/3000], runtime:  4.87s, train err: 4.4488e-04 (best:  4.4491e-04/ 3.7544e-04)
>> epoch [2680/3000], runtime:  4.24s, train err: 4.4492e-04 (best:  4.4491e-04/ 3.7544e-04)
>> epoch [2681/3000], runtime: 4.68s, train err: 4.4483e-04, valid err: 3.7541e-04 , test err: 4.0949e-04
>> epoch [2682/3000], runtime:  4.12s, train err: 4.4518e-04 (best:  4.4483e-04/ 3.7541e-04)
>> epoch [2683/3000], runtime:  4.86s, train err: 4.4485e-04 (best:  4.4483e-04/ 3.7541e-04)
>> epoch [2684/3000], runtime:  4.87s, train err: 4.4490e-04 (best:  4.4483e-04/ 3.7541e-04)
>> epoch [2685/3000], runtime:  4.79s, train err: 4.4509e-04 (best:  4.4483e-04/ 3.7541e-04)
>> epoch [2686/3000], runtime:  4.66s, train err: 4.4492e-04 (best:  4.4483e-04/ 3.7541e-04)
>> epoch [2687/3000], runtime:  3.57s, train err: 4.4497e-04 (best:  4.4483e-04/ 3.7541e-04)
>> epoch [2688/3000], runtime: 4.87s, train err: 4.4481e-04, valid err: 3.7541e-04 , test err: 4.0990e-04
>> epoch [2689/3000], runtime:  4.57s, train err: 4.4480e-04 (best:  4.4481e-04/ 3.7541e-04)
>> epoch [2690/3000], runtime:  4.18s, train err: 4.4497e-04 (best:  4.4481e-04/ 3.7541e-04)
>> epoch [2691/3000], runtime:  4.84s, train err: 4.4530e-04 (best:  4.4481e-04/ 3.7541e-04)
>> epoch [2692/3000], runtime:  4.79s, train err: 4.4516e-04 (best:  4.4481e-04/ 3.7541e-04)
>> epoch [2693/3000], runtime:  4.84s, train err: 4.4499e-04 (best:  4.4481e-04/ 3.7541e-04)
>> epoch [2694/3000], runtime:  4.87s, train err: 4.4513e-04 (best:  4.4481e-04/ 3.7541e-04)
>> epoch [2695/3000], runtime:  4.89s, train err: 4.4503e-04 (best:  4.4481e-04/ 3.7541e-04)
>> epoch [2696/3000], runtime: 4.88s, train err: 4.4480e-04, valid err: 3.7536e-04 , test err: 4.0956e-04
>> epoch [2697/3000], runtime:  4.68s, train err: 4.4507e-04 (best:  4.4480e-04/ 3.7536e-04)
>> epoch [2698/3000], runtime:  4.24s, train err: 4.4482e-04 (best:  4.4480e-04/ 3.7536e-04)
>> epoch [2699/3000], runtime:  4.11s, train err: 4.4528e-04 (best:  4.4480e-04/ 3.7536e-04)
>> epoch [2700/3000], runtime:  4.76s, train err: 4.4484e-04 (best:  4.4480e-04/ 3.7536e-04)
>> epoch [2701/3000], runtime:  4.16s, train err: 4.4519e-04 (best:  4.4480e-04/ 3.7536e-04)
>> epoch [2702/3000], runtime:  4.86s, train err: 4.4557e-04 (best:  4.4480e-04/ 3.7536e-04)
>> epoch [2703/3000], runtime:  4.86s, train err: 4.4478e-04 (best:  4.4480e-04/ 3.7536e-04)
>> epoch [2704/3000], runtime:  4.08s, train err: 4.4480e-04 (best:  4.4480e-04/ 3.7536e-04)
>> epoch [2705/3000], runtime:  3.58s, train err: 4.4479e-04 (best:  4.4480e-04/ 3.7536e-04)
>> epoch [2706/3000], runtime:  4.77s, train err: 4.4491e-04 (best:  4.4480e-04/ 3.7536e-04)
>> epoch [2707/3000], runtime:  4.10s, train err: 4.4475e-04 (best:  4.4480e-04/ 3.7536e-04)
>> epoch [2708/3000], runtime: 3.51s, train err: 4.4472e-04, valid err: 3.7534e-04 , test err: 4.0964e-04
>> epoch [2709/3000], runtime:  3.45s, train err: 4.4474e-04 (best:  4.4472e-04/ 3.7534e-04)
>> epoch [2710/3000], runtime: 4.80s, train err: 4.4471e-04, valid err: 3.7528e-04 , test err: 4.0940e-04
>> epoch [2711/3000], runtime:  4.23s, train err: 4.4483e-04 (best:  4.4471e-04/ 3.7528e-04)
>> epoch [2712/3000], runtime:  4.64s, train err: 4.4491e-04 (best:  4.4471e-04/ 3.7528e-04)
>> epoch [2713/3000], runtime:  3.49s, train err: 4.4483e-04 (best:  4.4471e-04/ 3.7528e-04)
>> epoch [2714/3000], runtime:  4.78s, train err: 4.4473e-04 (best:  4.4471e-04/ 3.7528e-04)
>> epoch [2715/3000], runtime:  4.20s, train err: 4.4471e-04 (best:  4.4471e-04/ 3.7528e-04)
>> epoch [2716/3000], runtime:  4.53s, train err: 4.4467e-04 (best:  4.4471e-04/ 3.7528e-04)
>> epoch [2717/3000], runtime:  4.81s, train err: 4.4466e-04 (best:  4.4471e-04/ 3.7528e-04)
>> epoch [2718/3000], runtime:  4.11s, train err: 4.4464e-04 (best:  4.4471e-04/ 3.7528e-04)
>> epoch [2719/3000], runtime:  4.87s, train err: 4.4461e-04 (best:  4.4471e-04/ 3.7528e-04)
>> epoch [2720/3000], runtime:  3.43s, train err: 4.4470e-04 (best:  4.4471e-04/ 3.7528e-04)
>> epoch [2721/3000], runtime:  3.49s, train err: 4.4486e-04 (best:  4.4471e-04/ 3.7528e-04)
>> epoch [2722/3000], runtime:  4.82s, train err: 4.4458e-04 (best:  4.4471e-04/ 3.7528e-04)
>> epoch [2723/3000], runtime:  3.39s, train err: 4.4486e-04 (best:  4.4471e-04/ 3.7528e-04)
>> epoch [2724/3000], runtime:  4.80s, train err: 4.4473e-04 (best:  4.4471e-04/ 3.7528e-04)
>> epoch [2725/3000], runtime: 4.77s, train err: 4.4458e-04, valid err: 3.7513e-04 , test err: 4.0955e-04
>> epoch [2726/3000], runtime:  4.83s, train err: 4.4461e-04 (best:  4.4458e-04/ 3.7513e-04)
>> epoch [2727/3000], runtime:  4.09s, train err: 4.4466e-04 (best:  4.4458e-04/ 3.7513e-04)
>> epoch [2728/3000], runtime:  4.74s, train err: 4.4507e-04 (best:  4.4458e-04/ 3.7513e-04)
>> epoch [2729/3000], runtime:  4.15s, train err: 4.4459e-04 (best:  4.4458e-04/ 3.7513e-04)
>> epoch [2730/3000], runtime:  4.11s, train err: 4.4460e-04 (best:  4.4458e-04/ 3.7513e-04)
>> epoch [2731/3000], runtime:  4.68s, train err: 4.4493e-04 (best:  4.4458e-04/ 3.7513e-04)
>> epoch [2732/3000], runtime:  4.30s, train err: 4.4493e-04 (best:  4.4458e-04/ 3.7513e-04)
>> epoch [2733/3000], runtime:  4.33s, train err: 4.4480e-04 (best:  4.4458e-04/ 3.7513e-04)
>> epoch [2734/3000], runtime:  3.85s, train err: 4.4493e-04 (best:  4.4458e-04/ 3.7513e-04)
>> epoch [2735/3000], runtime:  4.48s, train err: 4.4483e-04 (best:  4.4458e-04/ 3.7513e-04)
>> epoch [2736/3000], runtime:  4.50s, train err: 4.4479e-04 (best:  4.4458e-04/ 3.7513e-04)
>> epoch [2737/3000], runtime:  4.37s, train err: 4.4452e-04 (best:  4.4458e-04/ 3.7513e-04)
>> epoch [2738/3000], runtime:  4.33s, train err: 4.4462e-04 (best:  4.4458e-04/ 3.7513e-04)
>> epoch [2739/3000], runtime:  4.87s, train err: 4.4478e-04 (best:  4.4458e-04/ 3.7513e-04)
>> epoch [2740/3000], runtime:  4.45s, train err: 4.4464e-04 (best:  4.4458e-04/ 3.7513e-04)
>> epoch [2741/3000], runtime:  4.53s, train err: 4.4454e-04 (best:  4.4458e-04/ 3.7513e-04)
>> epoch [2742/3000], runtime:  4.84s, train err: 4.4452e-04 (best:  4.4458e-04/ 3.7513e-04)
>> epoch [2743/3000], runtime:  4.88s, train err: 4.4505e-04 (best:  4.4458e-04/ 3.7513e-04)
>> epoch [2744/3000], runtime:  4.87s, train err: 4.4455e-04 (best:  4.4458e-04/ 3.7513e-04)
>> epoch [2745/3000], runtime:  4.69s, train err: 4.4476e-04 (best:  4.4458e-04/ 3.7513e-04)
>> epoch [2746/3000], runtime:  4.12s, train err: 4.4450e-04 (best:  4.4458e-04/ 3.7513e-04)
>> epoch [2747/3000], runtime:  4.27s, train err: 4.4465e-04 (best:  4.4458e-04/ 3.7513e-04)
>> epoch [2748/3000], runtime:  4.49s, train err: 4.4476e-04 (best:  4.4458e-04/ 3.7513e-04)
>> epoch [2749/3000], runtime:  4.23s, train err: 4.4448e-04 (best:  4.4458e-04/ 3.7513e-04)
>> epoch [2750/3000], runtime:  4.22s, train err: 4.4488e-04 (best:  4.4458e-04/ 3.7513e-04)
>> epoch [2751/3000], runtime:  4.25s, train err: 4.4464e-04 (best:  4.4458e-04/ 3.7513e-04)
>> epoch [2752/3000], runtime:  4.43s, train err: 4.4439e-04 (best:  4.4458e-04/ 3.7513e-04)
>> epoch [2753/3000], runtime:  4.49s, train err: 4.4446e-04 (best:  4.4458e-04/ 3.7513e-04)
>> epoch [2754/3000], runtime: 4.39s, train err: 4.4446e-04, valid err: 3.7511e-04 , test err: 4.0928e-04
>> epoch [2755/3000], runtime:  4.50s, train err: 4.4448e-04 (best:  4.4446e-04/ 3.7511e-04)
>> epoch [2756/3000], runtime:  4.49s, train err: 4.4456e-04 (best:  4.4446e-04/ 3.7511e-04)
>> epoch [2757/3000], runtime:  4.88s, train err: 4.4460e-04 (best:  4.4446e-04/ 3.7511e-04)
>> epoch [2758/3000], runtime:  4.78s, train err: 4.4480e-04 (best:  4.4446e-04/ 3.7511e-04)
>> epoch [2759/3000], runtime:  4.83s, train err: 4.4448e-04 (best:  4.4446e-04/ 3.7511e-04)
>> epoch [2760/3000], runtime:  4.14s, train err: 4.4453e-04 (best:  4.4446e-04/ 3.7511e-04)
>> epoch [2761/3000], runtime:  4.73s, train err: 4.4449e-04 (best:  4.4446e-04/ 3.7511e-04)
>> epoch [2762/3000], runtime:  3.71s, train err: 4.4451e-04 (best:  4.4446e-04/ 3.7511e-04)
>> epoch [2763/3000], runtime:  4.34s, train err: 4.4457e-04 (best:  4.4446e-04/ 3.7511e-04)
>> epoch [2764/3000], runtime:  3.77s, train err: 4.4444e-04 (best:  4.4446e-04/ 3.7511e-04)
>> epoch [2765/3000], runtime:  3.96s, train err: 4.4447e-04 (best:  4.4446e-04/ 3.7511e-04)
>> epoch [2766/3000], runtime:  4.16s, train err: 4.4438e-04 (best:  4.4446e-04/ 3.7511e-04)
>> epoch [2767/3000], runtime:  4.24s, train err: 4.4459e-04 (best:  4.4446e-04/ 3.7511e-04)
>> epoch [2768/3000], runtime: 4.47s, train err: 4.4427e-04, valid err: 3.7501e-04 , test err: 4.0927e-04
>> epoch [2769/3000], runtime:  4.19s, train err: 4.4463e-04 (best:  4.4427e-04/ 3.7501e-04)
>> epoch [2770/3000], runtime:  4.74s, train err: 4.4438e-04 (best:  4.4427e-04/ 3.7501e-04)
>> epoch [2771/3000], runtime:  4.86s, train err: 4.4452e-04 (best:  4.4427e-04/ 3.7501e-04)
>> epoch [2772/3000], runtime:  4.87s, train err: 4.4441e-04 (best:  4.4427e-04/ 3.7501e-04)
>> epoch [2773/3000], runtime:  3.77s, train err: 4.4437e-04 (best:  4.4427e-04/ 3.7501e-04)
>> epoch [2774/3000], runtime:  4.37s, train err: 4.4447e-04 (best:  4.4427e-04/ 3.7501e-04)
>> epoch [2775/3000], runtime:  3.73s, train err: 4.4459e-04 (best:  4.4427e-04/ 3.7501e-04)
>> epoch [2776/3000], runtime:  4.52s, train err: 4.4441e-04 (best:  4.4427e-04/ 3.7501e-04)
>> epoch [2777/3000], runtime:  4.87s, train err: 4.4436e-04 (best:  4.4427e-04/ 3.7501e-04)
>> epoch [2778/3000], runtime:  4.26s, train err: 4.4450e-04 (best:  4.4427e-04/ 3.7501e-04)
>> epoch [2779/3000], runtime:  4.60s, train err: 4.4428e-04 (best:  4.4427e-04/ 3.7501e-04)
>> epoch [2780/3000], runtime:  4.79s, train err: 4.4451e-04 (best:  4.4427e-04/ 3.7501e-04)
>> epoch [2781/3000], runtime:  4.20s, train err: 4.4430e-04 (best:  4.4427e-04/ 3.7501e-04)
>> epoch [2782/3000], runtime:  4.60s, train err: 4.4457e-04 (best:  4.4427e-04/ 3.7501e-04)
>> epoch [2783/3000], runtime:  4.28s, train err: 4.4430e-04 (best:  4.4427e-04/ 3.7501e-04)
>> epoch [2784/3000], runtime:  4.25s, train err: 4.4435e-04 (best:  4.4427e-04/ 3.7501e-04)
>> epoch [2785/3000], runtime:  4.43s, train err: 4.4425e-04 (best:  4.4427e-04/ 3.7501e-04)
>> epoch [2786/3000], runtime:  4.67s, train err: 4.4465e-04 (best:  4.4427e-04/ 3.7501e-04)
>> epoch [2787/3000], runtime:  4.10s, train err: 4.4470e-04 (best:  4.4427e-04/ 3.7501e-04)
>> epoch [2788/3000], runtime:  4.90s, train err: 4.4417e-04 (best:  4.4427e-04/ 3.7501e-04)
>> epoch [2789/3000], runtime:  4.83s, train err: 4.4445e-04 (best:  4.4427e-04/ 3.7501e-04)
>> epoch [2790/3000], runtime:  4.65s, train err: 4.4428e-04 (best:  4.4427e-04/ 3.7501e-04)
>> epoch [2791/3000], runtime:  3.55s, train err: 4.4445e-04 (best:  4.4427e-04/ 3.7501e-04)
>> epoch [2792/3000], runtime: 4.84s, train err: 4.4423e-04, valid err: 3.7494e-04 , test err: 4.0930e-04
>> epoch [2793/3000], runtime:  4.27s, train err: 4.4426e-04 (best:  4.4423e-04/ 3.7494e-04)
>> epoch [2794/3000], runtime:  4.50s, train err: 4.4427e-04 (best:  4.4423e-04/ 3.7494e-04)
>> epoch [2795/3000], runtime:  3.73s, train err: 4.4451e-04 (best:  4.4423e-04/ 3.7494e-04)
>> epoch [2796/3000], runtime:  4.71s, train err: 4.4435e-04 (best:  4.4423e-04/ 3.7494e-04)
>> epoch [2797/3000], runtime:  4.23s, train err: 4.4472e-04 (best:  4.4423e-04/ 3.7494e-04)
>> epoch [2798/3000], runtime: 4.15s, train err: 4.4417e-04, valid err: 3.7488e-04 , test err: 4.0928e-04
>> epoch [2799/3000], runtime:  4.16s, train err: 4.4416e-04 (best:  4.4417e-04/ 3.7488e-04)
>> epoch [2800/3000], runtime:  4.50s, train err: 4.4425e-04 (best:  4.4417e-04/ 3.7488e-04)
>> epoch [2801/3000], runtime:  3.92s, train err: 4.4444e-04 (best:  4.4417e-04/ 3.7488e-04)
>> epoch [2802/3000], runtime:  4.56s, train err: 4.4451e-04 (best:  4.4417e-04/ 3.7488e-04)
>> epoch [2803/3000], runtime:  3.99s, train err: 4.4439e-04 (best:  4.4417e-04/ 3.7488e-04)
>> epoch [2804/3000], runtime:  4.21s, train err: 4.4414e-04 (best:  4.4417e-04/ 3.7488e-04)
>> epoch [2805/3000], runtime:  4.31s, train err: 4.4450e-04 (best:  4.4417e-04/ 3.7488e-04)
>> epoch [2806/3000], runtime:  4.38s, train err: 4.4427e-04 (best:  4.4417e-04/ 3.7488e-04)
>> epoch [2807/3000], runtime:  3.91s, train err: 4.4424e-04 (best:  4.4417e-04/ 3.7488e-04)
>> epoch [2808/3000], runtime: 4.10s, train err: 4.4416e-04, valid err: 3.7480e-04 , test err: 4.0892e-04
>> epoch [2809/3000], runtime:  4.19s, train err: 4.4459e-04 (best:  4.4416e-04/ 3.7480e-04)
>> epoch [2810/3000], runtime:  4.74s, train err: 4.4433e-04 (best:  4.4416e-04/ 3.7480e-04)
>> epoch [2811/3000], runtime:  4.07s, train err: 4.4455e-04 (best:  4.4416e-04/ 3.7480e-04)
>> epoch [2812/3000], runtime:  4.05s, train err: 4.4437e-04 (best:  4.4416e-04/ 3.7480e-04)
>> epoch [2813/3000], runtime:  4.12s, train err: 4.4424e-04 (best:  4.4416e-04/ 3.7480e-04)
>> epoch [2814/3000], runtime:  4.75s, train err: 4.4427e-04 (best:  4.4416e-04/ 3.7480e-04)
>> epoch [2815/3000], runtime:  4.22s, train err: 4.4426e-04 (best:  4.4416e-04/ 3.7480e-04)
>> epoch [2816/3000], runtime:  4.58s, train err: 4.4421e-04 (best:  4.4416e-04/ 3.7480e-04)
>> epoch [2817/3000], runtime:  4.86s, train err: 4.4431e-04 (best:  4.4416e-04/ 3.7480e-04)
>> epoch [2818/3000], runtime:  5.67s, train err: 4.4425e-04 (best:  4.4416e-04/ 3.7480e-04)
>> epoch [2819/3000], runtime:  4.36s, train err: 4.4464e-04 (best:  4.4416e-04/ 3.7480e-04)
>> epoch [2820/3000], runtime:  6.58s, train err: 4.4421e-04 (best:  4.4416e-04/ 3.7480e-04)
>> epoch [2821/3000], runtime:  5.57s, train err: 4.4422e-04 (best:  4.4416e-04/ 3.7480e-04)
>> epoch [2822/3000], runtime:  6.51s, train err: 4.4427e-04 (best:  4.4416e-04/ 3.7480e-04)
>> epoch [2823/3000], runtime:  6.40s, train err: 4.4445e-04 (best:  4.4416e-04/ 3.7480e-04)
>> epoch [2824/3000], runtime:  6.30s, train err: 4.4415e-04 (best:  4.4416e-04/ 3.7480e-04)
>> epoch [2825/3000], runtime:  6.11s, train err: 4.4424e-04 (best:  4.4416e-04/ 3.7480e-04)
>> epoch [2826/3000], runtime:  6.56s, train err: 4.4444e-04 (best:  4.4416e-04/ 3.7480e-04)
>> epoch [2827/3000], runtime:  6.84s, train err: 4.4425e-04 (best:  4.4416e-04/ 3.7480e-04)
>> epoch [2828/3000], runtime: 8.31s, train err: 4.4410e-04, valid err: 3.7474e-04 , test err: 4.0873e-04
>> epoch [2829/3000], runtime:  7.58s, train err: 4.4417e-04 (best:  4.4410e-04/ 3.7474e-04)
>> epoch [2830/3000], runtime:  7.77s, train err: 4.4427e-04 (best:  4.4410e-04/ 3.7474e-04)
>> epoch [2831/3000], runtime:  8.04s, train err: 4.4451e-04 (best:  4.4410e-04/ 3.7474e-04)
>> epoch [2832/3000], runtime:  8.60s, train err: 4.4433e-04 (best:  4.4410e-04/ 3.7474e-04)
>> epoch [2833/3000], runtime:  7.35s, train err: 4.4403e-04 (best:  4.4410e-04/ 3.7474e-04)
>> epoch [2834/3000], runtime:  7.66s, train err: 4.4408e-04 (best:  4.4410e-04/ 3.7474e-04)
>> epoch [2835/3000], runtime:  7.77s, train err: 4.4408e-04 (best:  4.4410e-04/ 3.7474e-04)
>> epoch [2836/3000], runtime:  7.41s, train err: 4.4405e-04 (best:  4.4410e-04/ 3.7474e-04)
>> epoch [2837/3000], runtime:  7.30s, train err: 4.4415e-04 (best:  4.4410e-04/ 3.7474e-04)
>> epoch [2838/3000], runtime:  8.49s, train err: 4.4413e-04 (best:  4.4410e-04/ 3.7474e-04)
>> epoch [2839/3000], runtime:  7.47s, train err: 4.4418e-04 (best:  4.4410e-04/ 3.7474e-04)
>> epoch [2840/3000], runtime:  8.33s, train err: 4.4410e-04 (best:  4.4410e-04/ 3.7474e-04)
>> epoch [2841/3000], runtime:  8.21s, train err: 4.4424e-04 (best:  4.4410e-04/ 3.7474e-04)
>> epoch [2842/3000], runtime:  7.85s, train err: 4.4418e-04 (best:  4.4410e-04/ 3.7474e-04)
>> epoch [2843/3000], runtime:  8.02s, train err: 4.4407e-04 (best:  4.4410e-04/ 3.7474e-04)
>> epoch [2844/3000], runtime:  7.94s, train err: 4.4415e-04 (best:  4.4410e-04/ 3.7474e-04)
>> epoch [2845/3000], runtime:  7.04s, train err: 4.4429e-04 (best:  4.4410e-04/ 3.7474e-04)
>> epoch [2846/3000], runtime:  8.23s, train err: 4.4388e-04 (best:  4.4410e-04/ 3.7474e-04)
>> epoch [2847/3000], runtime:  7.39s, train err: 4.4430e-04 (best:  4.4410e-04/ 3.7474e-04)
>> epoch [2848/3000], runtime: 6.06s, train err: 4.4410e-04, valid err: 3.7474e-04 , test err: 4.0896e-04
>> epoch [2849/3000], runtime: 7.29s, train err: 4.4398e-04, valid err: 3.7472e-04 , test err: 4.0929e-04
>> epoch [2850/3000], runtime:  8.34s, train err: 4.4406e-04 (best:  4.4398e-04/ 3.7472e-04)
>> epoch [2851/3000], runtime:  7.18s, train err: 4.4394e-04 (best:  4.4398e-04/ 3.7472e-04)
>> epoch [2852/3000], runtime:  6.35s, train err: 4.4425e-04 (best:  4.4398e-04/ 3.7472e-04)
>> epoch [2853/3000], runtime:  4.99s, train err: 4.4406e-04 (best:  4.4398e-04/ 3.7472e-04)
>> epoch [2854/3000], runtime:  5.39s, train err: 4.4400e-04 (best:  4.4398e-04/ 3.7472e-04)
>> epoch [2855/3000], runtime:  5.89s, train err: 4.4399e-04 (best:  4.4398e-04/ 3.7472e-04)
>> epoch [2856/3000], runtime:  6.23s, train err: 4.4438e-04 (best:  4.4398e-04/ 3.7472e-04)
>> epoch [2857/3000], runtime:  6.86s, train err: 4.4398e-04 (best:  4.4398e-04/ 3.7472e-04)
>> epoch [2858/3000], runtime:  5.72s, train err: 4.4397e-04 (best:  4.4398e-04/ 3.7472e-04)
>> epoch [2859/3000], runtime:  6.34s, train err: 4.4403e-04 (best:  4.4398e-04/ 3.7472e-04)
>> epoch [2860/3000], runtime:  4.69s, train err: 4.4395e-04 (best:  4.4398e-04/ 3.7472e-04)
>> epoch [2861/3000], runtime:  5.46s, train err: 4.4384e-04 (best:  4.4398e-04/ 3.7472e-04)
>> epoch [2862/3000], runtime: 4.39s, train err: 4.4391e-04, valid err: 3.7469e-04 , test err: 4.0885e-04
>> epoch [2863/3000], runtime:  5.70s, train err: 4.4395e-04 (best:  4.4391e-04/ 3.7469e-04)
>> epoch [2864/3000], runtime:  6.31s, train err: 4.4416e-04 (best:  4.4391e-04/ 3.7469e-04)
>> epoch [2865/3000], runtime:  5.42s, train err: 4.4433e-04 (best:  4.4391e-04/ 3.7469e-04)
>> epoch [2866/3000], runtime:  5.48s, train err: 4.4421e-04 (best:  4.4391e-04/ 3.7469e-04)
>> epoch [2867/3000], runtime:  6.06s, train err: 4.4392e-04 (best:  4.4391e-04/ 3.7469e-04)
>> epoch [2868/3000], runtime:  6.73s, train err: 4.4395e-04 (best:  4.4391e-04/ 3.7469e-04)
>> epoch [2869/3000], runtime:  5.75s, train err: 4.4394e-04 (best:  4.4391e-04/ 3.7469e-04)
>> epoch [2870/3000], runtime:  6.07s, train err: 4.4396e-04 (best:  4.4391e-04/ 3.7469e-04)
>> epoch [2871/3000], runtime: 5.98s, train err: 4.4390e-04, valid err: 3.7464e-04 , test err: 4.0899e-04
>> epoch [2872/3000], runtime:  5.51s, train err: 4.4414e-04 (best:  4.4390e-04/ 3.7464e-04)
>> epoch [2873/3000], runtime:  5.37s, train err: 4.4445e-04 (best:  4.4390e-04/ 3.7464e-04)
>> epoch [2874/3000], runtime:  6.45s, train err: 4.4403e-04 (best:  4.4390e-04/ 3.7464e-04)
>> epoch [2875/3000], runtime:  4.33s, train err: 4.4416e-04 (best:  4.4390e-04/ 3.7464e-04)
>> epoch [2876/3000], runtime:  5.32s, train err: 4.4389e-04 (best:  4.4390e-04/ 3.7464e-04)
>> epoch [2877/3000], runtime:  6.60s, train err: 4.4409e-04 (best:  4.4390e-04/ 3.7464e-04)
>> epoch [2878/3000], runtime:  6.17s, train err: 4.4421e-04 (best:  4.4390e-04/ 3.7464e-04)
>> epoch [2879/3000], runtime:  6.44s, train err: 4.4397e-04 (best:  4.4390e-04/ 3.7464e-04)
>> epoch [2880/3000], runtime:  5.24s, train err: 4.4390e-04 (best:  4.4390e-04/ 3.7464e-04)
>> epoch [2881/3000], runtime: 5.75s, train err: 4.4387e-04, valid err: 3.7461e-04 , test err: 4.0899e-04
>> epoch [2882/3000], runtime:  6.04s, train err: 4.4387e-04 (best:  4.4387e-04/ 3.7461e-04)
>> epoch [2883/3000], runtime:  5.20s, train err: 4.4392e-04 (best:  4.4387e-04/ 3.7461e-04)
>> epoch [2884/3000], runtime:  5.79s, train err: 4.4393e-04 (best:  4.4387e-04/ 3.7461e-04)
>> epoch [2885/3000], runtime:  6.53s, train err: 4.4404e-04 (best:  4.4387e-04/ 3.7461e-04)
>> epoch [2886/3000], runtime:  6.28s, train err: 4.4394e-04 (best:  4.4387e-04/ 3.7461e-04)
>> epoch [2887/3000], runtime:  5.44s, train err: 4.4388e-04 (best:  4.4387e-04/ 3.7461e-04)
>> epoch [2888/3000], runtime: 6.07s, train err: 4.4384e-04, valid err: 3.7457e-04 , test err: 4.0859e-04
>> epoch [2889/3000], runtime:  4.45s, train err: 4.4392e-04 (best:  4.4384e-04/ 3.7457e-04)
>> epoch [2890/3000], runtime:  6.54s, train err: 4.4382e-04 (best:  4.4384e-04/ 3.7457e-04)
>> epoch [2891/3000], runtime:  6.38s, train err: 4.4386e-04 (best:  4.4384e-04/ 3.7457e-04)
>> epoch [2892/3000], runtime:  5.99s, train err: 4.4386e-04 (best:  4.4384e-04/ 3.7457e-04)
>> epoch [2893/3000], runtime:  5.82s, train err: 4.4398e-04 (best:  4.4384e-04/ 3.7457e-04)
>> epoch [2894/3000], runtime:  5.38s, train err: 4.4388e-04 (best:  4.4384e-04/ 3.7457e-04)
>> epoch [2895/3000], runtime:  5.59s, train err: 4.4402e-04 (best:  4.4384e-04/ 3.7457e-04)
>> epoch [2896/3000], runtime:  6.12s, train err: 4.4385e-04 (best:  4.4384e-04/ 3.7457e-04)
>> epoch [2897/3000], runtime:  5.74s, train err: 4.4392e-04 (best:  4.4384e-04/ 3.7457e-04)
>> epoch [2898/3000], runtime:  5.59s, train err: 4.4380e-04 (best:  4.4384e-04/ 3.7457e-04)
>> epoch [2899/3000], runtime:  7.14s, train err: 4.4394e-04 (best:  4.4384e-04/ 3.7457e-04)
>> epoch [2900/3000], runtime:  6.37s, train err: 4.4390e-04 (best:  4.4384e-04/ 3.7457e-04)
>> epoch [2901/3000], runtime:  6.26s, train err: 4.4379e-04 (best:  4.4384e-04/ 3.7457e-04)
>> epoch [2902/3000], runtime:  6.53s, train err: 4.4385e-04 (best:  4.4384e-04/ 3.7457e-04)
>> epoch [2903/3000], runtime: 5.35s, train err: 4.4378e-04, valid err: 3.7455e-04 , test err: 4.0877e-04
>> epoch [2904/3000], runtime:  6.61s, train err: 4.4383e-04 (best:  4.4378e-04/ 3.7455e-04)
>> epoch [2905/3000], runtime:  6.14s, train err: 4.4422e-04 (best:  4.4378e-04/ 3.7455e-04)
>> epoch [2906/3000], runtime: 6.40s, train err: 4.4372e-04, valid err: 3.7446e-04 , test err: 4.0894e-04
>> epoch [2907/3000], runtime:  5.38s, train err: 4.4369e-04 (best:  4.4372e-04/ 3.7446e-04)
>> epoch [2908/3000], runtime:  6.66s, train err: 4.4385e-04 (best:  4.4372e-04/ 3.7446e-04)
>> epoch [2909/3000], runtime:  5.88s, train err: 4.4393e-04 (best:  4.4372e-04/ 3.7446e-04)
>> epoch [2910/3000], runtime:  6.04s, train err: 4.4379e-04 (best:  4.4372e-04/ 3.7446e-04)
>> epoch [2911/3000], runtime:  5.47s, train err: 4.4377e-04 (best:  4.4372e-04/ 3.7446e-04)
>> epoch [2912/3000], runtime:  5.47s, train err: 4.4375e-04 (best:  4.4372e-04/ 3.7446e-04)
>> epoch [2913/3000], runtime:  6.06s, train err: 4.4377e-04 (best:  4.4372e-04/ 3.7446e-04)
>> epoch [2914/3000], runtime:  6.28s, train err: 4.4384e-04 (best:  4.4372e-04/ 3.7446e-04)
>> epoch [2915/3000], runtime:  6.36s, train err: 4.4376e-04 (best:  4.4372e-04/ 3.7446e-04)
>> epoch [2916/3000], runtime:  5.39s, train err: 4.4382e-04 (best:  4.4372e-04/ 3.7446e-04)
>> epoch [2917/3000], runtime:  6.47s, train err: 4.4388e-04 (best:  4.4372e-04/ 3.7446e-04)
>> epoch [2918/3000], runtime:  5.34s, train err: 4.4387e-04 (best:  4.4372e-04/ 3.7446e-04)
>> epoch [2919/3000], runtime:  5.85s, train err: 4.4386e-04 (best:  4.4372e-04/ 3.7446e-04)
>> epoch [2920/3000], runtime:  6.77s, train err: 4.4372e-04 (best:  4.4372e-04/ 3.7446e-04)
>> epoch [2921/3000], runtime:  6.20s, train err: 4.4378e-04 (best:  4.4372e-04/ 3.7446e-04)
>> epoch [2922/3000], runtime:  5.92s, train err: 4.4365e-04 (best:  4.4372e-04/ 3.7446e-04)
>> epoch [2923/3000], runtime:  5.52s, train err: 4.4369e-04 (best:  4.4372e-04/ 3.7446e-04)
>> epoch [2924/3000], runtime:  7.25s, train err: 4.4377e-04 (best:  4.4372e-04/ 3.7446e-04)
>> epoch [2925/3000], runtime:  6.74s, train err: 4.4391e-04 (best:  4.4372e-04/ 3.7446e-04)
>> epoch [2926/3000], runtime:  8.66s, train err: 4.4362e-04 (best:  4.4372e-04/ 3.7446e-04)
>> epoch [2927/3000], runtime:  7.98s, train err: 4.4382e-04 (best:  4.4372e-04/ 3.7446e-04)
>> epoch [2928/3000], runtime:  6.69s, train err: 4.4364e-04 (best:  4.4372e-04/ 3.7446e-04)
>> epoch [2929/3000], runtime:  6.39s, train err: 4.4366e-04 (best:  4.4372e-04/ 3.7446e-04)
>> epoch [2930/3000], runtime:  8.26s, train err: 4.4381e-04 (best:  4.4372e-04/ 3.7446e-04)
>> epoch [2931/3000], runtime: 7.11s, train err: 4.4368e-04, valid err: 3.7442e-04 , test err: 4.0864e-04
>> epoch [2932/3000], runtime:  7.78s, train err: 4.4366e-04 (best:  4.4368e-04/ 3.7442e-04)
>> epoch [2933/3000], runtime:  8.21s, train err: 4.4366e-04 (best:  4.4368e-04/ 3.7442e-04)
>> epoch [2934/3000], runtime:  7.91s, train err: 4.4378e-04 (best:  4.4368e-04/ 3.7442e-04)
>> epoch [2935/3000], runtime:  6.14s, train err: 4.4359e-04 (best:  4.4368e-04/ 3.7442e-04)
>> epoch [2936/3000], runtime:  7.24s, train err: 4.4372e-04 (best:  4.4368e-04/ 3.7442e-04)
>> epoch [2937/3000], runtime:  7.85s, train err: 4.4395e-04 (best:  4.4368e-04/ 3.7442e-04)
>> epoch [2938/3000], runtime:  7.56s, train err: 4.4371e-04 (best:  4.4368e-04/ 3.7442e-04)
>> epoch [2939/3000], runtime:  8.06s, train err: 4.4372e-04 (best:  4.4368e-04/ 3.7442e-04)
>> epoch [2940/3000], runtime:  7.38s, train err: 4.4370e-04 (best:  4.4368e-04/ 3.7442e-04)
>> epoch [2941/3000], runtime:  7.23s, train err: 4.4369e-04 (best:  4.4368e-04/ 3.7442e-04)
>> epoch [2942/3000], runtime: 8.66s, train err: 4.4361e-04, valid err: 3.7441e-04 , test err: 4.0861e-04
>> epoch [2943/3000], runtime: 8.28s, train err: 4.4359e-04, valid err: 3.7437e-04 , test err: 4.0880e-04
>> epoch [2944/3000], runtime:  7.96s, train err: 4.4388e-04 (best:  4.4359e-04/ 3.7437e-04)
>> epoch [2945/3000], runtime:  8.07s, train err: 4.4357e-04 (best:  4.4359e-04/ 3.7437e-04)
>> epoch [2946/3000], runtime:  7.95s, train err: 4.4360e-04 (best:  4.4359e-04/ 3.7437e-04)
>> epoch [2947/3000], runtime:  7.77s, train err: 4.4361e-04 (best:  4.4359e-04/ 3.7437e-04)
>> epoch [2948/3000], runtime:  6.24s, train err: 4.4379e-04 (best:  4.4359e-04/ 3.7437e-04)
>> epoch [2949/3000], runtime:  8.07s, train err: 4.4395e-04 (best:  4.4359e-04/ 3.7437e-04)
>> epoch [2950/3000], runtime:  7.10s, train err: 4.4417e-04 (best:  4.4359e-04/ 3.7437e-04)
>> epoch [2951/3000], runtime:  8.00s, train err: 4.4373e-04 (best:  4.4359e-04/ 3.7437e-04)
>> epoch [2952/3000], runtime:  6.29s, train err: 4.4360e-04 (best:  4.4359e-04/ 3.7437e-04)
>> epoch [2953/3000], runtime:  8.44s, train err: 4.4375e-04 (best:  4.4359e-04/ 3.7437e-04)
>> epoch [2954/3000], runtime:  5.84s, train err: 4.4368e-04 (best:  4.4359e-04/ 3.7437e-04)
>> epoch [2955/3000], runtime:  7.27s, train err: 4.4364e-04 (best:  4.4359e-04/ 3.7437e-04)
>> epoch [2956/3000], runtime:  8.04s, train err: 4.4363e-04 (best:  4.4359e-04/ 3.7437e-04)
>> epoch [2957/3000], runtime:  7.15s, train err: 4.4361e-04 (best:  4.4359e-04/ 3.7437e-04)
>> epoch [2958/3000], runtime:  8.09s, train err: 4.4373e-04 (best:  4.4359e-04/ 3.7437e-04)
>> epoch [2959/3000], runtime:  7.09s, train err: 4.4361e-04 (best:  4.4359e-04/ 3.7437e-04)
>> epoch [2960/3000], runtime:  6.15s, train err: 4.4368e-04 (best:  4.4359e-04/ 3.7437e-04)
>> epoch [2961/3000], runtime:  8.00s, train err: 4.4360e-04 (best:  4.4359e-04/ 3.7437e-04)
>> epoch [2962/3000], runtime:  5.14s, train err: 4.4356e-04 (best:  4.4359e-04/ 3.7437e-04)
>> epoch [2963/3000], runtime:  7.17s, train err: 4.4356e-04 (best:  4.4359e-04/ 3.7437e-04)
>> epoch [2964/3000], runtime:  7.25s, train err: 4.4360e-04 (best:  4.4359e-04/ 3.7437e-04)
>> epoch [2965/3000], runtime:  5.78s, train err: 4.4384e-04 (best:  4.4359e-04/ 3.7437e-04)
>> epoch [2966/3000], runtime:  7.39s, train err: 4.4352e-04 (best:  4.4359e-04/ 3.7437e-04)
>> epoch [2967/3000], runtime:  8.08s, train err: 4.4363e-04 (best:  4.4359e-04/ 3.7437e-04)
>> epoch [2968/3000], runtime:  4.92s, train err: 4.4361e-04 (best:  4.4359e-04/ 3.7437e-04)
>> epoch [2969/3000], runtime:  7.31s, train err: 4.4352e-04 (best:  4.4359e-04/ 3.7437e-04)
>> epoch [2970/3000], runtime: 8.00s, train err: 4.4354e-04, valid err: 3.7432e-04 , test err: 4.0869e-04
>> epoch [2971/3000], runtime:  8.31s, train err: 4.4361e-04 (best:  4.4354e-04/ 3.7432e-04)
>> epoch [2972/3000], runtime:  7.13s, train err: 4.4363e-04 (best:  4.4354e-04/ 3.7432e-04)
>> epoch [2973/3000], runtime:  6.87s, train err: 4.4370e-04 (best:  4.4354e-04/ 3.7432e-04)
>> epoch [2974/3000], runtime:  8.72s, train err: 4.4345e-04 (best:  4.4354e-04/ 3.7432e-04)
>> epoch [2975/3000], runtime:  7.73s, train err: 4.4377e-04 (best:  4.4354e-04/ 3.7432e-04)
>> epoch [2976/3000], runtime:  7.52s, train err: 4.4385e-04 (best:  4.4354e-04/ 3.7432e-04)
>> epoch [2977/3000], runtime:  8.00s, train err: 4.4359e-04 (best:  4.4354e-04/ 3.7432e-04)
>> epoch [2978/3000], runtime: 7.14s, train err: 4.4347e-04, valid err: 3.7424e-04 , test err: 4.0865e-04
>> epoch [2979/3000], runtime:  6.64s, train err: 4.4380e-04 (best:  4.4347e-04/ 3.7424e-04)
>> epoch [2980/3000], runtime:  8.44s, train err: 4.4355e-04 (best:  4.4347e-04/ 3.7424e-04)
>> epoch [2981/3000], runtime:  7.60s, train err: 4.4352e-04 (best:  4.4347e-04/ 3.7424e-04)
>> epoch [2982/3000], runtime:  8.31s, train err: 4.4356e-04 (best:  4.4347e-04/ 3.7424e-04)
>> epoch [2983/3000], runtime:  7.70s, train err: 4.4352e-04 (best:  4.4347e-04/ 3.7424e-04)
>> epoch [2984/3000], runtime:  6.84s, train err: 4.4363e-04 (best:  4.4347e-04/ 3.7424e-04)
>> epoch [2985/3000], runtime:  5.02s, train err: 4.4357e-04 (best:  4.4347e-04/ 3.7424e-04)
>> epoch [2986/3000], runtime:  7.07s, train err: 4.4356e-04 (best:  4.4347e-04/ 3.7424e-04)
>> epoch [2987/3000], runtime:  6.17s, train err: 4.4358e-04 (best:  4.4347e-04/ 3.7424e-04)
>> epoch [2988/3000], runtime:  7.10s, train err: 4.4349e-04 (best:  4.4347e-04/ 3.7424e-04)
>> epoch [2989/3000], runtime:  6.83s, train err: 4.4367e-04 (best:  4.4347e-04/ 3.7424e-04)
>> epoch [2990/3000], runtime:  6.67s, train err: 4.4348e-04 (best:  4.4347e-04/ 3.7424e-04)
>> epoch [2991/3000], runtime:  6.39s, train err: 4.4346e-04 (best:  4.4347e-04/ 3.7424e-04)
>> epoch [2992/3000], runtime:  3.89s, train err: 4.4346e-04 (best:  4.4347e-04/ 3.7424e-04)
>> epoch [2993/3000], runtime:  4.63s, train err: 4.4349e-04 (best:  4.4347e-04/ 3.7424e-04)
>> epoch [2994/3000], runtime:  6.38s, train err: 4.4348e-04 (best:  4.4347e-04/ 3.7424e-04)
>> epoch [2995/3000], runtime:  6.69s, train err: 4.4351e-04 (best:  4.4347e-04/ 3.7424e-04)
>> epoch [2996/3000], runtime:  5.81s, train err: 4.4340e-04 (best:  4.4347e-04/ 3.7424e-04)
>> epoch [2997/3000], runtime:  5.77s, train err: 4.4348e-04 (best:  4.4347e-04/ 3.7424e-04)
>> epoch [2998/3000], runtime:  6.11s, train err: 4.4350e-04 (best:  4.4347e-04/ 3.7424e-04)
>> epoch [2999/3000], runtime:  6.52s, train err: 4.4344e-04 (best:  4.4347e-04/ 3.7424e-04)
>> epoch [3000/3000], runtime:  7.77s, train err: 4.4352e-04 (best:  4.4347e-04/ 3.7424e-04)
----------------------------------------------------------------------------------------------------
----------------------------------------------------------------------------------------------------
>> 20_4, ReLU, ntrain: 300, lr: 0.01, gamma: 0.6, w_d: 0.0
>> Best train error:  4.4347e-04
>> Best valid error:  3.7424e-04
>> Best test error:  4.0865e-04
>> Best epoch: 2977
----------------------------------------------------------------------------------------------------
----------------------------------------------------------------------------------------------------
>> Training Completed!!
