0.000000000000000000e+00 6.791024312323227499e-04
1.000000000000000000e+00 2.959151276303559927e-04
2.000000000000000000e+00 2.341791408703056772e-04
3.000000000000000000e+00 1.508280674300051965e-04
4.000000000000000000e+00 1.176504209697124584e-04
5.000000000000000000e+00 1.165644805270820371e-04
6.000000000000000000e+00 1.120935537074830207e-04
7.000000000000000000e+00 1.215573747061048505e-04
8.000000000000000000e+00 1.360352134609440784e-04
9.000000000000000000e+00 1.262304534384146805e-04
1.000000000000000000e+01 1.169535787260565009e-04
1.100000000000000000e+01 1.104142623494664685e-04
1.200000000000000000e+01 1.183812953447874893e-04
1.300000000000000000e+01 1.107703368069072863e-04
1.400000000000000000e+01 1.170343277850828539e-04
1.500000000000000000e+01 1.097181808779929582e-04
1.600000000000000000e+01 1.074520961342193058e-04
1.700000000000000000e+01 1.059760672824431292e-04
1.800000000000000000e+01 1.069573173108351587e-04
1.900000000000000000e+01 1.058336506436952540e-04
2.000000000000000000e+01 1.102680449287884410e-04
2.100000000000000000e+01 1.152498880454823316e-04
2.200000000000000000e+01 1.286070955931624383e-04
2.300000000000000000e+01 1.236220793780453862e-04
2.400000000000000000e+01 1.125267689404866553e-04
2.500000000000000000e+01 1.027673043906233980e-04
2.600000000000000000e+01 9.744866071327169788e-05
2.700000000000000000e+01 1.070131191437326403e-04
2.800000000000000000e+01 9.793045669878045671e-05
2.900000000000000000e+01 1.028021754117432320e-04
3.000000000000000000e+01 9.594411719977336602e-05
3.100000000000000000e+01 9.778309045924379645e-05
3.200000000000000000e+01 9.686699102943503335e-05
3.300000000000000000e+01 8.714128664098880184e-05
3.400000000000000000e+01 8.322449770782940558e-05
3.500000000000000000e+01 9.489876510649064003e-05
3.600000000000000000e+01 7.763737593575269062e-05
3.700000000000000000e+01 7.298904543109249732e-05
3.800000000000000000e+01 5.933207010122675803e-05
3.900000000000000000e+01 4.689809787654264264e-05
4.000000000000000000e+01 3.483129738559111367e-05
4.100000000000000000e+01 2.531460797690588562e-05
4.200000000000000000e+01 1.664537755761506929e-05
4.300000000000000000e+01 1.229166313190758201e-05
4.400000000000000000e+01 8.767387694175126338e-06
4.500000000000000000e+01 8.045940924595130562e-06
4.600000000000000000e+01 7.096503328228156742e-06
4.700000000000000000e+01 6.111374353999022930e-06
4.800000000000000000e+01 6.600583356821035110e-06
4.900000000000000000e+01 4.916918805488103389e-06
5.000000000000000000e+01 4.528089515823688803e-06
5.100000000000000000e+01 5.046730890666366253e-06
5.200000000000000000e+01 5.191464606020973290e-06
5.300000000000000000e+01 4.233186407460840881e-06
5.400000000000000000e+01 4.143659549845700922e-06
5.500000000000000000e+01 5.058167333536590392e-06
5.600000000000000000e+01 3.108509042130853408e-06
5.700000000000000000e+01 4.582736693182495142e-06
5.800000000000000000e+01 4.498426844691811157e-06
5.900000000000000000e+01 3.070158982838928877e-06
6.000000000000000000e+01 3.306689184133777608e-06
6.100000000000000000e+01 2.582286415910452623e-06
6.200000000000000000e+01 3.159519375789154413e-06
6.300000000000000000e+01 2.756410367878739089e-06
6.400000000000000000e+01 2.628929895479555815e-06
6.500000000000000000e+01 2.461191917864186261e-06
6.600000000000000000e+01 2.194353433402073482e-06
6.700000000000000000e+01 2.306450015048955869e-06
6.800000000000000000e+01 4.784153245504343309e-06
6.900000000000000000e+01 2.065390893055956748e-06
7.000000000000000000e+01 2.231520571785680147e-06
7.100000000000000000e+01 2.198736617804715569e-06
7.200000000000000000e+01 1.923646018076007606e-06
7.300000000000000000e+01 1.832918206620244569e-06
7.400000000000000000e+01 1.991651813876479130e-06
7.500000000000000000e+01 1.823803012595199179e-06
7.600000000000000000e+01 1.567113286105693741e-06
7.700000000000000000e+01 1.596373590712994212e-06
7.800000000000000000e+01 1.747285877123526094e-06
7.900000000000000000e+01 1.721311547276634396e-06
8.000000000000000000e+01 1.186982780980035150e-06
8.100000000000000000e+01 1.342543355490838332e-06
8.200000000000000000e+01 1.121186246198011776e-06
8.300000000000000000e+01 1.705417373599741500e-06
8.400000000000000000e+01 1.549576906257430713e-06
8.500000000000000000e+01 1.203546842565120351e-06
8.600000000000000000e+01 1.903845247664008829e-06
8.700000000000000000e+01 9.431468048724735539e-07
8.800000000000000000e+01 1.454692755978190599e-06
8.900000000000000000e+01 1.429224849176002484e-06
9.000000000000000000e+01 1.101029935674505659e-06
9.100000000000000000e+01 9.783707691953289498e-07
9.200000000000000000e+01 8.088266119981889004e-07
9.300000000000000000e+01 1.170089246639492917e-06
9.400000000000000000e+01 9.363977402993236574e-07
9.500000000000000000e+01 8.627804234604102110e-07
9.600000000000000000e+01 8.636935423896515249e-07
9.700000000000000000e+01 1.088805046833147691e-06
9.800000000000000000e+01 1.090366693917403343e-06
9.900000000000000000e+01 9.228807783638785043e-07
1.000000000000000000e+02 1.210815954069917249e-06
1.010000000000000000e+02 8.919011378044156304e-07
1.020000000000000000e+02 5.911054156228889659e-07
1.030000000000000000e+02 5.872764148402068844e-07
1.040000000000000000e+02 6.478427810719081599e-07
1.050000000000000000e+02 7.069287470004406148e-07
1.060000000000000000e+02 6.130958720477610762e-07
1.070000000000000000e+02 6.432407024902721859e-07
1.080000000000000000e+02 3.701588906014818785e-07
1.090000000000000000e+02 9.093239674339086511e-07
1.100000000000000000e+02 8.471796478886419417e-07
1.110000000000000000e+02 9.780469320106776852e-07
1.120000000000000000e+02 5.172220448507065539e-07
1.130000000000000000e+02 4.417801287180663747e-07
1.140000000000000000e+02 8.226205503027336784e-07
1.150000000000000000e+02 9.050799454302861871e-07
1.160000000000000000e+02 5.036704641033506708e-07
1.170000000000000000e+02 5.638066213419571426e-07
1.180000000000000000e+02 4.960879306631351585e-07
1.190000000000000000e+02 6.671133397268198460e-07
1.200000000000000000e+02 3.837516462592224895e-07
1.210000000000000000e+02 3.965083014614172004e-07
1.220000000000000000e+02 3.483999440547878165e-07
1.230000000000000000e+02 4.667215208522840696e-07
1.240000000000000000e+02 3.050361378944366696e-07
1.250000000000000000e+02 2.634537453723442215e-07
1.260000000000000000e+02 3.807422673173771818e-07
1.270000000000000000e+02 2.707807040960965292e-07
1.280000000000000000e+02 3.321817759965936944e-07
1.290000000000000000e+02 7.336023517338977306e-07
1.300000000000000000e+02 1.355518567018692211e-06
1.310000000000000000e+02 2.518908406548882362e-06
1.320000000000000000e+02 1.707355039623863666e-05
1.330000000000000000e+02 2.618280266351292280e-06
1.340000000000000000e+02 2.622351830758253777e-07
1.350000000000000000e+02 2.537428716372854406e-07
1.360000000000000000e+02 3.667412415697115700e-07
1.370000000000000000e+02 3.604643090577143371e-07
1.380000000000000000e+02 2.354115799307427505e-07
1.390000000000000000e+02 3.079543319621071796e-07
1.400000000000000000e+02 1.847874508708225195e-07
1.410000000000000000e+02 1.853653839094560516e-07
1.420000000000000000e+02 2.284618628848591890e-07
1.430000000000000000e+02 2.500204779415580601e-07
1.440000000000000000e+02 3.646116776927359721e-07
1.450000000000000000e+02 2.170414486432181606e-07
1.460000000000000000e+02 2.320220885185445305e-07
1.470000000000000000e+02 1.943906264084358229e-07
1.480000000000000000e+02 3.826138129714497726e-07
1.490000000000000000e+02 2.003218670819923717e-07
1.500000000000000000e+02 2.234771120885261323e-07
1.510000000000000000e+02 2.057517756976819865e-07
1.520000000000000000e+02 2.044302686444496961e-07
1.530000000000000000e+02 2.072896737330142958e-07
1.540000000000000000e+02 1.881887534478918808e-07
1.550000000000000000e+02 1.688198689398051009e-07
1.560000000000000000e+02 1.564785613017947456e-07
1.570000000000000000e+02 1.598852038547448387e-07
1.580000000000000000e+02 1.733899861246749069e-07
1.590000000000000000e+02 2.274375303994710253e-07
1.600000000000000000e+02 3.369335369717573864e-07
1.610000000000000000e+02 1.598103487726027508e-07
1.620000000000000000e+02 2.517464747340605983e-07
1.630000000000000000e+02 1.755311755014202228e-07
1.640000000000000000e+02 2.033752547175350575e-07
1.650000000000000000e+02 1.794105470338933770e-07
1.660000000000000000e+02 2.309564429986712030e-07
1.670000000000000000e+02 1.860043719098308036e-07
1.680000000000000000e+02 4.032828486860316808e-07
1.690000000000000000e+02 1.926995030856906924e-07
1.700000000000000000e+02 1.772140027457178758e-07
1.710000000000000000e+02 1.255954832782308273e-07
1.720000000000000000e+02 2.532334625260418811e-07
1.730000000000000000e+02 1.554721510429061058e-07
1.740000000000000000e+02 3.739012740960860895e-07
1.750000000000000000e+02 1.763310459631778902e-07
1.760000000000000000e+02 1.655093476172136830e-07
1.770000000000000000e+02 1.538620066113527532e-07
1.780000000000000000e+02 2.003708666357684562e-07
1.790000000000000000e+02 3.586769712072393196e-07
1.800000000000000000e+02 2.689803183980077117e-07
1.810000000000000000e+02 1.157870197524147936e-07
1.820000000000000000e+02 1.915543249249588997e-07
1.830000000000000000e+02 9.334800142239996259e-07
1.840000000000000000e+02 2.041267647532858317e-07
1.850000000000000000e+02 2.031654415533824448e-07
1.860000000000000000e+02 1.357855220754004730e-07
1.870000000000000000e+02 1.491047008891150076e-07
1.880000000000000000e+02 3.072663406673271610e-07
1.890000000000000000e+02 5.068990855140284380e-07
1.900000000000000000e+02 1.117317379300236040e-06
1.910000000000000000e+02 5.383615961190741220e-07
1.920000000000000000e+02 1.206028160035717582e-07
1.930000000000000000e+02 1.884312835931027623e-07
1.940000000000000000e+02 3.159834722983579815e-07
1.950000000000000000e+02 3.976535974660072353e-07
1.960000000000000000e+02 3.675136582527743462e-07
1.970000000000000000e+02 4.501667951956289108e-07
1.980000000000000000e+02 3.911304073208746918e-07
1.990000000000000000e+02 8.712128909731229918e-08
2.000000000000000000e+02 9.754915150710619864e-08
2.010000000000000000e+02 9.197875543484447118e-08
2.020000000000000000e+02 2.852687038275784728e-07
2.030000000000000000e+02 1.534687921722390635e-07
2.040000000000000000e+02 1.047405511599525343e-07
2.050000000000000000e+02 1.382093550876300129e-07
2.060000000000000000e+02 2.660855079309581127e-07
2.070000000000000000e+02 1.446551172935418039e-07
2.080000000000000000e+02 1.140825613691223460e-07
2.090000000000000000e+02 1.787195995383516712e-07
2.100000000000000000e+02 6.345694250139396502e-08
2.110000000000000000e+02 1.823689047676442872e-07
2.120000000000000000e+02 5.035187809379226197e-07
2.130000000000000000e+02 2.622404041906840909e-07
2.140000000000000000e+02 8.920673559993788975e-08
2.150000000000000000e+02 1.553184747555923397e-07
2.160000000000000000e+02 3.406350636972231494e-07
2.170000000000000000e+02 2.618985298584444864e-07
2.180000000000000000e+02 1.567236349704326942e-07
2.190000000000000000e+02 3.150952495652662530e-07
2.200000000000000000e+02 1.870745985593866962e-07
2.210000000000000000e+02 3.509721505547633711e-07
2.220000000000000000e+02 8.686026059404565927e-06
2.230000000000000000e+02 3.485989883274065129e-06
2.240000000000000000e+02 2.025038992505088582e-07
2.250000000000000000e+02 6.524180298193235997e-08
2.260000000000000000e+02 5.848882227743437038e-08
2.270000000000000000e+02 5.710886297880800797e-08
2.280000000000000000e+02 5.561686321886720600e-08
2.290000000000000000e+02 6.651192910424541765e-08
2.300000000000000000e+02 5.157120969883520533e-08
2.310000000000000000e+02 4.844167819556880463e-08
2.320000000000000000e+02 5.044467434336150897e-08
2.330000000000000000e+02 5.266797597291746930e-08
2.340000000000000000e+02 5.475061883901374459e-08
2.350000000000000000e+02 6.367010019413560301e-08
2.360000000000000000e+02 4.945823442028698222e-08
2.370000000000000000e+02 7.036853626739505067e-08
2.380000000000000000e+02 5.240070409427697605e-08
2.390000000000000000e+02 4.574671152634790444e-08
2.400000000000000000e+02 4.422072018398793024e-08
2.410000000000000000e+02 5.291053259246055611e-08
2.420000000000000000e+02 1.084688879316612171e-07
2.430000000000000000e+02 1.579931208842483879e-07
2.440000000000000000e+02 7.193911256182028040e-08
2.450000000000000000e+02 4.726925975998180074e-08
2.460000000000000000e+02 7.040298536575084861e-08
2.470000000000000000e+02 7.712836366501957677e-08
2.480000000000000000e+02 5.031962649453396900e-08
2.490000000000000000e+02 6.117398051069497991e-08
2.500000000000000000e+02 5.158898719048671040e-08
2.510000000000000000e+02 6.633752222455097012e-08
2.520000000000000000e+02 6.952470500674353117e-08
2.530000000000000000e+02 5.129846788875258939e-08
2.540000000000000000e+02 4.853654149789522657e-08
2.550000000000000000e+02 5.387574497199439772e-08
2.560000000000000000e+02 4.016780788689749490e-08
2.570000000000000000e+02 5.494787702213763018e-08
2.580000000000000000e+02 6.177575967712959550e-08
2.590000000000000000e+02 4.280535636066668136e-08
2.600000000000000000e+02 9.146959000896979385e-08
2.610000000000000000e+02 6.735372791013509970e-08
2.620000000000000000e+02 4.241642013761609528e-08
2.630000000000000000e+02 5.745568740823381345e-08
2.640000000000000000e+02 8.299113644824039472e-08
2.650000000000000000e+02 6.362727322501564140e-08
2.660000000000000000e+02 5.826827821177381956e-08
2.670000000000000000e+02 9.116195619642506626e-08
2.680000000000000000e+02 5.890878060686209961e-08
2.690000000000000000e+02 5.065984815593475826e-08
2.700000000000000000e+02 6.790282993208459524e-08
2.710000000000000000e+02 6.678252906937554063e-08
2.720000000000000000e+02 8.228245997890989499e-08
2.730000000000000000e+02 4.866321496884047304e-08
2.740000000000000000e+02 7.640906405299134737e-08
2.750000000000000000e+02 7.658636443353219345e-08
2.760000000000000000e+02 4.733296196192154008e-08
2.770000000000000000e+02 7.745074791779808181e-08
2.780000000000000000e+02 5.750715199052423533e-07
2.790000000000000000e+02 1.897676041530173243e-06
2.800000000000000000e+02 1.454498313413307109e-07
2.810000000000000000e+02 7.296998035542692731e-08
2.820000000000000000e+02 8.058349126295619903e-08
2.830000000000000000e+02 8.934346220685728076e-08
2.840000000000000000e+02 4.181408858619473760e-08
2.850000000000000000e+02 3.556445139729335418e-08
2.860000000000000000e+02 4.213744754368376294e-08
2.870000000000000000e+02 3.163811465791549589e-08
2.880000000000000000e+02 4.724817589258298457e-08
2.890000000000000000e+02 5.201456862622597740e-08
2.900000000000000000e+02 3.279180450468433602e-08
2.910000000000000000e+02 4.871728635077196453e-08
2.920000000000000000e+02 3.439692202935621164e-08
2.930000000000000000e+02 3.791791254738929246e-08
2.940000000000000000e+02 6.112727629087457898e-08
2.950000000000000000e+02 3.573561451942823031e-08
2.960000000000000000e+02 3.432958135838141260e-08
2.970000000000000000e+02 6.704496576558507270e-08
2.980000000000000000e+02 6.792037848461379070e-08
2.990000000000000000e+02 2.652436026405109836e-08
3.000000000000000000e+02 4.212404695745417592e-08
3.010000000000000000e+02 4.350140674131166544e-08
3.020000000000000000e+02 5.676928311883674838e-08
3.030000000000000000e+02 6.547812987712113631e-08
3.040000000000000000e+02 5.663290121165837278e-08
3.050000000000000000e+02 1.530405049390275556e-07
3.060000000000000000e+02 4.035363026288959748e-07
3.070000000000000000e+02 9.138438681920411475e-07
3.080000000000000000e+02 4.113834945881569581e-07
3.090000000000000000e+02 6.578660416245993815e-08
3.100000000000000000e+02 1.043982292702892488e-07
3.110000000000000000e+02 1.157438824434833591e-07
3.120000000000000000e+02 2.442887683441779714e-07
3.130000000000000000e+02 6.138992685115409875e-08
3.140000000000000000e+02 6.666616676526507450e-08
3.150000000000000000e+02 4.890526834955655395e-08
3.160000000000000000e+02 2.535419082236065191e-08
3.170000000000000000e+02 2.795526387008144065e-08
3.180000000000000000e+02 3.562802799537574485e-08
3.190000000000000000e+02 4.579933189259344161e-08
3.200000000000000000e+02 7.230155040600667802e-08
3.210000000000000000e+02 1.005606110978124015e-07
3.220000000000000000e+02 5.150278217236239497e-08
3.230000000000000000e+02 4.282892117086500535e-08
3.240000000000000000e+02 2.510333216795818277e-08
3.250000000000000000e+02 4.825418251450496619e-08
3.260000000000000000e+02 2.638036741314252148e-07
3.270000000000000000e+02 1.542958997809685579e-07
3.280000000000000000e+02 8.760568679677007463e-08
3.290000000000000000e+02 7.039571057966009948e-08
3.300000000000000000e+02 2.798926412823159474e-08
3.310000000000000000e+02 2.692722417556458394e-08
3.320000000000000000e+02 3.619670165110550852e-08
3.330000000000000000e+02 6.141571271814372853e-08
3.340000000000000000e+02 1.004963593569590936e-07
3.350000000000000000e+02 4.018110319459207257e-08
3.360000000000000000e+02 2.617980599143765946e-08
3.370000000000000000e+02 3.389164009147614476e-08
3.380000000000000000e+02 2.283489413932359721e-08
3.390000000000000000e+02 9.221401202718847209e-08
3.400000000000000000e+02 6.647113936680781773e-08
3.410000000000000000e+02 1.277113015987046763e-07
3.420000000000000000e+02 6.357329695529388057e-08
3.430000000000000000e+02 8.192264930903105947e-08
3.440000000000000000e+02 1.302519368739301080e-07
3.450000000000000000e+02 9.793015492262700504e-08
3.460000000000000000e+02 4.001361390558976680e-08
3.470000000000000000e+02 3.526394016260904885e-08
3.480000000000000000e+02 3.171842995596460793e-08
3.490000000000000000e+02 3.867309713902499275e-08
3.500000000000000000e+02 2.843535057723453249e-08
3.510000000000000000e+02 7.241487043780240742e-08
3.520000000000000000e+02 2.939654925384578886e-08
3.530000000000000000e+02 3.936142750708481502e-08
3.540000000000000000e+02 1.353380744416680135e-07
3.550000000000000000e+02 2.675183371863773101e-08
3.560000000000000000e+02 7.725127150766191614e-08
3.570000000000000000e+02 2.437604520014075624e-07
3.580000000000000000e+02 5.009442747196633360e-08
3.590000000000000000e+02 6.074533805097890378e-08
3.600000000000000000e+02 3.330631239266521307e-07
3.610000000000000000e+02 1.302193570049207131e-07
3.620000000000000000e+02 5.670114941431342474e-08
3.630000000000000000e+02 2.805277085729597161e-08
3.640000000000000000e+02 2.735290276297857772e-08
3.650000000000000000e+02 2.782999260076559802e-08
3.660000000000000000e+02 5.341198755726988586e-08
3.670000000000000000e+02 2.321949405739237134e-08
3.680000000000000000e+02 1.947932165405006096e-08
3.690000000000000000e+02 2.657266404322121061e-08
3.700000000000000000e+02 5.492345224162615380e-08
3.710000000000000000e+02 2.443460114317777943e-08
3.720000000000000000e+02 2.792470381601025459e-08
3.730000000000000000e+02 1.734307471091198550e-08
3.740000000000000000e+02 1.797519373653833553e-08
3.750000000000000000e+02 3.063430403576566760e-08
3.760000000000000000e+02 2.610371115629738201e-08
3.770000000000000000e+02 2.195059268624564079e-08
3.780000000000000000e+02 1.937150198860309006e-07
3.790000000000000000e+02 2.889190409311912101e-07
3.800000000000000000e+02 3.257039662493844050e-08
3.810000000000000000e+02 1.624780656347949176e-08
3.820000000000000000e+02 1.591364023354559891e-08
3.830000000000000000e+02 2.533818914270133701e-08
3.840000000000000000e+02 1.797467402640054901e-07
3.850000000000000000e+02 6.731047646349922600e-08
3.860000000000000000e+02 2.115820244071456918e-08
3.870000000000000000e+02 2.105831539789924942e-08
3.880000000000000000e+02 2.704677862603592948e-08
3.890000000000000000e+02 2.044671077056094459e-08
3.900000000000000000e+02 1.507509376973246657e-08
3.910000000000000000e+02 2.695167338249005271e-08
3.920000000000000000e+02 3.942042654908227397e-08
3.930000000000000000e+02 6.234457330592952648e-08
3.940000000000000000e+02 1.810057308719125611e-08
3.950000000000000000e+02 1.607638769027114566e-08
3.960000000000000000e+02 4.877099950004559943e-08
3.970000000000000000e+02 5.690539125527823501e-08
3.980000000000000000e+02 2.027794783882590041e-08
3.990000000000000000e+02 7.830378426236717979e-08
4.000000000000000000e+02 3.155911893702611374e-07
4.010000000000000000e+02 7.477568121979209443e-08
4.020000000000000000e+02 1.648089538805551217e-08
4.030000000000000000e+02 1.497647809038824377e-08
4.040000000000000000e+02 1.626498507156856880e-08
4.050000000000000000e+02 1.839411542061119303e-08
4.060000000000000000e+02 2.033883107652987684e-08
4.070000000000000000e+02 2.610443464594235197e-08
4.080000000000000000e+02 1.840678166098588964e-08
4.090000000000000000e+02 3.093653406985177442e-08
4.100000000000000000e+02 2.183251050788372490e-08
4.110000000000000000e+02 1.517406445481050421e-08
4.120000000000000000e+02 2.239488625751770262e-08
4.130000000000000000e+02 7.435464062783324557e-08
4.140000000000000000e+02 5.531135034154448677e-08
4.150000000000000000e+02 3.098308481320016886e-08
4.160000000000000000e+02 1.251305400477116019e-07
4.170000000000000000e+02 7.614880914058995731e-08
4.180000000000000000e+02 1.236253380280168907e-07
4.190000000000000000e+02 6.229973616041040197e-08
4.200000000000000000e+02 3.160784431818938655e-08
4.210000000000000000e+02 1.823315856004348667e-08
4.220000000000000000e+02 1.881606079627393588e-08
4.230000000000000000e+02 5.209163135885688914e-08
4.240000000000000000e+02 7.278783299061998963e-08
4.250000000000000000e+02 1.543537071268858626e-08
4.260000000000000000e+02 2.080052275646942392e-08
4.270000000000000000e+02 1.578571560509808803e-08
4.280000000000000000e+02 2.393152825654479676e-08
4.290000000000000000e+02 2.473175635900665382e-08
4.300000000000000000e+02 2.355874394256045304e-08
4.310000000000000000e+02 5.818119238082525041e-08
4.320000000000000000e+02 2.406397281178415485e-08
4.330000000000000000e+02 4.056394547292428012e-08
4.340000000000000000e+02 5.037616748956373952e-08
4.350000000000000000e+02 2.787004482721497186e-08
4.360000000000000000e+02 1.291316640807583843e-08
4.370000000000000000e+02 4.509660178519970617e-08
4.380000000000000000e+02 3.557016739423893582e-08
4.390000000000000000e+02 2.354873204438386989e-08
4.400000000000000000e+02 7.141640368431094509e-08
4.410000000000000000e+02 3.027013817668566309e-08
4.420000000000000000e+02 2.143460620167294953e-08
4.430000000000000000e+02 1.280611579774064335e-08
4.440000000000000000e+02 1.365230286265378733e-08
4.450000000000000000e+02 3.300408629109644790e-08
4.460000000000000000e+02 1.546203190701898318e-08
4.470000000000000000e+02 1.868385445611043729e-08
4.480000000000000000e+02 2.758892737138482468e-08
4.490000000000000000e+02 2.784735116214704778e-08
4.500000000000000000e+02 4.901880524722997597e-08
4.510000000000000000e+02 1.232397296908905299e-07
4.520000000000000000e+02 4.454823147984742085e-08
4.530000000000000000e+02 1.197931122732243162e-08
4.540000000000000000e+02 1.103388239017469770e-08
4.550000000000000000e+02 2.589403917181925955e-08
4.560000000000000000e+02 1.819507390932105549e-08
4.570000000000000000e+02 1.291976228984700108e-08
4.580000000000000000e+02 1.718618145122575091e-08
4.590000000000000000e+02 1.961749920949844537e-08
4.600000000000000000e+02 3.132628256032903273e-08
4.610000000000000000e+02 1.856294664417403052e-08
4.620000000000000000e+02 4.417250502380026155e-08
4.630000000000000000e+02 3.410870856780860646e-08
4.640000000000000000e+02 2.524308612747121650e-08
4.650000000000000000e+02 1.415536228482650792e-08
4.660000000000000000e+02 1.341209050538525051e-08
4.670000000000000000e+02 2.312419252684149732e-08
4.680000000000000000e+02 1.768074357728756488e-08
4.690000000000000000e+02 4.383475943662634108e-08
4.700000000000000000e+02 7.091225617036260726e-08
4.710000000000000000e+02 2.535563981337577176e-08
4.720000000000000000e+02 2.272773025582250213e-08
4.730000000000000000e+02 2.897507661976864816e-08
4.740000000000000000e+02 1.328831043109795865e-08
4.750000000000000000e+02 1.027296888135027217e-08
4.760000000000000000e+02 2.210268138122012860e-08
4.770000000000000000e+02 4.352307827600142794e-08
4.780000000000000000e+02 1.178808412768874579e-08
4.790000000000000000e+02 1.366698351851510684e-08
4.800000000000000000e+02 1.048180178562319449e-08
4.810000000000000000e+02 2.179148850403532610e-08
4.820000000000000000e+02 3.942687193423317750e-08
4.830000000000000000e+02 5.742787715645693829e-08
4.840000000000000000e+02 2.745405621401237696e-08
4.850000000000000000e+02 1.497775478652602334e-08
4.860000000000000000e+02 2.821283006626833531e-08
4.870000000000000000e+02 1.534302700492038377e-08
4.880000000000000000e+02 3.570231895136562814e-08
4.890000000000000000e+02 2.115822313651958390e-08
4.900000000000000000e+02 1.258513112977215456e-08
4.910000000000000000e+02 1.456883895305596624e-08
4.920000000000000000e+02 1.367708440333030963e-08
4.930000000000000000e+02 1.258088340215035478e-08
4.940000000000000000e+02 1.978372512555394547e-08
4.950000000000000000e+02 2.717894127610366617e-08
4.960000000000000000e+02 9.723775531413083229e-09
4.970000000000000000e+02 2.529822225266161061e-08
4.980000000000000000e+02 1.264200074345549031e-08
4.990000000000000000e+02 2.175703054229171879e-08
5.000000000000000000e+02 1.524572918178039678e-08
5.010000000000000000e+02 3.179300139544647924e-08
5.020000000000000000e+02 3.671126652582894381e-08
5.030000000000000000e+02 1.371251192196675395e-08
5.040000000000000000e+02 1.952208092230179056e-08
5.050000000000000000e+02 1.542367253512032146e-08
5.060000000000000000e+02 1.160916356088711956e-08
5.070000000000000000e+02 1.284765806323613850e-08
5.080000000000000000e+02 5.286535395669560361e-08
5.090000000000000000e+02 1.534654811462862454e-08
5.100000000000000000e+02 1.005059316340854179e-08
5.110000000000000000e+02 1.479541588028769675e-08
5.120000000000000000e+02 1.352057687347043003e-08
5.130000000000000000e+02 4.874363949272423727e-08
5.140000000000000000e+02 1.985636246499304878e-08
5.150000000000000000e+02 2.433302938780401234e-08
5.160000000000000000e+02 3.780157927817497504e-08
5.170000000000000000e+02 2.615614713885870682e-08
5.180000000000000000e+02 9.911746956402340803e-09
5.190000000000000000e+02 1.078569618901239171e-08
5.200000000000000000e+02 1.040037556479242152e-08
5.210000000000000000e+02 1.131850358581764352e-08
5.220000000000000000e+02 2.167059018757874592e-08
5.230000000000000000e+02 1.249284153444944757e-08
5.240000000000000000e+02 1.063372709777573465e-08
5.250000000000000000e+02 9.990179443326831829e-09
5.260000000000000000e+02 3.280521400984591461e-08
5.270000000000000000e+02 7.092468945345149639e-08
5.280000000000000000e+02 1.244929003024300132e-08
5.290000000000000000e+02 1.453447835658367518e-08
5.300000000000000000e+02 1.097108953068937665e-08
5.310000000000000000e+02 1.543173416234583866e-08
5.320000000000000000e+02 9.012313157295272723e-09
5.330000000000000000e+02 1.201176476158885224e-08
5.340000000000000000e+02 1.102105212496663853e-08
5.350000000000000000e+02 9.422108550341330081e-09
5.360000000000000000e+02 2.098413660069037986e-08
5.370000000000000000e+02 1.850790208920368456e-08
5.380000000000000000e+02 1.404817144477310562e-08
5.390000000000000000e+02 4.444339365834954149e-08
5.400000000000000000e+02 7.985860146293763099e-09
5.410000000000000000e+02 1.035811011805623230e-08
5.420000000000000000e+02 8.029086886737728738e-09
5.430000000000000000e+02 1.189951090444474611e-08
5.440000000000000000e+02 1.084500488959299131e-08
5.450000000000000000e+02 1.294178478616654931e-08
5.460000000000000000e+02 1.070163077098273100e-08
5.470000000000000000e+02 1.063132702140705645e-08
5.480000000000000000e+02 2.220446898457312008e-08
5.490000000000000000e+02 3.869644752907609991e-08
5.500000000000000000e+02 1.594077663786372455e-08
5.510000000000000000e+02 7.591926466863363848e-09
5.520000000000000000e+02 7.099274620375614378e-09
5.530000000000000000e+02 1.298693015352682267e-08
5.540000000000000000e+02 2.468269675904474538e-08
5.550000000000000000e+02 1.002459665035259408e-08
5.560000000000000000e+02 1.220216808264888542e-08
5.570000000000000000e+02 2.057549527380706915e-08
5.580000000000000000e+02 3.075543378688601332e-08
5.590000000000000000e+02 2.414250712287710250e-08
5.600000000000000000e+02 8.552582491029212837e-09
5.610000000000000000e+02 9.795446132807726086e-09
5.620000000000000000e+02 2.781855650994964115e-08
5.630000000000000000e+02 2.375689227406877387e-08
5.640000000000000000e+02 1.353716263091153892e-08
5.650000000000000000e+02 3.193383921483219704e-08
5.660000000000000000e+02 1.043764568406931050e-08
5.670000000000000000e+02 1.015495383575660328e-08
5.680000000000000000e+02 9.660009086234366037e-09
5.690000000000000000e+02 1.510081125213246260e-08
5.700000000000000000e+02 7.057075843427829296e-09
5.710000000000000000e+02 7.455033783879573787e-09
5.720000000000000000e+02 1.080977317502290026e-08
5.730000000000000000e+02 7.774214834763781939e-09
5.740000000000000000e+02 7.050359987174797083e-09
5.750000000000000000e+02 1.240359035253112871e-08
5.760000000000000000e+02 7.955366735061832201e-09
5.770000000000000000e+02 6.739031995694044587e-09
5.780000000000000000e+02 8.099590778004503190e-09
5.790000000000000000e+02 1.095190853948789681e-08
5.800000000000000000e+02 6.991242186955548498e-09
5.810000000000000000e+02 9.577487937495078425e-09
5.820000000000000000e+02 1.271592406436137343e-08
5.830000000000000000e+02 1.095392672178679398e-08
5.840000000000000000e+02 9.170837532419396277e-09
5.850000000000000000e+02 8.034938393823492694e-09
5.860000000000000000e+02 9.275548427885550292e-09
5.870000000000000000e+02 8.626479160929375628e-09
5.880000000000000000e+02 9.739277058126149740e-09
5.890000000000000000e+02 8.109817771938380113e-09
5.900000000000000000e+02 6.931203375007417382e-09
5.910000000000000000e+02 9.467331132813883661e-09
5.920000000000000000e+02 9.990146294579805502e-09
5.930000000000000000e+02 3.394127415213676620e-08
5.940000000000000000e+02 1.242239815269329580e-08
5.950000000000000000e+02 1.042099950693462166e-08
5.960000000000000000e+02 7.702179226992308896e-09
5.970000000000000000e+02 2.086774587999004310e-08
5.980000000000000000e+02 1.218345773506729732e-08
5.990000000000000000e+02 9.034265736515815704e-09
6.000000000000000000e+02 6.789088454291960296e-09
6.010000000000000000e+02 1.544006996423385556e-08
6.020000000000000000e+02 1.816190543474338275e-08
6.030000000000000000e+02 7.569709937776524093e-09
6.040000000000000000e+02 9.580239788570707270e-09
6.050000000000000000e+02 1.099358886658234036e-08
6.060000000000000000e+02 1.228481116465466989e-08
6.070000000000000000e+02 8.307643079224117547e-09
6.080000000000000000e+02 9.428415530058441695e-09
6.090000000000000000e+02 1.133121596140020737e-08
6.100000000000000000e+02 9.993716176908037791e-09
6.110000000000000000e+02 8.459268346450584722e-09
6.120000000000000000e+02 6.564247695068509292e-09
6.130000000000000000e+02 1.086047419420755684e-08
6.140000000000000000e+02 6.657749269628030056e-09
6.150000000000000000e+02 7.634310426789291761e-09
6.160000000000000000e+02 1.078182642371966656e-08
6.170000000000000000e+02 8.344099166657628656e-09
6.180000000000000000e+02 1.233116259842074207e-08
6.190000000000000000e+02 9.118670901551163603e-09
6.200000000000000000e+02 6.663983601741232444e-09
6.210000000000000000e+02 2.029870387055047949e-08
6.220000000000000000e+02 1.390359469653119309e-08
6.230000000000000000e+02 7.441592089624316639e-09
6.240000000000000000e+02 7.345843141134468973e-09
6.250000000000000000e+02 8.995649912158948703e-09
6.260000000000000000e+02 7.786093680603524001e-09
6.270000000000000000e+02 6.074630470825766099e-09
6.280000000000000000e+02 9.132219814402260915e-09
6.290000000000000000e+02 9.161201027732677263e-09
6.300000000000000000e+02 7.324700498660181545e-09
6.310000000000000000e+02 7.595630163942049203e-09
6.320000000000000000e+02 1.409059010101039312e-08
6.330000000000000000e+02 1.080425185636214260e-08
6.340000000000000000e+02 7.121332079919483911e-09
6.350000000000000000e+02 1.441224450213712580e-08
6.360000000000000000e+02 1.324619991467632397e-08
6.370000000000000000e+02 1.786657370705271582e-08
6.380000000000000000e+02 8.739784691400468260e-09
6.390000000000000000e+02 7.299216158652350526e-09
6.400000000000000000e+02 1.315115601567745972e-08
6.410000000000000000e+02 7.367734119280511999e-09
6.420000000000000000e+02 8.421968011356460865e-09
6.430000000000000000e+02 7.710022575875386434e-09
6.440000000000000000e+02 1.429339192642845716e-08
6.450000000000000000e+02 1.172411125446603864e-08
6.460000000000000000e+02 8.143668013446883005e-09
6.470000000000000000e+02 8.859969919848162330e-09
6.480000000000000000e+02 9.018227951833347350e-09
6.490000000000000000e+02 6.007157631822361354e-09
6.500000000000000000e+02 8.910452327508442468e-09
6.510000000000000000e+02 6.031570863382080334e-09
6.520000000000000000e+02 6.592851434704684030e-09
6.530000000000000000e+02 7.081276271640503369e-09
6.540000000000000000e+02 1.635954277891168418e-08
6.550000000000000000e+02 6.190818644344445295e-09
6.560000000000000000e+02 6.906258816578241881e-09
6.570000000000000000e+02 8.381428417179001096e-09
6.580000000000000000e+02 1.037430723332038796e-08
6.590000000000000000e+02 6.303107086873970960e-09
6.600000000000000000e+02 6.843938341215446260e-09
6.610000000000000000e+02 5.937037147959860685e-09
6.620000000000000000e+02 7.039947476296713862e-09
6.630000000000000000e+02 6.540077241275305845e-09
6.640000000000000000e+02 6.859386810577211889e-09
6.650000000000000000e+02 5.573217433300964985e-09
6.660000000000000000e+02 7.034870225915775994e-09
6.670000000000000000e+02 7.169585849585051642e-09
6.680000000000000000e+02 6.819083270089338275e-09
6.690000000000000000e+02 1.492282359678140123e-08
6.700000000000000000e+02 1.096024927857028011e-08
6.710000000000000000e+02 6.085059986215158006e-09
6.720000000000000000e+02 6.381132614712754123e-09
6.730000000000000000e+02 7.084889836712275567e-09
6.740000000000000000e+02 7.205283204544470673e-09
6.750000000000000000e+02 9.547481289387868930e-09
6.760000000000000000e+02 7.288367905900584004e-09
6.770000000000000000e+02 8.525324176778359498e-09
6.780000000000000000e+02 9.122324556270310897e-09
6.790000000000000000e+02 5.886082313964965525e-09
6.800000000000000000e+02 6.517981506271208528e-09
6.810000000000000000e+02 6.357689703198413057e-09
6.820000000000000000e+02 7.422034420635259101e-09
6.830000000000000000e+02 5.907851313292596014e-09
6.840000000000000000e+02 9.828775002386805780e-09
6.850000000000000000e+02 1.329325548846978621e-08
6.860000000000000000e+02 6.659941452105487443e-09
6.870000000000000000e+02 7.254703805890483167e-09
6.880000000000000000e+02 6.785034388865467612e-09
6.890000000000000000e+02 5.190361164925578946e-09
6.900000000000000000e+02 6.709495276598984983e-09
6.910000000000000000e+02 6.091821397818756356e-09
6.920000000000000000e+02 5.521924075145600280e-09
6.930000000000000000e+02 5.392734235047168107e-09
6.940000000000000000e+02 5.808629376313006779e-09
6.950000000000000000e+02 6.535383310142676132e-09
6.960000000000000000e+02 1.417163085555631782e-08
6.970000000000000000e+02 6.827772678950856052e-09
6.980000000000000000e+02 5.452213409795054242e-09
6.990000000000000000e+02 5.639090647727891209e-09
7.000000000000000000e+02 5.724237489116511818e-09
7.010000000000000000e+02 8.129932541190423754e-09
7.020000000000000000e+02 5.599594768026795438e-09
7.030000000000000000e+02 4.873117283554463440e-09
7.040000000000000000e+02 6.283615027315927382e-09
7.050000000000000000e+02 6.034665792054399282e-09
7.060000000000000000e+02 9.065128079733289086e-09
7.070000000000000000e+02 1.185199242783268051e-08
7.080000000000000000e+02 5.852452536680236066e-09
7.090000000000000000e+02 8.822021221347838860e-09
7.100000000000000000e+02 9.394115962125884797e-09
7.110000000000000000e+02 6.508864145684122577e-09
7.120000000000000000e+02 5.621896166860221221e-09
7.130000000000000000e+02 5.881539248083400712e-09
7.140000000000000000e+02 9.235989251124389750e-09
7.150000000000000000e+02 8.197012356003518410e-09
7.160000000000000000e+02 6.208418219336526581e-09
7.170000000000000000e+02 7.120027006595462312e-09
7.180000000000000000e+02 8.034266760450876971e-09
7.190000000000000000e+02 5.915336464581513442e-09
7.200000000000000000e+02 6.883340614199899092e-09
7.210000000000000000e+02 6.085620510193242128e-09
7.220000000000000000e+02 5.478085048540698846e-09
7.230000000000000000e+02 8.589658542408332218e-09
7.240000000000000000e+02 7.748565058419570285e-09
7.250000000000000000e+02 4.905963086446257756e-09
7.260000000000000000e+02 4.998310845193725100e-09
7.270000000000000000e+02 6.295644136637559430e-09
7.280000000000000000e+02 4.985754144198656613e-09
7.290000000000000000e+02 5.148705203997398925e-09
7.300000000000000000e+02 5.995757651563137327e-09
7.310000000000000000e+02 5.649264346024245444e-09
7.320000000000000000e+02 6.226102843910311545e-09
7.330000000000000000e+02 6.530572213180314077e-09
7.340000000000000000e+02 9.512225381003474759e-09
7.350000000000000000e+02 5.106669034549949690e-09
7.360000000000000000e+02 4.874886723007719464e-09
7.370000000000000000e+02 5.187909949978073211e-09
7.380000000000000000e+02 6.479820257993754059e-09
7.390000000000000000e+02 6.295722668559539774e-09
7.400000000000000000e+02 4.969195279669563916e-09
7.410000000000000000e+02 5.976019880253371305e-09
7.420000000000000000e+02 7.074042645954907848e-09
7.430000000000000000e+02 5.511757745567919652e-09
7.440000000000000000e+02 4.576479971314659210e-09
7.450000000000000000e+02 5.378044961143451817e-09
7.460000000000000000e+02 6.194975191598069022e-09
7.470000000000000000e+02 5.197930994014260492e-09
7.480000000000000000e+02 5.649928384678399510e-09
7.490000000000000000e+02 7.214855560030374603e-09
7.500000000000000000e+02 4.728625895370057911e-09
7.510000000000000000e+02 5.084262911823392600e-09
7.520000000000000000e+02 5.552113080062522281e-09
7.530000000000000000e+02 5.492258750178565371e-09
7.540000000000000000e+02 4.884704543835157414e-09
7.550000000000000000e+02 5.038654770898329847e-09
7.560000000000000000e+02 7.541682954103559956e-09
7.570000000000000000e+02 5.986751099609702448e-09
7.580000000000000000e+02 5.277053956049829127e-09
7.590000000000000000e+02 5.981563486285219764e-09
7.600000000000000000e+02 5.193114227904951783e-09
7.610000000000000000e+02 5.008582312722404671e-09
7.620000000000000000e+02 5.159504602555240773e-09
7.630000000000000000e+02 4.851242225797060253e-09
7.640000000000000000e+02 8.109810329880227308e-09
7.650000000000000000e+02 7.898004504890449370e-09
7.660000000000000000e+02 4.635450272635325381e-09
7.670000000000000000e+02 5.992273017996886855e-09
7.680000000000000000e+02 7.291825924831705534e-09
7.690000000000000000e+02 4.688225438620181267e-09
7.700000000000000000e+02 5.280526457577538413e-09
7.710000000000000000e+02 4.496865734757679226e-09
7.720000000000000000e+02 4.562694574059370635e-09
7.730000000000000000e+02 5.028100423444883665e-09
7.740000000000000000e+02 5.617561462093426292e-09
7.750000000000000000e+02 5.599142685166595447e-09
7.760000000000000000e+02 4.767027647397335246e-09
7.770000000000000000e+02 4.818457276378295781e-09
7.780000000000000000e+02 5.298972411797502490e-09
7.790000000000000000e+02 7.156273791555304144e-09
7.800000000000000000e+02 5.309181767577479451e-09
7.810000000000000000e+02 5.311516650144348439e-09
7.820000000000000000e+02 5.584890879610141843e-09
7.830000000000000000e+02 4.990373842713387068e-09
7.840000000000000000e+02 4.857286009362227302e-09
7.850000000000000000e+02 5.970168887998255271e-09
7.860000000000000000e+02 5.676065847744197556e-09
7.870000000000000000e+02 4.819307671013341889e-09
7.880000000000000000e+02 7.589694866168628092e-09
7.890000000000000000e+02 5.282776811009866643e-09
7.900000000000000000e+02 4.433867868396668308e-09
7.910000000000000000e+02 4.441727144515144077e-09
7.920000000000000000e+02 4.427865230861183921e-09
7.930000000000000000e+02 5.610444176124545427e-09
7.940000000000000000e+02 5.232746251128782030e-09
7.950000000000000000e+02 5.199132869361373326e-09
7.960000000000000000e+02 7.151584247244714257e-09
7.970000000000000000e+02 6.461669428791151041e-09
7.980000000000000000e+02 4.750876193270917218e-09
7.990000000000000000e+02 5.278567129494963364e-09
8.000000000000000000e+02 4.957686404225002574e-09
8.010000000000000000e+02 4.987093022623020124e-09
8.020000000000000000e+02 4.414236291839496722e-09
8.030000000000000000e+02 4.555542572358944406e-09
8.040000000000000000e+02 4.682944410264585260e-09
8.050000000000000000e+02 4.961737938883563629e-09
8.060000000000000000e+02 5.274492966266152465e-09
8.070000000000000000e+02 4.442261138033393845e-09
8.080000000000000000e+02 5.028285804393816033e-09
8.090000000000000000e+02 4.693410400330924721e-09
8.100000000000000000e+02 4.743571869223250775e-09
8.110000000000000000e+02 4.544399230473944946e-09
8.120000000000000000e+02 7.044078963479830817e-09
8.130000000000000000e+02 8.081083278688290182e-09
8.140000000000000000e+02 4.177505595575157605e-09
8.150000000000000000e+02 4.407088035018463873e-09
8.160000000000000000e+02 5.105772496988557793e-09
8.170000000000000000e+02 4.434992009626900459e-09
8.180000000000000000e+02 4.200654117180765106e-09
8.190000000000000000e+02 4.254861108053875743e-09
8.200000000000000000e+02 4.430701748464967180e-09
8.210000000000000000e+02 4.340285827222749309e-09
8.220000000000000000e+02 4.544755037177573889e-09
8.230000000000000000e+02 4.533806130762654743e-09
8.240000000000000000e+02 6.038619239756138784e-09
8.250000000000000000e+02 5.342337798991323658e-09
8.260000000000000000e+02 4.652698780704339964e-09
8.270000000000000000e+02 5.791887702753525890e-09
8.280000000000000000e+02 4.802603596694206028e-09
8.290000000000000000e+02 6.280077138729031786e-09
8.300000000000000000e+02 4.311489459267327297e-09
8.310000000000000000e+02 4.687806576297922803e-09
8.320000000000000000e+02 4.522007932188590305e-09
8.330000000000000000e+02 4.503346766712038180e-09
8.340000000000000000e+02 4.938288143246434407e-09
8.350000000000000000e+02 4.354538391461907112e-09
8.360000000000000000e+02 5.085087798021132084e-09
8.370000000000000000e+02 6.839801037691999804e-09
8.380000000000000000e+02 4.554869000782649035e-09
8.390000000000000000e+02 5.193906757705117204e-09
8.400000000000000000e+02 4.744812337889461445e-09
8.410000000000000000e+02 4.070016884124169641e-09
8.420000000000000000e+02 4.373326804522090991e-09
8.430000000000000000e+02 4.080554558321231552e-09
8.440000000000000000e+02 4.495300376591652758e-09
8.450000000000000000e+02 4.572888077866178466e-09
8.460000000000000000e+02 6.559473061824720186e-09
8.470000000000000000e+02 5.444584140276495942e-09
8.480000000000000000e+02 4.166471715199799144e-09
8.490000000000000000e+02 5.345154681862251624e-09
8.500000000000000000e+02 6.187715891138349729e-09
8.510000000000000000e+02 5.073094239084742614e-09
8.520000000000000000e+02 4.485974191831514176e-09
8.530000000000000000e+02 4.560995348497973632e-09
8.540000000000000000e+02 4.020992615057081205e-09
8.550000000000000000e+02 4.561906752687206044e-09
8.560000000000000000e+02 4.385115226072645610e-09
8.570000000000000000e+02 4.081051953641080608e-09
8.580000000000000000e+02 4.628222424805380446e-09
8.590000000000000000e+02 4.431479985745089884e-09
8.600000000000000000e+02 4.521801955025276531e-09
8.610000000000000000e+02 4.107668260540434572e-09
8.620000000000000000e+02 3.989505483866511364e-09
8.630000000000000000e+02 5.008528649092463605e-09
8.640000000000000000e+02 4.229151919484196115e-09
8.650000000000000000e+02 4.346034908190386784e-09
8.660000000000000000e+02 4.596033753497577147e-09
8.670000000000000000e+02 4.188079133691929512e-09
8.680000000000000000e+02 5.263096273499789056e-09
8.690000000000000000e+02 4.572744840031612901e-09
8.700000000000000000e+02 4.116113872933794400e-09
8.710000000000000000e+02 4.109737773846684851e-09
8.720000000000000000e+02 4.412989865571590279e-09
8.730000000000000000e+02 4.579754029926921893e-09
8.740000000000000000e+02 4.220573809810060978e-09
8.750000000000000000e+02 4.504703059377275221e-09
8.760000000000000000e+02 4.300821272649956342e-09
8.770000000000000000e+02 3.995329734059437590e-09
8.780000000000000000e+02 5.296778390334392775e-09
8.790000000000000000e+02 4.756265002229497232e-09
8.800000000000000000e+02 4.064477815156348609e-09
8.810000000000000000e+02 4.265759362962927871e-09
8.820000000000000000e+02 4.782630409971368821e-09
8.830000000000000000e+02 4.498917686837531208e-09
8.840000000000000000e+02 4.624920599027025056e-09
8.850000000000000000e+02 4.086806117542932325e-09
8.860000000000000000e+02 4.267968817374427213e-09
8.870000000000000000e+02 4.269445654880331529e-09
8.880000000000000000e+02 4.403552044377102050e-09
8.890000000000000000e+02 3.934774007061199261e-09
8.900000000000000000e+02 4.239234276826573372e-09
8.910000000000000000e+02 4.386774974593792771e-09
8.920000000000000000e+02 4.192013615021737849e-09
8.930000000000000000e+02 3.994212826853876025e-09
8.940000000000000000e+02 4.386687202217832743e-09
8.950000000000000000e+02 5.070899837593718410e-09
8.960000000000000000e+02 4.724726388263310240e-09
8.970000000000000000e+02 4.314638499308351938e-09
8.980000000000000000e+02 3.950881607629925139e-09
8.990000000000000000e+02 3.924321903287433443e-09
9.000000000000000000e+02 3.875556501979200351e-09
9.010000000000000000e+02 4.055674880841149357e-09
9.020000000000000000e+02 5.182088661482716768e-09
9.030000000000000000e+02 4.109129483736625478e-09
9.040000000000000000e+02 4.661694769251787641e-09
9.050000000000000000e+02 5.671569650383863484e-09
9.060000000000000000e+02 4.289587196231332670e-09
9.070000000000000000e+02 4.482159637470858682e-09
9.080000000000000000e+02 4.101567065050655701e-09
9.090000000000000000e+02 4.127114912800234244e-09
9.100000000000000000e+02 4.735284757442210635e-09
9.110000000000000000e+02 3.997365325135512429e-09
9.120000000000000000e+02 3.876403869776686512e-09
9.130000000000000000e+02 3.939716284280974093e-09
9.140000000000000000e+02 3.977339428632548007e-09
9.150000000000000000e+02 3.992362544636521246e-09
9.160000000000000000e+02 4.170499517539653377e-09
9.170000000000000000e+02 4.471402318522085997e-09
9.180000000000000000e+02 4.130333607299227897e-09
9.190000000000000000e+02 3.806835900903878034e-09
9.200000000000000000e+02 3.994895411151287299e-09
9.210000000000000000e+02 4.237784484618567833e-09
9.220000000000000000e+02 4.073900597222947422e-09
9.230000000000000000e+02 3.825455821413186515e-09
9.240000000000000000e+02 3.864632232243699215e-09
9.250000000000000000e+02 4.006194664501193749e-09
9.260000000000000000e+02 4.313069713009133377e-09
9.270000000000000000e+02 4.810930260855466024e-09
9.280000000000000000e+02 4.374054153708056181e-09
9.290000000000000000e+02 3.783238036513057984e-09
9.300000000000000000e+02 4.038120913729298121e-09
9.310000000000000000e+02 5.536215710444593712e-09
9.320000000000000000e+02 4.719713209100881619e-09
9.330000000000000000e+02 5.390064895482835959e-09
9.340000000000000000e+02 4.826011283449068820e-09
9.350000000000000000e+02 3.878659346344955353e-09
9.360000000000000000e+02 3.712426289559013458e-09
9.370000000000000000e+02 4.045757036702375774e-09
9.380000000000000000e+02 3.842580206920965842e-09
9.390000000000000000e+02 3.879041091412091163e-09
9.400000000000000000e+02 3.686412697013135515e-09
9.410000000000000000e+02 4.005252448018204658e-09
9.420000000000000000e+02 3.851916027289992084e-09
9.430000000000000000e+02 3.926911624220788149e-09
9.440000000000000000e+02 4.813158064509830467e-09
9.450000000000000000e+02 3.853568755407723008e-09
9.460000000000000000e+02 3.840364842413576351e-09
9.470000000000000000e+02 3.809683453926584889e-09
9.480000000000000000e+02 3.859253421617709907e-09
9.490000000000000000e+02 4.992124033652120987e-09
9.500000000000000000e+02 3.722933750083399701e-09
9.510000000000000000e+02 4.034416580449887692e-09
9.520000000000000000e+02 3.967102412429117058e-09
9.530000000000000000e+02 4.272938306024974933e-09
9.540000000000000000e+02 3.838455991140077522e-09
9.550000000000000000e+02 3.826947519728405606e-09
9.560000000000000000e+02 3.717528577857222916e-09
9.570000000000000000e+02 3.646092980165213827e-09
9.580000000000000000e+02 3.718256954940298778e-09
9.590000000000000000e+02 3.964362752968135585e-09
9.600000000000000000e+02 4.507684374735581417e-09
9.610000000000000000e+02 3.822874735036131821e-09
9.620000000000000000e+02 3.890048623222064401e-09
9.630000000000000000e+02 4.063405043177615939e-09
9.640000000000000000e+02 3.708100610301889154e-09
9.650000000000000000e+02 3.743291057306603944e-09
9.660000000000000000e+02 3.700306461100579070e-09
9.670000000000000000e+02 3.780990344048064396e-09
9.680000000000000000e+02 3.684743062658651360e-09
9.690000000000000000e+02 3.734293967762814387e-09
9.700000000000000000e+02 4.733398258175133188e-09
9.710000000000000000e+02 4.268497766523116784e-09
9.720000000000000000e+02 3.890201783952389463e-09
9.730000000000000000e+02 4.077971007997235970e-09
9.740000000000000000e+02 4.214871587603473092e-09
9.750000000000000000e+02 3.744382646342725835e-09
9.760000000000000000e+02 3.688154801479298175e-09
9.770000000000000000e+02 3.752529186115022566e-09
9.780000000000000000e+02 3.720510942179790959e-09
9.790000000000000000e+02 3.978160119071323043e-09
9.800000000000000000e+02 3.732720016953864376e-09
9.810000000000000000e+02 3.682553679430964797e-09
9.820000000000000000e+02 3.998879788879874867e-09
9.830000000000000000e+02 3.683539446373861993e-09
9.840000000000000000e+02 3.949412034764843698e-09
9.850000000000000000e+02 4.025067103333486112e-09
9.860000000000000000e+02 4.271180875427778107e-09
9.870000000000000000e+02 4.015638111915186635e-09
9.880000000000000000e+02 4.451733376842889471e-09
9.890000000000000000e+02 4.478284414967273311e-09
9.900000000000000000e+02 3.731534404901313542e-09
9.910000000000000000e+02 4.055836440944225210e-09
9.920000000000000000e+02 3.624753339012360316e-09
9.930000000000000000e+02 3.912624499755862053e-09
9.940000000000000000e+02 3.794800069107491835e-09
9.950000000000000000e+02 3.650989697695365554e-09
9.960000000000000000e+02 3.775172265891637794e-09
9.970000000000000000e+02 3.885732550032091266e-09
9.980000000000000000e+02 4.114064901226082330e-09
9.990000000000000000e+02 3.705722955557776914e-09
1.000000000000000000e+03 3.790820556894582371e-09
1.001000000000000000e+03 4.128776020713222770e-09
1.002000000000000000e+03 4.348126917092168863e-09
1.003000000000000000e+03 3.913486417351313988e-09
1.004000000000000000e+03 3.493547991469101862e-09
1.005000000000000000e+03 3.537978586569668706e-09
1.006000000000000000e+03 3.726989239929336540e-09
1.007000000000000000e+03 4.571533013748838990e-09
1.008000000000000000e+03 4.377149036680539702e-09
1.009000000000000000e+03 3.697656249173063688e-09
1.010000000000000000e+03 3.502596296745753950e-09
1.011000000000000000e+03 3.696199205965729840e-09
1.012000000000000000e+03 3.814321721728453372e-09
1.013000000000000000e+03 3.806140137013698132e-09
1.014000000000000000e+03 4.150508769306239972e-09
1.015000000000000000e+03 3.993914237213677863e-09
1.016000000000000000e+03 3.773323152748821807e-09
1.017000000000000000e+03 3.821069883559479154e-09
1.018000000000000000e+03 3.825497721784709019e-09
1.019000000000000000e+03 3.858463148202730195e-09
1.020000000000000000e+03 4.069626589803092598e-09
1.021000000000000000e+03 3.886702326540827528e-09
1.022000000000000000e+03 3.701508722125280996e-09
1.023000000000000000e+03 3.635748570611274087e-09
1.024000000000000000e+03 3.529497350781548207e-09
1.025000000000000000e+03 3.640282906308424968e-09
1.026000000000000000e+03 3.962730371159504785e-09
1.027000000000000000e+03 3.849066103454830488e-09
1.028000000000000000e+03 3.569430404113661697e-09
1.029000000000000000e+03 4.332751055142823279e-09
1.030000000000000000e+03 3.734171015906981428e-09
1.031000000000000000e+03 3.590637646667993238e-09
1.032000000000000000e+03 3.682451664161179829e-09
1.033000000000000000e+03 3.847022117193726649e-09
1.034000000000000000e+03 3.720969861530561260e-09
1.035000000000000000e+03 4.811821070189178735e-09
1.036000000000000000e+03 3.836907279584033638e-09
1.037000000000000000e+03 3.523299441564153054e-09
1.038000000000000000e+03 3.512766015271935410e-09
1.039000000000000000e+03 3.615281542322787871e-09
1.040000000000000000e+03 3.624869988949677358e-09
1.041000000000000000e+03 3.839644594452602564e-09
1.042000000000000000e+03 4.216963779649436069e-09
1.043000000000000000e+03 3.689896651036644265e-09
1.044000000000000000e+03 3.752495742793825333e-09
1.045000000000000000e+03 3.823818645656646780e-09
1.046000000000000000e+03 3.678127540903594934e-09
1.047000000000000000e+03 3.553897313740223814e-09
1.048000000000000000e+03 4.210892475377371052e-09
1.049000000000000000e+03 3.468534119721060599e-09
1.050000000000000000e+03 3.648818798906733841e-09
1.051000000000000000e+03 3.452238829950822481e-09
1.052000000000000000e+03 3.422298987198391697e-09
1.053000000000000000e+03 4.050983849137216698e-09
1.054000000000000000e+03 3.573359169256393558e-09
1.055000000000000000e+03 3.742371487190484350e-09
1.056000000000000000e+03 4.002428902995178256e-09
1.057000000000000000e+03 3.693987835239499757e-09
1.058000000000000000e+03 3.681831671360014058e-09
1.059000000000000000e+03 3.469085212482358704e-09
1.060000000000000000e+03 3.602972094921639468e-09
1.061000000000000000e+03 3.782993025625153861e-09
1.062000000000000000e+03 3.778169315219927412e-09
1.063000000000000000e+03 3.895195553520092511e-09
1.064000000000000000e+03 3.660389156506210356e-09
1.065000000000000000e+03 3.831309926527537536e-09
1.066000000000000000e+03 3.653041616696114293e-09
1.067000000000000000e+03 3.523013598159200668e-09
1.068000000000000000e+03 3.427744364012489347e-09
1.069000000000000000e+03 3.809102611191258217e-09
1.070000000000000000e+03 3.789511931226771499e-09
1.071000000000000000e+03 3.404731652867963187e-09
1.072000000000000000e+03 3.593985909724647387e-09
1.073000000000000000e+03 3.833183656054495675e-09
1.074000000000000000e+03 4.094232498318481408e-09
1.075000000000000000e+03 3.617067565086620710e-09
1.076000000000000000e+03 3.395269687136217656e-09
1.077000000000000000e+03 3.634887483706277023e-09
1.078000000000000000e+03 3.811228664344770414e-09
1.079000000000000000e+03 5.005593802015040769e-09
1.080000000000000000e+03 4.153272760894734758e-09
1.081000000000000000e+03 3.760029133085075915e-09
1.082000000000000000e+03 3.521324911511515560e-09
1.083000000000000000e+03 3.371076071177641708e-09
1.084000000000000000e+03 3.420464588939691322e-09
1.085000000000000000e+03 3.452733741009764645e-09
1.086000000000000000e+03 3.932527445206038653e-09
1.087000000000000000e+03 3.463647817034829166e-09
1.088000000000000000e+03 3.487920801767836688e-09
1.089000000000000000e+03 3.840589829311422327e-09
1.090000000000000000e+03 3.440329821837586977e-09
1.091000000000000000e+03 3.700725529270961515e-09
1.092000000000000000e+03 4.346378068248618681e-09
1.093000000000000000e+03 3.819193223409302851e-09
1.094000000000000000e+03 3.425146517073106305e-09
1.095000000000000000e+03 3.570886384882981847e-09
1.096000000000000000e+03 3.615963039447409321e-09
1.097000000000000000e+03 3.800930424380225161e-09
1.098000000000000000e+03 3.615349883035329139e-09
1.099000000000000000e+03 3.693455031312877670e-09
1.100000000000000000e+03 3.625816794067906921e-09
1.101000000000000000e+03 3.638088795092948119e-09
1.102000000000000000e+03 3.543525156522227074e-09
1.103000000000000000e+03 3.438684620079504324e-09
1.104000000000000000e+03 3.474645779081030473e-09
1.105000000000000000e+03 3.483867289254394709e-09
1.106000000000000000e+03 3.473897296391657156e-09
1.107000000000000000e+03 3.469553948930674563e-09
1.108000000000000000e+03 3.360971404593711402e-09
1.109000000000000000e+03 3.375411985744079238e-09
1.110000000000000000e+03 4.121624580392753847e-09
1.111000000000000000e+03 3.867097312540369502e-09
1.112000000000000000e+03 4.128979864524797210e-09
1.113000000000000000e+03 3.526647485536849608e-09
1.114000000000000000e+03 3.484171419709791636e-09
1.115000000000000000e+03 3.457109076255526561e-09
1.116000000000000000e+03 3.528205278662569536e-09
1.117000000000000000e+03 3.556941636786238906e-09
1.118000000000000000e+03 3.478728120151469531e-09
1.119000000000000000e+03 3.854037204054858799e-09
1.120000000000000000e+03 3.364843755445265132e-09
1.121000000000000000e+03 3.563618199571469147e-09
1.122000000000000000e+03 3.549367034906721989e-09
1.123000000000000000e+03 3.704720904699364310e-09
1.124000000000000000e+03 3.404823898595699441e-09
1.125000000000000000e+03 3.629352982927043244e-09
1.126000000000000000e+03 3.371285014258576584e-09
1.127000000000000000e+03 3.625066483478824915e-09
1.128000000000000000e+03 3.502988916019409057e-09
1.129000000000000000e+03 3.944723578454873584e-09
1.130000000000000000e+03 3.380440501788246731e-09
1.131000000000000000e+03 3.563106550810605825e-09
1.132000000000000000e+03 3.413667632855763981e-09
1.133000000000000000e+03 3.405446219088096009e-09
1.134000000000000000e+03 3.394940474933246949e-09
1.135000000000000000e+03 3.385553100691448870e-09
1.136000000000000000e+03 3.412431973765610553e-09
1.137000000000000000e+03 3.444705926363409680e-09
1.138000000000000000e+03 3.660551346847564802e-09
1.139000000000000000e+03 3.421394793117857500e-09
1.140000000000000000e+03 3.314082414141790912e-09
1.141000000000000000e+03 3.436523611983624389e-09
1.142000000000000000e+03 3.319143073174551690e-09
1.143000000000000000e+03 3.533824888367505058e-09
1.144000000000000000e+03 3.674755317071071813e-09
1.145000000000000000e+03 3.378758241429378067e-09
1.146000000000000000e+03 3.694411897047314749e-09
1.147000000000000000e+03 3.559068833751523558e-09
1.148000000000000000e+03 3.328898480302086984e-09
1.149000000000000000e+03 3.472797787376933474e-09
1.150000000000000000e+03 3.384191156143970884e-09
1.151000000000000000e+03 3.247734497119669115e-09
1.152000000000000000e+03 3.809319346781172678e-09
1.153000000000000000e+03 3.925610759482631331e-09
1.154000000000000000e+03 3.367526873637348659e-09
1.155000000000000000e+03 3.510791130669768039e-09
1.156000000000000000e+03 3.376085079450394395e-09
1.157000000000000000e+03 3.294821022239536497e-09
1.158000000000000000e+03 3.512793699533181620e-09
1.159000000000000000e+03 3.325408931862859116e-09
1.160000000000000000e+03 3.376307750647726264e-09
1.161000000000000000e+03 3.670674441155761185e-09
1.162000000000000000e+03 3.326959025494115466e-09
1.163000000000000000e+03 3.341954530341543847e-09
1.164000000000000000e+03 3.386187005224023324e-09
1.165000000000000000e+03 3.592753341953669515e-09
1.166000000000000000e+03 3.458923374240664870e-09
1.167000000000000000e+03 4.259921540420491209e-09
1.168000000000000000e+03 3.351784346985758316e-09
1.169000000000000000e+03 3.293507935892254639e-09
1.170000000000000000e+03 3.241733168793378395e-09
1.171000000000000000e+03 4.358080124988923584e-09
1.172000000000000000e+03 4.342430349890946136e-09
1.173000000000000000e+03 3.833526944917676126e-09
1.174000000000000000e+03 3.609802390640510124e-09
1.175000000000000000e+03 3.431424098058209011e-09
1.176000000000000000e+03 3.604238299078964818e-09
1.177000000000000000e+03 3.671596977530450013e-09
1.178000000000000000e+03 3.325202300050872397e-09
1.179000000000000000e+03 3.244491952552530925e-09
1.180000000000000000e+03 3.272884646096297089e-09
1.181000000000000000e+03 3.285300387332116806e-09
1.182000000000000000e+03 3.231977528904674935e-09
1.183000000000000000e+03 3.195485401822919000e-09
1.184000000000000000e+03 3.325158769250676753e-09
1.185000000000000000e+03 3.415514531261507967e-09
1.186000000000000000e+03 3.659925657314396735e-09
1.187000000000000000e+03 3.372819895270314755e-09
1.188000000000000000e+03 3.327482148910396787e-09
1.189000000000000000e+03 3.208666225109684440e-09
1.190000000000000000e+03 3.672771434530031345e-09
1.191000000000000000e+03 3.201039578941566294e-09
1.192000000000000000e+03 3.205957018019317183e-09
1.193000000000000000e+03 3.331473941686944748e-09
1.194000000000000000e+03 3.926540347327569771e-09
1.195000000000000000e+03 3.194643302490368537e-09
1.196000000000000000e+03 3.543362161201190492e-09
1.197000000000000000e+03 3.390731509200283687e-09
1.198000000000000000e+03 3.208365390899580934e-09
1.199000000000000000e+03 3.349965832633372491e-09
1.200000000000000000e+03 3.224403783819227756e-09
1.201000000000000000e+03 3.189947412009409863e-09
1.202000000000000000e+03 3.468211484805116101e-09
1.203000000000000000e+03 3.573260440252571762e-09
1.204000000000000000e+03 3.195260610727725808e-09
1.205000000000000000e+03 3.308951512869631551e-09
1.206000000000000000e+03 3.247092751236976487e-09
1.207000000000000000e+03 3.679902208657788409e-09
1.208000000000000000e+03 3.726063826634719649e-09
1.209000000000000000e+03 3.273575436130956296e-09
1.210000000000000000e+03 3.155412262410709639e-09
1.211000000000000000e+03 3.250361785271511617e-09
1.212000000000000000e+03 3.388778342691157681e-09
1.213000000000000000e+03 3.294153014426883914e-09
1.214000000000000000e+03 3.550722734856671314e-09
1.215000000000000000e+03 3.394412907788102089e-09
1.216000000000000000e+03 3.332878630476264200e-09
1.217000000000000000e+03 3.320870530683931556e-09
1.218000000000000000e+03 3.366167510310480217e-09
1.219000000000000000e+03 3.541550488598767983e-09
1.220000000000000000e+03 3.505797728426607816e-09
1.221000000000000000e+03 3.493946512477870686e-09
1.222000000000000000e+03 3.579494537472315104e-09
1.223000000000000000e+03 3.159679931337076549e-09
1.224000000000000000e+03 3.230829006913398326e-09
1.225000000000000000e+03 3.160691311005035627e-09
1.226000000000000000e+03 3.377284447039342658e-09
1.227000000000000000e+03 3.392386754627001749e-09
1.228000000000000000e+03 3.403685172625476279e-09
1.229000000000000000e+03 3.206073515115215007e-09
1.230000000000000000e+03 3.927393568799148405e-09
1.231000000000000000e+03 3.894438509385290474e-09
1.232000000000000000e+03 3.264346171235361884e-09
1.233000000000000000e+03 3.518754796775209036e-09
1.234000000000000000e+03 3.303909116491907405e-09
1.235000000000000000e+03 3.337796385131917645e-09
1.236000000000000000e+03 3.302640241513591128e-09
1.237000000000000000e+03 3.180762094952749800e-09
1.238000000000000000e+03 3.432009881008398828e-09
1.239000000000000000e+03 3.390041358701721696e-09
1.240000000000000000e+03 3.622227674375515338e-09
1.241000000000000000e+03 3.285068095401183427e-09
1.242000000000000000e+03 3.174498584120086573e-09
1.243000000000000000e+03 3.273373679284902457e-09
1.244000000000000000e+03 3.146550179638594070e-09
1.245000000000000000e+03 3.159469904489550918e-09
1.246000000000000000e+03 3.176701416495615129e-09
1.247000000000000000e+03 3.141671993873723145e-09
1.248000000000000000e+03 3.446605128845667357e-09
1.249000000000000000e+03 3.306077210852341795e-09
1.250000000000000000e+03 3.227010165170166579e-09
1.251000000000000000e+03 3.235489251228556491e-09
1.252000000000000000e+03 3.208458732777220268e-09
1.253000000000000000e+03 3.193741356194199527e-09
1.254000000000000000e+03 3.145914306389024839e-09
1.255000000000000000e+03 3.108432225085020181e-09
1.256000000000000000e+03 3.090529193933595352e-09
1.257000000000000000e+03 3.161336781000075724e-09
1.258000000000000000e+03 3.459840642746070759e-09
1.259000000000000000e+03 3.257189558289486553e-09
1.260000000000000000e+03 3.143179693228871770e-09
1.261000000000000000e+03 3.121657660993485348e-09
1.262000000000000000e+03 3.194527302152468398e-09
1.263000000000000000e+03 3.113860658059204205e-09
1.264000000000000000e+03 3.151358898362995324e-09
1.265000000000000000e+03 3.181267960557049612e-09
1.266000000000000000e+03 3.232935927219599120e-09
1.267000000000000000e+03 3.115683302802279834e-09
1.268000000000000000e+03 3.168403131681728933e-09
1.269000000000000000e+03 3.160540513905060036e-09
1.270000000000000000e+03 3.470816253763663782e-09
1.271000000000000000e+03 3.638195266432153639e-09
1.272000000000000000e+03 3.138535058836255020e-09
1.273000000000000000e+03 3.076776580981761503e-09
1.274000000000000000e+03 3.372211590384491468e-09
1.275000000000000000e+03 3.474184010183933088e-09
1.276000000000000000e+03 3.218799485285595864e-09
1.277000000000000000e+03 3.381109384944437628e-09
1.278000000000000000e+03 3.465941943992689649e-09
1.279000000000000000e+03 3.318820070450968141e-09
1.280000000000000000e+03 3.158681489746561698e-09
1.281000000000000000e+03 3.401827574534287472e-09
1.282000000000000000e+03 3.342365948717428191e-09
1.283000000000000000e+03 3.089835653126034661e-09
1.284000000000000000e+03 3.165253266991261518e-09
1.285000000000000000e+03 3.185068864047022022e-09
1.286000000000000000e+03 3.099658469541856954e-09
1.287000000000000000e+03 3.177039940955711000e-09
1.288000000000000000e+03 3.498944599673306811e-09
1.289000000000000000e+03 3.256575868587413271e-09
1.290000000000000000e+03 3.278257648379957139e-09
1.291000000000000000e+03 3.098335638889492957e-09
1.292000000000000000e+03 3.120124471120777239e-09
1.293000000000000000e+03 3.118584143828963257e-09
1.294000000000000000e+03 3.224049113058323932e-09
1.295000000000000000e+03 3.207504494680465716e-09
1.296000000000000000e+03 3.176962624428620615e-09
1.297000000000000000e+03 3.478085631519924217e-09
1.298000000000000000e+03 3.391310785317584859e-09
1.299000000000000000e+03 3.344378950457633187e-09
1.300000000000000000e+03 3.097116165912817722e-09
1.301000000000000000e+03 3.389196422818599757e-09
1.302000000000000000e+03 3.236517996060674022e-09
1.303000000000000000e+03 3.097750472293482536e-09
1.304000000000000000e+03 3.185149883309535766e-09
1.305000000000000000e+03 3.515836913502381786e-09
1.306000000000000000e+03 3.656557637141796785e-09
1.307000000000000000e+03 3.289344442500711816e-09
1.308000000000000000e+03 3.199930382808023583e-09
1.309000000000000000e+03 3.170344189250224349e-09
1.310000000000000000e+03 3.350597460061208312e-09
1.311000000000000000e+03 3.094350932306007471e-09
1.312000000000000000e+03 2.996213844133543613e-09
1.313000000000000000e+03 3.213749711279519101e-09
1.314000000000000000e+03 3.100168907467724654e-09
1.315000000000000000e+03 3.180559658477833984e-09
1.316000000000000000e+03 3.125742074273426721e-09
1.317000000000000000e+03 3.092759203952545382e-09
1.318000000000000000e+03 3.671877679361148918e-09
1.319000000000000000e+03 3.399987452032909654e-09
1.320000000000000000e+03 3.085469055640556388e-09
1.321000000000000000e+03 3.026322683959587339e-09
1.322000000000000000e+03 3.061473093820868523e-09
1.323000000000000000e+03 3.026910867401405273e-09
1.324000000000000000e+03 3.131488860965713717e-09
1.325000000000000000e+03 3.167501511532304084e-09
1.326000000000000000e+03 3.388132284322749294e-09
1.327000000000000000e+03 3.342306876050200548e-09
1.328000000000000000e+03 3.051860055741582497e-09
1.329000000000000000e+03 3.090410903734158561e-09
1.330000000000000000e+03 3.070717607859658816e-09
1.331000000000000000e+03 3.415000164530301728e-09
1.332000000000000000e+03 3.171385007937925635e-09
1.333000000000000000e+03 3.103065640915564585e-09
1.334000000000000000e+03 3.392035651608527625e-09
1.335000000000000000e+03 3.106971062302132403e-09
1.336000000000000000e+03 3.065351157321883824e-09
1.337000000000000000e+03 3.026855527122617261e-09
1.338000000000000000e+03 3.038308743686883988e-09
1.339000000000000000e+03 3.077302794637182716e-09
1.340000000000000000e+03 3.045184092640282186e-09
1.341000000000000000e+03 3.092170480268030664e-09
1.342000000000000000e+03 3.061791802040814823e-09
1.343000000000000000e+03 3.101035964310745128e-09
1.344000000000000000e+03 3.209124082550683545e-09
1.345000000000000000e+03 3.489816667076281015e-09
1.346000000000000000e+03 3.004356219252861797e-09
1.347000000000000000e+03 3.040632369504486227e-09
1.348000000000000000e+03 3.084432051919119922e-09
1.349000000000000000e+03 3.030036069781956101e-09
1.350000000000000000e+03 3.032254311385318370e-09
1.351000000000000000e+03 3.252095239787848709e-09
1.352000000000000000e+03 3.295641707346381405e-09
1.353000000000000000e+03 3.009033983048188523e-09
1.354000000000000000e+03 3.121757315051180471e-09
1.355000000000000000e+03 2.997946939046653240e-09
1.356000000000000000e+03 3.271632805487862220e-09
1.357000000000000000e+03 3.165618149618717614e-09
1.358000000000000000e+03 3.048784557669930584e-09
1.359000000000000000e+03 3.080335156781478785e-09
1.360000000000000000e+03 3.005212704533342914e-09
1.361000000000000000e+03 3.274158565555524067e-09
1.362000000000000000e+03 3.032896531176469818e-09
1.363000000000000000e+03 3.247707731952125325e-09
1.364000000000000000e+03 3.148001295417135153e-09
1.365000000000000000e+03 3.421016834479898097e-09
1.366000000000000000e+03 3.265639076597385046e-09
1.367000000000000000e+03 3.076091108295550979e-09
1.368000000000000000e+03 2.950289752063467051e-09
1.369000000000000000e+03 3.120111283701614844e-09
1.370000000000000000e+03 2.948043896382615609e-09
1.371000000000000000e+03 3.026703766970874878e-09
1.372000000000000000e+03 3.218092650596997772e-09
1.373000000000000000e+03 3.242450556248512706e-09
1.374000000000000000e+03 3.351863129676504685e-09
1.375000000000000000e+03 3.774017459160020441e-09
1.376000000000000000e+03 3.527403996595088927e-09
1.377000000000000000e+03 3.113968667199495479e-09
1.378000000000000000e+03 3.258377398936297504e-09
1.379000000000000000e+03 2.973529018054092295e-09
1.380000000000000000e+03 3.121240063762719833e-09
1.381000000000000000e+03 3.297318059707843515e-09
1.382000000000000000e+03 3.003319603362398823e-09
1.383000000000000000e+03 3.009402484433172185e-09
1.384000000000000000e+03 3.198863187943977859e-09
1.385000000000000000e+03 2.984207948400566198e-09
1.386000000000000000e+03 2.971619935906249506e-09
1.387000000000000000e+03 3.017497495323083181e-09
1.388000000000000000e+03 2.966423839636727010e-09
1.389000000000000000e+03 3.020221538969328794e-09
1.390000000000000000e+03 3.074693075404544679e-09
1.391000000000000000e+03 3.004116065728742718e-09
1.392000000000000000e+03 3.035566809581508390e-09
1.393000000000000000e+03 2.946982950962625856e-09
1.394000000000000000e+03 3.189564927499682543e-09
1.395000000000000000e+03 3.149757757393974137e-09
1.396000000000000000e+03 3.046561025701666490e-09
1.397000000000000000e+03 3.156486031700406669e-09
1.398000000000000000e+03 3.013568702021970180e-09
1.399000000000000000e+03 3.007076664867724569e-09
1.400000000000000000e+03 3.343113161864094588e-09
1.401000000000000000e+03 3.240131335154524689e-09
1.402000000000000000e+03 3.138651623676787106e-09
1.403000000000000000e+03 2.956475904670240693e-09
1.404000000000000000e+03 2.929137593240011345e-09
1.405000000000000000e+03 3.016060511459013034e-09
1.406000000000000000e+03 3.076336900319175489e-09
1.407000000000000000e+03 2.993500847874497289e-09
1.408000000000000000e+03 2.944487613144134122e-09
1.409000000000000000e+03 2.938755927953178961e-09
1.410000000000000000e+03 2.975327619041207971e-09
1.411000000000000000e+03 2.964924829599740891e-09
1.412000000000000000e+03 2.986380574321265590e-09
1.413000000000000000e+03 2.983045063723141456e-09
1.414000000000000000e+03 2.967170539286787224e-09
1.415000000000000000e+03 3.239320157985095382e-09
1.416000000000000000e+03 3.024582141377094763e-09
1.417000000000000000e+03 2.996478366365558592e-09
1.418000000000000000e+03 3.182868698744892997e-09
1.419000000000000000e+03 3.426666947375382775e-09
1.420000000000000000e+03 3.149928277588024350e-09
1.421000000000000000e+03 2.919290049369478034e-09
1.422000000000000000e+03 2.899577184002415841e-09
1.423000000000000000e+03 2.929504042199688803e-09
1.424000000000000000e+03 3.056786380131334518e-09
1.425000000000000000e+03 3.010084021841831092e-09
1.426000000000000000e+03 2.925781756824714382e-09
1.427000000000000000e+03 2.999212397007531824e-09
1.428000000000000000e+03 2.998913154512308818e-09
1.429000000000000000e+03 3.175554493757566991e-09
1.430000000000000000e+03 2.930593721548118909e-09
1.431000000000000000e+03 2.964874629029211389e-09
1.432000000000000000e+03 3.029260989350271142e-09
1.433000000000000000e+03 3.021091156211487312e-09
1.434000000000000000e+03 3.092125102531522821e-09
1.435000000000000000e+03 3.023517083636238966e-09
1.436000000000000000e+03 3.132203529709941061e-09
1.437000000000000000e+03 3.007576285620167047e-09
1.438000000000000000e+03 3.196319474596901052e-09
1.439000000000000000e+03 2.949242646272049242e-09
1.440000000000000000e+03 2.911882719766479259e-09
1.441000000000000000e+03 2.896600632416430957e-09
1.442000000000000000e+03 2.909289445729732842e-09
1.443000000000000000e+03 2.974282283972907964e-09
1.444000000000000000e+03 2.934422847972952099e-09
1.445000000000000000e+03 3.018529094414638318e-09
1.446000000000000000e+03 2.926154292516114012e-09
1.447000000000000000e+03 2.945077961452501382e-09
1.448000000000000000e+03 3.245664280199300253e-09
1.449000000000000000e+03 3.204462477545198224e-09
1.450000000000000000e+03 2.896745260096358196e-09
1.451000000000000000e+03 2.930389041941527019e-09
1.452000000000000000e+03 3.117705351312972358e-09
1.453000000000000000e+03 2.895280951868519369e-09
1.454000000000000000e+03 2.921387789988411881e-09
1.455000000000000000e+03 3.087424117692695719e-09
1.456000000000000000e+03 2.907467027537389737e-09
1.457000000000000000e+03 3.022943567996083298e-09
1.458000000000000000e+03 2.976642102750661760e-09
1.459000000000000000e+03 2.929174057066681084e-09
1.460000000000000000e+03 3.174506607714081027e-09
1.461000000000000000e+03 2.937941688803155030e-09
1.462000000000000000e+03 3.003311567037173676e-09
1.463000000000000000e+03 2.934417252758083865e-09
1.464000000000000000e+03 2.890949890761907745e-09
1.465000000000000000e+03 2.997447331681154971e-09
1.466000000000000000e+03 2.956958465320539704e-09
1.467000000000000000e+03 3.074150873550765554e-09
1.468000000000000000e+03 3.015886024243517262e-09
1.469000000000000000e+03 2.936534663195826843e-09
1.470000000000000000e+03 2.896958978520984416e-09
1.471000000000000000e+03 3.115324649273254608e-09
1.472000000000000000e+03 2.922514650825156818e-09
1.473000000000000000e+03 2.885265970392483079e-09
1.474000000000000000e+03 3.076616534320493505e-09
1.475000000000000000e+03 2.935999649636717254e-09
1.476000000000000000e+03 3.279494000181594111e-09
1.477000000000000000e+03 2.928412064071158290e-09
1.478000000000000000e+03 2.952034296894835858e-09
1.479000000000000000e+03 2.964614046786830777e-09
1.480000000000000000e+03 2.909282538333565506e-09
1.481000000000000000e+03 2.880058089907192042e-09
1.482000000000000000e+03 3.047712313250518886e-09
1.483000000000000000e+03 3.039067554403275109e-09
1.484000000000000000e+03 3.013246492640952766e-09
1.485000000000000000e+03 2.902486792267514586e-09
1.486000000000000000e+03 2.888521444067216128e-09
1.487000000000000000e+03 3.083302514478569359e-09
1.488000000000000000e+03 2.936324521149207736e-09
1.489000000000000000e+03 2.993249219772971614e-09
1.490000000000000000e+03 2.881206537456872202e-09
1.491000000000000000e+03 2.870112366723586127e-09
1.492000000000000000e+03 2.934410970059413883e-09
1.493000000000000000e+03 2.917331588243741441e-09
1.494000000000000000e+03 2.900462681984669827e-09
1.495000000000000000e+03 2.993747453883634835e-09
1.496000000000000000e+03 3.083071424548841036e-09
1.497000000000000000e+03 3.069154620975597700e-09
1.498000000000000000e+03 2.861238998373343150e-09
1.499000000000000000e+03 2.873136821024344246e-09
1.500000000000000000e+03 2.886520599735511750e-09
1.501000000000000000e+03 2.891803888687351678e-09
1.502000000000000000e+03 2.862005449142010138e-09
1.503000000000000000e+03 2.882912517086954000e-09
1.504000000000000000e+03 2.897668596177936243e-09
1.505000000000000000e+03 2.898621706004647778e-09
1.506000000000000000e+03 2.852873142930711892e-09
1.507000000000000000e+03 2.975972822113265479e-09
1.508000000000000000e+03 2.914120912442748705e-09
1.509000000000000000e+03 2.849757862859091337e-09
1.510000000000000000e+03 2.858628792041758308e-09
1.511000000000000000e+03 2.846312379417671591e-09
1.512000000000000000e+03 2.926505838635192662e-09
1.513000000000000000e+03 3.351294393952424712e-09
1.514000000000000000e+03 2.963672440160272112e-09
1.515000000000000000e+03 2.939603284752421239e-09
1.516000000000000000e+03 3.061737455772788681e-09
1.517000000000000000e+03 2.949677078940020894e-09
1.518000000000000000e+03 2.950984978447928275e-09
1.519000000000000000e+03 2.984569358677964589e-09
1.520000000000000000e+03 3.009315599985946562e-09
1.521000000000000000e+03 3.125502602968627982e-09
1.522000000000000000e+03 2.985508211733592772e-09
1.523000000000000000e+03 3.035797179884541770e-09
1.524000000000000000e+03 2.926958094340333269e-09
1.525000000000000000e+03 2.840097976271739238e-09
1.526000000000000000e+03 2.888320172569336660e-09
1.527000000000000000e+03 2.869030245678842027e-09
1.528000000000000000e+03 2.831969947762574544e-09
1.529000000000000000e+03 2.841645129875095751e-09
1.530000000000000000e+03 2.869292342589405989e-09
1.531000000000000000e+03 2.956855122993923398e-09
1.532000000000000000e+03 2.887085434809644480e-09
1.533000000000000000e+03 3.074928904604816356e-09
1.534000000000000000e+03 2.873916659149179339e-09
1.535000000000000000e+03 3.058374788902669327e-09
1.536000000000000000e+03 2.900621162750167973e-09
1.537000000000000000e+03 2.959977046407989944e-09
1.538000000000000000e+03 2.855734102022374382e-09
1.539000000000000000e+03 2.805369014917998337e-09
1.540000000000000000e+03 2.860234125430224317e-09
1.541000000000000000e+03 2.859222088418175051e-09
1.542000000000000000e+03 2.859264662191794930e-09
1.543000000000000000e+03 2.805433384750046267e-09
1.544000000000000000e+03 2.822963327473992744e-09
1.545000000000000000e+03 3.064711736651368726e-09
1.546000000000000000e+03 2.812168015488689380e-09
1.547000000000000000e+03 2.853826729408043466e-09
1.548000000000000000e+03 2.932374980643366742e-09
1.549000000000000000e+03 2.886967261343810538e-09
1.550000000000000000e+03 2.884232678486647036e-09
1.551000000000000000e+03 2.973199126908761202e-09
1.552000000000000000e+03 2.860548307417513311e-09
1.553000000000000000e+03 2.871871995365673206e-09
1.554000000000000000e+03 2.934091978907372454e-09
1.555000000000000000e+03 2.854570944999201738e-09
1.556000000000000000e+03 2.874492120254206251e-09
1.557000000000000000e+03 2.848994032442438595e-09
1.558000000000000000e+03 2.901718826807240149e-09
1.559000000000000000e+03 2.824167438701483551e-09
1.560000000000000000e+03 2.928730723054477301e-09
1.561000000000000000e+03 2.978256680196019169e-09
1.562000000000000000e+03 2.809614766509340136e-09
1.563000000000000000e+03 2.848744951448089836e-09
1.564000000000000000e+03 2.945463815169955441e-09
1.565000000000000000e+03 2.858693838338202342e-09
1.566000000000000000e+03 2.815821979805632855e-09
1.567000000000000000e+03 2.911898964450736032e-09
1.568000000000000000e+03 2.871920853944262279e-09
1.569000000000000000e+03 2.821919458281210695e-09
1.570000000000000000e+03 2.904428195943728285e-09
1.571000000000000000e+03 2.818414038217349882e-09
1.572000000000000000e+03 2.824373200832226854e-09
1.573000000000000000e+03 2.871192494824020568e-09
1.574000000000000000e+03 2.784870157091747954e-09
1.575000000000000000e+03 2.933724126164458286e-09
1.576000000000000000e+03 3.008601399950626999e-09
1.577000000000000000e+03 3.004130108505807328e-09
1.578000000000000000e+03 3.056281290661404803e-09
1.579000000000000000e+03 2.868911986828415973e-09
1.580000000000000000e+03 2.777684780995331191e-09
1.581000000000000000e+03 2.860078511194068811e-09
1.582000000000000000e+03 2.837141587836301317e-09
1.583000000000000000e+03 2.776344590176407768e-09
1.584000000000000000e+03 2.805728028757739434e-09
1.585000000000000000e+03 2.946122216154986292e-09
1.586000000000000000e+03 2.925525206486221432e-09
1.587000000000000000e+03 2.774817331075707892e-09
1.588000000000000000e+03 2.825241940006566175e-09
1.589000000000000000e+03 2.804172216164247912e-09
1.590000000000000000e+03 2.792715988931566757e-09
1.591000000000000000e+03 2.814204467409081641e-09
1.592000000000000000e+03 2.819185043910489617e-09
1.593000000000000000e+03 2.791750488937203930e-09
1.594000000000000000e+03 2.792239892700295947e-09
1.595000000000000000e+03 2.771568013906797402e-09
1.596000000000000000e+03 2.879404248231632518e-09
1.597000000000000000e+03 2.866886143284622525e-09
1.598000000000000000e+03 2.856028596387400426e-09
1.599000000000000000e+03 3.039888906045772516e-09
1.600000000000000000e+03 2.824856986698501872e-09
1.601000000000000000e+03 2.975531977099902799e-09
1.602000000000000000e+03 2.821196723502599117e-09
1.603000000000000000e+03 2.773401290242617983e-09
1.604000000000000000e+03 2.777194507461680518e-09
1.605000000000000000e+03 2.795522893304082516e-09
1.606000000000000000e+03 2.770353084867704500e-09
1.607000000000000000e+03 2.809489265701335750e-09
1.608000000000000000e+03 2.796135460925174905e-09
1.609000000000000000e+03 2.869348030754975122e-09
1.610000000000000000e+03 2.820279812614008905e-09
1.611000000000000000e+03 2.820870655829661867e-09
1.612000000000000000e+03 2.893181757395786568e-09
1.613000000000000000e+03 3.034883575909130296e-09
1.614000000000000000e+03 2.816293550530294630e-09
1.615000000000000000e+03 2.789488734135901801e-09
1.616000000000000000e+03 2.940806112257500943e-09
1.617000000000000000e+03 2.777879251899767200e-09
1.618000000000000000e+03 2.929621319304947168e-09
1.619000000000000000e+03 2.760812890732873289e-09
1.620000000000000000e+03 2.839575336194755929e-09
1.621000000000000000e+03 2.820817197627917858e-09
1.622000000000000000e+03 2.766873085712609864e-09
1.623000000000000000e+03 2.829473243139366433e-09
1.624000000000000000e+03 2.873860540140734200e-09
1.625000000000000000e+03 2.815918181203975124e-09
1.626000000000000000e+03 2.900364475328872413e-09
1.627000000000000000e+03 2.735764624478689578e-09
1.628000000000000000e+03 2.771674183050292422e-09
1.629000000000000000e+03 2.788251364899878414e-09
1.630000000000000000e+03 2.862165718710848334e-09
1.631000000000000000e+03 2.924326236772372035e-09
1.632000000000000000e+03 2.869032133563964480e-09
1.633000000000000000e+03 2.932377762954894403e-09
1.634000000000000000e+03 2.771045304386095018e-09
1.635000000000000000e+03 2.776283871506240810e-09
1.636000000000000000e+03 2.785634727918937040e-09
1.637000000000000000e+03 2.757866422430119624e-09
1.638000000000000000e+03 2.919588684308451862e-09
1.639000000000000000e+03 2.863931938215853736e-09
1.640000000000000000e+03 2.868165313499992277e-09
1.641000000000000000e+03 2.762004144923939847e-09
1.642000000000000000e+03 2.762932816979155677e-09
1.643000000000000000e+03 2.922516275404907812e-09
1.644000000000000000e+03 2.828755641395960007e-09
1.645000000000000000e+03 2.768681539702973330e-09
1.646000000000000000e+03 2.759971470091541252e-09
1.647000000000000000e+03 2.832851662275538033e-09
1.648000000000000000e+03 2.861007582556217844e-09
1.649000000000000000e+03 2.901524866627348180e-09
1.650000000000000000e+03 2.767132550432853403e-09
1.651000000000000000e+03 2.713282868182441962e-09
1.652000000000000000e+03 2.752506059394075587e-09
1.653000000000000000e+03 2.769121429151022774e-09
1.654000000000000000e+03 2.772611137792234798e-09
1.655000000000000000e+03 2.744798784946780170e-09
1.656000000000000000e+03 2.745708495630284784e-09
1.657000000000000000e+03 2.746930614362599947e-09
1.658000000000000000e+03 2.943659612556419743e-09
1.659000000000000000e+03 2.745282925599055736e-09
1.660000000000000000e+03 2.798342674085005171e-09
1.661000000000000000e+03 2.797797396796111933e-09
1.662000000000000000e+03 2.777517116995970906e-09
1.663000000000000000e+03 2.787799460137461187e-09
1.664000000000000000e+03 2.795175967771233283e-09
1.665000000000000000e+03 2.830721668345666606e-09
1.666000000000000000e+03 2.779185593390452646e-09
1.667000000000000000e+03 3.000541803892056232e-09
1.668000000000000000e+03 2.832830919978396102e-09
1.669000000000000000e+03 2.759121624881729698e-09
1.670000000000000000e+03 2.833461008582618582e-09
1.671000000000000000e+03 2.729068713315151927e-09
1.672000000000000000e+03 2.831152442803403813e-09
1.673000000000000000e+03 2.835029343614000732e-09
1.674000000000000000e+03 2.822103111498529914e-09
1.675000000000000000e+03 2.725901333628937089e-09
1.676000000000000000e+03 2.772601992819708672e-09
1.677000000000000000e+03 2.899745604032097153e-09
1.678000000000000000e+03 2.861575099828499864e-09
1.679000000000000000e+03 2.738546180568350589e-09
1.680000000000000000e+03 2.853273952893421151e-09
1.681000000000000000e+03 2.758782178756491995e-09
1.682000000000000000e+03 2.747960497519522583e-09
1.683000000000000000e+03 2.818240335350853954e-09
1.684000000000000000e+03 2.753203135962825796e-09
1.685000000000000000e+03 2.850079102715570949e-09
1.686000000000000000e+03 2.858941738222022785e-09
1.687000000000000000e+03 2.724671393312877016e-09
1.688000000000000000e+03 2.744791957595462923e-09
1.689000000000000000e+03 2.747197952278785345e-09
1.690000000000000000e+03 2.706605847545096629e-09
1.691000000000000000e+03 2.800814219560716792e-09
1.692000000000000000e+03 2.702032446450954678e-09
1.693000000000000000e+03 2.741720978021808465e-09
1.694000000000000000e+03 2.751529065513568506e-09
1.695000000000000000e+03 2.871414221196820222e-09
1.696000000000000000e+03 2.735222893160490694e-09
1.697000000000000000e+03 2.741335364244866713e-09
1.698000000000000000e+03 2.829788720530211287e-09
1.699000000000000000e+03 2.817460241752168449e-09
1.700000000000000000e+03 2.743314776022645442e-09
1.701000000000000000e+03 2.867498611880890514e-09
1.702000000000000000e+03 2.732038473824335575e-09
1.703000000000000000e+03 2.709147687153489269e-09
1.704000000000000000e+03 2.741796799851025182e-09
1.705000000000000000e+03 2.719021927704550743e-09
1.706000000000000000e+03 2.723514176889694031e-09
1.707000000000000000e+03 2.788293755312562160e-09
1.708000000000000000e+03 2.726566388092217386e-09
1.709000000000000000e+03 2.739017362074400794e-09
1.710000000000000000e+03 2.878328569208335592e-09
1.711000000000000000e+03 2.764133132251397167e-09
1.712000000000000000e+03 2.703563123310264688e-09
1.713000000000000000e+03 2.767825010169664511e-09
1.714000000000000000e+03 2.755468033218158489e-09
1.715000000000000000e+03 2.715372469506199172e-09
1.716000000000000000e+03 2.768183370268837595e-09
1.717000000000000000e+03 2.707444985629769086e-09
1.718000000000000000e+03 2.801089150599859417e-09
1.719000000000000000e+03 2.828921425636751463e-09
1.720000000000000000e+03 2.741553979307725779e-09
1.721000000000000000e+03 2.743043061882133321e-09
1.722000000000000000e+03 2.806179877993624005e-09
1.723000000000000000e+03 2.748905700523437045e-09
1.724000000000000000e+03 2.768637273262497223e-09
1.725000000000000000e+03 2.817357361886234948e-09
1.726000000000000000e+03 2.747422365690012249e-09
1.727000000000000000e+03 2.731324920573349934e-09
1.728000000000000000e+03 2.730203938662224490e-09
1.729000000000000000e+03 2.762175866137837136e-09
1.730000000000000000e+03 2.741702623481654319e-09
1.731000000000000000e+03 2.690701621743007279e-09
1.732000000000000000e+03 2.793919303196829718e-09
1.733000000000000000e+03 2.776087670838977281e-09
1.734000000000000000e+03 2.749337415090260400e-09
1.735000000000000000e+03 3.001913235713350701e-09
1.736000000000000000e+03 2.792906061871230043e-09
1.737000000000000000e+03 2.689139258979932131e-09
1.738000000000000000e+03 2.751440075145769682e-09
1.739000000000000000e+03 2.718064714513454880e-09
1.740000000000000000e+03 2.714484154795213571e-09
1.741000000000000000e+03 2.747739222260809213e-09
1.742000000000000000e+03 2.704473708762747962e-09
1.743000000000000000e+03 2.689430990308456015e-09
1.744000000000000000e+03 2.708010708891346883e-09
1.745000000000000000e+03 2.745646235810430003e-09
1.746000000000000000e+03 2.856011841928729457e-09
1.747000000000000000e+03 2.672467365930325613e-09
1.748000000000000000e+03 2.707200058708146726e-09
1.749000000000000000e+03 2.795282035367077895e-09
1.750000000000000000e+03 2.781362014854871141e-09
1.751000000000000000e+03 2.739551174379759791e-09
1.752000000000000000e+03 2.704006060779909182e-09
1.753000000000000000e+03 2.698681565620017233e-09
1.754000000000000000e+03 2.729561721017870189e-09
1.755000000000000000e+03 2.707374913361627353e-09
1.756000000000000000e+03 2.872503364459960407e-09
1.757000000000000000e+03 2.730265484167836421e-09
1.758000000000000000e+03 2.761046566341569902e-09
1.759000000000000000e+03 2.746932605290591101e-09
1.760000000000000000e+03 2.693986781333826098e-09
1.761000000000000000e+03 2.826672231942586031e-09
1.762000000000000000e+03 2.703866270196474235e-09
1.763000000000000000e+03 2.683764560842732736e-09
1.764000000000000000e+03 2.726721906384575003e-09
1.765000000000000000e+03 2.726834361978007806e-09
1.766000000000000000e+03 2.658510005744816249e-09
1.767000000000000000e+03 2.685135814548876543e-09
1.768000000000000000e+03 2.687273574618285790e-09
1.769000000000000000e+03 2.769401788101411923e-09
1.770000000000000000e+03 2.730883923434521807e-09
1.771000000000000000e+03 2.739168485317970643e-09
1.772000000000000000e+03 2.726376744725588338e-09
1.773000000000000000e+03 2.719561072997517743e-09
1.774000000000000000e+03 2.686705320495815737e-09
1.775000000000000000e+03 2.760817548119173712e-09
1.776000000000000000e+03 2.688738795652615384e-09
1.777000000000000000e+03 2.682761103455341338e-09
1.778000000000000000e+03 2.714108209336727642e-09
1.779000000000000000e+03 2.721335185691553173e-09
1.780000000000000000e+03 2.671872507828684818e-09
1.781000000000000000e+03 2.676255604000694460e-09
1.782000000000000000e+03 2.674116377469936853e-09
1.783000000000000000e+03 2.690403999182488889e-09
1.784000000000000000e+03 2.651229979736215896e-09
1.785000000000000000e+03 2.673051581932015146e-09
1.786000000000000000e+03 2.829077460963836818e-09
1.787000000000000000e+03 2.678615691869661068e-09
1.788000000000000000e+03 2.661262567657653264e-09
1.789000000000000000e+03 2.671150522378484712e-09
1.790000000000000000e+03 2.649509738394974271e-09
1.791000000000000000e+03 2.653561575121402167e-09
1.792000000000000000e+03 2.839135537542935434e-09
1.793000000000000000e+03 2.681466844207031736e-09
1.794000000000000000e+03 2.696709682850632834e-09
1.795000000000000000e+03 2.691140669306965915e-09
1.796000000000000000e+03 2.674372708968441271e-09
1.797000000000000000e+03 2.677463519830594590e-09
1.798000000000000000e+03 2.728405781835669196e-09
1.799000000000000000e+03 2.778609262585603015e-09
1.800000000000000000e+03 2.697881239609079339e-09
1.801000000000000000e+03 2.728497068163195627e-09
1.802000000000000000e+03 2.764485707592697159e-09
1.803000000000000000e+03 2.716735847845969355e-09
1.804000000000000000e+03 2.702654122377925595e-09
1.805000000000000000e+03 2.654368075710346741e-09
1.806000000000000000e+03 2.673045267937481194e-09
1.807000000000000000e+03 2.670281721608525303e-09
1.808000000000000000e+03 2.663466902153515456e-09
1.809000000000000000e+03 2.761629001133365443e-09
1.810000000000000000e+03 2.656220823098138900e-09
1.811000000000000000e+03 2.810489711790118140e-09
1.812000000000000000e+03 2.676370280848605768e-09
1.813000000000000000e+03 2.870786806346817442e-09
1.814000000000000000e+03 2.692748185213352537e-09
1.815000000000000000e+03 2.737897809739779103e-09
1.816000000000000000e+03 2.785294635109460887e-09
1.817000000000000000e+03 2.717651363813356678e-09
1.818000000000000000e+03 2.707342268374337248e-09
1.819000000000000000e+03 2.669348322886444733e-09
1.820000000000000000e+03 2.640519158297229558e-09
1.821000000000000000e+03 2.720424996456322213e-09
1.822000000000000000e+03 2.807643618024680322e-09
1.823000000000000000e+03 2.728283115902087951e-09
1.824000000000000000e+03 2.753015222534152466e-09
1.825000000000000000e+03 2.671268363751846572e-09
1.826000000000000000e+03 2.633958456838378424e-09
1.827000000000000000e+03 2.672789030057349105e-09
1.828000000000000000e+03 2.664575247829777564e-09
1.829000000000000000e+03 2.646825446594986123e-09
1.830000000000000000e+03 2.654672294180628678e-09
1.831000000000000000e+03 2.700766293619640811e-09
1.832000000000000000e+03 2.666630961662548720e-09
1.833000000000000000e+03 2.880149177814440646e-09
1.834000000000000000e+03 2.681908136101819425e-09
1.835000000000000000e+03 2.699619958986503631e-09
1.836000000000000000e+03 2.673908721624222081e-09
1.837000000000000000e+03 2.637778424090105337e-09
1.838000000000000000e+03 2.631217923384853028e-09
1.839000000000000000e+03 2.630814977660716469e-09
1.840000000000000000e+03 2.653059918890586596e-09
1.841000000000000000e+03 2.666412716983803166e-09
1.842000000000000000e+03 2.627050663725122260e-09
1.843000000000000000e+03 2.616855968717263764e-09
1.844000000000000000e+03 2.639002393290561062e-09
1.845000000000000000e+03 2.680377788125548431e-09
1.846000000000000000e+03 2.687409277955776998e-09
1.847000000000000000e+03 2.622913541139065386e-09
1.848000000000000000e+03 2.649277007899687813e-09
1.849000000000000000e+03 2.660546193661907546e-09
1.850000000000000000e+03 2.724714312985113432e-09
1.851000000000000000e+03 2.673105293714405317e-09
1.852000000000000000e+03 2.628589156318870394e-09
1.853000000000000000e+03 2.684453737135338587e-09
1.854000000000000000e+03 2.700891950247337723e-09
1.855000000000000000e+03 2.652271164410717878e-09
1.856000000000000000e+03 2.666476029399369242e-09
1.857000000000000000e+03 2.626805301550673413e-09
1.858000000000000000e+03 2.627454504638572705e-09
1.859000000000000000e+03 2.634482961813434817e-09
1.860000000000000000e+03 2.635913311917560077e-09
1.861000000000000000e+03 2.749277439182117324e-09
1.862000000000000000e+03 2.680991141236752036e-09
1.863000000000000000e+03 2.638142602823870692e-09
1.864000000000000000e+03 2.683523221946868550e-09
1.865000000000000000e+03 2.645437379833112412e-09
1.866000000000000000e+03 2.609670631188777095e-09
1.867000000000000000e+03 2.622881357386968915e-09
1.868000000000000000e+03 2.614788365228544089e-09
1.869000000000000000e+03 2.671161312179796639e-09
1.870000000000000000e+03 2.625121116493751528e-09
1.871000000000000000e+03 2.681475459935978877e-09
1.872000000000000000e+03 2.742208174926254390e-09
1.873000000000000000e+03 2.709142112533620410e-09
1.874000000000000000e+03 2.614556009668805078e-09
1.875000000000000000e+03 2.697651374255711683e-09
1.876000000000000000e+03 2.719262341994816417e-09
1.877000000000000000e+03 2.721501789195744773e-09
1.878000000000000000e+03 2.608826068667651134e-09
1.879000000000000000e+03 2.680733029899103156e-09
1.880000000000000000e+03 2.676284741817590644e-09
1.881000000000000000e+03 2.762602341181659388e-09
1.882000000000000000e+03 2.693291388015840314e-09
1.883000000000000000e+03 2.823404403728204502e-09
1.884000000000000000e+03 2.788291302591774920e-09
1.885000000000000000e+03 2.689640234401646643e-09
1.886000000000000000e+03 2.651079562781695918e-09
1.887000000000000000e+03 2.718492151360559132e-09
1.888000000000000000e+03 2.669905382271378438e-09
1.889000000000000000e+03 2.675980913861904259e-09
1.890000000000000000e+03 2.660229123340440105e-09
1.891000000000000000e+03 2.671177342479612866e-09
1.892000000000000000e+03 2.666791120102172187e-09
1.893000000000000000e+03 2.671665034009107986e-09
1.894000000000000000e+03 2.796430496255769629e-09
1.895000000000000000e+03 2.628087424332420346e-09
1.896000000000000000e+03 2.665056403156348324e-09
1.897000000000000000e+03 2.648983682255537422e-09
1.898000000000000000e+03 2.613708050713489872e-09
1.899000000000000000e+03 2.621073918050456081e-09
1.900000000000000000e+03 2.681436829811838682e-09
1.901000000000000000e+03 2.616575729270254521e-09
1.902000000000000000e+03 2.659830613523846417e-09
1.903000000000000000e+03 2.714019397895254562e-09
1.904000000000000000e+03 2.609251110036953097e-09
1.905000000000000000e+03 2.613003134468662580e-09
1.906000000000000000e+03 2.605090604233389536e-09
1.907000000000000000e+03 2.673964572375701211e-09
1.908000000000000000e+03 2.624426946415826058e-09
1.909000000000000000e+03 2.699501617646445972e-09
1.910000000000000000e+03 2.594325374932272777e-09
1.911000000000000000e+03 2.610864240307509031e-09
1.912000000000000000e+03 2.607207541933443627e-09
1.913000000000000000e+03 2.647050870840897979e-09
1.914000000000000000e+03 2.659432758979496606e-09
1.915000000000000000e+03 2.627157860109838661e-09
1.916000000000000000e+03 2.700512518519523587e-09
1.917000000000000000e+03 2.819310528204677624e-09
1.918000000000000000e+03 2.600780284046705897e-09
1.919000000000000000e+03 2.693122047568388990e-09
1.920000000000000000e+03 2.760673704956147023e-09
1.921000000000000000e+03 2.688801445742858840e-09
1.922000000000000000e+03 2.688436432006111398e-09
1.923000000000000000e+03 2.662262678100509397e-09
1.924000000000000000e+03 2.602359264101461442e-09
1.925000000000000000e+03 2.705066540543827764e-09
1.926000000000000000e+03 2.684174949599314717e-09
1.927000000000000000e+03 2.647001408564583903e-09
1.928000000000000000e+03 2.632626438474981801e-09
1.929000000000000000e+03 2.657916060263211853e-09
1.930000000000000000e+03 2.613263602967333886e-09
1.931000000000000000e+03 2.593568925489710607e-09
1.932000000000000000e+03 2.606791130097513551e-09
1.933000000000000000e+03 2.634094048419229724e-09
1.934000000000000000e+03 2.629397766346888172e-09
1.935000000000000000e+03 2.638023168429488226e-09
1.936000000000000000e+03 2.647026340120690139e-09
1.937000000000000000e+03 2.611402038234341921e-09
1.938000000000000000e+03 2.594761903469996642e-09
1.939000000000000000e+03 2.614330471743119600e-09
1.940000000000000000e+03 2.599515057807772906e-09
1.941000000000000000e+03 2.584988915135828029e-09
1.942000000000000000e+03 2.630944804122964195e-09
1.943000000000000000e+03 2.607703366408796529e-09
1.944000000000000000e+03 2.591817763876599518e-09
1.945000000000000000e+03 2.732192737007727546e-09
1.946000000000000000e+03 2.667281637181119207e-09
1.947000000000000000e+03 2.614188936771890725e-09
1.948000000000000000e+03 2.617914896232906601e-09
1.949000000000000000e+03 2.761592870744104319e-09
1.950000000000000000e+03 2.620151941536288485e-09
1.951000000000000000e+03 2.585067047839122107e-09
1.952000000000000000e+03 2.584053772610948482e-09
1.953000000000000000e+03 2.618132358165500450e-09
1.954000000000000000e+03 2.595875801722318910e-09
1.955000000000000000e+03 2.600287930788699761e-09
1.956000000000000000e+03 2.677143882302485398e-09
1.957000000000000000e+03 2.659427337383278577e-09
1.958000000000000000e+03 2.608636813778170460e-09
1.959000000000000000e+03 2.603971523454406950e-09
1.960000000000000000e+03 2.601224848698598121e-09
1.961000000000000000e+03 2.644945477330895142e-09
1.962000000000000000e+03 2.606593313862700870e-09
1.963000000000000000e+03 2.587147591118002346e-09
1.964000000000000000e+03 2.583357252896818364e-09
1.965000000000000000e+03 2.677652383005214173e-09
1.966000000000000000e+03 2.623911647132006410e-09
1.967000000000000000e+03 2.697092839242255901e-09
1.968000000000000000e+03 2.656628401572209434e-09
1.969000000000000000e+03 2.596287946496248321e-09
1.970000000000000000e+03 2.594557497020941917e-09
1.971000000000000000e+03 2.591808281915274005e-09
1.972000000000000000e+03 2.619109666493172802e-09
1.973000000000000000e+03 2.675489490035401091e-09
1.974000000000000000e+03 2.692271495038365040e-09
1.975000000000000000e+03 2.595300846314293899e-09
1.976000000000000000e+03 2.654470532400744820e-09
1.977000000000000000e+03 2.630290571919317803e-09
1.978000000000000000e+03 2.646784546994640701e-09
1.979000000000000000e+03 2.648168284538559857e-09
1.980000000000000000e+03 2.609045660048721252e-09
1.981000000000000000e+03 2.598358708790445174e-09
1.982000000000000000e+03 2.604488054071068406e-09
1.983000000000000000e+03 2.668205439935816767e-09
1.984000000000000000e+03 2.699239458424575743e-09
1.985000000000000000e+03 2.578259437527673507e-09
1.986000000000000000e+03 2.652866773343078617e-09
1.987000000000000000e+03 2.590025690819778204e-09
1.988000000000000000e+03 2.584484213425390165e-09
1.989000000000000000e+03 2.574267267879394371e-09
1.990000000000000000e+03 2.590568489802595181e-09
1.991000000000000000e+03 2.602616379915889233e-09
1.992000000000000000e+03 2.615338414135204030e-09
1.993000000000000000e+03 2.673364038513602519e-09
1.994000000000000000e+03 2.614579325221870183e-09
1.995000000000000000e+03 2.580498344937260317e-09
1.996000000000000000e+03 2.597961991969964093e-09
1.997000000000000000e+03 2.599286810625734922e-09
1.998000000000000000e+03 2.590126692458169403e-09
1.999000000000000000e+03 2.678861087212542460e-09
2.000000000000000000e+03 2.650261770672160899e-09
2.001000000000000000e+03 2.588728825650443601e-09
2.002000000000000000e+03 2.567007665174500419e-09
2.003000000000000000e+03 2.621004785972547329e-09
2.004000000000000000e+03 2.586805097430948836e-09
2.005000000000000000e+03 2.577026167928410778e-09
2.006000000000000000e+03 2.602117983504453859e-09
2.007000000000000000e+03 2.570276609901156399e-09
2.008000000000000000e+03 2.591492638198006770e-09
2.009000000000000000e+03 2.559920640737014973e-09
2.010000000000000000e+03 2.608332959970828008e-09
2.011000000000000000e+03 2.585961066466059473e-09
2.012000000000000000e+03 2.568858929235662520e-09
2.013000000000000000e+03 2.576914987533770149e-09
2.014000000000000000e+03 2.622239324755662041e-09
2.015000000000000000e+03 2.642539530381609055e-09
2.016000000000000000e+03 2.634147789249087845e-09
2.017000000000000000e+03 2.751202617005811178e-09
2.018000000000000000e+03 2.577413612151467665e-09
2.019000000000000000e+03 2.572087568893908651e-09
2.020000000000000000e+03 2.682278565453214825e-09
2.021000000000000000e+03 2.595000842635269479e-09
2.022000000000000000e+03 2.577425074235493562e-09
2.023000000000000000e+03 2.605959732297299559e-09
2.024000000000000000e+03 2.576121612879021487e-09
2.025000000000000000e+03 2.615599599403347408e-09
2.026000000000000000e+03 2.597822026688207237e-09
2.027000000000000000e+03 2.620909127850762104e-09
2.028000000000000000e+03 2.598510374387042695e-09
2.029000000000000000e+03 2.582837702306758406e-09
2.030000000000000000e+03 2.683943384140998392e-09
2.031000000000000000e+03 2.596087338816822789e-09
2.032000000000000000e+03 2.629715103873770336e-09
2.033000000000000000e+03 2.637331941380999114e-09
2.034000000000000000e+03 2.594371448610902004e-09
2.035000000000000000e+03 2.587921959989638257e-09
2.036000000000000000e+03 2.612583405487300638e-09
2.037000000000000000e+03 2.552934380910052801e-09
2.038000000000000000e+03 2.548555332335456175e-09
2.039000000000000000e+03 2.604586777310577878e-09
2.040000000000000000e+03 2.583548488746077665e-09
2.041000000000000000e+03 2.612929064167053385e-09
2.042000000000000000e+03 2.552374403066591902e-09
2.043000000000000000e+03 2.583743040196956988e-09
2.044000000000000000e+03 2.654219194819624782e-09
2.045000000000000000e+03 2.593524999240864398e-09
2.046000000000000000e+03 2.595772378945710204e-09
2.047000000000000000e+03 2.589067036129534731e-09
2.048000000000000000e+03 2.578547076569274379e-09
2.049000000000000000e+03 2.562497498721945798e-09
2.050000000000000000e+03 2.565172047710422769e-09
2.051000000000000000e+03 2.544130260065000165e-09
2.052000000000000000e+03 2.603924657192779698e-09
2.053000000000000000e+03 2.646260981398619047e-09
2.054000000000000000e+03 2.596152355592278917e-09
2.055000000000000000e+03 2.587741991750981683e-09
2.056000000000000000e+03 2.590025005256074416e-09
2.057000000000000000e+03 2.572269464869031093e-09
2.058000000000000000e+03 2.568128323308176784e-09
2.059000000000000000e+03 2.558190697417145959e-09
2.060000000000000000e+03 2.633054530283587538e-09
2.061000000000000000e+03 2.577390457545894410e-09
2.062000000000000000e+03 2.566399416344376251e-09
2.063000000000000000e+03 2.570041653444844178e-09
2.064000000000000000e+03 2.566007205991750441e-09
2.065000000000000000e+03 2.555408733627049568e-09
2.066000000000000000e+03 2.553410846011253648e-09
2.067000000000000000e+03 2.599993433904184556e-09
2.068000000000000000e+03 2.582382739203263081e-09
2.069000000000000000e+03 2.579399822745461701e-09
2.070000000000000000e+03 2.588046813440541154e-09
2.071000000000000000e+03 2.658512100833507305e-09
2.072000000000000000e+03 2.594485320855043405e-09
2.073000000000000000e+03 2.545067212623239904e-09
2.074000000000000000e+03 2.541976820749375016e-09
2.075000000000000000e+03 2.574545203236272685e-09
2.076000000000000000e+03 2.585554684564290175e-09
2.077000000000000000e+03 2.543366877621469275e-09
2.078000000000000000e+03 2.570355274647542836e-09
2.079000000000000000e+03 2.566826572941164061e-09
2.080000000000000000e+03 2.575197733389870915e-09
2.081000000000000000e+03 2.616127681973002102e-09
2.082000000000000000e+03 2.586950005242832069e-09
2.083000000000000000e+03 2.563133315506761863e-09
2.084000000000000000e+03 2.551637163130780447e-09
2.085000000000000000e+03 2.547358694881496718e-09
2.086000000000000000e+03 2.566764839559049028e-09
2.087000000000000000e+03 2.556029851457269176e-09
2.088000000000000000e+03 2.559352325974969844e-09
2.089000000000000000e+03 2.550473373364271456e-09
2.090000000000000000e+03 2.544724827202384681e-09
2.091000000000000000e+03 2.542900001044530153e-09
2.092000000000000000e+03 2.574096814584748727e-09
2.093000000000000000e+03 2.578353155998032273e-09
2.094000000000000000e+03 2.563031887659704972e-09
2.095000000000000000e+03 2.565079665963655130e-09
2.096000000000000000e+03 2.585503612260313591e-09
2.097000000000000000e+03 2.534953980398383589e-09
2.098000000000000000e+03 2.589271284049160776e-09
2.099000000000000000e+03 2.548903579196507753e-09
2.100000000000000000e+03 2.564622485334259122e-09
2.101000000000000000e+03 2.606351841197145959e-09
2.102000000000000000e+03 2.559963713697639305e-09
2.103000000000000000e+03 2.575529969031657467e-09
2.104000000000000000e+03 2.581690679989849806e-09
2.105000000000000000e+03 2.591508903805109337e-09
2.106000000000000000e+03 2.574919616078640290e-09
2.107000000000000000e+03 2.597558517322613119e-09
2.108000000000000000e+03 2.554517651883340597e-09
2.109000000000000000e+03 2.559676906368153591e-09
2.110000000000000000e+03 2.630748849135194958e-09
2.111000000000000000e+03 2.608562285206320848e-09
2.112000000000000000e+03 2.594579361219248498e-09
2.113000000000000000e+03 2.579898731625027004e-09
2.114000000000000000e+03 2.624423889292407040e-09
2.115000000000000000e+03 2.584331892478635798e-09
2.116000000000000000e+03 2.532315592621828980e-09
2.117000000000000000e+03 2.558961767048743080e-09
2.118000000000000000e+03 2.553709262335699428e-09
2.119000000000000000e+03 2.548687568663704967e-09
2.120000000000000000e+03 2.565290973890571962e-09
2.121000000000000000e+03 2.548256712839135401e-09
2.122000000000000000e+03 2.549430571859703653e-09
2.123000000000000000e+03 2.586391888563100569e-09
2.124000000000000000e+03 2.572285656922645466e-09
2.125000000000000000e+03 2.541798023802086386e-09
2.126000000000000000e+03 2.525576375906275583e-09
2.127000000000000000e+03 2.536227127244649255e-09
2.128000000000000000e+03 2.563759079733981075e-09
2.129000000000000000e+03 2.556270332033769456e-09
2.130000000000000000e+03 2.553459458286712975e-09
2.131000000000000000e+03 2.557095881440088400e-09
2.132000000000000000e+03 2.537850874300251264e-09
2.133000000000000000e+03 2.558438204946874608e-09
2.134000000000000000e+03 2.570624597975904942e-09
2.135000000000000000e+03 2.544765417118998955e-09
2.136000000000000000e+03 2.544982298276718441e-09
2.137000000000000000e+03 2.560998751321864151e-09
2.138000000000000000e+03 2.548948709304362006e-09
2.139000000000000000e+03 2.537909634534312726e-09
2.140000000000000000e+03 2.520252291434248385e-09
2.141000000000000000e+03 2.579963905172226630e-09
2.142000000000000000e+03 2.529377332626672851e-09
2.143000000000000000e+03 2.565065897324598098e-09
2.144000000000000000e+03 2.557777842326147818e-09
2.145000000000000000e+03 2.575314202628135165e-09
2.146000000000000000e+03 2.550781566296725962e-09
2.147000000000000000e+03 2.526780879979625328e-09
2.148000000000000000e+03 2.593037149591657631e-09
2.149000000000000000e+03 2.531550907482619457e-09
2.150000000000000000e+03 2.539151341047803783e-09
2.151000000000000000e+03 2.521511734937895162e-09
2.152000000000000000e+03 2.541257302061397716e-09
2.153000000000000000e+03 2.555657617542857911e-09
2.154000000000000000e+03 2.543189173892990730e-09
2.155000000000000000e+03 2.520624042196663454e-09
2.156000000000000000e+03 2.630711862926567407e-09
2.157000000000000000e+03 2.605632482149971567e-09
2.158000000000000000e+03 2.548431570851258415e-09
2.159000000000000000e+03 2.584962220002008911e-09
2.160000000000000000e+03 2.572573106342064579e-09
2.161000000000000000e+03 2.536304271079652489e-09
2.162000000000000000e+03 2.557574676483019168e-09
2.163000000000000000e+03 2.545994264331164182e-09
2.164000000000000000e+03 2.531660759452154141e-09
2.165000000000000000e+03 2.563651051236588546e-09
2.166000000000000000e+03 2.598714876863046400e-09
2.167000000000000000e+03 2.567862993083495380e-09
2.168000000000000000e+03 2.534362304300633427e-09
2.169000000000000000e+03 2.526504852996410285e-09
2.170000000000000000e+03 2.594069608377135783e-09
2.171000000000000000e+03 2.622601041107098637e-09
2.172000000000000000e+03 2.530531528679661275e-09
2.173000000000000000e+03 2.552733895011927752e-09
2.174000000000000000e+03 2.541490935711381331e-09
2.175000000000000000e+03 2.525446398621661801e-09
2.176000000000000000e+03 2.539652320399046825e-09
2.177000000000000000e+03 2.525853381611793354e-09
2.178000000000000000e+03 2.552626045244208702e-09
2.179000000000000000e+03 2.619942744878561282e-09
2.180000000000000000e+03 2.533591384990904738e-09
2.181000000000000000e+03 2.546258113650005912e-09
2.182000000000000000e+03 2.534200116256654432e-09
2.183000000000000000e+03 2.539578891195284929e-09
2.184000000000000000e+03 2.518817586209586716e-09
2.185000000000000000e+03 2.508515890111332339e-09
2.186000000000000000e+03 2.568178825231709993e-09
2.187000000000000000e+03 2.622715197819842594e-09
2.188000000000000000e+03 2.622391528068704155e-09
2.189000000000000000e+03 2.577571205691040864e-09
2.190000000000000000e+03 2.524482284370186023e-09
2.191000000000000000e+03 2.532348648613284882e-09
2.192000000000000000e+03 2.515776163216921561e-09
2.193000000000000000e+03 2.546715860594219084e-09
2.194000000000000000e+03 2.534610217918122827e-09
2.195000000000000000e+03 2.535421390371153570e-09
2.196000000000000000e+03 2.587741505857907047e-09
2.197000000000000000e+03 2.556776009694497534e-09
2.198000000000000000e+03 2.531911026062362240e-09
2.199000000000000000e+03 2.506348927690073453e-09
2.200000000000000000e+03 2.503538683812847399e-09
2.201000000000000000e+03 2.517632367884411687e-09
2.202000000000000000e+03 2.518100434489059835e-09
2.203000000000000000e+03 2.544483032578611421e-09
2.204000000000000000e+03 2.542163920703035616e-09
2.205000000000000000e+03 2.531029347718062526e-09
2.206000000000000000e+03 2.514962735807131462e-09
2.207000000000000000e+03 2.529887336814993141e-09
2.208000000000000000e+03 2.551663117566802835e-09
2.209000000000000000e+03 2.614797123290315303e-09
2.210000000000000000e+03 2.523378609213975178e-09
2.211000000000000000e+03 2.513101452380390867e-09
2.212000000000000000e+03 2.502675458423842008e-09
2.213000000000000000e+03 2.510683889286927731e-09
2.214000000000000000e+03 2.526363806021190287e-09
2.215000000000000000e+03 2.513305379130837464e-09
2.216000000000000000e+03 2.519646167995392491e-09
2.217000000000000000e+03 2.513002868226768859e-09
2.218000000000000000e+03 2.508914715901207681e-09
2.219000000000000000e+03 2.561669068269839768e-09
2.220000000000000000e+03 2.505292648912939254e-09
2.221000000000000000e+03 2.528049047975282179e-09
2.222000000000000000e+03 2.506188046730421603e-09
2.223000000000000000e+03 2.564416787849902498e-09
2.224000000000000000e+03 2.528739503385786672e-09
2.225000000000000000e+03 2.558092665019734860e-09
2.226000000000000000e+03 2.510784133085357506e-09
2.227000000000000000e+03 2.532418745292274676e-09
2.228000000000000000e+03 2.511195745059711419e-09
2.229000000000000000e+03 2.550232036076658553e-09
2.230000000000000000e+03 2.536912008847747064e-09
2.231000000000000000e+03 2.552362417367858858e-09
2.232000000000000000e+03 2.564943559187224917e-09
2.233000000000000000e+03 2.503726404540303483e-09
2.234000000000000000e+03 2.555284094780345117e-09
2.235000000000000000e+03 2.540005260248601046e-09
2.236000000000000000e+03 2.506228533005570067e-09
2.237000000000000000e+03 2.518583174731777982e-09
2.238000000000000000e+03 2.507741502670162519e-09
2.239000000000000000e+03 2.492913272979901319e-09
2.240000000000000000e+03 2.532101417666339539e-09
2.241000000000000000e+03 2.505912585131008370e-09
2.242000000000000000e+03 2.541414125375251609e-09
2.243000000000000000e+03 2.538206360664977095e-09
2.244000000000000000e+03 2.508343671278665775e-09
2.245000000000000000e+03 2.499597570324094806e-09
2.246000000000000000e+03 2.498551986452796617e-09
2.247000000000000000e+03 2.527362530272054065e-09
2.248000000000000000e+03 2.505394547430895689e-09
2.249000000000000000e+03 2.511742741098124509e-09
2.250000000000000000e+03 2.530382303326203271e-09
2.251000000000000000e+03 2.518285867959558431e-09
2.252000000000000000e+03 2.515246529543802060e-09
2.253000000000000000e+03 2.508469149331398866e-09
2.254000000000000000e+03 2.532885672974524808e-09
2.255000000000000000e+03 2.505955379629078145e-09
2.256000000000000000e+03 2.536268313379520518e-09
2.257000000000000000e+03 2.509178208307946948e-09
2.258000000000000000e+03 2.493173333447061099e-09
2.259000000000000000e+03 2.552610991385888180e-09
2.260000000000000000e+03 2.605077682900941297e-09
2.261000000000000000e+03 2.570177040113700894e-09
2.262000000000000000e+03 2.505472181730407481e-09
2.263000000000000000e+03 2.508813265306236439e-09
2.264000000000000000e+03 2.501752189002825505e-09
2.265000000000000000e+03 2.540485897741805322e-09
2.266000000000000000e+03 2.496214643841667471e-09
2.267000000000000000e+03 2.491294064897007121e-09
2.268000000000000000e+03 2.508301317817958135e-09
2.269000000000000000e+03 2.507638052007738610e-09
2.270000000000000000e+03 2.512494305880917908e-09
2.271000000000000000e+03 2.501449426646259098e-09
2.272000000000000000e+03 2.522693791895439530e-09
2.273000000000000000e+03 2.515300161386654641e-09
2.274000000000000000e+03 2.503163411035948549e-09
2.275000000000000000e+03 2.501159241745424712e-09
2.276000000000000000e+03 2.557474876539755519e-09
2.277000000000000000e+03 2.557734735804859264e-09
2.278000000000000000e+03 2.491560622362939335e-09
2.279000000000000000e+03 2.504216068418754852e-09
2.280000000000000000e+03 2.591795413188367370e-09
2.281000000000000000e+03 2.495566900919770806e-09
2.282000000000000000e+03 2.510096764672933002e-09
2.283000000000000000e+03 2.491137347898683027e-09
2.284000000000000000e+03 2.502319748731231108e-09
2.285000000000000000e+03 2.552872926489060964e-09
2.286000000000000000e+03 2.507749626569215838e-09
2.287000000000000000e+03 2.540854127759051049e-09
2.288000000000000000e+03 2.516946933051535715e-09
2.289000000000000000e+03 2.515072263885008241e-09
2.290000000000000000e+03 2.502220435328675712e-09
2.291000000000000000e+03 2.502685790087090776e-09
2.292000000000000000e+03 2.483438878743098886e-09
2.293000000000000000e+03 2.504403230709744408e-09
2.294000000000000000e+03 2.496931021046889269e-09
2.295000000000000000e+03 2.512113515925820626e-09
2.296000000000000000e+03 2.506274871456987920e-09
2.297000000000000000e+03 2.499567739032997891e-09
2.298000000000000000e+03 2.489390057325570895e-09
2.299000000000000000e+03 2.493499611179609848e-09
2.300000000000000000e+03 2.508568032113715987e-09
2.301000000000000000e+03 2.500715918699746985e-09
2.302000000000000000e+03 2.501660986005110850e-09
2.303000000000000000e+03 2.509139274984698046e-09
2.304000000000000000e+03 2.496321272899301951e-09
2.305000000000000000e+03 2.549395436981732778e-09
2.306000000000000000e+03 2.513910333170244225e-09
2.307000000000000000e+03 2.517585771775608702e-09
2.308000000000000000e+03 2.508979383696791219e-09
2.309000000000000000e+03 2.525594228342001441e-09
2.310000000000000000e+03 2.496438184192149146e-09
2.311000000000000000e+03 2.484251617236322321e-09
2.312000000000000000e+03 2.482801100405445149e-09
2.313000000000000000e+03 2.490227836792397781e-09
2.314000000000000000e+03 2.491369340481077291e-09
2.315000000000000000e+03 2.515468795912941777e-09
2.316000000000000000e+03 2.498114554680764009e-09
2.317000000000000000e+03 2.496258052861265736e-09
2.318000000000000000e+03 2.497335878913650292e-09
2.319000000000000000e+03 2.486585750914129374e-09
2.320000000000000000e+03 2.553096320623055132e-09
2.321000000000000000e+03 2.549990039439756747e-09
2.322000000000000000e+03 2.548336953076821715e-09
2.323000000000000000e+03 2.494363286344568138e-09
2.324000000000000000e+03 2.515802007363061528e-09
2.325000000000000000e+03 2.488927274304267451e-09
2.326000000000000000e+03 2.530356493210911460e-09
2.327000000000000000e+03 2.547434831943272635e-09
2.328000000000000000e+03 2.540030489682764941e-09
2.329000000000000000e+03 2.526341182499638139e-09
2.330000000000000000e+03 2.492827174024546738e-09
2.331000000000000000e+03 2.517666136888832085e-09
2.332000000000000000e+03 2.545994215552302367e-09
2.333000000000000000e+03 2.495477847161708282e-09
2.334000000000000000e+03 2.496761582305778341e-09
2.335000000000000000e+03 2.490939480673690470e-09
2.336000000000000000e+03 2.515278221497773407e-09
2.337000000000000000e+03 2.492311505094635287e-09
2.338000000000000000e+03 2.514852911484417582e-09
2.339000000000000000e+03 2.488388283319643422e-09
2.340000000000000000e+03 2.532290809253496215e-09
2.341000000000000000e+03 2.515854288689373301e-09
2.342000000000000000e+03 2.537804514133859197e-09
2.343000000000000000e+03 2.534577270674070916e-09
2.344000000000000000e+03 2.538620552267413560e-09
2.345000000000000000e+03 2.485401784780035004e-09
2.346000000000000000e+03 2.492009480991987375e-09
2.347000000000000000e+03 2.492080288073319947e-09
2.348000000000000000e+03 2.484791774779672798e-09
2.349000000000000000e+03 2.515327534824665130e-09
2.350000000000000000e+03 2.508039186447817891e-09
2.351000000000000000e+03 2.479437079404023494e-09
2.352000000000000000e+03 2.477185245969114484e-09
2.353000000000000000e+03 2.512819937340953222e-09
2.354000000000000000e+03 2.511040484739556430e-09
2.355000000000000000e+03 2.483940013815326579e-09
2.356000000000000000e+03 2.475897080858677914e-09
2.357000000000000000e+03 2.491317194648243565e-09
2.358000000000000000e+03 2.485490352271812234e-09
2.359000000000000000e+03 2.521066917350918718e-09
2.360000000000000000e+03 2.497678629113137789e-09
2.361000000000000000e+03 2.497441282184169917e-09
2.362000000000000000e+03 2.488732199779876305e-09
2.363000000000000000e+03 2.521972887195208365e-09
2.364000000000000000e+03 2.506654944742168039e-09
2.365000000000000000e+03 2.489358606808188761e-09
2.366000000000000000e+03 2.549454157622582048e-09
2.367000000000000000e+03 2.514278238818246086e-09
2.368000000000000000e+03 2.483853082802919217e-09
2.369000000000000000e+03 2.475670487320146474e-09
2.370000000000000000e+03 2.470534946386924378e-09
2.371000000000000000e+03 2.502168958489083240e-09
2.372000000000000000e+03 2.483530967720539610e-09
2.373000000000000000e+03 2.492971098875552455e-09
2.374000000000000000e+03 2.499588072426471806e-09
2.375000000000000000e+03 2.489968680775460884e-09
2.376000000000000000e+03 2.491511879942077827e-09
2.377000000000000000e+03 2.476671015644861281e-09
2.378000000000000000e+03 2.483946511878981969e-09
2.379000000000000000e+03 2.496845796425959804e-09
2.380000000000000000e+03 2.487294121451027565e-09
2.381000000000000000e+03 2.495194723920617189e-09
2.382000000000000000e+03 2.503346107868888974e-09
2.383000000000000000e+03 2.471351179226298305e-09
2.384000000000000000e+03 2.467652433803421665e-09
2.385000000000000000e+03 2.494866948259967626e-09
2.386000000000000000e+03 2.482952598224583368e-09
2.387000000000000000e+03 2.470817542100781250e-09
2.388000000000000000e+03 2.497436975574921419e-09
2.389000000000000000e+03 2.501417891614960277e-09
2.390000000000000000e+03 2.486698007662160250e-09
2.391000000000000000e+03 2.473405616569331246e-09
2.392000000000000000e+03 2.481968850909865077e-09
2.393000000000000000e+03 2.482021676441994383e-09
2.394000000000000000e+03 2.499611092213698595e-09
2.395000000000000000e+03 2.476236528143333323e-09
2.396000000000000000e+03 2.488618456993484471e-09
2.397000000000000000e+03 2.504766850491103803e-09
2.398000000000000000e+03 2.477820629172956849e-09
2.399000000000000000e+03 2.501434613106938539e-09
2.400000000000000000e+03 2.505882615881463721e-09
2.401000000000000000e+03 2.477840885360887641e-09
2.402000000000000000e+03 2.476942214911384113e-09
2.403000000000000000e+03 2.478572857938495488e-09
2.404000000000000000e+03 2.512183562375670620e-09
2.405000000000000000e+03 2.471209019502356943e-09
2.406000000000000000e+03 2.474477401092518148e-09
2.407000000000000000e+03 2.483571340638022718e-09
2.408000000000000000e+03 2.498005197864663710e-09
2.409000000000000000e+03 2.512515545865410658e-09
2.410000000000000000e+03 2.483621113575565884e-09
2.411000000000000000e+03 2.489386383303549497e-09
2.412000000000000000e+03 2.501789212836833590e-09
2.413000000000000000e+03 2.459399241944996853e-09
2.414000000000000000e+03 2.478213263485313425e-09
2.415000000000000000e+03 2.497413875744296657e-09
2.416000000000000000e+03 2.478784174313739203e-09
2.417000000000000000e+03 2.500036054866120700e-09
2.418000000000000000e+03 2.482406302407280428e-09
2.419000000000000000e+03 2.485362275599490142e-09
2.420000000000000000e+03 2.467321825068525998e-09
2.421000000000000000e+03 2.465693951914028946e-09
2.422000000000000000e+03 2.466080751444664383e-09
2.423000000000000000e+03 2.466679393117194133e-09
2.424000000000000000e+03 2.507988748937446546e-09
2.425000000000000000e+03 2.470136966312053143e-09
2.426000000000000000e+03 2.478840570441233389e-09
2.427000000000000000e+03 2.476522800850874072e-09
2.428000000000000000e+03 2.496067877457856130e-09
2.429000000000000000e+03 2.477387022449507846e-09
2.430000000000000000e+03 2.471834405085224224e-09
2.431000000000000000e+03 2.489067700105732768e-09
2.432000000000000000e+03 2.490395274708470270e-09
2.433000000000000000e+03 2.470592810585013719e-09
2.434000000000000000e+03 2.469643346023265923e-09
2.435000000000000000e+03 2.472148992801866948e-09
2.436000000000000000e+03 2.469073638901497237e-09
2.437000000000000000e+03 2.492408561372244944e-09
2.438000000000000000e+03 2.470795077786175779e-09
2.439000000000000000e+03 2.467820786563430445e-09
2.440000000000000000e+03 2.467698432534362598e-09
2.441000000000000000e+03 2.472869701447103130e-09
2.442000000000000000e+03 2.463937330212195784e-09
2.443000000000000000e+03 2.461983949672385016e-09
2.444000000000000000e+03 2.484181436306663175e-09
2.445000000000000000e+03 2.477334945523008693e-09
2.446000000000000000e+03 2.479518636799621538e-09
2.447000000000000000e+03 2.470844228314525352e-09
2.448000000000000000e+03 2.474300189806832901e-09
2.449000000000000000e+03 2.476650197496433429e-09
2.450000000000000000e+03 2.487231543278707103e-09
2.451000000000000000e+03 2.539146962703996313e-09
2.452000000000000000e+03 2.512467511816041929e-09
2.453000000000000000e+03 2.494961166686312684e-09
2.454000000000000000e+03 2.464037695920497620e-09
2.455000000000000000e+03 2.460926729394216152e-09
2.456000000000000000e+03 2.476393437780158656e-09
2.457000000000000000e+03 2.464507929058292803e-09
2.458000000000000000e+03 2.464538203864766179e-09
2.459000000000000000e+03 2.496450717221278120e-09
2.460000000000000000e+03 2.455477496074205685e-09
2.461000000000000000e+03 2.482639396652194337e-09
2.462000000000000000e+03 2.458985673726397322e-09
2.463000000000000000e+03 2.475807010228901216e-09
2.464000000000000000e+03 2.457924267433916502e-09
2.465000000000000000e+03 2.496210405498984350e-09
2.466000000000000000e+03 2.473712633216777254e-09
2.467000000000000000e+03 2.494909336178726226e-09
2.468000000000000000e+03 2.489466142780972386e-09
2.469000000000000000e+03 2.467048665075275735e-09
2.470000000000000000e+03 2.502201477131830924e-09
2.471000000000000000e+03 2.486960630745588733e-09
2.472000000000000000e+03 2.471529991818433535e-09
2.473000000000000000e+03 2.484162800511845192e-09
2.474000000000000000e+03 2.458220128861113513e-09
2.475000000000000000e+03 2.490901473348376128e-09
2.476000000000000000e+03 2.466801068815428778e-09
2.477000000000000000e+03 2.474782034770146439e-09
2.478000000000000000e+03 2.461711878171771894e-09
2.479000000000000000e+03 2.453935178852355081e-09
2.480000000000000000e+03 2.450601950020896647e-09
2.481000000000000000e+03 2.470200449583019648e-09
2.482000000000000000e+03 2.478570143219129129e-09
2.483000000000000000e+03 2.487235096264489447e-09
2.484000000000000000e+03 2.486371495771073063e-09
2.485000000000000000e+03 2.472944186208891247e-09
2.486000000000000000e+03 2.468592906281929842e-09
2.487000000000000000e+03 2.489471941372922167e-09
2.488000000000000000e+03 2.452010176774790603e-09
2.489000000000000000e+03 2.446683512084405182e-09
2.490000000000000000e+03 2.494432437380353070e-09
2.491000000000000000e+03 2.477112131741635931e-09
2.492000000000000000e+03 2.499714371637038483e-09
2.493000000000000000e+03 2.472072899581169731e-09
2.494000000000000000e+03 2.455897155614602237e-09
2.495000000000000000e+03 2.447305867082463159e-09
2.496000000000000000e+03 2.461031307363832850e-09
2.497000000000000000e+03 2.457471385651701753e-09
2.498000000000000000e+03 2.451396221167488246e-09
2.499000000000000000e+03 2.466156347129536622e-09
2.500000000000000000e+03 2.480321224887935587e-09
2.501000000000000000e+03 2.475147506203605311e-09
2.502000000000000000e+03 2.469299811244731795e-09
2.503000000000000000e+03 2.496101949498385574e-09
2.504000000000000000e+03 2.456167330008229728e-09
2.505000000000000000e+03 2.448279871479013191e-09
2.506000000000000000e+03 2.464211979863524136e-09
2.507000000000000000e+03 2.455898894820907030e-09
2.508000000000000000e+03 2.534964416979943674e-09
2.509000000000000000e+03 2.504341637047694294e-09
2.510000000000000000e+03 2.453957012860998319e-09
2.511000000000000000e+03 2.469530666443425016e-09
2.512000000000000000e+03 2.451686962549621637e-09
2.513000000000000000e+03 2.454931515881741184e-09
2.514000000000000000e+03 2.458378475424130111e-09
2.515000000000000000e+03 2.460735752386170615e-09
2.516000000000000000e+03 2.463129673996782793e-09
2.517000000000000000e+03 2.463586763621556171e-09
2.518000000000000000e+03 2.466988274879217409e-09
2.519000000000000000e+03 2.449699321805883135e-09
2.520000000000000000e+03 2.468777620769516586e-09
2.521000000000000000e+03 2.449635632053784413e-09
2.522000000000000000e+03 2.444791153487576835e-09
2.523000000000000000e+03 2.484857055736590533e-09
2.524000000000000000e+03 2.482837816053488508e-09
2.525000000000000000e+03 2.459383263212133692e-09
2.526000000000000000e+03 2.461773495200618830e-09
2.527000000000000000e+03 2.480294344766156602e-09
2.528000000000000000e+03 2.474642732245823496e-09
2.529000000000000000e+03 2.476441197300744795e-09
2.530000000000000000e+03 2.456446432125691789e-09
2.531000000000000000e+03 2.449627169929019999e-09
2.532000000000000000e+03 2.448012888590643012e-09
2.533000000000000000e+03 2.443483159735273188e-09
2.534000000000000000e+03 2.446353235158945621e-09
2.535000000000000000e+03 2.444645039377852296e-09
2.536000000000000000e+03 2.451676868526933884e-09
2.537000000000000000e+03 2.444866670684717270e-09
2.538000000000000000e+03 2.485483072042722326e-09
2.539000000000000000e+03 2.468184255644066071e-09
2.540000000000000000e+03 2.470344358338874046e-09
2.541000000000000000e+03 2.448852580657702670e-09
2.542000000000000000e+03 2.473354727818872503e-09
2.543000000000000000e+03 2.470197142723725937e-09
2.544000000000000000e+03 2.456243723852737442e-09
2.545000000000000000e+03 2.495320183417153418e-09
2.546000000000000000e+03 2.457778507573249310e-09
2.547000000000000000e+03 2.446992651347345346e-09
2.548000000000000000e+03 2.464060869409708836e-09
2.549000000000000000e+03 2.461667423075926037e-09
2.550000000000000000e+03 2.461419352290120420e-09
2.551000000000000000e+03 2.451929690881420391e-09
2.552000000000000000e+03 2.448968433227615228e-09
2.553000000000000000e+03 2.448786232529441526e-09
2.554000000000000000e+03 2.442827262707633590e-09
2.555000000000000000e+03 2.484774993619110799e-09
2.556000000000000000e+03 2.454748171317835555e-09
2.557000000000000000e+03 2.458925462108199604e-09
2.558000000000000000e+03 2.456042860560879793e-09
2.559000000000000000e+03 2.491966255008015787e-09
2.560000000000000000e+03 2.449740928168893508e-09
2.561000000000000000e+03 2.445026330557759379e-09
2.562000000000000000e+03 2.465692432116013890e-09
2.563000000000000000e+03 2.444881235951877428e-09
2.564000000000000000e+03 2.451660005311187530e-09
2.565000000000000000e+03 2.455553105551651653e-09
2.566000000000000000e+03 2.468877301977156699e-09
2.567000000000000000e+03 2.508416364465590192e-09
2.568000000000000000e+03 2.457242855391750345e-09
2.569000000000000000e+03 2.476597629989640285e-09
2.570000000000000000e+03 2.440138217785439125e-09
2.571000000000000000e+03 2.445044954293744005e-09
2.572000000000000000e+03 2.455666310177735018e-09
2.573000000000000000e+03 2.452462051570862987e-09
2.574000000000000000e+03 2.469923433719626761e-09
2.575000000000000000e+03 2.481035880672744540e-09
2.576000000000000000e+03 2.482336018187521117e-09
2.577000000000000000e+03 2.445720731871891376e-09
2.578000000000000000e+03 2.444606137984991821e-09
2.579000000000000000e+03 2.447167186337438254e-09
2.580000000000000000e+03 2.460331911485847940e-09
2.581000000000000000e+03 2.495199706493454388e-09
2.582000000000000000e+03 2.472894680871702256e-09
2.583000000000000000e+03 2.458244879299142075e-09
2.584000000000000000e+03 2.449144999462825213e-09
2.585000000000000000e+03 2.444883540320772773e-09
2.586000000000000000e+03 2.448618387206127410e-09
2.587000000000000000e+03 2.463135427089374708e-09
2.588000000000000000e+03 2.449914142272180881e-09
2.589000000000000000e+03 2.441833151009603928e-09
2.590000000000000000e+03 2.454052375202506792e-09
2.591000000000000000e+03 2.457823515447037500e-09
2.592000000000000000e+03 2.443992254003577583e-09
2.593000000000000000e+03 2.434795674255462356e-09
2.594000000000000000e+03 2.453056696952886227e-09
2.595000000000000000e+03 2.461366980534588569e-09
2.596000000000000000e+03 2.456376937753147259e-09
2.597000000000000000e+03 2.442674834195930745e-09
2.598000000000000000e+03 2.440092276202421067e-09
2.599000000000000000e+03 2.449576649944256195e-09
2.600000000000000000e+03 2.463123158670673280e-09
2.601000000000000000e+03 2.437212989191407361e-09
2.602000000000000000e+03 2.460890678375078441e-09
2.603000000000000000e+03 2.483702961776591603e-09
2.604000000000000000e+03 2.447454860596165610e-09
2.605000000000000000e+03 2.447840788173044749e-09
2.606000000000000000e+03 2.446685597029136782e-09
2.607000000000000000e+03 2.467671036720453554e-09
2.608000000000000000e+03 2.445824600382111075e-09
2.609000000000000000e+03 2.447996948691024818e-09
2.610000000000000000e+03 2.438122061603775334e-09
2.611000000000000000e+03 2.440357561772514800e-09
2.612000000000000000e+03 2.444022691897705553e-09
2.613000000000000000e+03 2.449258208734541427e-09
2.614000000000000000e+03 2.440269451002947519e-09
2.615000000000000000e+03 2.445462764127838715e-09
2.616000000000000000e+03 2.451769687261439257e-09
2.617000000000000000e+03 2.448718439388457388e-09
2.618000000000000000e+03 2.465238335529751885e-09
2.619000000000000000e+03 2.448190464211715802e-09
2.620000000000000000e+03 2.442550562711077447e-09
2.621000000000000000e+03 2.452126561094931397e-09
2.622000000000000000e+03 2.444656963292112887e-09
2.623000000000000000e+03 2.443447895833505758e-09
2.624000000000000000e+03 2.440553756401319326e-09
2.625000000000000000e+03 2.447091947906976082e-09
2.626000000000000000e+03 2.445297569723514006e-09
2.627000000000000000e+03 2.468012517522953990e-09
2.628000000000000000e+03 2.456925004269365937e-09
2.629000000000000000e+03 2.449041971100465722e-09
2.630000000000000000e+03 2.456447900378628570e-09
2.631000000000000000e+03 2.464580986468002320e-09
2.632000000000000000e+03 2.488531293204300871e-09
2.633000000000000000e+03 2.439444382445505378e-09
2.634000000000000000e+03 2.447755693419136860e-09
2.635000000000000000e+03 2.435299138929792019e-09
2.636000000000000000e+03 2.432079120667999992e-09
2.637000000000000000e+03 2.432421383534528807e-09
2.638000000000000000e+03 2.449680465811250423e-09
2.639000000000000000e+03 2.447247167799815592e-09
2.640000000000000000e+03 2.463329659819664439e-09
2.641000000000000000e+03 2.435917459127425636e-09
2.642000000000000000e+03 2.443871038224684951e-09
2.643000000000000000e+03 2.437354441393411378e-09
2.644000000000000000e+03 2.437647811343850567e-09
2.645000000000000000e+03 2.432698965620745207e-09
2.646000000000000000e+03 2.445269265036371657e-09
2.647000000000000000e+03 2.452798358328420786e-09
2.648000000000000000e+03 2.450760580401717806e-09
2.649000000000000000e+03 2.445055571499743536e-09
2.650000000000000000e+03 2.437838980147545794e-09
2.651000000000000000e+03 2.439394995496972397e-09
2.652000000000000000e+03 2.437693100330953145e-09
2.653000000000000000e+03 2.434672972078428627e-09
2.654000000000000000e+03 2.447789063741520958e-09
2.655000000000000000e+03 2.444280818689347305e-09
2.656000000000000000e+03 2.436815961165493411e-09
2.657000000000000000e+03 2.434717883989203523e-09
2.658000000000000000e+03 2.471762859441900904e-09
2.659000000000000000e+03 2.448461771367396830e-09
2.660000000000000000e+03 2.431218955285784495e-09
2.661000000000000000e+03 2.439665848013691230e-09
2.662000000000000000e+03 2.436230034831482447e-09
2.663000000000000000e+03 2.436682671213041353e-09
2.664000000000000000e+03 2.456582635571739032e-09
2.665000000000000000e+03 2.429002510598304288e-09
2.666000000000000000e+03 2.452889988390637764e-09
2.667000000000000000e+03 2.431163576421986350e-09
2.668000000000000000e+03 2.454452580030514541e-09
2.669000000000000000e+03 2.447332484222134936e-09
2.670000000000000000e+03 2.444431250071262427e-09
2.671000000000000000e+03 2.471999218447203302e-09
2.672000000000000000e+03 2.449460194673502793e-09
2.673000000000000000e+03 2.428186234247256488e-09
2.674000000000000000e+03 2.438927091904990784e-09
2.675000000000000000e+03 2.429029033182742696e-09
2.676000000000000000e+03 2.426720774229176764e-09
2.677000000000000000e+03 2.449846507809950135e-09
2.678000000000000000e+03 2.435900737289741299e-09
2.679000000000000000e+03 2.427920898728884276e-09
2.680000000000000000e+03 2.429200099285884098e-09
2.681000000000000000e+03 2.431484625757365524e-09
2.682000000000000000e+03 2.436499487337867280e-09
2.683000000000000000e+03 2.431941096454873590e-09
2.684000000000000000e+03 2.434029887540219884e-09
2.685000000000000000e+03 2.435330767754578546e-09
2.686000000000000000e+03 2.456909129898009870e-09
2.687000000000000000e+03 2.432346423060958238e-09
2.688000000000000000e+03 2.424126730949871448e-09
2.689000000000000000e+03 2.458030522025869834e-09
2.690000000000000000e+03 2.448581834478084853e-09
2.691000000000000000e+03 2.443888238136236289e-09
2.692000000000000000e+03 2.425530139123715259e-09
2.693000000000000000e+03 2.444945218610752359e-09
2.694000000000000000e+03 2.450813284924002151e-09
2.695000000000000000e+03 2.435087156632653894e-09
2.696000000000000000e+03 2.427937849758539290e-09
2.697000000000000000e+03 2.431146055773199767e-09
2.698000000000000000e+03 2.425224054122760067e-09
2.699000000000000000e+03 2.470478510810028727e-09
2.700000000000000000e+03 2.428181760756903520e-09
2.701000000000000000e+03 2.434075582244527804e-09
2.702000000000000000e+03 2.457160706303429808e-09
2.703000000000000000e+03 2.433318312811597809e-09
2.704000000000000000e+03 2.435828187011015795e-09
2.705000000000000000e+03 2.431529328906391018e-09
2.706000000000000000e+03 2.461248126415053921e-09
2.707000000000000000e+03 2.447641588531327885e-09
2.708000000000000000e+03 2.444634747634669520e-09
2.709000000000000000e+03 2.442555232371414671e-09
2.710000000000000000e+03 2.429475438253887203e-09
2.711000000000000000e+03 2.430536298259991071e-09
2.712000000000000000e+03 2.456299548255972963e-09
2.713000000000000000e+03 2.426853546806578301e-09
2.714000000000000000e+03 2.430043536270554121e-09
2.715000000000000000e+03 2.426282489793738945e-09
2.716000000000000000e+03 2.431054071078839075e-09
2.717000000000000000e+03 2.444667470264406315e-09
2.718000000000000000e+03 2.425272651241284451e-09
2.719000000000000000e+03 2.430649336779982779e-09
2.720000000000000000e+03 2.436656849662473468e-09
2.721000000000000000e+03 2.427682660604077073e-09
2.722000000000000000e+03 2.457221974893814544e-09
2.723000000000000000e+03 2.440537857877662493e-09
2.724000000000000000e+03 2.480995739705775228e-09
2.725000000000000000e+03 2.439624914232993027e-09
2.726000000000000000e+03 2.442902853937636545e-09
2.727000000000000000e+03 2.457554042510781703e-09
2.728000000000000000e+03 2.429860577655805115e-09
2.729000000000000000e+03 2.429929677950254636e-09
2.730000000000000000e+03 2.434990779020718084e-09
2.731000000000000000e+03 2.422844000467752763e-09
2.732000000000000000e+03 2.431433058323599925e-09
2.733000000000000000e+03 2.427708139520055821e-09
2.734000000000000000e+03 2.435340935046144805e-09
2.735000000000000000e+03 2.462690176017342359e-09
2.736000000000000000e+03 2.432520227536482203e-09
2.737000000000000000e+03 2.441474989342069583e-09
2.738000000000000000e+03 2.423549226283552423e-09
2.739000000000000000e+03 2.430949823562914836e-09
2.740000000000000000e+03 2.423380304916195824e-09
2.741000000000000000e+03 2.428653636844278631e-09
2.742000000000000000e+03 2.440715716238388498e-09
2.743000000000000000e+03 2.439356524311803794e-09
2.744000000000000000e+03 2.419341939807557258e-09
2.745000000000000000e+03 2.430223284172747797e-09
2.746000000000000000e+03 2.428253848394337123e-09
2.747000000000000000e+03 2.429457464789687864e-09
2.748000000000000000e+03 2.427182980640147142e-09
2.749000000000000000e+03 2.423498102209167775e-09
2.750000000000000000e+03 2.437070861847339822e-09
2.751000000000000000e+03 2.447633832770948816e-09
2.752000000000000000e+03 2.425880990127307198e-09
2.753000000000000000e+03 2.421610271914137750e-09
2.754000000000000000e+03 2.439906534075450795e-09
2.755000000000000000e+03 2.449978781214847281e-09
2.756000000000000000e+03 2.425103785827743961e-09
2.757000000000000000e+03 2.484091265132581337e-09
2.758000000000000000e+03 2.474984350607733948e-09
2.759000000000000000e+03 2.441031680782187606e-09
2.760000000000000000e+03 2.438457228351035860e-09
2.761000000000000000e+03 2.422242215513687582e-09
2.762000000000000000e+03 2.427477384480694161e-09
2.763000000000000000e+03 2.424338994664956795e-09
2.764000000000000000e+03 2.440843974854482434e-09
2.765000000000000000e+03 2.427268296499855869e-09
2.766000000000000000e+03 2.429118614643158954e-09
2.767000000000000000e+03 2.424070307688129264e-09
2.768000000000000000e+03 2.421470739544867755e-09
2.769000000000000000e+03 2.424956637674359574e-09
2.770000000000000000e+03 2.451196437609729515e-09
2.771000000000000000e+03 2.417699382736183355e-09
2.772000000000000000e+03 2.427363510203343642e-09
2.773000000000000000e+03 2.425148657079146129e-09
2.774000000000000000e+03 2.425334425827200572e-09
2.775000000000000000e+03 2.438430222485376619e-09
2.776000000000000000e+03 2.439735290301371264e-09
2.777000000000000000e+03 2.423976269378756618e-09
2.778000000000000000e+03 2.426029785123069917e-09
2.779000000000000000e+03 2.415478304345283872e-09
2.780000000000000000e+03 2.427052725760821960e-09
2.781000000000000000e+03 2.432437994900287710e-09
2.782000000000000000e+03 2.418164816107336653e-09
2.783000000000000000e+03 2.421573412503149899e-09
2.784000000000000000e+03 2.422354299030893951e-09
2.785000000000000000e+03 2.424464651758170277e-09
2.786000000000000000e+03 2.419679248607324219e-09
2.787000000000000000e+03 2.426694532011293939e-09
2.788000000000000000e+03 2.425282748173378590e-09
2.789000000000000000e+03 2.416320750627691964e-09
2.790000000000000000e+03 2.427000737918424786e-09
2.791000000000000000e+03 2.420843547286790083e-09
2.792000000000000000e+03 2.430260173141298586e-09
2.793000000000000000e+03 2.427205211005638936e-09
2.794000000000000000e+03 2.428560628692687210e-09
2.795000000000000000e+03 2.424241269193472399e-09
2.796000000000000000e+03 2.440388969709963851e-09
2.797000000000000000e+03 2.421641208475602226e-09
2.798000000000000000e+03 2.438065316679349477e-09
2.799000000000000000e+03 2.425207511196844336e-09
2.800000000000000000e+03 2.422624411374169565e-09
2.801000000000000000e+03 2.427592786131927793e-09
2.802000000000000000e+03 2.415135586362383917e-09
2.803000000000000000e+03 2.430006196478465067e-09
2.804000000000000000e+03 2.449734087903069642e-09
2.805000000000000000e+03 2.427525977004772873e-09
2.806000000000000000e+03 2.425622185838996741e-09
2.807000000000000000e+03 2.427202088483125352e-09
2.808000000000000000e+03 2.437567389461590668e-09
2.809000000000000000e+03 2.418438927683663672e-09
2.810000000000000000e+03 2.417398792289514478e-09
2.811000000000000000e+03 2.416333766844091425e-09
2.812000000000000000e+03 2.411702417333133600e-09
2.813000000000000000e+03 2.419336765216631163e-09
2.814000000000000000e+03 2.422277275595116326e-09
2.815000000000000000e+03 2.433377737057770250e-09
2.816000000000000000e+03 2.429315692449038265e-09
2.817000000000000000e+03 2.415547842717835380e-09
2.818000000000000000e+03 2.413489898385705000e-09
2.819000000000000000e+03 2.419163356339553968e-09
2.820000000000000000e+03 2.420823161039824279e-09
2.821000000000000000e+03 2.424520200174165649e-09
2.822000000000000000e+03 2.425596290058347041e-09
2.823000000000000000e+03 2.437501267677436880e-09
2.824000000000000000e+03 2.435821171122003098e-09
2.825000000000000000e+03 2.415841786991839535e-09
2.826000000000000000e+03 2.452974516037710911e-09
2.827000000000000000e+03 2.419250213888383120e-09
2.828000000000000000e+03 2.417148716072154531e-09
2.829000000000000000e+03 2.419001449465040034e-09
2.830000000000000000e+03 2.415701523708150588e-09
2.831000000000000000e+03 2.426836445731594982e-09
2.832000000000000000e+03 2.415451453867836176e-09
2.833000000000000000e+03 2.422218816865880129e-09
2.834000000000000000e+03 2.441903673946798848e-09
2.835000000000000000e+03 2.434699317945126348e-09
2.836000000000000000e+03 2.423239372430364468e-09
2.837000000000000000e+03 2.415839851403011392e-09
2.838000000000000000e+03 2.421588078667705101e-09
2.839000000000000000e+03 2.419706180373923743e-09
2.840000000000000000e+03 2.429187356632563226e-09
2.841000000000000000e+03 2.424294621009704234e-09
2.842000000000000000e+03 2.413772240532664693e-09
2.843000000000000000e+03 2.421077607368503533e-09
2.844000000000000000e+03 2.419496510376597273e-09
2.845000000000000000e+03 2.445888426796061434e-09
2.846000000000000000e+03 2.422049522060753259e-09
2.847000000000000000e+03 2.414207752177793451e-09
2.848000000000000000e+03 2.409878535879772078e-09
2.849000000000000000e+03 2.422253525480011123e-09
2.850000000000000000e+03 2.412371353353497355e-09
2.851000000000000000e+03 2.414856781536236318e-09
2.852000000000000000e+03 2.417530233621736296e-09
2.853000000000000000e+03 2.422225134199880766e-09
2.854000000000000000e+03 2.432251489686544840e-09
2.855000000000000000e+03 2.414406018436726035e-09
2.856000000000000000e+03 2.417629450319982707e-09
2.857000000000000000e+03 2.414372896851915096e-09
2.858000000000000000e+03 2.414789104664491549e-09
2.859000000000000000e+03 2.418035749134552716e-09
2.860000000000000000e+03 2.422179436853234956e-09
2.861000000000000000e+03 2.426320182318789015e-09
2.862000000000000000e+03 2.429432328943287721e-09
2.863000000000000000e+03 2.419970843890540498e-09
2.864000000000000000e+03 2.416494534678243114e-09
2.865000000000000000e+03 2.416450099237096176e-09
2.866000000000000000e+03 2.428153257166969868e-09
2.867000000000000000e+03 2.414310807364618491e-09
2.868000000000000000e+03 2.420065825191279531e-09
2.869000000000000000e+03 2.420560631702682509e-09
2.870000000000000000e+03 2.419078229693826188e-09
2.871000000000000000e+03 2.424279744795154748e-09
2.872000000000000000e+03 2.410243669045507765e-09
2.873000000000000000e+03 2.419873670782832410e-09
2.874000000000000000e+03 2.416126184526599855e-09
2.875000000000000000e+03 2.417073986145091017e-09
2.876000000000000000e+03 2.415898632595094916e-09
2.877000000000000000e+03 2.408257673779108918e-09
2.878000000000000000e+03 2.428775548557645363e-09
2.879000000000000000e+03 2.435933090682104503e-09
2.880000000000000000e+03 2.435056733963027875e-09
2.881000000000000000e+03 2.413823625717210013e-09
2.882000000000000000e+03 2.413595309234791773e-09
2.883000000000000000e+03 2.417954497623374129e-09
2.884000000000000000e+03 2.415887149868332637e-09
2.885000000000000000e+03 2.409238195662928360e-09
2.886000000000000000e+03 2.415262112117705496e-09
2.887000000000000000e+03 2.433075208121807425e-09
2.888000000000000000e+03 2.411388237703569914e-09
2.889000000000000000e+03 2.440486048090070673e-09
2.890000000000000000e+03 2.410167027998189382e-09
2.891000000000000000e+03 2.417171156545194182e-09
2.892000000000000000e+03 2.414375352107395905e-09
2.893000000000000000e+03 2.410322031628275001e-09
2.894000000000000000e+03 2.431574177080810258e-09
2.895000000000000000e+03 2.428634806155906654e-09
2.896000000000000000e+03 2.423815740552722559e-09
2.897000000000000000e+03 2.432360815525476902e-09
2.898000000000000000e+03 2.410331712403060447e-09
2.899000000000000000e+03 2.408959235269301394e-09
2.900000000000000000e+03 2.416490638697160089e-09
2.901000000000000000e+03 2.425543298558631681e-09
2.902000000000000000e+03 2.427037209167674434e-09
2.903000000000000000e+03 2.407089652124907569e-09
2.904000000000000000e+03 2.420335985302383050e-09
2.905000000000000000e+03 2.414470411797286665e-09
2.906000000000000000e+03 2.418166520659866730e-09
2.907000000000000000e+03 2.408065716327947460e-09
2.908000000000000000e+03 2.412281308565308282e-09
2.909000000000000000e+03 2.414097855450243327e-09
2.910000000000000000e+03 2.419438498777791851e-09
2.911000000000000000e+03 2.413785797747025640e-09
2.912000000000000000e+03 2.417443927629873818e-09
2.913000000000000000e+03 2.409695192653656554e-09
2.914000000000000000e+03 2.415243887486790157e-09
2.915000000000000000e+03 2.408080747720088454e-09
2.916000000000000000e+03 2.412912654285726680e-09
2.917000000000000000e+03 2.411603739896383985e-09
2.918000000000000000e+03 2.408939745240045082e-09
2.919000000000000000e+03 2.408647320932288803e-09
2.920000000000000000e+03 2.411362905764344096e-09
2.921000000000000000e+03 2.409984566084588830e-09
2.922000000000000000e+03 2.407669224219476904e-09
2.923000000000000000e+03 2.409358409909358573e-09
2.924000000000000000e+03 2.415231940739668730e-09
2.925000000000000000e+03 2.404944297372127736e-09
2.926000000000000000e+03 2.408733687093392702e-09
2.927000000000000000e+03 2.412930566386958750e-09
2.928000000000000000e+03 2.429866110752793756e-09
2.929000000000000000e+03 2.413100609463505026e-09
2.930000000000000000e+03 2.415745725141777453e-09
2.931000000000000000e+03 2.410109667266281443e-09
2.932000000000000000e+03 2.409805843088423628e-09
2.933000000000000000e+03 2.406579441033137588e-09
2.934000000000000000e+03 2.419468920989967552e-09
2.935000000000000000e+03 2.413297429314267952e-09
2.936000000000000000e+03 2.417913092508730737e-09
2.937000000000000000e+03 2.422048156170628978e-09
2.938000000000000000e+03 2.406757132634851394e-09
2.939000000000000000e+03 2.411572964193388527e-09
2.940000000000000000e+03 2.405423022108205825e-09
2.941000000000000000e+03 2.406848959614163812e-09
2.942000000000000000e+03 2.415340513669848467e-09
2.943000000000000000e+03 2.408117054481920203e-09
2.944000000000000000e+03 2.412925035040623843e-09
2.945000000000000000e+03 2.429376805528121605e-09
2.946000000000000000e+03 2.406789029953149048e-09
2.947000000000000000e+03 2.411331355246259241e-09
2.948000000000000000e+03 2.403515525246264292e-09
2.949000000000000000e+03 2.406308840492597986e-09
2.950000000000000000e+03 2.418307659579745942e-09
2.951000000000000000e+03 2.410930617677877723e-09
2.952000000000000000e+03 2.416316736943406482e-09
2.953000000000000000e+03 2.403198188225596397e-09
2.954000000000000000e+03 2.406464649064300958e-09
2.955000000000000000e+03 2.412164285939134166e-09
2.956000000000000000e+03 2.404479003743629248e-09
2.957000000000000000e+03 2.413690642654180349e-09
2.958000000000000000e+03 2.410477382164529878e-09
2.959000000000000000e+03 2.408949171068932278e-09
2.960000000000000000e+03 2.401529976583150147e-09
2.961000000000000000e+03 2.408106320676845516e-09
2.962000000000000000e+03 2.415318174827518498e-09
2.963000000000000000e+03 2.404769134535235889e-09
2.964000000000000000e+03 2.405195911372319629e-09
2.965000000000000000e+03 2.412006131468275939e-09
2.966000000000000000e+03 2.448224396574764410e-09
2.967000000000000000e+03 2.446700386041901601e-09
2.968000000000000000e+03 2.403695259644423862e-09
2.969000000000000000e+03 2.403788581899593301e-09
2.970000000000000000e+03 2.410539320564942957e-09
2.971000000000000000e+03 2.420889476275646653e-09
2.972000000000000000e+03 2.416053903359688096e-09
2.973000000000000000e+03 2.428165962966034029e-09
2.974000000000000000e+03 2.412399417257770087e-09
2.975000000000000000e+03 2.402744841555207467e-09
2.976000000000000000e+03 2.400106483141763418e-09
2.977000000000000000e+03 2.424153908370613006e-09
2.978000000000000000e+03 2.401018641162465647e-09
2.979000000000000000e+03 2.402728532288088179e-09
2.980000000000000000e+03 2.407059648224413855e-09
2.981000000000000000e+03 2.406232553713063491e-09
2.982000000000000000e+03 2.406451848743449648e-09
2.983000000000000000e+03 2.404879867155737925e-09
2.984000000000000000e+03 2.407257385305452212e-09
2.985000000000000000e+03 2.404913938124615180e-09
2.986000000000000000e+03 2.421172835395071944e-09
2.987000000000000000e+03 2.406124687007996286e-09
2.988000000000000000e+03 2.401096269919561277e-09
2.989000000000000000e+03 2.407819254923240694e-09
2.990000000000000000e+03 2.415201366275817191e-09
2.991000000000000000e+03 2.404885240411031266e-09
2.992000000000000000e+03 2.406252694380367016e-09
2.993000000000000000e+03 2.405746350078441088e-09
2.994000000000000000e+03 2.411066404659805471e-09
2.995000000000000000e+03 2.402373824569221942e-09
2.996000000000000000e+03 2.404116408999432922e-09
2.997000000000000000e+03 2.402901018082410092e-09
2.998000000000000000e+03 2.405597184768295769e-09
2.999000000000000000e+03 2.405457089347940706e-09
