0.000000000000000000e+00 1.389465474034060843e+00
1.000000000000000000e+00 5.295308826016097425e-01
2.000000000000000000e+00 5.001435071234527907e-01
3.000000000000000000e+00 4.867226400076524184e-01
4.000000000000000000e+00 4.706127048861529771e-01
5.000000000000000000e+00 4.348513343552411481e-01
6.000000000000000000e+00 4.009653884842020455e-01
7.000000000000000000e+00 3.502401201561435307e-01
8.000000000000000000e+00 3.049083003047209917e-01
9.000000000000000000e+00 2.551554596796741237e-01
1.000000000000000000e+01 1.865743296957501074e-01
1.100000000000000000e+01 1.057657441138749738e-01
1.200000000000000000e+01 6.677952946580960336e-02
1.300000000000000000e+01 4.579317675255829834e-02
1.400000000000000000e+01 3.350814620795927040e-02
1.500000000000000000e+01 2.676390306816929174e-02
1.600000000000000000e+01 2.929361661902904479e-02
1.700000000000000000e+01 2.610401484102054664e-02
1.800000000000000000e+01 2.368446523466043521e-02
1.900000000000000000e+01 2.619151540786451501e-02
2.000000000000000000e+01 2.985187640516270488e-02
2.100000000000000000e+01 2.473610379441884208e-02
2.200000000000000000e+01 2.294346366845301938e-02
2.300000000000000000e+01 2.217735340995223570e-02
2.400000000000000000e+01 2.511608130863256932e-02
2.500000000000000000e+01 2.575566222911128411e-02
2.600000000000000000e+01 2.468400269603685318e-02
2.700000000000000000e+01 2.066809551166983241e-02
2.800000000000000000e+01 2.118059486324615562e-02
2.900000000000000000e+01 2.237897544360529026e-02
3.000000000000000000e+01 2.049719954550153697e-02
3.100000000000000000e+01 1.995409981440384936e-02
3.200000000000000000e+01 2.198292146850687814e-02
3.300000000000000000e+01 2.013334745961557412e-02
3.400000000000000000e+01 2.447367545816951304e-02
3.500000000000000000e+01 1.966605159126113764e-02
3.600000000000000000e+01 2.026497137191693443e-02
3.700000000000000000e+01 1.926376075145738373e-02
3.800000000000000000e+01 1.821262999539700889e-02
3.900000000000000000e+01 1.772783570078428211e-02
4.000000000000000000e+01 2.804797627518989742e-02
4.100000000000000000e+01 2.177255697773411089e-02
4.200000000000000000e+01 1.884874567272602428e-02
4.300000000000000000e+01 1.638765902197686364e-02
4.400000000000000000e+01 1.483374656068396115e-02
4.500000000000000000e+01 1.397641655477088740e-02
4.600000000000000000e+01 1.450291654547576289e-02
4.700000000000000000e+01 1.386920705318661975e-02
4.800000000000000000e+01 1.335476731588681847e-02
4.900000000000000000e+01 1.368747951890861292e-02
5.000000000000000000e+01 1.396968516863210732e-02
5.100000000000000000e+01 1.607173290357562928e-02
5.200000000000000000e+01 1.387121840385273537e-02
5.300000000000000000e+01 1.176088915511590109e-02
5.400000000000000000e+01 1.002719797478680668e-02
5.500000000000000000e+01 1.052097976015425179e-02
5.600000000000000000e+01 1.038514647229322671e-02
5.700000000000000000e+01 9.468681651860438517e-03
5.800000000000000000e+01 1.073136858137745640e-02
5.900000000000000000e+01 1.026553228574286943e-02
6.000000000000000000e+01 1.382811318843299442e-02
6.100000000000000000e+01 8.103903713704781880e-03
6.200000000000000000e+01 7.529994052810158080e-03
6.300000000000000000e+01 8.760882545749351311e-03
6.400000000000000000e+01 7.418532695248712151e-03
6.500000000000000000e+01 7.029869061861022603e-03
6.600000000000000000e+01 7.097026164675490460e-03
6.700000000000000000e+01 7.547629314432771630e-03
6.800000000000000000e+01 7.490884199157078586e-03
6.900000000000000000e+01 6.502788637162281934e-03
7.000000000000000000e+01 6.393146264286316514e-03
7.100000000000000000e+01 7.556855493977327268e-03
7.200000000000000000e+01 7.812889461521295084e-03
7.300000000000000000e+01 7.944665773222446201e-03
7.400000000000000000e+01 6.060281027540988415e-03
7.500000000000000000e+01 5.973535017068065146e-03
7.600000000000000000e+01 6.185589509510475495e-03
7.700000000000000000e+01 1.011523747129767017e-02
7.800000000000000000e+01 7.066008624828810578e-03
7.900000000000000000e+01 5.865224756947112240e-03
8.000000000000000000e+01 5.511287816099633315e-03
8.100000000000000000e+01 6.576257590949076415e-03
8.200000000000000000e+01 6.591773178990992590e-03
8.300000000000000000e+01 9.794794399325745110e-03
8.400000000000000000e+01 1.108530520976823940e-02
8.500000000000000000e+01 8.990572220660719358e-03
8.600000000000000000e+01 6.453922578973425583e-03
8.700000000000000000e+01 9.007501273624981403e-03
8.800000000000000000e+01 6.645876196977961933e-03
8.900000000000000000e+01 5.487150307667539549e-03
9.000000000000000000e+01 5.828351139601213246e-03
9.100000000000000000e+01 9.584963166946037019e-03
9.200000000000000000e+01 6.213035020253387941e-03
9.300000000000000000e+01 5.659389870333575087e-03
9.400000000000000000e+01 6.944952883746630459e-03
9.500000000000000000e+01 5.684378605008538407e-03
9.600000000000000000e+01 1.188591257899207325e-02
9.700000000000000000e+01 1.344627840694855546e-02
9.800000000000000000e+01 6.214396129699008113e-03
9.900000000000000000e+01 5.042502536023770431e-03
1.000000000000000000e+02 5.333048747342450033e-03
1.010000000000000000e+02 5.607322023480001451e-03
1.020000000000000000e+02 6.834572130881486768e-03
1.030000000000000000e+02 7.152326060419311564e-03
1.040000000000000000e+02 6.475798451901684967e-03
1.050000000000000000e+02 5.060746245552941343e-03
1.060000000000000000e+02 7.351117955837843665e-03
1.070000000000000000e+02 5.066379960775636328e-03
1.080000000000000000e+02 5.274685766724743902e-03
1.090000000000000000e+02 6.038964863522722909e-03
1.100000000000000000e+02 5.484065130542609481e-03
1.110000000000000000e+02 5.289658055889943748e-03
1.120000000000000000e+02 5.653668409510306456e-03
1.130000000000000000e+02 5.533253512788801134e-03
1.140000000000000000e+02 6.283966105331853687e-03
1.150000000000000000e+02 4.874665892239472657e-03
1.160000000000000000e+02 4.903193907432038499e-03
1.170000000000000000e+02 5.287750711709561860e-03
1.180000000000000000e+02 4.779635576046939276e-03
1.190000000000000000e+02 4.676864275743782169e-03
1.200000000000000000e+02 5.732893371057405478e-03
1.210000000000000000e+02 7.156757466425471732e-03
1.220000000000000000e+02 6.335767744195375424e-03
1.230000000000000000e+02 5.935404644035423977e-03
1.240000000000000000e+02 4.801580389433013352e-03
1.250000000000000000e+02 5.600515944465183499e-03
1.260000000000000000e+02 4.736002943657418272e-03
1.270000000000000000e+02 4.509744880013499130e-03
1.280000000000000000e+02 4.618743590871127874e-03
1.290000000000000000e+02 4.366080821764341084e-03
1.300000000000000000e+02 5.202966060869336322e-03
1.310000000000000000e+02 4.442093449997618418e-03
1.320000000000000000e+02 5.080323099963011263e-03
1.330000000000000000e+02 4.701108065534869047e-03
1.340000000000000000e+02 5.533220275335757818e-03
1.350000000000000000e+02 4.740135198858756206e-03
1.360000000000000000e+02 4.679883663014282498e-03
1.370000000000000000e+02 4.440063374484429747e-03
1.380000000000000000e+02 4.445096674210340278e-03
1.390000000000000000e+02 6.981890310092084967e-03
1.400000000000000000e+02 5.251664099621355941e-03
1.410000000000000000e+02 4.466738732733038786e-03
1.420000000000000000e+02 4.482495880289653206e-03
1.430000000000000000e+02 4.491084966168124026e-03
1.440000000000000000e+02 5.209801223410062167e-03
1.450000000000000000e+02 5.490999010440222351e-03
1.460000000000000000e+02 4.810685192510685652e-03
1.470000000000000000e+02 4.199805663740925968e-03
1.480000000000000000e+02 6.055183637725477033e-03
1.490000000000000000e+02 6.442808294065180581e-03
1.500000000000000000e+02 6.618772432921323987e-03
1.510000000000000000e+02 5.538898760813024125e-03
1.520000000000000000e+02 6.423711857932262910e-03
1.530000000000000000e+02 5.417043655192769688e-03
1.540000000000000000e+02 7.403695885757615759e-03
1.550000000000000000e+02 4.938145604558659765e-03
1.560000000000000000e+02 4.554877434985676529e-03
1.570000000000000000e+02 4.272520270691561317e-03
1.580000000000000000e+02 4.468081510851506545e-03
1.590000000000000000e+02 4.489284121856378790e-03
1.600000000000000000e+02 4.309557066165808394e-03
1.610000000000000000e+02 4.319410588844082959e-03
1.620000000000000000e+02 4.089997377749914412e-03
1.630000000000000000e+02 3.910436195657143038e-03
1.640000000000000000e+02 4.506547717150201707e-03
1.650000000000000000e+02 4.982694934143817173e-03
1.660000000000000000e+02 4.167892984389603116e-03
1.670000000000000000e+02 5.582686420362238840e-03
1.680000000000000000e+02 4.231215216382904626e-03
1.690000000000000000e+02 4.202971799765957243e-03
1.700000000000000000e+02 5.857921465886756565e-03
1.710000000000000000e+02 4.995614867127799903e-03
1.720000000000000000e+02 4.929516824892558012e-03
1.730000000000000000e+02 4.084549344956042716e-03
1.740000000000000000e+02 4.377891150016586033e-03
1.750000000000000000e+02 4.021454579128518406e-03
1.760000000000000000e+02 4.977988159159099125e-03
1.770000000000000000e+02 4.808179726103689426e-03
1.780000000000000000e+02 4.317534715965501771e-03
1.790000000000000000e+02 4.179552005364137526e-03
1.800000000000000000e+02 4.686217087333821932e-03
1.810000000000000000e+02 4.100060318326521382e-03
1.820000000000000000e+02 4.761648769418376503e-03
1.830000000000000000e+02 5.660892596739239453e-03
1.840000000000000000e+02 6.764270170338945384e-03
1.850000000000000000e+02 5.806719455855163629e-03
1.860000000000000000e+02 3.885843900056844963e-03
1.870000000000000000e+02 5.499996314997193311e-03
1.880000000000000000e+02 4.847918660994986716e-03
1.890000000000000000e+02 5.228540486288388300e-03
1.900000000000000000e+02 3.718878003194546738e-03
1.910000000000000000e+02 4.677899940670416680e-03
1.920000000000000000e+02 4.458265798261117248e-03
1.930000000000000000e+02 4.622986351694909242e-03
1.940000000000000000e+02 4.055122121419680280e-03
1.950000000000000000e+02 4.401345411372297421e-03
1.960000000000000000e+02 3.826507003203301165e-03
1.970000000000000000e+02 3.952477502856485865e-03
1.980000000000000000e+02 4.073056718752741598e-03
1.990000000000000000e+02 4.417127807848772111e-03
2.000000000000000000e+02 4.147014232395362585e-03
2.010000000000000000e+02 4.072521236541362839e-03
2.020000000000000000e+02 4.109685930095899678e-03
2.030000000000000000e+02 3.891381566345802900e-03
2.040000000000000000e+02 3.474078560372006411e-03
2.050000000000000000e+02 3.553219288475445176e-03
2.060000000000000000e+02 3.445991723015076873e-03
2.070000000000000000e+02 4.010855403686425236e-03
2.080000000000000000e+02 3.721274983378411363e-03
2.090000000000000000e+02 3.369722137741246702e-03
2.100000000000000000e+02 3.506283725934680219e-03
2.110000000000000000e+02 3.396941257515237542e-03
2.120000000000000000e+02 5.086054520384241349e-03
2.130000000000000000e+02 4.347168045602563605e-03
2.140000000000000000e+02 5.501016269735660956e-03
2.150000000000000000e+02 3.968985251029490124e-03
2.160000000000000000e+02 3.710473482057109664e-03
2.170000000000000000e+02 3.754004871554642280e-03
2.180000000000000000e+02 3.602815524500415419e-03
2.190000000000000000e+02 4.254331995142765152e-03
2.200000000000000000e+02 3.543664629782178853e-03
2.210000000000000000e+02 3.601200629688678084e-03
2.220000000000000000e+02 3.662359637420324436e-03
2.230000000000000000e+02 4.057475052499485285e-03
2.240000000000000000e+02 3.438464067872859260e-03
2.250000000000000000e+02 3.651320385138225998e-03
2.260000000000000000e+02 4.189545764335039953e-03
2.270000000000000000e+02 4.602000322135800861e-03
2.280000000000000000e+02 3.493724657376973304e-03
2.290000000000000000e+02 3.657521789016996653e-03
2.300000000000000000e+02 3.319539547459274351e-03
2.310000000000000000e+02 3.763195631822748195e-03
2.320000000000000000e+02 3.517278914021729382e-03
2.330000000000000000e+02 3.076611475782785928e-03
2.340000000000000000e+02 3.261983809559949876e-03
2.350000000000000000e+02 3.195495283361049921e-03
2.360000000000000000e+02 3.387158054383116422e-03
2.370000000000000000e+02 3.546166288910973605e-03
2.380000000000000000e+02 3.138797400625559664e-03
2.390000000000000000e+02 3.291316049378250480e-03
2.400000000000000000e+02 3.171162008582121064e-03
2.410000000000000000e+02 3.120567136690298709e-03
2.420000000000000000e+02 3.226190381859858278e-03
2.430000000000000000e+02 3.438431148061315418e-03
2.440000000000000000e+02 3.562014709362085196e-03
2.450000000000000000e+02 3.597533424971370141e-03
2.460000000000000000e+02 3.824571058226903901e-03
2.470000000000000000e+02 3.084796875988216752e-03
2.480000000000000000e+02 3.588305173891818012e-03
2.490000000000000000e+02 3.676459388367787559e-03
2.500000000000000000e+02 3.126083508010633113e-03
2.510000000000000000e+02 3.027776299911713338e-03
2.520000000000000000e+02 3.425717264211165531e-03
2.530000000000000000e+02 2.989617828908709436e-03
2.540000000000000000e+02 3.066709599162249691e-03
2.550000000000000000e+02 3.113144931234516997e-03
2.560000000000000000e+02 2.888776516818077934e-03
2.570000000000000000e+02 3.015921352791818295e-03
2.580000000000000000e+02 3.320697416505331585e-03
2.590000000000000000e+02 3.175798382020386321e-03
2.600000000000000000e+02 3.226407331052241756e-03
2.610000000000000000e+02 3.347595442445908988e-03
2.620000000000000000e+02 3.251603865762886340e-03
2.630000000000000000e+02 3.234025809096726864e-03
2.640000000000000000e+02 2.776085662154855870e-03
2.650000000000000000e+02 3.662777660257114480e-03
2.660000000000000000e+02 4.591666801603271932e-03
2.670000000000000000e+02 3.438902275137958615e-03
2.680000000000000000e+02 3.355671575958344994e-03
2.690000000000000000e+02 2.992908879804506445e-03
2.700000000000000000e+02 2.930990405679977529e-03
2.710000000000000000e+02 2.787973387880861124e-03
2.720000000000000000e+02 2.979421074524023563e-03
2.730000000000000000e+02 2.857253791652894417e-03
2.740000000000000000e+02 2.835883600650350184e-03
2.750000000000000000e+02 3.270603089077455013e-03
2.760000000000000000e+02 3.407812502365767989e-03
2.770000000000000000e+02 3.685241612552529224e-03
2.780000000000000000e+02 3.091684044935342698e-03
2.790000000000000000e+02 2.941609145045721071e-03
2.800000000000000000e+02 3.209174072824996869e-03
2.810000000000000000e+02 2.738356305603332087e-03
2.820000000000000000e+02 2.710636204653888662e-03
2.830000000000000000e+02 2.894691101435838479e-03
2.840000000000000000e+02 3.680762294793298896e-03
2.850000000000000000e+02 3.161771593015693261e-03
2.860000000000000000e+02 3.018226696195751811e-03
2.870000000000000000e+02 2.887770479924551496e-03
2.880000000000000000e+02 3.069149915295645448e-03
2.890000000000000000e+02 2.658429401594344932e-03
2.900000000000000000e+02 2.951246578319382651e-03
2.910000000000000000e+02 3.159385133634754969e-03
2.920000000000000000e+02 3.425706612442507015e-03
2.930000000000000000e+02 2.864778831267937847e-03
2.940000000000000000e+02 2.675276726850878400e-03
2.950000000000000000e+02 3.296380359050871296e-03
2.960000000000000000e+02 2.734202124901764525e-03
2.970000000000000000e+02 2.622893418044412294e-03
2.980000000000000000e+02 3.042801446155500925e-03
2.990000000000000000e+02 2.615864175109476695e-03
3.000000000000000000e+02 3.227163575720240051e-03
3.010000000000000000e+02 2.956040383135983066e-03
3.020000000000000000e+02 2.619341133527768994e-03
3.030000000000000000e+02 2.620029911269246975e-03
3.040000000000000000e+02 2.684112247439483616e-03
3.050000000000000000e+02 2.615470315530515292e-03
3.060000000000000000e+02 2.840432946716412669e-03
3.070000000000000000e+02 2.871874604868543662e-03
3.080000000000000000e+02 2.652930352332295676e-03
3.090000000000000000e+02 2.808001842253441543e-03
3.100000000000000000e+02 3.032752964021540217e-03
3.110000000000000000e+02 2.601237639959709958e-03
3.120000000000000000e+02 2.884753131908691318e-03
3.130000000000000000e+02 2.481421358259156430e-03
3.140000000000000000e+02 2.478752416074694528e-03
3.150000000000000000e+02 2.655731579054930024e-03
3.160000000000000000e+02 3.001545714752529726e-03
3.170000000000000000e+02 2.775913929094514943e-03
3.180000000000000000e+02 2.991059728258043619e-03
3.190000000000000000e+02 2.429188285466093999e-03
3.200000000000000000e+02 2.522829133648507496e-03
3.210000000000000000e+02 2.404907239313758011e-03
3.220000000000000000e+02 2.476651686360957071e-03
3.230000000000000000e+02 2.416165708671100167e-03
3.240000000000000000e+02 2.579513210083229317e-03
3.250000000000000000e+02 2.624528671768888450e-03
3.260000000000000000e+02 2.565695312185205853e-03
3.270000000000000000e+02 2.532090513575091604e-03
3.280000000000000000e+02 2.688793160813677998e-03
3.290000000000000000e+02 2.752235238984768184e-03
3.300000000000000000e+02 3.267982120530840088e-03
3.310000000000000000e+02 2.275879650914834802e-03
3.320000000000000000e+02 2.354351278014016075e-03
3.330000000000000000e+02 2.552874633073168656e-03
3.340000000000000000e+02 2.481944284799221349e-03
3.350000000000000000e+02 2.334196747329948980e-03
3.360000000000000000e+02 2.307245315300161283e-03
3.370000000000000000e+02 2.472110359330292970e-03
3.380000000000000000e+02 2.308567802032251027e-03
3.390000000000000000e+02 2.524599606240927885e-03
3.400000000000000000e+02 2.348293996999887157e-03
3.410000000000000000e+02 2.318993750553479272e-03
3.420000000000000000e+02 2.337948642234523658e-03
3.430000000000000000e+02 2.298642769455428673e-03
3.440000000000000000e+02 2.257690747081293661e-03
3.450000000000000000e+02 2.357376177095096403e-03
3.460000000000000000e+02 2.311720626787249887e-03
3.470000000000000000e+02 2.142271262037893399e-03
3.480000000000000000e+02 2.127703703484028295e-03
3.490000000000000000e+02 2.273775807883257269e-03
3.500000000000000000e+02 2.202829609920382327e-03
3.510000000000000000e+02 2.356582071313098083e-03
3.520000000000000000e+02 2.278372343835288229e-03
3.530000000000000000e+02 2.429760956762257521e-03
3.540000000000000000e+02 2.991639282817617346e-03
3.550000000000000000e+02 2.460089197990670672e-03
3.560000000000000000e+02 2.328492851474622295e-03
3.570000000000000000e+02 2.313694000405454136e-03
3.580000000000000000e+02 2.384352559850991694e-03
3.590000000000000000e+02 2.240511145221817796e-03
3.600000000000000000e+02 2.245299771233110874e-03
3.610000000000000000e+02 2.242296593336855302e-03
3.620000000000000000e+02 2.287539183442132036e-03
3.630000000000000000e+02 2.109122444482997450e-03
3.640000000000000000e+02 2.189747661224303310e-03
3.650000000000000000e+02 2.448839092918923821e-03
3.660000000000000000e+02 2.572377400347324559e-03
3.670000000000000000e+02 2.286132811800141180e-03
3.680000000000000000e+02 2.126370126938085300e-03
3.690000000000000000e+02 2.170861718084280897e-03
3.700000000000000000e+02 2.445064671689699352e-03
3.710000000000000000e+02 2.837507932669158447e-03
3.720000000000000000e+02 2.474887037858581555e-03
3.730000000000000000e+02 2.154557004578194681e-03
3.740000000000000000e+02 2.221599375408900463e-03
3.750000000000000000e+02 2.133952514688320767e-03
3.760000000000000000e+02 2.323600233276650918e-03
3.770000000000000000e+02 2.098132392726815426e-03
3.780000000000000000e+02 2.091773657302882158e-03
3.790000000000000000e+02 2.364643798137886551e-03
3.800000000000000000e+02 2.117801987217641721e-03
3.810000000000000000e+02 2.147260961414424862e-03
3.820000000000000000e+02 2.028480752651278581e-03
3.830000000000000000e+02 2.127277122801436889e-03
3.840000000000000000e+02 2.363212124291454684e-03
3.850000000000000000e+02 1.980858710092175002e-03
3.860000000000000000e+02 2.235684432903422246e-03
3.870000000000000000e+02 2.519000791705543110e-03
3.880000000000000000e+02 2.059557568706734103e-03
3.890000000000000000e+02 2.053522858036086092e-03
3.900000000000000000e+02 2.386504738065997871e-03
3.910000000000000000e+02 2.156584529425451847e-03
3.920000000000000000e+02 1.964038334685576544e-03
3.930000000000000000e+02 2.715003624341376029e-03
3.940000000000000000e+02 1.904847441786061170e-03
3.950000000000000000e+02 1.883078154469021827e-03
3.960000000000000000e+02 1.928652169214255772e-03
3.970000000000000000e+02 2.538966932936276549e-03
3.980000000000000000e+02 2.208472886482304182e-03
3.990000000000000000e+02 2.051689699270984203e-03
4.000000000000000000e+02 2.170032082447546744e-03
4.010000000000000000e+02 1.952057954790470742e-03
4.020000000000000000e+02 1.884196577235231927e-03
4.030000000000000000e+02 1.856681779136697217e-03
4.040000000000000000e+02 1.976103776892813423e-03
4.050000000000000000e+02 1.821155595841134111e-03
4.060000000000000000e+02 1.874938628060977613e-03
4.070000000000000000e+02 2.033068432406043551e-03
4.080000000000000000e+02 1.942256193472355168e-03
4.090000000000000000e+02 2.168962773310026664e-03
4.100000000000000000e+02 1.951874594615902233e-03
4.110000000000000000e+02 2.209227355892575632e-03
4.120000000000000000e+02 1.995960737016779386e-03
4.130000000000000000e+02 1.950679726151074468e-03
4.140000000000000000e+02 1.814723877030776636e-03
4.150000000000000000e+02 1.899786903857418911e-03
4.160000000000000000e+02 1.930728187056838380e-03
4.170000000000000000e+02 1.805445288612422513e-03
4.180000000000000000e+02 1.888983295121925273e-03
4.190000000000000000e+02 1.891255298103876759e-03
4.200000000000000000e+02 1.770780571452239271e-03
4.210000000000000000e+02 1.796151865296928465e-03
4.220000000000000000e+02 1.787953967606282753e-03
4.230000000000000000e+02 1.868197008241491734e-03
4.240000000000000000e+02 1.784929898774638033e-03
4.250000000000000000e+02 2.016276494011828412e-03
4.260000000000000000e+02 1.798439394144146341e-03
4.270000000000000000e+02 1.757553389594990840e-03
4.280000000000000000e+02 1.772930741273818188e-03
4.290000000000000000e+02 1.752661852852784898e-03
4.300000000000000000e+02 1.811300257357558721e-03
4.310000000000000000e+02 1.911260701262104504e-03
4.320000000000000000e+02 1.704047954442194316e-03
4.330000000000000000e+02 1.723150283491751240e-03
4.340000000000000000e+02 1.753051023834726555e-03
4.350000000000000000e+02 2.008607044281006306e-03
4.360000000000000000e+02 1.707448199654594805e-03
4.370000000000000000e+02 1.765882671256373704e-03
4.380000000000000000e+02 1.742970533374215390e-03
4.390000000000000000e+02 1.945338612662758431e-03
4.400000000000000000e+02 1.905741151987262478e-03
4.410000000000000000e+02 2.216010476790383679e-03
4.420000000000000000e+02 1.727247331511101670e-03
4.430000000000000000e+02 1.660182034320000248e-03
4.440000000000000000e+02 1.695140110442131713e-03
4.450000000000000000e+02 1.767363581144220513e-03
4.460000000000000000e+02 1.999556081628744552e-03
4.470000000000000000e+02 1.733971855263631134e-03
4.480000000000000000e+02 1.763585025691966589e-03
4.490000000000000000e+02 1.605071149190061362e-03
4.500000000000000000e+02 1.716200815289656940e-03
4.510000000000000000e+02 1.663898064510710385e-03
4.520000000000000000e+02 1.855250608220349647e-03
4.530000000000000000e+02 1.705190932251704310e-03
4.540000000000000000e+02 1.627538165392133354e-03
4.550000000000000000e+02 1.709120774220516427e-03
4.560000000000000000e+02 1.659064121450846150e-03
4.570000000000000000e+02 1.643278610731561213e-03
4.580000000000000000e+02 1.762088857704287130e-03
4.590000000000000000e+02 1.742546778245311710e-03
4.600000000000000000e+02 1.590141940540291260e-03
4.610000000000000000e+02 1.540859628088259896e-03
4.620000000000000000e+02 1.898941665744612994e-03
4.630000000000000000e+02 1.759334346929576631e-03
4.640000000000000000e+02 1.647138552341185624e-03
4.650000000000000000e+02 1.573783962751261782e-03
4.660000000000000000e+02 1.636186995246861030e-03
4.670000000000000000e+02 1.672894923687801667e-03
4.680000000000000000e+02 1.587553134304516304e-03
4.690000000000000000e+02 1.602762404453601233e-03
4.700000000000000000e+02 1.570392245404199881e-03
4.710000000000000000e+02 1.619041097008847453e-03
4.720000000000000000e+02 1.582576621236179287e-03
4.730000000000000000e+02 1.588370650163085452e-03
4.740000000000000000e+02 1.512180509639951455e-03
4.750000000000000000e+02 1.538841311057738371e-03
4.760000000000000000e+02 1.578845505392009003e-03
4.770000000000000000e+02 1.507121567060342414e-03
4.780000000000000000e+02 1.583370408387707725e-03
4.790000000000000000e+02 1.580021406863651523e-03
4.800000000000000000e+02 1.555566255048036273e-03
4.810000000000000000e+02 1.542681401252228232e-03
4.820000000000000000e+02 1.800437234572631936e-03
4.830000000000000000e+02 1.689818861200354351e-03
4.840000000000000000e+02 1.505108943486571215e-03
4.850000000000000000e+02 1.553072891749257729e-03
4.860000000000000000e+02 1.537388517351953587e-03
4.870000000000000000e+02 1.565633259986795416e-03
4.880000000000000000e+02 1.550738628954428976e-03
4.890000000000000000e+02 1.489982995839843468e-03
4.900000000000000000e+02 1.522409803163597220e-03
4.910000000000000000e+02 1.515271280598287770e-03
4.920000000000000000e+02 1.461989934440691185e-03
4.930000000000000000e+02 1.473025707717280815e-03
4.940000000000000000e+02 1.448519986412998700e-03
4.950000000000000000e+02 1.626976186236684741e-03
4.960000000000000000e+02 1.544144181783807090e-03
4.970000000000000000e+02 1.517968674101415711e-03
4.980000000000000000e+02 1.630182681165290390e-03
4.990000000000000000e+02 1.589460858487765473e-03
5.000000000000000000e+02 1.514582111461827609e-03
5.010000000000000000e+02 1.669748846929472062e-03
5.020000000000000000e+02 1.507678812896160033e-03
5.030000000000000000e+02 1.558030621291461382e-03
5.040000000000000000e+02 1.900973674363869463e-03
5.050000000000000000e+02 1.534390474264517691e-03
5.060000000000000000e+02 1.471313041814610503e-03
5.070000000000000000e+02 1.422752357419490490e-03
5.080000000000000000e+02 1.383694043867349840e-03
5.090000000000000000e+02 1.430466487332514216e-03
5.100000000000000000e+02 1.371915350474041742e-03
5.110000000000000000e+02 1.449600777667290480e-03
5.120000000000000000e+02 1.487069202292690346e-03
5.130000000000000000e+02 1.446080031953422525e-03
5.140000000000000000e+02 1.429495889973051879e-03
5.150000000000000000e+02 1.386356836657641001e-03
5.160000000000000000e+02 1.358088608015935476e-03
5.170000000000000000e+02 1.363286447147217485e-03
5.180000000000000000e+02 1.384650101183359074e-03
5.190000000000000000e+02 1.513477069519102549e-03
5.200000000000000000e+02 1.378850517879488466e-03
5.210000000000000000e+02 1.462192639422300227e-03
5.220000000000000000e+02 1.385427908775109258e-03
5.230000000000000000e+02 1.374241309323276415e-03
5.240000000000000000e+02 1.387753684671679845e-03
5.250000000000000000e+02 1.384110483213878227e-03
5.260000000000000000e+02 1.407433093511161522e-03
5.270000000000000000e+02 1.350938342515706865e-03
5.280000000000000000e+02 1.390222602165834976e-03
5.290000000000000000e+02 1.437041954462645651e-03
5.300000000000000000e+02 1.405991553447607069e-03
5.310000000000000000e+02 1.338324428925129249e-03
5.320000000000000000e+02 1.333787256267162996e-03
5.330000000000000000e+02 1.313235609153520431e-03
5.340000000000000000e+02 1.330823437117183887e-03
5.350000000000000000e+02 1.371409755399549202e-03
5.360000000000000000e+02 1.347565010870658327e-03
5.370000000000000000e+02 1.305245242092726307e-03
5.380000000000000000e+02 1.380433463617097758e-03
5.390000000000000000e+02 1.447751640362518162e-03
5.400000000000000000e+02 1.466111448367287502e-03
5.410000000000000000e+02 1.319502051866104034e-03
5.420000000000000000e+02 1.388177077254912524e-03
5.430000000000000000e+02 1.413672958347851095e-03
5.440000000000000000e+02 1.321502770424628180e-03
5.450000000000000000e+02 1.274366707801132459e-03
5.460000000000000000e+02 1.372643268229606925e-03
5.470000000000000000e+02 1.301338860996351229e-03
5.480000000000000000e+02 1.364103180370168861e-03
5.490000000000000000e+02 1.322804900527953546e-03
5.500000000000000000e+02 1.291413402168435209e-03
5.510000000000000000e+02 1.300240717776294163e-03
5.520000000000000000e+02 1.351989180162177766e-03
5.530000000000000000e+02 1.262930931730216633e-03
5.540000000000000000e+02 1.269508242111320063e-03
5.550000000000000000e+02 1.422999359972712107e-03
5.560000000000000000e+02 1.284869245827414529e-03
5.570000000000000000e+02 1.318899001544336603e-03
5.580000000000000000e+02 1.368922767066712946e-03
5.590000000000000000e+02 1.355552548857479967e-03
5.600000000000000000e+02 1.333405498971337519e-03
5.610000000000000000e+02 1.238296954067207457e-03
5.620000000000000000e+02 1.247330631510803773e-03
5.630000000000000000e+02 1.388245358840572681e-03
5.640000000000000000e+02 1.337114514386731701e-03
5.650000000000000000e+02 1.292765002632705875e-03
5.660000000000000000e+02 1.309820369948975919e-03
5.670000000000000000e+02 1.308387006710147894e-03
5.680000000000000000e+02 1.326246477151839199e-03
5.690000000000000000e+02 1.386129258146204333e-03
5.700000000000000000e+02 1.281425409748435367e-03
5.710000000000000000e+02 1.228670370447600179e-03
5.720000000000000000e+02 1.277003437301650916e-03
5.730000000000000000e+02 1.257251369186241719e-03
5.740000000000000000e+02 1.288310066601414897e-03
5.750000000000000000e+02 1.189086605802549840e-03
5.760000000000000000e+02 1.210346809101200049e-03
5.770000000000000000e+02 1.236869209124573377e-03
5.780000000000000000e+02 1.247140179097686648e-03
5.790000000000000000e+02 1.219923202638839880e-03
5.800000000000000000e+02 1.212720559087993597e-03
5.810000000000000000e+02 1.211199570670059861e-03
5.820000000000000000e+02 1.207411237526071976e-03
5.830000000000000000e+02 1.254427666120216511e-03
5.840000000000000000e+02 1.221401401736563284e-03
5.850000000000000000e+02 1.215300544686543152e-03
5.860000000000000000e+02 1.274827210298828993e-03
5.870000000000000000e+02 1.246605193794570474e-03
5.880000000000000000e+02 1.235972980211077999e-03
5.890000000000000000e+02 1.226030777388562075e-03
5.900000000000000000e+02 1.268363499063664742e-03
5.910000000000000000e+02 1.193503482755103526e-03
5.920000000000000000e+02 1.183201371011877515e-03
5.930000000000000000e+02 1.212569802391702273e-03
5.940000000000000000e+02 1.199211338838948159e-03
5.950000000000000000e+02 1.178600020908820382e-03
5.960000000000000000e+02 1.178834235235743993e-03
5.970000000000000000e+02 1.182138100064879455e-03
5.980000000000000000e+02 1.182143824810539829e-03
5.990000000000000000e+02 1.174305525463963844e-03
6.000000000000000000e+02 1.206501739890923500e-03
6.010000000000000000e+02 1.277458171651372782e-03
6.020000000000000000e+02 1.192639052367132010e-03
6.030000000000000000e+02 1.158230863052191672e-03
6.040000000000000000e+02 1.151852883816827100e-03
6.050000000000000000e+02 1.177244882024574939e-03
6.060000000000000000e+02 1.187779194254061105e-03
6.070000000000000000e+02 1.154072777957459430e-03
6.080000000000000000e+02 1.164967036894935066e-03
6.090000000000000000e+02 1.203902850547437786e-03
6.100000000000000000e+02 1.145781125896585487e-03
6.110000000000000000e+02 1.159452559011740812e-03
6.120000000000000000e+02 1.132740365452736351e-03
6.130000000000000000e+02 1.152198076937969778e-03
6.140000000000000000e+02 1.160902510997889299e-03
6.150000000000000000e+02 1.155265138596185898e-03
6.160000000000000000e+02 1.143060031777862889e-03
6.170000000000000000e+02 1.148020397738529208e-03
6.180000000000000000e+02 1.175643196173174147e-03
6.190000000000000000e+02 1.130819419486389990e-03
6.200000000000000000e+02 1.199593592024657263e-03
6.210000000000000000e+02 1.156081361286342849e-03
6.220000000000000000e+02 1.129786093724515156e-03
6.230000000000000000e+02 1.138653530621434266e-03
6.240000000000000000e+02 1.164572779194819564e-03
6.250000000000000000e+02 1.151859190211194321e-03
6.260000000000000000e+02 1.170399690343203311e-03
6.270000000000000000e+02 1.114341146873702899e-03
6.280000000000000000e+02 1.151012163730759938e-03
6.290000000000000000e+02 1.128418784524332389e-03
6.300000000000000000e+02 1.125396393765499886e-03
6.310000000000000000e+02 1.114438232048904761e-03
6.320000000000000000e+02 1.137970571752592187e-03
6.330000000000000000e+02 1.114192526402007881e-03
6.340000000000000000e+02 1.142864480728885031e-03
6.350000000000000000e+02 1.105562884998765715e-03
6.360000000000000000e+02 1.098906688415576252e-03
6.370000000000000000e+02 1.204012734155091718e-03
6.380000000000000000e+02 1.159627617422277681e-03
6.390000000000000000e+02 1.132297662730809458e-03
6.400000000000000000e+02 1.084188709063954939e-03
6.410000000000000000e+02 1.111309632730295887e-03
6.420000000000000000e+02 1.097912881658943485e-03
6.430000000000000000e+02 1.107244629520571805e-03
6.440000000000000000e+02 1.104920062399764947e-03
6.450000000000000000e+02 1.107021175714658018e-03
6.460000000000000000e+02 1.093649118284817845e-03
6.470000000000000000e+02 1.095739497034789282e-03
6.480000000000000000e+02 1.118095586187597317e-03
6.490000000000000000e+02 1.135957418795420374e-03
6.500000000000000000e+02 1.089791685423265998e-03
6.510000000000000000e+02 1.102321469634776887e-03
6.520000000000000000e+02 1.095616341700980222e-03
6.530000000000000000e+02 1.082854780047394798e-03
6.540000000000000000e+02 1.090276480982261013e-03
6.550000000000000000e+02 1.145162396417571428e-03
6.560000000000000000e+02 1.072782292855693244e-03
6.570000000000000000e+02 1.086834330325583573e-03
6.580000000000000000e+02 1.100160205754035104e-03
6.590000000000000000e+02 1.088056106914127947e-03
6.600000000000000000e+02 1.073278798359887957e-03
6.610000000000000000e+02 1.060532573144395323e-03
6.620000000000000000e+02 1.080298141702592954e-03
6.630000000000000000e+02 1.097452824863678076e-03
6.640000000000000000e+02 1.111349026347667078e-03
6.650000000000000000e+02 1.080468161619669264e-03
6.660000000000000000e+02 1.094166033683348360e-03
6.670000000000000000e+02 1.071294241607775215e-03
6.680000000000000000e+02 1.052461130928883382e-03
6.690000000000000000e+02 1.044964246725705410e-03
6.700000000000000000e+02 1.100271896425362864e-03
6.710000000000000000e+02 1.064096557207738119e-03
6.720000000000000000e+02 1.108928738323245551e-03
6.730000000000000000e+02 1.079493671982936255e-03
6.740000000000000000e+02 1.035050754505421064e-03
6.750000000000000000e+02 1.061633424225652848e-03
6.760000000000000000e+02 1.139672947397083955e-03
6.770000000000000000e+02 1.077032327453280973e-03
6.780000000000000000e+02 1.067160051184467195e-03
6.790000000000000000e+02 1.047176222799849022e-03
6.800000000000000000e+02 1.056496448676654725e-03
6.810000000000000000e+02 1.057771333496342839e-03
6.820000000000000000e+02 1.086693467585166670e-03
6.830000000000000000e+02 1.069060926370743719e-03
6.840000000000000000e+02 1.069667227158415616e-03
6.850000000000000000e+02 1.057741845746745487e-03
6.860000000000000000e+02 1.029727077259168060e-03
6.870000000000000000e+02 1.043292882706351940e-03
6.880000000000000000e+02 1.057548828597969053e-03
6.890000000000000000e+02 1.045367136162099562e-03
6.900000000000000000e+02 1.033466791948269145e-03
6.910000000000000000e+02 1.072491483375068774e-03
6.920000000000000000e+02 1.067516677560543387e-03
6.930000000000000000e+02 1.060260990438037509e-03
6.940000000000000000e+02 1.080774518818947280e-03
6.950000000000000000e+02 1.025070658969700092e-03
6.960000000000000000e+02 1.040931330875407733e-03
6.970000000000000000e+02 1.031457900782376154e-03
6.980000000000000000e+02 1.038170781304226546e-03
6.990000000000000000e+02 1.044609751424918978e-03
7.000000000000000000e+02 1.029302397011970559e-03
7.010000000000000000e+02 1.038929260924990666e-03
7.020000000000000000e+02 1.054351867467201182e-03
7.030000000000000000e+02 1.052712881227860350e-03
7.040000000000000000e+02 1.010083056330511380e-03
7.050000000000000000e+02 1.020655133245477672e-03
7.060000000000000000e+02 1.023704039654826144e-03
7.070000000000000000e+02 1.012382503763284381e-03
7.080000000000000000e+02 1.028076794708201102e-03
7.090000000000000000e+02 1.016237165957276263e-03
7.100000000000000000e+02 1.014672117848099435e-03
7.110000000000000000e+02 1.036591820761922954e-03
7.120000000000000000e+02 1.011005311712342286e-03
7.130000000000000000e+02 1.020232601248315064e-03
7.140000000000000000e+02 1.051478101877059961e-03
7.150000000000000000e+02 1.011395750962528492e-03
7.160000000000000000e+02 1.034857340750564188e-03
7.170000000000000000e+02 1.023400703368331291e-03
7.180000000000000000e+02 1.013030580180065282e-03
7.190000000000000000e+02 1.012348400919916777e-03
7.200000000000000000e+02 1.034249993187040962e-03
7.210000000000000000e+02 1.006409144994278729e-03
7.220000000000000000e+02 1.005893873004312829e-03
7.230000000000000000e+02 1.000956905868202176e-03
7.240000000000000000e+02 1.007378488203839297e-03
7.250000000000000000e+02 1.033929257027985322e-03
7.260000000000000000e+02 9.962250531215085993e-04
7.270000000000000000e+02 9.937514083985328397e-04
7.280000000000000000e+02 1.005186480845887123e-03
7.290000000000000000e+02 1.008305659096850803e-03
7.300000000000000000e+02 1.004792236665019625e-03
7.310000000000000000e+02 9.893619007510646816e-04
7.320000000000000000e+02 1.052913503197396451e-03
7.330000000000000000e+02 9.955333974572861018e-04
7.340000000000000000e+02 9.986509775802984105e-04
7.350000000000000000e+02 1.003499186420545161e-03
7.360000000000000000e+02 9.847433059724023090e-04
7.370000000000000000e+02 9.944422059381689740e-04
7.380000000000000000e+02 9.759975558917350280e-04
7.390000000000000000e+02 1.021225348306836235e-03
7.400000000000000000e+02 9.898473000614184999e-04
7.410000000000000000e+02 9.903575954782462259e-04
7.420000000000000000e+02 9.842184291116936896e-04
7.430000000000000000e+02 1.018956527661442216e-03
7.440000000000000000e+02 1.019637297005588630e-03
7.450000000000000000e+02 1.010107447330001055e-03
7.460000000000000000e+02 9.773214507461215964e-04
7.470000000000000000e+02 9.940432545563592914e-04
7.480000000000000000e+02 9.775169712458843876e-04
7.490000000000000000e+02 9.734841990694894547e-04
7.500000000000000000e+02 9.707169428527017774e-04
7.510000000000000000e+02 9.834811192449620203e-04
7.520000000000000000e+02 9.714188483164407908e-04
7.530000000000000000e+02 9.678047429319286020e-04
7.540000000000000000e+02 9.750738538492817725e-04
7.550000000000000000e+02 9.805627034578535267e-04
7.560000000000000000e+02 9.779789586332331315e-04
7.570000000000000000e+02 9.685713726731698782e-04
7.580000000000000000e+02 9.891601728979956126e-04
7.590000000000000000e+02 9.874486526209886456e-04
7.600000000000000000e+02 9.572889337010706025e-04
7.610000000000000000e+02 9.636792887389613975e-04
7.620000000000000000e+02 9.595297381855168173e-04
7.630000000000000000e+02 9.525118714524865226e-04
7.640000000000000000e+02 9.581562928419794451e-04
7.650000000000000000e+02 9.525532832246518195e-04
7.660000000000000000e+02 9.702897556193101165e-04
7.670000000000000000e+02 9.679053326479124947e-04
7.680000000000000000e+02 9.617177068821594231e-04
7.690000000000000000e+02 9.758148702769696078e-04
7.700000000000000000e+02 9.628794676631257082e-04
7.710000000000000000e+02 9.549342396695793779e-04
7.720000000000000000e+02 9.580389905660671376e-04
7.730000000000000000e+02 9.636568585536519098e-04
7.740000000000000000e+02 9.763783384473929093e-04
7.750000000000000000e+02 9.593363764700106339e-04
7.760000000000000000e+02 9.629289461323654268e-04
7.770000000000000000e+02 9.537909100295552259e-04
7.780000000000000000e+02 9.459206692546114157e-04
7.790000000000000000e+02 9.527086919552436731e-04
7.800000000000000000e+02 9.705362454253957513e-04
7.810000000000000000e+02 9.560254678939591414e-04
7.820000000000000000e+02 9.481898629390583160e-04
7.830000000000000000e+02 9.753434868435423028e-04
7.840000000000000000e+02 9.583231478885674602e-04
7.850000000000000000e+02 9.722092342201984951e-04
7.860000000000000000e+02 9.665192456296484505e-04
7.870000000000000000e+02 9.711894015397321434e-04
7.880000000000000000e+02 9.450576027312259471e-04
7.890000000000000000e+02 9.825090877483800764e-04
7.900000000000000000e+02 9.665826866860522141e-04
7.910000000000000000e+02 9.514702251844550087e-04
7.920000000000000000e+02 9.512881239003664240e-04
7.930000000000000000e+02 9.578330156634855394e-04
7.940000000000000000e+02 9.591173919920030922e-04
7.950000000000000000e+02 9.452874036653414460e-04
7.960000000000000000e+02 9.427880632268346430e-04
7.970000000000000000e+02 9.571730518474359231e-04
7.980000000000000000e+02 9.501792329046051047e-04
7.990000000000000000e+02 9.453673583103659869e-04
8.000000000000000000e+02 9.356477470926111454e-04
8.010000000000000000e+02 9.455798395666184780e-04
8.020000000000000000e+02 9.397449687386740837e-04
8.030000000000000000e+02 9.498079436853241065e-04
8.040000000000000000e+02 9.514525026939037395e-04
8.050000000000000000e+02 9.622721488955662513e-04
8.060000000000000000e+02 9.327745588033661394e-04
8.070000000000000000e+02 9.510488223124497062e-04
8.080000000000000000e+02 9.345346488534818970e-04
8.090000000000000000e+02 9.371483526654740331e-04
8.100000000000000000e+02 9.408345580496206041e-04
8.110000000000000000e+02 9.473668209309518478e-04
8.120000000000000000e+02 9.261196991097530402e-04
8.130000000000000000e+02 9.437281649071668213e-04
8.140000000000000000e+02 9.456669550850571116e-04
8.150000000000000000e+02 9.448656451597328481e-04
8.160000000000000000e+02 9.330134576688993127e-04
8.170000000000000000e+02 9.318587593429682051e-04
8.180000000000000000e+02 9.288631372544537204e-04
8.190000000000000000e+02 9.416135571929109497e-04
8.200000000000000000e+02 9.331653888398498730e-04
8.210000000000000000e+02 9.353557585006865406e-04
8.220000000000000000e+02 9.286780148451035007e-04
8.230000000000000000e+02 9.274529541140281779e-04
8.240000000000000000e+02 9.276901739204352400e-04
8.250000000000000000e+02 9.278750594565644437e-04
8.260000000000000000e+02 9.244305887432380372e-04
8.270000000000000000e+02 9.162680074492725660e-04
8.280000000000000000e+02 9.204578624161852997e-04
8.290000000000000000e+02 9.229886654712282732e-04
8.300000000000000000e+02 9.274136487959781837e-04
8.310000000000000000e+02 9.211712216956675003e-04
8.320000000000000000e+02 9.288570967344531850e-04
8.330000000000000000e+02 9.285322275936863353e-04
8.340000000000000000e+02 9.149591909379208758e-04
8.350000000000000000e+02 9.260228389396093834e-04
8.360000000000000000e+02 9.185243627461889791e-04
8.370000000000000000e+02 9.338600912056254158e-04
8.380000000000000000e+02 9.229943150408193931e-04
8.390000000000000000e+02 9.124858243905641575e-04
8.400000000000000000e+02 9.096487481273962845e-04
8.410000000000000000e+02 9.085101621730374373e-04
8.420000000000000000e+02 9.211744374953286744e-04
8.430000000000000000e+02 9.217054622847286032e-04
8.440000000000000000e+02 9.223904220832487063e-04
8.450000000000000000e+02 9.106413620335048571e-04
8.460000000000000000e+02 9.170749706196226888e-04
8.470000000000000000e+02 9.183949691204454629e-04
8.480000000000000000e+02 9.093180415811930213e-04
8.490000000000000000e+02 9.106313811841308800e-04
8.500000000000000000e+02 9.136960325112750050e-04
8.510000000000000000e+02 9.343642585001827672e-04
8.520000000000000000e+02 9.108052852313886297e-04
8.530000000000000000e+02 9.140644996386497034e-04
8.540000000000000000e+02 9.095486845595116563e-04
8.550000000000000000e+02 9.198463524802692444e-04
8.560000000000000000e+02 9.112597142624734780e-04
8.570000000000000000e+02 9.178690758434962819e-04
8.580000000000000000e+02 9.173333676211022818e-04
8.590000000000000000e+02 9.034899834564210589e-04
8.600000000000000000e+02 9.139854292521093059e-04
8.610000000000000000e+02 9.098133675067245811e-04
8.620000000000000000e+02 9.081179778754605711e-04
8.630000000000000000e+02 9.117371256497978872e-04
8.640000000000000000e+02 9.108169739454013807e-04
8.650000000000000000e+02 9.133607853462619771e-04
8.660000000000000000e+02 9.082948559177169388e-04
8.670000000000000000e+02 9.367184868906280881e-04
8.680000000000000000e+02 9.136625251018956487e-04
8.690000000000000000e+02 9.064308969587868197e-04
8.700000000000000000e+02 9.158473896021206541e-04
8.710000000000000000e+02 9.045053407907222487e-04
8.720000000000000000e+02 9.088556722904578668e-04
8.730000000000000000e+02 9.093641551135465354e-04
8.740000000000000000e+02 8.994043539609922677e-04
8.750000000000000000e+02 8.984061038389136271e-04
8.760000000000000000e+02 9.058211811216344139e-04
8.770000000000000000e+02 9.141093871175063170e-04
8.780000000000000000e+02 8.985946455886966062e-04
8.790000000000000000e+02 8.988984373089523678e-04
8.800000000000000000e+02 9.066616676748504239e-04
8.810000000000000000e+02 9.006729386705335932e-04
8.820000000000000000e+02 9.004605806874191104e-04
8.830000000000000000e+02 9.016126630075395896e-04
8.840000000000000000e+02 9.000366122186340785e-04
8.850000000000000000e+02 9.259851592037819309e-04
8.860000000000000000e+02 8.972985195635360071e-04
8.870000000000000000e+02 8.862571365542051133e-04
8.880000000000000000e+02 8.951916091881283698e-04
8.890000000000000000e+02 9.028591109804478100e-04
8.900000000000000000e+02 8.996428310719096176e-04
8.910000000000000000e+02 8.906195219098630295e-04
8.920000000000000000e+02 8.949237153216393209e-04
8.930000000000000000e+02 9.094779919594913340e-04
8.940000000000000000e+02 8.955604394735240843e-04
8.950000000000000000e+02 8.888753755579210415e-04
8.960000000000000000e+02 8.929820082089121296e-04
8.970000000000000000e+02 8.873367474948610015e-04
8.980000000000000000e+02 8.969734140263502242e-04
8.990000000000000000e+02 9.035596844932627025e-04
9.000000000000000000e+02 8.953502521261078040e-04
9.010000000000000000e+02 8.914025907005147754e-04
9.020000000000000000e+02 9.123002319961099347e-04
9.030000000000000000e+02 8.848226442962283007e-04
9.040000000000000000e+02 8.833160853576410782e-04
9.050000000000000000e+02 8.908203102366023165e-04
9.060000000000000000e+02 9.120215135455979208e-04
9.070000000000000000e+02 8.930622115912876992e-04
9.080000000000000000e+02 9.034054924563786554e-04
9.090000000000000000e+02 8.902916548230918863e-04
9.100000000000000000e+02 8.861947599876518911e-04
9.110000000000000000e+02 8.982096461353173073e-04
9.120000000000000000e+02 8.935535672088530754e-04
9.130000000000000000e+02 9.016472911078659983e-04
9.140000000000000000e+02 8.858014416115553465e-04
9.150000000000000000e+02 8.946860485003669226e-04
9.160000000000000000e+02 8.912627070061042477e-04
9.170000000000000000e+02 8.905390710834702522e-04
9.180000000000000000e+02 8.822571772243009963e-04
9.190000000000000000e+02 8.855292263451347177e-04
9.200000000000000000e+02 8.961259704004638721e-04
9.210000000000000000e+02 8.942121896881138725e-04
9.220000000000000000e+02 9.001269588568057032e-04
9.230000000000000000e+02 8.956870850258835150e-04
9.240000000000000000e+02 8.802163971184037705e-04
9.250000000000000000e+02 8.766657382858239651e-04
9.260000000000000000e+02 8.825128348302467172e-04
9.270000000000000000e+02 8.741135523058485551e-04
9.280000000000000000e+02 8.951309006543177850e-04
9.290000000000000000e+02 8.989415535280392659e-04
9.300000000000000000e+02 8.803569850801634894e-04
9.310000000000000000e+02 8.751973430875601822e-04
9.320000000000000000e+02 8.962394562926870745e-04
9.330000000000000000e+02 8.938561509004921361e-04
9.340000000000000000e+02 8.892007744175574628e-04
9.350000000000000000e+02 8.768442828220192721e-04
9.360000000000000000e+02 8.770162861280596071e-04
9.370000000000000000e+02 8.882018161288837959e-04
9.380000000000000000e+02 8.770145326713528434e-04
9.390000000000000000e+02 8.796259909222138400e-04
9.400000000000000000e+02 8.828907912360726452e-04
9.410000000000000000e+02 8.772364917429553710e-04
9.420000000000000000e+02 8.848678863002428429e-04
9.430000000000000000e+02 8.863912844525005533e-04
9.440000000000000000e+02 8.799059931361481344e-04
9.450000000000000000e+02 8.694150496780764410e-04
9.460000000000000000e+02 8.750126970847624079e-04
9.470000000000000000e+02 8.737741601922450075e-04
9.480000000000000000e+02 8.770342086099386283e-04
9.490000000000000000e+02 8.708206205644394762e-04
9.500000000000000000e+02 8.797832156868569137e-04
9.510000000000000000e+02 8.766096000205849574e-04
9.520000000000000000e+02 8.780310674285173424e-04
9.530000000000000000e+02 8.804696077567713847e-04
9.540000000000000000e+02 8.935804163217504498e-04
9.550000000000000000e+02 8.820248574559209605e-04
9.560000000000000000e+02 8.810580483786877677e-04
9.570000000000000000e+02 8.722123859909773841e-04
9.580000000000000000e+02 8.694573226733653699e-04
9.590000000000000000e+02 8.697892727098871599e-04
9.600000000000000000e+02 8.720064362737058950e-04
9.610000000000000000e+02 8.670611909006374456e-04
9.620000000000000000e+02 8.766479019318783967e-04
9.630000000000000000e+02 8.671580098042430641e-04
9.640000000000000000e+02 8.692252973383516939e-04
9.650000000000000000e+02 8.724150301832793528e-04
9.660000000000000000e+02 8.678006106942360177e-04
9.670000000000000000e+02 8.759802047204783611e-04
9.680000000000000000e+02 8.687753028782751021e-04
9.690000000000000000e+02 8.827169160171981525e-04
9.700000000000000000e+02 8.688470493634276905e-04
9.710000000000000000e+02 8.641916677246220613e-04
9.720000000000000000e+02 8.650803766671013228e-04
9.730000000000000000e+02 8.799890475392549427e-04
9.740000000000000000e+02 8.623379002912770963e-04
9.750000000000000000e+02 8.624368943574739921e-04
9.760000000000000000e+02 8.701148643011203223e-04
9.770000000000000000e+02 8.740406359419220341e-04
9.780000000000000000e+02 8.742563748468525726e-04
9.790000000000000000e+02 8.634769520821503801e-04
9.800000000000000000e+02 8.637053693818691523e-04
9.810000000000000000e+02 8.654236975647627188e-04
9.820000000000000000e+02 8.642694987493210060e-04
9.830000000000000000e+02 8.633710962092427596e-04
9.840000000000000000e+02 8.595390149549055709e-04
9.850000000000000000e+02 8.760696021705881775e-04
9.860000000000000000e+02 8.684910811568759140e-04
9.870000000000000000e+02 8.607898374085273287e-04
9.880000000000000000e+02 8.703789102491448241e-04
9.890000000000000000e+02 8.788623295676067145e-04
9.900000000000000000e+02 8.786570801278169524e-04
9.910000000000000000e+02 8.724241434327360736e-04
9.920000000000000000e+02 8.610709366548440933e-04
9.930000000000000000e+02 8.644500811475806313e-04
9.940000000000000000e+02 8.680962326453385992e-04
9.950000000000000000e+02 8.669691181881474060e-04
9.960000000000000000e+02 8.570084143103381307e-04
9.970000000000000000e+02 8.577777079450222631e-04
9.980000000000000000e+02 8.569781200326922208e-04
9.990000000000000000e+02 8.604521882028103724e-04
1.000000000000000000e+03 8.624313929062573172e-04
1.001000000000000000e+03 8.543712934892860791e-04
1.002000000000000000e+03 8.558643223725732061e-04
1.003000000000000000e+03 8.608777598504425673e-04
1.004000000000000000e+03 8.639319318725116300e-04
1.005000000000000000e+03 8.595796177885030439e-04
1.006000000000000000e+03 8.581031513218121028e-04
1.007000000000000000e+03 8.583332025740324960e-04
1.008000000000000000e+03 8.531560906620683357e-04
1.009000000000000000e+03 8.525506979867690646e-04
1.010000000000000000e+03 8.523580347469984645e-04
1.011000000000000000e+03 8.575156376133495888e-04
1.012000000000000000e+03 8.590632172715545597e-04
1.013000000000000000e+03 8.582899613737024697e-04
1.014000000000000000e+03 8.559132645739707260e-04
1.015000000000000000e+03 8.596464730163976865e-04
1.016000000000000000e+03 8.535863108113782988e-04
1.017000000000000000e+03 8.626024973041764281e-04
1.018000000000000000e+03 8.547367152425371095e-04
1.019000000000000000e+03 8.511166056463055282e-04
1.020000000000000000e+03 8.465956121637447252e-04
1.021000000000000000e+03 8.474453107107525387e-04
1.022000000000000000e+03 8.595849757241214419e-04
1.023000000000000000e+03 8.655380078318584318e-04
1.024000000000000000e+03 8.490074030915411955e-04
1.025000000000000000e+03 8.510137548514997395e-04
1.026000000000000000e+03 8.453629555443585922e-04
1.027000000000000000e+03 8.529543295640922224e-04
1.028000000000000000e+03 8.474717661457507141e-04
1.029000000000000000e+03 8.527929493376972155e-04
1.030000000000000000e+03 8.518695881820659852e-04
1.031000000000000000e+03 8.448491938827949656e-04
1.032000000000000000e+03 8.504425277344724145e-04
1.033000000000000000e+03 8.486882224005463330e-04
1.034000000000000000e+03 8.461939527328371426e-04
1.035000000000000000e+03 8.501689817993738924e-04
1.036000000000000000e+03 8.581389643162513512e-04
1.037000000000000000e+03 8.518451343462328691e-04
1.038000000000000000e+03 8.462358602110313984e-04
1.039000000000000000e+03 8.496038647103556097e-04
1.040000000000000000e+03 8.529540400594950609e-04
1.041000000000000000e+03 8.473451619207808191e-04
1.042000000000000000e+03 8.539857736153288375e-04
1.043000000000000000e+03 8.470021827577187004e-04
1.044000000000000000e+03 8.483055796163313208e-04
1.045000000000000000e+03 8.508460651320914978e-04
1.046000000000000000e+03 8.555789252004551617e-04
1.047000000000000000e+03 8.459289665991449316e-04
1.048000000000000000e+03 8.571697627758514525e-04
1.049000000000000000e+03 8.410282499763888303e-04
1.050000000000000000e+03 8.489555685026281984e-04
1.051000000000000000e+03 8.411787067757181807e-04
1.052000000000000000e+03 8.483770842588850107e-04
1.053000000000000000e+03 8.428676455745273948e-04
1.054000000000000000e+03 8.464199874859293458e-04
1.055000000000000000e+03 8.387533548314001809e-04
1.056000000000000000e+03 8.433477627269926093e-04
1.057000000000000000e+03 8.424010709406772697e-04
1.058000000000000000e+03 8.468801523180423440e-04
1.059000000000000000e+03 8.420361420659467884e-04
1.060000000000000000e+03 8.477223377537860659e-04
1.061000000000000000e+03 8.390362808136696618e-04
1.062000000000000000e+03 8.533284383912828966e-04
1.063000000000000000e+03 8.682298127869621761e-04
1.064000000000000000e+03 8.455123764458756432e-04
1.065000000000000000e+03 8.428563467587507369e-04
1.066000000000000000e+03 8.372739698660878636e-04
1.067000000000000000e+03 8.485698503264022538e-04
1.068000000000000000e+03 8.532020304298327607e-04
1.069000000000000000e+03 8.342699700100357323e-04
1.070000000000000000e+03 8.407114280664528981e-04
1.071000000000000000e+03 8.383605489248961143e-04
1.072000000000000000e+03 8.353454373860436490e-04
1.073000000000000000e+03 8.374330601860762325e-04
1.074000000000000000e+03 8.355058310572927027e-04
1.075000000000000000e+03 8.403822209272172536e-04
1.076000000000000000e+03 8.440851112767387525e-04
1.077000000000000000e+03 8.398037362621419344e-04
1.078000000000000000e+03 8.354184654222408845e-04
1.079000000000000000e+03 8.368545249610291224e-04
1.080000000000000000e+03 8.371219021951206100e-04
1.081000000000000000e+03 8.424605779832822824e-04
1.082000000000000000e+03 8.440793802507789642e-04
1.083000000000000000e+03 8.391909136584097461e-04
1.084000000000000000e+03 8.361708016403975215e-04
1.085000000000000000e+03 8.288803130206392946e-04
1.086000000000000000e+03 8.444277155297122200e-04
1.087000000000000000e+03 8.465099182908559627e-04
1.088000000000000000e+03 8.362336340894572931e-04
1.089000000000000000e+03 8.361617519606251480e-04
1.090000000000000000e+03 8.349849092237040171e-04
1.091000000000000000e+03 8.402004404242095119e-04
1.092000000000000000e+03 8.344425825361533391e-04
1.093000000000000000e+03 8.303856740971416036e-04
1.094000000000000000e+03 8.342471530677036777e-04
1.095000000000000000e+03 8.340995546938411364e-04
1.096000000000000000e+03 8.271907348015320122e-04
1.097000000000000000e+03 8.357365835892296849e-04
1.098000000000000000e+03 8.337088001105092674e-04
1.099000000000000000e+03 8.443917035474979293e-04
1.100000000000000000e+03 8.284856911933704497e-04
1.101000000000000000e+03 8.335719452886876770e-04
1.102000000000000000e+03 8.362144339849092618e-04
1.103000000000000000e+03 8.400577123941734481e-04
1.104000000000000000e+03 8.341906274761415286e-04
1.105000000000000000e+03 8.491978934003381867e-04
1.106000000000000000e+03 8.315032728813570887e-04
1.107000000000000000e+03 8.338251370804938270e-04
1.108000000000000000e+03 8.283920812261946678e-04
1.109000000000000000e+03 8.340142668556274402e-04
1.110000000000000000e+03 8.320054469023648600e-04
1.111000000000000000e+03 8.318902076491993276e-04
1.112000000000000000e+03 8.286175394466608691e-04
1.113000000000000000e+03 8.247518591346780911e-04
1.114000000000000000e+03 8.264955912047906427e-04
1.115000000000000000e+03 8.340128609846978944e-04
1.116000000000000000e+03 8.335690996159335992e-04
1.117000000000000000e+03 8.336271082395010001e-04
1.118000000000000000e+03 8.316931213176067790e-04
1.119000000000000000e+03 8.283134981743694959e-04
1.120000000000000000e+03 8.243148375964763717e-04
1.121000000000000000e+03 8.304641802551890805e-04
1.122000000000000000e+03 8.295952138430804246e-04
1.123000000000000000e+03 8.279692312890898909e-04
1.124000000000000000e+03 8.241356288366618156e-04
1.125000000000000000e+03 8.253809353948789737e-04
1.126000000000000000e+03 8.262640913264753017e-04
1.127000000000000000e+03 8.283270141941802408e-04
1.128000000000000000e+03 8.323273090190194679e-04
1.129000000000000000e+03 8.270334503364977149e-04
1.130000000000000000e+03 8.245376399111246013e-04
1.131000000000000000e+03 8.251470041874522845e-04
1.132000000000000000e+03 8.269623984007117143e-04
1.133000000000000000e+03 8.294437905134086596e-04
1.134000000000000000e+03 8.241995433385026224e-04
1.135000000000000000e+03 8.216030775348749648e-04
1.136000000000000000e+03 8.216978820775438499e-04
1.137000000000000000e+03 8.266931134517764915e-04
1.138000000000000000e+03 8.327912829223871674e-04
1.139000000000000000e+03 8.294270005044340451e-04
1.140000000000000000e+03 8.275131147959756666e-04
1.141000000000000000e+03 8.209121768671088799e-04
1.142000000000000000e+03 8.281099410233480531e-04
1.143000000000000000e+03 8.237878278856577930e-04
1.144000000000000000e+03 8.190511183439543215e-04
1.145000000000000000e+03 8.357095091381563489e-04
1.146000000000000000e+03 8.210310119536060264e-04
1.147000000000000000e+03 8.226015362003039457e-04
1.148000000000000000e+03 8.183719630191450345e-04
1.149000000000000000e+03 8.232254779476770069e-04
1.150000000000000000e+03 8.182241021895142203e-04
1.151000000000000000e+03 8.204828180608926633e-04
1.152000000000000000e+03 8.334969130706639754e-04
1.153000000000000000e+03 8.250153457945215039e-04
1.154000000000000000e+03 8.216946060643404073e-04
1.155000000000000000e+03 8.219723787366292134e-04
1.156000000000000000e+03 8.252302991195422169e-04
1.157000000000000000e+03 8.183395627298364287e-04
1.158000000000000000e+03 8.165911259028183107e-04
1.159000000000000000e+03 8.185559637289928749e-04
1.160000000000000000e+03 8.140780925995831467e-04
1.161000000000000000e+03 8.136546839084240600e-04
1.162000000000000000e+03 8.147617805143195181e-04
1.163000000000000000e+03 8.220808225554680640e-04
1.164000000000000000e+03 8.213096501158582757e-04
1.165000000000000000e+03 8.139791881840047769e-04
1.166000000000000000e+03 8.185149895615346062e-04
1.167000000000000000e+03 8.259286134538172284e-04
1.168000000000000000e+03 8.204060498134859965e-04
1.169000000000000000e+03 8.184353763095199557e-04
1.170000000000000000e+03 8.236307351091796914e-04
1.171000000000000000e+03 8.240761627415050345e-04
1.172000000000000000e+03 8.231131341941509000e-04
1.173000000000000000e+03 8.176544838179823291e-04
1.174000000000000000e+03 8.140255457154829070e-04
1.175000000000000000e+03 8.118796564943949216e-04
1.176000000000000000e+03 8.168016871109666770e-04
1.177000000000000000e+03 8.151731226945137113e-04
1.178000000000000000e+03 8.136211380323051445e-04
1.179000000000000000e+03 8.109172846693708412e-04
1.180000000000000000e+03 8.161661757490848868e-04
1.181000000000000000e+03 8.181946668283565909e-04
1.182000000000000000e+03 8.103598872359614284e-04
1.183000000000000000e+03 8.201942530391869357e-04
1.184000000000000000e+03 8.167039373771652587e-04
1.185000000000000000e+03 8.201665865765826562e-04
1.186000000000000000e+03 8.197852175119383234e-04
1.187000000000000000e+03 8.121410936868310275e-04
1.188000000000000000e+03 8.204960399881940569e-04
1.189000000000000000e+03 8.176324027150609457e-04
1.190000000000000000e+03 8.103659338682528673e-04
1.191000000000000000e+03 8.109925339794519811e-04
1.192000000000000000e+03 8.099203505677747853e-04
1.193000000000000000e+03 8.119259603942606627e-04
1.194000000000000000e+03 8.151630458844004879e-04
1.195000000000000000e+03 8.169374460585246455e-04
1.196000000000000000e+03 8.111728394387604513e-04
1.197000000000000000e+03 8.105213653356644178e-04
1.198000000000000000e+03 8.129537899367768458e-04
1.199000000000000000e+03 8.072081093971891297e-04
1.200000000000000000e+03 8.070560380460365963e-04
1.201000000000000000e+03 8.118185425414056397e-04
1.202000000000000000e+03 8.109223487224517931e-04
1.203000000000000000e+03 8.119885307490622454e-04
1.204000000000000000e+03 8.136279427030582287e-04
1.205000000000000000e+03 8.181674675604975501e-04
1.206000000000000000e+03 8.247064831133113201e-04
1.207000000000000000e+03 8.151622599633774570e-04
1.208000000000000000e+03 8.050213720152318278e-04
1.209000000000000000e+03 8.101052136253933996e-04
1.210000000000000000e+03 8.158960493946528468e-04
1.211000000000000000e+03 8.118597706775966712e-04
1.212000000000000000e+03 8.074545597499473322e-04
1.213000000000000000e+03 8.038880111664654287e-04
1.214000000000000000e+03 8.105999899455330546e-04
1.215000000000000000e+03 8.152003976923268523e-04
1.216000000000000000e+03 8.097034457614165444e-04
1.217000000000000000e+03 8.130105549686676703e-04
1.218000000000000000e+03 8.037096897091528533e-04
1.219000000000000000e+03 8.048491156276757876e-04
1.220000000000000000e+03 8.053286620551878107e-04
1.221000000000000000e+03 8.052012564735654392e-04
1.222000000000000000e+03 8.063447095323453837e-04
1.223000000000000000e+03 8.101120014038065264e-04
1.224000000000000000e+03 8.058995844941578297e-04
1.225000000000000000e+03 8.157454442945399507e-04
1.226000000000000000e+03 8.055481379732376589e-04
1.227000000000000000e+03 8.083372118879209554e-04
1.228000000000000000e+03 8.088686476484183152e-04
1.229000000000000000e+03 8.077422139167970017e-04
1.230000000000000000e+03 8.049634195571894572e-04
1.231000000000000000e+03 8.027512765470282098e-04
1.232000000000000000e+03 8.105316609996047377e-04
1.233000000000000000e+03 8.065609724897309990e-04
1.234000000000000000e+03 8.001976501829232303e-04
1.235000000000000000e+03 8.042778986821309340e-04
1.236000000000000000e+03 8.025170707920285850e-04
1.237000000000000000e+03 8.018249692734981870e-04
1.238000000000000000e+03 8.067705178955227475e-04
1.239000000000000000e+03 7.999208253987371772e-04
1.240000000000000000e+03 8.048465338683847333e-04
1.241000000000000000e+03 8.016988895972580482e-04
1.242000000000000000e+03 8.033022867086926904e-04
1.243000000000000000e+03 8.057991297492907937e-04
1.244000000000000000e+03 8.056912865293748604e-04
1.245000000000000000e+03 8.008903477552082673e-04
1.246000000000000000e+03 8.066068537950799597e-04
1.247000000000000000e+03 8.089952785855968271e-04
1.248000000000000000e+03 7.990735235093430512e-04
1.249000000000000000e+03 8.009610268236778182e-04
1.250000000000000000e+03 8.011658791952508407e-04
1.251000000000000000e+03 8.029874636094630090e-04
1.252000000000000000e+03 7.983549085427859605e-04
1.253000000000000000e+03 8.066342894205170413e-04
1.254000000000000000e+03 8.012294869142371021e-04
1.255000000000000000e+03 7.996295197910182218e-04
1.256000000000000000e+03 8.058088552982695801e-04
1.257000000000000000e+03 8.010469421026205532e-04
1.258000000000000000e+03 8.004583952778092761e-04
1.259000000000000000e+03 7.964284575633957678e-04
1.260000000000000000e+03 8.010412149444319941e-04
1.261000000000000000e+03 8.000385883089666328e-04
1.262000000000000000e+03 8.031890214667777340e-04
1.263000000000000000e+03 8.122859604991750342e-04
1.264000000000000000e+03 7.986110670010650300e-04
1.265000000000000000e+03 7.981234151445198641e-04
1.266000000000000000e+03 7.963971647955324839e-04
1.267000000000000000e+03 7.967571085047937341e-04
1.268000000000000000e+03 7.956526909330827657e-04
1.269000000000000000e+03 7.967618641844695327e-04
1.270000000000000000e+03 7.948163809975154932e-04
1.271000000000000000e+03 7.998091591797473580e-04
1.272000000000000000e+03 8.044222668065908761e-04
1.273000000000000000e+03 8.061355306534768138e-04
1.274000000000000000e+03 8.008333940911873446e-04
1.275000000000000000e+03 7.954054629088643490e-04
1.276000000000000000e+03 7.978198757311001166e-04
1.277000000000000000e+03 7.988548396057135051e-04
1.278000000000000000e+03 7.945355429462644132e-04
1.279000000000000000e+03 7.961630971278307487e-04
1.280000000000000000e+03 8.002881571947759870e-04
1.281000000000000000e+03 7.964868775002803417e-04
1.282000000000000000e+03 7.956038233912067579e-04
1.283000000000000000e+03 7.945164542768381457e-04
1.284000000000000000e+03 7.940539973697454627e-04
1.285000000000000000e+03 7.963455500942812765e-04
1.286000000000000000e+03 7.963679013313115351e-04
1.287000000000000000e+03 7.977143781114738120e-04
1.288000000000000000e+03 7.919234029932883034e-04
1.289000000000000000e+03 7.959879812733483377e-04
1.290000000000000000e+03 7.940904284862841146e-04
1.291000000000000000e+03 8.016170717164825986e-04
1.292000000000000000e+03 7.938067411168387788e-04
1.293000000000000000e+03 7.951447355592039480e-04
1.294000000000000000e+03 8.062134442095252431e-04
1.295000000000000000e+03 7.964766201676003882e-04
1.296000000000000000e+03 7.951718118391769459e-04
1.297000000000000000e+03 7.955313364593138981e-04
1.298000000000000000e+03 7.950544851724534361e-04
1.299000000000000000e+03 8.026069661707805128e-04
1.300000000000000000e+03 7.938592521544885362e-04
1.301000000000000000e+03 7.918716429220788375e-04
1.302000000000000000e+03 7.942419645824053782e-04
1.303000000000000000e+03 7.906740290538142582e-04
1.304000000000000000e+03 7.925667252048832065e-04
1.305000000000000000e+03 7.905003315675288283e-04
1.306000000000000000e+03 7.924231452352986128e-04
1.307000000000000000e+03 7.951430020699977105e-04
1.308000000000000000e+03 7.934984489057090576e-04
1.309000000000000000e+03 7.907396121057348520e-04
1.310000000000000000e+03 7.895419633760628920e-04
1.311000000000000000e+03 7.952089613653029508e-04
1.312000000000000000e+03 7.957922172964326107e-04
1.313000000000000000e+03 7.907707891044224230e-04
1.314000000000000000e+03 7.943392694307767603e-04
1.315000000000000000e+03 7.934732150473734064e-04
1.316000000000000000e+03 7.968822707059032822e-04
1.317000000000000000e+03 7.921193146806180261e-04
1.318000000000000000e+03 7.949828334771164929e-04
1.319000000000000000e+03 7.983146647205166405e-04
1.320000000000000000e+03 8.034337167719756388e-04
1.321000000000000000e+03 7.931443026818299795e-04
1.322000000000000000e+03 7.888115298766135543e-04
1.323000000000000000e+03 7.919724503998696891e-04
1.324000000000000000e+03 7.902148548883109868e-04
1.325000000000000000e+03 7.917274599087677439e-04
1.326000000000000000e+03 7.874662965384605744e-04
1.327000000000000000e+03 7.891815868579888727e-04
1.328000000000000000e+03 7.903419300725982163e-04
1.329000000000000000e+03 7.880417424171583078e-04
1.330000000000000000e+03 7.845959312872583750e-04
1.331000000000000000e+03 7.894407890297157815e-04
1.332000000000000000e+03 7.918648905451188555e-04
1.333000000000000000e+03 7.906997961595862425e-04
1.334000000000000000e+03 7.896894274954536358e-04
1.335000000000000000e+03 7.957530604724047081e-04
1.336000000000000000e+03 7.853419871396556630e-04
1.337000000000000000e+03 7.888752548047015065e-04
1.338000000000000000e+03 7.898420839430197625e-04
1.339000000000000000e+03 7.978587455074252462e-04
1.340000000000000000e+03 7.865874893012334782e-04
1.341000000000000000e+03 7.872953274808922606e-04
1.342000000000000000e+03 7.865066912558025657e-04
1.343000000000000000e+03 7.857951065586126762e-04
1.344000000000000000e+03 7.907542541417147920e-04
1.345000000000000000e+03 7.849171503538156540e-04
1.346000000000000000e+03 7.866915538968236509e-04
1.347000000000000000e+03 7.859973516467468535e-04
1.348000000000000000e+03 7.880829790284459404e-04
1.349000000000000000e+03 7.865810040722444503e-04
1.350000000000000000e+03 7.854044135760141106e-04
1.351000000000000000e+03 7.864966402219665054e-04
1.352000000000000000e+03 7.857417598235361860e-04
1.353000000000000000e+03 7.856405074670670587e-04
1.354000000000000000e+03 7.830475228582580317e-04
1.355000000000000000e+03 7.865104913793253888e-04
1.356000000000000000e+03 7.907381497076366181e-04
1.357000000000000000e+03 7.832570069358177909e-04
1.358000000000000000e+03 7.867987236320834110e-04
1.359000000000000000e+03 7.838975402045985892e-04
1.360000000000000000e+03 7.867814803971837989e-04
1.361000000000000000e+03 7.833649656768240307e-04
1.362000000000000000e+03 7.835061673691850288e-04
1.363000000000000000e+03 7.831240643930148515e-04
1.364000000000000000e+03 7.825557709031266988e-04
1.365000000000000000e+03 7.941384387382105893e-04
1.366000000000000000e+03 7.945127577305824201e-04
1.367000000000000000e+03 7.840737096796640332e-04
1.368000000000000000e+03 7.820769599971112490e-04
1.369000000000000000e+03 7.805312337371500759e-04
1.370000000000000000e+03 7.826386972661603884e-04
1.371000000000000000e+03 7.839040631502040141e-04
1.372000000000000000e+03 7.790387193597940810e-04
1.373000000000000000e+03 7.821884863107190838e-04
1.374000000000000000e+03 7.796599274828481564e-04
1.375000000000000000e+03 7.793987695392637404e-04
1.376000000000000000e+03 7.901321886997367478e-04
1.377000000000000000e+03 7.824207726014595137e-04
1.378000000000000000e+03 7.850266479243009918e-04
1.379000000000000000e+03 7.827986914106978148e-04
1.380000000000000000e+03 7.804582020164655548e-04
1.381000000000000000e+03 7.790053536669525351e-04
1.382000000000000000e+03 7.822598230918287364e-04
1.383000000000000000e+03 7.840539440836159129e-04
1.384000000000000000e+03 7.833788881630279798e-04
1.385000000000000000e+03 7.829175297464112870e-04
1.386000000000000000e+03 7.918639832643220317e-04
1.387000000000000000e+03 7.807215910854956075e-04
1.388000000000000000e+03 7.814919413867405223e-04
1.389000000000000000e+03 7.837949714352463555e-04
1.390000000000000000e+03 7.876984193701851503e-04
1.391000000000000000e+03 7.803102965165612925e-04
1.392000000000000000e+03 7.820318059455158176e-04
1.393000000000000000e+03 7.777164625231141205e-04
1.394000000000000000e+03 7.795662666089216630e-04
1.395000000000000000e+03 7.794794604692107439e-04
1.396000000000000000e+03 7.825010413154756799e-04
1.397000000000000000e+03 7.803467510109082057e-04
1.398000000000000000e+03 7.831198615193678703e-04
1.399000000000000000e+03 7.878988705073777538e-04
1.400000000000000000e+03 7.804879463497150192e-04
1.401000000000000000e+03 7.854524007982801584e-04
1.402000000000000000e+03 7.797558632589781128e-04
1.403000000000000000e+03 7.771084983092049758e-04
1.404000000000000000e+03 7.768569017722343900e-04
1.405000000000000000e+03 7.843225614065077109e-04
1.406000000000000000e+03 7.803331102498435676e-04
1.407000000000000000e+03 7.753593866046662366e-04
1.408000000000000000e+03 7.796325186804095413e-04
1.409000000000000000e+03 7.758221499764780815e-04
1.410000000000000000e+03 7.815959526229864082e-04
1.411000000000000000e+03 7.754855359056315230e-04
1.412000000000000000e+03 7.763705000971186324e-04
1.413000000000000000e+03 7.803780098482715867e-04
1.414000000000000000e+03 7.773098846877608825e-04
1.415000000000000000e+03 7.787475592594882102e-04
1.416000000000000000e+03 7.745966017321705014e-04
1.417000000000000000e+03 7.753212481267710140e-04
1.418000000000000000e+03 7.811187590382931813e-04
1.419000000000000000e+03 7.762871824450019937e-04
1.420000000000000000e+03 7.760637621839880287e-04
1.421000000000000000e+03 7.784760751706038505e-04
1.422000000000000000e+03 7.759454884883042755e-04
1.423000000000000000e+03 7.743497345852512655e-04
1.424000000000000000e+03 7.769369102341047674e-04
1.425000000000000000e+03 7.753662861091466718e-04
1.426000000000000000e+03 7.783084272921880851e-04
1.427000000000000000e+03 7.779411528094003171e-04
1.428000000000000000e+03 7.743601120819167518e-04
1.429000000000000000e+03 7.751517629302732840e-04
1.430000000000000000e+03 7.758686016267128368e-04
1.431000000000000000e+03 7.736577414972252431e-04
1.432000000000000000e+03 7.747337119277125260e-04
1.433000000000000000e+03 7.734389136557957584e-04
1.434000000000000000e+03 7.726680550470094947e-04
1.435000000000000000e+03 7.739153222074603850e-04
1.436000000000000000e+03 7.728327868798412232e-04
1.437000000000000000e+03 7.728474657281747843e-04
1.438000000000000000e+03 7.744604388620403854e-04
1.439000000000000000e+03 7.797148490906201162e-04
1.440000000000000000e+03 7.766823470001256837e-04
1.441000000000000000e+03 7.730189182283428526e-04
1.442000000000000000e+03 7.760012592881167064e-04
1.443000000000000000e+03 7.715153519929218587e-04
1.444000000000000000e+03 7.755824231924671013e-04
1.445000000000000000e+03 7.744832680144761363e-04
1.446000000000000000e+03 7.739481683894337957e-04
1.447000000000000000e+03 7.771976654293520073e-04
1.448000000000000000e+03 7.738786353204782798e-04
1.449000000000000000e+03 7.765025295651382551e-04
1.450000000000000000e+03 7.754238082546557149e-04
1.451000000000000000e+03 7.725705811120216595e-04
1.452000000000000000e+03 7.748413377532491599e-04
1.453000000000000000e+03 7.791979465512211120e-04
1.454000000000000000e+03 7.775371388996463618e-04
1.455000000000000000e+03 7.727235490054161146e-04
1.456000000000000000e+03 7.743512845850962110e-04
1.457000000000000000e+03 7.727129591715109318e-04
1.458000000000000000e+03 7.728195676679637440e-04
1.459000000000000000e+03 7.750665366322921331e-04
1.460000000000000000e+03 7.769850518739546781e-04
1.461000000000000000e+03 7.698445097055807993e-04
1.462000000000000000e+03 7.724670916360533348e-04
1.463000000000000000e+03 7.745486291645299485e-04
1.464000000000000000e+03 7.745577737180137480e-04
1.465000000000000000e+03 7.776579926865996540e-04
1.466000000000000000e+03 7.710488996947244093e-04
1.467000000000000000e+03 7.699655543095206521e-04
1.468000000000000000e+03 7.693583243838111960e-04
1.469000000000000000e+03 7.701732753264552925e-04
1.470000000000000000e+03 7.779738032407665978e-04
1.471000000000000000e+03 7.711771139095969846e-04
1.472000000000000000e+03 7.721419619366164675e-04
1.473000000000000000e+03 7.787772631389196449e-04
1.474000000000000000e+03 7.780350383136884311e-04
1.475000000000000000e+03 7.731167395234362109e-04
1.476000000000000000e+03 7.748934777753618310e-04
1.477000000000000000e+03 7.689415560293614248e-04
1.478000000000000000e+03 7.680238957727601691e-04
1.479000000000000000e+03 7.661821920889847100e-04
1.480000000000000000e+03 7.717526049966286477e-04
1.481000000000000000e+03 7.672783584644969450e-04
1.482000000000000000e+03 7.694965458941185844e-04
1.483000000000000000e+03 7.666010236659435550e-04
1.484000000000000000e+03 7.673309427687070557e-04
1.485000000000000000e+03 7.683919915854553430e-04
1.486000000000000000e+03 7.796658850797449783e-04
1.487000000000000000e+03 7.704639384563618685e-04
1.488000000000000000e+03 7.736238174858025510e-04
1.489000000000000000e+03 7.708288791182000979e-04
1.490000000000000000e+03 7.680492089045309672e-04
1.491000000000000000e+03 7.662626498030715699e-04
1.492000000000000000e+03 7.693345018100622434e-04
1.493000000000000000e+03 7.740695691209808701e-04
1.494000000000000000e+03 7.663907283437596928e-04
1.495000000000000000e+03 7.689675266671352084e-04
1.496000000000000000e+03 7.683503052606375150e-04
1.497000000000000000e+03 7.705185190360557641e-04
1.498000000000000000e+03 7.688465954644077126e-04
1.499000000000000000e+03 7.650747881939811389e-04
1.500000000000000000e+03 7.665021020442197141e-04
1.501000000000000000e+03 7.686045982740532254e-04
1.502000000000000000e+03 7.668850610664546550e-04
1.503000000000000000e+03 7.650252373002911941e-04
1.504000000000000000e+03 7.685568519103542096e-04
1.505000000000000000e+03 7.665813468516193777e-04
1.506000000000000000e+03 7.700303906760023976e-04
1.507000000000000000e+03 7.674712542226335430e-04
1.508000000000000000e+03 7.657148815875051669e-04
1.509000000000000000e+03 7.714874452471913923e-04
1.510000000000000000e+03 7.653815933203180974e-04
1.511000000000000000e+03 7.680407321300484254e-04
1.512000000000000000e+03 7.706606658392130271e-04
1.513000000000000000e+03 7.677617063509033831e-04
1.514000000000000000e+03 7.672896040634674241e-04
1.515000000000000000e+03 7.641047844013843827e-04
1.516000000000000000e+03 7.654606920470041547e-04
1.517000000000000000e+03 7.710964442321186245e-04
1.518000000000000000e+03 7.638961180677927582e-04
1.519000000000000000e+03 7.652805807216368121e-04
1.520000000000000000e+03 7.637904539591097546e-04
1.521000000000000000e+03 7.651888570087178772e-04
1.522000000000000000e+03 7.624732999956224761e-04
1.523000000000000000e+03 7.646165165276810590e-04
1.524000000000000000e+03 7.636901004762707782e-04
1.525000000000000000e+03 7.658491374657564214e-04
1.526000000000000000e+03 7.666570440215148561e-04
1.527000000000000000e+03 7.636811529556200616e-04
1.528000000000000000e+03 7.622426871022256996e-04
1.529000000000000000e+03 7.643962336439677572e-04
1.530000000000000000e+03 7.641896388885610581e-04
1.531000000000000000e+03 7.621918529500681678e-04
1.532000000000000000e+03 7.621199481908745707e-04
1.533000000000000000e+03 7.633915622243190582e-04
1.534000000000000000e+03 7.644267892539508393e-04
1.535000000000000000e+03 7.625794887876844721e-04
1.536000000000000000e+03 7.712434340032024238e-04
1.537000000000000000e+03 7.642641421125907514e-04
1.538000000000000000e+03 7.634090936025235679e-04
1.539000000000000000e+03 7.633007017543904510e-04
1.540000000000000000e+03 7.627236813786014182e-04
1.541000000000000000e+03 7.626959161158608806e-04
1.542000000000000000e+03 7.696402281013666087e-04
1.543000000000000000e+03 7.679299269913162675e-04
1.544000000000000000e+03 7.686085637626588951e-04
1.545000000000000000e+03 7.633712024576546924e-04
1.546000000000000000e+03 7.613153486360117001e-04
1.547000000000000000e+03 7.674763953973393364e-04
1.548000000000000000e+03 7.650786949509237210e-04
1.549000000000000000e+03 7.628741523506273135e-04
1.550000000000000000e+03 7.621287821242147230e-04
1.551000000000000000e+03 7.621137774367653817e-04
1.552000000000000000e+03 7.612637595895738359e-04
1.553000000000000000e+03 7.609482492994695292e-04
1.554000000000000000e+03 7.644687171019144429e-04
1.555000000000000000e+03 7.619537122788937449e-04
1.556000000000000000e+03 7.606278285750500906e-04
1.557000000000000000e+03 7.614309856507935200e-04
1.558000000000000000e+03 7.613623606931524488e-04
1.559000000000000000e+03 7.611912742978917297e-04
1.560000000000000000e+03 7.679520907962117176e-04
1.561000000000000000e+03 7.616620302552761217e-04
1.562000000000000000e+03 7.627409079025772613e-04
1.563000000000000000e+03 7.594422201272222608e-04
1.564000000000000000e+03 7.600890658399185118e-04
1.565000000000000000e+03 7.600240879586160712e-04
1.566000000000000000e+03 7.596980516676387577e-04
1.567000000000000000e+03 7.603636091147719786e-04
1.568000000000000000e+03 7.585397085087400900e-04
1.569000000000000000e+03 7.598647606995037823e-04
1.570000000000000000e+03 7.614712806026465884e-04
1.571000000000000000e+03 7.648818051488538629e-04
1.572000000000000000e+03 7.609099876641893002e-04
1.573000000000000000e+03 7.603405492804614753e-04
1.574000000000000000e+03 7.615643869009965398e-04
1.575000000000000000e+03 7.623128540609808070e-04
1.576000000000000000e+03 7.605409231580887970e-04
1.577000000000000000e+03 7.600650934708702393e-04
1.578000000000000000e+03 7.609673184263930894e-04
1.579000000000000000e+03 7.662685183187884592e-04
1.580000000000000000e+03 7.625694513163758150e-04
1.581000000000000000e+03 7.621556674809678873e-04
1.582000000000000000e+03 7.605300617090524030e-04
1.583000000000000000e+03 7.597131979503683047e-04
1.584000000000000000e+03 7.584271654605786095e-04
1.585000000000000000e+03 7.613552749836392840e-04
1.586000000000000000e+03 7.589276911424732829e-04
1.587000000000000000e+03 7.599027871382646330e-04
1.588000000000000000e+03 7.597463716259983662e-04
1.589000000000000000e+03 7.574913222813274951e-04
1.590000000000000000e+03 7.581561413438897817e-04
1.591000000000000000e+03 7.569353527589863309e-04
1.592000000000000000e+03 7.626767668023438440e-04
1.593000000000000000e+03 7.644891069961170767e-04
1.594000000000000000e+03 7.583419836329232094e-04
1.595000000000000000e+03 7.564346784174516124e-04
1.596000000000000000e+03 7.592671331171802493e-04
1.597000000000000000e+03 7.596312642103161469e-04
1.598000000000000000e+03 7.574671606441231702e-04
1.599000000000000000e+03 7.571825242357897766e-04
1.600000000000000000e+03 7.554326315849897115e-04
1.601000000000000000e+03 7.613742397598435895e-04
1.602000000000000000e+03 7.575262748094360689e-04
1.603000000000000000e+03 7.565576053180313090e-04
1.604000000000000000e+03 7.569291942366056843e-04
1.605000000000000000e+03 7.564945330447820585e-04
1.606000000000000000e+03 7.549057793862530693e-04
1.607000000000000000e+03 7.555255979178953718e-04
1.608000000000000000e+03 7.627027679765303273e-04
1.609000000000000000e+03 7.573383871901117649e-04
1.610000000000000000e+03 7.550970572934780512e-04
1.611000000000000000e+03 7.567766709221209398e-04
1.612000000000000000e+03 7.561851824339175122e-04
1.613000000000000000e+03 7.574212044965486935e-04
1.614000000000000000e+03 7.547873553775968523e-04
1.615000000000000000e+03 7.551289509582087556e-04
1.616000000000000000e+03 7.574294589220364419e-04
1.617000000000000000e+03 7.574380750027330089e-04
1.618000000000000000e+03 7.562867783745204396e-04
1.619000000000000000e+03 7.620701051963240909e-04
1.620000000000000000e+03 7.575815945973074896e-04
1.621000000000000000e+03 7.569605311121569563e-04
1.622000000000000000e+03 7.569925979037440446e-04
1.623000000000000000e+03 7.542350713473971926e-04
1.624000000000000000e+03 7.553995303189492590e-04
1.625000000000000000e+03 7.548046649569331362e-04
1.626000000000000000e+03 7.563097366370389501e-04
1.627000000000000000e+03 7.592303675475588556e-04
1.628000000000000000e+03 7.554228599184935680e-04
1.629000000000000000e+03 7.546578126099270966e-04
1.630000000000000000e+03 7.571114739912864150e-04
1.631000000000000000e+03 7.535187556912419007e-04
1.632000000000000000e+03 7.550536344112791483e-04
1.633000000000000000e+03 7.559239820112106630e-04
1.634000000000000000e+03 7.563436194959698546e-04
1.635000000000000000e+03 7.556597844447404981e-04
1.636000000000000000e+03 7.557395912428868526e-04
1.637000000000000000e+03 7.537397207071761364e-04
1.638000000000000000e+03 7.557586356905540530e-04
1.639000000000000000e+03 7.561891375785736351e-04
1.640000000000000000e+03 7.541802262634118891e-04
1.641000000000000000e+03 7.547702911815708108e-04
1.642000000000000000e+03 7.540336735251029678e-04
1.643000000000000000e+03 7.564924039563820099e-04
1.644000000000000000e+03 7.536168710440897507e-04
1.645000000000000000e+03 7.559436081237978691e-04
1.646000000000000000e+03 7.539308515941089105e-04
1.647000000000000000e+03 7.524288874652391816e-04
1.648000000000000000e+03 7.527846463353752432e-04
1.649000000000000000e+03 7.554376902064098998e-04
1.650000000000000000e+03 7.545713389339367937e-04
1.651000000000000000e+03 7.548214611163351403e-04
1.652000000000000000e+03 7.527251925315435379e-04
1.653000000000000000e+03 7.526101038646815233e-04
1.654000000000000000e+03 7.550557070015245179e-04
1.655000000000000000e+03 7.570759259779162630e-04
1.656000000000000000e+03 7.570763066039079255e-04
1.657000000000000000e+03 7.546943273948020052e-04
1.658000000000000000e+03 7.512966537439012826e-04
1.659000000000000000e+03 7.560128294585627320e-04
1.660000000000000000e+03 7.539113957117122167e-04
1.661000000000000000e+03 7.537856085204587206e-04
1.662000000000000000e+03 7.517917134703780728e-04
1.663000000000000000e+03 7.514251943440716612e-04
1.664000000000000000e+03 7.530426598516004339e-04
1.665000000000000000e+03 7.523018097280204531e-04
1.666000000000000000e+03 7.526572875959522619e-04
1.667000000000000000e+03 7.512129874055039486e-04
1.668000000000000000e+03 7.506657927245910175e-04
1.669000000000000000e+03 7.506942586275981710e-04
1.670000000000000000e+03 7.518005880656723891e-04
1.671000000000000000e+03 7.509668166603053995e-04
1.672000000000000000e+03 7.510933002199699643e-04
1.673000000000000000e+03 7.552810042722090051e-04
1.674000000000000000e+03 7.502332818040001634e-04
1.675000000000000000e+03 7.539778173451574519e-04
1.676000000000000000e+03 7.602723530568962062e-04
1.677000000000000000e+03 7.565769096716249342e-04
1.678000000000000000e+03 7.511165074915404595e-04
1.679000000000000000e+03 7.509009931634043648e-04
1.680000000000000000e+03 7.514502331313770199e-04
1.681000000000000000e+03 7.517466254476910022e-04
1.682000000000000000e+03 7.525578873717927433e-04
1.683000000000000000e+03 7.530067061561830817e-04
1.684000000000000000e+03 7.505264760245264951e-04
1.685000000000000000e+03 7.532873534780566661e-04
1.686000000000000000e+03 7.509304918958920961e-04
1.687000000000000000e+03 7.509744385688253091e-04
1.688000000000000000e+03 7.511359608316332207e-04
1.689000000000000000e+03 7.502754061665319486e-04
1.690000000000000000e+03 7.497582684704868355e-04
1.691000000000000000e+03 7.518001572430565256e-04
1.692000000000000000e+03 7.496615952135376277e-04
1.693000000000000000e+03 7.515381214994137742e-04
1.694000000000000000e+03 7.511701941313312422e-04
1.695000000000000000e+03 7.503265260957777804e-04
1.696000000000000000e+03 7.521339811096695166e-04
1.697000000000000000e+03 7.495463758656017951e-04
1.698000000000000000e+03 7.509749931745303116e-04
1.699000000000000000e+03 7.535474850769331842e-04
1.700000000000000000e+03 7.501391055715200947e-04
1.701000000000000000e+03 7.529893157714749640e-04
1.702000000000000000e+03 7.501328909565851272e-04
1.703000000000000000e+03 7.514132738196534038e-04
1.704000000000000000e+03 7.513392563025983505e-04
1.705000000000000000e+03 7.492192331430188581e-04
1.706000000000000000e+03 7.503839792440176624e-04
1.707000000000000000e+03 7.490215286056144638e-04
1.708000000000000000e+03 7.520566599805875120e-04
1.709000000000000000e+03 7.515225189352830017e-04
1.710000000000000000e+03 7.500585014649317067e-04
1.711000000000000000e+03 7.532915501280303778e-04
1.712000000000000000e+03 7.490640218304061041e-04
1.713000000000000000e+03 7.504302811977479849e-04
1.714000000000000000e+03 7.498385159360436295e-04
1.715000000000000000e+03 7.484144629771766503e-04
1.716000000000000000e+03 7.540952995896846398e-04
1.717000000000000000e+03 7.531932065532780454e-04
1.718000000000000000e+03 7.488137144118051872e-04
1.719000000000000000e+03 7.470794630495566999e-04
1.720000000000000000e+03 7.475736007854514101e-04
1.721000000000000000e+03 7.486650678316897302e-04
1.722000000000000000e+03 7.479641996685721999e-04
1.723000000000000000e+03 7.469110830126466207e-04
1.724000000000000000e+03 7.469483099094428261e-04
1.725000000000000000e+03 7.487154126757301258e-04
1.726000000000000000e+03 7.498831504533695061e-04
1.727000000000000000e+03 7.480303512280495797e-04
1.728000000000000000e+03 7.494659922303491479e-04
1.729000000000000000e+03 7.518971856374902576e-04
1.730000000000000000e+03 7.516021382777599881e-04
1.731000000000000000e+03 7.487262023270011956e-04
1.732000000000000000e+03 7.475721924831688937e-04
1.733000000000000000e+03 7.501722639809457315e-04
1.734000000000000000e+03 7.469360805498328820e-04
1.735000000000000000e+03 7.471352675645909344e-04
1.736000000000000000e+03 7.505942560550222815e-04
1.737000000000000000e+03 7.488787365855341252e-04
1.738000000000000000e+03 7.476994214542432475e-04
1.739000000000000000e+03 7.459074362448406791e-04
1.740000000000000000e+03 7.467715686737948179e-04
1.741000000000000000e+03 7.464542663271255202e-04
1.742000000000000000e+03 7.452903619462304891e-04
1.743000000000000000e+03 7.469224585759653024e-04
1.744000000000000000e+03 7.479129685598809437e-04
1.745000000000000000e+03 7.463482647991673789e-04
1.746000000000000000e+03 7.489399883235565731e-04
1.747000000000000000e+03 7.472518094741379931e-04
1.748000000000000000e+03 7.462786197883362806e-04
1.749000000000000000e+03 7.489441871632676086e-04
1.750000000000000000e+03 7.480124202301581190e-04
1.751000000000000000e+03 7.466845987306739351e-04
1.752000000000000000e+03 7.458683117930728140e-04
1.753000000000000000e+03 7.465740905333588702e-04
1.754000000000000000e+03 7.473788947569327563e-04
1.755000000000000000e+03 7.480145628922522027e-04
1.756000000000000000e+03 7.457102578892201928e-04
1.757000000000000000e+03 7.453676093283315325e-04
1.758000000000000000e+03 7.462859049481506638e-04
1.759000000000000000e+03 7.452685916440201196e-04
1.760000000000000000e+03 7.468092993450682355e-04
1.761000000000000000e+03 7.457281313005976455e-04
1.762000000000000000e+03 7.466568273854363698e-04
1.763000000000000000e+03 7.492138691609019803e-04
1.764000000000000000e+03 7.454003514036719067e-04
1.765000000000000000e+03 7.458941862284720805e-04
1.766000000000000000e+03 7.455584747109140304e-04
1.767000000000000000e+03 7.450762570121741363e-04
1.768000000000000000e+03 7.449486858619201518e-04
1.769000000000000000e+03 7.459224466589606771e-04
1.770000000000000000e+03 7.445074650936238164e-04
1.771000000000000000e+03 7.468662234274421304e-04
1.772000000000000000e+03 7.520699974498959656e-04
1.773000000000000000e+03 7.449274355599566372e-04
1.774000000000000000e+03 7.462707690874005855e-04
1.775000000000000000e+03 7.469927674807757970e-04
1.776000000000000000e+03 7.444028758709726658e-04
1.777000000000000000e+03 7.444699557125092305e-04
1.778000000000000000e+03 7.500477637693035498e-04
1.779000000000000000e+03 7.460459099868237175e-04
1.780000000000000000e+03 7.449526065907606997e-04
1.781000000000000000e+03 7.458585782467503549e-04
1.782000000000000000e+03 7.437379912958699997e-04
1.783000000000000000e+03 7.455732617467990654e-04
1.784000000000000000e+03 7.442192809937288930e-04
1.785000000000000000e+03 7.434270504556853747e-04
1.786000000000000000e+03 7.441879128275598462e-04
1.787000000000000000e+03 7.462964498609830173e-04
1.788000000000000000e+03 7.467232878784875677e-04
1.789000000000000000e+03 7.454043329703992663e-04
1.790000000000000000e+03 7.446855765347123622e-04
1.791000000000000000e+03 7.450290484312838569e-04
1.792000000000000000e+03 7.433131576240593159e-04
1.793000000000000000e+03 7.441640373685001796e-04
1.794000000000000000e+03 7.436359928402014145e-04
1.795000000000000000e+03 7.436225026009789458e-04
1.796000000000000000e+03 7.431022985753742106e-04
1.797000000000000000e+03 7.432316135450179728e-04
1.798000000000000000e+03 7.456041109049942528e-04
1.799000000000000000e+03 7.446544819667368954e-04
1.800000000000000000e+03 7.439257289080533717e-04
1.801000000000000000e+03 7.430866328300036842e-04
1.802000000000000000e+03 7.421406454873665393e-04
1.803000000000000000e+03 7.422998921112209172e-04
1.804000000000000000e+03 7.431207827385803320e-04
1.805000000000000000e+03 7.425895508753571454e-04
1.806000000000000000e+03 7.435185362451375742e-04
1.807000000000000000e+03 7.420986893438743636e-04
1.808000000000000000e+03 7.428859768107005631e-04
1.809000000000000000e+03 7.423945807376087797e-04
1.810000000000000000e+03 7.481367819451124413e-04
1.811000000000000000e+03 7.419512418094778485e-04
1.812000000000000000e+03 7.420297303870104820e-04
1.813000000000000000e+03 7.428524637952424545e-04
1.814000000000000000e+03 7.426349566388473940e-04
1.815000000000000000e+03 7.408965592747143248e-04
1.816000000000000000e+03 7.430926823363340206e-04
1.817000000000000000e+03 7.424857704169064623e-04
1.818000000000000000e+03 7.435285484627775004e-04
1.819000000000000000e+03 7.424416230784362195e-04
1.820000000000000000e+03 7.428353000750330306e-04
1.821000000000000000e+03 7.452211878425021993e-04
1.822000000000000000e+03 7.431614932842809306e-04
1.823000000000000000e+03 7.416266203855214961e-04
1.824000000000000000e+03 7.417208391730340878e-04
1.825000000000000000e+03 7.422429209926323639e-04
1.826000000000000000e+03 7.411179232184620866e-04
1.827000000000000000e+03 7.427629146444249784e-04
1.828000000000000000e+03 7.419016832831094518e-04
1.829000000000000000e+03 7.439053840998093589e-04
1.830000000000000000e+03 7.426967452574002176e-04
1.831000000000000000e+03 7.414660274279428163e-04
1.832000000000000000e+03 7.445703436642959767e-04
1.833000000000000000e+03 7.434740529134640195e-04
1.834000000000000000e+03 7.413256772104452001e-04
1.835000000000000000e+03 7.431502442275210582e-04
1.836000000000000000e+03 7.419535438942018689e-04
1.837000000000000000e+03 7.430061401170073463e-04
1.838000000000000000e+03 7.411754640721835178e-04
1.839000000000000000e+03 7.419821428866086579e-04
1.840000000000000000e+03 7.407157425546757054e-04
1.841000000000000000e+03 7.403001647933116431e-04
1.842000000000000000e+03 7.408636215391851618e-04
1.843000000000000000e+03 7.409993144959115159e-04
1.844000000000000000e+03 7.404704462054689665e-04
1.845000000000000000e+03 7.413789497946283655e-04
1.846000000000000000e+03 7.451419920566854441e-04
1.847000000000000000e+03 7.428413821569315864e-04
1.848000000000000000e+03 7.399890650605730645e-04
1.849000000000000000e+03 7.416141035113399393e-04
1.850000000000000000e+03 7.408258846287795948e-04
1.851000000000000000e+03 7.396334790635114738e-04
1.852000000000000000e+03 7.399420201396844600e-04
1.853000000000000000e+03 7.401648953207664965e-04
1.854000000000000000e+03 7.409174444463632924e-04
1.855000000000000000e+03 7.397579957174766361e-04
1.856000000000000000e+03 7.408258732661078321e-04
1.857000000000000000e+03 7.396864867780779482e-04
1.858000000000000000e+03 7.407214928195192003e-04
1.859000000000000000e+03 7.423169097735208676e-04
1.860000000000000000e+03 7.402573977247862893e-04
1.861000000000000000e+03 7.402969967401889628e-04
1.862000000000000000e+03 7.410736882836686367e-04
1.863000000000000000e+03 7.407484241860844273e-04
1.864000000000000000e+03 7.394486932051698869e-04
1.865000000000000000e+03 7.436749186621810980e-04
1.866000000000000000e+03 7.424150382060792095e-04
1.867000000000000000e+03 7.402310983462168526e-04
1.868000000000000000e+03 7.398159853926963717e-04
1.869000000000000000e+03 7.384274915494114678e-04
1.870000000000000000e+03 7.389512754749026071e-04
1.871000000000000000e+03 7.400398806000716562e-04
1.872000000000000000e+03 7.383045524086388625e-04
1.873000000000000000e+03 7.419659529425890170e-04
1.874000000000000000e+03 7.404179989477921572e-04
1.875000000000000000e+03 7.430369351439678827e-04
1.876000000000000000e+03 7.384846985260713759e-04
1.877000000000000000e+03 7.390211952130550013e-04
1.878000000000000000e+03 7.403999017348552800e-04
1.879000000000000000e+03 7.385977673914259200e-04
1.880000000000000000e+03 7.401128478866478462e-04
1.881000000000000000e+03 7.396586284280185246e-04
1.882000000000000000e+03 7.389900408039831552e-04
1.883000000000000000e+03 7.386580319425476750e-04
1.884000000000000000e+03 7.388049776874469751e-04
1.885000000000000000e+03 7.388765754646266530e-04
1.886000000000000000e+03 7.386443945336170370e-04
1.887000000000000000e+03 7.378147227939070227e-04
1.888000000000000000e+03 7.382579585722813141e-04
1.889000000000000000e+03 7.393238589961470628e-04
1.890000000000000000e+03 7.394600691829788424e-04
1.891000000000000000e+03 7.390032846460319093e-04
1.892000000000000000e+03 7.379150383103740907e-04
1.893000000000000000e+03 7.384566680769126578e-04
1.894000000000000000e+03 7.379737486889707950e-04
1.895000000000000000e+03 7.393591238786585045e-04
1.896000000000000000e+03 7.375264273656297141e-04
1.897000000000000000e+03 7.383355411722454823e-04
1.898000000000000000e+03 7.408112167461075722e-04
1.899000000000000000e+03 7.414928854681245582e-04
1.900000000000000000e+03 7.394038155680955019e-04
1.901000000000000000e+03 7.405883133647085627e-04
1.902000000000000000e+03 7.377670227106908167e-04
1.903000000000000000e+03 7.375187863961148345e-04
1.904000000000000000e+03 7.379578567439085872e-04
1.905000000000000000e+03 7.373394544962091641e-04
1.906000000000000000e+03 7.382405644776284101e-04
1.907000000000000000e+03 7.379634991447537500e-04
1.908000000000000000e+03 7.405931373024458907e-04
1.909000000000000000e+03 7.386865398468232856e-04
1.910000000000000000e+03 7.405002183457824825e-04
1.911000000000000000e+03 7.386342613929821862e-04
1.912000000000000000e+03 7.380304663666701964e-04
1.913000000000000000e+03 7.368069244977816122e-04
1.914000000000000000e+03 7.377170945448700183e-04
1.915000000000000000e+03 7.370558393779072645e-04
1.916000000000000000e+03 7.379485653541409873e-04
1.917000000000000000e+03 7.383666118882715622e-04
1.918000000000000000e+03 7.388004639612645499e-04
1.919000000000000000e+03 7.373020503816266145e-04
1.920000000000000000e+03 7.397789689416126718e-04
1.921000000000000000e+03 7.362997949364873422e-04
1.922000000000000000e+03 7.380749339085024199e-04
1.923000000000000000e+03 7.371815694201525786e-04
1.924000000000000000e+03 7.373796373594118051e-04
1.925000000000000000e+03 7.362692879867594473e-04
1.926000000000000000e+03 7.366771806001874007e-04
1.927000000000000000e+03 7.364952302600372624e-04
1.928000000000000000e+03 7.361315759595171704e-04
1.929000000000000000e+03 7.362712192581563750e-04
1.930000000000000000e+03 7.367966751963740289e-04
1.931000000000000000e+03 7.365584176638828671e-04
1.932000000000000000e+03 7.363601561104722365e-04
1.933000000000000000e+03 7.368293808091809982e-04
1.934000000000000000e+03 7.364949511093571519e-04
1.935000000000000000e+03 7.361723166122330657e-04
1.936000000000000000e+03 7.417587218561022587e-04
1.937000000000000000e+03 7.374576781152549854e-04
1.938000000000000000e+03 7.369668675608244271e-04
1.939000000000000000e+03 7.359256554588448733e-04
1.940000000000000000e+03 7.357768431155164730e-04
1.941000000000000000e+03 7.361890642776706918e-04
1.942000000000000000e+03 7.380198454315177849e-04
1.943000000000000000e+03 7.362217478858580719e-04
1.944000000000000000e+03 7.358963593060137507e-04
1.945000000000000000e+03 7.389193597799564688e-04
1.946000000000000000e+03 7.361222042901384866e-04
1.947000000000000000e+03 7.361277520791786053e-04
1.948000000000000000e+03 7.358536497448290832e-04
1.949000000000000000e+03 7.370021797847888922e-04
1.950000000000000000e+03 7.350783342573666973e-04
1.951000000000000000e+03 7.355180399204802252e-04
1.952000000000000000e+03 7.357268315906917303e-04
1.953000000000000000e+03 7.352366931766030371e-04
1.954000000000000000e+03 7.369049722564151653e-04
1.955000000000000000e+03 7.371420473289822970e-04
1.956000000000000000e+03 7.352169430534622688e-04
1.957000000000000000e+03 7.363161696076513715e-04
1.958000000000000000e+03 7.352606768040311717e-04
1.959000000000000000e+03 7.355968321997235571e-04
1.960000000000000000e+03 7.352168127365004031e-04
1.961000000000000000e+03 7.356197771287682026e-04
1.962000000000000000e+03 7.350379446457272177e-04
1.963000000000000000e+03 7.345097949236477916e-04
1.964000000000000000e+03 7.358619705835639123e-04
1.965000000000000000e+03 7.348402969051574200e-04
1.966000000000000000e+03 7.358375253133818059e-04
1.967000000000000000e+03 7.355010376416810632e-04
1.968000000000000000e+03 7.355336585704076464e-04
1.969000000000000000e+03 7.350210153410066585e-04
1.970000000000000000e+03 7.358352056021189936e-04
1.971000000000000000e+03 7.362010387331281627e-04
1.972000000000000000e+03 7.352268037611947105e-04
1.973000000000000000e+03 7.356673235112063921e-04
1.974000000000000000e+03 7.349174797768423572e-04
1.975000000000000000e+03 7.350179101256938035e-04
1.976000000000000000e+03 7.350186188993872941e-04
1.977000000000000000e+03 7.355664917799521535e-04
1.978000000000000000e+03 7.340675896770225200e-04
1.979000000000000000e+03 7.350041556805197301e-04
1.980000000000000000e+03 7.359071783324781790e-04
1.981000000000000000e+03 7.350130271555635692e-04
1.982000000000000000e+03 7.367337822867277416e-04
1.983000000000000000e+03 7.365343348088733942e-04
1.984000000000000000e+03 7.339813806430346482e-04
1.985000000000000000e+03 7.344462242065899612e-04
1.986000000000000000e+03 7.353248593232417779e-04
1.987000000000000000e+03 7.344048664124166624e-04
1.988000000000000000e+03 7.341880520677488602e-04
1.989000000000000000e+03 7.334723624177558405e-04
1.990000000000000000e+03 7.339975160394377569e-04
1.991000000000000000e+03 7.340199297531087384e-04
1.992000000000000000e+03 7.341152015841213851e-04
1.993000000000000000e+03 7.352875090789606771e-04
1.994000000000000000e+03 7.353777482521695920e-04
1.995000000000000000e+03 7.332121855270970620e-04
1.996000000000000000e+03 7.330434430997376282e-04
1.997000000000000000e+03 7.336428875743064310e-04
1.998000000000000000e+03 7.335115842745727928e-04
1.999000000000000000e+03 7.334736977835411287e-04
2.000000000000000000e+03 7.338058318638855269e-04
2.001000000000000000e+03 7.332241036865418679e-04
2.002000000000000000e+03 7.330790378911366048e-04
2.003000000000000000e+03 7.335485982012898178e-04
2.004000000000000000e+03 7.344106460387507182e-04
2.005000000000000000e+03 7.331875152030745916e-04
2.006000000000000000e+03 7.351751897483489988e-04
2.007000000000000000e+03 7.347495643991954926e-04
2.008000000000000000e+03 7.367533217095419661e-04
2.009000000000000000e+03 7.345228631998616722e-04
2.010000000000000000e+03 7.349058903627440345e-04
2.011000000000000000e+03 7.329593073103062581e-04
2.012000000000000000e+03 7.340085996824528619e-04
2.013000000000000000e+03 7.345997059818063857e-04
2.014000000000000000e+03 7.342911467518983739e-04
2.015000000000000000e+03 7.331450208484753322e-04
2.016000000000000000e+03 7.350101402117346092e-04
2.017000000000000000e+03 7.337299664556547847e-04
2.018000000000000000e+03 7.338563878847869683e-04
2.019000000000000000e+03 7.337583537607497968e-04
2.020000000000000000e+03 7.349499494788461727e-04
2.021000000000000000e+03 7.321708512574608748e-04
2.022000000000000000e+03 7.320884419106573606e-04
2.023000000000000000e+03 7.336329129909475045e-04
2.024000000000000000e+03 7.325275827032873841e-04
2.025000000000000000e+03 7.346966630049316235e-04
2.026000000000000000e+03 7.327504217208234130e-04
2.027000000000000000e+03 7.332857945849519500e-04
2.028000000000000000e+03 7.335621440184092804e-04
2.029000000000000000e+03 7.330782576647956045e-04
2.030000000000000000e+03 7.323340976728761470e-04
2.031000000000000000e+03 7.328107212715707615e-04
2.032000000000000000e+03 7.324745780798024453e-04
2.033000000000000000e+03 7.324946166141199904e-04
2.034000000000000000e+03 7.321360493088573292e-04
2.035000000000000000e+03 7.320842875884231611e-04
2.036000000000000000e+03 7.322322529153731932e-04
2.037000000000000000e+03 7.320427385958887907e-04
2.038000000000000000e+03 7.322777335999378859e-04
2.039000000000000000e+03 7.325166002536154805e-04
2.040000000000000000e+03 7.321593213835556405e-04
2.041000000000000000e+03 7.327266496254980933e-04
2.042000000000000000e+03 7.317117898882931348e-04
2.043000000000000000e+03 7.327574563769333194e-04
2.044000000000000000e+03 7.328371165858325311e-04
2.045000000000000000e+03 7.324546534353465260e-04
2.046000000000000000e+03 7.329733028337184330e-04
2.047000000000000000e+03 7.315682400946012503e-04
2.048000000000000000e+03 7.318030023524280938e-04
2.049000000000000000e+03 7.319494683984162668e-04
2.050000000000000000e+03 7.316544921939422720e-04
2.051000000000000000e+03 7.319683534983398082e-04
2.052000000000000000e+03 7.309975577684344611e-04
2.053000000000000000e+03 7.328023331805658819e-04
2.054000000000000000e+03 7.332810854828580036e-04
2.055000000000000000e+03 7.314141317923919961e-04
2.056000000000000000e+03 7.328723217722737287e-04
2.057000000000000000e+03 7.327133833478863831e-04
2.058000000000000000e+03 7.323189648772289277e-04
2.059000000000000000e+03 7.322306097620308535e-04
2.060000000000000000e+03 7.322254535629938886e-04
2.061000000000000000e+03 7.336242672928184076e-04
2.062000000000000000e+03 7.304415157066097624e-04
2.063000000000000000e+03 7.318796403161754657e-04
2.064000000000000000e+03 7.315463600876149098e-04
2.065000000000000000e+03 7.325037618496422001e-04
2.066000000000000000e+03 7.324335612557248375e-04
2.067000000000000000e+03 7.311889208118852032e-04
2.068000000000000000e+03 7.314227631568110928e-04
2.069000000000000000e+03 7.307675665253076823e-04
2.070000000000000000e+03 7.308178085209351320e-04
2.071000000000000000e+03 7.336482833254373776e-04
2.072000000000000000e+03 7.322265250218503146e-04
2.073000000000000000e+03 7.314791472602267391e-04
2.074000000000000000e+03 7.313594766366171129e-04
2.075000000000000000e+03 7.314509817768623072e-04
2.076000000000000000e+03 7.307969131546352684e-04
2.077000000000000000e+03 7.317637586437459891e-04
2.078000000000000000e+03 7.314304695971450597e-04
2.079000000000000000e+03 7.314652226152910464e-04
2.080000000000000000e+03 7.307709058478677969e-04
2.081000000000000000e+03 7.306307855766478029e-04
2.082000000000000000e+03 7.306368632640617995e-04
2.083000000000000000e+03 7.308885261748382508e-04
2.084000000000000000e+03 7.309206189493158744e-04
2.085000000000000000e+03 7.302381932361471598e-04
2.086000000000000000e+03 7.298925426047951854e-04
2.087000000000000000e+03 7.301410854421146613e-04
2.088000000000000000e+03 7.306207821001837370e-04
2.089000000000000000e+03 7.303973625955962690e-04
2.090000000000000000e+03 7.307861183604207273e-04
2.091000000000000000e+03 7.316850355111240286e-04
2.092000000000000000e+03 7.311591767815168313e-04
2.093000000000000000e+03 7.304555864898602292e-04
2.094000000000000000e+03 7.299356125149143552e-04
2.095000000000000000e+03 7.308353326839591487e-04
2.096000000000000000e+03 7.329789583382614101e-04
2.097000000000000000e+03 7.309491396680017168e-04
2.098000000000000000e+03 7.300453970919545000e-04
2.099000000000000000e+03 7.309900871756189840e-04
2.100000000000000000e+03 7.305418130472144311e-04
2.101000000000000000e+03 7.304681495180353904e-04
2.102000000000000000e+03 7.304985760378063199e-04
2.103000000000000000e+03 7.303855583695263503e-04
2.104000000000000000e+03 7.303242741340000826e-04
2.105000000000000000e+03 7.303090216414237371e-04
2.106000000000000000e+03 7.312109776704155866e-04
2.107000000000000000e+03 7.294222226466623611e-04
2.108000000000000000e+03 7.310114774933943772e-04
2.109000000000000000e+03 7.296449809244292444e-04
2.110000000000000000e+03 7.306287453773831729e-04
2.111000000000000000e+03 7.298966201834738640e-04
2.112000000000000000e+03 7.299293346746780911e-04
2.113000000000000000e+03 7.304606852597578422e-04
2.114000000000000000e+03 7.298520588861841414e-04
2.115000000000000000e+03 7.302910219576419677e-04
2.116000000000000000e+03 7.313360898643689496e-04
2.117000000000000000e+03 7.323516868569564112e-04
2.118000000000000000e+03 7.298640571036344197e-04
2.119000000000000000e+03 7.304944524793966594e-04
2.120000000000000000e+03 7.295638965767917801e-04
2.121000000000000000e+03 7.290867577587969994e-04
2.122000000000000000e+03 7.305283484573258561e-04
2.123000000000000000e+03 7.300838035818940294e-04
2.124000000000000000e+03 7.313644445004008690e-04
2.125000000000000000e+03 7.324117631710523732e-04
2.126000000000000000e+03 7.293617027279214113e-04
2.127000000000000000e+03 7.291905689981538269e-04
2.128000000000000000e+03 7.299978734473484355e-04
2.129000000000000000e+03 7.300125892853048413e-04
2.130000000000000000e+03 7.291580919630306565e-04
2.131000000000000000e+03 7.291952647280491341e-04
2.132000000000000000e+03 7.305322372344435610e-04
2.133000000000000000e+03 7.297308687690748493e-04
2.134000000000000000e+03 7.290662806589138633e-04
2.135000000000000000e+03 7.291078239723249380e-04
2.136000000000000000e+03 7.290346184612467740e-04
2.137000000000000000e+03 7.291081946336125169e-04
2.138000000000000000e+03 7.293957792227107485e-04
2.139000000000000000e+03 7.293498245852692193e-04
2.140000000000000000e+03 7.287283817903816375e-04
2.141000000000000000e+03 7.287515672893745767e-04
2.142000000000000000e+03 7.294422208513890024e-04
2.143000000000000000e+03 7.286925146793792702e-04
2.144000000000000000e+03 7.291059328301794946e-04
2.145000000000000000e+03 7.290902668782413493e-04
2.146000000000000000e+03 7.294733569245839778e-04
2.147000000000000000e+03 7.299318056831515574e-04
2.148000000000000000e+03 7.293272478521994765e-04
2.149000000000000000e+03 7.284741332294650089e-04
2.150000000000000000e+03 7.280288814640799256e-04
2.151000000000000000e+03 7.282866657440888441e-04
2.152000000000000000e+03 7.291522903050643312e-04
2.153000000000000000e+03 7.289600619353832139e-04
2.154000000000000000e+03 7.287393995440723639e-04
2.155000000000000000e+03 7.289306673999802538e-04
2.156000000000000000e+03 7.287932876858554303e-04
2.157000000000000000e+03 7.285381992484720338e-04
2.158000000000000000e+03 7.289651793310201241e-04
2.159000000000000000e+03 7.285551749620101372e-04
2.160000000000000000e+03 7.284502915846860363e-04
2.161000000000000000e+03 7.280812244926663157e-04
2.162000000000000000e+03 7.290739218304909596e-04
2.163000000000000000e+03 7.280048221330828349e-04
2.164000000000000000e+03 7.283203226801935118e-04
2.165000000000000000e+03 7.282603099523686724e-04
2.166000000000000000e+03 7.280292148334892603e-04
2.167000000000000000e+03 7.286774674371721428e-04
2.168000000000000000e+03 7.283424349963663882e-04
2.169000000000000000e+03 7.280797848470088552e-04
2.170000000000000000e+03 7.283616969150902678e-04
2.171000000000000000e+03 7.281399514757392775e-04
2.172000000000000000e+03 7.280767492494693519e-04
2.173000000000000000e+03 7.286597196554884040e-04
2.174000000000000000e+03 7.278553314942975234e-04
2.175000000000000000e+03 7.278537734028966153e-04
2.176000000000000000e+03 7.286870739227526827e-04
2.177000000000000000e+03 7.282327569545790852e-04
2.178000000000000000e+03 7.283588092738931463e-04
2.179000000000000000e+03 7.273621460285893464e-04
2.180000000000000000e+03 7.277683364753837446e-04
2.181000000000000000e+03 7.281444765926005759e-04
2.182000000000000000e+03 7.276450277169825348e-04
2.183000000000000000e+03 7.276671903115883040e-04
2.184000000000000000e+03 7.285591173595959338e-04
2.185000000000000000e+03 7.309757857751165511e-04
2.186000000000000000e+03 7.299638302965114805e-04
2.187000000000000000e+03 7.279286674616473407e-04
2.188000000000000000e+03 7.282729637659153500e-04
2.189000000000000000e+03 7.274281027842388180e-04
2.190000000000000000e+03 7.286904910450503698e-04
2.191000000000000000e+03 7.281901494761702440e-04
2.192000000000000000e+03 7.277000638735677462e-04
2.193000000000000000e+03 7.273362694358257319e-04
2.194000000000000000e+03 7.273868632632931024e-04
2.195000000000000000e+03 7.278231821139176426e-04
2.196000000000000000e+03 7.276159526548099969e-04
2.197000000000000000e+03 7.273013568190616783e-04
2.198000000000000000e+03 7.273173522159405522e-04
2.199000000000000000e+03 7.269718303207770623e-04
2.200000000000000000e+03 7.276687847278846691e-04
2.201000000000000000e+03 7.271784792858742089e-04
2.202000000000000000e+03 7.275757167210096348e-04
2.203000000000000000e+03 7.273336244903647312e-04
2.204000000000000000e+03 7.269738703047720499e-04
2.205000000000000000e+03 7.285819617777097293e-04
2.206000000000000000e+03 7.283289882883446989e-04
2.207000000000000000e+03 7.268984354409198856e-04
2.208000000000000000e+03 7.269686980552333370e-04
2.209000000000000000e+03 7.272480486891737868e-04
2.210000000000000000e+03 7.268512220896263497e-04
2.211000000000000000e+03 7.271206053167281018e-04
2.212000000000000000e+03 7.269252005901558240e-04
2.213000000000000000e+03 7.268027359502619118e-04
2.214000000000000000e+03 7.298324074461809896e-04
2.215000000000000000e+03 7.269684849642416534e-04
2.216000000000000000e+03 7.274486458187820297e-04
2.217000000000000000e+03 7.269689624476657636e-04
2.218000000000000000e+03 7.264709625097946332e-04
2.219000000000000000e+03 7.266126822570671004e-04
2.220000000000000000e+03 7.267312668443677744e-04
2.221000000000000000e+03 7.270450036114174284e-04
2.222000000000000000e+03 7.287213107075303335e-04
2.223000000000000000e+03 7.269519719433406840e-04
2.224000000000000000e+03 7.266864837810768727e-04
2.225000000000000000e+03 7.269857923821169314e-04
2.226000000000000000e+03 7.263913909713022674e-04
2.227000000000000000e+03 7.268786211341572668e-04
2.228000000000000000e+03 7.276175599578172662e-04
2.229000000000000000e+03 7.264740974287272604e-04
2.230000000000000000e+03 7.279657931411704849e-04
2.231000000000000000e+03 7.265684705507224374e-04
2.232000000000000000e+03 7.273128076089888311e-04
2.233000000000000000e+03 7.287348869819687547e-04
2.234000000000000000e+03 7.274418448643597910e-04
2.235000000000000000e+03 7.264408964685859600e-04
2.236000000000000000e+03 7.264951717889930405e-04
2.237000000000000000e+03 7.261205377199561476e-04
2.238000000000000000e+03 7.261703527948274719e-04
2.239000000000000000e+03 7.261870398383938599e-04
2.240000000000000000e+03 7.261005408638292321e-04
2.241000000000000000e+03 7.263880323916107815e-04
2.242000000000000000e+03 7.258361446092832011e-04
2.243000000000000000e+03 7.266654064070487843e-04
2.244000000000000000e+03 7.264796522098538678e-04
2.245000000000000000e+03 7.261089817424287197e-04
2.246000000000000000e+03 7.258887717852567428e-04
2.247000000000000000e+03 7.271967510023126871e-04
2.248000000000000000e+03 7.260165285742532781e-04
2.249000000000000000e+03 7.260764666959441298e-04
2.250000000000000000e+03 7.265746160100588396e-04
2.251000000000000000e+03 7.258168813845981230e-04
2.252000000000000000e+03 7.259855415103909533e-04
2.253000000000000000e+03 7.261921598865694405e-04
2.254000000000000000e+03 7.259942186572754339e-04
2.255000000000000000e+03 7.262017240033289637e-04
2.256000000000000000e+03 7.268924044113675995e-04
2.257000000000000000e+03 7.280686599508561256e-04
2.258000000000000000e+03 7.259243765260606262e-04
2.259000000000000000e+03 7.259844233558399073e-04
2.260000000000000000e+03 7.254996874110956027e-04
2.261000000000000000e+03 7.260937340933071131e-04
2.262000000000000000e+03 7.258730212978632473e-04
2.263000000000000000e+03 7.256936602223933771e-04
2.264000000000000000e+03 7.264247871640006852e-04
2.265000000000000000e+03 7.254736828031609335e-04
2.266000000000000000e+03 7.263490046151961860e-04
2.267000000000000000e+03 7.257567144253925786e-04
2.268000000000000000e+03 7.264084548356675034e-04
2.269000000000000000e+03 7.251279199580685977e-04
2.270000000000000000e+03 7.264358396870062261e-04
2.271000000000000000e+03 7.265095340769860523e-04
2.272000000000000000e+03 7.272454337570118154e-04
2.273000000000000000e+03 7.269384572129922910e-04
2.274000000000000000e+03 7.263575243176297437e-04
2.275000000000000000e+03 7.252043933405049334e-04
2.276000000000000000e+03 7.257543907983905057e-04
2.277000000000000000e+03 7.253821480434096726e-04
2.278000000000000000e+03 7.260885695137596699e-04
2.279000000000000000e+03 7.253060441073346442e-04
2.280000000000000000e+03 7.250515205487915657e-04
2.281000000000000000e+03 7.251274127088978708e-04
2.282000000000000000e+03 7.256915863226754033e-04
2.283000000000000000e+03 7.255023167209290452e-04
2.284000000000000000e+03 7.249511675249931640e-04
2.285000000000000000e+03 7.252812029326260361e-04
2.286000000000000000e+03 7.253468429415047686e-04
2.287000000000000000e+03 7.250825798201944016e-04
2.288000000000000000e+03 7.251507938416431719e-04
2.289000000000000000e+03 7.251463523497330213e-04
2.290000000000000000e+03 7.249838483809228126e-04
2.291000000000000000e+03 7.258173227806511861e-04
2.292000000000000000e+03 7.259124958169771002e-04
2.293000000000000000e+03 7.249733408447427965e-04
2.294000000000000000e+03 7.250441438906670604e-04
2.295000000000000000e+03 7.256972011727738344e-04
2.296000000000000000e+03 7.248577341893858031e-04
2.297000000000000000e+03 7.251331865420978335e-04
2.298000000000000000e+03 7.254157214014797647e-04
2.299000000000000000e+03 7.250068250995818017e-04
2.300000000000000000e+03 7.253104336689433730e-04
2.301000000000000000e+03 7.249288353105847078e-04
2.302000000000000000e+03 7.253960749488610332e-04
2.303000000000000000e+03 7.264728976070603276e-04
2.304000000000000000e+03 7.256356755650180713e-04
2.305000000000000000e+03 7.263119441277309570e-04
2.306000000000000000e+03 7.249035382293249818e-04
2.307000000000000000e+03 7.250641600840123258e-04
2.308000000000000000e+03 7.243480767144513987e-04
2.309000000000000000e+03 7.245873196133217637e-04
2.310000000000000000e+03 7.250084148300976489e-04
2.311000000000000000e+03 7.255122410483346015e-04
2.312000000000000000e+03 7.247992668367108596e-04
2.313000000000000000e+03 7.243929600238988367e-04
2.314000000000000000e+03 7.256145654227661931e-04
2.315000000000000000e+03 7.247282955501352592e-04
2.316000000000000000e+03 7.253604900078943754e-04
2.317000000000000000e+03 7.242283446675043274e-04
2.318000000000000000e+03 7.253485276638149942e-04
2.319000000000000000e+03 7.262629619834134803e-04
2.320000000000000000e+03 7.251304282428346851e-04
2.321000000000000000e+03 7.254071862158561730e-04
2.322000000000000000e+03 7.243836466656202420e-04
2.323000000000000000e+03 7.249446403104312401e-04
2.324000000000000000e+03 7.243122877748862367e-04
2.325000000000000000e+03 7.245733300459878843e-04
2.326000000000000000e+03 7.243201356403651276e-04
2.327000000000000000e+03 7.243560836631394604e-04
2.328000000000000000e+03 7.249550552287770643e-04
2.329000000000000000e+03 7.244024538056747543e-04
2.330000000000000000e+03 7.241515062452033363e-04
2.331000000000000000e+03 7.240645321363869957e-04
2.332000000000000000e+03 7.250695924635203616e-04
2.333000000000000000e+03 7.255985291956327772e-04
2.334000000000000000e+03 7.241006027336796807e-04
2.335000000000000000e+03 7.241215373908063213e-04
2.336000000000000000e+03 7.244117043093205007e-04
2.337000000000000000e+03 7.240586287390361753e-04
2.338000000000000000e+03 7.241865710520165814e-04
2.339000000000000000e+03 7.240420096424599440e-04
2.340000000000000000e+03 7.240958665039599592e-04
2.341000000000000000e+03 7.245314194007969073e-04
2.342000000000000000e+03 7.236921433771164496e-04
2.343000000000000000e+03 7.248330392828239866e-04
2.344000000000000000e+03 7.240434185459616217e-04
2.345000000000000000e+03 7.240909402021850289e-04
2.346000000000000000e+03 7.240325347997022404e-04
2.347000000000000000e+03 7.241925789139622540e-04
2.348000000000000000e+03 7.239984235721423156e-04
2.349000000000000000e+03 7.239483612102099374e-04
2.350000000000000000e+03 7.241600212952171685e-04
2.351000000000000000e+03 7.239631745431550965e-04
2.352000000000000000e+03 7.238722450516695732e-04
2.353000000000000000e+03 7.236900791906615473e-04
2.354000000000000000e+03 7.241455171366732594e-04
2.355000000000000000e+03 7.236741520550899788e-04
2.356000000000000000e+03 7.240802872395923472e-04
2.357000000000000000e+03 7.243374200021524423e-04
2.358000000000000000e+03 7.237756431933691859e-04
2.359000000000000000e+03 7.237422981476836084e-04
2.360000000000000000e+03 7.242663517538426273e-04
2.361000000000000000e+03 7.247430771069239509e-04
2.362000000000000000e+03 7.253556052608961004e-04
2.363000000000000000e+03 7.250572741022145388e-04
2.364000000000000000e+03 7.245169532928848709e-04
2.365000000000000000e+03 7.233829204899234946e-04
2.366000000000000000e+03 7.244672581580784794e-04
2.367000000000000000e+03 7.236050310982518980e-04
2.368000000000000000e+03 7.235434582543058069e-04
2.369000000000000000e+03 7.238114410108183443e-04
2.370000000000000000e+03 7.237909808536986981e-04
2.371000000000000000e+03 7.234127190741009277e-04
2.372000000000000000e+03 7.238641169296950459e-04
2.373000000000000000e+03 7.244197054263582956e-04
2.374000000000000000e+03 7.235900375909508353e-04
2.375000000000000000e+03 7.235593718051195992e-04
2.376000000000000000e+03 7.237298770478088313e-04
2.377000000000000000e+03 7.233999054146000689e-04
2.378000000000000000e+03 7.233275035089460799e-04
2.379000000000000000e+03 7.248520612088891991e-04
2.380000000000000000e+03 7.237806887598974628e-04
2.381000000000000000e+03 7.241137172823292056e-04
2.382000000000000000e+03 7.234163244300283614e-04
2.383000000000000000e+03 7.232821073849240914e-04
2.384000000000000000e+03 7.234341977170154073e-04
2.385000000000000000e+03 7.232455110569513878e-04
2.386000000000000000e+03 7.231063065984723575e-04
2.387000000000000000e+03 7.234523160186415646e-04
2.388000000000000000e+03 7.237847696271098663e-04
2.389000000000000000e+03 7.232127051759539666e-04
2.390000000000000000e+03 7.233292567468606283e-04
2.391000000000000000e+03 7.241037957306905703e-04
2.392000000000000000e+03 7.235787746817451882e-04
2.393000000000000000e+03 7.248832363425002090e-04
2.394000000000000000e+03 7.233278528519296573e-04
2.395000000000000000e+03 7.230978388646022584e-04
2.396000000000000000e+03 7.234948641842461718e-04
2.397000000000000000e+03 7.229952545807935517e-04
2.398000000000000000e+03 7.242942047555934494e-04
2.399000000000000000e+03 7.230628725201261467e-04
2.400000000000000000e+03 7.234955718489244391e-04
2.401000000000000000e+03 7.228164674796923664e-04
2.402000000000000000e+03 7.238663201050278637e-04
2.403000000000000000e+03 7.231219483401023738e-04
2.404000000000000000e+03 7.232092898481215721e-04
2.405000000000000000e+03 7.235376973863066972e-04
2.406000000000000000e+03 7.232502912361530754e-04
2.407000000000000000e+03 7.228764185711225414e-04
2.408000000000000000e+03 7.229808661537989864e-04
2.409000000000000000e+03 7.229557426771915070e-04
2.410000000000000000e+03 7.229470946446749525e-04
2.411000000000000000e+03 7.231277080330253881e-04
2.412000000000000000e+03 7.227477657254123685e-04
2.413000000000000000e+03 7.236942952771096074e-04
2.414000000000000000e+03 7.227213241195190466e-04
2.415000000000000000e+03 7.227165547957595552e-04
2.416000000000000000e+03 7.236033900517521451e-04
2.417000000000000000e+03 7.223839501015127083e-04
2.418000000000000000e+03 7.229810885630170905e-04
2.419000000000000000e+03 7.230643998761451504e-04
2.420000000000000000e+03 7.229714314831057424e-04
2.421000000000000000e+03 7.228173423293769240e-04
2.422000000000000000e+03 7.225255504856054620e-04
2.423000000000000000e+03 7.229966002177174887e-04
2.424000000000000000e+03 7.225067743706438178e-04
2.425000000000000000e+03 7.227543470605291183e-04
2.426000000000000000e+03 7.234397175734971330e-04
2.427000000000000000e+03 7.226081508134721883e-04
2.428000000000000000e+03 7.231238532733671055e-04
2.429000000000000000e+03 7.225176164961298565e-04
2.430000000000000000e+03 7.227123608771120764e-04
2.431000000000000000e+03 7.228561730509321104e-04
2.432000000000000000e+03 7.223136861305200565e-04
2.433000000000000000e+03 7.223645835378875776e-04
2.434000000000000000e+03 7.224231478960464617e-04
2.435000000000000000e+03 7.232016313525337602e-04
2.436000000000000000e+03 7.228520479431323848e-04
2.437000000000000000e+03 7.227790338662332765e-04
2.438000000000000000e+03 7.230528751485535213e-04
2.439000000000000000e+03 7.225389521808534780e-04
2.440000000000000000e+03 7.226622457329832244e-04
2.441000000000000000e+03 7.222939324003468638e-04
2.442000000000000000e+03 7.223635994772145685e-04
2.443000000000000000e+03 7.221907727426695985e-04
2.444000000000000000e+03 7.224621252110175482e-04
2.445000000000000000e+03 7.222454065967117516e-04
2.446000000000000000e+03 7.221747989167728128e-04
2.447000000000000000e+03 7.222641340600396758e-04
2.448000000000000000e+03 7.222989794385434141e-04
2.449000000000000000e+03 7.224269467110389607e-04
2.450000000000000000e+03 7.222236189103523572e-04
2.451000000000000000e+03 7.223890732265029167e-04
2.452000000000000000e+03 7.237709136485089446e-04
2.453000000000000000e+03 7.219677964191116570e-04
2.454000000000000000e+03 7.221723365963037640e-04
2.455000000000000000e+03 7.223334313154140731e-04
2.456000000000000000e+03 7.220567857364082291e-04
2.457000000000000000e+03 7.223709745927707005e-04
2.458000000000000000e+03 7.223037962481446616e-04
2.459000000000000000e+03 7.219739640762968700e-04
2.460000000000000000e+03 7.225614128930210253e-04
2.461000000000000000e+03 7.225400002735961726e-04
2.462000000000000000e+03 7.219383878164439827e-04
2.463000000000000000e+03 7.222132899111329473e-04
2.464000000000000000e+03 7.225500144079650272e-04
2.465000000000000000e+03 7.219858390192827272e-04
2.466000000000000000e+03 7.218313720254344737e-04
2.467000000000000000e+03 7.218453429489515025e-04
2.468000000000000000e+03 7.218109945702553924e-04
2.469000000000000000e+03 7.222931806172446217e-04
2.470000000000000000e+03 7.219602847152570193e-04
2.471000000000000000e+03 7.215986340949149744e-04
2.472000000000000000e+03 7.219141748545361646e-04
2.473000000000000000e+03 7.218440440219072362e-04
2.474000000000000000e+03 7.219821660576970258e-04
2.475000000000000000e+03 7.227995295831690821e-04
2.476000000000000000e+03 7.215982847953095669e-04
2.477000000000000000e+03 7.219284225916658068e-04
2.478000000000000000e+03 7.215530103539376456e-04
2.479000000000000000e+03 7.225470312702679835e-04
2.480000000000000000e+03 7.216898990541523824e-04
2.481000000000000000e+03 7.218529956391054898e-04
2.482000000000000000e+03 7.227802267147739228e-04
2.483000000000000000e+03 7.228696047432720678e-04
2.484000000000000000e+03 7.215561982726654720e-04
2.485000000000000000e+03 7.217061112042265098e-04
2.486000000000000000e+03 7.218553021348720049e-04
2.487000000000000000e+03 7.216868449626878462e-04
2.488000000000000000e+03 7.219248724439392313e-04
2.489000000000000000e+03 7.220300071525057170e-04
2.490000000000000000e+03 7.212544307511626609e-04
2.491000000000000000e+03 7.218310278691817154e-04
2.492000000000000000e+03 7.213971428079075671e-04
2.493000000000000000e+03 7.226417885243016214e-04
2.494000000000000000e+03 7.217932232473707639e-04
2.495000000000000000e+03 7.221824413499053309e-04
2.496000000000000000e+03 7.214743340237519606e-04
2.497000000000000000e+03 7.215958948273629289e-04
2.498000000000000000e+03 7.214410045671021962e-04
2.499000000000000000e+03 7.217493068919541687e-04
2.500000000000000000e+03 7.218132749445842124e-04
2.501000000000000000e+03 7.212283803607398396e-04
2.502000000000000000e+03 7.220516438137998278e-04
2.503000000000000000e+03 7.214526012388397785e-04
2.504000000000000000e+03 7.214321552017643503e-04
2.505000000000000000e+03 7.217573477157224887e-04
2.506000000000000000e+03 7.237662862048090204e-04
2.507000000000000000e+03 7.226680537907996006e-04
2.508000000000000000e+03 7.217244189109931103e-04
2.509000000000000000e+03 7.218021721702841181e-04
2.510000000000000000e+03 7.215188575993924198e-04
2.511000000000000000e+03 7.215263889721590645e-04
2.512000000000000000e+03 7.215982740142556744e-04
2.513000000000000000e+03 7.211929348335982841e-04
2.514000000000000000e+03 7.212918510577274274e-04
2.515000000000000000e+03 7.224156997335860839e-04
2.516000000000000000e+03 7.209038945462374918e-04
2.517000000000000000e+03 7.216876834311795321e-04
2.518000000000000000e+03 7.218036626243317343e-04
2.519000000000000000e+03 7.215893106167170458e-04
2.520000000000000000e+03 7.214522843687127445e-04
2.521000000000000000e+03 7.210528491468348993e-04
2.522000000000000000e+03 7.211276356645035740e-04
2.523000000000000000e+03 7.212078369191263086e-04
2.524000000000000000e+03 7.212731331058062478e-04
2.525000000000000000e+03 7.211170094264626089e-04
2.526000000000000000e+03 7.211334280657580743e-04
2.527000000000000000e+03 7.211299169808869881e-04
2.528000000000000000e+03 7.210415510862835508e-04
2.529000000000000000e+03 7.211558526894494472e-04
2.530000000000000000e+03 7.210478101961019905e-04
2.531000000000000000e+03 7.209084565295911795e-04
2.532000000000000000e+03 7.209566015601109965e-04
2.533000000000000000e+03 7.214028699728096145e-04
2.534000000000000000e+03 7.213715251005622638e-04
2.535000000000000000e+03 7.210011354327868155e-04
2.536000000000000000e+03 7.209396499730576658e-04
2.537000000000000000e+03 7.209780002589753984e-04
2.538000000000000000e+03 7.208451107891490281e-04
2.539000000000000000e+03 7.213128276290085069e-04
2.540000000000000000e+03 7.212032872699026490e-04
2.541000000000000000e+03 7.215260024812608598e-04
2.542000000000000000e+03 7.208636991385675413e-04
2.543000000000000000e+03 7.214977295204227838e-04
2.544000000000000000e+03 7.209474309917946562e-04
2.545000000000000000e+03 7.207677202429809034e-04
2.546000000000000000e+03 7.209849357070054025e-04
2.547000000000000000e+03 7.208846987980907679e-04
2.548000000000000000e+03 7.212405646869809311e-04
2.549000000000000000e+03 7.209678674198804820e-04
2.550000000000000000e+03 7.208261575385471352e-04
2.551000000000000000e+03 7.213587540374358578e-04
2.552000000000000000e+03 7.208538311156833600e-04
2.553000000000000000e+03 7.211385433342280523e-04
2.554000000000000000e+03 7.205485297223033483e-04
2.555000000000000000e+03 7.207585871043556370e-04
2.556000000000000000e+03 7.210288470694308427e-04
2.557000000000000000e+03 7.208677939771384116e-04
2.558000000000000000e+03 7.206119902953921465e-04
2.559000000000000000e+03 7.207445618017057926e-04
2.560000000000000000e+03 7.211675209970281686e-04
2.561000000000000000e+03 7.206702210137430837e-04
2.562000000000000000e+03 7.205144748523640338e-04
2.563000000000000000e+03 7.207627193171977200e-04
2.564000000000000000e+03 7.205818908782091799e-04
2.565000000000000000e+03 7.207835541437230013e-04
2.566000000000000000e+03 7.204467502759373185e-04
2.567000000000000000e+03 7.204627166005796038e-04
2.568000000000000000e+03 7.210757038453838351e-04
2.569000000000000000e+03 7.216458338754919112e-04
2.570000000000000000e+03 7.205907771434718733e-04
2.571000000000000000e+03 7.204435254925371530e-04
2.572000000000000000e+03 7.204227786055677910e-04
2.573000000000000000e+03 7.213349830989644476e-04
2.574000000000000000e+03 7.209109306635338218e-04
2.575000000000000000e+03 7.216782909068303201e-04
2.576000000000000000e+03 7.204418728315306261e-04
2.577000000000000000e+03 7.206138306918231018e-04
2.578000000000000000e+03 7.209066388687379676e-04
2.579000000000000000e+03 7.204419699069049493e-04
2.580000000000000000e+03 7.203644295273508918e-04
2.581000000000000000e+03 7.209436759237474596e-04
2.582000000000000000e+03 7.202619614593466345e-04
2.583000000000000000e+03 7.205152504234480599e-04
2.584000000000000000e+03 7.203404280274998146e-04
2.585000000000000000e+03 7.204299748070853906e-04
2.586000000000000000e+03 7.205202247533737826e-04
2.587000000000000000e+03 7.204873157500967656e-04
2.588000000000000000e+03 7.202102252311532718e-04
2.589000000000000000e+03 7.202912915990851211e-04
2.590000000000000000e+03 7.207615915171283489e-04
2.591000000000000000e+03 7.211105403226483442e-04
2.592000000000000000e+03 7.205090157576298296e-04
2.593000000000000000e+03 7.202061531023757571e-04
2.594000000000000000e+03 7.206075613169337507e-04
2.595000000000000000e+03 7.201323132721991526e-04
2.596000000000000000e+03 7.203830804032569732e-04
2.597000000000000000e+03 7.203147413824427438e-04
2.598000000000000000e+03 7.204861335531011950e-04
2.599000000000000000e+03 7.202155468641055014e-04
2.600000000000000000e+03 7.202177033441434445e-04
2.601000000000000000e+03 7.201876909365478386e-04
2.602000000000000000e+03 7.200613571104952848e-04
2.603000000000000000e+03 7.200103927517305380e-04
2.604000000000000000e+03 7.200271661265159008e-04
2.605000000000000000e+03 7.201156139226886320e-04
2.606000000000000000e+03 7.201861615820606037e-04
2.607000000000000000e+03 7.200295877049497700e-04
2.608000000000000000e+03 7.200711177793653328e-04
2.609000000000000000e+03 7.200200779247627062e-04
2.610000000000000000e+03 7.200644280770597712e-04
2.611000000000000000e+03 7.202931249383944792e-04
2.612000000000000000e+03 7.206477816110957654e-04
2.613000000000000000e+03 7.209183843602286201e-04
2.614000000000000000e+03 7.204858532172730761e-04
2.615000000000000000e+03 7.205060000133562759e-04
2.616000000000000000e+03 7.201111341917956462e-04
2.617000000000000000e+03 7.200914023732364697e-04
2.618000000000000000e+03 7.198850545049631207e-04
2.619000000000000000e+03 7.201798370456309866e-04
2.620000000000000000e+03 7.198419347130054907e-04
2.621000000000000000e+03 7.201839098595927240e-04
2.622000000000000000e+03 7.198685061653517384e-04
2.623000000000000000e+03 7.203204997733109400e-04
2.624000000000000000e+03 7.200977526566845364e-04
2.625000000000000000e+03 7.198282561569685142e-04
2.626000000000000000e+03 7.197207466581572594e-04
2.627000000000000000e+03 7.204622407811500651e-04
2.628000000000000000e+03 7.199111372005515376e-04
2.629000000000000000e+03 7.199485083076067118e-04
2.630000000000000000e+03 7.200954625417283579e-04
2.631000000000000000e+03 7.196923399879400027e-04
2.632000000000000000e+03 7.197045752227456761e-04
2.633000000000000000e+03 7.199722673107769588e-04
2.634000000000000000e+03 7.198092621945492405e-04
2.635000000000000000e+03 7.199757027345074977e-04
2.636000000000000000e+03 7.199554498249434486e-04
2.637000000000000000e+03 7.198339919130316558e-04
2.638000000000000000e+03 7.201201613016523567e-04
2.639000000000000000e+03 7.199796409117826699e-04
2.640000000000000000e+03 7.195829804261861693e-04
2.641000000000000000e+03 7.201615055770029840e-04
2.642000000000000000e+03 7.198178748717541263e-04
2.643000000000000000e+03 7.196839283228379132e-04
2.644000000000000000e+03 7.201004921171964878e-04
2.645000000000000000e+03 7.200420178159914683e-04
2.646000000000000000e+03 7.196036472030723592e-04
2.647000000000000000e+03 7.196675722035673038e-04
2.648000000000000000e+03 7.199471953412074805e-04
2.649000000000000000e+03 7.196909002888351699e-04
2.650000000000000000e+03 7.195782690451496717e-04
2.651000000000000000e+03 7.193871266106972298e-04
2.652000000000000000e+03 7.195902998791216297e-04
2.653000000000000000e+03 7.194885001650071828e-04
2.654000000000000000e+03 7.195165556489372489e-04
2.655000000000000000e+03 7.196074936455412567e-04
2.656000000000000000e+03 7.196319320394695650e-04
2.657000000000000000e+03 7.194156016216858964e-04
2.658000000000000000e+03 7.196246111887694965e-04
2.659000000000000000e+03 7.199620994088212246e-04
2.660000000000000000e+03 7.199169989371770328e-04
2.661000000000000000e+03 7.196881837689840912e-04
2.662000000000000000e+03 7.196523960221287057e-04
2.663000000000000000e+03 7.195223194775207188e-04
2.664000000000000000e+03 7.195107418034969119e-04
2.665000000000000000e+03 7.199311087958141977e-04
2.666000000000000000e+03 7.194555652458016915e-04
2.667000000000000000e+03 7.202713544377940856e-04
2.668000000000000000e+03 7.194967273051125359e-04
2.669000000000000000e+03 7.196457362665573641e-04
2.670000000000000000e+03 7.196567672635412714e-04
2.671000000000000000e+03 7.194018230329443609e-04
2.672000000000000000e+03 7.195868991518563013e-04
2.673000000000000000e+03 7.196923453868270693e-04
2.674000000000000000e+03 7.197868658917694557e-04
2.675000000000000000e+03 7.192682028297568003e-04
2.676000000000000000e+03 7.194404345117755284e-04
2.677000000000000000e+03 7.192124595677699050e-04
2.678000000000000000e+03 7.198569397071515573e-04
2.679000000000000000e+03 7.193530279457999123e-04
2.680000000000000000e+03 7.196390018702524330e-04
2.681000000000000000e+03 7.196805165811349589e-04
2.682000000000000000e+03 7.192311307051289836e-04
2.683000000000000000e+03 7.194559683284262614e-04
2.684000000000000000e+03 7.196424377580448121e-04
2.685000000000000000e+03 7.193252191253640552e-04
2.686000000000000000e+03 7.192541508049282327e-04
2.687000000000000000e+03 7.194235474658577630e-04
2.688000000000000000e+03 7.193985948260327211e-04
2.689000000000000000e+03 7.192061369699286836e-04
2.690000000000000000e+03 7.194291105412167504e-04
2.691000000000000000e+03 7.193247686999122356e-04
2.692000000000000000e+03 7.191739003391110253e-04
2.693000000000000000e+03 7.190491545722673458e-04
2.694000000000000000e+03 7.192269681693081807e-04
2.695000000000000000e+03 7.195288880194962476e-04
2.696000000000000000e+03 7.194846556784105984e-04
2.697000000000000000e+03 7.194249457646376958e-04
2.698000000000000000e+03 7.191988196982556638e-04
2.699000000000000000e+03 7.193447314816183488e-04
2.700000000000000000e+03 7.195047155161148240e-04
2.701000000000000000e+03 7.192685846881258357e-04
2.702000000000000000e+03 7.195560773395545673e-04
2.703000000000000000e+03 7.190227849712372502e-04
2.704000000000000000e+03 7.190016154226730374e-04
2.705000000000000000e+03 7.191946299495305134e-04
2.706000000000000000e+03 7.192483493690211491e-04
2.707000000000000000e+03 7.190240628862019619e-04
2.708000000000000000e+03 7.193130653454799656e-04
2.709000000000000000e+03 7.193832333546847308e-04
2.710000000000000000e+03 7.190382416958052657e-04
2.711000000000000000e+03 7.191939543314741128e-04
2.712000000000000000e+03 7.192231613996365571e-04
2.713000000000000000e+03 7.190538194777567997e-04
2.714000000000000000e+03 7.198433727761084427e-04
2.715000000000000000e+03 7.188996362788703607e-04
2.716000000000000000e+03 7.189101356259768255e-04
2.717000000000000000e+03 7.191951915778631126e-04
2.718000000000000000e+03 7.189854767024766481e-04
2.719000000000000000e+03 7.190384398467078528e-04
2.720000000000000000e+03 7.190446553632797669e-04
2.721000000000000000e+03 7.197938025111580429e-04
2.722000000000000000e+03 7.190880962978591154e-04
2.723000000000000000e+03 7.188918447872447550e-04
2.724000000000000000e+03 7.189221079231363420e-04
2.725000000000000000e+03 7.189340704263544844e-04
2.726000000000000000e+03 7.190793772293972057e-04
2.727000000000000000e+03 7.191944287461107029e-04
2.728000000000000000e+03 7.192583331814971122e-04
2.729000000000000000e+03 7.190223136748955619e-04
2.730000000000000000e+03 7.188298337420821402e-04
2.731000000000000000e+03 7.192241625776453267e-04
2.732000000000000000e+03 7.188241414041122296e-04
2.733000000000000000e+03 7.187357619223710839e-04
2.734000000000000000e+03 7.189660757498506473e-04
2.735000000000000000e+03 7.189516113559497055e-04
2.736000000000000000e+03 7.188920916803780798e-04
2.737000000000000000e+03 7.192617683910563055e-04
2.738000000000000000e+03 7.187324847494710621e-04
2.739000000000000000e+03 7.187096782908881844e-04
2.740000000000000000e+03 7.185985054595223076e-04
2.741000000000000000e+03 7.188011952874075877e-04
2.742000000000000000e+03 7.186318915850041338e-04
2.743000000000000000e+03 7.187004650168927903e-04
2.744000000000000000e+03 7.189910931457948844e-04
2.745000000000000000e+03 7.188720876085758415e-04
2.746000000000000000e+03 7.188338213210520699e-04
2.747000000000000000e+03 7.186512096390847929e-04
2.748000000000000000e+03 7.189991809124961436e-04
2.749000000000000000e+03 7.188491045505251672e-04
2.750000000000000000e+03 7.184578122577249841e-04
2.751000000000000000e+03 7.187294752542207257e-04
2.752000000000000000e+03 7.186693138218292138e-04
2.753000000000000000e+03 7.187546005166243254e-04
2.754000000000000000e+03 7.184475228311971605e-04
2.755000000000000000e+03 7.191150407088328861e-04
2.756000000000000000e+03 7.188875506766181055e-04
2.757000000000000000e+03 7.187770183507734625e-04
2.758000000000000000e+03 7.188026016079109969e-04
2.759000000000000000e+03 7.188761657350939633e-04
2.760000000000000000e+03 7.185190028873705012e-04
2.761000000000000000e+03 7.185920127946014181e-04
2.762000000000000000e+03 7.184899905313122444e-04
2.763000000000000000e+03 7.186537392684362677e-04
2.764000000000000000e+03 7.184566881589491165e-04
2.765000000000000000e+03 7.185406089624032239e-04
2.766000000000000000e+03 7.186150536774027226e-04
2.767000000000000000e+03 7.190058582588988376e-04
2.768000000000000000e+03 7.184655514704169120e-04
2.769000000000000000e+03 7.186916758158780122e-04
2.770000000000000000e+03 7.184522903962717658e-04
2.771000000000000000e+03 7.186990064933983192e-04
2.772000000000000000e+03 7.184745513263169356e-04
2.773000000000000000e+03 7.186553141069739479e-04
2.774000000000000000e+03 7.183318768687155546e-04
2.775000000000000000e+03 7.183115904119736659e-04
2.776000000000000000e+03 7.184750147684472021e-04
2.777000000000000000e+03 7.184977065075409631e-04
2.778000000000000000e+03 7.183944577497847119e-04
2.779000000000000000e+03 7.185020836078928391e-04
2.780000000000000000e+03 7.182791422420257196e-04
2.781000000000000000e+03 7.184438531837649897e-04
2.782000000000000000e+03 7.183204658532183536e-04
2.783000000000000000e+03 7.184409512590464539e-04
2.784000000000000000e+03 7.188191090364434927e-04
2.785000000000000000e+03 7.183924480032454927e-04
2.786000000000000000e+03 7.184166206342443425e-04
2.787000000000000000e+03 7.181767675252087027e-04
2.788000000000000000e+03 7.182980586608146223e-04
2.789000000000000000e+03 7.183802960728918061e-04
2.790000000000000000e+03 7.183186772625668997e-04
2.791000000000000000e+03 7.182785208330134735e-04
2.792000000000000000e+03 7.185293249991351119e-04
2.793000000000000000e+03 7.185073446738936579e-04
2.794000000000000000e+03 7.182602251594969204e-04
2.795000000000000000e+03 7.182667366874631587e-04
2.796000000000000000e+03 7.182349020468765336e-04
2.797000000000000000e+03 7.184989915695408087e-04
2.798000000000000000e+03 7.182168593313149104e-04
2.799000000000000000e+03 7.182637564621699401e-04
2.800000000000000000e+03 7.184281468930848406e-04
2.801000000000000000e+03 7.185671747218672165e-04
2.802000000000000000e+03 7.182479207635666116e-04
2.803000000000000000e+03 7.181922426984150599e-04
2.804000000000000000e+03 7.181772475668296313e-04
2.805000000000000000e+03 7.183067697232283421e-04
2.806000000000000000e+03 7.183109979904041828e-04
2.807000000000000000e+03 7.182835096232750112e-04
2.808000000000000000e+03 7.181799210890380458e-04
2.809000000000000000e+03 7.185657419965930763e-04
2.810000000000000000e+03 7.181537443489309286e-04
2.811000000000000000e+03 7.186723815159646060e-04
2.812000000000000000e+03 7.183037747312293617e-04
2.813000000000000000e+03 7.182813439337053848e-04
2.814000000000000000e+03 7.181334315361023474e-04
2.815000000000000000e+03 7.182639575584918263e-04
2.816000000000000000e+03 7.181930703481839836e-04
2.817000000000000000e+03 7.181230582609572383e-04
2.818000000000000000e+03 7.181087070351113016e-04
2.819000000000000000e+03 7.182781598764116258e-04
2.820000000000000000e+03 7.183549570650326265e-04
2.821000000000000000e+03 7.180588061970628183e-04
2.822000000000000000e+03 7.181421367356671239e-04
2.823000000000000000e+03 7.185226610635453513e-04
2.824000000000000000e+03 7.179958182463513439e-04
2.825000000000000000e+03 7.182880114086055917e-04
2.826000000000000000e+03 7.179772164340686522e-04
2.827000000000000000e+03 7.180962208512909131e-04
2.828000000000000000e+03 7.181004850408081357e-04
2.829000000000000000e+03 7.184283127897089696e-04
2.830000000000000000e+03 7.182719059002101334e-04
2.831000000000000000e+03 7.179538229245661799e-04
2.832000000000000000e+03 7.179905727730041039e-04
2.833000000000000000e+03 7.182511852862424493e-04
2.834000000000000000e+03 7.181673538553787249e-04
2.835000000000000000e+03 7.182851791351863241e-04
2.836000000000000000e+03 7.180283156174834328e-04
2.837000000000000000e+03 7.183422024992147312e-04
2.838000000000000000e+03 7.181569635218628409e-04
2.839000000000000000e+03 7.179198013850890620e-04
2.840000000000000000e+03 7.180469436771849678e-04
2.841000000000000000e+03 7.179855026528608264e-04
2.842000000000000000e+03 7.179592998709302806e-04
2.843000000000000000e+03 7.179608396773730057e-04
2.844000000000000000e+03 7.179150170102496136e-04
2.845000000000000000e+03 7.179749755010848790e-04
2.846000000000000000e+03 7.177939676885561207e-04
2.847000000000000000e+03 7.180093965594795116e-04
2.848000000000000000e+03 7.182320024691811813e-04
2.849000000000000000e+03 7.180333116229770715e-04
2.850000000000000000e+03 7.180566053854851340e-04
2.851000000000000000e+03 7.179981926724461052e-04
2.852000000000000000e+03 7.179356963526352256e-04
2.853000000000000000e+03 7.179492637090610510e-04
2.854000000000000000e+03 7.185261561755871499e-04
2.855000000000000000e+03 7.178116611930489364e-04
2.856000000000000000e+03 7.180133935487837153e-04
2.857000000000000000e+03 7.182415466945327393e-04
2.858000000000000000e+03 7.177528631816654627e-04
2.859000000000000000e+03 7.179637129763064224e-04
2.860000000000000000e+03 7.179482650553702756e-04
2.861000000000000000e+03 7.177981857667189167e-04
2.862000000000000000e+03 7.180501208900984126e-04
2.863000000000000000e+03 7.178627027879999883e-04
2.864000000000000000e+03 7.180992047600435937e-04
2.865000000000000000e+03 7.178203540852902582e-04
2.866000000000000000e+03 7.177477988463544338e-04
2.867000000000000000e+03 7.178032492835558593e-04
2.868000000000000000e+03 7.177064686783665454e-04
2.869000000000000000e+03 7.177693130061393910e-04
2.870000000000000000e+03 7.179144569476789660e-04
2.871000000000000000e+03 7.179927933239207494e-04
2.872000000000000000e+03 7.177227618777520324e-04
2.873000000000000000e+03 7.185325952650237127e-04
2.874000000000000000e+03 7.176954792762554750e-04
2.875000000000000000e+03 7.176478088188923635e-04
2.876000000000000000e+03 7.176513926537015763e-04
2.877000000000000000e+03 7.176852122456529350e-04
2.878000000000000000e+03 7.176079082519731854e-04
2.879000000000000000e+03 7.177593587665060835e-04
2.880000000000000000e+03 7.179732650855674345e-04
2.881000000000000000e+03 7.176757839389261194e-04
2.882000000000000000e+03 7.177149257447964061e-04
2.883000000000000000e+03 7.179472365073718762e-04
2.884000000000000000e+03 7.180047141616891556e-04
2.885000000000000000e+03 7.177266617748233280e-04
2.886000000000000000e+03 7.181077867250596110e-04
2.887000000000000000e+03 7.179059631301123578e-04
2.888000000000000000e+03 7.176095241424374806e-04
2.889000000000000000e+03 7.175805225895040031e-04
2.890000000000000000e+03 7.178909427156805832e-04
2.891000000000000000e+03 7.175686092874864830e-04
2.892000000000000000e+03 7.175085624572473918e-04
2.893000000000000000e+03 7.177633126823493651e-04
2.894000000000000000e+03 7.176397556514458806e-04
2.895000000000000000e+03 7.176821992177592367e-04
2.896000000000000000e+03 7.177303851586929991e-04
2.897000000000000000e+03 7.179970620320237813e-04
2.898000000000000000e+03 7.175189084915901136e-04
2.899000000000000000e+03 7.174424613731626493e-04
2.900000000000000000e+03 7.177910249868467516e-04
2.901000000000000000e+03 7.176309104693421974e-04
2.902000000000000000e+03 7.175505381615729893e-04
2.903000000000000000e+03 7.175900732777822175e-04
2.904000000000000000e+03 7.177670813739736545e-04
2.905000000000000000e+03 7.177209475061060518e-04
2.906000000000000000e+03 7.175101724257953008e-04
2.907000000000000000e+03 7.174600161432532434e-04
2.908000000000000000e+03 7.174679683740811794e-04
2.909000000000000000e+03 7.179611468021681112e-04
2.910000000000000000e+03 7.176134252403704519e-04
2.911000000000000000e+03 7.177633609557392078e-04
2.912000000000000000e+03 7.177203982866311397e-04
2.913000000000000000e+03 7.173967539980475108e-04
2.914000000000000000e+03 7.174263259987436912e-04
2.915000000000000000e+03 7.177215612642609197e-04
2.916000000000000000e+03 7.174862148454193766e-04
2.917000000000000000e+03 7.175414748038125116e-04
2.918000000000000000e+03 7.175332119585051257e-04
2.919000000000000000e+03 7.173726655054966060e-04
2.920000000000000000e+03 7.174968664805682610e-04
2.921000000000000000e+03 7.174543112020570360e-04
2.922000000000000000e+03 7.174046615450620484e-04
2.923000000000000000e+03 7.176237607371196980e-04
2.924000000000000000e+03 7.175931287737583519e-04
2.925000000000000000e+03 7.175529104728941166e-04
2.926000000000000000e+03 7.174382502581717544e-04
2.927000000000000000e+03 7.174351066656437566e-04
2.928000000000000000e+03 7.174930278899087355e-04
2.929000000000000000e+03 7.173295045897344190e-04
2.930000000000000000e+03 7.174667288824272248e-04
2.931000000000000000e+03 7.174693246429335054e-04
2.932000000000000000e+03 7.172729070342612027e-04
2.933000000000000000e+03 7.174457384910503614e-04
2.934000000000000000e+03 7.176602819174162338e-04
2.935000000000000000e+03 7.172544582561259313e-04
2.936000000000000000e+03 7.172639766745449435e-04
2.937000000000000000e+03 7.174134690402521374e-04
2.938000000000000000e+03 7.173024136168023321e-04
2.939000000000000000e+03 7.172100198186359080e-04
2.940000000000000000e+03 7.177232728386571297e-04
2.941000000000000000e+03 7.174123807212552575e-04
2.942000000000000000e+03 7.175109598722238932e-04
2.943000000000000000e+03 7.173056690286831521e-04
2.944000000000000000e+03 7.172155019025278902e-04
2.945000000000000000e+03 7.172281524722658088e-04
2.946000000000000000e+03 7.171786632953229199e-04
2.947000000000000000e+03 7.172996300109987919e-04
2.948000000000000000e+03 7.173458191311944980e-04
2.949000000000000000e+03 7.171699899310223858e-04
2.950000000000000000e+03 7.180496340010529468e-04
2.951000000000000000e+03 7.175725623860440723e-04
2.952000000000000000e+03 7.174994180106131257e-04
2.953000000000000000e+03 7.171646258601242037e-04
2.954000000000000000e+03 7.171837329495297716e-04
2.955000000000000000e+03 7.171782941413145599e-04
2.956000000000000000e+03 7.172472765853210109e-04
2.957000000000000000e+03 7.171560102772241022e-04
2.958000000000000000e+03 7.173282562114396922e-04
2.959000000000000000e+03 7.174666023478872175e-04
2.960000000000000000e+03 7.172148709195688655e-04
2.961000000000000000e+03 7.172131456757311002e-04
2.962000000000000000e+03 7.171764414169817759e-04
2.963000000000000000e+03 7.170473136404867994e-04
2.964000000000000000e+03 7.171992075731262921e-04
2.965000000000000000e+03 7.174817155400666077e-04
2.966000000000000000e+03 7.171957600057753341e-04
2.967000000000000000e+03 7.171114629596950880e-04
2.968000000000000000e+03 7.172253904792058729e-04
2.969000000000000000e+03 7.173937021359857264e-04
2.970000000000000000e+03 7.177218217485833995e-04
2.971000000000000000e+03 7.169430398611281209e-04
2.972000000000000000e+03 7.171987559561147094e-04
2.973000000000000000e+03 7.170911053191718907e-04
2.974000000000000000e+03 7.170518264327722761e-04
2.975000000000000000e+03 7.170695838458826391e-04
2.976000000000000000e+03 7.172273912449710683e-04
2.977000000000000000e+03 7.173144585610716391e-04
2.978000000000000000e+03 7.170192007700003974e-04
2.979000000000000000e+03 7.170536290958888200e-04
2.980000000000000000e+03 7.172826478402915791e-04
2.981000000000000000e+03 7.170178683619862900e-04
2.982000000000000000e+03 7.170600119324159341e-04
2.983000000000000000e+03 7.171078897591660071e-04
2.984000000000000000e+03 7.170026707863925812e-04
2.985000000000000000e+03 7.171196674154860532e-04
2.986000000000000000e+03 7.172008542338299169e-04
2.987000000000000000e+03 7.169967728033848882e-04
2.988000000000000000e+03 7.171352894774080111e-04
2.989000000000000000e+03 7.170612341418695869e-04
2.990000000000000000e+03 7.170108743944041260e-04
2.991000000000000000e+03 7.169676297593524086e-04
2.992000000000000000e+03 7.169444129957708951e-04
2.993000000000000000e+03 7.172838596806926101e-04
2.994000000000000000e+03 7.169826809850637092e-04
2.995000000000000000e+03 7.169037492284826034e-04
2.996000000000000000e+03 7.169362947289567838e-04
2.997000000000000000e+03 7.169624865628790962e-04
2.998000000000000000e+03 7.169380090642151707e-04
2.999000000000000000e+03 7.169173224056435987e-04
