file_index,file_name,timestep,dominant_mode,estimated_wave_number
1,md_cg_h10p0_ct1p5_mp20p0_it0p9_cg21_mix_periodic_file1.mat,0,"(1,0)",1.000
1,md_cg_h10p0_ct1p5_mp20p0_it0p9_cg21_mix_periodic_file1.mat,1,"(1,0)",1.000
1,md_cg_h10p0_ct1p5_mp20p0_it0p9_cg21_mix_periodic_file1.mat,2,"(1,0)",1.000
1,md_cg_h10p0_ct1p5_mp20p0_it0p9_cg21_mix_periodic_file1.mat,3,"(1,0)",1.000
1,md_cg_h10p0_ct1p5_mp20p0_it0p9_cg21_mix_periodic_file1.mat,4,"(1,0)",1.000
1,md_cg_h10p0_ct1p5_mp20p0_it0p9_cg21_mix_periodic_file1.mat,5,"(1,0)",1.000
1,md_cg_h10p0_ct1p5_mp20p0_it0p9_cg21_mix_periodic_file1.mat,6,"(1,0)",1.000
1,md_cg_h10p0_ct1p5_mp20p0_it0p9_cg21_mix_periodic_file1.mat,7,"(1,0)",1.000
1,md_cg_h10p0_ct1p5_mp20p0_it0p9_cg21_mix_periodic_file1.mat,8,"(1,0)",1.000
1,md_cg_h10p0_ct1p5_mp20p0_it0p9_cg21_mix_periodic_file1.mat,9,"(1,0)",1.000
1,md_cg_h10p0_ct1p5_mp20p0_it0p9_cg21_mix_periodic_file1.mat,10,"(1,0)",1.000
1,md_cg_h10p0_ct1p5_mp20p0_it0p9_cg21_mix_periodic_file1.mat,11,"(1,0)",1.000
1,md_cg_h10p0_ct1p5_mp20p0_it0p9_cg21_mix_periodic_file1.mat,12,"(1,0)",1.000
1,md_cg_h10p0_ct1p5_mp20p0_it0p9_cg21_mix_periodic_file1.mat,13,"(1,0)",1.000
1,md_cg_h10p0_ct1p5_mp20p0_it0p9_cg21_mix_periodic_file1.mat,14,"(1,0)",1.000
1,md_cg_h10p0_ct1p5_mp20p0_it0p9_cg21_mix_periodic_file1.mat,15,"(1,0)",1.000
1,md_cg_h10p0_ct1p5_mp20p0_it0p9_cg21_mix_periodic_file1.mat,16,"(1,0)",1.000
1,md_cg_h10p0_ct1p5_mp20p0_it0p9_cg21_mix_periodic_file1.mat,17,"(1,0)",1.000
1,md_cg_h10p0_ct1p5_mp20p0_it0p9_cg21_mix_periodic_file1.mat,18,"(1,0)",1.000
1,md_cg_h10p0_ct1p5_mp20p0_it0p9_cg21_mix_periodic_file1.mat,19,"(1,0)",1.000
1,md_cg_h10p0_ct1p5_mp20p0_it0p9_cg21_mix_periodic_file1.mat,20,"(1,0)",1.000
1,md_cg_h10p0_ct1p5_mp20p0_it0p9_cg21_mix_periodic_file1.mat,21,"(1,0)",1.000
1,md_cg_h10p0_ct1p5_mp20p0_it0p9_cg21_mix_periodic_file1.mat,22,"(1,0)",1.000
1,md_cg_h10p0_ct1p5_mp20p0_it0p9_cg21_mix_periodic_file1.mat,23,"(1,0)",1.000
1,md_cg_h10p0_ct1p5_mp20p0_it0p9_cg21_mix_periodic_file1.mat,24,"(1,0)",1.000
1,md_cg_h10p0_ct1p5_mp20p0_it0p9_cg21_mix_periodic_file1.mat,25,"(1,0)",1.000
1,md_cg_h10p0_ct1p5_mp20p0_it0p9_cg21_mix_periodic_file1.mat,26,"(1,0)",1.000
1,md_cg_h10p0_ct1p5_mp20p0_it0p9_cg21_mix_periodic_file1.mat,27,"(1,0)",1.000
2,md_cg_h10p0_ct1p5_mp20p0_it0p9_cg21_mix_periodic_file2.mat,0,"(2,0)",2.000
2,md_cg_h10p0_ct1p5_mp20p0_it0p9_cg21_mix_periodic_file2.mat,1,"(2,0)",2.000
2,md_cg_h10p0_ct1p5_mp20p0_it0p9_cg21_mix_periodic_file2.mat,2,"(2,0)",2.000
2,md_cg_h10p0_ct1p5_mp20p0_it0p9_cg21_mix_periodic_file2.mat,3,"(2,0)",2.000
2,md_cg_h10p0_ct1p5_mp20p0_it0p9_cg21_mix_periodic_file2.mat,4,"(2,0)",2.000
2,md_cg_h10p0_ct1p5_mp20p0_it0p9_cg21_mix_periodic_file2.mat,5,"(2,0)",2.000
2,md_cg_h10p0_ct1p5_mp20p0_it0p9_cg21_mix_periodic_file2.mat,6,"(2,0)",2.000
2,md_cg_h10p0_ct1p5_mp20p0_it0p9_cg21_mix_periodic_file2.mat,7,"(2,0)",2.000
2,md_cg_h10p0_ct1p5_mp20p0_it0p9_cg21_mix_periodic_file2.mat,8,"(2,0)",2.000
2,md_cg_h10p0_ct1p5_mp20p0_it0p9_cg21_mix_periodic_file2.mat,9,"(2,0)",2.000
2,md_cg_h10p0_ct1p5_mp20p0_it0p9_cg21_mix_periodic_file2.mat,10,"(2,0)",2.000
2,md_cg_h10p0_ct1p5_mp20p0_it0p9_cg21_mix_periodic_file2.mat,11,"(2,0)",2.000
2,md_cg_h10p0_ct1p5_mp20p0_it0p9_cg21_mix_periodic_file2.mat,12,"(2,0)",2.000
2,md_cg_h10p0_ct1p5_mp20p0_it0p9_cg21_mix_periodic_file2.mat,13,"(2,0)",2.000
2,md_cg_h10p0_ct1p5_mp20p0_it0p9_cg21_mix_periodic_file2.mat,14,"(2,0)",2.000
2,md_cg_h10p0_ct1p5_mp20p0_it0p9_cg21_mix_periodic_file2.mat,15,"(2,0)",2.000
2,md_cg_h10p0_ct1p5_mp20p0_it0p9_cg21_mix_periodic_file2.mat,16,"(2,0)",2.000
2,md_cg_h10p0_ct1p5_mp20p0_it0p9_cg21_mix_periodic_file2.mat,17,"(2,0)",2.000
2,md_cg_h10p0_ct1p5_mp20p0_it0p9_cg21_mix_periodic_file2.mat,18,"(2,0)",2.000
2,md_cg_h10p0_ct1p5_mp20p0_it0p9_cg21_mix_periodic_file2.mat,19,"(2,0)",2.000
2,md_cg_h10p0_ct1p5_mp20p0_it0p9_cg21_mix_periodic_file2.mat,20,"(2,0)",2.000
2,md_cg_h10p0_ct1p5_mp20p0_it0p9_cg21_mix_periodic_file2.mat,21,"(2,0)",2.000
2,md_cg_h10p0_ct1p5_mp20p0_it0p9_cg21_mix_periodic_file2.mat,22,"(2,0)",2.000
2,md_cg_h10p0_ct1p5_mp20p0_it0p9_cg21_mix_periodic_file2.mat,23,"(2,0)",2.000
2,md_cg_h10p0_ct1p5_mp20p0_it0p9_cg21_mix_periodic_file2.mat,24,"(2,0)",2.000
2,md_cg_h10p0_ct1p5_mp20p0_it0p9_cg21_mix_periodic_file2.mat,25,"(2,0)",2.000
2,md_cg_h10p0_ct1p5_mp20p0_it0p9_cg21_mix_periodic_file2.mat,26,"(2,0)",2.000
3,md_cg_h10p0_ct1p5_mp20p0_it0p9_cg21_mix_periodic_file3.mat,0,"(3,0)",3.000
3,md_cg_h10p0_ct1p5_mp20p0_it0p9_cg21_mix_periodic_file3.mat,1,"(3,0)",3.000
3,md_cg_h10p0_ct1p5_mp20p0_it0p9_cg21_mix_periodic_file3.mat,2,"(3,0)",3.000
3,md_cg_h10p0_ct1p5_mp20p0_it0p9_cg21_mix_periodic_file3.mat,3,"(3,0)",3.000
3,md_cg_h10p0_ct1p5_mp20p0_it0p9_cg21_mix_periodic_file3.mat,4,"(3,0)",3.000
3,md_cg_h10p0_ct1p5_mp20p0_it0p9_cg21_mix_periodic_file3.mat,5,"(3,0)",3.000
3,md_cg_h10p0_ct1p5_mp20p0_it0p9_cg21_mix_periodic_file3.mat,6,"(3,0)",3.000
3,md_cg_h10p0_ct1p5_mp20p0_it0p9_cg21_mix_periodic_file3.mat,7,"(3,0)",3.000
3,md_cg_h10p0_ct1p5_mp20p0_it0p9_cg21_mix_periodic_file3.mat,8,"(3,0)",3.000
3,md_cg_h10p0_ct1p5_mp20p0_it0p9_cg21_mix_periodic_file3.mat,9,"(3,0)",3.000
3,md_cg_h10p0_ct1p5_mp20p0_it0p9_cg21_mix_periodic_file3.mat,10,"(3,0)",3.000
3,md_cg_h10p0_ct1p5_mp20p0_it0p9_cg21_mix_periodic_file3.mat,11,"(3,0)",3.000
3,md_cg_h10p0_ct1p5_mp20p0_it0p9_cg21_mix_periodic_file3.mat,12,"(3,0)",3.000
3,md_cg_h10p0_ct1p5_mp20p0_it0p9_cg21_mix_periodic_file3.mat,13,"(3,0)",3.000
3,md_cg_h10p0_ct1p5_mp20p0_it0p9_cg21_mix_periodic_file3.mat,14,"(3,0)",3.000
3,md_cg_h10p0_ct1p5_mp20p0_it0p9_cg21_mix_periodic_file3.mat,15,"(3,0)",3.000
3,md_cg_h10p0_ct1p5_mp20p0_it0p9_cg21_mix_periodic_file3.mat,16,"(3,0)",3.000
3,md_cg_h10p0_ct1p5_mp20p0_it0p9_cg21_mix_periodic_file3.mat,17,"(3,0)",3.000
3,md_cg_h10p0_ct1p5_mp20p0_it0p9_cg21_mix_periodic_file3.mat,18,"(3,0)",3.000
3,md_cg_h10p0_ct1p5_mp20p0_it0p9_cg21_mix_periodic_file3.mat,19,"(3,0)",3.000
3,md_cg_h10p0_ct1p5_mp20p0_it0p9_cg21_mix_periodic_file3.mat,20,"(3,0)",3.000
3,md_cg_h10p0_ct1p5_mp20p0_it0p9_cg21_mix_periodic_file3.mat,21,"(3,0)",3.000
3,md_cg_h10p0_ct1p5_mp20p0_it0p9_cg21_mix_periodic_file3.mat,22,"(3,0)",3.000
3,md_cg_h10p0_ct1p5_mp20p0_it0p9_cg21_mix_periodic_file3.mat,23,"(3,0)",3.000
3,md_cg_h10p0_ct1p5_mp20p0_it0p9_cg21_mix_periodic_file3.mat,24,"(3,0)",3.000
3,md_cg_h10p0_ct1p5_mp20p0_it0p9_cg21_mix_periodic_file3.mat,25,"(3,0)",3.000
3,md_cg_h10p0_ct1p5_mp20p0_it0p9_cg21_mix_periodic_file3.mat,26,"(3,0)",3.000
4,md_cg_h10p0_ct1p5_mp20p0_it0p9_cg21_mix_periodic_file4.mat,0,"(4,0)",4.000
4,md_cg_h10p0_ct1p5_mp20p0_it0p9_cg21_mix_periodic_file4.mat,1,"(4,0)",4.000
4,md_cg_h10p0_ct1p5_mp20p0_it0p9_cg21_mix_periodic_file4.mat,2,"(4,0)",4.000
4,md_cg_h10p0_ct1p5_mp20p0_it0p9_cg21_mix_periodic_file4.mat,3,"(4,0)",4.000
4,md_cg_h10p0_ct1p5_mp20p0_it0p9_cg21_mix_periodic_file4.mat,4,"(4,0)",4.000
4,md_cg_h10p0_ct1p5_mp20p0_it0p9_cg21_mix_periodic_file4.mat,5,"(4,0)",4.000
4,md_cg_h10p0_ct1p5_mp20p0_it0p9_cg21_mix_periodic_file4.mat,6,"(4,0)",4.000
4,md_cg_h10p0_ct1p5_mp20p0_it0p9_cg21_mix_periodic_file4.mat,7,"(4,0)",4.000
4,md_cg_h10p0_ct1p5_mp20p0_it0p9_cg21_mix_periodic_file4.mat,8,"(4,0)",4.000
4,md_cg_h10p0_ct1p5_mp20p0_it0p9_cg21_mix_periodic_file4.mat,9,"(4,0)",4.000
4,md_cg_h10p0_ct1p5_mp20p0_it0p9_cg21_mix_periodic_file4.mat,10,"(4,0)",4.000
4,md_cg_h10p0_ct1p5_mp20p0_it0p9_cg21_mix_periodic_file4.mat,11,"(4,0)",4.000
4,md_cg_h10p0_ct1p5_mp20p0_it0p9_cg21_mix_periodic_file4.mat,12,"(4,0)",4.000
4,md_cg_h10p0_ct1p5_mp20p0_it0p9_cg21_mix_periodic_file4.mat,13,"(4,0)",4.000
4,md_cg_h10p0_ct1p5_mp20p0_it0p9_cg21_mix_periodic_file4.mat,14,"(4,0)",4.000
4,md_cg_h10p0_ct1p5_mp20p0_it0p9_cg21_mix_periodic_file4.mat,15,"(4,0)",4.000
4,md_cg_h10p0_ct1p5_mp20p0_it0p9_cg21_mix_periodic_file4.mat,16,"(4,0)",4.000
4,md_cg_h10p0_ct1p5_mp20p0_it0p9_cg21_mix_periodic_file4.mat,17,"(4,0)",4.000
4,md_cg_h10p0_ct1p5_mp20p0_it0p9_cg21_mix_periodic_file4.mat,18,"(4,0)",4.000
4,md_cg_h10p0_ct1p5_mp20p0_it0p9_cg21_mix_periodic_file4.mat,19,"(4,0)",4.000
4,md_cg_h10p0_ct1p5_mp20p0_it0p9_cg21_mix_periodic_file4.mat,20,"(4,0)",4.000
4,md_cg_h10p0_ct1p5_mp20p0_it0p9_cg21_mix_periodic_file4.mat,21,"(4,0)",4.000
4,md_cg_h10p0_ct1p5_mp20p0_it0p9_cg21_mix_periodic_file4.mat,22,"(4,0)",4.000
4,md_cg_h10p0_ct1p5_mp20p0_it0p9_cg21_mix_periodic_file4.mat,23,"(4,0)",4.000
4,md_cg_h10p0_ct1p5_mp20p0_it0p9_cg21_mix_periodic_file4.mat,24,"(4,0)",4.000
4,md_cg_h10p0_ct1p5_mp20p0_it0p9_cg21_mix_periodic_file4.mat,25,"(4,0)",4.000
4,md_cg_h10p0_ct1p5_mp20p0_it0p9_cg21_mix_periodic_file4.mat,26,"(4,0)",4.000
5,md_cg_h10p0_ct1p5_mp20p0_it0p9_cg21_mix_periodic_file5.mat,0,"(5,0)",5.000
5,md_cg_h10p0_ct1p5_mp20p0_it0p9_cg21_mix_periodic_file5.mat,1,"(5,0)",5.000
5,md_cg_h10p0_ct1p5_mp20p0_it0p9_cg21_mix_periodic_file5.mat,2,"(5,0)",5.000
5,md_cg_h10p0_ct1p5_mp20p0_it0p9_cg21_mix_periodic_file5.mat,3,"(5,0)",5.000
5,md_cg_h10p0_ct1p5_mp20p0_it0p9_cg21_mix_periodic_file5.mat,4,"(5,0)",5.000
5,md_cg_h10p0_ct1p5_mp20p0_it0p9_cg21_mix_periodic_file5.mat,5,"(5,0)",5.000
5,md_cg_h10p0_ct1p5_mp20p0_it0p9_cg21_mix_periodic_file5.mat,6,"(5,0)",5.000
5,md_cg_h10p0_ct1p5_mp20p0_it0p9_cg21_mix_periodic_file5.mat,7,"(5,0)",5.000
5,md_cg_h10p0_ct1p5_mp20p0_it0p9_cg21_mix_periodic_file5.mat,8,"(5,0)",5.000
5,md_cg_h10p0_ct1p5_mp20p0_it0p9_cg21_mix_periodic_file5.mat,9,"(5,0)",5.000
5,md_cg_h10p0_ct1p5_mp20p0_it0p9_cg21_mix_periodic_file5.mat,10,"(5,0)",5.000
5,md_cg_h10p0_ct1p5_mp20p0_it0p9_cg21_mix_periodic_file5.mat,11,"(5,0)",5.000
5,md_cg_h10p0_ct1p5_mp20p0_it0p9_cg21_mix_periodic_file5.mat,12,"(5,0)",5.000
5,md_cg_h10p0_ct1p5_mp20p0_it0p9_cg21_mix_periodic_file5.mat,13,"(5,0)",5.000
5,md_cg_h10p0_ct1p5_mp20p0_it0p9_cg21_mix_periodic_file5.mat,14,"(5,0)",5.000
5,md_cg_h10p0_ct1p5_mp20p0_it0p9_cg21_mix_periodic_file5.mat,15,"(5,0)",5.000
5,md_cg_h10p0_ct1p5_mp20p0_it0p9_cg21_mix_periodic_file5.mat,16,"(5,0)",5.000
5,md_cg_h10p0_ct1p5_mp20p0_it0p9_cg21_mix_periodic_file5.mat,17,"(5,0)",5.000
5,md_cg_h10p0_ct1p5_mp20p0_it0p9_cg21_mix_periodic_file5.mat,18,"(5,0)",5.000
5,md_cg_h10p0_ct1p5_mp20p0_it0p9_cg21_mix_periodic_file5.mat,19,"(5,0)",5.000
5,md_cg_h10p0_ct1p5_mp20p0_it0p9_cg21_mix_periodic_file5.mat,20,"(5,0)",5.000
5,md_cg_h10p0_ct1p5_mp20p0_it0p9_cg21_mix_periodic_file5.mat,21,"(5,0)",5.000
5,md_cg_h10p0_ct1p5_mp20p0_it0p9_cg21_mix_periodic_file5.mat,22,"(5,0)",5.000
5,md_cg_h10p0_ct1p5_mp20p0_it0p9_cg21_mix_periodic_file5.mat,23,"(5,0)",5.000
5,md_cg_h10p0_ct1p5_mp20p0_it0p9_cg21_mix_periodic_file5.mat,24,"(5,0)",5.000
5,md_cg_h10p0_ct1p5_mp20p0_it0p9_cg21_mix_periodic_file5.mat,25,"(5,0)",5.000
5,md_cg_h10p0_ct1p5_mp20p0_it0p9_cg21_mix_periodic_file5.mat,26,"(5,0)",5.000
6,md_cg_h10p0_ct1p5_mp20p0_it0p9_cg21_mix_periodic_file6.mat,0,"(0,1)",1.000
6,md_cg_h10p0_ct1p5_mp20p0_it0p9_cg21_mix_periodic_file6.mat,1,"(0,1)",1.000
6,md_cg_h10p0_ct1p5_mp20p0_it0p9_cg21_mix_periodic_file6.mat,2,"(0,1)",1.000
6,md_cg_h10p0_ct1p5_mp20p0_it0p9_cg21_mix_periodic_file6.mat,3,"(0,1)",1.000
6,md_cg_h10p0_ct1p5_mp20p0_it0p9_cg21_mix_periodic_file6.mat,4,"(0,1)",1.000
6,md_cg_h10p0_ct1p5_mp20p0_it0p9_cg21_mix_periodic_file6.mat,5,"(0,1)",1.000
6,md_cg_h10p0_ct1p5_mp20p0_it0p9_cg21_mix_periodic_file6.mat,6,"(0,1)",1.000
6,md_cg_h10p0_ct1p5_mp20p0_it0p9_cg21_mix_periodic_file6.mat,7,"(0,1)",1.000
6,md_cg_h10p0_ct1p5_mp20p0_it0p9_cg21_mix_periodic_file6.mat,8,"(0,1)",1.000
6,md_cg_h10p0_ct1p5_mp20p0_it0p9_cg21_mix_periodic_file6.mat,9,"(0,1)",1.000
6,md_cg_h10p0_ct1p5_mp20p0_it0p9_cg21_mix_periodic_file6.mat,10,"(0,1)",1.000
6,md_cg_h10p0_ct1p5_mp20p0_it0p9_cg21_mix_periodic_file6.mat,11,"(0,1)",1.000
6,md_cg_h10p0_ct1p5_mp20p0_it0p9_cg21_mix_periodic_file6.mat,12,"(0,1)",1.000
6,md_cg_h10p0_ct1p5_mp20p0_it0p9_cg21_mix_periodic_file6.mat,13,"(0,1)",1.000
6,md_cg_h10p0_ct1p5_mp20p0_it0p9_cg21_mix_periodic_file6.mat,14,"(0,1)",1.000
6,md_cg_h10p0_ct1p5_mp20p0_it0p9_cg21_mix_periodic_file6.mat,15,"(0,1)",1.000
6,md_cg_h10p0_ct1p5_mp20p0_it0p9_cg21_mix_periodic_file6.mat,16,"(0,1)",1.000
6,md_cg_h10p0_ct1p5_mp20p0_it0p9_cg21_mix_periodic_file6.mat,17,"(0,1)",1.000
6,md_cg_h10p0_ct1p5_mp20p0_it0p9_cg21_mix_periodic_file6.mat,18,"(0,1)",1.000
6,md_cg_h10p0_ct1p5_mp20p0_it0p9_cg21_mix_periodic_file6.mat,19,"(0,1)",1.000
6,md_cg_h10p0_ct1p5_mp20p0_it0p9_cg21_mix_periodic_file6.mat,20,"(0,1)",1.000
6,md_cg_h10p0_ct1p5_mp20p0_it0p9_cg21_mix_periodic_file6.mat,21,"(0,1)",1.000
6,md_cg_h10p0_ct1p5_mp20p0_it0p9_cg21_mix_periodic_file6.mat,22,"(0,1)",1.000
6,md_cg_h10p0_ct1p5_mp20p0_it0p9_cg21_mix_periodic_file6.mat,23,"(0,1)",1.000
6,md_cg_h10p0_ct1p5_mp20p0_it0p9_cg21_mix_periodic_file6.mat,24,"(0,1)",1.000
6,md_cg_h10p0_ct1p5_mp20p0_it0p9_cg21_mix_periodic_file6.mat,25,"(0,1)",1.000
6,md_cg_h10p0_ct1p5_mp20p0_it0p9_cg21_mix_periodic_file6.mat,26,"(0,1)",1.000
6,md_cg_h10p0_ct1p5_mp20p0_it0p9_cg21_mix_periodic_file6.mat,27,"(0,1)",1.000
6,md_cg_h10p0_ct1p5_mp20p0_it0p9_cg21_mix_periodic_file6.mat,28,"(0,1)",1.000
6,md_cg_h10p0_ct1p5_mp20p0_it0p9_cg21_mix_periodic_file6.mat,29,"(0,1)",1.000
6,md_cg_h10p0_ct1p5_mp20p0_it0p9_cg21_mix_periodic_file6.mat,30,"(0,1)",1.000
6,md_cg_h10p0_ct1p5_mp20p0_it0p9_cg21_mix_periodic_file6.mat,31,"(0,1)",1.000
6,md_cg_h10p0_ct1p5_mp20p0_it0p9_cg21_mix_periodic_file6.mat,32,"(0,1)",1.000
6,md_cg_h10p0_ct1p5_mp20p0_it0p9_cg21_mix_periodic_file6.mat,33,"(0,1)",1.000
6,md_cg_h10p0_ct1p5_mp20p0_it0p9_cg21_mix_periodic_file6.mat,34,"(0,1)",1.000
6,md_cg_h10p0_ct1p5_mp20p0_it0p9_cg21_mix_periodic_file6.mat,35,"(0,1)",1.000
6,md_cg_h10p0_ct1p5_mp20p0_it0p9_cg21_mix_periodic_file6.mat,36,"(0,1)",1.000
6,md_cg_h10p0_ct1p5_mp20p0_it0p9_cg21_mix_periodic_file6.mat,37,"(0,1)",1.000
6,md_cg_h10p0_ct1p5_mp20p0_it0p9_cg21_mix_periodic_file6.mat,38,"(0,1)",1.000
6,md_cg_h10p0_ct1p5_mp20p0_it0p9_cg21_mix_periodic_file6.mat,39,"(0,1)",1.000
6,md_cg_h10p0_ct1p5_mp20p0_it0p9_cg21_mix_periodic_file6.mat,40,"(0,1)",1.000
6,md_cg_h10p0_ct1p5_mp20p0_it0p9_cg21_mix_periodic_file6.mat,41,"(0,1)",1.000
6,md_cg_h10p0_ct1p5_mp20p0_it0p9_cg21_mix_periodic_file6.mat,42,"(0,1)",1.000
6,md_cg_h10p0_ct1p5_mp20p0_it0p9_cg21_mix_periodic_file6.mat,43,"(0,1)",1.000
6,md_cg_h10p0_ct1p5_mp20p0_it0p9_cg21_mix_periodic_file6.mat,44,"(0,1)",1.000
6,md_cg_h10p0_ct1p5_mp20p0_it0p9_cg21_mix_periodic_file6.mat,45,"(0,1)",1.000
7,md_cg_h10p0_ct1p5_mp20p0_it0p9_cg21_mix_periodic_file7.mat,0,"(1,-1)",1.414
7,md_cg_h10p0_ct1p5_mp20p0_it0p9_cg21_mix_periodic_file7.mat,1,"(1,1)",1.414
7,md_cg_h10p0_ct1p5_mp20p0_it0p9_cg21_mix_periodic_file7.mat,2,"(1,1)",1.414
7,md_cg_h10p0_ct1p5_mp20p0_it0p9_cg21_mix_periodic_file7.mat,3,"(1,-1)",1.414
7,md_cg_h10p0_ct1p5_mp20p0_it0p9_cg21_mix_periodic_file7.mat,4,"(1,1)",1.414
7,md_cg_h10p0_ct1p5_mp20p0_it0p9_cg21_mix_periodic_file7.mat,5,"(1,1)",1.414
7,md_cg_h10p0_ct1p5_mp20p0_it0p9_cg21_mix_periodic_file7.mat,6,"(1,1)",1.414
7,md_cg_h10p0_ct1p5_mp20p0_it0p9_cg21_mix_periodic_file7.mat,7,"(1,1)",1.414
7,md_cg_h10p0_ct1p5_mp20p0_it0p9_cg21_mix_periodic_file7.mat,8,"(1,1)",1.414
7,md_cg_h10p0_ct1p5_mp20p0_it0p9_cg21_mix_periodic_file7.mat,9,"(1,-1)",1.414
7,md_cg_h10p0_ct1p5_mp20p0_it0p9_cg21_mix_periodic_file7.mat,10,"(1,1)",1.414
7,md_cg_h10p0_ct1p5_mp20p0_it0p9_cg21_mix_periodic_file7.mat,11,"(1,1)",1.414
7,md_cg_h10p0_ct1p5_mp20p0_it0p9_cg21_mix_periodic_file7.mat,12,"(1,1)",1.414
7,md_cg_h10p0_ct1p5_mp20p0_it0p9_cg21_mix_periodic_file7.mat,13,"(1,-1)",1.414
7,md_cg_h10p0_ct1p5_mp20p0_it0p9_cg21_mix_periodic_file7.mat,14,"(1,-1)",1.414
7,md_cg_h10p0_ct1p5_mp20p0_it0p9_cg21_mix_periodic_file7.mat,15,"(1,1)",1.414
7,md_cg_h10p0_ct1p5_mp20p0_it0p9_cg21_mix_periodic_file7.mat,16,"(1,1)",1.414
7,md_cg_h10p0_ct1p5_mp20p0_it0p9_cg21_mix_periodic_file7.mat,17,"(1,1)",1.414
7,md_cg_h10p0_ct1p5_mp20p0_it0p9_cg21_mix_periodic_file7.mat,18,"(1,1)",1.414
7,md_cg_h10p0_ct1p5_mp20p0_it0p9_cg21_mix_periodic_file7.mat,19,"(1,-1)",1.414
7,md_cg_h10p0_ct1p5_mp20p0_it0p9_cg21_mix_periodic_file7.mat,20,"(1,1)",1.414
7,md_cg_h10p0_ct1p5_mp20p0_it0p9_cg21_mix_periodic_file7.mat,21,"(1,1)",1.414
7,md_cg_h10p0_ct1p5_mp20p0_it0p9_cg21_mix_periodic_file7.mat,22,"(1,1)",1.414
7,md_cg_h10p0_ct1p5_mp20p0_it0p9_cg21_mix_periodic_file7.mat,23,"(1,1)",1.414
7,md_cg_h10p0_ct1p5_mp20p0_it0p9_cg21_mix_periodic_file7.mat,24,"(1,-1)",1.414
7,md_cg_h10p0_ct1p5_mp20p0_it0p9_cg21_mix_periodic_file7.mat,25,"(1,1)",1.414
7,md_cg_h10p0_ct1p5_mp20p0_it0p9_cg21_mix_periodic_file7.mat,26,"(1,1)",1.414
7,md_cg_h10p0_ct1p5_mp20p0_it0p9_cg21_mix_periodic_file7.mat,27,"(1,1)",1.414
8,md_cg_h10p0_ct1p5_mp20p0_it0p9_cg21_mix_periodic_file8.mat,0,"(2,1)",2.236
8,md_cg_h10p0_ct1p5_mp20p0_it0p9_cg21_mix_periodic_file8.mat,1,"(2,-1)",2.236
8,md_cg_h10p0_ct1p5_mp20p0_it0p9_cg21_mix_periodic_file8.mat,2,"(2,1)",2.236
8,md_cg_h10p0_ct1p5_mp20p0_it0p9_cg21_mix_periodic_file8.mat,3,"(2,1)",2.236
8,md_cg_h10p0_ct1p5_mp20p0_it0p9_cg21_mix_periodic_file8.mat,4,"(2,1)",2.236
8,md_cg_h10p0_ct1p5_mp20p0_it0p9_cg21_mix_periodic_file8.mat,5,"(2,1)",2.236
8,md_cg_h10p0_ct1p5_mp20p0_it0p9_cg21_mix_periodic_file8.mat,6,"(2,-1)",2.236
8,md_cg_h10p0_ct1p5_mp20p0_it0p9_cg21_mix_periodic_file8.mat,7,"(2,1)",2.236
8,md_cg_h10p0_ct1p5_mp20p0_it0p9_cg21_mix_periodic_file8.mat,8,"(2,-1)",2.236
8,md_cg_h10p0_ct1p5_mp20p0_it0p9_cg21_mix_periodic_file8.mat,9,"(2,1)",2.236
8,md_cg_h10p0_ct1p5_mp20p0_it0p9_cg21_mix_periodic_file8.mat,10,"(2,1)",2.236
8,md_cg_h10p0_ct1p5_mp20p0_it0p9_cg21_mix_periodic_file8.mat,11,"(2,-1)",2.236
8,md_cg_h10p0_ct1p5_mp20p0_it0p9_cg21_mix_periodic_file8.mat,12,"(2,-1)",2.236
8,md_cg_h10p0_ct1p5_mp20p0_it0p9_cg21_mix_periodic_file8.mat,13,"(2,1)",2.236
8,md_cg_h10p0_ct1p5_mp20p0_it0p9_cg21_mix_periodic_file8.mat,14,"(2,1)",2.236
8,md_cg_h10p0_ct1p5_mp20p0_it0p9_cg21_mix_periodic_file8.mat,15,"(2,1)",2.236
8,md_cg_h10p0_ct1p5_mp20p0_it0p9_cg21_mix_periodic_file8.mat,16,"(2,1)",2.236
8,md_cg_h10p0_ct1p5_mp20p0_it0p9_cg21_mix_periodic_file8.mat,17,"(2,1)",2.236
8,md_cg_h10p0_ct1p5_mp20p0_it0p9_cg21_mix_periodic_file8.mat,18,"(2,-1)",2.236
8,md_cg_h10p0_ct1p5_mp20p0_it0p9_cg21_mix_periodic_file8.mat,19,"(2,1)",2.236
8,md_cg_h10p0_ct1p5_mp20p0_it0p9_cg21_mix_periodic_file8.mat,20,"(2,-1)",2.236
8,md_cg_h10p0_ct1p5_mp20p0_it0p9_cg21_mix_periodic_file8.mat,21,"(2,1)",2.236
8,md_cg_h10p0_ct1p5_mp20p0_it0p9_cg21_mix_periodic_file8.mat,22,"(2,-1)",2.236
8,md_cg_h10p0_ct1p5_mp20p0_it0p9_cg21_mix_periodic_file8.mat,23,"(2,1)",2.236
8,md_cg_h10p0_ct1p5_mp20p0_it0p9_cg21_mix_periodic_file8.mat,24,"(2,-1)",2.236
8,md_cg_h10p0_ct1p5_mp20p0_it0p9_cg21_mix_periodic_file8.mat,25,"(2,1)",2.236
8,md_cg_h10p0_ct1p5_mp20p0_it0p9_cg21_mix_periodic_file8.mat,26,"(2,1)",2.236
8,md_cg_h10p0_ct1p5_mp20p0_it0p9_cg21_mix_periodic_file8.mat,27,"(2,1)",2.236
8,md_cg_h10p0_ct1p5_mp20p0_it0p9_cg21_mix_periodic_file8.mat,28,"(2,-1)",2.236
8,md_cg_h10p0_ct1p5_mp20p0_it0p9_cg21_mix_periodic_file8.mat,29,"(2,1)",2.236
8,md_cg_h10p0_ct1p5_mp20p0_it0p9_cg21_mix_periodic_file8.mat,30,"(2,1)",2.236
8,md_cg_h10p0_ct1p5_mp20p0_it0p9_cg21_mix_periodic_file8.mat,31,"(2,-1)",2.236
8,md_cg_h10p0_ct1p5_mp20p0_it0p9_cg21_mix_periodic_file8.mat,32,"(2,-1)",2.236
8,md_cg_h10p0_ct1p5_mp20p0_it0p9_cg21_mix_periodic_file8.mat,33,"(2,1)",2.236
9,md_cg_h10p0_ct1p5_mp20p0_it0p9_cg21_mix_periodic_file9.mat,0,"(3,1)",3.162
9,md_cg_h10p0_ct1p5_mp20p0_it0p9_cg21_mix_periodic_file9.mat,1,"(3,-1)",3.162
9,md_cg_h10p0_ct1p5_mp20p0_it0p9_cg21_mix_periodic_file9.mat,2,"(3,1)",3.162
9,md_cg_h10p0_ct1p5_mp20p0_it0p9_cg21_mix_periodic_file9.mat,3,"(3,1)",3.162
9,md_cg_h10p0_ct1p5_mp20p0_it0p9_cg21_mix_periodic_file9.mat,4,"(3,1)",3.162
9,md_cg_h10p0_ct1p5_mp20p0_it0p9_cg21_mix_periodic_file9.mat,5,"(3,1)",3.162
9,md_cg_h10p0_ct1p5_mp20p0_it0p9_cg21_mix_periodic_file9.mat,6,"(3,1)",3.162
9,md_cg_h10p0_ct1p5_mp20p0_it0p9_cg21_mix_periodic_file9.mat,7,"(3,-1)",3.162
9,md_cg_h10p0_ct1p5_mp20p0_it0p9_cg21_mix_periodic_file9.mat,8,"(3,-1)",3.162
9,md_cg_h10p0_ct1p5_mp20p0_it0p9_cg21_mix_periodic_file9.mat,9,"(3,1)",3.162
9,md_cg_h10p0_ct1p5_mp20p0_it0p9_cg21_mix_periodic_file9.mat,10,"(3,1)",3.162
9,md_cg_h10p0_ct1p5_mp20p0_it0p9_cg21_mix_periodic_file9.mat,11,"(3,-1)",3.162
9,md_cg_h10p0_ct1p5_mp20p0_it0p9_cg21_mix_periodic_file9.mat,12,"(3,1)",3.162
9,md_cg_h10p0_ct1p5_mp20p0_it0p9_cg21_mix_periodic_file9.mat,13,"(3,-1)",3.162
9,md_cg_h10p0_ct1p5_mp20p0_it0p9_cg21_mix_periodic_file9.mat,14,"(3,1)",3.162
9,md_cg_h10p0_ct1p5_mp20p0_it0p9_cg21_mix_periodic_file9.mat,15,"(3,1)",3.162
9,md_cg_h10p0_ct1p5_mp20p0_it0p9_cg21_mix_periodic_file9.mat,16,"(3,-1)",3.162
9,md_cg_h10p0_ct1p5_mp20p0_it0p9_cg21_mix_periodic_file9.mat,17,"(3,1)",3.162
9,md_cg_h10p0_ct1p5_mp20p0_it0p9_cg21_mix_periodic_file9.mat,18,"(3,1)",3.162
9,md_cg_h10p0_ct1p5_mp20p0_it0p9_cg21_mix_periodic_file9.mat,19,"(3,-1)",3.162
9,md_cg_h10p0_ct1p5_mp20p0_it0p9_cg21_mix_periodic_file9.mat,20,"(3,-1)",3.162
9,md_cg_h10p0_ct1p5_mp20p0_it0p9_cg21_mix_periodic_file9.mat,21,"(3,1)",3.162
9,md_cg_h10p0_ct1p5_mp20p0_it0p9_cg21_mix_periodic_file9.mat,22,"(3,1)",3.162
9,md_cg_h10p0_ct1p5_mp20p0_it0p9_cg21_mix_periodic_file9.mat,23,"(3,1)",3.162
9,md_cg_h10p0_ct1p5_mp20p0_it0p9_cg21_mix_periodic_file9.mat,24,"(3,-1)",3.162
9,md_cg_h10p0_ct1p5_mp20p0_it0p9_cg21_mix_periodic_file9.mat,25,"(3,1)",3.162
9,md_cg_h10p0_ct1p5_mp20p0_it0p9_cg21_mix_periodic_file9.mat,26,"(3,1)",3.162
9,md_cg_h10p0_ct1p5_mp20p0_it0p9_cg21_mix_periodic_file9.mat,27,"(3,1)",3.162
9,md_cg_h10p0_ct1p5_mp20p0_it0p9_cg21_mix_periodic_file9.mat,28,"(3,1)",3.162
9,md_cg_h10p0_ct1p5_mp20p0_it0p9_cg21_mix_periodic_file9.mat,29,"(3,-1)",3.162
9,md_cg_h10p0_ct1p5_mp20p0_it0p9_cg21_mix_periodic_file9.mat,30,"(3,1)",3.162
10,md_cg_h10p0_ct1p5_mp20p0_it0p9_cg21_mix_periodic_file10.mat,0,"(4,1)",4.123
10,md_cg_h10p0_ct1p5_mp20p0_it0p9_cg21_mix_periodic_file10.mat,1,"(4,1)",4.123
10,md_cg_h10p0_ct1p5_mp20p0_it0p9_cg21_mix_periodic_file10.mat,2,"(4,1)",4.123
10,md_cg_h10p0_ct1p5_mp20p0_it0p9_cg21_mix_periodic_file10.mat,3,"(4,-1)",4.123
10,md_cg_h10p0_ct1p5_mp20p0_it0p9_cg21_mix_periodic_file10.mat,4,"(4,-1)",4.123
10,md_cg_h10p0_ct1p5_mp20p0_it0p9_cg21_mix_periodic_file10.mat,5,"(4,-1)",4.123
10,md_cg_h10p0_ct1p5_mp20p0_it0p9_cg21_mix_periodic_file10.mat,6,"(4,-1)",4.123
10,md_cg_h10p0_ct1p5_mp20p0_it0p9_cg21_mix_periodic_file10.mat,7,"(4,1)",4.123
10,md_cg_h10p0_ct1p5_mp20p0_it0p9_cg21_mix_periodic_file10.mat,8,"(4,-1)",4.123
10,md_cg_h10p0_ct1p5_mp20p0_it0p9_cg21_mix_periodic_file10.mat,9,"(4,1)",4.123
10,md_cg_h10p0_ct1p5_mp20p0_it0p9_cg21_mix_periodic_file10.mat,10,"(4,1)",4.123
10,md_cg_h10p0_ct1p5_mp20p0_it0p9_cg21_mix_periodic_file10.mat,11,"(4,1)",4.123
10,md_cg_h10p0_ct1p5_mp20p0_it0p9_cg21_mix_periodic_file10.mat,12,"(4,1)",4.123
10,md_cg_h10p0_ct1p5_mp20p0_it0p9_cg21_mix_periodic_file10.mat,13,"(4,-1)",4.123
10,md_cg_h10p0_ct1p5_mp20p0_it0p9_cg21_mix_periodic_file10.mat,14,"(4,1)",4.123
10,md_cg_h10p0_ct1p5_mp20p0_it0p9_cg21_mix_periodic_file10.mat,15,"(4,-1)",4.123
10,md_cg_h10p0_ct1p5_mp20p0_it0p9_cg21_mix_periodic_file10.mat,16,"(4,1)",4.123
10,md_cg_h10p0_ct1p5_mp20p0_it0p9_cg21_mix_periodic_file10.mat,17,"(4,1)",4.123
10,md_cg_h10p0_ct1p5_mp20p0_it0p9_cg21_mix_periodic_file10.mat,18,"(4,1)",4.123
10,md_cg_h10p0_ct1p5_mp20p0_it0p9_cg21_mix_periodic_file10.mat,19,"(4,1)",4.123
10,md_cg_h10p0_ct1p5_mp20p0_it0p9_cg21_mix_periodic_file10.mat,20,"(4,1)",4.123
10,md_cg_h10p0_ct1p5_mp20p0_it0p9_cg21_mix_periodic_file10.mat,21,"(4,-1)",4.123
10,md_cg_h10p0_ct1p5_mp20p0_it0p9_cg21_mix_periodic_file10.mat,22,"(4,-1)",4.123
10,md_cg_h10p0_ct1p5_mp20p0_it0p9_cg21_mix_periodic_file10.mat,23,"(4,1)",4.123
10,md_cg_h10p0_ct1p5_mp20p0_it0p9_cg21_mix_periodic_file10.mat,24,"(4,1)",4.123
10,md_cg_h10p0_ct1p5_mp20p0_it0p9_cg21_mix_periodic_file10.mat,25,"(4,1)",4.123
10,md_cg_h10p0_ct1p5_mp20p0_it0p9_cg21_mix_periodic_file10.mat,26,"(4,1)",4.123
10,md_cg_h10p0_ct1p5_mp20p0_it0p9_cg21_mix_periodic_file10.mat,27,"(4,1)",4.123
10,md_cg_h10p0_ct1p5_mp20p0_it0p9_cg21_mix_periodic_file10.mat,28,"(4,1)",4.123
11,md_cg_h10p0_ct1p5_mp20p0_it0p9_cg21_mix_periodic_file11.mat,0,"(5,-1)",5.099
11,md_cg_h10p0_ct1p5_mp20p0_it0p9_cg21_mix_periodic_file11.mat,1,"(5,1)",5.099
11,md_cg_h10p0_ct1p5_mp20p0_it0p9_cg21_mix_periodic_file11.mat,2,"(5,1)",5.099
11,md_cg_h10p0_ct1p5_mp20p0_it0p9_cg21_mix_periodic_file11.mat,3,"(5,1)",5.099
11,md_cg_h10p0_ct1p5_mp20p0_it0p9_cg21_mix_periodic_file11.mat,4,"(5,-1)",5.099
11,md_cg_h10p0_ct1p5_mp20p0_it0p9_cg21_mix_periodic_file11.mat,5,"(5,1)",5.099
11,md_cg_h10p0_ct1p5_mp20p0_it0p9_cg21_mix_periodic_file11.mat,6,"(5,1)",5.099
11,md_cg_h10p0_ct1p5_mp20p0_it0p9_cg21_mix_periodic_file11.mat,7,"(5,1)",5.099
11,md_cg_h10p0_ct1p5_mp20p0_it0p9_cg21_mix_periodic_file11.mat,8,"(5,-1)",5.099
11,md_cg_h10p0_ct1p5_mp20p0_it0p9_cg21_mix_periodic_file11.mat,9,"(5,-1)",5.099
11,md_cg_h10p0_ct1p5_mp20p0_it0p9_cg21_mix_periodic_file11.mat,10,"(5,-1)",5.099
11,md_cg_h10p0_ct1p5_mp20p0_it0p9_cg21_mix_periodic_file11.mat,11,"(5,-1)",5.099
11,md_cg_h10p0_ct1p5_mp20p0_it0p9_cg21_mix_periodic_file11.mat,12,"(5,1)",5.099
11,md_cg_h10p0_ct1p5_mp20p0_it0p9_cg21_mix_periodic_file11.mat,13,"(5,1)",5.099
11,md_cg_h10p0_ct1p5_mp20p0_it0p9_cg21_mix_periodic_file11.mat,14,"(5,-1)",5.099
11,md_cg_h10p0_ct1p5_mp20p0_it0p9_cg21_mix_periodic_file11.mat,15,"(5,1)",5.099
11,md_cg_h10p0_ct1p5_mp20p0_it0p9_cg21_mix_periodic_file11.mat,16,"(5,1)",5.099
11,md_cg_h10p0_ct1p5_mp20p0_it0p9_cg21_mix_periodic_file11.mat,17,"(5,1)",5.099
11,md_cg_h10p0_ct1p5_mp20p0_it0p9_cg21_mix_periodic_file11.mat,18,"(5,-1)",5.099
11,md_cg_h10p0_ct1p5_mp20p0_it0p9_cg21_mix_periodic_file11.mat,19,"(5,1)",5.099
11,md_cg_h10p0_ct1p5_mp20p0_it0p9_cg21_mix_periodic_file11.mat,20,"(5,1)",5.099
11,md_cg_h10p0_ct1p5_mp20p0_it0p9_cg21_mix_periodic_file11.mat,21,"(5,-1)",5.099
11,md_cg_h10p0_ct1p5_mp20p0_it0p9_cg21_mix_periodic_file11.mat,22,"(5,1)",5.099
11,md_cg_h10p0_ct1p5_mp20p0_it0p9_cg21_mix_periodic_file11.mat,23,"(5,1)",5.099
11,md_cg_h10p0_ct1p5_mp20p0_it0p9_cg21_mix_periodic_file11.mat,24,"(5,1)",5.099
11,md_cg_h10p0_ct1p5_mp20p0_it0p9_cg21_mix_periodic_file11.mat,25,"(5,1)",5.099
11,md_cg_h10p0_ct1p5_mp20p0_it0p9_cg21_mix_periodic_file11.mat,26,"(5,1)",5.099
11,md_cg_h10p0_ct1p5_mp20p0_it0p9_cg21_mix_periodic_file11.mat,27,"(5,1)",5.099
12,md_cg_h10p0_ct1p5_mp20p0_it0p9_cg21_mix_periodic_file12.mat,0,"(0,2)",2.000
12,md_cg_h10p0_ct1p5_mp20p0_it0p9_cg21_mix_periodic_file12.mat,1,"(0,2)",2.000
12,md_cg_h10p0_ct1p5_mp20p0_it0p9_cg21_mix_periodic_file12.mat,2,"(0,2)",2.000
12,md_cg_h10p0_ct1p5_mp20p0_it0p9_cg21_mix_periodic_file12.mat,3,"(0,2)",2.000
12,md_cg_h10p0_ct1p5_mp20p0_it0p9_cg21_mix_periodic_file12.mat,4,"(0,2)",2.000
12,md_cg_h10p0_ct1p5_mp20p0_it0p9_cg21_mix_periodic_file12.mat,5,"(0,2)",2.000
12,md_cg_h10p0_ct1p5_mp20p0_it0p9_cg21_mix_periodic_file12.mat,6,"(0,2)",2.000
12,md_cg_h10p0_ct1p5_mp20p0_it0p9_cg21_mix_periodic_file12.mat,7,"(0,2)",2.000
12,md_cg_h10p0_ct1p5_mp20p0_it0p9_cg21_mix_periodic_file12.mat,8,"(0,2)",2.000
12,md_cg_h10p0_ct1p5_mp20p0_it0p9_cg21_mix_periodic_file12.mat,9,"(0,2)",2.000
12,md_cg_h10p0_ct1p5_mp20p0_it0p9_cg21_mix_periodic_file12.mat,10,"(0,2)",2.000
12,md_cg_h10p0_ct1p5_mp20p0_it0p9_cg21_mix_periodic_file12.mat,11,"(0,2)",2.000
12,md_cg_h10p0_ct1p5_mp20p0_it0p9_cg21_mix_periodic_file12.mat,12,"(0,2)",2.000
12,md_cg_h10p0_ct1p5_mp20p0_it0p9_cg21_mix_periodic_file12.mat,13,"(0,2)",2.000
12,md_cg_h10p0_ct1p5_mp20p0_it0p9_cg21_mix_periodic_file12.mat,14,"(0,2)",2.000
12,md_cg_h10p0_ct1p5_mp20p0_it0p9_cg21_mix_periodic_file12.mat,15,"(0,2)",2.000
12,md_cg_h10p0_ct1p5_mp20p0_it0p9_cg21_mix_periodic_file12.mat,16,"(0,2)",2.000
12,md_cg_h10p0_ct1p5_mp20p0_it0p9_cg21_mix_periodic_file12.mat,17,"(0,2)",2.000
12,md_cg_h10p0_ct1p5_mp20p0_it0p9_cg21_mix_periodic_file12.mat,18,"(0,2)",2.000
12,md_cg_h10p0_ct1p5_mp20p0_it0p9_cg21_mix_periodic_file12.mat,19,"(0,2)",2.000
12,md_cg_h10p0_ct1p5_mp20p0_it0p9_cg21_mix_periodic_file12.mat,20,"(0,2)",2.000
12,md_cg_h10p0_ct1p5_mp20p0_it0p9_cg21_mix_periodic_file12.mat,21,"(0,2)",2.000
12,md_cg_h10p0_ct1p5_mp20p0_it0p9_cg21_mix_periodic_file12.mat,22,"(0,2)",2.000
12,md_cg_h10p0_ct1p5_mp20p0_it0p9_cg21_mix_periodic_file12.mat,23,"(0,2)",2.000
12,md_cg_h10p0_ct1p5_mp20p0_it0p9_cg21_mix_periodic_file12.mat,24,"(0,2)",2.000
12,md_cg_h10p0_ct1p5_mp20p0_it0p9_cg21_mix_periodic_file12.mat,25,"(0,2)",2.000
12,md_cg_h10p0_ct1p5_mp20p0_it0p9_cg21_mix_periodic_file12.mat,26,"(0,2)",2.000
12,md_cg_h10p0_ct1p5_mp20p0_it0p9_cg21_mix_periodic_file12.mat,27,"(0,2)",2.000
12,md_cg_h10p0_ct1p5_mp20p0_it0p9_cg21_mix_periodic_file12.mat,28,"(0,2)",2.000
12,md_cg_h10p0_ct1p5_mp20p0_it0p9_cg21_mix_periodic_file12.mat,29,"(0,2)",2.000
12,md_cg_h10p0_ct1p5_mp20p0_it0p9_cg21_mix_periodic_file12.mat,30,"(0,2)",2.000
12,md_cg_h10p0_ct1p5_mp20p0_it0p9_cg21_mix_periodic_file12.mat,31,"(0,2)",2.000
12,md_cg_h10p0_ct1p5_mp20p0_it0p9_cg21_mix_periodic_file12.mat,32,"(0,2)",2.000
12,md_cg_h10p0_ct1p5_mp20p0_it0p9_cg21_mix_periodic_file12.mat,33,"(0,2)",2.000
12,md_cg_h10p0_ct1p5_mp20p0_it0p9_cg21_mix_periodic_file12.mat,34,"(0,2)",2.000
12,md_cg_h10p0_ct1p5_mp20p0_it0p9_cg21_mix_periodic_file12.mat,35,"(0,2)",2.000
12,md_cg_h10p0_ct1p5_mp20p0_it0p9_cg21_mix_periodic_file12.mat,36,"(0,2)",2.000
12,md_cg_h10p0_ct1p5_mp20p0_it0p9_cg21_mix_periodic_file12.mat,37,"(0,2)",2.000
12,md_cg_h10p0_ct1p5_mp20p0_it0p9_cg21_mix_periodic_file12.mat,38,"(0,2)",2.000
12,md_cg_h10p0_ct1p5_mp20p0_it0p9_cg21_mix_periodic_file12.mat,39,"(0,2)",2.000
12,md_cg_h10p0_ct1p5_mp20p0_it0p9_cg21_mix_periodic_file12.mat,40,"(0,2)",2.000
12,md_cg_h10p0_ct1p5_mp20p0_it0p9_cg21_mix_periodic_file12.mat,41,"(0,2)",2.000
12,md_cg_h10p0_ct1p5_mp20p0_it0p9_cg21_mix_periodic_file12.mat,42,"(0,2)",2.000
12,md_cg_h10p0_ct1p5_mp20p0_it0p9_cg21_mix_periodic_file12.mat,43,"(0,2)",2.000
12,md_cg_h10p0_ct1p5_mp20p0_it0p9_cg21_mix_periodic_file12.mat,44,"(0,2)",2.000
13,md_cg_h10p0_ct1p5_mp20p0_it0p9_cg21_mix_periodic_file13.mat,0,"(1,2)",2.236
13,md_cg_h10p0_ct1p5_mp20p0_it0p9_cg21_mix_periodic_file13.mat,1,"(1,-2)",2.236
13,md_cg_h10p0_ct1p5_mp20p0_it0p9_cg21_mix_periodic_file13.mat,2,"(1,-2)",2.236
13,md_cg_h10p0_ct1p5_mp20p0_it0p9_cg21_mix_periodic_file13.mat,3,"(1,-2)",2.236
13,md_cg_h10p0_ct1p5_mp20p0_it0p9_cg21_mix_periodic_file13.mat,4,"(1,2)",2.236
13,md_cg_h10p0_ct1p5_mp20p0_it0p9_cg21_mix_periodic_file13.mat,5,"(1,-2)",2.236
13,md_cg_h10p0_ct1p5_mp20p0_it0p9_cg21_mix_periodic_file13.mat,6,"(1,2)",2.236
13,md_cg_h10p0_ct1p5_mp20p0_it0p9_cg21_mix_periodic_file13.mat,7,"(1,-2)",2.236
13,md_cg_h10p0_ct1p5_mp20p0_it0p9_cg21_mix_periodic_file13.mat,8,"(1,-2)",2.236
13,md_cg_h10p0_ct1p5_mp20p0_it0p9_cg21_mix_periodic_file13.mat,9,"(1,-2)",2.236
13,md_cg_h10p0_ct1p5_mp20p0_it0p9_cg21_mix_periodic_file13.mat,10,"(1,-2)",2.236
13,md_cg_h10p0_ct1p5_mp20p0_it0p9_cg21_mix_periodic_file13.mat,11,"(1,2)",2.236
13,md_cg_h10p0_ct1p5_mp20p0_it0p9_cg21_mix_periodic_file13.mat,12,"(1,-2)",2.236
13,md_cg_h10p0_ct1p5_mp20p0_it0p9_cg21_mix_periodic_file13.mat,13,"(1,-2)",2.236
13,md_cg_h10p0_ct1p5_mp20p0_it0p9_cg21_mix_periodic_file13.mat,14,"(1,-2)",2.236
13,md_cg_h10p0_ct1p5_mp20p0_it0p9_cg21_mix_periodic_file13.mat,15,"(1,-2)",2.236
13,md_cg_h10p0_ct1p5_mp20p0_it0p9_cg21_mix_periodic_file13.mat,16,"(1,2)",2.236
13,md_cg_h10p0_ct1p5_mp20p0_it0p9_cg21_mix_periodic_file13.mat,17,"(1,2)",2.236
13,md_cg_h10p0_ct1p5_mp20p0_it0p9_cg21_mix_periodic_file13.mat,18,"(1,2)",2.236
13,md_cg_h10p0_ct1p5_mp20p0_it0p9_cg21_mix_periodic_file13.mat,19,"(1,-2)",2.236
13,md_cg_h10p0_ct1p5_mp20p0_it0p9_cg21_mix_periodic_file13.mat,20,"(1,2)",2.236
13,md_cg_h10p0_ct1p5_mp20p0_it0p9_cg21_mix_periodic_file13.mat,21,"(1,-2)",2.236
13,md_cg_h10p0_ct1p5_mp20p0_it0p9_cg21_mix_periodic_file13.mat,22,"(1,2)",2.236
13,md_cg_h10p0_ct1p5_mp20p0_it0p9_cg21_mix_periodic_file13.mat,23,"(1,2)",2.236
13,md_cg_h10p0_ct1p5_mp20p0_it0p9_cg21_mix_periodic_file13.mat,24,"(1,2)",2.236
13,md_cg_h10p0_ct1p5_mp20p0_it0p9_cg21_mix_periodic_file13.mat,25,"(1,2)",2.236
13,md_cg_h10p0_ct1p5_mp20p0_it0p9_cg21_mix_periodic_file13.mat,26,"(1,2)",2.236
13,md_cg_h10p0_ct1p5_mp20p0_it0p9_cg21_mix_periodic_file13.mat,27,"(1,2)",2.236
13,md_cg_h10p0_ct1p5_mp20p0_it0p9_cg21_mix_periodic_file13.mat,28,"(1,-2)",2.236
13,md_cg_h10p0_ct1p5_mp20p0_it0p9_cg21_mix_periodic_file13.mat,29,"(1,2)",2.236
13,md_cg_h10p0_ct1p5_mp20p0_it0p9_cg21_mix_periodic_file13.mat,30,"(1,-2)",2.236
14,md_cg_h10p0_ct1p5_mp20p0_it0p9_cg21_mix_periodic_file14.mat,0,"(2,2)",2.828
14,md_cg_h10p0_ct1p5_mp20p0_it0p9_cg21_mix_periodic_file14.mat,1,"(2,2)",2.828
14,md_cg_h10p0_ct1p5_mp20p0_it0p9_cg21_mix_periodic_file14.mat,2,"(2,2)",2.828
14,md_cg_h10p0_ct1p5_mp20p0_it0p9_cg21_mix_periodic_file14.mat,3,"(2,2)",2.828
14,md_cg_h10p0_ct1p5_mp20p0_it0p9_cg21_mix_periodic_file14.mat,4,"(2,2)",2.828
14,md_cg_h10p0_ct1p5_mp20p0_it0p9_cg21_mix_periodic_file14.mat,5,"(2,2)",2.828
14,md_cg_h10p0_ct1p5_mp20p0_it0p9_cg21_mix_periodic_file14.mat,6,"(2,2)",2.828
14,md_cg_h10p0_ct1p5_mp20p0_it0p9_cg21_mix_periodic_file14.mat,7,"(2,2)",2.828
14,md_cg_h10p0_ct1p5_mp20p0_it0p9_cg21_mix_periodic_file14.mat,8,"(2,2)",2.828
14,md_cg_h10p0_ct1p5_mp20p0_it0p9_cg21_mix_periodic_file14.mat,9,"(2,-2)",2.828
14,md_cg_h10p0_ct1p5_mp20p0_it0p9_cg21_mix_periodic_file14.mat,10,"(2,2)",2.828
14,md_cg_h10p0_ct1p5_mp20p0_it0p9_cg21_mix_periodic_file14.mat,11,"(2,2)",2.828
14,md_cg_h10p0_ct1p5_mp20p0_it0p9_cg21_mix_periodic_file14.mat,12,"(2,2)",2.828
14,md_cg_h10p0_ct1p5_mp20p0_it0p9_cg21_mix_periodic_file14.mat,13,"(2,2)",2.828
14,md_cg_h10p0_ct1p5_mp20p0_it0p9_cg21_mix_periodic_file14.mat,14,"(2,-2)",2.828
14,md_cg_h10p0_ct1p5_mp20p0_it0p9_cg21_mix_periodic_file14.mat,15,"(2,-2)",2.828
14,md_cg_h10p0_ct1p5_mp20p0_it0p9_cg21_mix_periodic_file14.mat,16,"(2,2)",2.828
14,md_cg_h10p0_ct1p5_mp20p0_it0p9_cg21_mix_periodic_file14.mat,17,"(2,2)",2.828
14,md_cg_h10p0_ct1p5_mp20p0_it0p9_cg21_mix_periodic_file14.mat,18,"(2,2)",2.828
14,md_cg_h10p0_ct1p5_mp20p0_it0p9_cg21_mix_periodic_file14.mat,19,"(2,-2)",2.828
14,md_cg_h10p0_ct1p5_mp20p0_it0p9_cg21_mix_periodic_file14.mat,20,"(2,2)",2.828
14,md_cg_h10p0_ct1p5_mp20p0_it0p9_cg21_mix_periodic_file14.mat,21,"(2,2)",2.828
14,md_cg_h10p0_ct1p5_mp20p0_it0p9_cg21_mix_periodic_file14.mat,22,"(2,2)",2.828
14,md_cg_h10p0_ct1p5_mp20p0_it0p9_cg21_mix_periodic_file14.mat,23,"(2,-2)",2.828
14,md_cg_h10p0_ct1p5_mp20p0_it0p9_cg21_mix_periodic_file14.mat,24,"(2,-2)",2.828
14,md_cg_h10p0_ct1p5_mp20p0_it0p9_cg21_mix_periodic_file14.mat,25,"(2,2)",2.828
14,md_cg_h10p0_ct1p5_mp20p0_it0p9_cg21_mix_periodic_file14.mat,26,"(2,-2)",2.828
14,md_cg_h10p0_ct1p5_mp20p0_it0p9_cg21_mix_periodic_file14.mat,27,"(2,2)",2.828
15,md_cg_h10p0_ct1p5_mp20p0_it0p9_cg21_mix_periodic_file15.mat,0,"(3,2)",3.606
15,md_cg_h10p0_ct1p5_mp20p0_it0p9_cg21_mix_periodic_file15.mat,1,"(3,2)",3.606
15,md_cg_h10p0_ct1p5_mp20p0_it0p9_cg21_mix_periodic_file15.mat,2,"(3,2)",3.606
15,md_cg_h10p0_ct1p5_mp20p0_it0p9_cg21_mix_periodic_file15.mat,3,"(3,2)",3.606
15,md_cg_h10p0_ct1p5_mp20p0_it0p9_cg21_mix_periodic_file15.mat,4,"(3,2)",3.606
15,md_cg_h10p0_ct1p5_mp20p0_it0p9_cg21_mix_periodic_file15.mat,5,"(3,2)",3.606
15,md_cg_h10p0_ct1p5_mp20p0_it0p9_cg21_mix_periodic_file15.mat,6,"(3,-2)",3.606
15,md_cg_h10p0_ct1p5_mp20p0_it0p9_cg21_mix_periodic_file15.mat,7,"(3,-2)",3.606
15,md_cg_h10p0_ct1p5_mp20p0_it0p9_cg21_mix_periodic_file15.mat,8,"(3,2)",3.606
15,md_cg_h10p0_ct1p5_mp20p0_it0p9_cg21_mix_periodic_file15.mat,9,"(3,2)",3.606
15,md_cg_h10p0_ct1p5_mp20p0_it0p9_cg21_mix_periodic_file15.mat,10,"(3,-2)",3.606
15,md_cg_h10p0_ct1p5_mp20p0_it0p9_cg21_mix_periodic_file15.mat,11,"(3,2)",3.606
15,md_cg_h10p0_ct1p5_mp20p0_it0p9_cg21_mix_periodic_file15.mat,12,"(3,2)",3.606
15,md_cg_h10p0_ct1p5_mp20p0_it0p9_cg21_mix_periodic_file15.mat,13,"(3,2)",3.606
15,md_cg_h10p0_ct1p5_mp20p0_it0p9_cg21_mix_periodic_file15.mat,14,"(3,-2)",3.606
15,md_cg_h10p0_ct1p5_mp20p0_it0p9_cg21_mix_periodic_file15.mat,15,"(3,2)",3.606
15,md_cg_h10p0_ct1p5_mp20p0_it0p9_cg21_mix_periodic_file15.mat,16,"(3,-2)",3.606
15,md_cg_h10p0_ct1p5_mp20p0_it0p9_cg21_mix_periodic_file15.mat,17,"(3,2)",3.606
15,md_cg_h10p0_ct1p5_mp20p0_it0p9_cg21_mix_periodic_file15.mat,18,"(3,-2)",3.606
15,md_cg_h10p0_ct1p5_mp20p0_it0p9_cg21_mix_periodic_file15.mat,19,"(3,2)",3.606
15,md_cg_h10p0_ct1p5_mp20p0_it0p9_cg21_mix_periodic_file15.mat,20,"(3,2)",3.606
15,md_cg_h10p0_ct1p5_mp20p0_it0p9_cg21_mix_periodic_file15.mat,21,"(3,-2)",3.606
15,md_cg_h10p0_ct1p5_mp20p0_it0p9_cg21_mix_periodic_file15.mat,22,"(3,2)",3.606
15,md_cg_h10p0_ct1p5_mp20p0_it0p9_cg21_mix_periodic_file15.mat,23,"(3,2)",3.606
15,md_cg_h10p0_ct1p5_mp20p0_it0p9_cg21_mix_periodic_file15.mat,24,"(3,2)",3.606
15,md_cg_h10p0_ct1p5_mp20p0_it0p9_cg21_mix_periodic_file15.mat,25,"(3,-2)",3.606
15,md_cg_h10p0_ct1p5_mp20p0_it0p9_cg21_mix_periodic_file15.mat,26,"(3,2)",3.606
15,md_cg_h10p0_ct1p5_mp20p0_it0p9_cg21_mix_periodic_file15.mat,27,"(3,2)",3.606
15,md_cg_h10p0_ct1p5_mp20p0_it0p9_cg21_mix_periodic_file15.mat,28,"(3,2)",3.606
15,md_cg_h10p0_ct1p5_mp20p0_it0p9_cg21_mix_periodic_file15.mat,29,"(3,2)",3.606
15,md_cg_h10p0_ct1p5_mp20p0_it0p9_cg21_mix_periodic_file15.mat,30,"(3,2)",3.606
16,md_cg_h10p0_ct1p5_mp20p0_it0p9_cg21_mix_periodic_file16.mat,0,"(4,2)",4.472
16,md_cg_h10p0_ct1p5_mp20p0_it0p9_cg21_mix_periodic_file16.mat,1,"(4,2)",4.472
16,md_cg_h10p0_ct1p5_mp20p0_it0p9_cg21_mix_periodic_file16.mat,2,"(4,2)",4.472
16,md_cg_h10p0_ct1p5_mp20p0_it0p9_cg21_mix_periodic_file16.mat,3,"(4,2)",4.472
16,md_cg_h10p0_ct1p5_mp20p0_it0p9_cg21_mix_periodic_file16.mat,4,"(4,2)",4.472
16,md_cg_h10p0_ct1p5_mp20p0_it0p9_cg21_mix_periodic_file16.mat,5,"(4,-2)",4.472
16,md_cg_h10p0_ct1p5_mp20p0_it0p9_cg21_mix_periodic_file16.mat,6,"(4,-2)",4.472
16,md_cg_h10p0_ct1p5_mp20p0_it0p9_cg21_mix_periodic_file16.mat,7,"(4,2)",4.472
16,md_cg_h10p0_ct1p5_mp20p0_it0p9_cg21_mix_periodic_file16.mat,8,"(4,2)",4.472
16,md_cg_h10p0_ct1p5_mp20p0_it0p9_cg21_mix_periodic_file16.mat,9,"(4,2)",4.472
16,md_cg_h10p0_ct1p5_mp20p0_it0p9_cg21_mix_periodic_file16.mat,10,"(4,2)",4.472
16,md_cg_h10p0_ct1p5_mp20p0_it0p9_cg21_mix_periodic_file16.mat,11,"(4,-2)",4.472
16,md_cg_h10p0_ct1p5_mp20p0_it0p9_cg21_mix_periodic_file16.mat,12,"(4,-2)",4.472
16,md_cg_h10p0_ct1p5_mp20p0_it0p9_cg21_mix_periodic_file16.mat,13,"(4,2)",4.472
16,md_cg_h10p0_ct1p5_mp20p0_it0p9_cg21_mix_periodic_file16.mat,14,"(4,-2)",4.472
16,md_cg_h10p0_ct1p5_mp20p0_it0p9_cg21_mix_periodic_file16.mat,15,"(4,-2)",4.472
16,md_cg_h10p0_ct1p5_mp20p0_it0p9_cg21_mix_periodic_file16.mat,16,"(4,2)",4.472
16,md_cg_h10p0_ct1p5_mp20p0_it0p9_cg21_mix_periodic_file16.mat,17,"(4,-2)",4.472
16,md_cg_h10p0_ct1p5_mp20p0_it0p9_cg21_mix_periodic_file16.mat,18,"(4,-2)",4.472
16,md_cg_h10p0_ct1p5_mp20p0_it0p9_cg21_mix_periodic_file16.mat,19,"(4,-2)",4.472
16,md_cg_h10p0_ct1p5_mp20p0_it0p9_cg21_mix_periodic_file16.mat,20,"(4,2)",4.472
16,md_cg_h10p0_ct1p5_mp20p0_it0p9_cg21_mix_periodic_file16.mat,21,"(4,2)",4.472
16,md_cg_h10p0_ct1p5_mp20p0_it0p9_cg21_mix_periodic_file16.mat,22,"(4,2)",4.472
16,md_cg_h10p0_ct1p5_mp20p0_it0p9_cg21_mix_periodic_file16.mat,23,"(4,2)",4.472
16,md_cg_h10p0_ct1p5_mp20p0_it0p9_cg21_mix_periodic_file16.mat,24,"(4,2)",4.472
16,md_cg_h10p0_ct1p5_mp20p0_it0p9_cg21_mix_periodic_file16.mat,25,"(4,-2)",4.472
16,md_cg_h10p0_ct1p5_mp20p0_it0p9_cg21_mix_periodic_file16.mat,26,"(4,2)",4.472
16,md_cg_h10p0_ct1p5_mp20p0_it0p9_cg21_mix_periodic_file16.mat,27,"(4,2)",4.472
16,md_cg_h10p0_ct1p5_mp20p0_it0p9_cg21_mix_periodic_file16.mat,28,"(4,-2)",4.472
16,md_cg_h10p0_ct1p5_mp20p0_it0p9_cg21_mix_periodic_file16.mat,29,"(4,-2)",4.472
16,md_cg_h10p0_ct1p5_mp20p0_it0p9_cg21_mix_periodic_file16.mat,30,"(4,2)",4.472
16,md_cg_h10p0_ct1p5_mp20p0_it0p9_cg21_mix_periodic_file16.mat,31,"(4,2)",4.472
16,md_cg_h10p0_ct1p5_mp20p0_it0p9_cg21_mix_periodic_file16.mat,32,"(4,2)",4.472
16,md_cg_h10p0_ct1p5_mp20p0_it0p9_cg21_mix_periodic_file16.mat,33,"(4,2)",4.472
17,md_cg_h10p0_ct1p5_mp20p0_it0p9_cg21_mix_periodic_file17.mat,0,"(5,2)",5.385
17,md_cg_h10p0_ct1p5_mp20p0_it0p9_cg21_mix_periodic_file17.mat,1,"(5,2)",5.385
17,md_cg_h10p0_ct1p5_mp20p0_it0p9_cg21_mix_periodic_file17.mat,2,"(5,2)",5.385
17,md_cg_h10p0_ct1p5_mp20p0_it0p9_cg21_mix_periodic_file17.mat,3,"(5,2)",5.385
17,md_cg_h10p0_ct1p5_mp20p0_it0p9_cg21_mix_periodic_file17.mat,4,"(5,2)",5.385
17,md_cg_h10p0_ct1p5_mp20p0_it0p9_cg21_mix_periodic_file17.mat,5,"(5,-2)",5.385
17,md_cg_h10p0_ct1p5_mp20p0_it0p9_cg21_mix_periodic_file17.mat,6,"(5,2)",5.385
17,md_cg_h10p0_ct1p5_mp20p0_it0p9_cg21_mix_periodic_file17.mat,7,"(5,2)",5.385
17,md_cg_h10p0_ct1p5_mp20p0_it0p9_cg21_mix_periodic_file17.mat,8,"(5,2)",5.385
17,md_cg_h10p0_ct1p5_mp20p0_it0p9_cg21_mix_periodic_file17.mat,9,"(5,-2)",5.385
17,md_cg_h10p0_ct1p5_mp20p0_it0p9_cg21_mix_periodic_file17.mat,10,"(5,2)",5.385
17,md_cg_h10p0_ct1p5_mp20p0_it0p9_cg21_mix_periodic_file17.mat,11,"(5,2)",5.385
17,md_cg_h10p0_ct1p5_mp20p0_it0p9_cg21_mix_periodic_file17.mat,12,"(5,-2)",5.385
17,md_cg_h10p0_ct1p5_mp20p0_it0p9_cg21_mix_periodic_file17.mat,13,"(5,2)",5.385
17,md_cg_h10p0_ct1p5_mp20p0_it0p9_cg21_mix_periodic_file17.mat,14,"(5,-2)",5.385
17,md_cg_h10p0_ct1p5_mp20p0_it0p9_cg21_mix_periodic_file17.mat,15,"(5,-2)",5.385
17,md_cg_h10p0_ct1p5_mp20p0_it0p9_cg21_mix_periodic_file17.mat,16,"(5,2)",5.385
17,md_cg_h10p0_ct1p5_mp20p0_it0p9_cg21_mix_periodic_file17.mat,17,"(5,2)",5.385
17,md_cg_h10p0_ct1p5_mp20p0_it0p9_cg21_mix_periodic_file17.mat,18,"(5,2)",5.385
17,md_cg_h10p0_ct1p5_mp20p0_it0p9_cg21_mix_periodic_file17.mat,19,"(5,2)",5.385
17,md_cg_h10p0_ct1p5_mp20p0_it0p9_cg21_mix_periodic_file17.mat,20,"(5,2)",5.385
17,md_cg_h10p0_ct1p5_mp20p0_it0p9_cg21_mix_periodic_file17.mat,21,"(5,2)",5.385
17,md_cg_h10p0_ct1p5_mp20p0_it0p9_cg21_mix_periodic_file17.mat,22,"(5,2)",5.385
17,md_cg_h10p0_ct1p5_mp20p0_it0p9_cg21_mix_periodic_file17.mat,23,"(5,2)",5.385
17,md_cg_h10p0_ct1p5_mp20p0_it0p9_cg21_mix_periodic_file17.mat,24,"(5,2)",5.385
17,md_cg_h10p0_ct1p5_mp20p0_it0p9_cg21_mix_periodic_file17.mat,25,"(5,2)",5.385
17,md_cg_h10p0_ct1p5_mp20p0_it0p9_cg21_mix_periodic_file17.mat,26,"(5,2)",5.385
17,md_cg_h10p0_ct1p5_mp20p0_it0p9_cg21_mix_periodic_file17.mat,27,"(5,2)",5.385
17,md_cg_h10p0_ct1p5_mp20p0_it0p9_cg21_mix_periodic_file17.mat,28,"(5,-2)",5.385
17,md_cg_h10p0_ct1p5_mp20p0_it0p9_cg21_mix_periodic_file17.mat,29,"(5,2)",5.385
17,md_cg_h10p0_ct1p5_mp20p0_it0p9_cg21_mix_periodic_file17.mat,30,"(5,2)",5.385
17,md_cg_h10p0_ct1p5_mp20p0_it0p9_cg21_mix_periodic_file17.mat,31,"(5,-2)",5.385
17,md_cg_h10p0_ct1p5_mp20p0_it0p9_cg21_mix_periodic_file17.mat,32,"(5,-2)",5.385
18,md_cg_h10p0_ct1p5_mp20p0_it0p9_cg21_mix_periodic_file18.mat,0,"(0,3)",3.000
18,md_cg_h10p0_ct1p5_mp20p0_it0p9_cg21_mix_periodic_file18.mat,1,"(0,3)",3.000
18,md_cg_h10p0_ct1p5_mp20p0_it0p9_cg21_mix_periodic_file18.mat,2,"(0,3)",3.000
18,md_cg_h10p0_ct1p5_mp20p0_it0p9_cg21_mix_periodic_file18.mat,3,"(0,3)",3.000
18,md_cg_h10p0_ct1p5_mp20p0_it0p9_cg21_mix_periodic_file18.mat,4,"(0,3)",3.000
18,md_cg_h10p0_ct1p5_mp20p0_it0p9_cg21_mix_periodic_file18.mat,5,"(0,3)",3.000
18,md_cg_h10p0_ct1p5_mp20p0_it0p9_cg21_mix_periodic_file18.mat,6,"(0,3)",3.000
18,md_cg_h10p0_ct1p5_mp20p0_it0p9_cg21_mix_periodic_file18.mat,7,"(0,3)",3.000
18,md_cg_h10p0_ct1p5_mp20p0_it0p9_cg21_mix_periodic_file18.mat,8,"(0,3)",3.000
18,md_cg_h10p0_ct1p5_mp20p0_it0p9_cg21_mix_periodic_file18.mat,9,"(0,3)",3.000
18,md_cg_h10p0_ct1p5_mp20p0_it0p9_cg21_mix_periodic_file18.mat,10,"(0,3)",3.000
18,md_cg_h10p0_ct1p5_mp20p0_it0p9_cg21_mix_periodic_file18.mat,11,"(0,3)",3.000
18,md_cg_h10p0_ct1p5_mp20p0_it0p9_cg21_mix_periodic_file18.mat,12,"(0,3)",3.000
18,md_cg_h10p0_ct1p5_mp20p0_it0p9_cg21_mix_periodic_file18.mat,13,"(0,3)",3.000
18,md_cg_h10p0_ct1p5_mp20p0_it0p9_cg21_mix_periodic_file18.mat,14,"(0,3)",3.000
18,md_cg_h10p0_ct1p5_mp20p0_it0p9_cg21_mix_periodic_file18.mat,15,"(0,3)",3.000
18,md_cg_h10p0_ct1p5_mp20p0_it0p9_cg21_mix_periodic_file18.mat,16,"(0,3)",3.000
18,md_cg_h10p0_ct1p5_mp20p0_it0p9_cg21_mix_periodic_file18.mat,17,"(0,3)",3.000
18,md_cg_h10p0_ct1p5_mp20p0_it0p9_cg21_mix_periodic_file18.mat,18,"(0,3)",3.000
18,md_cg_h10p0_ct1p5_mp20p0_it0p9_cg21_mix_periodic_file18.mat,19,"(0,3)",3.000
18,md_cg_h10p0_ct1p5_mp20p0_it0p9_cg21_mix_periodic_file18.mat,20,"(0,3)",3.000
18,md_cg_h10p0_ct1p5_mp20p0_it0p9_cg21_mix_periodic_file18.mat,21,"(0,3)",3.000
18,md_cg_h10p0_ct1p5_mp20p0_it0p9_cg21_mix_periodic_file18.mat,22,"(0,3)",3.000
18,md_cg_h10p0_ct1p5_mp20p0_it0p9_cg21_mix_periodic_file18.mat,23,"(0,3)",3.000
18,md_cg_h10p0_ct1p5_mp20p0_it0p9_cg21_mix_periodic_file18.mat,24,"(0,3)",3.000
18,md_cg_h10p0_ct1p5_mp20p0_it0p9_cg21_mix_periodic_file18.mat,25,"(0,3)",3.000
18,md_cg_h10p0_ct1p5_mp20p0_it0p9_cg21_mix_periodic_file18.mat,26,"(0,3)",3.000
18,md_cg_h10p0_ct1p5_mp20p0_it0p9_cg21_mix_periodic_file18.mat,27,"(0,3)",3.000
18,md_cg_h10p0_ct1p5_mp20p0_it0p9_cg21_mix_periodic_file18.mat,28,"(0,3)",3.000
18,md_cg_h10p0_ct1p5_mp20p0_it0p9_cg21_mix_periodic_file18.mat,29,"(0,3)",3.000
18,md_cg_h10p0_ct1p5_mp20p0_it0p9_cg21_mix_periodic_file18.mat,30,"(0,3)",3.000
18,md_cg_h10p0_ct1p5_mp20p0_it0p9_cg21_mix_periodic_file18.mat,31,"(0,3)",3.000
18,md_cg_h10p0_ct1p5_mp20p0_it0p9_cg21_mix_periodic_file18.mat,32,"(0,3)",3.000
18,md_cg_h10p0_ct1p5_mp20p0_it0p9_cg21_mix_periodic_file18.mat,33,"(0,3)",3.000
18,md_cg_h10p0_ct1p5_mp20p0_it0p9_cg21_mix_periodic_file18.mat,34,"(0,3)",3.000
18,md_cg_h10p0_ct1p5_mp20p0_it0p9_cg21_mix_periodic_file18.mat,35,"(0,3)",3.000
18,md_cg_h10p0_ct1p5_mp20p0_it0p9_cg21_mix_periodic_file18.mat,36,"(0,3)",3.000
18,md_cg_h10p0_ct1p5_mp20p0_it0p9_cg21_mix_periodic_file18.mat,37,"(0,3)",3.000
18,md_cg_h10p0_ct1p5_mp20p0_it0p9_cg21_mix_periodic_file18.mat,38,"(0,3)",3.000
18,md_cg_h10p0_ct1p5_mp20p0_it0p9_cg21_mix_periodic_file18.mat,39,"(0,3)",3.000
18,md_cg_h10p0_ct1p5_mp20p0_it0p9_cg21_mix_periodic_file18.mat,40,"(0,3)",3.000
18,md_cg_h10p0_ct1p5_mp20p0_it0p9_cg21_mix_periodic_file18.mat,41,"(0,3)",3.000
18,md_cg_h10p0_ct1p5_mp20p0_it0p9_cg21_mix_periodic_file18.mat,42,"(0,3)",3.000
18,md_cg_h10p0_ct1p5_mp20p0_it0p9_cg21_mix_periodic_file18.mat,43,"(0,3)",3.000
18,md_cg_h10p0_ct1p5_mp20p0_it0p9_cg21_mix_periodic_file18.mat,44,"(0,3)",3.000
19,md_cg_h10p0_ct1p5_mp20p0_it0p9_cg21_mix_periodic_file19.mat,0,"(1,3)",3.162
19,md_cg_h10p0_ct1p5_mp20p0_it0p9_cg21_mix_periodic_file19.mat,1,"(1,-3)",3.162
19,md_cg_h10p0_ct1p5_mp20p0_it0p9_cg21_mix_periodic_file19.mat,2,"(1,-3)",3.162
19,md_cg_h10p0_ct1p5_mp20p0_it0p9_cg21_mix_periodic_file19.mat,3,"(1,3)",3.162
19,md_cg_h10p0_ct1p5_mp20p0_it0p9_cg21_mix_periodic_file19.mat,4,"(1,-3)",3.162
19,md_cg_h10p0_ct1p5_mp20p0_it0p9_cg21_mix_periodic_file19.mat,5,"(1,-3)",3.162
19,md_cg_h10p0_ct1p5_mp20p0_it0p9_cg21_mix_periodic_file19.mat,6,"(1,-3)",3.162
19,md_cg_h10p0_ct1p5_mp20p0_it0p9_cg21_mix_periodic_file19.mat,7,"(1,3)",3.162
19,md_cg_h10p0_ct1p5_mp20p0_it0p9_cg21_mix_periodic_file19.mat,8,"(1,-3)",3.162
19,md_cg_h10p0_ct1p5_mp20p0_it0p9_cg21_mix_periodic_file19.mat,9,"(1,-3)",3.162
19,md_cg_h10p0_ct1p5_mp20p0_it0p9_cg21_mix_periodic_file19.mat,10,"(1,3)",3.162
19,md_cg_h10p0_ct1p5_mp20p0_it0p9_cg21_mix_periodic_file19.mat,11,"(1,-3)",3.162
19,md_cg_h10p0_ct1p5_mp20p0_it0p9_cg21_mix_periodic_file19.mat,12,"(1,-3)",3.162
19,md_cg_h10p0_ct1p5_mp20p0_it0p9_cg21_mix_periodic_file19.mat,13,"(1,3)",3.162
19,md_cg_h10p0_ct1p5_mp20p0_it0p9_cg21_mix_periodic_file19.mat,14,"(1,3)",3.162
19,md_cg_h10p0_ct1p5_mp20p0_it0p9_cg21_mix_periodic_file19.mat,15,"(1,3)",3.162
19,md_cg_h10p0_ct1p5_mp20p0_it0p9_cg21_mix_periodic_file19.mat,16,"(1,3)",3.162
19,md_cg_h10p0_ct1p5_mp20p0_it0p9_cg21_mix_periodic_file19.mat,17,"(1,3)",3.162
19,md_cg_h10p0_ct1p5_mp20p0_it0p9_cg21_mix_periodic_file19.mat,18,"(1,-3)",3.162
19,md_cg_h10p0_ct1p5_mp20p0_it0p9_cg21_mix_periodic_file19.mat,19,"(1,3)",3.162
19,md_cg_h10p0_ct1p5_mp20p0_it0p9_cg21_mix_periodic_file19.mat,20,"(1,-3)",3.162
19,md_cg_h10p0_ct1p5_mp20p0_it0p9_cg21_mix_periodic_file19.mat,21,"(1,3)",3.162
19,md_cg_h10p0_ct1p5_mp20p0_it0p9_cg21_mix_periodic_file19.mat,22,"(1,-3)",3.162
19,md_cg_h10p0_ct1p5_mp20p0_it0p9_cg21_mix_periodic_file19.mat,23,"(1,-3)",3.162
19,md_cg_h10p0_ct1p5_mp20p0_it0p9_cg21_mix_periodic_file19.mat,24,"(1,3)",3.162
19,md_cg_h10p0_ct1p5_mp20p0_it0p9_cg21_mix_periodic_file19.mat,25,"(1,3)",3.162
19,md_cg_h10p0_ct1p5_mp20p0_it0p9_cg21_mix_periodic_file19.mat,26,"(1,3)",3.162
19,md_cg_h10p0_ct1p5_mp20p0_it0p9_cg21_mix_periodic_file19.mat,27,"(1,3)",3.162
19,md_cg_h10p0_ct1p5_mp20p0_it0p9_cg21_mix_periodic_file19.mat,28,"(1,3)",3.162
19,md_cg_h10p0_ct1p5_mp20p0_it0p9_cg21_mix_periodic_file19.mat,29,"(1,3)",3.162
19,md_cg_h10p0_ct1p5_mp20p0_it0p9_cg21_mix_periodic_file19.mat,30,"(1,3)",3.162
19,md_cg_h10p0_ct1p5_mp20p0_it0p9_cg21_mix_periodic_file19.mat,31,"(1,-3)",3.162
19,md_cg_h10p0_ct1p5_mp20p0_it0p9_cg21_mix_periodic_file19.mat,32,"(1,3)",3.162
19,md_cg_h10p0_ct1p5_mp20p0_it0p9_cg21_mix_periodic_file19.mat,33,"(1,3)",3.162
20,md_cg_h10p0_ct1p5_mp20p0_it0p9_cg21_mix_periodic_file20.mat,0,"(2,-3)",3.606
20,md_cg_h10p0_ct1p5_mp20p0_it0p9_cg21_mix_periodic_file20.mat,1,"(2,3)",3.606
20,md_cg_h10p0_ct1p5_mp20p0_it0p9_cg21_mix_periodic_file20.mat,2,"(2,3)",3.606
20,md_cg_h10p0_ct1p5_mp20p0_it0p9_cg21_mix_periodic_file20.mat,3,"(2,-3)",3.606
20,md_cg_h10p0_ct1p5_mp20p0_it0p9_cg21_mix_periodic_file20.mat,4,"(2,3)",3.606
20,md_cg_h10p0_ct1p5_mp20p0_it0p9_cg21_mix_periodic_file20.mat,5,"(2,3)",3.606
20,md_cg_h10p0_ct1p5_mp20p0_it0p9_cg21_mix_periodic_file20.mat,6,"(2,3)",3.606
20,md_cg_h10p0_ct1p5_mp20p0_it0p9_cg21_mix_periodic_file20.mat,7,"(2,3)",3.606
20,md_cg_h10p0_ct1p5_mp20p0_it0p9_cg21_mix_periodic_file20.mat,8,"(2,3)",3.606
20,md_cg_h10p0_ct1p5_mp20p0_it0p9_cg21_mix_periodic_file20.mat,9,"(2,-3)",3.606
20,md_cg_h10p0_ct1p5_mp20p0_it0p9_cg21_mix_periodic_file20.mat,10,"(2,-3)",3.606
20,md_cg_h10p0_ct1p5_mp20p0_it0p9_cg21_mix_periodic_file20.mat,11,"(2,-3)",3.606
20,md_cg_h10p0_ct1p5_mp20p0_it0p9_cg21_mix_periodic_file20.mat,12,"(2,3)",3.606
20,md_cg_h10p0_ct1p5_mp20p0_it0p9_cg21_mix_periodic_file20.mat,13,"(2,3)",3.606
20,md_cg_h10p0_ct1p5_mp20p0_it0p9_cg21_mix_periodic_file20.mat,14,"(2,3)",3.606
20,md_cg_h10p0_ct1p5_mp20p0_it0p9_cg21_mix_periodic_file20.mat,15,"(2,3)",3.606
20,md_cg_h10p0_ct1p5_mp20p0_it0p9_cg21_mix_periodic_file20.mat,16,"(2,-3)",3.606
20,md_cg_h10p0_ct1p5_mp20p0_it0p9_cg21_mix_periodic_file20.mat,17,"(2,3)",3.606
20,md_cg_h10p0_ct1p5_mp20p0_it0p9_cg21_mix_periodic_file20.mat,18,"(2,3)",3.606
20,md_cg_h10p0_ct1p5_mp20p0_it0p9_cg21_mix_periodic_file20.mat,19,"(2,3)",3.606
20,md_cg_h10p0_ct1p5_mp20p0_it0p9_cg21_mix_periodic_file20.mat,20,"(2,3)",3.606
20,md_cg_h10p0_ct1p5_mp20p0_it0p9_cg21_mix_periodic_file20.mat,21,"(2,-3)",3.606
20,md_cg_h10p0_ct1p5_mp20p0_it0p9_cg21_mix_periodic_file20.mat,22,"(2,3)",3.606
20,md_cg_h10p0_ct1p5_mp20p0_it0p9_cg21_mix_periodic_file20.mat,23,"(2,-3)",3.606
20,md_cg_h10p0_ct1p5_mp20p0_it0p9_cg21_mix_periodic_file20.mat,24,"(2,-3)",3.606
20,md_cg_h10p0_ct1p5_mp20p0_it0p9_cg21_mix_periodic_file20.mat,25,"(2,3)",3.606
20,md_cg_h10p0_ct1p5_mp20p0_it0p9_cg21_mix_periodic_file20.mat,26,"(2,-3)",3.606
20,md_cg_h10p0_ct1p5_mp20p0_it0p9_cg21_mix_periodic_file20.mat,27,"(2,3)",3.606
20,md_cg_h10p0_ct1p5_mp20p0_it0p9_cg21_mix_periodic_file20.mat,28,"(2,3)",3.606
21,md_cg_h10p0_ct1p5_mp20p0_it0p9_cg21_mix_periodic_file21.mat,0,"(3,3)",4.243
21,md_cg_h10p0_ct1p5_mp20p0_it0p9_cg21_mix_periodic_file21.mat,1,"(3,3)",4.243
21,md_cg_h10p0_ct1p5_mp20p0_it0p9_cg21_mix_periodic_file21.mat,2,"(3,3)",4.243
21,md_cg_h10p0_ct1p5_mp20p0_it0p9_cg21_mix_periodic_file21.mat,3,"(3,3)",4.243
21,md_cg_h10p0_ct1p5_mp20p0_it0p9_cg21_mix_periodic_file21.mat,4,"(3,-3)",4.243
21,md_cg_h10p0_ct1p5_mp20p0_it0p9_cg21_mix_periodic_file21.mat,5,"(3,3)",4.243
21,md_cg_h10p0_ct1p5_mp20p0_it0p9_cg21_mix_periodic_file21.mat,6,"(3,3)",4.243
21,md_cg_h10p0_ct1p5_mp20p0_it0p9_cg21_mix_periodic_file21.mat,7,"(3,3)",4.243
21,md_cg_h10p0_ct1p5_mp20p0_it0p9_cg21_mix_periodic_file21.mat,8,"(3,3)",4.243
21,md_cg_h10p0_ct1p5_mp20p0_it0p9_cg21_mix_periodic_file21.mat,9,"(3,-3)",4.243
21,md_cg_h10p0_ct1p5_mp20p0_it0p9_cg21_mix_periodic_file21.mat,10,"(3,3)",4.243
21,md_cg_h10p0_ct1p5_mp20p0_it0p9_cg21_mix_periodic_file21.mat,11,"(3,-3)",4.243
21,md_cg_h10p0_ct1p5_mp20p0_it0p9_cg21_mix_periodic_file21.mat,12,"(3,3)",4.243
21,md_cg_h10p0_ct1p5_mp20p0_it0p9_cg21_mix_periodic_file21.mat,13,"(3,3)",4.243
21,md_cg_h10p0_ct1p5_mp20p0_it0p9_cg21_mix_periodic_file21.mat,14,"(3,-3)",4.243
21,md_cg_h10p0_ct1p5_mp20p0_it0p9_cg21_mix_periodic_file21.mat,15,"(3,-3)",4.243
21,md_cg_h10p0_ct1p5_mp20p0_it0p9_cg21_mix_periodic_file21.mat,16,"(3,3)",4.243
21,md_cg_h10p0_ct1p5_mp20p0_it0p9_cg21_mix_periodic_file21.mat,17,"(3,3)",4.243
21,md_cg_h10p0_ct1p5_mp20p0_it0p9_cg21_mix_periodic_file21.mat,18,"(3,3)",4.243
21,md_cg_h10p0_ct1p5_mp20p0_it0p9_cg21_mix_periodic_file21.mat,19,"(3,3)",4.243
21,md_cg_h10p0_ct1p5_mp20p0_it0p9_cg21_mix_periodic_file21.mat,20,"(3,-3)",4.243
21,md_cg_h10p0_ct1p5_mp20p0_it0p9_cg21_mix_periodic_file21.mat,21,"(3,3)",4.243
21,md_cg_h10p0_ct1p5_mp20p0_it0p9_cg21_mix_periodic_file21.mat,22,"(3,-3)",4.243
21,md_cg_h10p0_ct1p5_mp20p0_it0p9_cg21_mix_periodic_file21.mat,23,"(3,3)",4.243
21,md_cg_h10p0_ct1p5_mp20p0_it0p9_cg21_mix_periodic_file21.mat,24,"(3,-3)",4.243
21,md_cg_h10p0_ct1p5_mp20p0_it0p9_cg21_mix_periodic_file21.mat,25,"(3,3)",4.243
21,md_cg_h10p0_ct1p5_mp20p0_it0p9_cg21_mix_periodic_file21.mat,26,"(3,3)",4.243
21,md_cg_h10p0_ct1p5_mp20p0_it0p9_cg21_mix_periodic_file21.mat,27,"(3,3)",4.243
22,md_cg_h10p0_ct1p5_mp20p0_it0p9_cg21_mix_periodic_file22.mat,0,"(4,-3)",5.000
22,md_cg_h10p0_ct1p5_mp20p0_it0p9_cg21_mix_periodic_file22.mat,1,"(4,3)",5.000
22,md_cg_h10p0_ct1p5_mp20p0_it0p9_cg21_mix_periodic_file22.mat,2,"(4,3)",5.000
22,md_cg_h10p0_ct1p5_mp20p0_it0p9_cg21_mix_periodic_file22.mat,3,"(4,3)",5.000
22,md_cg_h10p0_ct1p5_mp20p0_it0p9_cg21_mix_periodic_file22.mat,4,"(4,3)",5.000
22,md_cg_h10p0_ct1p5_mp20p0_it0p9_cg21_mix_periodic_file22.mat,5,"(4,3)",5.000
22,md_cg_h10p0_ct1p5_mp20p0_it0p9_cg21_mix_periodic_file22.mat,6,"(4,-3)",5.000
22,md_cg_h10p0_ct1p5_mp20p0_it0p9_cg21_mix_periodic_file22.mat,7,"(4,-3)",5.000
22,md_cg_h10p0_ct1p5_mp20p0_it0p9_cg21_mix_periodic_file22.mat,8,"(4,3)",5.000
22,md_cg_h10p0_ct1p5_mp20p0_it0p9_cg21_mix_periodic_file22.mat,9,"(4,3)",5.000
22,md_cg_h10p0_ct1p5_mp20p0_it0p9_cg21_mix_periodic_file22.mat,10,"(4,-3)",5.000
22,md_cg_h10p0_ct1p5_mp20p0_it0p9_cg21_mix_periodic_file22.mat,11,"(4,3)",5.000
22,md_cg_h10p0_ct1p5_mp20p0_it0p9_cg21_mix_periodic_file22.mat,12,"(4,-3)",5.000
22,md_cg_h10p0_ct1p5_mp20p0_it0p9_cg21_mix_periodic_file22.mat,13,"(4,3)",5.000
22,md_cg_h10p0_ct1p5_mp20p0_it0p9_cg21_mix_periodic_file22.mat,14,"(4,-3)",5.000
22,md_cg_h10p0_ct1p5_mp20p0_it0p9_cg21_mix_periodic_file22.mat,15,"(4,-3)",5.000
22,md_cg_h10p0_ct1p5_mp20p0_it0p9_cg21_mix_periodic_file22.mat,16,"(4,3)",5.000
22,md_cg_h10p0_ct1p5_mp20p0_it0p9_cg21_mix_periodic_file22.mat,17,"(4,-3)",5.000
22,md_cg_h10p0_ct1p5_mp20p0_it0p9_cg21_mix_periodic_file22.mat,18,"(4,-3)",5.000
22,md_cg_h10p0_ct1p5_mp20p0_it0p9_cg21_mix_periodic_file22.mat,19,"(4,-3)",5.000
22,md_cg_h10p0_ct1p5_mp20p0_it0p9_cg21_mix_periodic_file22.mat,20,"(4,3)",5.000
22,md_cg_h10p0_ct1p5_mp20p0_it0p9_cg21_mix_periodic_file22.mat,21,"(4,3)",5.000
22,md_cg_h10p0_ct1p5_mp20p0_it0p9_cg21_mix_periodic_file22.mat,22,"(4,3)",5.000
22,md_cg_h10p0_ct1p5_mp20p0_it0p9_cg21_mix_periodic_file22.mat,23,"(4,3)",5.000
22,md_cg_h10p0_ct1p5_mp20p0_it0p9_cg21_mix_periodic_file22.mat,24,"(4,3)",5.000
22,md_cg_h10p0_ct1p5_mp20p0_it0p9_cg21_mix_periodic_file22.mat,25,"(4,-3)",5.000
22,md_cg_h10p0_ct1p5_mp20p0_it0p9_cg21_mix_periodic_file22.mat,26,"(4,-3)",5.000
22,md_cg_h10p0_ct1p5_mp20p0_it0p9_cg21_mix_periodic_file22.mat,27,"(4,-3)",5.000
22,md_cg_h10p0_ct1p5_mp20p0_it0p9_cg21_mix_periodic_file22.mat,28,"(4,3)",5.000
22,md_cg_h10p0_ct1p5_mp20p0_it0p9_cg21_mix_periodic_file22.mat,29,"(4,-3)",5.000
23,md_cg_h10p0_ct1p5_mp20p0_it0p9_cg21_mix_periodic_file23.mat,0,"(5,3)",5.831
23,md_cg_h10p0_ct1p5_mp20p0_it0p9_cg21_mix_periodic_file23.mat,1,"(5,3)",5.831
23,md_cg_h10p0_ct1p5_mp20p0_it0p9_cg21_mix_periodic_file23.mat,2,"(5,-3)",5.831
23,md_cg_h10p0_ct1p5_mp20p0_it0p9_cg21_mix_periodic_file23.mat,3,"(5,3)",5.831
23,md_cg_h10p0_ct1p5_mp20p0_it0p9_cg21_mix_periodic_file23.mat,4,"(5,3)",5.831
23,md_cg_h10p0_ct1p5_mp20p0_it0p9_cg21_mix_periodic_file23.mat,5,"(5,-3)",5.831
23,md_cg_h10p0_ct1p5_mp20p0_it0p9_cg21_mix_periodic_file23.mat,6,"(5,3)",5.831
23,md_cg_h10p0_ct1p5_mp20p0_it0p9_cg21_mix_periodic_file23.mat,7,"(5,3)",5.831
23,md_cg_h10p0_ct1p5_mp20p0_it0p9_cg21_mix_periodic_file23.mat,8,"(5,3)",5.831
23,md_cg_h10p0_ct1p5_mp20p0_it0p9_cg21_mix_periodic_file23.mat,9,"(5,3)",5.831
23,md_cg_h10p0_ct1p5_mp20p0_it0p9_cg21_mix_periodic_file23.mat,10,"(5,-3)",5.831
23,md_cg_h10p0_ct1p5_mp20p0_it0p9_cg21_mix_periodic_file23.mat,11,"(5,-3)",5.831
23,md_cg_h10p0_ct1p5_mp20p0_it0p9_cg21_mix_periodic_file23.mat,12,"(5,-3)",5.831
23,md_cg_h10p0_ct1p5_mp20p0_it0p9_cg21_mix_periodic_file23.mat,13,"(5,3)",5.831
23,md_cg_h10p0_ct1p5_mp20p0_it0p9_cg21_mix_periodic_file23.mat,14,"(5,3)",5.831
23,md_cg_h10p0_ct1p5_mp20p0_it0p9_cg21_mix_periodic_file23.mat,15,"(5,3)",5.831
23,md_cg_h10p0_ct1p5_mp20p0_it0p9_cg21_mix_periodic_file23.mat,16,"(5,-3)",5.831
23,md_cg_h10p0_ct1p5_mp20p0_it0p9_cg21_mix_periodic_file23.mat,17,"(5,-3)",5.831
23,md_cg_h10p0_ct1p5_mp20p0_it0p9_cg21_mix_periodic_file23.mat,18,"(5,3)",5.831
23,md_cg_h10p0_ct1p5_mp20p0_it0p9_cg21_mix_periodic_file23.mat,19,"(5,3)",5.831
23,md_cg_h10p0_ct1p5_mp20p0_it0p9_cg21_mix_periodic_file23.mat,20,"(5,3)",5.831
23,md_cg_h10p0_ct1p5_mp20p0_it0p9_cg21_mix_periodic_file23.mat,21,"(5,3)",5.831
23,md_cg_h10p0_ct1p5_mp20p0_it0p9_cg21_mix_periodic_file23.mat,22,"(5,-3)",5.831
23,md_cg_h10p0_ct1p5_mp20p0_it0p9_cg21_mix_periodic_file23.mat,23,"(5,3)",5.831
23,md_cg_h10p0_ct1p5_mp20p0_it0p9_cg21_mix_periodic_file23.mat,24,"(5,-3)",5.831
23,md_cg_h10p0_ct1p5_mp20p0_it0p9_cg21_mix_periodic_file23.mat,25,"(5,3)",5.831
23,md_cg_h10p0_ct1p5_mp20p0_it0p9_cg21_mix_periodic_file23.mat,26,"(5,-3)",5.831
23,md_cg_h10p0_ct1p5_mp20p0_it0p9_cg21_mix_periodic_file23.mat,27,"(5,-3)",5.831
23,md_cg_h10p0_ct1p5_mp20p0_it0p9_cg21_mix_periodic_file23.mat,28,"(5,3)",5.831
23,md_cg_h10p0_ct1p5_mp20p0_it0p9_cg21_mix_periodic_file23.mat,29,"(5,3)",5.831
23,md_cg_h10p0_ct1p5_mp20p0_it0p9_cg21_mix_periodic_file23.mat,30,"(5,3)",5.831
23,md_cg_h10p0_ct1p5_mp20p0_it0p9_cg21_mix_periodic_file23.mat,31,"(5,3)",5.831
24,md_cg_h10p0_ct1p5_mp20p0_it0p9_cg21_mix_periodic_file24.mat,0,"(0,4)",4.000
24,md_cg_h10p0_ct1p5_mp20p0_it0p9_cg21_mix_periodic_file24.mat,1,"(0,4)",4.000
24,md_cg_h10p0_ct1p5_mp20p0_it0p9_cg21_mix_periodic_file24.mat,2,"(0,4)",4.000
24,md_cg_h10p0_ct1p5_mp20p0_it0p9_cg21_mix_periodic_file24.mat,3,"(0,4)",4.000
24,md_cg_h10p0_ct1p5_mp20p0_it0p9_cg21_mix_periodic_file24.mat,4,"(0,4)",4.000
24,md_cg_h10p0_ct1p5_mp20p0_it0p9_cg21_mix_periodic_file24.mat,5,"(0,4)",4.000
24,md_cg_h10p0_ct1p5_mp20p0_it0p9_cg21_mix_periodic_file24.mat,6,"(0,4)",4.000
24,md_cg_h10p0_ct1p5_mp20p0_it0p9_cg21_mix_periodic_file24.mat,7,"(0,4)",4.000
24,md_cg_h10p0_ct1p5_mp20p0_it0p9_cg21_mix_periodic_file24.mat,8,"(0,4)",4.000
24,md_cg_h10p0_ct1p5_mp20p0_it0p9_cg21_mix_periodic_file24.mat,9,"(0,4)",4.000
24,md_cg_h10p0_ct1p5_mp20p0_it0p9_cg21_mix_periodic_file24.mat,10,"(0,4)",4.000
24,md_cg_h10p0_ct1p5_mp20p0_it0p9_cg21_mix_periodic_file24.mat,11,"(0,4)",4.000
24,md_cg_h10p0_ct1p5_mp20p0_it0p9_cg21_mix_periodic_file24.mat,12,"(0,4)",4.000
24,md_cg_h10p0_ct1p5_mp20p0_it0p9_cg21_mix_periodic_file24.mat,13,"(0,4)",4.000
24,md_cg_h10p0_ct1p5_mp20p0_it0p9_cg21_mix_periodic_file24.mat,14,"(0,4)",4.000
24,md_cg_h10p0_ct1p5_mp20p0_it0p9_cg21_mix_periodic_file24.mat,15,"(0,4)",4.000
24,md_cg_h10p0_ct1p5_mp20p0_it0p9_cg21_mix_periodic_file24.mat,16,"(0,4)",4.000
24,md_cg_h10p0_ct1p5_mp20p0_it0p9_cg21_mix_periodic_file24.mat,17,"(0,4)",4.000
24,md_cg_h10p0_ct1p5_mp20p0_it0p9_cg21_mix_periodic_file24.mat,18,"(0,4)",4.000
24,md_cg_h10p0_ct1p5_mp20p0_it0p9_cg21_mix_periodic_file24.mat,19,"(0,4)",4.000
24,md_cg_h10p0_ct1p5_mp20p0_it0p9_cg21_mix_periodic_file24.mat,20,"(0,4)",4.000
24,md_cg_h10p0_ct1p5_mp20p0_it0p9_cg21_mix_periodic_file24.mat,21,"(0,4)",4.000
24,md_cg_h10p0_ct1p5_mp20p0_it0p9_cg21_mix_periodic_file24.mat,22,"(0,4)",4.000
24,md_cg_h10p0_ct1p5_mp20p0_it0p9_cg21_mix_periodic_file24.mat,23,"(0,4)",4.000
24,md_cg_h10p0_ct1p5_mp20p0_it0p9_cg21_mix_periodic_file24.mat,24,"(0,4)",4.000
24,md_cg_h10p0_ct1p5_mp20p0_it0p9_cg21_mix_periodic_file24.mat,25,"(0,4)",4.000
24,md_cg_h10p0_ct1p5_mp20p0_it0p9_cg21_mix_periodic_file24.mat,26,"(0,4)",4.000
24,md_cg_h10p0_ct1p5_mp20p0_it0p9_cg21_mix_periodic_file24.mat,27,"(0,4)",4.000
24,md_cg_h10p0_ct1p5_mp20p0_it0p9_cg21_mix_periodic_file24.mat,28,"(0,4)",4.000
24,md_cg_h10p0_ct1p5_mp20p0_it0p9_cg21_mix_periodic_file24.mat,29,"(0,4)",4.000
24,md_cg_h10p0_ct1p5_mp20p0_it0p9_cg21_mix_periodic_file24.mat,30,"(0,4)",4.000
24,md_cg_h10p0_ct1p5_mp20p0_it0p9_cg21_mix_periodic_file24.mat,31,"(0,4)",4.000
24,md_cg_h10p0_ct1p5_mp20p0_it0p9_cg21_mix_periodic_file24.mat,32,"(0,4)",4.000
24,md_cg_h10p0_ct1p5_mp20p0_it0p9_cg21_mix_periodic_file24.mat,33,"(0,4)",4.000
24,md_cg_h10p0_ct1p5_mp20p0_it0p9_cg21_mix_periodic_file24.mat,34,"(0,4)",4.000
24,md_cg_h10p0_ct1p5_mp20p0_it0p9_cg21_mix_periodic_file24.mat,35,"(0,4)",4.000
24,md_cg_h10p0_ct1p5_mp20p0_it0p9_cg21_mix_periodic_file24.mat,36,"(0,4)",4.000
24,md_cg_h10p0_ct1p5_mp20p0_it0p9_cg21_mix_periodic_file24.mat,37,"(0,4)",4.000
24,md_cg_h10p0_ct1p5_mp20p0_it0p9_cg21_mix_periodic_file24.mat,38,"(0,4)",4.000
24,md_cg_h10p0_ct1p5_mp20p0_it0p9_cg21_mix_periodic_file24.mat,39,"(0,4)",4.000
24,md_cg_h10p0_ct1p5_mp20p0_it0p9_cg21_mix_periodic_file24.mat,40,"(0,4)",4.000
24,md_cg_h10p0_ct1p5_mp20p0_it0p9_cg21_mix_periodic_file24.mat,41,"(0,4)",4.000
24,md_cg_h10p0_ct1p5_mp20p0_it0p9_cg21_mix_periodic_file24.mat,42,"(0,4)",4.000
24,md_cg_h10p0_ct1p5_mp20p0_it0p9_cg21_mix_periodic_file24.mat,43,"(0,4)",4.000
24,md_cg_h10p0_ct1p5_mp20p0_it0p9_cg21_mix_periodic_file24.mat,44,"(0,4)",4.000
25,md_cg_h10p0_ct1p5_mp20p0_it0p9_cg21_mix_periodic_file25.mat,0,"(1,4)",4.123
25,md_cg_h10p0_ct1p5_mp20p0_it0p9_cg21_mix_periodic_file25.mat,1,"(1,-4)",4.123
25,md_cg_h10p0_ct1p5_mp20p0_it0p9_cg21_mix_periodic_file25.mat,2,"(1,-4)",4.123
25,md_cg_h10p0_ct1p5_mp20p0_it0p9_cg21_mix_periodic_file25.mat,3,"(1,4)",4.123
25,md_cg_h10p0_ct1p5_mp20p0_it0p9_cg21_mix_periodic_file25.mat,4,"(1,4)",4.123
25,md_cg_h10p0_ct1p5_mp20p0_it0p9_cg21_mix_periodic_file25.mat,5,"(1,4)",4.123
25,md_cg_h10p0_ct1p5_mp20p0_it0p9_cg21_mix_periodic_file25.mat,6,"(1,-4)",4.123
25,md_cg_h10p0_ct1p5_mp20p0_it0p9_cg21_mix_periodic_file25.mat,7,"(1,4)",4.123
25,md_cg_h10p0_ct1p5_mp20p0_it0p9_cg21_mix_periodic_file25.mat,8,"(1,4)",4.123
25,md_cg_h10p0_ct1p5_mp20p0_it0p9_cg21_mix_periodic_file25.mat,9,"(1,-4)",4.123
25,md_cg_h10p0_ct1p5_mp20p0_it0p9_cg21_mix_periodic_file25.mat,10,"(1,4)",4.123
25,md_cg_h10p0_ct1p5_mp20p0_it0p9_cg21_mix_periodic_file25.mat,11,"(1,4)",4.123
25,md_cg_h10p0_ct1p5_mp20p0_it0p9_cg21_mix_periodic_file25.mat,12,"(1,4)",4.123
25,md_cg_h10p0_ct1p5_mp20p0_it0p9_cg21_mix_periodic_file25.mat,13,"(1,4)",4.123
25,md_cg_h10p0_ct1p5_mp20p0_it0p9_cg21_mix_periodic_file25.mat,14,"(1,4)",4.123
25,md_cg_h10p0_ct1p5_mp20p0_it0p9_cg21_mix_periodic_file25.mat,15,"(1,-4)",4.123
25,md_cg_h10p0_ct1p5_mp20p0_it0p9_cg21_mix_periodic_file25.mat,16,"(1,-4)",4.123
25,md_cg_h10p0_ct1p5_mp20p0_it0p9_cg21_mix_periodic_file25.mat,17,"(1,4)",4.123
25,md_cg_h10p0_ct1p5_mp20p0_it0p9_cg21_mix_periodic_file25.mat,18,"(1,4)",4.123
25,md_cg_h10p0_ct1p5_mp20p0_it0p9_cg21_mix_periodic_file25.mat,19,"(1,4)",4.123
25,md_cg_h10p0_ct1p5_mp20p0_it0p9_cg21_mix_periodic_file25.mat,20,"(1,4)",4.123
25,md_cg_h10p0_ct1p5_mp20p0_it0p9_cg21_mix_periodic_file25.mat,21,"(1,4)",4.123
25,md_cg_h10p0_ct1p5_mp20p0_it0p9_cg21_mix_periodic_file25.mat,22,"(1,-4)",4.123
25,md_cg_h10p0_ct1p5_mp20p0_it0p9_cg21_mix_periodic_file25.mat,23,"(1,-4)",4.123
25,md_cg_h10p0_ct1p5_mp20p0_it0p9_cg21_mix_periodic_file25.mat,24,"(1,-4)",4.123
25,md_cg_h10p0_ct1p5_mp20p0_it0p9_cg21_mix_periodic_file25.mat,25,"(1,4)",4.123
25,md_cg_h10p0_ct1p5_mp20p0_it0p9_cg21_mix_periodic_file25.mat,26,"(1,4)",4.123
25,md_cg_h10p0_ct1p5_mp20p0_it0p9_cg21_mix_periodic_file25.mat,27,"(1,4)",4.123
25,md_cg_h10p0_ct1p5_mp20p0_it0p9_cg21_mix_periodic_file25.mat,28,"(1,4)",4.123
25,md_cg_h10p0_ct1p5_mp20p0_it0p9_cg21_mix_periodic_file25.mat,29,"(1,4)",4.123
25,md_cg_h10p0_ct1p5_mp20p0_it0p9_cg21_mix_periodic_file25.mat,30,"(1,4)",4.123
25,md_cg_h10p0_ct1p5_mp20p0_it0p9_cg21_mix_periodic_file25.mat,31,"(1,4)",4.123
25,md_cg_h10p0_ct1p5_mp20p0_it0p9_cg21_mix_periodic_file25.mat,32,"(1,4)",4.123
25,md_cg_h10p0_ct1p5_mp20p0_it0p9_cg21_mix_periodic_file25.mat,33,"(1,4)",4.123
25,md_cg_h10p0_ct1p5_mp20p0_it0p9_cg21_mix_periodic_file25.mat,34,"(1,4)",4.123
25,md_cg_h10p0_ct1p5_mp20p0_it0p9_cg21_mix_periodic_file25.mat,35,"(1,-4)",4.123
26,md_cg_h10p0_ct1p5_mp20p0_it0p9_cg21_mix_periodic_file26.mat,0,"(2,4)",4.472
26,md_cg_h10p0_ct1p5_mp20p0_it0p9_cg21_mix_periodic_file26.mat,1,"(2,4)",4.472
26,md_cg_h10p0_ct1p5_mp20p0_it0p9_cg21_mix_periodic_file26.mat,2,"(2,-4)",4.472
26,md_cg_h10p0_ct1p5_mp20p0_it0p9_cg21_mix_periodic_file26.mat,3,"(2,4)",4.472
26,md_cg_h10p0_ct1p5_mp20p0_it0p9_cg21_mix_periodic_file26.mat,4,"(2,4)",4.472
26,md_cg_h10p0_ct1p5_mp20p0_it0p9_cg21_mix_periodic_file26.mat,5,"(2,4)",4.472
26,md_cg_h10p0_ct1p5_mp20p0_it0p9_cg21_mix_periodic_file26.mat,6,"(2,-4)",4.472
26,md_cg_h10p0_ct1p5_mp20p0_it0p9_cg21_mix_periodic_file26.mat,7,"(2,-4)",4.472
26,md_cg_h10p0_ct1p5_mp20p0_it0p9_cg21_mix_periodic_file26.mat,8,"(2,4)",4.472
26,md_cg_h10p0_ct1p5_mp20p0_it0p9_cg21_mix_periodic_file26.mat,9,"(2,4)",4.472
26,md_cg_h10p0_ct1p5_mp20p0_it0p9_cg21_mix_periodic_file26.mat,10,"(2,4)",4.472
26,md_cg_h10p0_ct1p5_mp20p0_it0p9_cg21_mix_periodic_file26.mat,11,"(2,4)",4.472
26,md_cg_h10p0_ct1p5_mp20p0_it0p9_cg21_mix_periodic_file26.mat,12,"(2,-4)",4.472
26,md_cg_h10p0_ct1p5_mp20p0_it0p9_cg21_mix_periodic_file26.mat,13,"(2,-4)",4.472
26,md_cg_h10p0_ct1p5_mp20p0_it0p9_cg21_mix_periodic_file26.mat,14,"(2,-4)",4.472
26,md_cg_h10p0_ct1p5_mp20p0_it0p9_cg21_mix_periodic_file26.mat,15,"(2,4)",4.472
26,md_cg_h10p0_ct1p5_mp20p0_it0p9_cg21_mix_periodic_file26.mat,16,"(2,4)",4.472
26,md_cg_h10p0_ct1p5_mp20p0_it0p9_cg21_mix_periodic_file26.mat,17,"(2,-4)",4.472
26,md_cg_h10p0_ct1p5_mp20p0_it0p9_cg21_mix_periodic_file26.mat,18,"(2,4)",4.472
26,md_cg_h10p0_ct1p5_mp20p0_it0p9_cg21_mix_periodic_file26.mat,19,"(2,4)",4.472
26,md_cg_h10p0_ct1p5_mp20p0_it0p9_cg21_mix_periodic_file26.mat,20,"(2,4)",4.472
26,md_cg_h10p0_ct1p5_mp20p0_it0p9_cg21_mix_periodic_file26.mat,21,"(2,4)",4.472
26,md_cg_h10p0_ct1p5_mp20p0_it0p9_cg21_mix_periodic_file26.mat,22,"(2,4)",4.472
26,md_cg_h10p0_ct1p5_mp20p0_it0p9_cg21_mix_periodic_file26.mat,23,"(2,4)",4.472
26,md_cg_h10p0_ct1p5_mp20p0_it0p9_cg21_mix_periodic_file26.mat,24,"(2,-4)",4.472
26,md_cg_h10p0_ct1p5_mp20p0_it0p9_cg21_mix_periodic_file26.mat,25,"(2,4)",4.472
26,md_cg_h10p0_ct1p5_mp20p0_it0p9_cg21_mix_periodic_file26.mat,26,"(2,4)",4.472
26,md_cg_h10p0_ct1p5_mp20p0_it0p9_cg21_mix_periodic_file26.mat,27,"(2,-4)",4.472
26,md_cg_h10p0_ct1p5_mp20p0_it0p9_cg21_mix_periodic_file26.mat,28,"(2,-4)",4.472
26,md_cg_h10p0_ct1p5_mp20p0_it0p9_cg21_mix_periodic_file26.mat,29,"(2,4)",4.472
26,md_cg_h10p0_ct1p5_mp20p0_it0p9_cg21_mix_periodic_file26.mat,30,"(2,-4)",4.472
27,md_cg_h10p0_ct1p5_mp20p0_it0p9_cg21_mix_periodic_file27.mat,0,"(3,-4)",5.000
27,md_cg_h10p0_ct1p5_mp20p0_it0p9_cg21_mix_periodic_file27.mat,1,"(3,-4)",5.000
27,md_cg_h10p0_ct1p5_mp20p0_it0p9_cg21_mix_periodic_file27.mat,2,"(3,4)",5.000
27,md_cg_h10p0_ct1p5_mp20p0_it0p9_cg21_mix_periodic_file27.mat,3,"(3,-4)",5.000
27,md_cg_h10p0_ct1p5_mp20p0_it0p9_cg21_mix_periodic_file27.mat,4,"(3,4)",5.000
27,md_cg_h10p0_ct1p5_mp20p0_it0p9_cg21_mix_periodic_file27.mat,5,"(3,4)",5.000
27,md_cg_h10p0_ct1p5_mp20p0_it0p9_cg21_mix_periodic_file27.mat,6,"(3,-4)",5.000
27,md_cg_h10p0_ct1p5_mp20p0_it0p9_cg21_mix_periodic_file27.mat,7,"(3,4)",5.000
27,md_cg_h10p0_ct1p5_mp20p0_it0p9_cg21_mix_periodic_file27.mat,8,"(3,4)",5.000
27,md_cg_h10p0_ct1p5_mp20p0_it0p9_cg21_mix_periodic_file27.mat,9,"(3,4)",5.000
27,md_cg_h10p0_ct1p5_mp20p0_it0p9_cg21_mix_periodic_file27.mat,10,"(3,4)",5.000
27,md_cg_h10p0_ct1p5_mp20p0_it0p9_cg21_mix_periodic_file27.mat,11,"(3,-4)",5.000
27,md_cg_h10p0_ct1p5_mp20p0_it0p9_cg21_mix_periodic_file27.mat,12,"(3,4)",5.000
27,md_cg_h10p0_ct1p5_mp20p0_it0p9_cg21_mix_periodic_file27.mat,13,"(3,-4)",5.000
27,md_cg_h10p0_ct1p5_mp20p0_it0p9_cg21_mix_periodic_file27.mat,14,"(3,4)",5.000
27,md_cg_h10p0_ct1p5_mp20p0_it0p9_cg21_mix_periodic_file27.mat,15,"(3,4)",5.000
27,md_cg_h10p0_ct1p5_mp20p0_it0p9_cg21_mix_periodic_file27.mat,16,"(3,4)",5.000
27,md_cg_h10p0_ct1p5_mp20p0_it0p9_cg21_mix_periodic_file27.mat,17,"(3,-4)",5.000
27,md_cg_h10p0_ct1p5_mp20p0_it0p9_cg21_mix_periodic_file27.mat,18,"(3,4)",5.000
27,md_cg_h10p0_ct1p5_mp20p0_it0p9_cg21_mix_periodic_file27.mat,19,"(3,4)",5.000
27,md_cg_h10p0_ct1p5_mp20p0_it0p9_cg21_mix_periodic_file27.mat,20,"(3,-4)",5.000
27,md_cg_h10p0_ct1p5_mp20p0_it0p9_cg21_mix_periodic_file27.mat,21,"(3,4)",5.000
27,md_cg_h10p0_ct1p5_mp20p0_it0p9_cg21_mix_periodic_file27.mat,22,"(3,4)",5.000
27,md_cg_h10p0_ct1p5_mp20p0_it0p9_cg21_mix_periodic_file27.mat,23,"(3,4)",5.000
27,md_cg_h10p0_ct1p5_mp20p0_it0p9_cg21_mix_periodic_file27.mat,24,"(3,4)",5.000
27,md_cg_h10p0_ct1p5_mp20p0_it0p9_cg21_mix_periodic_file27.mat,25,"(3,-4)",5.000
27,md_cg_h10p0_ct1p5_mp20p0_it0p9_cg21_mix_periodic_file27.mat,26,"(3,4)",5.000
27,md_cg_h10p0_ct1p5_mp20p0_it0p9_cg21_mix_periodic_file27.mat,27,"(3,-4)",5.000
28,md_cg_h10p0_ct1p5_mp20p0_it0p9_cg21_mix_periodic_file28.mat,0,"(4,4)",5.657
28,md_cg_h10p0_ct1p5_mp20p0_it0p9_cg21_mix_periodic_file28.mat,1,"(4,4)",5.657
28,md_cg_h10p0_ct1p5_mp20p0_it0p9_cg21_mix_periodic_file28.mat,2,"(4,4)",5.657
28,md_cg_h10p0_ct1p5_mp20p0_it0p9_cg21_mix_periodic_file28.mat,3,"(4,4)",5.657
28,md_cg_h10p0_ct1p5_mp20p0_it0p9_cg21_mix_periodic_file28.mat,4,"(4,4)",5.657
28,md_cg_h10p0_ct1p5_mp20p0_it0p9_cg21_mix_periodic_file28.mat,5,"(4,4)",5.657
28,md_cg_h10p0_ct1p5_mp20p0_it0p9_cg21_mix_periodic_file28.mat,6,"(4,-4)",5.657
28,md_cg_h10p0_ct1p5_mp20p0_it0p9_cg21_mix_periodic_file28.mat,7,"(4,4)",5.657
28,md_cg_h10p0_ct1p5_mp20p0_it0p9_cg21_mix_periodic_file28.mat,8,"(4,4)",5.657
28,md_cg_h10p0_ct1p5_mp20p0_it0p9_cg21_mix_periodic_file28.mat,9,"(4,-4)",5.657
28,md_cg_h10p0_ct1p5_mp20p0_it0p9_cg21_mix_periodic_file28.mat,10,"(4,4)",5.657
28,md_cg_h10p0_ct1p5_mp20p0_it0p9_cg21_mix_periodic_file28.mat,11,"(4,4)",5.657
28,md_cg_h10p0_ct1p5_mp20p0_it0p9_cg21_mix_periodic_file28.mat,12,"(4,4)",5.657
28,md_cg_h10p0_ct1p5_mp20p0_it0p9_cg21_mix_periodic_file28.mat,13,"(4,4)",5.657
28,md_cg_h10p0_ct1p5_mp20p0_it0p9_cg21_mix_periodic_file28.mat,14,"(4,4)",5.657
28,md_cg_h10p0_ct1p5_mp20p0_it0p9_cg21_mix_periodic_file28.mat,15,"(4,4)",5.657
28,md_cg_h10p0_ct1p5_mp20p0_it0p9_cg21_mix_periodic_file28.mat,16,"(4,-4)",5.657
28,md_cg_h10p0_ct1p5_mp20p0_it0p9_cg21_mix_periodic_file28.mat,17,"(4,-4)",5.657
28,md_cg_h10p0_ct1p5_mp20p0_it0p9_cg21_mix_periodic_file28.mat,18,"(4,4)",5.657
28,md_cg_h10p0_ct1p5_mp20p0_it0p9_cg21_mix_periodic_file28.mat,19,"(4,4)",5.657
28,md_cg_h10p0_ct1p5_mp20p0_it0p9_cg21_mix_periodic_file28.mat,20,"(4,4)",5.657
28,md_cg_h10p0_ct1p5_mp20p0_it0p9_cg21_mix_periodic_file28.mat,21,"(4,4)",5.657
28,md_cg_h10p0_ct1p5_mp20p0_it0p9_cg21_mix_periodic_file28.mat,22,"(4,-4)",5.657
28,md_cg_h10p0_ct1p5_mp20p0_it0p9_cg21_mix_periodic_file28.mat,23,"(4,-4)",5.657
28,md_cg_h10p0_ct1p5_mp20p0_it0p9_cg21_mix_periodic_file28.mat,24,"(4,-4)",5.657
28,md_cg_h10p0_ct1p5_mp20p0_it0p9_cg21_mix_periodic_file28.mat,25,"(4,4)",5.657
28,md_cg_h10p0_ct1p5_mp20p0_it0p9_cg21_mix_periodic_file28.mat,26,"(4,-4)",5.657
28,md_cg_h10p0_ct1p5_mp20p0_it0p9_cg21_mix_periodic_file28.mat,27,"(4,4)",5.657
29,md_cg_h10p0_ct1p5_mp20p0_it0p9_cg21_mix_periodic_file29.mat,0,"(5,4)",6.403
29,md_cg_h10p0_ct1p5_mp20p0_it0p9_cg21_mix_periodic_file29.mat,1,"(5,-4)",6.403
29,md_cg_h10p0_ct1p5_mp20p0_it0p9_cg21_mix_periodic_file29.mat,2,"(5,-4)",6.403
29,md_cg_h10p0_ct1p5_mp20p0_it0p9_cg21_mix_periodic_file29.mat,3,"(5,-4)",6.403
29,md_cg_h10p0_ct1p5_mp20p0_it0p9_cg21_mix_periodic_file29.mat,4,"(5,4)",6.403
29,md_cg_h10p0_ct1p5_mp20p0_it0p9_cg21_mix_periodic_file29.mat,5,"(5,-4)",6.403
29,md_cg_h10p0_ct1p5_mp20p0_it0p9_cg21_mix_periodic_file29.mat,6,"(5,-4)",6.403
29,md_cg_h10p0_ct1p5_mp20p0_it0p9_cg21_mix_periodic_file29.mat,7,"(5,-4)",6.403
29,md_cg_h10p0_ct1p5_mp20p0_it0p9_cg21_mix_periodic_file29.mat,8,"(5,-4)",6.403
29,md_cg_h10p0_ct1p5_mp20p0_it0p9_cg21_mix_periodic_file29.mat,9,"(5,-4)",6.403
29,md_cg_h10p0_ct1p5_mp20p0_it0p9_cg21_mix_periodic_file29.mat,10,"(5,4)",6.403
29,md_cg_h10p0_ct1p5_mp20p0_it0p9_cg21_mix_periodic_file29.mat,11,"(5,4)",6.403
29,md_cg_h10p0_ct1p5_mp20p0_it0p9_cg21_mix_periodic_file29.mat,12,"(5,-4)",6.403
29,md_cg_h10p0_ct1p5_mp20p0_it0p9_cg21_mix_periodic_file29.mat,13,"(5,4)",6.403
29,md_cg_h10p0_ct1p5_mp20p0_it0p9_cg21_mix_periodic_file29.mat,14,"(5,-4)",6.403
29,md_cg_h10p0_ct1p5_mp20p0_it0p9_cg21_mix_periodic_file29.mat,15,"(5,4)",6.403
29,md_cg_h10p0_ct1p5_mp20p0_it0p9_cg21_mix_periodic_file29.mat,16,"(5,4)",6.403
29,md_cg_h10p0_ct1p5_mp20p0_it0p9_cg21_mix_periodic_file29.mat,17,"(5,-4)",6.403
29,md_cg_h10p0_ct1p5_mp20p0_it0p9_cg21_mix_periodic_file29.mat,18,"(5,-4)",6.403
29,md_cg_h10p0_ct1p5_mp20p0_it0p9_cg21_mix_periodic_file29.mat,19,"(5,4)",6.403
29,md_cg_h10p0_ct1p5_mp20p0_it0p9_cg21_mix_periodic_file29.mat,20,"(5,-4)",6.403
29,md_cg_h10p0_ct1p5_mp20p0_it0p9_cg21_mix_periodic_file29.mat,21,"(5,4)",6.403
29,md_cg_h10p0_ct1p5_mp20p0_it0p9_cg21_mix_periodic_file29.mat,22,"(5,4)",6.403
29,md_cg_h10p0_ct1p5_mp20p0_it0p9_cg21_mix_periodic_file29.mat,23,"(5,-4)",6.403
29,md_cg_h10p0_ct1p5_mp20p0_it0p9_cg21_mix_periodic_file29.mat,24,"(5,4)",6.403
29,md_cg_h10p0_ct1p5_mp20p0_it0p9_cg21_mix_periodic_file29.mat,25,"(5,-4)",6.403
29,md_cg_h10p0_ct1p5_mp20p0_it0p9_cg21_mix_periodic_file29.mat,26,"(5,4)",6.403
29,md_cg_h10p0_ct1p5_mp20p0_it0p9_cg21_mix_periodic_file29.mat,27,"(5,4)",6.403
29,md_cg_h10p0_ct1p5_mp20p0_it0p9_cg21_mix_periodic_file29.mat,28,"(5,4)",6.403
30,md_cg_h10p0_ct1p5_mp20p0_it0p9_cg21_mix_periodic_file30.mat,0,"(0,5)",5.000
30,md_cg_h10p0_ct1p5_mp20p0_it0p9_cg21_mix_periodic_file30.mat,1,"(0,5)",5.000
30,md_cg_h10p0_ct1p5_mp20p0_it0p9_cg21_mix_periodic_file30.mat,2,"(0,5)",5.000
30,md_cg_h10p0_ct1p5_mp20p0_it0p9_cg21_mix_periodic_file30.mat,3,"(0,5)",5.000
30,md_cg_h10p0_ct1p5_mp20p0_it0p9_cg21_mix_periodic_file30.mat,4,"(0,5)",5.000
30,md_cg_h10p0_ct1p5_mp20p0_it0p9_cg21_mix_periodic_file30.mat,5,"(0,5)",5.000
30,md_cg_h10p0_ct1p5_mp20p0_it0p9_cg21_mix_periodic_file30.mat,6,"(0,5)",5.000
30,md_cg_h10p0_ct1p5_mp20p0_it0p9_cg21_mix_periodic_file30.mat,7,"(0,5)",5.000
30,md_cg_h10p0_ct1p5_mp20p0_it0p9_cg21_mix_periodic_file30.mat,8,"(0,5)",5.000
30,md_cg_h10p0_ct1p5_mp20p0_it0p9_cg21_mix_periodic_file30.mat,9,"(0,5)",5.000
30,md_cg_h10p0_ct1p5_mp20p0_it0p9_cg21_mix_periodic_file30.mat,10,"(0,5)",5.000
30,md_cg_h10p0_ct1p5_mp20p0_it0p9_cg21_mix_periodic_file30.mat,11,"(0,5)",5.000
30,md_cg_h10p0_ct1p5_mp20p0_it0p9_cg21_mix_periodic_file30.mat,12,"(0,5)",5.000
30,md_cg_h10p0_ct1p5_mp20p0_it0p9_cg21_mix_periodic_file30.mat,13,"(0,5)",5.000
30,md_cg_h10p0_ct1p5_mp20p0_it0p9_cg21_mix_periodic_file30.mat,14,"(0,5)",5.000
30,md_cg_h10p0_ct1p5_mp20p0_it0p9_cg21_mix_periodic_file30.mat,15,"(0,5)",5.000
30,md_cg_h10p0_ct1p5_mp20p0_it0p9_cg21_mix_periodic_file30.mat,16,"(0,5)",5.000
30,md_cg_h10p0_ct1p5_mp20p0_it0p9_cg21_mix_periodic_file30.mat,17,"(0,5)",5.000
30,md_cg_h10p0_ct1p5_mp20p0_it0p9_cg21_mix_periodic_file30.mat,18,"(0,5)",5.000
30,md_cg_h10p0_ct1p5_mp20p0_it0p9_cg21_mix_periodic_file30.mat,19,"(0,5)",5.000
30,md_cg_h10p0_ct1p5_mp20p0_it0p9_cg21_mix_periodic_file30.mat,20,"(0,5)",5.000
30,md_cg_h10p0_ct1p5_mp20p0_it0p9_cg21_mix_periodic_file30.mat,21,"(0,5)",5.000
30,md_cg_h10p0_ct1p5_mp20p0_it0p9_cg21_mix_periodic_file30.mat,22,"(0,5)",5.000
30,md_cg_h10p0_ct1p5_mp20p0_it0p9_cg21_mix_periodic_file30.mat,23,"(0,5)",5.000
30,md_cg_h10p0_ct1p5_mp20p0_it0p9_cg21_mix_periodic_file30.mat,24,"(0,5)",5.000
30,md_cg_h10p0_ct1p5_mp20p0_it0p9_cg21_mix_periodic_file30.mat,25,"(0,5)",5.000
30,md_cg_h10p0_ct1p5_mp20p0_it0p9_cg21_mix_periodic_file30.mat,26,"(0,5)",5.000
30,md_cg_h10p0_ct1p5_mp20p0_it0p9_cg21_mix_periodic_file30.mat,27,"(0,5)",5.000
30,md_cg_h10p0_ct1p5_mp20p0_it0p9_cg21_mix_periodic_file30.mat,28,"(0,5)",5.000
30,md_cg_h10p0_ct1p5_mp20p0_it0p9_cg21_mix_periodic_file30.mat,29,"(0,5)",5.000
30,md_cg_h10p0_ct1p5_mp20p0_it0p9_cg21_mix_periodic_file30.mat,30,"(0,5)",5.000
30,md_cg_h10p0_ct1p5_mp20p0_it0p9_cg21_mix_periodic_file30.mat,31,"(0,5)",5.000
30,md_cg_h10p0_ct1p5_mp20p0_it0p9_cg21_mix_periodic_file30.mat,32,"(0,5)",5.000
30,md_cg_h10p0_ct1p5_mp20p0_it0p9_cg21_mix_periodic_file30.mat,33,"(0,5)",5.000
30,md_cg_h10p0_ct1p5_mp20p0_it0p9_cg21_mix_periodic_file30.mat,34,"(0,5)",5.000
30,md_cg_h10p0_ct1p5_mp20p0_it0p9_cg21_mix_periodic_file30.mat,35,"(0,5)",5.000
30,md_cg_h10p0_ct1p5_mp20p0_it0p9_cg21_mix_periodic_file30.mat,36,"(0,5)",5.000
30,md_cg_h10p0_ct1p5_mp20p0_it0p9_cg21_mix_periodic_file30.mat,37,"(0,5)",5.000
30,md_cg_h10p0_ct1p5_mp20p0_it0p9_cg21_mix_periodic_file30.mat,38,"(0,5)",5.000
30,md_cg_h10p0_ct1p5_mp20p0_it0p9_cg21_mix_periodic_file30.mat,39,"(0,5)",5.000
30,md_cg_h10p0_ct1p5_mp20p0_it0p9_cg21_mix_periodic_file30.mat,40,"(0,5)",5.000
30,md_cg_h10p0_ct1p5_mp20p0_it0p9_cg21_mix_periodic_file30.mat,41,"(0,5)",5.000
30,md_cg_h10p0_ct1p5_mp20p0_it0p9_cg21_mix_periodic_file30.mat,42,"(0,5)",5.000
30,md_cg_h10p0_ct1p5_mp20p0_it0p9_cg21_mix_periodic_file30.mat,43,"(0,5)",5.000
30,md_cg_h10p0_ct1p5_mp20p0_it0p9_cg21_mix_periodic_file30.mat,44,"(0,5)",5.000
31,md_cg_h10p0_ct1p5_mp20p0_it0p9_cg21_mix_periodic_file31.mat,0,"(1,-5)",5.099
31,md_cg_h10p0_ct1p5_mp20p0_it0p9_cg21_mix_periodic_file31.mat,1,"(1,5)",5.099
31,md_cg_h10p0_ct1p5_mp20p0_it0p9_cg21_mix_periodic_file31.mat,2,"(1,5)",5.099
31,md_cg_h10p0_ct1p5_mp20p0_it0p9_cg21_mix_periodic_file31.mat,3,"(1,5)",5.099
31,md_cg_h10p0_ct1p5_mp20p0_it0p9_cg21_mix_periodic_file31.mat,4,"(1,5)",5.099
31,md_cg_h10p0_ct1p5_mp20p0_it0p9_cg21_mix_periodic_file31.mat,5,"(1,5)",5.099
31,md_cg_h10p0_ct1p5_mp20p0_it0p9_cg21_mix_periodic_file31.mat,6,"(1,-5)",5.099
31,md_cg_h10p0_ct1p5_mp20p0_it0p9_cg21_mix_periodic_file31.mat,7,"(1,5)",5.099
31,md_cg_h10p0_ct1p5_mp20p0_it0p9_cg21_mix_periodic_file31.mat,8,"(1,-5)",5.099
31,md_cg_h10p0_ct1p5_mp20p0_it0p9_cg21_mix_periodic_file31.mat,9,"(1,5)",5.099
31,md_cg_h10p0_ct1p5_mp20p0_it0p9_cg21_mix_periodic_file31.mat,10,"(1,5)",5.099
31,md_cg_h10p0_ct1p5_mp20p0_it0p9_cg21_mix_periodic_file31.mat,11,"(1,5)",5.099
31,md_cg_h10p0_ct1p5_mp20p0_it0p9_cg21_mix_periodic_file31.mat,12,"(1,5)",5.099
31,md_cg_h10p0_ct1p5_mp20p0_it0p9_cg21_mix_periodic_file31.mat,13,"(1,5)",5.099
31,md_cg_h10p0_ct1p5_mp20p0_it0p9_cg21_mix_periodic_file31.mat,14,"(1,5)",5.099
31,md_cg_h10p0_ct1p5_mp20p0_it0p9_cg21_mix_periodic_file31.mat,15,"(1,5)",5.099
31,md_cg_h10p0_ct1p5_mp20p0_it0p9_cg21_mix_periodic_file31.mat,16,"(1,5)",5.099
31,md_cg_h10p0_ct1p5_mp20p0_it0p9_cg21_mix_periodic_file31.mat,17,"(1,5)",5.099
31,md_cg_h10p0_ct1p5_mp20p0_it0p9_cg21_mix_periodic_file31.mat,18,"(1,5)",5.099
31,md_cg_h10p0_ct1p5_mp20p0_it0p9_cg21_mix_periodic_file31.mat,19,"(1,5)",5.099
31,md_cg_h10p0_ct1p5_mp20p0_it0p9_cg21_mix_periodic_file31.mat,20,"(1,-5)",5.099
31,md_cg_h10p0_ct1p5_mp20p0_it0p9_cg21_mix_periodic_file31.mat,21,"(1,5)",5.099
31,md_cg_h10p0_ct1p5_mp20p0_it0p9_cg21_mix_periodic_file31.mat,22,"(1,5)",5.099
31,md_cg_h10p0_ct1p5_mp20p0_it0p9_cg21_mix_periodic_file31.mat,23,"(1,-5)",5.099
31,md_cg_h10p0_ct1p5_mp20p0_it0p9_cg21_mix_periodic_file31.mat,24,"(1,5)",5.099
31,md_cg_h10p0_ct1p5_mp20p0_it0p9_cg21_mix_periodic_file31.mat,25,"(1,5)",5.099
31,md_cg_h10p0_ct1p5_mp20p0_it0p9_cg21_mix_periodic_file31.mat,26,"(1,5)",5.099
31,md_cg_h10p0_ct1p5_mp20p0_it0p9_cg21_mix_periodic_file31.mat,27,"(1,-5)",5.099
31,md_cg_h10p0_ct1p5_mp20p0_it0p9_cg21_mix_periodic_file31.mat,28,"(1,-5)",5.099
31,md_cg_h10p0_ct1p5_mp20p0_it0p9_cg21_mix_periodic_file31.mat,29,"(1,-5)",5.099
31,md_cg_h10p0_ct1p5_mp20p0_it0p9_cg21_mix_periodic_file31.mat,30,"(1,5)",5.099
31,md_cg_h10p0_ct1p5_mp20p0_it0p9_cg21_mix_periodic_file31.mat,31,"(1,-5)",5.099
31,md_cg_h10p0_ct1p5_mp20p0_it0p9_cg21_mix_periodic_file31.mat,32,"(1,5)",5.099
31,md_cg_h10p0_ct1p5_mp20p0_it0p9_cg21_mix_periodic_file31.mat,33,"(1,5)",5.099
31,md_cg_h10p0_ct1p5_mp20p0_it0p9_cg21_mix_periodic_file31.mat,34,"(1,-5)",5.099
31,md_cg_h10p0_ct1p5_mp20p0_it0p9_cg21_mix_periodic_file31.mat,35,"(1,5)",5.099
31,md_cg_h10p0_ct1p5_mp20p0_it0p9_cg21_mix_periodic_file31.mat,36,"(1,5)",5.099
32,md_cg_h10p0_ct1p5_mp20p0_it0p9_cg21_mix_periodic_file32.mat,0,"(2,-5)",5.385
32,md_cg_h10p0_ct1p5_mp20p0_it0p9_cg21_mix_periodic_file32.mat,1,"(2,-5)",5.385
32,md_cg_h10p0_ct1p5_mp20p0_it0p9_cg21_mix_periodic_file32.mat,2,"(2,-5)",5.385
32,md_cg_h10p0_ct1p5_mp20p0_it0p9_cg21_mix_periodic_file32.mat,3,"(2,-5)",5.385
32,md_cg_h10p0_ct1p5_mp20p0_it0p9_cg21_mix_periodic_file32.mat,4,"(2,-5)",5.385
32,md_cg_h10p0_ct1p5_mp20p0_it0p9_cg21_mix_periodic_file32.mat,5,"(2,-5)",5.385
32,md_cg_h10p0_ct1p5_mp20p0_it0p9_cg21_mix_periodic_file32.mat,6,"(2,5)",5.385
32,md_cg_h10p0_ct1p5_mp20p0_it0p9_cg21_mix_periodic_file32.mat,7,"(2,-5)",5.385
32,md_cg_h10p0_ct1p5_mp20p0_it0p9_cg21_mix_periodic_file32.mat,8,"(2,5)",5.385
32,md_cg_h10p0_ct1p5_mp20p0_it0p9_cg21_mix_periodic_file32.mat,9,"(2,-5)",5.385
32,md_cg_h10p0_ct1p5_mp20p0_it0p9_cg21_mix_periodic_file32.mat,10,"(2,-5)",5.385
32,md_cg_h10p0_ct1p5_mp20p0_it0p9_cg21_mix_periodic_file32.mat,11,"(2,5)",5.385
32,md_cg_h10p0_ct1p5_mp20p0_it0p9_cg21_mix_periodic_file32.mat,12,"(2,5)",5.385
32,md_cg_h10p0_ct1p5_mp20p0_it0p9_cg21_mix_periodic_file32.mat,13,"(2,5)",5.385
32,md_cg_h10p0_ct1p5_mp20p0_it0p9_cg21_mix_periodic_file32.mat,14,"(2,-5)",5.385
32,md_cg_h10p0_ct1p5_mp20p0_it0p9_cg21_mix_periodic_file32.mat,15,"(2,5)",5.385
32,md_cg_h10p0_ct1p5_mp20p0_it0p9_cg21_mix_periodic_file32.mat,16,"(2,-5)",5.385
32,md_cg_h10p0_ct1p5_mp20p0_it0p9_cg21_mix_periodic_file32.mat,17,"(2,5)",5.385
32,md_cg_h10p0_ct1p5_mp20p0_it0p9_cg21_mix_periodic_file32.mat,18,"(2,5)",5.385
32,md_cg_h10p0_ct1p5_mp20p0_it0p9_cg21_mix_periodic_file32.mat,19,"(2,-5)",5.385
32,md_cg_h10p0_ct1p5_mp20p0_it0p9_cg21_mix_periodic_file32.mat,20,"(2,5)",5.385
32,md_cg_h10p0_ct1p5_mp20p0_it0p9_cg21_mix_periodic_file32.mat,21,"(2,5)",5.385
32,md_cg_h10p0_ct1p5_mp20p0_it0p9_cg21_mix_periodic_file32.mat,22,"(2,5)",5.385
32,md_cg_h10p0_ct1p5_mp20p0_it0p9_cg21_mix_periodic_file32.mat,23,"(2,-5)",5.385
32,md_cg_h10p0_ct1p5_mp20p0_it0p9_cg21_mix_periodic_file32.mat,24,"(2,-5)",5.385
32,md_cg_h10p0_ct1p5_mp20p0_it0p9_cg21_mix_periodic_file32.mat,25,"(2,-5)",5.385
32,md_cg_h10p0_ct1p5_mp20p0_it0p9_cg21_mix_periodic_file32.mat,26,"(2,-5)",5.385
32,md_cg_h10p0_ct1p5_mp20p0_it0p9_cg21_mix_periodic_file32.mat,27,"(2,-5)",5.385
32,md_cg_h10p0_ct1p5_mp20p0_it0p9_cg21_mix_periodic_file32.mat,28,"(2,5)",5.385
32,md_cg_h10p0_ct1p5_mp20p0_it0p9_cg21_mix_periodic_file32.mat,29,"(2,5)",5.385
32,md_cg_h10p0_ct1p5_mp20p0_it0p9_cg21_mix_periodic_file32.mat,30,"(2,5)",5.385
32,md_cg_h10p0_ct1p5_mp20p0_it0p9_cg21_mix_periodic_file32.mat,31,"(2,5)",5.385
33,md_cg_h10p0_ct1p5_mp20p0_it0p9_cg21_mix_periodic_file33.mat,0,"(3,5)",5.831
33,md_cg_h10p0_ct1p5_mp20p0_it0p9_cg21_mix_periodic_file33.mat,1,"(3,5)",5.831
33,md_cg_h10p0_ct1p5_mp20p0_it0p9_cg21_mix_periodic_file33.mat,2,"(3,5)",5.831
33,md_cg_h10p0_ct1p5_mp20p0_it0p9_cg21_mix_periodic_file33.mat,3,"(3,-5)",5.831
33,md_cg_h10p0_ct1p5_mp20p0_it0p9_cg21_mix_periodic_file33.mat,4,"(3,5)",5.831
33,md_cg_h10p0_ct1p5_mp20p0_it0p9_cg21_mix_periodic_file33.mat,5,"(3,5)",5.831
33,md_cg_h10p0_ct1p5_mp20p0_it0p9_cg21_mix_periodic_file33.mat,6,"(3,-5)",5.831
33,md_cg_h10p0_ct1p5_mp20p0_it0p9_cg21_mix_periodic_file33.mat,7,"(3,5)",5.831
33,md_cg_h10p0_ct1p5_mp20p0_it0p9_cg21_mix_periodic_file33.mat,8,"(3,5)",5.831
33,md_cg_h10p0_ct1p5_mp20p0_it0p9_cg21_mix_periodic_file33.mat,9,"(3,-5)",5.831
33,md_cg_h10p0_ct1p5_mp20p0_it0p9_cg21_mix_periodic_file33.mat,10,"(3,5)",5.831
33,md_cg_h10p0_ct1p5_mp20p0_it0p9_cg21_mix_periodic_file33.mat,11,"(3,-5)",5.831
33,md_cg_h10p0_ct1p5_mp20p0_it0p9_cg21_mix_periodic_file33.mat,12,"(3,5)",5.831
33,md_cg_h10p0_ct1p5_mp20p0_it0p9_cg21_mix_periodic_file33.mat,13,"(3,5)",5.831
33,md_cg_h10p0_ct1p5_mp20p0_it0p9_cg21_mix_periodic_file33.mat,14,"(3,5)",5.831
33,md_cg_h10p0_ct1p5_mp20p0_it0p9_cg21_mix_periodic_file33.mat,15,"(3,-5)",5.831
33,md_cg_h10p0_ct1p5_mp20p0_it0p9_cg21_mix_periodic_file33.mat,16,"(3,5)",5.831
33,md_cg_h10p0_ct1p5_mp20p0_it0p9_cg21_mix_periodic_file33.mat,17,"(3,5)",5.831
33,md_cg_h10p0_ct1p5_mp20p0_it0p9_cg21_mix_periodic_file33.mat,18,"(3,-5)",5.831
33,md_cg_h10p0_ct1p5_mp20p0_it0p9_cg21_mix_periodic_file33.mat,19,"(3,5)",5.831
33,md_cg_h10p0_ct1p5_mp20p0_it0p9_cg21_mix_periodic_file33.mat,20,"(3,-5)",5.831
33,md_cg_h10p0_ct1p5_mp20p0_it0p9_cg21_mix_periodic_file33.mat,21,"(3,5)",5.831
33,md_cg_h10p0_ct1p5_mp20p0_it0p9_cg21_mix_periodic_file33.mat,22,"(3,5)",5.831
33,md_cg_h10p0_ct1p5_mp20p0_it0p9_cg21_mix_periodic_file33.mat,23,"(3,5)",5.831
33,md_cg_h10p0_ct1p5_mp20p0_it0p9_cg21_mix_periodic_file33.mat,24,"(3,-5)",5.831
33,md_cg_h10p0_ct1p5_mp20p0_it0p9_cg21_mix_periodic_file33.mat,25,"(3,-5)",5.831
33,md_cg_h10p0_ct1p5_mp20p0_it0p9_cg21_mix_periodic_file33.mat,26,"(3,5)",5.831
33,md_cg_h10p0_ct1p5_mp20p0_it0p9_cg21_mix_periodic_file33.mat,27,"(3,5)",5.831
33,md_cg_h10p0_ct1p5_mp20p0_it0p9_cg21_mix_periodic_file33.mat,28,"(3,5)",5.831
34,md_cg_h10p0_ct1p5_mp20p0_it0p9_cg21_mix_periodic_file34.mat,0,"(4,5)",6.403
34,md_cg_h10p0_ct1p5_mp20p0_it0p9_cg21_mix_periodic_file34.mat,1,"(4,-5)",6.403
34,md_cg_h10p0_ct1p5_mp20p0_it0p9_cg21_mix_periodic_file34.mat,2,"(4,-5)",6.403
34,md_cg_h10p0_ct1p5_mp20p0_it0p9_cg21_mix_periodic_file34.mat,3,"(4,5)",6.403
34,md_cg_h10p0_ct1p5_mp20p0_it0p9_cg21_mix_periodic_file34.mat,4,"(4,5)",6.403
34,md_cg_h10p0_ct1p5_mp20p0_it0p9_cg21_mix_periodic_file34.mat,5,"(4,5)",6.403
34,md_cg_h10p0_ct1p5_mp20p0_it0p9_cg21_mix_periodic_file34.mat,6,"(4,5)",6.403
34,md_cg_h10p0_ct1p5_mp20p0_it0p9_cg21_mix_periodic_file34.mat,7,"(4,5)",6.403
34,md_cg_h10p0_ct1p5_mp20p0_it0p9_cg21_mix_periodic_file34.mat,8,"(4,-5)",6.403
34,md_cg_h10p0_ct1p5_mp20p0_it0p9_cg21_mix_periodic_file34.mat,9,"(4,5)",6.403
34,md_cg_h10p0_ct1p5_mp20p0_it0p9_cg21_mix_periodic_file34.mat,10,"(4,-5)",6.403
34,md_cg_h10p0_ct1p5_mp20p0_it0p9_cg21_mix_periodic_file34.mat,11,"(4,5)",6.403
34,md_cg_h10p0_ct1p5_mp20p0_it0p9_cg21_mix_periodic_file34.mat,12,"(4,5)",6.403
34,md_cg_h10p0_ct1p5_mp20p0_it0p9_cg21_mix_periodic_file34.mat,13,"(4,-5)",6.403
34,md_cg_h10p0_ct1p5_mp20p0_it0p9_cg21_mix_periodic_file34.mat,14,"(4,-5)",6.403
34,md_cg_h10p0_ct1p5_mp20p0_it0p9_cg21_mix_periodic_file34.mat,15,"(4,5)",6.403
34,md_cg_h10p0_ct1p5_mp20p0_it0p9_cg21_mix_periodic_file34.mat,16,"(4,5)",6.403
34,md_cg_h10p0_ct1p5_mp20p0_it0p9_cg21_mix_periodic_file34.mat,17,"(4,-5)",6.403
34,md_cg_h10p0_ct1p5_mp20p0_it0p9_cg21_mix_periodic_file34.mat,18,"(4,5)",6.403
34,md_cg_h10p0_ct1p5_mp20p0_it0p9_cg21_mix_periodic_file34.mat,19,"(4,5)",6.403
34,md_cg_h10p0_ct1p5_mp20p0_it0p9_cg21_mix_periodic_file34.mat,20,"(4,5)",6.403
34,md_cg_h10p0_ct1p5_mp20p0_it0p9_cg21_mix_periodic_file34.mat,21,"(4,-5)",6.403
34,md_cg_h10p0_ct1p5_mp20p0_it0p9_cg21_mix_periodic_file34.mat,22,"(4,5)",6.403
34,md_cg_h10p0_ct1p5_mp20p0_it0p9_cg21_mix_periodic_file34.mat,23,"(4,5)",6.403
34,md_cg_h10p0_ct1p5_mp20p0_it0p9_cg21_mix_periodic_file34.mat,24,"(4,-5)",6.403
34,md_cg_h10p0_ct1p5_mp20p0_it0p9_cg21_mix_periodic_file34.mat,25,"(4,-5)",6.403
34,md_cg_h10p0_ct1p5_mp20p0_it0p9_cg21_mix_periodic_file34.mat,26,"(4,-5)",6.403
34,md_cg_h10p0_ct1p5_mp20p0_it0p9_cg21_mix_periodic_file34.mat,27,"(4,5)",6.403
35,md_cg_h10p0_ct1p5_mp20p0_it0p9_cg21_mix_periodic_file35.mat,0,"(5,-5)",7.071
35,md_cg_h10p0_ct1p5_mp20p0_it0p9_cg21_mix_periodic_file35.mat,1,"(5,-5)",7.071
35,md_cg_h10p0_ct1p5_mp20p0_it0p9_cg21_mix_periodic_file35.mat,2,"(5,-5)",7.071
35,md_cg_h10p0_ct1p5_mp20p0_it0p9_cg21_mix_periodic_file35.mat,3,"(5,5)",7.071
35,md_cg_h10p0_ct1p5_mp20p0_it0p9_cg21_mix_periodic_file35.mat,4,"(5,-5)",7.071
35,md_cg_h10p0_ct1p5_mp20p0_it0p9_cg21_mix_periodic_file35.mat,5,"(5,5)",7.071
35,md_cg_h10p0_ct1p5_mp20p0_it0p9_cg21_mix_periodic_file35.mat,6,"(5,5)",7.071
35,md_cg_h10p0_ct1p5_mp20p0_it0p9_cg21_mix_periodic_file35.mat,7,"(5,5)",7.071
35,md_cg_h10p0_ct1p5_mp20p0_it0p9_cg21_mix_periodic_file35.mat,8,"(5,5)",7.071
35,md_cg_h10p0_ct1p5_mp20p0_it0p9_cg21_mix_periodic_file35.mat,9,"(5,5)",7.071
35,md_cg_h10p0_ct1p5_mp20p0_it0p9_cg21_mix_periodic_file35.mat,10,"(5,5)",7.071
35,md_cg_h10p0_ct1p5_mp20p0_it0p9_cg21_mix_periodic_file35.mat,11,"(5,-5)",7.071
35,md_cg_h10p0_ct1p5_mp20p0_it0p9_cg21_mix_periodic_file35.mat,12,"(5,5)",7.071
35,md_cg_h10p0_ct1p5_mp20p0_it0p9_cg21_mix_periodic_file35.mat,13,"(5,5)",7.071
35,md_cg_h10p0_ct1p5_mp20p0_it0p9_cg21_mix_periodic_file35.mat,14,"(5,-5)",7.071
35,md_cg_h10p0_ct1p5_mp20p0_it0p9_cg21_mix_periodic_file35.mat,15,"(5,-5)",7.071
35,md_cg_h10p0_ct1p5_mp20p0_it0p9_cg21_mix_periodic_file35.mat,16,"(5,-5)",7.071
35,md_cg_h10p0_ct1p5_mp20p0_it0p9_cg21_mix_periodic_file35.mat,17,"(5,5)",7.071
35,md_cg_h10p0_ct1p5_mp20p0_it0p9_cg21_mix_periodic_file35.mat,18,"(5,-5)",7.071
35,md_cg_h10p0_ct1p5_mp20p0_it0p9_cg21_mix_periodic_file35.mat,19,"(5,5)",7.071
35,md_cg_h10p0_ct1p5_mp20p0_it0p9_cg21_mix_periodic_file35.mat,20,"(5,5)",7.071
35,md_cg_h10p0_ct1p5_mp20p0_it0p9_cg21_mix_periodic_file35.mat,21,"(5,5)",7.071
35,md_cg_h10p0_ct1p5_mp20p0_it0p9_cg21_mix_periodic_file35.mat,22,"(5,5)",7.071
35,md_cg_h10p0_ct1p5_mp20p0_it0p9_cg21_mix_periodic_file35.mat,23,"(5,-5)",7.071
35,md_cg_h10p0_ct1p5_mp20p0_it0p9_cg21_mix_periodic_file35.mat,24,"(5,5)",7.071
35,md_cg_h10p0_ct1p5_mp20p0_it0p9_cg21_mix_periodic_file35.mat,25,"(5,5)",7.071
35,md_cg_h10p0_ct1p5_mp20p0_it0p9_cg21_mix_periodic_file35.mat,26,"(5,5)",7.071
35,md_cg_h10p0_ct1p5_mp20p0_it0p9_cg21_mix_periodic_file35.mat,27,"(5,5)",7.071
36,md_cg_h10p0_ct1p5_mp20p0_it0p9_cg21_mix_periodic_file36.mat,0,"(1,0)",1.000
36,md_cg_h10p0_ct1p5_mp20p0_it0p9_cg21_mix_periodic_file36.mat,1,"(1,0)",1.000
36,md_cg_h10p0_ct1p5_mp20p0_it0p9_cg21_mix_periodic_file36.mat,2,"(1,0)",1.000
36,md_cg_h10p0_ct1p5_mp20p0_it0p9_cg21_mix_periodic_file36.mat,3,"(1,0)",1.000
36,md_cg_h10p0_ct1p5_mp20p0_it0p9_cg21_mix_periodic_file36.mat,4,"(1,0)",1.000
36,md_cg_h10p0_ct1p5_mp20p0_it0p9_cg21_mix_periodic_file36.mat,5,"(1,0)",1.000
36,md_cg_h10p0_ct1p5_mp20p0_it0p9_cg21_mix_periodic_file36.mat,6,"(1,0)",1.000
36,md_cg_h10p0_ct1p5_mp20p0_it0p9_cg21_mix_periodic_file36.mat,7,"(1,0)",1.000
36,md_cg_h10p0_ct1p5_mp20p0_it0p9_cg21_mix_periodic_file36.mat,8,"(1,0)",1.000
36,md_cg_h10p0_ct1p5_mp20p0_it0p9_cg21_mix_periodic_file36.mat,9,"(1,0)",1.000
36,md_cg_h10p0_ct1p5_mp20p0_it0p9_cg21_mix_periodic_file36.mat,10,"(1,0)",1.000
36,md_cg_h10p0_ct1p5_mp20p0_it0p9_cg21_mix_periodic_file36.mat,11,"(1,0)",1.000
36,md_cg_h10p0_ct1p5_mp20p0_it0p9_cg21_mix_periodic_file36.mat,12,"(1,0)",1.000
36,md_cg_h10p0_ct1p5_mp20p0_it0p9_cg21_mix_periodic_file36.mat,13,"(1,0)",1.000
36,md_cg_h10p0_ct1p5_mp20p0_it0p9_cg21_mix_periodic_file36.mat,14,"(1,0)",1.000
36,md_cg_h10p0_ct1p5_mp20p0_it0p9_cg21_mix_periodic_file36.mat,15,"(1,0)",1.000
36,md_cg_h10p0_ct1p5_mp20p0_it0p9_cg21_mix_periodic_file36.mat,16,"(1,0)",1.000
36,md_cg_h10p0_ct1p5_mp20p0_it0p9_cg21_mix_periodic_file36.mat,17,"(1,0)",1.000
36,md_cg_h10p0_ct1p5_mp20p0_it0p9_cg21_mix_periodic_file36.mat,18,"(1,0)",1.000
36,md_cg_h10p0_ct1p5_mp20p0_it0p9_cg21_mix_periodic_file36.mat,19,"(1,0)",1.000
36,md_cg_h10p0_ct1p5_mp20p0_it0p9_cg21_mix_periodic_file36.mat,20,"(1,0)",1.000
36,md_cg_h10p0_ct1p5_mp20p0_it0p9_cg21_mix_periodic_file36.mat,21,"(1,0)",1.000
36,md_cg_h10p0_ct1p5_mp20p0_it0p9_cg21_mix_periodic_file36.mat,22,"(1,0)",1.000
36,md_cg_h10p0_ct1p5_mp20p0_it0p9_cg21_mix_periodic_file36.mat,23,"(1,0)",1.000
36,md_cg_h10p0_ct1p5_mp20p0_it0p9_cg21_mix_periodic_file36.mat,24,"(1,0)",1.000
36,md_cg_h10p0_ct1p5_mp20p0_it0p9_cg21_mix_periodic_file36.mat,25,"(1,0)",1.000
36,md_cg_h10p0_ct1p5_mp20p0_it0p9_cg21_mix_periodic_file36.mat,26,"(1,0)",1.000
36,md_cg_h10p0_ct1p5_mp20p0_it0p9_cg21_mix_periodic_file36.mat,27,"(1,0)",1.000
36,md_cg_h10p0_ct1p5_mp20p0_it0p9_cg21_mix_periodic_file36.mat,28,"(1,0)",1.000
36,md_cg_h10p0_ct1p5_mp20p0_it0p9_cg21_mix_periodic_file36.mat,29,"(1,0)",1.000
36,md_cg_h10p0_ct1p5_mp20p0_it0p9_cg21_mix_periodic_file36.mat,30,"(1,0)",1.000
36,md_cg_h10p0_ct1p5_mp20p0_it0p9_cg21_mix_periodic_file36.mat,31,"(1,0)",1.000
36,md_cg_h10p0_ct1p5_mp20p0_it0p9_cg21_mix_periodic_file36.mat,32,"(1,0)",1.000
36,md_cg_h10p0_ct1p5_mp20p0_it0p9_cg21_mix_periodic_file36.mat,33,"(1,0)",1.000
36,md_cg_h10p0_ct1p5_mp20p0_it0p9_cg21_mix_periodic_file36.mat,34,"(1,0)",1.000
36,md_cg_h10p0_ct1p5_mp20p0_it0p9_cg21_mix_periodic_file36.mat,35,"(1,0)",1.000
36,md_cg_h10p0_ct1p5_mp20p0_it0p9_cg21_mix_periodic_file36.mat,36,"(1,0)",1.000
36,md_cg_h10p0_ct1p5_mp20p0_it0p9_cg21_mix_periodic_file36.mat,37,"(1,0)",1.000
36,md_cg_h10p0_ct1p5_mp20p0_it0p9_cg21_mix_periodic_file36.mat,38,"(1,0)",1.000
36,md_cg_h10p0_ct1p5_mp20p0_it0p9_cg21_mix_periodic_file36.mat,39,"(1,0)",1.000
36,md_cg_h10p0_ct1p5_mp20p0_it0p9_cg21_mix_periodic_file36.mat,40,"(1,0)",1.000
36,md_cg_h10p0_ct1p5_mp20p0_it0p9_cg21_mix_periodic_file36.mat,41,"(1,0)",1.000
36,md_cg_h10p0_ct1p5_mp20p0_it0p9_cg21_mix_periodic_file36.mat,42,"(1,0)",1.000
36,md_cg_h10p0_ct1p5_mp20p0_it0p9_cg21_mix_periodic_file36.mat,43,"(1,0)",1.000
37,md_cg_h10p0_ct1p5_mp20p0_it0p9_cg21_mix_periodic_file37.mat,0,"(2,0)",2.000
37,md_cg_h10p0_ct1p5_mp20p0_it0p9_cg21_mix_periodic_file37.mat,1,"(2,0)",2.000
37,md_cg_h10p0_ct1p5_mp20p0_it0p9_cg21_mix_periodic_file37.mat,2,"(2,0)",2.000
37,md_cg_h10p0_ct1p5_mp20p0_it0p9_cg21_mix_periodic_file37.mat,3,"(2,0)",2.000
37,md_cg_h10p0_ct1p5_mp20p0_it0p9_cg21_mix_periodic_file37.mat,4,"(2,0)",2.000
37,md_cg_h10p0_ct1p5_mp20p0_it0p9_cg21_mix_periodic_file37.mat,5,"(2,0)",2.000
37,md_cg_h10p0_ct1p5_mp20p0_it0p9_cg21_mix_periodic_file37.mat,6,"(2,0)",2.000
37,md_cg_h10p0_ct1p5_mp20p0_it0p9_cg21_mix_periodic_file37.mat,7,"(2,0)",2.000
37,md_cg_h10p0_ct1p5_mp20p0_it0p9_cg21_mix_periodic_file37.mat,8,"(2,0)",2.000
37,md_cg_h10p0_ct1p5_mp20p0_it0p9_cg21_mix_periodic_file37.mat,9,"(2,0)",2.000
37,md_cg_h10p0_ct1p5_mp20p0_it0p9_cg21_mix_periodic_file37.mat,10,"(2,0)",2.000
37,md_cg_h10p0_ct1p5_mp20p0_it0p9_cg21_mix_periodic_file37.mat,11,"(2,0)",2.000
37,md_cg_h10p0_ct1p5_mp20p0_it0p9_cg21_mix_periodic_file37.mat,12,"(2,0)",2.000
37,md_cg_h10p0_ct1p5_mp20p0_it0p9_cg21_mix_periodic_file37.mat,13,"(2,0)",2.000
37,md_cg_h10p0_ct1p5_mp20p0_it0p9_cg21_mix_periodic_file37.mat,14,"(2,0)",2.000
37,md_cg_h10p0_ct1p5_mp20p0_it0p9_cg21_mix_periodic_file37.mat,15,"(2,0)",2.000
37,md_cg_h10p0_ct1p5_mp20p0_it0p9_cg21_mix_periodic_file37.mat,16,"(2,0)",2.000
37,md_cg_h10p0_ct1p5_mp20p0_it0p9_cg21_mix_periodic_file37.mat,17,"(2,0)",2.000
37,md_cg_h10p0_ct1p5_mp20p0_it0p9_cg21_mix_periodic_file37.mat,18,"(2,0)",2.000
37,md_cg_h10p0_ct1p5_mp20p0_it0p9_cg21_mix_periodic_file37.mat,19,"(2,0)",2.000
37,md_cg_h10p0_ct1p5_mp20p0_it0p9_cg21_mix_periodic_file37.mat,20,"(2,0)",2.000
37,md_cg_h10p0_ct1p5_mp20p0_it0p9_cg21_mix_periodic_file37.mat,21,"(2,0)",2.000
37,md_cg_h10p0_ct1p5_mp20p0_it0p9_cg21_mix_periodic_file37.mat,22,"(2,0)",2.000
37,md_cg_h10p0_ct1p5_mp20p0_it0p9_cg21_mix_periodic_file37.mat,23,"(2,0)",2.000
37,md_cg_h10p0_ct1p5_mp20p0_it0p9_cg21_mix_periodic_file37.mat,24,"(2,0)",2.000
37,md_cg_h10p0_ct1p5_mp20p0_it0p9_cg21_mix_periodic_file37.mat,25,"(2,0)",2.000
37,md_cg_h10p0_ct1p5_mp20p0_it0p9_cg21_mix_periodic_file37.mat,26,"(2,0)",2.000
37,md_cg_h10p0_ct1p5_mp20p0_it0p9_cg21_mix_periodic_file37.mat,27,"(2,0)",2.000
37,md_cg_h10p0_ct1p5_mp20p0_it0p9_cg21_mix_periodic_file37.mat,28,"(2,0)",2.000
37,md_cg_h10p0_ct1p5_mp20p0_it0p9_cg21_mix_periodic_file37.mat,29,"(2,0)",2.000
37,md_cg_h10p0_ct1p5_mp20p0_it0p9_cg21_mix_periodic_file37.mat,30,"(2,0)",2.000
37,md_cg_h10p0_ct1p5_mp20p0_it0p9_cg21_mix_periodic_file37.mat,31,"(2,0)",2.000
37,md_cg_h10p0_ct1p5_mp20p0_it0p9_cg21_mix_periodic_file37.mat,32,"(2,0)",2.000
37,md_cg_h10p0_ct1p5_mp20p0_it0p9_cg21_mix_periodic_file37.mat,33,"(2,0)",2.000
37,md_cg_h10p0_ct1p5_mp20p0_it0p9_cg21_mix_periodic_file37.mat,34,"(2,0)",2.000
37,md_cg_h10p0_ct1p5_mp20p0_it0p9_cg21_mix_periodic_file37.mat,35,"(2,0)",2.000
37,md_cg_h10p0_ct1p5_mp20p0_it0p9_cg21_mix_periodic_file37.mat,36,"(2,0)",2.000
37,md_cg_h10p0_ct1p5_mp20p0_it0p9_cg21_mix_periodic_file37.mat,37,"(2,0)",2.000
37,md_cg_h10p0_ct1p5_mp20p0_it0p9_cg21_mix_periodic_file37.mat,38,"(2,0)",2.000
37,md_cg_h10p0_ct1p5_mp20p0_it0p9_cg21_mix_periodic_file37.mat,39,"(2,0)",2.000
37,md_cg_h10p0_ct1p5_mp20p0_it0p9_cg21_mix_periodic_file37.mat,40,"(2,0)",2.000
37,md_cg_h10p0_ct1p5_mp20p0_it0p9_cg21_mix_periodic_file37.mat,41,"(2,0)",2.000
37,md_cg_h10p0_ct1p5_mp20p0_it0p9_cg21_mix_periodic_file37.mat,42,"(2,0)",2.000
37,md_cg_h10p0_ct1p5_mp20p0_it0p9_cg21_mix_periodic_file37.mat,43,"(2,0)",2.000
38,md_cg_h10p0_ct1p5_mp20p0_it0p9_cg21_mix_periodic_file38.mat,0,"(3,0)",3.000
38,md_cg_h10p0_ct1p5_mp20p0_it0p9_cg21_mix_periodic_file38.mat,1,"(3,0)",3.000
38,md_cg_h10p0_ct1p5_mp20p0_it0p9_cg21_mix_periodic_file38.mat,2,"(3,0)",3.000
38,md_cg_h10p0_ct1p5_mp20p0_it0p9_cg21_mix_periodic_file38.mat,3,"(3,0)",3.000
38,md_cg_h10p0_ct1p5_mp20p0_it0p9_cg21_mix_periodic_file38.mat,4,"(3,0)",3.000
38,md_cg_h10p0_ct1p5_mp20p0_it0p9_cg21_mix_periodic_file38.mat,5,"(3,0)",3.000
38,md_cg_h10p0_ct1p5_mp20p0_it0p9_cg21_mix_periodic_file38.mat,6,"(3,0)",3.000
38,md_cg_h10p0_ct1p5_mp20p0_it0p9_cg21_mix_periodic_file38.mat,7,"(3,0)",3.000
38,md_cg_h10p0_ct1p5_mp20p0_it0p9_cg21_mix_periodic_file38.mat,8,"(3,0)",3.000
38,md_cg_h10p0_ct1p5_mp20p0_it0p9_cg21_mix_periodic_file38.mat,9,"(3,0)",3.000
38,md_cg_h10p0_ct1p5_mp20p0_it0p9_cg21_mix_periodic_file38.mat,10,"(3,0)",3.000
38,md_cg_h10p0_ct1p5_mp20p0_it0p9_cg21_mix_periodic_file38.mat,11,"(3,0)",3.000
38,md_cg_h10p0_ct1p5_mp20p0_it0p9_cg21_mix_periodic_file38.mat,12,"(3,0)",3.000
38,md_cg_h10p0_ct1p5_mp20p0_it0p9_cg21_mix_periodic_file38.mat,13,"(3,0)",3.000
38,md_cg_h10p0_ct1p5_mp20p0_it0p9_cg21_mix_periodic_file38.mat,14,"(3,0)",3.000
38,md_cg_h10p0_ct1p5_mp20p0_it0p9_cg21_mix_periodic_file38.mat,15,"(3,0)",3.000
38,md_cg_h10p0_ct1p5_mp20p0_it0p9_cg21_mix_periodic_file38.mat,16,"(3,0)",3.000
38,md_cg_h10p0_ct1p5_mp20p0_it0p9_cg21_mix_periodic_file38.mat,17,"(3,0)",3.000
38,md_cg_h10p0_ct1p5_mp20p0_it0p9_cg21_mix_periodic_file38.mat,18,"(3,0)",3.000
38,md_cg_h10p0_ct1p5_mp20p0_it0p9_cg21_mix_periodic_file38.mat,19,"(3,0)",3.000
38,md_cg_h10p0_ct1p5_mp20p0_it0p9_cg21_mix_periodic_file38.mat,20,"(3,0)",3.000
38,md_cg_h10p0_ct1p5_mp20p0_it0p9_cg21_mix_periodic_file38.mat,21,"(3,0)",3.000
38,md_cg_h10p0_ct1p5_mp20p0_it0p9_cg21_mix_periodic_file38.mat,22,"(3,0)",3.000
38,md_cg_h10p0_ct1p5_mp20p0_it0p9_cg21_mix_periodic_file38.mat,23,"(3,0)",3.000
38,md_cg_h10p0_ct1p5_mp20p0_it0p9_cg21_mix_periodic_file38.mat,24,"(3,0)",3.000
38,md_cg_h10p0_ct1p5_mp20p0_it0p9_cg21_mix_periodic_file38.mat,25,"(3,0)",3.000
38,md_cg_h10p0_ct1p5_mp20p0_it0p9_cg21_mix_periodic_file38.mat,26,"(3,0)",3.000
38,md_cg_h10p0_ct1p5_mp20p0_it0p9_cg21_mix_periodic_file38.mat,27,"(3,0)",3.000
38,md_cg_h10p0_ct1p5_mp20p0_it0p9_cg21_mix_periodic_file38.mat,28,"(3,0)",3.000
38,md_cg_h10p0_ct1p5_mp20p0_it0p9_cg21_mix_periodic_file38.mat,29,"(3,0)",3.000
38,md_cg_h10p0_ct1p5_mp20p0_it0p9_cg21_mix_periodic_file38.mat,30,"(3,0)",3.000
38,md_cg_h10p0_ct1p5_mp20p0_it0p9_cg21_mix_periodic_file38.mat,31,"(3,0)",3.000
38,md_cg_h10p0_ct1p5_mp20p0_it0p9_cg21_mix_periodic_file38.mat,32,"(3,0)",3.000
38,md_cg_h10p0_ct1p5_mp20p0_it0p9_cg21_mix_periodic_file38.mat,33,"(3,0)",3.000
38,md_cg_h10p0_ct1p5_mp20p0_it0p9_cg21_mix_periodic_file38.mat,34,"(3,0)",3.000
38,md_cg_h10p0_ct1p5_mp20p0_it0p9_cg21_mix_periodic_file38.mat,35,"(3,0)",3.000
38,md_cg_h10p0_ct1p5_mp20p0_it0p9_cg21_mix_periodic_file38.mat,36,"(3,0)",3.000
38,md_cg_h10p0_ct1p5_mp20p0_it0p9_cg21_mix_periodic_file38.mat,37,"(3,0)",3.000
38,md_cg_h10p0_ct1p5_mp20p0_it0p9_cg21_mix_periodic_file38.mat,38,"(3,0)",3.000
38,md_cg_h10p0_ct1p5_mp20p0_it0p9_cg21_mix_periodic_file38.mat,39,"(3,0)",3.000
38,md_cg_h10p0_ct1p5_mp20p0_it0p9_cg21_mix_periodic_file38.mat,40,"(3,0)",3.000
38,md_cg_h10p0_ct1p5_mp20p0_it0p9_cg21_mix_periodic_file38.mat,41,"(3,0)",3.000
38,md_cg_h10p0_ct1p5_mp20p0_it0p9_cg21_mix_periodic_file38.mat,42,"(3,0)",3.000
38,md_cg_h10p0_ct1p5_mp20p0_it0p9_cg21_mix_periodic_file38.mat,43,"(3,0)",3.000
39,md_cg_h10p0_ct1p5_mp20p0_it0p9_cg21_mix_periodic_file39.mat,0,"(4,0)",4.000
39,md_cg_h10p0_ct1p5_mp20p0_it0p9_cg21_mix_periodic_file39.mat,1,"(4,0)",4.000
39,md_cg_h10p0_ct1p5_mp20p0_it0p9_cg21_mix_periodic_file39.mat,2,"(4,0)",4.000
39,md_cg_h10p0_ct1p5_mp20p0_it0p9_cg21_mix_periodic_file39.mat,3,"(4,0)",4.000
39,md_cg_h10p0_ct1p5_mp20p0_it0p9_cg21_mix_periodic_file39.mat,4,"(4,0)",4.000
39,md_cg_h10p0_ct1p5_mp20p0_it0p9_cg21_mix_periodic_file39.mat,5,"(4,0)",4.000
39,md_cg_h10p0_ct1p5_mp20p0_it0p9_cg21_mix_periodic_file39.mat,6,"(4,0)",4.000
39,md_cg_h10p0_ct1p5_mp20p0_it0p9_cg21_mix_periodic_file39.mat,7,"(4,0)",4.000
39,md_cg_h10p0_ct1p5_mp20p0_it0p9_cg21_mix_periodic_file39.mat,8,"(4,0)",4.000
39,md_cg_h10p0_ct1p5_mp20p0_it0p9_cg21_mix_periodic_file39.mat,9,"(4,0)",4.000
39,md_cg_h10p0_ct1p5_mp20p0_it0p9_cg21_mix_periodic_file39.mat,10,"(4,0)",4.000
39,md_cg_h10p0_ct1p5_mp20p0_it0p9_cg21_mix_periodic_file39.mat,11,"(4,0)",4.000
39,md_cg_h10p0_ct1p5_mp20p0_it0p9_cg21_mix_periodic_file39.mat,12,"(4,0)",4.000
39,md_cg_h10p0_ct1p5_mp20p0_it0p9_cg21_mix_periodic_file39.mat,13,"(4,0)",4.000
39,md_cg_h10p0_ct1p5_mp20p0_it0p9_cg21_mix_periodic_file39.mat,14,"(4,0)",4.000
39,md_cg_h10p0_ct1p5_mp20p0_it0p9_cg21_mix_periodic_file39.mat,15,"(4,0)",4.000
39,md_cg_h10p0_ct1p5_mp20p0_it0p9_cg21_mix_periodic_file39.mat,16,"(4,0)",4.000
39,md_cg_h10p0_ct1p5_mp20p0_it0p9_cg21_mix_periodic_file39.mat,17,"(4,0)",4.000
39,md_cg_h10p0_ct1p5_mp20p0_it0p9_cg21_mix_periodic_file39.mat,18,"(4,0)",4.000
39,md_cg_h10p0_ct1p5_mp20p0_it0p9_cg21_mix_periodic_file39.mat,19,"(4,0)",4.000
39,md_cg_h10p0_ct1p5_mp20p0_it0p9_cg21_mix_periodic_file39.mat,20,"(4,0)",4.000
39,md_cg_h10p0_ct1p5_mp20p0_it0p9_cg21_mix_periodic_file39.mat,21,"(4,0)",4.000
39,md_cg_h10p0_ct1p5_mp20p0_it0p9_cg21_mix_periodic_file39.mat,22,"(4,0)",4.000
39,md_cg_h10p0_ct1p5_mp20p0_it0p9_cg21_mix_periodic_file39.mat,23,"(4,0)",4.000
39,md_cg_h10p0_ct1p5_mp20p0_it0p9_cg21_mix_periodic_file39.mat,24,"(4,0)",4.000
39,md_cg_h10p0_ct1p5_mp20p0_it0p9_cg21_mix_periodic_file39.mat,25,"(4,0)",4.000
39,md_cg_h10p0_ct1p5_mp20p0_it0p9_cg21_mix_periodic_file39.mat,26,"(4,0)",4.000
39,md_cg_h10p0_ct1p5_mp20p0_it0p9_cg21_mix_periodic_file39.mat,27,"(4,0)",4.000
39,md_cg_h10p0_ct1p5_mp20p0_it0p9_cg21_mix_periodic_file39.mat,28,"(4,0)",4.000
39,md_cg_h10p0_ct1p5_mp20p0_it0p9_cg21_mix_periodic_file39.mat,29,"(4,0)",4.000
39,md_cg_h10p0_ct1p5_mp20p0_it0p9_cg21_mix_periodic_file39.mat,30,"(4,0)",4.000
39,md_cg_h10p0_ct1p5_mp20p0_it0p9_cg21_mix_periodic_file39.mat,31,"(4,0)",4.000
39,md_cg_h10p0_ct1p5_mp20p0_it0p9_cg21_mix_periodic_file39.mat,32,"(4,0)",4.000
39,md_cg_h10p0_ct1p5_mp20p0_it0p9_cg21_mix_periodic_file39.mat,33,"(4,0)",4.000
39,md_cg_h10p0_ct1p5_mp20p0_it0p9_cg21_mix_periodic_file39.mat,34,"(4,0)",4.000
39,md_cg_h10p0_ct1p5_mp20p0_it0p9_cg21_mix_periodic_file39.mat,35,"(4,0)",4.000
39,md_cg_h10p0_ct1p5_mp20p0_it0p9_cg21_mix_periodic_file39.mat,36,"(4,0)",4.000
39,md_cg_h10p0_ct1p5_mp20p0_it0p9_cg21_mix_periodic_file39.mat,37,"(4,0)",4.000
39,md_cg_h10p0_ct1p5_mp20p0_it0p9_cg21_mix_periodic_file39.mat,38,"(4,0)",4.000
39,md_cg_h10p0_ct1p5_mp20p0_it0p9_cg21_mix_periodic_file39.mat,39,"(4,0)",4.000
39,md_cg_h10p0_ct1p5_mp20p0_it0p9_cg21_mix_periodic_file39.mat,40,"(4,0)",4.000
39,md_cg_h10p0_ct1p5_mp20p0_it0p9_cg21_mix_periodic_file39.mat,41,"(4,0)",4.000
39,md_cg_h10p0_ct1p5_mp20p0_it0p9_cg21_mix_periodic_file39.mat,42,"(4,0)",4.000
39,md_cg_h10p0_ct1p5_mp20p0_it0p9_cg21_mix_periodic_file39.mat,43,"(4,0)",4.000
40,md_cg_h10p0_ct1p5_mp20p0_it0p9_cg21_mix_periodic_file40.mat,0,"(5,0)",5.000
40,md_cg_h10p0_ct1p5_mp20p0_it0p9_cg21_mix_periodic_file40.mat,1,"(5,0)",5.000
40,md_cg_h10p0_ct1p5_mp20p0_it0p9_cg21_mix_periodic_file40.mat,2,"(5,0)",5.000
40,md_cg_h10p0_ct1p5_mp20p0_it0p9_cg21_mix_periodic_file40.mat,3,"(5,0)",5.000
40,md_cg_h10p0_ct1p5_mp20p0_it0p9_cg21_mix_periodic_file40.mat,4,"(5,0)",5.000
40,md_cg_h10p0_ct1p5_mp20p0_it0p9_cg21_mix_periodic_file40.mat,5,"(5,0)",5.000
40,md_cg_h10p0_ct1p5_mp20p0_it0p9_cg21_mix_periodic_file40.mat,6,"(5,0)",5.000
40,md_cg_h10p0_ct1p5_mp20p0_it0p9_cg21_mix_periodic_file40.mat,7,"(5,0)",5.000
40,md_cg_h10p0_ct1p5_mp20p0_it0p9_cg21_mix_periodic_file40.mat,8,"(5,0)",5.000
40,md_cg_h10p0_ct1p5_mp20p0_it0p9_cg21_mix_periodic_file40.mat,9,"(5,0)",5.000
40,md_cg_h10p0_ct1p5_mp20p0_it0p9_cg21_mix_periodic_file40.mat,10,"(5,0)",5.000
40,md_cg_h10p0_ct1p5_mp20p0_it0p9_cg21_mix_periodic_file40.mat,11,"(5,0)",5.000
40,md_cg_h10p0_ct1p5_mp20p0_it0p9_cg21_mix_periodic_file40.mat,12,"(5,0)",5.000
40,md_cg_h10p0_ct1p5_mp20p0_it0p9_cg21_mix_periodic_file40.mat,13,"(5,0)",5.000
40,md_cg_h10p0_ct1p5_mp20p0_it0p9_cg21_mix_periodic_file40.mat,14,"(5,0)",5.000
40,md_cg_h10p0_ct1p5_mp20p0_it0p9_cg21_mix_periodic_file40.mat,15,"(5,0)",5.000
40,md_cg_h10p0_ct1p5_mp20p0_it0p9_cg21_mix_periodic_file40.mat,16,"(5,0)",5.000
40,md_cg_h10p0_ct1p5_mp20p0_it0p9_cg21_mix_periodic_file40.mat,17,"(5,0)",5.000
40,md_cg_h10p0_ct1p5_mp20p0_it0p9_cg21_mix_periodic_file40.mat,18,"(5,0)",5.000
40,md_cg_h10p0_ct1p5_mp20p0_it0p9_cg21_mix_periodic_file40.mat,19,"(5,0)",5.000
40,md_cg_h10p0_ct1p5_mp20p0_it0p9_cg21_mix_periodic_file40.mat,20,"(5,0)",5.000
40,md_cg_h10p0_ct1p5_mp20p0_it0p9_cg21_mix_periodic_file40.mat,21,"(5,0)",5.000
40,md_cg_h10p0_ct1p5_mp20p0_it0p9_cg21_mix_periodic_file40.mat,22,"(5,0)",5.000
40,md_cg_h10p0_ct1p5_mp20p0_it0p9_cg21_mix_periodic_file40.mat,23,"(5,0)",5.000
40,md_cg_h10p0_ct1p5_mp20p0_it0p9_cg21_mix_periodic_file40.mat,24,"(5,0)",5.000
40,md_cg_h10p0_ct1p5_mp20p0_it0p9_cg21_mix_periodic_file40.mat,25,"(5,0)",5.000
40,md_cg_h10p0_ct1p5_mp20p0_it0p9_cg21_mix_periodic_file40.mat,26,"(5,0)",5.000
40,md_cg_h10p0_ct1p5_mp20p0_it0p9_cg21_mix_periodic_file40.mat,27,"(5,0)",5.000
40,md_cg_h10p0_ct1p5_mp20p0_it0p9_cg21_mix_periodic_file40.mat,28,"(5,0)",5.000
40,md_cg_h10p0_ct1p5_mp20p0_it0p9_cg21_mix_periodic_file40.mat,29,"(5,0)",5.000
40,md_cg_h10p0_ct1p5_mp20p0_it0p9_cg21_mix_periodic_file40.mat,30,"(5,0)",5.000
40,md_cg_h10p0_ct1p5_mp20p0_it0p9_cg21_mix_periodic_file40.mat,31,"(5,0)",5.000
40,md_cg_h10p0_ct1p5_mp20p0_it0p9_cg21_mix_periodic_file40.mat,32,"(5,0)",5.000
40,md_cg_h10p0_ct1p5_mp20p0_it0p9_cg21_mix_periodic_file40.mat,33,"(5,0)",5.000
40,md_cg_h10p0_ct1p5_mp20p0_it0p9_cg21_mix_periodic_file40.mat,34,"(5,0)",5.000
40,md_cg_h10p0_ct1p5_mp20p0_it0p9_cg21_mix_periodic_file40.mat,35,"(5,0)",5.000
40,md_cg_h10p0_ct1p5_mp20p0_it0p9_cg21_mix_periodic_file40.mat,36,"(5,0)",5.000
40,md_cg_h10p0_ct1p5_mp20p0_it0p9_cg21_mix_periodic_file40.mat,37,"(5,0)",5.000
40,md_cg_h10p0_ct1p5_mp20p0_it0p9_cg21_mix_periodic_file40.mat,38,"(5,0)",5.000
40,md_cg_h10p0_ct1p5_mp20p0_it0p9_cg21_mix_periodic_file40.mat,39,"(5,0)",5.000
40,md_cg_h10p0_ct1p5_mp20p0_it0p9_cg21_mix_periodic_file40.mat,40,"(5,0)",5.000
40,md_cg_h10p0_ct1p5_mp20p0_it0p9_cg21_mix_periodic_file40.mat,41,"(5,0)",5.000
40,md_cg_h10p0_ct1p5_mp20p0_it0p9_cg21_mix_periodic_file40.mat,42,"(5,0)",5.000
40,md_cg_h10p0_ct1p5_mp20p0_it0p9_cg21_mix_periodic_file40.mat,43,"(5,0)",5.000
41,md_cg_h10p0_ct1p5_mp20p0_it0p9_cg21_mix_periodic_file41.mat,0,"(0,1)",1.000
41,md_cg_h10p0_ct1p5_mp20p0_it0p9_cg21_mix_periodic_file41.mat,1,"(0,1)",1.000
41,md_cg_h10p0_ct1p5_mp20p0_it0p9_cg21_mix_periodic_file41.mat,2,"(0,1)",1.000
41,md_cg_h10p0_ct1p5_mp20p0_it0p9_cg21_mix_periodic_file41.mat,3,"(0,1)",1.000
41,md_cg_h10p0_ct1p5_mp20p0_it0p9_cg21_mix_periodic_file41.mat,4,"(0,1)",1.000
41,md_cg_h10p0_ct1p5_mp20p0_it0p9_cg21_mix_periodic_file41.mat,5,"(0,1)",1.000
41,md_cg_h10p0_ct1p5_mp20p0_it0p9_cg21_mix_periodic_file41.mat,6,"(0,1)",1.000
41,md_cg_h10p0_ct1p5_mp20p0_it0p9_cg21_mix_periodic_file41.mat,7,"(0,1)",1.000
41,md_cg_h10p0_ct1p5_mp20p0_it0p9_cg21_mix_periodic_file41.mat,8,"(0,1)",1.000
41,md_cg_h10p0_ct1p5_mp20p0_it0p9_cg21_mix_periodic_file41.mat,9,"(0,1)",1.000
41,md_cg_h10p0_ct1p5_mp20p0_it0p9_cg21_mix_periodic_file41.mat,10,"(0,1)",1.000
41,md_cg_h10p0_ct1p5_mp20p0_it0p9_cg21_mix_periodic_file41.mat,11,"(0,1)",1.000
41,md_cg_h10p0_ct1p5_mp20p0_it0p9_cg21_mix_periodic_file41.mat,12,"(0,1)",1.000
41,md_cg_h10p0_ct1p5_mp20p0_it0p9_cg21_mix_periodic_file41.mat,13,"(0,1)",1.000
41,md_cg_h10p0_ct1p5_mp20p0_it0p9_cg21_mix_periodic_file41.mat,14,"(0,1)",1.000
41,md_cg_h10p0_ct1p5_mp20p0_it0p9_cg21_mix_periodic_file41.mat,15,"(0,1)",1.000
41,md_cg_h10p0_ct1p5_mp20p0_it0p9_cg21_mix_periodic_file41.mat,16,"(0,1)",1.000
41,md_cg_h10p0_ct1p5_mp20p0_it0p9_cg21_mix_periodic_file41.mat,17,"(0,1)",1.000
41,md_cg_h10p0_ct1p5_mp20p0_it0p9_cg21_mix_periodic_file41.mat,18,"(0,1)",1.000
41,md_cg_h10p0_ct1p5_mp20p0_it0p9_cg21_mix_periodic_file41.mat,19,"(0,1)",1.000
41,md_cg_h10p0_ct1p5_mp20p0_it0p9_cg21_mix_periodic_file41.mat,20,"(0,1)",1.000
41,md_cg_h10p0_ct1p5_mp20p0_it0p9_cg21_mix_periodic_file41.mat,21,"(0,1)",1.000
41,md_cg_h10p0_ct1p5_mp20p0_it0p9_cg21_mix_periodic_file41.mat,22,"(0,1)",1.000
41,md_cg_h10p0_ct1p5_mp20p0_it0p9_cg21_mix_periodic_file41.mat,23,"(0,1)",1.000
41,md_cg_h10p0_ct1p5_mp20p0_it0p9_cg21_mix_periodic_file41.mat,24,"(0,1)",1.000
41,md_cg_h10p0_ct1p5_mp20p0_it0p9_cg21_mix_periodic_file41.mat,25,"(0,1)",1.000
41,md_cg_h10p0_ct1p5_mp20p0_it0p9_cg21_mix_periodic_file41.mat,26,"(0,1)",1.000
41,md_cg_h10p0_ct1p5_mp20p0_it0p9_cg21_mix_periodic_file41.mat,27,"(0,1)",1.000
42,md_cg_h10p0_ct1p5_mp20p0_it0p9_cg21_mix_periodic_file42.mat,0,"(1,-1)",1.414
42,md_cg_h10p0_ct1p5_mp20p0_it0p9_cg21_mix_periodic_file42.mat,1,"(1,1)",1.414
42,md_cg_h10p0_ct1p5_mp20p0_it0p9_cg21_mix_periodic_file42.mat,2,"(1,1)",1.414
42,md_cg_h10p0_ct1p5_mp20p0_it0p9_cg21_mix_periodic_file42.mat,3,"(1,-1)",1.414
42,md_cg_h10p0_ct1p5_mp20p0_it0p9_cg21_mix_periodic_file42.mat,4,"(1,1)",1.414
42,md_cg_h10p0_ct1p5_mp20p0_it0p9_cg21_mix_periodic_file42.mat,5,"(1,1)",1.414
42,md_cg_h10p0_ct1p5_mp20p0_it0p9_cg21_mix_periodic_file42.mat,6,"(1,1)",1.414
42,md_cg_h10p0_ct1p5_mp20p0_it0p9_cg21_mix_periodic_file42.mat,7,"(1,1)",1.414
42,md_cg_h10p0_ct1p5_mp20p0_it0p9_cg21_mix_periodic_file42.mat,8,"(1,1)",1.414
42,md_cg_h10p0_ct1p5_mp20p0_it0p9_cg21_mix_periodic_file42.mat,9,"(1,-1)",1.414
42,md_cg_h10p0_ct1p5_mp20p0_it0p9_cg21_mix_periodic_file42.mat,10,"(1,1)",1.414
42,md_cg_h10p0_ct1p5_mp20p0_it0p9_cg21_mix_periodic_file42.mat,11,"(1,1)",1.414
42,md_cg_h10p0_ct1p5_mp20p0_it0p9_cg21_mix_periodic_file42.mat,12,"(1,1)",1.414
42,md_cg_h10p0_ct1p5_mp20p0_it0p9_cg21_mix_periodic_file42.mat,13,"(1,-1)",1.414
42,md_cg_h10p0_ct1p5_mp20p0_it0p9_cg21_mix_periodic_file42.mat,14,"(1,-1)",1.414
42,md_cg_h10p0_ct1p5_mp20p0_it0p9_cg21_mix_periodic_file42.mat,15,"(1,1)",1.414
42,md_cg_h10p0_ct1p5_mp20p0_it0p9_cg21_mix_periodic_file42.mat,16,"(1,1)",1.414
42,md_cg_h10p0_ct1p5_mp20p0_it0p9_cg21_mix_periodic_file42.mat,17,"(1,1)",1.414
42,md_cg_h10p0_ct1p5_mp20p0_it0p9_cg21_mix_periodic_file42.mat,18,"(1,1)",1.414
42,md_cg_h10p0_ct1p5_mp20p0_it0p9_cg21_mix_periodic_file42.mat,19,"(1,-1)",1.414
42,md_cg_h10p0_ct1p5_mp20p0_it0p9_cg21_mix_periodic_file42.mat,20,"(1,1)",1.414
42,md_cg_h10p0_ct1p5_mp20p0_it0p9_cg21_mix_periodic_file42.mat,21,"(1,1)",1.414
42,md_cg_h10p0_ct1p5_mp20p0_it0p9_cg21_mix_periodic_file42.mat,22,"(1,1)",1.414
42,md_cg_h10p0_ct1p5_mp20p0_it0p9_cg21_mix_periodic_file42.mat,23,"(1,1)",1.414
42,md_cg_h10p0_ct1p5_mp20p0_it0p9_cg21_mix_periodic_file42.mat,24,"(1,-1)",1.414
42,md_cg_h10p0_ct1p5_mp20p0_it0p9_cg21_mix_periodic_file42.mat,25,"(1,1)",1.414
42,md_cg_h10p0_ct1p5_mp20p0_it0p9_cg21_mix_periodic_file42.mat,26,"(1,-1)",1.414
43,md_cg_h10p0_ct1p5_mp20p0_it0p9_cg21_mix_periodic_file43.mat,0,"(2,1)",2.236
43,md_cg_h10p0_ct1p5_mp20p0_it0p9_cg21_mix_periodic_file43.mat,1,"(2,-1)",2.236
43,md_cg_h10p0_ct1p5_mp20p0_it0p9_cg21_mix_periodic_file43.mat,2,"(2,1)",2.236
43,md_cg_h10p0_ct1p5_mp20p0_it0p9_cg21_mix_periodic_file43.mat,3,"(2,1)",2.236
43,md_cg_h10p0_ct1p5_mp20p0_it0p9_cg21_mix_periodic_file43.mat,4,"(2,1)",2.236
43,md_cg_h10p0_ct1p5_mp20p0_it0p9_cg21_mix_periodic_file43.mat,5,"(2,1)",2.236
43,md_cg_h10p0_ct1p5_mp20p0_it0p9_cg21_mix_periodic_file43.mat,6,"(2,-1)",2.236
43,md_cg_h10p0_ct1p5_mp20p0_it0p9_cg21_mix_periodic_file43.mat,7,"(2,1)",2.236
43,md_cg_h10p0_ct1p5_mp20p0_it0p9_cg21_mix_periodic_file43.mat,8,"(2,-1)",2.236
43,md_cg_h10p0_ct1p5_mp20p0_it0p9_cg21_mix_periodic_file43.mat,9,"(2,1)",2.236
43,md_cg_h10p0_ct1p5_mp20p0_it0p9_cg21_mix_periodic_file43.mat,10,"(2,1)",2.236
43,md_cg_h10p0_ct1p5_mp20p0_it0p9_cg21_mix_periodic_file43.mat,11,"(2,-1)",2.236
43,md_cg_h10p0_ct1p5_mp20p0_it0p9_cg21_mix_periodic_file43.mat,12,"(2,-1)",2.236
43,md_cg_h10p0_ct1p5_mp20p0_it0p9_cg21_mix_periodic_file43.mat,13,"(2,1)",2.236
43,md_cg_h10p0_ct1p5_mp20p0_it0p9_cg21_mix_periodic_file43.mat,14,"(2,1)",2.236
43,md_cg_h10p0_ct1p5_mp20p0_it0p9_cg21_mix_periodic_file43.mat,15,"(2,1)",2.236
43,md_cg_h10p0_ct1p5_mp20p0_it0p9_cg21_mix_periodic_file43.mat,16,"(2,1)",2.236
43,md_cg_h10p0_ct1p5_mp20p0_it0p9_cg21_mix_periodic_file43.mat,17,"(2,1)",2.236
43,md_cg_h10p0_ct1p5_mp20p0_it0p9_cg21_mix_periodic_file43.mat,18,"(2,-1)",2.236
43,md_cg_h10p0_ct1p5_mp20p0_it0p9_cg21_mix_periodic_file43.mat,19,"(2,1)",2.236
43,md_cg_h10p0_ct1p5_mp20p0_it0p9_cg21_mix_periodic_file43.mat,20,"(2,-1)",2.236
43,md_cg_h10p0_ct1p5_mp20p0_it0p9_cg21_mix_periodic_file43.mat,21,"(2,1)",2.236
43,md_cg_h10p0_ct1p5_mp20p0_it0p9_cg21_mix_periodic_file43.mat,22,"(2,-1)",2.236
43,md_cg_h10p0_ct1p5_mp20p0_it0p9_cg21_mix_periodic_file43.mat,23,"(2,1)",2.236
43,md_cg_h10p0_ct1p5_mp20p0_it0p9_cg21_mix_periodic_file43.mat,24,"(2,-1)",2.236
43,md_cg_h10p0_ct1p5_mp20p0_it0p9_cg21_mix_periodic_file43.mat,25,"(2,1)",2.236
43,md_cg_h10p0_ct1p5_mp20p0_it0p9_cg21_mix_periodic_file43.mat,26,"(2,1)",2.236
43,md_cg_h10p0_ct1p5_mp20p0_it0p9_cg21_mix_periodic_file43.mat,27,"(2,1)",2.236
43,md_cg_h10p0_ct1p5_mp20p0_it0p9_cg21_mix_periodic_file43.mat,28,"(2,-1)",2.236
44,md_cg_h10p0_ct1p5_mp20p0_it0p9_cg21_mix_periodic_file44.mat,0,"(3,1)",3.162
44,md_cg_h10p0_ct1p5_mp20p0_it0p9_cg21_mix_periodic_file44.mat,1,"(3,-1)",3.162
44,md_cg_h10p0_ct1p5_mp20p0_it0p9_cg21_mix_periodic_file44.mat,2,"(3,1)",3.162
44,md_cg_h10p0_ct1p5_mp20p0_it0p9_cg21_mix_periodic_file44.mat,3,"(3,1)",3.162
44,md_cg_h10p0_ct1p5_mp20p0_it0p9_cg21_mix_periodic_file44.mat,4,"(3,1)",3.162
44,md_cg_h10p0_ct1p5_mp20p0_it0p9_cg21_mix_periodic_file44.mat,5,"(3,1)",3.162
44,md_cg_h10p0_ct1p5_mp20p0_it0p9_cg21_mix_periodic_file44.mat,6,"(3,1)",3.162
44,md_cg_h10p0_ct1p5_mp20p0_it0p9_cg21_mix_periodic_file44.mat,7,"(3,-1)",3.162
44,md_cg_h10p0_ct1p5_mp20p0_it0p9_cg21_mix_periodic_file44.mat,8,"(3,-1)",3.162
44,md_cg_h10p0_ct1p5_mp20p0_it0p9_cg21_mix_periodic_file44.mat,9,"(3,1)",3.162
44,md_cg_h10p0_ct1p5_mp20p0_it0p9_cg21_mix_periodic_file44.mat,10,"(3,1)",3.162
44,md_cg_h10p0_ct1p5_mp20p0_it0p9_cg21_mix_periodic_file44.mat,11,"(3,-1)",3.162
44,md_cg_h10p0_ct1p5_mp20p0_it0p9_cg21_mix_periodic_file44.mat,12,"(3,1)",3.162
44,md_cg_h10p0_ct1p5_mp20p0_it0p9_cg21_mix_periodic_file44.mat,13,"(3,-1)",3.162
44,md_cg_h10p0_ct1p5_mp20p0_it0p9_cg21_mix_periodic_file44.mat,14,"(3,1)",3.162
44,md_cg_h10p0_ct1p5_mp20p0_it0p9_cg21_mix_periodic_file44.mat,15,"(3,1)",3.162
44,md_cg_h10p0_ct1p5_mp20p0_it0p9_cg21_mix_periodic_file44.mat,16,"(3,-1)",3.162
44,md_cg_h10p0_ct1p5_mp20p0_it0p9_cg21_mix_periodic_file44.mat,17,"(3,1)",3.162
44,md_cg_h10p0_ct1p5_mp20p0_it0p9_cg21_mix_periodic_file44.mat,18,"(3,1)",3.162
44,md_cg_h10p0_ct1p5_mp20p0_it0p9_cg21_mix_periodic_file44.mat,19,"(3,-1)",3.162
44,md_cg_h10p0_ct1p5_mp20p0_it0p9_cg21_mix_periodic_file44.mat,20,"(3,-1)",3.162
44,md_cg_h10p0_ct1p5_mp20p0_it0p9_cg21_mix_periodic_file44.mat,21,"(3,1)",3.162
44,md_cg_h10p0_ct1p5_mp20p0_it0p9_cg21_mix_periodic_file44.mat,22,"(3,1)",3.162
44,md_cg_h10p0_ct1p5_mp20p0_it0p9_cg21_mix_periodic_file44.mat,23,"(3,1)",3.162
44,md_cg_h10p0_ct1p5_mp20p0_it0p9_cg21_mix_periodic_file44.mat,24,"(3,-1)",3.162
44,md_cg_h10p0_ct1p5_mp20p0_it0p9_cg21_mix_periodic_file44.mat,25,"(3,1)",3.162
44,md_cg_h10p0_ct1p5_mp20p0_it0p9_cg21_mix_periodic_file44.mat,26,"(3,1)",3.162
44,md_cg_h10p0_ct1p5_mp20p0_it0p9_cg21_mix_periodic_file44.mat,27,"(3,1)",3.162
44,md_cg_h10p0_ct1p5_mp20p0_it0p9_cg21_mix_periodic_file44.mat,28,"(3,1)",3.162
44,md_cg_h10p0_ct1p5_mp20p0_it0p9_cg21_mix_periodic_file44.mat,29,"(3,-1)",3.162
44,md_cg_h10p0_ct1p5_mp20p0_it0p9_cg21_mix_periodic_file44.mat,30,"(3,1)",3.162
44,md_cg_h10p0_ct1p5_mp20p0_it0p9_cg21_mix_periodic_file44.mat,31,"(3,-1)",3.162
45,md_cg_h10p0_ct1p5_mp20p0_it0p9_cg21_mix_periodic_file45.mat,0,"(4,1)",4.123
45,md_cg_h10p0_ct1p5_mp20p0_it0p9_cg21_mix_periodic_file45.mat,1,"(4,1)",4.123
45,md_cg_h10p0_ct1p5_mp20p0_it0p9_cg21_mix_periodic_file45.mat,2,"(4,1)",4.123
45,md_cg_h10p0_ct1p5_mp20p0_it0p9_cg21_mix_periodic_file45.mat,3,"(4,-1)",4.123
45,md_cg_h10p0_ct1p5_mp20p0_it0p9_cg21_mix_periodic_file45.mat,4,"(4,-1)",4.123
45,md_cg_h10p0_ct1p5_mp20p0_it0p9_cg21_mix_periodic_file45.mat,5,"(4,-1)",4.123
45,md_cg_h10p0_ct1p5_mp20p0_it0p9_cg21_mix_periodic_file45.mat,6,"(4,-1)",4.123
45,md_cg_h10p0_ct1p5_mp20p0_it0p9_cg21_mix_periodic_file45.mat,7,"(4,1)",4.123
45,md_cg_h10p0_ct1p5_mp20p0_it0p9_cg21_mix_periodic_file45.mat,8,"(4,-1)",4.123
45,md_cg_h10p0_ct1p5_mp20p0_it0p9_cg21_mix_periodic_file45.mat,9,"(4,1)",4.123
45,md_cg_h10p0_ct1p5_mp20p0_it0p9_cg21_mix_periodic_file45.mat,10,"(4,1)",4.123
45,md_cg_h10p0_ct1p5_mp20p0_it0p9_cg21_mix_periodic_file45.mat,11,"(4,1)",4.123
45,md_cg_h10p0_ct1p5_mp20p0_it0p9_cg21_mix_periodic_file45.mat,12,"(4,1)",4.123
45,md_cg_h10p0_ct1p5_mp20p0_it0p9_cg21_mix_periodic_file45.mat,13,"(4,-1)",4.123
45,md_cg_h10p0_ct1p5_mp20p0_it0p9_cg21_mix_periodic_file45.mat,14,"(4,1)",4.123
45,md_cg_h10p0_ct1p5_mp20p0_it0p9_cg21_mix_periodic_file45.mat,15,"(4,-1)",4.123
45,md_cg_h10p0_ct1p5_mp20p0_it0p9_cg21_mix_periodic_file45.mat,16,"(4,1)",4.123
45,md_cg_h10p0_ct1p5_mp20p0_it0p9_cg21_mix_periodic_file45.mat,17,"(4,1)",4.123
45,md_cg_h10p0_ct1p5_mp20p0_it0p9_cg21_mix_periodic_file45.mat,18,"(4,1)",4.123
45,md_cg_h10p0_ct1p5_mp20p0_it0p9_cg21_mix_periodic_file45.mat,19,"(4,1)",4.123
45,md_cg_h10p0_ct1p5_mp20p0_it0p9_cg21_mix_periodic_file45.mat,20,"(4,1)",4.123
45,md_cg_h10p0_ct1p5_mp20p0_it0p9_cg21_mix_periodic_file45.mat,21,"(4,-1)",4.123
45,md_cg_h10p0_ct1p5_mp20p0_it0p9_cg21_mix_periodic_file45.mat,22,"(4,-1)",4.123
45,md_cg_h10p0_ct1p5_mp20p0_it0p9_cg21_mix_periodic_file45.mat,23,"(4,1)",4.123
45,md_cg_h10p0_ct1p5_mp20p0_it0p9_cg21_mix_periodic_file45.mat,24,"(4,1)",4.123
45,md_cg_h10p0_ct1p5_mp20p0_it0p9_cg21_mix_periodic_file45.mat,25,"(4,1)",4.123
45,md_cg_h10p0_ct1p5_mp20p0_it0p9_cg21_mix_periodic_file45.mat,26,"(4,1)",4.123
45,md_cg_h10p0_ct1p5_mp20p0_it0p9_cg21_mix_periodic_file45.mat,27,"(4,1)",4.123
45,md_cg_h10p0_ct1p5_mp20p0_it0p9_cg21_mix_periodic_file45.mat,28,"(4,-1)",4.123
45,md_cg_h10p0_ct1p5_mp20p0_it0p9_cg21_mix_periodic_file45.mat,29,"(4,1)",4.123
45,md_cg_h10p0_ct1p5_mp20p0_it0p9_cg21_mix_periodic_file45.mat,30,"(4,1)",4.123
45,md_cg_h10p0_ct1p5_mp20p0_it0p9_cg21_mix_periodic_file45.mat,31,"(4,1)",4.123
45,md_cg_h10p0_ct1p5_mp20p0_it0p9_cg21_mix_periodic_file45.mat,32,"(4,1)",4.123
45,md_cg_h10p0_ct1p5_mp20p0_it0p9_cg21_mix_periodic_file45.mat,33,"(4,-1)",4.123
45,md_cg_h10p0_ct1p5_mp20p0_it0p9_cg21_mix_periodic_file45.mat,34,"(4,-1)",4.123
46,md_cg_h10p0_ct1p5_mp20p0_it0p9_cg21_mix_periodic_file46.mat,0,"(5,-1)",5.099
46,md_cg_h10p0_ct1p5_mp20p0_it0p9_cg21_mix_periodic_file46.mat,1,"(5,1)",5.099
46,md_cg_h10p0_ct1p5_mp20p0_it0p9_cg21_mix_periodic_file46.mat,2,"(5,1)",5.099
46,md_cg_h10p0_ct1p5_mp20p0_it0p9_cg21_mix_periodic_file46.mat,3,"(5,1)",5.099
46,md_cg_h10p0_ct1p5_mp20p0_it0p9_cg21_mix_periodic_file46.mat,4,"(5,-1)",5.099
46,md_cg_h10p0_ct1p5_mp20p0_it0p9_cg21_mix_periodic_file46.mat,5,"(5,1)",5.099
46,md_cg_h10p0_ct1p5_mp20p0_it0p9_cg21_mix_periodic_file46.mat,6,"(5,1)",5.099
46,md_cg_h10p0_ct1p5_mp20p0_it0p9_cg21_mix_periodic_file46.mat,7,"(5,1)",5.099
46,md_cg_h10p0_ct1p5_mp20p0_it0p9_cg21_mix_periodic_file46.mat,8,"(5,-1)",5.099
46,md_cg_h10p0_ct1p5_mp20p0_it0p9_cg21_mix_periodic_file46.mat,9,"(5,-1)",5.099
46,md_cg_h10p0_ct1p5_mp20p0_it0p9_cg21_mix_periodic_file46.mat,10,"(5,-1)",5.099
46,md_cg_h10p0_ct1p5_mp20p0_it0p9_cg21_mix_periodic_file46.mat,11,"(5,-1)",5.099
46,md_cg_h10p0_ct1p5_mp20p0_it0p9_cg21_mix_periodic_file46.mat,12,"(5,1)",5.099
46,md_cg_h10p0_ct1p5_mp20p0_it0p9_cg21_mix_periodic_file46.mat,13,"(5,1)",5.099
46,md_cg_h10p0_ct1p5_mp20p0_it0p9_cg21_mix_periodic_file46.mat,14,"(5,-1)",5.099
46,md_cg_h10p0_ct1p5_mp20p0_it0p9_cg21_mix_periodic_file46.mat,15,"(5,1)",5.099
46,md_cg_h10p0_ct1p5_mp20p0_it0p9_cg21_mix_periodic_file46.mat,16,"(5,1)",5.099
46,md_cg_h10p0_ct1p5_mp20p0_it0p9_cg21_mix_periodic_file46.mat,17,"(5,1)",5.099
46,md_cg_h10p0_ct1p5_mp20p0_it0p9_cg21_mix_periodic_file46.mat,18,"(5,-1)",5.099
46,md_cg_h10p0_ct1p5_mp20p0_it0p9_cg21_mix_periodic_file46.mat,19,"(5,1)",5.099
46,md_cg_h10p0_ct1p5_mp20p0_it0p9_cg21_mix_periodic_file46.mat,20,"(5,1)",5.099
46,md_cg_h10p0_ct1p5_mp20p0_it0p9_cg21_mix_periodic_file46.mat,21,"(5,-1)",5.099
46,md_cg_h10p0_ct1p5_mp20p0_it0p9_cg21_mix_periodic_file46.mat,22,"(5,1)",5.099
46,md_cg_h10p0_ct1p5_mp20p0_it0p9_cg21_mix_periodic_file46.mat,23,"(5,1)",5.099
46,md_cg_h10p0_ct1p5_mp20p0_it0p9_cg21_mix_periodic_file46.mat,24,"(5,1)",5.099
46,md_cg_h10p0_ct1p5_mp20p0_it0p9_cg21_mix_periodic_file46.mat,25,"(5,1)",5.099
46,md_cg_h10p0_ct1p5_mp20p0_it0p9_cg21_mix_periodic_file46.mat,26,"(5,1)",5.099
46,md_cg_h10p0_ct1p5_mp20p0_it0p9_cg21_mix_periodic_file46.mat,27,"(5,1)",5.099
46,md_cg_h10p0_ct1p5_mp20p0_it0p9_cg21_mix_periodic_file46.mat,28,"(5,-1)",5.099
46,md_cg_h10p0_ct1p5_mp20p0_it0p9_cg21_mix_periodic_file46.mat,29,"(5,-1)",5.099
46,md_cg_h10p0_ct1p5_mp20p0_it0p9_cg21_mix_periodic_file46.mat,30,"(5,1)",5.099
46,md_cg_h10p0_ct1p5_mp20p0_it0p9_cg21_mix_periodic_file46.mat,31,"(5,1)",5.099
46,md_cg_h10p0_ct1p5_mp20p0_it0p9_cg21_mix_periodic_file46.mat,32,"(5,1)",5.099
46,md_cg_h10p0_ct1p5_mp20p0_it0p9_cg21_mix_periodic_file46.mat,33,"(5,-1)",5.099
46,md_cg_h10p0_ct1p5_mp20p0_it0p9_cg21_mix_periodic_file46.mat,34,"(5,-1)",5.099
46,md_cg_h10p0_ct1p5_mp20p0_it0p9_cg21_mix_periodic_file46.mat,35,"(5,1)",5.099
47,md_cg_h10p0_ct1p5_mp20p0_it0p9_cg21_mix_periodic_file47.mat,0,"(0,2)",2.000
47,md_cg_h10p0_ct1p5_mp20p0_it0p9_cg21_mix_periodic_file47.mat,1,"(0,2)",2.000
47,md_cg_h10p0_ct1p5_mp20p0_it0p9_cg21_mix_periodic_file47.mat,2,"(0,2)",2.000
47,md_cg_h10p0_ct1p5_mp20p0_it0p9_cg21_mix_periodic_file47.mat,3,"(0,2)",2.000
47,md_cg_h10p0_ct1p5_mp20p0_it0p9_cg21_mix_periodic_file47.mat,4,"(0,2)",2.000
47,md_cg_h10p0_ct1p5_mp20p0_it0p9_cg21_mix_periodic_file47.mat,5,"(0,2)",2.000
47,md_cg_h10p0_ct1p5_mp20p0_it0p9_cg21_mix_periodic_file47.mat,6,"(0,2)",2.000
47,md_cg_h10p0_ct1p5_mp20p0_it0p9_cg21_mix_periodic_file47.mat,7,"(0,2)",2.000
47,md_cg_h10p0_ct1p5_mp20p0_it0p9_cg21_mix_periodic_file47.mat,8,"(0,2)",2.000
47,md_cg_h10p0_ct1p5_mp20p0_it0p9_cg21_mix_periodic_file47.mat,9,"(0,2)",2.000
47,md_cg_h10p0_ct1p5_mp20p0_it0p9_cg21_mix_periodic_file47.mat,10,"(0,2)",2.000
47,md_cg_h10p0_ct1p5_mp20p0_it0p9_cg21_mix_periodic_file47.mat,11,"(0,2)",2.000
47,md_cg_h10p0_ct1p5_mp20p0_it0p9_cg21_mix_periodic_file47.mat,12,"(0,2)",2.000
47,md_cg_h10p0_ct1p5_mp20p0_it0p9_cg21_mix_periodic_file47.mat,13,"(0,2)",2.000
47,md_cg_h10p0_ct1p5_mp20p0_it0p9_cg21_mix_periodic_file47.mat,14,"(0,2)",2.000
47,md_cg_h10p0_ct1p5_mp20p0_it0p9_cg21_mix_periodic_file47.mat,15,"(0,2)",2.000
47,md_cg_h10p0_ct1p5_mp20p0_it0p9_cg21_mix_periodic_file47.mat,16,"(0,2)",2.000
47,md_cg_h10p0_ct1p5_mp20p0_it0p9_cg21_mix_periodic_file47.mat,17,"(0,2)",2.000
47,md_cg_h10p0_ct1p5_mp20p0_it0p9_cg21_mix_periodic_file47.mat,18,"(0,2)",2.000
47,md_cg_h10p0_ct1p5_mp20p0_it0p9_cg21_mix_periodic_file47.mat,19,"(0,2)",2.000
47,md_cg_h10p0_ct1p5_mp20p0_it0p9_cg21_mix_periodic_file47.mat,20,"(0,2)",2.000
47,md_cg_h10p0_ct1p5_mp20p0_it0p9_cg21_mix_periodic_file47.mat,21,"(0,2)",2.000
47,md_cg_h10p0_ct1p5_mp20p0_it0p9_cg21_mix_periodic_file47.mat,22,"(0,2)",2.000
47,md_cg_h10p0_ct1p5_mp20p0_it0p9_cg21_mix_periodic_file47.mat,23,"(0,2)",2.000
47,md_cg_h10p0_ct1p5_mp20p0_it0p9_cg21_mix_periodic_file47.mat,24,"(0,2)",2.000
47,md_cg_h10p0_ct1p5_mp20p0_it0p9_cg21_mix_periodic_file47.mat,25,"(0,2)",2.000
47,md_cg_h10p0_ct1p5_mp20p0_it0p9_cg21_mix_periodic_file47.mat,26,"(0,2)",2.000
47,md_cg_h10p0_ct1p5_mp20p0_it0p9_cg21_mix_periodic_file47.mat,27,"(0,2)",2.000
48,md_cg_h10p0_ct1p5_mp20p0_it0p9_cg21_mix_periodic_file48.mat,0,"(1,2)",2.236
48,md_cg_h10p0_ct1p5_mp20p0_it0p9_cg21_mix_periodic_file48.mat,1,"(1,-2)",2.236
48,md_cg_h10p0_ct1p5_mp20p0_it0p9_cg21_mix_periodic_file48.mat,2,"(1,-2)",2.236
48,md_cg_h10p0_ct1p5_mp20p0_it0p9_cg21_mix_periodic_file48.mat,3,"(1,-2)",2.236
48,md_cg_h10p0_ct1p5_mp20p0_it0p9_cg21_mix_periodic_file48.mat,4,"(1,2)",2.236
48,md_cg_h10p0_ct1p5_mp20p0_it0p9_cg21_mix_periodic_file48.mat,5,"(1,-2)",2.236
48,md_cg_h10p0_ct1p5_mp20p0_it0p9_cg21_mix_periodic_file48.mat,6,"(1,2)",2.236
48,md_cg_h10p0_ct1p5_mp20p0_it0p9_cg21_mix_periodic_file48.mat,7,"(1,-2)",2.236
48,md_cg_h10p0_ct1p5_mp20p0_it0p9_cg21_mix_periodic_file48.mat,8,"(1,-2)",2.236
48,md_cg_h10p0_ct1p5_mp20p0_it0p9_cg21_mix_periodic_file48.mat,9,"(1,-2)",2.236
48,md_cg_h10p0_ct1p5_mp20p0_it0p9_cg21_mix_periodic_file48.mat,10,"(1,-2)",2.236
48,md_cg_h10p0_ct1p5_mp20p0_it0p9_cg21_mix_periodic_file48.mat,11,"(1,2)",2.236
48,md_cg_h10p0_ct1p5_mp20p0_it0p9_cg21_mix_periodic_file48.mat,12,"(1,-2)",2.236
48,md_cg_h10p0_ct1p5_mp20p0_it0p9_cg21_mix_periodic_file48.mat,13,"(1,-2)",2.236
48,md_cg_h10p0_ct1p5_mp20p0_it0p9_cg21_mix_periodic_file48.mat,14,"(1,-2)",2.236
48,md_cg_h10p0_ct1p5_mp20p0_it0p9_cg21_mix_periodic_file48.mat,15,"(1,-2)",2.236
48,md_cg_h10p0_ct1p5_mp20p0_it0p9_cg21_mix_periodic_file48.mat,16,"(1,2)",2.236
48,md_cg_h10p0_ct1p5_mp20p0_it0p9_cg21_mix_periodic_file48.mat,17,"(1,2)",2.236
48,md_cg_h10p0_ct1p5_mp20p0_it0p9_cg21_mix_periodic_file48.mat,18,"(1,2)",2.236
48,md_cg_h10p0_ct1p5_mp20p0_it0p9_cg21_mix_periodic_file48.mat,19,"(1,-2)",2.236
48,md_cg_h10p0_ct1p5_mp20p0_it0p9_cg21_mix_periodic_file48.mat,20,"(1,2)",2.236
48,md_cg_h10p0_ct1p5_mp20p0_it0p9_cg21_mix_periodic_file48.mat,21,"(1,-2)",2.236
48,md_cg_h10p0_ct1p5_mp20p0_it0p9_cg21_mix_periodic_file48.mat,22,"(1,2)",2.236
48,md_cg_h10p0_ct1p5_mp20p0_it0p9_cg21_mix_periodic_file48.mat,23,"(1,2)",2.236
48,md_cg_h10p0_ct1p5_mp20p0_it0p9_cg21_mix_periodic_file48.mat,24,"(1,2)",2.236
48,md_cg_h10p0_ct1p5_mp20p0_it0p9_cg21_mix_periodic_file48.mat,25,"(1,2)",2.236
48,md_cg_h10p0_ct1p5_mp20p0_it0p9_cg21_mix_periodic_file48.mat,26,"(1,2)",2.236
48,md_cg_h10p0_ct1p5_mp20p0_it0p9_cg21_mix_periodic_file48.mat,27,"(1,2)",2.236
48,md_cg_h10p0_ct1p5_mp20p0_it0p9_cg21_mix_periodic_file48.mat,28,"(1,-2)",2.236
48,md_cg_h10p0_ct1p5_mp20p0_it0p9_cg21_mix_periodic_file48.mat,29,"(1,-2)",2.236
48,md_cg_h10p0_ct1p5_mp20p0_it0p9_cg21_mix_periodic_file48.mat,30,"(1,-2)",2.236
48,md_cg_h10p0_ct1p5_mp20p0_it0p9_cg21_mix_periodic_file48.mat,31,"(1,2)",2.236
48,md_cg_h10p0_ct1p5_mp20p0_it0p9_cg21_mix_periodic_file48.mat,32,"(1,-2)",2.236
49,md_cg_h10p0_ct1p5_mp20p0_it0p9_cg21_mix_periodic_file49.mat,0,"(2,2)",2.828
49,md_cg_h10p0_ct1p5_mp20p0_it0p9_cg21_mix_periodic_file49.mat,1,"(2,2)",2.828
49,md_cg_h10p0_ct1p5_mp20p0_it0p9_cg21_mix_periodic_file49.mat,2,"(2,2)",2.828
49,md_cg_h10p0_ct1p5_mp20p0_it0p9_cg21_mix_periodic_file49.mat,3,"(2,2)",2.828
49,md_cg_h10p0_ct1p5_mp20p0_it0p9_cg21_mix_periodic_file49.mat,4,"(2,2)",2.828
49,md_cg_h10p0_ct1p5_mp20p0_it0p9_cg21_mix_periodic_file49.mat,5,"(2,2)",2.828
49,md_cg_h10p0_ct1p5_mp20p0_it0p9_cg21_mix_periodic_file49.mat,6,"(2,2)",2.828
49,md_cg_h10p0_ct1p5_mp20p0_it0p9_cg21_mix_periodic_file49.mat,7,"(2,2)",2.828
49,md_cg_h10p0_ct1p5_mp20p0_it0p9_cg21_mix_periodic_file49.mat,8,"(2,2)",2.828
49,md_cg_h10p0_ct1p5_mp20p0_it0p9_cg21_mix_periodic_file49.mat,9,"(2,-2)",2.828
49,md_cg_h10p0_ct1p5_mp20p0_it0p9_cg21_mix_periodic_file49.mat,10,"(2,2)",2.828
49,md_cg_h10p0_ct1p5_mp20p0_it0p9_cg21_mix_periodic_file49.mat,11,"(2,2)",2.828
49,md_cg_h10p0_ct1p5_mp20p0_it0p9_cg21_mix_periodic_file49.mat,12,"(2,2)",2.828
49,md_cg_h10p0_ct1p5_mp20p0_it0p9_cg21_mix_periodic_file49.mat,13,"(2,2)",2.828
49,md_cg_h10p0_ct1p5_mp20p0_it0p9_cg21_mix_periodic_file49.mat,14,"(2,-2)",2.828
49,md_cg_h10p0_ct1p5_mp20p0_it0p9_cg21_mix_periodic_file49.mat,15,"(2,-2)",2.828
49,md_cg_h10p0_ct1p5_mp20p0_it0p9_cg21_mix_periodic_file49.mat,16,"(2,2)",2.828
49,md_cg_h10p0_ct1p5_mp20p0_it0p9_cg21_mix_periodic_file49.mat,17,"(2,2)",2.828
49,md_cg_h10p0_ct1p5_mp20p0_it0p9_cg21_mix_periodic_file49.mat,18,"(2,2)",2.828
49,md_cg_h10p0_ct1p5_mp20p0_it0p9_cg21_mix_periodic_file49.mat,19,"(2,-2)",2.828
49,md_cg_h10p0_ct1p5_mp20p0_it0p9_cg21_mix_periodic_file49.mat,20,"(2,2)",2.828
49,md_cg_h10p0_ct1p5_mp20p0_it0p9_cg21_mix_periodic_file49.mat,21,"(2,2)",2.828
49,md_cg_h10p0_ct1p5_mp20p0_it0p9_cg21_mix_periodic_file49.mat,22,"(2,2)",2.828
49,md_cg_h10p0_ct1p5_mp20p0_it0p9_cg21_mix_periodic_file49.mat,23,"(2,-2)",2.828
49,md_cg_h10p0_ct1p5_mp20p0_it0p9_cg21_mix_periodic_file49.mat,24,"(2,-2)",2.828
49,md_cg_h10p0_ct1p5_mp20p0_it0p9_cg21_mix_periodic_file49.mat,25,"(2,2)",2.828
49,md_cg_h10p0_ct1p5_mp20p0_it0p9_cg21_mix_periodic_file49.mat,26,"(2,2)",2.828
50,md_cg_h10p0_ct1p5_mp20p0_it0p9_cg21_mix_periodic_file50.mat,0,"(3,2)",3.606
50,md_cg_h10p0_ct1p5_mp20p0_it0p9_cg21_mix_periodic_file50.mat,1,"(3,2)",3.606
50,md_cg_h10p0_ct1p5_mp20p0_it0p9_cg21_mix_periodic_file50.mat,2,"(3,2)",3.606
50,md_cg_h10p0_ct1p5_mp20p0_it0p9_cg21_mix_periodic_file50.mat,3,"(3,2)",3.606
50,md_cg_h10p0_ct1p5_mp20p0_it0p9_cg21_mix_periodic_file50.mat,4,"(3,2)",3.606
50,md_cg_h10p0_ct1p5_mp20p0_it0p9_cg21_mix_periodic_file50.mat,5,"(3,2)",3.606
50,md_cg_h10p0_ct1p5_mp20p0_it0p9_cg21_mix_periodic_file50.mat,6,"(3,-2)",3.606
50,md_cg_h10p0_ct1p5_mp20p0_it0p9_cg21_mix_periodic_file50.mat,7,"(3,-2)",3.606
50,md_cg_h10p0_ct1p5_mp20p0_it0p9_cg21_mix_periodic_file50.mat,8,"(3,2)",3.606
50,md_cg_h10p0_ct1p5_mp20p0_it0p9_cg21_mix_periodic_file50.mat,9,"(3,2)",3.606
50,md_cg_h10p0_ct1p5_mp20p0_it0p9_cg21_mix_periodic_file50.mat,10,"(3,-2)",3.606
50,md_cg_h10p0_ct1p5_mp20p0_it0p9_cg21_mix_periodic_file50.mat,11,"(3,2)",3.606
50,md_cg_h10p0_ct1p5_mp20p0_it0p9_cg21_mix_periodic_file50.mat,12,"(3,2)",3.606
50,md_cg_h10p0_ct1p5_mp20p0_it0p9_cg21_mix_periodic_file50.mat,13,"(3,2)",3.606
50,md_cg_h10p0_ct1p5_mp20p0_it0p9_cg21_mix_periodic_file50.mat,14,"(3,-2)",3.606
50,md_cg_h10p0_ct1p5_mp20p0_it0p9_cg21_mix_periodic_file50.mat,15,"(3,2)",3.606
50,md_cg_h10p0_ct1p5_mp20p0_it0p9_cg21_mix_periodic_file50.mat,16,"(3,-2)",3.606
50,md_cg_h10p0_ct1p5_mp20p0_it0p9_cg21_mix_periodic_file50.mat,17,"(3,2)",3.606
50,md_cg_h10p0_ct1p5_mp20p0_it0p9_cg21_mix_periodic_file50.mat,18,"(3,-2)",3.606
50,md_cg_h10p0_ct1p5_mp20p0_it0p9_cg21_mix_periodic_file50.mat,19,"(3,2)",3.606
50,md_cg_h10p0_ct1p5_mp20p0_it0p9_cg21_mix_periodic_file50.mat,20,"(3,2)",3.606
50,md_cg_h10p0_ct1p5_mp20p0_it0p9_cg21_mix_periodic_file50.mat,21,"(3,-2)",3.606
50,md_cg_h10p0_ct1p5_mp20p0_it0p9_cg21_mix_periodic_file50.mat,22,"(3,2)",3.606
50,md_cg_h10p0_ct1p5_mp20p0_it0p9_cg21_mix_periodic_file50.mat,23,"(3,2)",3.606
50,md_cg_h10p0_ct1p5_mp20p0_it0p9_cg21_mix_periodic_file50.mat,24,"(3,2)",3.606
50,md_cg_h10p0_ct1p5_mp20p0_it0p9_cg21_mix_periodic_file50.mat,25,"(3,-2)",3.606
50,md_cg_h10p0_ct1p5_mp20p0_it0p9_cg21_mix_periodic_file50.mat,26,"(3,-2)",3.606
51,md_cg_h10p0_ct1p5_mp20p0_it0p9_cg21_mix_periodic_file51.mat,0,"(4,2)",4.472
51,md_cg_h10p0_ct1p5_mp20p0_it0p9_cg21_mix_periodic_file51.mat,1,"(4,2)",4.472
51,md_cg_h10p0_ct1p5_mp20p0_it0p9_cg21_mix_periodic_file51.mat,2,"(4,2)",4.472
51,md_cg_h10p0_ct1p5_mp20p0_it0p9_cg21_mix_periodic_file51.mat,3,"(4,2)",4.472
51,md_cg_h10p0_ct1p5_mp20p0_it0p9_cg21_mix_periodic_file51.mat,4,"(4,2)",4.472
51,md_cg_h10p0_ct1p5_mp20p0_it0p9_cg21_mix_periodic_file51.mat,5,"(4,-2)",4.472
51,md_cg_h10p0_ct1p5_mp20p0_it0p9_cg21_mix_periodic_file51.mat,6,"(4,-2)",4.472
51,md_cg_h10p0_ct1p5_mp20p0_it0p9_cg21_mix_periodic_file51.mat,7,"(4,2)",4.472
51,md_cg_h10p0_ct1p5_mp20p0_it0p9_cg21_mix_periodic_file51.mat,8,"(4,2)",4.472
51,md_cg_h10p0_ct1p5_mp20p0_it0p9_cg21_mix_periodic_file51.mat,9,"(4,2)",4.472
51,md_cg_h10p0_ct1p5_mp20p0_it0p9_cg21_mix_periodic_file51.mat,10,"(4,2)",4.472
51,md_cg_h10p0_ct1p5_mp20p0_it0p9_cg21_mix_periodic_file51.mat,11,"(4,-2)",4.472
51,md_cg_h10p0_ct1p5_mp20p0_it0p9_cg21_mix_periodic_file51.mat,12,"(4,-2)",4.472
51,md_cg_h10p0_ct1p5_mp20p0_it0p9_cg21_mix_periodic_file51.mat,13,"(4,2)",4.472
51,md_cg_h10p0_ct1p5_mp20p0_it0p9_cg21_mix_periodic_file51.mat,14,"(4,-2)",4.472
51,md_cg_h10p0_ct1p5_mp20p0_it0p9_cg21_mix_periodic_file51.mat,15,"(4,-2)",4.472
51,md_cg_h10p0_ct1p5_mp20p0_it0p9_cg21_mix_periodic_file51.mat,16,"(4,2)",4.472
51,md_cg_h10p0_ct1p5_mp20p0_it0p9_cg21_mix_periodic_file51.mat,17,"(4,-2)",4.472
51,md_cg_h10p0_ct1p5_mp20p0_it0p9_cg21_mix_periodic_file51.mat,18,"(4,-2)",4.472
51,md_cg_h10p0_ct1p5_mp20p0_it0p9_cg21_mix_periodic_file51.mat,19,"(4,-2)",4.472
51,md_cg_h10p0_ct1p5_mp20p0_it0p9_cg21_mix_periodic_file51.mat,20,"(4,2)",4.472
51,md_cg_h10p0_ct1p5_mp20p0_it0p9_cg21_mix_periodic_file51.mat,21,"(4,2)",4.472
51,md_cg_h10p0_ct1p5_mp20p0_it0p9_cg21_mix_periodic_file51.mat,22,"(4,2)",4.472
51,md_cg_h10p0_ct1p5_mp20p0_it0p9_cg21_mix_periodic_file51.mat,23,"(4,2)",4.472
51,md_cg_h10p0_ct1p5_mp20p0_it0p9_cg21_mix_periodic_file51.mat,24,"(4,2)",4.472
51,md_cg_h10p0_ct1p5_mp20p0_it0p9_cg21_mix_periodic_file51.mat,25,"(4,-2)",4.472
51,md_cg_h10p0_ct1p5_mp20p0_it0p9_cg21_mix_periodic_file51.mat,26,"(4,2)",4.472
51,md_cg_h10p0_ct1p5_mp20p0_it0p9_cg21_mix_periodic_file51.mat,27,"(4,2)",4.472
51,md_cg_h10p0_ct1p5_mp20p0_it0p9_cg21_mix_periodic_file51.mat,28,"(4,2)",4.472
52,md_cg_h10p0_ct1p5_mp20p0_it0p9_cg21_mix_periodic_file52.mat,0,"(5,2)",5.385
52,md_cg_h10p0_ct1p5_mp20p0_it0p9_cg21_mix_periodic_file52.mat,1,"(5,2)",5.385
52,md_cg_h10p0_ct1p5_mp20p0_it0p9_cg21_mix_periodic_file52.mat,2,"(5,2)",5.385
52,md_cg_h10p0_ct1p5_mp20p0_it0p9_cg21_mix_periodic_file52.mat,3,"(5,2)",5.385
52,md_cg_h10p0_ct1p5_mp20p0_it0p9_cg21_mix_periodic_file52.mat,4,"(5,2)",5.385
52,md_cg_h10p0_ct1p5_mp20p0_it0p9_cg21_mix_periodic_file52.mat,5,"(5,-2)",5.385
52,md_cg_h10p0_ct1p5_mp20p0_it0p9_cg21_mix_periodic_file52.mat,6,"(5,2)",5.385
52,md_cg_h10p0_ct1p5_mp20p0_it0p9_cg21_mix_periodic_file52.mat,7,"(5,2)",5.385
52,md_cg_h10p0_ct1p5_mp20p0_it0p9_cg21_mix_periodic_file52.mat,8,"(5,2)",5.385
52,md_cg_h10p0_ct1p5_mp20p0_it0p9_cg21_mix_periodic_file52.mat,9,"(5,-2)",5.385
52,md_cg_h10p0_ct1p5_mp20p0_it0p9_cg21_mix_periodic_file52.mat,10,"(5,2)",5.385
52,md_cg_h10p0_ct1p5_mp20p0_it0p9_cg21_mix_periodic_file52.mat,11,"(5,2)",5.385
52,md_cg_h10p0_ct1p5_mp20p0_it0p9_cg21_mix_periodic_file52.mat,12,"(5,-2)",5.385
52,md_cg_h10p0_ct1p5_mp20p0_it0p9_cg21_mix_periodic_file52.mat,13,"(5,2)",5.385
52,md_cg_h10p0_ct1p5_mp20p0_it0p9_cg21_mix_periodic_file52.mat,14,"(5,-2)",5.385
52,md_cg_h10p0_ct1p5_mp20p0_it0p9_cg21_mix_periodic_file52.mat,15,"(5,-2)",5.385
52,md_cg_h10p0_ct1p5_mp20p0_it0p9_cg21_mix_periodic_file52.mat,16,"(5,2)",5.385
52,md_cg_h10p0_ct1p5_mp20p0_it0p9_cg21_mix_periodic_file52.mat,17,"(5,2)",5.385
52,md_cg_h10p0_ct1p5_mp20p0_it0p9_cg21_mix_periodic_file52.mat,18,"(5,2)",5.385
52,md_cg_h10p0_ct1p5_mp20p0_it0p9_cg21_mix_periodic_file52.mat,19,"(5,2)",5.385
52,md_cg_h10p0_ct1p5_mp20p0_it0p9_cg21_mix_periodic_file52.mat,20,"(5,2)",5.385
52,md_cg_h10p0_ct1p5_mp20p0_it0p9_cg21_mix_periodic_file52.mat,21,"(5,2)",5.385
52,md_cg_h10p0_ct1p5_mp20p0_it0p9_cg21_mix_periodic_file52.mat,22,"(5,2)",5.385
52,md_cg_h10p0_ct1p5_mp20p0_it0p9_cg21_mix_periodic_file52.mat,23,"(5,2)",5.385
52,md_cg_h10p0_ct1p5_mp20p0_it0p9_cg21_mix_periodic_file52.mat,24,"(5,2)",5.385
52,md_cg_h10p0_ct1p5_mp20p0_it0p9_cg21_mix_periodic_file52.mat,25,"(5,2)",5.385
52,md_cg_h10p0_ct1p5_mp20p0_it0p9_cg21_mix_periodic_file52.mat,26,"(5,2)",5.385
52,md_cg_h10p0_ct1p5_mp20p0_it0p9_cg21_mix_periodic_file52.mat,27,"(5,2)",5.385
52,md_cg_h10p0_ct1p5_mp20p0_it0p9_cg21_mix_periodic_file52.mat,28,"(5,-2)",5.385
52,md_cg_h10p0_ct1p5_mp20p0_it0p9_cg21_mix_periodic_file52.mat,29,"(5,2)",5.385
52,md_cg_h10p0_ct1p5_mp20p0_it0p9_cg21_mix_periodic_file52.mat,30,"(5,-2)",5.385
53,md_cg_h10p0_ct1p5_mp20p0_it0p9_cg21_mix_periodic_file53.mat,0,"(0,3)",3.000
53,md_cg_h10p0_ct1p5_mp20p0_it0p9_cg21_mix_periodic_file53.mat,1,"(0,3)",3.000
53,md_cg_h10p0_ct1p5_mp20p0_it0p9_cg21_mix_periodic_file53.mat,2,"(0,3)",3.000
53,md_cg_h10p0_ct1p5_mp20p0_it0p9_cg21_mix_periodic_file53.mat,3,"(0,3)",3.000
53,md_cg_h10p0_ct1p5_mp20p0_it0p9_cg21_mix_periodic_file53.mat,4,"(0,3)",3.000
53,md_cg_h10p0_ct1p5_mp20p0_it0p9_cg21_mix_periodic_file53.mat,5,"(0,3)",3.000
53,md_cg_h10p0_ct1p5_mp20p0_it0p9_cg21_mix_periodic_file53.mat,6,"(0,3)",3.000
53,md_cg_h10p0_ct1p5_mp20p0_it0p9_cg21_mix_periodic_file53.mat,7,"(0,3)",3.000
53,md_cg_h10p0_ct1p5_mp20p0_it0p9_cg21_mix_periodic_file53.mat,8,"(0,3)",3.000
53,md_cg_h10p0_ct1p5_mp20p0_it0p9_cg21_mix_periodic_file53.mat,9,"(0,3)",3.000
53,md_cg_h10p0_ct1p5_mp20p0_it0p9_cg21_mix_periodic_file53.mat,10,"(0,3)",3.000
53,md_cg_h10p0_ct1p5_mp20p0_it0p9_cg21_mix_periodic_file53.mat,11,"(0,3)",3.000
53,md_cg_h10p0_ct1p5_mp20p0_it0p9_cg21_mix_periodic_file53.mat,12,"(0,3)",3.000
53,md_cg_h10p0_ct1p5_mp20p0_it0p9_cg21_mix_periodic_file53.mat,13,"(0,3)",3.000
53,md_cg_h10p0_ct1p5_mp20p0_it0p9_cg21_mix_periodic_file53.mat,14,"(0,3)",3.000
53,md_cg_h10p0_ct1p5_mp20p0_it0p9_cg21_mix_periodic_file53.mat,15,"(0,3)",3.000
53,md_cg_h10p0_ct1p5_mp20p0_it0p9_cg21_mix_periodic_file53.mat,16,"(0,3)",3.000
53,md_cg_h10p0_ct1p5_mp20p0_it0p9_cg21_mix_periodic_file53.mat,17,"(0,3)",3.000
53,md_cg_h10p0_ct1p5_mp20p0_it0p9_cg21_mix_periodic_file53.mat,18,"(0,3)",3.000
53,md_cg_h10p0_ct1p5_mp20p0_it0p9_cg21_mix_periodic_file53.mat,19,"(0,3)",3.000
53,md_cg_h10p0_ct1p5_mp20p0_it0p9_cg21_mix_periodic_file53.mat,20,"(0,3)",3.000
53,md_cg_h10p0_ct1p5_mp20p0_it0p9_cg21_mix_periodic_file53.mat,21,"(0,3)",3.000
53,md_cg_h10p0_ct1p5_mp20p0_it0p9_cg21_mix_periodic_file53.mat,22,"(0,3)",3.000
53,md_cg_h10p0_ct1p5_mp20p0_it0p9_cg21_mix_periodic_file53.mat,23,"(0,3)",3.000
53,md_cg_h10p0_ct1p5_mp20p0_it0p9_cg21_mix_periodic_file53.mat,24,"(0,3)",3.000
53,md_cg_h10p0_ct1p5_mp20p0_it0p9_cg21_mix_periodic_file53.mat,25,"(0,3)",3.000
53,md_cg_h10p0_ct1p5_mp20p0_it0p9_cg21_mix_periodic_file53.mat,26,"(0,3)",3.000
53,md_cg_h10p0_ct1p5_mp20p0_it0p9_cg21_mix_periodic_file53.mat,27,"(0,3)",3.000
54,md_cg_h10p0_ct1p5_mp20p0_it0p9_cg21_mix_periodic_file54.mat,0,"(1,3)",3.162
54,md_cg_h10p0_ct1p5_mp20p0_it0p9_cg21_mix_periodic_file54.mat,1,"(1,-3)",3.162
54,md_cg_h10p0_ct1p5_mp20p0_it0p9_cg21_mix_periodic_file54.mat,2,"(1,-3)",3.162
54,md_cg_h10p0_ct1p5_mp20p0_it0p9_cg21_mix_periodic_file54.mat,3,"(1,3)",3.162
54,md_cg_h10p0_ct1p5_mp20p0_it0p9_cg21_mix_periodic_file54.mat,4,"(1,-3)",3.162
54,md_cg_h10p0_ct1p5_mp20p0_it0p9_cg21_mix_periodic_file54.mat,5,"(1,-3)",3.162
54,md_cg_h10p0_ct1p5_mp20p0_it0p9_cg21_mix_periodic_file54.mat,6,"(1,-3)",3.162
54,md_cg_h10p0_ct1p5_mp20p0_it0p9_cg21_mix_periodic_file54.mat,7,"(1,3)",3.162
54,md_cg_h10p0_ct1p5_mp20p0_it0p9_cg21_mix_periodic_file54.mat,8,"(1,-3)",3.162
54,md_cg_h10p0_ct1p5_mp20p0_it0p9_cg21_mix_periodic_file54.mat,9,"(1,-3)",3.162
54,md_cg_h10p0_ct1p5_mp20p0_it0p9_cg21_mix_periodic_file54.mat,10,"(1,3)",3.162
54,md_cg_h10p0_ct1p5_mp20p0_it0p9_cg21_mix_periodic_file54.mat,11,"(1,-3)",3.162
54,md_cg_h10p0_ct1p5_mp20p0_it0p9_cg21_mix_periodic_file54.mat,12,"(1,-3)",3.162
54,md_cg_h10p0_ct1p5_mp20p0_it0p9_cg21_mix_periodic_file54.mat,13,"(1,3)",3.162
54,md_cg_h10p0_ct1p5_mp20p0_it0p9_cg21_mix_periodic_file54.mat,14,"(1,3)",3.162
54,md_cg_h10p0_ct1p5_mp20p0_it0p9_cg21_mix_periodic_file54.mat,15,"(1,3)",3.162
54,md_cg_h10p0_ct1p5_mp20p0_it0p9_cg21_mix_periodic_file54.mat,16,"(1,3)",3.162
54,md_cg_h10p0_ct1p5_mp20p0_it0p9_cg21_mix_periodic_file54.mat,17,"(1,3)",3.162
54,md_cg_h10p0_ct1p5_mp20p0_it0p9_cg21_mix_periodic_file54.mat,18,"(1,-3)",3.162
54,md_cg_h10p0_ct1p5_mp20p0_it0p9_cg21_mix_periodic_file54.mat,19,"(1,3)",3.162
54,md_cg_h10p0_ct1p5_mp20p0_it0p9_cg21_mix_periodic_file54.mat,20,"(1,-3)",3.162
54,md_cg_h10p0_ct1p5_mp20p0_it0p9_cg21_mix_periodic_file54.mat,21,"(1,3)",3.162
54,md_cg_h10p0_ct1p5_mp20p0_it0p9_cg21_mix_periodic_file54.mat,22,"(1,-3)",3.162
54,md_cg_h10p0_ct1p5_mp20p0_it0p9_cg21_mix_periodic_file54.mat,23,"(1,-3)",3.162
54,md_cg_h10p0_ct1p5_mp20p0_it0p9_cg21_mix_periodic_file54.mat,24,"(1,3)",3.162
54,md_cg_h10p0_ct1p5_mp20p0_it0p9_cg21_mix_periodic_file54.mat,25,"(1,3)",3.162
54,md_cg_h10p0_ct1p5_mp20p0_it0p9_cg21_mix_periodic_file54.mat,26,"(1,3)",3.162
54,md_cg_h10p0_ct1p5_mp20p0_it0p9_cg21_mix_periodic_file54.mat,27,"(1,3)",3.162
54,md_cg_h10p0_ct1p5_mp20p0_it0p9_cg21_mix_periodic_file54.mat,28,"(1,3)",3.162
54,md_cg_h10p0_ct1p5_mp20p0_it0p9_cg21_mix_periodic_file54.mat,29,"(1,3)",3.162
54,md_cg_h10p0_ct1p5_mp20p0_it0p9_cg21_mix_periodic_file54.mat,30,"(1,-3)",3.162
54,md_cg_h10p0_ct1p5_mp20p0_it0p9_cg21_mix_periodic_file54.mat,31,"(1,3)",3.162
55,md_cg_h10p0_ct1p5_mp20p0_it0p9_cg21_mix_periodic_file55.mat,0,"(2,-3)",3.606
55,md_cg_h10p0_ct1p5_mp20p0_it0p9_cg21_mix_periodic_file55.mat,1,"(2,3)",3.606
55,md_cg_h10p0_ct1p5_mp20p0_it0p9_cg21_mix_periodic_file55.mat,2,"(2,3)",3.606
55,md_cg_h10p0_ct1p5_mp20p0_it0p9_cg21_mix_periodic_file55.mat,3,"(2,-3)",3.606
55,md_cg_h10p0_ct1p5_mp20p0_it0p9_cg21_mix_periodic_file55.mat,4,"(2,3)",3.606
55,md_cg_h10p0_ct1p5_mp20p0_it0p9_cg21_mix_periodic_file55.mat,5,"(2,3)",3.606
55,md_cg_h10p0_ct1p5_mp20p0_it0p9_cg21_mix_periodic_file55.mat,6,"(2,3)",3.606
55,md_cg_h10p0_ct1p5_mp20p0_it0p9_cg21_mix_periodic_file55.mat,7,"(2,3)",3.606
55,md_cg_h10p0_ct1p5_mp20p0_it0p9_cg21_mix_periodic_file55.mat,8,"(2,3)",3.606
55,md_cg_h10p0_ct1p5_mp20p0_it0p9_cg21_mix_periodic_file55.mat,9,"(2,-3)",3.606
55,md_cg_h10p0_ct1p5_mp20p0_it0p9_cg21_mix_periodic_file55.mat,10,"(2,-3)",3.606
55,md_cg_h10p0_ct1p5_mp20p0_it0p9_cg21_mix_periodic_file55.mat,11,"(2,-3)",3.606
55,md_cg_h10p0_ct1p5_mp20p0_it0p9_cg21_mix_periodic_file55.mat,12,"(2,3)",3.606
55,md_cg_h10p0_ct1p5_mp20p0_it0p9_cg21_mix_periodic_file55.mat,13,"(2,3)",3.606
55,md_cg_h10p0_ct1p5_mp20p0_it0p9_cg21_mix_periodic_file55.mat,14,"(2,3)",3.606
55,md_cg_h10p0_ct1p5_mp20p0_it0p9_cg21_mix_periodic_file55.mat,15,"(2,3)",3.606
55,md_cg_h10p0_ct1p5_mp20p0_it0p9_cg21_mix_periodic_file55.mat,16,"(2,-3)",3.606
55,md_cg_h10p0_ct1p5_mp20p0_it0p9_cg21_mix_periodic_file55.mat,17,"(2,3)",3.606
55,md_cg_h10p0_ct1p5_mp20p0_it0p9_cg21_mix_periodic_file55.mat,18,"(2,3)",3.606
55,md_cg_h10p0_ct1p5_mp20p0_it0p9_cg21_mix_periodic_file55.mat,19,"(2,3)",3.606
55,md_cg_h10p0_ct1p5_mp20p0_it0p9_cg21_mix_periodic_file55.mat,20,"(2,3)",3.606
55,md_cg_h10p0_ct1p5_mp20p0_it0p9_cg21_mix_periodic_file55.mat,21,"(2,-3)",3.606
55,md_cg_h10p0_ct1p5_mp20p0_it0p9_cg21_mix_periodic_file55.mat,22,"(2,3)",3.606
55,md_cg_h10p0_ct1p5_mp20p0_it0p9_cg21_mix_periodic_file55.mat,23,"(2,-3)",3.606
55,md_cg_h10p0_ct1p5_mp20p0_it0p9_cg21_mix_periodic_file55.mat,24,"(2,-3)",3.606
55,md_cg_h10p0_ct1p5_mp20p0_it0p9_cg21_mix_periodic_file55.mat,25,"(2,3)",3.606
55,md_cg_h10p0_ct1p5_mp20p0_it0p9_cg21_mix_periodic_file55.mat,26,"(2,-3)",3.606
55,md_cg_h10p0_ct1p5_mp20p0_it0p9_cg21_mix_periodic_file55.mat,27,"(2,3)",3.606
55,md_cg_h10p0_ct1p5_mp20p0_it0p9_cg21_mix_periodic_file55.mat,28,"(2,-3)",3.606
55,md_cg_h10p0_ct1p5_mp20p0_it0p9_cg21_mix_periodic_file55.mat,29,"(2,3)",3.606
56,md_cg_h10p0_ct1p5_mp20p0_it0p9_cg21_mix_periodic_file56.mat,0,"(3,3)",4.243
56,md_cg_h10p0_ct1p5_mp20p0_it0p9_cg21_mix_periodic_file56.mat,1,"(3,3)",4.243
56,md_cg_h10p0_ct1p5_mp20p0_it0p9_cg21_mix_periodic_file56.mat,2,"(3,3)",4.243
56,md_cg_h10p0_ct1p5_mp20p0_it0p9_cg21_mix_periodic_file56.mat,3,"(3,3)",4.243
56,md_cg_h10p0_ct1p5_mp20p0_it0p9_cg21_mix_periodic_file56.mat,4,"(3,-3)",4.243
56,md_cg_h10p0_ct1p5_mp20p0_it0p9_cg21_mix_periodic_file56.mat,5,"(3,3)",4.243
56,md_cg_h10p0_ct1p5_mp20p0_it0p9_cg21_mix_periodic_file56.mat,6,"(3,3)",4.243
56,md_cg_h10p0_ct1p5_mp20p0_it0p9_cg21_mix_periodic_file56.mat,7,"(3,3)",4.243
56,md_cg_h10p0_ct1p5_mp20p0_it0p9_cg21_mix_periodic_file56.mat,8,"(3,3)",4.243
56,md_cg_h10p0_ct1p5_mp20p0_it0p9_cg21_mix_periodic_file56.mat,9,"(3,-3)",4.243
56,md_cg_h10p0_ct1p5_mp20p0_it0p9_cg21_mix_periodic_file56.mat,10,"(3,3)",4.243
56,md_cg_h10p0_ct1p5_mp20p0_it0p9_cg21_mix_periodic_file56.mat,11,"(3,-3)",4.243
56,md_cg_h10p0_ct1p5_mp20p0_it0p9_cg21_mix_periodic_file56.mat,12,"(3,3)",4.243
56,md_cg_h10p0_ct1p5_mp20p0_it0p9_cg21_mix_periodic_file56.mat,13,"(3,3)",4.243
56,md_cg_h10p0_ct1p5_mp20p0_it0p9_cg21_mix_periodic_file56.mat,14,"(3,-3)",4.243
56,md_cg_h10p0_ct1p5_mp20p0_it0p9_cg21_mix_periodic_file56.mat,15,"(3,-3)",4.243
56,md_cg_h10p0_ct1p5_mp20p0_it0p9_cg21_mix_periodic_file56.mat,16,"(3,3)",4.243
56,md_cg_h10p0_ct1p5_mp20p0_it0p9_cg21_mix_periodic_file56.mat,17,"(3,3)",4.243
56,md_cg_h10p0_ct1p5_mp20p0_it0p9_cg21_mix_periodic_file56.mat,18,"(3,3)",4.243
56,md_cg_h10p0_ct1p5_mp20p0_it0p9_cg21_mix_periodic_file56.mat,19,"(3,3)",4.243
56,md_cg_h10p0_ct1p5_mp20p0_it0p9_cg21_mix_periodic_file56.mat,20,"(3,-3)",4.243
56,md_cg_h10p0_ct1p5_mp20p0_it0p9_cg21_mix_periodic_file56.mat,21,"(3,3)",4.243
56,md_cg_h10p0_ct1p5_mp20p0_it0p9_cg21_mix_periodic_file56.mat,22,"(3,-3)",4.243
56,md_cg_h10p0_ct1p5_mp20p0_it0p9_cg21_mix_periodic_file56.mat,23,"(3,3)",4.243
56,md_cg_h10p0_ct1p5_mp20p0_it0p9_cg21_mix_periodic_file56.mat,24,"(3,-3)",4.243
56,md_cg_h10p0_ct1p5_mp20p0_it0p9_cg21_mix_periodic_file56.mat,25,"(3,3)",4.243
56,md_cg_h10p0_ct1p5_mp20p0_it0p9_cg21_mix_periodic_file56.mat,26,"(3,3)",4.243
57,md_cg_h10p0_ct1p5_mp20p0_it0p9_cg21_mix_periodic_file57.mat,0,"(4,-3)",5.000
57,md_cg_h10p0_ct1p5_mp20p0_it0p9_cg21_mix_periodic_file57.mat,1,"(4,3)",5.000
57,md_cg_h10p0_ct1p5_mp20p0_it0p9_cg21_mix_periodic_file57.mat,2,"(4,3)",5.000
57,md_cg_h10p0_ct1p5_mp20p0_it0p9_cg21_mix_periodic_file57.mat,3,"(4,3)",5.000
57,md_cg_h10p0_ct1p5_mp20p0_it0p9_cg21_mix_periodic_file57.mat,4,"(4,3)",5.000
57,md_cg_h10p0_ct1p5_mp20p0_it0p9_cg21_mix_periodic_file57.mat,5,"(4,3)",5.000
57,md_cg_h10p0_ct1p5_mp20p0_it0p9_cg21_mix_periodic_file57.mat,6,"(4,-3)",5.000
57,md_cg_h10p0_ct1p5_mp20p0_it0p9_cg21_mix_periodic_file57.mat,7,"(4,-3)",5.000
57,md_cg_h10p0_ct1p5_mp20p0_it0p9_cg21_mix_periodic_file57.mat,8,"(4,3)",5.000
57,md_cg_h10p0_ct1p5_mp20p0_it0p9_cg21_mix_periodic_file57.mat,9,"(4,3)",5.000
57,md_cg_h10p0_ct1p5_mp20p0_it0p9_cg21_mix_periodic_file57.mat,10,"(4,-3)",5.000
57,md_cg_h10p0_ct1p5_mp20p0_it0p9_cg21_mix_periodic_file57.mat,11,"(4,3)",5.000
57,md_cg_h10p0_ct1p5_mp20p0_it0p9_cg21_mix_periodic_file57.mat,12,"(4,-3)",5.000
57,md_cg_h10p0_ct1p5_mp20p0_it0p9_cg21_mix_periodic_file57.mat,13,"(4,3)",5.000
57,md_cg_h10p0_ct1p5_mp20p0_it0p9_cg21_mix_periodic_file57.mat,14,"(4,-3)",5.000
57,md_cg_h10p0_ct1p5_mp20p0_it0p9_cg21_mix_periodic_file57.mat,15,"(4,-3)",5.000
57,md_cg_h10p0_ct1p5_mp20p0_it0p9_cg21_mix_periodic_file57.mat,16,"(4,3)",5.000
57,md_cg_h10p0_ct1p5_mp20p0_it0p9_cg21_mix_periodic_file57.mat,17,"(4,-3)",5.000
57,md_cg_h10p0_ct1p5_mp20p0_it0p9_cg21_mix_periodic_file57.mat,18,"(4,-3)",5.000
57,md_cg_h10p0_ct1p5_mp20p0_it0p9_cg21_mix_periodic_file57.mat,19,"(4,-3)",5.000
57,md_cg_h10p0_ct1p5_mp20p0_it0p9_cg21_mix_periodic_file57.mat,20,"(4,3)",5.000
57,md_cg_h10p0_ct1p5_mp20p0_it0p9_cg21_mix_periodic_file57.mat,21,"(4,3)",5.000
57,md_cg_h10p0_ct1p5_mp20p0_it0p9_cg21_mix_periodic_file57.mat,22,"(4,3)",5.000
57,md_cg_h10p0_ct1p5_mp20p0_it0p9_cg21_mix_periodic_file57.mat,23,"(4,3)",5.000
57,md_cg_h10p0_ct1p5_mp20p0_it0p9_cg21_mix_periodic_file57.mat,24,"(4,3)",5.000
57,md_cg_h10p0_ct1p5_mp20p0_it0p9_cg21_mix_periodic_file57.mat,25,"(4,-3)",5.000
57,md_cg_h10p0_ct1p5_mp20p0_it0p9_cg21_mix_periodic_file57.mat,26,"(4,3)",5.000
58,md_cg_h10p0_ct1p5_mp20p0_it0p9_cg21_mix_periodic_file58.mat,0,"(5,3)",5.831
58,md_cg_h10p0_ct1p5_mp20p0_it0p9_cg21_mix_periodic_file58.mat,1,"(5,3)",5.831
58,md_cg_h10p0_ct1p5_mp20p0_it0p9_cg21_mix_periodic_file58.mat,2,"(5,-3)",5.831
58,md_cg_h10p0_ct1p5_mp20p0_it0p9_cg21_mix_periodic_file58.mat,3,"(5,3)",5.831
58,md_cg_h10p0_ct1p5_mp20p0_it0p9_cg21_mix_periodic_file58.mat,4,"(5,3)",5.831
58,md_cg_h10p0_ct1p5_mp20p0_it0p9_cg21_mix_periodic_file58.mat,5,"(5,-3)",5.831
58,md_cg_h10p0_ct1p5_mp20p0_it0p9_cg21_mix_periodic_file58.mat,6,"(5,3)",5.831
58,md_cg_h10p0_ct1p5_mp20p0_it0p9_cg21_mix_periodic_file58.mat,7,"(5,3)",5.831
58,md_cg_h10p0_ct1p5_mp20p0_it0p9_cg21_mix_periodic_file58.mat,8,"(5,3)",5.831
58,md_cg_h10p0_ct1p5_mp20p0_it0p9_cg21_mix_periodic_file58.mat,9,"(5,3)",5.831
58,md_cg_h10p0_ct1p5_mp20p0_it0p9_cg21_mix_periodic_file58.mat,10,"(5,-3)",5.831
58,md_cg_h10p0_ct1p5_mp20p0_it0p9_cg21_mix_periodic_file58.mat,11,"(5,-3)",5.831
58,md_cg_h10p0_ct1p5_mp20p0_it0p9_cg21_mix_periodic_file58.mat,12,"(5,-3)",5.831
58,md_cg_h10p0_ct1p5_mp20p0_it0p9_cg21_mix_periodic_file58.mat,13,"(5,3)",5.831
58,md_cg_h10p0_ct1p5_mp20p0_it0p9_cg21_mix_periodic_file58.mat,14,"(5,3)",5.831
58,md_cg_h10p0_ct1p5_mp20p0_it0p9_cg21_mix_periodic_file58.mat,15,"(5,3)",5.831
58,md_cg_h10p0_ct1p5_mp20p0_it0p9_cg21_mix_periodic_file58.mat,16,"(5,-3)",5.831
58,md_cg_h10p0_ct1p5_mp20p0_it0p9_cg21_mix_periodic_file58.mat,17,"(5,-3)",5.831
58,md_cg_h10p0_ct1p5_mp20p0_it0p9_cg21_mix_periodic_file58.mat,18,"(5,3)",5.831
58,md_cg_h10p0_ct1p5_mp20p0_it0p9_cg21_mix_periodic_file58.mat,19,"(5,3)",5.831
58,md_cg_h10p0_ct1p5_mp20p0_it0p9_cg21_mix_periodic_file58.mat,20,"(5,3)",5.831
58,md_cg_h10p0_ct1p5_mp20p0_it0p9_cg21_mix_periodic_file58.mat,21,"(5,3)",5.831
58,md_cg_h10p0_ct1p5_mp20p0_it0p9_cg21_mix_periodic_file58.mat,22,"(5,-3)",5.831
58,md_cg_h10p0_ct1p5_mp20p0_it0p9_cg21_mix_periodic_file58.mat,23,"(5,3)",5.831
58,md_cg_h10p0_ct1p5_mp20p0_it0p9_cg21_mix_periodic_file58.mat,24,"(5,-3)",5.831
58,md_cg_h10p0_ct1p5_mp20p0_it0p9_cg21_mix_periodic_file58.mat,25,"(5,3)",5.831
58,md_cg_h10p0_ct1p5_mp20p0_it0p9_cg21_mix_periodic_file58.mat,26,"(5,-3)",5.831
58,md_cg_h10p0_ct1p5_mp20p0_it0p9_cg21_mix_periodic_file58.mat,27,"(5,-3)",5.831
59,md_cg_h10p0_ct1p5_mp20p0_it0p9_cg21_mix_periodic_file59.mat,0,"(0,4)",4.000
59,md_cg_h10p0_ct1p5_mp20p0_it0p9_cg21_mix_periodic_file59.mat,1,"(0,4)",4.000
59,md_cg_h10p0_ct1p5_mp20p0_it0p9_cg21_mix_periodic_file59.mat,2,"(0,4)",4.000
59,md_cg_h10p0_ct1p5_mp20p0_it0p9_cg21_mix_periodic_file59.mat,3,"(0,4)",4.000
59,md_cg_h10p0_ct1p5_mp20p0_it0p9_cg21_mix_periodic_file59.mat,4,"(0,4)",4.000
59,md_cg_h10p0_ct1p5_mp20p0_it0p9_cg21_mix_periodic_file59.mat,5,"(0,4)",4.000
59,md_cg_h10p0_ct1p5_mp20p0_it0p9_cg21_mix_periodic_file59.mat,6,"(0,4)",4.000
59,md_cg_h10p0_ct1p5_mp20p0_it0p9_cg21_mix_periodic_file59.mat,7,"(0,4)",4.000
59,md_cg_h10p0_ct1p5_mp20p0_it0p9_cg21_mix_periodic_file59.mat,8,"(0,4)",4.000
59,md_cg_h10p0_ct1p5_mp20p0_it0p9_cg21_mix_periodic_file59.mat,9,"(0,4)",4.000
59,md_cg_h10p0_ct1p5_mp20p0_it0p9_cg21_mix_periodic_file59.mat,10,"(0,4)",4.000
59,md_cg_h10p0_ct1p5_mp20p0_it0p9_cg21_mix_periodic_file59.mat,11,"(0,4)",4.000
59,md_cg_h10p0_ct1p5_mp20p0_it0p9_cg21_mix_periodic_file59.mat,12,"(0,4)",4.000
59,md_cg_h10p0_ct1p5_mp20p0_it0p9_cg21_mix_periodic_file59.mat,13,"(0,4)",4.000
59,md_cg_h10p0_ct1p5_mp20p0_it0p9_cg21_mix_periodic_file59.mat,14,"(0,4)",4.000
59,md_cg_h10p0_ct1p5_mp20p0_it0p9_cg21_mix_periodic_file59.mat,15,"(0,4)",4.000
59,md_cg_h10p0_ct1p5_mp20p0_it0p9_cg21_mix_periodic_file59.mat,16,"(0,4)",4.000
59,md_cg_h10p0_ct1p5_mp20p0_it0p9_cg21_mix_periodic_file59.mat,17,"(0,4)",4.000
59,md_cg_h10p0_ct1p5_mp20p0_it0p9_cg21_mix_periodic_file59.mat,18,"(0,4)",4.000
59,md_cg_h10p0_ct1p5_mp20p0_it0p9_cg21_mix_periodic_file59.mat,19,"(0,4)",4.000
59,md_cg_h10p0_ct1p5_mp20p0_it0p9_cg21_mix_periodic_file59.mat,20,"(0,4)",4.000
59,md_cg_h10p0_ct1p5_mp20p0_it0p9_cg21_mix_periodic_file59.mat,21,"(0,4)",4.000
59,md_cg_h10p0_ct1p5_mp20p0_it0p9_cg21_mix_periodic_file59.mat,22,"(0,4)",4.000
59,md_cg_h10p0_ct1p5_mp20p0_it0p9_cg21_mix_periodic_file59.mat,23,"(0,4)",4.000
59,md_cg_h10p0_ct1p5_mp20p0_it0p9_cg21_mix_periodic_file59.mat,24,"(0,4)",4.000
59,md_cg_h10p0_ct1p5_mp20p0_it0p9_cg21_mix_periodic_file59.mat,25,"(0,4)",4.000
59,md_cg_h10p0_ct1p5_mp20p0_it0p9_cg21_mix_periodic_file59.mat,26,"(0,4)",4.000
59,md_cg_h10p0_ct1p5_mp20p0_it0p9_cg21_mix_periodic_file59.mat,27,"(0,4)",4.000
60,md_cg_h10p0_ct1p5_mp20p0_it0p9_cg21_mix_periodic_file60.mat,0,"(1,4)",4.123
60,md_cg_h10p0_ct1p5_mp20p0_it0p9_cg21_mix_periodic_file60.mat,1,"(1,-4)",4.123
60,md_cg_h10p0_ct1p5_mp20p0_it0p9_cg21_mix_periodic_file60.mat,2,"(1,-4)",4.123
60,md_cg_h10p0_ct1p5_mp20p0_it0p9_cg21_mix_periodic_file60.mat,3,"(1,4)",4.123
60,md_cg_h10p0_ct1p5_mp20p0_it0p9_cg21_mix_periodic_file60.mat,4,"(1,4)",4.123
60,md_cg_h10p0_ct1p5_mp20p0_it0p9_cg21_mix_periodic_file60.mat,5,"(1,4)",4.123
60,md_cg_h10p0_ct1p5_mp20p0_it0p9_cg21_mix_periodic_file60.mat,6,"(1,-4)",4.123
60,md_cg_h10p0_ct1p5_mp20p0_it0p9_cg21_mix_periodic_file60.mat,7,"(1,4)",4.123
60,md_cg_h10p0_ct1p5_mp20p0_it0p9_cg21_mix_periodic_file60.mat,8,"(1,4)",4.123
60,md_cg_h10p0_ct1p5_mp20p0_it0p9_cg21_mix_periodic_file60.mat,9,"(1,-4)",4.123
60,md_cg_h10p0_ct1p5_mp20p0_it0p9_cg21_mix_periodic_file60.mat,10,"(1,4)",4.123
60,md_cg_h10p0_ct1p5_mp20p0_it0p9_cg21_mix_periodic_file60.mat,11,"(1,4)",4.123
60,md_cg_h10p0_ct1p5_mp20p0_it0p9_cg21_mix_periodic_file60.mat,12,"(1,4)",4.123
60,md_cg_h10p0_ct1p5_mp20p0_it0p9_cg21_mix_periodic_file60.mat,13,"(1,4)",4.123
60,md_cg_h10p0_ct1p5_mp20p0_it0p9_cg21_mix_periodic_file60.mat,14,"(1,4)",4.123
60,md_cg_h10p0_ct1p5_mp20p0_it0p9_cg21_mix_periodic_file60.mat,15,"(1,-4)",4.123
60,md_cg_h10p0_ct1p5_mp20p0_it0p9_cg21_mix_periodic_file60.mat,16,"(1,-4)",4.123
60,md_cg_h10p0_ct1p5_mp20p0_it0p9_cg21_mix_periodic_file60.mat,17,"(1,4)",4.123
60,md_cg_h10p0_ct1p5_mp20p0_it0p9_cg21_mix_periodic_file60.mat,18,"(1,4)",4.123
60,md_cg_h10p0_ct1p5_mp20p0_it0p9_cg21_mix_periodic_file60.mat,19,"(1,4)",4.123
60,md_cg_h10p0_ct1p5_mp20p0_it0p9_cg21_mix_periodic_file60.mat,20,"(1,4)",4.123
60,md_cg_h10p0_ct1p5_mp20p0_it0p9_cg21_mix_periodic_file60.mat,21,"(1,4)",4.123
60,md_cg_h10p0_ct1p5_mp20p0_it0p9_cg21_mix_periodic_file60.mat,22,"(1,-4)",4.123
60,md_cg_h10p0_ct1p5_mp20p0_it0p9_cg21_mix_periodic_file60.mat,23,"(1,-4)",4.123
60,md_cg_h10p0_ct1p5_mp20p0_it0p9_cg21_mix_periodic_file60.mat,24,"(1,-4)",4.123
60,md_cg_h10p0_ct1p5_mp20p0_it0p9_cg21_mix_periodic_file60.mat,25,"(1,4)",4.123
60,md_cg_h10p0_ct1p5_mp20p0_it0p9_cg21_mix_periodic_file60.mat,26,"(1,4)",4.123
60,md_cg_h10p0_ct1p5_mp20p0_it0p9_cg21_mix_periodic_file60.mat,27,"(1,4)",4.123
60,md_cg_h10p0_ct1p5_mp20p0_it0p9_cg21_mix_periodic_file60.mat,28,"(1,4)",4.123
60,md_cg_h10p0_ct1p5_mp20p0_it0p9_cg21_mix_periodic_file60.mat,29,"(1,4)",4.123
61,md_cg_h10p0_ct1p5_mp20p0_it0p9_cg21_mix_periodic_file61.mat,0,"(2,4)",4.472
61,md_cg_h10p0_ct1p5_mp20p0_it0p9_cg21_mix_periodic_file61.mat,1,"(2,4)",4.472
61,md_cg_h10p0_ct1p5_mp20p0_it0p9_cg21_mix_periodic_file61.mat,2,"(2,-4)",4.472
61,md_cg_h10p0_ct1p5_mp20p0_it0p9_cg21_mix_periodic_file61.mat,3,"(2,4)",4.472
61,md_cg_h10p0_ct1p5_mp20p0_it0p9_cg21_mix_periodic_file61.mat,4,"(2,4)",4.472
61,md_cg_h10p0_ct1p5_mp20p0_it0p9_cg21_mix_periodic_file61.mat,5,"(2,4)",4.472
61,md_cg_h10p0_ct1p5_mp20p0_it0p9_cg21_mix_periodic_file61.mat,6,"(2,-4)",4.472
61,md_cg_h10p0_ct1p5_mp20p0_it0p9_cg21_mix_periodic_file61.mat,7,"(2,-4)",4.472
61,md_cg_h10p0_ct1p5_mp20p0_it0p9_cg21_mix_periodic_file61.mat,8,"(2,4)",4.472
61,md_cg_h10p0_ct1p5_mp20p0_it0p9_cg21_mix_periodic_file61.mat,9,"(2,4)",4.472
61,md_cg_h10p0_ct1p5_mp20p0_it0p9_cg21_mix_periodic_file61.mat,10,"(2,4)",4.472
61,md_cg_h10p0_ct1p5_mp20p0_it0p9_cg21_mix_periodic_file61.mat,11,"(2,4)",4.472
61,md_cg_h10p0_ct1p5_mp20p0_it0p9_cg21_mix_periodic_file61.mat,12,"(2,-4)",4.472
61,md_cg_h10p0_ct1p5_mp20p0_it0p9_cg21_mix_periodic_file61.mat,13,"(2,-4)",4.472
61,md_cg_h10p0_ct1p5_mp20p0_it0p9_cg21_mix_periodic_file61.mat,14,"(2,-4)",4.472
61,md_cg_h10p0_ct1p5_mp20p0_it0p9_cg21_mix_periodic_file61.mat,15,"(2,4)",4.472
61,md_cg_h10p0_ct1p5_mp20p0_it0p9_cg21_mix_periodic_file61.mat,16,"(2,4)",4.472
61,md_cg_h10p0_ct1p5_mp20p0_it0p9_cg21_mix_periodic_file61.mat,17,"(2,-4)",4.472
61,md_cg_h10p0_ct1p5_mp20p0_it0p9_cg21_mix_periodic_file61.mat,18,"(2,4)",4.472
61,md_cg_h10p0_ct1p5_mp20p0_it0p9_cg21_mix_periodic_file61.mat,19,"(2,4)",4.472
61,md_cg_h10p0_ct1p5_mp20p0_it0p9_cg21_mix_periodic_file61.mat,20,"(2,4)",4.472
61,md_cg_h10p0_ct1p5_mp20p0_it0p9_cg21_mix_periodic_file61.mat,21,"(2,4)",4.472
61,md_cg_h10p0_ct1p5_mp20p0_it0p9_cg21_mix_periodic_file61.mat,22,"(2,4)",4.472
61,md_cg_h10p0_ct1p5_mp20p0_it0p9_cg21_mix_periodic_file61.mat,23,"(2,4)",4.472
61,md_cg_h10p0_ct1p5_mp20p0_it0p9_cg21_mix_periodic_file61.mat,24,"(2,-4)",4.472
61,md_cg_h10p0_ct1p5_mp20p0_it0p9_cg21_mix_periodic_file61.mat,25,"(2,4)",4.472
61,md_cg_h10p0_ct1p5_mp20p0_it0p9_cg21_mix_periodic_file61.mat,26,"(2,4)",4.472
61,md_cg_h10p0_ct1p5_mp20p0_it0p9_cg21_mix_periodic_file61.mat,27,"(2,-4)",4.472
61,md_cg_h10p0_ct1p5_mp20p0_it0p9_cg21_mix_periodic_file61.mat,28,"(2,-4)",4.472
61,md_cg_h10p0_ct1p5_mp20p0_it0p9_cg21_mix_periodic_file61.mat,29,"(2,-4)",4.472
61,md_cg_h10p0_ct1p5_mp20p0_it0p9_cg21_mix_periodic_file61.mat,30,"(2,4)",4.472
61,md_cg_h10p0_ct1p5_mp20p0_it0p9_cg21_mix_periodic_file61.mat,31,"(2,4)",4.472
61,md_cg_h10p0_ct1p5_mp20p0_it0p9_cg21_mix_periodic_file61.mat,32,"(2,-4)",4.472
62,md_cg_h10p0_ct1p5_mp20p0_it0p9_cg21_mix_periodic_file62.mat,0,"(3,-4)",5.000
62,md_cg_h10p0_ct1p5_mp20p0_it0p9_cg21_mix_periodic_file62.mat,1,"(3,-4)",5.000
62,md_cg_h10p0_ct1p5_mp20p0_it0p9_cg21_mix_periodic_file62.mat,2,"(3,4)",5.000
62,md_cg_h10p0_ct1p5_mp20p0_it0p9_cg21_mix_periodic_file62.mat,3,"(3,-4)",5.000
62,md_cg_h10p0_ct1p5_mp20p0_it0p9_cg21_mix_periodic_file62.mat,4,"(3,4)",5.000
62,md_cg_h10p0_ct1p5_mp20p0_it0p9_cg21_mix_periodic_file62.mat,5,"(3,4)",5.000
62,md_cg_h10p0_ct1p5_mp20p0_it0p9_cg21_mix_periodic_file62.mat,6,"(3,-4)",5.000
62,md_cg_h10p0_ct1p5_mp20p0_it0p9_cg21_mix_periodic_file62.mat,7,"(3,4)",5.000
62,md_cg_h10p0_ct1p5_mp20p0_it0p9_cg21_mix_periodic_file62.mat,8,"(3,4)",5.000
62,md_cg_h10p0_ct1p5_mp20p0_it0p9_cg21_mix_periodic_file62.mat,9,"(3,4)",5.000
62,md_cg_h10p0_ct1p5_mp20p0_it0p9_cg21_mix_periodic_file62.mat,10,"(3,4)",5.000
62,md_cg_h10p0_ct1p5_mp20p0_it0p9_cg21_mix_periodic_file62.mat,11,"(3,-4)",5.000
62,md_cg_h10p0_ct1p5_mp20p0_it0p9_cg21_mix_periodic_file62.mat,12,"(3,4)",5.000
62,md_cg_h10p0_ct1p5_mp20p0_it0p9_cg21_mix_periodic_file62.mat,13,"(3,-4)",5.000
62,md_cg_h10p0_ct1p5_mp20p0_it0p9_cg21_mix_periodic_file62.mat,14,"(3,4)",5.000
62,md_cg_h10p0_ct1p5_mp20p0_it0p9_cg21_mix_periodic_file62.mat,15,"(3,4)",5.000
62,md_cg_h10p0_ct1p5_mp20p0_it0p9_cg21_mix_periodic_file62.mat,16,"(3,4)",5.000
62,md_cg_h10p0_ct1p5_mp20p0_it0p9_cg21_mix_periodic_file62.mat,17,"(3,-4)",5.000
62,md_cg_h10p0_ct1p5_mp20p0_it0p9_cg21_mix_periodic_file62.mat,18,"(3,4)",5.000
62,md_cg_h10p0_ct1p5_mp20p0_it0p9_cg21_mix_periodic_file62.mat,19,"(3,4)",5.000
62,md_cg_h10p0_ct1p5_mp20p0_it0p9_cg21_mix_periodic_file62.mat,20,"(3,-4)",5.000
62,md_cg_h10p0_ct1p5_mp20p0_it0p9_cg21_mix_periodic_file62.mat,21,"(3,4)",5.000
62,md_cg_h10p0_ct1p5_mp20p0_it0p9_cg21_mix_periodic_file62.mat,22,"(3,4)",5.000
62,md_cg_h10p0_ct1p5_mp20p0_it0p9_cg21_mix_periodic_file62.mat,23,"(3,4)",5.000
62,md_cg_h10p0_ct1p5_mp20p0_it0p9_cg21_mix_periodic_file62.mat,24,"(3,4)",5.000
62,md_cg_h10p0_ct1p5_mp20p0_it0p9_cg21_mix_periodic_file62.mat,25,"(3,-4)",5.000
62,md_cg_h10p0_ct1p5_mp20p0_it0p9_cg21_mix_periodic_file62.mat,26,"(3,4)",5.000
62,md_cg_h10p0_ct1p5_mp20p0_it0p9_cg21_mix_periodic_file62.mat,27,"(3,4)",5.000
62,md_cg_h10p0_ct1p5_mp20p0_it0p9_cg21_mix_periodic_file62.mat,28,"(3,4)",5.000
63,md_cg_h10p0_ct1p5_mp20p0_it0p9_cg21_mix_periodic_file63.mat,0,"(4,4)",5.657
63,md_cg_h10p0_ct1p5_mp20p0_it0p9_cg21_mix_periodic_file63.mat,1,"(4,4)",5.657
63,md_cg_h10p0_ct1p5_mp20p0_it0p9_cg21_mix_periodic_file63.mat,2,"(4,4)",5.657
63,md_cg_h10p0_ct1p5_mp20p0_it0p9_cg21_mix_periodic_file63.mat,3,"(4,4)",5.657
63,md_cg_h10p0_ct1p5_mp20p0_it0p9_cg21_mix_periodic_file63.mat,4,"(4,4)",5.657
63,md_cg_h10p0_ct1p5_mp20p0_it0p9_cg21_mix_periodic_file63.mat,5,"(4,4)",5.657
63,md_cg_h10p0_ct1p5_mp20p0_it0p9_cg21_mix_periodic_file63.mat,6,"(4,-4)",5.657
63,md_cg_h10p0_ct1p5_mp20p0_it0p9_cg21_mix_periodic_file63.mat,7,"(4,4)",5.657
63,md_cg_h10p0_ct1p5_mp20p0_it0p9_cg21_mix_periodic_file63.mat,8,"(4,4)",5.657
63,md_cg_h10p0_ct1p5_mp20p0_it0p9_cg21_mix_periodic_file63.mat,9,"(4,-4)",5.657
63,md_cg_h10p0_ct1p5_mp20p0_it0p9_cg21_mix_periodic_file63.mat,10,"(4,4)",5.657
63,md_cg_h10p0_ct1p5_mp20p0_it0p9_cg21_mix_periodic_file63.mat,11,"(4,4)",5.657
63,md_cg_h10p0_ct1p5_mp20p0_it0p9_cg21_mix_periodic_file63.mat,12,"(4,4)",5.657
63,md_cg_h10p0_ct1p5_mp20p0_it0p9_cg21_mix_periodic_file63.mat,13,"(4,4)",5.657
63,md_cg_h10p0_ct1p5_mp20p0_it0p9_cg21_mix_periodic_file63.mat,14,"(4,4)",5.657
63,md_cg_h10p0_ct1p5_mp20p0_it0p9_cg21_mix_periodic_file63.mat,15,"(4,4)",5.657
63,md_cg_h10p0_ct1p5_mp20p0_it0p9_cg21_mix_periodic_file63.mat,16,"(4,-4)",5.657
63,md_cg_h10p0_ct1p5_mp20p0_it0p9_cg21_mix_periodic_file63.mat,17,"(4,-4)",5.657
63,md_cg_h10p0_ct1p5_mp20p0_it0p9_cg21_mix_periodic_file63.mat,18,"(4,4)",5.657
63,md_cg_h10p0_ct1p5_mp20p0_it0p9_cg21_mix_periodic_file63.mat,19,"(4,4)",5.657
63,md_cg_h10p0_ct1p5_mp20p0_it0p9_cg21_mix_periodic_file63.mat,20,"(4,4)",5.657
63,md_cg_h10p0_ct1p5_mp20p0_it0p9_cg21_mix_periodic_file63.mat,21,"(4,4)",5.657
63,md_cg_h10p0_ct1p5_mp20p0_it0p9_cg21_mix_periodic_file63.mat,22,"(4,-4)",5.657
63,md_cg_h10p0_ct1p5_mp20p0_it0p9_cg21_mix_periodic_file63.mat,23,"(4,-4)",5.657
63,md_cg_h10p0_ct1p5_mp20p0_it0p9_cg21_mix_periodic_file63.mat,24,"(4,-4)",5.657
63,md_cg_h10p0_ct1p5_mp20p0_it0p9_cg21_mix_periodic_file63.mat,25,"(4,4)",5.657
63,md_cg_h10p0_ct1p5_mp20p0_it0p9_cg21_mix_periodic_file63.mat,26,"(4,-4)",5.657
64,md_cg_h10p0_ct1p5_mp20p0_it0p9_cg21_mix_periodic_file64.mat,0,"(5,4)",6.403
64,md_cg_h10p0_ct1p5_mp20p0_it0p9_cg21_mix_periodic_file64.mat,1,"(5,-4)",6.403
64,md_cg_h10p0_ct1p5_mp20p0_it0p9_cg21_mix_periodic_file64.mat,2,"(5,-4)",6.403
64,md_cg_h10p0_ct1p5_mp20p0_it0p9_cg21_mix_periodic_file64.mat,3,"(5,-4)",6.403
64,md_cg_h10p0_ct1p5_mp20p0_it0p9_cg21_mix_periodic_file64.mat,4,"(5,4)",6.403
64,md_cg_h10p0_ct1p5_mp20p0_it0p9_cg21_mix_periodic_file64.mat,5,"(5,-4)",6.403
64,md_cg_h10p0_ct1p5_mp20p0_it0p9_cg21_mix_periodic_file64.mat,6,"(5,-4)",6.403
64,md_cg_h10p0_ct1p5_mp20p0_it0p9_cg21_mix_periodic_file64.mat,7,"(5,-4)",6.403
64,md_cg_h10p0_ct1p5_mp20p0_it0p9_cg21_mix_periodic_file64.mat,8,"(5,-4)",6.403
64,md_cg_h10p0_ct1p5_mp20p0_it0p9_cg21_mix_periodic_file64.mat,9,"(5,-4)",6.403
64,md_cg_h10p0_ct1p5_mp20p0_it0p9_cg21_mix_periodic_file64.mat,10,"(5,4)",6.403
64,md_cg_h10p0_ct1p5_mp20p0_it0p9_cg21_mix_periodic_file64.mat,11,"(5,4)",6.403
64,md_cg_h10p0_ct1p5_mp20p0_it0p9_cg21_mix_periodic_file64.mat,12,"(5,-4)",6.403
64,md_cg_h10p0_ct1p5_mp20p0_it0p9_cg21_mix_periodic_file64.mat,13,"(5,4)",6.403
64,md_cg_h10p0_ct1p5_mp20p0_it0p9_cg21_mix_periodic_file64.mat,14,"(5,-4)",6.403
64,md_cg_h10p0_ct1p5_mp20p0_it0p9_cg21_mix_periodic_file64.mat,15,"(5,4)",6.403
64,md_cg_h10p0_ct1p5_mp20p0_it0p9_cg21_mix_periodic_file64.mat,16,"(5,4)",6.403
64,md_cg_h10p0_ct1p5_mp20p0_it0p9_cg21_mix_periodic_file64.mat,17,"(5,-4)",6.403
64,md_cg_h10p0_ct1p5_mp20p0_it0p9_cg21_mix_periodic_file64.mat,18,"(5,-4)",6.403
64,md_cg_h10p0_ct1p5_mp20p0_it0p9_cg21_mix_periodic_file64.mat,19,"(5,4)",6.403
64,md_cg_h10p0_ct1p5_mp20p0_it0p9_cg21_mix_periodic_file64.mat,20,"(5,-4)",6.403
64,md_cg_h10p0_ct1p5_mp20p0_it0p9_cg21_mix_periodic_file64.mat,21,"(5,4)",6.403
64,md_cg_h10p0_ct1p5_mp20p0_it0p9_cg21_mix_periodic_file64.mat,22,"(5,4)",6.403
64,md_cg_h10p0_ct1p5_mp20p0_it0p9_cg21_mix_periodic_file64.mat,23,"(5,-4)",6.403
64,md_cg_h10p0_ct1p5_mp20p0_it0p9_cg21_mix_periodic_file64.mat,24,"(5,4)",6.403
64,md_cg_h10p0_ct1p5_mp20p0_it0p9_cg21_mix_periodic_file64.mat,25,"(5,-4)",6.403
64,md_cg_h10p0_ct1p5_mp20p0_it0p9_cg21_mix_periodic_file64.mat,26,"(5,4)",6.403
65,md_cg_h10p0_ct1p5_mp20p0_it0p9_cg21_mix_periodic_file65.mat,0,"(0,5)",5.000
65,md_cg_h10p0_ct1p5_mp20p0_it0p9_cg21_mix_periodic_file65.mat,1,"(0,5)",5.000
65,md_cg_h10p0_ct1p5_mp20p0_it0p9_cg21_mix_periodic_file65.mat,2,"(0,5)",5.000
65,md_cg_h10p0_ct1p5_mp20p0_it0p9_cg21_mix_periodic_file65.mat,3,"(0,5)",5.000
65,md_cg_h10p0_ct1p5_mp20p0_it0p9_cg21_mix_periodic_file65.mat,4,"(0,5)",5.000
65,md_cg_h10p0_ct1p5_mp20p0_it0p9_cg21_mix_periodic_file65.mat,5,"(0,5)",5.000
65,md_cg_h10p0_ct1p5_mp20p0_it0p9_cg21_mix_periodic_file65.mat,6,"(0,5)",5.000
65,md_cg_h10p0_ct1p5_mp20p0_it0p9_cg21_mix_periodic_file65.mat,7,"(0,5)",5.000
65,md_cg_h10p0_ct1p5_mp20p0_it0p9_cg21_mix_periodic_file65.mat,8,"(0,5)",5.000
65,md_cg_h10p0_ct1p5_mp20p0_it0p9_cg21_mix_periodic_file65.mat,9,"(0,5)",5.000
65,md_cg_h10p0_ct1p5_mp20p0_it0p9_cg21_mix_periodic_file65.mat,10,"(0,5)",5.000
65,md_cg_h10p0_ct1p5_mp20p0_it0p9_cg21_mix_periodic_file65.mat,11,"(0,5)",5.000
65,md_cg_h10p0_ct1p5_mp20p0_it0p9_cg21_mix_periodic_file65.mat,12,"(0,5)",5.000
65,md_cg_h10p0_ct1p5_mp20p0_it0p9_cg21_mix_periodic_file65.mat,13,"(0,5)",5.000
65,md_cg_h10p0_ct1p5_mp20p0_it0p9_cg21_mix_periodic_file65.mat,14,"(0,5)",5.000
65,md_cg_h10p0_ct1p5_mp20p0_it0p9_cg21_mix_periodic_file65.mat,15,"(0,5)",5.000
65,md_cg_h10p0_ct1p5_mp20p0_it0p9_cg21_mix_periodic_file65.mat,16,"(0,5)",5.000
65,md_cg_h10p0_ct1p5_mp20p0_it0p9_cg21_mix_periodic_file65.mat,17,"(0,5)",5.000
65,md_cg_h10p0_ct1p5_mp20p0_it0p9_cg21_mix_periodic_file65.mat,18,"(0,5)",5.000
65,md_cg_h10p0_ct1p5_mp20p0_it0p9_cg21_mix_periodic_file65.mat,19,"(0,5)",5.000
65,md_cg_h10p0_ct1p5_mp20p0_it0p9_cg21_mix_periodic_file65.mat,20,"(0,5)",5.000
65,md_cg_h10p0_ct1p5_mp20p0_it0p9_cg21_mix_periodic_file65.mat,21,"(0,5)",5.000
65,md_cg_h10p0_ct1p5_mp20p0_it0p9_cg21_mix_periodic_file65.mat,22,"(0,5)",5.000
65,md_cg_h10p0_ct1p5_mp20p0_it0p9_cg21_mix_periodic_file65.mat,23,"(0,5)",5.000
65,md_cg_h10p0_ct1p5_mp20p0_it0p9_cg21_mix_periodic_file65.mat,24,"(0,5)",5.000
65,md_cg_h10p0_ct1p5_mp20p0_it0p9_cg21_mix_periodic_file65.mat,25,"(0,5)",5.000
65,md_cg_h10p0_ct1p5_mp20p0_it0p9_cg21_mix_periodic_file65.mat,26,"(0,5)",5.000
65,md_cg_h10p0_ct1p5_mp20p0_it0p9_cg21_mix_periodic_file65.mat,27,"(0,5)",5.000
66,md_cg_h10p0_ct1p5_mp20p0_it0p9_cg21_mix_periodic_file66.mat,0,"(1,-5)",5.099
66,md_cg_h10p0_ct1p5_mp20p0_it0p9_cg21_mix_periodic_file66.mat,1,"(1,5)",5.099
66,md_cg_h10p0_ct1p5_mp20p0_it0p9_cg21_mix_periodic_file66.mat,2,"(1,5)",5.099
66,md_cg_h10p0_ct1p5_mp20p0_it0p9_cg21_mix_periodic_file66.mat,3,"(1,5)",5.099
66,md_cg_h10p0_ct1p5_mp20p0_it0p9_cg21_mix_periodic_file66.mat,4,"(1,5)",5.099
66,md_cg_h10p0_ct1p5_mp20p0_it0p9_cg21_mix_periodic_file66.mat,5,"(1,5)",5.099
66,md_cg_h10p0_ct1p5_mp20p0_it0p9_cg21_mix_periodic_file66.mat,6,"(1,-5)",5.099
66,md_cg_h10p0_ct1p5_mp20p0_it0p9_cg21_mix_periodic_file66.mat,7,"(1,5)",5.099
66,md_cg_h10p0_ct1p5_mp20p0_it0p9_cg21_mix_periodic_file66.mat,8,"(1,-5)",5.099
66,md_cg_h10p0_ct1p5_mp20p0_it0p9_cg21_mix_periodic_file66.mat,9,"(1,5)",5.099
66,md_cg_h10p0_ct1p5_mp20p0_it0p9_cg21_mix_periodic_file66.mat,10,"(1,5)",5.099
66,md_cg_h10p0_ct1p5_mp20p0_it0p9_cg21_mix_periodic_file66.mat,11,"(1,5)",5.099
66,md_cg_h10p0_ct1p5_mp20p0_it0p9_cg21_mix_periodic_file66.mat,12,"(1,5)",5.099
66,md_cg_h10p0_ct1p5_mp20p0_it0p9_cg21_mix_periodic_file66.mat,13,"(1,5)",5.099
66,md_cg_h10p0_ct1p5_mp20p0_it0p9_cg21_mix_periodic_file66.mat,14,"(1,5)",5.099
66,md_cg_h10p0_ct1p5_mp20p0_it0p9_cg21_mix_periodic_file66.mat,15,"(1,5)",5.099
66,md_cg_h10p0_ct1p5_mp20p0_it0p9_cg21_mix_periodic_file66.mat,16,"(1,5)",5.099
66,md_cg_h10p0_ct1p5_mp20p0_it0p9_cg21_mix_periodic_file66.mat,17,"(1,5)",5.099
66,md_cg_h10p0_ct1p5_mp20p0_it0p9_cg21_mix_periodic_file66.mat,18,"(1,5)",5.099
66,md_cg_h10p0_ct1p5_mp20p0_it0p9_cg21_mix_periodic_file66.mat,19,"(1,5)",5.099
66,md_cg_h10p0_ct1p5_mp20p0_it0p9_cg21_mix_periodic_file66.mat,20,"(1,-5)",5.099
66,md_cg_h10p0_ct1p5_mp20p0_it0p9_cg21_mix_periodic_file66.mat,21,"(1,5)",5.099
66,md_cg_h10p0_ct1p5_mp20p0_it0p9_cg21_mix_periodic_file66.mat,22,"(1,5)",5.099
66,md_cg_h10p0_ct1p5_mp20p0_it0p9_cg21_mix_periodic_file66.mat,23,"(1,-5)",5.099
66,md_cg_h10p0_ct1p5_mp20p0_it0p9_cg21_mix_periodic_file66.mat,24,"(1,5)",5.099
66,md_cg_h10p0_ct1p5_mp20p0_it0p9_cg21_mix_periodic_file66.mat,25,"(1,5)",5.099
66,md_cg_h10p0_ct1p5_mp20p0_it0p9_cg21_mix_periodic_file66.mat,26,"(1,5)",5.099
66,md_cg_h10p0_ct1p5_mp20p0_it0p9_cg21_mix_periodic_file66.mat,27,"(1,-5)",5.099
66,md_cg_h10p0_ct1p5_mp20p0_it0p9_cg21_mix_periodic_file66.mat,28,"(1,-5)",5.099
67,md_cg_h10p0_ct1p5_mp20p0_it0p9_cg21_mix_periodic_file67.mat,0,"(2,-5)",5.385
67,md_cg_h10p0_ct1p5_mp20p0_it0p9_cg21_mix_periodic_file67.mat,1,"(2,-5)",5.385
67,md_cg_h10p0_ct1p5_mp20p0_it0p9_cg21_mix_periodic_file67.mat,2,"(2,-5)",5.385
67,md_cg_h10p0_ct1p5_mp20p0_it0p9_cg21_mix_periodic_file67.mat,3,"(2,-5)",5.385
67,md_cg_h10p0_ct1p5_mp20p0_it0p9_cg21_mix_periodic_file67.mat,4,"(2,-5)",5.385
67,md_cg_h10p0_ct1p5_mp20p0_it0p9_cg21_mix_periodic_file67.mat,5,"(2,-5)",5.385
67,md_cg_h10p0_ct1p5_mp20p0_it0p9_cg21_mix_periodic_file67.mat,6,"(2,5)",5.385
67,md_cg_h10p0_ct1p5_mp20p0_it0p9_cg21_mix_periodic_file67.mat,7,"(2,-5)",5.385
67,md_cg_h10p0_ct1p5_mp20p0_it0p9_cg21_mix_periodic_file67.mat,8,"(2,5)",5.385
67,md_cg_h10p0_ct1p5_mp20p0_it0p9_cg21_mix_periodic_file67.mat,9,"(2,-5)",5.385
67,md_cg_h10p0_ct1p5_mp20p0_it0p9_cg21_mix_periodic_file67.mat,10,"(2,-5)",5.385
67,md_cg_h10p0_ct1p5_mp20p0_it0p9_cg21_mix_periodic_file67.mat,11,"(2,5)",5.385
67,md_cg_h10p0_ct1p5_mp20p0_it0p9_cg21_mix_periodic_file67.mat,12,"(2,5)",5.385
67,md_cg_h10p0_ct1p5_mp20p0_it0p9_cg21_mix_periodic_file67.mat,13,"(2,5)",5.385
67,md_cg_h10p0_ct1p5_mp20p0_it0p9_cg21_mix_periodic_file67.mat,14,"(2,-5)",5.385
67,md_cg_h10p0_ct1p5_mp20p0_it0p9_cg21_mix_periodic_file67.mat,15,"(2,5)",5.385
67,md_cg_h10p0_ct1p5_mp20p0_it0p9_cg21_mix_periodic_file67.mat,16,"(2,-5)",5.385
67,md_cg_h10p0_ct1p5_mp20p0_it0p9_cg21_mix_periodic_file67.mat,17,"(2,5)",5.385
67,md_cg_h10p0_ct1p5_mp20p0_it0p9_cg21_mix_periodic_file67.mat,18,"(2,5)",5.385
67,md_cg_h10p0_ct1p5_mp20p0_it0p9_cg21_mix_periodic_file67.mat,19,"(2,-5)",5.385
67,md_cg_h10p0_ct1p5_mp20p0_it0p9_cg21_mix_periodic_file67.mat,20,"(2,5)",5.385
67,md_cg_h10p0_ct1p5_mp20p0_it0p9_cg21_mix_periodic_file67.mat,21,"(2,5)",5.385
67,md_cg_h10p0_ct1p5_mp20p0_it0p9_cg21_mix_periodic_file67.mat,22,"(2,5)",5.385
67,md_cg_h10p0_ct1p5_mp20p0_it0p9_cg21_mix_periodic_file67.mat,23,"(2,-5)",5.385
67,md_cg_h10p0_ct1p5_mp20p0_it0p9_cg21_mix_periodic_file67.mat,24,"(2,-5)",5.385
67,md_cg_h10p0_ct1p5_mp20p0_it0p9_cg21_mix_periodic_file67.mat,25,"(2,-5)",5.385
67,md_cg_h10p0_ct1p5_mp20p0_it0p9_cg21_mix_periodic_file67.mat,26,"(2,-5)",5.385
67,md_cg_h10p0_ct1p5_mp20p0_it0p9_cg21_mix_periodic_file67.mat,27,"(2,-5)",5.385
67,md_cg_h10p0_ct1p5_mp20p0_it0p9_cg21_mix_periodic_file67.mat,28,"(2,5)",5.385
67,md_cg_h10p0_ct1p5_mp20p0_it0p9_cg21_mix_periodic_file67.mat,29,"(2,5)",5.385
67,md_cg_h10p0_ct1p5_mp20p0_it0p9_cg21_mix_periodic_file67.mat,30,"(2,5)",5.385
67,md_cg_h10p0_ct1p5_mp20p0_it0p9_cg21_mix_periodic_file67.mat,31,"(2,5)",5.385
67,md_cg_h10p0_ct1p5_mp20p0_it0p9_cg21_mix_periodic_file67.mat,32,"(2,-5)",5.385
68,md_cg_h10p0_ct1p5_mp20p0_it0p9_cg21_mix_periodic_file68.mat,0,"(3,5)",5.831
68,md_cg_h10p0_ct1p5_mp20p0_it0p9_cg21_mix_periodic_file68.mat,1,"(3,5)",5.831
68,md_cg_h10p0_ct1p5_mp20p0_it0p9_cg21_mix_periodic_file68.mat,2,"(3,5)",5.831
68,md_cg_h10p0_ct1p5_mp20p0_it0p9_cg21_mix_periodic_file68.mat,3,"(3,-5)",5.831
68,md_cg_h10p0_ct1p5_mp20p0_it0p9_cg21_mix_periodic_file68.mat,4,"(3,5)",5.831
68,md_cg_h10p0_ct1p5_mp20p0_it0p9_cg21_mix_periodic_file68.mat,5,"(3,5)",5.831
68,md_cg_h10p0_ct1p5_mp20p0_it0p9_cg21_mix_periodic_file68.mat,6,"(3,-5)",5.831
68,md_cg_h10p0_ct1p5_mp20p0_it0p9_cg21_mix_periodic_file68.mat,7,"(3,5)",5.831
68,md_cg_h10p0_ct1p5_mp20p0_it0p9_cg21_mix_periodic_file68.mat,8,"(3,5)",5.831
68,md_cg_h10p0_ct1p5_mp20p0_it0p9_cg21_mix_periodic_file68.mat,9,"(3,-5)",5.831
68,md_cg_h10p0_ct1p5_mp20p0_it0p9_cg21_mix_periodic_file68.mat,10,"(3,5)",5.831
68,md_cg_h10p0_ct1p5_mp20p0_it0p9_cg21_mix_periodic_file68.mat,11,"(3,-5)",5.831
68,md_cg_h10p0_ct1p5_mp20p0_it0p9_cg21_mix_periodic_file68.mat,12,"(3,5)",5.831
68,md_cg_h10p0_ct1p5_mp20p0_it0p9_cg21_mix_periodic_file68.mat,13,"(3,5)",5.831
68,md_cg_h10p0_ct1p5_mp20p0_it0p9_cg21_mix_periodic_file68.mat,14,"(3,5)",5.831
68,md_cg_h10p0_ct1p5_mp20p0_it0p9_cg21_mix_periodic_file68.mat,15,"(3,-5)",5.831
68,md_cg_h10p0_ct1p5_mp20p0_it0p9_cg21_mix_periodic_file68.mat,16,"(3,5)",5.831
68,md_cg_h10p0_ct1p5_mp20p0_it0p9_cg21_mix_periodic_file68.mat,17,"(3,5)",5.831
68,md_cg_h10p0_ct1p5_mp20p0_it0p9_cg21_mix_periodic_file68.mat,18,"(3,-5)",5.831
68,md_cg_h10p0_ct1p5_mp20p0_it0p9_cg21_mix_periodic_file68.mat,19,"(3,5)",5.831
68,md_cg_h10p0_ct1p5_mp20p0_it0p9_cg21_mix_periodic_file68.mat,20,"(3,-5)",5.831
68,md_cg_h10p0_ct1p5_mp20p0_it0p9_cg21_mix_periodic_file68.mat,21,"(3,5)",5.831
68,md_cg_h10p0_ct1p5_mp20p0_it0p9_cg21_mix_periodic_file68.mat,22,"(3,5)",5.831
68,md_cg_h10p0_ct1p5_mp20p0_it0p9_cg21_mix_periodic_file68.mat,23,"(3,5)",5.831
68,md_cg_h10p0_ct1p5_mp20p0_it0p9_cg21_mix_periodic_file68.mat,24,"(3,-5)",5.831
68,md_cg_h10p0_ct1p5_mp20p0_it0p9_cg21_mix_periodic_file68.mat,25,"(3,-5)",5.831
68,md_cg_h10p0_ct1p5_mp20p0_it0p9_cg21_mix_periodic_file68.mat,26,"(3,5)",5.831
68,md_cg_h10p0_ct1p5_mp20p0_it0p9_cg21_mix_periodic_file68.mat,27,"(3,5)",5.831
68,md_cg_h10p0_ct1p5_mp20p0_it0p9_cg21_mix_periodic_file68.mat,28,"(3,-5)",5.831
68,md_cg_h10p0_ct1p5_mp20p0_it0p9_cg21_mix_periodic_file68.mat,29,"(3,-5)",5.831
68,md_cg_h10p0_ct1p5_mp20p0_it0p9_cg21_mix_periodic_file68.mat,30,"(3,5)",5.831
69,md_cg_h10p0_ct1p5_mp20p0_it0p9_cg21_mix_periodic_file69.mat,0,"(4,5)",6.403
69,md_cg_h10p0_ct1p5_mp20p0_it0p9_cg21_mix_periodic_file69.mat,1,"(4,-5)",6.403
69,md_cg_h10p0_ct1p5_mp20p0_it0p9_cg21_mix_periodic_file69.mat,2,"(4,-5)",6.403
69,md_cg_h10p0_ct1p5_mp20p0_it0p9_cg21_mix_periodic_file69.mat,3,"(4,5)",6.403
69,md_cg_h10p0_ct1p5_mp20p0_it0p9_cg21_mix_periodic_file69.mat,4,"(4,5)",6.403
69,md_cg_h10p0_ct1p5_mp20p0_it0p9_cg21_mix_periodic_file69.mat,5,"(4,5)",6.403
69,md_cg_h10p0_ct1p5_mp20p0_it0p9_cg21_mix_periodic_file69.mat,6,"(4,5)",6.403
69,md_cg_h10p0_ct1p5_mp20p0_it0p9_cg21_mix_periodic_file69.mat,7,"(4,5)",6.403
69,md_cg_h10p0_ct1p5_mp20p0_it0p9_cg21_mix_periodic_file69.mat,8,"(4,-5)",6.403
69,md_cg_h10p0_ct1p5_mp20p0_it0p9_cg21_mix_periodic_file69.mat,9,"(4,5)",6.403
69,md_cg_h10p0_ct1p5_mp20p0_it0p9_cg21_mix_periodic_file69.mat,10,"(4,-5)",6.403
69,md_cg_h10p0_ct1p5_mp20p0_it0p9_cg21_mix_periodic_file69.mat,11,"(4,5)",6.403
69,md_cg_h10p0_ct1p5_mp20p0_it0p9_cg21_mix_periodic_file69.mat,12,"(4,5)",6.403
69,md_cg_h10p0_ct1p5_mp20p0_it0p9_cg21_mix_periodic_file69.mat,13,"(4,-5)",6.403
69,md_cg_h10p0_ct1p5_mp20p0_it0p9_cg21_mix_periodic_file69.mat,14,"(4,-5)",6.403
69,md_cg_h10p0_ct1p5_mp20p0_it0p9_cg21_mix_periodic_file69.mat,15,"(4,5)",6.403
69,md_cg_h10p0_ct1p5_mp20p0_it0p9_cg21_mix_periodic_file69.mat,16,"(4,5)",6.403
69,md_cg_h10p0_ct1p5_mp20p0_it0p9_cg21_mix_periodic_file69.mat,17,"(4,-5)",6.403
69,md_cg_h10p0_ct1p5_mp20p0_it0p9_cg21_mix_periodic_file69.mat,18,"(4,5)",6.403
69,md_cg_h10p0_ct1p5_mp20p0_it0p9_cg21_mix_periodic_file69.mat,19,"(4,5)",6.403
69,md_cg_h10p0_ct1p5_mp20p0_it0p9_cg21_mix_periodic_file69.mat,20,"(4,5)",6.403
69,md_cg_h10p0_ct1p5_mp20p0_it0p9_cg21_mix_periodic_file69.mat,21,"(4,-5)",6.403
69,md_cg_h10p0_ct1p5_mp20p0_it0p9_cg21_mix_periodic_file69.mat,22,"(4,5)",6.403
69,md_cg_h10p0_ct1p5_mp20p0_it0p9_cg21_mix_periodic_file69.mat,23,"(4,5)",6.403
69,md_cg_h10p0_ct1p5_mp20p0_it0p9_cg21_mix_periodic_file69.mat,24,"(4,-5)",6.403
69,md_cg_h10p0_ct1p5_mp20p0_it0p9_cg21_mix_periodic_file69.mat,25,"(4,-5)",6.403
69,md_cg_h10p0_ct1p5_mp20p0_it0p9_cg21_mix_periodic_file69.mat,26,"(4,-5)",6.403
69,md_cg_h10p0_ct1p5_mp20p0_it0p9_cg21_mix_periodic_file69.mat,27,"(4,-5)",6.403
69,md_cg_h10p0_ct1p5_mp20p0_it0p9_cg21_mix_periodic_file69.mat,28,"(4,5)",6.403
70,md_cg_h10p0_ct1p5_mp20p0_it0p9_cg21_mix_periodic_file70.mat,0,"(5,-5)",7.071
70,md_cg_h10p0_ct1p5_mp20p0_it0p9_cg21_mix_periodic_file70.mat,1,"(5,-5)",7.071
70,md_cg_h10p0_ct1p5_mp20p0_it0p9_cg21_mix_periodic_file70.mat,2,"(5,-5)",7.071
70,md_cg_h10p0_ct1p5_mp20p0_it0p9_cg21_mix_periodic_file70.mat,3,"(5,5)",7.071
70,md_cg_h10p0_ct1p5_mp20p0_it0p9_cg21_mix_periodic_file70.mat,4,"(5,-5)",7.071
70,md_cg_h10p0_ct1p5_mp20p0_it0p9_cg21_mix_periodic_file70.mat,5,"(5,5)",7.071
70,md_cg_h10p0_ct1p5_mp20p0_it0p9_cg21_mix_periodic_file70.mat,6,"(5,5)",7.071
70,md_cg_h10p0_ct1p5_mp20p0_it0p9_cg21_mix_periodic_file70.mat,7,"(5,5)",7.071
70,md_cg_h10p0_ct1p5_mp20p0_it0p9_cg21_mix_periodic_file70.mat,8,"(5,5)",7.071
70,md_cg_h10p0_ct1p5_mp20p0_it0p9_cg21_mix_periodic_file70.mat,9,"(5,5)",7.071
70,md_cg_h10p0_ct1p5_mp20p0_it0p9_cg21_mix_periodic_file70.mat,10,"(5,5)",7.071
70,md_cg_h10p0_ct1p5_mp20p0_it0p9_cg21_mix_periodic_file70.mat,11,"(5,-5)",7.071
70,md_cg_h10p0_ct1p5_mp20p0_it0p9_cg21_mix_periodic_file70.mat,12,"(5,5)",7.071
70,md_cg_h10p0_ct1p5_mp20p0_it0p9_cg21_mix_periodic_file70.mat,13,"(5,5)",7.071
70,md_cg_h10p0_ct1p5_mp20p0_it0p9_cg21_mix_periodic_file70.mat,14,"(5,-5)",7.071
70,md_cg_h10p0_ct1p5_mp20p0_it0p9_cg21_mix_periodic_file70.mat,15,"(5,-5)",7.071
70,md_cg_h10p0_ct1p5_mp20p0_it0p9_cg21_mix_periodic_file70.mat,16,"(5,-5)",7.071
70,md_cg_h10p0_ct1p5_mp20p0_it0p9_cg21_mix_periodic_file70.mat,17,"(5,5)",7.071
70,md_cg_h10p0_ct1p5_mp20p0_it0p9_cg21_mix_periodic_file70.mat,18,"(5,-5)",7.071
70,md_cg_h10p0_ct1p5_mp20p0_it0p9_cg21_mix_periodic_file70.mat,19,"(5,5)",7.071
70,md_cg_h10p0_ct1p5_mp20p0_it0p9_cg21_mix_periodic_file70.mat,20,"(5,5)",7.071
70,md_cg_h10p0_ct1p5_mp20p0_it0p9_cg21_mix_periodic_file70.mat,21,"(5,5)",7.071
70,md_cg_h10p0_ct1p5_mp20p0_it0p9_cg21_mix_periodic_file70.mat,22,"(5,5)",7.071
70,md_cg_h10p0_ct1p5_mp20p0_it0p9_cg21_mix_periodic_file70.mat,23,"(5,-5)",7.071
70,md_cg_h10p0_ct1p5_mp20p0_it0p9_cg21_mix_periodic_file70.mat,24,"(5,5)",7.071
70,md_cg_h10p0_ct1p5_mp20p0_it0p9_cg21_mix_periodic_file70.mat,25,"(5,5)",7.071
70,md_cg_h10p0_ct1p5_mp20p0_it0p9_cg21_mix_periodic_file70.mat,26,"(5,5)",7.071
