0.000000000000000000e+00 3.217273082335789791e-01
1.000000000000000000e+00 5.586969524621963196e-02
2.000000000000000000e+00 4.692179977893829596e-02
3.000000000000000000e+00 4.357338835795720317e-02
4.000000000000000000e+00 3.857859889666239578e-02
5.000000000000000000e+00 3.137042681376139147e-02
6.000000000000000000e+00 2.281548544764518821e-02
7.000000000000000000e+00 1.905854597687721419e-02
8.000000000000000000e+00 1.892785554130872044e-02
9.000000000000000000e+00 1.901493002971013299e-02
1.000000000000000000e+01 1.910146186749140523e-02
1.100000000000000000e+01 1.820986258486906664e-02
1.200000000000000000e+01 1.807659596204757788e-02
1.300000000000000000e+01 1.777178108692169245e-02
1.400000000000000000e+01 1.792889925340811555e-02
1.500000000000000000e+01 1.787296985586484324e-02
1.600000000000000000e+01 1.658337021867434258e-02
1.700000000000000000e+01 1.606048695743083829e-02
1.800000000000000000e+01 1.590829196075598320e-02
1.900000000000000000e+01 1.574112405379613291e-02
2.000000000000000000e+01 1.501103152831395442e-02
2.100000000000000000e+01 1.460699073970317917e-02
2.200000000000000000e+01 1.435517621537049648e-02
2.300000000000000000e+01 1.431336852411429009e-02
2.400000000000000000e+01 1.341405565539995765e-02
2.500000000000000000e+01 1.377551066378752444e-02
2.600000000000000000e+01 1.195819216469923632e-02
2.700000000000000000e+01 1.131935067474842092e-02
2.800000000000000000e+01 1.044106990098953198e-02
2.900000000000000000e+01 9.656553914149601514e-03
3.000000000000000000e+01 8.837744705379008484e-03
3.100000000000000000e+01 8.120927326381206790e-03
3.200000000000000000e+01 7.365655290583769318e-03
3.300000000000000000e+01 6.387070020039875909e-03
3.400000000000000000e+01 6.079147135217984402e-03
3.500000000000000000e+01 4.945201960702736745e-03
3.600000000000000000e+01 4.291516647984583953e-03
3.700000000000000000e+01 3.436439565072457042e-03
3.800000000000000000e+01 2.939560655504465294e-03
3.900000000000000000e+01 2.407269872104128138e-03
4.000000000000000000e+01 2.031108178198337381e-03
4.100000000000000000e+01 1.755474843084812173e-03
4.200000000000000000e+01 1.921555756901701393e-03
4.300000000000000000e+01 1.320309780227641372e-03
4.400000000000000000e+01 1.075484907099356164e-03
4.500000000000000000e+01 9.586039693870891925e-04
4.600000000000000000e+01 7.740188910004993077e-04
4.700000000000000000e+01 6.919651843296984297e-04
4.800000000000000000e+01 6.059152252661685134e-04
4.900000000000000000e+01 5.259595857933164120e-04
5.000000000000000000e+01 5.424437089823186918e-04
5.100000000000000000e+01 4.607490077614784067e-04
5.200000000000000000e+01 5.125077196862548633e-04
5.300000000000000000e+01 4.286887159105390072e-04
5.400000000000000000e+01 4.078537722428639614e-04
5.500000000000000000e+01 4.009334269600610206e-04
5.600000000000000000e+01 4.079205315792933171e-04
5.700000000000000000e+01 4.745731968432665110e-04
5.800000000000000000e+01 4.971449119814981684e-04
5.900000000000000000e+01 3.951027872972190489e-04
6.000000000000000000e+01 3.142947449426477255e-04
6.100000000000000000e+01 3.336363213990504420e-04
6.200000000000000000e+01 3.333641514958193093e-04
6.300000000000000000e+01 2.776457307239373344e-04
6.400000000000000000e+01 3.426294874710341352e-04
6.500000000000000000e+01 2.780165358368928306e-04
6.600000000000000000e+01 2.920960345848773779e-04
6.700000000000000000e+01 2.274294799038519487e-04
6.800000000000000000e+01 2.327015582704916640e-04
6.900000000000000000e+01 2.401931475227077903e-04
7.000000000000000000e+01 2.701641560997814135e-04
7.100000000000000000e+01 2.832148319187884717e-04
7.200000000000000000e+01 2.256242030610640912e-04
7.300000000000000000e+01 2.025844294500226729e-04
7.400000000000000000e+01 2.438206613684694099e-04
7.500000000000000000e+01 2.251936177102228129e-04
7.600000000000000000e+01 1.985599050143112753e-04
7.700000000000000000e+01 2.115095009018356587e-04
7.800000000000000000e+01 2.077279983010763790e-04
7.900000000000000000e+01 2.145283601324384545e-04
8.000000000000000000e+01 1.930005728111912767e-04
8.100000000000000000e+01 1.809980098429756954e-04
8.200000000000000000e+01 1.747395661853564199e-04
8.300000000000000000e+01 1.711008451335753033e-04
8.400000000000000000e+01 2.247867354890331604e-04
8.500000000000000000e+01 1.828734106190192102e-04
8.600000000000000000e+01 1.619186125268849165e-04
8.700000000000000000e+01 1.445914424645404147e-04
8.800000000000000000e+01 1.684991460448751822e-04
8.900000000000000000e+01 1.545179813789824576e-04
9.000000000000000000e+01 1.444863447492631661e-04
9.100000000000000000e+01 1.585081895852150883e-04
9.200000000000000000e+01 1.983402741219227538e-04
9.300000000000000000e+01 1.666206583225478700e-04
9.400000000000000000e+01 1.376787395565770491e-04
9.500000000000000000e+01 1.275429739810836848e-04
9.600000000000000000e+01 1.313155055201301903e-04
9.700000000000000000e+01 1.525152649264782559e-04
9.800000000000000000e+01 1.270376773512301284e-04
9.900000000000000000e+01 1.313447696156799772e-04
1.000000000000000000e+02 1.306895937887020409e-04
1.010000000000000000e+02 1.283700246131047596e-04
1.020000000000000000e+02 1.408227848393532036e-04
1.030000000000000000e+02 1.378904378119235111e-04
1.040000000000000000e+02 1.244537868963864935e-04
1.050000000000000000e+02 1.577147187587494735e-04
1.060000000000000000e+02 1.439854134999526058e-04
1.070000000000000000e+02 1.446208375273272298e-04
1.080000000000000000e+02 1.658357468356067856e-04
1.090000000000000000e+02 1.245921995723620025e-04
1.100000000000000000e+02 1.068216984276659749e-04
1.110000000000000000e+02 1.457219197376010441e-04
1.120000000000000000e+02 1.133516349364072090e-04
1.130000000000000000e+02 1.507818487395221909e-04
1.140000000000000000e+02 1.060128962853923407e-04
1.150000000000000000e+02 1.165971480077132583e-04
1.160000000000000000e+02 1.188939578908806033e-04
1.170000000000000000e+02 1.289589825319126357e-04
1.180000000000000000e+02 1.402926599257625596e-04
1.190000000000000000e+02 2.074845093496454360e-04
1.200000000000000000e+02 9.649072046158835726e-05
1.210000000000000000e+02 1.407633857646336097e-04
1.220000000000000000e+02 1.214498078722196377e-04
1.230000000000000000e+02 1.218400196133491924e-04
1.240000000000000000e+02 1.088710488208259169e-04
1.250000000000000000e+02 9.902565119167169297e-05
1.260000000000000000e+02 9.728218496699507056e-05
1.270000000000000000e+02 9.829632491649439407e-05
1.280000000000000000e+02 1.122886285884305808e-04
1.290000000000000000e+02 1.025623946528260964e-04
1.300000000000000000e+02 1.167695853897991276e-04
1.310000000000000000e+02 1.006287417840212649e-04
1.320000000000000000e+02 1.230924236976231221e-04
1.330000000000000000e+02 9.478130222608645522e-05
1.340000000000000000e+02 1.017807955698420651e-04
1.350000000000000000e+02 1.103898229969975809e-04
1.360000000000000000e+02 1.242438266247821430e-04
1.370000000000000000e+02 1.057147321989759814e-04
1.380000000000000000e+02 9.885728970402851321e-05
1.390000000000000000e+02 9.328082213566328703e-05
1.400000000000000000e+02 1.161497872089967077e-04
1.410000000000000000e+02 1.110432320274412605e-04
1.420000000000000000e+02 1.082701307799046247e-04
1.430000000000000000e+02 9.777966644226884318e-05
1.440000000000000000e+02 9.496514277998357903e-05
1.450000000000000000e+02 9.772782039362936778e-05
1.460000000000000000e+02 1.027147589290204101e-04
1.470000000000000000e+02 9.238493560890977943e-05
1.480000000000000000e+02 1.004414673661813151e-04
1.490000000000000000e+02 9.966820138894642140e-05
1.500000000000000000e+02 9.234469335448617971e-05
1.510000000000000000e+02 1.263981174755220724e-04
1.520000000000000000e+02 1.066107527973751202e-04
1.530000000000000000e+02 9.351446778358270219e-05
1.540000000000000000e+02 1.175363619889443069e-04
1.550000000000000000e+02 9.381652266408006368e-05
1.560000000000000000e+02 1.145055334200151243e-04
1.570000000000000000e+02 1.702587012550793501e-04
1.580000000000000000e+02 9.074304747628048388e-05
1.590000000000000000e+02 9.937297630434235298e-05
1.600000000000000000e+02 9.881663679455717278e-05
1.610000000000000000e+02 1.045402649712438381e-04
1.620000000000000000e+02 9.265078726457432075e-05
1.630000000000000000e+02 8.746926439926028360e-05
1.640000000000000000e+02 9.245057745526234273e-05
1.650000000000000000e+02 8.585307097140078671e-05
1.660000000000000000e+02 8.840764766015733896e-05
1.670000000000000000e+02 9.172385024915759527e-05
1.680000000000000000e+02 9.804485472462450392e-05
1.690000000000000000e+02 9.041950669294843872e-05
1.700000000000000000e+02 1.045684947166591915e-04
1.710000000000000000e+02 9.893361905900140423e-05
1.720000000000000000e+02 1.000070479737284306e-04
1.730000000000000000e+02 8.736323992100855347e-05
1.740000000000000000e+02 9.883205377263947671e-05
1.750000000000000000e+02 9.785595437278971727e-05
1.760000000000000000e+02 9.738186946682011015e-05
1.770000000000000000e+02 7.967053281997020715e-05
1.780000000000000000e+02 8.733634002661953713e-05
1.790000000000000000e+02 1.083121632109396116e-04
1.800000000000000000e+02 9.319028147729113535e-05
1.810000000000000000e+02 8.761741715716197490e-05
1.820000000000000000e+02 1.005777806858532125e-04
1.830000000000000000e+02 9.082676706990847407e-05
1.840000000000000000e+02 8.840268671823044220e-05
1.850000000000000000e+02 8.904722354297215433e-05
1.860000000000000000e+02 1.042758766561746554e-04
1.870000000000000000e+02 1.133769303366231488e-04
1.880000000000000000e+02 9.222731847936908043e-05
1.890000000000000000e+02 9.296086354879662937e-05
1.900000000000000000e+02 8.669706614455207532e-05
1.910000000000000000e+02 9.223315447646503575e-05
1.920000000000000000e+02 7.921162672573700601e-05
1.930000000000000000e+02 8.614627353381365321e-05
1.940000000000000000e+02 9.393459118048970609e-05
1.950000000000000000e+02 9.438829574113090327e-05
1.960000000000000000e+02 1.162743270591211781e-04
1.970000000000000000e+02 8.457625915373986111e-05
1.980000000000000000e+02 8.715047365209708087e-05
1.990000000000000000e+02 7.878897236272071510e-05
2.000000000000000000e+02 1.134561708507438504e-04
2.010000000000000000e+02 9.522352018393576796e-05
2.020000000000000000e+02 8.338209445355460590e-05
2.030000000000000000e+02 7.990843955970679702e-05
2.040000000000000000e+02 8.994535960179443450e-05
2.050000000000000000e+02 8.477895491523668062e-05
2.060000000000000000e+02 9.876978224686656829e-05
2.070000000000000000e+02 7.990170968696474595e-05
2.080000000000000000e+02 8.409356717796375716e-05
2.090000000000000000e+02 7.822640084971983776e-05
2.100000000000000000e+02 1.041220300248824049e-04
2.110000000000000000e+02 8.070959767792374329e-05
2.120000000000000000e+02 8.557048471023639405e-05
2.130000000000000000e+02 8.911649745035295559e-05
2.140000000000000000e+02 8.027797787993526098e-05
2.150000000000000000e+02 7.571766579834123055e-05
2.160000000000000000e+02 8.118499982325981567e-05
2.170000000000000000e+02 8.869236771715804392e-05
2.180000000000000000e+02 9.691182165018592603e-05
2.190000000000000000e+02 7.905217683097968354e-05
2.200000000000000000e+02 8.214460035863642602e-05
2.210000000000000000e+02 8.872659653813268362e-05
2.220000000000000000e+02 8.754717467430357951e-05
2.230000000000000000e+02 7.568994634008656180e-05
2.240000000000000000e+02 7.632907315079743844e-05
2.250000000000000000e+02 7.615409267600626296e-05
2.260000000000000000e+02 7.860313994266713406e-05
2.270000000000000000e+02 9.279744389156501113e-05
2.280000000000000000e+02 8.797592173020044926e-05
2.290000000000000000e+02 7.835351881415893833e-05
2.300000000000000000e+02 7.559125040036935932e-05
2.310000000000000000e+02 9.383743706469734383e-05
2.320000000000000000e+02 7.852292260698353233e-05
2.330000000000000000e+02 7.409826823277398564e-05
2.340000000000000000e+02 1.091364385016883361e-04
2.350000000000000000e+02 1.291012585473557349e-04
2.360000000000000000e+02 8.260848912565658237e-05
2.370000000000000000e+02 1.028785858458528950e-04
2.380000000000000000e+02 8.240725030191242857e-05
2.390000000000000000e+02 7.403146960617353772e-05
2.400000000000000000e+02 7.830054479806373697e-05
2.410000000000000000e+02 8.673048500592510195e-05
2.420000000000000000e+02 7.823659058582658208e-05
2.430000000000000000e+02 8.284771727630868934e-05
2.440000000000000000e+02 9.198852184150989200e-05
2.450000000000000000e+02 7.259878523958225864e-05
2.460000000000000000e+02 7.602701962847883738e-05
2.470000000000000000e+02 8.363345570008581082e-05
2.480000000000000000e+02 1.055221058777533526e-04
2.490000000000000000e+02 7.228642643895000761e-05
2.500000000000000000e+02 9.221528210521986449e-05
2.510000000000000000e+02 7.782269337136919209e-05
2.520000000000000000e+02 7.646375510375947085e-05
2.530000000000000000e+02 7.772053271764889143e-05
2.540000000000000000e+02 8.670007363737871286e-05
2.550000000000000000e+02 8.248463767813518155e-05
2.560000000000000000e+02 8.942041643119106546e-05
2.570000000000000000e+02 7.193159573944285675e-05
2.580000000000000000e+02 7.030287185140574610e-05
2.590000000000000000e+02 7.335388926245893114e-05
2.600000000000000000e+02 7.059738728761052562e-05
2.610000000000000000e+02 7.867178860275695468e-05
2.620000000000000000e+02 7.388017150030160799e-05
2.630000000000000000e+02 7.370108107958609715e-05
2.640000000000000000e+02 7.431707965830962532e-05
2.650000000000000000e+02 7.509678456699475971e-05
2.660000000000000000e+02 8.381151962870111213e-05
2.670000000000000000e+02 8.799497173943866943e-05
2.680000000000000000e+02 7.124316665188720461e-05
2.690000000000000000e+02 7.419086449469129317e-05
2.700000000000000000e+02 7.459882336358229012e-05
2.710000000000000000e+02 7.133741620539997671e-05
2.720000000000000000e+02 8.063735779918109197e-05
2.730000000000000000e+02 7.054298456447819399e-05
2.740000000000000000e+02 6.926637802583475347e-05
2.750000000000000000e+02 7.359660851458708572e-05
2.760000000000000000e+02 6.926337053300812949e-05
2.770000000000000000e+02 7.994961090541134404e-05
2.780000000000000000e+02 8.895455199914673874e-05
2.790000000000000000e+02 7.009405458423618909e-05
2.800000000000000000e+02 7.956576921666661483e-05
2.810000000000000000e+02 7.345601926014448712e-05
2.820000000000000000e+02 6.916773845053587845e-05
2.830000000000000000e+02 7.677886276117836580e-05
2.840000000000000000e+02 8.294141269288957770e-05
2.850000000000000000e+02 9.241979103535413308e-05
2.860000000000000000e+02 7.431791193084790652e-05
2.870000000000000000e+02 6.700447149341925599e-05
2.880000000000000000e+02 6.664757102650280306e-05
2.890000000000000000e+02 7.564651702220240867e-05
2.900000000000000000e+02 7.184304917852084402e-05
2.910000000000000000e+02 7.055540695243204380e-05
2.920000000000000000e+02 6.790014459208274303e-05
2.930000000000000000e+02 7.453712042964373682e-05
2.940000000000000000e+02 7.358452858170494166e-05
2.950000000000000000e+02 8.030350543170546094e-05
2.960000000000000000e+02 6.802895280998200232e-05
2.970000000000000000e+02 6.885789567604660392e-05
2.980000000000000000e+02 7.017296486689398813e-05
2.990000000000000000e+02 7.394492490372310371e-05
3.000000000000000000e+02 7.020341242120290706e-05
3.010000000000000000e+02 6.771450571250171011e-05
3.020000000000000000e+02 6.989772363643472158e-05
3.030000000000000000e+02 6.899268890265376026e-05
3.040000000000000000e+02 7.398314114349584345e-05
3.050000000000000000e+02 8.590734418248758045e-05
3.060000000000000000e+02 7.693658776891728766e-05
3.070000000000000000e+02 8.149251914195095644e-05
3.080000000000000000e+02 6.957084357660884839e-05
3.090000000000000000e+02 7.547791959950699914e-05
3.100000000000000000e+02 7.872674420165519371e-05
3.110000000000000000e+02 6.940149896157284614e-05
3.120000000000000000e+02 7.600632534983256874e-05
3.130000000000000000e+02 7.628846515823775945e-05
3.140000000000000000e+02 8.126140261689821518e-05
3.150000000000000000e+02 8.110086899250746153e-05
3.160000000000000000e+02 7.822946499800310081e-05
3.170000000000000000e+02 6.941473392847304579e-05
3.180000000000000000e+02 6.775362475309520472e-05
3.190000000000000000e+02 7.923242218870049300e-05
3.200000000000000000e+02 7.908962511767943682e-05
3.210000000000000000e+02 7.144212742180873878e-05
3.220000000000000000e+02 6.712444980318347252e-05
3.230000000000000000e+02 7.046715142981459842e-05
3.240000000000000000e+02 6.506955774966627305e-05
3.250000000000000000e+02 6.837186859532569665e-05
3.260000000000000000e+02 6.858782833054040200e-05
3.270000000000000000e+02 6.950276195614909494e-05
3.280000000000000000e+02 6.557391112437472235e-05
3.290000000000000000e+02 7.439308867712195118e-05
3.300000000000000000e+02 6.485896582792823549e-05
3.310000000000000000e+02 6.835654833897327474e-05
3.320000000000000000e+02 7.894911861512810154e-05
3.330000000000000000e+02 6.705163910131281145e-05
3.340000000000000000e+02 6.825887646603708610e-05
3.350000000000000000e+02 7.922075000048304128e-05
3.360000000000000000e+02 7.051141845295206092e-05
3.370000000000000000e+02 7.545666468407338334e-05
3.380000000000000000e+02 7.183217045773442045e-05
3.390000000000000000e+02 7.596899949324628025e-05
3.400000000000000000e+02 7.187930789465705680e-05
3.410000000000000000e+02 6.647785300932203875e-05
3.420000000000000000e+02 7.124048890545964404e-05
3.430000000000000000e+02 7.491935616902385860e-05
3.440000000000000000e+02 6.669573728383208766e-05
3.450000000000000000e+02 6.527285838577274806e-05
3.460000000000000000e+02 6.805395474657416561e-05
3.470000000000000000e+02 7.022521817513431672e-05
3.480000000000000000e+02 6.555391844206800479e-05
3.490000000000000000e+02 6.511165547029426008e-05
3.500000000000000000e+02 6.408077140804380287e-05
3.510000000000000000e+02 6.516762397950514501e-05
3.520000000000000000e+02 7.007466629147530144e-05
3.530000000000000000e+02 6.668229558272287195e-05
3.540000000000000000e+02 7.352780502211924015e-05
3.550000000000000000e+02 6.471019374051441731e-05
3.560000000000000000e+02 6.593361196185772816e-05
3.570000000000000000e+02 6.689786988620956667e-05
3.580000000000000000e+02 6.536174323021744182e-05
3.590000000000000000e+02 6.572058113912740819e-05
3.600000000000000000e+02 6.474688765592873422e-05
3.610000000000000000e+02 7.522449343620489710e-05
3.620000000000000000e+02 6.435920804506167227e-05
3.630000000000000000e+02 6.408732559066266472e-05
3.640000000000000000e+02 6.457384675741195625e-05
3.650000000000000000e+02 6.993657366062204603e-05
3.660000000000000000e+02 6.590391257001708024e-05
3.670000000000000000e+02 6.605910098490615939e-05
3.680000000000000000e+02 6.800796894822269732e-05
3.690000000000000000e+02 6.476279658575852477e-05
3.700000000000000000e+02 6.550597754539921880e-05
3.710000000000000000e+02 7.168857089709490646e-05
3.720000000000000000e+02 7.371993813042839242e-05
3.730000000000000000e+02 7.481766301983346524e-05
3.740000000000000000e+02 6.430193199776113196e-05
3.750000000000000000e+02 6.311715454406414971e-05
3.760000000000000000e+02 6.438091630116104917e-05
3.770000000000000000e+02 6.377016931461791649e-05
3.780000000000000000e+02 6.185965932672843229e-05
3.790000000000000000e+02 6.284251983743161071e-05
3.800000000000000000e+02 6.328161873777086392e-05
3.810000000000000000e+02 6.223510009779905749e-05
3.820000000000000000e+02 6.231674235702181982e-05
3.830000000000000000e+02 6.339189024098837953e-05
3.840000000000000000e+02 6.460655849271764665e-05
3.850000000000000000e+02 6.619079378045473875e-05
3.860000000000000000e+02 6.372519555346419992e-05
3.870000000000000000e+02 6.673494916564475118e-05
3.880000000000000000e+02 6.364164961269125830e-05
3.890000000000000000e+02 6.343187007587402951e-05
3.900000000000000000e+02 6.353217041275153792e-05
3.910000000000000000e+02 6.700920183599616705e-05
3.920000000000000000e+02 6.361704688364018328e-05
3.930000000000000000e+02 6.287439561371380723e-05
3.940000000000000000e+02 6.349267069405565352e-05
3.950000000000000000e+02 6.532860075822099718e-05
3.960000000000000000e+02 6.607028034826120319e-05
3.970000000000000000e+02 7.372407155344262882e-05
3.980000000000000000e+02 6.656636192928999066e-05
3.990000000000000000e+02 6.149311782792210416e-05
4.000000000000000000e+02 6.138051142139981588e-05
4.010000000000000000e+02 6.163302653779585704e-05
4.020000000000000000e+02 6.372045628571261619e-05
4.030000000000000000e+02 6.454576466542978413e-05
4.040000000000000000e+02 6.181229749927297560e-05
4.050000000000000000e+02 6.827497214544564973e-05
4.060000000000000000e+02 6.713374246222277464e-05
4.070000000000000000e+02 6.374482133348161885e-05
4.080000000000000000e+02 6.434089766116813259e-05
4.090000000000000000e+02 6.143969241141652537e-05
4.100000000000000000e+02 6.450493887920553233e-05
4.110000000000000000e+02 6.204083755922814517e-05
4.120000000000000000e+02 6.500345227929452911e-05
4.130000000000000000e+02 6.576164295741667386e-05
4.140000000000000000e+02 6.320011889329179579e-05
4.150000000000000000e+02 6.339452248842765544e-05
4.160000000000000000e+02 6.122129280508185932e-05
4.170000000000000000e+02 6.090530757016191925e-05
4.180000000000000000e+02 6.182714540045708526e-05
4.190000000000000000e+02 6.259163851306463028e-05
4.200000000000000000e+02 6.175177249436576926e-05
4.210000000000000000e+02 6.074166468655070003e-05
4.220000000000000000e+02 6.184785384296750011e-05
4.230000000000000000e+02 6.000598106766119762e-05
4.240000000000000000e+02 6.098770284249137107e-05
4.250000000000000000e+02 6.265407932611803503e-05
4.260000000000000000e+02 6.448054744396359379e-05
4.270000000000000000e+02 7.168175245169549530e-05
4.280000000000000000e+02 6.209092787078892065e-05
4.290000000000000000e+02 6.445777786818022439e-05
4.300000000000000000e+02 6.453865848015993617e-05
4.310000000000000000e+02 6.171894550789147128e-05
4.320000000000000000e+02 6.028755432150016030e-05
4.330000000000000000e+02 6.068405161689346180e-05
4.340000000000000000e+02 6.108911329647526687e-05
4.350000000000000000e+02 6.320195718823621797e-05
4.360000000000000000e+02 6.353250045018891295e-05
4.370000000000000000e+02 6.265711262434099876e-05
4.380000000000000000e+02 7.034350303001701452e-05
4.390000000000000000e+02 6.787247082684188648e-05
4.400000000000000000e+02 6.186022471714144096e-05
4.410000000000000000e+02 6.269161793170496388e-05
4.420000000000000000e+02 5.929456431961928488e-05
4.430000000000000000e+02 6.426408964519699342e-05
4.440000000000000000e+02 6.512081056522825938e-05
4.450000000000000000e+02 6.927096672977010752e-05
4.460000000000000000e+02 6.459778844146057584e-05
4.470000000000000000e+02 6.099140543180207592e-05
4.480000000000000000e+02 5.958735108530769411e-05
4.490000000000000000e+02 6.021283275913446952e-05
4.500000000000000000e+02 6.088535689438382830e-05
4.510000000000000000e+02 5.986351393706475948e-05
4.520000000000000000e+02 6.037389888660982576e-05
4.530000000000000000e+02 6.020144869883855030e-05
4.540000000000000000e+02 6.183006218634545153e-05
4.550000000000000000e+02 5.954770254902541583e-05
4.560000000000000000e+02 6.113598113491510984e-05
4.570000000000000000e+02 6.222953554242849513e-05
4.580000000000000000e+02 6.981773884035647566e-05
4.590000000000000000e+02 6.143291636059680942e-05
4.600000000000000000e+02 5.891340881741294978e-05
4.610000000000000000e+02 6.112704645299042012e-05
4.620000000000000000e+02 5.963506885260964289e-05
4.630000000000000000e+02 5.958860885584726957e-05
4.640000000000000000e+02 6.018081223980213332e-05
4.650000000000000000e+02 5.868361447937786281e-05
4.660000000000000000e+02 5.990921927150339159e-05
4.670000000000000000e+02 5.912165225405867136e-05
4.680000000000000000e+02 5.810041853692382384e-05
4.690000000000000000e+02 6.003776390571147502e-05
4.700000000000000000e+02 5.922324887554471700e-05
4.710000000000000000e+02 5.806958254349107535e-05
4.720000000000000000e+02 5.922331688149521766e-05
4.730000000000000000e+02 6.034273469898228826e-05
4.740000000000000000e+02 5.867072157949830032e-05
4.750000000000000000e+02 5.832829376837859542e-05
4.760000000000000000e+02 6.024218494227777051e-05
4.770000000000000000e+02 6.131404797391344598e-05
4.780000000000000000e+02 6.177992404748996623e-05
4.790000000000000000e+02 5.982507835142314542e-05
4.800000000000000000e+02 5.869431324147929513e-05
4.810000000000000000e+02 6.000549357850104733e-05
4.820000000000000000e+02 5.783464507355044575e-05
4.830000000000000000e+02 5.788765488735710834e-05
4.840000000000000000e+02 5.829355795867740837e-05
4.850000000000000000e+02 5.944095930317416950e-05
4.860000000000000000e+02 5.856057270041977700e-05
4.870000000000000000e+02 5.979564875209083196e-05
4.880000000000000000e+02 5.846519372425973442e-05
4.890000000000000000e+02 5.776814437316109719e-05
4.900000000000000000e+02 5.788088533639286937e-05
4.910000000000000000e+02 5.896941234823316553e-05
4.920000000000000000e+02 6.057602886964256800e-05
4.930000000000000000e+02 5.848537897691130828e-05
4.940000000000000000e+02 5.940485008371373081e-05
4.950000000000000000e+02 5.871405504876747917e-05
4.960000000000000000e+02 5.975408625090494806e-05
4.970000000000000000e+02 5.707640414281437514e-05
4.980000000000000000e+02 5.698450549971312149e-05
4.990000000000000000e+02 5.730423959903418828e-05
5.000000000000000000e+02 5.911184843474378360e-05
5.010000000000000000e+02 5.790295826348786318e-05
5.020000000000000000e+02 5.966406820031504125e-05
5.030000000000000000e+02 5.843542923685163422e-05
5.040000000000000000e+02 5.697840708307921642e-05
5.050000000000000000e+02 5.930556450039148141e-05
5.060000000000000000e+02 5.788143801813324247e-05
5.070000000000000000e+02 5.675948845843474088e-05
5.080000000000000000e+02 5.628410232020542107e-05
5.090000000000000000e+02 5.692490813089534505e-05
5.100000000000000000e+02 5.818041187012568062e-05
5.110000000000000000e+02 5.753774710077171804e-05
5.120000000000000000e+02 5.660308806303267578e-05
5.130000000000000000e+02 5.974015036675458433e-05
5.140000000000000000e+02 5.612198108186324446e-05
5.150000000000000000e+02 5.689969587062175066e-05
5.160000000000000000e+02 5.667505135837321760e-05
5.170000000000000000e+02 5.742397460077579031e-05
5.180000000000000000e+02 5.700753856217488945e-05
5.190000000000000000e+02 5.600041011348366575e-05
5.200000000000000000e+02 5.575000376362974111e-05
5.210000000000000000e+02 5.606435142302265077e-05
5.220000000000000000e+02 5.605747360580911356e-05
5.230000000000000000e+02 5.650729697663336830e-05
5.240000000000000000e+02 5.784837713387484180e-05
5.250000000000000000e+02 5.794428007599586935e-05
5.260000000000000000e+02 5.714160884963348454e-05
5.270000000000000000e+02 5.524454842088743990e-05
5.280000000000000000e+02 5.917848194561278025e-05
5.290000000000000000e+02 5.847474851179868145e-05
5.300000000000000000e+02 5.678942989713202020e-05
5.310000000000000000e+02 5.589198592739800874e-05
5.320000000000000000e+02 5.621329008135944442e-05
5.330000000000000000e+02 5.514344704958299787e-05
5.340000000000000000e+02 5.601877463050186471e-05
5.350000000000000000e+02 5.543313774978742302e-05
5.360000000000000000e+02 5.557430049520917372e-05
5.370000000000000000e+02 5.490946564047286790e-05
5.380000000000000000e+02 5.452059936942532740e-05
5.390000000000000000e+02 5.670556187396869118e-05
5.400000000000000000e+02 5.745027563534676866e-05
5.410000000000000000e+02 5.548904708120971620e-05
5.420000000000000000e+02 5.534933035960420993e-05
5.430000000000000000e+02 5.601076981596027983e-05
5.440000000000000000e+02 5.443681050868083988e-05
5.450000000000000000e+02 5.460311222122981873e-05
5.460000000000000000e+02 5.436663845709214761e-05
5.470000000000000000e+02 5.466568865813314942e-05
5.480000000000000000e+02 5.460436999176939419e-05
5.490000000000000000e+02 5.454983339101697243e-05
5.500000000000000000e+02 5.514065550717835390e-05
5.510000000000000000e+02 5.419244756922126006e-05
5.520000000000000000e+02 5.550951793945084278e-05
5.530000000000000000e+02 5.470444477396085614e-05
5.540000000000000000e+02 5.762128498948489473e-05
5.550000000000000000e+02 5.838224654629205348e-05
5.560000000000000000e+02 5.413723881550443407e-05
5.570000000000000000e+02 5.459671165832939076e-05
5.580000000000000000e+02 5.409768932925847651e-05
5.590000000000000000e+02 5.502151917122925556e-05
5.600000000000000000e+02 5.402642166397223996e-05
5.610000000000000000e+02 5.397462906936804363e-05
5.620000000000000000e+02 5.376422671057905022e-05
5.630000000000000000e+02 5.392739588084320354e-05
5.640000000000000000e+02 5.358250598267962680e-05
5.650000000000000000e+02 5.577166448347270624e-05
5.660000000000000000e+02 5.367276297571758230e-05
5.670000000000000000e+02 5.361563108939056523e-05
5.680000000000000000e+02 5.791973050994177533e-05
5.690000000000000000e+02 5.530487503468369318e-05
5.700000000000000000e+02 5.331050362049912747e-05
5.710000000000000000e+02 5.447628393691653862e-05
5.720000000000000000e+02 5.384144882555119612e-05
5.730000000000000000e+02 5.335375967357928708e-05
5.740000000000000000e+02 5.558089770299071895e-05
5.750000000000000000e+02 5.428255923713247298e-05
5.760000000000000000e+02 5.397517301995927836e-05
5.770000000000000000e+02 5.381923372624442090e-05
5.780000000000000000e+02 5.336250396794639663e-05
5.790000000000000000e+02 5.301724100718274794e-05
5.800000000000000000e+02 5.599864312292386799e-05
5.810000000000000000e+02 5.391655688678535313e-05
5.820000000000000000e+02 5.424275693561261179e-05
5.830000000000000000e+02 5.292489309795200771e-05
5.840000000000000000e+02 5.315550413797609752e-05
5.850000000000000000e+02 5.265388026600703733e-05
5.860000000000000000e+02 5.264086513003955113e-05
5.870000000000000000e+02 5.366330326069146557e-05
5.880000000000000000e+02 5.316811633141090427e-05
5.890000000000000000e+02 5.294626219741378905e-05
5.900000000000000000e+02 5.251637543551623604e-05
5.910000000000000000e+02 5.492805794347077473e-05
5.920000000000000000e+02 5.379268666729330718e-05
5.930000000000000000e+02 5.395068040040011469e-05
5.940000000000000000e+02 5.330032610800117281e-05
5.950000000000000000e+02 5.287087279915188813e-05
5.960000000000000000e+02 5.254366503019506507e-05
5.970000000000000000e+02 5.440426903078332408e-05
5.980000000000000000e+02 5.264615048266326722e-05
5.990000000000000000e+02 5.280518506575996478e-05
6.000000000000000000e+02 5.271766722823182977e-05
6.010000000000000000e+02 5.260086894850246527e-05
6.020000000000000000e+02 5.227392093123246991e-05
6.030000000000000000e+02 5.219284542060146991e-05
6.040000000000000000e+02 5.172989467003693355e-05
6.050000000000000000e+02 5.209507270289274626e-05
6.060000000000000000e+02 5.232106035691686164e-05
6.070000000000000000e+02 5.221329794342939845e-05
6.080000000000000000e+02 5.162679512674609838e-05
6.090000000000000000e+02 5.188670484737182485e-05
6.100000000000000000e+02 5.185891878985178760e-05
6.110000000000000000e+02 5.194338950483749599e-05
6.120000000000000000e+02 5.221182121507202405e-05
6.130000000000000000e+02 5.264774750685319521e-05
6.140000000000000000e+02 5.325405965171133406e-05
6.150000000000000000e+02 5.258808475142965488e-05
6.160000000000000000e+02 5.176225211471319036e-05
6.170000000000000000e+02 5.134234020564084369e-05
6.180000000000000000e+02 5.199992107615495767e-05
6.190000000000000000e+02 5.367267183222187071e-05
6.200000000000000000e+02 5.163810715506163447e-05
6.210000000000000000e+02 5.181574514911820798e-05
6.220000000000000000e+02 5.263737936426574759e-05
6.230000000000000000e+02 5.166161203912149027e-05
6.240000000000000000e+02 5.147343433539693292e-05
6.250000000000000000e+02 5.180506772982577230e-05
6.260000000000000000e+02 5.143127433257177147e-05
6.270000000000000000e+02 5.137727464898489660e-05
6.280000000000000000e+02 5.316808392914633056e-05
6.290000000000000000e+02 5.112299618000785799e-05
6.300000000000000000e+02 5.134073435328900679e-05
6.310000000000000000e+02 5.125427642875971857e-05
6.320000000000000000e+02 5.096345839168255564e-05
6.330000000000000000e+02 5.120475213819493995e-05
6.340000000000000000e+02 5.094054281168307021e-05
6.350000000000000000e+02 5.328539118636399779e-05
6.360000000000000000e+02 5.225627683103084564e-05
6.370000000000000000e+02 5.137488624313845959e-05
6.380000000000000000e+02 5.147980327213493793e-05
6.390000000000000000e+02 5.121019499104780302e-05
6.400000000000000000e+02 5.140313568214575115e-05
6.410000000000000000e+02 5.132456154872973552e-05
6.420000000000000000e+02 5.086027357416848414e-05
6.430000000000000000e+02 5.060278534074314183e-05
6.440000000000000000e+02 5.087297715363092883e-05
6.450000000000000000e+02 5.081501391638691001e-05
6.460000000000000000e+02 5.117018319045503997e-05
6.470000000000000000e+02 5.082898404604444702e-05
6.480000000000000000e+02 5.096897036613275345e-05
6.490000000000000000e+02 5.134169458566854470e-05
6.500000000000000000e+02 5.059836359578184540e-05
6.510000000000000000e+02 5.092903981373335105e-05
6.520000000000000000e+02 5.066900911818569077e-05
6.530000000000000000e+02 5.122351411652440492e-05
6.540000000000000000e+02 5.056967764782408810e-05
6.550000000000000000e+02 5.115046466623122268e-05
6.560000000000000000e+02 5.117705023925130494e-05
6.570000000000000000e+02 5.064816830175308170e-05
6.580000000000000000e+02 5.051472059373433165e-05
6.590000000000000000e+02 5.192037977394648005e-05
6.600000000000000000e+02 5.088882472288484474e-05
6.610000000000000000e+02 5.057586124166846573e-05
6.620000000000000000e+02 5.093438070616685179e-05
6.630000000000000000e+02 5.087902720939988611e-05
6.640000000000000000e+02 5.040241473276789306e-05
6.650000000000000000e+02 5.041185975035963239e-05
6.660000000000000000e+02 5.030387900963735842e-05
6.670000000000000000e+02 5.052180480561219481e-05
6.680000000000000000e+02 5.019069484357411599e-05
6.690000000000000000e+02 4.989527097980802592e-05
6.700000000000000000e+02 4.988388711353764101e-05
6.710000000000000000e+02 5.058531668813278043e-05
6.720000000000000000e+02 5.017659350414760411e-05
6.730000000000000000e+02 5.016237536134818991e-05
6.740000000000000000e+02 5.014008459208222447e-05
6.750000000000000000e+02 5.016671600363527473e-05
6.760000000000000000e+02 5.038060315807039340e-05
6.770000000000000000e+02 5.012519104639068110e-05
6.780000000000000000e+02 4.981462329548473178e-05
6.790000000000000000e+02 4.984516514620433025e-05
6.800000000000000000e+02 5.025034911038043752e-05
6.810000000000000000e+02 5.009823216823860732e-05
6.820000000000000000e+02 4.981972461488718887e-05
6.830000000000000000e+02 5.051179250585846874e-05
6.840000000000000000e+02 5.006822359670574186e-05
6.850000000000000000e+02 4.958760803371357277e-05
6.860000000000000000e+02 4.991173103917390162e-05
6.870000000000000000e+02 5.002798124526937839e-05
6.880000000000000000e+02 5.048937595953854304e-05
6.890000000000000000e+02 4.962098168713661279e-05
6.900000000000000000e+02 4.990072576523137381e-05
6.910000000000000000e+02 4.959959085681475943e-05
6.920000000000000000e+02 5.051876534707844420e-05
6.930000000000000000e+02 5.000345452572219047e-05
6.940000000000000000e+02 4.958412231644615450e-05
6.950000000000000000e+02 4.933323201839812290e-05
6.960000000000000000e+02 4.952614869883594558e-05
6.970000000000000000e+02 4.974476047209464230e-05
6.980000000000000000e+02 4.939800050730506462e-05
6.990000000000000000e+02 4.967293857286373792e-05
7.000000000000000000e+02 4.994640320849915382e-05
7.010000000000000000e+02 5.003438937516572539e-05
7.020000000000000000e+02 4.916702305005552886e-05
7.030000000000000000e+02 4.979435330218014600e-05
7.040000000000000000e+02 4.967395255031685296e-05
7.050000000000000000e+02 4.954433185048401437e-05
7.060000000000000000e+02 5.020031720050610304e-05
7.070000000000000000e+02 5.044780700700357421e-05
7.080000000000000000e+02 4.915942665926801653e-05
7.090000000000000000e+02 4.946325357498911502e-05
7.100000000000000000e+02 4.928183654556050924e-05
7.110000000000000000e+02 4.929430797346867350e-05
7.120000000000000000e+02 4.905661655357107547e-05
7.130000000000000000e+02 4.957538413388343977e-05
7.140000000000000000e+02 4.961174631413693112e-05
7.150000000000000000e+02 4.983287333743646714e-05
7.160000000000000000e+02 4.901704320218414150e-05
7.170000000000000000e+02 4.939296069399764475e-05
7.180000000000000000e+02 4.957576432692197688e-05
7.190000000000000000e+02 4.933817894198000214e-05
7.200000000000000000e+02 4.938479454722255794e-05
7.210000000000000000e+02 4.944515419386637988e-05
7.220000000000000000e+02 4.900241319167738196e-05
7.230000000000000000e+02 4.892930679488926936e-05
7.240000000000000000e+02 4.927187634166330180e-05
7.250000000000000000e+02 4.886761181599771046e-05
7.260000000000000000e+02 4.913857856687779327e-05
7.270000000000000000e+02 4.910599241460052882e-05
7.280000000000000000e+02 4.944098880514502363e-05
7.290000000000000000e+02 4.888789364486001730e-05
7.300000000000000000e+02 4.871364299712392155e-05
7.310000000000000000e+02 4.883442719195348340e-05
7.320000000000000000e+02 4.894331505056470633e-05
7.330000000000000000e+02 4.886754560478342410e-05
7.340000000000000000e+02 4.880891555027725868e-05
7.350000000000000000e+02 4.911684241960756426e-05
7.360000000000000000e+02 4.896310832312640728e-05
7.370000000000000000e+02 4.872126320454602503e-05
7.380000000000000000e+02 4.885771884194885971e-05
7.390000000000000000e+02 4.898757300300834034e-05
7.400000000000000000e+02 4.921585563958312092e-05
7.410000000000000000e+02 4.855964201851747849e-05
7.420000000000000000e+02 4.859559077885932976e-05
7.430000000000000000e+02 4.906784718817410189e-05
7.440000000000000000e+02 4.952583006039882420e-05
7.450000000000000000e+02 4.881549932179040963e-05
7.460000000000000000e+02 4.923907996271737001e-05
7.470000000000000000e+02 4.893093141921175140e-05
7.480000000000000000e+02 4.884062237882365575e-05
7.490000000000000000e+02 4.931923210582074893e-05
7.500000000000000000e+02 4.887810103051985566e-05
7.510000000000000000e+02 4.852254603368540343e-05
7.520000000000000000e+02 4.878622096536370606e-05
7.530000000000000000e+02 4.843501611806762778e-05
7.540000000000000000e+02 4.846180338063277331e-05
7.550000000000000000e+02 4.839223993864531418e-05
7.560000000000000000e+02 4.850532612181268470e-05
7.570000000000000000e+02 4.883423728945975593e-05
7.580000000000000000e+02 4.850983304398444692e-05
7.590000000000000000e+02 4.826662048193005206e-05
7.600000000000000000e+02 4.866560091613791720e-05
7.610000000000000000e+02 4.827319722001751517e-05
7.620000000000000000e+02 4.932748119851264014e-05
7.630000000000000000e+02 4.863492533331737085e-05
7.640000000000000000e+02 4.839189011060322370e-05
7.650000000000000000e+02 4.842915596479239798e-05
7.660000000000000000e+02 4.853499349943982751e-05
7.670000000000000000e+02 4.822410929288404647e-05
7.680000000000000000e+02 4.840239751501940435e-05
7.690000000000000000e+02 4.826930157529810811e-05
7.700000000000000000e+02 4.836172190456030007e-05
7.710000000000000000e+02 4.865928620953733524e-05
7.720000000000000000e+02 4.850790695248482218e-05
7.730000000000000000e+02 4.825554472821143586e-05
7.740000000000000000e+02 4.819162359732824167e-05
7.750000000000000000e+02 4.883135474907854940e-05
7.760000000000000000e+02 4.860382832703180476e-05
7.770000000000000000e+02 4.833683730491126351e-05
7.780000000000000000e+02 4.847058201751981992e-05
7.790000000000000000e+02 4.827321288757957762e-05
7.800000000000000000e+02 4.816319759508284638e-05
7.810000000000000000e+02 4.832884068794859260e-05
7.820000000000000000e+02 4.803482879651710120e-05
7.830000000000000000e+02 4.839159722905606357e-05
7.840000000000000000e+02 4.821576090762391497e-05
7.850000000000000000e+02 4.809900182105290601e-05
7.860000000000000000e+02 4.849730122562808629e-05
7.870000000000000000e+02 4.818130032314608377e-05
7.880000000000000000e+02 4.810273700665371888e-05
7.890000000000000000e+02 4.814482240666014570e-05
7.900000000000000000e+02 4.854998439744425461e-05
7.910000000000000000e+02 4.818626980219657105e-05
7.920000000000000000e+02 4.823443179096406039e-05
7.930000000000000000e+02 4.828079855845620298e-05
7.940000000000000000e+02 4.833354837804411830e-05
7.950000000000000000e+02 4.804278840310871303e-05
7.960000000000000000e+02 4.803675610067633056e-05
7.970000000000000000e+02 4.815525006658086840e-05
7.980000000000000000e+02 4.820221482077613446e-05
7.990000000000000000e+02 4.796290944796055610e-05
8.000000000000000000e+02 4.799058951903134855e-05
8.010000000000000000e+02 4.801461565269467524e-05
8.020000000000000000e+02 4.803080359124578454e-05
8.030000000000000000e+02 4.782407481494980301e-05
8.040000000000000000e+02 4.827700453461148170e-05
8.050000000000000000e+02 4.789434780832380083e-05
8.060000000000000000e+02 4.782138770679012266e-05
8.070000000000000000e+02 4.798041816684417399e-05
8.080000000000000000e+02 4.810355579441723408e-05
8.090000000000000000e+02 4.779760982880058596e-05
8.100000000000000000e+02 4.801938543096184785e-05
8.110000000000000000e+02 4.791248192001754840e-05
8.120000000000000000e+02 4.806019317281122000e-05
8.130000000000000000e+02 4.779207219447319742e-05
8.140000000000000000e+02 4.775552986150918052e-05
8.150000000000000000e+02 4.813550758020331769e-05
8.160000000000000000e+02 4.760612495980846268e-05
8.170000000000000000e+02 4.781882676373546440e-05
8.180000000000000000e+02 4.792373074451461705e-05
8.190000000000000000e+02 4.781911852963579044e-05
8.200000000000000000e+02 4.787484373082406765e-05
8.210000000000000000e+02 4.772744490765035207e-05
8.220000000000000000e+02 4.766006556261951634e-05
8.230000000000000000e+02 4.784779021671662421e-05
8.240000000000000000e+02 4.792966040743825020e-05
8.250000000000000000e+02 4.790297491126693948e-05
8.260000000000000000e+02 4.779345831290508464e-05
8.270000000000000000e+02 4.770633653000307670e-05
8.280000000000000000e+02 4.769088074681349261e-05
8.290000000000000000e+02 4.766823525036063971e-05
8.300000000000000000e+02 4.775369258519882867e-05
8.310000000000000000e+02 4.766021748461449968e-05
8.320000000000000000e+02 4.757109966400700302e-05
8.330000000000000000e+02 4.765858616641101991e-05
8.340000000000000000e+02 4.776317335199564397e-05
8.350000000000000000e+02 4.771069803003531902e-05
8.360000000000000000e+02 4.773172113345935805e-05
8.370000000000000000e+02 4.796308717535187918e-05
8.380000000000000000e+02 4.770426424026178808e-05
8.390000000000000000e+02 4.765620949910953343e-05
8.400000000000000000e+02 4.751079968021561874e-05
8.410000000000000000e+02 4.753720092897613717e-05
8.420000000000000000e+02 4.774744981356585929e-05
8.430000000000000000e+02 4.752041049262818956e-05
8.440000000000000000e+02 4.748085731989703964e-05
8.450000000000000000e+02 4.748746224019365970e-05
8.460000000000000000e+02 4.757164288700247904e-05
8.470000000000000000e+02 4.772829755286996518e-05
8.480000000000000000e+02 4.777166162966750345e-05
8.490000000000000000e+02 4.755882939207367762e-05
8.500000000000000000e+02 4.750581390302007406e-05
8.510000000000000000e+02 4.754419923604776227e-05
8.520000000000000000e+02 4.745088925119489133e-05
8.530000000000000000e+02 4.741612467720794443e-05
8.540000000000000000e+02 4.785387834999710294e-05
8.550000000000000000e+02 4.770401142498788445e-05
8.560000000000000000e+02 4.767660395979571108e-05
8.570000000000000000e+02 4.749259508874577600e-05
8.580000000000000000e+02 4.771528901377071973e-05
8.590000000000000000e+02 4.737040896240311545e-05
8.600000000000000000e+02 4.737859514231483051e-05
8.610000000000000000e+02 4.762102170692135926e-05
8.620000000000000000e+02 4.725771859132995244e-05
8.630000000000000000e+02 4.782045221266646891e-05
8.640000000000000000e+02 4.741621538414619538e-05
8.650000000000000000e+02 4.747507550443212209e-05
8.660000000000000000e+02 4.748842630457753900e-05
8.670000000000000000e+02 4.744806346328308086e-05
8.680000000000000000e+02 4.739905547467060441e-05
8.690000000000000000e+02 4.732166019190723553e-05
8.700000000000000000e+02 4.744469799334183091e-05
8.710000000000000000e+02 4.752027482027187835e-05
8.720000000000000000e+02 4.729365129605867267e-05
8.730000000000000000e+02 4.737457512722660890e-05
8.740000000000000000e+02 4.758513518027029715e-05
8.750000000000000000e+02 4.734193464779915764e-05
8.760000000000000000e+02 4.735240843729115995e-05
8.770000000000000000e+02 4.740117277833633179e-05
8.780000000000000000e+02 4.739856682135723477e-05
8.790000000000000000e+02 4.729433693379784289e-05
8.800000000000000000e+02 4.740897003406037815e-05
8.810000000000000000e+02 4.745204370313634403e-05
8.820000000000000000e+02 4.743193547862271405e-05
8.830000000000000000e+02 4.723770398413762179e-05
8.840000000000000000e+02 4.718961713175910504e-05
8.850000000000000000e+02 4.723214364882248297e-05
8.860000000000000000e+02 4.724030732177198204e-05
8.870000000000000000e+02 4.724542455126842116e-05
8.880000000000000000e+02 4.747149432660080492e-05
8.890000000000000000e+02 4.731816050480119857e-05
8.900000000000000000e+02 4.733222376671619578e-05
8.910000000000000000e+02 4.717029907624237266e-05
8.920000000000000000e+02 4.716681568728139310e-05
8.930000000000000000e+02 4.743084432751250610e-05
8.940000000000000000e+02 4.742854541594472898e-05
8.950000000000000000e+02 4.718582737647617902e-05
8.960000000000000000e+02 4.714845970738679144e-05
8.970000000000000000e+02 4.720864085053714631e-05
8.980000000000000000e+02 4.734849193482659540e-05
8.990000000000000000e+02 4.711264128369900051e-05
9.000000000000000000e+02 4.737973717662195247e-05
9.010000000000000000e+02 4.718633911882837433e-05
9.020000000000000000e+02 4.718390705723625900e-05
9.030000000000000000e+02 4.713780979121414604e-05
9.040000000000000000e+02 4.708677806775085628e-05
9.050000000000000000e+02 4.724564477025220999e-05
9.060000000000000000e+02 4.719306874903850583e-05
9.070000000000000000e+02 4.709705089529355403e-05
9.080000000000000000e+02 4.716302122687921118e-05
9.090000000000000000e+02 4.708863203025733413e-05
9.100000000000000000e+02 4.719133726515186447e-05
9.110000000000000000e+02 4.703855782281607498e-05
9.120000000000000000e+02 4.726010685165723364e-05
9.130000000000000000e+02 4.709699171750495551e-05
9.140000000000000000e+02 4.713037919524746519e-05
9.150000000000000000e+02 4.703485722226711873e-05
9.160000000000000000e+02 4.710562405913757447e-05
9.170000000000000000e+02 4.731829016236588549e-05
9.180000000000000000e+02 4.711294289639529902e-05
9.190000000000000000e+02 4.718236688252849082e-05
9.200000000000000000e+02 4.705523320202094931e-05
9.210000000000000000e+02 4.701361365732737129e-05
9.220000000000000000e+02 4.717619910176533145e-05
9.230000000000000000e+02 4.705585427776289167e-05
9.240000000000000000e+02 4.707162088986175855e-05
9.250000000000000000e+02 4.699239250233707609e-05
9.260000000000000000e+02 4.702162982236283810e-05
9.270000000000000000e+02 4.697984763576338978e-05
9.280000000000000000e+02 4.710192365261415930e-05
9.290000000000000000e+02 4.719956540308582087e-05
9.300000000000000000e+02 4.711429816476690047e-05
9.310000000000000000e+02 4.702674297732300948e-05
9.320000000000000000e+02 4.704761818478194087e-05
9.330000000000000000e+02 4.703282199140327446e-05
9.340000000000000000e+02 4.704227375138240357e-05
9.350000000000000000e+02 4.702360834926366481e-05
9.360000000000000000e+02 4.707042937904286150e-05
9.370000000000000000e+02 4.698980274649026593e-05
9.380000000000000000e+02 4.697845715175692999e-05
9.390000000000000000e+02 4.705908286268822578e-05
9.400000000000000000e+02 4.709879489382728988e-05
9.410000000000000000e+02 4.708548464501897539e-05
9.420000000000000000e+02 4.708953720789091975e-05
9.430000000000000000e+02 4.714132922041850641e-05
9.440000000000000000e+02 4.698132232685263030e-05
9.450000000000000000e+02 4.692137867095879994e-05
9.460000000000000000e+02 4.704952220587681026e-05
9.470000000000000000e+02 4.694641786045394865e-05
9.480000000000000000e+02 4.705934596131555573e-05
9.490000000000000000e+02 4.696811937416592899e-05
9.500000000000000000e+02 4.698465723777189932e-05
9.510000000000000000e+02 4.702574573457241248e-05
9.520000000000000000e+02 4.707287832085664390e-05
9.530000000000000000e+02 4.692104014490420611e-05
9.540000000000000000e+02 4.702603022451512434e-05
9.550000000000000000e+02 4.685597154699886857e-05
9.560000000000000000e+02 4.715436778496950838e-05
9.570000000000000000e+02 4.689870227593928277e-05
9.580000000000000000e+02 4.694693911005742631e-05
9.590000000000000000e+02 4.699309225543402081e-05
9.600000000000000000e+02 4.686001581527913520e-05
9.610000000000000000e+02 4.694539592795384599e-05
9.620000000000000000e+02 4.688000408350490169e-05
9.630000000000000000e+02 4.686014387213314889e-05
9.640000000000000000e+02 4.687353793997317553e-05
9.650000000000000000e+02 4.687412224787597837e-05
9.660000000000000000e+02 4.683817149877237849e-05
9.670000000000000000e+02 4.684218588712004441e-05
9.680000000000000000e+02 4.686397180194035335e-05
9.690000000000000000e+02 4.690902836349171852e-05
9.700000000000000000e+02 4.685023265968387064e-05
9.710000000000000000e+02 4.692334123925926613e-05
9.720000000000000000e+02 4.686946514993906184e-05
9.730000000000000000e+02 4.682622340624220425e-05
9.740000000000000000e+02 4.684070401708595346e-05
9.750000000000000000e+02 4.685578984208404828e-05
9.760000000000000000e+02 4.697137017501518103e-05
9.770000000000000000e+02 4.688500431560290420e-05
9.780000000000000000e+02 4.693537465451906197e-05
9.790000000000000000e+02 4.695683824441706394e-05
9.800000000000000000e+02 4.679881303066698250e-05
9.810000000000000000e+02 4.679089111353580997e-05
9.820000000000000000e+02 4.680212461001549950e-05
9.830000000000000000e+02 4.688150069947975531e-05
9.840000000000000000e+02 4.696094964553291671e-05
9.850000000000000000e+02 4.679490574441539546e-05
9.860000000000000000e+02 4.683386568406906986e-05
9.870000000000000000e+02 4.680453547431776722e-05
9.880000000000000000e+02 4.685228234545017273e-05
9.890000000000000000e+02 4.682502442544015872e-05
9.900000000000000000e+02 4.679564318697278626e-05
9.910000000000000000e+02 4.677382501540705263e-05
9.920000000000000000e+02 4.699590223026461981e-05
9.930000000000000000e+02 4.676811959749708401e-05
9.940000000000000000e+02 4.677635690313763944e-05
9.950000000000000000e+02 4.679213248891755749e-05
9.960000000000000000e+02 4.679122163603703091e-05
9.970000000000000000e+02 4.678295643922562337e-05
9.980000000000000000e+02 4.698290285887196660e-05
9.990000000000000000e+02 4.691580436580504242e-05
1.000000000000000000e+03 4.673199878501085061e-05
1.001000000000000000e+03 4.676952827139757248e-05
1.002000000000000000e+03 4.683430743170902269e-05
1.003000000000000000e+03 4.674864491486611240e-05
1.004000000000000000e+03 4.674444828803340856e-05
1.005000000000000000e+03 4.673578936490230588e-05
1.006000000000000000e+03 4.679408540444759230e-05
1.007000000000000000e+03 4.685365391196683158e-05
1.008000000000000000e+03 4.676910733299640544e-05
1.009000000000000000e+03 4.672905881307088137e-05
1.010000000000000000e+03 4.680185408991140633e-05
1.011000000000000000e+03 4.678011930081993098e-05
1.012000000000000000e+03 4.671493026156289081e-05
1.013000000000000000e+03 4.673506249673664624e-05
1.014000000000000000e+03 4.684248129099917755e-05
1.015000000000000000e+03 4.674678843002766154e-05
1.016000000000000000e+03 4.672974789476332439e-05
1.017000000000000000e+03 4.671075711182008124e-05
1.018000000000000000e+03 4.674089762071768705e-05
1.019000000000000000e+03 4.668540675387096640e-05
1.020000000000000000e+03 4.670538599990928968e-05
1.021000000000000000e+03 4.669748188462108401e-05
1.022000000000000000e+03 4.681224595212067456e-05
1.023000000000000000e+03 4.677193554622741838e-05
1.024000000000000000e+03 4.665531834082988600e-05
1.025000000000000000e+03 4.672096576541661972e-05
1.026000000000000000e+03 4.671223626549665810e-05
1.027000000000000000e+03 4.680058385323112164e-05
1.028000000000000000e+03 4.670084070918770794e-05
1.029000000000000000e+03 4.667158699400412476e-05
1.030000000000000000e+03 4.667271069289806223e-05
1.031000000000000000e+03 4.667127446737140498e-05
1.032000000000000000e+03 4.666918340565947123e-05
1.033000000000000000e+03 4.674438134922335672e-05
1.034000000000000000e+03 4.665881002438254329e-05
1.035000000000000000e+03 4.671902109597188415e-05
1.036000000000000000e+03 4.670709104781659634e-05
1.037000000000000000e+03 4.667907996918075058e-05
1.038000000000000000e+03 4.667289244631926101e-05
1.039000000000000000e+03 4.665963555453345505e-05
1.040000000000000000e+03 4.666857193418157498e-05
1.041000000000000000e+03 4.667322898361211302e-05
1.042000000000000000e+03 4.665197828823390043e-05
1.043000000000000000e+03 4.664229292150897348e-05
1.044000000000000000e+03 4.673416183019677545e-05
1.045000000000000000e+03 4.664593211297566981e-05
1.046000000000000000e+03 4.663106097723357190e-05
1.047000000000000000e+03 4.664292340748943443e-05
1.048000000000000000e+03 4.663868734496645548e-05
1.049000000000000000e+03 4.668956481812832319e-05
1.050000000000000000e+03 4.668617009883746749e-05
1.051000000000000000e+03 4.664727190781074311e-05
1.052000000000000000e+03 4.670756573129134729e-05
1.053000000000000000e+03 4.662757846138750685e-05
1.054000000000000000e+03 4.673621486290357980e-05
1.055000000000000000e+03 4.672908224165439714e-05
1.056000000000000000e+03 4.677421098070529446e-05
1.057000000000000000e+03 4.667841766301231881e-05
1.058000000000000000e+03 4.666376931709237478e-05
1.059000000000000000e+03 4.663261090172454877e-05
1.060000000000000000e+03 4.665630903521863430e-05
1.061000000000000000e+03 4.659110869397409071e-05
1.062000000000000000e+03 4.664019860986930800e-05
1.063000000000000000e+03 4.659129413388048862e-05
1.064000000000000000e+03 4.671888396842404875e-05
1.065000000000000000e+03 4.668138576865506651e-05
1.066000000000000000e+03 4.661328105915648061e-05
1.067000000000000000e+03 4.659234764403663576e-05
1.068000000000000000e+03 4.661096555840534803e-05
1.069000000000000000e+03 4.660924993610630342e-05
1.070000000000000000e+03 4.659189507947303219e-05
1.071000000000000000e+03 4.662478662794455805e-05
1.072000000000000000e+03 4.658748817746527574e-05
1.073000000000000000e+03 4.661858018759327431e-05
1.074000000000000000e+03 4.660402807833937316e-05
1.075000000000000000e+03 4.662044283274250527e-05
1.076000000000000000e+03 4.658672017588590402e-05
1.077000000000000000e+03 4.657795618792685632e-05
1.078000000000000000e+03 4.659271726268343492e-05
1.079000000000000000e+03 4.659904414438642805e-05
1.080000000000000000e+03 4.663695469692660155e-05
1.081000000000000000e+03 4.656817647628486455e-05
1.082000000000000000e+03 4.658736327352623000e-05
1.083000000000000000e+03 4.658284243002223436e-05
1.084000000000000000e+03 4.659360881002309196e-05
1.085000000000000000e+03 4.656788053883550023e-05
1.086000000000000000e+03 4.656525154132396281e-05
1.087000000000000000e+03 4.656801756937056509e-05
1.088000000000000000e+03 4.657425190089270771e-05
1.089000000000000000e+03 4.660719214977385790e-05
1.090000000000000000e+03 4.656904149063242313e-05
1.091000000000000000e+03 4.661041224608197998e-05
1.092000000000000000e+03 4.659292884753085592e-05
1.093000000000000000e+03 4.659180907765403715e-05
1.094000000000000000e+03 4.656013038281041176e-05
1.095000000000000000e+03 4.657206169213168269e-05
1.096000000000000000e+03 4.656135929205144328e-05
1.097000000000000000e+03 4.656467387879577920e-05
1.098000000000000000e+03 4.657365410821512531e-05
1.099000000000000000e+03 4.656253600842319239e-05
1.100000000000000000e+03 4.658257627549270698e-05
1.101000000000000000e+03 4.655557063718636542e-05
1.102000000000000000e+03 4.657361714635044472e-05
1.103000000000000000e+03 4.656165915851791953e-05
1.104000000000000000e+03 4.658002668293193064e-05
1.105000000000000000e+03 4.654778526552642539e-05
1.106000000000000000e+03 4.655344562100556999e-05
1.107000000000000000e+03 4.655970187741331892e-05
1.108000000000000000e+03 4.659393103793263517e-05
1.109000000000000000e+03 4.655788638046942434e-05
1.110000000000000000e+03 4.658558022735330119e-05
1.111000000000000000e+03 4.656003817217424458e-05
1.112000000000000000e+03 4.653464731139441259e-05
1.113000000000000000e+03 4.653055914483654129e-05
1.114000000000000000e+03 4.654190570969755550e-05
1.115000000000000000e+03 4.656264791265129772e-05
1.116000000000000000e+03 4.661431172280572165e-05
1.117000000000000000e+03 4.659161277231760323e-05
1.118000000000000000e+03 4.655200886190868833e-05
1.119000000000000000e+03 4.653258210358520385e-05
1.120000000000000000e+03 4.654031237199281987e-05
1.121000000000000000e+03 4.652974069661770941e-05
1.122000000000000000e+03 4.655671121630196996e-05
1.123000000000000000e+03 4.655873650335706445e-05
1.124000000000000000e+03 4.656446826023360401e-05
1.125000000000000000e+03 4.651890150853432471e-05
1.126000000000000000e+03 4.652788236853666576e-05
1.127000000000000000e+03 4.651899109982574835e-05
1.128000000000000000e+03 4.652951349271461124e-05
1.129000000000000000e+03 4.651613218205359867e-05
1.130000000000000000e+03 4.652233988357087229e-05
1.131000000000000000e+03 4.651820059128416063e-05
1.132000000000000000e+03 4.651696610380895192e-05
1.133000000000000000e+03 4.650982935951712303e-05
1.134000000000000000e+03 4.652485474556063621e-05
1.135000000000000000e+03 4.654273167640591435e-05
1.136000000000000000e+03 4.655409468493114177e-05
1.137000000000000000e+03 4.653953418407278558e-05
1.138000000000000000e+03 4.651373611219847889e-05
1.139000000000000000e+03 4.652873273395622544e-05
1.140000000000000000e+03 4.652944097567038897e-05
1.141000000000000000e+03 4.651420419880499587e-05
1.142000000000000000e+03 4.651069830288179354e-05
1.143000000000000000e+03 4.650495611713267863e-05
1.144000000000000000e+03 4.651300191956882657e-05
1.145000000000000000e+03 4.651350570687403426e-05
1.146000000000000000e+03 4.652085325991114017e-05
1.147000000000000000e+03 4.651315583032555851e-05
1.148000000000000000e+03 4.653529458058377008e-05
1.149000000000000000e+03 4.649038911641885900e-05
1.150000000000000000e+03 4.651503370647939805e-05
1.151000000000000000e+03 4.649541432930467201e-05
1.152000000000000000e+03 4.652884798512483302e-05
1.153000000000000000e+03 4.653990205648976248e-05
1.154000000000000000e+03 4.649786113683755000e-05
1.155000000000000000e+03 4.649478335826036515e-05
1.156000000000000000e+03 4.649837695372601305e-05
1.157000000000000000e+03 4.650914144197789259e-05
1.158000000000000000e+03 4.654438584111630700e-05
1.159000000000000000e+03 4.648863575615298983e-05
1.160000000000000000e+03 4.650396755702483474e-05
1.161000000000000000e+03 4.651374154491350028e-05
1.162000000000000000e+03 4.648357426049187644e-05
1.163000000000000000e+03 4.651368290069513294e-05
1.164000000000000000e+03 4.648482363942700363e-05
1.165000000000000000e+03 4.650506777882886439e-05
1.166000000000000000e+03 4.652943112887442329e-05
1.167000000000000000e+03 4.653290064500955470e-05
1.168000000000000000e+03 4.648711081244983023e-05
1.169000000000000000e+03 4.648156148808387644e-05
1.170000000000000000e+03 4.648079397156834386e-05
1.171000000000000000e+03 4.647745212423615076e-05
1.172000000000000000e+03 4.648164171764316676e-05
1.173000000000000000e+03 4.649260794394649484e-05
1.174000000000000000e+03 4.648801890046646424e-05
1.175000000000000000e+03 4.648343737547596061e-05
1.176000000000000000e+03 4.650643687151993549e-05
1.177000000000000000e+03 4.648577950623196896e-05
1.178000000000000000e+03 4.649989112901190718e-05
1.179000000000000000e+03 4.647191051238527181e-05
1.180000000000000000e+03 4.650469840271398479e-05
1.181000000000000000e+03 4.650594472574690779e-05
1.182000000000000000e+03 4.647806102487568873e-05
1.183000000000000000e+03 4.647285837563685748e-05
1.184000000000000000e+03 4.648020782042294822e-05
1.185000000000000000e+03 4.647210153052583337e-05
1.186000000000000000e+03 4.646854766178875863e-05
1.187000000000000000e+03 4.646677407436072691e-05
1.188000000000000000e+03 4.647307442307161481e-05
1.189000000000000000e+03 4.645833085911969145e-05
1.190000000000000000e+03 4.647092204929019168e-05
1.191000000000000000e+03 4.646745723827431617e-05
1.192000000000000000e+03 4.647401307011022974e-05
1.193000000000000000e+03 4.646495590956571030e-05
1.194000000000000000e+03 4.645801154159319663e-05
1.195000000000000000e+03 4.646587913157418235e-05
1.196000000000000000e+03 4.646897834997313438e-05
1.197000000000000000e+03 4.646303462019811200e-05
1.198000000000000000e+03 4.647876087498540400e-05
1.199000000000000000e+03 4.647378581770074629e-05
1.200000000000000000e+03 4.645463360551123745e-05
1.201000000000000000e+03 4.646663030143827227e-05
1.202000000000000000e+03 4.645651807853331096e-05
1.203000000000000000e+03 4.646161100633131979e-05
1.204000000000000000e+03 4.645439325637804983e-05
1.205000000000000000e+03 4.645877769992997556e-05
1.206000000000000000e+03 4.647274540426830333e-05
1.207000000000000000e+03 4.648887338892867014e-05
1.208000000000000000e+03 4.647350632391559518e-05
1.209000000000000000e+03 4.645025168429129151e-05
1.210000000000000000e+03 4.646281769964844016e-05
1.211000000000000000e+03 4.647517116003048953e-05
1.212000000000000000e+03 4.646322976138131980e-05
1.213000000000000000e+03 4.648200925051545356e-05
1.214000000000000000e+03 4.644641138535613481e-05
1.215000000000000000e+03 4.646145864777887581e-05
1.216000000000000000e+03 4.644894919086558214e-05
1.217000000000000000e+03 4.645975738336953205e-05
1.218000000000000000e+03 4.647385193190226889e-05
1.219000000000000000e+03 4.649163776775822071e-05
1.220000000000000000e+03 4.645139886027512325e-05
1.221000000000000000e+03 4.646989240427501418e-05
1.222000000000000000e+03 4.645210496770838915e-05
1.223000000000000000e+03 4.645299981348216317e-05
1.224000000000000000e+03 4.644938579682881841e-05
1.225000000000000000e+03 4.644761283998377486e-05
1.226000000000000000e+03 4.644716386489259989e-05
1.227000000000000000e+03 4.645464655671579260e-05
1.228000000000000000e+03 4.644114160328172418e-05
1.229000000000000000e+03 4.644841338934687611e-05
1.230000000000000000e+03 4.647454702838634298e-05
1.231000000000000000e+03 4.644075015676207569e-05
1.232000000000000000e+03 4.644319031892034123e-05
1.233000000000000000e+03 4.644370531120026825e-05
1.234000000000000000e+03 4.644872334514123761e-05
1.235000000000000000e+03 4.644087918374376767e-05
1.236000000000000000e+03 4.644267799449152946e-05
1.237000000000000000e+03 4.643869300101262511e-05
1.238000000000000000e+03 4.644003488162221755e-05
1.239000000000000000e+03 4.643649270292371484e-05
1.240000000000000000e+03 4.644420002781165423e-05
1.241000000000000000e+03 4.644423951200830105e-05
1.242000000000000000e+03 4.643167238100431832e-05
1.243000000000000000e+03 4.643956829871361680e-05
1.244000000000000000e+03 4.644564823441518157e-05
1.245000000000000000e+03 4.643298185934933704e-05
1.246000000000000000e+03 4.644644480625477885e-05
1.247000000000000000e+03 4.642939801366689106e-05
1.248000000000000000e+03 4.643172457387360750e-05
1.249000000000000000e+03 4.645409246829028057e-05
1.250000000000000000e+03 4.644574267634501015e-05
1.251000000000000000e+03 4.646265918078521607e-05
1.252000000000000000e+03 4.643328531528822834e-05
1.253000000000000000e+03 4.643149853412372190e-05
1.254000000000000000e+03 4.642463910082976123e-05
1.255000000000000000e+03 4.643759331277881987e-05
1.256000000000000000e+03 4.643041485299666921e-05
1.257000000000000000e+03 4.642908024834469096e-05
1.258000000000000000e+03 4.644742773962207382e-05
1.259000000000000000e+03 4.642321917344816137e-05
1.260000000000000000e+03 4.644661506366295345e-05
1.261000000000000000e+03 4.641595563346830191e-05
1.262000000000000000e+03 4.644263720062250748e-05
1.263000000000000000e+03 4.642374105363463398e-05
1.264000000000000000e+03 4.642274560562024451e-05
1.265000000000000000e+03 4.642755384945000040e-05
1.266000000000000000e+03 4.642603812195981831e-05
1.267000000000000000e+03 4.642113596977045148e-05
1.268000000000000000e+03 4.642363729847905735e-05
1.269000000000000000e+03 4.643255665238636118e-05
1.270000000000000000e+03 4.643034160835668146e-05
1.271000000000000000e+03 4.641551286719429231e-05
1.272000000000000000e+03 4.641998171185453986e-05
1.273000000000000000e+03 4.641822354945664424e-05
1.274000000000000000e+03 4.642659313200662335e-05
1.275000000000000000e+03 4.642705588291088948e-05
1.276000000000000000e+03 4.642234465184932044e-05
1.277000000000000000e+03 4.641781755102177416e-05
1.278000000000000000e+03 4.641861514149544176e-05
1.279000000000000000e+03 4.641842708224430707e-05
1.280000000000000000e+03 4.641242383513599607e-05
1.281000000000000000e+03 4.642263311931552950e-05
1.282000000000000000e+03 4.642478879153107640e-05
1.283000000000000000e+03 4.643814094985524696e-05
1.284000000000000000e+03 4.641341181316723706e-05
1.285000000000000000e+03 4.641107661882415278e-05
1.286000000000000000e+03 4.641422725399025001e-05
1.287000000000000000e+03 4.641438999290888409e-05
1.288000000000000000e+03 4.642279265681281713e-05
1.289000000000000000e+03 4.643134375025207545e-05
1.290000000000000000e+03 4.642483676434494880e-05
1.291000000000000000e+03 4.642588493879884509e-05
1.292000000000000000e+03 4.643672810440572699e-05
1.293000000000000000e+03 4.640367080961974814e-05
1.294000000000000000e+03 4.641705667988086758e-05
1.295000000000000000e+03 4.641330665132651473e-05
1.296000000000000000e+03 4.643881674079845150e-05
1.297000000000000000e+03 4.642670105871123825e-05
1.298000000000000000e+03 4.641238997767989816e-05
1.299000000000000000e+03 4.642422500182874772e-05
1.300000000000000000e+03 4.644170786680964060e-05
1.301000000000000000e+03 4.640356724848970581e-05
1.302000000000000000e+03 4.640367517519432072e-05
1.303000000000000000e+03 4.641153156020058032e-05
1.304000000000000000e+03 4.641709645511582602e-05
1.305000000000000000e+03 4.641487820966479986e-05
1.306000000000000000e+03 4.640082639525644156e-05
1.307000000000000000e+03 4.640212272837137083e-05
1.308000000000000000e+03 4.640757416685422325e-05
1.309000000000000000e+03 4.642143011248360150e-05
1.310000000000000000e+03 4.640546898978452177e-05
1.311000000000000000e+03 4.641736682970077016e-05
1.312000000000000000e+03 4.639784456230700152e-05
1.313000000000000000e+03 4.640346373586604875e-05
1.314000000000000000e+03 4.640053060332623305e-05
1.315000000000000000e+03 4.640099854441359422e-05
1.316000000000000000e+03 4.641210054008600405e-05
1.317000000000000000e+03 4.639920419625316876e-05
1.318000000000000000e+03 4.641092654007176224e-05
1.319000000000000000e+03 4.640420399179371740e-05
1.320000000000000000e+03 4.640092030361605251e-05
1.321000000000000000e+03 4.639652101711059357e-05
1.322000000000000000e+03 4.640506425251563480e-05
1.323000000000000000e+03 4.639906585604573552e-05
1.324000000000000000e+03 4.640096405637450814e-05
1.325000000000000000e+03 4.640052303633032080e-05
1.326000000000000000e+03 4.641507131357988056e-05
1.327000000000000000e+03 4.639661220911269721e-05
1.328000000000000000e+03 4.639755934476852417e-05
1.329000000000000000e+03 4.638964790501631905e-05
1.330000000000000000e+03 4.639629720865438291e-05
1.331000000000000000e+03 4.640328552341088653e-05
1.332000000000000000e+03 4.640786685437584908e-05
1.333000000000000000e+03 4.639701990527101105e-05
1.334000000000000000e+03 4.639360777218826386e-05
1.335000000000000000e+03 4.638820294834052342e-05
1.336000000000000000e+03 4.639268978886927213e-05
1.337000000000000000e+03 4.641359812618854272e-05
1.338000000000000000e+03 4.639595742143379919e-05
1.339000000000000000e+03 4.638643207726999900e-05
1.340000000000000000e+03 4.639112109240765689e-05
1.341000000000000000e+03 4.639857550500892211e-05
1.342000000000000000e+03 4.638352280987115972e-05
1.343000000000000000e+03 4.638525279005989161e-05
1.344000000000000000e+03 4.639036303463702139e-05
1.345000000000000000e+03 4.638914819224737910e-05
1.346000000000000000e+03 4.638498741163251499e-05
1.347000000000000000e+03 4.640499566448852447e-05
1.348000000000000000e+03 4.637482833156051536e-05
1.349000000000000000e+03 4.639003348226348550e-05
1.350000000000000000e+03 4.639238817617297362e-05
1.351000000000000000e+03 4.642190358329874783e-05
1.352000000000000000e+03 4.638135117905524554e-05
1.353000000000000000e+03 4.638225077845466751e-05
1.354000000000000000e+03 4.638680838979780945e-05
1.355000000000000000e+03 4.638805907840529825e-05
1.356000000000000000e+03 4.639742027696532544e-05
1.357000000000000000e+03 4.637869715224951235e-05
1.358000000000000000e+03 4.638842753289888483e-05
1.359000000000000000e+03 4.639105565729550773e-05
1.360000000000000000e+03 4.638133609356979276e-05
1.361000000000000000e+03 4.638237054071699670e-05
1.362000000000000000e+03 4.637373785953968763e-05
1.363000000000000000e+03 4.638068266406965518e-05
1.364000000000000000e+03 4.639128572307526903e-05
1.365000000000000000e+03 4.639939094583193506e-05
1.366000000000000000e+03 4.638109487132169062e-05
1.367000000000000000e+03 4.638973929104395021e-05
1.368000000000000000e+03 4.639181371506614324e-05
1.369000000000000000e+03 4.639128247314753731e-05
1.370000000000000000e+03 4.637467917442942460e-05
1.371000000000000000e+03 4.637914884369820140e-05
1.372000000000000000e+03 4.637726155730585004e-05
1.373000000000000000e+03 4.637209858628921346e-05
1.374000000000000000e+03 4.638102798101802405e-05
1.375000000000000000e+03 4.638115438865497925e-05
1.376000000000000000e+03 4.637208170606754639e-05
1.377000000000000000e+03 4.636912281663777620e-05
1.378000000000000000e+03 4.637829954541909053e-05
1.379000000000000000e+03 4.638096123623351328e-05
1.380000000000000000e+03 4.638067664927803088e-05
1.381000000000000000e+03 4.637796882889233530e-05
1.382000000000000000e+03 4.636946236132644036e-05
1.383000000000000000e+03 4.638990789923506632e-05
1.384000000000000000e+03 4.637510045237528853e-05
1.385000000000000000e+03 4.636768532994513584e-05
1.386000000000000000e+03 4.637272858720583528e-05
1.387000000000000000e+03 4.636634737835265533e-05
1.388000000000000000e+03 4.636467812815680991e-05
1.389000000000000000e+03 4.636834957636893094e-05
1.390000000000000000e+03 4.636836791178211543e-05
1.391000000000000000e+03 4.636542202206328565e-05
1.392000000000000000e+03 4.636859851113210113e-05
1.393000000000000000e+03 4.637141052323083399e-05
1.394000000000000000e+03 4.638580333751936708e-05
1.395000000000000000e+03 4.637631422762448878e-05
1.396000000000000000e+03 4.636592503326634259e-05
1.397000000000000000e+03 4.636429817765019915e-05
1.398000000000000000e+03 4.636205626108373087e-05
1.399000000000000000e+03 4.636710713384672783e-05
1.400000000000000000e+03 4.636600618444693269e-05
1.401000000000000000e+03 4.636348884863158103e-05
1.402000000000000000e+03 4.635953422014911653e-05
1.403000000000000000e+03 4.636282629993123647e-05
1.404000000000000000e+03 4.636886772156382591e-05
1.405000000000000000e+03 4.636654877685942054e-05
1.406000000000000000e+03 4.636158434247287927e-05
1.407000000000000000e+03 4.636577621567994194e-05
1.408000000000000000e+03 4.637116202502511767e-05
1.409000000000000000e+03 4.635619431307228677e-05
1.410000000000000000e+03 4.636905059063186555e-05
1.411000000000000000e+03 4.636203094075123704e-05
1.412000000000000000e+03 4.636012512492016012e-05
1.413000000000000000e+03 4.636391449215201076e-05
1.414000000000000000e+03 4.637370332299420951e-05
1.415000000000000000e+03 4.636378391296603084e-05
1.416000000000000000e+03 4.635885944783998231e-05
1.417000000000000000e+03 4.636569521001850764e-05
1.418000000000000000e+03 4.635315582466622121e-05
1.419000000000000000e+03 4.636861762264743637e-05
1.420000000000000000e+03 4.635924812949573145e-05
1.421000000000000000e+03 4.635225312085822333e-05
1.422000000000000000e+03 4.636910671251825988e-05
1.423000000000000000e+03 4.636300126245866020e-05
1.424000000000000000e+03 4.636671263142488870e-05
1.425000000000000000e+03 4.635442644939758127e-05
1.426000000000000000e+03 4.635101412228929301e-05
1.427000000000000000e+03 4.637205168061578987e-05
1.428000000000000000e+03 4.635270607347289550e-05
1.429000000000000000e+03 4.635734682475837614e-05
1.430000000000000000e+03 4.635029574274085218e-05
1.431000000000000000e+03 4.635541617365864452e-05
1.432000000000000000e+03 4.635196693319206771e-05
1.433000000000000000e+03 4.635459272928225190e-05
1.434000000000000000e+03 4.635357273703751257e-05
1.435000000000000000e+03 4.635482502635568136e-05
1.436000000000000000e+03 4.635874948386724031e-05
1.437000000000000000e+03 4.635021551318156186e-05
1.438000000000000000e+03 4.634613457407491948e-05
1.439000000000000000e+03 4.635811283757599926e-05
1.440000000000000000e+03 4.634831032793347989e-05
1.441000000000000000e+03 4.634796796987453789e-05
1.442000000000000000e+03 4.634646931663155718e-05
1.443000000000000000e+03 4.635191081130566660e-05
1.444000000000000000e+03 4.634724061664504590e-05
1.445000000000000000e+03 4.636759457450049285e-05
1.446000000000000000e+03 4.634707812025832462e-05
1.447000000000000000e+03 4.634670952024558900e-05
1.448000000000000000e+03 4.634784869267605462e-05
1.449000000000000000e+03 4.636478877121893213e-05
1.450000000000000000e+03 4.634425567928701639e-05
1.451000000000000000e+03 4.635070678583967505e-05
1.452000000000000000e+03 4.634976003823491669e-05
1.453000000000000000e+03 4.634967680127980745e-05
1.454000000000000000e+03 4.634648590581491264e-05
1.455000000000000000e+03 4.634768299486798689e-05
1.456000000000000000e+03 4.634506573590139322e-05
1.457000000000000000e+03 4.634315865890433319e-05
1.458000000000000000e+03 4.634690160552660615e-05
1.459000000000000000e+03 4.634251580379592677e-05
1.460000000000000000e+03 4.634408061974682212e-05
1.461000000000000000e+03 4.635109212055492194e-05
1.462000000000000000e+03 4.634349281938436122e-05
1.463000000000000000e+03 4.634295614475074067e-05
1.464000000000000000e+03 4.634193581296131123e-05
1.465000000000000000e+03 4.633780646448334257e-05
1.466000000000000000e+03 4.635428975840719974e-05
1.467000000000000000e+03 4.634657952313621875e-05
1.468000000000000000e+03 4.634264778966705239e-05
1.469000000000000000e+03 4.633956346272801206e-05
1.470000000000000000e+03 4.633988932861636236e-05
1.471000000000000000e+03 4.633439098446009313e-05
1.472000000000000000e+03 4.634255426935851682e-05
1.473000000000000000e+03 4.633668776174696584e-05
1.474000000000000000e+03 4.633937283263851910e-05
1.475000000000000000e+03 4.633725989454736430e-05
1.476000000000000000e+03 4.634780299966223565e-05
1.477000000000000000e+03 4.633607362241794756e-05
1.478000000000000000e+03 4.634044661846322083e-05
1.479000000000000000e+03 4.633446427760645937e-05
1.480000000000000000e+03 4.633929556196866243e-05
1.481000000000000000e+03 4.633542916659886792e-05
1.482000000000000000e+03 4.634057094032565689e-05
1.483000000000000000e+03 4.633515976214160206e-05
1.484000000000000000e+03 4.633101489162072675e-05
1.485000000000000000e+03 4.633181616857958671e-05
1.486000000000000000e+03 4.633137136503743647e-05
1.487000000000000000e+03 4.633026333370556145e-05
1.488000000000000000e+03 4.633367711600537391e-05
1.489000000000000000e+03 4.633906602975912555e-05
1.490000000000000000e+03 4.633761321504910606e-05
1.491000000000000000e+03 4.633181791480940896e-05
1.492000000000000000e+03 4.633897508028894825e-05
1.493000000000000000e+03 4.633727696879456567e-05
1.494000000000000000e+03 4.634263367430927790e-05
1.495000000000000000e+03 4.636357218259945403e-05
1.496000000000000000e+03 4.633836453043235179e-05
1.497000000000000000e+03 4.633475332714927811e-05
1.498000000000000000e+03 4.632952579413540688e-05
1.499000000000000000e+03 4.634289570579615904e-05
1.500000000000000000e+03 4.633739527586537067e-05
1.501000000000000000e+03 4.632495290328127787e-05
1.502000000000000000e+03 4.632502867025323185e-05
1.503000000000000000e+03 4.633118383935652619e-05
1.504000000000000000e+03 4.632312770506056665e-05
1.505000000000000000e+03 4.633392095759821281e-05
1.506000000000000000e+03 4.632727863887945829e-05
1.507000000000000000e+03 4.633053099193299828e-05
1.508000000000000000e+03 4.632142251163410418e-05
1.509000000000000000e+03 4.632695350058687347e-05
1.510000000000000000e+03 4.632352759169104190e-05
1.511000000000000000e+03 4.634111925649146420e-05
1.512000000000000000e+03 4.634211645073567593e-05
1.513000000000000000e+03 4.632235072980013697e-05
1.514000000000000000e+03 4.633209459522428901e-05
1.515000000000000000e+03 4.632123527699149874e-05
1.516000000000000000e+03 4.633954619445527638e-05
1.517000000000000000e+03 4.632803441685003358e-05
1.518000000000000000e+03 4.632264560010905248e-05
1.519000000000000000e+03 4.632148246552484668e-05
1.520000000000000000e+03 4.632030385740411950e-05
1.521000000000000000e+03 4.632886610731171866e-05
1.522000000000000000e+03 4.633179463174504222e-05
1.523000000000000000e+03 4.632270831886368755e-05
1.524000000000000000e+03 4.631811990596664512e-05
1.525000000000000000e+03 4.632313255569897836e-05
1.526000000000000000e+03 4.631917234898234344e-05
1.527000000000000000e+03 4.632451891666278514e-05
1.528000000000000000e+03 4.632045316005435929e-05
1.529000000000000000e+03 4.632048124525075248e-05
1.530000000000000000e+03 4.631553024713260550e-05
1.531000000000000000e+03 4.632392253067034167e-05
1.532000000000000000e+03 4.632918809268934230e-05
1.533000000000000000e+03 4.631773782117912995e-05
1.534000000000000000e+03 4.632166261823537223e-05
1.535000000000000000e+03 4.631464238627814082e-05
1.536000000000000000e+03 4.632373437440643645e-05
1.537000000000000000e+03 4.631484727724455053e-05
1.538000000000000000e+03 4.631644706629837788e-05
1.539000000000000000e+03 4.631473833190587886e-05
1.540000000000000000e+03 4.632065790550162675e-05
1.541000000000000000e+03 4.631721880286932046e-05
1.542000000000000000e+03 4.632169026687431155e-05
1.543000000000000000e+03 4.631928866729139984e-05
1.544000000000000000e+03 4.631273569733214938e-05
1.545000000000000000e+03 4.631734734478717329e-05
1.546000000000000000e+03 4.632008310485010626e-05
1.547000000000000000e+03 4.633004267816431875e-05
1.548000000000000000e+03 4.630912575521506559e-05
1.549000000000000000e+03 4.632516793208196488e-05
1.550000000000000000e+03 4.631730155476058378e-05
1.551000000000000000e+03 4.631241351792899144e-05
1.552000000000000000e+03 4.631374060409143594e-05
1.553000000000000000e+03 4.631541509297676168e-05
1.554000000000000000e+03 4.632582800695672848e-05
1.555000000000000000e+03 4.631960075736666575e-05
1.556000000000000000e+03 4.631139556295238598e-05
1.557000000000000000e+03 4.631231403133521685e-05
1.558000000000000000e+03 4.630845816185076824e-05
1.559000000000000000e+03 4.632042526888350718e-05
1.560000000000000000e+03 4.630736269367237976e-05
1.561000000000000000e+03 4.633400424305970732e-05
1.562000000000000000e+03 4.630872809987825851e-05
1.563000000000000000e+03 4.630987891384089734e-05
1.564000000000000000e+03 4.630877815846664328e-05
1.565000000000000000e+03 4.630942387545170603e-05
1.566000000000000000e+03 4.630636331664087836e-05
1.567000000000000000e+03 4.631234454185081251e-05
1.568000000000000000e+03 4.631755218724720451e-05
1.569000000000000000e+03 4.630633896643606280e-05
1.570000000000000000e+03 4.632225347450003055e-05
1.571000000000000000e+03 4.631131940792935662e-05
1.572000000000000000e+03 4.630590158437068255e-05
1.573000000000000000e+03 4.631015937775373350e-05
1.574000000000000000e+03 4.630686705543970077e-05
1.575000000000000000e+03 4.631589758597935122e-05
1.576000000000000000e+03 4.630748240742832368e-05
1.577000000000000000e+03 4.631536804178418905e-05
1.578000000000000000e+03 4.630646154206866983e-05
1.579000000000000000e+03 4.630140601269280224e-05
1.580000000000000000e+03 4.630375246051699113e-05
1.581000000000000000e+03 4.630969783950907200e-05
1.582000000000000000e+03 4.630402530892752301e-05
1.583000000000000000e+03 4.630262997428265828e-05
1.584000000000000000e+03 4.630401842102097742e-05
1.585000000000000000e+03 4.630447045201435658e-05
1.586000000000000000e+03 4.630296103035410363e-05
1.587000000000000000e+03 4.630555951735004539e-05
1.588000000000000000e+03 4.630408565086933411e-05
1.589000000000000000e+03 4.630074792657978724e-05
1.590000000000000000e+03 4.630409627376745054e-05
1.591000000000000000e+03 4.630475241962509543e-05
1.592000000000000000e+03 4.630044873920269121e-05
1.593000000000000000e+03 4.630353757723545315e-05
1.594000000000000000e+03 4.630622987557823532e-05
1.595000000000000000e+03 4.629958323979129349e-05
1.596000000000000000e+03 4.630276152359632326e-05
1.597000000000000000e+03 4.629730916349217106e-05
1.598000000000000000e+03 4.630140678879494622e-05
1.599000000000000000e+03 4.630162535856167656e-05
1.600000000000000000e+03 4.629759151915398529e-05
1.601000000000000000e+03 4.629664729388119994e-05
1.602000000000000000e+03 4.629672441903191435e-05
1.603000000000000000e+03 4.629957596383367930e-05
1.604000000000000000e+03 4.630441248688536268e-05
1.605000000000000000e+03 4.630932788131758273e-05
1.606000000000000000e+03 4.630129197418379251e-05
1.607000000000000000e+03 4.629718222228499823e-05
1.608000000000000000e+03 4.630173299422797985e-05
1.609000000000000000e+03 4.629828035831451552e-05
1.610000000000000000e+03 4.629899776773527129e-05
1.611000000000000000e+03 4.630030064921204926e-05
1.612000000000000000e+03 4.629815118581366774e-05
1.613000000000000000e+03 4.629661018649737031e-05
1.614000000000000000e+03 4.629792141107221128e-05
1.615000000000000000e+03 4.629559863436346452e-05
1.616000000000000000e+03 4.629463122303908296e-05
1.617000000000000000e+03 4.630477904962996443e-05
1.618000000000000000e+03 4.629738415436198106e-05
1.619000000000000000e+03 4.629614947286123805e-05
1.620000000000000000e+03 4.629293645848520263e-05
1.621000000000000000e+03 4.630606786425535995e-05
1.622000000000000000e+03 4.629382039032255538e-05
1.623000000000000000e+03 4.629452727385796525e-05
1.624000000000000000e+03 4.629793368318739299e-05
1.625000000000000000e+03 4.629171293345280046e-05
1.626000000000000000e+03 4.629261267837137147e-05
1.627000000000000000e+03 4.629055741437089895e-05
1.628000000000000000e+03 4.629661435804640181e-05
1.629000000000000000e+03 4.629027137222389236e-05
1.630000000000000000e+03 4.629219833683843161e-05
1.631000000000000000e+03 4.628857801435515095e-05
1.632000000000000000e+03 4.629391347407363030e-05
1.633000000000000000e+03 4.629182779657033266e-05
1.634000000000000000e+03 4.629608830631089770e-05
1.635000000000000000e+03 4.631221566038826957e-05
1.636000000000000000e+03 4.629205742579264009e-05
1.637000000000000000e+03 4.628776533839603057e-05
1.638000000000000000e+03 4.629852182309453722e-05
1.639000000000000000e+03 4.629039637317570863e-05
1.640000000000000000e+03 4.629664777894504585e-05
1.641000000000000000e+03 4.630742240503119591e-05
1.642000000000000000e+03 4.629072170549382775e-05
1.643000000000000000e+03 4.629012328223325041e-05
1.644000000000000000e+03 4.628856797353364419e-05
1.645000000000000000e+03 4.629044924513437125e-05
1.646000000000000000e+03 4.628786070194716571e-05
1.647000000000000000e+03 4.629198068869300105e-05
1.648000000000000000e+03 4.628745261773777649e-05
1.649000000000000000e+03 4.628775452147237984e-05
1.650000000000000000e+03 4.628648331466441687e-05
1.651000000000000000e+03 4.628435228369199038e-05
1.652000000000000000e+03 4.628670096280984743e-05
1.653000000000000000e+03 4.628780176669048676e-05
1.654000000000000000e+03 4.628572918591089330e-05
1.655000000000000000e+03 4.631128758774139258e-05
1.656000000000000000e+03 4.628482279561770305e-05
1.657000000000000000e+03 4.629768523348805516e-05
1.658000000000000000e+03 4.629318141572487562e-05
1.659000000000000000e+03 4.628703672400054868e-05
1.660000000000000000e+03 4.628958665610601514e-05
1.661000000000000000e+03 4.628267173150864831e-05
1.662000000000000000e+03 4.629079199124438185e-05
1.663000000000000000e+03 4.629025454050861055e-05
1.664000000000000000e+03 4.629632618161849759e-05
1.665000000000000000e+03 4.628655340638942989e-05
1.666000000000000000e+03 4.629186456440947896e-05
1.667000000000000000e+03 4.628199603757820752e-05
1.668000000000000000e+03 4.629492759704590115e-05
1.669000000000000000e+03 4.628627561032772254e-05
1.670000000000000000e+03 4.628468324275066518e-05
1.671000000000000000e+03 4.628401133231818730e-05
1.672000000000000000e+03 4.627966579088630550e-05
1.673000000000000000e+03 4.628441888295735211e-05
1.674000000000000000e+03 4.627948263077996780e-05
1.675000000000000000e+03 4.627976978857380847e-05
1.676000000000000000e+03 4.627914750017225471e-05
1.677000000000000000e+03 4.627962460896620813e-05
1.678000000000000000e+03 4.628456454762878481e-05
1.679000000000000000e+03 4.628390442424764272e-05
1.680000000000000000e+03 4.628178983693942265e-05
1.681000000000000000e+03 4.628437469364143583e-05
1.682000000000000000e+03 4.628012645601605249e-05
1.683000000000000000e+03 4.627934385401507390e-05
1.684000000000000000e+03 4.628977398776139111e-05
1.685000000000000000e+03 4.628245966159738817e-05
1.686000000000000000e+03 4.628281948195460014e-05
1.687000000000000000e+03 4.627878244112556243e-05
1.688000000000000000e+03 4.628182975769353690e-05
1.689000000000000000e+03 4.627843440781968624e-05
1.690000000000000000e+03 4.627821249111245365e-05
1.691000000000000000e+03 4.627663710076982713e-05
1.692000000000000000e+03 4.627643507168007376e-05
1.693000000000000000e+03 4.627890094222190172e-05
1.694000000000000000e+03 4.627749362650016691e-05
1.695000000000000000e+03 4.627669123389447964e-05
1.696000000000000000e+03 4.627438005021152081e-05
1.697000000000000000e+03 4.627468282706104544e-05
1.698000000000000000e+03 4.628082674268322840e-05
1.699000000000000000e+03 4.627776351602127191e-05
1.700000000000000000e+03 4.627459546706328997e-05
1.701000000000000000e+03 4.628465588515003748e-05
1.702000000000000000e+03 4.627932479100612393e-05
1.703000000000000000e+03 4.627411801872464644e-05
1.704000000000000000e+03 4.627505200915038396e-05
1.705000000000000000e+03 4.628328349402484939e-05
1.706000000000000000e+03 4.627127670876992255e-05
1.707000000000000000e+03 4.627352541623015909e-05
1.708000000000000000e+03 4.627709398240161123e-05
1.709000000000000000e+03 4.627442229927206699e-05
1.710000000000000000e+03 4.627453337889164984e-05
1.711000000000000000e+03 4.627918373444117660e-05
1.712000000000000000e+03 4.626955094863660742e-05
1.713000000000000000e+03 4.627615096978843049e-05
1.714000000000000000e+03 4.627417651742386475e-05
1.715000000000000000e+03 4.627488626283593774e-05
1.716000000000000000e+03 4.627426251924285979e-05
1.717000000000000000e+03 4.626993249985389140e-05
1.718000000000000000e+03 4.627154087453770132e-05
1.719000000000000000e+03 4.626970873990406602e-05
1.720000000000000000e+03 4.627450073409514978e-05
1.721000000000000000e+03 4.627784510375931588e-05
1.722000000000000000e+03 4.627534013707190969e-05
1.723000000000000000e+03 4.627864410091812240e-05
1.724000000000000000e+03 4.626982787158340026e-05
1.725000000000000000e+03 4.627834316731120411e-05
1.726000000000000000e+03 4.627592177712358372e-05
1.727000000000000000e+03 4.627859234460629387e-05
1.728000000000000000e+03 4.627295629082557956e-05
1.729000000000000000e+03 4.626672457864818727e-05
1.730000000000000000e+03 4.627031458464140657e-05
1.731000000000000000e+03 4.626800209128608613e-05
1.732000000000000000e+03 4.626729763306987873e-05
1.733000000000000000e+03 4.627234278207954945e-05
1.734000000000000000e+03 4.627046141346605863e-05
1.735000000000000000e+03 4.627045986126177067e-05
1.736000000000000000e+03 4.627113846557525306e-05
1.737000000000000000e+03 4.626790211962846563e-05
1.738000000000000000e+03 4.626693446577216450e-05
1.739000000000000000e+03 4.627245085430331338e-05
1.740000000000000000e+03 4.626705126914506004e-05
1.741000000000000000e+03 4.626520991829844722e-05
1.742000000000000000e+03 4.626905555293584800e-05
1.743000000000000000e+03 4.626644280506298271e-05
1.744000000000000000e+03 4.626796415929372049e-05
1.745000000000000000e+03 4.626805137377232015e-05
1.746000000000000000e+03 4.626891444786451540e-05
1.747000000000000000e+03 4.627132865910728538e-05
1.748000000000000000e+03 4.627025322406552515e-05
1.749000000000000000e+03 4.626457618239025456e-05
1.750000000000000000e+03 4.626772274302008405e-05
1.751000000000000000e+03 4.626753715759453710e-05
1.752000000000000000e+03 4.626398974020654731e-05
1.753000000000000000e+03 4.626422814908437160e-05
1.754000000000000000e+03 4.626654602664833493e-05
1.755000000000000000e+03 4.626190241348619118e-05
1.756000000000000000e+03 4.626313272941236839e-05
1.757000000000000000e+03 4.626510242815129296e-05
1.758000000000000000e+03 4.627971390921932694e-05
1.759000000000000000e+03 4.626820150103109596e-05
1.760000000000000000e+03 4.626788620953448361e-05
1.761000000000000000e+03 4.626412172607767293e-05
1.762000000000000000e+03 4.626672850766529920e-05
1.763000000000000000e+03 4.626596002102208833e-05
1.764000000000000000e+03 4.626087053717735229e-05
1.765000000000000000e+03 4.626273172713505906e-05
1.766000000000000000e+03 4.626035292555267495e-05
1.767000000000000000e+03 4.626096226274967356e-05
1.768000000000000000e+03 4.626413681156312570e-05
1.769000000000000000e+03 4.626083920205322739e-05
1.770000000000000000e+03 4.626043849081421612e-05
1.771000000000000000e+03 4.626152217194127558e-05
1.772000000000000000e+03 4.627110116416588236e-05
1.773000000000000000e+03 4.626938311654764206e-05
1.774000000000000000e+03 4.626197221417290614e-05
1.775000000000000000e+03 4.626614386021780625e-05
1.776000000000000000e+03 4.626156417846990219e-05
1.777000000000000000e+03 4.627105265778179232e-05
1.778000000000000000e+03 4.626553951917836838e-05
1.779000000000000000e+03 4.625932968338020390e-05
1.780000000000000000e+03 4.626002822381754400e-05
1.781000000000000000e+03 4.626841502613388029e-05
1.782000000000000000e+03 4.626064740781051508e-05
1.783000000000000000e+03 4.628010346398999059e-05
1.784000000000000000e+03 4.625533600725854644e-05
1.785000000000000000e+03 4.625945308362134018e-05
1.786000000000000000e+03 4.626318579539656531e-05
1.787000000000000000e+03 4.626012470301551322e-05
1.788000000000000000e+03 4.626158789809172280e-05
1.789000000000000000e+03 4.625692628906108466e-05
1.790000000000000000e+03 4.626702328096143739e-05
1.791000000000000000e+03 4.625932871325251885e-05
1.792000000000000000e+03 4.625703125687626591e-05
1.793000000000000000e+03 4.625755924886713335e-05
1.794000000000000000e+03 4.625706375615361017e-05
1.795000000000000000e+03 4.626070493638204833e-05
1.796000000000000000e+03 4.626508559643601116e-05
1.797000000000000000e+03 4.625734586928350483e-05
1.798000000000000000e+03 4.625822742430803360e-05
1.799000000000000000e+03 4.625968450757985513e-05
1.800000000000000000e+03 4.625485821937521281e-05
1.801000000000000000e+03 4.625636138371192190e-05
1.802000000000000000e+03 4.625585376440237282e-05
1.803000000000000000e+03 4.625796107575297193e-05
1.804000000000000000e+03 4.625758248342511482e-05
1.805000000000000000e+03 4.625986989897986100e-05
1.806000000000000000e+03 4.625522492763897036e-05
1.807000000000000000e+03 4.625496595205428664e-05
1.808000000000000000e+03 4.625637608114629930e-05
1.809000000000000000e+03 4.625682093319482803e-05
1.810000000000000000e+03 4.625499321264215058e-05
1.811000000000000000e+03 4.625906682728479351e-05
1.812000000000000000e+03 4.625720597687177685e-05
1.813000000000000000e+03 4.625673735669503546e-05
1.814000000000000000e+03 4.625542899399685083e-05
1.815000000000000000e+03 4.627309477655216862e-05
1.816000000000000000e+03 4.625378457906966688e-05
1.817000000000000000e+03 4.625340370694175634e-05
1.818000000000000000e+03 4.625276696363774475e-05
1.819000000000000000e+03 4.625348228728398816e-05
1.820000000000000000e+03 4.625350101074824803e-05
1.821000000000000000e+03 4.625348587675640998e-05
1.822000000000000000e+03 4.625681394827551869e-05
1.823000000000000000e+03 4.625290326657705090e-05
1.824000000000000000e+03 4.625110178797816029e-05
1.825000000000000000e+03 4.625119176732065931e-05
1.826000000000000000e+03 4.625129765675713357e-05
1.827000000000000000e+03 4.625011613825335801e-05
1.828000000000000000e+03 4.625215956669610946e-05
1.829000000000000000e+03 4.625171519971141987e-05
1.830000000000000000e+03 4.625184097676538012e-05
1.831000000000000000e+03 4.625081705550352886e-05
1.832000000000000000e+03 4.625073153874836618e-05
1.833000000000000000e+03 4.625419504009187330e-05
1.834000000000000000e+03 4.625077150800886570e-05
1.835000000000000000e+03 4.625071126307981836e-05
1.836000000000000000e+03 4.624962389546756654e-05
1.837000000000000000e+03 4.625064655556343469e-05
1.838000000000000000e+03 4.625373117354077308e-05
1.839000000000000000e+03 4.625547764590010345e-05
1.840000000000000000e+03 4.625196204870007770e-05
1.841000000000000000e+03 4.625221665871018885e-05
1.842000000000000000e+03 4.624790148227475367e-05
1.843000000000000000e+03 4.625028736578921766e-05
1.844000000000000000e+03 4.624988505383953317e-05
1.845000000000000000e+03 4.625327220613447663e-05
1.846000000000000000e+03 4.624912282451987294e-05
1.847000000000000000e+03 4.625310384047528009e-05
1.848000000000000000e+03 4.624882902135141302e-05
1.849000000000000000e+03 4.624793213830950513e-05
1.850000000000000000e+03 4.625310243379014116e-05
1.851000000000000000e+03 4.624897803296334798e-05
1.852000000000000000e+03 4.625469892440984475e-05
1.853000000000000000e+03 4.625200337613933087e-05
1.854000000000000000e+03 4.625706812172817597e-05
1.855000000000000000e+03 4.625349291018210460e-05
1.856000000000000000e+03 4.624871978497442973e-05
1.857000000000000000e+03 4.624945756707651064e-05
1.858000000000000000e+03 4.624568372188756665e-05
1.859000000000000000e+03 4.624449264762612346e-05
1.860000000000000000e+03 4.624526108576295584e-05
1.861000000000000000e+03 4.624876436234141462e-05
1.862000000000000000e+03 4.624617795343510671e-05
1.863000000000000000e+03 4.625513228044534931e-05
1.864000000000000000e+03 4.624445423056992545e-05
1.865000000000000000e+03 4.624534689355641658e-05
1.866000000000000000e+03 4.624686169942530565e-05
1.867000000000000000e+03 4.624763464865585286e-05
1.868000000000000000e+03 4.624696467847873830e-05
1.869000000000000000e+03 4.624317739702140002e-05
1.870000000000000000e+03 4.624660728344072880e-05
1.871000000000000000e+03 4.624298298343395094e-05
1.872000000000000000e+03 4.624467823305167041e-05
1.873000000000000000e+03 4.624866870775198142e-05
1.874000000000000000e+03 4.624797404782536120e-05
1.875000000000000000e+03 4.624300893434943972e-05
1.876000000000000000e+03 4.624484150554053567e-05
1.877000000000000000e+03 4.624484402787250867e-05
1.878000000000000000e+03 4.624368516185010491e-05
1.879000000000000000e+03 4.624611407052725228e-05
1.880000000000000000e+03 4.624688396385560207e-05
1.881000000000000000e+03 4.624516688636504005e-05
1.882000000000000000e+03 4.624231849447824305e-05
1.883000000000000000e+03 4.624542785071147238e-05
1.884000000000000000e+03 4.624314286047592868e-05
1.885000000000000000e+03 4.624159676798929997e-05
1.886000000000000000e+03 4.624678927939385393e-05
1.887000000000000000e+03 4.624147875195679303e-05
1.888000000000000000e+03 4.624177488343169165e-05
1.889000000000000000e+03 4.624540219083428166e-05
1.890000000000000000e+03 4.624247512159248229e-05
1.891000000000000000e+03 4.624766574124805819e-05
1.892000000000000000e+03 4.624052637761148576e-05
1.893000000000000000e+03 4.624157576472498666e-05
1.894000000000000000e+03 4.624540772056207359e-05
1.895000000000000000e+03 4.624104214599356353e-05
1.896000000000000000e+03 4.624223389934438015e-05
1.897000000000000000e+03 4.624293636879883896e-05
1.898000000000000000e+03 4.624416823692930413e-05
1.899000000000000000e+03 4.624859522058007410e-05
1.900000000000000000e+03 4.624201746385854744e-05
1.901000000000000000e+03 4.624279492418281626e-05
1.902000000000000000e+03 4.624276203685440340e-05
1.903000000000000000e+03 4.624098199807727996e-05
1.904000000000000000e+03 4.623915631479272960e-05
1.905000000000000000e+03 4.624111136460366204e-05
1.906000000000000000e+03 4.624387322110123959e-05
1.907000000000000000e+03 4.624052899695622253e-05
1.908000000000000000e+03 4.624111844653574192e-05
1.909000000000000000e+03 4.624310260017713110e-05
1.910000000000000000e+03 4.623913521451565253e-05
1.911000000000000000e+03 4.624129889028457232e-05
1.912000000000000000e+03 4.624052632910510049e-05
1.913000000000000000e+03 4.624196609559779429e-05
1.914000000000000000e+03 4.623808029767435970e-05
1.915000000000000000e+03 4.623929620720446435e-05
1.916000000000000000e+03 4.624122928362339843e-05
1.917000000000000000e+03 4.623857569337511911e-05
1.918000000000000000e+03 4.623700651184966474e-05
1.919000000000000000e+03 4.624780480905125692e-05
1.920000000000000000e+03 4.624292424220281307e-05
1.921000000000000000e+03 4.623759174137376059e-05
1.922000000000000000e+03 4.623713185234616435e-05
1.923000000000000000e+03 4.623991345094206532e-05
1.924000000000000000e+03 4.623780463589355675e-05
1.925000000000000000e+03 4.623958302545361492e-05
1.926000000000000000e+03 4.624100101257985144e-05
1.927000000000000000e+03 4.623699666505369228e-05
1.928000000000000000e+03 4.623718666456019030e-05
1.929000000000000000e+03 4.623765911674127308e-05
1.930000000000000000e+03 4.623840359272435172e-05
1.931000000000000000e+03 4.623844220380609081e-05
1.932000000000000000e+03 4.623895127830716408e-05
1.933000000000000000e+03 4.623608760690937322e-05
1.934000000000000000e+03 4.623801689983035118e-05
1.935000000000000000e+03 4.623612830376563145e-05
1.936000000000000000e+03 4.623703236575238298e-05
1.937000000000000000e+03 4.623800899328974205e-05
1.938000000000000000e+03 4.623446458329757118e-05
1.939000000000000000e+03 4.623830328152204788e-05
1.940000000000000000e+03 4.623459040885790993e-05
1.941000000000000000e+03 4.623777291271835647e-05
1.942000000000000000e+03 4.623581732933719962e-05
1.943000000000000000e+03 4.623909330499979646e-05
1.944000000000000000e+03 4.623511165846139437e-05
1.945000000000000000e+03 4.623445944162085463e-05
1.946000000000000000e+03 4.623474208832097370e-05
1.947000000000000000e+03 4.623521250323392261e-05
1.948000000000000000e+03 4.623356260708533200e-05
1.949000000000000000e+03 4.623642860678956157e-05
1.950000000000000000e+03 4.623388017838199780e-05
1.951000000000000000e+03 4.623621988381879691e-05
1.952000000000000000e+03 4.623496706093040370e-05
1.953000000000000000e+03 4.623363235926566169e-05
1.954000000000000000e+03 4.623587539147896406e-05
1.955000000000000000e+03 4.623458279335560564e-05
1.956000000000000000e+03 4.623230764991604117e-05
1.957000000000000000e+03 4.623302345862612372e-05
1.958000000000000000e+03 4.623334990659107692e-05
1.959000000000000000e+03 4.623604754063610994e-05
1.960000000000000000e+03 4.623602052258017235e-05
1.961000000000000000e+03 4.623460433019015013e-05
1.962000000000000000e+03 4.623104168179755175e-05
1.963000000000000000e+03 4.623227534466423121e-05
1.964000000000000000e+03 4.623576605808921023e-05
1.965000000000000000e+03 4.623479272898596814e-05
1.966000000000000000e+03 4.623234509684456090e-05
1.967000000000000000e+03 4.623440307720254073e-05
1.968000000000000000e+03 4.623313187039457099e-05
1.969000000000000000e+03 4.623475634919789722e-05
1.970000000000000000e+03 4.623129823206303300e-05
1.971000000000000000e+03 4.623106132688311140e-05
1.972000000000000000e+03 4.623547123628668677e-05
1.973000000000000000e+03 4.623435583198443380e-05
1.974000000000000000e+03 4.623192600168597987e-05
1.975000000000000000e+03 4.623114475786375494e-05
1.976000000000000000e+03 4.623020742049751517e-05
1.977000000000000000e+03 4.623050481313839690e-05
1.978000000000000000e+03 4.623357871120484832e-05
1.979000000000000000e+03 4.623121601374198731e-05
1.980000000000000000e+03 4.623130187004184010e-05
1.981000000000000000e+03 4.623083824602265945e-05
1.982000000000000000e+03 4.623035424932216722e-05
1.983000000000000000e+03 4.623593767367613848e-05
1.984000000000000000e+03 4.623416510488217030e-05
1.985000000000000000e+03 4.622965595141673991e-05
1.986000000000000000e+03 4.623290995368733839e-05
1.987000000000000000e+03 4.623205109965055991e-05
1.988000000000000000e+03 4.622975223658916806e-05
1.989000000000000000e+03 4.623103396928248369e-05
1.990000000000000000e+03 4.623281784006394175e-05
1.991000000000000000e+03 4.623708213330246291e-05
1.992000000000000000e+03 4.623128280703289012e-05
1.993000000000000000e+03 4.622886568540707176e-05
1.994000000000000000e+03 4.622917273081839166e-05
1.995000000000000000e+03 4.623122149496339397e-05
1.996000000000000000e+03 4.623231075432461708e-05
1.997000000000000000e+03 4.623291024472564323e-05
1.998000000000000000e+03 4.623238361091352945e-05
1.999000000000000000e+03 4.622866186158110409e-05
2.000000000000000000e+03 4.622874606866389838e-05
2.001000000000000000e+03 4.622897147783078226e-05
2.002000000000000000e+03 4.622750527535875376e-05
2.003000000000000000e+03 4.622873399057425775e-05
2.004000000000000000e+03 4.622851964086294418e-05
2.005000000000000000e+03 4.622899311167809051e-05
2.006000000000000000e+03 4.622746482103442188e-05
2.007000000000000000e+03 4.622772006162752798e-05
2.008000000000000000e+03 4.622894654554935703e-05
2.009000000000000000e+03 4.622835801759113742e-05
2.010000000000000000e+03 4.622730324626900039e-05
2.011000000000000000e+03 4.622793431432607102e-05
2.012000000000000000e+03 4.622933935024775239e-05
2.013000000000000000e+03 4.622712445173722849e-05
2.014000000000000000e+03 4.622885370433020167e-05
2.015000000000000000e+03 4.622664559671344603e-05
2.016000000000000000e+03 4.622826735915926496e-05
2.017000000000000000e+03 4.622651952862118772e-05
2.018000000000000000e+03 4.622994286667866102e-05
2.019000000000000000e+03 4.622513374973399061e-05
2.020000000000000000e+03 4.623124220718940244e-05
2.021000000000000000e+03 4.622445941398231026e-05
2.022000000000000000e+03 4.622533485720244420e-05
2.023000000000000000e+03 4.622705518462074471e-05
2.024000000000000000e+03 4.623040755783828370e-05
2.025000000000000000e+03 4.622549492826995624e-05
2.026000000000000000e+03 4.622790545302753385e-05
2.027000000000000000e+03 4.622677108272910145e-05
2.028000000000000000e+03 4.622449157371496441e-05
2.029000000000000000e+03 4.622556312824599120e-05
2.030000000000000000e+03 4.622511813067831343e-05
2.031000000000000000e+03 4.622708390040012607e-05
2.032000000000000000e+03 4.622648547713955551e-05
2.033000000000000000e+03 4.623016036930494254e-05
2.034000000000000000e+03 4.622509931020128303e-05
2.035000000000000000e+03 4.622920949865753118e-05
2.036000000000000000e+03 4.622478882083669034e-05
2.037000000000000000e+03 4.622465368205060354e-05
2.038000000000000000e+03 4.622587497578933754e-05
2.039000000000000000e+03 4.622890332636113257e-05
2.040000000000000000e+03 4.622679082482742486e-05
2.041000000000000000e+03 4.622464766725897925e-05
2.042000000000000000e+03 4.622325446689501215e-05
2.043000000000000000e+03 4.622532229404896444e-05
2.044000000000000000e+03 4.622351877818194673e-05
2.045000000000000000e+03 4.622925727744586928e-05
2.046000000000000000e+03 4.622585828959321154e-05
2.047000000000000000e+03 4.622350509938163288e-05
2.048000000000000000e+03 4.622217083427434473e-05
2.049000000000000000e+03 4.623036681247564699e-05
2.050000000000000000e+03 4.622816040258233511e-05
2.051000000000000000e+03 4.622473992640152492e-05
2.052000000000000000e+03 4.622428755586346243e-05
2.053000000000000000e+03 4.622738386387936608e-05
2.054000000000000000e+03 4.622447483901244637e-05
2.055000000000000000e+03 4.622326562336335299e-05
2.056000000000000000e+03 4.622236277403620608e-05
2.057000000000000000e+03 4.622557714659099516e-05
2.058000000000000000e+03 4.622188532569756255e-05
2.059000000000000000e+03 4.622285802421780969e-05
2.060000000000000000e+03 4.622401616264444797e-05
2.061000000000000000e+03 4.622543613853243309e-05
2.062000000000000000e+03 4.622421746413844264e-05
2.063000000000000000e+03 4.622152448670628026e-05
2.064000000000000000e+03 4.622160049621016058e-05
2.065000000000000000e+03 4.622376232873648080e-05
2.066000000000000000e+03 4.622624590410851186e-05
2.067000000000000000e+03 4.622135209501720802e-05
2.068000000000000000e+03 4.622136931478356520e-05
2.069000000000000000e+03 4.622325383631202398e-05
2.070000000000000000e+03 4.622071782553879095e-05
2.071000000000000000e+03 4.622495781707888183e-05
2.072000000000000000e+03 4.622291361253397961e-05
2.073000000000000000e+03 4.622140879898021881e-05
2.074000000000000000e+03 4.622086334469107462e-05
2.075000000000000000e+03 4.622072039637714923e-05
2.076000000000000000e+03 4.622501233825460293e-05
2.077000000000000000e+03 4.622044963374112971e-05
2.078000000000000000e+03 4.622090578777715510e-05
2.079000000000000000e+03 4.621992280590348163e-05
2.080000000000000000e+03 4.622000609136496936e-05
2.081000000000000000e+03 4.621958088440200027e-05
2.082000000000000000e+03 4.622009650726492224e-05
2.083000000000000000e+03 4.622176338064795046e-05
2.084000000000000000e+03 4.622144163780224639e-05
2.085000000000000000e+03 4.622062648801753828e-05
2.086000000000000000e+03 4.622207939974032153e-05
2.087000000000000000e+03 4.621906273920709852e-05
2.088000000000000000e+03 4.621882694967401777e-05
2.089000000000000000e+03 4.622198748014246596e-05
2.090000000000000000e+03 4.622028864105231789e-05
2.091000000000000000e+03 4.622150416253134717e-05
2.092000000000000000e+03 4.622043416020460156e-05
2.093000000000000000e+03 4.622016237893452527e-05
2.094000000000000000e+03 4.621904590749181672e-05
2.095000000000000000e+03 4.622034054288330223e-05
2.096000000000000000e+03 4.621969070285558646e-05
2.097000000000000000e+03 4.622461473142417434e-05
2.098000000000000000e+03 4.621773875745323671e-05
2.099000000000000000e+03 4.622311064546617224e-05
2.100000000000000000e+03 4.621741313409681275e-05
2.101000000000000000e+03 4.622317768128899462e-05
2.102000000000000000e+03 4.621849254666207017e-05
2.103000000000000000e+03 4.621921960885325733e-05
2.104000000000000000e+03 4.621778600267134363e-05
2.105000000000000000e+03 4.621838258268932818e-05
2.106000000000000000e+03 4.621865805044459682e-05
2.107000000000000000e+03 4.622254040441475863e-05
2.108000000000000000e+03 4.621674607430273981e-05
2.109000000000000000e+03 4.621918715808229835e-05
2.110000000000000000e+03 4.621959378710016337e-05
2.111000000000000000e+03 4.621857888802575532e-05
2.112000000000000000e+03 4.621739319797294826e-05
2.113000000000000000e+03 4.621928601409308477e-05
2.114000000000000000e+03 4.621847828578514665e-05
2.115000000000000000e+03 4.621842391012857457e-05
2.116000000000000000e+03 4.621869884431361881e-05
2.117000000000000000e+03 4.621646915135594697e-05
2.118000000000000000e+03 4.621955925055469202e-05
2.119000000000000000e+03 4.622042969761726522e-05
2.120000000000000000e+03 4.621611777110956853e-05
2.121000000000000000e+03 4.621740032841141341e-05
2.122000000000000000e+03 4.621980013325810405e-05
2.123000000000000000e+03 4.622377469786442627e-05
2.124000000000000000e+03 4.621621856737571151e-05
2.125000000000000000e+03 4.621730894238377548e-05
2.126000000000000000e+03 4.621639624626065610e-05
2.127000000000000000e+03 4.621997984941117574e-05
2.128000000000000000e+03 4.621804589987732714e-05
2.129000000000000000e+03 4.621578074875287739e-05
2.130000000000000000e+03 4.621598588225121345e-05
2.131000000000000000e+03 4.621757548496437822e-05
2.132000000000000000e+03 4.621958355225312231e-05
2.133000000000000000e+03 4.621546114018807772e-05
2.134000000000000000e+03 4.621598200174048679e-05
2.135000000000000000e+03 4.621736021363176487e-05
2.136000000000000000e+03 4.621463245712220479e-05
2.137000000000000000e+03 4.621708658911908901e-05
2.138000000000000000e+03 4.621706524631008560e-05
2.139000000000000000e+03 4.621645949858551558e-05
2.140000000000000000e+03 4.621466059082498325e-05
2.141000000000000000e+03 4.621630059167121613e-05
2.142000000000000000e+03 4.621490191008584915e-05
2.143000000000000000e+03 4.621467485170190678e-05
2.144000000000000000e+03 4.622007133245157744e-05
2.145000000000000000e+03 4.621503282881652596e-05
2.146000000000000000e+03 4.621448664693161628e-05
2.147000000000000000e+03 4.621529379316295151e-05
2.148000000000000000e+03 4.621515191198947493e-05
2.149000000000000000e+03 4.621547312126494781e-05
2.150000000000000000e+03 4.621389331684137700e-05
2.151000000000000000e+03 4.621509355880941243e-05
2.152000000000000000e+03 4.621453117579221590e-05
2.153000000000000000e+03 4.621473572721394228e-05
2.154000000000000000e+03 4.621316285920329555e-05
2.155000000000000000e+03 4.621443168919844131e-05
2.156000000000000000e+03 4.621444430085830634e-05
2.157000000000000000e+03 4.621610200653473554e-05
2.158000000000000000e+03 4.621312837116420269e-05
2.159000000000000000e+03 4.621400109802682932e-05
2.160000000000000000e+03 4.621393566291468694e-05
2.161000000000000000e+03 4.621248202359614499e-05
2.162000000000000000e+03 4.621291300281882557e-05
2.163000000000000000e+03 4.621314680359015772e-05
2.164000000000000000e+03 4.621408923412672877e-05
2.165000000000000000e+03 4.621283883655754481e-05
2.166000000000000000e+03 4.621448451265071865e-05
2.167000000000000000e+03 4.621684032220704086e-05
2.168000000000000000e+03 4.621858994748133240e-05
2.169000000000000000e+03 4.621549984828258735e-05
2.170000000000000000e+03 4.621493659215047630e-05
2.171000000000000000e+03 4.621329174066583171e-05
2.172000000000000000e+03 4.621245228918269331e-05
2.173000000000000000e+03 4.621503831003792584e-05
2.174000000000000000e+03 4.621320433216169775e-05
2.175000000000000000e+03 4.621381541558851862e-05
2.176000000000000000e+03 4.621286352630704370e-05
2.177000000000000000e+03 4.621388075368789046e-05
2.178000000000000000e+03 4.621340155911942468e-05
2.179000000000000000e+03 4.621272732038050809e-05
2.180000000000000000e+03 4.621175646510285374e-05
2.181000000000000000e+03 4.621197779973347666e-05
2.182000000000000000e+03 4.621297620663729978e-05
2.183000000000000000e+03 4.621271630943131627e-05
2.184000000000000000e+03 4.621443974125819947e-05
2.185000000000000000e+03 4.621118244055348400e-05
2.186000000000000000e+03 4.621328601691251226e-05
2.187000000000000000e+03 4.621211934136226990e-05
2.188000000000000000e+03 4.621121639502234567e-05
2.189000000000000000e+03 4.621119708948147613e-05
2.190000000000000000e+03 4.621125490909132100e-05
2.191000000000000000e+03 4.621228290488943322e-05
2.192000000000000000e+03 4.621101339580491402e-05
2.193000000000000000e+03 4.621235804127839903e-05
2.194000000000000000e+03 4.621111026305395184e-05
2.195000000000000000e+03 4.621279130030112628e-05
2.196000000000000000e+03 4.621201481010454252e-05
2.197000000000000000e+03 4.621198662789538557e-05
2.198000000000000000e+03 4.621206108519497116e-05
2.199000000000000000e+03 4.621199603813389738e-05
2.200000000000000000e+03 4.621066769080546977e-05
2.201000000000000000e+03 4.621066715723524536e-05
2.202000000000000000e+03 4.620976008785267490e-05
2.203000000000000000e+03 4.620992830799271564e-05
2.204000000000000000e+03 4.621319366075719604e-05
2.205000000000000000e+03 4.621028977756698610e-05
2.206000000000000000e+03 4.621050335117615570e-05
2.207000000000000000e+03 4.621069664911677747e-05
2.208000000000000000e+03 4.621209499115745434e-05
