0.000000000000000000e+00 5.555761198718909183e-05
1.000000000000000000e+00 1.730987153833169381e-05
2.000000000000000000e+00 6.450301061350327142e-06
3.000000000000000000e+00 1.725545745387359456e-06
4.000000000000000000e+00 1.140229140844270922e-06
5.000000000000000000e+00 8.476367876596400137e-07
6.000000000000000000e+00 1.024249640459243418e-06
7.000000000000000000e+00 6.397581757131886158e-07
8.000000000000000000e+00 6.629314636040008056e-07
9.000000000000000000e+00 1.194704474156476738e-06
1.000000000000000000e+01 8.208397306077111567e-07
1.100000000000000000e+01 5.734183222629080783e-07
1.200000000000000000e+01 5.159573463670572578e-07
1.300000000000000000e+01 3.943061725066345188e-07
1.400000000000000000e+01 3.930677152792967610e-07
1.500000000000000000e+01 4.519320321920442962e-07
1.600000000000000000e+01 3.790614819033363719e-07
1.700000000000000000e+01 3.256312537209925163e-07
1.800000000000000000e+01 3.606739025170545133e-07
1.900000000000000000e+01 4.850754723079906947e-07
2.000000000000000000e+01 4.083489709387357480e-07
2.100000000000000000e+01 5.767112907865484435e-07
2.200000000000000000e+01 4.101445239182801056e-07
2.300000000000000000e+01 3.370257030060331752e-07
2.400000000000000000e+01 3.071067645667147148e-07
2.500000000000000000e+01 4.172872079579062574e-07
2.600000000000000000e+01 3.428089609450468054e-07
2.700000000000000000e+01 3.063221319008812210e-07
2.800000000000000000e+01 4.036358133089218481e-07
2.900000000000000000e+01 3.171017232115282713e-07
3.000000000000000000e+01 4.001206997656299113e-07
3.100000000000000000e+01 4.349156562627788406e-07
3.200000000000000000e+01 3.931615742118841273e-07
3.300000000000000000e+01 4.371261129060890658e-07
3.400000000000000000e+01 6.971671350060663161e-07
3.500000000000000000e+01 4.314773800119063402e-07
3.600000000000000000e+01 2.899020532306450643e-07
3.700000000000000000e+01 3.481907791591958355e-07
3.800000000000000000e+01 2.803399943622758979e-07
3.900000000000000000e+01 2.607576073261493632e-07
4.000000000000000000e+01 2.604054278327326177e-07
4.100000000000000000e+01 3.595949941158596180e-07
4.200000000000000000e+01 2.774336241823897323e-07
4.300000000000000000e+01 4.224285010192657313e-07
4.400000000000000000e+01 2.644881056285460555e-07
4.500000000000000000e+01 3.078338018685477909e-07
4.600000000000000000e+01 3.218653402165901823e-07
4.700000000000000000e+01 3.525770944945453658e-07
4.800000000000000000e+01 2.505537819162808895e-07
4.900000000000000000e+01 3.263582093928849369e-07
5.000000000000000000e+01 4.694796919989829123e-07
5.100000000000000000e+01 3.522199135457527136e-07
5.200000000000000000e+01 2.961626258843600144e-07
5.300000000000000000e+01 2.799033914158191980e-07
5.400000000000000000e+01 2.655526160218900898e-07
5.500000000000000000e+01 2.476010409779677048e-07
5.600000000000000000e+01 2.876740705040974987e-07
5.700000000000000000e+01 4.136013887745201013e-07
5.800000000000000000e+01 5.880065899369118221e-07
5.900000000000000000e+01 4.028299316312400038e-07
6.000000000000000000e+01 3.420195809969935659e-07
6.100000000000000000e+01 3.803897139136912089e-07
6.200000000000000000e+01 3.374095010613545585e-07
6.300000000000000000e+01 3.222930735450635174e-07
6.400000000000000000e+01 7.674715167543590423e-07
6.500000000000000000e+01 3.211122902433547265e-07
6.600000000000000000e+01 2.837733525068279235e-07
6.700000000000000000e+01 3.267839694975503460e-07
6.800000000000000000e+01 3.905340669313350357e-07
6.900000000000000000e+01 2.826199456509704803e-07
7.000000000000000000e+01 2.355698159074844992e-07
7.100000000000000000e+01 2.286992522428407093e-07
7.200000000000000000e+01 2.307804670591452725e-07
7.300000000000000000e+01 2.112457010583404383e-07
7.400000000000000000e+01 2.285150489662877421e-07
7.500000000000000000e+01 2.340764657206676525e-07
7.600000000000000000e+01 2.419303221754688571e-07
7.700000000000000000e+01 2.572783725406027996e-07
7.800000000000000000e+01 3.100564723980521474e-07
7.900000000000000000e+01 3.514083032292773992e-07
8.000000000000000000e+01 2.315595118509746580e-07
8.100000000000000000e+01 2.269493890545263012e-07
8.200000000000000000e+01 2.408710309422106941e-07
8.300000000000000000e+01 4.344474082588711061e-07
8.400000000000000000e+01 4.783484419066455391e-07
8.500000000000000000e+01 3.525097355704852294e-07
8.600000000000000000e+01 6.287548816097840343e-07
8.700000000000000000e+01 2.863803018013681114e-07
8.800000000000000000e+01 2.151183576966150951e-07
8.900000000000000000e+01 2.174473597518094042e-07
9.000000000000000000e+01 1.838384467832593980e-07
9.100000000000000000e+01 1.715076553052281063e-07
9.200000000000000000e+01 2.308053037865283996e-07
9.300000000000000000e+01 2.500398994811978145e-07
9.400000000000000000e+01 1.723847913681293343e-07
9.500000000000000000e+01 1.619700562929437823e-07
9.600000000000000000e+01 1.808298086670539079e-07
9.700000000000000000e+01 1.902325458086934277e-07
9.800000000000000000e+01 4.288101916088725257e-07
9.900000000000000000e+01 3.916158577936920152e-07
1.000000000000000000e+02 2.359362343709915943e-07
1.010000000000000000e+02 1.809975523339555839e-07
1.020000000000000000e+02 1.711548842013426456e-07
1.030000000000000000e+02 2.832855436564223189e-06
1.040000000000000000e+02 3.439040278988746872e-06
1.050000000000000000e+02 7.542840855422712310e-07
1.060000000000000000e+02 4.206092251843034639e-07
1.070000000000000000e+02 3.383276403297528396e-07
1.080000000000000000e+02 2.187449704624541163e-07
1.090000000000000000e+02 2.519841321280588522e-07
1.100000000000000000e+02 2.378050795472686221e-07
1.110000000000000000e+02 2.248519877957107311e-07
1.120000000000000000e+02 2.153646678891774218e-07
1.130000000000000000e+02 1.973890881381670844e-07
1.140000000000000000e+02 2.052291681176227983e-07
1.150000000000000000e+02 2.139415698691835694e-07
1.160000000000000000e+02 2.134502851002058741e-07
1.170000000000000000e+02 2.197428380197866953e-07
1.180000000000000000e+02 2.407156214194596602e-07
1.190000000000000000e+02 1.950116438007666063e-07
1.200000000000000000e+02 2.007791071036501695e-07
1.210000000000000000e+02 2.163121566952766137e-07
1.220000000000000000e+02 1.874728980770147778e-07
1.230000000000000000e+02 1.863361041181939337e-07
1.240000000000000000e+02 1.813745475362272493e-07
1.250000000000000000e+02 1.768823474912060231e-07
1.260000000000000000e+02 1.801903194646685304e-07
1.270000000000000000e+02 1.768067811181925448e-07
1.280000000000000000e+02 2.106076138882528541e-07
1.290000000000000000e+02 2.026183222496592008e-07
1.300000000000000000e+02 2.098780314630068454e-07
1.310000000000000000e+02 1.833000512120737367e-07
1.320000000000000000e+02 1.745546828210077821e-07
1.330000000000000000e+02 1.618949155224481393e-07
1.340000000000000000e+02 1.746734644532355055e-07
1.350000000000000000e+02 2.336762600310514049e-07
1.360000000000000000e+02 1.701595492889808160e-07
1.370000000000000000e+02 1.541787546992870298e-07
1.380000000000000000e+02 2.724248583671817354e-07
1.390000000000000000e+02 2.935927435869648428e-07
1.400000000000000000e+02 2.086408224290755622e-07
1.410000000000000000e+02 2.169511277048813691e-07
1.420000000000000000e+02 1.890283437558069070e-07
1.430000000000000000e+02 1.575961992385204920e-07
1.440000000000000000e+02 1.572198693796634626e-07
1.450000000000000000e+02 1.731996001157936331e-07
1.460000000000000000e+02 2.819016867798220785e-07
1.470000000000000000e+02 3.605267236112001124e-07
1.480000000000000000e+02 1.764768078637479123e-07
1.490000000000000000e+02 1.464836893710267552e-07
1.500000000000000000e+02 1.513125813694163355e-07
1.510000000000000000e+02 1.569691304844159217e-07
1.520000000000000000e+02 1.521135449991878529e-07
1.530000000000000000e+02 1.565048837055551615e-07
1.540000000000000000e+02 1.550145234474203312e-07
1.550000000000000000e+02 1.412773280100190767e-07
1.560000000000000000e+02 1.346916230822995293e-07
1.570000000000000000e+02 1.527707047518672573e-07
1.580000000000000000e+02 1.624682154515110797e-07
1.590000000000000000e+02 1.839375596879728693e-07
1.600000000000000000e+02 1.526489128235347753e-07
1.610000000000000000e+02 1.479584551834902492e-07
1.620000000000000000e+02 1.455837078323132727e-07
1.630000000000000000e+02 1.658903990593880508e-07
1.640000000000000000e+02 1.591843052134088120e-07
1.650000000000000000e+02 1.438442460436086375e-07
1.660000000000000000e+02 1.815154719059080988e-07
1.670000000000000000e+02 1.504653725112524810e-07
1.680000000000000000e+02 1.201846096891085495e-07
1.690000000000000000e+02 1.280406136148624611e-07
1.700000000000000000e+02 1.280701743429311128e-07
1.710000000000000000e+02 1.526976426116674062e-07
1.720000000000000000e+02 1.439995533683134162e-07
1.730000000000000000e+02 1.203104267932176421e-07
1.740000000000000000e+02 1.584828793212913113e-07
1.750000000000000000e+02 2.775011890844540704e-07
1.760000000000000000e+02 3.292864528442106333e-07
1.770000000000000000e+02 1.749207710319192437e-07
1.780000000000000000e+02 1.544644976047557979e-07
1.790000000000000000e+02 1.269231125641661228e-07
1.800000000000000000e+02 1.117950523184781607e-07
1.810000000000000000e+02 1.669613154120158174e-07
1.820000000000000000e+02 1.818938357358439491e-07
1.830000000000000000e+02 1.424924627547668508e-07
1.840000000000000000e+02 1.518861377592100120e-07
1.850000000000000000e+02 1.643239832715101652e-07
1.860000000000000000e+02 2.172976311922151514e-07
1.870000000000000000e+02 1.514079709456519332e-07
1.880000000000000000e+02 1.424585719341686535e-07
1.890000000000000000e+02 1.354474756382177638e-07
1.900000000000000000e+02 1.203266797888189566e-07
1.910000000000000000e+02 1.112333193316940191e-07
1.920000000000000000e+02 1.240325195985760933e-07
1.930000000000000000e+02 1.298421791952917506e-07
1.940000000000000000e+02 1.337014447903001461e-07
1.950000000000000000e+02 1.289656733750588535e-07
1.960000000000000000e+02 1.358939231576979713e-07
1.970000000000000000e+02 1.011873004612972742e-07
1.980000000000000000e+02 9.767433275395786172e-08
1.990000000000000000e+02 1.049904639176682302e-07
2.000000000000000000e+02 1.872397413211157899e-07
2.010000000000000000e+02 3.785436350565206069e-07
2.020000000000000000e+02 2.052431925049375573e-07
2.030000000000000000e+02 1.134970756286659952e-07
2.040000000000000000e+02 9.959937752222627383e-08
2.050000000000000000e+02 9.744315877951815978e-08
2.060000000000000000e+02 8.449157803863037118e-08
2.070000000000000000e+02 7.775022232371447517e-08
2.080000000000000000e+02 8.887145177177253168e-08
2.090000000000000000e+02 9.590991374090466081e-08
2.100000000000000000e+02 9.363692278871753621e-08
2.110000000000000000e+02 1.228079558605167514e-07
2.120000000000000000e+02 9.413188625723615920e-08
2.130000000000000000e+02 1.152466275066414910e-07
2.140000000000000000e+02 8.607406263088735135e-08
2.150000000000000000e+02 8.250434839236935218e-08
2.160000000000000000e+02 7.402226579462525307e-08
2.170000000000000000e+02 7.539801452789798061e-08
2.180000000000000000e+02 7.549419536664486194e-08
2.190000000000000000e+02 7.288721411043339438e-08
2.200000000000000000e+02 7.400684544748241303e-08
2.210000000000000000e+02 1.638940773026057627e-07
2.220000000000000000e+02 1.183708133949910558e-07
2.230000000000000000e+02 9.508668369139843648e-08
2.240000000000000000e+02 6.874923211726828063e-08
2.250000000000000000e+02 1.067604671429961264e-07
2.260000000000000000e+02 1.408086220229593102e-07
2.270000000000000000e+02 9.928625617623786585e-08
2.280000000000000000e+02 7.218042429981184262e-08
2.290000000000000000e+02 1.094680219848593770e-07
2.300000000000000000e+02 2.469303338262534210e-07
2.310000000000000000e+02 1.708257427079468163e-07
2.320000000000000000e+02 7.407751456424441404e-08
2.330000000000000000e+02 6.418505561802799766e-08
2.340000000000000000e+02 5.700029036026641315e-08
2.350000000000000000e+02 5.318156809362534484e-08
2.360000000000000000e+02 6.596452169575474711e-08
2.370000000000000000e+02 1.379536041330949870e-07
2.380000000000000000e+02 1.105094006887606941e-07
2.390000000000000000e+02 7.368332188507682181e-08
2.400000000000000000e+02 8.263570312460985663e-08
2.410000000000000000e+02 8.530764962896902255e-08
2.420000000000000000e+02 7.007711676218876384e-08
2.430000000000000000e+02 8.096399425849100426e-08
2.440000000000000000e+02 7.962430604303829703e-08
2.450000000000000000e+02 5.651061019449084518e-08
2.460000000000000000e+02 5.242011526058941737e-08
2.470000000000000000e+02 5.175202551950653911e-08
2.480000000000000000e+02 6.634559284073227245e-08
2.490000000000000000e+02 6.030955230811292454e-08
2.500000000000000000e+02 5.449571834174300285e-08
2.510000000000000000e+02 1.210893391376058413e-07
2.520000000000000000e+02 1.061151152909148963e-07
2.530000000000000000e+02 8.532917240659746484e-08
2.540000000000000000e+02 7.359161799688183892e-08
2.550000000000000000e+02 5.581314949647722760e-08
2.560000000000000000e+02 4.791210228795262095e-08
2.570000000000000000e+02 4.147546997738344284e-08
2.580000000000000000e+02 4.375047267365134758e-08
2.590000000000000000e+02 4.771182528715994294e-08
2.600000000000000000e+02 4.803412840015899049e-08
2.610000000000000000e+02 5.643296725488201349e-08
2.620000000000000000e+02 6.619949827076405009e-08
2.630000000000000000e+02 6.344858969981727694e-08
2.640000000000000000e+02 5.384918587012042244e-08
2.650000000000000000e+02 6.683558831683899168e-08
2.660000000000000000e+02 6.457767827007028204e-08
2.670000000000000000e+02 5.512399418076734198e-08
2.680000000000000000e+02 4.683433636312857215e-08
2.690000000000000000e+02 5.286498775448291439e-08
2.700000000000000000e+02 4.929969218554858152e-08
2.710000000000000000e+02 5.647048109665650445e-08
2.720000000000000000e+02 4.749821861262133992e-08
2.730000000000000000e+02 4.060524599846126966e-08
2.740000000000000000e+02 4.016652820633659733e-08
2.750000000000000000e+02 4.177922286676854796e-08
2.760000000000000000e+02 4.550346183197306402e-08
2.770000000000000000e+02 1.314312204567595900e-07
2.780000000000000000e+02 6.366493801453646983e-08
2.790000000000000000e+02 6.099233238592656204e-08
2.800000000000000000e+02 7.008819805084515337e-08
2.810000000000000000e+02 6.345975252811972302e-08
2.820000000000000000e+02 5.031371283675071895e-08
2.830000000000000000e+02 4.160746234410977350e-08
2.840000000000000000e+02 3.665797808569619207e-08
2.850000000000000000e+02 5.556685058963870179e-08
2.860000000000000000e+02 1.167757390020118148e-07
2.870000000000000000e+02 8.883749241175896944e-08
2.880000000000000000e+02 5.133762331461904111e-08
2.890000000000000000e+02 5.818331360692047721e-08
2.900000000000000000e+02 3.837442043680469830e-08
2.910000000000000000e+02 4.984901982671292595e-08
2.920000000000000000e+02 7.297325960009503749e-08
2.930000000000000000e+02 7.615676913458726936e-08
2.940000000000000000e+02 5.301597544186605114e-08
2.950000000000000000e+02 5.512858517831887846e-08
2.960000000000000000e+02 4.777577782896790055e-08
2.970000000000000000e+02 4.536368219082484287e-08
2.980000000000000000e+02 4.761176308762801711e-08
2.990000000000000000e+02 3.724256070977544375e-08
3.000000000000000000e+02 3.162498587638580745e-08
3.010000000000000000e+02 4.098105975125948490e-08
3.020000000000000000e+02 5.771091553510743542e-08
3.030000000000000000e+02 5.959527573243698327e-08
3.040000000000000000e+02 6.879997990591896617e-08
3.050000000000000000e+02 4.237939545630124320e-08
3.060000000000000000e+02 4.537256736395736815e-08
3.070000000000000000e+02 5.576326572037540544e-08
3.080000000000000000e+02 9.201801938843079394e-08
3.090000000000000000e+02 3.875328188809035134e-08
3.100000000000000000e+02 3.386940100164273687e-08
3.110000000000000000e+02 3.376260119940228052e-08
3.120000000000000000e+02 2.855893199701849961e-08
3.130000000000000000e+02 3.234169487350874981e-08
3.140000000000000000e+02 5.017405905944129024e-08
3.150000000000000000e+02 4.203577914902518246e-08
3.160000000000000000e+02 3.608103031599803570e-08
3.170000000000000000e+02 5.029472545065791370e-08
3.180000000000000000e+02 6.042151259208595625e-08
3.190000000000000000e+02 4.589591928668677810e-08
3.200000000000000000e+02 4.712464903264655965e-08
3.210000000000000000e+02 5.951087753864670703e-08
3.220000000000000000e+02 9.263052432222755703e-08
3.230000000000000000e+02 5.212074793080460110e-08
3.240000000000000000e+02 4.115264105252444624e-08
3.250000000000000000e+02 3.016440918280370524e-08
3.260000000000000000e+02 2.824254585733569757e-08
3.270000000000000000e+02 2.763424788736480532e-08
3.280000000000000000e+02 2.391541539935428906e-08
3.290000000000000000e+02 2.658193285187824130e-08
3.300000000000000000e+02 2.214583598279319991e-08
3.310000000000000000e+02 2.839861369306608506e-08
3.320000000000000000e+02 2.991024133821377261e-08
3.330000000000000000e+02 3.640478631078649850e-08
3.340000000000000000e+02 2.212274910651776970e-08
3.350000000000000000e+02 2.234902867260221775e-08
3.360000000000000000e+02 2.326998503134834637e-08
3.370000000000000000e+02 1.983941340777766424e-08
3.380000000000000000e+02 2.773365465502803918e-08
3.390000000000000000e+02 2.824118119664822388e-08
3.400000000000000000e+02 4.790302143256713874e-08
3.410000000000000000e+02 2.928767068944591970e-08
3.420000000000000000e+02 2.698072755797498745e-08
3.430000000000000000e+02 2.340103887652289672e-08
3.440000000000000000e+02 4.421942451050263127e-08
3.450000000000000000e+02 3.948129793568848448e-08
3.460000000000000000e+02 5.548763720994117285e-08
3.470000000000000000e+02 5.955689097343038651e-08
3.480000000000000000e+02 4.191755432198763238e-08
3.490000000000000000e+02 3.027055314660662641e-08
3.500000000000000000e+02 9.139414283998006449e-08
3.510000000000000000e+02 6.564464037041793121e-08
3.520000000000000000e+02 2.798143332851027374e-08
3.530000000000000000e+02 2.193313510142847505e-08
3.540000000000000000e+02 3.046111626028299529e-08
3.550000000000000000e+02 2.599934574733317329e-08
3.560000000000000000e+02 2.066264401724139549e-08
3.570000000000000000e+02 1.782073243157902473e-08
3.580000000000000000e+02 2.045938428065306257e-08
3.590000000000000000e+02 2.150254774455892635e-08
3.600000000000000000e+02 4.749562587580295749e-08
3.610000000000000000e+02 4.041669928734752705e-08
3.620000000000000000e+02 3.465641672779652594e-08
3.630000000000000000e+02 1.765605442491534862e-08
3.640000000000000000e+02 1.584513861101716079e-08
3.650000000000000000e+02 1.854877024750000203e-08
3.660000000000000000e+02 3.435229597635973120e-08
3.670000000000000000e+02 3.859814994449302514e-08
3.680000000000000000e+02 2.380419948726119523e-08
3.690000000000000000e+02 1.568808257806367750e-08
3.700000000000000000e+02 2.144439493300239065e-08
3.710000000000000000e+02 3.330913916461107800e-08
3.720000000000000000e+02 2.363118635509273331e-08
3.730000000000000000e+02 4.517112189400659217e-08
3.740000000000000000e+02 5.223399225942406351e-08
3.750000000000000000e+02 1.792821457300587959e-08
3.760000000000000000e+02 1.746131382678530013e-08
3.770000000000000000e+02 1.843203408281279672e-08
3.780000000000000000e+02 1.580304901306278829e-08
3.790000000000000000e+02 3.277119568654691379e-08
3.800000000000000000e+02 2.019291404178836378e-08
3.810000000000000000e+02 1.375120652366079650e-08
3.820000000000000000e+02 1.681804885990126786e-08
3.830000000000000000e+02 1.375112853591027922e-08
3.840000000000000000e+02 1.739896338535497974e-08
3.850000000000000000e+02 1.963714067970935811e-08
3.860000000000000000e+02 1.806062509879293173e-08
3.870000000000000000e+02 2.057474800294142416e-08
3.880000000000000000e+02 1.425714557601396085e-08
3.890000000000000000e+02 1.189783643771551595e-08
3.900000000000000000e+02 1.499950347633674251e-08
3.910000000000000000e+02 1.662967215330917366e-08
3.920000000000000000e+02 1.402859345293486794e-08
3.930000000000000000e+02 1.206944348212251550e-08
3.940000000000000000e+02 1.808310841233258664e-08
3.950000000000000000e+02 4.151749455088830441e-08
3.960000000000000000e+02 2.119907614263681908e-08
3.970000000000000000e+02 2.786266491338278983e-08
3.980000000000000000e+02 1.841787174636179616e-08
3.990000000000000000e+02 1.617404045386503145e-08
4.000000000000000000e+02 1.715941279514702488e-08
4.010000000000000000e+02 2.797612278384625909e-08
4.020000000000000000e+02 2.137561361546490740e-08
4.030000000000000000e+02 1.983704508395070132e-08
4.040000000000000000e+02 1.272363480910936591e-08
4.050000000000000000e+02 2.415104767246756726e-08
4.060000000000000000e+02 2.653906215015412301e-08
4.070000000000000000e+02 3.550244469664437013e-08
4.080000000000000000e+02 5.198135071799525303e-08
4.090000000000000000e+02 2.372329353341488993e-08
4.100000000000000000e+02 1.723077999558827514e-08
4.110000000000000000e+02 1.440167786331303643e-08
4.120000000000000000e+02 1.499950578421007827e-08
4.130000000000000000e+02 3.414114897925187400e-08
4.140000000000000000e+02 8.353238995398777574e-08
4.150000000000000000e+02 6.811688911649780942e-08
4.160000000000000000e+02 3.492670818501853683e-08
4.170000000000000000e+02 1.680853654468794090e-08
4.180000000000000000e+02 1.418993767960078973e-08
4.190000000000000000e+02 1.238116393984134061e-08
4.200000000000000000e+02 1.361006223501134000e-08
4.210000000000000000e+02 1.337705714351812384e-08
4.220000000000000000e+02 1.142474525667959471e-08
4.230000000000000000e+02 1.098668759002363839e-08
4.240000000000000000e+02 1.071939767020448378e-08
4.250000000000000000e+02 1.164882256906060817e-08
4.260000000000000000e+02 1.063797428129822302e-08
4.270000000000000000e+02 2.507814839259905189e-08
4.280000000000000000e+02 1.644370469453443889e-08
4.290000000000000000e+02 1.286865557100201435e-08
4.300000000000000000e+02 1.217520636899805095e-08
4.310000000000000000e+02 1.585668694530935946e-08
4.320000000000000000e+02 1.922016883906187753e-08
4.330000000000000000e+02 4.018711632537406653e-08
4.340000000000000000e+02 1.448308805009813224e-08
4.350000000000000000e+02 1.091133662451725682e-08
4.360000000000000000e+02 1.138053678457489381e-08
4.370000000000000000e+02 1.190657436734633262e-08
4.380000000000000000e+02 1.697880794813939968e-08
4.390000000000000000e+02 1.246406551400235724e-08
4.400000000000000000e+02 1.013571589287753751e-08
4.410000000000000000e+02 9.586261196234143952e-09
4.420000000000000000e+02 1.214343071734706760e-08
4.430000000000000000e+02 1.114789662550425809e-08
4.440000000000000000e+02 9.308514436072001416e-09
4.450000000000000000e+02 9.241924924631759652e-09
4.460000000000000000e+02 8.868222294802825987e-09
4.470000000000000000e+02 1.213357266062286676e-08
4.480000000000000000e+02 1.198297253389358333e-08
4.490000000000000000e+02 1.032238546205598637e-08
4.500000000000000000e+02 1.004918304833244604e-08
4.510000000000000000e+02 8.557181568540160821e-09
4.520000000000000000e+02 9.390990261105959063e-09
4.530000000000000000e+02 1.691485031085331094e-08
4.540000000000000000e+02 2.916181382640023708e-08
4.550000000000000000e+02 2.240233748482152469e-08
4.560000000000000000e+02 1.050778834200789844e-08
4.570000000000000000e+02 1.748480619946483250e-08
4.580000000000000000e+02 2.507439861076296450e-08
4.590000000000000000e+02 1.110422777683581233e-08
4.600000000000000000e+02 1.109349795089340425e-08
4.610000000000000000e+02 9.227003869346584140e-09
4.620000000000000000e+02 9.534254242225440620e-09
4.630000000000000000e+02 1.235598666171557224e-08
4.640000000000000000e+02 9.593816394938823411e-09
4.650000000000000000e+02 9.375807758784429614e-09
4.660000000000000000e+02 8.384008152730716051e-09
4.670000000000000000e+02 9.412774146341687483e-09
4.680000000000000000e+02 1.200187996450874412e-08
4.690000000000000000e+02 9.230125386482501497e-09
4.700000000000000000e+02 1.796524293339385910e-08
4.710000000000000000e+02 1.400416322770440616e-08
4.720000000000000000e+02 8.332145384680581761e-09
4.730000000000000000e+02 1.051361411399260721e-08
4.740000000000000000e+02 6.499371937671331668e-08
4.750000000000000000e+02 3.428576737636830560e-08
4.760000000000000000e+02 4.565121833617083940e-08
4.770000000000000000e+02 2.860926293623637492e-08
4.780000000000000000e+02 1.059672303044573893e-08
4.790000000000000000e+02 9.462728597121009070e-09
4.800000000000000000e+02 1.149236174648561889e-08
4.810000000000000000e+02 8.952245959134378000e-09
4.820000000000000000e+02 1.002092685698744928e-08
4.830000000000000000e+02 1.124908913979267211e-08
4.840000000000000000e+02 1.480420747372308720e-08
4.850000000000000000e+02 1.836364525017717061e-08
4.860000000000000000e+02 1.244395111192143924e-08
4.870000000000000000e+02 1.064337527294159563e-08
4.880000000000000000e+02 9.172315733480695188e-09
4.890000000000000000e+02 7.844530183891416159e-09
4.900000000000000000e+02 9.957793222314493202e-09
4.910000000000000000e+02 1.317397937500984908e-08
4.920000000000000000e+02 9.944816021678302774e-09
4.930000000000000000e+02 1.064645053817453864e-08
4.940000000000000000e+02 8.765466884285341186e-09
4.950000000000000000e+02 1.149110052286122476e-08
4.960000000000000000e+02 1.097668606940570478e-08
4.970000000000000000e+02 8.513045141830938173e-09
4.980000000000000000e+02 7.771508822357486557e-09
4.990000000000000000e+02 9.051992266624441631e-09
5.000000000000000000e+02 8.177104550552942553e-09
5.010000000000000000e+02 6.954170309575181669e-09
5.020000000000000000e+02 6.915509945802055725e-09
5.030000000000000000e+02 7.277236927535109475e-09
5.040000000000000000e+02 1.222801483777867046e-08
5.050000000000000000e+02 7.192052901936053746e-09
5.060000000000000000e+02 6.703524054031334691e-09
5.070000000000000000e+02 7.004650628415795597e-09
5.080000000000000000e+02 7.444506831666307484e-09
5.090000000000000000e+02 6.652324514320464913e-09
5.100000000000000000e+02 6.994341081326556492e-09
5.110000000000000000e+02 6.682003879303233303e-09
5.120000000000000000e+02 7.966396031324221873e-09
5.130000000000000000e+02 8.705894784024081691e-09
5.140000000000000000e+02 7.579070472088127494e-09
5.150000000000000000e+02 7.850320584225709169e-09
5.160000000000000000e+02 9.810808585873630693e-09
5.170000000000000000e+02 7.155024854551147591e-09
5.180000000000000000e+02 6.345612866357902809e-09
5.190000000000000000e+02 6.712367574425515729e-09
5.200000000000000000e+02 9.270092153413122621e-09
5.210000000000000000e+02 1.631008785800163323e-08
5.220000000000000000e+02 1.101146639768219186e-08
5.230000000000000000e+02 8.277668730927345096e-09
5.240000000000000000e+02 6.794676443212651433e-09
5.250000000000000000e+02 8.499541247028072595e-09
5.260000000000000000e+02 8.368281667087708998e-09
5.270000000000000000e+02 1.055320946505409492e-08
5.280000000000000000e+02 8.656969478792685123e-09
5.290000000000000000e+02 8.870823728180295348e-09
5.300000000000000000e+02 7.140155187314160845e-09
5.310000000000000000e+02 8.180004041247371909e-09
5.320000000000000000e+02 1.055872839152587532e-08
5.330000000000000000e+02 7.305818921952245562e-09
5.340000000000000000e+02 9.899435700894984364e-09
5.350000000000000000e+02 1.092985166124163016e-08
5.360000000000000000e+02 9.670196156002345515e-09
5.370000000000000000e+02 6.439389940999766235e-09
5.380000000000000000e+02 6.721825532720646543e-09
5.390000000000000000e+02 6.535316491203016335e-09
5.400000000000000000e+02 7.572244033940671341e-09
5.410000000000000000e+02 8.759593177289967760e-09
5.420000000000000000e+02 7.682126070666427874e-09
5.430000000000000000e+02 6.280840246874421616e-09
5.440000000000000000e+02 6.778869686720727501e-09
5.450000000000000000e+02 6.905796296738691889e-09
5.460000000000000000e+02 7.470795253849368965e-09
5.470000000000000000e+02 6.492245941737900988e-09
5.480000000000000000e+02 5.505507904176497880e-09
5.490000000000000000e+02 5.658890743352699172e-09
5.500000000000000000e+02 5.359193973187928110e-09
5.510000000000000000e+02 5.572082757507302748e-09
5.520000000000000000e+02 5.589912322874731987e-09
5.530000000000000000e+02 5.287695084479700681e-09
5.540000000000000000e+02 6.163953174877243272e-09
5.550000000000000000e+02 6.087704715814664948e-09
5.560000000000000000e+02 6.340575190197533951e-09
5.570000000000000000e+02 6.015930873270237743e-09
5.580000000000000000e+02 9.051476335918838185e-09
5.590000000000000000e+02 1.165045433454260180e-08
5.600000000000000000e+02 3.158244148948129799e-08
5.610000000000000000e+02 1.834135953587609276e-08
5.620000000000000000e+02 7.306796133271067911e-09
5.630000000000000000e+02 5.953177212996379559e-09
5.640000000000000000e+02 6.625324095140546022e-09
5.650000000000000000e+02 5.434227682022211095e-09
5.660000000000000000e+02 5.281310323329366824e-09
5.670000000000000000e+02 5.518950934825752730e-09
5.680000000000000000e+02 5.532174420970101890e-09
5.690000000000000000e+02 5.143835598172867356e-09
5.700000000000000000e+02 5.250083241013805886e-09
5.710000000000000000e+02 7.844081981727757578e-09
5.720000000000000000e+02 6.286632523882862196e-09
5.730000000000000000e+02 5.608874241444642563e-09
5.740000000000000000e+02 5.487179184565130531e-09
5.750000000000000000e+02 5.475198954883455910e-09
5.760000000000000000e+02 5.829549875009370258e-09
5.770000000000000000e+02 7.197405670070999197e-09
5.780000000000000000e+02 6.163759474846438531e-09
5.790000000000000000e+02 6.614971523515899458e-09
5.800000000000000000e+02 5.741670860584166726e-09
5.810000000000000000e+02 5.358974356329034622e-09
5.820000000000000000e+02 5.672698881378479161e-09
5.830000000000000000e+02 5.022905678330272826e-09
5.840000000000000000e+02 5.377432381988368447e-09
5.850000000000000000e+02 7.871988192895336280e-09
5.860000000000000000e+02 8.870120546203239894e-09
5.870000000000000000e+02 6.362267587933251613e-09
5.880000000000000000e+02 6.636310567603239279e-09
5.890000000000000000e+02 5.370570382184050913e-09
5.900000000000000000e+02 6.091290404795892779e-09
5.910000000000000000e+02 5.629434322987885023e-09
5.920000000000000000e+02 5.069234648313671669e-09
5.930000000000000000e+02 6.413985469665481935e-09
5.940000000000000000e+02 9.394642892094137988e-09
5.950000000000000000e+02 7.129216862690796186e-09
5.960000000000000000e+02 9.974446942897307670e-09
5.970000000000000000e+02 7.536212409672052828e-09
5.980000000000000000e+02 5.769408911012703719e-09
5.990000000000000000e+02 5.855325759903222780e-09
6.000000000000000000e+02 5.304589548264654528e-09
6.010000000000000000e+02 5.009201801589001741e-09
6.020000000000000000e+02 5.127598815937401343e-09
6.030000000000000000e+02 4.913122130978765869e-09
6.040000000000000000e+02 5.552004557751204767e-09
6.050000000000000000e+02 4.774659118840618629e-09
6.060000000000000000e+02 4.983830363517963261e-09
6.070000000000000000e+02 5.722371846290180287e-09
6.080000000000000000e+02 5.116496913965242002e-09
6.090000000000000000e+02 4.414367392351962840e-09
6.100000000000000000e+02 4.363037942871325664e-09
6.110000000000000000e+02 4.458787384532884387e-09
6.120000000000000000e+02 4.279156917822503148e-09
6.130000000000000000e+02 4.706481482470157394e-09
6.140000000000000000e+02 4.392215361376691962e-09
6.150000000000000000e+02 7.367567451917721924e-09
6.160000000000000000e+02 6.256922319589661273e-09
6.170000000000000000e+02 4.716511844175593058e-09
6.180000000000000000e+02 4.719920257910874602e-09
6.190000000000000000e+02 4.405976819975696212e-09
6.200000000000000000e+02 4.711716083476740463e-09
6.210000000000000000e+02 5.640104537733638397e-09
6.220000000000000000e+02 6.828780953448319891e-09
6.230000000000000000e+02 6.921939163263967187e-09
6.240000000000000000e+02 6.240904744598607061e-09
6.250000000000000000e+02 5.846687079990480826e-09
6.260000000000000000e+02 6.481616388272633516e-09
6.270000000000000000e+02 4.980960132234323291e-09
6.280000000000000000e+02 5.560974656779302135e-09
6.290000000000000000e+02 5.340528063801906148e-09
6.300000000000000000e+02 4.466363968148717651e-09
6.310000000000000000e+02 4.232002129459997102e-09
6.320000000000000000e+02 4.192365245248362926e-09
6.330000000000000000e+02 4.335433952574831068e-09
6.340000000000000000e+02 4.156153751423101710e-09
6.350000000000000000e+02 4.355734259701774677e-09
6.360000000000000000e+02 4.540079846035772747e-09
6.370000000000000000e+02 4.223640578873118001e-09
6.380000000000000000e+02 4.034890867847838856e-09
6.390000000000000000e+02 5.486715912091317761e-09
6.400000000000000000e+02 4.604845493043814804e-09
6.410000000000000000e+02 4.444881772878908945e-09
6.420000000000000000e+02 4.715972689988760673e-09
6.430000000000000000e+02 4.288074215765541925e-09
6.440000000000000000e+02 7.201088547004814105e-09
6.450000000000000000e+02 1.097801146963705957e-08
6.460000000000000000e+02 8.439070358893742140e-09
6.470000000000000000e+02 5.118013471267236294e-09
6.480000000000000000e+02 4.740473768056190816e-09
6.490000000000000000e+02 4.177979803419279708e-09
6.500000000000000000e+02 4.001808410496452305e-09
6.510000000000000000e+02 4.125794813443806628e-09
6.520000000000000000e+02 5.011025526393778274e-09
6.530000000000000000e+02 5.290085521594250194e-09
6.540000000000000000e+02 4.837479167174915942e-09
6.550000000000000000e+02 3.996464438839062763e-09
6.560000000000000000e+02 3.927762203580010362e-09
6.570000000000000000e+02 4.013056172978428709e-09
6.580000000000000000e+02 3.961160208409345231e-09
6.590000000000000000e+02 3.892997597064976821e-09
6.600000000000000000e+02 4.041808838781660076e-09
6.610000000000000000e+02 4.297901992203127102e-09
6.620000000000000000e+02 3.897192992811654465e-09
6.630000000000000000e+02 4.073273425431953088e-09
6.640000000000000000e+02 4.521247833642921126e-09
6.650000000000000000e+02 4.192710095141405905e-09
6.660000000000000000e+02 4.187209844088531018e-09
6.670000000000000000e+02 4.053825190701901759e-09
6.680000000000000000e+02 5.096809176678233706e-09
6.690000000000000000e+02 9.515021944848481985e-09
6.700000000000000000e+02 8.586191569477599321e-09
6.710000000000000000e+02 4.755633309143690333e-09
6.720000000000000000e+02 3.865307147756976194e-09
6.730000000000000000e+02 3.750490806626435307e-09
6.740000000000000000e+02 4.155690900291677145e-09
6.750000000000000000e+02 4.333801414110090417e-09
6.760000000000000000e+02 3.743518549843685060e-09
6.770000000000000000e+02 3.659380864114763984e-09
6.780000000000000000e+02 3.725098441267738628e-09
6.790000000000000000e+02 3.729655076372772198e-09
6.800000000000000000e+02 4.008213615365439535e-09
6.810000000000000000e+02 4.042176095815941575e-09
6.820000000000000000e+02 3.834070435969393795e-09
6.830000000000000000e+02 3.765088765254542553e-09
6.840000000000000000e+02 3.682083633854480922e-09
6.850000000000000000e+02 3.754757073309510283e-09
6.860000000000000000e+02 3.966442126269944400e-09
6.870000000000000000e+02 4.324089856634784322e-09
6.880000000000000000e+02 3.902420464394644987e-09
6.890000000000000000e+02 3.718174293470031433e-09
6.900000000000000000e+02 3.771304992402504826e-09
6.910000000000000000e+02 3.654664421284664550e-09
6.920000000000000000e+02 3.777565150446391657e-09
6.930000000000000000e+02 3.843038712704497452e-09
6.940000000000000000e+02 4.027948722697681255e-09
6.950000000000000000e+02 3.718507220690424328e-09
6.960000000000000000e+02 3.578131929934560546e-09
6.970000000000000000e+02 4.048732330747367378e-09
6.980000000000000000e+02 5.590056698998298972e-09
6.990000000000000000e+02 1.097591167851787312e-08
7.000000000000000000e+02 1.147336678483054223e-08
7.010000000000000000e+02 4.277468908320960275e-09
7.020000000000000000e+02 3.562185498275483408e-09
7.030000000000000000e+02 3.496453208227365893e-09
7.040000000000000000e+02 3.376798586549958175e-09
7.050000000000000000e+02 3.449251437133504083e-09
7.060000000000000000e+02 3.524230125086934591e-09
7.070000000000000000e+02 3.465089906119684462e-09
7.080000000000000000e+02 3.559970199284070758e-09
7.090000000000000000e+02 3.856452581380728814e-09
7.100000000000000000e+02 5.117231890194546326e-09
7.110000000000000000e+02 4.209872673423311537e-09
7.120000000000000000e+02 5.314418762392751231e-09
7.130000000000000000e+02 3.900961482858750379e-09
7.140000000000000000e+02 4.275494588385046552e-09
7.150000000000000000e+02 4.378538014563481495e-09
7.160000000000000000e+02 3.746740941877645271e-09
7.170000000000000000e+02 3.510736063091929622e-09
7.180000000000000000e+02 3.557842571391712213e-09
7.190000000000000000e+02 3.684867378233216892e-09
7.200000000000000000e+02 3.495448552977866660e-09
7.210000000000000000e+02 3.275260114986092524e-09
7.220000000000000000e+02 3.317008902724270095e-09
7.230000000000000000e+02 3.295526018957743893e-09
7.240000000000000000e+02 3.406532511672027772e-09
7.250000000000000000e+02 3.356201715247568478e-09
7.260000000000000000e+02 3.379639837184375459e-09
7.270000000000000000e+02 3.446069423415160095e-09
7.280000000000000000e+02 4.042760393823050210e-09
7.290000000000000000e+02 3.803273831937605382e-09
7.300000000000000000e+02 3.518929392233511667e-09
7.310000000000000000e+02 3.805599386643369050e-09
7.320000000000000000e+02 3.873574014026243905e-09
7.330000000000000000e+02 5.280345709507016885e-09
7.340000000000000000e+02 5.394939705452750084e-09
7.350000000000000000e+02 5.262095104902564603e-09
7.360000000000000000e+02 4.064076556853545023e-09
7.370000000000000000e+02 3.604218031318348364e-09
7.380000000000000000e+02 3.946359396817771481e-09
7.390000000000000000e+02 3.941139061189758535e-09
7.400000000000000000e+02 3.758154125626884995e-09
7.410000000000000000e+02 3.826663765923898932e-09
7.420000000000000000e+02 3.633665396623540254e-09
7.430000000000000000e+02 3.319779411990138181e-09
7.440000000000000000e+02 3.221649419346924607e-09
7.450000000000000000e+02 3.302574516878549560e-09
7.460000000000000000e+02 3.348112416394067789e-09
7.470000000000000000e+02 3.128645604920160642e-09
7.480000000000000000e+02 3.760048672645896553e-09
7.490000000000000000e+02 4.008842238395693163e-09
7.500000000000000000e+02 3.282503598126872764e-09
7.510000000000000000e+02 3.343199503435396931e-09
7.520000000000000000e+02 3.188152874962915512e-09
7.530000000000000000e+02 3.153243979754502418e-09
7.540000000000000000e+02 3.148788879720059556e-09
7.550000000000000000e+02 3.219991821749143720e-09
7.560000000000000000e+02 3.195066342300307849e-09
7.570000000000000000e+02 3.165796481324246679e-09
7.580000000000000000e+02 3.486288263093040965e-09
7.590000000000000000e+02 3.350295007958275266e-09
7.600000000000000000e+02 3.412896360471542569e-09
7.610000000000000000e+02 3.420751976252925520e-09
7.620000000000000000e+02 3.392233684826459323e-09
7.630000000000000000e+02 3.407503401884067956e-09
7.640000000000000000e+02 3.202691469000159459e-09
7.650000000000000000e+02 3.120147396701813993e-09
7.660000000000000000e+02 3.047534723653651861e-09
7.670000000000000000e+02 3.038509186840885980e-09
7.680000000000000000e+02 3.165521320383631614e-09
7.690000000000000000e+02 3.118367095618155216e-09
7.700000000000000000e+02 3.102428846651607677e-09
7.710000000000000000e+02 3.107243600984330892e-09
7.720000000000000000e+02 3.325214059664689341e-09
7.730000000000000000e+02 3.216737047575331058e-09
7.740000000000000000e+02 3.395223164401850936e-09
7.750000000000000000e+02 3.989843137973585627e-09
7.760000000000000000e+02 4.061616001513402460e-09
7.770000000000000000e+02 3.487892027756941554e-09
7.780000000000000000e+02 3.090989201379797281e-09
7.790000000000000000e+02 3.177635303565923871e-09
7.800000000000000000e+02 3.201762991409294283e-09
7.810000000000000000e+02 3.837345141917993665e-09
7.820000000000000000e+02 3.599433487921423213e-09
7.830000000000000000e+02 3.273267838070489658e-09
7.840000000000000000e+02 3.656914881444686826e-09
7.850000000000000000e+02 3.092421957283083508e-09
7.860000000000000000e+02 3.126632893171120788e-09
7.870000000000000000e+02 3.214695750947866640e-09
7.880000000000000000e+02 3.808590508986432822e-09
7.890000000000000000e+02 3.111960964125345561e-09
7.900000000000000000e+02 3.006770923713413857e-09
7.910000000000000000e+02 3.093320244359055774e-09
7.920000000000000000e+02 3.098793885729462092e-09
7.930000000000000000e+02 3.096610620753286906e-09
7.940000000000000000e+02 3.054112448657658197e-09
7.950000000000000000e+02 2.971906398369981064e-09
7.960000000000000000e+02 3.323582440394602299e-09
7.970000000000000000e+02 3.378760903154762529e-09
7.980000000000000000e+02 3.460806586743270890e-09
7.990000000000000000e+02 3.180081160300636975e-09
8.000000000000000000e+02 3.213990389805221985e-09
8.010000000000000000e+02 3.112521611158070494e-09
8.020000000000000000e+02 3.064755606946111795e-09
8.030000000000000000e+02 3.005085845871026158e-09
8.040000000000000000e+02 3.257696090701146602e-09
8.050000000000000000e+02 3.451651826819149179e-09
8.060000000000000000e+02 3.085967295466232795e-09
8.070000000000000000e+02 2.921372598894286805e-09
8.080000000000000000e+02 2.931871289738968979e-09
8.090000000000000000e+02 3.285670484029366703e-09
8.100000000000000000e+02 3.113714413435459335e-09
8.110000000000000000e+02 3.006983187037841654e-09
8.120000000000000000e+02 3.004150201975907292e-09
8.130000000000000000e+02 2.898680304566127408e-09
8.140000000000000000e+02 2.937274736423842771e-09
8.150000000000000000e+02 2.891112965600503999e-09
8.160000000000000000e+02 2.894834497547508961e-09
8.170000000000000000e+02 3.041070832296901374e-09
8.180000000000000000e+02 3.103972646704840005e-09
8.190000000000000000e+02 2.962761535221344564e-09
8.200000000000000000e+02 3.286241070800381643e-09
8.210000000000000000e+02 3.175872665749435040e-09
8.220000000000000000e+02 3.010127276610011715e-09
8.230000000000000000e+02 2.925408034202820160e-09
8.240000000000000000e+02 3.234016910312268180e-09
8.250000000000000000e+02 2.868811137446824170e-09
8.260000000000000000e+02 3.044311394099572457e-09
8.270000000000000000e+02 2.888054129750531595e-09
8.280000000000000000e+02 3.046859520119261137e-09
8.290000000000000000e+02 3.345759256112441627e-09
8.300000000000000000e+02 3.231076584881858301e-09
8.310000000000000000e+02 3.526026995890684123e-09
8.320000000000000000e+02 3.446521015684488109e-09
8.330000000000000000e+02 3.297075875225438440e-09
8.340000000000000000e+02 3.679456256274745703e-09
8.350000000000000000e+02 3.226150564091530285e-09
8.360000000000000000e+02 2.843793541504008545e-09
8.370000000000000000e+02 2.768992394586009739e-09
8.380000000000000000e+02 2.808118092245300697e-09
8.390000000000000000e+02 2.732608339209616708e-09
8.400000000000000000e+02 2.726237888758064200e-09
8.410000000000000000e+02 2.841682225074868468e-09
8.420000000000000000e+02 2.921106589727399285e-09
8.430000000000000000e+02 2.791958244967833720e-09
8.440000000000000000e+02 2.784483409010019878e-09
8.450000000000000000e+02 3.000268184725288874e-09
8.460000000000000000e+02 3.171116531092726843e-09
8.470000000000000000e+02 2.714052381955091013e-09
8.480000000000000000e+02 2.738026796426809832e-09
8.490000000000000000e+02 2.776964685319084071e-09
8.500000000000000000e+02 2.706594753614870806e-09
8.510000000000000000e+02 2.828055526192839600e-09
8.520000000000000000e+02 2.725160699804711283e-09
8.530000000000000000e+02 2.725161253367241045e-09
8.540000000000000000e+02 2.760621528639279949e-09
8.550000000000000000e+02 2.813333706130263420e-09
8.560000000000000000e+02 2.801080854772798500e-09
8.570000000000000000e+02 2.718893025028735468e-09
8.580000000000000000e+02 2.695655093965079121e-09
8.590000000000000000e+02 2.904559020398738201e-09
8.600000000000000000e+02 2.846634096395213257e-09
8.610000000000000000e+02 3.091318487296318939e-09
8.620000000000000000e+02 2.658790892950167067e-09
8.630000000000000000e+02 2.675801782651906997e-09
8.640000000000000000e+02 2.746315030720797402e-09
8.650000000000000000e+02 2.646722933247399167e-09
8.660000000000000000e+02 2.687357809489775226e-09
8.670000000000000000e+02 2.796111591000848449e-09
8.680000000000000000e+02 3.302422843535504864e-09
8.690000000000000000e+02 2.913485073640627634e-09
8.700000000000000000e+02 2.816616201629517029e-09
8.710000000000000000e+02 2.669515124188820573e-09
8.720000000000000000e+02 2.623394399679208742e-09
8.730000000000000000e+02 2.635918098911955932e-09
8.740000000000000000e+02 2.629338624394878832e-09
8.750000000000000000e+02 2.669062637021313161e-09
8.760000000000000000e+02 2.662290331466685873e-09
8.770000000000000000e+02 2.655041894791124724e-09
8.780000000000000000e+02 2.725916410332537324e-09
8.790000000000000000e+02 2.680050407553237416e-09
8.800000000000000000e+02 2.628384705533381513e-09
8.810000000000000000e+02 2.620243468433114770e-09
8.820000000000000000e+02 2.607304646735747726e-09
8.830000000000000000e+02 2.597813122935794263e-09
8.840000000000000000e+02 2.617380005931467650e-09
8.850000000000000000e+02 2.713149197993427376e-09
8.860000000000000000e+02 2.602677013706313915e-09
8.870000000000000000e+02 2.618662697899868832e-09
8.880000000000000000e+02 2.592266905914500641e-09
8.890000000000000000e+02 2.575688655257314930e-09
8.900000000000000000e+02 2.677809717043581914e-09
8.910000000000000000e+02 2.614211385232798071e-09
8.920000000000000000e+02 2.585919321159999596e-09
8.930000000000000000e+02 2.616050714598149308e-09
8.940000000000000000e+02 2.580142241151828112e-09
8.950000000000000000e+02 2.632245692850635943e-09
8.960000000000000000e+02 2.649850047001868071e-09
8.970000000000000000e+02 2.547910957721240538e-09
8.980000000000000000e+02 2.612779247190595941e-09
8.990000000000000000e+02 2.751955398633817601e-09
9.000000000000000000e+02 2.610905396587724272e-09
9.010000000000000000e+02 2.584121629767448085e-09
9.020000000000000000e+02 2.779261205694868180e-09
9.030000000000000000e+02 2.624429282345968075e-09
9.040000000000000000e+02 2.728079204277480925e-09
9.050000000000000000e+02 2.546981989539148110e-09
9.060000000000000000e+02 2.775832523668802831e-09
9.070000000000000000e+02 2.598860261982742187e-09
9.080000000000000000e+02 2.726949419384701576e-09
9.090000000000000000e+02 2.557671958282210114e-09
9.100000000000000000e+02 2.514034222001811032e-09
9.110000000000000000e+02 2.558250759184878859e-09
9.120000000000000000e+02 2.538626283355524664e-09
9.130000000000000000e+02 2.502820926426085155e-09
9.140000000000000000e+02 2.478756407239009423e-09
9.150000000000000000e+02 2.543719901371725966e-09
9.160000000000000000e+02 2.512889160032006901e-09
9.170000000000000000e+02 2.698782637976953038e-09
9.180000000000000000e+02 2.669658739987910583e-09
9.190000000000000000e+02 2.608162184011803647e-09
9.200000000000000000e+02 2.580481037643564522e-09
9.210000000000000000e+02 2.536462380370606694e-09
9.220000000000000000e+02 2.519749937584075765e-09
9.230000000000000000e+02 2.498966791064139398e-09
9.240000000000000000e+02 2.500382456750556830e-09
9.250000000000000000e+02 2.646219559381657359e-09
9.260000000000000000e+02 2.744104699058384238e-09
9.270000000000000000e+02 2.718437446472150361e-09
9.280000000000000000e+02 2.546765898252908335e-09
9.290000000000000000e+02 2.596743833689366329e-09
9.300000000000000000e+02 2.587707253598756688e-09
9.310000000000000000e+02 2.469435011681910068e-09
9.320000000000000000e+02 2.463309947831714594e-09
9.330000000000000000e+02 2.512103452999691810e-09
9.340000000000000000e+02 2.567609617429148248e-09
9.350000000000000000e+02 2.665478552381097022e-09
9.360000000000000000e+02 2.467130596557033296e-09
9.370000000000000000e+02 2.404288955694683830e-09
9.380000000000000000e+02 2.448446971419018108e-09
9.390000000000000000e+02 2.526160175800437807e-09
9.400000000000000000e+02 2.468653228070923683e-09
9.410000000000000000e+02 2.545834707961525234e-09
9.420000000000000000e+02 2.501531956956676163e-09
9.430000000000000000e+02 2.421407782396403293e-09
9.440000000000000000e+02 2.471586615963348251e-09
9.450000000000000000e+02 2.476205431663485631e-09
9.460000000000000000e+02 2.789305620509252180e-09
9.470000000000000000e+02 2.454918351742263980e-09
9.480000000000000000e+02 2.394802210016349394e-09
9.490000000000000000e+02 2.407020891738027919e-09
9.500000000000000000e+02 2.413253030286031373e-09
9.510000000000000000e+02 2.445437268787566865e-09
9.520000000000000000e+02 2.503128588287495365e-09
9.530000000000000000e+02 2.507898037731952186e-09
9.540000000000000000e+02 2.721614801637687284e-09
9.550000000000000000e+02 2.428225307476477085e-09
9.560000000000000000e+02 2.379392296238365041e-09
9.570000000000000000e+02 2.431493057461226601e-09
9.580000000000000000e+02 2.385214927095522077e-09
9.590000000000000000e+02 2.394463004504322841e-09
9.600000000000000000e+02 2.388348408640769454e-09
9.610000000000000000e+02 2.472994519742090494e-09
9.620000000000000000e+02 3.239039043855845638e-09
9.630000000000000000e+02 2.578099283875811957e-09
9.640000000000000000e+02 2.417901548658730538e-09
9.650000000000000000e+02 2.652232930339166462e-09
9.660000000000000000e+02 2.560969483809717062e-09
9.670000000000000000e+02 2.399504229088960086e-09
9.680000000000000000e+02 2.386031312561908766e-09
9.690000000000000000e+02 2.424956432496476055e-09
9.700000000000000000e+02 2.419206903392417213e-09
9.710000000000000000e+02 2.390354784371498903e-09
9.720000000000000000e+02 2.380680491719154287e-09
9.730000000000000000e+02 2.358854110113889002e-09
9.740000000000000000e+02 2.343316714930420128e-09
9.750000000000000000e+02 2.394566037320937434e-09
9.760000000000000000e+02 2.358389297735605010e-09
9.770000000000000000e+02 2.347618933183758409e-09
9.780000000000000000e+02 2.367958992302970509e-09
9.790000000000000000e+02 2.434606850707899060e-09
9.800000000000000000e+02 2.458653377314161245e-09
9.810000000000000000e+02 2.365195146826994071e-09
9.820000000000000000e+02 2.399117108770709141e-09
9.830000000000000000e+02 2.377790593228763303e-09
9.840000000000000000e+02 2.397176767879977110e-09
9.850000000000000000e+02 2.638702825016396445e-09
9.860000000000000000e+02 2.470857078993881719e-09
9.870000000000000000e+02 2.313665245039497200e-09
9.880000000000000000e+02 2.460578639562011523e-09
9.890000000000000000e+02 2.440978604342109625e-09
9.900000000000000000e+02 2.329581989281338564e-09
9.910000000000000000e+02 2.511424525843326137e-09
9.920000000000000000e+02 2.397892223791197714e-09
9.930000000000000000e+02 2.384437696831353327e-09
9.940000000000000000e+02 2.361639333685622166e-09
9.950000000000000000e+02 2.339357254746137390e-09
9.960000000000000000e+02 2.405602779594507816e-09
9.970000000000000000e+02 2.510741576536793675e-09
9.980000000000000000e+02 2.364624065866232494e-09
9.990000000000000000e+02 2.332890832443252445e-09
1.000000000000000000e+03 2.375119437710589834e-09
1.001000000000000000e+03 2.289377179824048405e-09
1.002000000000000000e+03 2.277402614799745550e-09
1.003000000000000000e+03 2.307273209889879580e-09
1.004000000000000000e+03 2.299629542919282785e-09
1.005000000000000000e+03 2.423059793647256250e-09
1.006000000000000000e+03 2.310904975568772994e-09
1.007000000000000000e+03 2.274137810466564743e-09
1.008000000000000000e+03 2.305781001058795921e-09
1.009000000000000000e+03 2.295193849582714056e-09
1.010000000000000000e+03 2.319275705293383669e-09
1.011000000000000000e+03 2.241708389155923158e-09
1.012000000000000000e+03 2.278424370776740694e-09
1.013000000000000000e+03 2.274205875922459904e-09
1.014000000000000000e+03 2.288385022362487737e-09
1.015000000000000000e+03 2.290435748175056030e-09
1.016000000000000000e+03 2.278337304690951367e-09
1.017000000000000000e+03 2.343903424553759632e-09
1.018000000000000000e+03 2.282301433583477344e-09
1.019000000000000000e+03 2.440566793693994591e-09
1.020000000000000000e+03 2.375962130629579478e-09
1.021000000000000000e+03 2.297872585268583357e-09
1.022000000000000000e+03 2.227556848804834379e-09
1.023000000000000000e+03 2.271271685430231645e-09
1.024000000000000000e+03 2.262047848092729748e-09
1.025000000000000000e+03 2.296340395719041383e-09
1.026000000000000000e+03 2.230494164095692304e-09
1.027000000000000000e+03 2.245922373596514763e-09
1.028000000000000000e+03 2.342111062241637599e-09
1.029000000000000000e+03 2.331562900247183338e-09
1.030000000000000000e+03 2.262565786573062311e-09
1.031000000000000000e+03 2.291079902825004063e-09
1.032000000000000000e+03 2.296373227734883887e-09
1.033000000000000000e+03 2.316012857889254765e-09
1.034000000000000000e+03 2.276120085971843397e-09
1.035000000000000000e+03 2.391073953663722016e-09
1.036000000000000000e+03 2.234021527533999745e-09
1.037000000000000000e+03 2.302420147259139152e-09
1.038000000000000000e+03 2.213969130140662486e-09
1.039000000000000000e+03 2.201753360948130390e-09
1.040000000000000000e+03 2.213987750993487166e-09
1.041000000000000000e+03 2.197830742423382393e-09
1.042000000000000000e+03 2.374720765657811495e-09
1.043000000000000000e+03 2.352958598449833834e-09
1.044000000000000000e+03 2.339873886219934181e-09
1.045000000000000000e+03 2.212815176243697410e-09
1.046000000000000000e+03 2.171482717644803125e-09
1.047000000000000000e+03 2.186008445837193616e-09
1.048000000000000000e+03 2.237376442957051828e-09
1.049000000000000000e+03 2.191471589189352176e-09
1.050000000000000000e+03 2.260929408792580617e-09
1.051000000000000000e+03 2.215004632102599284e-09
1.052000000000000000e+03 2.229506008956088034e-09
1.053000000000000000e+03 2.218449972154496127e-09
1.054000000000000000e+03 2.270464332452540979e-09
1.055000000000000000e+03 2.297336913871350785e-09
1.056000000000000000e+03 2.575084518824629328e-09
1.057000000000000000e+03 2.385962443693289896e-09
1.058000000000000000e+03 2.325359360230149320e-09
1.059000000000000000e+03 2.186679087718329421e-09
1.060000000000000000e+03 2.238649885519168872e-09
1.061000000000000000e+03 2.368106737923142173e-09
1.062000000000000000e+03 2.186107169521516568e-09
1.063000000000000000e+03 2.146610344552506538e-09
1.064000000000000000e+03 2.145807940352201078e-09
1.065000000000000000e+03 2.189090508713426367e-09
1.066000000000000000e+03 2.174112463686704958e-09
1.067000000000000000e+03 2.184046427811375370e-09
1.068000000000000000e+03 2.158626644835169648e-09
1.069000000000000000e+03 2.203995023097549427e-09
1.070000000000000000e+03 2.151789944826292623e-09
1.071000000000000000e+03 2.145155315817037702e-09
1.072000000000000000e+03 2.187095226222901495e-09
1.073000000000000000e+03 2.128166510861645576e-09
1.074000000000000000e+03 2.184757849291243060e-09
1.075000000000000000e+03 2.160897379108422307e-09
1.076000000000000000e+03 2.203775521297354532e-09
1.077000000000000000e+03 2.174388754022182675e-09
1.078000000000000000e+03 2.188669789198268991e-09
1.079000000000000000e+03 2.155094105616993021e-09
1.080000000000000000e+03 2.154593910381339720e-09
1.081000000000000000e+03 2.149285039466504032e-09
1.082000000000000000e+03 2.133891870783323307e-09
1.083000000000000000e+03 2.414237989268118524e-09
1.084000000000000000e+03 2.369831727101919296e-09
1.085000000000000000e+03 2.290788688795300217e-09
1.086000000000000000e+03 2.132517531492460010e-09
1.087000000000000000e+03 2.202272799430952832e-09
1.088000000000000000e+03 2.149845731508015789e-09
1.089000000000000000e+03 2.145158553099837442e-09
1.090000000000000000e+03 2.146683978449169343e-09
1.091000000000000000e+03 2.132832703929543418e-09
1.092000000000000000e+03 2.155046675674214333e-09
1.093000000000000000e+03 2.191383716132970715e-09
1.094000000000000000e+03 2.102360103203679402e-09
1.095000000000000000e+03 2.133377048244377619e-09
1.096000000000000000e+03 2.104028883084296146e-09
1.097000000000000000e+03 2.164679520620607088e-09
1.098000000000000000e+03 2.130195190800552245e-09
1.099000000000000000e+03 2.125747467558277940e-09
1.100000000000000000e+03 2.099745346644019976e-09
1.101000000000000000e+03 2.097383681115386368e-09
1.102000000000000000e+03 2.137241866705676087e-09
1.103000000000000000e+03 2.145114028850284928e-09
1.104000000000000000e+03 2.273691767565229083e-09
1.105000000000000000e+03 2.273299306599427027e-09
1.106000000000000000e+03 2.099796555314873936e-09
1.107000000000000000e+03 2.080403503746699955e-09
1.108000000000000000e+03 2.086860364536722031e-09
1.109000000000000000e+03 2.083390074099784511e-09
1.110000000000000000e+03 2.063794435779580889e-09
1.111000000000000000e+03 2.080118732286991829e-09
1.112000000000000000e+03 2.047304167366156343e-09
1.113000000000000000e+03 2.136212908901256350e-09
1.114000000000000000e+03 2.120870814866681180e-09
1.115000000000000000e+03 2.058758715736639280e-09
1.116000000000000000e+03 2.052703376281272158e-09
1.117000000000000000e+03 2.071326493405467012e-09
1.118000000000000000e+03 2.209509255656847833e-09
1.119000000000000000e+03 2.192934843944673223e-09
1.120000000000000000e+03 2.392036543814125913e-09
1.121000000000000000e+03 2.175036271511893528e-09
1.122000000000000000e+03 2.209372414319354740e-09
1.123000000000000000e+03 2.155308516665496913e-09
1.124000000000000000e+03 2.184453110913446284e-09
1.125000000000000000e+03 2.153625750003467982e-09
1.126000000000000000e+03 2.122740759714013188e-09
1.127000000000000000e+03 2.121343329541639560e-09
1.128000000000000000e+03 2.060288448034398471e-09
1.129000000000000000e+03 2.048569099021144047e-09
1.130000000000000000e+03 2.054496107220142639e-09
1.131000000000000000e+03 2.043303891721092703e-09
1.132000000000000000e+03 2.034776883665475146e-09
1.133000000000000000e+03 2.085020508341231039e-09
1.134000000000000000e+03 2.055536136762200312e-09
1.135000000000000000e+03 2.073964439774619826e-09
1.136000000000000000e+03 2.071148663235870642e-09
1.137000000000000000e+03 2.101182719555951761e-09
1.138000000000000000e+03 2.088062721892135991e-09
1.139000000000000000e+03 2.075830333053710813e-09
1.140000000000000000e+03 2.043673101655926655e-09
1.141000000000000000e+03 2.031925436373090933e-09
1.142000000000000000e+03 2.042713240670604246e-09
1.143000000000000000e+03 2.083898770496967539e-09
1.144000000000000000e+03 2.062065466165230362e-09
1.145000000000000000e+03 2.032632856267309190e-09
1.146000000000000000e+03 2.028813675853397771e-09
1.147000000000000000e+03 2.028584695860099471e-09
1.148000000000000000e+03 2.027915890467491314e-09
1.149000000000000000e+03 2.079998425578998892e-09
1.150000000000000000e+03 2.119450895592313547e-09
1.151000000000000000e+03 2.111529086809070061e-09
1.152000000000000000e+03 2.154928004382617854e-09
1.153000000000000000e+03 2.113186879616517390e-09
1.154000000000000000e+03 2.173700167281589393e-09
1.155000000000000000e+03 2.023676439822375421e-09
1.156000000000000000e+03 1.999339950447475170e-09
1.157000000000000000e+03 2.028822457084593482e-09
1.158000000000000000e+03 2.214420115204934085e-09
1.159000000000000000e+03 2.023775154418158925e-09
1.160000000000000000e+03 1.974129882803011488e-09
1.161000000000000000e+03 1.985497032632814584e-09
1.162000000000000000e+03 1.997754088248615735e-09
1.163000000000000000e+03 2.050181418459646767e-09
1.164000000000000000e+03 2.016881014597210854e-09
1.165000000000000000e+03 2.073297320579898607e-09
1.166000000000000000e+03 2.006317056458637437e-09
1.167000000000000000e+03 1.983313396502146112e-09
1.168000000000000000e+03 2.063459720275373203e-09
1.169000000000000000e+03 2.047193802926979643e-09
1.170000000000000000e+03 2.014841780816075415e-09
1.171000000000000000e+03 2.011881891577357563e-09
1.172000000000000000e+03 2.000093981796201415e-09
1.173000000000000000e+03 2.007255297324435614e-09
1.174000000000000000e+03 2.011809064763055122e-09
1.175000000000000000e+03 2.045213717933078970e-09
1.176000000000000000e+03 2.007215799516829667e-09
1.177000000000000000e+03 2.001391867974884130e-09
1.178000000000000000e+03 2.059789429276884625e-09
1.179000000000000000e+03 2.019642026691304446e-09
1.180000000000000000e+03 2.093546527054122107e-09
1.181000000000000000e+03 1.975487650141544504e-09
1.182000000000000000e+03 1.972375506798989930e-09
1.183000000000000000e+03 1.984588580103257319e-09
1.184000000000000000e+03 1.958901548098985103e-09
1.185000000000000000e+03 1.971665150620790138e-09
1.186000000000000000e+03 1.996575191648425814e-09
1.187000000000000000e+03 1.968811540711566594e-09
1.188000000000000000e+03 2.030244392649339690e-09
1.189000000000000000e+03 2.045375407852504556e-09
1.190000000000000000e+03 1.976474676417133416e-09
1.191000000000000000e+03 1.953167180029085364e-09
1.192000000000000000e+03 1.961973478688183563e-09
1.193000000000000000e+03 1.971097498881840384e-09
1.194000000000000000e+03 1.995004917203805103e-09
1.195000000000000000e+03 1.986985849805454049e-09
1.196000000000000000e+03 2.121147098259763951e-09
1.197000000000000000e+03 1.945650873472356710e-09
1.198000000000000000e+03 1.951185077737985862e-09
1.199000000000000000e+03 2.016480611591493511e-09
1.200000000000000000e+03 1.998130806981155236e-09
1.201000000000000000e+03 1.976497743932708846e-09
1.202000000000000000e+03 1.943486312227203009e-09
1.203000000000000000e+03 1.937818397286140497e-09
1.204000000000000000e+03 1.913703548628776095e-09
1.205000000000000000e+03 1.943443092254187497e-09
1.206000000000000000e+03 1.918538821501609908e-09
1.207000000000000000e+03 1.954146785494541476e-09
1.208000000000000000e+03 1.965286631922932320e-09
1.209000000000000000e+03 1.915584577466736470e-09
1.210000000000000000e+03 1.936681536647666738e-09
1.211000000000000000e+03 1.948189992541357157e-09
1.212000000000000000e+03 2.039691566867584251e-09
1.213000000000000000e+03 1.992212094624056354e-09
1.214000000000000000e+03 1.964507586294965898e-09
1.215000000000000000e+03 2.123238482607425960e-09
1.216000000000000000e+03 1.949761842277035104e-09
1.217000000000000000e+03 1.965489170395090233e-09
1.218000000000000000e+03 1.924685671317179912e-09
1.219000000000000000e+03 1.942750371465821876e-09
1.220000000000000000e+03 1.913637140743650776e-09
1.221000000000000000e+03 1.915339547595369815e-09
1.222000000000000000e+03 2.001546412887754017e-09
1.223000000000000000e+03 1.981446446033113638e-09
1.224000000000000000e+03 1.936535358640528688e-09
1.225000000000000000e+03 1.952465983657360323e-09
1.226000000000000000e+03 1.906687366622733051e-09
1.227000000000000000e+03 2.038082324795027099e-09
1.228000000000000000e+03 1.947732801846641754e-09
1.229000000000000000e+03 1.894895726750978840e-09
1.230000000000000000e+03 1.905592095213944639e-09
1.231000000000000000e+03 1.897983682017822266e-09
1.232000000000000000e+03 1.895594473233152392e-09
1.233000000000000000e+03 1.956892076008670337e-09
1.234000000000000000e+03 1.952166576291361322e-09
1.235000000000000000e+03 2.081087496195683790e-09
1.236000000000000000e+03 1.946800641183536530e-09
1.237000000000000000e+03 1.904421301204909255e-09
1.238000000000000000e+03 1.886318862228020952e-09
1.239000000000000000e+03 1.917410278295073954e-09
1.240000000000000000e+03 1.940555514512860665e-09
1.241000000000000000e+03 1.908831053139462931e-09
1.242000000000000000e+03 1.881061553779115449e-09
1.243000000000000000e+03 1.874064907468417657e-09
1.244000000000000000e+03 1.902720933360649569e-09
1.245000000000000000e+03 1.915314294461943703e-09
1.246000000000000000e+03 1.936440386807207600e-09
1.247000000000000000e+03 1.896883591103823554e-09
1.248000000000000000e+03 1.863062563156701755e-09
1.249000000000000000e+03 1.988987994459595085e-09
1.250000000000000000e+03 1.893433871268470528e-09
1.251000000000000000e+03 1.891680972107777181e-09
1.252000000000000000e+03 1.990418557227083000e-09
1.253000000000000000e+03 1.973681852042855205e-09
1.254000000000000000e+03 1.890015829861167958e-09
1.255000000000000000e+03 1.890853174233424966e-09
1.256000000000000000e+03 1.908785134158481785e-09
1.257000000000000000e+03 1.900459268628877954e-09
1.258000000000000000e+03 1.868529121790600940e-09
1.259000000000000000e+03 1.873020274581610697e-09
1.260000000000000000e+03 1.900007868205689908e-09
1.261000000000000000e+03 1.931725979897267671e-09
1.262000000000000000e+03 1.877406564653663545e-09
1.263000000000000000e+03 1.863321895879803359e-09
1.264000000000000000e+03 1.883602621294488107e-09
1.265000000000000000e+03 1.900397097622645778e-09
1.266000000000000000e+03 1.874907244343858957e-09
1.267000000000000000e+03 1.868391733213063200e-09
1.268000000000000000e+03 1.904740995114096090e-09
1.269000000000000000e+03 1.891432871358646759e-09
1.270000000000000000e+03 1.869833337087487482e-09
1.271000000000000000e+03 1.885641830686314855e-09
1.272000000000000000e+03 1.917932338446730063e-09
1.273000000000000000e+03 1.909715113757574877e-09
1.274000000000000000e+03 1.949137927245650930e-09
1.275000000000000000e+03 1.874455300743885912e-09
1.276000000000000000e+03 1.880606367895604900e-09
1.277000000000000000e+03 1.841153317497921645e-09
1.278000000000000000e+03 1.834471013083478818e-09
1.279000000000000000e+03 1.842368394049717028e-09
1.280000000000000000e+03 1.909467291538968856e-09
1.281000000000000000e+03 1.896132645280333828e-09
1.282000000000000000e+03 1.857280285379476498e-09
1.283000000000000000e+03 1.860408751327699334e-09
1.284000000000000000e+03 1.883518910132803878e-09
1.285000000000000000e+03 1.887310374476966549e-09
1.286000000000000000e+03 1.920397554327406698e-09
1.287000000000000000e+03 1.834102351088753764e-09
1.288000000000000000e+03 1.873998988430081704e-09
1.289000000000000000e+03 1.880020310031062517e-09
1.290000000000000000e+03 1.872690038373282991e-09
1.291000000000000000e+03 1.842958361937945775e-09
1.292000000000000000e+03 1.829205873956398811e-09
1.293000000000000000e+03 1.854562484299728395e-09
1.294000000000000000e+03 1.836043614403441348e-09
1.295000000000000000e+03 1.836277659407817791e-09
1.296000000000000000e+03 1.837254549753005360e-09
1.297000000000000000e+03 1.858398547993149060e-09
1.298000000000000000e+03 1.894200163867008383e-09
1.299000000000000000e+03 1.888372718450390739e-09
1.300000000000000000e+03 1.920064496753762642e-09
1.301000000000000000e+03 1.890076646859148808e-09
1.302000000000000000e+03 1.809985182111997148e-09
1.303000000000000000e+03 1.870012448715661264e-09
1.304000000000000000e+03 1.887296545798975927e-09
1.305000000000000000e+03 1.810491841354491449e-09
1.306000000000000000e+03 1.816199863838987814e-09
1.307000000000000000e+03 1.815054666532619731e-09
1.308000000000000000e+03 1.813300815395804212e-09
1.309000000000000000e+03 1.819684493428443000e-09
1.310000000000000000e+03 1.811229880949068202e-09
1.311000000000000000e+03 1.797623289855668994e-09
1.312000000000000000e+03 1.816938469580855323e-09
1.313000000000000000e+03 1.937461110133941044e-09
1.314000000000000000e+03 1.815995970548306153e-09
1.315000000000000000e+03 1.802345283897805069e-09
1.316000000000000000e+03 1.793210518509138565e-09
1.317000000000000000e+03 1.795518412421511654e-09
1.318000000000000000e+03 1.806817025315803345e-09
1.319000000000000000e+03 1.835164547933123702e-09
1.320000000000000000e+03 1.845700280012452741e-09
1.321000000000000000e+03 1.815072549685598994e-09
1.322000000000000000e+03 1.800252602299760693e-09
1.323000000000000000e+03 1.834222797644607924e-09
1.324000000000000000e+03 1.850321159226340531e-09
1.325000000000000000e+03 1.806765242298255415e-09
1.326000000000000000e+03 1.840704872003247648e-09
1.327000000000000000e+03 1.835626428938402831e-09
1.328000000000000000e+03 1.830080846616694824e-09
1.329000000000000000e+03 1.808240830246514638e-09
1.330000000000000000e+03 1.830480522495788484e-09
1.331000000000000000e+03 1.813818350267243589e-09
1.332000000000000000e+03 1.835770539477086285e-09
1.333000000000000000e+03 1.810666535834858591e-09
1.334000000000000000e+03 1.810286365363555185e-09
1.335000000000000000e+03 1.789551845100061492e-09
1.336000000000000000e+03 1.819970050006791864e-09
1.337000000000000000e+03 1.781055187758203773e-09
1.338000000000000000e+03 1.782473017519180249e-09
1.339000000000000000e+03 1.766845877083355788e-09
1.340000000000000000e+03 1.810447415014769984e-09
1.341000000000000000e+03 1.875980275647392962e-09
1.342000000000000000e+03 1.798191341403649342e-09
1.343000000000000000e+03 1.776325673725408637e-09
1.344000000000000000e+03 1.809398812707267691e-09
1.345000000000000000e+03 1.852631792600950274e-09
1.346000000000000000e+03 2.025822477458116396e-09
1.347000000000000000e+03 1.861622659178477188e-09
1.348000000000000000e+03 1.794959758855515737e-09
1.349000000000000000e+03 1.780652802221478229e-09
1.350000000000000000e+03 1.795219786513282784e-09
1.351000000000000000e+03 1.782016267806268982e-09
1.352000000000000000e+03 1.767945542299726366e-09
1.353000000000000000e+03 1.791215737077744180e-09
1.354000000000000000e+03 1.801713762042152156e-09
1.355000000000000000e+03 1.776378459443826696e-09
1.356000000000000000e+03 1.807310928131245599e-09
1.357000000000000000e+03 1.789110259929607920e-09
1.358000000000000000e+03 1.797774383700803535e-09
1.359000000000000000e+03 1.817440033398139032e-09
1.360000000000000000e+03 1.775457395091023849e-09
1.361000000000000000e+03 1.778474776901816476e-09
1.362000000000000000e+03 1.787401473749579921e-09
1.363000000000000000e+03 1.781178777138499561e-09
1.364000000000000000e+03 1.796237187237472029e-09
1.365000000000000000e+03 1.797807356673243404e-09
1.366000000000000000e+03 1.778237868246576117e-09
1.367000000000000000e+03 1.757522834589686425e-09
1.368000000000000000e+03 1.765810994700271635e-09
1.369000000000000000e+03 1.758359314212070415e-09
1.370000000000000000e+03 1.761621496478603236e-09
1.371000000000000000e+03 1.752826387176455460e-09
1.372000000000000000e+03 1.793328079767709877e-09
1.373000000000000000e+03 1.760615137585610471e-09
1.374000000000000000e+03 1.812536343524503122e-09
1.375000000000000000e+03 1.783023816694622429e-09
1.376000000000000000e+03 1.758061825607372863e-09
1.377000000000000000e+03 1.768467971670306630e-09
1.378000000000000000e+03 1.747086907046566408e-09
1.379000000000000000e+03 1.816717691693826381e-09
1.380000000000000000e+03 1.817092703855978744e-09
1.381000000000000000e+03 1.774492295708196811e-09
1.382000000000000000e+03 1.734779432617840548e-09
1.383000000000000000e+03 1.751545338263236220e-09
1.384000000000000000e+03 1.743733197957410366e-09
1.385000000000000000e+03 1.746762007364399220e-09
1.386000000000000000e+03 1.756461124773716987e-09
1.387000000000000000e+03 1.753406377422131792e-09
1.388000000000000000e+03 1.763850056141452791e-09
1.389000000000000000e+03 1.742886626424221304e-09
1.390000000000000000e+03 1.761260267947273285e-09
1.391000000000000000e+03 1.738700518891656193e-09
1.392000000000000000e+03 1.776489903235942243e-09
1.393000000000000000e+03 1.859449224178953538e-09
1.394000000000000000e+03 1.762419961889169705e-09
1.395000000000000000e+03 1.746744623271843650e-09
1.396000000000000000e+03 1.762344726495652142e-09
1.397000000000000000e+03 1.731358267052994587e-09
1.398000000000000000e+03 1.723516152158399671e-09
1.399000000000000000e+03 1.762240525401760247e-09
1.400000000000000000e+03 1.800249052719189762e-09
1.401000000000000000e+03 1.737820862902633646e-09
1.402000000000000000e+03 1.738606506131399960e-09
1.403000000000000000e+03 1.733440126982502948e-09
1.404000000000000000e+03 1.757415222750049755e-09
1.405000000000000000e+03 1.728130710821256931e-09
1.406000000000000000e+03 1.769401614782348896e-09
1.407000000000000000e+03 1.775930333928935556e-09
1.408000000000000000e+03 1.723648973609376031e-09
1.409000000000000000e+03 1.711029644164119934e-09
1.410000000000000000e+03 1.770031355935859815e-09
1.411000000000000000e+03 1.725132547685623510e-09
1.412000000000000000e+03 1.713364632309528919e-09
1.413000000000000000e+03 1.728103520128252931e-09
1.414000000000000000e+03 1.748066909137906193e-09
1.415000000000000000e+03 1.743757749134723678e-09
1.416000000000000000e+03 1.749979625793240021e-09
1.417000000000000000e+03 1.726205756927635839e-09
1.418000000000000000e+03 1.719991252510287768e-09
1.419000000000000000e+03 1.743575518271295493e-09
1.420000000000000000e+03 1.765934105963401860e-09
1.421000000000000000e+03 1.726574571297780676e-09
1.422000000000000000e+03 1.723338017844923433e-09
1.423000000000000000e+03 1.783080767540703868e-09
1.424000000000000000e+03 1.789706806124717221e-09
1.425000000000000000e+03 1.748545950839766452e-09
1.426000000000000000e+03 1.737800340266996739e-09
1.427000000000000000e+03 1.710629973147924109e-09
1.428000000000000000e+03 1.695897466744389789e-09
1.429000000000000000e+03 1.717571168808674976e-09
1.430000000000000000e+03 1.711645340081281974e-09
1.431000000000000000e+03 1.729982569536474174e-09
1.432000000000000000e+03 1.716490361614506097e-09
1.433000000000000000e+03 1.707597563921431741e-09
1.434000000000000000e+03 1.712951814558466378e-09
1.435000000000000000e+03 1.705745535550282618e-09
1.436000000000000000e+03 1.723074130111490629e-09
1.437000000000000000e+03 1.744479467850917224e-09
1.438000000000000000e+03 1.737854761501967940e-09
1.439000000000000000e+03 1.717456234083505451e-09
1.440000000000000000e+03 1.724273599404492817e-09
1.441000000000000000e+03 1.700608397754210727e-09
1.442000000000000000e+03 1.700761454977711408e-09
1.443000000000000000e+03 1.704141119403579510e-09
1.444000000000000000e+03 1.728316950883182543e-09
1.445000000000000000e+03 1.716097125533340222e-09
1.446000000000000000e+03 1.749116159347648674e-09
1.447000000000000000e+03 1.710212302226894845e-09
1.448000000000000000e+03 1.688007810214888092e-09
1.449000000000000000e+03 1.699305761939198936e-09
1.450000000000000000e+03 1.727336041443364090e-09
1.451000000000000000e+03 1.738585226733630376e-09
1.452000000000000000e+03 1.727140083163831259e-09
1.453000000000000000e+03 1.700658445729209133e-09
1.454000000000000000e+03 1.733156582916729939e-09
1.455000000000000000e+03 1.713697313743872803e-09
1.456000000000000000e+03 1.740394348644355165e-09
1.457000000000000000e+03 1.686169951007719982e-09
1.458000000000000000e+03 1.690822573003481256e-09
1.459000000000000000e+03 1.694772110542119927e-09
1.460000000000000000e+03 1.681155484175687700e-09
1.461000000000000000e+03 1.727742459388574427e-09
1.462000000000000000e+03 1.702175428793450495e-09
1.463000000000000000e+03 1.687125343111733180e-09
1.464000000000000000e+03 1.696222841279425065e-09
1.465000000000000000e+03 1.750839644033403363e-09
1.466000000000000000e+03 1.731779890564300873e-09
1.467000000000000000e+03 1.690317100977612833e-09
1.468000000000000000e+03 1.728543860421396760e-09
1.469000000000000000e+03 1.677111603651268184e-09
1.470000000000000000e+03 1.682702366883525285e-09
1.471000000000000000e+03 1.733353822940721452e-09
1.472000000000000000e+03 1.689821091509242063e-09
1.473000000000000000e+03 1.666111630720596500e-09
1.474000000000000000e+03 1.664282232698019733e-09
1.475000000000000000e+03 1.670889672981413063e-09
1.476000000000000000e+03 1.679679209183575145e-09
1.477000000000000000e+03 1.679307610490734171e-09
1.478000000000000000e+03 1.679765445408749394e-09
1.479000000000000000e+03 1.681383426901997071e-09
1.480000000000000000e+03 1.707538600438127634e-09
1.481000000000000000e+03 1.670173857223619624e-09
1.482000000000000000e+03 1.671652787050551591e-09
1.483000000000000000e+03 1.671790596253444708e-09
1.484000000000000000e+03 1.824317607054075726e-09
1.485000000000000000e+03 1.749286210070787983e-09
1.486000000000000000e+03 1.670709194023855683e-09
1.487000000000000000e+03 1.682713165551098339e-09
1.488000000000000000e+03 1.663690188472443380e-09
1.489000000000000000e+03 1.690387736874642041e-09
1.490000000000000000e+03 1.697119595834334467e-09
1.491000000000000000e+03 1.674127831183309100e-09
1.492000000000000000e+03 1.660625924569084837e-09
1.493000000000000000e+03 1.659891637671812494e-09
1.494000000000000000e+03 1.679797551315850975e-09
1.495000000000000000e+03 1.682180114329504633e-09
1.496000000000000000e+03 1.705428173424315449e-09
1.497000000000000000e+03 1.671255750187938916e-09
1.498000000000000000e+03 1.672979421878190972e-09
1.499000000000000000e+03 1.703606358312219015e-09
1.500000000000000000e+03 1.702013960381473219e-09
1.501000000000000000e+03 1.663443561556351421e-09
1.502000000000000000e+03 1.662350202062213808e-09
1.503000000000000000e+03 1.676023556628129244e-09
1.504000000000000000e+03 1.682395342506868893e-09
1.505000000000000000e+03 1.668920015248230519e-09
1.506000000000000000e+03 1.650651509472161770e-09
1.507000000000000000e+03 1.666731186382174237e-09
1.508000000000000000e+03 1.652761292169382637e-09
1.509000000000000000e+03 1.682659412344312281e-09
1.510000000000000000e+03 1.662657183131534548e-09
1.511000000000000000e+03 1.664255033450568403e-09
1.512000000000000000e+03 1.686144514667754100e-09
1.513000000000000000e+03 1.648135634700468751e-09
1.514000000000000000e+03 1.655505785862642822e-09
1.515000000000000000e+03 1.677470303444966429e-09
1.516000000000000000e+03 1.663094982897717236e-09
1.517000000000000000e+03 1.672374620181002411e-09
1.518000000000000000e+03 1.699483320401030511e-09
1.519000000000000000e+03 1.644914181043142031e-09
1.520000000000000000e+03 1.643885299225878627e-09
1.521000000000000000e+03 1.659555830817233600e-09
1.522000000000000000e+03 1.665536255072198169e-09
1.523000000000000000e+03 1.652542755873943544e-09
1.524000000000000000e+03 1.643544300982693896e-09
1.525000000000000000e+03 1.656534227573615280e-09
1.526000000000000000e+03 1.660442776969559806e-09
1.527000000000000000e+03 1.660798458072220281e-09
1.528000000000000000e+03 1.639387379617147285e-09
1.529000000000000000e+03 1.630956929743903326e-09
1.530000000000000000e+03 1.646945492978239139e-09
1.531000000000000000e+03 1.684229304671225474e-09
1.532000000000000000e+03 1.647663684616020952e-09
1.533000000000000000e+03 1.651008286040135139e-09
1.534000000000000000e+03 1.632696558218330443e-09
1.535000000000000000e+03 1.639785104115037711e-09
1.536000000000000000e+03 1.637352181182781969e-09
1.537000000000000000e+03 1.631593568807039013e-09
1.538000000000000000e+03 1.662910427337257685e-09
1.539000000000000000e+03 1.650023000638216765e-09
1.540000000000000000e+03 1.645416686382008192e-09
1.541000000000000000e+03 1.672459978752907091e-09
1.542000000000000000e+03 1.635416620424532212e-09
1.543000000000000000e+03 1.627938928939859328e-09
1.544000000000000000e+03 1.626539066327019513e-09
1.545000000000000000e+03 1.629030890439843512e-09
1.546000000000000000e+03 1.649102413969010694e-09
1.547000000000000000e+03 1.644422406898697407e-09
1.548000000000000000e+03 1.675752698077687844e-09
1.549000000000000000e+03 1.626812519307644809e-09
1.550000000000000000e+03 1.646416833304551113e-09
1.551000000000000000e+03 1.634263762031301329e-09
1.552000000000000000e+03 1.616737202322304689e-09
1.553000000000000000e+03 1.626501335825852129e-09
1.554000000000000000e+03 1.619967265898862490e-09
1.555000000000000000e+03 1.622379595472596088e-09
1.556000000000000000e+03 1.624897910165032912e-09
1.557000000000000000e+03 1.616698923843109620e-09
1.558000000000000000e+03 1.617498302777138887e-09
1.559000000000000000e+03 1.639245515080171252e-09
1.560000000000000000e+03 1.673161033248163397e-09
1.561000000000000000e+03 1.638320139406418488e-09
1.562000000000000000e+03 1.618958694866953415e-09
1.563000000000000000e+03 1.623556559575673618e-09
1.564000000000000000e+03 1.632128523960529660e-09
1.565000000000000000e+03 1.612869702909825913e-09
1.566000000000000000e+03 1.620931940548916293e-09
1.567000000000000000e+03 1.624977474625328468e-09
1.568000000000000000e+03 1.628270863839910241e-09
1.569000000000000000e+03 1.619643223059057292e-09
1.570000000000000000e+03 1.620612571438830758e-09
1.571000000000000000e+03 1.659116469210333421e-09
1.572000000000000000e+03 1.650290235822042795e-09
1.573000000000000000e+03 1.647018834827610438e-09
1.574000000000000000e+03 1.621059683944049279e-09
1.575000000000000000e+03 1.625701824527943372e-09
1.576000000000000000e+03 1.610143047349864614e-09
1.577000000000000000e+03 1.620237795757505722e-09
1.578000000000000000e+03 1.623856225543391541e-09
1.579000000000000000e+03 1.607504560954670990e-09
1.580000000000000000e+03 1.632252558768658995e-09
1.581000000000000000e+03 1.612921069241372249e-09
1.582000000000000000e+03 1.612815966525346419e-09
1.583000000000000000e+03 1.611594573559990249e-09
1.584000000000000000e+03 1.639041523579751390e-09
1.585000000000000000e+03 1.625222415683672430e-09
1.586000000000000000e+03 1.614604860159163329e-09
1.587000000000000000e+03 1.606629183303950167e-09
1.588000000000000000e+03 1.605894983055047641e-09
1.589000000000000000e+03 1.613498118992229277e-09
1.590000000000000000e+03 1.602568174609193160e-09
1.591000000000000000e+03 1.594146686188533780e-09
1.592000000000000000e+03 1.597095189202256753e-09
1.593000000000000000e+03 1.613705361223617481e-09
1.594000000000000000e+03 1.624093430487940919e-09
1.595000000000000000e+03 1.606177064296296551e-09
1.596000000000000000e+03 1.599235644759248347e-09
1.597000000000000000e+03 1.613540951866371841e-09
1.598000000000000000e+03 1.607127737599524008e-09
1.599000000000000000e+03 1.614858742385886999e-09
1.600000000000000000e+03 1.598631354595311427e-09
1.601000000000000000e+03 1.589751869470301528e-09
1.602000000000000000e+03 1.607912611236192192e-09
1.603000000000000000e+03 1.601719745732309126e-09
1.604000000000000000e+03 1.604926278320927097e-09
1.605000000000000000e+03 1.611128957343830324e-09
1.606000000000000000e+03 1.602272094789301191e-09
1.607000000000000000e+03 1.600539350350553494e-09
1.608000000000000000e+03 1.591582815066001389e-09
1.609000000000000000e+03 1.589267990685115003e-09
1.610000000000000000e+03 1.609751960999821471e-09
1.611000000000000000e+03 1.599317667483544912e-09
1.612000000000000000e+03 1.593615668631024636e-09
1.613000000000000000e+03 1.585040227118072687e-09
1.614000000000000000e+03 1.607785633931418080e-09
1.615000000000000000e+03 1.641550743990855671e-09
1.616000000000000000e+03 1.606753488574021579e-09
1.617000000000000000e+03 1.607241704254804329e-09
1.618000000000000000e+03 1.586885715460240735e-09
1.619000000000000000e+03 1.602986846265606780e-09
1.620000000000000000e+03 1.586068104270603737e-09
1.621000000000000000e+03 1.585179658433315613e-09
1.622000000000000000e+03 1.599909549579633814e-09
1.623000000000000000e+03 1.591495426306825762e-09
1.624000000000000000e+03 1.617598472365453538e-09
1.625000000000000000e+03 1.631071160708105721e-09
1.626000000000000000e+03 1.588941433847985331e-09
1.627000000000000000e+03 1.601535585066314565e-09
1.628000000000000000e+03 1.606700287206078670e-09
1.629000000000000000e+03 1.580217048326355167e-09
1.630000000000000000e+03 1.609224517684678892e-09
1.631000000000000000e+03 1.600521595669026101e-09
1.632000000000000000e+03 1.609743344100499997e-09
1.633000000000000000e+03 1.664038983869602170e-09
1.634000000000000000e+03 1.614392125580964617e-09
1.635000000000000000e+03 1.603684268964760286e-09
1.636000000000000000e+03 1.589386112857787286e-09
1.637000000000000000e+03 1.579947002189456488e-09
1.638000000000000000e+03 1.577267913738491240e-09
1.639000000000000000e+03 1.582716249992067683e-09
1.640000000000000000e+03 1.576835227167725058e-09
1.641000000000000000e+03 1.587170032061511661e-09
1.642000000000000000e+03 1.577298199371527162e-09
1.643000000000000000e+03 1.570878746765478000e-09
1.644000000000000000e+03 1.577997130125329614e-09
1.645000000000000000e+03 1.574075128617098799e-09
1.646000000000000000e+03 1.584180829340180958e-09
1.647000000000000000e+03 1.590081630044345128e-09
1.648000000000000000e+03 1.586672889279887901e-09
1.649000000000000000e+03 1.570450306452544153e-09
1.650000000000000000e+03 1.585454435471866780e-09
1.651000000000000000e+03 1.586142746893563444e-09
1.652000000000000000e+03 1.574191244483128319e-09
1.653000000000000000e+03 1.565672322040888071e-09
1.654000000000000000e+03 1.565793251924915904e-09
1.655000000000000000e+03 1.565172271232879888e-09
1.656000000000000000e+03 1.566564811746048343e-09
1.657000000000000000e+03 1.571146346052392167e-09
1.658000000000000000e+03 1.568628567051941769e-09
1.659000000000000000e+03 1.573855447813741353e-09
1.660000000000000000e+03 1.573818294664249255e-09
1.661000000000000000e+03 1.564636156748784121e-09
1.662000000000000000e+03 1.572274507984498358e-09
1.663000000000000000e+03 1.573162399515143859e-09
1.664000000000000000e+03 1.575209567899958958e-09
1.665000000000000000e+03 1.584761444715633442e-09
1.666000000000000000e+03 1.575868843023630579e-09
1.667000000000000000e+03 1.563121223194093551e-09
1.668000000000000000e+03 1.563261641442248648e-09
1.669000000000000000e+03 1.568251125037782079e-09
1.670000000000000000e+03 1.571209209089663739e-09
1.671000000000000000e+03 1.573205803100169842e-09
1.672000000000000000e+03 1.554272213544501982e-09
1.673000000000000000e+03 1.560497315002782088e-09
1.674000000000000000e+03 1.577593680399319355e-09
1.675000000000000000e+03 1.583223998134999994e-09
1.676000000000000000e+03 1.568483898805941985e-09
1.677000000000000000e+03 1.569963022620650906e-09
1.678000000000000000e+03 1.562154166458518224e-09
1.679000000000000000e+03 1.562380996877077044e-09
1.680000000000000000e+03 1.565173866568701746e-09
1.681000000000000000e+03 1.577481833630813242e-09
1.682000000000000000e+03 1.575329268638852002e-09
1.683000000000000000e+03 1.563326965197707170e-09
1.684000000000000000e+03 1.570287696242600572e-09
1.685000000000000000e+03 1.561188522349633710e-09
1.686000000000000000e+03 1.564869177202473578e-09
1.687000000000000000e+03 1.586989447607906938e-09
1.688000000000000000e+03 1.569840604551565057e-09
1.689000000000000000e+03 1.557959664627622439e-09
1.690000000000000000e+03 1.564844389875162790e-09
1.691000000000000000e+03 1.556066254827911639e-09
1.692000000000000000e+03 1.560321792197944988e-09
1.693000000000000000e+03 1.553851275982685769e-09
1.694000000000000000e+03 1.550448506254739948e-09
1.695000000000000000e+03 1.546394440773379546e-09
1.696000000000000000e+03 1.550051751367038362e-09
1.697000000000000000e+03 1.549033288658864931e-09
1.698000000000000000e+03 1.555933485843637306e-09
1.699000000000000000e+03 1.557014547044120938e-09
1.700000000000000000e+03 1.566552822564365450e-09
1.701000000000000000e+03 1.557863659537097118e-09
1.702000000000000000e+03 1.547392009732976202e-09
1.703000000000000000e+03 1.556671425701717995e-09
1.704000000000000000e+03 1.558908982737731825e-09
1.705000000000000000e+03 1.559189763472484396e-09
1.706000000000000000e+03 1.562364934785580446e-09
1.707000000000000000e+03 1.557701478828685663e-09
1.708000000000000000e+03 1.541697863910782490e-09
1.709000000000000000e+03 1.551190480388140610e-09
1.710000000000000000e+03 1.536451429200426917e-09
1.711000000000000000e+03 1.556322885387728698e-09
1.712000000000000000e+03 1.553704029004269637e-09
1.713000000000000000e+03 1.553911884887741338e-09
1.714000000000000000e+03 1.536560063723896368e-09
1.715000000000000000e+03 1.544519731269478216e-09
1.716000000000000000e+03 1.553718694372199243e-09
1.717000000000000000e+03 1.556558619455909032e-09
1.718000000000000000e+03 1.554690509944225209e-09
1.719000000000000000e+03 1.549270106448736863e-09
1.720000000000000000e+03 1.540373442612835198e-09
1.721000000000000000e+03 1.544276481076045346e-09
1.722000000000000000e+03 1.539327152127243031e-09
1.723000000000000000e+03 1.550531444000209072e-09
1.724000000000000000e+03 1.539168486916295145e-09
1.725000000000000000e+03 1.538212378522988428e-09
1.726000000000000000e+03 1.538458989530300511e-09
1.727000000000000000e+03 1.541108068375732796e-09
1.728000000000000000e+03 1.535572506228156409e-09
1.729000000000000000e+03 1.529087311802945767e-09
1.730000000000000000e+03 1.541231009607400242e-09
1.731000000000000000e+03 1.545463051012528727e-09
1.732000000000000000e+03 1.556468446687308556e-09
1.733000000000000000e+03 1.537620612229649975e-09
1.734000000000000000e+03 1.533899906892149944e-09
1.735000000000000000e+03 1.564457031680422582e-09
1.736000000000000000e+03 1.548060292705205868e-09
1.737000000000000000e+03 1.537480906130747365e-09
1.738000000000000000e+03 1.543092702517632685e-09
1.739000000000000000e+03 1.554454877668606920e-09
1.740000000000000000e+03 1.546457095913808382e-09
1.741000000000000000e+03 1.534907098533593993e-09
1.742000000000000000e+03 1.528921864587074193e-09
1.743000000000000000e+03 1.544384550598850018e-09
1.744000000000000000e+03 1.537540117531838599e-09
1.745000000000000000e+03 1.537135433468803653e-09
1.746000000000000000e+03 1.527433066626024988e-09
1.747000000000000000e+03 1.527697498621745498e-09
1.748000000000000000e+03 1.544797447522884090e-09
1.749000000000000000e+03 1.530544375720437420e-09
1.750000000000000000e+03 1.537657873804039717e-09
1.751000000000000000e+03 1.525256044183120086e-09
1.752000000000000000e+03 1.524963722102614020e-09
1.753000000000000000e+03 1.538171752595876824e-09
1.754000000000000000e+03 1.527489832839376586e-09
1.755000000000000000e+03 1.538036037181878303e-09
1.756000000000000000e+03 1.533023457690906349e-09
1.757000000000000000e+03 1.530233169042199768e-09
1.758000000000000000e+03 1.535843719666298973e-09
1.759000000000000000e+03 1.564590826244575873e-09
1.760000000000000000e+03 1.536607486562950525e-09
1.761000000000000000e+03 1.540879373759910849e-09
1.762000000000000000e+03 1.541008322193980354e-09
1.763000000000000000e+03 1.523157580689262426e-09
1.764000000000000000e+03 1.531740510190646854e-09
1.765000000000000000e+03 1.525463849664877505e-09
1.766000000000000000e+03 1.534873633184892204e-09
1.767000000000000000e+03 1.530083103550655936e-09
1.768000000000000000e+03 1.528430752178502458e-09
1.769000000000000000e+03 1.528517610242242028e-09
1.770000000000000000e+03 1.563602872908717161e-09
1.771000000000000000e+03 1.535442991805469448e-09
1.772000000000000000e+03 1.523904780878686124e-09
1.773000000000000000e+03 1.523209131743473607e-09
1.774000000000000000e+03 1.563531115533195640e-09
1.775000000000000000e+03 1.537810142789386295e-09
1.776000000000000000e+03 1.541744242869636328e-09
1.777000000000000000e+03 1.527469332446665228e-09
1.778000000000000000e+03 1.524446467596101300e-09
1.779000000000000000e+03 1.523653355653877755e-09
1.780000000000000000e+03 1.521922318163718027e-09
1.781000000000000000e+03 1.520365425980696424e-09
1.782000000000000000e+03 1.554695424256004193e-09
1.783000000000000000e+03 1.528864929500470252e-09
1.784000000000000000e+03 1.526381211565328125e-09
1.785000000000000000e+03 1.513270564794650574e-09
1.786000000000000000e+03 1.518294355793740388e-09
1.787000000000000000e+03 1.529518489935796311e-09
1.788000000000000000e+03 1.514651827898650246e-09
1.789000000000000000e+03 1.511852408914109644e-09
1.790000000000000000e+03 1.512813242243193911e-09
1.791000000000000000e+03 1.511328311113316356e-09
1.792000000000000000e+03 1.516932701650218793e-09
1.793000000000000000e+03 1.511223489815284691e-09
1.794000000000000000e+03 1.522004916201044941e-09
1.795000000000000000e+03 1.517736183179519439e-09
1.796000000000000000e+03 1.515469312503207111e-09
1.797000000000000000e+03 1.510621167545960203e-09
1.798000000000000000e+03 1.510758688539431702e-09
1.799000000000000000e+03 1.512167887871856676e-09
1.800000000000000000e+03 1.511302572424999716e-09
1.801000000000000000e+03 1.507928634919069685e-09
1.802000000000000000e+03 1.517291329085822496e-09
1.803000000000000000e+03 1.504998041522659626e-09
1.804000000000000000e+03 1.512763975035723533e-09
1.805000000000000000e+03 1.514397092532573841e-09
1.806000000000000000e+03 1.519026149673680856e-09
1.807000000000000000e+03 1.501543834458911165e-09
1.808000000000000000e+03 1.507972274537093616e-09
1.809000000000000000e+03 1.515936111314554064e-09
1.810000000000000000e+03 1.519082758205894656e-09
1.811000000000000000e+03 1.528277899316499391e-09
1.812000000000000000e+03 1.512532089085495328e-09
1.813000000000000000e+03 1.527093851160199323e-09
1.814000000000000000e+03 1.517835797061850233e-09
1.815000000000000000e+03 1.503432121124767504e-09
1.816000000000000000e+03 1.507840547061879079e-09
1.817000000000000000e+03 1.501320679592284611e-09
1.818000000000000000e+03 1.501037821316682966e-09
1.819000000000000000e+03 1.544912677194760406e-09
1.820000000000000000e+03 1.516817709059334834e-09
1.821000000000000000e+03 1.496639590431887073e-09
1.822000000000000000e+03 1.504044254274870873e-09
1.823000000000000000e+03 1.517777631676182554e-09
1.824000000000000000e+03 1.508352732622467181e-09
1.825000000000000000e+03 1.499087127441038685e-09
1.826000000000000000e+03 1.498605258523915260e-09
1.827000000000000000e+03 1.502599535737637131e-09
1.828000000000000000e+03 1.517088371579026948e-09
1.829000000000000000e+03 1.497915831167982714e-09
1.830000000000000000e+03 1.497293209133559261e-09
1.831000000000000000e+03 1.504925660304182844e-09
1.832000000000000000e+03 1.502912314492663875e-09
1.833000000000000000e+03 1.499169479715708222e-09
1.834000000000000000e+03 1.496235728021826515e-09
1.835000000000000000e+03 1.500641376887990866e-09
1.836000000000000000e+03 1.507202818439660751e-09
1.837000000000000000e+03 1.508638009247665895e-09
1.838000000000000000e+03 1.502855331705258888e-09
1.839000000000000000e+03 1.494985050017041056e-09
1.840000000000000000e+03 1.498903561070008996e-09
1.841000000000000000e+03 1.512229026740593313e-09
1.842000000000000000e+03 1.503416603999181602e-09
1.843000000000000000e+03 1.486873794179531240e-09
1.844000000000000000e+03 1.495936394130121642e-09
1.845000000000000000e+03 1.503845073908512449e-09
1.846000000000000000e+03 1.507438793743704582e-09
1.847000000000000000e+03 1.528926004685862137e-09
1.848000000000000000e+03 1.497349646176998369e-09
1.849000000000000000e+03 1.500217480375901433e-09
1.850000000000000000e+03 1.501653748726316222e-09
1.851000000000000000e+03 1.495185040393726302e-09
1.852000000000000000e+03 1.501104042266116836e-09
1.853000000000000000e+03 1.492599814882610558e-09
1.854000000000000000e+03 1.490201514149768459e-09
1.855000000000000000e+03 1.486723189280854505e-09
1.856000000000000000e+03 1.490412927759639264e-09
1.857000000000000000e+03 1.495777369254739062e-09
1.858000000000000000e+03 1.499975464688787963e-09
1.859000000000000000e+03 1.485317610560594879e-09
1.860000000000000000e+03 1.483867724035595360e-09
1.861000000000000000e+03 1.489189060759652745e-09
1.862000000000000000e+03 1.486449045698797173e-09
1.863000000000000000e+03 1.493021990035823800e-09
1.864000000000000000e+03 1.488455855080584234e-09
1.865000000000000000e+03 1.483593303574507223e-09
1.866000000000000000e+03 1.492535180026989798e-09
1.867000000000000000e+03 1.485653473121492686e-09
1.868000000000000000e+03 1.488145000329814626e-09
1.869000000000000000e+03 1.505628216332045864e-09
1.870000000000000000e+03 1.493201593670382588e-09
1.871000000000000000e+03 1.484335054347915181e-09
1.872000000000000000e+03 1.478304256764608462e-09
1.873000000000000000e+03 1.485966394359266473e-09
1.874000000000000000e+03 1.482769293338612187e-09
1.875000000000000000e+03 1.490650440080791880e-09
1.876000000000000000e+03 1.486792164582280428e-09
1.877000000000000000e+03 1.487813973355189691e-09
1.878000000000000000e+03 1.498751575460521127e-09
1.879000000000000000e+03 1.483044530416477782e-09
1.880000000000000000e+03 1.479667392892779306e-09
1.881000000000000000e+03 1.485645355139802644e-09
1.882000000000000000e+03 1.485864053748490256e-09
1.883000000000000000e+03 1.484540923279943893e-09
1.884000000000000000e+03 1.484227429260174912e-09
1.885000000000000000e+03 1.479356001092129576e-09
1.886000000000000000e+03 1.498143545800165236e-09
1.887000000000000000e+03 1.485920730756239244e-09
1.888000000000000000e+03 1.481289401230660264e-09
1.889000000000000000e+03 1.491375930227867516e-09
1.890000000000000000e+03 1.483914344471331207e-09
1.891000000000000000e+03 1.477790284250139112e-09
1.892000000000000000e+03 1.482362576224900250e-09
1.893000000000000000e+03 1.483481860069100128e-09
1.894000000000000000e+03 1.478680307003056234e-09
1.895000000000000000e+03 1.479838993426912062e-09
1.896000000000000000e+03 1.479236304941252322e-09
1.897000000000000000e+03 1.478233467950390704e-09
1.898000000000000000e+03 1.474270547251527896e-09
1.899000000000000000e+03 1.480951453780322918e-09
1.900000000000000000e+03 1.484734845104190506e-09
1.901000000000000000e+03 1.480224794273605597e-09
1.902000000000000000e+03 1.478355848623235389e-09
1.903000000000000000e+03 1.492248034807015791e-09
1.904000000000000000e+03 1.490617209702498855e-09
1.905000000000000000e+03 1.482796390596766077e-09
1.906000000000000000e+03 1.481063369921081769e-09
1.907000000000000000e+03 1.475983305618249517e-09
1.908000000000000000e+03 1.477942172287018028e-09
1.909000000000000000e+03 1.476542362467620303e-09
1.910000000000000000e+03 1.470080213711428982e-09
1.911000000000000000e+03 1.469583344075601798e-09
1.912000000000000000e+03 1.481373551373345139e-09
1.913000000000000000e+03 1.475705286851858714e-09
1.914000000000000000e+03 1.474537171468988152e-09
1.915000000000000000e+03 1.479729114642861776e-09
1.916000000000000000e+03 1.473099081603490700e-09
1.917000000000000000e+03 1.469482177117409536e-09
1.918000000000000000e+03 1.475875829540019450e-09
1.919000000000000000e+03 1.476399347654562035e-09
1.920000000000000000e+03 1.472698438214818476e-09
1.921000000000000000e+03 1.500812928394511432e-09
1.922000000000000000e+03 1.472932034280691460e-09
1.923000000000000000e+03 1.472478566348881340e-09
1.924000000000000000e+03 1.476179891907392145e-09
1.925000000000000000e+03 1.479070333573267180e-09
1.926000000000000000e+03 1.475249525470542417e-09
1.927000000000000000e+03 1.478706130818912199e-09
1.928000000000000000e+03 1.473105457058572143e-09
1.929000000000000000e+03 1.486316063730721169e-09
1.930000000000000000e+03 1.477932603833547336e-09
1.931000000000000000e+03 1.466217483470949600e-09
1.932000000000000000e+03 1.473000673170383593e-09
1.933000000000000000e+03 1.466466644772395308e-09
1.934000000000000000e+03 1.470234532253246312e-09
1.935000000000000000e+03 1.470692299577533968e-09
1.936000000000000000e+03 1.466800601792603915e-09
1.937000000000000000e+03 1.465529430874370180e-09
1.938000000000000000e+03 1.472385180733895478e-09
1.939000000000000000e+03 1.464426268101329749e-09
1.940000000000000000e+03 1.470292747201842111e-09
1.941000000000000000e+03 1.462800534208347580e-09
1.942000000000000000e+03 1.461346657714835942e-09
1.943000000000000000e+03 1.474258746780247079e-09
1.944000000000000000e+03 1.469215057500565559e-09
1.945000000000000000e+03 1.459450615856621325e-09
1.946000000000000000e+03 1.460201794333392739e-09
1.947000000000000000e+03 1.457577673523435177e-09
1.948000000000000000e+03 1.467524954313696272e-09
1.949000000000000000e+03 1.470874426739340253e-09
1.950000000000000000e+03 1.467072616142330995e-09
1.951000000000000000e+03 1.463407974607977385e-09
1.952000000000000000e+03 1.464937293338880043e-09
1.953000000000000000e+03 1.460127969990268072e-09
1.954000000000000000e+03 1.468819397627000301e-09
1.955000000000000000e+03 1.464284525496782578e-09
1.956000000000000000e+03 1.461886095486895136e-09
1.957000000000000000e+03 1.466399642668392913e-09
1.958000000000000000e+03 1.461562334122571295e-09
1.959000000000000000e+03 1.459869289462358437e-09
1.960000000000000000e+03 1.475865366313573073e-09
1.961000000000000000e+03 1.488315520977319461e-09
1.962000000000000000e+03 1.462080485515474732e-09
1.963000000000000000e+03 1.457697608936303991e-09
1.964000000000000000e+03 1.465502371508588185e-09
1.965000000000000000e+03 1.463994170967310792e-09
1.966000000000000000e+03 1.465011367876639768e-09
1.967000000000000000e+03 1.464983612377744313e-09
1.968000000000000000e+03 1.464351770310963704e-09
1.969000000000000000e+03 1.474362844382961542e-09
1.970000000000000000e+03 1.469818969010297174e-09
1.971000000000000000e+03 1.478751829524707573e-09
1.972000000000000000e+03 1.467585574932863262e-09
1.973000000000000000e+03 1.471629156587807797e-09
1.974000000000000000e+03 1.471122442078643559e-09
1.975000000000000000e+03 1.471143933306569175e-09
1.976000000000000000e+03 1.459931934036454300e-09
1.977000000000000000e+03 1.458956975638019878e-09
1.978000000000000000e+03 1.457058242629435888e-09
1.979000000000000000e+03 1.456865905971792270e-09
1.980000000000000000e+03 1.461901818763952622e-09
1.981000000000000000e+03 1.452130180729175431e-09
1.982000000000000000e+03 1.456255818932246196e-09
1.983000000000000000e+03 1.455861377797687166e-09
1.984000000000000000e+03 1.451101315415582001e-09
1.985000000000000000e+03 1.452607253175119923e-09
1.986000000000000000e+03 1.460826859542868232e-09
1.987000000000000000e+03 1.455592379884605605e-09
1.988000000000000000e+03 1.461960358692567977e-09
1.989000000000000000e+03 1.454821504827386153e-09
1.990000000000000000e+03 1.452803524090663679e-09
1.991000000000000000e+03 1.455459585432884469e-09
1.992000000000000000e+03 1.456184354991754553e-09
1.993000000000000000e+03 1.453519938838573386e-09
1.994000000000000000e+03 1.448724426520979284e-09
1.995000000000000000e+03 1.448723658410390790e-09
1.996000000000000000e+03 1.452894047895773066e-09
1.997000000000000000e+03 1.462772681843655151e-09
1.998000000000000000e+03 1.471542578003660372e-09
1.999000000000000000e+03 1.454267425667650343e-09
2.000000000000000000e+03 1.453114369669497698e-09
2.001000000000000000e+03 1.449839926279997071e-09
2.002000000000000000e+03 1.457195467896178171e-09
2.003000000000000000e+03 1.462489768424621487e-09
2.004000000000000000e+03 1.450161635255450567e-09
2.005000000000000000e+03 1.446936790599818792e-09
2.006000000000000000e+03 1.452644138536457448e-09
2.007000000000000000e+03 1.455079522633782192e-09
2.008000000000000000e+03 1.455238406912991507e-09
2.009000000000000000e+03 1.451748817487092500e-09
2.010000000000000000e+03 1.450993384209885407e-09
2.011000000000000000e+03 1.491446713753390014e-09
2.012000000000000000e+03 1.458172828667443604e-09
2.013000000000000000e+03 1.446257302276330627e-09
2.014000000000000000e+03 1.457488859474683223e-09
2.015000000000000000e+03 1.449667942079739418e-09
2.016000000000000000e+03 1.452832786723838953e-09
2.017000000000000000e+03 1.448129601785598102e-09
2.018000000000000000e+03 1.449737471659192270e-09
2.019000000000000000e+03 1.453627586387978431e-09
2.020000000000000000e+03 1.449642684231439029e-09
2.021000000000000000e+03 1.450033066665466033e-09
2.022000000000000000e+03 1.446491856606409077e-09
2.023000000000000000e+03 1.453738940472993476e-09
2.024000000000000000e+03 1.447801108310345343e-09
2.025000000000000000e+03 1.450142708609843359e-09
2.026000000000000000e+03 1.445872489031752233e-09
2.027000000000000000e+03 1.447949995112948233e-09
2.028000000000000000e+03 1.447256246517014240e-09
2.029000000000000000e+03 1.444321825032189728e-09
2.030000000000000000e+03 1.448455925753219627e-09
2.031000000000000000e+03 1.453827683754757818e-09
2.032000000000000000e+03 1.446044121691432206e-09
2.033000000000000000e+03 1.446398625078967899e-09
2.034000000000000000e+03 1.443341376854197438e-09
2.035000000000000000e+03 1.451790317222548967e-09
2.036000000000000000e+03 1.444169838499435741e-09
2.037000000000000000e+03 1.457831799643610345e-09
2.038000000000000000e+03 1.440155690882406653e-09
2.039000000000000000e+03 1.449189158975745486e-09
2.040000000000000000e+03 1.448054813504276531e-09
2.041000000000000000e+03 1.443698586912141819e-09
2.042000000000000000e+03 1.445515788453978187e-09
2.043000000000000000e+03 1.441223913952185585e-09
2.044000000000000000e+03 1.446348921796915486e-09
2.045000000000000000e+03 1.451280982224144944e-09
2.046000000000000000e+03 1.447178701473468571e-09
2.047000000000000000e+03 1.439348132953180103e-09
2.048000000000000000e+03 1.439237530634259392e-09
2.049000000000000000e+03 1.436744620147441892e-09
2.050000000000000000e+03 1.440369985213515061e-09
2.051000000000000000e+03 1.443390792519080038e-09
2.052000000000000000e+03 1.444259001446732094e-09
2.053000000000000000e+03 1.440284076526457565e-09
2.054000000000000000e+03 1.443595375002051855e-09
2.055000000000000000e+03 1.443701024083661730e-09
2.056000000000000000e+03 1.443624985516600350e-09
2.057000000000000000e+03 1.445616797208803546e-09
2.058000000000000000e+03 1.441526243018242764e-09
2.059000000000000000e+03 1.445559035383488441e-09
2.060000000000000000e+03 1.452229365191884419e-09
2.061000000000000000e+03 1.454474134647487840e-09
2.062000000000000000e+03 1.438251531748801535e-09
2.063000000000000000e+03 1.439656524772312848e-09
2.064000000000000000e+03 1.435855538542471807e-09
2.065000000000000000e+03 1.437660109087315020e-09
2.066000000000000000e+03 1.439976673091268329e-09
2.067000000000000000e+03 1.433987972131708320e-09
2.068000000000000000e+03 1.437922315613811863e-09
2.069000000000000000e+03 1.439987701767660773e-09
2.070000000000000000e+03 1.440403956015653145e-09
2.071000000000000000e+03 1.437033247858947573e-09
2.072000000000000000e+03 1.432239236894628048e-09
2.073000000000000000e+03 1.434900908737469887e-09
2.074000000000000000e+03 1.438836228735316866e-09
2.075000000000000000e+03 1.435374877934532907e-09
2.076000000000000000e+03 1.435747373922505973e-09
2.077000000000000000e+03 1.433656067074311037e-09
2.078000000000000000e+03 1.433521577670074408e-09
2.079000000000000000e+03 1.437196903586075494e-09
2.080000000000000000e+03 1.437180209073403547e-09
2.081000000000000000e+03 1.442098084012005616e-09
2.082000000000000000e+03 1.451319568141038397e-09
2.083000000000000000e+03 1.432574801095934102e-09
2.084000000000000000e+03 1.440412931871082148e-09
2.085000000000000000e+03 1.433360864950949356e-09
2.086000000000000000e+03 1.431429283978361952e-09
2.087000000000000000e+03 1.433723773686554287e-09
2.088000000000000000e+03 1.437750688393381878e-09
2.089000000000000000e+03 1.429032960598710772e-09
2.090000000000000000e+03 1.441173743584702174e-09
2.091000000000000000e+03 1.435605283788264315e-09
2.092000000000000000e+03 1.429362236817675261e-09
2.093000000000000000e+03 1.428153667247960059e-09
2.094000000000000000e+03 1.429371740486256772e-09
2.095000000000000000e+03 1.431871456086009880e-09
2.096000000000000000e+03 1.435861533219157644e-09
2.097000000000000000e+03 1.431962331546448404e-09
2.098000000000000000e+03 1.431260449340887823e-09
2.099000000000000000e+03 1.429180115844253017e-09
2.100000000000000000e+03 1.431585221525957795e-09
2.101000000000000000e+03 1.430421442579061172e-09
2.102000000000000000e+03 1.435232513579709331e-09
2.103000000000000000e+03 1.432837231855743363e-09
2.104000000000000000e+03 1.437902824647391556e-09
2.105000000000000000e+03 1.429145463776387841e-09
2.106000000000000000e+03 1.427202862083075200e-09
2.107000000000000000e+03 1.432789343524686826e-09
2.108000000000000000e+03 1.434908294560467361e-09
2.109000000000000000e+03 1.433734846032786016e-09
2.110000000000000000e+03 1.434469603246392103e-09
2.111000000000000000e+03 1.427502816632784333e-09
2.112000000000000000e+03 1.430173133898701908e-09
2.113000000000000000e+03 1.426180010384728500e-09
2.114000000000000000e+03 1.426211848530436869e-09
2.115000000000000000e+03 1.425780457116352632e-09
2.116000000000000000e+03 1.429545429663507892e-09
2.117000000000000000e+03 1.433539633929817631e-09
2.118000000000000000e+03 1.427093200015657565e-09
2.119000000000000000e+03 1.430620605785872324e-09
2.120000000000000000e+03 1.432594959384758034e-09
2.121000000000000000e+03 1.429591845694218847e-09
2.122000000000000000e+03 1.434195486845380305e-09
2.123000000000000000e+03 1.430789602700865939e-09
2.124000000000000000e+03 1.427367165690123495e-09
2.125000000000000000e+03 1.425069460722375170e-09
2.126000000000000000e+03 1.427976865681348111e-09
2.127000000000000000e+03 1.429176532883600699e-09
2.128000000000000000e+03 1.434200104262326557e-09
2.129000000000000000e+03 1.428986176240147292e-09
2.130000000000000000e+03 1.426157226176311535e-09
2.131000000000000000e+03 1.428858418309341633e-09
2.132000000000000000e+03 1.428835364814745386e-09
2.133000000000000000e+03 1.426053624752574945e-09
2.134000000000000000e+03 1.426547551757565702e-09
2.135000000000000000e+03 1.424749157215925381e-09
2.136000000000000000e+03 1.433311819411473327e-09
2.137000000000000000e+03 1.442120232636531879e-09
2.138000000000000000e+03 1.429628780107456860e-09
2.139000000000000000e+03 1.427472554735617919e-09
2.140000000000000000e+03 1.424011608108514903e-09
2.141000000000000000e+03 1.429798163907479037e-09
2.142000000000000000e+03 1.419725144177808735e-09
2.143000000000000000e+03 1.425336717317800100e-09
2.144000000000000000e+03 1.426098880261226783e-09
2.145000000000000000e+03 1.423015516742455020e-09
2.146000000000000000e+03 1.423578550736278336e-09
2.147000000000000000e+03 1.420611339174571037e-09
2.148000000000000000e+03 1.424203581705257573e-09
2.149000000000000000e+03 1.428478104852318223e-09
2.150000000000000000e+03 1.430451378025684593e-09
2.151000000000000000e+03 1.419789666179822982e-09
2.152000000000000000e+03 1.418904527809662183e-09
2.153000000000000000e+03 1.433708693394197464e-09
2.154000000000000000e+03 1.426669109583065363e-09
2.155000000000000000e+03 1.448076005614591800e-09
2.156000000000000000e+03 1.429833189618358260e-09
2.157000000000000000e+03 1.421106125934125628e-09
2.158000000000000000e+03 1.420626035028304985e-09
2.159000000000000000e+03 1.417186588108959915e-09
2.160000000000000000e+03 1.426457295144614642e-09
2.161000000000000000e+03 1.423574969418100865e-09
2.162000000000000000e+03 1.422779214087578881e-09
2.163000000000000000e+03 1.416473465105446915e-09
2.164000000000000000e+03 1.419360755873615120e-09
2.165000000000000000e+03 1.419390831130679355e-09
2.166000000000000000e+03 1.415138662710944212e-09
2.167000000000000000e+03 1.425605713011585029e-09
2.168000000000000000e+03 1.417963360122866108e-09
2.169000000000000000e+03 1.418721504556264980e-09
2.170000000000000000e+03 1.415892969470323119e-09
2.171000000000000000e+03 1.417302209455090199e-09
2.172000000000000000e+03 1.419486455489878955e-09
2.173000000000000000e+03 1.421052426373575921e-09
2.174000000000000000e+03 1.415257334179562305e-09
2.175000000000000000e+03 1.415025556956725489e-09
2.176000000000000000e+03 1.414289835911081617e-09
2.177000000000000000e+03 1.426342664897630857e-09
2.178000000000000000e+03 1.418629496630986978e-09
2.179000000000000000e+03 1.416947635887482972e-09
2.180000000000000000e+03 1.417558001197423757e-09
2.181000000000000000e+03 1.421232818686908899e-09
2.182000000000000000e+03 1.415891191164702651e-09
2.183000000000000000e+03 1.416063128289794626e-09
2.184000000000000000e+03 1.415908608928111585e-09
2.185000000000000000e+03 1.423296242075965709e-09
2.186000000000000000e+03 1.418677710258994427e-09
2.187000000000000000e+03 1.425701258391014571e-09
2.188000000000000000e+03 1.416789815984057203e-09
2.189000000000000000e+03 1.420675526288260515e-09
2.190000000000000000e+03 1.418283101351700123e-09
2.191000000000000000e+03 1.416682368292256388e-09
2.192000000000000000e+03 1.411115557424224356e-09
2.193000000000000000e+03 1.415528588111747560e-09
2.194000000000000000e+03 1.415417258287433026e-09
2.195000000000000000e+03 1.414645808203795103e-09
2.196000000000000000e+03 1.412113430007637332e-09
2.197000000000000000e+03 1.412699005639740561e-09
2.198000000000000000e+03 1.414728949367463889e-09
2.199000000000000000e+03 1.415964211830110715e-09
2.200000000000000000e+03 1.416415377477524562e-09
2.201000000000000000e+03 1.415257265468825548e-09
2.202000000000000000e+03 1.413548604876147316e-09
2.203000000000000000e+03 1.412650549336231654e-09
2.204000000000000000e+03 1.413830406642587666e-09
2.205000000000000000e+03 1.414739205517308717e-09
2.206000000000000000e+03 1.416027508591770494e-09
2.207000000000000000e+03 1.415514362202655609e-09
2.208000000000000000e+03 1.415513091440559768e-09
2.209000000000000000e+03 1.410893321965596387e-09
2.210000000000000000e+03 1.410219938658617095e-09
2.211000000000000000e+03 1.410038230127639756e-09
2.212000000000000000e+03 1.410863978374108649e-09
2.213000000000000000e+03 1.413731591487740257e-09
2.214000000000000000e+03 1.412411665049177913e-09
2.215000000000000000e+03 1.411552330618606803e-09
2.216000000000000000e+03 1.414710210824931377e-09
2.217000000000000000e+03 1.412166395007624603e-09
2.218000000000000000e+03 1.412798941536993762e-09
2.219000000000000000e+03 1.412671130793995482e-09
2.220000000000000000e+03 1.411894542666816782e-09
2.221000000000000000e+03 1.409699948647677351e-09
2.222000000000000000e+03 1.409880894883321058e-09
2.223000000000000000e+03 1.408873671961606635e-09
2.224000000000000000e+03 1.407987793645344317e-09
2.225000000000000000e+03 1.413887003581598002e-09
2.226000000000000000e+03 1.416788580220853819e-09
2.227000000000000000e+03 1.420847561073150830e-09
2.228000000000000000e+03 1.407557447902913369e-09
2.229000000000000000e+03 1.410988314349705080e-09
2.230000000000000000e+03 1.413370734224649612e-09
2.231000000000000000e+03 1.409574093856856521e-09
2.232000000000000000e+03 1.407198308773958251e-09
2.233000000000000000e+03 1.407568920622447494e-09
2.234000000000000000e+03 1.408582183976357192e-09
2.235000000000000000e+03 1.409063238276003868e-09
2.236000000000000000e+03 1.406193718781997132e-09
2.237000000000000000e+03 1.409701761600670777e-09
2.238000000000000000e+03 1.406808140853999887e-09
2.239000000000000000e+03 1.407636628977158904e-09
2.240000000000000000e+03 1.407519610886373900e-09
2.241000000000000000e+03 1.409457033548573411e-09
2.242000000000000000e+03 1.415807847420203821e-09
2.243000000000000000e+03 1.412506873733671219e-09
2.244000000000000000e+03 1.414366848003476731e-09
2.245000000000000000e+03 1.408122451165463412e-09
2.246000000000000000e+03 1.409153948175573601e-09
2.247000000000000000e+03 1.408440703788741319e-09
2.248000000000000000e+03 1.408145171752586579e-09
2.249000000000000000e+03 1.406568778125364070e-09
2.250000000000000000e+03 1.404131701048116122e-09
2.251000000000000000e+03 1.406476203879777045e-09
2.252000000000000000e+03 1.403033418795663903e-09
2.253000000000000000e+03 1.404491996248700966e-09
2.254000000000000000e+03 1.406422952095454561e-09
2.255000000000000000e+03 1.413661253432690605e-09
2.256000000000000000e+03 1.409565150435886162e-09
2.257000000000000000e+03 1.404237597265015154e-09
2.258000000000000000e+03 1.405771131793429791e-09
2.259000000000000000e+03 1.406304552740587091e-09
2.260000000000000000e+03 1.407090561761723437e-09
2.261000000000000000e+03 1.409766285716905316e-09
2.262000000000000000e+03 1.401603522306518655e-09
2.263000000000000000e+03 1.405096225432650485e-09
2.264000000000000000e+03 1.400526455399639232e-09
2.265000000000000000e+03 1.400665825121192089e-09
2.266000000000000000e+03 1.405593550714029126e-09
2.267000000000000000e+03 1.401538675387560269e-09
2.268000000000000000e+03 1.402788098232291132e-09
2.269000000000000000e+03 1.401413872325190325e-09
2.270000000000000000e+03 1.410674917232100897e-09
2.271000000000000000e+03 1.403376748858250423e-09
2.272000000000000000e+03 1.403668826961121787e-09
2.273000000000000000e+03 1.406067467287435287e-09
2.274000000000000000e+03 1.403112242312205329e-09
2.275000000000000000e+03 1.407844337106196585e-09
2.276000000000000000e+03 1.403854039694097517e-09
2.277000000000000000e+03 1.406695951781868080e-09
2.278000000000000000e+03 1.401797127482987307e-09
2.279000000000000000e+03 1.399995677906475676e-09
2.280000000000000000e+03 1.414924817138592296e-09
2.281000000000000000e+03 1.401751016726548984e-09
2.282000000000000000e+03 1.399789753180635916e-09
2.283000000000000000e+03 1.403680643278091346e-09
2.284000000000000000e+03 1.400405243095450906e-09
2.285000000000000000e+03 1.406074447197997285e-09
2.286000000000000000e+03 1.407061522265316254e-09
2.287000000000000000e+03 1.401227970140569609e-09
2.288000000000000000e+03 1.400181831029336215e-09
2.289000000000000000e+03 1.402405295603681528e-09
2.290000000000000000e+03 1.400470182303222997e-09
2.291000000000000000e+03 1.402812833115606828e-09
2.292000000000000000e+03 1.402924942364044795e-09
2.293000000000000000e+03 1.399571364857082771e-09
2.294000000000000000e+03 1.402150800372058404e-09
2.295000000000000000e+03 1.403465287665304871e-09
2.296000000000000000e+03 1.401171632226156910e-09
2.297000000000000000e+03 1.397070977260036431e-09
2.298000000000000000e+03 1.404826525011822195e-09
2.299000000000000000e+03 1.401511871409618240e-09
2.300000000000000000e+03 1.402050160088201878e-09
2.301000000000000000e+03 1.397709225616868170e-09
2.302000000000000000e+03 1.399720449601197139e-09
2.303000000000000000e+03 1.404349121756564377e-09
2.304000000000000000e+03 1.401258581611236019e-09
2.305000000000000000e+03 1.397706207825733009e-09
2.306000000000000000e+03 1.397329437138017698e-09
2.307000000000000000e+03 1.400472862614891568e-09
2.308000000000000000e+03 1.401319383425741422e-09
2.309000000000000000e+03 1.397846614693744446e-09
2.310000000000000000e+03 1.397727423255230723e-09
2.311000000000000000e+03 1.401574161674980845e-09
2.312000000000000000e+03 1.397508046726216278e-09
2.313000000000000000e+03 1.420665624624943972e-09
2.314000000000000000e+03 1.397318769096133944e-09
2.315000000000000000e+03 1.397651593936631404e-09
2.316000000000000000e+03 1.398624901127468874e-09
2.317000000000000000e+03 1.399577076395762788e-09
2.318000000000000000e+03 1.400412145236105334e-09
2.319000000000000000e+03 1.400114714733872061e-09
2.320000000000000000e+03 1.402297970466825232e-09
2.321000000000000000e+03 1.395804860108510604e-09
2.322000000000000000e+03 1.397399039411343966e-09
2.323000000000000000e+03 1.399638452610384586e-09
2.324000000000000000e+03 1.404259327038406150e-09
2.325000000000000000e+03 1.398139247241573785e-09
2.326000000000000000e+03 1.394757917310225874e-09
2.327000000000000000e+03 1.398062869758383018e-09
2.328000000000000000e+03 1.399936111863396246e-09
2.329000000000000000e+03 1.399649569910888627e-09
2.330000000000000000e+03 1.397233549936966808e-09
2.331000000000000000e+03 1.398738123605104542e-09
2.332000000000000000e+03 1.395480262486609295e-09
2.333000000000000000e+03 1.393262990558173916e-09
2.334000000000000000e+03 1.394428964858498713e-09
2.335000000000000000e+03 1.394416492411672070e-09
2.336000000000000000e+03 1.396350927442512072e-09
2.337000000000000000e+03 1.393635077719271725e-09
2.338000000000000000e+03 1.398068008406727447e-09
2.339000000000000000e+03 1.395948136485385171e-09
2.340000000000000000e+03 1.400480693186748547e-09
2.341000000000000000e+03 1.393813452078818029e-09
2.342000000000000000e+03 1.393037352492429357e-09
2.343000000000000000e+03 1.397389833841782181e-09
2.344000000000000000e+03 1.393346453517641035e-09
2.345000000000000000e+03 1.393182144641104202e-09
2.346000000000000000e+03 1.391074197647576848e-09
2.347000000000000000e+03 1.394407922541771324e-09
2.348000000000000000e+03 1.392319486115383870e-09
2.349000000000000000e+03 1.395472386058939369e-09
2.350000000000000000e+03 1.390028131390942819e-09
2.351000000000000000e+03 1.391308649472099134e-09
2.352000000000000000e+03 1.399184616782011224e-09
2.353000000000000000e+03 1.401577594954894225e-09
2.354000000000000000e+03 1.395308009980940145e-09
2.355000000000000000e+03 1.392949315513878699e-09
2.356000000000000000e+03 1.392459327343971940e-09
2.357000000000000000e+03 1.396578722603128532e-09
2.358000000000000000e+03 1.392039488473709997e-09
2.359000000000000000e+03 1.389854424758779117e-09
2.360000000000000000e+03 1.394381528551048492e-09
2.361000000000000000e+03 1.394849224503938709e-09
2.362000000000000000e+03 1.395476366171590560e-09
2.363000000000000000e+03 1.392344868891510929e-09
2.364000000000000000e+03 1.391214281310531233e-09
2.365000000000000000e+03 1.393537928893885410e-09
2.366000000000000000e+03 1.397218619304399746e-09
2.367000000000000000e+03 1.390586627379100495e-09
2.368000000000000000e+03 1.391595405511549104e-09
2.369000000000000000e+03 1.392316818765657418e-09
2.370000000000000000e+03 1.387726755921005894e-09
2.371000000000000000e+03 1.390263589789234568e-09
2.372000000000000000e+03 1.391208792174994062e-09
2.373000000000000000e+03 1.391007405844844700e-09
2.374000000000000000e+03 1.393693079237741115e-09
2.375000000000000000e+03 1.390109365139821063e-09
2.376000000000000000e+03 1.390252401559783019e-09
2.377000000000000000e+03 1.393394888802479823e-09
2.378000000000000000e+03 1.388818049086918301e-09
2.379000000000000000e+03 1.389416093565316461e-09
2.380000000000000000e+03 1.387513693950016964e-09
2.381000000000000000e+03 1.387688522263161830e-09
2.382000000000000000e+03 1.388062256444457814e-09
2.383000000000000000e+03 1.395251156935882418e-09
2.384000000000000000e+03 1.398059966119636292e-09
2.385000000000000000e+03 1.389155336849143845e-09
2.386000000000000000e+03 1.390986769625440475e-09
2.387000000000000000e+03 1.390257906455823184e-09
2.388000000000000000e+03 1.391896660167438863e-09
2.389000000000000000e+03 1.388056366009412536e-09
2.390000000000000000e+03 1.388798593972429351e-09
2.391000000000000000e+03 1.388856187686516328e-09
2.392000000000000000e+03 1.387233245306847670e-09
2.393000000000000000e+03 1.387521465339067737e-09
2.394000000000000000e+03 1.390494642003235416e-09
2.395000000000000000e+03 1.395848644821052250e-09
2.396000000000000000e+03 1.392157023025689823e-09
2.397000000000000000e+03 1.390907160355121326e-09
2.398000000000000000e+03 1.386268902634327755e-09
2.399000000000000000e+03 1.385943514847180157e-09
2.400000000000000000e+03 1.390046700410186205e-09
2.401000000000000000e+03 1.388379956459068456e-09
2.402000000000000000e+03 1.387430405196071873e-09
2.403000000000000000e+03 1.384616139909136579e-09
2.404000000000000000e+03 1.392537549744366114e-09
2.405000000000000000e+03 1.387264914203756253e-09
2.406000000000000000e+03 1.385606438274495863e-09
2.407000000000000000e+03 1.387620485681942174e-09
2.408000000000000000e+03 1.387608312290682162e-09
2.409000000000000000e+03 1.387186520484562249e-09
2.410000000000000000e+03 1.387605593360030736e-09
2.411000000000000000e+03 1.386145762149586346e-09
2.412000000000000000e+03 1.386894272271286331e-09
2.413000000000000000e+03 1.384789396818085524e-09
2.414000000000000000e+03 1.387406875055817844e-09
2.415000000000000000e+03 1.386573712972571846e-09
2.416000000000000000e+03 1.388784801136198038e-09
2.417000000000000000e+03 1.387805556639588542e-09
2.418000000000000000e+03 1.392262505343208817e-09
2.419000000000000000e+03 1.386727500645283861e-09
2.420000000000000000e+03 1.385504291714584632e-09
2.421000000000000000e+03 1.390685713918485670e-09
2.422000000000000000e+03 1.383165959992894194e-09
2.423000000000000000e+03 1.385714309199855717e-09
2.424000000000000000e+03 1.391421670289361979e-09
2.425000000000000000e+03 1.386255426651031118e-09
2.426000000000000000e+03 1.384474415175923530e-09
2.427000000000000000e+03 1.385184621189493654e-09
2.428000000000000000e+03 1.391903901866249044e-09
2.429000000000000000e+03 1.383326764311221988e-09
2.430000000000000000e+03 1.383636926999518097e-09
2.431000000000000000e+03 1.384378371820506560e-09
2.432000000000000000e+03 1.386826974151787209e-09
2.433000000000000000e+03 1.386273725546046076e-09
2.434000000000000000e+03 1.385441225452741905e-09
2.435000000000000000e+03 1.383532755838756227e-09
2.436000000000000000e+03 1.388381204190180470e-09
2.437000000000000000e+03 1.386228731302069146e-09
2.438000000000000000e+03 1.384640614539425253e-09
2.439000000000000000e+03 1.383133096783423728e-09
2.440000000000000000e+03 1.386538194935089871e-09
2.441000000000000000e+03 1.384227869426226074e-09
2.442000000000000000e+03 1.382109896101329717e-09
2.443000000000000000e+03 1.386311771117197961e-09
2.444000000000000000e+03 1.382249935872554239e-09
2.445000000000000000e+03 1.387987509458624303e-09
2.446000000000000000e+03 1.390131871577956095e-09
2.447000000000000000e+03 1.382690292423215842e-09
2.448000000000000000e+03 1.382504662714245952e-09
2.449000000000000000e+03 1.382237268620737141e-09
2.450000000000000000e+03 1.383061492275544292e-09
2.451000000000000000e+03 1.382465906649574270e-09
2.452000000000000000e+03 1.380732537689169413e-09
2.453000000000000000e+03 1.381874401180155602e-09
2.454000000000000000e+03 1.380145659447290878e-09
2.455000000000000000e+03 1.380511204820503786e-09
2.456000000000000000e+03 1.383316848895048793e-09
2.457000000000000000e+03 1.382430879507712706e-09
2.458000000000000000e+03 1.381921697362532802e-09
2.459000000000000000e+03 1.380608587712251254e-09
2.460000000000000000e+03 1.380974142976344401e-09
2.461000000000000000e+03 1.382368402729340293e-09
2.462000000000000000e+03 1.384463505578217854e-09
2.463000000000000000e+03 1.380940354799477378e-09
2.464000000000000000e+03 1.381326287883639007e-09
2.465000000000000000e+03 1.388538503293701866e-09
2.466000000000000000e+03 1.379144009995752564e-09
2.467000000000000000e+03 1.381557752129188374e-09
2.468000000000000000e+03 1.384839883712938556e-09
2.469000000000000000e+03 1.379740490383006073e-09
2.470000000000000000e+03 1.381299006479455942e-09
2.471000000000000000e+03 1.384960039053750993e-09
2.472000000000000000e+03 1.380912670395925083e-09
2.473000000000000000e+03 1.379471410687744295e-09
2.474000000000000000e+03 1.379341496995404955e-09
2.475000000000000000e+03 1.379660706606503148e-09
2.476000000000000000e+03 1.381243270712576152e-09
2.477000000000000000e+03 1.379962402598008247e-09
2.478000000000000000e+03 1.379650547476488731e-09
2.479000000000000000e+03 1.380398321876388984e-09
2.480000000000000000e+03 1.379744885197269941e-09
2.481000000000000000e+03 1.381769468257974787e-09
2.482000000000000000e+03 1.379481918886719894e-09
2.483000000000000000e+03 1.379117616335626733e-09
2.484000000000000000e+03 1.379915024674526343e-09
2.485000000000000000e+03 1.380400437886291531e-09
2.486000000000000000e+03 1.378226514112995816e-09
2.487000000000000000e+03 1.380695186870927195e-09
2.488000000000000000e+03 1.385019462160990029e-09
2.489000000000000000e+03 1.384432828778650184e-09
2.490000000000000000e+03 1.381116846858368563e-09
2.491000000000000000e+03 1.378763151441861911e-09
2.492000000000000000e+03 1.376853214953033520e-09
2.493000000000000000e+03 1.379243414729919428e-09
2.494000000000000000e+03 1.378325042870371078e-09
2.495000000000000000e+03 1.379276839832407214e-09
2.496000000000000000e+03 1.381591766002680925e-09
2.497000000000000000e+03 1.380790054629905417e-09
2.498000000000000000e+03 1.377877183965546511e-09
2.499000000000000000e+03 1.379376936704515401e-09
2.500000000000000000e+03 1.381598816342690179e-09
2.501000000000000000e+03 1.380079061866141594e-09
2.502000000000000000e+03 1.377918744435934815e-09
2.503000000000000000e+03 1.378102539580289147e-09
2.504000000000000000e+03 1.378730820367923099e-09
2.505000000000000000e+03 1.376961214463234750e-09
2.506000000000000000e+03 1.377042717282986468e-09
2.507000000000000000e+03 1.377344060969491468e-09
2.508000000000000000e+03 1.379624768217618088e-09
2.509000000000000000e+03 1.384054544236620732e-09
2.510000000000000000e+03 1.378086785043421392e-09
2.511000000000000000e+03 1.377736523973294500e-09
2.512000000000000000e+03 1.382909121808866924e-09
2.513000000000000000e+03 1.379533527066568877e-09
2.514000000000000000e+03 1.376012184671546639e-09
2.515000000000000000e+03 1.376707401162724043e-09
2.516000000000000000e+03 1.376924416128851271e-09
2.517000000000000000e+03 1.375248317869639495e-09
2.518000000000000000e+03 1.375507574395465794e-09
2.519000000000000000e+03 1.374464554119619423e-09
2.520000000000000000e+03 1.379259992157293250e-09
2.521000000000000000e+03 1.379010824424500495e-09
2.522000000000000000e+03 1.374512342090199302e-09
2.523000000000000000e+03 1.375964323439763663e-09
2.524000000000000000e+03 1.376366462790301707e-09
2.525000000000000000e+03 1.379348260276348740e-09
2.526000000000000000e+03 1.382140504752699696e-09
2.527000000000000000e+03 1.374661196288468981e-09
2.528000000000000000e+03 1.377191555643848724e-09
2.529000000000000000e+03 1.375754088751240534e-09
2.530000000000000000e+03 1.376556168840901741e-09
2.531000000000000000e+03 1.374234084862811494e-09
2.532000000000000000e+03 1.373776753716147142e-09
2.533000000000000000e+03 1.374848795846554394e-09
2.534000000000000000e+03 1.375646418293983080e-09
2.535000000000000000e+03 1.375180599771141237e-09
2.536000000000000000e+03 1.376295949653119168e-09
2.537000000000000000e+03 1.377638137856264867e-09
2.538000000000000000e+03 1.374409004176304119e-09
2.539000000000000000e+03 1.376414520822173564e-09
2.540000000000000000e+03 1.376747386631504633e-09
2.541000000000000000e+03 1.374624968700461380e-09
2.542000000000000000e+03 1.375024254195806225e-09
2.543000000000000000e+03 1.374429042914194772e-09
2.544000000000000000e+03 1.374014715493862919e-09
2.545000000000000000e+03 1.376131484769026958e-09
2.546000000000000000e+03 1.374456034465346274e-09
2.547000000000000000e+03 1.374715210497551359e-09
2.548000000000000000e+03 1.375204097267394610e-09
2.549000000000000000e+03 1.374449741680540069e-09
2.550000000000000000e+03 1.378881524019126096e-09
2.551000000000000000e+03 1.374414096609402879e-09
2.552000000000000000e+03 1.375619614734575002e-09
2.553000000000000000e+03 1.374586455756754593e-09
2.554000000000000000e+03 1.376619001381394146e-09
2.555000000000000000e+03 1.372620123184854510e-09
2.556000000000000000e+03 1.373914248975176548e-09
2.557000000000000000e+03 1.375983514121895959e-09
2.558000000000000000e+03 1.383461832498474413e-09
2.559000000000000000e+03 1.372188252549097735e-09
2.560000000000000000e+03 1.375564095141834278e-09
2.561000000000000000e+03 1.374231407147851670e-09
2.562000000000000000e+03 1.374314485818361426e-09
2.563000000000000000e+03 1.373807206004044331e-09
2.564000000000000000e+03 1.372496816158060451e-09
2.565000000000000000e+03 1.371763182167799600e-09
2.566000000000000000e+03 1.372835823421155712e-09
2.567000000000000000e+03 1.371919592103157360e-09
2.568000000000000000e+03 1.373327774232991986e-09
2.569000000000000000e+03 1.372101605376742990e-09
2.570000000000000000e+03 1.373899752113827490e-09
2.571000000000000000e+03 1.373016961538796218e-09
2.572000000000000000e+03 1.384030606141635942e-09
2.573000000000000000e+03 1.378889407066761961e-09
2.574000000000000000e+03 1.371288308998981226e-09
2.575000000000000000e+03 1.372462325576991514e-09
2.576000000000000000e+03 1.372709814315420581e-09
2.577000000000000000e+03 1.372727930732734533e-09
2.578000000000000000e+03 1.371531239078741511e-09
2.579000000000000000e+03 1.374748906833334382e-09
2.580000000000000000e+03 1.370881457573536827e-09
2.581000000000000000e+03 1.370894603548238001e-09
2.582000000000000000e+03 1.371599796172220720e-09
2.583000000000000000e+03 1.373608572352930984e-09
2.584000000000000000e+03 1.371166814066830988e-09
2.585000000000000000e+03 1.373345281350285375e-09
2.586000000000000000e+03 1.370165301710335075e-09
2.587000000000000000e+03 1.371624323719492977e-09
2.588000000000000000e+03 1.378321633427748648e-09
2.589000000000000000e+03 1.371787440338686255e-09
2.590000000000000000e+03 1.369577092861768024e-09
2.591000000000000000e+03 1.369566836449558875e-09
2.592000000000000000e+03 1.371091479601546111e-09
2.593000000000000000e+03 1.370776872922444212e-09
2.594000000000000000e+03 1.372084380133768911e-09
2.595000000000000000e+03 1.371123734207389445e-09
2.596000000000000000e+03 1.370218490866125252e-09
2.597000000000000000e+03 1.370039870138967787e-09
2.598000000000000000e+03 1.370922802331465550e-09
2.599000000000000000e+03 1.368188684386887363e-09
2.600000000000000000e+03 1.371534440275425343e-09
2.601000000000000000e+03 1.371968670479966628e-09
2.602000000000000000e+03 1.369249532166457345e-09
2.603000000000000000e+03 1.370292861348163315e-09
2.604000000000000000e+03 1.371910693060828460e-09
2.605000000000000000e+03 1.369857878291521444e-09
2.606000000000000000e+03 1.372778309402707571e-09
2.607000000000000000e+03 1.369547386308963611e-09
2.608000000000000000e+03 1.370340987032506624e-09
2.609000000000000000e+03 1.372794431960011759e-09
2.610000000000000000e+03 1.369273423936461858e-09
2.611000000000000000e+03 1.370935009857122876e-09
2.612000000000000000e+03 1.367657710344458836e-09
2.613000000000000000e+03 1.368065742072273817e-09
2.614000000000000000e+03 1.369984425562720861e-09
2.615000000000000000e+03 1.373814142548469715e-09
2.616000000000000000e+03 1.377859461303778207e-09
2.617000000000000000e+03 1.368786405576095311e-09
2.618000000000000000e+03 1.370163710417318136e-09
2.619000000000000000e+03 1.369383225782982569e-09
2.620000000000000000e+03 1.369086016645203722e-09
2.621000000000000000e+03 1.370857343881958304e-09
2.622000000000000000e+03 1.369594191391057719e-09
2.623000000000000000e+03 1.369469720643121781e-09
2.624000000000000000e+03 1.370305121122374461e-09
2.625000000000000000e+03 1.367191073193662165e-09
2.626000000000000000e+03 1.368452593935068287e-09
2.627000000000000000e+03 1.367101459592205804e-09
2.628000000000000000e+03 1.368546373712460369e-09
2.629000000000000000e+03 1.366895696000441096e-09
2.630000000000000000e+03 1.367910104678561374e-09
2.631000000000000000e+03 1.370183508968990545e-09
2.632000000000000000e+03 1.368534779646094313e-09
2.633000000000000000e+03 1.368463726247095538e-09
2.634000000000000000e+03 1.367690797872925430e-09
2.635000000000000000e+03 1.368983811847954345e-09
2.636000000000000000e+03 1.369989855657010553e-09
2.637000000000000000e+03 1.373852546647546323e-09
2.638000000000000000e+03 1.369628769535055897e-09
2.639000000000000000e+03 1.368214030343131616e-09
2.640000000000000000e+03 1.366906041018872199e-09
2.641000000000000000e+03 1.367154108791148623e-09
2.642000000000000000e+03 1.368771303060205362e-09
2.643000000000000000e+03 1.374403300581082125e-09
2.644000000000000000e+03 1.367797633399775350e-09
2.645000000000000000e+03 1.368259967616871416e-09
2.646000000000000000e+03 1.365850727584449120e-09
2.647000000000000000e+03 1.366655252791303450e-09
2.648000000000000000e+03 1.367650748303747411e-09
2.649000000000000000e+03 1.368021923069343483e-09
2.650000000000000000e+03 1.368806199121778601e-09
2.651000000000000000e+03 1.368335368965781358e-09
2.652000000000000000e+03 1.367427096574045179e-09
2.653000000000000000e+03 1.368115894647016019e-09
2.654000000000000000e+03 1.365092226049027324e-09
2.655000000000000000e+03 1.368371314423652257e-09
2.656000000000000000e+03 1.370657260117340218e-09
2.657000000000000000e+03 1.368582002994444544e-09
2.658000000000000000e+03 1.366541938965664903e-09
2.659000000000000000e+03 1.366359112961783246e-09
2.660000000000000000e+03 1.369892475764137947e-09
2.661000000000000000e+03 1.369423164664780247e-09
2.662000000000000000e+03 1.365421191056780259e-09
2.663000000000000000e+03 1.366129759951429074e-09
2.664000000000000000e+03 1.367643416263471089e-09
2.665000000000000000e+03 1.368061884412561300e-09
2.666000000000000000e+03 1.367604127036008488e-09
2.667000000000000000e+03 1.365808243100879341e-09
2.668000000000000000e+03 1.367705486614877489e-09
2.669000000000000000e+03 1.367020602154833501e-09
2.670000000000000000e+03 1.367013971578873055e-09
2.671000000000000000e+03 1.365926339464013318e-09
2.672000000000000000e+03 1.368207984906652040e-09
2.673000000000000000e+03 1.371066294397189275e-09
2.674000000000000000e+03 1.364778292505738679e-09
2.675000000000000000e+03 1.367561200277499399e-09
2.676000000000000000e+03 1.368284447782880638e-09
2.677000000000000000e+03 1.364835626358097457e-09
2.678000000000000000e+03 1.365264672348801909e-09
2.679000000000000000e+03 1.366087778693648362e-09
2.680000000000000000e+03 1.370708959906917608e-09
2.681000000000000000e+03 1.365849668612470461e-09
2.682000000000000000e+03 1.367307997305793635e-09
2.683000000000000000e+03 1.365597046635457758e-09
2.684000000000000000e+03 1.366028935223638203e-09
2.685000000000000000e+03 1.366514479882564517e-09
2.686000000000000000e+03 1.367308682348680315e-09
2.687000000000000000e+03 1.367668139576766298e-09
2.688000000000000000e+03 1.364198023033167261e-09
2.689000000000000000e+03 1.362830378664510878e-09
2.690000000000000000e+03 1.364804929999994749e-09
2.691000000000000000e+03 1.363350294513262756e-09
2.692000000000000000e+03 1.363339057992112451e-09
2.693000000000000000e+03 1.364541019177092519e-09
2.694000000000000000e+03 1.366044178039484939e-09
2.695000000000000000e+03 1.365407224509881929e-09
2.696000000000000000e+03 1.365838590086541534e-09
2.697000000000000000e+03 1.363320121872379895e-09
2.698000000000000000e+03 1.363069467295697850e-09
2.699000000000000000e+03 1.363182526581313132e-09
2.700000000000000000e+03 1.362902061063962710e-09
2.701000000000000000e+03 1.364640387201640372e-09
2.702000000000000000e+03 1.365168246796476945e-09
2.703000000000000000e+03 1.361569249001981209e-09
2.704000000000000000e+03 1.363694191506991476e-09
2.705000000000000000e+03 1.362436345025980145e-09
2.706000000000000000e+03 1.363744890315957098e-09
2.707000000000000000e+03 1.365110820005797902e-09
2.708000000000000000e+03 1.364393606128893409e-09
2.709000000000000000e+03 1.364688059965202178e-09
2.710000000000000000e+03 1.364422610637922902e-09
2.711000000000000000e+03 1.364164020931319024e-09
2.712000000000000000e+03 1.363069003529359251e-09
2.713000000000000000e+03 1.362924993657477081e-09
2.714000000000000000e+03 1.363044015961474706e-09
2.715000000000000000e+03 1.364227913329071040e-09
2.716000000000000000e+03 1.363929313768479662e-09
2.717000000000000000e+03 1.363893053750679129e-09
2.718000000000000000e+03 1.361960093050048708e-09
2.719000000000000000e+03 1.362464922824702538e-09
2.720000000000000000e+03 1.362316385201383357e-09
2.721000000000000000e+03 1.362190258638382282e-09
2.722000000000000000e+03 1.362267060899448720e-09
2.723000000000000000e+03 1.362884262500264766e-09
2.724000000000000000e+03 1.362728867952407906e-09
2.725000000000000000e+03 1.365952361669636346e-09
2.726000000000000000e+03 1.363038822083234103e-09
2.727000000000000000e+03 1.362103140351708934e-09
2.728000000000000000e+03 1.363639172559919147e-09
2.729000000000000000e+03 1.363246963325147284e-09
2.730000000000000000e+03 1.364079321545540424e-09
2.731000000000000000e+03 1.362107001038663232e-09
2.732000000000000000e+03 1.363848900453954715e-09
2.733000000000000000e+03 1.362432711335102900e-09
2.734000000000000000e+03 1.362182135666605875e-09
2.735000000000000000e+03 1.360779564237755294e-09
2.736000000000000000e+03 1.361441205676273604e-09
2.737000000000000000e+03 1.361723412028031815e-09
2.738000000000000000e+03 1.362529811457894280e-09
2.739000000000000000e+03 1.361188987970403985e-09
2.740000000000000000e+03 1.360749258121887962e-09
2.741000000000000000e+03 1.362048267800848124e-09
2.742000000000000000e+03 1.363599109198416379e-09
2.743000000000000000e+03 1.361947188194927636e-09
2.744000000000000000e+03 1.360445243873409790e-09
2.745000000000000000e+03 1.362269122427282202e-09
2.746000000000000000e+03 1.359902347582001301e-09
2.747000000000000000e+03 1.362351915983539364e-09
2.748000000000000000e+03 1.364570564607353812e-09
2.749000000000000000e+03 1.361275653551206866e-09
2.750000000000000000e+03 1.361495202237224762e-09
2.751000000000000000e+03 1.361317790319477923e-09
2.752000000000000000e+03 1.360258298359059254e-09
2.753000000000000000e+03 1.359994989057208151e-09
2.754000000000000000e+03 1.362822811609525307e-09
2.755000000000000000e+03 1.360849927639152094e-09
2.756000000000000000e+03 1.360314228997980138e-09
2.757000000000000000e+03 1.360614727693145366e-09
2.758000000000000000e+03 1.360760440108084857e-09
2.759000000000000000e+03 1.361297938399262380e-09
2.760000000000000000e+03 1.362475719637849155e-09
2.761000000000000000e+03 1.361403631642852157e-09
2.762000000000000000e+03 1.359528847247918821e-09
2.763000000000000000e+03 1.358796833100098654e-09
2.764000000000000000e+03 1.361714406665788439e-09
2.765000000000000000e+03 1.360446729386839450e-09
2.766000000000000000e+03 1.359574458475150759e-09
2.767000000000000000e+03 1.359782549137662990e-09
2.768000000000000000e+03 1.359152266217040207e-09
2.769000000000000000e+03 1.361016347523378641e-09
2.770000000000000000e+03 1.360986865762099350e-09
2.771000000000000000e+03 1.361710007814902828e-09
2.772000000000000000e+03 1.362390434627897414e-09
2.773000000000000000e+03 1.363073308888020678e-09
2.774000000000000000e+03 1.360383396411779279e-09
2.775000000000000000e+03 1.360646775661588625e-09
2.776000000000000000e+03 1.359471338069492214e-09
2.777000000000000000e+03 1.358761135404031366e-09
2.778000000000000000e+03 1.358271112020119696e-09
2.779000000000000000e+03 1.362598843607295186e-09
2.780000000000000000e+03 1.363092763388793312e-09
2.781000000000000000e+03 1.361639823539078281e-09
2.782000000000000000e+03 1.359274255575927844e-09
2.783000000000000000e+03 1.359395334773378860e-09
2.784000000000000000e+03 1.361555182503390815e-09
2.785000000000000000e+03 1.359398155950696081e-09
2.786000000000000000e+03 1.358461557013577311e-09
2.787000000000000000e+03 1.359712379881787314e-09
2.788000000000000000e+03 1.360852515448393564e-09
2.789000000000000000e+03 1.357622471230873448e-09
2.790000000000000000e+03 1.360817057090919104e-09
2.791000000000000000e+03 1.359969548817453984e-09
2.792000000000000000e+03 1.360262173763647555e-09
2.793000000000000000e+03 1.359236308562663521e-09
2.794000000000000000e+03 1.358958628223937477e-09
2.795000000000000000e+03 1.358965710984836512e-09
2.796000000000000000e+03 1.358481389165363218e-09
2.797000000000000000e+03 1.357976187359140782e-09
2.798000000000000000e+03 1.359329569738209378e-09
2.799000000000000000e+03 1.358268156363541744e-09
2.800000000000000000e+03 1.358180007588159090e-09
2.801000000000000000e+03 1.358464363892322635e-09
2.802000000000000000e+03 1.359795340736562896e-09
2.803000000000000000e+03 1.357867449183332026e-09
2.804000000000000000e+03 1.357703520418532236e-09
2.805000000000000000e+03 1.358810398765172899e-09
2.806000000000000000e+03 1.358023571782109976e-09
2.807000000000000000e+03 1.357353443451134303e-09
2.808000000000000000e+03 1.358272899840689976e-09
2.809000000000000000e+03 1.359605584351545719e-09
2.810000000000000000e+03 1.358103879856818356e-09
2.811000000000000000e+03 1.359626072310964433e-09
2.812000000000000000e+03 1.359979960080655610e-09
2.813000000000000000e+03 1.358735629364478973e-09
2.814000000000000000e+03 1.357388905808949124e-09
2.815000000000000000e+03 1.358827555246918290e-09
2.816000000000000000e+03 1.356229636486192829e-09
2.817000000000000000e+03 1.356544935699512226e-09
2.818000000000000000e+03 1.357296256511957349e-09
2.819000000000000000e+03 1.356712366405954804e-09
2.820000000000000000e+03 1.358236891241466016e-09
2.821000000000000000e+03 1.357675752467369648e-09
2.822000000000000000e+03 1.357521804349725774e-09
2.823000000000000000e+03 1.357529170133477575e-09
2.824000000000000000e+03 1.357411461721258692e-09
2.825000000000000000e+03 1.359785432220854448e-09
2.826000000000000000e+03 1.356540016944026140e-09
2.827000000000000000e+03 1.356336005227216775e-09
2.828000000000000000e+03 1.357461798139647992e-09
2.829000000000000000e+03 1.357956204812718743e-09
2.830000000000000000e+03 1.355757585000205322e-09
2.831000000000000000e+03 1.358439863420243883e-09
2.832000000000000000e+03 1.357242058773240522e-09
2.833000000000000000e+03 1.356752833471952571e-09
2.834000000000000000e+03 1.356257767439543913e-09
2.835000000000000000e+03 1.354875018125466998e-09
2.836000000000000000e+03 1.356350439935804654e-09
2.837000000000000000e+03 1.356087475171942766e-09
2.838000000000000000e+03 1.356239931238876221e-09
2.839000000000000000e+03 1.355610459622461758e-09
2.840000000000000000e+03 1.356942069624117330e-09
2.841000000000000000e+03 1.355595585980028940e-09
2.842000000000000000e+03 1.357758377839964132e-09
2.843000000000000000e+03 1.357737958135495110e-09
2.844000000000000000e+03 1.355473104158092627e-09
2.845000000000000000e+03 1.357465573188422866e-09
2.846000000000000000e+03 1.356729715606296712e-09
2.847000000000000000e+03 1.355362168218578777e-09
2.848000000000000000e+03 1.356515952515222706e-09
2.849000000000000000e+03 1.356445787775986233e-09
2.850000000000000000e+03 1.355105939833074741e-09
2.851000000000000000e+03 1.357180100911213159e-09
2.852000000000000000e+03 1.356579438635965388e-09
2.853000000000000000e+03 1.357152711376695396e-09
2.854000000000000000e+03 1.357796116770083346e-09
2.855000000000000000e+03 1.356345606469668069e-09
2.856000000000000000e+03 1.355873374629791422e-09
2.857000000000000000e+03 1.355478688629960514e-09
2.858000000000000000e+03 1.355092889241825040e-09
2.859000000000000000e+03 1.357482693979262496e-09
2.860000000000000000e+03 1.355930778673153960e-09
2.861000000000000000e+03 1.356466635372933111e-09
2.862000000000000000e+03 1.356042715868303690e-09
2.863000000000000000e+03 1.355118388262778267e-09
2.864000000000000000e+03 1.354419598762450577e-09
2.865000000000000000e+03 1.354907247988093864e-09
2.866000000000000000e+03 1.356111517576480056e-09
2.867000000000000000e+03 1.356848961190889077e-09
2.868000000000000000e+03 1.355203477590569314e-09
2.869000000000000000e+03 1.355810364559673115e-09
2.870000000000000000e+03 1.355711876998993458e-09
2.871000000000000000e+03 1.354748008201430926e-09
2.872000000000000000e+03 1.355288013743317982e-09
2.873000000000000000e+03 1.356280666830573608e-09
2.874000000000000000e+03 1.355866561129508894e-09
2.875000000000000000e+03 1.355472160933124851e-09
2.876000000000000000e+03 1.355743051735281672e-09
2.877000000000000000e+03 1.354745000697991502e-09
2.878000000000000000e+03 1.356680588097384145e-09
2.879000000000000000e+03 1.355176485115760436e-09
2.880000000000000000e+03 1.354929510382393689e-09
2.881000000000000000e+03 1.354670476815096876e-09
2.882000000000000000e+03 1.353949031286959530e-09
2.883000000000000000e+03 1.354913125132520943e-09
2.884000000000000000e+03 1.356585947390590223e-09
2.885000000000000000e+03 1.354414146112675422e-09
2.886000000000000000e+03 1.354305094530037974e-09
2.887000000000000000e+03 1.354998734943732098e-09
2.888000000000000000e+03 1.355844826627913812e-09
2.889000000000000000e+03 1.354618388798600899e-09
2.890000000000000000e+03 1.353708572732302996e-09
2.891000000000000000e+03 1.353660043697009332e-09
2.892000000000000000e+03 1.354365135741383462e-09
2.893000000000000000e+03 1.355175777953482876e-09
2.894000000000000000e+03 1.353671593722084651e-09
2.895000000000000000e+03 1.355302202309866232e-09
2.896000000000000000e+03 1.354284813214931671e-09
2.897000000000000000e+03 1.354633232817832964e-09
2.898000000000000000e+03 1.354102827736605232e-09
2.899000000000000000e+03 1.354324075989588829e-09
2.900000000000000000e+03 1.353601300073892830e-09
2.901000000000000000e+03 1.353926424871297309e-09
2.902000000000000000e+03 1.353578781698810538e-09
2.903000000000000000e+03 1.354786796563151663e-09
2.904000000000000000e+03 1.353535155113157778e-09
2.905000000000000000e+03 1.354338352370614839e-09
2.906000000000000000e+03 1.354148492088470178e-09
2.907000000000000000e+03 1.353219155861679282e-09
2.908000000000000000e+03 1.353076293034848803e-09
2.909000000000000000e+03 1.353412045764550109e-09
2.910000000000000000e+03 1.354607022640040293e-09
2.911000000000000000e+03 1.353671666289776421e-09
2.912000000000000000e+03 1.353931721930338981e-09
2.913000000000000000e+03 1.357461384565901665e-09
2.914000000000000000e+03 1.352681247641094214e-09
2.915000000000000000e+03 1.353115436782097774e-09
2.916000000000000000e+03 1.354958665142862354e-09
2.917000000000000000e+03 1.352911937724834548e-09
2.918000000000000000e+03 1.353299007290952273e-09
2.919000000000000000e+03 1.356148703647806236e-09
2.920000000000000000e+03 1.352864879300744776e-09
2.921000000000000000e+03 1.354218126692632520e-09
2.922000000000000000e+03 1.352987206238976719e-09
2.923000000000000000e+03 1.354997085174358419e-09
2.924000000000000000e+03 1.354800602709414484e-09
2.925000000000000000e+03 1.353332800351145803e-09
2.926000000000000000e+03 1.352806235047281731e-09
2.927000000000000000e+03 1.352082956327353547e-09
2.928000000000000000e+03 1.352349502628474999e-09
2.929000000000000000e+03 1.353421588729125617e-09
2.930000000000000000e+03 1.354105302644501528e-09
2.931000000000000000e+03 1.353426416042515168e-09
2.932000000000000000e+03 1.353763401905558953e-09
2.933000000000000000e+03 1.354417137296288866e-09
2.934000000000000000e+03 1.352419717302142329e-09
2.935000000000000000e+03 1.354442185900812966e-09
2.936000000000000000e+03 1.352472431430394891e-09
2.937000000000000000e+03 1.352532128985073644e-09
2.938000000000000000e+03 1.353371763698816106e-09
2.939000000000000000e+03 1.353408195183315121e-09
2.940000000000000000e+03 1.352255039449540122e-09
2.941000000000000000e+03 1.353257610859453314e-09
2.942000000000000000e+03 1.353623402893766855e-09
2.943000000000000000e+03 1.352346854601034184e-09
2.944000000000000000e+03 1.352087046520942369e-09
2.945000000000000000e+03 1.352983953105768758e-09
2.946000000000000000e+03 1.351821789245972452e-09
2.947000000000000000e+03 1.352613077779366246e-09
2.948000000000000000e+03 1.352318578707634540e-09
2.949000000000000000e+03 1.351859717848721723e-09
2.950000000000000000e+03 1.352286358405740693e-09
2.951000000000000000e+03 1.352877773471834586e-09
2.952000000000000000e+03 1.353260904842730360e-09
2.953000000000000000e+03 1.351782693383055846e-09
2.954000000000000000e+03 1.351766349033805948e-09
2.955000000000000000e+03 1.352328926525574054e-09
2.956000000000000000e+03 1.351764624879960914e-09
2.957000000000000000e+03 1.353978338059587063e-09
2.958000000000000000e+03 1.352168765331599620e-09
2.959000000000000000e+03 1.352616570835740744e-09
2.960000000000000000e+03 1.352132908423009424e-09
2.961000000000000000e+03 1.352824893919084503e-09
2.962000000000000000e+03 1.351322596498669831e-09
2.963000000000000000e+03 1.352361981899893662e-09
2.964000000000000000e+03 1.351982180429016926e-09
2.965000000000000000e+03 1.352264090560180838e-09
2.966000000000000000e+03 1.350773111117299818e-09
2.967000000000000000e+03 1.351528307206055521e-09
2.968000000000000000e+03 1.351426333511952397e-09
2.969000000000000000e+03 1.352175630800114385e-09
2.970000000000000000e+03 1.351253169601309201e-09
2.971000000000000000e+03 1.351113852003225359e-09
2.972000000000000000e+03 1.351436409496107184e-09
2.973000000000000000e+03 1.351618503009413008e-09
2.974000000000000000e+03 1.350817541073235925e-09
2.975000000000000000e+03 1.350174266601006604e-09
2.976000000000000000e+03 1.350561283107785651e-09
2.977000000000000000e+03 1.350940637488170580e-09
2.978000000000000000e+03 1.350715809894524559e-09
2.979000000000000000e+03 1.351016530228765695e-09
2.980000000000000000e+03 1.351181530029317011e-09
2.981000000000000000e+03 1.350971298066521297e-09
2.982000000000000000e+03 1.351095117154423206e-09
2.983000000000000000e+03 1.351778931472644585e-09
2.984000000000000000e+03 1.350428935758761372e-09
2.985000000000000000e+03 1.351694736308156373e-09
2.986000000000000000e+03 1.351298030349247431e-09
2.987000000000000000e+03 1.352186852828265438e-09
2.988000000000000000e+03 1.350960342609139535e-09
2.989000000000000000e+03 1.350243172419844441e-09
2.990000000000000000e+03 1.350355330167825184e-09
2.991000000000000000e+03 1.350145725588969365e-09
2.992000000000000000e+03 1.349745916083549649e-09
2.993000000000000000e+03 1.350949661004529489e-09
2.994000000000000000e+03 1.349202584950437500e-09
2.995000000000000000e+03 1.351063084990414297e-09
2.996000000000000000e+03 1.350030675371936332e-09
2.997000000000000000e+03 1.350380727126924202e-09
2.998000000000000000e+03 1.350702227329102361e-09
2.999000000000000000e+03 1.350958801277536291e-09
