0.000000000000000000e+00 1.552924435055067940e-03
1.000000000000000000e+00 3.518076334822714557e-04
2.000000000000000000e+00 3.146619666155774987e-04
3.000000000000000000e+00 3.033341985651599672e-04
4.000000000000000000e+00 2.915183380124343362e-04
5.000000000000000000e+00 2.646233714682085327e-04
6.000000000000000000e+00 2.013706238437038324e-04
7.000000000000000000e+00 1.229101503177646923e-04
8.000000000000000000e+00 1.170410820914974111e-04
9.000000000000000000e+00 1.133815522954378897e-04
1.000000000000000000e+01 1.098271546973938963e-04
1.100000000000000000e+01 1.104136719641831912e-04
1.200000000000000000e+01 1.170222908726807241e-04
1.300000000000000000e+01 1.096956639140549708e-04
1.400000000000000000e+01 1.200791928174914656e-04
1.500000000000000000e+01 1.095844150195038975e-04
1.600000000000000000e+01 1.151878484828314735e-04
1.700000000000000000e+01 1.127835935029637015e-04
1.800000000000000000e+01 1.087965500222009006e-04
1.900000000000000000e+01 1.090733785804863949e-04
2.000000000000000000e+01 1.107015653730693071e-04
2.100000000000000000e+01 1.165229709740977625e-04
2.200000000000000000e+01 1.133697873495589958e-04
2.300000000000000000e+01 1.083839263026534189e-04
2.400000000000000000e+01 1.086782007657718647e-04
2.500000000000000000e+01 1.101857976082121736e-04
2.600000000000000000e+01 1.087485829773896526e-04
2.700000000000000000e+01 1.081946360930456419e-04
2.800000000000000000e+01 1.104156342493153186e-04
2.900000000000000000e+01 1.079287229647223230e-04
3.000000000000000000e+01 1.175224312165945405e-04
3.100000000000000000e+01 1.118881000957704141e-04
3.200000000000000000e+01 1.103670151771965583e-04
3.300000000000000000e+01 1.081501100251017948e-04
3.400000000000000000e+01 1.104427151219457206e-04
3.500000000000000000e+01 1.075731298161610572e-04
3.600000000000000000e+01 1.076572633098237225e-04
3.700000000000000000e+01 1.095258042762715104e-04
3.800000000000000000e+01 1.077871019441027395e-04
3.900000000000000000e+01 1.094192139096538015e-04
4.000000000000000000e+01 1.091389181585987358e-04
4.100000000000000000e+01 1.083665778368379204e-04
4.200000000000000000e+01 1.071078867639756069e-04
4.300000000000000000e+01 1.120881686127313091e-04
4.400000000000000000e+01 1.089211396700084380e-04
4.500000000000000000e+01 1.073893427309590895e-04
4.600000000000000000e+01 1.069661791213066734e-04
4.700000000000000000e+01 1.053624761280928427e-04
4.800000000000000000e+01 1.062680646651977770e-04
4.900000000000000000e+01 1.057911903503001014e-04
5.000000000000000000e+01 1.068786994363856699e-04
5.100000000000000000e+01 1.059250483275900713e-04
5.200000000000000000e+01 1.082895610244652396e-04
5.300000000000000000e+01 1.062942780138265554e-04
5.400000000000000000e+01 1.072742580613023517e-04
5.500000000000000000e+01 1.081469305400117084e-04
5.600000000000000000e+01 1.082441438833367661e-04
5.700000000000000000e+01 1.065664139254063163e-04
5.800000000000000000e+01 1.075935436133968625e-04
5.900000000000000000e+01 1.045815456559448737e-04
6.000000000000000000e+01 1.042792998071851091e-04
6.100000000000000000e+01 1.054631304503561004e-04
6.200000000000000000e+01 1.041859601116974001e-04
6.300000000000000000e+01 1.060609415601767609e-04
6.400000000000000000e+01 1.048349376591980542e-04
6.500000000000000000e+01 1.036124673027767796e-04
6.600000000000000000e+01 1.044298713417209703e-04
6.700000000000000000e+01 1.045624600840244734e-04
6.800000000000000000e+01 1.041878013973909501e-04
6.900000000000000000e+01 1.055062242718112755e-04
7.000000000000000000e+01 1.055483039890334489e-04
7.100000000000000000e+01 1.055805118404842238e-04
7.200000000000000000e+01 1.031616354503180674e-04
7.300000000000000000e+01 1.055474417493112955e-04
7.400000000000000000e+01 1.059832011625930036e-04
7.500000000000000000e+01 1.073005150461042148e-04
7.600000000000000000e+01 1.093611235596017307e-04
7.700000000000000000e+01 1.028525073873278150e-04
7.800000000000000000e+01 1.023588610509214118e-04
7.900000000000000000e+01 1.051377036159539867e-04
8.000000000000000000e+01 1.032369630390347746e-04
8.100000000000000000e+01 1.041350702753045693e-04
8.200000000000000000e+01 1.050303610227202255e-04
8.300000000000000000e+01 1.013622446531199975e-04
8.400000000000000000e+01 1.020648595640001545e-04
8.500000000000000000e+01 1.016677149698797151e-04
8.600000000000000000e+01 1.019793924251772812e-04
8.700000000000000000e+01 1.033565219992690502e-04
8.800000000000000000e+01 1.039484478251748260e-04
8.900000000000000000e+01 1.025638537568122362e-04
9.000000000000000000e+01 1.014020349200458478e-04
9.100000000000000000e+01 1.020004770629298765e-04
9.200000000000000000e+01 1.021850406116119178e-04
9.300000000000000000e+01 1.001406690087856257e-04
9.400000000000000000e+01 1.051372841807058565e-04
9.500000000000000000e+01 1.027623642691833966e-04
9.600000000000000000e+01 1.000910091646201950e-04
9.700000000000000000e+01 1.017088524606994784e-04
9.800000000000000000e+01 1.006576068731478808e-04
9.900000000000000000e+01 1.015446710437068909e-04
1.000000000000000000e+02 1.009191857913771702e-04
1.010000000000000000e+02 9.942542342042565184e-05
1.020000000000000000e+02 9.884399509728492960e-05
1.030000000000000000e+02 1.003100404047096007e-04
1.040000000000000000e+02 9.845761325673607893e-05
1.050000000000000000e+02 1.002779196601376918e-04
1.060000000000000000e+02 9.929325978393947695e-05
1.070000000000000000e+02 9.880325588655049695e-05
1.080000000000000000e+02 1.002374652335656028e-04
1.090000000000000000e+02 9.737528215815950303e-05
1.100000000000000000e+02 9.889242500879915146e-05
1.110000000000000000e+02 9.766470384864300283e-05
1.120000000000000000e+02 9.952454292594253035e-05
1.130000000000000000e+02 1.012985369995754946e-04
1.140000000000000000e+02 9.677390877794745652e-05
1.150000000000000000e+02 9.770714630592465565e-05
1.160000000000000000e+02 9.690846049632146893e-05
1.170000000000000000e+02 9.592141501608838171e-05
1.180000000000000000e+02 9.664724310706171483e-05
1.190000000000000000e+02 9.702380767229205275e-05
1.200000000000000000e+02 9.555967113934422453e-05
1.210000000000000000e+02 9.937736941578333063e-05
1.220000000000000000e+02 9.728449598292009809e-05
1.230000000000000000e+02 9.573641836149024615e-05
1.240000000000000000e+02 9.437845779575263763e-05
1.250000000000000000e+02 9.684632243729204989e-05
1.260000000000000000e+02 9.393830681572585520e-05
1.270000000000000000e+02 9.606812521691083075e-05
1.280000000000000000e+02 9.366176296713263859e-05
1.290000000000000000e+02 9.454265212664771643e-05
1.300000000000000000e+02 9.433024669725188695e-05
1.310000000000000000e+02 9.400392173900830838e-05
1.320000000000000000e+02 9.581704805296040867e-05
1.330000000000000000e+02 9.316118323695757395e-05
1.340000000000000000e+02 9.444300362417485707e-05
1.350000000000000000e+02 9.251727166593866857e-05
1.360000000000000000e+02 9.332614206205055291e-05
1.370000000000000000e+02 9.179854520131572511e-05
1.380000000000000000e+02 9.100282638100928390e-05
1.390000000000000000e+02 9.180335973690317744e-05
1.400000000000000000e+02 9.135936823651620749e-05
1.410000000000000000e+02 9.167406547258825130e-05
1.420000000000000000e+02 9.056512351825479897e-05
1.430000000000000000e+02 9.339682744820524839e-05
1.440000000000000000e+02 9.132173437691159244e-05
1.450000000000000000e+02 9.177010727732814478e-05
1.460000000000000000e+02 9.058161674607049325e-05
1.470000000000000000e+02 8.848126900259618095e-05
1.480000000000000000e+02 8.955534454348290185e-05
1.490000000000000000e+02 8.821335329636917398e-05
1.500000000000000000e+02 8.930244802581855897e-05
1.510000000000000000e+02 8.817639857840754703e-05
1.520000000000000000e+02 8.801037793959893434e-05
1.530000000000000000e+02 8.800948304451082082e-05
1.540000000000000000e+02 8.850466392742225435e-05
1.550000000000000000e+02 8.665073488486023249e-05
1.560000000000000000e+02 8.597101392836600927e-05
1.570000000000000000e+02 8.725696917634721481e-05
1.580000000000000000e+02 8.746525184872709809e-05
1.590000000000000000e+02 8.846779417029028588e-05
1.600000000000000000e+02 8.462962319993488664e-05
1.610000000000000000e+02 8.475794402052349728e-05
1.620000000000000000e+02 8.439135829192482804e-05
1.630000000000000000e+02 8.347446426043736596e-05
1.640000000000000000e+02 8.332627638839720330e-05
1.650000000000000000e+02 8.311730602968176341e-05
1.660000000000000000e+02 8.272269095216806508e-05
1.670000000000000000e+02 8.225800454288111053e-05
1.680000000000000000e+02 8.242389130137690856e-05
1.690000000000000000e+02 8.254763594405763519e-05
1.700000000000000000e+02 8.269163529355198891e-05
1.710000000000000000e+02 8.289495918507443521e-05
1.720000000000000000e+02 8.052802281446738220e-05
1.730000000000000000e+02 7.984091312647446578e-05
1.740000000000000000e+02 7.937642054814858560e-05
1.750000000000000000e+02 8.059988441602863136e-05
1.760000000000000000e+02 8.021425243769424401e-05
1.770000000000000000e+02 8.000155264126458719e-05
1.780000000000000000e+02 7.899032012977674658e-05
1.790000000000000000e+02 8.251581832498030710e-05
1.800000000000000000e+02 7.964557978847793007e-05
1.810000000000000000e+02 7.720972579878326934e-05
1.820000000000000000e+02 7.706835101166136166e-05
1.830000000000000000e+02 7.588105933769139096e-05
1.840000000000000000e+02 7.743946470036702843e-05
1.850000000000000000e+02 7.638662569051525141e-05
1.860000000000000000e+02 7.536453100486534165e-05
1.870000000000000000e+02 7.531528969402588158e-05
1.880000000000000000e+02 7.594788678463711910e-05
1.890000000000000000e+02 7.483245136643023904e-05
1.900000000000000000e+02 7.437639227717842642e-05
1.910000000000000000e+02 7.327266765141955522e-05
1.920000000000000000e+02 7.344073793839306472e-05
1.930000000000000000e+02 7.217140388190400595e-05
1.940000000000000000e+02 7.345402518336021736e-05
1.950000000000000000e+02 7.157092399531547592e-05
1.960000000000000000e+02 7.080085996695329310e-05
1.970000000000000000e+02 7.033045982692034113e-05
1.980000000000000000e+02 7.109597992591853597e-05
1.990000000000000000e+02 7.041142796616912264e-05
2.000000000000000000e+02 6.954278692559238951e-05
2.010000000000000000e+02 6.858598081936139281e-05
2.020000000000000000e+02 6.833529463018982229e-05
2.030000000000000000e+02 6.792625250337682276e-05
2.040000000000000000e+02 6.783034400970935614e-05
2.050000000000000000e+02 6.725782171907033395e-05
2.060000000000000000e+02 6.665670849710331831e-05
2.070000000000000000e+02 6.763192614469438612e-05
2.080000000000000000e+02 6.653817295183711588e-05
2.090000000000000000e+02 6.568270488329428349e-05
2.100000000000000000e+02 6.534319607658281407e-05
2.110000000000000000e+02 6.462589090166046696e-05
2.120000000000000000e+02 6.563301244582662292e-05
2.130000000000000000e+02 6.370611221239919270e-05
2.140000000000000000e+02 6.367621698694160321e-05
2.150000000000000000e+02 6.277229292966179746e-05
2.160000000000000000e+02 6.306716237208754780e-05
2.170000000000000000e+02 6.412328366452980878e-05
2.180000000000000000e+02 6.171252088453043564e-05
2.190000000000000000e+02 6.267997479343603471e-05
2.200000000000000000e+02 6.131953543540506594e-05
2.210000000000000000e+02 6.043431316471536247e-05
2.220000000000000000e+02 5.963058222079281427e-05
2.230000000000000000e+02 5.936264675172708935e-05
2.240000000000000000e+02 5.924114679256232876e-05
2.250000000000000000e+02 5.957749124884532922e-05
2.260000000000000000e+02 5.795829462029975133e-05
2.270000000000000000e+02 5.801578093390091908e-05
2.280000000000000000e+02 5.708295970647135669e-05
2.290000000000000000e+02 5.700749036496353755e-05
2.300000000000000000e+02 5.699579752896947939e-05
2.310000000000000000e+02 5.712884028354538738e-05
2.320000000000000000e+02 5.684707553613207711e-05
2.330000000000000000e+02 5.568278783491767848e-05
2.340000000000000000e+02 5.457968291944785322e-05
2.350000000000000000e+02 5.421468465268123487e-05
2.360000000000000000e+02 5.444024252765458953e-05
2.370000000000000000e+02 5.369802936159263164e-05
2.380000000000000000e+02 5.427545848959492748e-05
2.390000000000000000e+02 5.238753335959762226e-05
2.400000000000000000e+02 5.202437664961357945e-05
2.410000000000000000e+02 5.246237113016620425e-05
2.420000000000000000e+02 5.140141723999153768e-05
2.430000000000000000e+02 5.104627667212040699e-05
2.440000000000000000e+02 5.111968706137469507e-05
2.450000000000000000e+02 5.084210381111897443e-05
2.460000000000000000e+02 4.992881379183348821e-05
2.470000000000000000e+02 4.988265624194821455e-05
2.480000000000000000e+02 4.992804279790882620e-05
2.490000000000000000e+02 5.025829760935069589e-05
2.500000000000000000e+02 4.822141300949826261e-05
2.510000000000000000e+02 4.838986786178161914e-05
2.520000000000000000e+02 4.865774608966210937e-05
2.530000000000000000e+02 4.769640402855370142e-05
2.540000000000000000e+02 4.751341604164283859e-05
2.550000000000000000e+02 4.755402198201757785e-05
2.560000000000000000e+02 4.685977656570809355e-05
2.570000000000000000e+02 4.547428361311613826e-05
2.580000000000000000e+02 4.601334313487404521e-05
2.590000000000000000e+02 4.597101734071750275e-05
2.600000000000000000e+02 4.488566127930354040e-05
2.610000000000000000e+02 4.420668539833331377e-05
2.620000000000000000e+02 4.375172032034867171e-05
2.630000000000000000e+02 4.336119704173401054e-05
2.640000000000000000e+02 4.292471976621446868e-05
2.650000000000000000e+02 4.390206731632380100e-05
2.660000000000000000e+02 4.304570668990506595e-05
2.670000000000000000e+02 4.240526689395743992e-05
2.680000000000000000e+02 4.191562129849090026e-05
2.690000000000000000e+02 4.252623340761197633e-05
2.700000000000000000e+02 4.165912481184494344e-05
2.710000000000000000e+02 4.148561280147318719e-05
2.720000000000000000e+02 4.081250495422926314e-05
2.730000000000000000e+02 4.075990616472932663e-05
2.740000000000000000e+02 4.030593056451668005e-05
2.750000000000000000e+02 4.044960042854204186e-05
2.760000000000000000e+02 3.922951959581278682e-05
2.770000000000000000e+02 3.915049780238511802e-05
2.780000000000000000e+02 3.903454888808085340e-05
2.790000000000000000e+02 3.876119232691662379e-05
2.800000000000000000e+02 3.800469038213352517e-05
2.810000000000000000e+02 3.911993375938179650e-05
2.820000000000000000e+02 3.779275430299337113e-05
2.830000000000000000e+02 3.809366502539247748e-05
2.840000000000000000e+02 3.690802184665290436e-05
2.850000000000000000e+02 3.698297145945224839e-05
2.860000000000000000e+02 3.753900102705928435e-05
2.870000000000000000e+02 3.600132671699011490e-05
2.880000000000000000e+02 3.600069072033591560e-05
2.890000000000000000e+02 3.548472473239651945e-05
2.900000000000000000e+02 3.543433235584205268e-05
2.910000000000000000e+02 3.530654981054067289e-05
2.920000000000000000e+02 3.494636421337818009e-05
2.930000000000000000e+02 3.422232019967732505e-05
2.940000000000000000e+02 3.421246147234339460e-05
2.950000000000000000e+02 3.446044772339923375e-05
2.960000000000000000e+02 3.398642310307781780e-05
2.970000000000000000e+02 3.435773600505599034e-05
2.980000000000000000e+02 3.325956380184451333e-05
2.990000000000000000e+02 3.289515998054079395e-05
3.000000000000000000e+02 3.252085907063035405e-05
3.010000000000000000e+02 3.265761721786327457e-05
3.020000000000000000e+02 3.207855712875153266e-05
3.030000000000000000e+02 3.222917634824447135e-05
3.040000000000000000e+02 3.194841450948550550e-05
3.050000000000000000e+02 3.123161631673171916e-05
3.060000000000000000e+02 3.174730340903060593e-05
3.070000000000000000e+02 3.078443767207805223e-05
3.080000000000000000e+02 3.049808706500803013e-05
3.090000000000000000e+02 3.080263687673832559e-05
3.100000000000000000e+02 3.094535674520961557e-05
3.110000000000000000e+02 3.011188494380083214e-05
3.120000000000000000e+02 3.054451864861571105e-05
3.130000000000000000e+02 2.951795354903522902e-05
3.140000000000000000e+02 3.053542508156709167e-05
3.150000000000000000e+02 2.912997573083354441e-05
3.160000000000000000e+02 2.914510007748302649e-05
3.170000000000000000e+02 2.903289507583571439e-05
3.180000000000000000e+02 2.881691814539453803e-05
3.190000000000000000e+02 2.819021891343539632e-05
3.200000000000000000e+02 2.799063930633494669e-05
3.210000000000000000e+02 2.815589001093937483e-05
3.220000000000000000e+02 2.757955695939370643e-05
3.230000000000000000e+02 2.743343380661286118e-05
3.240000000000000000e+02 2.725057973243821100e-05
3.250000000000000000e+02 2.701881964118962778e-05
3.260000000000000000e+02 2.702886125719512511e-05
3.270000000000000000e+02 2.696166992196142239e-05
3.280000000000000000e+02 2.659194474755664474e-05
3.290000000000000000e+02 2.696414416925934320e-05
3.300000000000000000e+02 2.632413477576727180e-05
3.310000000000000000e+02 2.583224747706552217e-05
3.320000000000000000e+02 2.578574445400084363e-05
3.330000000000000000e+02 2.580062060092911988e-05
3.340000000000000000e+02 2.582550305816566459e-05
3.350000000000000000e+02 2.504109198765143323e-05
3.360000000000000000e+02 2.511244354100353952e-05
3.370000000000000000e+02 2.490898989947939584e-05
3.380000000000000000e+02 2.524554422694315686e-05
3.390000000000000000e+02 2.436523352854387536e-05
3.400000000000000000e+02 2.420446043210444819e-05
3.410000000000000000e+02 2.427503547279454615e-05
3.420000000000000000e+02 2.437557134010720963e-05
3.430000000000000000e+02 2.365012310617367787e-05
3.440000000000000000e+02 2.355536026382160691e-05
3.450000000000000000e+02 2.343026476435387473e-05
3.460000000000000000e+02 2.396592050191894275e-05
3.470000000000000000e+02 2.412974123591554113e-05
3.480000000000000000e+02 2.274001804343775879e-05
3.490000000000000000e+02 2.291636906096880291e-05
3.500000000000000000e+02 2.262538688464796633e-05
3.510000000000000000e+02 2.266037279184094532e-05
3.520000000000000000e+02 2.266594186113547469e-05
3.530000000000000000e+02 2.231798414964364214e-05
3.540000000000000000e+02 2.222637351626997353e-05
3.550000000000000000e+02 2.273576644045138332e-05
3.560000000000000000e+02 2.197059726661633697e-05
3.570000000000000000e+02 2.172101077989240458e-05
3.580000000000000000e+02 2.160179151078381074e-05
3.590000000000000000e+02 2.149169336905200144e-05
3.600000000000000000e+02 2.114940808023127894e-05
3.610000000000000000e+02 2.107508401631137489e-05
3.620000000000000000e+02 2.120781159081420910e-05
3.630000000000000000e+02 2.088819248742270304e-05
3.640000000000000000e+02 2.066050822276786436e-05
3.650000000000000000e+02 2.092483888557550837e-05
3.660000000000000000e+02 2.074613822625297131e-05
3.670000000000000000e+02 2.054361266044819466e-05
3.680000000000000000e+02 2.023440101927510547e-05
3.690000000000000000e+02 2.013407229104672194e-05
3.700000000000000000e+02 2.018709249654603821e-05
3.710000000000000000e+02 2.043202427818351517e-05
3.720000000000000000e+02 2.001352169037782372e-05
3.730000000000000000e+02 1.965992030014701185e-05
3.740000000000000000e+02 1.937108180115168271e-05
3.750000000000000000e+02 1.938586870216376317e-05
3.760000000000000000e+02 1.927494583657329364e-05
3.770000000000000000e+02 1.909024101298824848e-05
3.780000000000000000e+02 1.897428132444504062e-05
3.790000000000000000e+02 1.910628915890592904e-05
3.800000000000000000e+02 1.884473982809325263e-05
3.810000000000000000e+02 1.894401400527540778e-05
3.820000000000000000e+02 1.859597944844941229e-05
3.830000000000000000e+02 1.846438142394102379e-05
3.840000000000000000e+02 1.843267589747666848e-05
3.850000000000000000e+02 1.825809635406601251e-05
3.860000000000000000e+02 1.833523395015899902e-05
3.870000000000000000e+02 1.819127698858538422e-05
3.880000000000000000e+02 1.829458807506353782e-05
3.890000000000000000e+02 1.776398137720389966e-05
3.900000000000000000e+02 1.783941385020898154e-05
3.910000000000000000e+02 1.772859085270146211e-05
3.920000000000000000e+02 1.756910841555324527e-05
3.930000000000000000e+02 1.782583293216048235e-05
3.940000000000000000e+02 1.802218861573299510e-05
3.950000000000000000e+02 1.750684538586805760e-05
3.960000000000000000e+02 1.715901708581486559e-05
3.970000000000000000e+02 1.704967363516781816e-05
3.980000000000000000e+02 1.703987185618649684e-05
3.990000000000000000e+02 1.681897599344052985e-05
4.000000000000000000e+02 1.701677111191910379e-05
4.010000000000000000e+02 1.665928278140632086e-05
4.020000000000000000e+02 1.665287894041595892e-05
4.030000000000000000e+02 1.656768574590500564e-05
4.040000000000000000e+02 1.640863544295731953e-05
4.050000000000000000e+02 1.652458136343383036e-05
4.060000000000000000e+02 1.640739028894269531e-05
4.070000000000000000e+02 1.626126330440512351e-05
4.080000000000000000e+02 1.604002290428543128e-05
4.090000000000000000e+02 1.620648961245578989e-05
4.100000000000000000e+02 1.608781500546148182e-05
4.110000000000000000e+02 1.592177071052693202e-05
4.120000000000000000e+02 1.596565662383468847e-05
4.130000000000000000e+02 1.573830738804718975e-05
4.140000000000000000e+02 1.559727830798683480e-05
4.150000000000000000e+02 1.555679169471224418e-05
4.160000000000000000e+02 1.557896568423755026e-05
4.170000000000000000e+02 1.546122363354653271e-05
4.180000000000000000e+02 1.553885575703890329e-05
4.190000000000000000e+02 1.533042351116148096e-05
4.200000000000000000e+02 1.530187693719602086e-05
4.210000000000000000e+02 1.519085026908052956e-05
4.220000000000000000e+02 1.504248641017315049e-05
4.230000000000000000e+02 1.497056174672389067e-05
4.240000000000000000e+02 1.508117431746161901e-05
4.250000000000000000e+02 1.494749826008278611e-05
4.260000000000000000e+02 1.475740190356594016e-05
4.270000000000000000e+02 1.461941652189600612e-05
4.280000000000000000e+02 1.499610409502393843e-05
4.290000000000000000e+02 1.481738892171246625e-05
4.300000000000000000e+02 1.449833168161287217e-05
4.310000000000000000e+02 1.468408951034074272e-05
4.320000000000000000e+02 1.439573347189882483e-05
4.330000000000000000e+02 1.429516438171118772e-05
4.340000000000000000e+02 1.414505980319849823e-05
4.350000000000000000e+02 1.411467291123759807e-05
4.360000000000000000e+02 1.405887159980177278e-05
4.370000000000000000e+02 1.451979303778599780e-05
4.380000000000000000e+02 1.408014458501868675e-05
4.390000000000000000e+02 1.412562141187283841e-05
4.400000000000000000e+02 1.380537861317802284e-05
4.410000000000000000e+02 1.383312901950078799e-05
4.420000000000000000e+02 1.407561478413285269e-05
4.430000000000000000e+02 1.371512842491708508e-05
4.440000000000000000e+02 1.365988118209962971e-05
4.450000000000000000e+02 1.359684338863924925e-05
4.460000000000000000e+02 1.358552748810680447e-05
4.470000000000000000e+02 1.344205194350463371e-05
4.480000000000000000e+02 1.372779071169804828e-05
4.490000000000000000e+02 1.360470578062120439e-05
4.500000000000000000e+02 1.325333008390819104e-05
4.510000000000000000e+02 1.326399389370242765e-05
4.520000000000000000e+02 1.323937334698340135e-05
4.530000000000000000e+02 1.311564771689560195e-05
4.540000000000000000e+02 1.307338030747241217e-05
4.550000000000000000e+02 1.304669196816481868e-05
4.560000000000000000e+02 1.300877436026183570e-05
4.570000000000000000e+02 1.311705595410119698e-05
4.580000000000000000e+02 1.317396193567791443e-05
4.590000000000000000e+02 1.311839058502488635e-05
4.600000000000000000e+02 1.294898551960562063e-05
4.610000000000000000e+02 1.275354369600243105e-05
4.620000000000000000e+02 1.272739057434522713e-05
4.630000000000000000e+02 1.265034661799412937e-05
4.640000000000000000e+02 1.277782592677238150e-05
4.650000000000000000e+02 1.257840906464968399e-05
4.660000000000000000e+02 1.247858547322795645e-05
4.670000000000000000e+02 1.262272535207764405e-05
4.680000000000000000e+02 1.245300130232856312e-05
4.690000000000000000e+02 1.262031378960816293e-05
4.700000000000000000e+02 1.232444328284883394e-05
4.710000000000000000e+02 1.225691985433284979e-05
4.720000000000000000e+02 1.229277377855098035e-05
4.730000000000000000e+02 1.238935516386129571e-05
4.740000000000000000e+02 1.215221137276644247e-05
4.750000000000000000e+02 1.217577736029891835e-05
4.760000000000000000e+02 1.223811462380000651e-05
4.770000000000000000e+02 1.216828342406983367e-05
4.780000000000000000e+02 1.203153855292754343e-05
4.790000000000000000e+02 1.206020337529739011e-05
4.800000000000000000e+02 1.200908191137872967e-05
4.810000000000000000e+02 1.192085382292140166e-05
4.820000000000000000e+02 1.186232565135574272e-05
4.830000000000000000e+02 1.180386211412655114e-05
4.840000000000000000e+02 1.183665518419304533e-05
4.850000000000000000e+02 1.179072982974960566e-05
4.860000000000000000e+02 1.173570805631763030e-05
4.870000000000000000e+02 1.171935443634176622e-05
4.880000000000000000e+02 1.166998334183819977e-05
4.890000000000000000e+02 1.160293368039776212e-05
4.900000000000000000e+02 1.156615507605985515e-05
4.910000000000000000e+02 1.164789650377000422e-05
4.920000000000000000e+02 1.157780605284641193e-05
4.930000000000000000e+02 1.151368044218084108e-05
4.940000000000000000e+02 1.156150097019422730e-05
4.950000000000000000e+02 1.144499827181950425e-05
4.960000000000000000e+02 1.141427794466859589e-05
4.970000000000000000e+02 1.145001436063435913e-05
4.980000000000000000e+02 1.134368261695743857e-05
4.990000000000000000e+02 1.131845492931078953e-05
5.000000000000000000e+02 1.122222280599002601e-05
5.010000000000000000e+02 1.128960472150151291e-05
5.020000000000000000e+02 1.143360061665648591e-05
5.030000000000000000e+02 1.114830936260209000e-05
5.040000000000000000e+02 1.119703778648864586e-05
5.050000000000000000e+02 1.131228614281043605e-05
5.060000000000000000e+02 1.108207223994648896e-05
5.070000000000000000e+02 1.102259735750039973e-05
5.080000000000000000e+02 1.099378025799102807e-05
5.090000000000000000e+02 1.100388024579624403e-05
5.100000000000000000e+02 1.093849072835801012e-05
5.110000000000000000e+02 1.090480917095090734e-05
5.120000000000000000e+02 1.084574943265443030e-05
5.130000000000000000e+02 1.088411911573880045e-05
5.140000000000000000e+02 1.089836905730488316e-05
5.150000000000000000e+02 1.085158059626296638e-05
5.160000000000000000e+02 1.096409928788396045e-05
5.170000000000000000e+02 1.080786153310967934e-05
5.180000000000000000e+02 1.069747794623568512e-05
5.190000000000000000e+02 1.068164334866993747e-05
5.200000000000000000e+02 1.064200342092325918e-05
5.210000000000000000e+02 1.064304944618489840e-05
5.220000000000000000e+02 1.071175838103736452e-05
5.230000000000000000e+02 1.062644878514212690e-05
5.240000000000000000e+02 1.058197972935675770e-05
5.250000000000000000e+02 1.063426678283251647e-05
5.260000000000000000e+02 1.055686679893636246e-05
5.270000000000000000e+02 1.053734604366416462e-05
5.280000000000000000e+02 1.043078184826681490e-05
5.290000000000000000e+02 1.054552922890765575e-05
5.300000000000000000e+02 1.039862667390463748e-05
5.310000000000000000e+02 1.039255475890458696e-05
5.320000000000000000e+02 1.036997195893222493e-05
5.330000000000000000e+02 1.032954038152464014e-05
5.340000000000000000e+02 1.033043912068222219e-05
5.350000000000000000e+02 1.034987419313049102e-05
5.360000000000000000e+02 1.042757841020797639e-05
5.370000000000000000e+02 1.023130277058798854e-05
5.380000000000000000e+02 1.024900174518187610e-05
5.390000000000000000e+02 1.022071933111062437e-05
5.400000000000000000e+02 1.017123559189094584e-05
5.410000000000000000e+02 1.012072851411557281e-05
5.420000000000000000e+02 1.016335809581196080e-05
5.430000000000000000e+02 1.010136508634224467e-05
5.440000000000000000e+02 1.009537369028788871e-05
5.450000000000000000e+02 1.008983594119083587e-05
5.460000000000000000e+02 1.008313332480769106e-05
5.470000000000000000e+02 1.005090806516037353e-05
5.480000000000000000e+02 1.003167547267813795e-05
5.490000000000000000e+02 9.963762030659238878e-06
5.500000000000000000e+02 9.941321054876635415e-06
5.510000000000000000e+02 9.978203320961956472e-06
5.520000000000000000e+02 9.967302843026168757e-06
5.530000000000000000e+02 9.888815456150842418e-06
5.540000000000000000e+02 9.949624004179320936e-06
5.550000000000000000e+02 9.911411681442811890e-06
5.560000000000000000e+02 9.866255229722746106e-06
5.570000000000000000e+02 9.812329818645864753e-06
5.580000000000000000e+02 9.801798357200156193e-06
5.590000000000000000e+02 9.810957936920199280e-06
5.600000000000000000e+02 9.780083800655762179e-06
5.610000000000000000e+02 9.765107791617661399e-06
5.620000000000000000e+02 9.693975066245165041e-06
5.630000000000000000e+02 9.708335529724168594e-06
5.640000000000000000e+02 9.732742984506669774e-06
5.650000000000000000e+02 9.683351043349103652e-06
5.660000000000000000e+02 9.745392466120206146e-06
5.670000000000000000e+02 9.642239751620258165e-06
5.680000000000000000e+02 9.651686114210279830e-06
5.690000000000000000e+02 9.623271579414050214e-06
5.700000000000000000e+02 9.620222385950396394e-06
5.710000000000000000e+02 9.732430944841070471e-06
5.720000000000000000e+02 9.574300777426140294e-06
5.730000000000000000e+02 9.679037472696925556e-06
5.740000000000000000e+02 9.545568102779202808e-06
5.750000000000000000e+02 9.621088684539831162e-06
5.760000000000000000e+02 9.473888035021791563e-06
5.770000000000000000e+02 9.467568190474961667e-06
5.780000000000000000e+02 9.542930325919621483e-06
5.790000000000000000e+02 9.449467426079452654e-06
5.800000000000000000e+02 9.434505281115897866e-06
5.810000000000000000e+02 9.495267046565832893e-06
5.820000000000000000e+02 9.450133997232266524e-06
5.830000000000000000e+02 9.469208333331872123e-06
5.840000000000000000e+02 9.363694347008080435e-06
5.850000000000000000e+02 9.376702877931962084e-06
5.860000000000000000e+02 9.308973910299706255e-06
5.870000000000000000e+02 9.360120906999695170e-06
5.880000000000000000e+02 9.276114157413208516e-06
5.890000000000000000e+02 9.274151177095095013e-06
5.900000000000000000e+02 9.282745266586577685e-06
5.910000000000000000e+02 9.267602435059550277e-06
5.920000000000000000e+02 9.230189095759314309e-06
5.930000000000000000e+02 9.219010354008404503e-06
5.940000000000000000e+02 9.199519711300448307e-06
5.950000000000000000e+02 9.245803817298386238e-06
5.960000000000000000e+02 9.212678369186213945e-06
5.970000000000000000e+02 9.302054272254571077e-06
5.980000000000000000e+02 9.161207178769039896e-06
5.990000000000000000e+02 9.126129682577334751e-06
6.000000000000000000e+02 9.164495952411182635e-06
6.010000000000000000e+02 9.167882066001029024e-06
6.020000000000000000e+02 9.117233709208350540e-06
6.030000000000000000e+02 9.105653826036811120e-06
6.040000000000000000e+02 9.052696571383865280e-06
6.050000000000000000e+02 9.112274475681771561e-06
6.060000000000000000e+02 9.086640498136918333e-06
6.070000000000000000e+02 9.044412528993470425e-06
6.080000000000000000e+02 9.046915563957083240e-06
6.090000000000000000e+02 9.024717174224097821e-06
6.100000000000000000e+02 9.082569373729764461e-06
6.110000000000000000e+02 8.998699326550874033e-06
6.120000000000000000e+02 9.025732189121909662e-06
6.130000000000000000e+02 8.999260984687836804e-06
6.140000000000000000e+02 8.975871239736958758e-06
6.150000000000000000e+02 8.937413508414613790e-06
6.160000000000000000e+02 8.940606132964257446e-06
6.170000000000000000e+02 8.929419137569927675e-06
6.180000000000000000e+02 8.923434278843947226e-06
6.190000000000000000e+02 8.935132153342271899e-06
6.200000000000000000e+02 8.925350107752712107e-06
6.210000000000000000e+02 8.937399496908621609e-06
6.220000000000000000e+02 8.874735802049194810e-06
6.230000000000000000e+02 8.848791635297827084e-06
6.240000000000000000e+02 8.851395669233414257e-06
6.250000000000000000e+02 8.838654695153796886e-06
6.260000000000000000e+02 8.883849203776255979e-06
6.270000000000000000e+02 8.788756365114596392e-06
6.280000000000000000e+02 8.815520799574054009e-06
6.290000000000000000e+02 8.798181613497332008e-06
6.300000000000000000e+02 8.793946952007407146e-06
6.310000000000000000e+02 8.787447910034832825e-06
6.320000000000000000e+02 8.772981801550795093e-06
6.330000000000000000e+02 8.759539850256252961e-06
6.340000000000000000e+02 8.728393006708858560e-06
6.350000000000000000e+02 8.799280201093606714e-06
6.360000000000000000e+02 8.752841274779284586e-06
6.370000000000000000e+02 8.759260984492487894e-06
6.380000000000000000e+02 8.701329214653526057e-06
6.390000000000000000e+02 8.711455958691642268e-06
6.400000000000000000e+02 8.765869626856624686e-06
6.410000000000000000e+02 8.675094827057258727e-06
6.420000000000000000e+02 8.690424074841462569e-06
6.430000000000000000e+02 8.660777176165182807e-06
6.440000000000000000e+02 8.658551249533420763e-06
6.450000000000000000e+02 8.690362125601033811e-06
6.460000000000000000e+02 8.649302462980693228e-06
6.470000000000000000e+02 8.621659305464284220e-06
6.480000000000000000e+02 8.598941414492500152e-06
6.490000000000000000e+02 8.600130899361012644e-06
6.500000000000000000e+02 8.590165072461485436e-06
6.510000000000000000e+02 8.602381481871152269e-06
6.520000000000000000e+02 8.569363680402965788e-06
6.530000000000000000e+02 8.580209471768731290e-06
6.540000000000000000e+02 8.579540025121907106e-06
6.550000000000000000e+02 8.540155008397520443e-06
6.560000000000000000e+02 8.546383906359655155e-06
6.570000000000000000e+02 8.554421395976372758e-06
6.580000000000000000e+02 8.521581996665931571e-06
6.590000000000000000e+02 8.524866608077663922e-06
6.600000000000000000e+02 8.612069987099903051e-06
6.610000000000000000e+02 8.527582879896641695e-06
6.620000000000000000e+02 8.537297451262225890e-06
6.630000000000000000e+02 8.502213139064353337e-06
6.640000000000000000e+02 8.481231944675597762e-06
6.650000000000000000e+02 8.505753451833451375e-06
6.660000000000000000e+02 8.451462904045611456e-06
6.670000000000000000e+02 8.464393127239213077e-06
6.680000000000000000e+02 8.468901800478714325e-06
6.690000000000000000e+02 8.445192959812726022e-06
6.700000000000000000e+02 8.442424717150757922e-06
6.710000000000000000e+02 8.409626377560885092e-06
6.720000000000000000e+02 8.411894026715526019e-06
6.730000000000000000e+02 8.471687209949109953e-06
6.740000000000000000e+02 8.427822250698371935e-06
6.750000000000000000e+02 8.424808058895069465e-06
6.760000000000000000e+02 8.415400211938243950e-06
6.770000000000000000e+02 8.375436408341615409e-06
6.780000000000000000e+02 8.365966817325670024e-06
6.790000000000000000e+02 8.383572084555203453e-06
6.800000000000000000e+02 8.376277971380716308e-06
6.810000000000000000e+02 8.355910045112029241e-06
6.820000000000000000e+02 8.345521212351626508e-06
6.830000000000000000e+02 8.340377972007474158e-06
6.840000000000000000e+02 8.352937093361832022e-06
6.850000000000000000e+02 8.322793681147277445e-06
6.860000000000000000e+02 8.341517319549184321e-06
6.870000000000000000e+02 8.316537230062571667e-06
6.880000000000000000e+02 8.324555396915473500e-06
6.890000000000000000e+02 8.302238324339195617e-06
6.900000000000000000e+02 8.286672641952279298e-06
6.910000000000000000e+02 8.334840458826686609e-06
6.920000000000000000e+02 8.297636006565125490e-06
6.930000000000000000e+02 8.286706359127908421e-06
6.940000000000000000e+02 8.286922143500510688e-06
6.950000000000000000e+02 8.275691119518127401e-06
6.960000000000000000e+02 8.274302172731039793e-06
6.970000000000000000e+02 8.274613845308387413e-06
6.980000000000000000e+02 8.279190263944856157e-06
6.990000000000000000e+02 8.256030086252874381e-06
7.000000000000000000e+02 8.238064527959825252e-06
7.010000000000000000e+02 8.225215157902089524e-06
7.020000000000000000e+02 8.240876399997931648e-06
7.030000000000000000e+02 8.216320622165255343e-06
7.040000000000000000e+02 8.285983480352091430e-06
7.050000000000000000e+02 8.214001668634288931e-06
7.060000000000000000e+02 8.207977562696186272e-06
7.070000000000000000e+02 8.206167390103369323e-06
7.080000000000000000e+02 8.193543281836499428e-06
7.090000000000000000e+02 8.194931475684184111e-06
7.100000000000000000e+02 8.215673527887596683e-06
7.110000000000000000e+02 8.180603737743143061e-06
7.120000000000000000e+02 8.165889244527369044e-06
7.130000000000000000e+02 8.175377571619164737e-06
7.140000000000000000e+02 8.183210687202228451e-06
7.150000000000000000e+02 8.147239303282598628e-06
7.160000000000000000e+02 8.149906467496776725e-06
7.170000000000000000e+02 8.175999617590636005e-06
7.180000000000000000e+02 8.142315798417344865e-06
7.190000000000000000e+02 8.154913922368239895e-06
7.200000000000000000e+02 8.156666590601184506e-06
7.210000000000000000e+02 8.159368227782508743e-06
7.220000000000000000e+02 8.135340628240338243e-06
7.230000000000000000e+02 8.123160334469755898e-06
7.240000000000000000e+02 8.107869989865229115e-06
7.250000000000000000e+02 8.113657555572359863e-06
7.260000000000000000e+02 8.098117840799488925e-06
7.270000000000000000e+02 8.092053211667604042e-06
7.280000000000000000e+02 8.085891805798321540e-06
7.290000000000000000e+02 8.095643322319570566e-06
7.300000000000000000e+02 8.074642828084957916e-06
7.310000000000000000e+02 8.093725415402877330e-06
7.320000000000000000e+02 8.085574727766042669e-06
7.330000000000000000e+02 8.071858556524397007e-06
7.340000000000000000e+02 8.058573621209124112e-06
7.350000000000000000e+02 8.059337705333566600e-06
7.360000000000000000e+02 8.057713236274852980e-06
7.370000000000000000e+02 8.056090921817294715e-06
7.380000000000000000e+02 8.048749063994059557e-06
7.390000000000000000e+02 8.069238579878567182e-06
7.400000000000000000e+02 8.042481677283264756e-06
7.410000000000000000e+02 8.048444758365320902e-06
7.420000000000000000e+02 8.033397385992090906e-06
7.430000000000000000e+02 8.029952303487203688e-06
7.440000000000000000e+02 8.022509884401851613e-06
7.450000000000000000e+02 8.023812995335574092e-06
7.460000000000000000e+02 8.020550643860855381e-06
7.470000000000000000e+02 8.019307829145365201e-06
7.480000000000000000e+02 8.013303073942823512e-06
7.490000000000000000e+02 8.018412533199898720e-06
7.500000000000000000e+02 8.014563327953950475e-06
7.510000000000000000e+02 8.034463712502030902e-06
7.520000000000000000e+02 8.002862009472667894e-06
7.530000000000000000e+02 7.985269988482390760e-06
7.540000000000000000e+02 7.976929285632629481e-06
7.550000000000000000e+02 7.980055106438672049e-06
7.560000000000000000e+02 7.976985628316272771e-06
7.570000000000000000e+02 7.975405309079644392e-06
7.580000000000000000e+02 7.963065354843591812e-06
7.590000000000000000e+02 7.962758275535426219e-06
7.600000000000000000e+02 7.962322441195530322e-06
7.610000000000000000e+02 7.961189942338051109e-06
7.620000000000000000e+02 7.964927783837605740e-06
7.630000000000000000e+02 7.948418200977434465e-06
7.640000000000000000e+02 7.958316285579375822e-06
7.650000000000000000e+02 7.942051814368780846e-06
7.660000000000000000e+02 7.937992921267986090e-06
7.670000000000000000e+02 7.945328031150824077e-06
7.680000000000000000e+02 7.934091061841285465e-06
7.690000000000000000e+02 7.929407513716109064e-06
7.700000000000000000e+02 7.933485844391553092e-06
7.710000000000000000e+02 7.935672356974340501e-06
7.720000000000000000e+02 7.930237909704005594e-06
7.730000000000000000e+02 7.919409076829256514e-06
7.740000000000000000e+02 7.923534900796628134e-06
7.750000000000000000e+02 7.904448148468134604e-06
7.760000000000000000e+02 7.929173256265276116e-06
7.770000000000000000e+02 7.920370440108782679e-06
7.780000000000000000e+02 7.914972821690337791e-06
7.790000000000000000e+02 7.906034786928998597e-06
7.800000000000000000e+02 7.891681652169188173e-06
7.810000000000000000e+02 7.894523509855055213e-06
7.820000000000000000e+02 7.905307029175232821e-06
7.830000000000000000e+02 7.894122826839889863e-06
7.840000000000000000e+02 7.896323938825022281e-06
7.850000000000000000e+02 7.877167008513337871e-06
7.860000000000000000e+02 7.893821559418333993e-06
7.870000000000000000e+02 7.879837361672897193e-06
7.880000000000000000e+02 7.878242945844178921e-06
7.890000000000000000e+02 7.876958858434833443e-06
7.900000000000000000e+02 7.865204807037111756e-06
7.910000000000000000e+02 7.869307394045851287e-06
7.920000000000000000e+02 7.861969871523387526e-06
7.930000000000000000e+02 7.860254851542238053e-06
7.940000000000000000e+02 7.892747206322868816e-06
7.950000000000000000e+02 7.850985709025898481e-06
7.960000000000000000e+02 7.864191346089719183e-06
7.970000000000000000e+02 7.864427903900754883e-06
7.980000000000000000e+02 7.846504365210462087e-06
7.990000000000000000e+02 7.841095346680659623e-06
8.000000000000000000e+02 7.834334791022402536e-06
8.010000000000000000e+02 7.841077586625433025e-06
8.020000000000000000e+02 7.837634740860495219e-06
8.030000000000000000e+02 7.837331985535394064e-06
8.040000000000000000e+02 7.828360612999260158e-06
8.050000000000000000e+02 7.826575337135681504e-06
8.060000000000000000e+02 7.826950789924045905e-06
8.070000000000000000e+02 7.827222991027926957e-06
8.080000000000000000e+02 7.826613836443698259e-06
8.090000000000000000e+02 7.822838599863449110e-06
8.100000000000000000e+02 7.818592136074329940e-06
8.110000000000000000e+02 7.811030681690281943e-06
8.120000000000000000e+02 7.808269900317397572e-06
8.130000000000000000e+02 7.808484988395220531e-06
8.140000000000000000e+02 7.803755208685008118e-06
8.150000000000000000e+02 7.813047858814413024e-06
8.160000000000000000e+02 7.800220373616514180e-06
8.170000000000000000e+02 7.798474065806112156e-06
8.180000000000000000e+02 7.803440256564460244e-06
8.190000000000000000e+02 7.795672192866709194e-06
8.200000000000000000e+02 7.798107261398792332e-06
8.210000000000000000e+02 7.782149513904482884e-06
8.220000000000000000e+02 7.792443964444701563e-06
8.230000000000000000e+02 7.784964286147599984e-06
8.240000000000000000e+02 7.796631519042447904e-06
8.250000000000000000e+02 7.795684774468561470e-06
8.260000000000000000e+02 7.784077772806947943e-06
8.270000000000000000e+02 7.783868465503220138e-06
8.280000000000000000e+02 7.779457346784758107e-06
8.290000000000000000e+02 7.774311502953603085e-06
8.300000000000000000e+02 7.767731075362018853e-06
8.310000000000000000e+02 7.775455671767199408e-06
8.320000000000000000e+02 7.765800492029534266e-06
8.330000000000000000e+02 7.763112020299408602e-06
8.340000000000000000e+02 7.762477559397740648e-06
8.350000000000000000e+02 7.759297498522097140e-06
8.360000000000000000e+02 7.760458021506884570e-06
8.370000000000000000e+02 7.764481913447314585e-06
8.380000000000000000e+02 7.758768889827469297e-06
8.390000000000000000e+02 7.757006819659193945e-06
8.400000000000000000e+02 7.746819376950048327e-06
8.410000000000000000e+02 7.751231089008782903e-06
8.420000000000000000e+02 7.755327944715880730e-06
8.430000000000000000e+02 7.746464642040083856e-06
8.440000000000000000e+02 7.739722234549884221e-06
8.450000000000000000e+02 7.744005515840104734e-06
8.460000000000000000e+02 7.738949451520040594e-06
8.470000000000000000e+02 7.738317383920158301e-06
8.480000000000000000e+02 7.736528221303936754e-06
8.490000000000000000e+02 7.733119761257196178e-06
8.500000000000000000e+02 7.730180775630585057e-06
8.510000000000000000e+02 7.729510747180676770e-06
8.520000000000000000e+02 7.728891658532637866e-06
8.530000000000000000e+02 7.727860442425686172e-06
8.540000000000000000e+02 7.731913960793715889e-06
8.550000000000000000e+02 7.720772242255486044e-06
8.560000000000000000e+02 7.732666934667391028e-06
8.570000000000000000e+02 7.741034365664439026e-06
8.580000000000000000e+02 7.726285588105125958e-06
8.590000000000000000e+02 7.717029680748943211e-06
8.600000000000000000e+02 7.712412392008472983e-06
8.610000000000000000e+02 7.718249892417263037e-06
8.620000000000000000e+02 7.709733375748442234e-06
8.630000000000000000e+02 7.710747986766589311e-06
8.640000000000000000e+02 7.711651112550163895e-06
8.650000000000000000e+02 7.712016241877195754e-06
8.660000000000000000e+02 7.712820927255315505e-06
8.670000000000000000e+02 7.712913189802074739e-06
8.680000000000000000e+02 7.703860213329069372e-06
8.690000000000000000e+02 7.701401443451925868e-06
8.700000000000000000e+02 7.697157541449103438e-06
8.710000000000000000e+02 7.700581060139271617e-06
8.720000000000000000e+02 7.697915763378966063e-06
8.730000000000000000e+02 7.705280105315478147e-06
8.740000000000000000e+02 7.695088167449440957e-06
8.750000000000000000e+02 7.692536099365568638e-06
8.760000000000000000e+02 7.693243782253360354e-06
8.770000000000000000e+02 7.704272745755843708e-06
8.780000000000000000e+02 7.691591210108243462e-06
8.790000000000000000e+02 7.687632622514651984e-06
8.800000000000000000e+02 7.687125055018250591e-06
8.810000000000000000e+02 7.683853735223094737e-06
8.820000000000000000e+02 7.684628413642130302e-06
8.830000000000000000e+02 7.681589649824374289e-06
8.840000000000000000e+02 7.687623425436978841e-06
8.850000000000000000e+02 7.679190971851558285e-06
8.860000000000000000e+02 7.679075036570119623e-06
8.870000000000000000e+02 7.674579112804632812e-06
8.880000000000000000e+02 7.675855880828746038e-06
8.890000000000000000e+02 7.673067980356686166e-06
8.900000000000000000e+02 7.676737692172276817e-06
8.910000000000000000e+02 7.672773350616937015e-06
8.920000000000000000e+02 7.667210258838464985e-06
8.930000000000000000e+02 7.670967334045067444e-06
8.940000000000000000e+02 7.676936197764709863e-06
8.950000000000000000e+02 7.665120034650579889e-06
8.960000000000000000e+02 7.666712317919169986e-06
8.970000000000000000e+02 7.664044404010966904e-06
8.980000000000000000e+02 7.667545018882538345e-06
8.990000000000000000e+02 7.661368371275869069e-06
9.000000000000000000e+02 7.661916098203174426e-06
9.010000000000000000e+02 7.659093290533134480e-06
9.020000000000000000e+02 7.657061939469234259e-06
9.030000000000000000e+02 7.661949861179794384e-06
9.040000000000000000e+02 7.654414880467776185e-06
9.050000000000000000e+02 7.657177387309100492e-06
9.060000000000000000e+02 7.655369189559197118e-06
9.070000000000000000e+02 7.653399513831672530e-06
9.080000000000000000e+02 7.652693542160068146e-06
9.090000000000000000e+02 7.648883898804640196e-06
9.100000000000000000e+02 7.653114233899747096e-06
9.110000000000000000e+02 7.653987032862050288e-06
9.120000000000000000e+02 7.651182298037234361e-06
9.130000000000000000e+02 7.641916152980839363e-06
9.140000000000000000e+02 7.644473606542465739e-06
9.150000000000000000e+02 7.644839885446870657e-06
9.160000000000000000e+02 7.641129473311116121e-06
9.170000000000000000e+02 7.640567381945450871e-06
9.180000000000000000e+02 7.638018712948427535e-06
9.190000000000000000e+02 7.637200047136106522e-06
9.200000000000000000e+02 7.638882195025969749e-06
9.210000000000000000e+02 7.635938235576648933e-06
9.220000000000000000e+02 7.636252697563662191e-06
9.230000000000000000e+02 7.635273234297006680e-06
9.240000000000000000e+02 7.636796059696718993e-06
9.250000000000000000e+02 7.631621828458521700e-06
9.260000000000000000e+02 7.631857111329942730e-06
9.270000000000000000e+02 7.635783687484189048e-06
9.280000000000000000e+02 7.628222920669767800e-06
9.290000000000000000e+02 7.633040871032071361e-06
9.300000000000000000e+02 7.627184498532126314e-06
9.310000000000000000e+02 7.630080793819771305e-06
9.320000000000000000e+02 7.628519440295480774e-06
9.330000000000000000e+02 7.622770316573571318e-06
9.340000000000000000e+02 7.622692469506017042e-06
9.350000000000000000e+02 7.623924729471133484e-06
9.360000000000000000e+02 7.626383431302127422e-06
9.370000000000000000e+02 7.618439667763693993e-06
9.380000000000000000e+02 7.619531785239136096e-06
9.390000000000000000e+02 7.620029129520633028e-06
9.400000000000000000e+02 7.615572909221452811e-06
9.410000000000000000e+02 7.615341428078768660e-06
9.420000000000000000e+02 7.615867545872109051e-06
9.430000000000000000e+02 7.612682727395194760e-06
9.440000000000000000e+02 7.614321854967369185e-06
9.450000000000000000e+02 7.612933204524138217e-06
9.460000000000000000e+02 7.609956789972058230e-06
9.470000000000000000e+02 7.610453580513470507e-06
9.480000000000000000e+02 7.609940366884010038e-06
9.490000000000000000e+02 7.611728556004105717e-06
9.500000000000000000e+02 7.605462104479375788e-06
9.510000000000000000e+02 7.604727870013970001e-06
9.520000000000000000e+02 7.605686386724553928e-06
9.530000000000000000e+02 7.600094814270853518e-06
9.540000000000000000e+02 7.601255613077828134e-06
9.550000000000000000e+02 7.601566086983839141e-06
9.560000000000000000e+02 7.601348360466070194e-06
9.570000000000000000e+02 7.603286214359721210e-06
9.580000000000000000e+02 7.596007129821828334e-06
9.590000000000000000e+02 7.601052363435096309e-06
9.600000000000000000e+02 7.595894698794215805e-06
9.610000000000000000e+02 7.594003206307371775e-06
9.620000000000000000e+02 7.594003780769699898e-06
9.630000000000000000e+02 7.594555348671851617e-06
9.640000000000000000e+02 7.593168300282313737e-06
9.650000000000000000e+02 7.590770905850239010e-06
9.660000000000000000e+02 7.601178459676939477e-06
9.670000000000000000e+02 7.595933718767449230e-06
9.680000000000000000e+02 7.586919954813308658e-06
9.690000000000000000e+02 7.587763891182120551e-06
9.700000000000000000e+02 7.585519209155884722e-06
9.710000000000000000e+02 7.584876068490789536e-06
9.720000000000000000e+02 7.585341997031035940e-06
9.730000000000000000e+02 7.583818170773328987e-06
9.740000000000000000e+02 7.581111341491632840e-06
9.750000000000000000e+02 7.584394003460846192e-06
9.760000000000000000e+02 7.582777246792224302e-06
9.770000000000000000e+02 7.582386311447634495e-06
9.780000000000000000e+02 7.583529725508075396e-06
9.790000000000000000e+02 7.579198636380872522e-06
9.800000000000000000e+02 7.579812101423095923e-06
9.810000000000000000e+02 7.574497022081134388e-06
9.820000000000000000e+02 7.571701856225128468e-06
9.830000000000000000e+02 7.573789002553579162e-06
9.840000000000000000e+02 7.571415621220406300e-06
9.850000000000000000e+02 7.571157899745954272e-06
9.860000000000000000e+02 7.573528151480916235e-06
9.870000000000000000e+02 7.571324955977022685e-06
9.880000000000000000e+02 7.568997690584967477e-06
9.890000000000000000e+02 7.570208541414789835e-06
9.900000000000000000e+02 7.571284970821846576e-06
9.910000000000000000e+02 7.569247882254311623e-06
9.920000000000000000e+02 7.565081025288630594e-06
9.930000000000000000e+02 7.563003095426573578e-06
9.940000000000000000e+02 7.565324281396147676e-06
9.950000000000000000e+02 7.561544225879258487e-06
9.960000000000000000e+02 7.560890090504665775e-06
9.970000000000000000e+02 7.560256486652049537e-06
9.980000000000000000e+02 7.562059704700708354e-06
9.990000000000000000e+02 7.558663459886929737e-06
1.000000000000000000e+03 7.556526021949950667e-06
1.001000000000000000e+03 7.558728642485816249e-06
1.002000000000000000e+03 7.560695168259995632e-06
1.003000000000000000e+03 7.556150200690963261e-06
1.004000000000000000e+03 7.553400443721336208e-06
1.005000000000000000e+03 7.551834652986387840e-06
1.006000000000000000e+03 7.553502148999708449e-06
1.007000000000000000e+03 7.550653220898842253e-06
1.008000000000000000e+03 7.554827884611307067e-06
1.009000000000000000e+03 7.553305808572625676e-06
1.010000000000000000e+03 7.548895357632556414e-06
1.011000000000000000e+03 7.557151717314809448e-06
1.012000000000000000e+03 7.543654251348409682e-06
1.013000000000000000e+03 7.548908078631885441e-06
1.014000000000000000e+03 7.544196883054157949e-06
1.015000000000000000e+03 7.542811449616978313e-06
1.016000000000000000e+03 7.544749212299710914e-06
1.017000000000000000e+03 7.541808473995306144e-06
1.018000000000000000e+03 7.542744021817390318e-06
1.019000000000000000e+03 7.539670228028670366e-06
1.020000000000000000e+03 7.540733169786571743e-06
1.021000000000000000e+03 7.537186822863751123e-06
1.022000000000000000e+03 7.540131346396635056e-06
1.023000000000000000e+03 7.538218056586388576e-06
1.024000000000000000e+03 7.545245431417601152e-06
1.025000000000000000e+03 7.537908832494291294e-06
1.026000000000000000e+03 7.533512542205022553e-06
1.027000000000000000e+03 7.536834147386549288e-06
1.028000000000000000e+03 7.531867109422126340e-06
1.029000000000000000e+03 7.530516453423964991e-06
1.030000000000000000e+03 7.528521564837536735e-06
1.031000000000000000e+03 7.533857692957609112e-06
1.032000000000000000e+03 7.534372832811052619e-06
1.033000000000000000e+03 7.525776768697598988e-06
1.034000000000000000e+03 7.526309210559861249e-06
1.035000000000000000e+03 7.524883667953614985e-06
1.036000000000000000e+03 7.526812961062087924e-06
1.037000000000000000e+03 7.534520567226362135e-06
1.038000000000000000e+03 7.525102492154725283e-06
1.039000000000000000e+03 7.523136700355100516e-06
1.040000000000000000e+03 7.522017469159950198e-06
1.041000000000000000e+03 7.521685218851836339e-06
1.042000000000000000e+03 7.520493947569761366e-06
1.043000000000000000e+03 7.518843613527772290e-06
1.044000000000000000e+03 7.516679835028187751e-06
1.045000000000000000e+03 7.522111880087617352e-06
1.046000000000000000e+03 7.517293837195025516e-06
1.047000000000000000e+03 7.517347674394609718e-06
1.048000000000000000e+03 7.514524990950800440e-06
1.049000000000000000e+03 7.516699968875468113e-06
1.050000000000000000e+03 7.511140988809493289e-06
1.051000000000000000e+03 7.511097890520394743e-06
1.052000000000000000e+03 7.510838534969653212e-06
1.053000000000000000e+03 7.515303976960715661e-06
1.054000000000000000e+03 7.514663659813728264e-06
1.055000000000000000e+03 7.508867840348546041e-06
1.056000000000000000e+03 7.507131324606607094e-06
1.057000000000000000e+03 7.507740251220865248e-06
1.058000000000000000e+03 7.509350577138457085e-06
1.059000000000000000e+03 7.507504096949777350e-06
1.060000000000000000e+03 7.503880251175858328e-06
1.061000000000000000e+03 7.504229557986887872e-06
1.062000000000000000e+03 7.508710383275968278e-06
1.063000000000000000e+03 7.503246502589032562e-06
1.064000000000000000e+03 7.501302877059775781e-06
1.065000000000000000e+03 7.502776694731901614e-06
1.066000000000000000e+03 7.503975887366099446e-06
1.067000000000000000e+03 7.498725449943859165e-06
1.068000000000000000e+03 7.499941763889697950e-06
1.069000000000000000e+03 7.496717338619893171e-06
1.070000000000000000e+03 7.500556669585366753e-06
1.071000000000000000e+03 7.492189898856216919e-06
1.072000000000000000e+03 7.494516980814490962e-06
1.073000000000000000e+03 7.494368065344608865e-06
1.074000000000000000e+03 7.494248509925361327e-06
1.075000000000000000e+03 7.497289057964766076e-06
1.076000000000000000e+03 7.497649624204261598e-06
1.077000000000000000e+03 7.489856642367697971e-06
1.078000000000000000e+03 7.489079510485017425e-06
1.079000000000000000e+03 7.488805176910341374e-06
1.080000000000000000e+03 7.490415527477966711e-06
1.081000000000000000e+03 7.487714469378616293e-06
1.082000000000000000e+03 7.486464532828278691e-06
1.083000000000000000e+03 7.484983219554241315e-06
1.084000000000000000e+03 7.484592885573610511e-06
1.085000000000000000e+03 7.487011756257932897e-06
1.086000000000000000e+03 7.485618778492455736e-06
1.087000000000000000e+03 7.484419627257692003e-06
1.088000000000000000e+03 7.481271356327955610e-06
1.089000000000000000e+03 7.482067368366850933e-06
1.090000000000000000e+03 7.479531858944613125e-06
1.091000000000000000e+03 7.482441343373423236e-06
1.092000000000000000e+03 7.481800617851125071e-06
1.093000000000000000e+03 7.478906920790076960e-06
1.094000000000000000e+03 7.478357755179020003e-06
1.095000000000000000e+03 7.476497413295898412e-06
1.096000000000000000e+03 7.476183370245978490e-06
1.097000000000000000e+03 7.474184519229077318e-06
1.098000000000000000e+03 7.475733048113137217e-06
1.099000000000000000e+03 7.475263082268580535e-06
1.100000000000000000e+03 7.474446449535704506e-06
1.101000000000000000e+03 7.473872954634050394e-06
1.102000000000000000e+03 7.472414825522692716e-06
1.103000000000000000e+03 7.470568986364542691e-06
1.104000000000000000e+03 7.474570014795431957e-06
1.105000000000000000e+03 7.470474666593289924e-06
1.106000000000000000e+03 7.468785618901219860e-06
1.107000000000000000e+03 7.468416968083189722e-06
1.108000000000000000e+03 7.468174821916355773e-06
1.109000000000000000e+03 7.464386147055860014e-06
1.110000000000000000e+03 7.470806819548372486e-06
1.111000000000000000e+03 7.466397893407280627e-06
1.112000000000000000e+03 7.463588870360639169e-06
1.113000000000000000e+03 7.465140536521283962e-06
1.114000000000000000e+03 7.462420265200428367e-06
1.115000000000000000e+03 7.461906574983212974e-06
1.116000000000000000e+03 7.460146716942649839e-06
1.117000000000000000e+03 7.461850618686549733e-06
1.118000000000000000e+03 7.459601074352663007e-06
1.119000000000000000e+03 7.459882982194868219e-06
1.120000000000000000e+03 7.459055051562427313e-06
1.121000000000000000e+03 7.456502403309602428e-06
1.122000000000000000e+03 7.457496599612985263e-06
1.123000000000000000e+03 7.455846922060517541e-06
1.124000000000000000e+03 7.454740516142524279e-06
1.125000000000000000e+03 7.455821091980987187e-06
1.126000000000000000e+03 7.453957350239045185e-06
1.127000000000000000e+03 7.452367298098240324e-06
1.128000000000000000e+03 7.454780694332682173e-06
1.129000000000000000e+03 7.454104225515757406e-06
1.130000000000000000e+03 7.449583493142048218e-06
1.131000000000000000e+03 7.454697343519479549e-06
1.132000000000000000e+03 7.454228846212697128e-06
1.133000000000000000e+03 7.447633548375263335e-06
1.134000000000000000e+03 7.448424365946001859e-06
1.135000000000000000e+03 7.447305512096795034e-06
1.136000000000000000e+03 7.447317076449424187e-06
1.137000000000000000e+03 7.446768164285260084e-06
1.138000000000000000e+03 7.444528734672014644e-06
1.139000000000000000e+03 7.445409555831241650e-06
1.140000000000000000e+03 7.442984397659240426e-06
1.141000000000000000e+03 7.446917758322709443e-06
1.142000000000000000e+03 7.441626943441769233e-06
1.143000000000000000e+03 7.445666436610284204e-06
1.144000000000000000e+03 7.444857369525231062e-06
1.145000000000000000e+03 7.441736433723307443e-06
1.146000000000000000e+03 7.439554293385665957e-06
1.147000000000000000e+03 7.439904192043701476e-06
1.148000000000000000e+03 7.438384181089804880e-06
1.149000000000000000e+03 7.437228829602316652e-06
1.150000000000000000e+03 7.439554793421813632e-06
1.151000000000000000e+03 7.435962440476072914e-06
1.152000000000000000e+03 7.435796614540209475e-06
1.153000000000000000e+03 7.450398682780621270e-06
1.154000000000000000e+03 7.436984907059424125e-06
1.155000000000000000e+03 7.433902541008391444e-06
1.156000000000000000e+03 7.434618118861040132e-06
1.157000000000000000e+03 7.432914287704337824e-06
1.158000000000000000e+03 7.433518278342858272e-06
1.159000000000000000e+03 7.429690337749218625e-06
1.160000000000000000e+03 7.431271786226518042e-06
1.161000000000000000e+03 7.429758822229652146e-06
1.162000000000000000e+03 7.430792655417446852e-06
1.163000000000000000e+03 7.427128090697226324e-06
1.164000000000000000e+03 7.426606959824777700e-06
1.165000000000000000e+03 7.430220974474414350e-06
1.166000000000000000e+03 7.424523895715151387e-06
1.167000000000000000e+03 7.428289974153090979e-06
1.168000000000000000e+03 7.424503506999022458e-06
1.169000000000000000e+03 7.424239381247600884e-06
1.170000000000000000e+03 7.423177009078103490e-06
1.171000000000000000e+03 7.422111345337048408e-06
1.172000000000000000e+03 7.422400787033782077e-06
1.173000000000000000e+03 7.424003353556983640e-06
1.174000000000000000e+03 7.424107579298869921e-06
1.175000000000000000e+03 7.420595088732493464e-06
1.176000000000000000e+03 7.421472341014077209e-06
1.177000000000000000e+03 7.418958132016939589e-06
1.178000000000000000e+03 7.417601815770000649e-06
1.179000000000000000e+03 7.416837941122961406e-06
1.180000000000000000e+03 7.416698396322210670e-06
1.181000000000000000e+03 7.415701611319418684e-06
1.182000000000000000e+03 7.416072925825404771e-06
1.183000000000000000e+03 7.416234647169119695e-06
1.184000000000000000e+03 7.418013464489831201e-06
1.185000000000000000e+03 7.411554101269541717e-06
1.186000000000000000e+03 7.413626963184900649e-06
1.187000000000000000e+03 7.413436285287299440e-06
1.188000000000000000e+03 7.410685571159456820e-06
1.189000000000000000e+03 7.410590619695391811e-06
1.190000000000000000e+03 7.414040572602148819e-06
1.191000000000000000e+03 7.411971553533300386e-06
1.192000000000000000e+03 7.413570091007164711e-06
1.193000000000000000e+03 7.412367707963137686e-06
1.194000000000000000e+03 7.408344324371018356e-06
1.195000000000000000e+03 7.409689499723018530e-06
1.196000000000000000e+03 7.412799788179069611e-06
1.197000000000000000e+03 7.409147227489372684e-06
1.198000000000000000e+03 7.406290255943007332e-06
1.199000000000000000e+03 7.409531717807499932e-06
1.200000000000000000e+03 7.404651444829449455e-06
1.201000000000000000e+03 7.403720106921827471e-06
1.202000000000000000e+03 7.402925614322825268e-06
1.203000000000000000e+03 7.401486637768658585e-06
1.204000000000000000e+03 7.401028793743788632e-06
1.205000000000000000e+03 7.401159492744519499e-06
1.206000000000000000e+03 7.400580377346534939e-06
1.207000000000000000e+03 7.400132400357588824e-06
1.208000000000000000e+03 7.401554431741980506e-06
1.209000000000000000e+03 7.400812743944763290e-06
1.210000000000000000e+03 7.405479706748184568e-06
1.211000000000000000e+03 7.405520718240801785e-06
1.212000000000000000e+03 7.397313613089632636e-06
1.213000000000000000e+03 7.395631244568480462e-06
1.214000000000000000e+03 7.399268094976878145e-06
1.215000000000000000e+03 7.395464000322177903e-06
1.216000000000000000e+03 7.394671966126713441e-06
1.217000000000000000e+03 7.394106170596413902e-06
1.218000000000000000e+03 7.394075408376216260e-06
1.219000000000000000e+03 7.394873762533722690e-06
1.220000000000000000e+03 7.397350070526800321e-06
1.221000000000000000e+03 7.390445488846535154e-06
1.222000000000000000e+03 7.392087295092721409e-06
1.223000000000000000e+03 7.390824869179276147e-06
1.224000000000000000e+03 7.389704384764317187e-06
1.225000000000000000e+03 7.391616104382120768e-06
1.226000000000000000e+03 7.387709047588465877e-06
1.227000000000000000e+03 7.387499230212373139e-06
1.228000000000000000e+03 7.390225761225490914e-06
1.229000000000000000e+03 7.386485394398760755e-06
1.230000000000000000e+03 7.387482513676531552e-06
1.231000000000000000e+03 7.385952222702888056e-06
1.232000000000000000e+03 7.385771920380498499e-06
1.233000000000000000e+03 7.386223045326765150e-06
1.234000000000000000e+03 7.384945396264304076e-06
1.235000000000000000e+03 7.382944521951544216e-06
1.236000000000000000e+03 7.382046059523714656e-06
1.237000000000000000e+03 7.383758159484610296e-06
1.238000000000000000e+03 7.382747762203007425e-06
1.239000000000000000e+03 7.388065335258012773e-06
1.240000000000000000e+03 7.381484573683290697e-06
1.241000000000000000e+03 7.380889648343948382e-06
1.242000000000000000e+03 7.379697030349239591e-06
1.243000000000000000e+03 7.381467826982905863e-06
1.244000000000000000e+03 7.378796873106070088e-06
1.245000000000000000e+03 7.378770830315994790e-06
1.246000000000000000e+03 7.377343919597640446e-06
1.247000000000000000e+03 7.376194999599484139e-06
1.248000000000000000e+03 7.376598492811636983e-06
1.249000000000000000e+03 7.375685470050593679e-06
1.250000000000000000e+03 7.374284757636649801e-06
1.251000000000000000e+03 7.375182179692590855e-06
1.252000000000000000e+03 7.374100170252209808e-06
1.253000000000000000e+03 7.374715021882038332e-06
1.254000000000000000e+03 7.374163479267463178e-06
1.255000000000000000e+03 7.370989130580119720e-06
1.256000000000000000e+03 7.371020442344762380e-06
1.257000000000000000e+03 7.372186923376592975e-06
1.258000000000000000e+03 7.369622970879478357e-06
1.259000000000000000e+03 7.370889274919620993e-06
1.260000000000000000e+03 7.371328597715634762e-06
1.261000000000000000e+03 7.368011704809357464e-06
1.262000000000000000e+03 7.368836823757078819e-06
1.263000000000000000e+03 7.367872840287600671e-06
1.264000000000000000e+03 7.366787267887029000e-06
1.265000000000000000e+03 7.366352622389419776e-06
1.266000000000000000e+03 7.365685574703136476e-06
1.267000000000000000e+03 7.366892877349451946e-06
1.268000000000000000e+03 7.363519251618732527e-06
1.269000000000000000e+03 7.365813126643738505e-06
1.270000000000000000e+03 7.363913314658135004e-06
1.271000000000000000e+03 7.364253481450254840e-06
1.272000000000000000e+03 7.362653546848913024e-06
1.273000000000000000e+03 7.362698472656498182e-06
1.274000000000000000e+03 7.361725472886270303e-06
1.275000000000000000e+03 7.365444440204383209e-06
1.276000000000000000e+03 7.363574236410992490e-06
1.277000000000000000e+03 7.360522958280479435e-06
1.278000000000000000e+03 7.359750375731077009e-06
1.279000000000000000e+03 7.362025907426205006e-06
1.280000000000000000e+03 7.361275824289396122e-06
1.281000000000000000e+03 7.361008549015170260e-06
1.282000000000000000e+03 7.357548266383908187e-06
1.283000000000000000e+03 7.356823715567130240e-06
1.284000000000000000e+03 7.355581364133956657e-06
1.285000000000000000e+03 7.355284431724979387e-06
1.286000000000000000e+03 7.355393764151096865e-06
1.287000000000000000e+03 7.356160435196090375e-06
1.288000000000000000e+03 7.357568761666906466e-06
1.289000000000000000e+03 7.354898681275363068e-06
1.290000000000000000e+03 7.354148769471993665e-06
1.291000000000000000e+03 7.355268849943137820e-06
1.292000000000000000e+03 7.351929568427169274e-06
1.293000000000000000e+03 7.351816233196203725e-06
1.294000000000000000e+03 7.350492394628158271e-06
1.295000000000000000e+03 7.351729462424713115e-06
1.296000000000000000e+03 7.350749646501019646e-06
1.297000000000000000e+03 7.350950500450396234e-06
1.298000000000000000e+03 7.349795481167891607e-06
1.299000000000000000e+03 7.350152276220810948e-06
1.300000000000000000e+03 7.348039441563031293e-06
1.301000000000000000e+03 7.348442773151812726e-06
1.302000000000000000e+03 7.347392354130311949e-06
1.303000000000000000e+03 7.346733264933100671e-06
1.304000000000000000e+03 7.346452632419420224e-06
1.305000000000000000e+03 7.346533684445515286e-06
1.306000000000000000e+03 7.345420935278084553e-06
1.307000000000000000e+03 7.349063241408061969e-06
1.308000000000000000e+03 7.344138854387255241e-06
1.309000000000000000e+03 7.343780352375659727e-06
1.310000000000000000e+03 7.343415330960694805e-06
1.311000000000000000e+03 7.343355026970438854e-06
1.312000000000000000e+03 7.342673840925441932e-06
1.313000000000000000e+03 7.342266718709294128e-06
1.314000000000000000e+03 7.342682539315590389e-06
1.315000000000000000e+03 7.341233416385639910e-06
1.316000000000000000e+03 7.341059638849111800e-06
1.317000000000000000e+03 7.340013632895191355e-06
1.318000000000000000e+03 7.339538938795719898e-06
1.319000000000000000e+03 7.338342872441633861e-06
1.320000000000000000e+03 7.337924627162861726e-06
1.321000000000000000e+03 7.337785045435551259e-06
1.322000000000000000e+03 7.338206159387602594e-06
1.323000000000000000e+03 7.342469337352263692e-06
1.324000000000000000e+03 7.336067047352484662e-06
1.325000000000000000e+03 7.336567685436873941e-06
1.326000000000000000e+03 7.338591514790149447e-06
1.327000000000000000e+03 7.340936792952283506e-06
1.328000000000000000e+03 7.338165391790913442e-06
1.329000000000000000e+03 7.333688431095187702e-06
1.330000000000000000e+03 7.334336030029661255e-06
1.331000000000000000e+03 7.334482786887559090e-06
1.332000000000000000e+03 7.332944719910266321e-06
1.333000000000000000e+03 7.331723579909108308e-06
1.334000000000000000e+03 7.333079725727991967e-06
1.335000000000000000e+03 7.332174045087262657e-06
1.336000000000000000e+03 7.334443622384625465e-06
1.337000000000000000e+03 7.332216091294781761e-06
1.338000000000000000e+03 7.330582893379255878e-06
1.339000000000000000e+03 7.329139990645974707e-06
1.340000000000000000e+03 7.329816896101392374e-06
1.341000000000000000e+03 7.329155648657004607e-06
1.342000000000000000e+03 7.327618568881257696e-06
1.343000000000000000e+03 7.327967751950199429e-06
1.344000000000000000e+03 7.327225164901735321e-06
1.345000000000000000e+03 7.326478854223462348e-06
1.346000000000000000e+03 7.326019401212705434e-06
1.347000000000000000e+03 7.327063890785936244e-06
1.348000000000000000e+03 7.325372400184412658e-06
1.349000000000000000e+03 7.327524397896187143e-06
1.350000000000000000e+03 7.325829722851899415e-06
1.351000000000000000e+03 7.325030785295135431e-06
1.352000000000000000e+03 7.325185967936864389e-06
1.353000000000000000e+03 7.322689283066675449e-06
1.354000000000000000e+03 7.327178895403562189e-06
1.355000000000000000e+03 7.327280508816497562e-06
1.356000000000000000e+03 7.323053104160147204e-06
1.357000000000000000e+03 7.322808938934786861e-06
1.358000000000000000e+03 7.322508322556387246e-06
1.359000000000000000e+03 7.320613603331733841e-06
1.360000000000000000e+03 7.321145159340477708e-06
1.361000000000000000e+03 7.320025544972860245e-06
1.362000000000000000e+03 7.319718603012223767e-06
1.363000000000000000e+03 7.322115453724333236e-06
1.364000000000000000e+03 7.319128528494545356e-06
1.365000000000000000e+03 7.318931525541960729e-06
1.366000000000000000e+03 7.317383418063264268e-06
1.367000000000000000e+03 7.317288561660144153e-06
1.368000000000000000e+03 7.317348484985810323e-06
1.369000000000000000e+03 7.316191236734010283e-06
1.370000000000000000e+03 7.315729370805118079e-06
1.371000000000000000e+03 7.315695237571614767e-06
1.372000000000000000e+03 7.315607923884582701e-06
1.373000000000000000e+03 7.314292657761283085e-06
1.374000000000000000e+03 7.315844590345924526e-06
1.375000000000000000e+03 7.313117704990063114e-06
1.376000000000000000e+03 7.312863421582928160e-06
1.377000000000000000e+03 7.315602544272520792e-06
1.378000000000000000e+03 7.317226412476213461e-06
1.379000000000000000e+03 7.312733914584442867e-06
1.380000000000000000e+03 7.312031422433906491e-06
1.381000000000000000e+03 7.314085795398021016e-06
1.382000000000000000e+03 7.311325322213111737e-06
1.383000000000000000e+03 7.310516976089968763e-06
1.384000000000000000e+03 7.312680028697048255e-06
1.385000000000000000e+03 7.309098504438353641e-06
1.386000000000000000e+03 7.309928172097508114e-06
1.387000000000000000e+03 7.308560304182533691e-06
1.388000000000000000e+03 7.307854130886868266e-06
1.389000000000000000e+03 7.307561962934008838e-06
1.390000000000000000e+03 7.307351314891065861e-06
1.391000000000000000e+03 7.306744989487496577e-06
1.392000000000000000e+03 7.308048123894041083e-06
1.393000000000000000e+03 7.307126391884164764e-06
1.394000000000000000e+03 7.307878135843851425e-06
1.395000000000000000e+03 7.305645224809704762e-06
1.396000000000000000e+03 7.304817030725182255e-06
1.397000000000000000e+03 7.303892015453802992e-06
1.398000000000000000e+03 7.303714756969895718e-06
1.399000000000000000e+03 7.303677766898221769e-06
1.400000000000000000e+03 7.303579750483605272e-06
1.401000000000000000e+03 7.302681213566206706e-06
1.402000000000000000e+03 7.302530144861051386e-06
1.403000000000000000e+03 7.302265051609964427e-06
1.404000000000000000e+03 7.302539167219070094e-06
1.405000000000000000e+03 7.301373959693646471e-06
1.406000000000000000e+03 7.301678059880110470e-06
1.407000000000000000e+03 7.300414541973967330e-06
1.408000000000000000e+03 7.299901735936194415e-06
1.409000000000000000e+03 7.301668291669097764e-06
1.410000000000000000e+03 7.299220741785056490e-06
1.411000000000000000e+03 7.301287030539315665e-06
1.412000000000000000e+03 7.301032853908138450e-06
1.413000000000000000e+03 7.299792403677615819e-06
1.414000000000000000e+03 7.298958984356197041e-06
1.415000000000000000e+03 7.299316654857014591e-06
1.416000000000000000e+03 7.301323656954896799e-06
1.417000000000000000e+03 7.296132714779807533e-06
1.418000000000000000e+03 7.296423410312803483e-06
1.419000000000000000e+03 7.296235508835859070e-06
1.420000000000000000e+03 7.295086497681940591e-06
1.421000000000000000e+03 7.294721386009459751e-06
1.422000000000000000e+03 7.296096431258858969e-06
1.423000000000000000e+03 7.294208707787438152e-06
1.424000000000000000e+03 7.294218911087817059e-06
1.425000000000000000e+03 7.292911718524321474e-06
1.426000000000000000e+03 7.292536359480494182e-06
1.427000000000000000e+03 7.292714255118191810e-06
1.428000000000000000e+03 7.292025278412512059e-06
1.429000000000000000e+03 7.293268765124896066e-06
1.430000000000000000e+03 7.291387738042391847e-06
1.431000000000000000e+03 7.291402334230068944e-06
1.432000000000000000e+03 7.290275059747121758e-06
1.433000000000000000e+03 7.290947268043113009e-06
1.434000000000000000e+03 7.289782231317877581e-06
1.435000000000000000e+03 7.289688051063653487e-06
1.436000000000000000e+03 7.288955270859454431e-06
1.437000000000000000e+03 7.289747292625811534e-06
1.438000000000000000e+03 7.290832110074568912e-06
1.439000000000000000e+03 7.291876032877509084e-06
1.440000000000000000e+03 7.288697486265774982e-06
1.441000000000000000e+03 7.286751653232034629e-06
1.442000000000000000e+03 7.289022944228429767e-06
1.443000000000000000e+03 7.286148129638720435e-06
1.444000000000000000e+03 7.286244738100322672e-06
1.445000000000000000e+03 7.286266290754029919e-06
1.446000000000000000e+03 7.285625066525294517e-06
1.447000000000000000e+03 7.287018820975430377e-06
1.448000000000000000e+03 7.284750592803446786e-06
1.449000000000000000e+03 7.284288191180486538e-06
1.450000000000000000e+03 7.284545972332363649e-06
1.451000000000000000e+03 7.285254998630049327e-06
1.452000000000000000e+03 7.283283158867547557e-06
1.453000000000000000e+03 7.282895726745322217e-06
1.454000000000000000e+03 7.282384407440827939e-06
1.455000000000000000e+03 7.282289884815667184e-06
1.456000000000000000e+03 7.282453118481591303e-06
1.457000000000000000e+03 7.282752203066076523e-06
1.458000000000000000e+03 7.280657813321483502e-06
1.459000000000000000e+03 7.280816622416251656e-06
1.460000000000000000e+03 7.281308169630938271e-06
1.461000000000000000e+03 7.280286834972435204e-06
1.462000000000000000e+03 7.279872752633480492e-06
1.463000000000000000e+03 7.279432522899178994e-06
1.464000000000000000e+03 7.280237358595391713e-06
1.465000000000000000e+03 7.279610193815886447e-06
1.466000000000000000e+03 7.278028116080457494e-06
1.467000000000000000e+03 7.278163689087042733e-06
1.468000000000000000e+03 7.277434772069672182e-06
1.469000000000000000e+03 7.277964115019395342e-06
1.470000000000000000e+03 7.278532232228763155e-06
1.471000000000000000e+03 7.276626041209637103e-06
1.472000000000000000e+03 7.277132218110832508e-06
1.473000000000000000e+03 7.275621006581339490e-06
1.474000000000000000e+03 7.275918985710990797e-06
1.475000000000000000e+03 7.275824732947807215e-06
1.476000000000000000e+03 7.275427956100140493e-06
1.477000000000000000e+03 7.273908541549986432e-06
1.478000000000000000e+03 7.273929638441296625e-06
1.479000000000000000e+03 7.275132717635592360e-06
1.480000000000000000e+03 7.273254260644677607e-06
1.481000000000000000e+03 7.274267261298429717e-06
1.482000000000000000e+03 7.275526877915790881e-06
1.483000000000000000e+03 7.274235703802889167e-06
1.484000000000000000e+03 7.272903105470332835e-06
1.485000000000000000e+03 7.271212253851663914e-06
1.486000000000000000e+03 7.271768527620767851e-06
1.487000000000000000e+03 7.271263403111326882e-06
1.488000000000000000e+03 7.271328366242741787e-06
1.489000000000000000e+03 7.273102753412501669e-06
1.490000000000000000e+03 7.271073328293369392e-06
1.491000000000000000e+03 7.269496033515189084e-06
1.492000000000000000e+03 7.271298099832592876e-06
1.493000000000000000e+03 7.268810846957161136e-06
1.494000000000000000e+03 7.269343438812219291e-06
1.495000000000000000e+03 7.268518181994194485e-06
1.496000000000000000e+03 7.268151457950557017e-06
1.497000000000000000e+03 7.268826098440536952e-06
1.498000000000000000e+03 7.268351763700338045e-06
1.499000000000000000e+03 7.268102917306185701e-06
1.500000000000000000e+03 7.268000126361771529e-06
1.501000000000000000e+03 7.268045292514709831e-06
1.502000000000000000e+03 7.266242116995582073e-06
1.503000000000000000e+03 7.266117353303587975e-06
1.504000000000000000e+03 7.265094141104106213e-06
1.505000000000000000e+03 7.266315420013886922e-06
1.506000000000000000e+03 7.265331373875813339e-06
1.507000000000000000e+03 7.264101318381504864e-06
1.508000000000000000e+03 7.263948318552186038e-06
1.509000000000000000e+03 7.265337254840545904e-06
1.510000000000000000e+03 7.263511132138210511e-06
1.511000000000000000e+03 7.262574257271916885e-06
1.512000000000000000e+03 7.262511463546315181e-06
1.513000000000000000e+03 7.263506817753025476e-06
1.514000000000000000e+03 7.262194146078795504e-06
1.515000000000000000e+03 7.261584300598518006e-06
1.516000000000000000e+03 7.261466212255853603e-06
1.517000000000000000e+03 7.261459348968790735e-06
1.518000000000000000e+03 7.261019040283964464e-06
1.519000000000000000e+03 7.260595523455338182e-06
1.520000000000000000e+03 7.260202651538935667e-06
1.521000000000000000e+03 7.260028071443924698e-06
1.522000000000000000e+03 7.259360529358258278e-06
1.523000000000000000e+03 7.260747270981451517e-06
1.524000000000000000e+03 7.258591809140546152e-06
1.525000000000000000e+03 7.260301636418437850e-06
1.526000000000000000e+03 7.258444017292610646e-06
1.527000000000000000e+03 7.257991170419445375e-06
1.528000000000000000e+03 7.257380943796579615e-06
1.529000000000000000e+03 7.258001396479036297e-06
1.530000000000000000e+03 7.256431256330114552e-06
1.531000000000000000e+03 7.256301057453927718e-06
1.532000000000000000e+03 7.256710939620282538e-06
1.533000000000000000e+03 7.255597289234837608e-06
1.534000000000000000e+03 7.255577221158222255e-06
1.535000000000000000e+03 7.256713626104248156e-06
1.536000000000000000e+03 7.256192826880301121e-06
1.537000000000000000e+03 7.256082818940979072e-06
1.538000000000000000e+03 7.254519409363590752e-06
1.539000000000000000e+03 7.254038456026976387e-06
1.540000000000000000e+03 7.254840735124873453e-06
1.541000000000000000e+03 7.254577669660865438e-06
1.542000000000000000e+03 7.254150709038351708e-06
1.543000000000000000e+03 7.253649458712468150e-06
1.544000000000000000e+03 7.253037633255312974e-06
1.545000000000000000e+03 7.253580823119356147e-06
1.546000000000000000e+03 7.253300257644656505e-06
1.547000000000000000e+03 7.250674237208466163e-06
1.548000000000000000e+03 7.251189148997738050e-06
1.549000000000000000e+03 7.251256436903366863e-06
1.550000000000000000e+03 7.250447704552828235e-06
1.551000000000000000e+03 7.250629542035560450e-06
1.552000000000000000e+03 7.250045103151408692e-06
1.553000000000000000e+03 7.249969066795797045e-06
1.554000000000000000e+03 7.249399549999113004e-06
1.555000000000000000e+03 7.249272739391311955e-06
1.556000000000000000e+03 7.250665077244835023e-06
1.557000000000000000e+03 7.248382005353429341e-06
1.558000000000000000e+03 7.250133772398841930e-06
1.559000000000000000e+03 7.248919180563207320e-06
1.560000000000000000e+03 7.249108908807517479e-06
1.561000000000000000e+03 7.248472945764120006e-06
1.562000000000000000e+03 7.247359808769526209e-06
1.563000000000000000e+03 7.248550130755337060e-06
1.564000000000000000e+03 7.247255860523011104e-06
1.565000000000000000e+03 7.246557327648553750e-06
1.566000000000000000e+03 7.247951693404519108e-06
1.567000000000000000e+03 7.245779777712843401e-06
1.568000000000000000e+03 7.245109431360113838e-06
1.569000000000000000e+03 7.245921525053764141e-06
1.570000000000000000e+03 7.244809903799995196e-06
1.571000000000000000e+03 7.244649325245318686e-06
1.572000000000000000e+03 7.244791039562987934e-06
1.573000000000000000e+03 7.243971659624835258e-06
1.574000000000000000e+03 7.243738475807512625e-06
1.575000000000000000e+03 7.244610952870038340e-06
1.576000000000000000e+03 7.244136696813207475e-06
1.577000000000000000e+03 7.244214146888520932e-06
1.578000000000000000e+03 7.243636244672356289e-06
1.579000000000000000e+03 7.242365368492526841e-06
1.580000000000000000e+03 7.242284690130175666e-06
1.581000000000000000e+03 7.243810292310826852e-06
1.582000000000000000e+03 7.241174720333224460e-06
1.583000000000000000e+03 7.241356586301264728e-06
1.584000000000000000e+03 7.241146745926413974e-06
1.585000000000000000e+03 7.241653620608886617e-06
1.586000000000000000e+03 7.241243738030667109e-06
1.587000000000000000e+03 7.240323550703416008e-06
1.588000000000000000e+03 7.240533386940930095e-06
1.589000000000000000e+03 7.239515791048205594e-06
1.590000000000000000e+03 7.241742749094116808e-06
1.591000000000000000e+03 7.240382314849184586e-06
1.592000000000000000e+03 7.241737320410277679e-06
1.593000000000000000e+03 7.239014373554560944e-06
1.594000000000000000e+03 7.238634640676627611e-06
1.595000000000000000e+03 7.238034230560930484e-06
1.596000000000000000e+03 7.237383759081602734e-06
1.597000000000000000e+03 7.237672250496281785e-06
1.598000000000000000e+03 7.237104461236864832e-06
1.599000000000000000e+03 7.237253495579790357e-06
1.600000000000000000e+03 7.236664181539017122e-06
1.601000000000000000e+03 7.236087380170677580e-06
1.602000000000000000e+03 7.236549379159789968e-06
1.603000000000000000e+03 7.235635871716788095e-06
1.604000000000000000e+03 7.235203723021702514e-06
1.605000000000000000e+03 7.235667567294835025e-06
1.606000000000000000e+03 7.234883303612310868e-06
1.607000000000000000e+03 7.234626632585478692e-06
1.608000000000000000e+03 7.234555968300481222e-06
1.609000000000000000e+03 7.234165416637027255e-06
1.610000000000000000e+03 7.233452057548046742e-06
1.611000000000000000e+03 7.233434955869191245e-06
1.612000000000000000e+03 7.234077661362691966e-06
1.613000000000000000e+03 7.233176773071715708e-06
1.614000000000000000e+03 7.233050504438008640e-06
1.615000000000000000e+03 7.232402995631246595e-06
1.616000000000000000e+03 7.234157607632429715e-06
1.617000000000000000e+03 7.236967360609322141e-06
1.618000000000000000e+03 7.231746484181034022e-06
1.619000000000000000e+03 7.231618925058553136e-06
1.620000000000000000e+03 7.231938913750966890e-06
1.621000000000000000e+03 7.230691461806185117e-06
1.622000000000000000e+03 7.230669269185105799e-06
1.623000000000000000e+03 7.231583397714033688e-06
1.624000000000000000e+03 7.230407965055511403e-06
1.625000000000000000e+03 7.229900637029188434e-06
1.626000000000000000e+03 7.229551230552569252e-06
1.627000000000000000e+03 7.230070447010322449e-06
1.628000000000000000e+03 7.229697072025512599e-06
1.629000000000000000e+03 7.229066533245052981e-06
1.630000000000000000e+03 7.228870989777141770e-06
1.631000000000000000e+03 7.227930353243982931e-06
1.632000000000000000e+03 7.228972957969120675e-06
1.633000000000000000e+03 7.227779258485583238e-06
1.634000000000000000e+03 7.227581698362173021e-06
1.635000000000000000e+03 7.228420323442427581e-06
1.636000000000000000e+03 7.228052195778185901e-06
1.637000000000000000e+03 7.228179321255650156e-06
1.638000000000000000e+03 7.227608105393393567e-06
1.639000000000000000e+03 7.226492212859739596e-06
1.640000000000000000e+03 7.227012424157872302e-06
1.641000000000000000e+03 7.226459585150744344e-06
1.642000000000000000e+03 7.226006727713886445e-06
1.643000000000000000e+03 7.225281677806032753e-06
1.644000000000000000e+03 7.224880558187377293e-06
1.645000000000000000e+03 7.224637848708369744e-06
1.646000000000000000e+03 7.224974159317574075e-06
1.647000000000000000e+03 7.224229184685894454e-06
1.648000000000000000e+03 7.224105453470648971e-06
1.649000000000000000e+03 7.224889295197328907e-06
1.650000000000000000e+03 7.223641780300616343e-06
1.651000000000000000e+03 7.223206752649268194e-06
1.652000000000000000e+03 7.226109740127583823e-06
1.653000000000000000e+03 7.223604341428686063e-06
1.654000000000000000e+03 7.223518471777188456e-06
1.655000000000000000e+03 7.223653569326566351e-06
1.656000000000000000e+03 7.222835058107981900e-06
1.657000000000000000e+03 7.221481239681818791e-06
1.658000000000000000e+03 7.221289829237752891e-06
1.659000000000000000e+03 7.222753419489506503e-06
1.660000000000000000e+03 7.221389601843942847e-06
1.661000000000000000e+03 7.221544829724672373e-06
1.662000000000000000e+03 7.220749860396055861e-06
1.663000000000000000e+03 7.220697047297088488e-06
1.664000000000000000e+03 7.220715042244592088e-06
1.665000000000000000e+03 7.221163879389779515e-06
1.666000000000000000e+03 7.220468655298560539e-06
1.667000000000000000e+03 7.219299210683530130e-06
1.668000000000000000e+03 7.219292313238759133e-06
1.669000000000000000e+03 7.220562523927549840e-06
1.670000000000000000e+03 7.220007254318348613e-06
1.671000000000000000e+03 7.218989187751529659e-06
1.672000000000000000e+03 7.218774331675352479e-06
1.673000000000000000e+03 7.218075675370209659e-06
1.674000000000000000e+03 7.218541378715059675e-06
1.675000000000000000e+03 7.218256955228591127e-06
1.676000000000000000e+03 7.217529037187318919e-06
1.677000000000000000e+03 7.217832700348660136e-06
1.678000000000000000e+03 7.217605727215366875e-06
1.679000000000000000e+03 7.216856246195906213e-06
1.680000000000000000e+03 7.218683620176089997e-06
1.681000000000000000e+03 7.216896239212476421e-06
1.682000000000000000e+03 7.216887492521138967e-06
1.683000000000000000e+03 7.216438153467992343e-06
1.684000000000000000e+03 7.216767064308206536e-06
1.685000000000000000e+03 7.216065792593838532e-06
1.686000000000000000e+03 7.214915192106706880e-06
1.687000000000000000e+03 7.217570757082328058e-06
1.688000000000000000e+03 7.214587891766415466e-06
1.689000000000000000e+03 7.214691988097279072e-06
1.690000000000000000e+03 7.214793037411895168e-06
1.691000000000000000e+03 7.214284934652794200e-06
1.692000000000000000e+03 7.213666072456141456e-06
1.693000000000000000e+03 7.215476555334301424e-06
1.694000000000000000e+03 7.213233382067509371e-06
1.695000000000000000e+03 7.212863075104255356e-06
1.696000000000000000e+03 7.213733722440361628e-06
1.697000000000000000e+03 7.214829939349234454e-06
1.698000000000000000e+03 7.213868930873474172e-06
1.699000000000000000e+03 7.212883590637772596e-06
1.700000000000000000e+03 7.212017916362788367e-06
1.701000000000000000e+03 7.211956980676963930e-06
1.702000000000000000e+03 7.211877002229099271e-06
1.703000000000000000e+03 7.212681262960320635e-06
1.704000000000000000e+03 7.213619925601933823e-06
1.705000000000000000e+03 7.210659083075774050e-06
1.706000000000000000e+03 7.211236185275585515e-06
1.707000000000000000e+03 7.210919373129752466e-06
1.708000000000000000e+03 7.210220630608127830e-06
1.709000000000000000e+03 7.210250405498895425e-06
1.710000000000000000e+03 7.209667624539432994e-06
1.711000000000000000e+03 7.210457684171927423e-06
1.712000000000000000e+03 7.210045363934008745e-06
1.713000000000000000e+03 7.210316355110163789e-06
1.714000000000000000e+03 7.208575175890487591e-06
1.715000000000000000e+03 7.209831625953935956e-06
1.716000000000000000e+03 7.208308925267131490e-06
1.717000000000000000e+03 7.208182846481103388e-06
1.718000000000000000e+03 7.207996905451753541e-06
1.719000000000000000e+03 7.208809492884448549e-06
1.720000000000000000e+03 7.207489046770765566e-06
1.721000000000000000e+03 7.207291267445021148e-06
1.722000000000000000e+03 7.207439852395109480e-06
1.723000000000000000e+03 7.206791879834580771e-06
1.724000000000000000e+03 7.208206868183689052e-06
1.725000000000000000e+03 7.206409230168505314e-06
1.726000000000000000e+03 7.207019829212710751e-06
1.727000000000000000e+03 7.206688500303910517e-06
1.728000000000000000e+03 7.207588557075796878e-06
1.729000000000000000e+03 7.205697791309988254e-06
1.730000000000000000e+03 7.208213399032591160e-06
1.731000000000000000e+03 7.206842255756618791e-06
1.732000000000000000e+03 7.205680823645938744e-06
1.733000000000000000e+03 7.206125332248933152e-06
1.734000000000000000e+03 7.206086755606859134e-06
1.735000000000000000e+03 7.204785224356290655e-06
1.736000000000000000e+03 7.204712730685715564e-06
1.737000000000000000e+03 7.204414730887327014e-06
1.738000000000000000e+03 7.204635500637673555e-06
1.739000000000000000e+03 7.204370036598830425e-06
1.740000000000000000e+03 7.204645366951706786e-06
1.741000000000000000e+03 7.204135175581555452e-06
1.742000000000000000e+03 7.205083283114088012e-06
1.743000000000000000e+03 7.204348828012511826e-06
1.744000000000000000e+03 7.202979218590702253e-06
1.745000000000000000e+03 7.204589986614522731e-06
1.746000000000000000e+03 7.204403667512744478e-06
1.747000000000000000e+03 7.202782580564500670e-06
1.748000000000000000e+03 7.201946010438600712e-06
1.749000000000000000e+03 7.201750277843684801e-06
1.750000000000000000e+03 7.201695339355346567e-06
1.751000000000000000e+03 7.202082173884181763e-06
1.752000000000000000e+03 7.201722696953334916e-06
1.753000000000000000e+03 7.201577149714243398e-06
1.754000000000000000e+03 7.201783010433307551e-06
1.755000000000000000e+03 7.200260712153752690e-06
1.756000000000000000e+03 7.200552001636552022e-06
1.757000000000000000e+03 7.199996372990119325e-06
1.758000000000000000e+03 7.199848539712231122e-06
1.759000000000000000e+03 7.200383910132254025e-06
1.760000000000000000e+03 7.199595286836092366e-06
1.761000000000000000e+03 7.199355233408126494e-06
1.762000000000000000e+03 7.199740773675379457e-06
1.763000000000000000e+03 7.199181841374087148e-06
1.764000000000000000e+03 7.199704682194555540e-06
1.765000000000000000e+03 7.198571001653491997e-06
1.766000000000000000e+03 7.200164480606197777e-06
1.767000000000000000e+03 7.199489292393688177e-06
1.768000000000000000e+03 7.197799240404435926e-06
1.769000000000000000e+03 7.198495318977439540e-06
1.770000000000000000e+03 7.198743973031899636e-06
1.771000000000000000e+03 7.197880176231755229e-06
1.772000000000000000e+03 7.197308939770910971e-06
1.773000000000000000e+03 7.198298103959254407e-06
1.774000000000000000e+03 7.196713041308281281e-06
1.775000000000000000e+03 7.196840436467225070e-06
1.776000000000000000e+03 7.196502905479690319e-06
1.777000000000000000e+03 7.196192450847425288e-06
1.778000000000000000e+03 7.195967142348281138e-06
1.779000000000000000e+03 7.196344041593326269e-06
1.780000000000000000e+03 7.196031623425696155e-06
1.781000000000000000e+03 7.195974629765549633e-06
1.782000000000000000e+03 7.195673805881931701e-06
1.783000000000000000e+03 7.195110559897139838e-06
1.784000000000000000e+03 7.195474941918813504e-06
1.785000000000000000e+03 7.194919828300815982e-06
1.786000000000000000e+03 7.196110894321656886e-06
1.787000000000000000e+03 7.195185798525100812e-06
1.788000000000000000e+03 7.194220841713146879e-06
1.789000000000000000e+03 7.194785021089511799e-06
1.790000000000000000e+03 7.194288243898899853e-06
1.791000000000000000e+03 7.193735807532852569e-06
1.792000000000000000e+03 7.193771927781304855e-06
1.793000000000000000e+03 7.193943062046946370e-06
1.794000000000000000e+03 7.193264529735282822e-06
1.795000000000000000e+03 7.193179954933625052e-06
1.796000000000000000e+03 7.193214445156220615e-06
1.797000000000000000e+03 7.192801674808070190e-06
1.798000000000000000e+03 7.192979177428117297e-06
1.799000000000000000e+03 7.193161882665106803e-06
1.800000000000000000e+03 7.192027815954091687e-06
1.801000000000000000e+03 7.192288434454965875e-06
1.802000000000000000e+03 7.191729863561726539e-06
1.803000000000000000e+03 7.192163534108420645e-06
1.804000000000000000e+03 7.193343519042782169e-06
1.805000000000000000e+03 7.191095630362901196e-06
1.806000000000000000e+03 7.191400079114688529e-06
1.807000000000000000e+03 7.190673443242000644e-06
1.808000000000000000e+03 7.190741486567576837e-06
1.809000000000000000e+03 7.190721431102469765e-06
1.810000000000000000e+03 7.190661579602780938e-06
1.811000000000000000e+03 7.190397751905886285e-06
1.812000000000000000e+03 7.190298077733061399e-06
1.813000000000000000e+03 7.189852164768864603e-06
1.814000000000000000e+03 7.190067121689417527e-06
1.815000000000000000e+03 7.189497032548602677e-06
1.816000000000000000e+03 7.190470293974949893e-06
1.817000000000000000e+03 7.190476882302409200e-06
1.818000000000000000e+03 7.188826417722857180e-06
1.819000000000000000e+03 7.190315752017281983e-06
1.820000000000000000e+03 7.188776518452052428e-06
1.821000000000000000e+03 7.188507441589274119e-06
1.822000000000000000e+03 7.188437814747604644e-06
1.823000000000000000e+03 7.188553796436887508e-06
1.824000000000000000e+03 7.187848235180556702e-06
1.825000000000000000e+03 7.187994766051444026e-06
1.826000000000000000e+03 7.187957436682777815e-06
1.827000000000000000e+03 7.187411333479445557e-06
1.828000000000000000e+03 7.188124039267407780e-06
1.829000000000000000e+03 7.187260254816838572e-06
1.830000000000000000e+03 7.186873413662478628e-06
1.831000000000000000e+03 7.187213553968270380e-06
1.832000000000000000e+03 7.186462176915119728e-06
1.833000000000000000e+03 7.186314951174563160e-06
1.834000000000000000e+03 7.186794363346320795e-06
1.835000000000000000e+03 7.187523685109709880e-06
1.836000000000000000e+03 7.187004770361079253e-06
1.837000000000000000e+03 7.186645413354693596e-06
1.838000000000000000e+03 7.185607943940297187e-06
1.839000000000000000e+03 7.185917723546307570e-06
1.840000000000000000e+03 7.185700976763543262e-06
1.841000000000000000e+03 7.185214376947524825e-06
1.842000000000000000e+03 7.185502677010150350e-06
1.843000000000000000e+03 7.184830024067101821e-06
1.844000000000000000e+03 7.185345663816737749e-06
1.845000000000000000e+03 7.185266147548862703e-06
1.846000000000000000e+03 7.184596009554413585e-06
1.847000000000000000e+03 7.184383737244241069e-06
1.848000000000000000e+03 7.184944875867954519e-06
1.849000000000000000e+03 7.184113738521735906e-06
1.850000000000000000e+03 7.184089516962650451e-06
1.851000000000000000e+03 7.183718037482601714e-06
1.852000000000000000e+03 7.183449530490527376e-06
1.853000000000000000e+03 7.183548186390082400e-06
1.854000000000000000e+03 7.183215463827134425e-06
1.855000000000000000e+03 7.182775990748946121e-06
1.856000000000000000e+03 7.182764338523066658e-06
1.857000000000000000e+03 7.183034481351953752e-06
1.858000000000000000e+03 7.182473656462942039e-06
1.859000000000000000e+03 7.182449668178512415e-06
1.860000000000000000e+03 7.183171531895040512e-06
1.861000000000000000e+03 7.181913034089883180e-06
1.862000000000000000e+03 7.181772530600627343e-06
1.863000000000000000e+03 7.182629375640024870e-06
1.864000000000000000e+03 7.181332261785593618e-06
1.865000000000000000e+03 7.181772901291736208e-06
1.866000000000000000e+03 7.181154098715934370e-06
1.867000000000000000e+03 7.181006615335283918e-06
1.868000000000000000e+03 7.180932568788792357e-06
1.869000000000000000e+03 7.180559113836044107e-06
1.870000000000000000e+03 7.180297784262412609e-06
1.871000000000000000e+03 7.180678935687811138e-06
1.872000000000000000e+03 7.180656225793116385e-06
1.873000000000000000e+03 7.180047538427436692e-06
1.874000000000000000e+03 7.179779474034243144e-06
1.875000000000000000e+03 7.180123736157639398e-06
1.876000000000000000e+03 7.180351050110032963e-06
1.877000000000000000e+03 7.179301720546743162e-06
1.878000000000000000e+03 7.180518503688197330e-06
1.879000000000000000e+03 7.179118654101023628e-06
1.880000000000000000e+03 7.178866477035948335e-06
1.881000000000000000e+03 7.178623568760361274e-06
1.882000000000000000e+03 7.178932590008155922e-06
1.883000000000000000e+03 7.178235948106652995e-06
1.884000000000000000e+03 7.178587010240597453e-06
1.885000000000000000e+03 7.178236190782646092e-06
1.886000000000000000e+03 7.178702961472881157e-06
1.887000000000000000e+03 7.177930357389707396e-06
1.888000000000000000e+03 7.177749222764803781e-06
1.889000000000000000e+03 7.177489321948735355e-06
1.890000000000000000e+03 7.177608243478435595e-06
1.891000000000000000e+03 7.177755351796637501e-06
1.892000000000000000e+03 7.176940430525490102e-06
1.893000000000000000e+03 7.177017064614363291e-06
1.894000000000000000e+03 7.176590984204976407e-06
1.895000000000000000e+03 7.177110627153938896e-06
1.896000000000000000e+03 7.176149813178441000e-06
1.897000000000000000e+03 7.176293682129169099e-06
1.898000000000000000e+03 7.176180410027387843e-06
1.899000000000000000e+03 7.175902972051405968e-06
1.900000000000000000e+03 7.175814667994856211e-06
1.901000000000000000e+03 7.176448016207860322e-06
1.902000000000000000e+03 7.175876925360656703e-06
1.903000000000000000e+03 7.176268685761187877e-06
1.904000000000000000e+03 7.175599045296110213e-06
1.905000000000000000e+03 7.175370254446154101e-06
1.906000000000000000e+03 7.174897164760183266e-06
1.907000000000000000e+03 7.174674509922501744e-06
1.908000000000000000e+03 7.175073134396077985e-06
1.909000000000000000e+03 7.175030051438739959e-06
1.910000000000000000e+03 7.174385316639276060e-06
1.911000000000000000e+03 7.174449704260782138e-06
1.912000000000000000e+03 7.173851287042898879e-06
1.913000000000000000e+03 7.174133328720708400e-06
1.914000000000000000e+03 7.173631395824520379e-06
1.915000000000000000e+03 7.174137156061883543e-06
1.916000000000000000e+03 7.173604365109545790e-06
1.917000000000000000e+03 7.173869874504484169e-06
1.918000000000000000e+03 7.173479066189819332e-06
1.919000000000000000e+03 7.173248030490043442e-06
1.920000000000000000e+03 7.173745445912703437e-06
1.921000000000000000e+03 7.172982629443558292e-06
1.922000000000000000e+03 7.172817069064684668e-06
1.923000000000000000e+03 7.172474798684631105e-06
1.924000000000000000e+03 7.173139207201627309e-06
1.925000000000000000e+03 7.173283440991938751e-06
1.926000000000000000e+03 7.172400131187991215e-06
1.927000000000000000e+03 7.172022279337358119e-06
1.928000000000000000e+03 7.172061910639085102e-06
1.929000000000000000e+03 7.171948992997545353e-06
1.930000000000000000e+03 7.171655320332184307e-06
1.931000000000000000e+03 7.172206680442136170e-06
1.932000000000000000e+03 7.172031547843728129e-06
1.933000000000000000e+03 7.171854573191456723e-06
1.934000000000000000e+03 7.171287103210522172e-06
1.935000000000000000e+03 7.171218094863313598e-06
1.936000000000000000e+03 7.170824574314449560e-06
1.937000000000000000e+03 7.170676500474568526e-06
1.938000000000000000e+03 7.170258769856355841e-06
1.939000000000000000e+03 7.171070167282857898e-06
1.940000000000000000e+03 7.170240602637155212e-06
1.941000000000000000e+03 7.170353578162570977e-06
1.942000000000000000e+03 7.170771368651668530e-06
1.943000000000000000e+03 7.169694495649120503e-06
1.944000000000000000e+03 7.169767267582127950e-06
1.945000000000000000e+03 7.169812146142831950e-06
1.946000000000000000e+03 7.170503315962099468e-06
1.947000000000000000e+03 7.169378093437043977e-06
1.948000000000000000e+03 7.169266346258898810e-06
1.949000000000000000e+03 7.168923837106223070e-06
1.950000000000000000e+03 7.169197794163798542e-06
1.951000000000000000e+03 7.169275530342963723e-06
1.952000000000000000e+03 7.169833484741996063e-06
1.953000000000000000e+03 7.169044554519573332e-06
1.954000000000000000e+03 7.168830340619266873e-06
1.955000000000000000e+03 7.168350203482090223e-06
1.956000000000000000e+03 7.168082584972738100e-06
1.957000000000000000e+03 7.167800930790557019e-06
1.958000000000000000e+03 7.167892652784722281e-06
1.959000000000000000e+03 7.168087050615958401e-06
1.960000000000000000e+03 7.167567507006016231e-06
1.961000000000000000e+03 7.167464465879943291e-06
1.962000000000000000e+03 7.168804663264881977e-06
1.963000000000000000e+03 7.167642619876727708e-06
1.964000000000000000e+03 7.167840068130913477e-06
1.965000000000000000e+03 7.166789863430705143e-06
1.966000000000000000e+03 7.166751719115117307e-06
1.967000000000000000e+03 7.166701913863900744e-06
1.968000000000000000e+03 7.166585875050606649e-06
1.969000000000000000e+03 7.166430240899492358e-06
1.970000000000000000e+03 7.167310351927064787e-06
1.971000000000000000e+03 7.166231559101950492e-06
1.972000000000000000e+03 7.165879446917651411e-06
1.973000000000000000e+03 7.166527380562208506e-06
1.974000000000000000e+03 7.166128589623135177e-06
1.975000000000000000e+03 7.165539252860249969e-06
1.976000000000000000e+03 7.165711186651268792e-06
1.977000000000000000e+03 7.165226873197573814e-06
1.978000000000000000e+03 7.165430928900769987e-06
1.979000000000000000e+03 7.164926621154300294e-06
1.980000000000000000e+03 7.165303894201242928e-06
1.981000000000000000e+03 7.165353385076873990e-06
1.982000000000000000e+03 7.164987334973486511e-06
1.983000000000000000e+03 7.164784243809200337e-06
1.984000000000000000e+03 7.164504912268931904e-06
1.985000000000000000e+03 7.164245913426158320e-06
1.986000000000000000e+03 7.164584813729495107e-06
1.987000000000000000e+03 7.164693081574062162e-06
1.988000000000000000e+03 7.165444714671322983e-06
1.989000000000000000e+03 7.164297396833882377e-06
1.990000000000000000e+03 7.163978612696317263e-06
1.991000000000000000e+03 7.163689696444504695e-06
1.992000000000000000e+03 7.164070881921745786e-06
1.993000000000000000e+03 7.163855545142405005e-06
1.994000000000000000e+03 7.163439006363240902e-06
1.995000000000000000e+03 7.163025916444951761e-06
1.996000000000000000e+03 7.163113355376154128e-06
1.997000000000000000e+03 7.163748497508909857e-06
1.998000000000000000e+03 7.162639908398130225e-06
1.999000000000000000e+03 7.162971175387868256e-06
2.000000000000000000e+03 7.162824087452386826e-06
2.001000000000000000e+03 7.162521092414185870e-06
2.002000000000000000e+03 7.162277570390549708e-06
2.003000000000000000e+03 7.162341809620811155e-06
2.004000000000000000e+03 7.162199152936827021e-06
2.005000000000000000e+03 7.161863206819071257e-06
2.006000000000000000e+03 7.161800461466745288e-06
2.007000000000000000e+03 7.161719342735290287e-06
2.008000000000000000e+03 7.161943759702952654e-06
2.009000000000000000e+03 7.161866610702880425e-06
2.010000000000000000e+03 7.161378722599557293e-06
2.011000000000000000e+03 7.161545117445221729e-06
2.012000000000000000e+03 7.161102766610588791e-06
2.013000000000000000e+03 7.161405823882332414e-06
2.014000000000000000e+03 7.161585808055592831e-06
2.015000000000000000e+03 7.161084614624456637e-06
2.016000000000000000e+03 7.161358952852445403e-06
2.017000000000000000e+03 7.160979306240890057e-06
2.018000000000000000e+03 7.161420618122790758e-06
2.019000000000000000e+03 7.160187126835527446e-06
2.020000000000000000e+03 7.160398872523198083e-06
2.021000000000000000e+03 7.160144079344792150e-06
2.022000000000000000e+03 7.160417061873930515e-06
2.023000000000000000e+03 7.159772322160362621e-06
2.024000000000000000e+03 7.160405538905947960e-06
2.025000000000000000e+03 7.159741700883981689e-06
2.026000000000000000e+03 7.159947673174253606e-06
2.027000000000000000e+03 7.159839162330286958e-06
2.028000000000000000e+03 7.159078998687345252e-06
2.029000000000000000e+03 7.159500609329421918e-06
2.030000000000000000e+03 7.159298672986261081e-06
2.031000000000000000e+03 7.159837539060462431e-06
2.032000000000000000e+03 7.159687003368451501e-06
2.033000000000000000e+03 7.159207212506726773e-06
2.034000000000000000e+03 7.158684947154756614e-06
2.035000000000000000e+03 7.158350728284009227e-06
2.036000000000000000e+03 7.158563348066523408e-06
2.037000000000000000e+03 7.158197386326161864e-06
2.038000000000000000e+03 7.158402384982309306e-06
2.039000000000000000e+03 7.157916677490014427e-06
2.040000000000000000e+03 7.158053873882281360e-06
2.041000000000000000e+03 7.157693306212853616e-06
2.042000000000000000e+03 7.157931859533425093e-06
2.043000000000000000e+03 7.157484996324704015e-06
2.044000000000000000e+03 7.157380285916526733e-06
2.045000000000000000e+03 7.157374966013380898e-06
2.046000000000000000e+03 7.157894551173669639e-06
2.047000000000000000e+03 7.157195343830014785e-06
2.048000000000000000e+03 7.157369155556839769e-06
2.049000000000000000e+03 7.157251525871381210e-06
2.050000000000000000e+03 7.157153627258514750e-06
2.051000000000000000e+03 7.156816005694288514e-06
2.052000000000000000e+03 7.156570058587816121e-06
2.053000000000000000e+03 7.156363998415802389e-06
2.054000000000000000e+03 7.156406641664322489e-06
2.055000000000000000e+03 7.156151402066865505e-06
2.056000000000000000e+03 7.156067273876088880e-06
2.057000000000000000e+03 7.156027183434506515e-06
2.058000000000000000e+03 7.156029556836850585e-06
2.059000000000000000e+03 7.156143450423003002e-06
2.060000000000000000e+03 7.156045617321340114e-06
2.061000000000000000e+03 7.155633704551012735e-06
2.062000000000000000e+03 7.155614262938077982e-06
2.063000000000000000e+03 7.155383892762787623e-06
2.064000000000000000e+03 7.155428594170734200e-06
2.065000000000000000e+03 7.155885654972800624e-06
2.066000000000000000e+03 7.154923192156288749e-06
2.067000000000000000e+03 7.154999942682446929e-06
2.068000000000000000e+03 7.155144793868000899e-06
2.069000000000000000e+03 7.155006428382320308e-06
2.070000000000000000e+03 7.154750895142643681e-06
2.071000000000000000e+03 7.154580944065912275e-06
2.072000000000000000e+03 7.154382049775062310e-06
2.073000000000000000e+03 7.154410672694745973e-06
2.074000000000000000e+03 7.154124620515108460e-06
2.075000000000000000e+03 7.154154140423259953e-06
2.076000000000000000e+03 7.154124465263268803e-06
2.077000000000000000e+03 7.154321113717002468e-06
2.078000000000000000e+03 7.153986585212889415e-06
2.079000000000000000e+03 7.153798506383296274e-06
2.080000000000000000e+03 7.153609501057713491e-06
2.081000000000000000e+03 7.153576445078060438e-06
2.082000000000000000e+03 7.153508084208747341e-06
2.083000000000000000e+03 7.153306886730954250e-06
2.084000000000000000e+03 7.153235897052048118e-06
2.085000000000000000e+03 7.153153976571756864e-06
2.086000000000000000e+03 7.152895696239009197e-06
2.087000000000000000e+03 7.154069940762515627e-06
2.088000000000000000e+03 7.152944017142374862e-06
2.089000000000000000e+03 7.152793033347759513e-06
2.090000000000000000e+03 7.152560695144398966e-06
2.091000000000000000e+03 7.152373890137920956e-06
2.092000000000000000e+03 7.152362454609310482e-06
2.093000000000000000e+03 7.152368436941261735e-06
2.094000000000000000e+03 7.152115693694393120e-06
2.095000000000000000e+03 7.152056524974468145e-06
2.096000000000000000e+03 7.152311326554956411e-06
2.097000000000000000e+03 7.152027194873875903e-06
2.098000000000000000e+03 7.151740903595501751e-06
2.099000000000000000e+03 7.151697343066753673e-06
2.100000000000000000e+03 7.151834824684320440e-06
2.101000000000000000e+03 7.151586171371911181e-06
2.102000000000000000e+03 7.151507771935958251e-06
2.103000000000000000e+03 7.151224727301363148e-06
2.104000000000000000e+03 7.151208899331514739e-06
2.105000000000000000e+03 7.151376792972036727e-06
2.106000000000000000e+03 7.151797330629738635e-06
2.107000000000000000e+03 7.150929034674506398e-06
2.108000000000000000e+03 7.150854182162582503e-06
2.109000000000000000e+03 7.150593117600947118e-06
2.110000000000000000e+03 7.151019615435531125e-06
2.111000000000000000e+03 7.150354514638942506e-06
2.112000000000000000e+03 7.150383161499918402e-06
2.113000000000000000e+03 7.150529828869797564e-06
2.114000000000000000e+03 7.151559876946627918e-06
2.115000000000000000e+03 7.150608817696204220e-06
2.116000000000000000e+03 7.150044732064170580e-06
2.117000000000000000e+03 7.149866964732872339e-06
2.118000000000000000e+03 7.149730877567487098e-06
2.119000000000000000e+03 7.150038353434059328e-06
2.120000000000000000e+03 7.149584953355055950e-06
2.121000000000000000e+03 7.149721102893991628e-06
2.122000000000000000e+03 7.149284365294173937e-06
2.123000000000000000e+03 7.149797530788046280e-06
2.124000000000000000e+03 7.149183556075397949e-06
2.125000000000000000e+03 7.149263803838247925e-06
2.126000000000000000e+03 7.149100451754672396e-06
2.127000000000000000e+03 7.149017234829740895e-06
2.128000000000000000e+03 7.149378096677612654e-06
2.129000000000000000e+03 7.148754557430371795e-06
2.130000000000000000e+03 7.149149556310471100e-06
2.131000000000000000e+03 7.149546362597434518e-06
2.132000000000000000e+03 7.148399222546990971e-06
2.133000000000000000e+03 7.148495108823610663e-06
2.134000000000000000e+03 7.148327263393244499e-06
2.135000000000000000e+03 7.148187034730031221e-06
2.136000000000000000e+03 7.148099434472555097e-06
2.137000000000000000e+03 7.148361142544260068e-06
2.138000000000000000e+03 7.147910011745202428e-06
2.139000000000000000e+03 7.148147556974667620e-06
2.140000000000000000e+03 7.147995053752467387e-06
2.141000000000000000e+03 7.147616146444936128e-06
2.142000000000000000e+03 7.147576873000006183e-06
2.143000000000000000e+03 7.147612050361607956e-06
2.144000000000000000e+03 7.147568956165139677e-06
2.145000000000000000e+03 7.147512332827432623e-06
2.146000000000000000e+03 7.147945878898545655e-06
2.147000000000000000e+03 7.147968953515571520e-06
2.148000000000000000e+03 7.147281671461149572e-06
2.149000000000000000e+03 7.146983724558509140e-06
2.150000000000000000e+03 7.146843230761053414e-06
2.151000000000000000e+03 7.146647396545150283e-06
2.152000000000000000e+03 7.147347982767145821e-06
2.153000000000000000e+03 7.146667687114395086e-06
2.154000000000000000e+03 7.146551099077585746e-06
2.155000000000000000e+03 7.146326151112784318e-06
2.156000000000000000e+03 7.146365443390942121e-06
2.157000000000000000e+03 7.146532313652255077e-06
2.158000000000000000e+03 7.146206268819130570e-06
2.159000000000000000e+03 7.146713210537949745e-06
2.160000000000000000e+03 7.146129433852773721e-06
2.161000000000000000e+03 7.145872224266504190e-06
2.162000000000000000e+03 7.145843776130931628e-06
2.163000000000000000e+03 7.145846621633195957e-06
2.164000000000000000e+03 7.146797606862465798e-06
2.165000000000000000e+03 7.145810559528765529e-06
2.166000000000000000e+03 7.146346964635805148e-06
2.167000000000000000e+03 7.145468438177294681e-06
2.168000000000000000e+03 7.146507938433203875e-06
2.169000000000000000e+03 7.145405290529825612e-06
2.170000000000000000e+03 7.145266426338536182e-06
2.171000000000000000e+03 7.145239990794308759e-06
2.172000000000000000e+03 7.145144300471792028e-06
2.173000000000000000e+03 7.144855729954926953e-06
2.174000000000000000e+03 7.144876075499086756e-06
2.175000000000000000e+03 7.144594928192508973e-06
2.176000000000000000e+03 7.145184095716804397e-06
2.177000000000000000e+03 7.144554487601077376e-06
2.178000000000000000e+03 7.144464971241744095e-06
2.179000000000000000e+03 7.144620937521734383e-06
2.180000000000000000e+03 7.144193541944916396e-06
2.181000000000000000e+03 7.144347178138074179e-06
2.182000000000000000e+03 7.144017619209466359e-06
2.183000000000000000e+03 7.143932594787021278e-06
2.184000000000000000e+03 7.143941705939453872e-06
2.185000000000000000e+03 7.144126026174315244e-06
2.186000000000000000e+03 7.143972333780908504e-06
2.187000000000000000e+03 7.143747886031695293e-06
2.188000000000000000e+03 7.143679733014350391e-06
2.189000000000000000e+03 7.143552698234009613e-06
2.190000000000000000e+03 7.143563562251973933e-06
2.191000000000000000e+03 7.143302072417475189e-06
2.192000000000000000e+03 7.143261744736805163e-06
2.193000000000000000e+03 7.143379934381719134e-06
2.194000000000000000e+03 7.144379270996249791e-06
2.195000000000000000e+03 7.144190292231204496e-06
2.196000000000000000e+03 7.142929725160018056e-06
2.197000000000000000e+03 7.143037867322828272e-06
2.198000000000000000e+03 7.143458589721404309e-06
2.199000000000000000e+03 7.142789161781070678e-06
2.200000000000000000e+03 7.142639282176625854e-06
2.201000000000000000e+03 7.142506205920328583e-06
2.202000000000000000e+03 7.142694031913248346e-06
2.203000000000000000e+03 7.142453899590665262e-06
2.204000000000000000e+03 7.142294014670429002e-06
2.205000000000000000e+03 7.142251947767476717e-06
2.206000000000000000e+03 7.142377908781189176e-06
2.207000000000000000e+03 7.142281487536183366e-06
2.208000000000000000e+03 7.142881469250636469e-06
2.209000000000000000e+03 7.142014944307416607e-06
2.210000000000000000e+03 7.142252670234675393e-06
2.211000000000000000e+03 7.142173925887449290e-06
2.212000000000000000e+03 7.141883855661954296e-06
2.213000000000000000e+03 7.141615528933906286e-06
2.214000000000000000e+03 7.141511684985801266e-06
2.215000000000000000e+03 7.141651196895606210e-06
2.216000000000000000e+03 7.141851445546639612e-06
2.217000000000000000e+03 7.141273403337683135e-06
2.218000000000000000e+03 7.141129949940314378e-06
2.219000000000000000e+03 7.141125084533685869e-06
2.220000000000000000e+03 7.141113022461826214e-06
2.221000000000000000e+03 7.141397188181747330e-06
2.222000000000000000e+03 7.140878067506403576e-06
2.223000000000000000e+03 7.140850953461178057e-06
2.224000000000000000e+03 7.140848650242343294e-06
2.225000000000000000e+03 7.140835062927621162e-06
2.226000000000000000e+03 7.140771287524001706e-06
2.227000000000000000e+03 7.140477058842462431e-06
2.228000000000000000e+03 7.140398484219982365e-06
2.229000000000000000e+03 7.140527942629382327e-06
2.230000000000000000e+03 7.140272439810179952e-06
2.231000000000000000e+03 7.140601426822363709e-06
2.232000000000000000e+03 7.140041923193864630e-06
2.233000000000000000e+03 7.140555953025603762e-06
2.234000000000000000e+03 7.140312307378557575e-06
2.235000000000000000e+03 7.139804836236478035e-06
2.236000000000000000e+03 7.139874191963424702e-06
2.237000000000000000e+03 7.139676515282897201e-06
2.238000000000000000e+03 7.139802695169985911e-06
2.239000000000000000e+03 7.139840757153857772e-06
2.240000000000000000e+03 7.139762567457845949e-06
2.241000000000000000e+03 7.139951812088795670e-06
2.242000000000000000e+03 7.139356870517816891e-06
2.243000000000000000e+03 7.139309131291883073e-06
2.244000000000000000e+03 7.139259924299846574e-06
2.245000000000000000e+03 7.139111481660680199e-06
2.246000000000000000e+03 7.139101200547279086e-06
2.247000000000000000e+03 7.138912976974930701e-06
2.248000000000000000e+03 7.139167214585548848e-06
2.249000000000000000e+03 7.138872893403977315e-06
2.250000000000000000e+03 7.138847174299417222e-06
2.251000000000000000e+03 7.139070959174424597e-06
2.252000000000000000e+03 7.138592848224213890e-06
2.253000000000000000e+03 7.138848851541319716e-06
2.254000000000000000e+03 7.138659394959816044e-06
2.255000000000000000e+03 7.138431994799934458e-06
2.256000000000000000e+03 7.138269228348841718e-06
2.257000000000000000e+03 7.138237391472332159e-06
2.258000000000000000e+03 7.138263967451670327e-06
2.259000000000000000e+03 7.138324664045352277e-06
2.260000000000000000e+03 7.137943498607783317e-06
2.261000000000000000e+03 7.138008944659704343e-06
2.262000000000000000e+03 7.138302187723219925e-06
2.263000000000000000e+03 7.137855908155057453e-06
2.264000000000000000e+03 7.138001482806419592e-06
2.265000000000000000e+03 7.137683539245714067e-06
2.266000000000000000e+03 7.137655398509237544e-06
2.267000000000000000e+03 7.138039107068548445e-06
2.268000000000000000e+03 7.137643280291987022e-06
2.269000000000000000e+03 7.137578005004323900e-06
2.270000000000000000e+03 7.137295437684968132e-06
2.271000000000000000e+03 7.137525113939034062e-06
2.272000000000000000e+03 7.137396307229252747e-06
2.273000000000000000e+03 7.137311666268380708e-06
2.274000000000000000e+03 7.137065061761240395e-06
2.275000000000000000e+03 7.137200318549851994e-06
2.276000000000000000e+03 7.137618552204359854e-06
2.277000000000000000e+03 7.137117354799954734e-06
2.278000000000000000e+03 7.136875718500666376e-06
2.279000000000000000e+03 7.137037166552876992e-06
2.280000000000000000e+03 7.136929773642101499e-06
2.281000000000000000e+03 7.136786509850656646e-06
2.282000000000000000e+03 7.136561159270041538e-06
2.283000000000000000e+03 7.136497533181436611e-06
2.284000000000000000e+03 7.136577054354044080e-06
2.285000000000000000e+03 7.136335963572233314e-06
2.286000000000000000e+03 7.136294017930540628e-06
2.287000000000000000e+03 7.136727824982551366e-06
2.288000000000000000e+03 7.136375878715210836e-06
2.289000000000000000e+03 7.136134543942849955e-06
2.290000000000000000e+03 7.135862292752970525e-06
2.291000000000000000e+03 7.136014256322337534e-06
2.292000000000000000e+03 7.135831363656734172e-06
2.293000000000000000e+03 7.135977939243914645e-06
2.294000000000000000e+03 7.135790068486276860e-06
2.295000000000000000e+03 7.135560331748082679e-06
2.296000000000000000e+03 7.135491956082317792e-06
2.297000000000000000e+03 7.135775861311630976e-06
2.298000000000000000e+03 7.135724970102645018e-06
2.299000000000000000e+03 7.135534906052071251e-06
2.300000000000000000e+03 7.135286043584041482e-06
2.301000000000000000e+03 7.135264234932223037e-06
2.302000000000000000e+03 7.135030034764639277e-06
2.303000000000000000e+03 7.135205461816923577e-06
2.304000000000000000e+03 7.135038338870932224e-06
2.305000000000000000e+03 7.134852323676922503e-06
2.306000000000000000e+03 7.135441345936902994e-06
2.307000000000000000e+03 7.134708182319320294e-06
2.308000000000000000e+03 7.134725386036337748e-06
2.309000000000000000e+03 7.134745867270086728e-06
2.310000000000000000e+03 7.134695955701551121e-06
2.311000000000000000e+03 7.134629441250143884e-06
2.312000000000000000e+03 7.134430510792142424e-06
2.313000000000000000e+03 7.134680568973514748e-06
2.314000000000000000e+03 7.134590585205179644e-06
2.315000000000000000e+03 7.134892408052877368e-06
2.316000000000000000e+03 7.134938129793784862e-06
2.317000000000000000e+03 7.134134780927055088e-06
2.318000000000000000e+03 7.134367030821769215e-06
2.319000000000000000e+03 7.134025133205882599e-06
2.320000000000000000e+03 7.134308366153145773e-06
2.321000000000000000e+03 7.133901442544317287e-06
2.322000000000000000e+03 7.133882231774350770e-06
2.323000000000000000e+03 7.133816443050701518e-06
2.324000000000000000e+03 7.133726254125429206e-06
2.325000000000000000e+03 7.134525643534835237e-06
2.326000000000000000e+03 7.133766562068037746e-06
2.327000000000000000e+03 7.133864988589545147e-06
2.328000000000000000e+03 7.133464588935731961e-06
2.329000000000000000e+03 7.133545285308276183e-06
2.330000000000000000e+03 7.133607001354221626e-06
2.331000000000000000e+03 7.133821322673129720e-06
2.332000000000000000e+03 7.133466059422518022e-06
2.333000000000000000e+03 7.133102084505631961e-06
2.334000000000000000e+03 7.133274287935827797e-06
2.335000000000000000e+03 7.133093241395006074e-06
2.336000000000000000e+03 7.133068137633808793e-06
2.337000000000000000e+03 7.132856715577142557e-06
2.338000000000000000e+03 7.132983227382581460e-06
2.339000000000000000e+03 7.132690390854336481e-06
2.340000000000000000e+03 7.132660865480394035e-06
2.341000000000000000e+03 7.132807169595867122e-06
2.342000000000000000e+03 7.132886555113249541e-06
2.343000000000000000e+03 7.132557318170408289e-06
2.344000000000000000e+03 7.132510810100979815e-06
2.345000000000000000e+03 7.132461146711709467e-06
2.346000000000000000e+03 7.132415859523577883e-06
2.347000000000000000e+03 7.132257457873861480e-06
2.348000000000000000e+03 7.132455691922414006e-06
2.349000000000000000e+03 7.132130248673231428e-06
2.350000000000000000e+03 7.132323191540663928e-06
2.351000000000000000e+03 7.132269782172257024e-06
2.352000000000000000e+03 7.131954427050286261e-06
2.353000000000000000e+03 7.131953183855352260e-06
2.354000000000000000e+03 7.132104552671664379e-06
2.355000000000000000e+03 7.131990623864687698e-06
2.356000000000000000e+03 7.131757454002316728e-06
2.357000000000000000e+03 7.131927068764807009e-06
2.358000000000000000e+03 7.131843356371537655e-06
2.359000000000000000e+03 7.131477946013580133e-06
2.360000000000000000e+03 7.131679261106530373e-06
2.361000000000000000e+03 7.132033391715140777e-06
2.362000000000000000e+03 7.131271845340556433e-06
2.363000000000000000e+03 7.131354953361611484e-06
2.364000000000000000e+03 7.131414910041379367e-06
2.365000000000000000e+03 7.131232192504229716e-06
2.366000000000000000e+03 7.131379242350709657e-06
2.367000000000000000e+03 7.131219544305387744e-06
2.368000000000000000e+03 7.131061491749585585e-06
2.369000000000000000e+03 7.131363718468565836e-06
2.370000000000000000e+03 7.131554693060096473e-06
2.371000000000000000e+03 7.131069673075791450e-06
2.372000000000000000e+03 7.131049116597391025e-06
2.373000000000000000e+03 7.130698065478056338e-06
2.374000000000000000e+03 7.130851235708620158e-06
2.375000000000000000e+03 7.130664171632544641e-06
2.376000000000000000e+03 7.130530055162909880e-06
2.377000000000000000e+03 7.130493496022198910e-06
2.378000000000000000e+03 7.130891751460619087e-06
2.379000000000000000e+03 7.130489880095034014e-06
2.380000000000000000e+03 7.130494131346822461e-06
2.381000000000000000e+03 7.130612174216158866e-06
2.382000000000000000e+03 7.130586434556377498e-06
2.383000000000000000e+03 7.130382505574675342e-06
2.384000000000000000e+03 7.130241052692137077e-06
2.385000000000000000e+03 7.130166363700437799e-06
2.386000000000000000e+03 7.130036513535314787e-06
2.387000000000000000e+03 7.130227157253660196e-06
2.388000000000000000e+03 7.130229884889797443e-06
2.389000000000000000e+03 7.129948661133773114e-06
2.390000000000000000e+03 7.129910645423540708e-06
2.391000000000000000e+03 7.130007305965044174e-06
2.392000000000000000e+03 7.129568375395941790e-06
2.393000000000000000e+03 7.129704565719353788e-06
2.394000000000000000e+03 7.129697980146643832e-06
2.395000000000000000e+03 7.129545837291020436e-06
2.396000000000000000e+03 7.129767958090648548e-06
2.397000000000000000e+03 7.129519729210609642e-06
2.398000000000000000e+03 7.129518025679210039e-06
2.399000000000000000e+03 7.129388940891923989e-06
2.400000000000000000e+03 7.129238948141716772e-06
2.401000000000000000e+03 7.129289998509783400e-06
2.402000000000000000e+03 7.129233981891623080e-06
2.403000000000000000e+03 7.129100588242637750e-06
2.404000000000000000e+03 7.129086975571419371e-06
2.405000000000000000e+03 7.128963574128549168e-06
2.406000000000000000e+03 7.128922165296360190e-06
2.407000000000000000e+03 7.129083080483981595e-06
2.408000000000000000e+03 7.128759467341482043e-06
2.409000000000000000e+03 7.128938011564401320e-06
2.410000000000000000e+03 7.128778723251526692e-06
2.411000000000000000e+03 7.128966267247728743e-06
2.412000000000000000e+03 7.128625120834735182e-06
2.413000000000000000e+03 7.128638494418583258e-06
2.414000000000000000e+03 7.128653427291827171e-06
2.415000000000000000e+03 7.128466679116352214e-06
2.416000000000000000e+03 7.128433438819892924e-06
2.417000000000000000e+03 7.128419891368148111e-06
2.418000000000000000e+03 7.128358252887232263e-06
2.419000000000000000e+03 7.128258975731279066e-06
2.420000000000000000e+03 7.128480026279263149e-06
2.421000000000000000e+03 7.128393369318781055e-06
2.422000000000000000e+03 7.128218864712092580e-06
2.423000000000000000e+03 7.128172797341012180e-06
2.424000000000000000e+03 7.128014589744498409e-06
2.425000000000000000e+03 7.127926173217296082e-06
2.426000000000000000e+03 7.127952440143334534e-06
2.427000000000000000e+03 7.127813642513824488e-06
2.428000000000000000e+03 7.127926805547457418e-06
2.429000000000000000e+03 7.128150681453025330e-06
2.430000000000000000e+03 7.127714068258811086e-06
2.431000000000000000e+03 7.127761230499211510e-06
2.432000000000000000e+03 7.127880944795700516e-06
2.433000000000000000e+03 7.127813257157229526e-06
2.434000000000000000e+03 7.127788067075966770e-06
2.435000000000000000e+03 7.127397431854466762e-06
2.436000000000000000e+03 7.127397315512643230e-06
2.437000000000000000e+03 7.127351556404816282e-06
2.438000000000000000e+03 7.127291876735348371e-06
2.439000000000000000e+03 7.127558781515216722e-06
2.440000000000000000e+03 7.127142895972368604e-06
2.441000000000000000e+03 7.127189560537367399e-06
2.442000000000000000e+03 7.127188011094244222e-06
2.443000000000000000e+03 7.127050689105570879e-06
2.444000000000000000e+03 7.126950723797737944e-06
2.445000000000000000e+03 7.126964707246532853e-06
2.446000000000000000e+03 7.126906890239922623e-06
2.447000000000000000e+03 7.126929170040304415e-06
2.448000000000000000e+03 7.126748875808725290e-06
2.449000000000000000e+03 7.126968701246082108e-06
2.450000000000000000e+03 7.126829302757299006e-06
2.451000000000000000e+03 7.126797430259809879e-06
2.452000000000000000e+03 7.126670463990461878e-06
2.453000000000000000e+03 7.126669318979400239e-06
2.454000000000000000e+03 7.126623525586093629e-06
2.455000000000000000e+03 7.126410919059656085e-06
2.456000000000000000e+03 7.126478405807109522e-06
2.457000000000000000e+03 7.126716988198998631e-06
2.458000000000000000e+03 7.126506665026052416e-06
2.459000000000000000e+03 7.126302793067601839e-06
2.460000000000000000e+03 7.126367992305698434e-06
2.461000000000000000e+03 7.126168529156009211e-06
2.462000000000000000e+03 7.126179736437094231e-06
2.463000000000000000e+03 7.126506227861563068e-06
2.464000000000000000e+03 7.126034465520949849e-06
2.465000000000000000e+03 7.125974272462019940e-06
2.466000000000000000e+03 7.126002110400333468e-06
2.467000000000000000e+03 7.125965808070515172e-06
2.468000000000000000e+03 7.125816984075084617e-06
2.469000000000000000e+03 7.125767824792092474e-06
2.470000000000000000e+03 7.125779598478105554e-06
2.471000000000000000e+03 7.125765788086296156e-06
2.472000000000000000e+03 7.125670945682835796e-06
2.473000000000000000e+03 7.125953838911737463e-06
2.474000000000000000e+03 7.125555959192871970e-06
2.475000000000000000e+03 7.125547038293363468e-06
2.476000000000000000e+03 7.125539185963216175e-06
2.477000000000000000e+03 7.125510181623166572e-06
2.478000000000000000e+03 7.125369535771486633e-06
2.479000000000000000e+03 7.125315614598850056e-06
2.480000000000000000e+03 7.125532897750321281e-06
2.481000000000000000e+03 7.125692417961596843e-06
2.482000000000000000e+03 7.125287434422150357e-06
2.483000000000000000e+03 7.125181238409111730e-06
2.484000000000000000e+03 7.125145437522221380e-06
2.485000000000000000e+03 7.125088060087127577e-06
2.486000000000000000e+03 7.124997589745354276e-06
2.487000000000000000e+03 7.124926397069605887e-06
2.488000000000000000e+03 7.124923153965491127e-06
2.489000000000000000e+03 7.125055761901695913e-06
2.490000000000000000e+03 7.124787090875098882e-06
2.491000000000000000e+03 7.124755237741120048e-06
2.492000000000000000e+03 7.124852489099876288e-06
2.493000000000000000e+03 7.124799441032053358e-06
2.494000000000000000e+03 7.124702856287139864e-06
2.495000000000000000e+03 7.124882027122776035e-06
2.496000000000000000e+03 7.124765513003221797e-06
2.497000000000000000e+03 7.124856637325281297e-06
2.498000000000000000e+03 7.124431899708938324e-06
2.499000000000000000e+03 7.124500511986266514e-06
2.500000000000000000e+03 7.124622371481945957e-06
2.501000000000000000e+03 7.124351570970802464e-06
2.502000000000000000e+03 7.124233260469469985e-06
2.503000000000000000e+03 7.124359440872810030e-06
2.504000000000000000e+03 7.124276344318743870e-06
2.505000000000000000e+03 7.124283456953413340e-06
2.506000000000000000e+03 7.124159317506819656e-06
2.507000000000000000e+03 7.124142149014239907e-06
2.508000000000000000e+03 7.124167362045310644e-06
2.509000000000000000e+03 7.124421594234018380e-06
2.510000000000000000e+03 7.124051359243322453e-06
2.511000000000000000e+03 7.123954467081197426e-06
2.512000000000000000e+03 7.123836761855337397e-06
2.513000000000000000e+03 7.123772976415083942e-06
2.514000000000000000e+03 7.123817335200351431e-06
2.515000000000000000e+03 7.123820658112871017e-06
2.516000000000000000e+03 7.123834277713286467e-06
2.517000000000000000e+03 7.123894884047743186e-06
2.518000000000000000e+03 7.123624216994238419e-06
2.519000000000000000e+03 7.123504310337468335e-06
2.520000000000000000e+03 7.123439886610697530e-06
2.521000000000000000e+03 7.123439133098538550e-06
2.522000000000000000e+03 7.123517913037139573e-06
2.523000000000000000e+03 7.123379140605338437e-06
2.524000000000000000e+03 7.123350795089830996e-06
2.525000000000000000e+03 7.123263078084717856e-06
2.526000000000000000e+03 7.123302038568975782e-06
2.527000000000000000e+03 7.123167073489615677e-06
2.528000000000000000e+03 7.123248321699592563e-06
2.529000000000000000e+03 7.123168672599568577e-06
2.530000000000000000e+03 7.123117280160725813e-06
2.531000000000000000e+03 7.123026783030110845e-06
2.532000000000000000e+03 7.123060121416253280e-06
2.533000000000000000e+03 7.123146455599787517e-06
2.534000000000000000e+03 7.122947266121110632e-06
2.535000000000000000e+03 7.122897137937065046e-06
2.536000000000000000e+03 7.122855173604203785e-06
2.537000000000000000e+03 7.122986126903554710e-06
2.538000000000000000e+03 7.122758648749916956e-06
2.539000000000000000e+03 7.122845699395569979e-06
2.540000000000000000e+03 7.122852574954918831e-06
2.541000000000000000e+03 7.122578237813539505e-06
2.542000000000000000e+03 7.122627891326895274e-06
2.543000000000000000e+03 7.122521449006096286e-06
2.544000000000000000e+03 7.122593450245380320e-06
2.545000000000000000e+03 7.122578779232817589e-06
2.546000000000000000e+03 7.122469232308288843e-06
2.547000000000000000e+03 7.122354159117109115e-06
2.548000000000000000e+03 7.122406669749414237e-06
2.549000000000000000e+03 7.122524302363422295e-06
2.550000000000000000e+03 7.122298626919853504e-06
2.551000000000000000e+03 7.122278994504080542e-06
2.552000000000000000e+03 7.122234113360247925e-06
2.553000000000000000e+03 7.122114259473616055e-06
2.554000000000000000e+03 7.122173307131025006e-06
2.555000000000000000e+03 7.122061407113411192e-06
2.556000000000000000e+03 7.122211829235200508e-06
2.557000000000000000e+03 7.121913563798220681e-06
2.558000000000000000e+03 7.121922372567416147e-06
2.559000000000000000e+03 7.122013771795452704e-06
2.560000000000000000e+03 7.121909828579506931e-06
2.561000000000000000e+03 7.121780703313669144e-06
2.562000000000000000e+03 7.121796698297749689e-06
2.563000000000000000e+03 7.121714561747253020e-06
2.564000000000000000e+03 7.121657371563937158e-06
2.565000000000000000e+03 7.121695612675138307e-06
2.566000000000000000e+03 7.121653886814837804e-06
2.567000000000000000e+03 7.121541014478814426e-06
2.568000000000000000e+03 7.121588124631725051e-06
2.569000000000000000e+03 7.121966331260474178e-06
2.570000000000000000e+03 7.121450856496545909e-06
2.571000000000000000e+03 7.121582597174195719e-06
2.572000000000000000e+03 7.121301557482715122e-06
2.573000000000000000e+03 7.121593260962050956e-06
2.574000000000000000e+03 7.121602149860561537e-06
2.575000000000000000e+03 7.121301148277153671e-06
2.576000000000000000e+03 7.121205744812318340e-06
2.577000000000000000e+03 7.121242164699038247e-06
2.578000000000000000e+03 7.121325971051172846e-06
2.579000000000000000e+03 7.121120335764696329e-06
2.580000000000000000e+03 7.121059211214122145e-06
2.581000000000000000e+03 7.121089910042844964e-06
2.582000000000000000e+03 7.121097551793429741e-06
2.583000000000000000e+03 7.120930956670390936e-06
2.584000000000000000e+03 7.121055291000046605e-06
2.585000000000000000e+03 7.120995379156688765e-06
2.586000000000000000e+03 7.120988943016844420e-06
2.587000000000000000e+03 7.120900300684438734e-06
2.588000000000000000e+03 7.120770420292635832e-06
2.589000000000000000e+03 7.120766530964645168e-06
2.590000000000000000e+03 7.120924102832856427e-06
2.591000000000000000e+03 7.120592883449444761e-06
2.592000000000000000e+03 7.120635941323391139e-06
2.593000000000000000e+03 7.120581989545471273e-06
2.594000000000000000e+03 7.120703409734524361e-06
2.595000000000000000e+03 7.120591989365319076e-06
2.596000000000000000e+03 7.120591810403171376e-06
2.597000000000000000e+03 7.120476024929246079e-06
2.598000000000000000e+03 7.120377890348097183e-06
2.599000000000000000e+03 7.120304313082088624e-06
2.600000000000000000e+03 7.120322305591866978e-06
2.601000000000000000e+03 7.120252701674216719e-06
2.602000000000000000e+03 7.120229396058232184e-06
2.603000000000000000e+03 7.120177739483936882e-06
2.604000000000000000e+03 7.120201953192666772e-06
2.605000000000000000e+03 7.120140372890469792e-06
2.606000000000000000e+03 7.120235948147495107e-06
2.607000000000000000e+03 7.120148771787737058e-06
2.608000000000000000e+03 7.120278726160524973e-06
2.609000000000000000e+03 7.119946381134622984e-06
2.610000000000000000e+03 7.119978270885571853e-06
2.611000000000000000e+03 7.119930455274765894e-06
2.612000000000000000e+03 7.119875924624884711e-06
2.613000000000000000e+03 7.119860553429761394e-06
2.614000000000000000e+03 7.119861162145911322e-06
2.615000000000000000e+03 7.119832236536392555e-06
2.616000000000000000e+03 7.119880111248597995e-06
2.617000000000000000e+03 7.119793072329655340e-06
2.618000000000000000e+03 7.119725777412904430e-06
2.619000000000000000e+03 7.119655190919209548e-06
2.620000000000000000e+03 7.119717460491842401e-06
2.621000000000000000e+03 7.119556447064798520e-06
2.622000000000000000e+03 7.119623571843048974e-06
2.623000000000000000e+03 7.119498114904984314e-06
2.624000000000000000e+03 7.119543324266802050e-06
2.625000000000000000e+03 7.119677432469874666e-06
2.626000000000000000e+03 7.119529787660081693e-06
2.627000000000000000e+03 7.119389810626280980e-06
2.628000000000000000e+03 7.119352157252736801e-06
2.629000000000000000e+03 7.119307776640971862e-06
2.630000000000000000e+03 7.119284368341121142e-06
2.631000000000000000e+03 7.119175979223175141e-06
2.632000000000000000e+03 7.119149106301493958e-06
2.633000000000000000e+03 7.119123763183068453e-06
2.634000000000000000e+03 7.119207832760345046e-06
2.635000000000000000e+03 7.119331979521141074e-06
2.636000000000000000e+03 7.119378593814761554e-06
2.637000000000000000e+03 7.119235471305035183e-06
2.638000000000000000e+03 7.119029687454234711e-06
2.639000000000000000e+03 7.118982978486091696e-06
2.640000000000000000e+03 7.119053869271056053e-06
2.641000000000000000e+03 7.118958603903969460e-06
2.642000000000000000e+03 7.119120635730643578e-06
2.643000000000000000e+03 7.118863127293001728e-06
2.644000000000000000e+03 7.118727720174139697e-06
2.645000000000000000e+03 7.118706942687455442e-06
2.646000000000000000e+03 7.118775508221201827e-06
2.647000000000000000e+03 7.118645011174510627e-06
2.648000000000000000e+03 7.118967403318337391e-06
2.649000000000000000e+03 7.118626715292074265e-06
2.650000000000000000e+03 7.118685464803563981e-06
2.651000000000000000e+03 7.118563671734653646e-06
2.652000000000000000e+03 7.118528047287260531e-06
2.653000000000000000e+03 7.118610362353242403e-06
2.654000000000000000e+03 7.118481551989677744e-06
2.655000000000000000e+03 7.118404650577981437e-06
2.656000000000000000e+03 7.118391551454355096e-06
2.657000000000000000e+03 7.118493485584260974e-06
2.658000000000000000e+03 7.118368652643654939e-06
2.659000000000000000e+03 7.118317484444336963e-06
2.660000000000000000e+03 7.118309220677241046e-06
2.661000000000000000e+03 7.118269667269023881e-06
2.662000000000000000e+03 7.118185394910832365e-06
2.663000000000000000e+03 7.118245333684244123e-06
2.664000000000000000e+03 7.118164212415725545e-06
2.665000000000000000e+03 7.118246849250734348e-06
2.666000000000000000e+03 7.118365991732940452e-06
2.667000000000000000e+03 7.118309230260655668e-06
2.668000000000000000e+03 7.118040503927132131e-06
2.669000000000000000e+03 7.117931202365051260e-06
2.670000000000000000e+03 7.118271079866446847e-06
2.671000000000000000e+03 7.117869162866539919e-06
2.672000000000000000e+03 7.117934355402337547e-06
2.673000000000000000e+03 7.117870706948248623e-06
2.674000000000000000e+03 7.117845788050109127e-06
2.675000000000000000e+03 7.117824022015417652e-06
2.676000000000000000e+03 7.117782941681125995e-06
2.677000000000000000e+03 7.117725852255248109e-06
2.678000000000000000e+03 7.117737405979831307e-06
2.679000000000000000e+03 7.118093581735654879e-06
2.680000000000000000e+03 7.117788704198513562e-06
2.681000000000000000e+03 7.117639082834878388e-06
2.682000000000000000e+03 7.117496483116626366e-06
2.683000000000000000e+03 7.117553588590394706e-06
2.684000000000000000e+03 7.117519318382054235e-06
2.685000000000000000e+03 7.117565200653415846e-06
2.686000000000000000e+03 7.117745424214005498e-06
2.687000000000000000e+03 7.117455110914328065e-06
2.688000000000000000e+03 7.117459262257593590e-06
2.689000000000000000e+03 7.117325812814482803e-06
2.690000000000000000e+03 7.117315372282393045e-06
2.691000000000000000e+03 7.117361583696768362e-06
2.692000000000000000e+03 7.117347536534534632e-06
2.693000000000000000e+03 7.117287555478196989e-06
2.694000000000000000e+03 7.117546076091589565e-06
2.695000000000000000e+03 7.117159674812288775e-06
2.696000000000000000e+03 7.117153385238011187e-06
2.697000000000000000e+03 7.117078692444489229e-06
2.698000000000000000e+03 7.117263224270676183e-06
2.699000000000000000e+03 7.117298845668330560e-06
2.700000000000000000e+03 7.117058621466403173e-06
2.701000000000000000e+03 7.117008886647259429e-06
2.702000000000000000e+03 7.116981620194375884e-06
2.703000000000000000e+03 7.117002473528568650e-06
2.704000000000000000e+03 7.116960475810059628e-06
2.705000000000000000e+03 7.116895455082515117e-06
2.706000000000000000e+03 7.116888710366445422e-06
2.707000000000000000e+03 7.116827143584617992e-06
2.708000000000000000e+03 7.116805920155794422e-06
2.709000000000000000e+03 7.116785032339178364e-06
2.710000000000000000e+03 7.116979009262829438e-06
2.711000000000000000e+03 7.117010254296558870e-06
2.712000000000000000e+03 7.116771783632307570e-06
2.713000000000000000e+03 7.116662486836962208e-06
2.714000000000000000e+03 7.116690115338003219e-06
2.715000000000000000e+03 7.116656241959172444e-06
2.716000000000000000e+03 7.116708075263718358e-06
2.717000000000000000e+03 7.116684226849946887e-06
2.718000000000000000e+03 7.116659731608061783e-06
2.719000000000000000e+03 7.116550567522008314e-06
2.720000000000000000e+03 7.116464871511696535e-06
2.721000000000000000e+03 7.116439140407359592e-06
2.722000000000000000e+03 7.116378774343852642e-06
2.723000000000000000e+03 7.116422436363347306e-06
2.724000000000000000e+03 7.116449808927222833e-06
2.725000000000000000e+03 7.116297514139200586e-06
2.726000000000000000e+03 7.116297653808819704e-06
2.727000000000000000e+03 7.116414962627530311e-06
2.728000000000000000e+03 7.116246266503070292e-06
2.729000000000000000e+03 7.116258445085037749e-06
2.730000000000000000e+03 7.116319433876374626e-06
2.731000000000000000e+03 7.116178228808126981e-06
2.732000000000000000e+03 7.116182085628962481e-06
2.733000000000000000e+03 7.116128481617413133e-06
2.734000000000000000e+03 7.116061123812750182e-06
2.735000000000000000e+03 7.116119487637243642e-06
2.736000000000000000e+03 7.116049297649729886e-06
2.737000000000000000e+03 7.116125418996002350e-06
2.738000000000000000e+03 7.115975596944728163e-06
2.739000000000000000e+03 7.115945102593717842e-06
2.740000000000000000e+03 7.115918867553028515e-06
2.741000000000000000e+03 7.116217867399603314e-06
2.742000000000000000e+03 7.115943060160139045e-06
2.743000000000000000e+03 7.115891560989582461e-06
2.744000000000000000e+03 7.115970306872898579e-06
2.745000000000000000e+03 7.115902414238169990e-06
2.746000000000000000e+03 7.115824208629172109e-06
2.747000000000000000e+03 7.115781576137470690e-06
2.748000000000000000e+03 7.115887114013022683e-06
2.749000000000000000e+03 7.115639176185489123e-06
2.750000000000000000e+03 7.115669567965022673e-06
2.751000000000000000e+03 7.115705749510144129e-06
2.752000000000000000e+03 7.115587137088602541e-06
2.753000000000000000e+03 7.115558908657795325e-06
2.754000000000000000e+03 7.115585658194010744e-06
2.755000000000000000e+03 7.115872571088706850e-06
2.756000000000000000e+03 7.115564476021426117e-06
2.757000000000000000e+03 7.115492321407948313e-06
2.758000000000000000e+03 7.115501227656350796e-06
2.759000000000000000e+03 7.115443174159652800e-06
2.760000000000000000e+03 7.115377424205446086e-06
2.761000000000000000e+03 7.115359088017616932e-06
2.762000000000000000e+03 7.115333744232837384e-06
2.763000000000000000e+03 7.115335022925100237e-06
2.764000000000000000e+03 7.115358491143749937e-06
2.765000000000000000e+03 7.115245974760579879e-06
2.766000000000000000e+03 7.115194111514257842e-06
2.767000000000000000e+03 7.115182670187065640e-06
2.768000000000000000e+03 7.115242741725118657e-06
2.769000000000000000e+03 7.115268405503071434e-06
2.770000000000000000e+03 7.115115348503270609e-06
2.771000000000000000e+03 7.115099541567471200e-06
2.772000000000000000e+03 7.115259104128280778e-06
2.773000000000000000e+03 7.115096987256305441e-06
2.774000000000000000e+03 7.115152925148853645e-06
2.775000000000000000e+03 7.115106944153621769e-06
2.776000000000000000e+03 7.114973880094084790e-06
2.777000000000000000e+03 7.114963213669245736e-06
2.778000000000000000e+03 7.114948217189657611e-06
2.779000000000000000e+03 7.114912232947570423e-06
2.780000000000000000e+03 7.114864524237587565e-06
2.781000000000000000e+03 7.114835244730831457e-06
2.782000000000000000e+03 7.114888020171920170e-06
2.783000000000000000e+03 7.114795218666273007e-06
2.784000000000000000e+03 7.114884005742605383e-06
2.785000000000000000e+03 7.114735475787266175e-06
2.786000000000000000e+03 7.114792139779153860e-06
2.787000000000000000e+03 7.114824650438261093e-06
2.788000000000000000e+03 7.114661529119491293e-06
2.789000000000000000e+03 7.114701064204513866e-06
2.790000000000000000e+03 7.114772017816192134e-06
2.791000000000000000e+03 7.114678510439358545e-06
2.792000000000000000e+03 7.114574330757826280e-06
2.793000000000000000e+03 7.114641158595351552e-06
2.794000000000000000e+03 7.114610767566096070e-06
2.795000000000000000e+03 7.114567181166332593e-06
2.796000000000000000e+03 7.114455444685496113e-06
2.797000000000000000e+03 7.114512620820660431e-06
2.798000000000000000e+03 7.114449386253565473e-06
2.799000000000000000e+03 7.114409356774778996e-06
2.800000000000000000e+03 7.114415422583129938e-06
2.801000000000000000e+03 7.114439315321330011e-06
2.802000000000000000e+03 7.114541169319922622e-06
2.803000000000000000e+03 7.114509735864306149e-06
2.804000000000000000e+03 7.114275099001153869e-06
2.805000000000000000e+03 7.114381716961352935e-06
2.806000000000000000e+03 7.114523909594491386e-06
2.807000000000000000e+03 7.114277675690976681e-06
2.808000000000000000e+03 7.114221223715585309e-06
2.809000000000000000e+03 7.114211305093552498e-06
2.810000000000000000e+03 7.114195665273925640e-06
2.811000000000000000e+03 7.114172220982280422e-06
2.812000000000000000e+03 7.114221560476649866e-06
2.813000000000000000e+03 7.114089299767868861e-06
2.814000000000000000e+03 7.114098441814083319e-06
2.815000000000000000e+03 7.114204941120836484e-06
2.816000000000000000e+03 7.114109776772827875e-06
2.817000000000000000e+03 7.113953527796104742e-06
2.818000000000000000e+03 7.114079630218402583e-06
2.819000000000000000e+03 7.113994991539082397e-06
2.820000000000000000e+03 7.113926976445602227e-06
2.821000000000000000e+03 7.113872781067798241e-06
2.822000000000000000e+03 7.113870492322427206e-06
2.823000000000000000e+03 7.114030800684959030e-06
2.824000000000000000e+03 7.113775772511870659e-06
2.825000000000000000e+03 7.113938764161244782e-06
2.826000000000000000e+03 7.113790118275634177e-06
2.827000000000000000e+03 7.113931806891464222e-06
2.828000000000000000e+03 7.113720441537396772e-06
2.829000000000000000e+03 7.113817054989740004e-06
2.830000000000000000e+03 7.113707073187271257e-06
2.831000000000000000e+03 7.113665094133354303e-06
2.832000000000000000e+03 7.113679337440003203e-06
2.833000000000000000e+03 7.113616856342192958e-06
2.834000000000000000e+03 7.113651889224529415e-06
2.835000000000000000e+03 7.113668814835668225e-06
2.836000000000000000e+03 7.113572465974409259e-06
2.837000000000000000e+03 7.113682790129779642e-06
2.838000000000000000e+03 7.113880004890953803e-06
2.839000000000000000e+03 7.113499593307175927e-06
2.840000000000000000e+03 7.113551733877389015e-06
2.841000000000000000e+03 7.113453004243369446e-06
2.842000000000000000e+03 7.113515490630146587e-06
2.843000000000000000e+03 7.113461595893004259e-06
2.844000000000000000e+03 7.113449980348352445e-06
2.845000000000000000e+03 7.113397934421103138e-06
2.846000000000000000e+03 7.113441585940103149e-06
2.847000000000000000e+03 7.113419043946168085e-06
2.848000000000000000e+03 7.113335337609150422e-06
2.849000000000000000e+03 7.113249107533908877e-06
2.850000000000000000e+03 7.113357915005406041e-06
2.851000000000000000e+03 7.113243393125296608e-06
2.852000000000000000e+03 7.113196163821961288e-06
2.853000000000000000e+03 7.113224139139366921e-06
2.854000000000000000e+03 7.113157210560168650e-06
2.855000000000000000e+03 7.113155324293306408e-06
2.856000000000000000e+03 7.113209339121876214e-06
2.857000000000000000e+03 7.113082137997184388e-06
2.858000000000000000e+03 7.113063077056531323e-06
2.859000000000000000e+03 7.113092670656554309e-06
2.860000000000000000e+03 7.113161415923067112e-06
2.861000000000000000e+03 7.112995348049467551e-06
2.862000000000000000e+03 7.113019975080228054e-06
2.863000000000000000e+03 7.113071730948141016e-06
2.864000000000000000e+03 7.112963354639598991e-06
2.865000000000000000e+03 7.112985518008940118e-06
2.866000000000000000e+03 7.112909210172216479e-06
2.867000000000000000e+03 7.112894486798054771e-06
2.868000000000000000e+03 7.112861280712723437e-06
2.869000000000000000e+03 7.112891692088764022e-06
2.870000000000000000e+03 7.112925262309844293e-06
2.871000000000000000e+03 7.112890791211283328e-06
2.872000000000000000e+03 7.112815792084493664e-06
2.873000000000000000e+03 7.112792092035237006e-06
2.874000000000000000e+03 7.112740131520670824e-06
2.875000000000000000e+03 7.112745155182861816e-06
2.876000000000000000e+03 7.112721953597009161e-06
2.877000000000000000e+03 7.112768668611485112e-06
2.878000000000000000e+03 7.112708192071706171e-06
2.879000000000000000e+03 7.112707318299799021e-06
2.880000000000000000e+03 7.112628545006083378e-06
2.881000000000000000e+03 7.112636238332356929e-06
2.882000000000000000e+03 7.112565095751269524e-06
2.883000000000000000e+03 7.112708041010648418e-06
2.884000000000000000e+03 7.112590665457489068e-06
2.885000000000000000e+03 7.112553935299590226e-06
2.886000000000000000e+03 7.112525512671786372e-06
2.887000000000000000e+03 7.112491949533313543e-06
2.888000000000000000e+03 7.112492065321385897e-06
2.889000000000000000e+03 7.112467554742893551e-06
2.890000000000000000e+03 7.112428125874045818e-06
2.891000000000000000e+03 7.112386188410180952e-06
2.892000000000000000e+03 7.112399932471413692e-06
2.893000000000000000e+03 7.112441652350164881e-06
2.894000000000000000e+03 7.112358709062784528e-06
2.895000000000000000e+03 7.112377495511122627e-06
2.896000000000000000e+03 7.112313422552314879e-06
2.897000000000000000e+03 7.112341213086386315e-06
2.898000000000000000e+03 7.112338982564257588e-06
2.899000000000000000e+03 7.112238137624553838e-06
2.900000000000000000e+03 7.112236106038917526e-06
2.901000000000000000e+03 7.112284344173767571e-06
2.902000000000000000e+03 7.112291567391685904e-06
2.903000000000000000e+03 7.112209784263848416e-06
2.904000000000000000e+03 7.112243640491798527e-06
2.905000000000000000e+03 7.112248009318956444e-06
2.906000000000000000e+03 7.112099966964776603e-06
2.907000000000000000e+03 7.112114390650717769e-06
2.908000000000000000e+03 7.112126821564996224e-06
2.909000000000000000e+03 7.112019664481938896e-06
2.910000000000000000e+03 7.112089203780874554e-06
2.911000000000000000e+03 7.112065456386685051e-06
2.912000000000000000e+03 7.112102135372930681e-06
2.913000000000000000e+03 7.111980792956616607e-06
2.914000000000000000e+03 7.111943589751388613e-06
2.915000000000000000e+03 7.112036188157551761e-06
2.916000000000000000e+03 7.111897785396931870e-06
2.917000000000000000e+03 7.111899979590582361e-06
2.918000000000000000e+03 7.111862792263753528e-06
2.919000000000000000e+03 7.111902211270682207e-06
2.920000000000000000e+03 7.111916250576309268e-06
2.921000000000000000e+03 7.111823347605514549e-06
2.922000000000000000e+03 7.111821905399538222e-06
2.923000000000000000e+03 7.111759140889037147e-06
2.924000000000000000e+03 7.111809533232489362e-06
2.925000000000000000e+03 7.111828172759929535e-06
2.926000000000000000e+03 7.111765817884527941e-06
2.927000000000000000e+03 7.111703417819667889e-06
2.928000000000000000e+03 7.111754744537369966e-06
2.929000000000000000e+03 7.111725881258440125e-06
2.930000000000000000e+03 7.111668295004309601e-06
2.931000000000000000e+03 7.111618485565982175e-06
2.932000000000000000e+03 7.111636289818321546e-06
2.933000000000000000e+03 7.111630434338799509e-06
2.934000000000000000e+03 7.111659209249474680e-06
2.935000000000000000e+03 7.111542864572526581e-06
2.936000000000000000e+03 7.111546330461804631e-06
2.937000000000000000e+03 7.111502305048437378e-06
2.938000000000000000e+03 7.111653996614677848e-06
2.939000000000000000e+03 7.111493784949035954e-06
2.940000000000000000e+03 7.111506244008896181e-06
2.941000000000000000e+03 7.111418306046061994e-06
2.942000000000000000e+03 7.111469990168444568e-06
2.943000000000000000e+03 7.111449159763751321e-06
2.944000000000000000e+03 7.111394852198730624e-06
2.945000000000000000e+03 7.111427598102049426e-06
2.946000000000000000e+03 7.111401818642275262e-06
2.947000000000000000e+03 7.111385030679324995e-06
2.948000000000000000e+03 7.111308058732014561e-06
2.949000000000000000e+03 7.111308514241340193e-06
2.950000000000000000e+03 7.111312048526972734e-06
2.951000000000000000e+03 7.111397980463057755e-06
2.952000000000000000e+03 7.111394032820157183e-06
2.953000000000000000e+03 7.111271515345315964e-06
2.954000000000000000e+03 7.111204975894283554e-06
2.955000000000000000e+03 7.111194712207204666e-06
2.956000000000000000e+03 7.111207368496108293e-06
2.957000000000000000e+03 7.111173830064620070e-06
2.958000000000000000e+03 7.111198712531435436e-06
2.959000000000000000e+03 7.111160700316774172e-06
2.960000000000000000e+03 7.111091508711664049e-06
2.961000000000000000e+03 7.111112960036674818e-06
2.962000000000000000e+03 7.111102863302415636e-06
2.963000000000000000e+03 7.111043399449047492e-06
2.964000000000000000e+03 7.111064243184258019e-06
2.965000000000000000e+03 7.111029220230258164e-06
2.966000000000000000e+03 7.111034213392165765e-06
2.967000000000000000e+03 7.110976846968651049e-06
2.968000000000000000e+03 7.111005232140248012e-06
2.969000000000000000e+03 7.110969526041618933e-06
2.970000000000000000e+03 7.110984008565983802e-06
2.971000000000000000e+03 7.110967116661585157e-06
2.972000000000000000e+03 7.110881596297530187e-06
2.973000000000000000e+03 7.110867811996891910e-06
2.974000000000000000e+03 7.110840772254553571e-06
2.975000000000000000e+03 7.110881755327495084e-06
2.976000000000000000e+03 7.110822501369538402e-06
2.977000000000000000e+03 7.110842049875483223e-06
2.978000000000000000e+03 7.110880480140052126e-06
2.979000000000000000e+03 7.110795174503889131e-06
2.980000000000000000e+03 7.110809692553410425e-06
2.981000000000000000e+03 7.110792972621836622e-06
2.982000000000000000e+03 7.110706263734636666e-06
2.983000000000000000e+03 7.110910693481830144e-06
2.984000000000000000e+03 7.110694670752045714e-06
2.985000000000000000e+03 7.110689708106886129e-06
2.986000000000000000e+03 7.110709248211201779e-06
2.987000000000000000e+03 7.110727007517771530e-06
2.988000000000000000e+03 7.110620099170114189e-06
2.989000000000000000e+03 7.110625711335421592e-06
2.990000000000000000e+03 7.110598937570923084e-06
2.991000000000000000e+03 7.110584786813277651e-06
2.992000000000000000e+03 7.110613029150233032e-06
2.993000000000000000e+03 7.110543979113784812e-06
2.994000000000000000e+03 7.110571454872981958e-06
2.995000000000000000e+03 7.110545730068885395e-06
2.996000000000000000e+03 7.110612151831522799e-06
2.997000000000000000e+03 7.110493359762621126e-06
2.998000000000000000e+03 7.110480734502978048e-06
2.999000000000000000e+03 7.110504599294083273e-06
