0.000000000000000000e+00 9.263266735839011815e-09
1.000000000000000000e+00 4.114067044472825502e-10
2.000000000000000000e+00 4.749416480383373899e-11
3.000000000000000000e+00 2.723617592811406646e-11
4.000000000000000000e+00 2.652332724685555597e-11
5.000000000000000000e+00 2.652609996999069379e-11
6.000000000000000000e+00 2.650276440301056440e-11
7.000000000000000000e+00 2.648856141097378551e-11
8.000000000000000000e+00 2.646253915746077367e-11
9.000000000000000000e+00 2.647505308009094783e-11
1.000000000000000000e+01 2.646784528417858132e-11
1.100000000000000000e+01 2.647679878214390308e-11
1.200000000000000000e+01 2.647652407411493238e-11
1.300000000000000000e+01 2.645472364647162341e-11
1.400000000000000000e+01 2.644613716430713015e-11
1.500000000000000000e+01 2.643410449258072991e-11
1.600000000000000000e+01 2.645076999551108952e-11
1.700000000000000000e+01 2.662280484517388862e-11
1.800000000000000000e+01 2.653489026165174848e-11
1.900000000000000000e+01 2.643964938690016923e-11
2.000000000000000000e+01 2.647144695086408074e-11
2.100000000000000000e+01 2.639664420722312417e-11
2.200000000000000000e+01 2.646269798891980743e-11
2.300000000000000000e+01 2.643237990119763802e-11
2.400000000000000000e+01 2.642164035210275723e-11
2.500000000000000000e+01 2.648267584000272140e-11
2.600000000000000000e+01 2.647040025190971459e-11
2.700000000000000000e+01 2.638908377895774645e-11
2.800000000000000000e+01 2.643261361188890463e-11
2.900000000000000000e+01 2.646833943359374776e-11
3.000000000000000000e+01 2.639304492626759412e-11
3.100000000000000000e+01 2.639751454265380784e-11
3.200000000000000000e+01 2.637409430126188989e-11
3.300000000000000000e+01 2.678211911365433709e-11
3.400000000000000000e+01 2.638326528530707980e-11
3.500000000000000000e+01 2.635367781190835220e-11
3.600000000000000000e+01 2.645162334606911964e-11
3.700000000000000000e+01 2.661681954318731969e-11
3.800000000000000000e+01 2.652017809062827177e-11
3.900000000000000000e+01 2.648012902302594116e-11
4.000000000000000000e+01 2.650949632892992215e-11
4.100000000000000000e+01 2.645154770972586504e-11
4.200000000000000000e+01 2.661570340446973397e-11
4.300000000000000000e+01 2.646438296485698458e-11
4.400000000000000000e+01 2.646385627894786382e-11
4.500000000000000000e+01 2.655328381404476131e-11
4.600000000000000000e+01 2.637151462177462531e-11
4.700000000000000000e+01 2.656733750599862609e-11
4.800000000000000000e+01 2.651487675312556005e-11
4.900000000000000000e+01 2.636145131461719995e-11
5.000000000000000000e+01 2.660977919921471891e-11
5.100000000000000000e+01 2.662022383585701052e-11
5.200000000000000000e+01 2.678313474737205559e-11
5.300000000000000000e+01 2.670942249202517770e-11
5.400000000000000000e+01 2.683627268786976291e-11
5.500000000000000000e+01 2.642063121787726344e-11
5.600000000000000000e+01 2.650316735942860219e-11
5.700000000000000000e+01 2.653289864032178548e-11
5.800000000000000000e+01 2.645856249318395958e-11
5.900000000000000000e+01 2.650622885638196336e-11
6.000000000000000000e+01 2.648180815797930768e-11
6.100000000000000000e+01 2.654455196297912169e-11
6.200000000000000000e+01 2.638655023527971942e-11
6.300000000000000000e+01 2.694994883884769494e-11
6.400000000000000000e+01 2.651064764947460924e-11
6.500000000000000000e+01 2.711391569495872432e-11
6.600000000000000000e+01 2.723299914789053464e-11
6.700000000000000000e+01 2.664766170454290555e-11
6.800000000000000000e+01 2.668073954667601410e-11
6.900000000000000000e+01 2.689916656811463907e-11
7.000000000000000000e+01 2.708827181702129722e-11
7.100000000000000000e+01 2.701955699518470086e-11
7.200000000000000000e+01 2.713368358316902126e-11
7.300000000000000000e+01 2.660167393670314187e-11
7.400000000000000000e+01 2.679174261832170138e-11
7.500000000000000000e+01 2.659163901230910809e-11
7.600000000000000000e+01 2.666550348407453948e-11
7.700000000000000000e+01 2.643883059226074136e-11
7.800000000000000000e+01 2.654794652832192280e-11
7.900000000000000000e+01 2.691738973608813691e-11
8.000000000000000000e+01 2.789766974222498618e-11
8.100000000000000000e+01 2.726373197571385174e-11
8.200000000000000000e+01 2.663806952270355349e-11
8.300000000000000000e+01 2.651885618503023274e-11
8.400000000000000000e+01 2.803141079795960641e-11
8.500000000000000000e+01 2.711410099673245838e-11
8.600000000000000000e+01 2.810363706576037188e-11
8.700000000000000000e+01 2.829412509212450701e-11
8.800000000000000000e+01 2.776455665473829883e-11
8.900000000000000000e+01 3.126890321121964438e-11
9.000000000000000000e+01 5.219322643082755214e-11
9.100000000000000000e+01 3.764784053394668893e-11
9.200000000000000000e+01 2.820818808639908571e-11
9.300000000000000000e+01 2.630335544086956314e-11
9.400000000000000000e+01 3.054704489795843814e-11
9.500000000000000000e+01 2.215660888467972080e-10
9.600000000000000000e+01 1.649716211815099983e-10
9.700000000000000000e+01 3.306550018109429811e-11
9.800000000000000000e+01 2.640373537892386300e-11
9.900000000000000000e+01 2.661798621916257430e-11
1.000000000000000000e+02 2.824451530472325603e-11
1.010000000000000000e+02 2.679427113091262051e-11
1.020000000000000000e+02 2.782855132138848962e-11
1.030000000000000000e+02 2.671823741602287901e-11
1.040000000000000000e+02 2.635722045670388498e-11
1.050000000000000000e+02 2.670517210024060838e-11
1.060000000000000000e+02 2.680731312169871065e-11
1.070000000000000000e+02 2.735093883726609602e-11
1.080000000000000000e+02 2.683770893008272693e-11
1.090000000000000000e+02 2.787519754449653152e-11
1.100000000000000000e+02 2.733693044401191008e-11
1.110000000000000000e+02 2.827999533911817126e-11
1.120000000000000000e+02 2.740378623208061853e-11
1.130000000000000000e+02 2.759232249973035036e-11
1.140000000000000000e+02 3.785094916749574631e-11
1.150000000000000000e+02 3.273815452251392966e-11
1.160000000000000000e+02 4.188025199228007696e-11
1.170000000000000000e+02 2.663645176401443307e-11
1.180000000000000000e+02 4.622410763419368445e-11
1.190000000000000000e+02 4.885810962576939742e-11
1.200000000000000000e+02 3.386743829766481699e-11
1.210000000000000000e+02 2.788583683758377268e-11
1.220000000000000000e+02 2.644319365545471151e-11
1.230000000000000000e+02 3.022602167135871241e-11
1.240000000000000000e+02 3.387969447007738594e-11
1.250000000000000000e+02 2.684975160323449439e-11
1.260000000000000000e+02 3.202447615402954278e-11
1.270000000000000000e+02 9.544689650532411484e-11
1.280000000000000000e+02 1.539186076077312768e-10
1.290000000000000000e+02 5.768894639222236564e-11
1.300000000000000000e+02 2.906094877533626526e-11
1.310000000000000000e+02 2.628419786332327554e-11
1.320000000000000000e+02 2.817446560486528642e-11
1.330000000000000000e+02 2.878873537841627141e-11
1.340000000000000000e+02 2.914244164356018700e-11
1.350000000000000000e+02 2.700952934113361939e-11
1.360000000000000000e+02 2.685289860490439183e-11
1.370000000000000000e+02 2.658079976697119177e-11
1.380000000000000000e+02 2.685443252606227293e-11
1.390000000000000000e+02 2.857183836353696361e-11
1.400000000000000000e+02 2.967909751564988277e-11
1.410000000000000000e+02 2.710159478554760230e-11
1.420000000000000000e+02 2.636664562994966465e-11
1.430000000000000000e+02 2.636009768354362442e-11
1.440000000000000000e+02 2.998210796610604642e-11
1.450000000000000000e+02 2.825063549896493967e-11
1.460000000000000000e+02 3.177477437640655401e-11
1.470000000000000000e+02 2.804393962744275113e-11
1.480000000000000000e+02 2.869012301273211570e-11
1.490000000000000000e+02 3.354677759926803966e-11
1.500000000000000000e+02 4.475133850014760102e-11
1.510000000000000000e+02 3.463799512477761892e-11
1.520000000000000000e+02 2.875688189747350529e-11
1.530000000000000000e+02 2.911720472097782768e-11
1.540000000000000000e+02 3.263328012052269161e-11
1.550000000000000000e+02 4.088884109096853865e-11
1.560000000000000000e+02 4.516126564891724097e-11
1.570000000000000000e+02 4.405264693679014893e-11
1.580000000000000000e+02 2.898884300299424116e-11
1.590000000000000000e+02 3.636210231020897228e-11
1.600000000000000000e+02 3.967038643552447391e-11
1.610000000000000000e+02 3.793710401006026983e-11
1.620000000000000000e+02 3.057069227921401727e-11
1.630000000000000000e+02 2.694801168641838639e-11
1.640000000000000000e+02 2.846585170022557402e-11
1.650000000000000000e+02 2.661245784322920786e-11
1.660000000000000000e+02 2.769661316564955932e-11
1.670000000000000000e+02 2.627855122032615655e-11
1.680000000000000000e+02 2.738589604892920784e-11
1.690000000000000000e+02 1.245679607578991191e-10
1.700000000000000000e+02 3.909899784161048954e-11
1.710000000000000000e+02 2.766444491510743446e-11
1.720000000000000000e+02 2.606102794988272342e-11
1.730000000000000000e+02 2.632265228371634424e-11
1.740000000000000000e+02 2.636796948886426447e-11
1.750000000000000000e+02 2.706592867373735687e-11
1.760000000000000000e+02 2.783450738873070784e-11
1.770000000000000000e+02 2.928849554567771201e-11
1.780000000000000000e+02 2.759002849977342245e-11
1.790000000000000000e+02 2.838942304079230662e-11
1.800000000000000000e+02 2.638266801812870595e-11
1.810000000000000000e+02 2.713241456265925984e-11
1.820000000000000000e+02 3.204150921675213810e-11
1.830000000000000000e+02 2.618672692235937339e-11
1.840000000000000000e+02 2.663744299118204642e-11
1.850000000000000000e+02 2.750604774478412079e-11
1.860000000000000000e+02 2.693727635890961329e-11
1.870000000000000000e+02 3.082327143476241205e-11
1.880000000000000000e+02 2.707107999805850996e-11
1.890000000000000000e+02 2.795479101654256621e-11
1.900000000000000000e+02 5.843286606609216928e-11
1.910000000000000000e+02 3.115363607925045130e-11
1.920000000000000000e+02 2.644217522421171545e-11
1.930000000000000000e+02 2.653157646346486691e-11
1.940000000000000000e+02 2.674022350629231378e-11
1.950000000000000000e+02 3.172720549073771203e-11
1.960000000000000000e+02 3.499128439885136766e-11
1.970000000000000000e+02 3.546967864738061143e-11
1.980000000000000000e+02 3.159921559984109631e-11
1.990000000000000000e+02 2.622261699177274478e-11
2.000000000000000000e+02 2.627634526576888379e-11
2.010000000000000000e+02 2.697916207308483001e-11
2.020000000000000000e+02 2.672310377460270295e-11
2.030000000000000000e+02 2.920401083778192860e-11
2.040000000000000000e+02 3.099386562940639010e-11
2.050000000000000000e+02 3.199360401260717967e-11
2.060000000000000000e+02 4.483339277300055568e-11
2.070000000000000000e+02 3.154808992885421442e-11
2.080000000000000000e+02 3.052199298313470032e-11
2.090000000000000000e+02 5.419402159957804484e-11
2.100000000000000000e+02 4.968808505894596130e-11
2.110000000000000000e+02 3.998269245025261538e-11
2.120000000000000000e+02 3.091672940275643776e-11
2.130000000000000000e+02 2.592516638148340631e-11
2.140000000000000000e+02 2.607742358583826182e-11
2.150000000000000000e+02 2.580738763276962288e-11
2.160000000000000000e+02 2.674850205007815014e-11
2.170000000000000000e+02 2.623829735998690280e-11
2.180000000000000000e+02 4.150745764086625065e-11
2.190000000000000000e+02 3.281553302076190636e-11
2.200000000000000000e+02 3.063014205287440553e-11
2.210000000000000000e+02 2.629838374158433373e-11
2.220000000000000000e+02 2.722648234911050888e-11
2.230000000000000000e+02 2.710171150450687226e-11
2.240000000000000000e+02 2.663527955382671697e-11
2.250000000000000000e+02 2.690904662787852270e-11
2.260000000000000000e+02 2.796183655969088774e-11
2.270000000000000000e+02 2.688812093138133701e-11
2.280000000000000000e+02 2.703100105629604689e-11
2.290000000000000000e+02 2.958968699031684764e-11
2.300000000000000000e+02 3.421730239256961689e-11
2.310000000000000000e+02 3.230969753293065403e-11
2.320000000000000000e+02 2.620766670629852766e-11
2.330000000000000000e+02 2.883257307563521852e-11
2.340000000000000000e+02 2.825161833894236407e-11
2.350000000000000000e+02 3.204163859746644512e-11
2.360000000000000000e+02 3.049921949135575892e-11
2.370000000000000000e+02 2.866522608944919496e-11
2.380000000000000000e+02 2.629191673129500384e-11
2.390000000000000000e+02 2.596864841932358888e-11
2.400000000000000000e+02 2.723527372725088028e-11
2.410000000000000000e+02 2.993576327357801184e-11
2.420000000000000000e+02 3.791101061860675254e-11
2.430000000000000000e+02 2.787964779419785973e-11
2.440000000000000000e+02 2.603747411264914300e-11
2.450000000000000000e+02 2.652081644430148536e-11
2.460000000000000000e+02 2.626312349698286041e-11
2.470000000000000000e+02 2.625949948298244582e-11
2.480000000000000000e+02 2.593730642133723277e-11
2.490000000000000000e+02 2.728373346845533335e-11
2.500000000000000000e+02 2.712977676081191914e-11
2.510000000000000000e+02 2.823413500182184090e-11
2.520000000000000000e+02 3.174275739365489831e-11
2.530000000000000000e+02 2.969415236607386817e-11
2.540000000000000000e+02 2.637027975010143954e-11
2.550000000000000000e+02 2.599938977124941590e-11
2.560000000000000000e+02 2.712377194079375803e-11
2.570000000000000000e+02 6.409926036441094499e-11
2.580000000000000000e+02 4.929834340361111562e-11
2.590000000000000000e+02 2.816162126210215322e-11
2.600000000000000000e+02 2.625784531474780168e-11
2.610000000000000000e+02 2.582579048148257592e-11
2.620000000000000000e+02 2.662410995985552430e-11
2.630000000000000000e+02 2.712974786889216457e-11
2.640000000000000000e+02 2.891347825668025560e-11
2.650000000000000000e+02 2.667765636031868834e-11
2.660000000000000000e+02 2.627010063753186955e-11
2.670000000000000000e+02 2.600988996348262911e-11
2.680000000000000000e+02 2.644763785996075521e-11
2.690000000000000000e+02 2.575519521585430464e-11
2.700000000000000000e+02 2.609923689961139758e-11
2.710000000000000000e+02 2.582788265891640633e-11
2.720000000000000000e+02 2.673206437599413659e-11
2.730000000000000000e+02 2.770157216614521482e-11
2.740000000000000000e+02 3.820333796484970538e-11
2.750000000000000000e+02 2.850114561020598772e-11
2.760000000000000000e+02 2.621657616818977957e-11
2.770000000000000000e+02 2.577056640250388789e-11
2.780000000000000000e+02 2.568838688169331688e-11
2.790000000000000000e+02 2.751751319145444372e-11
2.800000000000000000e+02 2.609917636954135052e-11
2.810000000000000000e+02 2.720438097653654312e-11
2.820000000000000000e+02 2.588769006085038008e-11
2.830000000000000000e+02 2.736950470078148205e-11
2.840000000000000000e+02 2.600252555266277490e-11
2.850000000000000000e+02 2.658243994398353245e-11
2.860000000000000000e+02 2.845508236399610367e-11
2.870000000000000000e+02 2.635537710360810394e-11
2.880000000000000000e+02 2.614328912064732480e-11
2.890000000000000000e+02 2.620027677422754868e-11
2.900000000000000000e+02 2.637014772604642768e-11
2.910000000000000000e+02 2.576691926078413358e-11
2.920000000000000000e+02 2.979082632414466869e-11
2.930000000000000000e+02 2.795206175717788617e-11
2.940000000000000000e+02 2.699074886948839423e-11
2.950000000000000000e+02 2.997804115806646946e-11
2.960000000000000000e+02 4.282345402048351626e-11
2.970000000000000000e+02 2.603268705021523309e-11
2.980000000000000000e+02 2.574581982003691769e-11
2.990000000000000000e+02 2.600503833918159182e-11
3.000000000000000000e+02 2.629196254449951796e-11
3.010000000000000000e+02 2.719195867970922246e-11
3.020000000000000000e+02 2.613669985693951160e-11
3.030000000000000000e+02 3.041729070612463260e-11
3.040000000000000000e+02 2.782414958035437171e-11
3.050000000000000000e+02 2.783218482269316716e-11
3.060000000000000000e+02 2.812767538166883402e-11
3.070000000000000000e+02 2.749748416630529906e-11
3.080000000000000000e+02 2.612665903776767241e-11
3.090000000000000000e+02 2.585904458894065930e-11
3.100000000000000000e+02 2.583109277941805035e-11
3.110000000000000000e+02 2.603816188890812199e-11
3.120000000000000000e+02 2.570248175796923448e-11
3.130000000000000000e+02 3.129829492747322634e-11
3.140000000000000000e+02 2.771431050322773384e-11
3.150000000000000000e+02 2.786008532380378497e-11
3.160000000000000000e+02 2.718454087927389854e-11
3.170000000000000000e+02 2.824355910318970896e-11
3.180000000000000000e+02 2.796663066833983488e-11
3.190000000000000000e+02 2.574656675047703316e-11
3.200000000000000000e+02 2.577867334533587948e-11
3.210000000000000000e+02 2.593485536329906512e-11
3.220000000000000000e+02 2.557858223855929517e-11
3.230000000000000000e+02 2.563207181700852338e-11
3.240000000000000000e+02 2.898062822059846176e-11
3.250000000000000000e+02 2.680531318594680364e-11
3.260000000000000000e+02 2.548781600717489037e-11
3.270000000000000000e+02 2.725208311357906167e-11
3.280000000000000000e+02 2.659100461365018972e-11
3.290000000000000000e+02 2.576190798384044804e-11
3.300000000000000000e+02 2.939650082293365948e-11
3.310000000000000000e+02 2.914449486738529187e-11
3.320000000000000000e+02 2.539441073872505394e-11
3.330000000000000000e+02 2.595777691828307242e-11
3.340000000000000000e+02 2.652112953429745297e-11
3.350000000000000000e+02 2.575826598690526316e-11
3.360000000000000000e+02 2.621557388295710849e-11
3.370000000000000000e+02 2.584547884212744988e-11
3.380000000000000000e+02 2.619211703338272787e-11
3.390000000000000000e+02 2.660407989721031098e-11
3.400000000000000000e+02 2.675500584988299023e-11
3.410000000000000000e+02 2.834006959292531223e-11
3.420000000000000000e+02 2.694861545003920559e-11
3.430000000000000000e+02 2.581949837468860191e-11
3.440000000000000000e+02 2.575012120409092878e-11
3.450000000000000000e+02 2.538066478551962476e-11
3.460000000000000000e+02 2.790076988859422344e-11
3.470000000000000000e+02 2.686942768908286627e-11
3.480000000000000000e+02 2.995553258710654069e-11
3.490000000000000000e+02 2.691123530857297384e-11
3.500000000000000000e+02 2.612348816528218922e-11
3.510000000000000000e+02 2.559720538793588733e-11
3.520000000000000000e+02 2.565754664099007326e-11
3.530000000000000000e+02 2.654925331887175094e-11
3.540000000000000000e+02 2.568143938336913568e-11
3.550000000000000000e+02 2.574652413784512051e-11
3.560000000000000000e+02 2.741936795275237821e-11
3.570000000000000000e+02 2.664916154565677066e-11
3.580000000000000000e+02 3.186896247473166891e-11
3.590000000000000000e+02 3.010789688335589581e-11
3.600000000000000000e+02 2.559598354035080303e-11
3.610000000000000000e+02 2.557332427714782855e-11
3.620000000000000000e+02 2.559529005805780961e-11
3.630000000000000000e+02 2.652753954999351909e-11
3.640000000000000000e+02 2.539202270684534954e-11
3.650000000000000000e+02 2.869934720013656849e-11
3.660000000000000000e+02 2.720793951324233624e-11
3.670000000000000000e+02 2.561761111821274818e-11
3.680000000000000000e+02 2.547159709030900213e-11
3.690000000000000000e+02 2.533791995487447146e-11
3.700000000000000000e+02 2.555778810691252503e-11
3.710000000000000000e+02 2.650740998930331556e-11
3.720000000000000000e+02 2.582646577754128857e-11
3.730000000000000000e+02 2.553352085334306632e-11
3.740000000000000000e+02 2.785425049469353365e-11
3.750000000000000000e+02 2.746667397853841048e-11
3.760000000000000000e+02 2.688180695764128729e-11
3.770000000000000000e+02 2.718531842180916676e-11
3.780000000000000000e+02 2.724615653039682995e-11
3.790000000000000000e+02 2.551032217726263658e-11
3.800000000000000000e+02 2.644540623106538579e-11
3.810000000000000000e+02 2.673608977550791646e-11
3.820000000000000000e+02 2.619854030872145445e-11
3.830000000000000000e+02 2.598521131853588044e-11
3.840000000000000000e+02 2.576570699461943767e-11
3.850000000000000000e+02 2.546077528108243129e-11
3.860000000000000000e+02 2.655043354379043069e-11
3.870000000000000000e+02 2.577733133452232584e-11
3.880000000000000000e+02 2.556801238503925116e-11
3.890000000000000000e+02 2.541252596235683298e-11
3.900000000000000000e+02 2.603404698403083198e-11
3.910000000000000000e+02 2.589564407880038362e-11
3.920000000000000000e+02 2.537480597329422907e-11
3.930000000000000000e+02 2.559238239686363911e-11
3.940000000000000000e+02 2.716707381151717075e-11
3.950000000000000000e+02 2.764041410798858169e-11
3.960000000000000000e+02 2.542495627309480939e-11
3.970000000000000000e+02 2.560052424789346954e-11
3.980000000000000000e+02 2.538152148914524480e-11
3.990000000000000000e+02 2.599264220025945911e-11
4.000000000000000000e+02 2.633367568277987363e-11
4.010000000000000000e+02 2.570904276742576407e-11
4.020000000000000000e+02 2.578310030853164427e-11
4.030000000000000000e+02 2.544764807418127559e-11
4.040000000000000000e+02 2.980183959096672761e-11
4.050000000000000000e+02 2.597560385408739416e-11
4.060000000000000000e+02 2.534180086285373140e-11
4.070000000000000000e+02 2.563917236147229740e-11
4.080000000000000000e+02 2.526170855071231658e-11
4.090000000000000000e+02 2.554360554895906297e-11
4.100000000000000000e+02 2.544206284058394618e-11
4.110000000000000000e+02 2.652538210413915141e-11
4.120000000000000000e+02 2.605048700341709269e-11
4.130000000000000000e+02 2.556291630760939942e-11
4.140000000000000000e+02 2.587560823824509630e-11
4.150000000000000000e+02 2.648072838834891134e-11
4.160000000000000000e+02 2.535136153483992570e-11
4.170000000000000000e+02 2.581317307312013161e-11
4.180000000000000000e+02 2.519407763723680901e-11
4.190000000000000000e+02 2.644951860525598616e-11
4.200000000000000000e+02 2.523222660596332181e-11
4.210000000000000000e+02 2.571595099516302408e-11
4.220000000000000000e+02 2.581045954089867511e-11
4.230000000000000000e+02 2.540650724540364913e-11
4.240000000000000000e+02 2.539754599823658934e-11
4.250000000000000000e+02 2.539004907632299695e-11
4.260000000000000000e+02 2.556669096893641931e-11
4.270000000000000000e+02 2.530702255019315919e-11
4.280000000000000000e+02 2.593052888629699983e-11
4.290000000000000000e+02 2.551211214600423020e-11
4.300000000000000000e+02 2.526083232469497719e-11
4.310000000000000000e+02 2.503225152137506813e-11
4.320000000000000000e+02 2.681230430567508062e-11
4.330000000000000000e+02 2.531481121070753591e-11
4.340000000000000000e+02 2.560412165053302773e-11
4.350000000000000000e+02 2.653281393554102362e-11
4.360000000000000000e+02 2.607328173457183066e-11
4.370000000000000000e+02 2.522199140386903114e-11
4.380000000000000000e+02 2.544309373847869777e-11
4.390000000000000000e+02 2.546807725575466350e-11
4.400000000000000000e+02 2.574772568044076888e-11
4.410000000000000000e+02 2.546797032888358790e-11
4.420000000000000000e+02 2.554745208100469647e-11
4.430000000000000000e+02 2.552608956859327299e-11
4.440000000000000000e+02 2.698328732127993967e-11
4.450000000000000000e+02 2.609215159289537981e-11
4.460000000000000000e+02 2.550758222653839470e-11
4.470000000000000000e+02 2.532795210677673385e-11
4.480000000000000000e+02 2.517959892937185073e-11
4.490000000000000000e+02 2.556791417071313066e-11
4.500000000000000000e+02 2.514639493231507548e-11
4.510000000000000000e+02 2.643353931998694267e-11
4.520000000000000000e+02 2.531864593836964172e-11
4.530000000000000000e+02 2.563270689300926235e-11
4.540000000000000000e+02 2.554162197631847086e-11
4.550000000000000000e+02 2.587911057929332901e-11
4.560000000000000000e+02 2.490955960440331394e-11
4.570000000000000000e+02 2.507860579247737910e-11
4.580000000000000000e+02 2.529147819874740718e-11
4.590000000000000000e+02 2.534180124633029160e-11
4.600000000000000000e+02 2.553529738489659903e-11
4.610000000000000000e+02 2.538003905658800448e-11
4.620000000000000000e+02 2.514212824718057651e-11
4.630000000000000000e+02 2.514846753317453966e-11
4.640000000000000000e+02 2.521075740274033670e-11
4.650000000000000000e+02 2.618679077843584834e-11
4.660000000000000000e+02 2.526427064498755703e-11
4.670000000000000000e+02 2.526574157742271694e-11
4.680000000000000000e+02 2.597519108848541963e-11
4.690000000000000000e+02 2.548459684986584940e-11
4.700000000000000000e+02 2.528789509060014622e-11
4.710000000000000000e+02 2.579718013036371436e-11
4.720000000000000000e+02 2.527856589421744999e-11
4.730000000000000000e+02 2.548026762704581544e-11
4.740000000000000000e+02 2.508997790369720097e-11
4.750000000000000000e+02 2.507964021164275904e-11
4.760000000000000000e+02 2.494011455869671185e-11
4.770000000000000000e+02 2.538214453808497635e-11
4.780000000000000000e+02 2.582094115926490743e-11
4.790000000000000000e+02 2.554495195482923918e-11
4.800000000000000000e+02 2.524155523097518460e-11
4.810000000000000000e+02 2.510476124433290128e-11
4.820000000000000000e+02 2.526784300756333806e-11
4.830000000000000000e+02 2.523818419692261368e-11
4.840000000000000000e+02 2.488224478829556796e-11
4.850000000000000000e+02 2.519882983557690310e-11
4.860000000000000000e+02 2.568528426706636194e-11
4.870000000000000000e+02 2.567695706890187670e-11
4.880000000000000000e+02 2.518433531351872162e-11
4.890000000000000000e+02 2.620985948396983313e-11
4.900000000000000000e+02 2.625409009457507380e-11
4.910000000000000000e+02 2.499188154353326476e-11
4.920000000000000000e+02 2.498000997878083971e-11
4.930000000000000000e+02 2.492544550183941301e-11
4.940000000000000000e+02 2.528756107011540069e-11
4.950000000000000000e+02 2.520564338278696111e-11
4.960000000000000000e+02 2.613512745252302979e-11
4.970000000000000000e+02 2.615203283168269968e-11
4.980000000000000000e+02 2.559786359794868114e-11
4.990000000000000000e+02 2.638125634832447148e-11
5.000000000000000000e+02 2.505536162747635470e-11
5.010000000000000000e+02 2.536863082687060998e-11
5.020000000000000000e+02 2.499177621666466192e-11
5.030000000000000000e+02 2.491095707709628755e-11
5.040000000000000000e+02 2.497770489976143643e-11
5.050000000000000000e+02 2.497301076374854641e-11
5.060000000000000000e+02 2.500206472868876640e-11
5.070000000000000000e+02 2.514494367497063972e-11
5.080000000000000000e+02 2.497369465148448612e-11
5.090000000000000000e+02 2.572414270768258517e-11
5.100000000000000000e+02 2.510388552677522554e-11
5.110000000000000000e+02 2.531946084350756612e-11
5.120000000000000000e+02 2.497755437080156567e-11
5.130000000000000000e+02 2.489256456323441776e-11
5.140000000000000000e+02 2.501864226366592622e-11
5.150000000000000000e+02 2.515485514540152338e-11
5.160000000000000000e+02 2.518974524059594746e-11
5.170000000000000000e+02 2.499091319808018450e-11
5.180000000000000000e+02 2.506557031124666342e-11
5.190000000000000000e+02 2.493578846048570034e-11
5.200000000000000000e+02 2.477015251021855919e-11
5.210000000000000000e+02 2.524225810722479220e-11
5.220000000000000000e+02 2.479647166738196122e-11
5.230000000000000000e+02 2.528244531862576327e-11
5.240000000000000000e+02 2.484614533046608747e-11
5.250000000000000000e+02 2.484881074691851659e-11
5.260000000000000000e+02 2.551359390024323752e-11
5.270000000000000000e+02 2.502980020649022140e-11
5.280000000000000000e+02 2.496974035834197995e-11
5.290000000000000000e+02 2.489364875470905718e-11
5.300000000000000000e+02 2.512504680686940705e-11
5.310000000000000000e+02 2.528600935283078577e-11
5.320000000000000000e+02 2.568550251401052893e-11
5.330000000000000000e+02 2.532980141384498051e-11
5.340000000000000000e+02 2.491705234363331935e-11
5.350000000000000000e+02 2.495519371610871692e-11
5.360000000000000000e+02 2.498849786367725651e-11
5.370000000000000000e+02 2.516856085576175567e-11
5.380000000000000000e+02 2.485365459285218678e-11
5.390000000000000000e+02 2.499620913605709054e-11
5.400000000000000000e+02 2.517037674535771515e-11
5.410000000000000000e+02 2.501510690598049710e-11
5.420000000000000000e+02 2.517839314181296243e-11
5.430000000000000000e+02 2.570860378959688175e-11
5.440000000000000000e+02 2.498174153898765668e-11
5.450000000000000000e+02 2.492985811024749175e-11
5.460000000000000000e+02 2.506113399425129886e-11
5.470000000000000000e+02 2.476630588389574886e-11
5.480000000000000000e+02 2.520527924466997749e-11
5.490000000000000000e+02 2.486389936195655561e-11
5.500000000000000000e+02 2.484278016202663639e-11
5.510000000000000000e+02 2.503738076486009949e-11
5.520000000000000000e+02 2.485036119116681151e-11
5.530000000000000000e+02 2.548166673804713973e-11
5.540000000000000000e+02 2.502155215953949008e-11
5.550000000000000000e+02 2.536485521393504475e-11
5.560000000000000000e+02 2.512004947957738474e-11
5.570000000000000000e+02 2.537781996276602438e-11
5.580000000000000000e+02 2.509703402111760078e-11
5.590000000000000000e+02 2.494852581379034211e-11
5.600000000000000000e+02 2.496111614510243158e-11
5.610000000000000000e+02 2.474782195690902584e-11
5.620000000000000000e+02 2.490804453594836139e-11
5.630000000000000000e+02 2.506686285714491200e-11
5.640000000000000000e+02 2.497303504867331655e-11
5.650000000000000000e+02 2.483129682106551664e-11
5.660000000000000000e+02 2.474901268668437661e-11
5.670000000000000000e+02 2.477290985906401576e-11
5.680000000000000000e+02 2.480359880905678837e-11
5.690000000000000000e+02 2.478704964332135069e-11
5.700000000000000000e+02 2.499087989097965982e-11
5.710000000000000000e+02 2.480816928912981530e-11
5.720000000000000000e+02 2.524847824381968337e-11
5.730000000000000000e+02 2.478783348472980545e-11
5.740000000000000000e+02 2.488498010532572615e-11
5.750000000000000000e+02 2.495104230521227425e-11
5.760000000000000000e+02 2.501209785398354067e-11
5.770000000000000000e+02 2.500258104717941395e-11
5.780000000000000000e+02 2.480422063892482332e-11
5.790000000000000000e+02 2.486041992154452848e-11
5.800000000000000000e+02 2.498529759708573809e-11
5.810000000000000000e+02 2.494443419257694315e-11
5.820000000000000000e+02 2.470004070545034176e-11
5.830000000000000000e+02 2.496318623998111677e-11
5.840000000000000000e+02 2.483694972742532036e-11
5.850000000000000000e+02 2.475937069141588366e-11
5.860000000000000000e+02 2.505190939528798552e-11
5.870000000000000000e+02 2.475335088917979001e-11
5.880000000000000000e+02 2.483123795012556540e-11
5.890000000000000000e+02 2.478528282802181922e-11
5.900000000000000000e+02 2.530715132299499540e-11
5.910000000000000000e+02 2.480944169021124190e-11
5.920000000000000000e+02 2.493037230500771572e-11
5.930000000000000000e+02 2.480789393443471975e-11
5.940000000000000000e+02 2.495224793380927283e-11
5.950000000000000000e+02 2.470936639847247902e-11
5.960000000000000000e+02 2.521402036148238028e-11
5.970000000000000000e+02 2.473286894422481076e-11
5.980000000000000000e+02 2.470560657610273094e-11
5.990000000000000000e+02 2.475021286604712641e-11
6.000000000000000000e+02 2.488617062051822511e-11
6.010000000000000000e+02 2.472476576833954035e-11
6.020000000000000000e+02 2.484135612815189586e-11
6.030000000000000000e+02 2.489316148192926389e-11
6.040000000000000000e+02 2.480254190481062853e-11
6.050000000000000000e+02 2.486771240373494487e-11
6.060000000000000000e+02 2.467301841051799701e-11
6.070000000000000000e+02 2.474886649527375831e-11
6.080000000000000000e+02 2.473104872849816155e-11
6.090000000000000000e+02 2.490424810765185924e-11
6.100000000000000000e+02 2.483348922930036357e-11
6.110000000000000000e+02 2.464020120276187028e-11
6.120000000000000000e+02 2.489917283349539938e-11
6.130000000000000000e+02 2.477215192601441375e-11
6.140000000000000000e+02 2.470407227059880649e-11
6.150000000000000000e+02 2.528166363859013359e-11
6.160000000000000000e+02 2.462813672028010039e-11
6.170000000000000000e+02 2.470288507952643728e-11
6.180000000000000000e+02 2.471509117529791157e-11
6.190000000000000000e+02 2.477761091927956826e-11
6.200000000000000000e+02 2.479050724747202253e-11
6.210000000000000000e+02 2.465216854045070705e-11
6.220000000000000000e+02 2.459230666710448709e-11
6.230000000000000000e+02 2.476046413140800589e-11
6.240000000000000000e+02 2.473130214508927940e-11
6.250000000000000000e+02 2.466673809797560599e-11
6.260000000000000000e+02 2.460753499881844188e-11
6.270000000000000000e+02 2.482997794250581960e-11
6.280000000000000000e+02 2.478670912513873876e-11
6.290000000000000000e+02 2.474163779779496784e-11
6.300000000000000000e+02 2.495126730194686956e-11
6.310000000000000000e+02 2.472881151462192990e-11
6.320000000000000000e+02 2.464083574557412269e-11
6.330000000000000000e+02 2.476369383082935429e-11
6.340000000000000000e+02 2.469954184978644023e-11
6.350000000000000000e+02 2.475160175772863348e-11
6.360000000000000000e+02 2.511521820139417926e-11
6.370000000000000000e+02 2.472282787304589684e-11
6.380000000000000000e+02 2.466592134383448647e-11
6.390000000000000000e+02 2.462086026961805387e-11
6.400000000000000000e+02 2.478667112689424288e-11
6.410000000000000000e+02 2.464703891144985033e-11
6.420000000000000000e+02 2.474071416361933842e-11
6.430000000000000000e+02 2.465410544806568019e-11
6.440000000000000000e+02 2.499532996795809257e-11
6.450000000000000000e+02 2.471975394060963709e-11
6.460000000000000000e+02 2.470105370840582571e-11
6.470000000000000000e+02 2.489248291359129421e-11
6.480000000000000000e+02 2.463015557795122857e-11
6.490000000000000000e+02 2.466674241321553561e-11
6.500000000000000000e+02 2.454210256608787821e-11
6.510000000000000000e+02 2.467868474307392699e-11
6.520000000000000000e+02 2.469568169247748806e-11
6.530000000000000000e+02 2.459400851526804449e-11
6.540000000000000000e+02 2.463035769307101776e-11
6.550000000000000000e+02 2.472895426896059885e-11
6.560000000000000000e+02 2.478733296639937187e-11
6.570000000000000000e+02 2.467505090832148712e-11
6.580000000000000000e+02 2.491519567113291390e-11
6.590000000000000000e+02 2.459490751527412753e-11
6.600000000000000000e+02 2.461068099698899317e-11
6.610000000000000000e+02 2.454940981597596964e-11
6.620000000000000000e+02 2.462072311124599087e-11
6.630000000000000000e+02 2.459709818562252138e-11
6.640000000000000000e+02 2.482652519340664400e-11
6.650000000000000000e+02 2.484245666903861479e-11
6.660000000000000000e+02 2.489372376014609078e-11
6.670000000000000000e+02 2.471575476728716996e-11
6.680000000000000000e+02 2.455191839423063590e-11
6.690000000000000000e+02 2.452000728205472445e-11
6.700000000000000000e+02 2.467392186081976253e-11
6.710000000000000000e+02 2.472651342776561475e-11
6.720000000000000000e+02 2.453366531300532872e-11
6.730000000000000000e+02 2.466538728997170839e-11
6.740000000000000000e+02 2.465743169363302851e-11
6.750000000000000000e+02 2.458347790427776956e-11
6.760000000000000000e+02 2.460381323983422513e-11
6.770000000000000000e+02 2.450405541424996104e-11
6.780000000000000000e+02 2.464089037981759303e-11
6.790000000000000000e+02 2.458647409128982964e-11
6.800000000000000000e+02 2.469082207938285645e-11
6.810000000000000000e+02 2.458472383490406255e-11
6.820000000000000000e+02 2.464855766997106379e-11
6.830000000000000000e+02 2.478225834219659511e-11
6.840000000000000000e+02 2.470885269785563566e-11
6.850000000000000000e+02 2.458201918475113204e-11
6.860000000000000000e+02 2.457346969410919947e-11
6.870000000000000000e+02 2.455199001230056050e-11
6.880000000000000000e+02 2.467966571962650140e-11
6.890000000000000000e+02 2.468290481576016772e-11
6.900000000000000000e+02 2.458845841943190188e-11
6.910000000000000000e+02 2.453394100520387900e-11
6.920000000000000000e+02 2.452615937246557214e-11
6.930000000000000000e+02 2.464762382354859300e-11
6.940000000000000000e+02 2.453683089415454673e-11
6.950000000000000000e+02 2.458828855984034898e-11
6.960000000000000000e+02 2.448173403509358502e-11
6.970000000000000000e+02 2.491690957121574569e-11
6.980000000000000000e+02 2.454457800209210745e-11
6.990000000000000000e+02 2.454025193683950322e-11
7.000000000000000000e+02 2.457981725465776376e-11
7.010000000000000000e+02 2.452325323250066981e-11
7.020000000000000000e+02 2.453696781649004357e-11
7.030000000000000000e+02 2.462345761265315928e-11
7.040000000000000000e+02 2.448595305663672777e-11
7.050000000000000000e+02 2.460079468863106580e-11
7.060000000000000000e+02 2.460430557735782590e-11
7.070000000000000000e+02 2.456141734459446785e-11
7.080000000000000000e+02 2.456480166939150285e-11
7.090000000000000000e+02 2.469922980721350027e-11
7.100000000000000000e+02 2.451085121768212115e-11
7.110000000000000000e+02 2.445004496215101695e-11
7.120000000000000000e+02 2.467367937601802909e-11
7.130000000000000000e+02 2.453074034525499225e-11
7.140000000000000000e+02 2.453048760515482665e-11
7.150000000000000000e+02 2.459514141619828146e-11
7.160000000000000000e+02 2.452673741463684974e-11
7.170000000000000000e+02 2.450784893793008284e-11
7.180000000000000000e+02 2.447718465276543682e-11
7.190000000000000000e+02 2.449392185971833313e-11
7.200000000000000000e+02 2.444767050009523205e-11
7.210000000000000000e+02 2.470052320204677530e-11
7.220000000000000000e+02 2.456010060963724895e-11
7.230000000000000000e+02 2.449186725840795282e-11
7.240000000000000000e+02 2.461108073033098093e-11
7.250000000000000000e+02 2.449512837197692863e-11
7.260000000000000000e+02 2.445864367833556238e-11
7.270000000000000000e+02 2.444162111283851241e-11
7.280000000000000000e+02 2.459343697442991437e-11
7.290000000000000000e+02 2.446279324771282346e-11
7.300000000000000000e+02 2.454414238143637739e-11
7.310000000000000000e+02 2.457537389760162450e-11
7.320000000000000000e+02 2.460365845586783318e-11
7.330000000000000000e+02 2.449198806064453475e-11
7.340000000000000000e+02 2.453539840513984156e-11
7.350000000000000000e+02 2.463636289098262213e-11
7.360000000000000000e+02 2.449978170280900783e-11
7.370000000000000000e+02 2.461307284655274528e-11
7.380000000000000000e+02 2.453672198573839612e-11
7.390000000000000000e+02 2.449506177531311962e-11
7.400000000000000000e+02 2.447702962732427346e-11
7.410000000000000000e+02 2.451117472632747297e-11
7.420000000000000000e+02 2.445402404169975788e-11
7.430000000000000000e+02 2.450689075213921955e-11
7.440000000000000000e+02 2.451172583393445677e-11
7.450000000000000000e+02 2.449790149356056989e-11
7.460000000000000000e+02 2.451066015584109326e-11
7.470000000000000000e+02 2.445092642328626701e-11
7.480000000000000000e+02 2.445611222366210256e-11
7.490000000000000000e+02 2.446483920852974807e-11
7.500000000000000000e+02 2.451494718964921501e-11
7.510000000000000000e+02 2.443803615487265012e-11
7.520000000000000000e+02 2.446721511938647250e-11
7.530000000000000000e+02 2.445122323677248732e-11
7.540000000000000000e+02 2.445599856664476171e-11
7.550000000000000000e+02 2.450052623923850732e-11
7.560000000000000000e+02 2.443273349877071049e-11
7.570000000000000000e+02 2.458053771488503200e-11
7.580000000000000000e+02 2.458220844844047135e-11
7.590000000000000000e+02 2.438251498274436471e-11
7.600000000000000000e+02 2.441997812204756383e-11
7.610000000000000000e+02 2.443833903712554860e-11
7.620000000000000000e+02 2.448471219252032780e-11
7.630000000000000000e+02 2.457003593507122714e-11
7.640000000000000000e+02 2.440800129949232047e-11
7.650000000000000000e+02 2.452281564373758504e-11
7.660000000000000000e+02 2.446724451656426554e-11
7.670000000000000000e+02 2.452104325038140715e-11
7.680000000000000000e+02 2.450741406354499811e-11
7.690000000000000000e+02 2.444216146481496043e-11
7.700000000000000000e+02 2.442477803087740192e-11
7.710000000000000000e+02 2.454999414575046952e-11
7.720000000000000000e+02 2.441860964272774965e-11
7.730000000000000000e+02 2.445413212107627537e-11
7.740000000000000000e+02 2.450207292135117676e-11
7.750000000000000000e+02 2.441308367194159027e-11
7.760000000000000000e+02 2.451489842382563373e-11
7.770000000000000000e+02 2.446539647660890499e-11
7.780000000000000000e+02 2.453351781361068809e-11
7.790000000000000000e+02 2.448366056839716953e-11
7.800000000000000000e+02 2.440380151597813246e-11
7.810000000000000000e+02 2.451651529644268185e-11
7.820000000000000000e+02 2.442398995681205771e-11
7.830000000000000000e+02 2.441378864038293077e-11
7.840000000000000000e+02 2.438992984410046949e-11
7.850000000000000000e+02 2.441941069668844426e-11
7.860000000000000000e+02 2.439623141722903816e-11
7.870000000000000000e+02 2.444064891637352469e-11
7.880000000000000000e+02 2.444143216406175337e-11
7.890000000000000000e+02 2.446744752991449297e-11
7.900000000000000000e+02 2.442399965714169155e-11
7.910000000000000000e+02 2.437937394694537670e-11
7.920000000000000000e+02 2.440786040073864522e-11
7.930000000000000000e+02 2.439772644057993678e-11
7.940000000000000000e+02 2.447876721803507858e-11
7.950000000000000000e+02 2.440540528613645619e-11
7.960000000000000000e+02 2.437191293647650473e-11
7.970000000000000000e+02 2.441200192730761508e-11
7.980000000000000000e+02 2.440957691446448824e-11
7.990000000000000000e+02 2.436081107899011338e-11
8.000000000000000000e+02 2.442869314382874148e-11
8.010000000000000000e+02 2.441729634542007511e-11
8.020000000000000000e+02 2.435147370430471854e-11
8.030000000000000000e+02 2.435513141447465688e-11
8.040000000000000000e+02 2.448773992878646528e-11
8.050000000000000000e+02 2.438810458434701942e-11
8.060000000000000000e+02 2.450195505713953673e-11
8.070000000000000000e+02 2.442315430552326898e-11
8.080000000000000000e+02 2.440671368089969448e-11
8.090000000000000000e+02 2.444882330383660859e-11
8.100000000000000000e+02 2.440495860986002586e-11
8.110000000000000000e+02 2.441118657998945041e-11
8.120000000000000000e+02 2.436254894500735434e-11
8.130000000000000000e+02 2.439588918429848640e-11
8.140000000000000000e+02 2.441362828997055167e-11
8.150000000000000000e+02 2.436143734287304227e-11
8.160000000000000000e+02 2.438053031027418086e-11
8.170000000000000000e+02 2.437878296749147494e-11
8.180000000000000000e+02 2.434252720384283725e-11
8.190000000000000000e+02 2.443727022662599017e-11
8.200000000000000000e+02 2.436907807680022360e-11
8.210000000000000000e+02 2.435624696131288435e-11
8.220000000000000000e+02 2.433174591917940838e-11
8.230000000000000000e+02 2.444794438592614493e-11
8.240000000000000000e+02 2.439748216058817356e-11
8.250000000000000000e+02 2.436374832916088176e-11
8.260000000000000000e+02 2.438765363371550236e-11
8.270000000000000000e+02 2.435397159747544517e-11
8.280000000000000000e+02 2.437032509063544226e-11
8.290000000000000000e+02 2.436589869467198737e-11
8.300000000000000000e+02 2.440592806381175425e-11
8.310000000000000000e+02 2.443766556867159241e-11
8.320000000000000000e+02 2.432884285870599274e-11
8.330000000000000000e+02 2.436425576659604108e-11
8.340000000000000000e+02 2.439800280134953067e-11
8.350000000000000000e+02 2.437462868741219361e-11
8.360000000000000000e+02 2.439281665164918321e-11
8.370000000000000000e+02 2.435278225321916444e-11
8.380000000000000000e+02 2.444712607081329602e-11
8.390000000000000000e+02 2.441926222246134510e-11
8.400000000000000000e+02 2.435891767542958789e-11
8.410000000000000000e+02 2.436834506534157830e-11
8.420000000000000000e+02 2.432475942795818842e-11
8.430000000000000000e+02 2.435506350458042926e-11
8.440000000000000000e+02 2.435346122057721613e-11
8.450000000000000000e+02 2.434087379730816409e-11
8.460000000000000000e+02 2.440754978280460863e-11
8.470000000000000000e+02 2.436476882260526641e-11
8.480000000000000000e+02 2.433137882012215975e-11
8.490000000000000000e+02 2.442008298550421634e-11
8.500000000000000000e+02 2.446185675608008394e-11
8.510000000000000000e+02 2.440564310204715728e-11
8.520000000000000000e+02 2.432350455107713305e-11
8.530000000000000000e+02 2.433138098203064244e-11
8.540000000000000000e+02 2.431933013088509280e-11
8.550000000000000000e+02 2.434946038450273301e-11
8.560000000000000000e+02 2.435759887599675717e-11
8.570000000000000000e+02 2.440825882719681578e-11
8.580000000000000000e+02 2.432440274552145999e-11
8.590000000000000000e+02 2.434015593150884395e-11
8.600000000000000000e+02 2.435911034966941431e-11
8.610000000000000000e+02 2.434982137160377707e-11
8.620000000000000000e+02 2.434190616778441248e-11
8.630000000000000000e+02 2.432527876561659644e-11
8.640000000000000000e+02 2.432716229507619289e-11
8.650000000000000000e+02 2.436177036992626690e-11
8.660000000000000000e+02 2.434630807465687594e-11
8.670000000000000000e+02 2.437117214559058316e-11
8.680000000000000000e+02 2.436458493533144060e-11
8.690000000000000000e+02 2.436101629212927854e-11
8.700000000000000000e+02 2.437239887655304936e-11
8.710000000000000000e+02 2.441635156186755414e-11
8.720000000000000000e+02 2.431901359255877272e-11
8.730000000000000000e+02 2.430420381292489372e-11
8.740000000000000000e+02 2.432025197316478735e-11
8.750000000000000000e+02 2.430320951942490276e-11
8.760000000000000000e+02 2.434573738410937589e-11
8.770000000000000000e+02 2.433697175397801663e-11
8.780000000000000000e+02 2.428911596517324811e-11
8.790000000000000000e+02 2.435069874354507642e-11
8.800000000000000000e+02 2.431539093012934131e-11
8.810000000000000000e+02 2.432451089535474375e-11
8.820000000000000000e+02 2.429459901323145479e-11
8.830000000000000000e+02 2.430995074815331308e-11
8.840000000000000000e+02 2.427217979631319337e-11
8.850000000000000000e+02 2.431455600386777806e-11
8.860000000000000000e+02 2.432625635679056849e-11
8.870000000000000000e+02 2.441552700157317247e-11
8.880000000000000000e+02 2.438412805340868923e-11
8.890000000000000000e+02 2.429567526413583390e-11
8.900000000000000000e+02 2.431942142577056499e-11
8.910000000000000000e+02 2.431338791554743038e-11
8.920000000000000000e+02 2.432871860056120828e-11
8.930000000000000000e+02 2.433497659358247616e-11
8.940000000000000000e+02 2.430156278578463632e-11
8.950000000000000000e+02 2.430780158709394236e-11
8.960000000000000000e+02 2.431608108539545032e-11
8.970000000000000000e+02 2.433378265738573661e-11
8.980000000000000000e+02 2.429849581315305740e-11
8.990000000000000000e+02 2.428465947254385332e-11
9.000000000000000000e+02 2.429650453462252775e-11
9.010000000000000000e+02 2.429986429250377453e-11
9.020000000000000000e+02 2.453523371858518929e-11
9.030000000000000000e+02 2.428763704558304820e-11
9.040000000000000000e+02 2.431093245524493405e-11
9.050000000000000000e+02 2.441921786534750000e-11
9.060000000000000000e+02 2.436220638575598317e-11
9.070000000000000000e+02 2.429593827088610263e-11
9.080000000000000000e+02 2.428758910948899129e-11
9.090000000000000000e+02 2.433144780103575012e-11
9.100000000000000000e+02 2.429332818776599512e-11
9.110000000000000000e+02 2.429766256940070938e-11
9.120000000000000000e+02 2.431457429542304036e-11
9.130000000000000000e+02 2.430113853435049483e-11
9.140000000000000000e+02 2.428210460736680180e-11
9.150000000000000000e+02 2.426509599321005259e-11
9.160000000000000000e+02 2.435416628593087563e-11
9.170000000000000000e+02 2.427947097714321356e-11
9.180000000000000000e+02 2.428279290262529903e-11
9.190000000000000000e+02 2.430553915623669601e-11
9.200000000000000000e+02 2.428829012474459362e-11
9.210000000000000000e+02 2.426600533547051121e-11
9.220000000000000000e+02 2.436253004819068985e-11
9.230000000000000000e+02 2.428900145328093559e-11
9.240000000000000000e+02 2.429253345656569892e-11
9.250000000000000000e+02 2.429456820613193968e-11
9.260000000000000000e+02 2.427787128882063925e-11
9.270000000000000000e+02 2.426171359387481085e-11
9.280000000000000000e+02 2.427702947357313374e-11
9.290000000000000000e+02 2.429111955655642997e-11
9.300000000000000000e+02 2.434678930287417788e-11
9.310000000000000000e+02 2.432994926940708506e-11
9.320000000000000000e+02 2.429478861028649429e-11
9.330000000000000000e+02 2.428678001316112213e-11
9.340000000000000000e+02 2.430575993469800644e-11
9.350000000000000000e+02 2.429249842098442389e-11
9.360000000000000000e+02 2.430565910323401077e-11
9.370000000000000000e+02 2.429491816365696980e-11
9.380000000000000000e+02 2.428929775783564387e-11
9.390000000000000000e+02 2.428018172172563446e-11
9.400000000000000000e+02 2.425977399514200140e-11
9.410000000000000000e+02 2.426846295845707869e-11
9.420000000000000000e+02 2.428710194978946001e-11
9.430000000000000000e+02 2.426567465192898175e-11
9.440000000000000000e+02 2.426691398927768053e-11
9.450000000000000000e+02 2.428970433075895811e-11
9.460000000000000000e+02 2.428519909944103133e-11
9.470000000000000000e+02 2.425794553216645805e-11
9.480000000000000000e+02 2.425985267506503243e-11
9.490000000000000000e+02 2.425832929647511895e-11
9.500000000000000000e+02 2.428597780609766430e-11
9.510000000000000000e+02 2.429854932112781055e-11
9.520000000000000000e+02 2.426467917193367650e-11
9.530000000000000000e+02 2.425645846934415958e-11
9.540000000000000000e+02 2.427024250518890885e-11
9.550000000000000000e+02 2.427540374575456365e-11
9.560000000000000000e+02 2.429203382587441516e-11
9.570000000000000000e+02 2.427406014626695667e-11
9.580000000000000000e+02 2.426541395022361781e-11
9.590000000000000000e+02 2.427068802878763369e-11
9.600000000000000000e+02 2.431535351103998804e-11
9.610000000000000000e+02 2.431217320745111575e-11
9.620000000000000000e+02 2.428753693657931362e-11
9.630000000000000000e+02 2.428279185157059952e-11
9.640000000000000000e+02 2.426892619728923330e-11
9.650000000000000000e+02 2.426287301460032236e-11
9.660000000000000000e+02 2.431873404236945033e-11
9.670000000000000000e+02 2.424158062918738430e-11
9.680000000000000000e+02 2.426431282176048572e-11
9.690000000000000000e+02 2.426532072310690979e-11
9.700000000000000000e+02 2.425191677256411070e-11
9.710000000000000000e+02 2.428490627148350177e-11
9.720000000000000000e+02 2.431992139070468675e-11
9.730000000000000000e+02 2.424932036806796770e-11
9.740000000000000000e+02 2.425917083067618525e-11
9.750000000000000000e+02 2.425424537814808071e-11
9.760000000000000000e+02 2.424515641782869469e-11
9.770000000000000000e+02 2.424361234600065734e-11
9.780000000000000000e+02 2.426217665128290221e-11
9.790000000000000000e+02 2.428446031346318385e-11
9.800000000000000000e+02 2.432157326285324772e-11
9.810000000000000000e+02 2.425912455484912575e-11
9.820000000000000000e+02 2.424503210241298454e-11
9.830000000000000000e+02 2.426021606690206170e-11
9.840000000000000000e+02 2.422082947832732715e-11
9.850000000000000000e+02 2.426274195902806568e-11
9.860000000000000000e+02 2.424197764410489817e-11
9.870000000000000000e+02 2.424118379359600332e-11
9.880000000000000000e+02 2.423708634339190772e-11
9.890000000000000000e+02 2.423896486117094202e-11
9.900000000000000000e+02 2.422419073098364322e-11
9.910000000000000000e+02 2.426239941691416751e-11
9.920000000000000000e+02 2.422313615985689816e-11
9.930000000000000000e+02 2.427099233815134203e-11
9.940000000000000000e+02 2.426931747898634653e-11
9.950000000000000000e+02 2.426196967670246299e-11
9.960000000000000000e+02 2.422668391676879132e-11
9.970000000000000000e+02 2.425577097724742176e-11
9.980000000000000000e+02 2.428630155512332418e-11
9.990000000000000000e+02 2.423442795173712956e-11
1.000000000000000000e+03 2.422488612001116101e-11
1.001000000000000000e+03 2.426051005485013234e-11
1.002000000000000000e+03 2.423163720535469385e-11
1.003000000000000000e+03 2.428820550527215417e-11
1.004000000000000000e+03 2.426656870638535018e-11
1.005000000000000000e+03 2.427485859380013007e-11
1.006000000000000000e+03 2.421551593235543568e-11
1.007000000000000000e+03 2.424117837527992731e-11
1.008000000000000000e+03 2.422044811568992144e-11
1.009000000000000000e+03 2.423693178367428323e-11
1.010000000000000000e+03 2.423213053824770904e-11
1.011000000000000000e+03 2.420947506097812654e-11
1.012000000000000000e+03 2.425062734477996579e-11
1.013000000000000000e+03 2.427103753644898841e-11
1.014000000000000000e+03 2.425167976758525456e-11
1.015000000000000000e+03 2.423183519478975040e-11
1.016000000000000000e+03 2.422434814512559188e-11
1.017000000000000000e+03 2.423603416498065938e-11
1.018000000000000000e+03 2.423932653010963670e-11
1.019000000000000000e+03 2.427701081144795251e-11
1.020000000000000000e+03 2.422848720805207243e-11
1.021000000000000000e+03 2.421415121681948512e-11
1.022000000000000000e+03 2.426478254881537900e-11
1.023000000000000000e+03 2.423037199401226393e-11
1.024000000000000000e+03 2.424968918779776298e-11
1.025000000000000000e+03 2.423434890865110701e-11
1.026000000000000000e+03 2.422378443194266676e-11
1.027000000000000000e+03 2.424850822329030272e-11
1.028000000000000000e+03 2.420409548100658903e-11
1.029000000000000000e+03 2.422322740204542064e-11
1.030000000000000000e+03 2.420660755452606512e-11
1.031000000000000000e+03 2.421389010736939690e-11
1.032000000000000000e+03 2.421922594773124601e-11
1.033000000000000000e+03 2.422016353874546833e-11
1.034000000000000000e+03 2.420023804797861733e-11
1.035000000000000000e+03 2.419690578909962890e-11
1.036000000000000000e+03 2.424430834516508325e-11
1.037000000000000000e+03 2.422579477038248379e-11
1.038000000000000000e+03 2.421086779951593107e-11
1.039000000000000000e+03 2.422146619244043638e-11
1.040000000000000000e+03 2.420860985233202904e-11
1.041000000000000000e+03 2.421999255724295696e-11
1.042000000000000000e+03 2.425257885039468893e-11
1.043000000000000000e+03 2.419778479288911789e-11
1.044000000000000000e+03 2.426411130501327718e-11
1.045000000000000000e+03 2.421486648636227747e-11
1.046000000000000000e+03 2.425424203273704902e-11
1.047000000000000000e+03 2.419773342119329916e-11
1.048000000000000000e+03 2.420631310412815536e-11
1.049000000000000000e+03 2.419514823992235535e-11
1.050000000000000000e+03 2.424820920112237148e-11
1.051000000000000000e+03 2.421601803286931098e-11
1.052000000000000000e+03 2.421912126129683452e-11
1.053000000000000000e+03 2.422906959281434588e-11
1.054000000000000000e+03 2.419722184793588551e-11
1.055000000000000000e+03 2.419090352345601878e-11
1.056000000000000000e+03 2.423855097218820601e-11
1.057000000000000000e+03 2.421022976044037136e-11
1.058000000000000000e+03 2.418889515847239064e-11
1.059000000000000000e+03 2.421444615758428240e-11
1.060000000000000000e+03 2.421307810471030505e-11
1.061000000000000000e+03 2.420492775901282490e-11
1.062000000000000000e+03 2.421894309741813542e-11
1.063000000000000000e+03 2.422687578492773472e-11
1.064000000000000000e+03 2.421586324474551250e-11
1.065000000000000000e+03 2.418444170866293256e-11
1.066000000000000000e+03 2.425877268031277950e-11
1.067000000000000000e+03 2.421167753788109345e-11
1.068000000000000000e+03 2.421330929331478803e-11
1.069000000000000000e+03 2.418768643198220637e-11
1.070000000000000000e+03 2.419055444988135885e-11
1.071000000000000000e+03 2.419205889048486587e-11
1.072000000000000000e+03 2.420545178008279730e-11
1.073000000000000000e+03 2.418426353040764055e-11
1.074000000000000000e+03 2.417363786413052319e-11
1.075000000000000000e+03 2.422756051137070309e-11
1.076000000000000000e+03 2.421941447382502251e-11
1.077000000000000000e+03 2.424269945596066448e-11
1.078000000000000000e+03 2.417787432619497622e-11
1.079000000000000000e+03 2.424035921773256065e-11
1.080000000000000000e+03 2.417373645101209013e-11
1.081000000000000000e+03 2.422860554674781134e-11
1.082000000000000000e+03 2.418932478307006907e-11
1.083000000000000000e+03 2.419164101245781488e-11
1.084000000000000000e+03 2.417364993703155370e-11
1.085000000000000000e+03 2.420977283774277889e-11
1.086000000000000000e+03 2.419194546923675352e-11
1.087000000000000000e+03 2.419152989623663877e-11
1.088000000000000000e+03 2.420640408657351921e-11
1.089000000000000000e+03 2.419307349326267816e-11
1.090000000000000000e+03 2.419239463519159975e-11
1.091000000000000000e+03 2.419386138705324579e-11
1.092000000000000000e+03 2.418143037177004076e-11
1.093000000000000000e+03 2.417531880968093389e-11
1.094000000000000000e+03 2.416461422824020942e-11
1.095000000000000000e+03 2.418339628734371659e-11
1.096000000000000000e+03 2.417252487174207814e-11
1.097000000000000000e+03 2.419013131087066623e-11
1.098000000000000000e+03 2.420012730593019055e-11
1.099000000000000000e+03 2.421266887129209487e-11
1.100000000000000000e+03 2.419358953897126415e-11
1.101000000000000000e+03 2.423498696178468201e-11
1.102000000000000000e+03 2.418090315270436391e-11
1.103000000000000000e+03 2.417981449062129082e-11
1.104000000000000000e+03 2.421305812081634660e-11
1.105000000000000000e+03 2.420148084261660976e-11
1.106000000000000000e+03 2.420149010323022608e-11
1.107000000000000000e+03 2.420033024168969068e-11
1.108000000000000000e+03 2.418960712925565474e-11
1.109000000000000000e+03 2.420691224367018048e-11
1.110000000000000000e+03 2.418747046545071399e-11
1.111000000000000000e+03 2.419682461635507981e-11
1.112000000000000000e+03 2.416701407403620369e-11
1.113000000000000000e+03 2.419835360717790565e-11
1.114000000000000000e+03 2.417770602612295959e-11
1.115000000000000000e+03 2.426907306796336463e-11
1.116000000000000000e+03 2.418205879790533652e-11
1.117000000000000000e+03 2.417341519696081187e-11
1.118000000000000000e+03 2.417018987800765734e-11
1.119000000000000000e+03 2.416960400037020191e-11
1.120000000000000000e+03 2.422984260879191488e-11
1.121000000000000000e+03 2.421524602910074422e-11
1.122000000000000000e+03 2.423484683622320479e-11
1.123000000000000000e+03 2.418624083202686034e-11
1.124000000000000000e+03 2.422281686515852151e-11
1.125000000000000000e+03 2.418144845647201463e-11
1.126000000000000000e+03 2.416390956398577625e-11
1.127000000000000000e+03 2.417675115858678201e-11
1.128000000000000000e+03 2.416880428624355043e-11
1.129000000000000000e+03 2.416758437082733385e-11
1.130000000000000000e+03 2.417204429919216415e-11
1.131000000000000000e+03 2.417897049777509842e-11
1.132000000000000000e+03 2.417273519421068033e-11
1.133000000000000000e+03 2.414806084642101778e-11
1.134000000000000000e+03 2.416699756885770102e-11
1.135000000000000000e+03 2.416232954536955223e-11
1.136000000000000000e+03 2.415984414044961756e-11
1.137000000000000000e+03 2.419744270812303789e-11
1.138000000000000000e+03 2.414067886431935532e-11
1.139000000000000000e+03 2.419341453358480209e-11
1.140000000000000000e+03 2.417221559745436303e-11
1.141000000000000000e+03 2.414239914386422354e-11
1.142000000000000000e+03 2.416063330031134717e-11
1.143000000000000000e+03 2.416003224897009035e-11
1.144000000000000000e+03 2.417420569183441245e-11
1.145000000000000000e+03 2.415270272020173269e-11
1.146000000000000000e+03 2.416408602204781139e-11
1.147000000000000000e+03 2.416339644656681088e-11
1.148000000000000000e+03 2.418235010765155991e-11
1.149000000000000000e+03 2.415126092149182883e-11
1.150000000000000000e+03 2.415414501832007992e-11
1.151000000000000000e+03 2.416116453029993339e-11
1.152000000000000000e+03 2.416378389147935517e-11
1.153000000000000000e+03 2.416023488785774181e-11
1.154000000000000000e+03 2.414661595265767804e-11
1.155000000000000000e+03 2.418948868143921555e-11
1.156000000000000000e+03 2.417644090032363567e-11
1.157000000000000000e+03 2.414683601839247506e-11
1.158000000000000000e+03 2.416740206157405993e-11
1.159000000000000000e+03 2.416104069335843137e-11
1.160000000000000000e+03 2.417258998840761432e-11
1.161000000000000000e+03 2.414366505821045039e-11
1.162000000000000000e+03 2.415376251554137883e-11
1.163000000000000000e+03 2.415117305978889951e-11
1.164000000000000000e+03 2.415907126395535350e-11
1.165000000000000000e+03 2.414793651734441335e-11
1.166000000000000000e+03 2.416745324088286117e-11
1.167000000000000000e+03 2.415078861617593201e-11
1.168000000000000000e+03 2.414787543105929436e-11
1.169000000000000000e+03 2.414035634373169383e-11
1.170000000000000000e+03 2.414735148978081175e-11
1.171000000000000000e+03 2.415481247788921784e-11
1.172000000000000000e+03 2.414958872645926895e-11
1.173000000000000000e+03 2.416111496220623846e-11
1.174000000000000000e+03 2.413980125668129947e-11
1.175000000000000000e+03 2.412627858564679318e-11
1.176000000000000000e+03 2.415740499297197796e-11
1.177000000000000000e+03 2.414786165578001198e-11
1.178000000000000000e+03 2.414896249038369333e-11
1.179000000000000000e+03 2.415375051678889274e-11
1.180000000000000000e+03 2.413338019823226133e-11
1.181000000000000000e+03 2.412579647968522777e-11
1.182000000000000000e+03 2.413937046972251280e-11
1.183000000000000000e+03 2.420578812317258407e-11
1.184000000000000000e+03 2.414830864793515338e-11
1.185000000000000000e+03 2.412948029872603408e-11
1.186000000000000000e+03 2.416995229480824020e-11
1.187000000000000000e+03 2.416197465552104744e-11
1.188000000000000000e+03 2.419010912341262112e-11
1.189000000000000000e+03 2.413173664157616794e-11
1.190000000000000000e+03 2.416835348107084582e-11
1.191000000000000000e+03 2.415146362243546811e-11
1.192000000000000000e+03 2.415818574548657143e-11
1.193000000000000000e+03 2.414494709557431187e-11
1.194000000000000000e+03 2.414993658994377227e-11
1.195000000000000000e+03 2.416442963677415432e-11
1.196000000000000000e+03 2.419158730765063344e-11
1.197000000000000000e+03 2.412769570748192883e-11
1.198000000000000000e+03 2.413534674480642443e-11
1.199000000000000000e+03 2.413118622325961899e-11
1.200000000000000000e+03 2.412231672315749586e-11
1.201000000000000000e+03 2.412966172303141615e-11
1.202000000000000000e+03 2.414601345029139012e-11
1.203000000000000000e+03 2.413336764619480323e-11
1.204000000000000000e+03 2.413597185674382224e-11
1.205000000000000000e+03 2.412519854725116958e-11
1.206000000000000000e+03 2.412651574527775033e-11
1.207000000000000000e+03 2.412722403317006711e-11
1.208000000000000000e+03 2.417103100108694079e-11
1.209000000000000000e+03 2.417283013300695341e-11
1.210000000000000000e+03 2.417852337610733209e-11
1.211000000000000000e+03 2.418757457247441313e-11
1.212000000000000000e+03 2.413534918223873638e-11
1.213000000000000000e+03 2.414004408433471436e-11
1.214000000000000000e+03 2.412108321393622413e-11
1.215000000000000000e+03 2.412658468145546154e-11
1.216000000000000000e+03 2.412260886534628617e-11
1.217000000000000000e+03 2.412077261995172553e-11
1.218000000000000000e+03 2.412586761704449343e-11
1.219000000000000000e+03 2.413799092066104303e-11
1.220000000000000000e+03 2.412667089508352191e-11
1.221000000000000000e+03 2.411736890368832366e-11
1.222000000000000000e+03 2.410547839735852339e-11
1.223000000000000000e+03 2.414462484361640744e-11
1.224000000000000000e+03 2.414302418782367303e-11
1.225000000000000000e+03 2.413894975187305650e-11
1.226000000000000000e+03 2.413704304228315215e-11
1.227000000000000000e+03 2.414031063348856068e-11
1.228000000000000000e+03 2.414636867326867894e-11
1.229000000000000000e+03 2.411378334992454176e-11
1.230000000000000000e+03 2.412637961768246124e-11
1.231000000000000000e+03 2.412654437048639004e-11
1.232000000000000000e+03 2.413850402082597079e-11
1.233000000000000000e+03 2.410991374692388166e-11
1.234000000000000000e+03 2.415901752173722280e-11
1.235000000000000000e+03 2.414867111839394799e-11
1.236000000000000000e+03 2.411440555074111495e-11
1.237000000000000000e+03 2.415741354167785398e-11
1.238000000000000000e+03 2.411062998951640968e-11
1.239000000000000000e+03 2.411500003038376777e-11
1.240000000000000000e+03 2.411864395726327966e-11
1.241000000000000000e+03 2.411692656361871891e-11
1.242000000000000000e+03 2.410842528124968334e-11
1.243000000000000000e+03 2.413517760249597386e-11
1.244000000000000000e+03 2.415266938098265402e-11
1.245000000000000000e+03 2.411824849490686165e-11
1.246000000000000000e+03 2.414495877206245934e-11
1.247000000000000000e+03 2.415375795055476828e-11
1.248000000000000000e+03 2.414488548528188767e-11
1.249000000000000000e+03 2.410789175513311208e-11
1.250000000000000000e+03 2.410531416695965096e-11
1.251000000000000000e+03 2.410431797272988204e-11
1.252000000000000000e+03 2.412896255107087786e-11
1.253000000000000000e+03 2.415346171217443792e-11
1.254000000000000000e+03 2.411719471582810671e-11
1.255000000000000000e+03 2.410927338088834926e-11
1.256000000000000000e+03 2.410485178903077613e-11
1.257000000000000000e+03 2.412214454634512371e-11
1.258000000000000000e+03 2.409359587947919583e-11
1.259000000000000000e+03 2.413617052820191158e-11
1.260000000000000000e+03 2.411417758226784470e-11
1.261000000000000000e+03 2.410233832113287360e-11
1.262000000000000000e+03 2.412618567959197457e-11
1.263000000000000000e+03 2.410135207221667827e-11
1.264000000000000000e+03 2.410284389196254422e-11
1.265000000000000000e+03 2.410252739086803065e-11
1.266000000000000000e+03 2.410747351028190678e-11
1.267000000000000000e+03 2.409387418829183177e-11
1.268000000000000000e+03 2.410539528925122977e-11
1.269000000000000000e+03 2.411927879451339532e-11
1.270000000000000000e+03 2.412779998557190685e-11
1.271000000000000000e+03 2.410456915231738088e-11
1.272000000000000000e+03 2.410074394832317647e-11
1.273000000000000000e+03 2.409171734213304582e-11
1.274000000000000000e+03 2.409571297898317255e-11
1.275000000000000000e+03 2.417577130042091137e-11
1.276000000000000000e+03 2.409742560943151953e-11
1.277000000000000000e+03 2.410737486712375633e-11
1.278000000000000000e+03 2.409183092884363414e-11
1.279000000000000000e+03 2.409640215991647890e-11
1.280000000000000000e+03 2.410097580881585889e-11
1.281000000000000000e+03 2.410303991442515080e-11
1.282000000000000000e+03 2.409566836990528225e-11
1.283000000000000000e+03 2.411073640935851128e-11
1.284000000000000000e+03 2.412761250306411918e-11
1.285000000000000000e+03 2.410751209081494098e-11
1.286000000000000000e+03 2.410863113052726475e-11
1.287000000000000000e+03 2.409541296165196934e-11
1.288000000000000000e+03 2.409036814419983399e-11
1.289000000000000000e+03 2.410719471491949873e-11
1.290000000000000000e+03 2.410868356246836383e-11
1.291000000000000000e+03 2.408424796480137330e-11
1.292000000000000000e+03 2.412416856651787651e-11
1.293000000000000000e+03 2.410367445211348460e-11
1.294000000000000000e+03 2.412663925168284266e-11
1.295000000000000000e+03 2.409885796657773769e-11
1.296000000000000000e+03 2.409528152302149582e-11
1.297000000000000000e+03 2.412191462210989475e-11
1.298000000000000000e+03 2.409543045123109669e-11
1.299000000000000000e+03 2.408392780559343558e-11
1.300000000000000000e+03 2.413582279761060726e-11
1.301000000000000000e+03 2.408454265194562513e-11
1.302000000000000000e+03 2.409562640002893994e-11
1.303000000000000000e+03 2.408408042392507389e-11
1.304000000000000000e+03 2.409875470697723733e-11
1.305000000000000000e+03 2.407995254801375765e-11
1.306000000000000000e+03 2.411484920789631048e-11
1.307000000000000000e+03 2.410309080750717468e-11
1.308000000000000000e+03 2.408590158515176258e-11
1.309000000000000000e+03 2.410102212085697608e-11
1.310000000000000000e+03 2.408722902949003652e-11
1.311000000000000000e+03 2.410561751445630740e-11
1.312000000000000000e+03 2.411539756455551658e-11
1.313000000000000000e+03 2.409736121273367137e-11
1.314000000000000000e+03 2.408697965091335989e-11
1.315000000000000000e+03 2.408115713412135364e-11
1.316000000000000000e+03 2.408326594616939354e-11
1.317000000000000000e+03 2.410026186151814470e-11
1.318000000000000000e+03 2.409406772794649413e-11
1.319000000000000000e+03 2.412271419548122168e-11
1.320000000000000000e+03 2.408759649247175137e-11
1.321000000000000000e+03 2.407365884241863561e-11
1.322000000000000000e+03 2.411572479854124165e-11
1.323000000000000000e+03 2.407614081217091349e-11
1.324000000000000000e+03 2.408776121537944059e-11
1.325000000000000000e+03 2.408176075531473823e-11
1.326000000000000000e+03 2.407350249065788011e-11
1.327000000000000000e+03 2.409321285239088732e-11
1.328000000000000000e+03 2.406599103745574293e-11
1.329000000000000000e+03 2.409008418343854629e-11
1.330000000000000000e+03 2.412927632154252383e-11
1.331000000000000000e+03 2.408669663402436561e-11
1.332000000000000000e+03 2.408542141386532197e-11
1.333000000000000000e+03 2.407643980572109033e-11
1.334000000000000000e+03 2.407287921262701409e-11
1.335000000000000000e+03 2.406862394248266937e-11
1.336000000000000000e+03 2.410225373571728235e-11
1.337000000000000000e+03 2.409338781965318626e-11
1.338000000000000000e+03 2.411277688984371326e-11
1.339000000000000000e+03 2.408769450146240817e-11
1.340000000000000000e+03 2.406588435840037266e-11
1.341000000000000000e+03 2.412473441751801410e-11
1.342000000000000000e+03 2.408936985615305477e-11
1.343000000000000000e+03 2.408008000951351097e-11
1.344000000000000000e+03 2.407891019689918115e-11
1.345000000000000000e+03 2.407820326140084054e-11
1.346000000000000000e+03 2.407243184906880517e-11
1.347000000000000000e+03 2.407063000373782481e-11
1.348000000000000000e+03 2.407010015899125159e-11
1.349000000000000000e+03 2.406914900804443214e-11
1.350000000000000000e+03 2.407674040017953180e-11
1.351000000000000000e+03 2.407531577155239889e-11
1.352000000000000000e+03 2.407683052730650671e-11
1.353000000000000000e+03 2.411349856415795204e-11
1.354000000000000000e+03 2.411675631557841991e-11
1.355000000000000000e+03 2.407377472065428813e-11
1.356000000000000000e+03 2.405789248221198865e-11
1.357000000000000000e+03 2.412387065828355129e-11
1.358000000000000000e+03 2.406897635798658008e-11
1.359000000000000000e+03 2.407282585605631125e-11
1.360000000000000000e+03 2.406113085804271645e-11
1.361000000000000000e+03 2.408656433735318068e-11
1.362000000000000000e+03 2.406031147317005206e-11
1.363000000000000000e+03 2.406010345024940668e-11
1.364000000000000000e+03 2.408846662778552780e-11
1.365000000000000000e+03 2.406588437405020333e-11
1.366000000000000000e+03 2.408089846567834177e-11
1.367000000000000000e+03 2.407151214222861827e-11
1.368000000000000000e+03 2.406337866616387418e-11
1.369000000000000000e+03 2.406691553671398218e-11
1.370000000000000000e+03 2.407116114682398879e-11
1.371000000000000000e+03 2.408774893173301392e-11
1.372000000000000000e+03 2.405455830566197523e-11
1.373000000000000000e+03 2.408328582842033213e-11
1.374000000000000000e+03 2.406726667447927728e-11
1.375000000000000000e+03 2.406107829551520537e-11
1.376000000000000000e+03 2.407544647013702290e-11
1.377000000000000000e+03 2.406200987506596756e-11
1.378000000000000000e+03 2.407390997818298771e-11
1.379000000000000000e+03 2.405738545267267240e-11
1.380000000000000000e+03 2.407381661934504373e-11
1.381000000000000000e+03 2.409150226778104271e-11
1.382000000000000000e+03 2.409091155673366264e-11
1.383000000000000000e+03 2.406615653467636621e-11
1.384000000000000000e+03 2.407039299136677542e-11
1.385000000000000000e+03 2.405873091395579682e-11
1.386000000000000000e+03 2.405776141266427641e-11
1.387000000000000000e+03 2.406134649011803901e-11
1.388000000000000000e+03 2.406474161809880149e-11
1.389000000000000000e+03 2.406944883227014687e-11
1.390000000000000000e+03 2.406121331485953201e-11
1.391000000000000000e+03 2.406090716324893640e-11
1.392000000000000000e+03 2.406380500676419976e-11
1.393000000000000000e+03 2.409865208496200198e-11
1.394000000000000000e+03 2.406326575190581634e-11
1.395000000000000000e+03 2.405398627926833117e-11
1.396000000000000000e+03 2.404547620283581715e-11
1.397000000000000000e+03 2.406548723507803162e-11
1.398000000000000000e+03 2.405504788215229205e-11
1.399000000000000000e+03 2.405327711195575052e-11
1.400000000000000000e+03 2.405446164815359940e-11
1.401000000000000000e+03 2.406104447653137141e-11
1.402000000000000000e+03 2.408393948945749119e-11
1.403000000000000000e+03 2.405073404752008906e-11
1.404000000000000000e+03 2.405421690689936960e-11
1.405000000000000000e+03 2.406339431335537724e-11
1.406000000000000000e+03 2.405345598010320282e-11
1.407000000000000000e+03 2.407097942849113815e-11
1.408000000000000000e+03 2.405525644815167038e-11
1.409000000000000000e+03 2.406373603823045616e-11
1.410000000000000000e+03 2.409696245586412140e-11
1.411000000000000000e+03 2.406033083373382689e-11
1.412000000000000000e+03 2.405856873084060499e-11
1.413000000000000000e+03 2.404752201405530883e-11
1.414000000000000000e+03 2.404712892742401374e-11
1.415000000000000000e+03 2.405292807004137684e-11
1.416000000000000000e+03 2.408754584729142083e-11
1.417000000000000000e+03 2.405545800122238294e-11
1.418000000000000000e+03 2.404561344763723910e-11
1.419000000000000000e+03 2.405118244407348953e-11
1.420000000000000000e+03 2.405775167248160088e-11
1.421000000000000000e+03 2.404681733511303342e-11
1.422000000000000000e+03 2.405953385097134871e-11
1.423000000000000000e+03 2.404718988350014450e-11
1.424000000000000000e+03 2.404426222721142784e-11
1.425000000000000000e+03 2.404589436247168031e-11
1.426000000000000000e+03 2.405580311395136343e-11
1.427000000000000000e+03 2.403526959882066481e-11
1.428000000000000000e+03 2.409759729860155614e-11
1.429000000000000000e+03 2.406767104766540427e-11
1.430000000000000000e+03 2.404028922820793233e-11
1.431000000000000000e+03 2.407340195860204012e-11
1.432000000000000000e+03 2.405235459398980182e-11
1.433000000000000000e+03 2.405240332521229207e-11
1.434000000000000000e+03 2.403609437968196841e-11
1.435000000000000000e+03 2.404845827528488265e-11
1.436000000000000000e+03 2.405736331469511105e-11
1.437000000000000000e+03 2.404441692456706919e-11
1.438000000000000000e+03 2.406888314105684687e-11
1.439000000000000000e+03 2.404623202350489909e-11
1.440000000000000000e+03 2.404754462483459355e-11
1.441000000000000000e+03 2.404076603936885475e-11
1.442000000000000000e+03 2.403991898378905354e-11
1.443000000000000000e+03 2.404451573565510429e-11
1.444000000000000000e+03 2.403817104420327755e-11
1.445000000000000000e+03 2.404429318268523101e-11
1.446000000000000000e+03 2.405339127825913755e-11
1.447000000000000000e+03 2.404652415614548543e-11
1.448000000000000000e+03 2.404735093741795064e-11
1.449000000000000000e+03 2.404077769312513872e-11
1.450000000000000000e+03 2.404930522625974025e-11
1.451000000000000000e+03 2.406763329456244544e-11
1.452000000000000000e+03 2.408560233593396213e-11
1.453000000000000000e+03 2.403899893009100086e-11
1.454000000000000000e+03 2.403617185507947745e-11
1.455000000000000000e+03 2.404954433443720809e-11
1.456000000000000000e+03 2.404270751306022627e-11
1.457000000000000000e+03 2.404988242699823844e-11
1.458000000000000000e+03 2.403958570512421759e-11
1.459000000000000000e+03 2.407099957161143208e-11
1.460000000000000000e+03 2.404584066429581197e-11
1.461000000000000000e+03 2.404099160665241171e-11
1.462000000000000000e+03 2.404534252702420391e-11
1.463000000000000000e+03 2.404776305735072744e-11
1.464000000000000000e+03 2.403880972393044787e-11
1.465000000000000000e+03 2.402797936032336429e-11
1.466000000000000000e+03 2.407655288652315633e-11
1.467000000000000000e+03 2.404330814857081952e-11
1.468000000000000000e+03 2.403018610100963613e-11
1.469000000000000000e+03 2.406304933349574322e-11
1.470000000000000000e+03 2.403037477968908399e-11
1.471000000000000000e+03 2.405514078658339066e-11
1.472000000000000000e+03 2.403018107008992567e-11
1.473000000000000000e+03 2.404482938922227717e-11
1.474000000000000000e+03 2.403690393451841309e-11
1.475000000000000000e+03 2.403458740733842186e-11
1.476000000000000000e+03 2.402940833759638405e-11
1.477000000000000000e+03 2.404117761268776454e-11
1.478000000000000000e+03 2.403725229025821204e-11
1.479000000000000000e+03 2.403528335973404947e-11
1.480000000000000000e+03 2.402854885824707874e-11
1.481000000000000000e+03 2.403217033954966265e-11
1.482000000000000000e+03 2.403324876340058734e-11
1.483000000000000000e+03 2.404171841061619931e-11
1.484000000000000000e+03 2.402417315976831965e-11
1.485000000000000000e+03 2.402846909119537161e-11
1.486000000000000000e+03 2.403647483710467192e-11
1.487000000000000000e+03 2.402319188424117761e-11
1.488000000000000000e+03 2.402621518084942086e-11
1.489000000000000000e+03 2.403923879301311412e-11
1.490000000000000000e+03 2.402488203686148692e-11
1.491000000000000000e+03 2.403455185593235424e-11
1.492000000000000000e+03 2.402965483048851165e-11
1.493000000000000000e+03 2.403456161505993442e-11
1.494000000000000000e+03 2.402824569985164575e-11
1.495000000000000000e+03 2.401921724804591863e-11
1.496000000000000000e+03 2.406439758534937862e-11
1.497000000000000000e+03 2.404294364490171412e-11
1.498000000000000000e+03 2.402447014137717385e-11
1.499000000000000000e+03 2.402173887871146686e-11
1.500000000000000000e+03 2.401630376622252270e-11
1.501000000000000000e+03 2.403581443010750917e-11
1.502000000000000000e+03 2.402480190221921680e-11
1.503000000000000000e+03 2.404964095952249174e-11
1.504000000000000000e+03 2.404016531485759224e-11
1.505000000000000000e+03 2.403884534985390169e-11
1.506000000000000000e+03 2.403194411085790657e-11
1.507000000000000000e+03 2.402315638534963084e-11
1.508000000000000000e+03 2.403251050249787061e-11
1.509000000000000000e+03 2.403086945197695142e-11
1.510000000000000000e+03 2.402945569174536032e-11
1.511000000000000000e+03 2.402612029275539345e-11
1.512000000000000000e+03 2.401358594796072529e-11
1.513000000000000000e+03 2.403060984904447214e-11
1.514000000000000000e+03 2.402961790093039315e-11
1.515000000000000000e+03 2.403239833531176348e-11
1.516000000000000000e+03 2.402576762549844939e-11
1.517000000000000000e+03 2.401951532275440371e-11
1.518000000000000000e+03 2.401863569957896736e-11
1.519000000000000000e+03 2.404542524745409413e-11
1.520000000000000000e+03 2.402385886401975932e-11
1.521000000000000000e+03 2.403222884007282030e-11
1.522000000000000000e+03 2.402593971580192077e-11
1.523000000000000000e+03 2.402673872639696946e-11
1.524000000000000000e+03 2.402446582451359854e-11
1.525000000000000000e+03 2.404252751599896260e-11
1.526000000000000000e+03 2.402786558019020590e-11
1.527000000000000000e+03 2.407664730356621721e-11
1.528000000000000000e+03 2.402084625644366309e-11
1.529000000000000000e+03 2.402633268755655343e-11
1.530000000000000000e+03 2.402278988277969545e-11
1.531000000000000000e+03 2.401733442455561654e-11
1.532000000000000000e+03 2.403841761084060855e-11
1.533000000000000000e+03 2.402609870822363905e-11
1.534000000000000000e+03 2.401276087691951589e-11
1.535000000000000000e+03 2.401076251862625956e-11
1.536000000000000000e+03 2.401248375938224160e-11
1.537000000000000000e+03 2.401904561205494878e-11
1.538000000000000000e+03 2.402525818461776824e-11
1.539000000000000000e+03 2.402331645775587629e-11
1.540000000000000000e+03 2.401606312196025942e-11
1.541000000000000000e+03 2.402614840622746766e-11
1.542000000000000000e+03 2.404298890564170953e-11
1.543000000000000000e+03 2.403521922048478677e-11
1.544000000000000000e+03 2.402240580100376835e-11
1.545000000000000000e+03 2.401334609905496133e-11
1.546000000000000000e+03 2.402357572558680716e-11
1.547000000000000000e+03 2.401629529619063161e-11
1.548000000000000000e+03 2.402356061580355563e-11
1.549000000000000000e+03 2.404078461724631420e-11
1.550000000000000000e+03 2.401334483955949424e-11
1.551000000000000000e+03 2.400164416051775202e-11
1.552000000000000000e+03 2.401186599222265811e-11
1.553000000000000000e+03 2.401004098965079835e-11
1.554000000000000000e+03 2.402129428700978338e-11
1.555000000000000000e+03 2.401122257580187589e-11
1.556000000000000000e+03 2.400642260536421709e-11
1.557000000000000000e+03 2.400711600950631716e-11
1.558000000000000000e+03 2.400304128400836503e-11
1.559000000000000000e+03 2.402560335305302676e-11
1.560000000000000000e+03 2.400863454727906840e-11
1.561000000000000000e+03 2.400528362633915386e-11
1.562000000000000000e+03 2.401743427460704177e-11
1.563000000000000000e+03 2.400413930263625646e-11
1.564000000000000000e+03 2.400738164896927356e-11
1.565000000000000000e+03 2.401675512094721400e-11
1.566000000000000000e+03 2.400519276445608485e-11
1.567000000000000000e+03 2.405398641625495623e-11
1.568000000000000000e+03 2.401654150006775311e-11
1.569000000000000000e+03 2.401427744333184372e-11
1.570000000000000000e+03 2.400320567643392183e-11
1.571000000000000000e+03 2.402665965742659791e-11
1.572000000000000000e+03 2.400735298218889179e-11
1.573000000000000000e+03 2.401001351013783289e-11
1.574000000000000000e+03 2.401363243313397910e-11
1.575000000000000000e+03 2.401914083785075715e-11
1.576000000000000000e+03 2.402168186996996696e-11
1.577000000000000000e+03 2.401049393399182126e-11
1.578000000000000000e+03 2.400684897491311438e-11
1.579000000000000000e+03 2.400990123433981909e-11
1.580000000000000000e+03 2.401814578120989183e-11
1.581000000000000000e+03 2.401585943865380659e-11
1.582000000000000000e+03 2.400037933148223276e-11
1.583000000000000000e+03 2.401633021381038075e-11
1.584000000000000000e+03 2.400260135508745673e-11
1.585000000000000000e+03 2.400081181208954639e-11
1.586000000000000000e+03 2.400852224883674622e-11
1.587000000000000000e+03 2.402286011548330377e-11
1.588000000000000000e+03 2.400274536415804056e-11
1.589000000000000000e+03 2.400585623809579855e-11
1.590000000000000000e+03 2.400726849636415316e-11
1.591000000000000000e+03 2.402199640312949282e-11
1.592000000000000000e+03 2.400313108388479860e-11
1.593000000000000000e+03 2.399987769654365005e-11
1.594000000000000000e+03 2.401826261455208786e-11
1.595000000000000000e+03 2.401404498826818965e-11
1.596000000000000000e+03 2.401009489721049447e-11
1.597000000000000000e+03 2.399236112136881727e-11
1.598000000000000000e+03 2.399637854131152058e-11
1.599000000000000000e+03 2.402024279479146607e-11
1.600000000000000000e+03 2.399804168804677968e-11
1.601000000000000000e+03 2.399594827364775919e-11
1.602000000000000000e+03 2.400698456639314188e-11
1.603000000000000000e+03 2.400083995830492215e-11
1.604000000000000000e+03 2.400352872570181598e-11
1.605000000000000000e+03 2.399699880897642562e-11
1.606000000000000000e+03 2.399931936980281453e-11
1.607000000000000000e+03 2.402084087412136593e-11
1.608000000000000000e+03 2.400283004999977205e-11
1.609000000000000000e+03 2.399388312605005180e-11
1.610000000000000000e+03 2.399415675516860227e-11
1.611000000000000000e+03 2.399866590103160088e-11
1.612000000000000000e+03 2.399719832352196902e-11
1.613000000000000000e+03 2.399688816002052702e-11
1.614000000000000000e+03 2.402068427014163528e-11
1.615000000000000000e+03 2.401439643988589090e-11
1.616000000000000000e+03 2.399152634184410253e-11
1.617000000000000000e+03 2.401209969168277010e-11
1.618000000000000000e+03 2.399385515947542514e-11
1.619000000000000000e+03 2.399157688969955127e-11
1.620000000000000000e+03 2.400161876333852018e-11
1.621000000000000000e+03 2.399701259519939475e-11
1.622000000000000000e+03 2.399274178330199461e-11
1.623000000000000000e+03 2.399687284555995028e-11
1.624000000000000000e+03 2.399228698674623169e-11
1.625000000000000000e+03 2.398714462746863467e-11
1.626000000000000000e+03 2.399031580438340526e-11
1.627000000000000000e+03 2.399091738198385342e-11
1.628000000000000000e+03 2.398738348925347741e-11
1.629000000000000000e+03 2.400119322380081842e-11
1.630000000000000000e+03 2.400956815353927077e-11
1.631000000000000000e+03 2.399044983467275254e-11
1.632000000000000000e+03 2.399677275667977841e-11
1.633000000000000000e+03 2.400146260239017926e-11
1.634000000000000000e+03 2.401185061708245747e-11
1.635000000000000000e+03 2.398706861279825829e-11
1.636000000000000000e+03 2.398881020391313375e-11
1.637000000000000000e+03 2.400193844685079469e-11
1.638000000000000000e+03 2.400165878134984211e-11
1.639000000000000000e+03 2.400407640587585040e-11
1.640000000000000000e+03 2.399304919073031212e-11
1.641000000000000000e+03 2.402903387245229226e-11
1.642000000000000000e+03 2.398661661350486520e-11
1.643000000000000000e+03 2.398287308288680781e-11
1.644000000000000000e+03 2.399965347150591378e-11
1.645000000000000000e+03 2.398668583439455019e-11
1.646000000000000000e+03 2.400609277505014170e-11
1.647000000000000000e+03 2.398957025361047382e-11
1.648000000000000000e+03 2.399023321288045733e-11
1.649000000000000000e+03 2.398612890147583306e-11
1.650000000000000000e+03 2.398657511128111804e-11
1.651000000000000000e+03 2.399196022077331631e-11
1.652000000000000000e+03 2.398456777196310835e-11
1.653000000000000000e+03 2.400069074511593229e-11
1.654000000000000000e+03 2.398804963363064776e-11
1.655000000000000000e+03 2.402176145278216913e-11
1.656000000000000000e+03 2.398456360958817218e-11
1.657000000000000000e+03 2.399408273068436562e-11
1.658000000000000000e+03 2.399419559271579701e-11
1.659000000000000000e+03 2.399978437908308654e-11
1.660000000000000000e+03 2.399232952353572466e-11
1.661000000000000000e+03 2.400173199426392826e-11
1.662000000000000000e+03 2.398369083238303089e-11
1.663000000000000000e+03 2.398821672248523510e-11
1.664000000000000000e+03 2.399634972299576387e-11
1.665000000000000000e+03 2.398394123947074003e-11
1.666000000000000000e+03 2.398062251895633804e-11
1.667000000000000000e+03 2.398392034425729582e-11
1.668000000000000000e+03 2.398937576896866275e-11
1.669000000000000000e+03 2.401069018092927087e-11
1.670000000000000000e+03 2.398903168369551342e-11
1.671000000000000000e+03 2.401489239829735518e-11
1.672000000000000000e+03 2.400213698607132583e-11
1.673000000000000000e+03 2.398485036434340647e-11
1.674000000000000000e+03 2.398253249143575223e-11
1.675000000000000000e+03 2.398641922357163301e-11
1.676000000000000000e+03 2.398305756501305346e-11
1.677000000000000000e+03 2.398053642272463887e-11
1.678000000000000000e+03 2.399064662520917354e-11
1.679000000000000000e+03 2.398053284263553006e-11
1.680000000000000000e+03 2.398291208193933693e-11
1.681000000000000000e+03 2.398059707697818360e-11
1.682000000000000000e+03 2.397955404284133367e-11
1.683000000000000000e+03 2.398452044314161404e-11
1.684000000000000000e+03 2.398402664674948758e-11
1.685000000000000000e+03 2.399284916887463086e-11
1.686000000000000000e+03 2.397715460523759425e-11
1.687000000000000000e+03 2.398443281528540977e-11
1.688000000000000000e+03 2.398616335107771897e-11
1.689000000000000000e+03 2.397726721926978314e-11
1.690000000000000000e+03 2.398549531987815829e-11
1.691000000000000000e+03 2.397531686518833848e-11
1.692000000000000000e+03 2.399241932821046495e-11
1.693000000000000000e+03 2.398457924792872959e-11
1.694000000000000000e+03 2.398572516999452762e-11
1.695000000000000000e+03 2.397882529394419260e-11
1.696000000000000000e+03 2.398835946713777741e-11
1.697000000000000000e+03 2.398673168454518654e-11
1.698000000000000000e+03 2.398181177280262438e-11
1.699000000000000000e+03 2.397585846330431431e-11
1.700000000000000000e+03 2.397956690102893150e-11
1.701000000000000000e+03 2.399394992677421267e-11
1.702000000000000000e+03 2.398654683885308331e-11
1.703000000000000000e+03 2.398302019821929607e-11
1.704000000000000000e+03 2.397498184534352967e-11
1.705000000000000000e+03 2.397795233892433248e-11
1.706000000000000000e+03 2.397163277851528062e-11
1.707000000000000000e+03 2.400493930483130922e-11
1.708000000000000000e+03 2.398211062542704516e-11
1.709000000000000000e+03 2.398677015716997012e-11
1.710000000000000000e+03 2.398501026278957537e-11
1.711000000000000000e+03 2.398697160513830949e-11
1.712000000000000000e+03 2.396912255959207828e-11
1.713000000000000000e+03 2.397115937867508617e-11
1.714000000000000000e+03 2.398542126350385044e-11
1.715000000000000000e+03 2.397443866738059686e-11
1.716000000000000000e+03 2.397805186029851400e-11
1.717000000000000000e+03 2.397713667258317844e-11
1.718000000000000000e+03 2.398343998125137570e-11
1.719000000000000000e+03 2.398353553077637554e-11
1.720000000000000000e+03 2.398082608173535072e-11
1.721000000000000000e+03 2.397849289106254613e-11
1.722000000000000000e+03 2.396851326917275926e-11
1.723000000000000000e+03 2.400783610446003608e-11
1.724000000000000000e+03 2.396582896977496431e-11
1.725000000000000000e+03 2.396998885716275148e-11
1.726000000000000000e+03 2.398825175550902924e-11
1.727000000000000000e+03 2.397954541336988515e-11
1.728000000000000000e+03 2.396850566783532337e-11
1.729000000000000000e+03 2.397346766681090699e-11
1.730000000000000000e+03 2.399005973748498021e-11
1.731000000000000000e+03 2.398558192323770541e-11
1.732000000000000000e+03 2.398274258108064823e-11
1.733000000000000000e+03 2.397318502787998593e-11
1.734000000000000000e+03 2.397530324050656655e-11
1.735000000000000000e+03 2.397003162498642294e-11
1.736000000000000000e+03 2.397110166287944130e-11
1.737000000000000000e+03 2.396697157749003630e-11
1.738000000000000000e+03 2.396980259273538785e-11
1.739000000000000000e+03 2.397203631325148672e-11
1.740000000000000000e+03 2.397289319810082106e-11
1.741000000000000000e+03 2.398133196762524690e-11
1.742000000000000000e+03 2.398075726159732434e-11
1.743000000000000000e+03 2.397022552268807137e-11
1.744000000000000000e+03 2.396946249443964887e-11
1.745000000000000000e+03 2.396610192084699770e-11
1.746000000000000000e+03 2.399425900784557770e-11
1.747000000000000000e+03 2.397136033648089364e-11
1.748000000000000000e+03 2.397982104671776278e-11
1.749000000000000000e+03 2.398437539965015087e-11
1.750000000000000000e+03 2.396305887113459109e-11
1.751000000000000000e+03 2.397701280661001182e-11
1.752000000000000000e+03 2.396845467832694909e-11
1.753000000000000000e+03 2.396391764424406229e-11
1.754000000000000000e+03 2.396505910329662166e-11
1.755000000000000000e+03 2.399147924327442572e-11
1.756000000000000000e+03 2.397093763329080531e-11
1.757000000000000000e+03 2.397954642699499475e-11
1.758000000000000000e+03 2.396247928465096287e-11
1.759000000000000000e+03 2.397371273537334813e-11
1.760000000000000000e+03 2.397866088479483388e-11
1.761000000000000000e+03 2.396382587743486725e-11
1.762000000000000000e+03 2.396560248682081263e-11
1.763000000000000000e+03 2.396283313596524209e-11
1.764000000000000000e+03 2.397277628368656272e-11
1.765000000000000000e+03 2.397816543655345213e-11
1.766000000000000000e+03 2.396735723449954671e-11
1.767000000000000000e+03 2.395882020341869022e-11
1.768000000000000000e+03 2.396837752802685287e-11
1.769000000000000000e+03 2.397054421414441988e-11
1.770000000000000000e+03 2.397305792400511746e-11
1.771000000000000000e+03 2.395908634325511250e-11
1.772000000000000000e+03 2.396550587446095307e-11
1.773000000000000000e+03 2.395807823086779492e-11
1.774000000000000000e+03 2.396922389678792536e-11
1.775000000000000000e+03 2.396416453394226159e-11
1.776000000000000000e+03 2.396158618932816337e-11
1.777000000000000000e+03 2.396374300184791134e-11
1.778000000000000000e+03 2.396547541519526701e-11
1.779000000000000000e+03 2.395953127008130834e-11
1.780000000000000000e+03 2.396449715879396418e-11
1.781000000000000000e+03 2.396308381253524069e-11
1.782000000000000000e+03 2.397000697020132881e-11
1.783000000000000000e+03 2.398064342726891749e-11
1.784000000000000000e+03 2.396649770196096089e-11
1.785000000000000000e+03 2.397925536966793067e-11
1.786000000000000000e+03 2.396409093758329045e-11
1.787000000000000000e+03 2.397770835040688671e-11
1.788000000000000000e+03 2.396491105106093680e-11
1.789000000000000000e+03 2.396483953225856322e-11
1.790000000000000000e+03 2.396406172258139029e-11
1.791000000000000000e+03 2.397741560384430424e-11
1.792000000000000000e+03 2.396405968530786495e-11
1.793000000000000000e+03 2.395906053032704657e-11
1.794000000000000000e+03 2.396131497830522092e-11
1.795000000000000000e+03 2.396625103290391974e-11
1.796000000000000000e+03 2.395948802112838902e-11
1.797000000000000000e+03 2.395831677302933488e-11
1.798000000000000000e+03 2.395932597667658843e-11
1.799000000000000000e+03 2.395941151626565053e-11
1.800000000000000000e+03 2.395459025447611074e-11
1.801000000000000000e+03 2.396142425384092303e-11
1.802000000000000000e+03 2.397127167755981750e-11
1.803000000000000000e+03 2.395949683792714310e-11
1.804000000000000000e+03 2.395666691402621303e-11
1.805000000000000000e+03 2.396283810894368097e-11
1.806000000000000000e+03 2.395734795708863687e-11
1.807000000000000000e+03 2.395712742893751447e-11
1.808000000000000000e+03 2.397712662335880148e-11
1.809000000000000000e+03 2.396891207926607282e-11
1.810000000000000000e+03 2.395887631557318528e-11
1.811000000000000000e+03 2.395021430423710955e-11
1.812000000000000000e+03 2.395871475790933635e-11
1.813000000000000000e+03 2.397713113491022623e-11
1.814000000000000000e+03 2.395940056134520073e-11
1.815000000000000000e+03 2.395310653137640366e-11
1.816000000000000000e+03 2.396156815307355051e-11
1.817000000000000000e+03 2.395583070481769146e-11
1.818000000000000000e+03 2.395187307255887527e-11
1.819000000000000000e+03 2.396868516439211644e-11
1.820000000000000000e+03 2.396179803187348357e-11
1.821000000000000000e+03 2.395503890968071064e-11
1.822000000000000000e+03 2.395728433346469991e-11
1.823000000000000000e+03 2.395381044014882775e-11
1.824000000000000000e+03 2.395233570823373930e-11
1.825000000000000000e+03 2.396690132782487950e-11
1.826000000000000000e+03 2.395386286326242335e-11
1.827000000000000000e+03 2.396522389306665427e-11
1.828000000000000000e+03 2.397455579604878640e-11
1.829000000000000000e+03 2.395994281464548780e-11
1.830000000000000000e+03 2.395837600334090177e-11
1.831000000000000000e+03 2.395588800650275929e-11
1.832000000000000000e+03 2.395848000856898885e-11
1.833000000000000000e+03 2.395391632436441841e-11
1.834000000000000000e+03 2.394886282241244719e-11
1.835000000000000000e+03 2.395128858411196011e-11
1.836000000000000000e+03 2.394722912129891064e-11
1.837000000000000000e+03 2.396085088759152558e-11
1.838000000000000000e+03 2.395225494030654816e-11
1.839000000000000000e+03 2.395155322599832895e-11
1.840000000000000000e+03 2.397220175065626622e-11
1.841000000000000000e+03 2.394952066146608835e-11
1.842000000000000000e+03 2.395251942693988543e-11
1.843000000000000000e+03 2.395122184670110159e-11
1.844000000000000000e+03 2.395246641561801084e-11
1.845000000000000000e+03 2.395159801832330457e-11
1.846000000000000000e+03 2.395897943954893591e-11
1.847000000000000000e+03 2.396285313301212514e-11
1.848000000000000000e+03 2.395204376988657297e-11
1.849000000000000000e+03 2.395540020362823510e-11
1.850000000000000000e+03 2.395680132632967811e-11
1.851000000000000000e+03 2.394944978268155639e-11
1.852000000000000000e+03 2.394876366495691577e-11
1.853000000000000000e+03 2.395104589090268849e-11
1.854000000000000000e+03 2.395091715251303919e-11
1.855000000000000000e+03 2.397851948055505418e-11
1.856000000000000000e+03 2.395583145017697116e-11
1.857000000000000000e+03 2.394636557672450532e-11
1.858000000000000000e+03 2.394877594126912292e-11
1.859000000000000000e+03 2.395225715877890776e-11
1.860000000000000000e+03 2.395370970250254240e-11
1.861000000000000000e+03 2.395856664702568657e-11
1.862000000000000000e+03 2.394705050095026141e-11
1.863000000000000000e+03 2.395892159001463589e-11
1.864000000000000000e+03 2.395691446541058615e-11
1.865000000000000000e+03 2.394407962409251711e-11
1.866000000000000000e+03 2.394796606730522177e-11
1.867000000000000000e+03 2.394644275501215094e-11
1.868000000000000000e+03 2.394636939262976575e-11
1.869000000000000000e+03 2.395293283681373637e-11
1.870000000000000000e+03 2.394781826393781665e-11
1.871000000000000000e+03 2.394839815517370430e-11
1.872000000000000000e+03 2.394938453248243476e-11
1.873000000000000000e+03 2.397054927273738664e-11
1.874000000000000000e+03 2.394749468114702233e-11
1.875000000000000000e+03 2.394616164906905463e-11
1.876000000000000000e+03 2.395215172765674829e-11
1.877000000000000000e+03 2.394890664612149800e-11
1.878000000000000000e+03 2.395636207229182835e-11
1.879000000000000000e+03 2.394696190105866786e-11
1.880000000000000000e+03 2.394433375210099611e-11
1.881000000000000000e+03 2.394800409219764158e-11
1.882000000000000000e+03 2.394919432020275769e-11
1.883000000000000000e+03 2.394305786197657314e-11
1.884000000000000000e+03 2.394996508100580175e-11
1.885000000000000000e+03 2.395665204339584662e-11
1.886000000000000000e+03 2.394445578247926160e-11
1.887000000000000000e+03 2.394831327264806868e-11
1.888000000000000000e+03 2.394711612174500595e-11
1.889000000000000000e+03 2.394856325286358109e-11
1.890000000000000000e+03 2.394025526804560150e-11
1.891000000000000000e+03 2.395196683033140761e-11
1.892000000000000000e+03 2.394660239899600180e-11
1.893000000000000000e+03 2.394591439436224291e-11
1.894000000000000000e+03 2.395582156693877889e-11
1.895000000000000000e+03 2.394713849061778592e-11
1.896000000000000000e+03 2.394056814331675242e-11
1.897000000000000000e+03 2.395310018259312290e-11
1.898000000000000000e+03 2.394266417958880472e-11
1.899000000000000000e+03 2.394401457009576418e-11
1.900000000000000000e+03 2.394198583450369966e-11
1.901000000000000000e+03 2.394566584608919923e-11
1.902000000000000000e+03 2.396251525279892398e-11
1.903000000000000000e+03 2.394729575049814683e-11
1.904000000000000000e+03 2.394239691359356718e-11
1.905000000000000000e+03 2.394824365019815927e-11
1.906000000000000000e+03 2.394341146297038273e-11
1.907000000000000000e+03 2.394069941226471359e-11
1.908000000000000000e+03 2.394299528533683159e-11
1.909000000000000000e+03 2.393909829335907080e-11
1.910000000000000000e+03 2.394025477975603915e-11
1.911000000000000000e+03 2.393949022309764205e-11
1.912000000000000000e+03 2.394830865100610668e-11
1.913000000000000000e+03 2.394875582838228038e-11
1.914000000000000000e+03 2.395009111843982325e-11
1.915000000000000000e+03 2.394142448171793052e-11
1.916000000000000000e+03 2.393531082162776255e-11
1.917000000000000000e+03 2.394518949588139724e-11
1.918000000000000000e+03 2.394366312088134249e-11
1.919000000000000000e+03 2.393984258525641656e-11
1.920000000000000000e+03 2.393640961600474806e-11
1.921000000000000000e+03 2.394307981958033857e-11
1.922000000000000000e+03 2.394359240382018132e-11
1.923000000000000000e+03 2.393982897139740144e-11
1.924000000000000000e+03 2.394195811703570355e-11
1.925000000000000000e+03 2.393507596506800233e-11
1.926000000000000000e+03 2.394922346863200862e-11
1.927000000000000000e+03 2.394043023900244771e-11
1.928000000000000000e+03 2.393819635074584977e-11
1.929000000000000000e+03 2.393962091485019042e-11
1.930000000000000000e+03 2.393720952288542997e-11
1.931000000000000000e+03 2.393703112217391934e-11
1.932000000000000000e+03 2.395852034027945911e-11
1.933000000000000000e+03 2.394327913802334042e-11
1.934000000000000000e+03 2.393520077814877254e-11
1.935000000000000000e+03 2.394270449391192881e-11
1.936000000000000000e+03 2.393358180154578864e-11
1.937000000000000000e+03 2.393568970160283368e-11
1.938000000000000000e+03 2.394104106838279840e-11
1.939000000000000000e+03 2.393604585760980355e-11
1.940000000000000000e+03 2.394005398645317814e-11
1.941000000000000000e+03 2.393733397797016003e-11
1.942000000000000000e+03 2.393392083938018511e-11
1.943000000000000000e+03 2.394473198549831686e-11
1.944000000000000000e+03 2.393542864098135273e-11
1.945000000000000000e+03 2.393593002954119792e-11
1.946000000000000000e+03 2.393160764957544380e-11
1.947000000000000000e+03 2.393607113195274027e-11
1.948000000000000000e+03 2.393455186210099713e-11
1.949000000000000000e+03 2.393889113671931946e-11
1.950000000000000000e+03 2.393472255017064708e-11
1.951000000000000000e+03 2.394609724278255789e-11
1.952000000000000000e+03 2.394546758703820539e-11
1.953000000000000000e+03 2.393211794622123019e-11
1.954000000000000000e+03 2.392979540257247662e-11
1.955000000000000000e+03 2.393882031834064047e-11
1.956000000000000000e+03 2.393604085081198515e-11
1.957000000000000000e+03 2.393249413539605067e-11
1.958000000000000000e+03 2.394473194159693369e-11
1.959000000000000000e+03 2.394422959800825472e-11
1.960000000000000000e+03 2.393813231592534121e-11
1.961000000000000000e+03 2.393777242816306059e-11
1.962000000000000000e+03 2.393441050802287796e-11
1.963000000000000000e+03 2.393553247963216994e-11
1.964000000000000000e+03 2.393483863755026116e-11
1.965000000000000000e+03 2.393188285171982929e-11
1.966000000000000000e+03 2.393426795386559755e-11
1.967000000000000000e+03 2.392996013271593472e-11
1.968000000000000000e+03 2.393069279521097412e-11
1.969000000000000000e+03 2.393257894567291400e-11
1.970000000000000000e+03 2.394537993969341587e-11
1.971000000000000000e+03 2.394166116775364930e-11
1.972000000000000000e+03 2.394289062997222541e-11
1.973000000000000000e+03 2.392885152235004314e-11
1.974000000000000000e+03 2.393345926805019255e-11
1.975000000000000000e+03 2.393107119367483381e-11
1.976000000000000000e+03 2.394211811856425766e-11
1.977000000000000000e+03 2.393593006195940456e-11
1.978000000000000000e+03 2.394282484977495591e-11
1.979000000000000000e+03 2.393240936726265660e-11
1.980000000000000000e+03 2.393693982230470658e-11
1.981000000000000000e+03 2.393050662544456682e-11
1.982000000000000000e+03 2.394696712358307682e-11
1.983000000000000000e+03 2.393090049755982490e-11
1.984000000000000000e+03 2.393252805109778065e-11
1.985000000000000000e+03 2.394800003850115810e-11
1.986000000000000000e+03 2.392790748328640753e-11
1.987000000000000000e+03 2.393538766894620208e-11
1.988000000000000000e+03 2.393126266693404016e-11
1.989000000000000000e+03 2.392952886588347311e-11
1.990000000000000000e+03 2.393643825588526156e-11
1.991000000000000000e+03 2.394363836925327681e-11
1.992000000000000000e+03 2.393283089234626665e-11
1.993000000000000000e+03 2.393078632521190925e-11
1.994000000000000000e+03 2.394074363447554668e-11
1.995000000000000000e+03 2.393044506880990462e-11
1.996000000000000000e+03 2.392853662438434115e-11
1.997000000000000000e+03 2.392483995140921248e-11
1.998000000000000000e+03 2.393329648771895427e-11
1.999000000000000000e+03 2.392801910599515824e-11
2.000000000000000000e+03 2.392916665315006896e-11
2.001000000000000000e+03 2.393294671793079720e-11
2.002000000000000000e+03 2.393464761037038538e-11
2.003000000000000000e+03 2.392903521544510069e-11
2.004000000000000000e+03 2.394362156650305314e-11
2.005000000000000000e+03 2.393185494762745666e-11
2.006000000000000000e+03 2.394893662916145964e-11
2.007000000000000000e+03 2.392821832003391440e-11
2.008000000000000000e+03 2.392865483894983859e-11
2.009000000000000000e+03 2.392813832597003942e-11
2.010000000000000000e+03 2.392730500771054802e-11
2.011000000000000000e+03 2.392589553506943429e-11
2.012000000000000000e+03 2.392727715897161887e-11
2.013000000000000000e+03 2.393161432963092110e-11
2.014000000000000000e+03 2.393176459353666841e-11
2.015000000000000000e+03 2.392811029974684364e-11
2.016000000000000000e+03 2.393063844657476486e-11
2.017000000000000000e+03 2.393187527227857508e-11
2.018000000000000000e+03 2.392654482060664980e-11
2.019000000000000000e+03 2.392675347201239083e-11
2.020000000000000000e+03 2.392286029360208742e-11
2.021000000000000000e+03 2.392772821362385416e-11
2.022000000000000000e+03 2.393087605372627584e-11
2.023000000000000000e+03 2.392817203773165922e-11
2.024000000000000000e+03 2.393015152647951375e-11
2.025000000000000000e+03 2.392772701379143509e-11
2.026000000000000000e+03 2.392847085741922142e-11
2.027000000000000000e+03 2.392498976939704900e-11
2.028000000000000000e+03 2.392344710910295720e-11
2.029000000000000000e+03 2.392845622460540077e-11
2.030000000000000000e+03 2.392485538681115248e-11
2.031000000000000000e+03 2.392245358887389183e-11
2.032000000000000000e+03 2.392968421591570167e-11
2.033000000000000000e+03 2.392714177200154821e-11
2.034000000000000000e+03 2.392653374945217619e-11
2.035000000000000000e+03 2.392340539616955066e-11
2.036000000000000000e+03 2.392177835819171232e-11
2.037000000000000000e+03 2.392661377611294175e-11
2.038000000000000000e+03 2.392113030578183703e-11
2.039000000000000000e+03 2.392287003764990977e-11
2.040000000000000000e+03 2.393111228603114645e-11
2.041000000000000000e+03 2.392574439096995431e-11
2.042000000000000000e+03 2.392096534265583144e-11
2.043000000000000000e+03 2.393815050010112164e-11
2.044000000000000000e+03 2.392732580555399031e-11
2.045000000000000000e+03 2.392607858224338208e-11
2.046000000000000000e+03 2.392428223110276003e-11
2.047000000000000000e+03 2.392684736820218295e-11
2.048000000000000000e+03 2.391869269560789196e-11
2.049000000000000000e+03 2.392819531768636255e-11
2.050000000000000000e+03 2.391843766566321205e-11
2.051000000000000000e+03 2.392635045981139279e-11
2.052000000000000000e+03 2.393387191519975472e-11
2.053000000000000000e+03 2.392798534370340449e-11
2.054000000000000000e+03 2.392162715959171546e-11
2.055000000000000000e+03 2.392427749004989337e-11
2.056000000000000000e+03 2.392209590286941005e-11
2.057000000000000000e+03 2.392243887625739829e-11
2.058000000000000000e+03 2.392296536829719389e-11
2.059000000000000000e+03 2.392146241001197836e-11
2.060000000000000000e+03 2.392176565218873573e-11
2.061000000000000000e+03 2.393057445969427771e-11
2.062000000000000000e+03 2.392685241045921795e-11
2.063000000000000000e+03 2.393206349858209662e-11
2.064000000000000000e+03 2.392515118364469168e-11
2.065000000000000000e+03 2.391892046796985448e-11
2.066000000000000000e+03 2.392026718569813023e-11
2.067000000000000000e+03 2.392220953108768240e-11
2.068000000000000000e+03 2.392689446704141078e-11
2.069000000000000000e+03 2.391965549562509476e-11
2.070000000000000000e+03 2.391760217027126959e-11
2.071000000000000000e+03 2.391933504198772715e-11
2.072000000000000000e+03 2.392089788362531797e-11
2.073000000000000000e+03 2.391893770879300155e-11
2.074000000000000000e+03 2.392515820732747442e-11
2.075000000000000000e+03 2.391707135440237231e-11
2.076000000000000000e+03 2.391929779177874076e-11
2.077000000000000000e+03 2.391967867278875494e-11
2.078000000000000000e+03 2.391772016569374282e-11
2.079000000000000000e+03 2.392163383822984140e-11
2.080000000000000000e+03 2.392739642678938590e-11
2.081000000000000000e+03 2.391961119489578023e-11
2.082000000000000000e+03 2.392670202267585207e-11
2.083000000000000000e+03 2.392608530282489651e-11
2.084000000000000000e+03 2.391979307159345775e-11
2.085000000000000000e+03 2.392547722638678523e-11
2.086000000000000000e+03 2.392222750866077459e-11
2.087000000000000000e+03 2.392138881242160670e-11
2.088000000000000000e+03 2.392230532024020424e-11
2.089000000000000000e+03 2.393419746549223952e-11
2.090000000000000000e+03 2.392317451986313037e-11
2.091000000000000000e+03 2.392146650229111566e-11
2.092000000000000000e+03 2.391946888224434867e-11
2.093000000000000000e+03 2.391686881611518618e-11
2.094000000000000000e+03 2.391693656310131679e-11
2.095000000000000000e+03 2.392603943722752172e-11
2.096000000000000000e+03 2.392413439374818052e-11
2.097000000000000000e+03 2.391773654329581448e-11
2.098000000000000000e+03 2.392409125105929001e-11
2.099000000000000000e+03 2.391923274870741844e-11
2.100000000000000000e+03 2.391917307077061736e-11
2.101000000000000000e+03 2.391983915280576342e-11
2.102000000000000000e+03 2.391834762317793276e-11
2.103000000000000000e+03 2.391536766514720492e-11
2.104000000000000000e+03 2.391615175024979545e-11
2.105000000000000000e+03 2.392017359095630502e-11
2.106000000000000000e+03 2.391526410688093703e-11
2.107000000000000000e+03 2.391577076089251425e-11
2.108000000000000000e+03 2.391331541027307501e-11
2.109000000000000000e+03 2.391378982639472095e-11
2.110000000000000000e+03 2.391611819729064245e-11
2.111000000000000000e+03 2.391230323832268287e-11
2.112000000000000000e+03 2.391160730933360411e-11
2.113000000000000000e+03 2.391521496906183626e-11
2.114000000000000000e+03 2.391402996595637178e-11
2.115000000000000000e+03 2.391797433371499660e-11
2.116000000000000000e+03 2.391411252426803201e-11
2.117000000000000000e+03 2.392527770620172151e-11
2.118000000000000000e+03 2.391738053892792086e-11
2.119000000000000000e+03 2.391673450421948888e-11
2.120000000000000000e+03 2.392113280539958409e-11
2.121000000000000000e+03 2.392299357627745128e-11
2.122000000000000000e+03 2.391245193425673656e-11
2.123000000000000000e+03 2.391411139310833803e-11
2.124000000000000000e+03 2.391422015325535268e-11
2.125000000000000000e+03 2.391955687600980348e-11
2.126000000000000000e+03 2.391487687230673849e-11
2.127000000000000000e+03 2.391535506133314539e-11
2.128000000000000000e+03 2.391337081330224885e-11
2.129000000000000000e+03 2.391160903902137254e-11
2.130000000000000000e+03 2.391293751838925319e-11
2.131000000000000000e+03 2.391631805661298800e-11
2.132000000000000000e+03 2.392064307615656036e-11
2.133000000000000000e+03 2.393077946732431326e-11
2.134000000000000000e+03 2.391090650461911664e-11
2.135000000000000000e+03 2.391462866064689963e-11
2.136000000000000000e+03 2.391151179278491871e-11
2.137000000000000000e+03 2.391281662502687484e-11
2.138000000000000000e+03 2.391579068479966103e-11
2.139000000000000000e+03 2.392125904119850874e-11
2.140000000000000000e+03 2.391147063266786699e-11
2.141000000000000000e+03 2.391462640606295903e-11
2.142000000000000000e+03 2.390962893426625126e-11
2.143000000000000000e+03 2.391134701012056143e-11
2.144000000000000000e+03 2.391351178244822844e-11
2.145000000000000000e+03 2.390920064536354313e-11
2.146000000000000000e+03 2.391308322417963713e-11
2.147000000000000000e+03 2.391086443666968181e-11
2.148000000000000000e+03 2.391475493709490130e-11
2.149000000000000000e+03 2.391935805682138618e-11
2.150000000000000000e+03 2.390962836375697166e-11
2.151000000000000000e+03 2.391833917585603982e-11
2.152000000000000000e+03 2.391078142678992114e-11
2.153000000000000000e+03 2.391254505700132647e-11
2.154000000000000000e+03 2.391018286955712032e-11
2.155000000000000000e+03 2.391006177946628964e-11
2.156000000000000000e+03 2.391412132106806950e-11
2.157000000000000000e+03 2.391337565558440935e-11
2.158000000000000000e+03 2.391154791154359931e-11
2.159000000000000000e+03 2.390898328762567456e-11
2.160000000000000000e+03 2.391813556047234037e-11
2.161000000000000000e+03 2.391178049146867727e-11
2.162000000000000000e+03 2.391022765370042342e-11
2.163000000000000000e+03 2.391050510586208891e-11
2.164000000000000000e+03 2.390942125828245772e-11
2.165000000000000000e+03 2.391083160977759142e-11
2.166000000000000000e+03 2.391237687509103930e-11
2.167000000000000000e+03 2.390857278186322312e-11
2.168000000000000000e+03 2.391074118111069361e-11
2.169000000000000000e+03 2.391981836021093721e-11
2.170000000000000000e+03 2.390975429104589431e-11
2.171000000000000000e+03 2.391850649112848190e-11
2.172000000000000000e+03 2.391181220643885520e-11
2.173000000000000000e+03 2.391026635019625665e-11
2.174000000000000000e+03 2.391524243895259740e-11
2.175000000000000000e+03 2.391239857208980468e-11
2.176000000000000000e+03 2.390872842641442710e-11
2.177000000000000000e+03 2.390690772100627735e-11
2.178000000000000000e+03 2.392182744091405732e-11
2.179000000000000000e+03 2.390967678613959579e-11
2.180000000000000000e+03 2.390929777291799997e-11
2.181000000000000000e+03 2.391088247307628588e-11
2.182000000000000000e+03 2.390518083117577306e-11
2.183000000000000000e+03 2.390607153747151297e-11
2.184000000000000000e+03 2.390664110408722000e-11
2.185000000000000000e+03 2.391039044826760806e-11
2.186000000000000000e+03 2.390700388831016771e-11
2.187000000000000000e+03 2.390860610671701153e-11
2.188000000000000000e+03 2.390966363811481956e-11
2.189000000000000000e+03 2.390661863073924746e-11
2.190000000000000000e+03 2.390885586205700561e-11
2.191000000000000000e+03 2.390809009575021159e-11
2.192000000000000000e+03 2.391351114422307785e-11
2.193000000000000000e+03 2.390995699594248110e-11
2.194000000000000000e+03 2.391321820357849110e-11
2.195000000000000000e+03 2.391035690174754237e-11
2.196000000000000000e+03 2.390879998374128368e-11
2.197000000000000000e+03 2.390553790867918363e-11
2.198000000000000000e+03 2.390602899710572401e-11
2.199000000000000000e+03 2.390720918784657071e-11
2.200000000000000000e+03 2.391630253646337309e-11
2.201000000000000000e+03 2.390421950803683737e-11
2.202000000000000000e+03 2.390934613583885562e-11
2.203000000000000000e+03 2.390688792169439295e-11
2.204000000000000000e+03 2.390416378325938222e-11
2.205000000000000000e+03 2.391016011100957042e-11
2.206000000000000000e+03 2.391161939402702160e-11
2.207000000000000000e+03 2.390508530826892835e-11
2.208000000000000000e+03 2.390235548234828135e-11
2.209000000000000000e+03 2.390486238130252753e-11
2.210000000000000000e+03 2.390483933106222633e-11
2.211000000000000000e+03 2.390472441137717428e-11
2.212000000000000000e+03 2.390227751949327287e-11
2.213000000000000000e+03 2.390348355232815060e-11
2.214000000000000000e+03 2.391283436473259490e-11
2.215000000000000000e+03 2.390599032168113428e-11
2.216000000000000000e+03 2.390244504546216851e-11
2.217000000000000000e+03 2.390848933630610258e-11
2.218000000000000000e+03 2.391288604596448472e-11
2.219000000000000000e+03 2.390976286646219809e-11
2.220000000000000000e+03 2.390875579844387011e-11
2.221000000000000000e+03 2.390843087674099329e-11
2.222000000000000000e+03 2.390797847332882536e-11
2.223000000000000000e+03 2.390720946509930437e-11
2.224000000000000000e+03 2.390439759156637185e-11
2.225000000000000000e+03 2.390344337489091647e-11
2.226000000000000000e+03 2.390149451707276504e-11
2.227000000000000000e+03 2.390716286403850558e-11
2.228000000000000000e+03 2.390367961303305526e-11
2.229000000000000000e+03 2.390325413839392165e-11
2.230000000000000000e+03 2.390291580978703551e-11
2.231000000000000000e+03 2.390128444892135593e-11
2.232000000000000000e+03 2.390295061440679146e-11
2.233000000000000000e+03 2.390716644142857574e-11
2.234000000000000000e+03 2.390257134871892904e-11
2.235000000000000000e+03 2.390240810898948572e-11
2.236000000000000000e+03 2.390762803505993600e-11
2.237000000000000000e+03 2.391412754712456934e-11
2.238000000000000000e+03 2.390195331291549089e-11
2.239000000000000000e+03 2.390360758426061530e-11
2.240000000000000000e+03 2.390483242500446530e-11
2.241000000000000000e+03 2.390430362986034678e-11
2.242000000000000000e+03 2.390666771951273530e-11
2.243000000000000000e+03 2.390581645009377351e-11
2.244000000000000000e+03 2.390127194665868663e-11
2.245000000000000000e+03 2.390483481141947269e-11
2.246000000000000000e+03 2.389996872686197716e-11
2.247000000000000000e+03 2.391260832216139772e-11
2.248000000000000000e+03 2.390241913013332390e-11
2.249000000000000000e+03 2.390686922659683931e-11
2.250000000000000000e+03 2.390231561764388703e-11
2.251000000000000000e+03 2.390203638962511195e-11
2.252000000000000000e+03 2.390153380596263735e-11
2.253000000000000000e+03 2.391027787519799441e-11
2.254000000000000000e+03 2.390190796397718818e-11
2.255000000000000000e+03 2.389991865891381403e-11
2.256000000000000000e+03 2.389955384070929041e-11
2.257000000000000000e+03 2.389916976767302731e-11
2.258000000000000000e+03 2.389831146948540478e-11
2.259000000000000000e+03 2.390030801388318577e-11
2.260000000000000000e+03 2.390098651076266699e-11
2.261000000000000000e+03 2.389931426370973621e-11
2.262000000000000000e+03 2.389920351151644004e-11
2.263000000000000000e+03 2.390031272041523991e-11
2.264000000000000000e+03 2.390011382281104081e-11
2.265000000000000000e+03 2.390567576707026896e-11
2.266000000000000000e+03 2.389951749837804311e-11
2.267000000000000000e+03 2.389872276170259643e-11
2.268000000000000000e+03 2.390259085348538117e-11
2.269000000000000000e+03 2.390670907218470603e-11
2.270000000000000000e+03 2.390493199963750743e-11
2.271000000000000000e+03 2.390025088797960095e-11
2.272000000000000000e+03 2.390155545020462783e-11
2.273000000000000000e+03 2.390729237309224662e-11
2.274000000000000000e+03 2.389701716100947493e-11
2.275000000000000000e+03 2.389915309428607723e-11
2.276000000000000000e+03 2.389888664652391065e-11
2.277000000000000000e+03 2.390316653479969700e-11
2.278000000000000000e+03 2.389842086290116519e-11
2.279000000000000000e+03 2.389718898812926564e-11
2.280000000000000000e+03 2.389794891433761984e-11
2.281000000000000000e+03 2.389927971436896467e-11
2.282000000000000000e+03 2.389742797110223966e-11
2.283000000000000000e+03 2.389883003930044573e-11
2.284000000000000000e+03 2.389810594300501816e-11
2.285000000000000000e+03 2.390073927534958780e-11
2.286000000000000000e+03 2.389933491986257440e-11
2.287000000000000000e+03 2.390035793998856618e-11
2.288000000000000000e+03 2.389920002207413515e-11
2.289000000000000000e+03 2.389686193122272457e-11
2.290000000000000000e+03 2.389932178591715861e-11
2.291000000000000000e+03 2.389707043508543266e-11
2.292000000000000000e+03 2.389872235611171798e-11
2.293000000000000000e+03 2.389668862875622398e-11
2.294000000000000000e+03 2.390779249292353457e-11
2.295000000000000000e+03 2.389799018768225251e-11
2.296000000000000000e+03 2.389613025805659702e-11
2.297000000000000000e+03 2.389552922608860808e-11
2.298000000000000000e+03 2.390305221690048946e-11
2.299000000000000000e+03 2.389652112456887440e-11
2.300000000000000000e+03 2.389943073530526456e-11
2.301000000000000000e+03 2.389748617324214426e-11
2.302000000000000000e+03 2.389786569617317993e-11
2.303000000000000000e+03 2.389933902105776874e-11
2.304000000000000000e+03 2.389630023302686898e-11
2.305000000000000000e+03 2.389895282752289287e-11
2.306000000000000000e+03 2.390103851569626068e-11
2.307000000000000000e+03 2.390005931793915465e-11
2.308000000000000000e+03 2.389589274279577895e-11
2.309000000000000000e+03 2.389537577023081575e-11
2.310000000000000000e+03 2.389674115560201332e-11
2.311000000000000000e+03 2.389589810972276827e-11
2.312000000000000000e+03 2.390363685806881115e-11
2.313000000000000000e+03 2.389995487586770938e-11
2.314000000000000000e+03 2.389849608728465452e-11
2.315000000000000000e+03 2.389688943801990326e-11
2.316000000000000000e+03 2.389565716076604805e-11
2.317000000000000000e+03 2.389623550181621498e-11
2.318000000000000000e+03 2.389875829962583332e-11
2.319000000000000000e+03 2.389297282250853254e-11
2.320000000000000000e+03 2.389728336867684647e-11
2.321000000000000000e+03 2.389605143018264576e-11
2.322000000000000000e+03 2.389425525244696514e-11
2.323000000000000000e+03 2.389394650477318230e-11
2.324000000000000000e+03 2.389571032017920508e-11
2.325000000000000000e+03 2.389555349316843962e-11
2.326000000000000000e+03 2.389859180885957377e-11
2.327000000000000000e+03 2.389655575827723781e-11
2.328000000000000000e+03 2.389429635709795403e-11
2.329000000000000000e+03 2.389270336773707482e-11
2.330000000000000000e+03 2.389394364267497434e-11
2.331000000000000000e+03 2.389209479838595593e-11
2.332000000000000000e+03 2.389821702762341000e-11
2.333000000000000000e+03 2.389725667701239472e-11
2.334000000000000000e+03 2.389933060173249511e-11
2.335000000000000000e+03 2.389385125871658971e-11
2.336000000000000000e+03 2.389456645220485518e-11
2.337000000000000000e+03 2.389354262603907122e-11
2.338000000000000000e+03 2.389211329736724845e-11
2.339000000000000000e+03 2.390927612009909650e-11
2.340000000000000000e+03 2.389595213107973044e-11
2.341000000000000000e+03 2.389397771082298928e-11
2.342000000000000000e+03 2.389817024550590984e-11
2.343000000000000000e+03 2.389330373836570481e-11
2.344000000000000000e+03 2.389130826127544283e-11
2.345000000000000000e+03 2.389335765186205034e-11
2.346000000000000000e+03 2.389234569222236120e-11
2.347000000000000000e+03 2.389447954154544222e-11
2.348000000000000000e+03 2.389373909373541651e-11
2.349000000000000000e+03 2.389401103411366806e-11
2.350000000000000000e+03 2.389482598133691352e-11
2.351000000000000000e+03 2.389162458494826469e-11
2.352000000000000000e+03 2.389320499288889919e-11
2.353000000000000000e+03 2.389206553530980814e-11
2.354000000000000000e+03 2.389475960035216773e-11
2.355000000000000000e+03 2.389165778322560915e-11
2.356000000000000000e+03 2.389277708131456011e-11
2.357000000000000000e+03 2.389293988655222601e-11
2.358000000000000000e+03 2.389229903084827611e-11
2.359000000000000000e+03 2.389647252425854699e-11
2.360000000000000000e+03 2.389334234463431503e-11
2.361000000000000000e+03 2.389233351493983247e-11
2.362000000000000000e+03 2.389119020250616966e-11
2.363000000000000000e+03 2.389135042216534354e-11
2.364000000000000000e+03 2.389010410523074092e-11
2.365000000000000000e+03 2.389157526367894761e-11
2.366000000000000000e+03 2.389010323481081604e-11
2.367000000000000000e+03 2.389166353135790165e-11
2.368000000000000000e+03 2.389308149564061546e-11
2.369000000000000000e+03 2.389164273914903921e-11
2.370000000000000000e+03 2.389298806328368906e-11
2.371000000000000000e+03 2.389093920555839878e-11
2.372000000000000000e+03 2.390099127684840036e-11
2.373000000000000000e+03 2.389422874590040337e-11
2.374000000000000000e+03 2.389777732859738753e-11
2.375000000000000000e+03 2.389134910777956365e-11
2.376000000000000000e+03 2.389220445334392494e-11
2.377000000000000000e+03 2.389133309475643254e-11
2.378000000000000000e+03 2.389425694955051242e-11
2.379000000000000000e+03 2.389454778855235280e-11
2.380000000000000000e+03 2.389390371772223387e-11
2.381000000000000000e+03 2.389369021286345204e-11
2.382000000000000000e+03 2.389163490452739663e-11
2.383000000000000000e+03 2.388876473735470943e-11
2.384000000000000000e+03 2.389158783859070584e-11
2.385000000000000000e+03 2.389168482004069053e-11
2.386000000000000000e+03 2.389755024769466604e-11
2.387000000000000000e+03 2.389046396257957759e-11
2.388000000000000000e+03 2.388997670840658857e-11
2.389000000000000000e+03 2.389176155540504860e-11
2.390000000000000000e+03 2.388919749198188932e-11
2.391000000000000000e+03 2.388929543507533510e-11
2.392000000000000000e+03 2.389190249688416637e-11
2.393000000000000000e+03 2.388996583384140383e-11
2.394000000000000000e+03 2.388912963658211043e-11
2.395000000000000000e+03 2.389200950728126482e-11
2.396000000000000000e+03 2.388986982912554974e-11
2.397000000000000000e+03 2.389217154476072772e-11
2.398000000000000000e+03 2.389105360042735039e-11
2.399000000000000000e+03 2.388988492910625865e-11
2.400000000000000000e+03 2.389024838763109297e-11
2.401000000000000000e+03 2.389171364815322222e-11
2.402000000000000000e+03 2.388864011142848359e-11
2.403000000000000000e+03 2.388773421100396272e-11
2.404000000000000000e+03 2.389257290427116315e-11
2.405000000000000000e+03 2.389115703517358407e-11
2.406000000000000000e+03 2.389238766850139810e-11
2.407000000000000000e+03 2.388931185570140010e-11
2.408000000000000000e+03 2.388647496074276600e-11
2.409000000000000000e+03 2.388649129469850401e-11
2.410000000000000000e+03 2.389447556591310154e-11
2.411000000000000000e+03 2.388815311152840117e-11
2.412000000000000000e+03 2.388879308559626745e-11
2.413000000000000000e+03 2.388798290745311686e-11
2.414000000000000000e+03 2.389050001789638742e-11
2.415000000000000000e+03 2.388785237655841756e-11
2.416000000000000000e+03 2.388621185177950472e-11
2.417000000000000000e+03 2.388797714440089009e-11
2.418000000000000000e+03 2.388763176488862647e-11
2.419000000000000000e+03 2.388722510559584634e-11
2.420000000000000000e+03 2.389591579654660235e-11
2.421000000000000000e+03 2.388740465573910555e-11
2.422000000000000000e+03 2.388767428960860757e-11
2.423000000000000000e+03 2.389025727639109976e-11
2.424000000000000000e+03 2.389045502852872778e-11
2.425000000000000000e+03 2.388627882073780084e-11
2.426000000000000000e+03 2.388571139130941795e-11
2.427000000000000000e+03 2.388656047580369666e-11
2.428000000000000000e+03 2.388712765229973545e-11
2.429000000000000000e+03 2.388649211768968587e-11
2.430000000000000000e+03 2.389002070518303296e-11
2.431000000000000000e+03 2.388829879374930753e-11
2.432000000000000000e+03 2.388641857246688448e-11
2.433000000000000000e+03 2.388697494849998023e-11
2.434000000000000000e+03 2.388659218248038406e-11
2.435000000000000000e+03 2.388521772550178741e-11
2.436000000000000000e+03 2.388620802479954636e-11
2.437000000000000000e+03 2.388635034952664195e-11
2.438000000000000000e+03 2.388647105619162571e-11
2.439000000000000000e+03 2.388755900867989766e-11
2.440000000000000000e+03 2.388576010380045815e-11
2.441000000000000000e+03 2.388778241801042036e-11
2.442000000000000000e+03 2.388799405041949830e-11
2.443000000000000000e+03 2.388553564473812392e-11
2.444000000000000000e+03 2.388675227276515617e-11
2.445000000000000000e+03 2.388590280529237692e-11
2.446000000000000000e+03 2.388782447020028414e-11
2.447000000000000000e+03 2.388544154615968934e-11
2.448000000000000000e+03 2.388933004771384442e-11
2.449000000000000000e+03 2.388960517076367857e-11
2.450000000000000000e+03 2.388916594451972100e-11
2.451000000000000000e+03 2.388784885410804225e-11
2.452000000000000000e+03 2.388649950490835381e-11
2.453000000000000000e+03 2.388883609327175287e-11
2.454000000000000000e+03 2.388724243323631944e-11
2.455000000000000000e+03 2.388619127126540268e-11
2.456000000000000000e+03 2.388587176882313227e-11
2.457000000000000000e+03 2.388472533092489992e-11
2.458000000000000000e+03 2.388476885154847318e-11
2.459000000000000000e+03 2.388767140018099194e-11
2.460000000000000000e+03 2.388448126525390473e-11
2.461000000000000000e+03 2.388579874464127918e-11
2.462000000000000000e+03 2.388842703216367180e-11
2.463000000000000000e+03 2.388384262262241477e-11
2.464000000000000000e+03 2.388366722339597943e-11
2.465000000000000000e+03 2.388586816543031966e-11
2.466000000000000000e+03 2.388632425726264293e-11
2.467000000000000000e+03 2.388595453548323897e-11
2.468000000000000000e+03 2.388363945112128683e-11
2.469000000000000000e+03 2.388680081674897520e-11
2.470000000000000000e+03 2.388421661138615753e-11
2.471000000000000000e+03 2.388592259015529333e-11
2.472000000000000000e+03 2.388723937321008248e-11
2.473000000000000000e+03 2.388638238193110872e-11
2.474000000000000000e+03 2.388539488881922450e-11
2.475000000000000000e+03 2.388385344025605051e-11
2.476000000000000000e+03 2.388404721663021357e-11
2.477000000000000000e+03 2.388620382592280028e-11
2.478000000000000000e+03 2.388535777122091293e-11
2.479000000000000000e+03 2.388452052854891219e-11
2.480000000000000000e+03 2.388386716037724621e-11
2.481000000000000000e+03 2.388308570207517978e-11
2.482000000000000000e+03 2.388346748230674643e-11
2.483000000000000000e+03 2.388721122196560370e-11
2.484000000000000000e+03 2.388155855374703028e-11
2.485000000000000000e+03 2.388434332181050938e-11
2.486000000000000000e+03 2.388344519382937888e-11
2.487000000000000000e+03 2.388275219448070668e-11
2.488000000000000000e+03 2.388485238866016697e-11
2.489000000000000000e+03 2.388071808672510520e-11
2.490000000000000000e+03 2.388218808703212369e-11
2.491000000000000000e+03 2.388917367036974967e-11
2.492000000000000000e+03 2.389028262353238304e-11
2.493000000000000000e+03 2.388408256813110958e-11
2.494000000000000000e+03 2.388291324983034308e-11
2.495000000000000000e+03 2.388325991406236495e-11
2.496000000000000000e+03 2.388704151830367733e-11
2.497000000000000000e+03 2.388218525735496581e-11
2.498000000000000000e+03 2.388415693372641995e-11
2.499000000000000000e+03 2.388723844108341771e-11
2.500000000000000000e+03 2.388327847403938716e-11
2.501000000000000000e+03 2.388109653036796406e-11
2.502000000000000000e+03 2.388106980828320533e-11
2.503000000000000000e+03 2.388260001852871086e-11
2.504000000000000000e+03 2.388220606032871796e-11
2.505000000000000000e+03 2.388307061392728953e-11
2.506000000000000000e+03 2.388294165703893478e-11
2.507000000000000000e+03 2.388063096518191781e-11
2.508000000000000000e+03 2.388159046039714461e-11
2.509000000000000000e+03 2.388186908785808941e-11
2.510000000000000000e+03 2.388235951976732346e-11
2.511000000000000000e+03 2.388339593909281894e-11
2.512000000000000000e+03 2.388123351020132811e-11
2.513000000000000000e+03 2.388045663877005332e-11
2.514000000000000000e+03 2.388231160134025146e-11
2.515000000000000000e+03 2.388124986523344718e-11
2.516000000000000000e+03 2.388169428464211708e-11
2.517000000000000000e+03 2.388330012259167364e-11
2.518000000000000000e+03 2.388213900813433227e-11
2.519000000000000000e+03 2.388129202004887275e-11
2.520000000000000000e+03 2.388578345599576213e-11
2.521000000000000000e+03 2.388215343513571620e-11
2.522000000000000000e+03 2.388230887013375300e-11
2.523000000000000000e+03 2.388164113257162909e-11
2.524000000000000000e+03 2.387976751066454632e-11
2.525000000000000000e+03 2.387992579466498071e-11
2.526000000000000000e+03 2.388748698261040929e-11
2.527000000000000000e+03 2.388119447360944285e-11
2.528000000000000000e+03 2.388019924215459855e-11
2.529000000000000000e+03 2.388357940521355537e-11
2.530000000000000000e+03 2.387915197668694279e-11
2.531000000000000000e+03 2.388007257551044790e-11
2.532000000000000000e+03 2.388092822501272223e-11
2.533000000000000000e+03 2.388387644066873967e-11
2.534000000000000000e+03 2.388237079623067467e-11
2.535000000000000000e+03 2.388018733472294580e-11
2.536000000000000000e+03 2.388054216706837472e-11
2.537000000000000000e+03 2.387937047785255994e-11
2.538000000000000000e+03 2.388412810783067091e-11
2.539000000000000000e+03 2.388246410464911688e-11
2.540000000000000000e+03 2.387820805972331461e-11
2.541000000000000000e+03 2.388352996059235116e-11
2.542000000000000000e+03 2.388011058508410639e-11
2.543000000000000000e+03 2.388336544470996192e-11
2.544000000000000000e+03 2.388230408964355784e-11
2.545000000000000000e+03 2.387929447925625772e-11
2.546000000000000000e+03 2.388397659747076344e-11
2.547000000000000000e+03 2.387946229296130270e-11
2.548000000000000000e+03 2.387961649670877192e-11
2.549000000000000000e+03 2.387966343030658134e-11
2.550000000000000000e+03 2.387804618365774388e-11
2.551000000000000000e+03 2.387704678205426864e-11
2.552000000000000000e+03 2.387901997306756690e-11
2.553000000000000000e+03 2.387955641423718554e-11
2.554000000000000000e+03 2.388003496387552665e-11
2.555000000000000000e+03 2.388021002348643729e-11
2.556000000000000000e+03 2.388007105493503047e-11
2.557000000000000000e+03 2.388006770360583815e-11
2.558000000000000000e+03 2.387911877994307810e-11
2.559000000000000000e+03 2.387988520746917355e-11
2.560000000000000000e+03 2.387930239147575234e-11
2.561000000000000000e+03 2.388115378448831137e-11
2.562000000000000000e+03 2.388145082134843285e-11
2.563000000000000000e+03 2.387854762171483939e-11
2.564000000000000000e+03 2.387887734278387567e-11
2.565000000000000000e+03 2.388282600378965895e-11
2.566000000000000000e+03 2.387988021486310551e-11
2.567000000000000000e+03 2.387812721183680003e-11
2.568000000000000000e+03 2.387756386800938608e-11
2.569000000000000000e+03 2.387940491934205293e-11
2.570000000000000000e+03 2.387984528605750604e-11
2.571000000000000000e+03 2.388072864759273457e-11
2.572000000000000000e+03 2.387896535390051335e-11
2.573000000000000000e+03 2.387705221053727650e-11
2.574000000000000000e+03 2.387805386593743611e-11
2.575000000000000000e+03 2.387877337706309464e-11
2.576000000000000000e+03 2.387636960418022240e-11
2.577000000000000000e+03 2.387902783797271176e-11
2.578000000000000000e+03 2.387701331202074108e-11
2.579000000000000000e+03 2.387868848290291814e-11
2.580000000000000000e+03 2.387745636937346118e-11
2.581000000000000000e+03 2.387897559838303556e-11
2.582000000000000000e+03 2.387771443753369325e-11
2.583000000000000000e+03 2.387907698609286071e-11
2.584000000000000000e+03 2.388269592229110353e-11
2.585000000000000000e+03 2.387628769868556005e-11
2.586000000000000000e+03 2.387602809134186550e-11
2.587000000000000000e+03 2.387674855188542693e-11
2.588000000000000000e+03 2.387710428652114177e-11
2.589000000000000000e+03 2.387672253300474948e-11
2.590000000000000000e+03 2.387743139911265126e-11
2.591000000000000000e+03 2.387694178384786518e-11
2.592000000000000000e+03 2.387975110225665628e-11
2.593000000000000000e+03 2.387607295877660819e-11
2.594000000000000000e+03 2.387679623954250124e-11
2.595000000000000000e+03 2.388130418467531839e-11
2.596000000000000000e+03 2.388036220940864137e-11
2.597000000000000000e+03 2.388005449875540497e-11
2.598000000000000000e+03 2.388119660847669339e-11
2.599000000000000000e+03 2.387781108320324367e-11
2.600000000000000000e+03 2.387722738846495802e-11
2.601000000000000000e+03 2.387698286644648066e-11
2.602000000000000000e+03 2.388081558093756291e-11
2.603000000000000000e+03 2.387726027793587901e-11
2.604000000000000000e+03 2.387550867037557768e-11
2.605000000000000000e+03 2.387594913582495660e-11
2.606000000000000000e+03 2.387657601887901145e-11
2.607000000000000000e+03 2.387449996708391838e-11
2.608000000000000000e+03 2.388269656358186625e-11
2.609000000000000000e+03 2.387504300988768783e-11
2.610000000000000000e+03 2.387747771147389704e-11
2.611000000000000000e+03 2.387457028553723075e-11
2.612000000000000000e+03 2.387907848785757386e-11
2.613000000000000000e+03 2.387997073584013820e-11
2.614000000000000000e+03 2.387596089278304675e-11
2.615000000000000000e+03 2.388063662321904539e-11
2.616000000000000000e+03 2.387750927162840222e-11
2.617000000000000000e+03 2.387462611024691854e-11
2.618000000000000000e+03 2.387744310696620802e-11
2.619000000000000000e+03 2.387562874379163570e-11
2.620000000000000000e+03 2.387454728326064194e-11
2.621000000000000000e+03 2.387560245070406517e-11
2.622000000000000000e+03 2.387539010816591789e-11
2.623000000000000000e+03 2.387586571791577611e-11
2.624000000000000000e+03 2.387848212066435005e-11
2.625000000000000000e+03 2.387582012890089896e-11
2.626000000000000000e+03 2.387599045121534782e-11
2.627000000000000000e+03 2.387718464124136669e-11
2.628000000000000000e+03 2.387412901117590761e-11
2.629000000000000000e+03 2.387600115364867702e-11
2.630000000000000000e+03 2.387776829019523451e-11
2.631000000000000000e+03 2.387815506562982211e-11
2.632000000000000000e+03 2.387522850911582861e-11
2.633000000000000000e+03 2.387431860829593895e-11
2.634000000000000000e+03 2.387400769042631888e-11
2.635000000000000000e+03 2.387426248607138589e-11
2.636000000000000000e+03 2.387850449590359992e-11
2.637000000000000000e+03 2.387462791958606981e-11
2.638000000000000000e+03 2.387517873662956864e-11
2.639000000000000000e+03 2.387392829148202693e-11
2.640000000000000000e+03 2.387392230351683252e-11
2.641000000000000000e+03 2.387388093598009337e-11
2.642000000000000000e+03 2.387452390343593193e-11
2.643000000000000000e+03 2.387491227557328160e-11
2.644000000000000000e+03 2.387237511128538515e-11
2.645000000000000000e+03 2.387382839410330785e-11
2.646000000000000000e+03 2.387549826388457878e-11
2.647000000000000000e+03 2.387523341970829923e-11
2.648000000000000000e+03 2.387385457273274026e-11
2.649000000000000000e+03 2.387847760020545349e-11
2.650000000000000000e+03 2.387309936518838158e-11
2.651000000000000000e+03 2.387818864203704454e-11
2.652000000000000000e+03 2.387675163057740477e-11
2.653000000000000000e+03 2.387345106989822467e-11
2.654000000000000000e+03 2.387375159850436198e-11
2.655000000000000000e+03 2.387484009862021400e-11
2.656000000000000000e+03 2.387416145491292995e-11
2.657000000000000000e+03 2.387393010632731563e-11
2.658000000000000000e+03 2.387369776992772553e-11
2.659000000000000000e+03 2.387431043804511013e-11
2.660000000000000000e+03 2.387460724090385287e-11
2.661000000000000000e+03 2.387331358337709538e-11
2.662000000000000000e+03 2.387547005967298856e-11
2.663000000000000000e+03 2.387627363679690989e-11
2.664000000000000000e+03 2.387530306392387026e-11
2.665000000000000000e+03 2.387327779047195792e-11
2.666000000000000000e+03 2.387436671131861393e-11
2.667000000000000000e+03 2.387216108229971557e-11
2.668000000000000000e+03 2.387228651897270794e-11
2.669000000000000000e+03 2.387546697504259386e-11
2.670000000000000000e+03 2.387411776508150385e-11
2.671000000000000000e+03 2.387454801708401236e-11
2.672000000000000000e+03 2.387280280801644947e-11
2.673000000000000000e+03 2.387228066853281412e-11
2.674000000000000000e+03 2.387349626254017548e-11
2.675000000000000000e+03 2.387416392625458698e-11
2.676000000000000000e+03 2.387566523111697504e-11
2.677000000000000000e+03 2.387258938612463594e-11
2.678000000000000000e+03 2.387278638078857522e-11
2.679000000000000000e+03 2.387363422188786940e-11
2.680000000000000000e+03 2.387274863147414883e-11
2.681000000000000000e+03 2.387414801827342873e-11
2.682000000000000000e+03 2.387139341738894931e-11
2.683000000000000000e+03 2.387346467774941407e-11
2.684000000000000000e+03 2.387179062137852852e-11
2.685000000000000000e+03 2.387168475758575577e-11
2.686000000000000000e+03 2.387085973945749362e-11
2.687000000000000000e+03 2.387166530467980897e-11
2.688000000000000000e+03 2.387206374757178678e-11
2.689000000000000000e+03 2.387549079967184248e-11
2.690000000000000000e+03 2.387185207139951331e-11
2.691000000000000000e+03 2.387258515798984274e-11
2.692000000000000000e+03 2.387209339322128786e-11
2.693000000000000000e+03 2.387086187473215645e-11
2.694000000000000000e+03 2.387234325523551478e-11
2.695000000000000000e+03 2.387158759252449041e-11
2.696000000000000000e+03 2.387283025648822490e-11
2.697000000000000000e+03 2.387246339825956452e-11
2.698000000000000000e+03 2.387627740665364923e-11
2.699000000000000000e+03 2.387393767562437578e-11
2.700000000000000000e+03 2.387079365198136090e-11
2.701000000000000000e+03 2.387438461848365303e-11
2.702000000000000000e+03 2.387102247646599388e-11
2.703000000000000000e+03 2.387486663699272110e-11
2.704000000000000000e+03 2.387564663305331657e-11
2.705000000000000000e+03 2.387448958403248770e-11
2.706000000000000000e+03 2.387144554079009340e-11
2.707000000000000000e+03 2.386999978444588050e-11
2.708000000000000000e+03 2.387124213684970759e-11
2.709000000000000000e+03 2.387392647061296343e-11
2.710000000000000000e+03 2.387103265312730235e-11
2.711000000000000000e+03 2.387194525550706879e-11
2.712000000000000000e+03 2.387099002223386548e-11
2.713000000000000000e+03 2.387193396698353734e-11
2.714000000000000000e+03 2.387036209227783891e-11
2.715000000000000000e+03 2.387103824261767217e-11
2.716000000000000000e+03 2.387001040197490039e-11
2.717000000000000000e+03 2.387032084153807814e-11
2.718000000000000000e+03 2.387116139476628512e-11
2.719000000000000000e+03 2.387030920629357606e-11
2.720000000000000000e+03 2.387157887685416584e-11
2.721000000000000000e+03 2.386971115954535118e-11
2.722000000000000000e+03 2.387252416031550983e-11
2.723000000000000000e+03 2.387014461705055455e-11
2.724000000000000000e+03 2.387004787072510155e-11
2.725000000000000000e+03 2.386956785456027419e-11
2.726000000000000000e+03 2.386949245313206134e-11
2.727000000000000000e+03 2.387164750778666645e-11
2.728000000000000000e+03 2.387037695280190001e-11
2.729000000000000000e+03 2.386965344600101083e-11
2.730000000000000000e+03 2.387086529174792278e-11
2.731000000000000000e+03 2.386957669362199347e-11
2.732000000000000000e+03 2.386917970560839331e-11
2.733000000000000000e+03 2.387250931204925082e-11
2.734000000000000000e+03 2.386955996487196454e-11
2.735000000000000000e+03 2.387003474117973086e-11
2.736000000000000000e+03 2.387176321682796597e-11
2.737000000000000000e+03 2.387165363527088643e-11
2.738000000000000000e+03 2.387086353480370013e-11
2.739000000000000000e+03 2.386839556152588317e-11
2.740000000000000000e+03 2.386941492826825662e-11
2.741000000000000000e+03 2.387201748863158071e-11
2.742000000000000000e+03 2.386906245076349808e-11
2.743000000000000000e+03 2.386851208715450350e-11
2.744000000000000000e+03 2.386914680750300243e-11
2.745000000000000000e+03 2.387083179297267681e-11
2.746000000000000000e+03 2.387002137943705587e-11
2.747000000000000000e+03 2.386992324406265588e-11
2.748000000000000000e+03 2.386961141862380277e-11
2.749000000000000000e+03 2.386823429684357817e-11
2.750000000000000000e+03 2.387014052579464290e-11
2.751000000000000000e+03 2.386880637820939361e-11
2.752000000000000000e+03 2.386869781543806457e-11
2.753000000000000000e+03 2.386994780796309936e-11
2.754000000000000000e+03 2.387130589682635199e-11
2.755000000000000000e+03 2.386885046329600532e-11
2.756000000000000000e+03 2.386819980523658188e-11
2.757000000000000000e+03 2.387044854430006915e-11
2.758000000000000000e+03 2.386913648368689953e-11
2.759000000000000000e+03 2.386868524105903650e-11
2.760000000000000000e+03 2.386877043547934209e-11
2.761000000000000000e+03 2.386826514626305574e-11
2.762000000000000000e+03 2.387364075547536421e-11
2.763000000000000000e+03 2.387059527811546530e-11
2.764000000000000000e+03 2.387091078407575193e-11
2.765000000000000000e+03 2.386788030821124266e-11
2.766000000000000000e+03 2.386854030729206054e-11
2.767000000000000000e+03 2.386846381756635568e-11
2.768000000000000000e+03 2.386810371677848122e-11
2.769000000000000000e+03 2.386842622258843182e-11
2.770000000000000000e+03 2.386780223187824692e-11
2.771000000000000000e+03 2.387215768579953094e-11
2.772000000000000000e+03 2.386986319891029543e-11
2.773000000000000000e+03 2.386801789016953712e-11
2.774000000000000000e+03 2.386844217015177212e-11
2.775000000000000000e+03 2.386743238725968826e-11
2.776000000000000000e+03 2.386998411201921014e-11
2.777000000000000000e+03 2.386816528506130694e-11
2.778000000000000000e+03 2.386853505498415736e-11
2.779000000000000000e+03 2.386650347260307547e-11
2.780000000000000000e+03 2.386834305757413320e-11
2.781000000000000000e+03 2.387177833366870311e-11
2.782000000000000000e+03 2.386774779350102560e-11
2.783000000000000000e+03 2.386929978178823301e-11
2.784000000000000000e+03 2.386865617501799886e-11
2.785000000000000000e+03 2.387269022489790000e-11
2.786000000000000000e+03 2.386683678576444489e-11
2.787000000000000000e+03 2.387100142671711667e-11
2.788000000000000000e+03 2.386753152319617420e-11
2.789000000000000000e+03 2.386728060231096936e-11
2.790000000000000000e+03 2.386697330272753590e-11
2.791000000000000000e+03 2.386830256800884461e-11
2.792000000000000000e+03 2.386759964804142331e-11
2.793000000000000000e+03 2.386827627506060878e-11
2.794000000000000000e+03 2.386976330559513019e-11
2.795000000000000000e+03 2.386778716769859670e-11
2.796000000000000000e+03 2.386654327924447342e-11
2.797000000000000000e+03 2.386692776901369905e-11
2.798000000000000000e+03 2.386752076679930728e-11
2.799000000000000000e+03 2.386754223381969976e-11
2.800000000000000000e+03 2.386696391570420421e-11
2.801000000000000000e+03 2.386815745799151316e-11
2.802000000000000000e+03 2.386769709294793885e-11
2.803000000000000000e+03 2.386725917526971516e-11
2.804000000000000000e+03 2.386722687226244262e-11
2.805000000000000000e+03 2.386693192633102031e-11
2.806000000000000000e+03 2.386596506456336722e-11
2.807000000000000000e+03 2.386702737468213771e-11
2.808000000000000000e+03 2.386663197319346580e-11
2.809000000000000000e+03 2.386631800015395060e-11
2.810000000000000000e+03 2.386591692505697367e-11
2.811000000000000000e+03 2.386582602077654264e-11
2.812000000000000000e+03 2.386782909517086261e-11
2.813000000000000000e+03 2.386616650361163643e-11
2.814000000000000000e+03 2.386709241768004452e-11
2.815000000000000000e+03 2.386604958302498221e-11
2.816000000000000000e+03 2.386636592955347971e-11
2.817000000000000000e+03 2.386603364467570368e-11
2.818000000000000000e+03 2.386876014443393463e-11
2.819000000000000000e+03 2.386640531129579426e-11
2.820000000000000000e+03 2.386636632106596709e-11
2.821000000000000000e+03 2.386601154432320535e-11
2.822000000000000000e+03 2.386523392385065993e-11
2.823000000000000000e+03 2.386788308799421663e-11
2.824000000000000000e+03 2.387080625122525078e-11
2.825000000000000000e+03 2.386682730894110313e-11
2.826000000000000000e+03 2.386611738640747596e-11
2.827000000000000000e+03 2.386655150303038625e-11
2.828000000000000000e+03 2.386640566555834179e-11
2.829000000000000000e+03 2.386697356038970844e-11
2.830000000000000000e+03 2.386616355024750572e-11
2.831000000000000000e+03 2.386610671399221776e-11
2.832000000000000000e+03 2.386781546677555379e-11
2.833000000000000000e+03 2.386643641483716306e-11
2.834000000000000000e+03 2.386678622336128995e-11
2.835000000000000000e+03 2.386534937511417872e-11
2.836000000000000000e+03 2.386931563659223090e-11
2.837000000000000000e+03 2.386569379088082452e-11
2.838000000000000000e+03 2.386640754096107401e-11
2.839000000000000000e+03 2.386531900932174688e-11
2.840000000000000000e+03 2.386821798310546234e-11
2.841000000000000000e+03 2.386836644576054707e-11
2.842000000000000000e+03 2.386548009866408298e-11
2.843000000000000000e+03 2.386682022288130571e-11
2.844000000000000000e+03 2.386557499600832577e-11
2.845000000000000000e+03 2.386505253530888401e-11
2.846000000000000000e+03 2.386473292483037941e-11
2.847000000000000000e+03 2.386501478209022652e-11
2.848000000000000000e+03 2.386536587937139928e-11
2.849000000000000000e+03 2.386540682703102039e-11
2.850000000000000000e+03 2.386720998028691845e-11
2.851000000000000000e+03 2.386506963616906155e-11
2.852000000000000000e+03 2.386534682289266578e-11
2.853000000000000000e+03 2.386618285801921475e-11
2.854000000000000000e+03 2.386439353057538905e-11
2.855000000000000000e+03 2.386583737618388217e-11
2.856000000000000000e+03 2.386598086941472924e-11
2.857000000000000000e+03 2.386565054330084406e-11
2.858000000000000000e+03 2.386672828147869165e-11
2.859000000000000000e+03 2.386467373566000061e-11
2.860000000000000000e+03 2.386523466775544269e-11
2.861000000000000000e+03 2.386350812261402387e-11
2.862000000000000000e+03 2.386472975256540100e-11
2.863000000000000000e+03 2.386423928546186786e-11
2.864000000000000000e+03 2.386584793367813654e-11
2.865000000000000000e+03 2.386518918670506767e-11
2.866000000000000000e+03 2.386867773099385001e-11
2.867000000000000000e+03 2.386384261787183865e-11
2.868000000000000000e+03 2.386514509865910422e-11
2.869000000000000000e+03 2.386625206050596642e-11
2.870000000000000000e+03 2.386636559127272725e-11
2.871000000000000000e+03 2.386436842104352679e-11
2.872000000000000000e+03 2.386513880458795317e-11
2.873000000000000000e+03 2.386660026677934040e-11
2.874000000000000000e+03 2.386437068511281210e-11
2.875000000000000000e+03 2.386429704730094472e-11
2.876000000000000000e+03 2.386349134496222420e-11
2.877000000000000000e+03 2.386537315379830707e-11
2.878000000000000000e+03 2.386346556770686180e-11
2.879000000000000000e+03 2.386437556439721063e-11
2.880000000000000000e+03 2.386607214805600271e-11
2.881000000000000000e+03 2.386488098441815541e-11
2.882000000000000000e+03 2.386379180370200187e-11
2.883000000000000000e+03 2.386373426958668469e-11
2.884000000000000000e+03 2.386392668843494288e-11
2.885000000000000000e+03 2.386322504890694651e-11
2.886000000000000000e+03 2.386438397719062348e-11
2.887000000000000000e+03 2.386305830904187263e-11
2.888000000000000000e+03 2.386478833971455393e-11
2.889000000000000000e+03 2.386307848098307781e-11
2.890000000000000000e+03 2.386402041032961476e-11
2.891000000000000000e+03 2.386440281746356712e-11
2.892000000000000000e+03 2.386338682431458226e-11
2.893000000000000000e+03 2.386467498028165522e-11
2.894000000000000000e+03 2.386403909288467401e-11
2.895000000000000000e+03 2.386353935605371641e-11
2.896000000000000000e+03 2.386321938638368889e-11
2.897000000000000000e+03 2.386376639632212089e-11
2.898000000000000000e+03 2.386455687881473409e-11
2.899000000000000000e+03 2.386281556531734017e-11
2.900000000000000000e+03 2.386536224896945623e-11
2.901000000000000000e+03 2.386329156954612023e-11
2.902000000000000000e+03 2.386292894246748471e-11
2.903000000000000000e+03 2.386698114946488968e-11
2.904000000000000000e+03 2.386307043072517214e-11
2.905000000000000000e+03 2.386305909582177238e-11
2.906000000000000000e+03 2.386629828759252631e-11
2.907000000000000000e+03 2.386237444980238903e-11
2.908000000000000000e+03 2.386468954267689563e-11
2.909000000000000000e+03 2.386228999475542864e-11
2.910000000000000000e+03 2.386307262492273083e-11
2.911000000000000000e+03 2.386306936331173525e-11
2.912000000000000000e+03 2.386255129914062546e-11
2.913000000000000000e+03 2.386432560524997786e-11
2.914000000000000000e+03 2.386272145995927513e-11
2.915000000000000000e+03 2.386602148315247781e-11
2.916000000000000000e+03 2.386229630181507630e-11
2.917000000000000000e+03 2.386269993991787201e-11
2.918000000000000000e+03 2.386194184442060241e-11
2.919000000000000000e+03 2.386301256122231855e-11
2.920000000000000000e+03 2.386352518213958231e-11
2.921000000000000000e+03 2.386279805646930217e-11
2.922000000000000000e+03 2.386261252634468920e-11
2.923000000000000000e+03 2.386237692579446193e-11
2.924000000000000000e+03 2.386199193556015695e-11
2.925000000000000000e+03 2.386367548921776956e-11
2.926000000000000000e+03 2.386281914648499879e-11
2.927000000000000000e+03 2.386247919311355203e-11
2.928000000000000000e+03 2.386612761756989261e-11
2.929000000000000000e+03 2.386355216677298610e-11
2.930000000000000000e+03 2.386247147903128556e-11
2.931000000000000000e+03 2.386363831046529091e-11
2.932000000000000000e+03 2.386426140978561767e-11
2.933000000000000000e+03 2.386170185506613941e-11
2.934000000000000000e+03 2.386179165684590588e-11
2.935000000000000000e+03 2.386207757051609003e-11
2.936000000000000000e+03 2.386344662565634574e-11
2.937000000000000000e+03 2.386362745025820708e-11
2.938000000000000000e+03 2.386130065599857657e-11
2.939000000000000000e+03 2.386383300845324769e-11
2.940000000000000000e+03 2.386284490079271017e-11
2.941000000000000000e+03 2.386137790542682448e-11
2.942000000000000000e+03 2.386340439115777811e-11
2.943000000000000000e+03 2.386164116418690476e-11
2.944000000000000000e+03 2.386154311586805883e-11
2.945000000000000000e+03 2.386179571036772822e-11
2.946000000000000000e+03 2.386209806891463496e-11
2.947000000000000000e+03 2.386357816501690960e-11
2.948000000000000000e+03 2.386149468345736581e-11
2.949000000000000000e+03 2.386211009982010967e-11
2.950000000000000000e+03 2.386294292893490844e-11
2.951000000000000000e+03 2.386140805343432374e-11
2.952000000000000000e+03 2.386384063538966817e-11
2.953000000000000000e+03 2.386335977284092338e-11
2.954000000000000000e+03 2.386111663941378341e-11
2.955000000000000000e+03 2.386330789246409263e-11
2.956000000000000000e+03 2.386110919443137431e-11
2.957000000000000000e+03 2.386354205178442234e-11
2.958000000000000000e+03 2.386229786062782228e-11
2.959000000000000000e+03 2.386165233768806398e-11
2.960000000000000000e+03 2.386131989305630817e-11
2.961000000000000000e+03 2.386133082428571393e-11
2.962000000000000000e+03 2.386144863896229568e-11
2.963000000000000000e+03 2.386365889008877147e-11
2.964000000000000000e+03 2.386237418621799104e-11
2.965000000000000000e+03 2.386124435790900816e-11
2.966000000000000000e+03 2.386131275714033837e-11
2.967000000000000000e+03 2.386099971305874964e-11
2.968000000000000000e+03 2.386290971736635159e-11
2.969000000000000000e+03 2.386154359047692304e-11
2.970000000000000000e+03 2.386249953741545096e-11
2.971000000000000000e+03 2.386146452060696027e-11
2.972000000000000000e+03 2.386120414231865636e-11
2.973000000000000000e+03 2.386153856778036369e-11
2.974000000000000000e+03 2.386178081256922205e-11
2.975000000000000000e+03 2.386076302926429289e-11
2.976000000000000000e+03 2.386027476743578227e-11
2.977000000000000000e+03 2.386406223509587879e-11
2.978000000000000000e+03 2.386105585164420821e-11
2.979000000000000000e+03 2.386171554551390761e-11
2.980000000000000000e+03 2.386152900217701925e-11
2.981000000000000000e+03 2.386109487693009838e-11
2.982000000000000000e+03 2.386076235868964981e-11
2.983000000000000000e+03 2.386099829533323120e-11
2.984000000000000000e+03 2.386063643452821305e-11
2.985000000000000000e+03 2.386168641157625678e-11
2.986000000000000000e+03 2.386038315515831320e-11
2.987000000000000000e+03 2.386026703756432135e-11
2.988000000000000000e+03 2.386109461533363189e-11
2.989000000000000000e+03 2.386024077802897684e-11
2.990000000000000000e+03 2.386194266724631260e-11
2.991000000000000000e+03 2.386078586488976658e-11
2.992000000000000000e+03 2.386194821990463034e-11
2.993000000000000000e+03 2.386091269616239804e-11
2.994000000000000000e+03 2.386007176794876586e-11
2.995000000000000000e+03 2.385987043591406418e-11
2.996000000000000000e+03 2.386026446106102169e-11
2.997000000000000000e+03 2.386043890563159448e-11
2.998000000000000000e+03 2.386028230163285807e-11
2.999000000000000000e+03 2.386074792722167152e-11
