0.000000000000000000e+00 6.159467978549237888e-02
1.000000000000000000e+00 3.571676068606078475e-03
2.000000000000000000e+00 2.831996219409873769e-03
3.000000000000000000e+00 2.777943484008944634e-03
4.000000000000000000e+00 2.781611127665843414e-03
5.000000000000000000e+00 2.778464208496692588e-03
6.000000000000000000e+00 2.788604904064905920e-03
7.000000000000000000e+00 2.779927639111540779e-03
8.000000000000000000e+00 2.793418729698013154e-03
9.000000000000000000e+00 2.779652980978145581e-03
1.000000000000000000e+01 2.803145899918211073e-03
1.100000000000000000e+01 2.794648775061105411e-03
1.200000000000000000e+01 2.795648463211136518e-03
1.300000000000000000e+01 2.778316303448183106e-03
1.400000000000000000e+01 2.789169234593163234e-03
1.500000000000000000e+01 2.780319959434405467e-03
1.600000000000000000e+01 2.784471859254086454e-03
1.700000000000000000e+01 2.779617285794699390e-03
1.800000000000000000e+01 2.798490639142232027e-03
1.900000000000000000e+01 2.789539358888456014e-03
2.000000000000000000e+01 2.779378271549332816e-03
2.100000000000000000e+01 2.785146730017543440e-03
2.200000000000000000e+01 2.786100441950373121e-03
2.300000000000000000e+01 2.778607958318276075e-03
2.400000000000000000e+01 2.784442074170879761e-03
2.500000000000000000e+01 2.807261072590544818e-03
2.600000000000000000e+01 2.799724084666787866e-03
2.700000000000000000e+01 2.788760222160638780e-03
2.800000000000000000e+01 2.779857914413510350e-03
2.900000000000000000e+01 2.774814050693053934e-03
3.000000000000000000e+01 2.783857048677995921e-03
3.100000000000000000e+01 2.797096535562084915e-03
3.200000000000000000e+01 2.780024854858276911e-03
3.300000000000000000e+01 2.785237146050317542e-03
3.400000000000000000e+01 2.794793322427369369e-03
3.500000000000000000e+01 2.855313648638563816e-03
3.600000000000000000e+01 2.777122131159527173e-03
3.700000000000000000e+01 2.801315628028065718e-03
3.800000000000000000e+01 2.763536853885064249e-03
3.900000000000000000e+01 2.763934846121531789e-03
4.000000000000000000e+01 2.765070316967876106e-03
4.100000000000000000e+01 2.809648710240834554e-03
4.200000000000000000e+01 2.754243942074430587e-03
4.300000000000000000e+01 2.753032716127050330e-03
4.400000000000000000e+01 2.719315237617776944e-03
4.500000000000000000e+01 2.746214856997714841e-03
4.600000000000000000e+01 2.613421020010380392e-03
4.700000000000000000e+01 2.555911924782154187e-03
4.800000000000000000e+01 2.368683043421505874e-03
4.900000000000000000e+01 2.301204306589039583e-03
5.000000000000000000e+01 2.051636411247774461e-03
5.100000000000000000e+01 2.083784964260316543e-03
5.200000000000000000e+01 1.808398981794380293e-03
5.300000000000000000e+01 1.710622050246936353e-03
5.400000000000000000e+01 1.652123607510077967e-03
5.500000000000000000e+01 1.709059378488148127e-03
5.600000000000000000e+01 1.702715690677898165e-03
5.700000000000000000e+01 1.671437997815362030e-03
5.800000000000000000e+01 1.695033813385391462e-03
5.900000000000000000e+01 1.698032134068692273e-03
6.000000000000000000e+01 1.638125911097164118e-03
6.100000000000000000e+01 1.709635011566661405e-03
6.200000000000000000e+01 1.639484969524856095e-03
6.300000000000000000e+01 1.652494004755635133e-03
6.400000000000000000e+01 1.685096050167009078e-03
6.500000000000000000e+01 1.734667412514726654e-03
6.600000000000000000e+01 1.679266717565250713e-03
6.700000000000000000e+01 1.651982243392107873e-03
6.800000000000000000e+01 1.643528447923584077e-03
6.900000000000000000e+01 1.620165588349990055e-03
7.000000000000000000e+01 1.708996874953248478e-03
7.100000000000000000e+01 1.637960245995987406e-03
7.200000000000000000e+01 1.633923360758369374e-03
7.300000000000000000e+01 1.635370369227256765e-03
7.400000000000000000e+01 1.619684338924596428e-03
7.500000000000000000e+01 1.622136103795642588e-03
7.600000000000000000e+01 1.680640198998094217e-03
7.700000000000000000e+01 1.643655723535409046e-03
7.800000000000000000e+01 1.671957524848024807e-03
7.900000000000000000e+01 1.632656981555385923e-03
8.000000000000000000e+01 1.660519677288557544e-03
8.100000000000000000e+01 1.628573714395115460e-03
8.200000000000000000e+01 1.680272345860498243e-03
8.300000000000000000e+01 1.733550374034367215e-03
8.400000000000000000e+01 1.665981395253176948e-03
8.500000000000000000e+01 1.646313053588751869e-03
8.600000000000000000e+01 1.626932365476237369e-03
8.700000000000000000e+01 1.622988831926812934e-03
8.800000000000000000e+01 1.675129534840706256e-03
8.900000000000000000e+01 1.777920319623491844e-03
9.000000000000000000e+01 1.658369616766528290e-03
9.100000000000000000e+01 1.631091734659321970e-03
9.200000000000000000e+01 1.618180201031120882e-03
9.300000000000000000e+01 1.651470746706002087e-03
9.400000000000000000e+01 1.640706279464824785e-03
9.500000000000000000e+01 1.702657491917795559e-03
9.600000000000000000e+01 1.635394942238354047e-03
9.700000000000000000e+01 1.656621629388994313e-03
9.800000000000000000e+01 1.711234379116038538e-03
9.900000000000000000e+01 1.653381200280655333e-03
1.000000000000000000e+02 1.685929113368412821e-03
1.010000000000000000e+02 1.708865074288183628e-03
1.020000000000000000e+02 1.631197286894054983e-03
1.030000000000000000e+02 1.646744932023738468e-03
1.040000000000000000e+02 1.632303442147515962e-03
1.050000000000000000e+02 1.639479767205892025e-03
1.060000000000000000e+02 1.637905411898536376e-03
1.070000000000000000e+02 1.630054912293057859e-03
1.080000000000000000e+02 1.620283368224832059e-03
1.090000000000000000e+02 1.626122097566465785e-03
1.100000000000000000e+02 1.657218842206379522e-03
1.110000000000000000e+02 1.628142536183961554e-03
1.120000000000000000e+02 1.614458421056575062e-03
1.130000000000000000e+02 1.631381004404061207e-03
1.140000000000000000e+02 1.699397723896291278e-03
1.150000000000000000e+02 1.642589290186896936e-03
1.160000000000000000e+02 1.624871364157497080e-03
1.170000000000000000e+02 1.624712854449332630e-03
1.180000000000000000e+02 1.614698940736238389e-03
1.190000000000000000e+02 1.719088273239038943e-03
1.200000000000000000e+02 1.764109022169523195e-03
1.210000000000000000e+02 1.758598876589434392e-03
1.220000000000000000e+02 1.671042338711011682e-03
1.230000000000000000e+02 1.637550678057476039e-03
1.240000000000000000e+02 1.624571660454377170e-03
1.250000000000000000e+02 1.671541616933085042e-03
1.260000000000000000e+02 1.634280672943066179e-03
1.270000000000000000e+02 1.624420278286534342e-03
1.280000000000000000e+02 1.610362068095064691e-03
1.290000000000000000e+02 1.613380753129007271e-03
1.300000000000000000e+02 1.615928033350646229e-03
1.310000000000000000e+02 1.612072474491698954e-03
1.320000000000000000e+02 1.631263314718437059e-03
1.330000000000000000e+02 1.683643804914055188e-03
1.340000000000000000e+02 1.639427038829409464e-03
1.350000000000000000e+02 1.635401490891565763e-03
1.360000000000000000e+02 1.662880683386108813e-03
1.370000000000000000e+02 1.653397773924802092e-03
1.380000000000000000e+02 1.619039870764390782e-03
1.390000000000000000e+02 1.613507569653507877e-03
1.400000000000000000e+02 1.621268334224662414e-03
1.410000000000000000e+02 1.616242750322026455e-03
1.420000000000000000e+02 1.610226988021182205e-03
1.430000000000000000e+02 1.628576729644748335e-03
1.440000000000000000e+02 1.638931202075228017e-03
1.450000000000000000e+02 1.628554116973217943e-03
1.460000000000000000e+02 1.662863865980966508e-03
1.470000000000000000e+02 1.632154645255356768e-03
1.480000000000000000e+02 1.644746254584020847e-03
1.490000000000000000e+02 1.641302738661299526e-03
1.500000000000000000e+02 1.617287032089948992e-03
1.510000000000000000e+02 1.619074056635267517e-03
1.520000000000000000e+02 1.655124218552234908e-03
1.530000000000000000e+02 1.649026331149923072e-03
1.540000000000000000e+02 1.608074808247281521e-03
1.550000000000000000e+02 1.639270067500851876e-03
1.560000000000000000e+02 1.735534651524041480e-03
1.570000000000000000e+02 1.675697932394832864e-03
1.580000000000000000e+02 1.627373527583404582e-03
1.590000000000000000e+02 1.624262327485875672e-03
1.600000000000000000e+02 1.665048349673720019e-03
1.610000000000000000e+02 1.620771058897112248e-03
1.620000000000000000e+02 1.614458445717996621e-03
1.630000000000000000e+02 1.614256918784674538e-03
1.640000000000000000e+02 1.616485209641283687e-03
1.650000000000000000e+02 1.652885152396150591e-03
1.660000000000000000e+02 1.614598573298064695e-03
1.670000000000000000e+02 1.610585723268091133e-03
1.680000000000000000e+02 1.614817694856329105e-03
1.690000000000000000e+02 1.631456352182579853e-03
1.700000000000000000e+02 1.626514659743427335e-03
1.710000000000000000e+02 1.698994116719457995e-03
1.720000000000000000e+02 1.685693018336715220e-03
1.730000000000000000e+02 1.627794597280334031e-03
1.740000000000000000e+02 1.662562140402836083e-03
1.750000000000000000e+02 1.614656479186625830e-03
1.760000000000000000e+02 1.699562114564464417e-03
1.770000000000000000e+02 1.653018855613411740e-03
1.780000000000000000e+02 1.664325075387884005e-03
1.790000000000000000e+02 1.645363228221137465e-03
1.800000000000000000e+02 1.615014350102840935e-03
1.810000000000000000e+02 1.615050468592854225e-03
1.820000000000000000e+02 1.659338039918479115e-03
1.830000000000000000e+02 1.625676938034258719e-03
1.840000000000000000e+02 1.608695441881626388e-03
1.850000000000000000e+02 1.619114692635782119e-03
1.860000000000000000e+02 1.638329747400969890e-03
1.870000000000000000e+02 1.651381493276462805e-03
1.880000000000000000e+02 1.646017777020870442e-03
1.890000000000000000e+02 1.624700139281742145e-03
1.900000000000000000e+02 1.669550663169445904e-03
1.910000000000000000e+02 1.612284830330527278e-03
1.920000000000000000e+02 1.619131890984425561e-03
1.930000000000000000e+02 1.659213659738340875e-03
1.940000000000000000e+02 1.635776809987500059e-03
1.950000000000000000e+02 1.632299522027008676e-03
1.960000000000000000e+02 1.608509292993678085e-03
1.970000000000000000e+02 1.606784090813906515e-03
1.980000000000000000e+02 1.609784530814586034e-03
1.990000000000000000e+02 1.633766581696472712e-03
2.000000000000000000e+02 1.615329560868779138e-03
2.010000000000000000e+02 1.622298647668693949e-03
2.020000000000000000e+02 1.666665783967596253e-03
2.030000000000000000e+02 1.616569593674768842e-03
2.040000000000000000e+02 1.623850318801569595e-03
2.050000000000000000e+02 1.606495556376814947e-03
2.060000000000000000e+02 1.628175941695917143e-03
2.070000000000000000e+02 1.607205562426399078e-03
2.080000000000000000e+02 1.622260476621357550e-03
2.090000000000000000e+02 1.644450126360339284e-03
2.100000000000000000e+02 1.644363320370361564e-03
2.110000000000000000e+02 1.631859968064878954e-03
2.120000000000000000e+02 1.625358835404136200e-03
2.130000000000000000e+02 1.625956528616275334e-03
2.140000000000000000e+02 1.634538266082671354e-03
2.150000000000000000e+02 1.631064856043094261e-03
2.160000000000000000e+02 1.606458186613511814e-03
2.170000000000000000e+02 1.616005853095739018e-03
2.180000000000000000e+02 1.620464745972035724e-03
2.190000000000000000e+02 1.626357568139420208e-03
2.200000000000000000e+02 1.644613284250502541e-03
2.210000000000000000e+02 1.620127243534580808e-03
2.220000000000000000e+02 1.623466498842714590e-03
2.230000000000000000e+02 1.619381236722831907e-03
2.240000000000000000e+02 1.606273810961244847e-03
2.250000000000000000e+02 1.606339142828023528e-03
2.260000000000000000e+02 1.608325907975775371e-03
2.270000000000000000e+02 1.614613021612466576e-03
2.280000000000000000e+02 1.611790020735787100e-03
2.290000000000000000e+02 1.603661180189877924e-03
2.300000000000000000e+02 1.616815562980163535e-03
2.310000000000000000e+02 1.629704261310325206e-03
2.320000000000000000e+02 1.618400219839131148e-03
2.330000000000000000e+02 1.656396866093965076e-03
2.340000000000000000e+02 1.610853387052506996e-03
2.350000000000000000e+02 1.623930207174060017e-03
2.360000000000000000e+02 1.610525184520951924e-03
2.370000000000000000e+02 1.617142556496562605e-03
2.380000000000000000e+02 1.652969609248131338e-03
2.390000000000000000e+02 1.686784090262215870e-03
2.400000000000000000e+02 1.613472441510127846e-03
2.410000000000000000e+02 1.608953102138649524e-03
2.420000000000000000e+02 1.609624712682944164e-03
2.430000000000000000e+02 1.608802467972580063e-03
2.440000000000000000e+02 1.610874585546195068e-03
2.450000000000000000e+02 1.610248557256097925e-03
2.460000000000000000e+02 1.680514525516560312e-03
2.470000000000000000e+02 1.617858303978188120e-03
2.480000000000000000e+02 1.616874435279701304e-03
2.490000000000000000e+02 1.608954151163350613e-03
2.500000000000000000e+02 1.620502070888628528e-03
2.510000000000000000e+02 1.646166194383055347e-03
2.520000000000000000e+02 1.647515117810816661e-03
2.530000000000000000e+02 1.627027406519796632e-03
2.540000000000000000e+02 1.606954606536556722e-03
2.550000000000000000e+02 1.611009583218089760e-03
2.560000000000000000e+02 1.607011817761203791e-03
2.570000000000000000e+02 1.614818442725255614e-03
2.580000000000000000e+02 1.614364873378628176e-03
2.590000000000000000e+02 1.639622099910510722e-03
2.600000000000000000e+02 1.608013952909223901e-03
2.610000000000000000e+02 1.630037711581058596e-03
2.620000000000000000e+02 1.607516282900738665e-03
2.630000000000000000e+02 1.607731437457699669e-03
2.640000000000000000e+02 1.605256816166475333e-03
2.650000000000000000e+02 1.631352409520581484e-03
2.660000000000000000e+02 1.640595100691310659e-03
2.670000000000000000e+02 1.601969645834450118e-03
2.680000000000000000e+02 1.601775647295913211e-03
2.690000000000000000e+02 1.651155602571923635e-03
2.700000000000000000e+02 1.628851934237917016e-03
2.710000000000000000e+02 1.617980879057086653e-03
2.720000000000000000e+02 1.617408615556447694e-03
2.730000000000000000e+02 1.645668236805806822e-03
2.740000000000000000e+02 1.600553595449231590e-03
2.750000000000000000e+02 1.612364271547652448e-03
2.760000000000000000e+02 1.606419548504934821e-03
2.770000000000000000e+02 1.616508184674282167e-03
2.780000000000000000e+02 1.638427481167276621e-03
2.790000000000000000e+02 1.603385414246338110e-03
2.800000000000000000e+02 1.628887829719932387e-03
2.810000000000000000e+02 1.612332971021377629e-03
2.820000000000000000e+02 1.619437702006846147e-03
2.830000000000000000e+02 1.635523222999335415e-03
2.840000000000000000e+02 1.620339003993974359e-03
2.850000000000000000e+02 1.648074889472478984e-03
2.860000000000000000e+02 1.603472925007221744e-03
2.870000000000000000e+02 1.614660509907776993e-03
2.880000000000000000e+02 1.650333337420649936e-03
2.890000000000000000e+02 1.642470974543561125e-03
2.900000000000000000e+02 1.607888118534559147e-03
2.910000000000000000e+02 1.617189542303468187e-03
2.920000000000000000e+02 1.608504609577872304e-03
2.930000000000000000e+02 1.610087468811177876e-03
2.940000000000000000e+02 1.608726593453734715e-03
2.950000000000000000e+02 1.601664204696828103e-03
2.960000000000000000e+02 1.604384668638458335e-03
2.970000000000000000e+02 1.632584655954744373e-03
2.980000000000000000e+02 1.618877655993467566e-03
2.990000000000000000e+02 1.643156651910302217e-03
3.000000000000000000e+02 1.618994004126464914e-03
3.010000000000000000e+02 1.633550057865670695e-03
3.020000000000000000e+02 1.608239247686406997e-03
3.030000000000000000e+02 1.616896305011172614e-03
3.040000000000000000e+02 1.606864107933118121e-03
3.050000000000000000e+02 1.604070060957307102e-03
3.060000000000000000e+02 1.649962431110654380e-03
3.070000000000000000e+02 1.613700947466817706e-03
3.080000000000000000e+02 1.606802584385347028e-03
3.090000000000000000e+02 1.615182298346413492e-03
3.100000000000000000e+02 1.598144153233552276e-03
3.110000000000000000e+02 1.607706708561540149e-03
3.120000000000000000e+02 1.607822019000232881e-03
3.130000000000000000e+02 1.602165702619765984e-03
3.140000000000000000e+02 1.617157387127124771e-03
3.150000000000000000e+02 1.602922962607790250e-03
3.160000000000000000e+02 1.608912016582614074e-03
3.170000000000000000e+02 1.612779009871064635e-03
3.180000000000000000e+02 1.598418037033312936e-03
3.190000000000000000e+02 1.596144665176579261e-03
3.200000000000000000e+02 1.600960609158471942e-03
3.210000000000000000e+02 1.607068401334124912e-03
3.220000000000000000e+02 1.600654627217200669e-03
3.230000000000000000e+02 1.609440620074773171e-03
3.240000000000000000e+02 1.601022678661868145e-03
3.250000000000000000e+02 1.607427885134629034e-03
3.260000000000000000e+02 1.602700258566770080e-03
3.270000000000000000e+02 1.606817167999114154e-03
3.280000000000000000e+02 1.601176560820584795e-03
3.290000000000000000e+02 1.613096681343836446e-03
3.300000000000000000e+02 1.621135542870725914e-03
3.310000000000000000e+02 1.610401532760982702e-03
3.320000000000000000e+02 1.604371392519120774e-03
3.330000000000000000e+02 1.604586096117737110e-03
3.340000000000000000e+02 1.601600331032061253e-03
3.350000000000000000e+02 1.609478825376466299e-03
3.360000000000000000e+02 1.600421012204532182e-03
3.370000000000000000e+02 1.601446530104895603e-03
3.380000000000000000e+02 1.608109234097212245e-03
3.390000000000000000e+02 1.621972117228056860e-03
3.400000000000000000e+02 1.611836956001116983e-03
3.410000000000000000e+02 1.608619246947554787e-03
3.420000000000000000e+02 1.613950523322132870e-03
3.430000000000000000e+02 1.599143026759637610e-03
3.440000000000000000e+02 1.596350468346548895e-03
3.450000000000000000e+02 1.594240454820627798e-03
3.460000000000000000e+02 1.594759974381266708e-03
3.470000000000000000e+02 1.608522886797095208e-03
3.480000000000000000e+02 1.608691611798673555e-03
3.490000000000000000e+02 1.620046880190795886e-03
3.500000000000000000e+02 1.610432812054973795e-03
3.510000000000000000e+02 1.610388434492645128e-03
3.520000000000000000e+02 1.598068477916109262e-03
3.530000000000000000e+02 1.608679076074379880e-03
3.540000000000000000e+02 1.612189843850334644e-03
3.550000000000000000e+02 1.603073426130432154e-03
3.560000000000000000e+02 1.591797673344931508e-03
3.570000000000000000e+02 1.605966881710858309e-03
3.580000000000000000e+02 1.608554652822821512e-03
3.590000000000000000e+02 1.630395917943064420e-03
3.600000000000000000e+02 1.627327258913802317e-03
3.610000000000000000e+02 1.600056416286944677e-03
3.620000000000000000e+02 1.593321867424365382e-03
3.630000000000000000e+02 1.602411028138414541e-03
3.640000000000000000e+02 1.591792962060161430e-03
3.650000000000000000e+02 1.596617706985554996e-03
3.660000000000000000e+02 1.598231787031362695e-03
3.670000000000000000e+02 1.600145765818963665e-03
3.680000000000000000e+02 1.610866675513956915e-03
3.690000000000000000e+02 1.605545612031425862e-03
3.700000000000000000e+02 1.590855202376190635e-03
3.710000000000000000e+02 1.611528307642674449e-03
3.720000000000000000e+02 1.601176686938368980e-03
3.730000000000000000e+02 1.595943591059075222e-03
3.740000000000000000e+02 1.599739116839251143e-03
3.750000000000000000e+02 1.600027126672043691e-03
3.760000000000000000e+02 1.610376586824379189e-03
3.770000000000000000e+02 1.597547274085417499e-03
3.780000000000000000e+02 1.604246040529021906e-03
3.790000000000000000e+02 1.587785070153242134e-03
3.800000000000000000e+02 1.605214442293365551e-03
3.810000000000000000e+02 1.587060846887689046e-03
3.820000000000000000e+02 1.599616867743210505e-03
3.830000000000000000e+02 1.594494860744971512e-03
3.840000000000000000e+02 1.598994172577712604e-03
3.850000000000000000e+02 1.582286884461440307e-03
3.860000000000000000e+02 1.582116828641115091e-03
3.870000000000000000e+02 1.594779711550699383e-03
3.880000000000000000e+02 1.595467487627409524e-03
3.890000000000000000e+02 1.614490472910960501e-03
3.900000000000000000e+02 1.611482227874657747e-03
3.910000000000000000e+02 1.590271261649153821e-03
3.920000000000000000e+02 1.583733804495490770e-03
3.930000000000000000e+02 1.579399757236008050e-03
3.940000000000000000e+02 1.578794555638099667e-03
3.950000000000000000e+02 1.597328128717941760e-03
3.960000000000000000e+02 1.589329741224508206e-03
3.970000000000000000e+02 1.579079717471912987e-03
3.980000000000000000e+02 1.590588165462029913e-03
3.990000000000000000e+02 1.590000126948172294e-03
4.000000000000000000e+02 1.584472300129735481e-03
4.010000000000000000e+02 1.586061806750876761e-03
4.020000000000000000e+02 1.601245286575721976e-03
4.030000000000000000e+02 1.604695250938949908e-03
4.040000000000000000e+02 1.579716376120375836e-03
4.050000000000000000e+02 1.571453127687922301e-03
4.060000000000000000e+02 1.573166872431295367e-03
4.070000000000000000e+02 1.573881298788031707e-03
4.080000000000000000e+02 1.569241802312327551e-03
4.090000000000000000e+02 1.569407910367272979e-03
4.100000000000000000e+02 1.572165655658073558e-03
4.110000000000000000e+02 1.572263198507601158e-03
4.120000000000000000e+02 1.574630594596648000e-03
4.130000000000000000e+02 1.565412688019711266e-03
4.140000000000000000e+02 1.567405407761033069e-03
4.150000000000000000e+02 1.607071953006254271e-03
4.160000000000000000e+02 1.595923664880497623e-03
4.170000000000000000e+02 1.566072589349317779e-03
4.180000000000000000e+02 1.602625835498542846e-03
4.190000000000000000e+02 1.555293326815175960e-03
4.200000000000000000e+02 1.553219287299009883e-03
4.210000000000000000e+02 1.557799038444579887e-03
4.220000000000000000e+02 1.557797936435106195e-03
4.230000000000000000e+02 1.549021437687735482e-03
4.240000000000000000e+02 1.550847481543012442e-03
4.250000000000000000e+02 1.547013345148276356e-03
4.260000000000000000e+02 1.539722454815856947e-03
4.270000000000000000e+02 1.536946735422788828e-03
4.280000000000000000e+02 1.537482372118762408e-03
4.290000000000000000e+02 1.528254500963053750e-03
4.300000000000000000e+02 1.523260888941770259e-03
4.310000000000000000e+02 1.523696994555528593e-03
4.320000000000000000e+02 1.502499711155835848e-03
4.330000000000000000e+02 1.490434811416680707e-03
4.340000000000000000e+02 1.479211403361371021e-03
4.350000000000000000e+02 1.472854680181387779e-03
4.360000000000000000e+02 1.471706598460895132e-03
4.370000000000000000e+02 1.440897907622483909e-03
4.380000000000000000e+02 1.432978319380705809e-03
4.390000000000000000e+02 1.426312409141259610e-03
4.400000000000000000e+02 1.417996170839500242e-03
4.410000000000000000e+02 1.408216343981694152e-03
4.420000000000000000e+02 1.407155419210785220e-03
4.430000000000000000e+02 1.393711094154412950e-03
4.440000000000000000e+02 1.383127956884025629e-03
4.450000000000000000e+02 1.375570537398611076e-03
4.460000000000000000e+02 1.371947770159934622e-03
4.470000000000000000e+02 1.365495709736905955e-03
4.480000000000000000e+02 1.347449065556692582e-03
4.490000000000000000e+02 1.358277889126148323e-03
4.500000000000000000e+02 1.335173481826502353e-03
4.510000000000000000e+02 1.347480049734918733e-03
4.520000000000000000e+02 1.337175003032893290e-03
4.530000000000000000e+02 1.327687726179355501e-03
4.540000000000000000e+02 1.341566159674705732e-03
4.550000000000000000e+02 1.323337881018432638e-03
4.560000000000000000e+02 1.330747491980284383e-03
4.570000000000000000e+02 1.307222695239431808e-03
4.580000000000000000e+02 1.307008865046277359e-03
4.590000000000000000e+02 1.293068584965605984e-03
4.600000000000000000e+02 1.285627773513351585e-03
4.610000000000000000e+02 1.280453860537627674e-03
4.620000000000000000e+02 1.270782287195072876e-03
4.630000000000000000e+02 1.296201871483834396e-03
4.640000000000000000e+02 1.265238545485412609e-03
4.650000000000000000e+02 1.267911087372746446e-03
4.660000000000000000e+02 1.261743782496541804e-03
4.670000000000000000e+02 1.278433766946220984e-03
4.680000000000000000e+02 1.247427071075222701e-03
4.690000000000000000e+02 1.254817480695665649e-03
4.700000000000000000e+02 1.258991150050150576e-03
4.710000000000000000e+02 1.256971544763344417e-03
4.720000000000000000e+02 1.246152729981739055e-03
4.730000000000000000e+02 1.236458995936548467e-03
4.740000000000000000e+02 1.249736320981759390e-03
4.750000000000000000e+02 1.233732116629189350e-03
4.760000000000000000e+02 1.244592569086436272e-03
4.770000000000000000e+02 1.247176792929897103e-03
4.780000000000000000e+02 1.233266875150116010e-03
4.790000000000000000e+02 1.245951873680956274e-03
4.800000000000000000e+02 1.233217396784734186e-03
4.810000000000000000e+02 1.225683427451933205e-03
4.820000000000000000e+02 1.229158123844789835e-03
4.830000000000000000e+02 1.224478608487222396e-03
4.840000000000000000e+02 1.219894255186825894e-03
4.850000000000000000e+02 1.238695721882951796e-03
4.860000000000000000e+02 1.231565224611770159e-03
4.870000000000000000e+02 1.249151647655570661e-03
4.880000000000000000e+02 1.224383248272686159e-03
4.890000000000000000e+02 1.217561322107411957e-03
4.900000000000000000e+02 1.214089560638747026e-03
4.910000000000000000e+02 1.214480377987335212e-03
4.920000000000000000e+02 1.222536981810964322e-03
4.930000000000000000e+02 1.244130788471365431e-03
4.940000000000000000e+02 1.255169330202992326e-03
4.950000000000000000e+02 1.211916212318949479e-03
4.960000000000000000e+02 1.228609421653899378e-03
4.970000000000000000e+02 1.209503689797322354e-03
4.980000000000000000e+02 1.209360158557186730e-03
4.990000000000000000e+02 1.211264150146332957e-03
5.000000000000000000e+02 1.212466185119561108e-03
5.010000000000000000e+02 1.221322001498255675e-03
5.020000000000000000e+02 1.209961199016509718e-03
5.030000000000000000e+02 1.210692124610006316e-03
5.040000000000000000e+02 1.202996473330601940e-03
5.050000000000000000e+02 1.223758560290641277e-03
5.060000000000000000e+02 1.239972680296348760e-03
5.070000000000000000e+02 1.206318935539478412e-03
5.080000000000000000e+02 1.203951353738546897e-03
5.090000000000000000e+02 1.205626428073541681e-03
5.100000000000000000e+02 1.233530494899237519e-03
5.110000000000000000e+02 1.230159364474322668e-03
5.120000000000000000e+02 1.202375108260732945e-03
5.130000000000000000e+02 1.201044841633320181e-03
5.140000000000000000e+02 1.199717195380677667e-03
5.150000000000000000e+02 1.212221441324518034e-03
5.160000000000000000e+02 1.212379237343597224e-03
5.170000000000000000e+02 1.205202997377082235e-03
5.180000000000000000e+02 1.202686857721808628e-03
5.190000000000000000e+02 1.245103156579862149e-03
5.200000000000000000e+02 1.195342542730606829e-03
5.210000000000000000e+02 1.200195240560988919e-03
5.220000000000000000e+02 1.202567205557753200e-03
5.230000000000000000e+02 1.199534786755367382e-03
5.240000000000000000e+02 1.205366278664848391e-03
5.250000000000000000e+02 1.197958383536655829e-03
5.260000000000000000e+02 1.201482228253794799e-03
5.270000000000000000e+02 1.201711039166265772e-03
5.280000000000000000e+02 1.204340084999635293e-03
5.290000000000000000e+02 1.201409090198890528e-03
5.300000000000000000e+02 1.190897953387150699e-03
5.310000000000000000e+02 1.202202748574924792e-03
5.320000000000000000e+02 1.209372703846969864e-03
5.330000000000000000e+02 1.190241136674558692e-03
5.340000000000000000e+02 1.193403789999183690e-03
5.350000000000000000e+02 1.193353688985286654e-03
5.360000000000000000e+02 1.202743587096896964e-03
5.370000000000000000e+02 1.190785096363260230e-03
5.380000000000000000e+02 1.193863777942887061e-03
5.390000000000000000e+02 1.191939331929697853e-03
5.400000000000000000e+02 1.197973609347678615e-03
5.410000000000000000e+02 1.186543897965700468e-03
5.420000000000000000e+02 1.199390767804820205e-03
5.430000000000000000e+02 1.188348200007669376e-03
5.440000000000000000e+02 1.195908396281472564e-03
5.450000000000000000e+02 1.195476103347195822e-03
5.460000000000000000e+02 1.192362301440504915e-03
5.470000000000000000e+02 1.187424067523105238e-03
5.480000000000000000e+02 1.188584616997159218e-03
5.490000000000000000e+02 1.189280486112977587e-03
5.500000000000000000e+02 1.193348688232509069e-03
5.510000000000000000e+02 1.187101327463107496e-03
5.520000000000000000e+02 1.188694329882170747e-03
5.530000000000000000e+02 1.184620703400942471e-03
5.540000000000000000e+02 1.184393087285014884e-03
5.550000000000000000e+02 1.202228931670128913e-03
5.560000000000000000e+02 1.227088810476647477e-03
5.570000000000000000e+02 1.189778934311822630e-03
5.580000000000000000e+02 1.182959791354477527e-03
5.590000000000000000e+02 1.184152448199699307e-03
5.600000000000000000e+02 1.189083687136952439e-03
5.610000000000000000e+02 1.204144959531272237e-03
5.620000000000000000e+02 1.193514688451777911e-03
5.630000000000000000e+02 1.189504264034929419e-03
5.640000000000000000e+02 1.185796823861839239e-03
5.650000000000000000e+02 1.191276500962737666e-03
5.660000000000000000e+02 1.190448646425312784e-03
5.670000000000000000e+02 1.193179949792911579e-03
5.680000000000000000e+02 1.189216722716304004e-03
5.690000000000000000e+02 1.183779642695574098e-03
5.700000000000000000e+02 1.190728709040261672e-03
5.710000000000000000e+02 1.184601519240287889e-03
5.720000000000000000e+02 1.181318893642429148e-03
5.730000000000000000e+02 1.183036344122879654e-03
5.740000000000000000e+02 1.183576758444010706e-03
5.750000000000000000e+02 1.195498138404697559e-03
5.760000000000000000e+02 1.200468579454632605e-03
5.770000000000000000e+02 1.187334628483728127e-03
5.780000000000000000e+02 1.184797522632617542e-03
5.790000000000000000e+02 1.182299046194637028e-03
5.800000000000000000e+02 1.200602113649972946e-03
5.810000000000000000e+02 1.187714019803308386e-03
5.820000000000000000e+02 1.186859030176508822e-03
5.830000000000000000e+02 1.183890805237478201e-03
5.840000000000000000e+02 1.182731009256762474e-03
5.850000000000000000e+02 1.180682635597725015e-03
5.860000000000000000e+02 1.182120903754074227e-03
5.870000000000000000e+02 1.189929053003804197e-03
5.880000000000000000e+02 1.184016563786908409e-03
5.890000000000000000e+02 1.187025973582309362e-03
5.900000000000000000e+02 1.183664385148903292e-03
5.910000000000000000e+02 1.180690628287616893e-03
5.920000000000000000e+02 1.181556400955502146e-03
5.930000000000000000e+02 1.182113317891664642e-03
5.940000000000000000e+02 1.176080079716799922e-03
5.950000000000000000e+02 1.179297647331096870e-03
5.960000000000000000e+02 1.186333236912398255e-03
5.970000000000000000e+02 1.179176730164182901e-03
5.980000000000000000e+02 1.182858542239417169e-03
5.990000000000000000e+02 1.181723955763578282e-03
6.000000000000000000e+02 1.189626774076882722e-03
6.010000000000000000e+02 1.179321282266986579e-03
6.020000000000000000e+02 1.184419746519714241e-03
6.030000000000000000e+02 1.179700963399545359e-03
6.040000000000000000e+02 1.187866526198093223e-03
6.050000000000000000e+02 1.179452576861359566e-03
6.060000000000000000e+02 1.180356572446665184e-03
6.070000000000000000e+02 1.177663653597711777e-03
6.080000000000000000e+02 1.176282728086892925e-03
6.090000000000000000e+02 1.178337507442558463e-03
6.100000000000000000e+02 1.176299781772081323e-03
6.110000000000000000e+02 1.178310611145055907e-03
6.120000000000000000e+02 1.187542301340082859e-03
6.130000000000000000e+02 1.181620538144547566e-03
6.140000000000000000e+02 1.180153026744686518e-03
6.150000000000000000e+02 1.175390368616784781e-03
6.160000000000000000e+02 1.174382073042341129e-03
6.170000000000000000e+02 1.184803047976596985e-03
6.180000000000000000e+02 1.177649607513918959e-03
6.190000000000000000e+02 1.174206888094933218e-03
6.200000000000000000e+02 1.174186442719366182e-03
6.210000000000000000e+02 1.182196822671980176e-03
6.220000000000000000e+02 1.175456327377735234e-03
6.230000000000000000e+02 1.172810317773402252e-03
6.240000000000000000e+02 1.181699976017111346e-03
6.250000000000000000e+02 1.175290598240056293e-03
6.260000000000000000e+02 1.172187286789882956e-03
6.270000000000000000e+02 1.172310311664763200e-03
6.280000000000000000e+02 1.171604954070280162e-03
6.290000000000000000e+02 1.172626692469471267e-03
6.300000000000000000e+02 1.169290261975429327e-03
6.310000000000000000e+02 1.173647522252439096e-03
6.320000000000000000e+02 1.177556941306162749e-03
6.330000000000000000e+02 1.170422344286094598e-03
6.340000000000000000e+02 1.171253646017441285e-03
6.350000000000000000e+02 1.195815378891339556e-03
6.360000000000000000e+02 1.180688492537286614e-03
6.370000000000000000e+02 1.172326470664271890e-03
6.380000000000000000e+02 1.168977889404438633e-03
6.390000000000000000e+02 1.176470837806139124e-03
6.400000000000000000e+02 1.172467387213024835e-03
6.410000000000000000e+02 1.170437725936130519e-03
6.420000000000000000e+02 1.178752489354981808e-03
6.430000000000000000e+02 1.176882025757598716e-03
6.440000000000000000e+02 1.173145918711852908e-03
6.450000000000000000e+02 1.170985632221690836e-03
6.460000000000000000e+02 1.172489463663609543e-03
6.470000000000000000e+02 1.173706988279426666e-03
6.480000000000000000e+02 1.167119420937674573e-03
6.490000000000000000e+02 1.170559607469690271e-03
6.500000000000000000e+02 1.170029111775799935e-03
6.510000000000000000e+02 1.167917469562907090e-03
6.520000000000000000e+02 1.181075995679792051e-03
6.530000000000000000e+02 1.176204280256704700e-03
6.540000000000000000e+02 1.174872024628629847e-03
6.550000000000000000e+02 1.174064795240017337e-03
6.560000000000000000e+02 1.177814613533674504e-03
6.570000000000000000e+02 1.172177762221668969e-03
6.580000000000000000e+02 1.177046586701310966e-03
6.590000000000000000e+02 1.166182851731130486e-03
6.600000000000000000e+02 1.173572254654238565e-03
6.610000000000000000e+02 1.167393935579654624e-03
6.620000000000000000e+02 1.170166306479282535e-03
6.630000000000000000e+02 1.169416814634052868e-03
6.640000000000000000e+02 1.168003108571364496e-03
6.650000000000000000e+02 1.170704230626693583e-03
6.660000000000000000e+02 1.169710162009539051e-03
6.670000000000000000e+02 1.176048376810272288e-03
6.680000000000000000e+02 1.176123021301568854e-03
6.690000000000000000e+02 1.167133258336197589e-03
6.700000000000000000e+02 1.171955332529492789e-03
6.710000000000000000e+02 1.171701222032062477e-03
6.720000000000000000e+02 1.170537048831044166e-03
6.730000000000000000e+02 1.171954411770872399e-03
6.740000000000000000e+02 1.169595312808843117e-03
6.750000000000000000e+02 1.169646492927808477e-03
6.760000000000000000e+02 1.176787167531261535e-03
6.770000000000000000e+02 1.172335421133850059e-03
6.780000000000000000e+02 1.172653724683488628e-03
6.790000000000000000e+02 1.166474902272083679e-03
6.800000000000000000e+02 1.166601639908179363e-03
6.810000000000000000e+02 1.165712617419907256e-03
6.820000000000000000e+02 1.164492654849506046e-03
6.830000000000000000e+02 1.167414589462636987e-03
6.840000000000000000e+02 1.172912364322481384e-03
6.850000000000000000e+02 1.166641833256627488e-03
6.860000000000000000e+02 1.170759558092291513e-03
6.870000000000000000e+02 1.178293282262160005e-03
6.880000000000000000e+02 1.166491040340484177e-03
6.890000000000000000e+02 1.168606412367076451e-03
6.900000000000000000e+02 1.167488937756135277e-03
6.910000000000000000e+02 1.165882570303776889e-03
6.920000000000000000e+02 1.165295835749257779e-03
6.930000000000000000e+02 1.167944613094893183e-03
6.940000000000000000e+02 1.168019989176196207e-03
6.950000000000000000e+02 1.168944192401366426e-03
6.960000000000000000e+02 1.163400523121518957e-03
6.970000000000000000e+02 1.164273568338526155e-03
6.980000000000000000e+02 1.165495520493604713e-03
6.990000000000000000e+02 1.164807950689291738e-03
7.000000000000000000e+02 1.168476605291604272e-03
7.010000000000000000e+02 1.166256405721110417e-03
7.020000000000000000e+02 1.166941258028089895e-03
7.030000000000000000e+02 1.167011913930801397e-03
7.040000000000000000e+02 1.165512740420664509e-03
7.050000000000000000e+02 1.166193715017650387e-03
7.060000000000000000e+02 1.162544275588752070e-03
7.070000000000000000e+02 1.163915632321120119e-03
7.080000000000000000e+02 1.165343573020279772e-03
7.090000000000000000e+02 1.162736015699981397e-03
7.100000000000000000e+02 1.172412240093981652e-03
7.110000000000000000e+02 1.165904856101156054e-03
7.120000000000000000e+02 1.168621169188344003e-03
7.130000000000000000e+02 1.162713668426398981e-03
7.140000000000000000e+02 1.161855925559872717e-03
7.150000000000000000e+02 1.162724766971863586e-03
7.160000000000000000e+02 1.170711793476338081e-03
7.170000000000000000e+02 1.170644620338754521e-03
7.180000000000000000e+02 1.164787418679808732e-03
7.190000000000000000e+02 1.162490439778290138e-03
7.200000000000000000e+02 1.160367878742496342e-03
7.210000000000000000e+02 1.165620775250626306e-03
7.220000000000000000e+02 1.163984294027080963e-03
7.230000000000000000e+02 1.160584847081168108e-03
7.240000000000000000e+02 1.163481265284251010e-03
7.250000000000000000e+02 1.164555454620229327e-03
7.260000000000000000e+02 1.161934320764798070e-03
7.270000000000000000e+02 1.163234878081578988e-03
7.280000000000000000e+02 1.163217234199570354e-03
7.290000000000000000e+02 1.162390581681618795e-03
7.300000000000000000e+02 1.164492327228320223e-03
7.310000000000000000e+02 1.163157340761272664e-03
7.320000000000000000e+02 1.162196225810810911e-03
7.330000000000000000e+02 1.166962922034673993e-03
7.340000000000000000e+02 1.160686030028964090e-03
7.350000000000000000e+02 1.161075461474603450e-03
7.360000000000000000e+02 1.162797896181453619e-03
7.370000000000000000e+02 1.164244576130979772e-03
7.380000000000000000e+02 1.169410906434356894e-03
7.390000000000000000e+02 1.161301151312394905e-03
7.400000000000000000e+02 1.161584192119963829e-03
7.410000000000000000e+02 1.165163318971620910e-03
7.420000000000000000e+02 1.158802982353884228e-03
7.430000000000000000e+02 1.158974393726048407e-03
7.440000000000000000e+02 1.160472313927596874e-03
7.450000000000000000e+02 1.160545293595544600e-03
7.460000000000000000e+02 1.158190614470031628e-03
7.470000000000000000e+02 1.158746247779314422e-03
7.480000000000000000e+02 1.162279609139175735e-03
7.490000000000000000e+02 1.162266322793576064e-03
7.500000000000000000e+02 1.161426788314200934e-03
7.510000000000000000e+02 1.159272762928133249e-03
7.520000000000000000e+02 1.165920577863112373e-03
7.530000000000000000e+02 1.162221838746844288e-03
7.540000000000000000e+02 1.165369009603286349e-03
7.550000000000000000e+02 1.157892287741510299e-03
7.560000000000000000e+02 1.160364564116372855e-03
7.570000000000000000e+02 1.158643720776244678e-03
7.580000000000000000e+02 1.159795780884123129e-03
7.590000000000000000e+02 1.158659802125823262e-03
7.600000000000000000e+02 1.159357133115017022e-03
7.610000000000000000e+02 1.158707404680347315e-03
7.620000000000000000e+02 1.166848865928068676e-03
7.630000000000000000e+02 1.159601323544038470e-03
7.640000000000000000e+02 1.157776806951983217e-03
7.650000000000000000e+02 1.158791635433466857e-03
7.660000000000000000e+02 1.159543827756044339e-03
7.670000000000000000e+02 1.159333682819881604e-03
7.680000000000000000e+02 1.156978642543669443e-03
7.690000000000000000e+02 1.160382247300701351e-03
7.700000000000000000e+02 1.158503292529234957e-03
7.710000000000000000e+02 1.158781248097071970e-03
7.720000000000000000e+02 1.164913594282407849e-03
7.730000000000000000e+02 1.158731147123352430e-03
7.740000000000000000e+02 1.158621581775078286e-03
7.750000000000000000e+02 1.157258068766532817e-03
7.760000000000000000e+02 1.155546537587746371e-03
7.770000000000000000e+02 1.157956247665169539e-03
7.780000000000000000e+02 1.158477053712032422e-03
7.790000000000000000e+02 1.163037199480852638e-03
7.800000000000000000e+02 1.157824786909523443e-03
7.810000000000000000e+02 1.155668194222730667e-03
7.820000000000000000e+02 1.157776793220044237e-03
7.830000000000000000e+02 1.158258294319156620e-03
7.840000000000000000e+02 1.158291049969155861e-03
7.850000000000000000e+02 1.162280332829563950e-03
7.860000000000000000e+02 1.156999812744964129e-03
7.870000000000000000e+02 1.158420386149263022e-03
7.880000000000000000e+02 1.160374886638236612e-03
7.890000000000000000e+02 1.158097316291442115e-03
7.900000000000000000e+02 1.160656240464040534e-03
7.910000000000000000e+02 1.158882559035937084e-03
7.920000000000000000e+02 1.165519288967141942e-03
7.930000000000000000e+02 1.157414509799084730e-03
7.940000000000000000e+02 1.157121104607670937e-03
7.950000000000000000e+02 1.156452140546421160e-03
7.960000000000000000e+02 1.155415231415683405e-03
7.970000000000000000e+02 1.154761626835863622e-03
7.980000000000000000e+02 1.157070312817193433e-03
7.990000000000000000e+02 1.160221346648305238e-03
8.000000000000000000e+02 1.154871635235505496e-03
8.010000000000000000e+02 1.156734261753809574e-03
8.020000000000000000e+02 1.156008860951032941e-03
8.030000000000000000e+02 1.162966870774317972e-03
8.040000000000000000e+02 1.158488671077324188e-03
8.050000000000000000e+02 1.157865066274572962e-03
8.060000000000000000e+02 1.156809748622329020e-03
8.070000000000000000e+02 1.158481418827275213e-03
8.080000000000000000e+02 1.156569952371703939e-03
8.090000000000000000e+02 1.155346508035511900e-03
8.100000000000000000e+02 1.156060080555296795e-03
8.110000000000000000e+02 1.160257503554803799e-03
8.120000000000000000e+02 1.160149435029485818e-03
8.130000000000000000e+02 1.155531300096497354e-03
8.140000000000000000e+02 1.156310935490214827e-03
8.150000000000000000e+02 1.155927694281184579e-03
8.160000000000000000e+02 1.155118750644909629e-03
8.170000000000000000e+02 1.155133944825887911e-03
8.180000000000000000e+02 1.156250906274421337e-03
8.190000000000000000e+02 1.158103164303985085e-03
8.200000000000000000e+02 1.158634000977602514e-03
8.210000000000000000e+02 1.157723957040076353e-03
8.220000000000000000e+02 1.163292602401969468e-03
8.230000000000000000e+02 1.157087757720376680e-03
8.240000000000000000e+02 1.156212765358865255e-03
8.250000000000000000e+02 1.157270130751298417e-03
8.260000000000000000e+02 1.158266237324706571e-03
8.270000000000000000e+02 1.154760829385647952e-03
8.280000000000000000e+02 1.153181596458949373e-03
8.290000000000000000e+02 1.153110703474078411e-03
8.300000000000000000e+02 1.152994560527690737e-03
8.310000000000000000e+02 1.154218433957205931e-03
8.320000000000000000e+02 1.157144955150896668e-03
8.330000000000000000e+02 1.153768229909798992e-03
8.340000000000000000e+02 1.153426931707611817e-03
8.350000000000000000e+02 1.153488761307234307e-03
8.360000000000000000e+02 1.156211968621976768e-03
8.370000000000000000e+02 1.154989722744023195e-03
8.380000000000000000e+02 1.154477565111983140e-03
8.390000000000000000e+02 1.158032749221023575e-03
8.400000000000000000e+02 1.155739972663783312e-03
8.410000000000000000e+02 1.154583375644673395e-03
8.420000000000000000e+02 1.154483496507418281e-03
8.430000000000000000e+02 1.153055702717765540e-03
8.440000000000000000e+02 1.155675677338664211e-03
8.450000000000000000e+02 1.154590432719172820e-03
8.460000000000000000e+02 1.154460128027081072e-03
8.470000000000000000e+02 1.155367771662466807e-03
8.480000000000000000e+02 1.156171041649273114e-03
8.490000000000000000e+02 1.153597236422348625e-03
8.500000000000000000e+02 1.154828032060985915e-03
8.510000000000000000e+02 1.154927552139974186e-03
8.520000000000000000e+02 1.154746074491368700e-03
8.530000000000000000e+02 1.153720695163424443e-03
8.540000000000000000e+02 1.153901519122606809e-03
8.550000000000000000e+02 1.153590504909905680e-03
8.560000000000000000e+02 1.161155721054232034e-03
8.570000000000000000e+02 1.151787949603003255e-03
8.580000000000000000e+02 1.153858420662737727e-03
8.590000000000000000e+02 1.154076498125408950e-03
8.600000000000000000e+02 1.152952711713147241e-03
8.610000000000000000e+02 1.156206513718689233e-03
8.620000000000000000e+02 1.153778106010265071e-03
8.630000000000000000e+02 1.154387165957948113e-03
8.640000000000000000e+02 1.153975897553807545e-03
8.650000000000000000e+02 1.154352981145517895e-03
8.660000000000000000e+02 1.153420795019806985e-03
8.670000000000000000e+02 1.156010779572291119e-03
8.680000000000000000e+02 1.155301610786162820e-03
8.690000000000000000e+02 1.151646073502072360e-03
8.700000000000000000e+02 1.154640058758330846e-03
8.710000000000000000e+02 1.154306743683674230e-03
8.720000000000000000e+02 1.151640262043491505e-03
8.730000000000000000e+02 1.152609502200565173e-03
8.740000000000000000e+02 1.152494968434730196e-03
8.750000000000000000e+02 1.156118678193431785e-03
8.760000000000000000e+02 1.154700008466069249e-03
8.770000000000000000e+02 1.151442953344848728e-03
8.780000000000000000e+02 1.152532371320025457e-03
8.790000000000000000e+02 1.153896048550049139e-03
8.800000000000000000e+02 1.154205165128088014e-03
8.810000000000000000e+02 1.150498586098839832e-03
8.820000000000000000e+02 1.152184716872720364e-03
8.830000000000000000e+02 1.151296437116356569e-03
8.840000000000000000e+02 1.151207417675695040e-03
8.850000000000000000e+02 1.155546432063471723e-03
8.860000000000000000e+02 1.155540427613584772e-03
8.870000000000000000e+02 1.152449532827245051e-03
8.880000000000000000e+02 1.152866818885074770e-03
8.890000000000000000e+02 1.154356786940185587e-03
8.900000000000000000e+02 1.152546070661688259e-03
8.910000000000000000e+02 1.152495852487983976e-03
8.920000000000000000e+02 1.153341587827887279e-03
8.930000000000000000e+02 1.150437124654622592e-03
8.940000000000000000e+02 1.150983289148098648e-03
8.950000000000000000e+02 1.152064767358686312e-03
8.960000000000000000e+02 1.152245726621840046e-03
8.970000000000000000e+02 1.153275796400607617e-03
8.980000000000000000e+02 1.152066489651016549e-03
8.990000000000000000e+02 1.151243367433675427e-03
9.000000000000000000e+02 1.150079906445701083e-03
9.010000000000000000e+02 1.156296605884876358e-03
9.020000000000000000e+02 1.157653326000463194e-03
9.030000000000000000e+02 1.154463036423124169e-03
9.040000000000000000e+02 1.151022470890307242e-03
9.050000000000000000e+02 1.151845288882671122e-03
9.060000000000000000e+02 1.152708870339297711e-03
9.070000000000000000e+02 1.152018469225747762e-03
9.080000000000000000e+02 1.151447176986489370e-03
9.090000000000000000e+02 1.149920992267926267e-03
9.100000000000000000e+02 1.150689672581698764e-03
9.110000000000000000e+02 1.150842397713376566e-03
9.120000000000000000e+02 1.151335346168660652e-03
9.130000000000000000e+02 1.149551086045609832e-03
9.140000000000000000e+02 1.153653613234101229e-03
9.150000000000000000e+02 1.150260376623557599e-03
9.160000000000000000e+02 1.151018752719113131e-03
9.170000000000000000e+02 1.149435101604367581e-03
9.180000000000000000e+02 1.152763994815826729e-03
9.190000000000000000e+02 1.155699413029814175e-03
9.200000000000000000e+02 1.150030208711417959e-03
9.210000000000000000e+02 1.150645299445627635e-03
9.220000000000000000e+02 1.150058747537964065e-03
9.230000000000000000e+02 1.151644304179707742e-03
9.240000000000000000e+02 1.154046427222661479e-03
9.250000000000000000e+02 1.151771851856184118e-03
9.260000000000000000e+02 1.149298415263189706e-03
9.270000000000000000e+02 1.151640750804534862e-03
9.280000000000000000e+02 1.152512436152732054e-03
9.290000000000000000e+02 1.150338283563167620e-03
9.300000000000000000e+02 1.150083539570469562e-03
9.310000000000000000e+02 1.151406478955850675e-03
9.320000000000000000e+02 1.150580934972715574e-03
9.330000000000000000e+02 1.149861206349810138e-03
9.340000000000000000e+02 1.154014294401145687e-03
9.350000000000000000e+02 1.149760639150206607e-03
9.360000000000000000e+02 1.149122771650859997e-03
9.370000000000000000e+02 1.151134846786571689e-03
9.380000000000000000e+02 1.149148262942545134e-03
9.390000000000000000e+02 1.150833959464714253e-03
9.400000000000000000e+02 1.149151144719638565e-03
9.410000000000000000e+02 1.150692357783643024e-03
9.420000000000000000e+02 1.151252550024615007e-03
9.430000000000000000e+02 1.151309700730717474e-03
9.440000000000000000e+02 1.152672965305499364e-03
9.450000000000000000e+02 1.151294177337957225e-03
9.460000000000000000e+02 1.149725520684360958e-03
9.470000000000000000e+02 1.148913572932646525e-03
9.480000000000000000e+02 1.151348765679621224e-03
9.490000000000000000e+02 1.153063302822362633e-03
9.500000000000000000e+02 1.158429057642130968e-03
9.510000000000000000e+02 1.155194723817883247e-03
9.520000000000000000e+02 1.148959574315170035e-03
9.530000000000000000e+02 1.151169877052088788e-03
9.540000000000000000e+02 1.151600319540715522e-03
9.550000000000000000e+02 1.150680820961308979e-03
9.560000000000000000e+02 1.151973843779783169e-03
9.570000000000000000e+02 1.148663990780451677e-03
9.580000000000000000e+02 1.148739092093457176e-03
9.590000000000000000e+02 1.148296605783010816e-03
9.600000000000000000e+02 1.148841292568769179e-03
9.610000000000000000e+02 1.150158489790890221e-03
9.620000000000000000e+02 1.149584556241939597e-03
9.630000000000000000e+02 1.151473501068574299e-03
9.640000000000000000e+02 1.148716754632371495e-03
9.650000000000000000e+02 1.149230773957497917e-03
9.660000000000000000e+02 1.147830287000473591e-03
9.670000000000000000e+02 1.148831281667468543e-03
9.680000000000000000e+02 1.151679722891019468e-03
9.690000000000000000e+02 1.150504483701416053e-03
9.700000000000000000e+02 1.151018445060349648e-03
9.710000000000000000e+02 1.148876542076268268e-03
9.720000000000000000e+02 1.148610806332988656e-03
9.730000000000000000e+02 1.147992708935838225e-03
9.740000000000000000e+02 1.148063247593871135e-03
9.750000000000000000e+02 1.148101553865326111e-03
9.760000000000000000e+02 1.148831969803972269e-03
9.770000000000000000e+02 1.148973776971022858e-03
9.780000000000000000e+02 1.148373734779675097e-03
9.790000000000000000e+02 1.147930168523961843e-03
9.800000000000000000e+02 1.148765116876120053e-03
9.810000000000000000e+02 1.148061275597726198e-03
9.820000000000000000e+02 1.147827267106396381e-03
9.830000000000000000e+02 1.148778595862393536e-03
9.840000000000000000e+02 1.152814341960974563e-03
9.850000000000000000e+02 1.149815076263554494e-03
9.860000000000000000e+02 1.149098014455504375e-03
9.870000000000000000e+02 1.148650043336190947e-03
9.880000000000000000e+02 1.147657668172198187e-03
9.890000000000000000e+02 1.147329100374611935e-03
9.900000000000000000e+02 1.149952691369780745e-03
9.910000000000000000e+02 1.147848694415214057e-03
9.920000000000000000e+02 1.150399922206464054e-03
9.930000000000000000e+02 1.147857200268382781e-03
9.940000000000000000e+02 1.148157474874925534e-03
9.950000000000000000e+02 1.152791826301823421e-03
9.960000000000000000e+02 1.150420540728755480e-03
9.970000000000000000e+02 1.148831206794775212e-03
9.980000000000000000e+02 1.149122228886302523e-03
9.990000000000000000e+02 1.149476181409890769e-03
1.000000000000000000e+03 1.147774377384414360e-03
1.001000000000000000e+03 1.147037271937680547e-03
1.002000000000000000e+03 1.147511912528016839e-03
1.003000000000000000e+03 1.148557033483643079e-03
1.004000000000000000e+03 1.150688075504624659e-03
1.005000000000000000e+03 1.149307601702820618e-03
1.006000000000000000e+03 1.147327818320493685e-03
1.007000000000000000e+03 1.147329528995141195e-03
1.008000000000000000e+03 1.149807857271403040e-03
1.009000000000000000e+03 1.150243310749993458e-03
1.010000000000000000e+03 1.148709447333435630e-03
1.011000000000000000e+03 1.150539856978297906e-03
1.012000000000000000e+03 1.146564969573681632e-03
1.013000000000000000e+03 1.150108117192822450e-03
1.014000000000000000e+03 1.146287692812920488e-03
1.015000000000000000e+03 1.146812732113021774e-03
1.016000000000000000e+03 1.146899400195330486e-03
1.017000000000000000e+03 1.147055983909482440e-03
1.018000000000000000e+03 1.148461322366914339e-03
1.019000000000000000e+03 1.147493981002236773e-03
1.020000000000000000e+03 1.148789646304175212e-03
1.021000000000000000e+03 1.148856057591254431e-03
1.022000000000000000e+03 1.147178021003548293e-03
1.023000000000000000e+03 1.152518843078143701e-03
1.024000000000000000e+03 1.149714981936198182e-03
1.025000000000000000e+03 1.147562669428312237e-03
1.026000000000000000e+03 1.148805966369222196e-03
1.027000000000000000e+03 1.150498629817412648e-03
1.028000000000000000e+03 1.147248411727813319e-03
1.029000000000000000e+03 1.146690490149048641e-03
1.030000000000000000e+03 1.147879424427369855e-03
1.031000000000000000e+03 1.147514121713760901e-03
1.032000000000000000e+03 1.147920544218681378e-03
1.033000000000000000e+03 1.148250102246558407e-03
1.034000000000000000e+03 1.146692835699725938e-03
1.035000000000000000e+03 1.149049268572621251e-03
1.036000000000000000e+03 1.147531040952057095e-03
1.037000000000000000e+03 1.146810393105245681e-03
1.038000000000000000e+03 1.146382133250547358e-03
1.039000000000000000e+03 1.147315278567585545e-03
1.040000000000000000e+03 1.145980221376288397e-03
1.041000000000000000e+03 1.147308035592424285e-03
1.042000000000000000e+03 1.148056008698412163e-03
1.043000000000000000e+03 1.145944830745672426e-03
1.044000000000000000e+03 1.146492615239224841e-03
1.045000000000000000e+03 1.147245983925600796e-03
1.046000000000000000e+03 1.146458997433313833e-03
1.047000000000000000e+03 1.149440332819027166e-03
1.048000000000000000e+03 1.147536911333144147e-03
1.049000000000000000e+03 1.149657580007100834e-03
1.050000000000000000e+03 1.147850138678258285e-03
1.051000000000000000e+03 1.146475763581499560e-03
1.052000000000000000e+03 1.145967676078375047e-03
1.053000000000000000e+03 1.146815943936033101e-03
1.054000000000000000e+03 1.145973204801900482e-03
1.055000000000000000e+03 1.147348345491235305e-03
1.056000000000000000e+03 1.146948684817120393e-03
1.057000000000000000e+03 1.146129594660819356e-03
1.058000000000000000e+03 1.148270743559964098e-03
1.059000000000000000e+03 1.147560490272692829e-03
1.060000000000000000e+03 1.148349508751831793e-03
1.061000000000000000e+03 1.145424080863106930e-03
1.062000000000000000e+03 1.149834522058792432e-03
1.063000000000000000e+03 1.147638530240805343e-03
1.064000000000000000e+03 1.145896668044996038e-03
1.065000000000000000e+03 1.147062404257757602e-03
1.066000000000000000e+03 1.150401157011914652e-03
1.067000000000000000e+03 1.148389776971912683e-03
1.068000000000000000e+03 1.145808709531980375e-03
1.069000000000000000e+03 1.145854671303805266e-03
1.070000000000000000e+03 1.147401392731850663e-03
1.071000000000000000e+03 1.148140381244672084e-03
1.072000000000000000e+03 1.147212065876335304e-03
1.073000000000000000e+03 1.145964834333767406e-03
1.074000000000000000e+03 1.146401767274025799e-03
1.075000000000000000e+03 1.149992439138549380e-03
1.076000000000000000e+03 1.146685152133604694e-03
1.077000000000000000e+03 1.146398080511719115e-03
1.078000000000000000e+03 1.145566202620030335e-03
1.079000000000000000e+03 1.146101001119606642e-03
1.080000000000000000e+03 1.146966317934637733e-03
1.081000000000000000e+03 1.146492213268773125e-03
1.082000000000000000e+03 1.146432022446551742e-03
1.083000000000000000e+03 1.147115531522311174e-03
1.084000000000000000e+03 1.148333927597697951e-03
1.085000000000000000e+03 1.145699968836933228e-03
1.086000000000000000e+03 1.147560716928448408e-03
1.087000000000000000e+03 1.147343283029732784e-03
1.088000000000000000e+03 1.146671484534034788e-03
1.089000000000000000e+03 1.146236676970677779e-03
1.090000000000000000e+03 1.145844658603703070e-03
1.091000000000000000e+03 1.146550487019347246e-03
1.092000000000000000e+03 1.146600269435961829e-03
1.093000000000000000e+03 1.145976335887969504e-03
1.094000000000000000e+03 1.144532577944732408e-03
1.095000000000000000e+03 1.145636992489131468e-03
1.096000000000000000e+03 1.144794138763409160e-03
1.097000000000000000e+03 1.145309802345883697e-03
1.098000000000000000e+03 1.145163534840998353e-03
1.099000000000000000e+03 1.145773695859049306e-03
1.100000000000000000e+03 1.146569547515590435e-03
1.101000000000000000e+03 1.144922859130364330e-03
1.102000000000000000e+03 1.144675343948269551e-03
1.103000000000000000e+03 1.146535126931571983e-03
1.104000000000000000e+03 1.146480658890006860e-03
1.105000000000000000e+03 1.145759966795303203e-03
1.106000000000000000e+03 1.145027749531680713e-03
1.107000000000000000e+03 1.147107844743972330e-03
1.108000000000000000e+03 1.145044574170302892e-03
1.109000000000000000e+03 1.145978033747496521e-03
1.110000000000000000e+03 1.144592173208883916e-03
1.111000000000000000e+03 1.144654970442405845e-03
1.112000000000000000e+03 1.145933135141995272e-03
1.113000000000000000e+03 1.147521604541645347e-03
1.114000000000000000e+03 1.145963345939602978e-03
1.115000000000000000e+03 1.144900400233762276e-03
1.116000000000000000e+03 1.146853389730948664e-03
1.117000000000000000e+03 1.145562170496129293e-03
1.118000000000000000e+03 1.146499659723062029e-03
1.119000000000000000e+03 1.144969048268298017e-03
1.120000000000000000e+03 1.144328363188434200e-03
1.121000000000000000e+03 1.146085457010525589e-03
1.122000000000000000e+03 1.145997634849983725e-03
1.123000000000000000e+03 1.149549632149389402e-03
1.124000000000000000e+03 1.146206817061520312e-03
1.125000000000000000e+03 1.144760669570553608e-03
1.126000000000000000e+03 1.144183007208447820e-03
1.127000000000000000e+03 1.144967913831814463e-03
1.128000000000000000e+03 1.144854152212238310e-03
1.129000000000000000e+03 1.145200940135646496e-03
1.130000000000000000e+03 1.144399309445530985e-03
1.131000000000000000e+03 1.145409510520766080e-03
1.132000000000000000e+03 1.145468868675153908e-03
1.133000000000000000e+03 1.145359017455122724e-03
1.134000000000000000e+03 1.146240969326062535e-03
1.135000000000000000e+03 1.144300952304378154e-03
1.136000000000000000e+03 1.144301396981742746e-03
1.137000000000000000e+03 1.146791931480113181e-03
1.138000000000000000e+03 1.145153121501906292e-03
1.139000000000000000e+03 1.145329555583803191e-03
1.140000000000000000e+03 1.146305546262371081e-03
1.141000000000000000e+03 1.144610590879998691e-03
1.142000000000000000e+03 1.145052076118307106e-03
1.143000000000000000e+03 1.143300878279888575e-03
1.144000000000000000e+03 1.144073351977162051e-03
1.145000000000000000e+03 1.145790407102625962e-03
1.146000000000000000e+03 1.145230946360492478e-03
1.147000000000000000e+03 1.145411666093725358e-03
1.148000000000000000e+03 1.145751095785184229e-03
1.149000000000000000e+03 1.143753802956511351e-03
1.150000000000000000e+03 1.144220429538173305e-03
1.151000000000000000e+03 1.147495995614845237e-03
1.152000000000000000e+03 1.144086562867942898e-03
1.153000000000000000e+03 1.144076783191688750e-03
1.154000000000000000e+03 1.145062719773070649e-03
1.155000000000000000e+03 1.145590726576974517e-03
1.156000000000000000e+03 1.144819802514984415e-03
1.157000000000000000e+03 1.143964341112156235e-03
1.158000000000000000e+03 1.143784671234085362e-03
1.159000000000000000e+03 1.143797626793017878e-03
1.160000000000000000e+03 1.143523798186824383e-03
1.161000000000000000e+03 1.147546697927406345e-03
1.162000000000000000e+03 1.147157201617951061e-03
1.163000000000000000e+03 1.144492013794202751e-03
1.164000000000000000e+03 1.144649821718663786e-03
1.165000000000000000e+03 1.143890177729286854e-03
1.166000000000000000e+03 1.143374594651530877e-03
1.167000000000000000e+03 1.144520892094603266e-03
1.168000000000000000e+03 1.145635543191066445e-03
1.169000000000000000e+03 1.144036552180800401e-03
1.170000000000000000e+03 1.143893282656584980e-03
1.171000000000000000e+03 1.145224702060671992e-03
1.172000000000000000e+03 1.144100552164395044e-03
1.173000000000000000e+03 1.144237720917810897e-03
1.174000000000000000e+03 1.147733045825899889e-03
1.175000000000000000e+03 1.143024353319933937e-03
1.176000000000000000e+03 1.145117923300464262e-03
1.177000000000000000e+03 1.145774115781703897e-03
1.178000000000000000e+03 1.144102462740909099e-03
1.179000000000000000e+03 1.145458415614282162e-03
1.180000000000000000e+03 1.146022417145598892e-03
1.181000000000000000e+03 1.142621777111704979e-03
1.182000000000000000e+03 1.144566339027865099e-03
1.183000000000000000e+03 1.143123477916183420e-03
1.184000000000000000e+03 1.144798073102404161e-03
1.185000000000000000e+03 1.142685975919418033e-03
1.186000000000000000e+03 1.144022686097531617e-03
1.187000000000000000e+03 1.142850702662238233e-03
1.188000000000000000e+03 1.142874074164755170e-03
1.189000000000000000e+03 1.143662251187036382e-03
1.190000000000000000e+03 1.144208702621904309e-03
1.191000000000000000e+03 1.144741114586352243e-03
1.192000000000000000e+03 1.144240717187715826e-03
1.193000000000000000e+03 1.147441296611010839e-03
1.194000000000000000e+03 1.145208727318177896e-03
1.195000000000000000e+03 1.143724578929884543e-03
1.196000000000000000e+03 1.143900468761260922e-03
1.197000000000000000e+03 1.146413277326222523e-03
1.198000000000000000e+03 1.143367573389612001e-03
1.199000000000000000e+03 1.142815322338526464e-03
1.200000000000000000e+03 1.143268521495462934e-03
1.201000000000000000e+03 1.144124642158446262e-03
1.202000000000000000e+03 1.142694543182543520e-03
1.203000000000000000e+03 1.143084108988018420e-03
1.204000000000000000e+03 1.143672070675097159e-03
1.205000000000000000e+03 1.144806957450411437e-03
1.206000000000000000e+03 1.143405416582729582e-03
1.207000000000000000e+03 1.145190343559753703e-03
1.208000000000000000e+03 1.144498913519358119e-03
1.209000000000000000e+03 1.146401435085938648e-03
1.210000000000000000e+03 1.142726971937490501e-03
1.211000000000000000e+03 1.142420968483836424e-03
1.212000000000000000e+03 1.142858303778897938e-03
1.213000000000000000e+03 1.143512021601622358e-03
1.214000000000000000e+03 1.142149630565300568e-03
1.215000000000000000e+03 1.143655465082561587e-03
1.216000000000000000e+03 1.145841199805083159e-03
1.217000000000000000e+03 1.143227334471956123e-03
1.218000000000000000e+03 1.143217186851623341e-03
1.219000000000000000e+03 1.142834426472272985e-03
1.220000000000000000e+03 1.143722913446880212e-03
1.221000000000000000e+03 1.146791722243127587e-03
1.222000000000000000e+03 1.144842712940688555e-03
1.223000000000000000e+03 1.146432942308984928e-03
1.224000000000000000e+03 1.142529677154791208e-03
1.225000000000000000e+03 1.142035514828075799e-03
1.226000000000000000e+03 1.147331678995910844e-03
1.227000000000000000e+03 1.144476765774988082e-03
1.228000000000000000e+03 1.143791956465389868e-03
1.229000000000000000e+03 1.142762611646886209e-03
1.230000000000000000e+03 1.144902108910594678e-03
1.231000000000000000e+03 1.144224449638674710e-03
1.232000000000000000e+03 1.142635937251743148e-03
1.233000000000000000e+03 1.143298130268318976e-03
1.234000000000000000e+03 1.142007285115858228e-03
1.235000000000000000e+03 1.142155610983009361e-03
1.236000000000000000e+03 1.143258010657623516e-03
1.237000000000000000e+03 1.141950213323017754e-03
1.238000000000000000e+03 1.143063947741205979e-03
1.239000000000000000e+03 1.142036547707382188e-03
1.240000000000000000e+03 1.143855851313163021e-03
1.241000000000000000e+03 1.143737256841853263e-03
1.242000000000000000e+03 1.142477829333478877e-03
1.243000000000000000e+03 1.143597572753125846e-03
1.244000000000000000e+03 1.142987172666854595e-03
1.245000000000000000e+03 1.142938637308498102e-03
1.246000000000000000e+03 1.141577804051511526e-03
1.247000000000000000e+03 1.142832256648293205e-03
1.248000000000000000e+03 1.143329806570752031e-03
1.249000000000000000e+03 1.142992497355147311e-03
1.250000000000000000e+03 1.143577138131690119e-03
1.251000000000000000e+03 1.143897933459656416e-03
1.252000000000000000e+03 1.144695622003826744e-03
1.253000000000000000e+03 1.142648087278834348e-03
1.254000000000000000e+03 1.143551172025069783e-03
1.255000000000000000e+03 1.142923032849481714e-03
1.256000000000000000e+03 1.142755527156473928e-03
1.257000000000000000e+03 1.141951799692350307e-03
1.258000000000000000e+03 1.142504748715762047e-03
1.259000000000000000e+03 1.142242419487094277e-03
1.260000000000000000e+03 1.142083960514474281e-03
1.261000000000000000e+03 1.142418363896427827e-03
1.262000000000000000e+03 1.142625099521449436e-03
1.263000000000000000e+03 1.141809904419270952e-03
1.264000000000000000e+03 1.142408005442183518e-03
1.265000000000000000e+03 1.141750706132507688e-03
1.266000000000000000e+03 1.142881230894743317e-03
1.267000000000000000e+03 1.141607180793813292e-03
1.268000000000000000e+03 1.141994127354997333e-03
1.269000000000000000e+03 1.142223209412319669e-03
1.270000000000000000e+03 1.142914124281988429e-03
1.271000000000000000e+03 1.142932365379325252e-03
1.272000000000000000e+03 1.141989916268675237e-03
1.273000000000000000e+03 1.141604488606547639e-03
1.274000000000000000e+03 1.142017665930238198e-03
1.275000000000000000e+03 1.141886418028787743e-03
1.276000000000000000e+03 1.141861812264687677e-03
1.277000000000000000e+03 1.141827071137580625e-03
1.278000000000000000e+03 1.141492144280857254e-03
1.279000000000000000e+03 1.142135463571398784e-03
1.280000000000000000e+03 1.141551648375212875e-03
1.281000000000000000e+03 1.141582981329381180e-03
1.282000000000000000e+03 1.142469416992754469e-03
1.283000000000000000e+03 1.142164612110601772e-03
1.284000000000000000e+03 1.142374199934197273e-03
1.285000000000000000e+03 1.142751975052460007e-03
1.286000000000000000e+03 1.142130411444986469e-03
1.287000000000000000e+03 1.142915939278035115e-03
1.288000000000000000e+03 1.144049365524703451e-03
1.289000000000000000e+03 1.144829193638830650e-03
1.290000000000000000e+03 1.144811657887482041e-03
1.291000000000000000e+03 1.143076952623757686e-03
1.292000000000000000e+03 1.150145266272067750e-03
1.293000000000000000e+03 1.142840087557484051e-03
1.294000000000000000e+03 1.142351432412270487e-03
1.295000000000000000e+03 1.143244265369418571e-03
1.296000000000000000e+03 1.142321360347173286e-03
1.297000000000000000e+03 1.142609097873606948e-03
1.298000000000000000e+03 1.143860977322881060e-03
1.299000000000000000e+03 1.141542531670253560e-03
1.300000000000000000e+03 1.141760445171878437e-03
1.301000000000000000e+03 1.141868852916415756e-03
1.302000000000000000e+03 1.141598820596504337e-03
1.303000000000000000e+03 1.142431649038474833e-03
1.304000000000000000e+03 1.141140006263768707e-03
1.305000000000000000e+03 1.141242189813870562e-03
1.306000000000000000e+03 1.140973940065750057e-03
1.307000000000000000e+03 1.142302371642315651e-03
1.308000000000000000e+03 1.141133006573166611e-03
1.309000000000000000e+03 1.141653010235844142e-03
1.310000000000000000e+03 1.141349129518383267e-03
1.311000000000000000e+03 1.140807817159274250e-03
1.312000000000000000e+03 1.142784808523285419e-03
1.313000000000000000e+03 1.141317539162875136e-03
1.314000000000000000e+03 1.141673579367259847e-03
1.315000000000000000e+03 1.141045712824109888e-03
1.316000000000000000e+03 1.141878946934571154e-03
1.317000000000000000e+03 1.140767330269955478e-03
1.318000000000000000e+03 1.140993428708021425e-03
1.319000000000000000e+03 1.141075663007450449e-03
1.320000000000000000e+03 1.140416753387153877e-03
1.321000000000000000e+03 1.140076569497984428e-03
1.322000000000000000e+03 1.141603570317037018e-03
1.323000000000000000e+03 1.141774047871875865e-03
1.324000000000000000e+03 1.140665677449087404e-03
1.325000000000000000e+03 1.141483676859443705e-03
1.326000000000000000e+03 1.142439120083055563e-03
1.327000000000000000e+03 1.140597544125256059e-03
1.328000000000000000e+03 1.141175380721134438e-03
1.329000000000000000e+03 1.141493179899313480e-03
1.330000000000000000e+03 1.143825081957270404e-03
1.331000000000000000e+03 1.140276006639650381e-03
1.332000000000000000e+03 1.140836361821596012e-03
1.333000000000000000e+03 1.140931185006159891e-03
1.334000000000000000e+03 1.140790898382219561e-03
1.335000000000000000e+03 1.140341185853720879e-03
1.336000000000000000e+03 1.141000859297181457e-03
1.337000000000000000e+03 1.142248162940640802e-03
1.338000000000000000e+03 1.140438555934189220e-03
1.339000000000000000e+03 1.141111692618822530e-03
1.340000000000000000e+03 1.141025160614467194e-03
1.341000000000000000e+03 1.140442904873112612e-03
1.342000000000000000e+03 1.141764559187221891e-03
1.343000000000000000e+03 1.141112560441878135e-03
1.344000000000000000e+03 1.141147830223652538e-03
1.345000000000000000e+03 1.140450618722890731e-03
1.346000000000000000e+03 1.141058864061048105e-03
1.347000000000000000e+03 1.140680419334127354e-03
1.348000000000000000e+03 1.141111748016861117e-03
1.349000000000000000e+03 1.141083891195073018e-03
1.350000000000000000e+03 1.141398395915946794e-03
1.351000000000000000e+03 1.143782437883132186e-03
1.352000000000000000e+03 1.140354775197552958e-03
1.353000000000000000e+03 1.141716133301472810e-03
1.354000000000000000e+03 1.141222697498759167e-03
1.355000000000000000e+03 1.141768029438240727e-03
1.356000000000000000e+03 1.141418918894363541e-03
1.357000000000000000e+03 1.141023942263647874e-03
1.358000000000000000e+03 1.141186444128263226e-03
1.359000000000000000e+03 1.141230076173613446e-03
1.360000000000000000e+03 1.141788868363428607e-03
1.361000000000000000e+03 1.140875551365681806e-03
1.362000000000000000e+03 1.140212533780830123e-03
1.363000000000000000e+03 1.140682746768586922e-03
1.364000000000000000e+03 1.140492673111418278e-03
1.365000000000000000e+03 1.142063522253186896e-03
1.366000000000000000e+03 1.143573920584610654e-03
1.367000000000000000e+03 1.141920300308867011e-03
1.368000000000000000e+03 1.140293252428575344e-03
1.369000000000000000e+03 1.140418338818181441e-03
1.370000000000000000e+03 1.139682296603640888e-03
1.371000000000000000e+03 1.140764273610728099e-03
1.372000000000000000e+03 1.139909079502714889e-03
1.373000000000000000e+03 1.139914822718654172e-03
1.374000000000000000e+03 1.141070092773851423e-03
1.375000000000000000e+03 1.140522564861436855e-03
1.376000000000000000e+03 1.140316021035726272e-03
1.377000000000000000e+03 1.140877347784275764e-03
1.378000000000000000e+03 1.140746525424637167e-03
1.379000000000000000e+03 1.139825834160269197e-03
1.380000000000000000e+03 1.140540916873200843e-03
1.381000000000000000e+03 1.140334432171988526e-03
1.382000000000000000e+03 1.140579197203429439e-03
1.383000000000000000e+03 1.141016389912672367e-03
1.384000000000000000e+03 1.140918827717705671e-03
1.385000000000000000e+03 1.140774123201584349e-03
1.386000000000000000e+03 1.140043979541751620e-03
1.387000000000000000e+03 1.140076288920052663e-03
1.388000000000000000e+03 1.140868957389674226e-03
1.389000000000000000e+03 1.140733837430337643e-03
1.390000000000000000e+03 1.140807749961591719e-03
1.391000000000000000e+03 1.140330515581614457e-03
1.392000000000000000e+03 1.140427503043002716e-03
1.393000000000000000e+03 1.140172862240283139e-03
1.394000000000000000e+03 1.142070270548784568e-03
1.395000000000000000e+03 1.140276253007175937e-03
1.396000000000000000e+03 1.140510170450507186e-03
1.397000000000000000e+03 1.139619404991443078e-03
1.398000000000000000e+03 1.142726782190114487e-03
1.399000000000000000e+03 1.140348202265608138e-03
1.400000000000000000e+03 1.141335838906307968e-03
1.401000000000000000e+03 1.139884119678718621e-03
1.402000000000000000e+03 1.139306633720484812e-03
1.403000000000000000e+03 1.139828587274394761e-03
1.404000000000000000e+03 1.140496908540285931e-03
1.405000000000000000e+03 1.140584201037151378e-03
1.406000000000000000e+03 1.140291079951622237e-03
1.407000000000000000e+03 1.140753225802538552e-03
1.408000000000000000e+03 1.139958256756087905e-03
1.409000000000000000e+03 1.139726605439502763e-03
1.410000000000000000e+03 1.141104795775862296e-03
1.411000000000000000e+03 1.140667049864144003e-03
1.412000000000000000e+03 1.140923849756433255e-03
1.413000000000000000e+03 1.140292309383055414e-03
1.414000000000000000e+03 1.140243651980524676e-03
1.415000000000000000e+03 1.139311909615602948e-03
1.416000000000000000e+03 1.141726754541239628e-03
1.417000000000000000e+03 1.140011999590431931e-03
1.418000000000000000e+03 1.140098580342323439e-03
1.419000000000000000e+03 1.139684686475468016e-03
1.420000000000000000e+03 1.139867590847147387e-03
1.421000000000000000e+03 1.141048429366860184e-03
1.422000000000000000e+03 1.139670734231137007e-03
1.423000000000000000e+03 1.139273048264638705e-03
1.424000000000000000e+03 1.139580852430591672e-03
1.425000000000000000e+03 1.141946014430797072e-03
1.426000000000000000e+03 1.139948221539149008e-03
1.427000000000000000e+03 1.139612835018139186e-03
1.428000000000000000e+03 1.140989945489508757e-03
1.429000000000000000e+03 1.140078937600479776e-03
1.430000000000000000e+03 1.140852633584873294e-03
1.431000000000000000e+03 1.139856725362283548e-03
1.432000000000000000e+03 1.141901658841783501e-03
1.433000000000000000e+03 1.140986772583115838e-03
1.434000000000000000e+03 1.141156328175492365e-03
1.435000000000000000e+03 1.139648644461047945e-03
1.436000000000000000e+03 1.139097767915181253e-03
1.437000000000000000e+03 1.139607968416105933e-03
1.438000000000000000e+03 1.139887543931616346e-03
1.439000000000000000e+03 1.140518514914020363e-03
1.440000000000000000e+03 1.140912531649795805e-03
1.441000000000000000e+03 1.139492269279417536e-03
1.442000000000000000e+03 1.139843762461344688e-03
1.443000000000000000e+03 1.140611581777696039e-03
1.444000000000000000e+03 1.139383539136870887e-03
1.445000000000000000e+03 1.138742169452839877e-03
1.446000000000000000e+03 1.142379445910139115e-03
1.447000000000000000e+03 1.140334883580911571e-03
1.448000000000000000e+03 1.139529204298992456e-03
1.449000000000000000e+03 1.139335415441784273e-03
1.450000000000000000e+03 1.139564734131187293e-03
1.451000000000000000e+03 1.139856166683998707e-03
1.452000000000000000e+03 1.140029453163337887e-03
1.453000000000000000e+03 1.139448272262100388e-03
1.454000000000000000e+03 1.139697173770043339e-03
1.455000000000000000e+03 1.139164084034111719e-03
1.456000000000000000e+03 1.140825628068217268e-03
1.457000000000000000e+03 1.139009734224899701e-03
1.458000000000000000e+03 1.139037107800768391e-03
1.459000000000000000e+03 1.138766627118975279e-03
1.460000000000000000e+03 1.141193589663392531e-03
1.461000000000000000e+03 1.140778589737030755e-03
1.462000000000000000e+03 1.139554410725126090e-03
1.463000000000000000e+03 1.139757684183898261e-03
1.464000000000000000e+03 1.138844270154004820e-03
1.465000000000000000e+03 1.139424482495532236e-03
1.466000000000000000e+03 1.139044704303478900e-03
1.467000000000000000e+03 1.140198841628814854e-03
1.468000000000000000e+03 1.138771672475053301e-03
1.469000000000000000e+03 1.140749042804884567e-03
1.470000000000000000e+03 1.140179921937403001e-03
1.471000000000000000e+03 1.139831266708042591e-03
1.472000000000000000e+03 1.141298221840502140e-03
1.473000000000000000e+03 1.142233358419684000e-03
1.474000000000000000e+03 1.138678028918157321e-03
1.475000000000000000e+03 1.139507273232556912e-03
1.476000000000000000e+03 1.139160384473348296e-03
1.477000000000000000e+03 1.138323112341035675e-03
1.478000000000000000e+03 1.139362997081894147e-03
1.479000000000000000e+03 1.139825593152654724e-03
1.480000000000000000e+03 1.139051154992938271e-03
1.481000000000000000e+03 1.139161815089675305e-03
1.482000000000000000e+03 1.139116089763243626e-03
1.483000000000000000e+03 1.139650104687389264e-03
1.484000000000000000e+03 1.139733841738603494e-03
1.485000000000000000e+03 1.138802667085963465e-03
1.486000000000000000e+03 1.138850800167086948e-03
1.487000000000000000e+03 1.139321185780457204e-03
1.488000000000000000e+03 1.139704856046243288e-03
1.489000000000000000e+03 1.139412647140711698e-03
1.490000000000000000e+03 1.139110838167908596e-03
1.491000000000000000e+03 1.139268229341419041e-03
1.492000000000000000e+03 1.138733344098259714e-03
1.493000000000000000e+03 1.138767648899088273e-03
1.494000000000000000e+03 1.139456699346621908e-03
1.495000000000000000e+03 1.139077620150554665e-03
1.496000000000000000e+03 1.139124152043373807e-03
1.497000000000000000e+03 1.139203033200229982e-03
1.498000000000000000e+03 1.138753685989454638e-03
1.499000000000000000e+03 1.139497382383766744e-03
1.500000000000000000e+03 1.140269253912512938e-03
1.501000000000000000e+03 1.142026805060776052e-03
1.502000000000000000e+03 1.139963256871358950e-03
1.503000000000000000e+03 1.139688468936583170e-03
1.504000000000000000e+03 1.139086662851990402e-03
1.505000000000000000e+03 1.138985452956390839e-03
1.506000000000000000e+03 1.139445443637375748e-03
1.507000000000000000e+03 1.138973439561899404e-03
1.508000000000000000e+03 1.139296034500079588e-03
1.509000000000000000e+03 1.139990273878169940e-03
1.510000000000000000e+03 1.138659964537921086e-03
1.511000000000000000e+03 1.139763805958521727e-03
1.512000000000000000e+03 1.138794466105602079e-03
1.513000000000000000e+03 1.139265902173271618e-03
1.514000000000000000e+03 1.139121404627475289e-03
1.515000000000000000e+03 1.139976778008574242e-03
1.516000000000000000e+03 1.139277723517287703e-03
1.517000000000000000e+03 1.138731860251142921e-03
1.518000000000000000e+03 1.139532189652270192e-03
1.519000000000000000e+03 1.138269174265478479e-03
1.520000000000000000e+03 1.138914744848572563e-03
1.521000000000000000e+03 1.139360220806827318e-03
1.522000000000000000e+03 1.138185826501513171e-03
1.523000000000000000e+03 1.138126617886797438e-03
1.524000000000000000e+03 1.139003835829196848e-03
1.525000000000000000e+03 1.139533604960985902e-03
1.526000000000000000e+03 1.138269967074044021e-03
1.527000000000000000e+03 1.138757335584410745e-03
1.528000000000000000e+03 1.139904526880771178e-03
1.529000000000000000e+03 1.139123048252389412e-03
1.530000000000000000e+03 1.138688658204020480e-03
1.531000000000000000e+03 1.138457230099125571e-03
1.532000000000000000e+03 1.139129304253795561e-03
1.533000000000000000e+03 1.139330184218118871e-03
1.534000000000000000e+03 1.138871744559274111e-03
1.535000000000000000e+03 1.138389718442733758e-03
1.536000000000000000e+03 1.140433254878389386e-03
1.537000000000000000e+03 1.139591400873596165e-03
1.538000000000000000e+03 1.138611252610953516e-03
1.539000000000000000e+03 1.138337264353377629e-03
1.540000000000000000e+03 1.141081680773776280e-03
1.541000000000000000e+03 1.138785163220540179e-03
1.542000000000000000e+03 1.138218673285383694e-03
1.543000000000000000e+03 1.139936846137171861e-03
1.544000000000000000e+03 1.140706850636435867e-03
1.545000000000000000e+03 1.138903875502758969e-03
1.546000000000000000e+03 1.139386670998584648e-03
1.547000000000000000e+03 1.138381760793145004e-03
1.548000000000000000e+03 1.140344289345241510e-03
1.549000000000000000e+03 1.138519940359763527e-03
1.550000000000000000e+03 1.138278614700861339e-03
1.551000000000000000e+03 1.138311167990787437e-03
1.552000000000000000e+03 1.138697062434220484e-03
1.553000000000000000e+03 1.138738564078097633e-03
1.554000000000000000e+03 1.138863487218695018e-03
1.555000000000000000e+03 1.138352175058831390e-03
1.556000000000000000e+03 1.139675540156047644e-03
1.557000000000000000e+03 1.139020593332226369e-03
1.558000000000000000e+03 1.139996767992468556e-03
1.559000000000000000e+03 1.139884379581021859e-03
1.560000000000000000e+03 1.138512136134038231e-03
1.561000000000000000e+03 1.140177762438548308e-03
1.562000000000000000e+03 1.139286338829630790e-03
1.563000000000000000e+03 1.138234156740357142e-03
1.564000000000000000e+03 1.138397722682369219e-03
1.565000000000000000e+03 1.138857642316656524e-03
1.566000000000000000e+03 1.138273687204961748e-03
1.567000000000000000e+03 1.138578490827258293e-03
1.568000000000000000e+03 1.138803478166462669e-03
1.569000000000000000e+03 1.138590993258170678e-03
1.570000000000000000e+03 1.138564599965217810e-03
1.571000000000000000e+03 1.139442368935434128e-03
1.572000000000000000e+03 1.138413879448561730e-03
1.573000000000000000e+03 1.138612905559217674e-03
1.574000000000000000e+03 1.139604944388635660e-03
1.575000000000000000e+03 1.138534394231206564e-03
1.576000000000000000e+03 1.138258467688302647e-03
1.577000000000000000e+03 1.138975463707725183e-03
1.578000000000000000e+03 1.139667384534355120e-03
1.579000000000000000e+03 1.138230181410183808e-03
1.580000000000000000e+03 1.138150576647636207e-03
1.581000000000000000e+03 1.137966558658548479e-03
1.582000000000000000e+03 1.137731249557348426e-03
1.583000000000000000e+03 1.138519864884271569e-03
1.584000000000000000e+03 1.138562516458985034e-03
1.585000000000000000e+03 1.138096993289176720e-03
1.586000000000000000e+03 1.138577605567678676e-03
1.587000000000000000e+03 1.137906533639860109e-03
1.588000000000000000e+03 1.138894228288623352e-03
1.589000000000000000e+03 1.139869462149706910e-03
1.590000000000000000e+03 1.138551256191962626e-03
1.591000000000000000e+03 1.137908480276534229e-03
1.592000000000000000e+03 1.138619931160046424e-03
1.593000000000000000e+03 1.139805587193488956e-03
1.594000000000000000e+03 1.137780084888902025e-03
1.595000000000000000e+03 1.139212957897125459e-03
1.596000000000000000e+03 1.139277967369286410e-03
1.597000000000000000e+03 1.137792370618822624e-03
1.598000000000000000e+03 1.137869876274218671e-03
1.599000000000000000e+03 1.137676963617470331e-03
1.600000000000000000e+03 1.141298390249045544e-03
1.601000000000000000e+03 1.138526959894057633e-03
1.602000000000000000e+03 1.137525225123206659e-03
1.603000000000000000e+03 1.138030860921063984e-03
1.604000000000000000e+03 1.138025865975938284e-03
1.605000000000000000e+03 1.138012005232687208e-03
1.606000000000000000e+03 1.137949069968479656e-03
1.607000000000000000e+03 1.138072985119467076e-03
1.608000000000000000e+03 1.138825102268003955e-03
1.609000000000000000e+03 1.138088977408264774e-03
1.610000000000000000e+03 1.138320462782047232e-03
1.611000000000000000e+03 1.138468414581381930e-03
1.612000000000000000e+03 1.138663283653667223e-03
1.613000000000000000e+03 1.138267907699524366e-03
1.614000000000000000e+03 1.141045573375400147e-03
1.615000000000000000e+03 1.137954474118308898e-03
1.616000000000000000e+03 1.138918826540262930e-03
1.617000000000000000e+03 1.137852848375955819e-03
1.618000000000000000e+03 1.138550526368846622e-03
1.619000000000000000e+03 1.137464801640661978e-03
1.620000000000000000e+03 1.138388988248141684e-03
1.621000000000000000e+03 1.138497185842200820e-03
1.622000000000000000e+03 1.142519854332026824e-03
1.623000000000000000e+03 1.137691349898938518e-03
1.624000000000000000e+03 1.138048603187708559e-03
1.625000000000000000e+03 1.138247040869844184e-03
1.626000000000000000e+03 1.139213593085046166e-03
1.627000000000000000e+03 1.139840082108313241e-03
1.628000000000000000e+03 1.137432573966613457e-03
1.629000000000000000e+03 1.137638087660295099e-03
1.630000000000000000e+03 1.137590498308791321e-03
1.631000000000000000e+03 1.138172836763783275e-03
1.632000000000000000e+03 1.137603683582297156e-03
1.633000000000000000e+03 1.137534087533334905e-03
1.634000000000000000e+03 1.137706905073578847e-03
1.635000000000000000e+03 1.140380521983209343e-03
1.636000000000000000e+03 1.138871509502616597e-03
1.637000000000000000e+03 1.139581187256957524e-03
1.638000000000000000e+03 1.138374125000087477e-03
1.639000000000000000e+03 1.137720900870387020e-03
1.640000000000000000e+03 1.137469272031611540e-03
1.641000000000000000e+03 1.137187391247168784e-03
1.642000000000000000e+03 1.137776642607108432e-03
1.643000000000000000e+03 1.137629245480556483e-03
1.644000000000000000e+03 1.137168562003055237e-03
1.645000000000000000e+03 1.138296462302800655e-03
1.646000000000000000e+03 1.137840141943194383e-03
1.647000000000000000e+03 1.138593909141898293e-03
1.648000000000000000e+03 1.137442484858839286e-03
1.649000000000000000e+03 1.137915973129307364e-03
1.650000000000000000e+03 1.137460785203789002e-03
1.651000000000000000e+03 1.137046668331666982e-03
1.652000000000000000e+03 1.138897443808807889e-03
1.653000000000000000e+03 1.137289554137145336e-03
1.654000000000000000e+03 1.137342343647785962e-03
1.655000000000000000e+03 1.137328098413827818e-03
1.656000000000000000e+03 1.137511434321336612e-03
1.657000000000000000e+03 1.138455553428538913e-03
1.658000000000000000e+03 1.137622768025348206e-03
1.659000000000000000e+03 1.137027161176341894e-03
1.660000000000000000e+03 1.138428581855601167e-03
1.661000000000000000e+03 1.137565117738840699e-03
1.662000000000000000e+03 1.137637884351146286e-03
1.663000000000000000e+03 1.136581451611115914e-03
1.664000000000000000e+03 1.137798042699384154e-03
1.665000000000000000e+03 1.137833676396646796e-03
1.666000000000000000e+03 1.137093524747783899e-03
1.667000000000000000e+03 1.138068587067136333e-03
1.668000000000000000e+03 1.137097757012136895e-03
1.669000000000000000e+03 1.138479166975986173e-03
1.670000000000000000e+03 1.137265859072104620e-03
1.671000000000000000e+03 1.137319042388337115e-03
1.672000000000000000e+03 1.137920908223632316e-03
1.673000000000000000e+03 1.139063291779239496e-03
1.674000000000000000e+03 1.137246228951700657e-03
1.675000000000000000e+03 1.137792182099199535e-03
1.676000000000000000e+03 1.137417316343013142e-03
1.677000000000000000e+03 1.137107777663918986e-03
1.678000000000000000e+03 1.137158894799760855e-03
1.679000000000000000e+03 1.137616321493630260e-03
1.680000000000000000e+03 1.137460792531991933e-03
1.681000000000000000e+03 1.136947862160638152e-03
1.682000000000000000e+03 1.137628540547881749e-03
1.683000000000000000e+03 1.137515521123734410e-03
1.684000000000000000e+03 1.137360848114300381e-03
1.685000000000000000e+03 1.137054597636443128e-03
1.686000000000000000e+03 1.137590266543498383e-03
1.687000000000000000e+03 1.137872937543636751e-03
1.688000000000000000e+03 1.137661187946910736e-03
1.689000000000000000e+03 1.137466327730021244e-03
1.690000000000000000e+03 1.138298810328660336e-03
1.691000000000000000e+03 1.137980599309706487e-03
1.692000000000000000e+03 1.137712310357575501e-03
1.693000000000000000e+03 1.137123984479068229e-03
1.694000000000000000e+03 1.137387717108297993e-03
1.695000000000000000e+03 1.136970100586131389e-03
1.696000000000000000e+03 1.137871627217669664e-03
1.697000000000000000e+03 1.137246824447755902e-03
1.698000000000000000e+03 1.137244937457064812e-03
1.699000000000000000e+03 1.136976817590158381e-03
1.700000000000000000e+03 1.138987180248130166e-03
1.701000000000000000e+03 1.138777887183678407e-03
1.702000000000000000e+03 1.137182480661558118e-03
1.703000000000000000e+03 1.138023559621388885e-03
1.704000000000000000e+03 1.137147171742657233e-03
1.705000000000000000e+03 1.137802820125980189e-03
1.706000000000000000e+03 1.137192552607940287e-03
1.707000000000000000e+03 1.137182506056050400e-03
1.708000000000000000e+03 1.138182539672832200e-03
1.709000000000000000e+03 1.137764810340636699e-03
1.710000000000000000e+03 1.137465996896411388e-03
1.711000000000000000e+03 1.138006696942472267e-03
1.712000000000000000e+03 1.137914783759023029e-03
1.713000000000000000e+03 1.136835643919458438e-03
1.714000000000000000e+03 1.137132617565511867e-03
1.715000000000000000e+03 1.136820262430861955e-03
1.716000000000000000e+03 1.137394050942905832e-03
1.717000000000000000e+03 1.137366396903329545e-03
1.718000000000000000e+03 1.137503319704290814e-03
1.719000000000000000e+03 1.137015042548195770e-03
1.720000000000000000e+03 1.138177694827137432e-03
1.721000000000000000e+03 1.136717068919351108e-03
1.722000000000000000e+03 1.137507737908312420e-03
1.723000000000000000e+03 1.138256301633662091e-03
1.724000000000000000e+03 1.137133968979443582e-03
1.725000000000000000e+03 1.137107455649712237e-03
1.726000000000000000e+03 1.137486326801077788e-03
1.727000000000000000e+03 1.137320505444110652e-03
1.728000000000000000e+03 1.137346755526505524e-03
1.729000000000000000e+03 1.136951570594037057e-03
1.730000000000000000e+03 1.137801675098645306e-03
1.731000000000000000e+03 1.136699019882275860e-03
1.732000000000000000e+03 1.137408903212064944e-03
1.733000000000000000e+03 1.137556947741096393e-03
1.734000000000000000e+03 1.136696602426715257e-03
1.735000000000000000e+03 1.136893567794879621e-03
1.736000000000000000e+03 1.136934322942879721e-03
1.737000000000000000e+03 1.136787043928976773e-03
1.738000000000000000e+03 1.137562972514937452e-03
1.739000000000000000e+03 1.137295404143939641e-03
1.740000000000000000e+03 1.138223357815017905e-03
1.741000000000000000e+03 1.137904491470717117e-03
1.742000000000000000e+03 1.137446435370144089e-03
1.743000000000000000e+03 1.137191779358603981e-03
1.744000000000000000e+03 1.136668438329667885e-03
1.745000000000000000e+03 1.137391833915266451e-03
1.746000000000000000e+03 1.136684348661713001e-03
1.747000000000000000e+03 1.136705822317714363e-03
1.748000000000000000e+03 1.136547076189902165e-03
1.749000000000000000e+03 1.136879659260206250e-03
1.750000000000000000e+03 1.136718853364773263e-03
1.751000000000000000e+03 1.136721521542302660e-03
1.752000000000000000e+03 1.136844090511442444e-03
1.753000000000000000e+03 1.136364779258299332e-03
1.754000000000000000e+03 1.138889683932588432e-03
1.755000000000000000e+03 1.137177851077369886e-03
1.756000000000000000e+03 1.136534685631119179e-03
1.757000000000000000e+03 1.136578829601609048e-03
1.758000000000000000e+03 1.136676279555127620e-03
1.759000000000000000e+03 1.136504475888733571e-03
1.760000000000000000e+03 1.137785730169504602e-03
1.761000000000000000e+03 1.137426847190592828e-03
1.762000000000000000e+03 1.136957282287370634e-03
1.763000000000000000e+03 1.137532346460107908e-03
1.764000000000000000e+03 1.138063609792209921e-03
1.765000000000000000e+03 1.137367127941910994e-03
1.766000000000000000e+03 1.137330565272057442e-03
1.767000000000000000e+03 1.137219100517924356e-03
1.768000000000000000e+03 1.136798405092653277e-03
1.769000000000000000e+03 1.136126327778849308e-03
1.770000000000000000e+03 1.137103223865208474e-03
1.771000000000000000e+03 1.137337887250780425e-03
1.772000000000000000e+03 1.137929036325852896e-03
1.773000000000000000e+03 1.136943186568387760e-03
1.774000000000000000e+03 1.136391884060423225e-03
1.775000000000000000e+03 1.137256531082172497e-03
1.776000000000000000e+03 1.137301178392900129e-03
1.777000000000000000e+03 1.136531378458350465e-03
1.778000000000000000e+03 1.137295795843043566e-03
1.779000000000000000e+03 1.136627255687073373e-03
1.780000000000000000e+03 1.136736968822284069e-03
1.781000000000000000e+03 1.136770047129171063e-03
1.782000000000000000e+03 1.136744860945268065e-03
1.783000000000000000e+03 1.136345310961093006e-03
1.784000000000000000e+03 1.136438457448558448e-03
1.785000000000000000e+03 1.136896695582807586e-03
1.786000000000000000e+03 1.137332965916292493e-03
1.787000000000000000e+03 1.136616685423573817e-03
1.788000000000000000e+03 1.137141412634613260e-03
1.789000000000000000e+03 1.136613880766079937e-03
1.790000000000000000e+03 1.136655719890254700e-03
1.791000000000000000e+03 1.136611739305952006e-03
1.792000000000000000e+03 1.137332758737208058e-03
1.793000000000000000e+03 1.138314810489543180e-03
1.794000000000000000e+03 1.136973810931277964e-03
1.795000000000000000e+03 1.136382843632516076e-03
1.796000000000000000e+03 1.136714602823202420e-03
1.797000000000000000e+03 1.137673048247164797e-03
1.798000000000000000e+03 1.136770950526101677e-03
1.799000000000000000e+03 1.136545711387370759e-03
1.800000000000000000e+03 1.136595602678563532e-03
1.801000000000000000e+03 1.136669401650323985e-03
1.802000000000000000e+03 1.136570284416128828e-03
1.803000000000000000e+03 1.136921407526981067e-03
1.804000000000000000e+03 1.136541972171258453e-03
1.805000000000000000e+03 1.137176658436574953e-03
1.806000000000000000e+03 1.136263484693802225e-03
1.807000000000000000e+03 1.136735982713213584e-03
1.808000000000000000e+03 1.137054703899173730e-03
1.809000000000000000e+03 1.135926946860693577e-03
1.810000000000000000e+03 1.136539176623227758e-03
1.811000000000000000e+03 1.136521068894436525e-03
1.812000000000000000e+03 1.137332622907623282e-03
1.813000000000000000e+03 1.136700837250412916e-03
1.814000000000000000e+03 1.136793784683454373e-03
1.815000000000000000e+03 1.136720772673346447e-03
1.816000000000000000e+03 1.136334225126236358e-03
1.817000000000000000e+03 1.136598579748338694e-03
1.818000000000000000e+03 1.136192027009050656e-03
1.819000000000000000e+03 1.136797295115550641e-03
1.820000000000000000e+03 1.136547644450359735e-03
1.821000000000000000e+03 1.136102177840423756e-03
1.822000000000000000e+03 1.136316863707408607e-03
1.823000000000000000e+03 1.136617900256120441e-03
1.824000000000000000e+03 1.137554549226382945e-03
1.825000000000000000e+03 1.136450501047964407e-03
1.826000000000000000e+03 1.137102771461498494e-03
1.827000000000000000e+03 1.136268633844734902e-03
1.828000000000000000e+03 1.136720042305827813e-03
1.829000000000000000e+03 1.136219936829841728e-03
1.830000000000000000e+03 1.136344778400381547e-03
1.831000000000000000e+03 1.136439361425711564e-03
1.832000000000000000e+03 1.137258445025962844e-03
1.833000000000000000e+03 1.136632386634351538e-03
1.834000000000000000e+03 1.137678732672583451e-03
1.835000000000000000e+03 1.136812003288986987e-03
1.836000000000000000e+03 1.136280321808920586e-03
1.837000000000000000e+03 1.136517776804571488e-03
1.838000000000000000e+03 1.136662319650264680e-03
1.839000000000000000e+03 1.136218784879429065e-03
1.840000000000000000e+03 1.136617468150000676e-03
1.841000000000000000e+03 1.136324573870592294e-03
1.842000000000000000e+03 1.136970097925860297e-03
1.843000000000000000e+03 1.136993108865146920e-03
1.844000000000000000e+03 1.136033878457323211e-03
1.845000000000000000e+03 1.136814264762148717e-03
1.846000000000000000e+03 1.136246281541738318e-03
1.847000000000000000e+03 1.136229865799395821e-03
1.848000000000000000e+03 1.136081486930833051e-03
1.849000000000000000e+03 1.135930753664248687e-03
1.850000000000000000e+03 1.136843679900229661e-03
1.851000000000000000e+03 1.136457052000016928e-03
1.852000000000000000e+03 1.136028440541080259e-03
1.853000000000000000e+03 1.136543464430633983e-03
1.854000000000000000e+03 1.136221009297899232e-03
1.855000000000000000e+03 1.136617161287052646e-03
1.856000000000000000e+03 1.136042724477331293e-03
1.857000000000000000e+03 1.136620975270667038e-03
1.858000000000000000e+03 1.137115671386481307e-03
1.859000000000000000e+03 1.136614957637907758e-03
1.860000000000000000e+03 1.136113025555056562e-03
1.861000000000000000e+03 1.136113180094697195e-03
1.862000000000000000e+03 1.136063092250897332e-03
1.863000000000000000e+03 1.136116252567568805e-03
1.864000000000000000e+03 1.135866021783063333e-03
1.865000000000000000e+03 1.137010082333255812e-03
1.866000000000000000e+03 1.137115643611157816e-03
1.867000000000000000e+03 1.136198289417325114e-03
1.868000000000000000e+03 1.137348539515147666e-03
1.869000000000000000e+03 1.136225841180708027e-03
1.870000000000000000e+03 1.136301723899707256e-03
1.871000000000000000e+03 1.136235617809356821e-03
1.872000000000000000e+03 1.135894197922129563e-03
1.873000000000000000e+03 1.136552346591887877e-03
1.874000000000000000e+03 1.136565107514759219e-03
1.875000000000000000e+03 1.136567752905287380e-03
1.876000000000000000e+03 1.136772499207608280e-03
1.877000000000000000e+03 1.136223557772417020e-03
1.878000000000000000e+03 1.136541770259550397e-03
1.879000000000000000e+03 1.136124688526934977e-03
1.880000000000000000e+03 1.136468924574698339e-03
1.881000000000000000e+03 1.136790128759562627e-03
1.882000000000000000e+03 1.136027266051029255e-03
1.883000000000000000e+03 1.135978917470647142e-03
1.884000000000000000e+03 1.136097902035106090e-03
1.885000000000000000e+03 1.136039800444399277e-03
1.886000000000000000e+03 1.136488919539547539e-03
1.887000000000000000e+03 1.136203640567630098e-03
1.888000000000000000e+03 1.136026455372644590e-03
1.889000000000000000e+03 1.135985063306641342e-03
1.890000000000000000e+03 1.136227368610759824e-03
1.891000000000000000e+03 1.137230589063335795e-03
1.892000000000000000e+03 1.136083521794836911e-03
1.893000000000000000e+03 1.136503599485495612e-03
1.894000000000000000e+03 1.136437498647567372e-03
1.895000000000000000e+03 1.136385935638666760e-03
1.896000000000000000e+03 1.136042919383807017e-03
1.897000000000000000e+03 1.135828491109120352e-03
1.898000000000000000e+03 1.136699656855695399e-03
1.899000000000000000e+03 1.136780770887488821e-03
1.900000000000000000e+03 1.136360304519560931e-03
1.901000000000000000e+03 1.135873809779652539e-03
1.902000000000000000e+03 1.135951035334984999e-03
1.903000000000000000e+03 1.136486432905008635e-03
1.904000000000000000e+03 1.135881669590603493e-03
1.905000000000000000e+03 1.135812834621803243e-03
1.906000000000000000e+03 1.136438556279707876e-03
1.907000000000000000e+03 1.135971885938323296e-03
1.908000000000000000e+03 1.136168395356099538e-03
1.909000000000000000e+03 1.135873717061102470e-03
1.910000000000000000e+03 1.135971726603223712e-03
1.911000000000000000e+03 1.136260171587694838e-03
1.912000000000000000e+03 1.136022858575019443e-03
1.913000000000000000e+03 1.136694577534348629e-03
1.914000000000000000e+03 1.137004320138412577e-03
1.915000000000000000e+03 1.136361391749429782e-03
1.916000000000000000e+03 1.135906735968334781e-03
1.917000000000000000e+03 1.135931968932195942e-03
1.918000000000000000e+03 1.135962660289670939e-03
1.919000000000000000e+03 1.135864550881712743e-03
1.920000000000000000e+03 1.136498898847121408e-03
1.921000000000000000e+03 1.136096340816889535e-03
1.922000000000000000e+03 1.135913006274367858e-03
1.923000000000000000e+03 1.135906111225014553e-03
1.924000000000000000e+03 1.135889836370513597e-03
1.925000000000000000e+03 1.135617629505307046e-03
1.926000000000000000e+03 1.136566586005959348e-03
1.927000000000000000e+03 1.137017772810722466e-03
1.928000000000000000e+03 1.136454518838116851e-03
1.929000000000000000e+03 1.135809629216327906e-03
1.930000000000000000e+03 1.135647352706353102e-03
1.931000000000000000e+03 1.135742747102028161e-03
1.932000000000000000e+03 1.135906911054001016e-03
1.933000000000000000e+03 1.135638476416928489e-03
1.934000000000000000e+03 1.136212095884304779e-03
1.935000000000000000e+03 1.136325854977320591e-03
1.936000000000000000e+03 1.135964490422225123e-03
1.937000000000000000e+03 1.137466902191537361e-03
1.938000000000000000e+03 1.136084580798996666e-03
1.939000000000000000e+03 1.135727181826277996e-03
1.940000000000000000e+03 1.135881420141624659e-03
1.941000000000000000e+03 1.136235669218057902e-03
1.942000000000000000e+03 1.135909653881803788e-03
1.943000000000000000e+03 1.135793584968308127e-03
1.944000000000000000e+03 1.136340818844003460e-03
1.945000000000000000e+03 1.137099804237939838e-03
1.946000000000000000e+03 1.136382372481738829e-03
1.947000000000000000e+03 1.136022309462071406e-03
1.948000000000000000e+03 1.135763093172068722e-03
1.949000000000000000e+03 1.135714323849883883e-03
1.950000000000000000e+03 1.135885413500004526e-03
1.951000000000000000e+03 1.136200404276334602e-03
1.952000000000000000e+03 1.135991405672529247e-03
1.953000000000000000e+03 1.135732614049828537e-03
1.954000000000000000e+03 1.135621822171506510e-03
1.955000000000000000e+03 1.135557726771944205e-03
1.956000000000000000e+03 1.135802513296619394e-03
1.957000000000000000e+03 1.135629942633131252e-03
1.958000000000000000e+03 1.135936555050504840e-03
1.959000000000000000e+03 1.135730600217153699e-03
1.960000000000000000e+03 1.136073029320513062e-03
1.961000000000000000e+03 1.135753702496950131e-03
1.962000000000000000e+03 1.135669475950229273e-03
1.963000000000000000e+03 1.135604550745193068e-03
1.964000000000000000e+03 1.135576973727477675e-03
1.965000000000000000e+03 1.135588674037458752e-03
1.966000000000000000e+03 1.135695266287613421e-03
1.967000000000000000e+03 1.136917758798052262e-03
1.968000000000000000e+03 1.136528136087461976e-03
1.969000000000000000e+03 1.136644945956933033e-03
1.970000000000000000e+03 1.136190170284694144e-03
1.971000000000000000e+03 1.135833405103078841e-03
1.972000000000000000e+03 1.135851425802237875e-03
1.973000000000000000e+03 1.135113317392524900e-03
1.974000000000000000e+03 1.136444840169998152e-03
1.975000000000000000e+03 1.135621963919762221e-03
1.976000000000000000e+03 1.135911671455989416e-03
1.977000000000000000e+03 1.135484623438206197e-03
1.978000000000000000e+03 1.135438838390005973e-03
1.979000000000000000e+03 1.135613547751702446e-03
1.980000000000000000e+03 1.135521433664607276e-03
1.981000000000000000e+03 1.135847713056452150e-03
1.982000000000000000e+03 1.136132708078975428e-03
1.983000000000000000e+03 1.135838372719009210e-03
1.984000000000000000e+03 1.135352337557184090e-03
1.985000000000000000e+03 1.135789969418370777e-03
1.986000000000000000e+03 1.136018419126174879e-03
1.987000000000000000e+03 1.135678945950523849e-03
1.988000000000000000e+03 1.135819827028414220e-03
1.989000000000000000e+03 1.135495356516719179e-03
1.990000000000000000e+03 1.135531363611240029e-03
1.991000000000000000e+03 1.135697639269312364e-03
1.992000000000000000e+03 1.135593092269628849e-03
1.993000000000000000e+03 1.135825267963779884e-03
1.994000000000000000e+03 1.135443282265130192e-03
1.995000000000000000e+03 1.135597029581203064e-03
1.996000000000000000e+03 1.136650822916866277e-03
1.997000000000000000e+03 1.136506069652009438e-03
1.998000000000000000e+03 1.135761455015083660e-03
1.999000000000000000e+03 1.135518755629267348e-03
2.000000000000000000e+03 1.135641991565815734e-03
2.001000000000000000e+03 1.135963895525213046e-03
2.002000000000000000e+03 1.136426087954405971e-03
2.003000000000000000e+03 1.136045511375147329e-03
2.004000000000000000e+03 1.135681960480603618e-03
2.005000000000000000e+03 1.135524993422897064e-03
2.006000000000000000e+03 1.135403247499594060e-03
2.007000000000000000e+03 1.136226514105069009e-03
2.008000000000000000e+03 1.135489857729147633e-03
2.009000000000000000e+03 1.136722431848508942e-03
2.010000000000000000e+03 1.135722771217499618e-03
2.011000000000000000e+03 1.135580630235524325e-03
2.012000000000000000e+03 1.135437224425907537e-03
2.013000000000000000e+03 1.135684555349344288e-03
2.014000000000000000e+03 1.136269583071145266e-03
2.015000000000000000e+03 1.135269869924952334e-03
2.016000000000000000e+03 1.135664166298551306e-03
2.017000000000000000e+03 1.135463925649186825e-03
2.018000000000000000e+03 1.135280159095208158e-03
2.019000000000000000e+03 1.135402106667311685e-03
2.020000000000000000e+03 1.135397336402985125e-03
2.021000000000000000e+03 1.136062600045061781e-03
2.022000000000000000e+03 1.135388260145007511e-03
2.023000000000000000e+03 1.135515145934040812e-03
2.024000000000000000e+03 1.135007276124805039e-03
2.025000000000000000e+03 1.135703873135142806e-03
2.026000000000000000e+03 1.136204750310782939e-03
2.027000000000000000e+03 1.135521327446119928e-03
2.028000000000000000e+03 1.135399454479913382e-03
2.029000000000000000e+03 1.135402829451681800e-03
2.030000000000000000e+03 1.135509011607570848e-03
2.031000000000000000e+03 1.135343271062249932e-03
2.032000000000000000e+03 1.135377271555336508e-03
2.033000000000000000e+03 1.135337266914446426e-03
2.034000000000000000e+03 1.136286612265657468e-03
2.035000000000000000e+03 1.136147229066703868e-03
2.036000000000000000e+03 1.135758530203364669e-03
2.037000000000000000e+03 1.135502667522168656e-03
2.038000000000000000e+03 1.135576084662430832e-03
2.039000000000000000e+03 1.135613641276293296e-03
2.040000000000000000e+03 1.135467613934119501e-03
2.041000000000000000e+03 1.135458968673519649e-03
2.042000000000000000e+03 1.136136006745127724e-03
2.043000000000000000e+03 1.135278760403157089e-03
2.044000000000000000e+03 1.135737467194926570e-03
2.045000000000000000e+03 1.135334003648949845e-03
2.046000000000000000e+03 1.135092311421176262e-03
2.047000000000000000e+03 1.135693504877295472e-03
2.048000000000000000e+03 1.135502938291945048e-03
2.049000000000000000e+03 1.135672978805088093e-03
2.050000000000000000e+03 1.135711271037651493e-03
2.051000000000000000e+03 1.135297968257072783e-03
2.052000000000000000e+03 1.135807911002652834e-03
2.053000000000000000e+03 1.135414550412867365e-03
2.054000000000000000e+03 1.135232963433238044e-03
2.055000000000000000e+03 1.135353812340864250e-03
2.056000000000000000e+03 1.135177923798391750e-03
2.057000000000000000e+03 1.135100483302299221e-03
2.058000000000000000e+03 1.135755487442952983e-03
2.059000000000000000e+03 1.135711330977342507e-03
2.060000000000000000e+03 1.135280641306996453e-03
2.061000000000000000e+03 1.135477674810958819e-03
2.062000000000000000e+03 1.135253298612209742e-03
2.063000000000000000e+03 1.135454664116496972e-03
2.064000000000000000e+03 1.135356379160553774e-03
2.065000000000000000e+03 1.135298113019808002e-03
2.066000000000000000e+03 1.135253464177436635e-03
2.067000000000000000e+03 1.135309110711953205e-03
2.068000000000000000e+03 1.135555556423273457e-03
2.069000000000000000e+03 1.135174338966003348e-03
2.070000000000000000e+03 1.135971075976871655e-03
2.071000000000000000e+03 1.135445675864405141e-03
2.072000000000000000e+03 1.135330178467793862e-03
2.073000000000000000e+03 1.135456141706847827e-03
2.074000000000000000e+03 1.135486657782926439e-03
2.075000000000000000e+03 1.135523014001671178e-03
2.076000000000000000e+03 1.135382326475855999e-03
2.077000000000000000e+03 1.135505648585128724e-03
2.078000000000000000e+03 1.135108089599149838e-03
2.079000000000000000e+03 1.135571836616765164e-03
2.080000000000000000e+03 1.135233313016322096e-03
2.081000000000000000e+03 1.135671250599184189e-03
2.082000000000000000e+03 1.135304164517128827e-03
2.083000000000000000e+03 1.135226745026474138e-03
2.084000000000000000e+03 1.135400226970181966e-03
2.085000000000000000e+03 1.135149428393499287e-03
2.086000000000000000e+03 1.135099917924918458e-03
2.087000000000000000e+03 1.135466296877935552e-03
2.088000000000000000e+03 1.135381023711046558e-03
2.089000000000000000e+03 1.135590262697320618e-03
2.090000000000000000e+03 1.135965070254717690e-03
2.091000000000000000e+03 1.135335152819399182e-03
2.092000000000000000e+03 1.135489761932850089e-03
2.093000000000000000e+03 1.135177630581575689e-03
2.094000000000000000e+03 1.135353207784839651e-03
2.095000000000000000e+03 1.135255253323931221e-03
2.096000000000000000e+03 1.135477530253883307e-03
2.097000000000000000e+03 1.135203482907872754e-03
2.098000000000000000e+03 1.135034507342639514e-03
2.099000000000000000e+03 1.135091387448905172e-03
2.100000000000000000e+03 1.134980096422114060e-03
2.101000000000000000e+03 1.135202947086529730e-03
2.102000000000000000e+03 1.135606266697209397e-03
2.103000000000000000e+03 1.135599892712064367e-03
2.104000000000000000e+03 1.135094360891996095e-03
2.105000000000000000e+03 1.135497123716406546e-03
2.106000000000000000e+03 1.135097117778246633e-03
2.107000000000000000e+03 1.135135830545950164e-03
2.108000000000000000e+03 1.135239895110730455e-03
2.109000000000000000e+03 1.135246538964334662e-03
2.110000000000000000e+03 1.135034801819222389e-03
2.111000000000000000e+03 1.135012998923619516e-03
2.112000000000000000e+03 1.135638169256568625e-03
2.113000000000000000e+03 1.135427088820155275e-03
2.114000000000000000e+03 1.135650467952755739e-03
2.115000000000000000e+03 1.135139137213881820e-03
2.116000000000000000e+03 1.135288171946368741e-03
2.117000000000000000e+03 1.135286295135772266e-03
2.118000000000000000e+03 1.135228572933158443e-03
2.119000000000000000e+03 1.135412694248188591e-03
2.120000000000000000e+03 1.136053093042037766e-03
2.121000000000000000e+03 1.136786459156650074e-03
2.122000000000000000e+03 1.134878331184062351e-03
2.123000000000000000e+03 1.136390547529138925e-03
2.124000000000000000e+03 1.136247255239575954e-03
2.125000000000000000e+03 1.135393171800292691e-03
2.126000000000000000e+03 1.135024819688103086e-03
2.127000000000000000e+03 1.135242679650822232e-03
2.128000000000000000e+03 1.135171296183130896e-03
2.129000000000000000e+03 1.134996330131011165e-03
2.130000000000000000e+03 1.135183418630480870e-03
2.131000000000000000e+03 1.135232463268219701e-03
2.132000000000000000e+03 1.134994914625110088e-03
2.133000000000000000e+03 1.135124546676532543e-03
2.134000000000000000e+03 1.135304605291321363e-03
2.135000000000000000e+03 1.135502603166697400e-03
2.136000000000000000e+03 1.135323309487019277e-03
2.137000000000000000e+03 1.135066242174329531e-03
2.138000000000000000e+03 1.135053034236596864e-03
2.139000000000000000e+03 1.135309952246038893e-03
2.140000000000000000e+03 1.135505983066030251e-03
2.141000000000000000e+03 1.135386024654963348e-03
2.142000000000000000e+03 1.135021621059515828e-03
2.143000000000000000e+03 1.135074613803042486e-03
2.144000000000000000e+03 1.135318655513848892e-03
2.145000000000000000e+03 1.135047235485522280e-03
2.146000000000000000e+03 1.135191153844494240e-03
2.147000000000000000e+03 1.135333928420285618e-03
2.148000000000000000e+03 1.134793005025212928e-03
2.149000000000000000e+03 1.135211372714970551e-03
2.150000000000000000e+03 1.135242839960244870e-03
2.151000000000000000e+03 1.135314958747826687e-03
2.152000000000000000e+03 1.134959599494658397e-03
2.153000000000000000e+03 1.135293451799358451e-03
2.154000000000000000e+03 1.134861539441954243e-03
2.155000000000000000e+03 1.135013167211819081e-03
2.156000000000000000e+03 1.135421334511585488e-03
2.157000000000000000e+03 1.135180194047472274e-03
2.158000000000000000e+03 1.135495690110920920e-03
2.159000000000000000e+03 1.135299407936835774e-03
2.160000000000000000e+03 1.135102410608678164e-03
2.161000000000000000e+03 1.135087001014208367e-03
2.162000000000000000e+03 1.134859973604250604e-03
2.163000000000000000e+03 1.135339222685041597e-03
2.164000000000000000e+03 1.135107008844487425e-03
2.165000000000000000e+03 1.135434163495865770e-03
2.166000000000000000e+03 1.135019389488042645e-03
2.167000000000000000e+03 1.135049199906744324e-03
2.168000000000000000e+03 1.134933892201787572e-03
2.169000000000000000e+03 1.135341899528172216e-03
2.170000000000000000e+03 1.134922079356152523e-03
2.171000000000000000e+03 1.135092212962496034e-03
2.172000000000000000e+03 1.134933186980794208e-03
2.173000000000000000e+03 1.135095900487930343e-03
2.174000000000000000e+03 1.135034913899064324e-03
2.175000000000000000e+03 1.135094985563276943e-03
2.176000000000000000e+03 1.135004879441240105e-03
2.177000000000000000e+03 1.134806647772904683e-03
2.178000000000000000e+03 1.134989028198437819e-03
2.179000000000000000e+03 1.135458359298662434e-03
2.180000000000000000e+03 1.134873256804960545e-03
2.181000000000000000e+03 1.134935490522252051e-03
2.182000000000000000e+03 1.135175238460108850e-03
2.183000000000000000e+03 1.135458694640068770e-03
2.184000000000000000e+03 1.134954798014453214e-03
2.185000000000000000e+03 1.135073449133604988e-03
2.186000000000000000e+03 1.134819274515991771e-03
2.187000000000000000e+03 1.134952826078713083e-03
2.188000000000000000e+03 1.134922555106590483e-03
2.189000000000000000e+03 1.134920840418771450e-03
2.190000000000000000e+03 1.134817894952020248e-03
2.191000000000000000e+03 1.134776285875424996e-03
2.192000000000000000e+03 1.135034822877607676e-03
2.193000000000000000e+03 1.134996442759067786e-03
2.194000000000000000e+03 1.135322244004248905e-03
2.195000000000000000e+03 1.135289358152244453e-03
2.196000000000000000e+03 1.135133283662077093e-03
2.197000000000000000e+03 1.134923995726099151e-03
2.198000000000000000e+03 1.135068892288205056e-03
2.199000000000000000e+03 1.134869615480171541e-03
2.200000000000000000e+03 1.134859961394185180e-03
2.201000000000000000e+03 1.135440114923127368e-03
2.202000000000000000e+03 1.135173795575102279e-03
2.203000000000000000e+03 1.135013610585716357e-03
2.204000000000000000e+03 1.134865143958144760e-03
2.205000000000000000e+03 1.134900400654620259e-03
2.206000000000000000e+03 1.134852071742442929e-03
2.207000000000000000e+03 1.134711219102250718e-03
2.208000000000000000e+03 1.134897945381456224e-03
2.209000000000000000e+03 1.135056502666839965e-03
2.210000000000000000e+03 1.134568245049794553e-03
2.211000000000000000e+03 1.134725265187435436e-03
2.212000000000000000e+03 1.135120324591675032e-03
2.213000000000000000e+03 1.135233517340088769e-03
2.214000000000000000e+03 1.135464116512544712e-03
2.215000000000000000e+03 1.134863627269298196e-03
2.216000000000000000e+03 1.134817313976365510e-03
2.217000000000000000e+03 1.134956324820379911e-03
2.218000000000000000e+03 1.134726921470698754e-03
2.219000000000000000e+03 1.135049278129592011e-03
2.220000000000000000e+03 1.134929197370125251e-03
2.221000000000000000e+03 1.134798362841033708e-03
2.222000000000000000e+03 1.134931430833065668e-03
2.223000000000000000e+03 1.134908422734674533e-03
2.224000000000000000e+03 1.135003106817727286e-03
2.225000000000000000e+03 1.134880574222535627e-03
2.226000000000000000e+03 1.135475730916716414e-03
2.227000000000000000e+03 1.134810745986621419e-03
2.228000000000000000e+03 1.134798797165837043e-03
2.229000000000000000e+03 1.134948960336229799e-03
2.230000000000000000e+03 1.134863178901914828e-03
2.231000000000000000e+03 1.135037221040425962e-03
2.232000000000000000e+03 1.134597482834735728e-03
2.233000000000000000e+03 1.135045787330353148e-03
2.234000000000000000e+03 1.135074152184872148e-03
2.235000000000000000e+03 1.134587340365612483e-03
2.236000000000000000e+03 1.134727369209919236e-03
2.237000000000000000e+03 1.134760378405298697e-03
2.238000000000000000e+03 1.134703831013241220e-03
2.239000000000000000e+03 1.135025214620746965e-03
2.240000000000000000e+03 1.134896177994798409e-03
2.241000000000000000e+03 1.134636049674803398e-03
2.242000000000000000e+03 1.134936685345967061e-03
2.243000000000000000e+03 1.134966530771820215e-03
2.244000000000000000e+03 1.134410768850214806e-03
2.245000000000000000e+03 1.135093381205294107e-03
2.246000000000000000e+03 1.134808210394712457e-03
2.247000000000000000e+03 1.134931467421871221e-03
2.248000000000000000e+03 1.134954364074982269e-03
2.249000000000000000e+03 1.134829736270142470e-03
2.250000000000000000e+03 1.135073691787789494e-03
2.251000000000000000e+03 1.134801480466662502e-03
2.252000000000000000e+03 1.134633953956247021e-03
2.253000000000000000e+03 1.134910923080041916e-03
2.254000000000000000e+03 1.135322268717324674e-03
2.255000000000000000e+03 1.134769374555305490e-03
2.256000000000000000e+03 1.134893213121127833e-03
2.257000000000000000e+03 1.134892232256347810e-03
2.258000000000000000e+03 1.134549708170139821e-03
2.259000000000000000e+03 1.135129517259445475e-03
2.260000000000000000e+03 1.134883475590339405e-03
2.261000000000000000e+03 1.134954347049750784e-03
2.262000000000000000e+03 1.134707286555701683e-03
2.263000000000000000e+03 1.134687255573062388e-03
2.264000000000000000e+03 1.135143809871729274e-03
2.265000000000000000e+03 1.135669749371612464e-03
2.266000000000000000e+03 1.135034632309185306e-03
2.267000000000000000e+03 1.134863250756656169e-03
2.268000000000000000e+03 1.134758069341329587e-03
2.269000000000000000e+03 1.134654385985957737e-03
2.270000000000000000e+03 1.134751308390681513e-03
2.271000000000000000e+03 1.135785911357333399e-03
2.272000000000000000e+03 1.135063221346693969e-03
2.273000000000000000e+03 1.134866778023023177e-03
2.274000000000000000e+03 1.134803999675664497e-03
2.275000000000000000e+03 1.134772607602963206e-03
2.276000000000000000e+03 1.134812429205035895e-03
2.277000000000000000e+03 1.134703896031421730e-03
2.278000000000000000e+03 1.134753304031534821e-03
2.279000000000000000e+03 1.134626676366264336e-03
2.280000000000000000e+03 1.134853201803690415e-03
2.281000000000000000e+03 1.134790667163789813e-03
2.282000000000000000e+03 1.134822958802073718e-03
2.283000000000000000e+03 1.134742176494551828e-03
2.284000000000000000e+03 1.134766725354356383e-03
2.285000000000000000e+03 1.134685332862093218e-03
2.286000000000000000e+03 1.135249284512819187e-03
2.287000000000000000e+03 1.134700231585668599e-03
2.288000000000000000e+03 1.134800650793379301e-03
2.289000000000000000e+03 1.134620194899053306e-03
2.290000000000000000e+03 1.134671366557434653e-03
2.291000000000000000e+03 1.134574315020740786e-03
2.292000000000000000e+03 1.134727088830298240e-03
2.293000000000000000e+03 1.134742050660056661e-03
2.294000000000000000e+03 1.134764526448083172e-03
2.295000000000000000e+03 1.134594226152948635e-03
2.296000000000000000e+03 1.134780492023086717e-03
2.297000000000000000e+03 1.134691847262411010e-03
2.298000000000000000e+03 1.134693483322160709e-03
2.299000000000000000e+03 1.134671634397046470e-03
2.300000000000000000e+03 1.134597414439322046e-03
2.301000000000000000e+03 1.134646304012343300e-03
2.302000000000000000e+03 1.135059730521232159e-03
2.303000000000000000e+03 1.134949579231005071e-03
2.304000000000000000e+03 1.134533106707533287e-03
2.305000000000000000e+03 1.134657054481725191e-03
2.306000000000000000e+03 1.134762901066017687e-03
2.307000000000000000e+03 1.134885229921159993e-03
2.308000000000000000e+03 1.134688449319029048e-03
2.309000000000000000e+03 1.134734479437996121e-03
2.310000000000000000e+03 1.134559616150680001e-03
2.311000000000000000e+03 1.134729364920380058e-03
2.312000000000000000e+03 1.134654671074601618e-03
2.313000000000000000e+03 1.134730074635147481e-03
2.314000000000000000e+03 1.134720551979671692e-03
2.315000000000000000e+03 1.134569692996242841e-03
2.316000000000000000e+03 1.134662376303254222e-03
2.317000000000000000e+03 1.134566970944918046e-03
2.318000000000000000e+03 1.134604438715242298e-03
2.319000000000000000e+03 1.134778077623781667e-03
2.320000000000000000e+03 1.134649729864120474e-03
2.321000000000000000e+03 1.134669522673968168e-03
2.322000000000000000e+03 1.134685243404442078e-03
2.323000000000000000e+03 1.134591396311681721e-03
2.324000000000000000e+03 1.134681190423216272e-03
2.325000000000000000e+03 1.134664345254865351e-03
2.326000000000000000e+03 1.134660590748883631e-03
2.327000000000000000e+03 1.134620752113594091e-03
2.328000000000000000e+03 1.134539428639920813e-03
2.329000000000000000e+03 1.134642108148642328e-03
2.330000000000000000e+03 1.134476136743197859e-03
2.331000000000000000e+03 1.134622372086213247e-03
2.332000000000000000e+03 1.134756049817051094e-03
2.333000000000000000e+03 1.134488434946481078e-03
2.334000000000000000e+03 1.134632712492754901e-03
2.335000000000000000e+03 1.134563095677943324e-03
2.336000000000000000e+03 1.134667398184918859e-03
2.337000000000000000e+03 1.134469678326823676e-03
2.338000000000000000e+03 1.134571048227474982e-03
2.339000000000000000e+03 1.134862563161956241e-03
2.340000000000000000e+03 1.134680658551178974e-03
2.341000000000000000e+03 1.134573168548711061e-03
2.342000000000000000e+03 1.134741027259637347e-03
2.343000000000000000e+03 1.134812472017395456e-03
2.344000000000000000e+03 1.134602322276961591e-03
2.345000000000000000e+03 1.134692368992307274e-03
2.346000000000000000e+03 1.134577264765260392e-03
2.347000000000000000e+03 1.134682496083783566e-03
2.348000000000000000e+03 1.134644151229060498e-03
2.349000000000000000e+03 1.134594653725635094e-03
2.350000000000000000e+03 1.134756755428344881e-03
2.351000000000000000e+03 1.134726104590717127e-03
2.352000000000000000e+03 1.134493970782749200e-03
2.353000000000000000e+03 1.134624471398616849e-03
2.354000000000000000e+03 1.134490295685044526e-03
2.355000000000000000e+03 1.134838210050953620e-03
2.356000000000000000e+03 1.134446360801549120e-03
2.357000000000000000e+03 1.134670152470425341e-03
2.358000000000000000e+03 1.134591379099016833e-03
2.359000000000000000e+03 1.134626400224003151e-03
2.360000000000000000e+03 1.134874326174058591e-03
2.361000000000000000e+03 1.134567965427570524e-03
2.362000000000000000e+03 1.134847591010437447e-03
2.363000000000000000e+03 1.134617070158814179e-03
2.364000000000000000e+03 1.134436907543571495e-03
2.365000000000000000e+03 1.134498355379513638e-03
2.366000000000000000e+03 1.134413832982516862e-03
2.367000000000000000e+03 1.134651320914930022e-03
2.368000000000000000e+03 1.134467370502515501e-03
2.369000000000000000e+03 1.134868128598947711e-03
2.370000000000000000e+03 1.134506479106099164e-03
2.371000000000000000e+03 1.134640585862868329e-03
2.372000000000000000e+03 1.134594804679367030e-03
2.373000000000000000e+03 1.134731963946981632e-03
2.374000000000000000e+03 1.134595055991273862e-03
2.375000000000000000e+03 1.134503351322321526e-03
2.376000000000000000e+03 1.134521725189736700e-03
2.377000000000000000e+03 1.134467432263213185e-03
2.378000000000000000e+03 1.134652298332221440e-03
2.379000000000000000e+03 1.134641978073994226e-03
2.380000000000000000e+03 1.134682021998062581e-03
2.381000000000000000e+03 1.134497981465720914e-03
2.382000000000000000e+03 1.134464369280948010e-03
2.383000000000000000e+03 1.134481277596888953e-03
2.384000000000000000e+03 1.134552995771089976e-03
2.385000000000000000e+03 1.134432405200372926e-03
2.386000000000000000e+03 1.134442606685906203e-03
2.387000000000000000e+03 1.134686281344322607e-03
2.388000000000000000e+03 1.134485368611685410e-03
2.389000000000000000e+03 1.134380735948377046e-03
2.390000000000000000e+03 1.134402260467264360e-03
2.391000000000000000e+03 1.134522874042653146e-03
2.392000000000000000e+03 1.134507855701790986e-03
2.393000000000000000e+03 1.134481944295460086e-03
2.394000000000000000e+03 1.134964861401793019e-03
2.395000000000000000e+03 1.134536182094443048e-03
2.396000000000000000e+03 1.134522029936476046e-03
2.397000000000000000e+03 1.134336554190684340e-03
2.398000000000000000e+03 1.134554439862910276e-03
2.399000000000000000e+03 1.134371363794368882e-03
2.400000000000000000e+03 1.134735733846568579e-03
2.401000000000000000e+03 1.134460585412069627e-03
2.402000000000000000e+03 1.134644702677531586e-03
2.403000000000000000e+03 1.134636860911418174e-03
2.404000000000000000e+03 1.134434079409091202e-03
2.405000000000000000e+03 1.134362908758649148e-03
2.406000000000000000e+03 1.134404551342225011e-03
2.407000000000000000e+03 1.134559076001159838e-03
2.408000000000000000e+03 1.134394855808115938e-03
2.409000000000000000e+03 1.134456900569802591e-03
2.410000000000000000e+03 1.134414451942322363e-03
2.411000000000000000e+03 1.134391685660558280e-03
2.412000000000000000e+03 1.134378084216596926e-03
2.413000000000000000e+03 1.134418656337918144e-03
2.414000000000000000e+03 1.134389508498232640e-03
2.415000000000000000e+03 1.134416088782483388e-03
2.416000000000000000e+03 1.134427647520102559e-03
2.417000000000000000e+03 1.134354136624358489e-03
2.418000000000000000e+03 1.134365026968054552e-03
2.419000000000000000e+03 1.134338552713688979e-03
2.420000000000000000e+03 1.134460358183667734e-03
2.421000000000000000e+03 1.134541755416042415e-03
2.422000000000000000e+03 1.134556524431989044e-03
2.423000000000000000e+03 1.134471195985854676e-03
2.424000000000000000e+03 1.134565991912408903e-03
2.425000000000000000e+03 1.134340638264311370e-03
2.426000000000000000e+03 1.134315504233177237e-03
2.427000000000000000e+03 1.134292654740166016e-03
2.428000000000000000e+03 1.134320512001093942e-03
2.429000000000000000e+03 1.134449088438588098e-03
2.430000000000000000e+03 1.134659201046664010e-03
2.431000000000000000e+03 1.134306738936571727e-03
2.432000000000000000e+03 1.134660289754064501e-03
2.433000000000000000e+03 1.134492619898131273e-03
2.434000000000000000e+03 1.134333710708992915e-03
2.435000000000000000e+03 1.134490911261698846e-03
2.436000000000000000e+03 1.134404489317799485e-03
2.437000000000000000e+03 1.134307572776311820e-03
2.438000000000000000e+03 1.134577716405945963e-03
2.439000000000000000e+03 1.134415949862461418e-03
2.440000000000000000e+03 1.134419357140310390e-03
2.441000000000000000e+03 1.134523487487173370e-03
2.442000000000000000e+03 1.134722750198900731e-03
2.443000000000000000e+03 1.134319589203821753e-03
2.444000000000000000e+03 1.134340888706359329e-03
2.445000000000000000e+03 1.134274346310475958e-03
2.446000000000000000e+03 1.134542327456893518e-03
2.447000000000000000e+03 1.134322501360983003e-03
2.448000000000000000e+03 1.134346937523988833e-03
2.449000000000000000e+03 1.134413292022718421e-03
2.450000000000000000e+03 1.134585458255504310e-03
2.451000000000000000e+03 1.134848467876958247e-03
2.452000000000000000e+03 1.134329313221997277e-03
2.453000000000000000e+03 1.134443210651276323e-03
2.454000000000000000e+03 1.134325162546598190e-03
2.455000000000000000e+03 1.134317013142953660e-03
2.456000000000000000e+03 1.134439861562953683e-03
2.457000000000000000e+03 1.134446431680867376e-03
2.458000000000000000e+03 1.134297384647905364e-03
2.459000000000000000e+03 1.134294279060966276e-03
2.460000000000000000e+03 1.134319772679249312e-03
2.461000000000000000e+03 1.134279365675748986e-03
2.462000000000000000e+03 1.134332946720004957e-03
2.463000000000000000e+03 1.134229572009619628e-03
2.464000000000000000e+03 1.134310906762220350e-03
2.465000000000000000e+03 1.134346880689365454e-03
2.466000000000000000e+03 1.134304089220368331e-03
2.467000000000000000e+03 1.134344172004377342e-03
2.468000000000000000e+03 1.134342453733577609e-03
2.469000000000000000e+03 1.134528831859162598e-03
2.470000000000000000e+03 1.134505531041633689e-03
2.471000000000000000e+03 1.134418914278500449e-03
2.472000000000000000e+03 1.134480839172000979e-03
2.473000000000000000e+03 1.134743166882976745e-03
2.474000000000000000e+03 1.134282379746112072e-03
2.475000000000000000e+03 1.134411426405735690e-03
2.476000000000000000e+03 1.134277454135522098e-03
2.477000000000000000e+03 1.134351594501317338e-03
2.478000000000000000e+03 1.134375749724626315e-03
2.479000000000000000e+03 1.134259358813662685e-03
2.480000000000000000e+03 1.134318848298583766e-03
2.481000000000000000e+03 1.134314303854867464e-03
2.482000000000000000e+03 1.134445452003700078e-03
2.483000000000000000e+03 1.134348479011883194e-03
2.484000000000000000e+03 1.134400359058349711e-03
2.485000000000000000e+03 1.134258576380754290e-03
2.486000000000000000e+03 1.134213990208667901e-03
2.487000000000000000e+03 1.134440981255712333e-03
2.488000000000000000e+03 1.134371005665337244e-03
2.489000000000000000e+03 1.134254752779825792e-03
2.490000000000000000e+03 1.134295323256593376e-03
2.491000000000000000e+03 1.134323188590199245e-03
2.492000000000000000e+03 1.134327151329918727e-03
2.493000000000000000e+03 1.134522397106392695e-03
2.494000000000000000e+03 1.134297772853413901e-03
2.495000000000000000e+03 1.134186237588845868e-03
2.496000000000000000e+03 1.134290518577815493e-03
2.497000000000000000e+03 1.134273560535582022e-03
2.498000000000000000e+03 1.134246374803433294e-03
2.499000000000000000e+03 1.134219699551723302e-03
2.500000000000000000e+03 1.134225001573694941e-03
2.501000000000000000e+03 1.134197045183115479e-03
2.502000000000000000e+03 1.134232398862937245e-03
2.503000000000000000e+03 1.134259452943105206e-03
2.504000000000000000e+03 1.134255686851364008e-03
2.505000000000000000e+03 1.134305547068508932e-03
2.506000000000000000e+03 1.134226816078703860e-03
2.507000000000000000e+03 1.134354803330422760e-03
2.508000000000000000e+03 1.134187447475877792e-03
2.509000000000000000e+03 1.134310368186566441e-03
2.510000000000000000e+03 1.134180408201524272e-03
2.511000000000000000e+03 1.134331365271329601e-03
2.512000000000000000e+03 1.134258690916891158e-03
2.513000000000000000e+03 1.134291165458819551e-03
2.514000000000000000e+03 1.134271962873402385e-03
2.515000000000000000e+03 1.134210036918708621e-03
2.516000000000000000e+03 1.134206713271210774e-03
2.517000000000000000e+03 1.134262894748815651e-03
2.518000000000000000e+03 1.134348504393320163e-03
2.519000000000000000e+03 1.134408742704983829e-03
2.520000000000000000e+03 1.134487642783434764e-03
2.521000000000000000e+03 1.134424023389538332e-03
2.522000000000000000e+03 1.134237836531717123e-03
2.523000000000000000e+03 1.134474483786437676e-03
2.524000000000000000e+03 1.134342786871635764e-03
2.525000000000000000e+03 1.134401234080112874e-03
2.526000000000000000e+03 1.134239658847789036e-03
2.527000000000000000e+03 1.134572141780678485e-03
2.528000000000000000e+03 1.134288311965842922e-03
2.529000000000000000e+03 1.134148947882134949e-03
2.530000000000000000e+03 1.134132191617665247e-03
2.531000000000000000e+03 1.134183500266299936e-03
2.532000000000000000e+03 1.134211586533187457e-03
2.533000000000000000e+03 1.134222672071842890e-03
2.534000000000000000e+03 1.134234918951220481e-03
2.535000000000000000e+03 1.134205733966113907e-03
2.536000000000000000e+03 1.134293670852359751e-03
2.537000000000000000e+03 1.134300322344983149e-03
2.538000000000000000e+03 1.134305238207013525e-03
2.539000000000000000e+03 1.134245505574884780e-03
2.540000000000000000e+03 1.134492709589894838e-03
2.541000000000000000e+03 1.134280661362261711e-03
2.542000000000000000e+03 1.134559519061004726e-03
2.543000000000000000e+03 1.134277938162795004e-03
2.544000000000000000e+03 1.134246732820324167e-03
2.545000000000000000e+03 1.134163421225590964e-03
2.546000000000000000e+03 1.134137776274466705e-03
2.547000000000000000e+03 1.134253219609912284e-03
2.548000000000000000e+03 1.134380444526025085e-03
2.549000000000000000e+03 1.134374236123975033e-03
2.550000000000000000e+03 1.134155860601146525e-03
2.551000000000000000e+03 1.134116691382581728e-03
2.552000000000000000e+03 1.134158429579889367e-03
2.553000000000000000e+03 1.134461084236581272e-03
2.554000000000000000e+03 1.134175719293131854e-03
2.555000000000000000e+03 1.134163514887459590e-03
2.556000000000000000e+03 1.134496820846377227e-03
2.557000000000000000e+03 1.134130106326126410e-03
2.558000000000000000e+03 1.134196438801369881e-03
2.559000000000000000e+03 1.134263764239713769e-03
2.560000000000000000e+03 1.134354482901593023e-03
2.561000000000000000e+03 1.134187875186220629e-03
2.562000000000000000e+03 1.134161542348566514e-03
2.563000000000000000e+03 1.134255986904462261e-03
2.564000000000000000e+03 1.134164449677761179e-03
2.565000000000000000e+03 1.134263135073680911e-03
2.566000000000000000e+03 1.134200843890837557e-03
2.567000000000000000e+03 1.134238719750537902e-03
2.568000000000000000e+03 1.134290642039934060e-03
2.569000000000000000e+03 1.134223523900029004e-03
2.570000000000000000e+03 1.134216802885667629e-03
2.571000000000000000e+03 1.134149400816678770e-03
2.572000000000000000e+03 1.134235218430476545e-03
2.573000000000000000e+03 1.134193786692567346e-03
2.574000000000000000e+03 1.134157123123333147e-03
2.575000000000000000e+03 1.134249512079454078e-03
2.576000000000000000e+03 1.134160340760609125e-03
2.577000000000000000e+03 1.134537375129873477e-03
2.578000000000000000e+03 1.134477666235638761e-03
2.579000000000000000e+03 1.134221024817440998e-03
2.580000000000000000e+03 1.134407223904568968e-03
2.581000000000000000e+03 1.134156693158400132e-03
2.582000000000000000e+03 1.134204240885380854e-03
2.583000000000000000e+03 1.134158865904761867e-03
2.584000000000000000e+03 1.134099566367551990e-03
2.585000000000000000e+03 1.134312027417478611e-03
2.586000000000000000e+03 1.134309156013719316e-03
2.587000000000000000e+03 1.134186799018435101e-03
2.588000000000000000e+03 1.134130132461720099e-03
2.589000000000000000e+03 1.134099290948329623e-03
2.590000000000000000e+03 1.134229557131496589e-03
2.591000000000000000e+03 1.134136090283124074e-03
2.592000000000000000e+03 1.134098183254749967e-03
2.593000000000000000e+03 1.134454664591509881e-03
2.594000000000000000e+03 1.134114860836385767e-03
2.595000000000000000e+03 1.134245957407383930e-03
2.596000000000000000e+03 1.134223576059949050e-03
2.597000000000000000e+03 1.134191952483978296e-03
2.598000000000000000e+03 1.134251328301501402e-03
2.599000000000000000e+03 1.134067457753623305e-03
2.600000000000000000e+03 1.134076046002863332e-03
2.601000000000000000e+03 1.134322258765552063e-03
2.602000000000000000e+03 1.134166080657432159e-03
2.603000000000000000e+03 1.134129821758127904e-03
2.604000000000000000e+03 1.134170430567340128e-03
2.605000000000000000e+03 1.134098742132575929e-03
2.606000000000000000e+03 1.134228092348219712e-03
2.607000000000000000e+03 1.134233128698576001e-03
2.608000000000000000e+03 1.134139284008731183e-03
2.609000000000000000e+03 1.134083536358203867e-03
2.610000000000000000e+03 1.134095897291400147e-03
2.611000000000000000e+03 1.134118688576780812e-03
2.612000000000000000e+03 1.134129497956921787e-03
2.613000000000000000e+03 1.134215185893563179e-03
2.614000000000000000e+03 1.134124524623554911e-03
2.615000000000000000e+03 1.134166091612876827e-03
2.616000000000000000e+03 1.134059418611256314e-03
2.617000000000000000e+03 1.134201116435581492e-03
2.618000000000000000e+03 1.134151474193865724e-03
2.619000000000000000e+03 1.134088185412277438e-03
2.620000000000000000e+03 1.134051008291780960e-03
2.621000000000000000e+03 1.134411890283776271e-03
2.622000000000000000e+03 1.134233146437804056e-03
2.623000000000000000e+03 1.134084542453638478e-03
2.624000000000000000e+03 1.134182840759306215e-03
2.625000000000000000e+03 1.134043733853293831e-03
2.626000000000000000e+03 1.134072375632319595e-03
2.627000000000000000e+03 1.134021058945508444e-03
2.628000000000000000e+03 1.134079932296483146e-03
2.629000000000000000e+03 1.134147047806594900e-03
2.630000000000000000e+03 1.134283928502232384e-03
2.631000000000000000e+03 1.134430579522657367e-03
2.632000000000000000e+03 1.134156461689782638e-03
2.633000000000000000e+03 1.134068908117012806e-03
2.634000000000000000e+03 1.134323580839789476e-03
2.635000000000000000e+03 1.134064805842156191e-03
2.636000000000000000e+03 1.134122677066290615e-03
2.637000000000000000e+03 1.134372002657127801e-03
2.638000000000000000e+03 1.133916673603188206e-03
2.639000000000000000e+03 1.134197391648668340e-03
2.640000000000000000e+03 1.134147943976767476e-03
2.641000000000000000e+03 1.134190289487339246e-03
2.642000000000000000e+03 1.134000400663772584e-03
2.643000000000000000e+03 1.134038065629731007e-03
2.644000000000000000e+03 1.134107643260932234e-03
2.645000000000000000e+03 1.134223177618683825e-03
2.646000000000000000e+03 1.134183729068371843e-03
2.647000000000000000e+03 1.134081147118032274e-03
2.648000000000000000e+03 1.134300413107454473e-03
2.649000000000000000e+03 1.134152134116291673e-03
2.650000000000000000e+03 1.134071575859633366e-03
2.651000000000000000e+03 1.134033208507285225e-03
2.652000000000000000e+03 1.134020721535924882e-03
2.653000000000000000e+03 1.134082318995773171e-03
2.654000000000000000e+03 1.134042926326076861e-03
2.655000000000000000e+03 1.134194888679843950e-03
2.656000000000000000e+03 1.134047433121599790e-03
2.657000000000000000e+03 1.134088164525047775e-03
2.658000000000000000e+03 1.134274673414892862e-03
2.659000000000000000e+03 1.134104480940888388e-03
2.660000000000000000e+03 1.134056061404931960e-03
2.661000000000000000e+03 1.133996300804652850e-03
2.662000000000000000e+03 1.134062891408450660e-03
2.663000000000000000e+03 1.134058179758745720e-03
2.664000000000000000e+03 1.134007378152697334e-03
2.665000000000000000e+03 1.134021345059121715e-03
2.666000000000000000e+03 1.134070549608488104e-03
2.667000000000000000e+03 1.134019614993011160e-03
2.668000000000000000e+03 1.134003137281864009e-03
2.669000000000000000e+03 1.134077406641806210e-03
2.670000000000000000e+03 1.134029053586393943e-03
2.671000000000000000e+03 1.133992825326177959e-03
2.672000000000000000e+03 1.134030320678462364e-03
2.673000000000000000e+03 1.134046581111951193e-03
2.674000000000000000e+03 1.134467507972816485e-03
2.675000000000000000e+03 1.133899074595456609e-03
2.676000000000000000e+03 1.134144867449389136e-03
2.677000000000000000e+03 1.134069302406890030e-03
2.678000000000000000e+03 1.134396515475442685e-03
2.679000000000000000e+03 1.133982209726931744e-03
2.680000000000000000e+03 1.134113602586520140e-03
2.681000000000000000e+03 1.134179261769573382e-03
2.682000000000000000e+03 1.134095277410125148e-03
2.683000000000000000e+03 1.134071248258548652e-03
2.684000000000000000e+03 1.134024986412029284e-03
2.685000000000000000e+03 1.133992301327256449e-03
2.686000000000000000e+03 1.134086488354805675e-03
2.687000000000000000e+03 1.133976610825238127e-03
2.688000000000000000e+03 1.134147699690083062e-03
2.689000000000000000e+03 1.134081977883073453e-03
2.690000000000000000e+03 1.134254164519669711e-03
2.691000000000000000e+03 1.134066332273861184e-03
2.692000000000000000e+03 1.134351671810776519e-03
2.693000000000000000e+03 1.133971104755158868e-03
2.694000000000000000e+03 1.134126947300198194e-03
2.695000000000000000e+03 1.133952658593362275e-03
2.696000000000000000e+03 1.134077338983123951e-03
2.697000000000000000e+03 1.134132127768641089e-03
2.698000000000000000e+03 1.134027580084062941e-03
2.699000000000000000e+03 1.134053084039477301e-03
2.700000000000000000e+03 1.134052715160382713e-03
2.701000000000000000e+03 1.134227159380046075e-03
2.702000000000000000e+03 1.134018017435929311e-03
2.703000000000000000e+03 1.134127971444974124e-03
2.704000000000000000e+03 1.134180446417742006e-03
2.705000000000000000e+03 1.134056930800040599e-03
2.706000000000000000e+03 1.133951976036708499e-03
2.707000000000000000e+03 1.134009501546090525e-03
2.708000000000000000e+03 1.133951013350812439e-03
2.709000000000000000e+03 1.134027315675121802e-03
2.710000000000000000e+03 1.133988987229835477e-03
2.711000000000000000e+03 1.133986767281750744e-03
2.712000000000000000e+03 1.133971633063510795e-03
2.713000000000000000e+03 1.134006726969631531e-03
2.714000000000000000e+03 1.134061059955440796e-03
2.715000000000000000e+03 1.134118707660264737e-03
2.716000000000000000e+03 1.133991004558345663e-03
2.717000000000000000e+03 1.133926255867852891e-03
2.718000000000000000e+03 1.133959613351490829e-03
2.719000000000000000e+03 1.134012311089293429e-03
2.720000000000000000e+03 1.133929004378530624e-03
2.721000000000000000e+03 1.133952783459339208e-03
2.722000000000000000e+03 1.133955267485694260e-03
2.723000000000000000e+03 1.133971847388072583e-03
2.724000000000000000e+03 1.133946969658037500e-03
2.725000000000000000e+03 1.134048587383567046e-03
2.726000000000000000e+03 1.133961359579801651e-03
2.727000000000000000e+03 1.134108434036588129e-03
2.728000000000000000e+03 1.134035229200283787e-03
2.729000000000000000e+03 1.133974340904489149e-03
2.730000000000000000e+03 1.134087195299049271e-03
2.731000000000000000e+03 1.134007190709637345e-03
2.732000000000000000e+03 1.134023402927997887e-03
2.733000000000000000e+03 1.134012959798182986e-03
2.734000000000000000e+03 1.134012540645819344e-03
2.735000000000000000e+03 1.134094043388542746e-03
2.736000000000000000e+03 1.133975539060879658e-03
2.737000000000000000e+03 1.133931704287521446e-03
2.738000000000000000e+03 1.133985644432561248e-03
2.739000000000000000e+03 1.133973810533535180e-03
2.740000000000000000e+03 1.133964222792611292e-03
2.741000000000000000e+03 1.133920160563995109e-03
2.742000000000000000e+03 1.134018944070914851e-03
2.743000000000000000e+03 1.133954826632104732e-03
2.744000000000000000e+03 1.133938583429230842e-03
2.745000000000000000e+03 1.134180350567045702e-03
2.746000000000000000e+03 1.133967543428020947e-03
2.747000000000000000e+03 1.133975157740326400e-03
2.748000000000000000e+03 1.133923853713467112e-03
2.749000000000000000e+03 1.134022729682780065e-03
2.750000000000000000e+03 1.133935603832968196e-03
2.751000000000000000e+03 1.134038211251239348e-03
2.752000000000000000e+03 1.134021559557362282e-03
2.753000000000000000e+03 1.134032501723597659e-03
2.754000000000000000e+03 1.133964840631108886e-03
2.755000000000000000e+03 1.134045641321677162e-03
2.756000000000000000e+03 1.133950404544498483e-03
2.757000000000000000e+03 1.133977728435065510e-03
2.758000000000000000e+03 1.134054985444268512e-03
2.759000000000000000e+03 1.133978176227492564e-03
2.760000000000000000e+03 1.133905286816935375e-03
2.761000000000000000e+03 1.133945588602166274e-03
2.762000000000000000e+03 1.133878462496158181e-03
2.763000000000000000e+03 1.133923760171889851e-03
2.764000000000000000e+03 1.133928751219606028e-03
2.765000000000000000e+03 1.133968619646469724e-03
2.766000000000000000e+03 1.134044197611913229e-03
2.767000000000000000e+03 1.133923535049047608e-03
2.768000000000000000e+03 1.133913349349294350e-03
2.769000000000000000e+03 1.133978735528401753e-03
2.770000000000000000e+03 1.134056706548067705e-03
2.771000000000000000e+03 1.133874411786135131e-03
2.772000000000000000e+03 1.133983345416911303e-03
2.773000000000000000e+03 1.133912544117970890e-03
2.774000000000000000e+03 1.133884350167166464e-03
2.775000000000000000e+03 1.133890107021742191e-03
2.776000000000000000e+03 1.133896197847209008e-03
2.777000000000000000e+03 1.133902223477316297e-03
2.778000000000000000e+03 1.133950290250400426e-03
2.779000000000000000e+03 1.134035645811439733e-03
2.780000000000000000e+03 1.133980257639638934e-03
2.781000000000000000e+03 1.133892433383028525e-03
2.782000000000000000e+03 1.133901520545356478e-03
2.783000000000000000e+03 1.133963836669100739e-03
2.784000000000000000e+03 1.134014447795193749e-03
2.785000000000000000e+03 1.134120149184474416e-03
2.786000000000000000e+03 1.134021172628192371e-03
2.787000000000000000e+03 1.133916688665794967e-03
2.788000000000000000e+03 1.133921385694844092e-03
2.789000000000000000e+03 1.133916715061980768e-03
2.790000000000000000e+03 1.133912069741324852e-03
2.791000000000000000e+03 1.133936429431397228e-03
2.792000000000000000e+03 1.133968072618946835e-03
2.793000000000000000e+03 1.133925434314706632e-03
2.794000000000000000e+03 1.133865756458579330e-03
2.795000000000000000e+03 1.133961785793995798e-03
2.796000000000000000e+03 1.133921544903974780e-03
2.797000000000000000e+03 1.133952819641125724e-03
2.798000000000000000e+03 1.133886309679193061e-03
2.799000000000000000e+03 1.133899027736841531e-03
2.800000000000000000e+03 1.134174018526456790e-03
2.801000000000000000e+03 1.134021190536223115e-03
2.802000000000000000e+03 1.133994664382985407e-03
2.803000000000000000e+03 1.133906313215840480e-03
2.804000000000000000e+03 1.133838221874160397e-03
2.805000000000000000e+03 1.133982913882116425e-03
2.806000000000000000e+03 1.134017329896277364e-03
2.807000000000000000e+03 1.133901749117124328e-03
2.808000000000000000e+03 1.133929736554527105e-03
2.809000000000000000e+03 1.133890408754589449e-03
2.810000000000000000e+03 1.134013571913423642e-03
2.811000000000000000e+03 1.133945336552505401e-03
2.812000000000000000e+03 1.133912024165111042e-03
2.813000000000000000e+03 1.133981465439955292e-03
2.814000000000000000e+03 1.133885347809198817e-03
2.815000000000000000e+03 1.133907667767022204e-03
2.816000000000000000e+03 1.133901258336889300e-03
2.817000000000000000e+03 1.133942797080660569e-03
2.818000000000000000e+03 1.133837618040851305e-03
2.819000000000000000e+03 1.133957924449944654e-03
2.820000000000000000e+03 1.133829206679277252e-03
2.821000000000000000e+03 1.133877931601815370e-03
2.822000000000000000e+03 1.133916601775773313e-03
2.823000000000000000e+03 1.133863672375087393e-03
2.824000000000000000e+03 1.133856897989209394e-03
2.825000000000000000e+03 1.133885884581328817e-03
2.826000000000000000e+03 1.133899444409002281e-03
2.827000000000000000e+03 1.133861122529257904e-03
2.828000000000000000e+03 1.133944473313386325e-03
2.829000000000000000e+03 1.133906921065632465e-03
2.830000000000000000e+03 1.133985471248853205e-03
2.831000000000000000e+03 1.133943800475491117e-03
2.832000000000000000e+03 1.133982076095330516e-03
2.833000000000000000e+03 1.133893712723959895e-03
2.834000000000000000e+03 1.133852730163198430e-03
2.835000000000000000e+03 1.133857976725723138e-03
2.836000000000000000e+03 1.133960294725495791e-03
2.837000000000000000e+03 1.133900927757588387e-03
2.838000000000000000e+03 1.134067181259546539e-03
2.839000000000000000e+03 1.133854643472785801e-03
2.840000000000000000e+03 1.134005775145936800e-03
2.841000000000000000e+03 1.133851759366661521e-03
2.842000000000000000e+03 1.134020096640687763e-03
2.843000000000000000e+03 1.133858558126920289e-03
2.844000000000000000e+03 1.133955964479526268e-03
2.845000000000000000e+03 1.133941128760982200e-03
2.846000000000000000e+03 1.133883834001034709e-03
2.847000000000000000e+03 1.133921690913932377e-03
2.848000000000000000e+03 1.133968979560134784e-03
2.849000000000000000e+03 1.133805742175700770e-03
2.850000000000000000e+03 1.133879181025666425e-03
2.851000000000000000e+03 1.133872645553432069e-03
2.852000000000000000e+03 1.133849789435779258e-03
2.853000000000000000e+03 1.133831789308196135e-03
2.854000000000000000e+03 1.133959506673267717e-03
2.855000000000000000e+03 1.133897504164687892e-03
2.856000000000000000e+03 1.133909730332826552e-03
2.857000000000000000e+03 1.133821117597220724e-03
2.858000000000000000e+03 1.133994493109453808e-03
2.859000000000000000e+03 1.133871247479713643e-03
2.860000000000000000e+03 1.133875116154814183e-03
2.861000000000000000e+03 1.133856062314749207e-03
2.862000000000000000e+03 1.134198634094892152e-03
2.863000000000000000e+03 1.133909749571649977e-03
2.864000000000000000e+03 1.133926998692244732e-03
2.865000000000000000e+03 1.133877664067194611e-03
2.866000000000000000e+03 1.133828932207126732e-03
2.867000000000000000e+03 1.133864019440336979e-03
2.868000000000000000e+03 1.133880315381811683e-03
2.869000000000000000e+03 1.133829395775914689e-03
2.870000000000000000e+03 1.133859649311560981e-03
2.871000000000000000e+03 1.133849224152855707e-03
2.872000000000000000e+03 1.133918811988321668e-03
2.873000000000000000e+03 1.133808782946784917e-03
2.874000000000000000e+03 1.133867689936585718e-03
2.875000000000000000e+03 1.133867213439550747e-03
2.876000000000000000e+03 1.133868040286587766e-03
2.877000000000000000e+03 1.133977219098031590e-03
2.878000000000000000e+03 1.133864874760337352e-03
2.879000000000000000e+03 1.133829197012360028e-03
2.880000000000000000e+03 1.133843319008532744e-03
2.881000000000000000e+03 1.133844117321865718e-03
2.882000000000000000e+03 1.133869133995831164e-03
2.883000000000000000e+03 1.133809835240296143e-03
2.884000000000000000e+03 1.133810835886866087e-03
2.885000000000000000e+03 1.133911638659896052e-03
2.886000000000000000e+03 1.133936383946767493e-03
2.887000000000000000e+03 1.133804276251702695e-03
2.888000000000000000e+03 1.133858274881855950e-03
2.889000000000000000e+03 1.133824681525090125e-03
2.890000000000000000e+03 1.133827184515768778e-03
2.891000000000000000e+03 1.133822081082315166e-03
2.892000000000000000e+03 1.133872447535945981e-03
2.893000000000000000e+03 1.133894319919556432e-03
2.894000000000000000e+03 1.133833830298130486e-03
2.895000000000000000e+03 1.134022381894652124e-03
2.896000000000000000e+03 1.133822689660475471e-03
2.897000000000000000e+03 1.133830375044959232e-03
2.898000000000000000e+03 1.133905370499107895e-03
2.899000000000000000e+03 1.133843648628297387e-03
2.900000000000000000e+03 1.133858878234972117e-03
2.901000000000000000e+03 1.133868651498959063e-03
2.902000000000000000e+03 1.133857856414868543e-03
2.903000000000000000e+03 1.133849467116130640e-03
2.904000000000000000e+03 1.133800443043436268e-03
2.905000000000000000e+03 1.133901392854162055e-03
2.906000000000000000e+03 1.133813049006222482e-03
2.907000000000000000e+03 1.133809518460291354e-03
2.908000000000000000e+03 1.133903466344439101e-03
2.909000000000000000e+03 1.133822098342234788e-03
2.910000000000000000e+03 1.133796084799330818e-03
2.911000000000000000e+03 1.133926492402396579e-03
2.912000000000000000e+03 1.133864501600458270e-03
2.913000000000000000e+03 1.133880482486951087e-03
2.914000000000000000e+03 1.133789519197389789e-03
2.915000000000000000e+03 1.133833512631579436e-03
2.916000000000000000e+03 1.133883566255298537e-03
2.917000000000000000e+03 1.133839001797799957e-03
2.918000000000000000e+03 1.133853542547741096e-03
2.919000000000000000e+03 1.133877830203224458e-03
2.920000000000000000e+03 1.133874105385902472e-03
2.921000000000000000e+03 1.133884881344132808e-03
2.922000000000000000e+03 1.133782819301145219e-03
2.923000000000000000e+03 1.133911903747547535e-03
2.924000000000000000e+03 1.133950328666275941e-03
2.925000000000000000e+03 1.133865610618790300e-03
2.926000000000000000e+03 1.133848613485360186e-03
2.927000000000000000e+03 1.133812576671864008e-03
2.928000000000000000e+03 1.133890589327374472e-03
2.929000000000000000e+03 1.133864775413782932e-03
2.930000000000000000e+03 1.133797570498370740e-03
2.931000000000000000e+03 1.133818820006350994e-03
2.932000000000000000e+03 1.133826438137627195e-03
2.933000000000000000e+03 1.133805949820715668e-03
2.934000000000000000e+03 1.133777771020730860e-03
2.935000000000000000e+03 1.133847379665897355e-03
2.936000000000000000e+03 1.133894788041490010e-03
2.937000000000000000e+03 1.133950717126314383e-03
2.938000000000000000e+03 1.133824438787552806e-03
2.939000000000000000e+03 1.133774333055123781e-03
2.940000000000000000e+03 1.133821495517019261e-03
2.941000000000000000e+03 1.133795396450942546e-03
2.942000000000000000e+03 1.133821088592846301e-03
2.943000000000000000e+03 1.133791767563564019e-03
2.944000000000000000e+03 1.133780935364281720e-03
2.945000000000000000e+03 1.133786092341047694e-03
2.946000000000000000e+03 1.133795093469320333e-03
2.947000000000000000e+03 1.133797104067980552e-03
2.948000000000000000e+03 1.133800687799082357e-03
2.949000000000000000e+03 1.133800438284860140e-03
2.950000000000000000e+03 1.133799699476828026e-03
2.951000000000000000e+03 1.133781870479736191e-03
2.952000000000000000e+03 1.133967732106295990e-03
2.953000000000000000e+03 1.133813512711284678e-03
2.954000000000000000e+03 1.133784190856610991e-03
2.955000000000000000e+03 1.133783210504516132e-03
2.956000000000000000e+03 1.133834636593063000e-03
2.957000000000000000e+03 1.133825436694015998e-03
2.958000000000000000e+03 1.133963599043000302e-03
2.959000000000000000e+03 1.133815541340224206e-03
2.960000000000000000e+03 1.133837487160636870e-03
2.961000000000000000e+03 1.133819643825680155e-03
2.962000000000000000e+03 1.133767514478894317e-03
2.963000000000000000e+03 1.133770430454363216e-03
2.964000000000000000e+03 1.133988610493627926e-03
2.965000000000000000e+03 1.133978119173833675e-03
2.966000000000000000e+03 1.133767048877046442e-03
2.967000000000000000e+03 1.133788413299560748e-03
2.968000000000000000e+03 1.133892313257372142e-03
2.969000000000000000e+03 1.133840490227963583e-03
2.970000000000000000e+03 1.133933917806057880e-03
2.971000000000000000e+03 1.133769269376843497e-03
2.972000000000000000e+03 1.133797371290746168e-03
2.973000000000000000e+03 1.133905222224980544e-03
2.974000000000000000e+03 1.133841337909491202e-03
2.975000000000000000e+03 1.133777408594017436e-03
2.976000000000000000e+03 1.133762542004988381e-03
2.977000000000000000e+03 1.133791778121824665e-03
2.978000000000000000e+03 1.133744490997348579e-03
2.979000000000000000e+03 1.133753048762940231e-03
2.980000000000000000e+03 1.133826733921029957e-03
2.981000000000000000e+03 1.133765045037240767e-03
2.982000000000000000e+03 1.133801034515936803e-03
2.983000000000000000e+03 1.133782082004662671e-03
2.984000000000000000e+03 1.133787563656346456e-03
2.985000000000000000e+03 1.133782677649944467e-03
2.986000000000000000e+03 1.133747598706850426e-03
2.987000000000000000e+03 1.133788238429836144e-03
2.988000000000000000e+03 1.133860971753358326e-03
2.989000000000000000e+03 1.133836758504967431e-03
2.990000000000000000e+03 1.133784616042827738e-03
2.991000000000000000e+03 1.133790436069150595e-03
2.992000000000000000e+03 1.133839155430136627e-03
2.993000000000000000e+03 1.133813970054508300e-03
2.994000000000000000e+03 1.133754229099834645e-03
2.995000000000000000e+03 1.133834265647269820e-03
2.996000000000000000e+03 1.133853736054972819e-03
2.997000000000000000e+03 1.133896839763012723e-03
2.998000000000000000e+03 1.133791710600409340e-03
2.999000000000000000e+03 1.133764245188813909e-03
