0.000000000000000000e+00 6.620091194255597888e-02
1.000000000000000000e+00 6.982231215444936398e-03
2.000000000000000000e+00 5.925521013354535793e-03
3.000000000000000000e+00 5.824964642181822659e-03
4.000000000000000000e+00 5.767677792590595286e-03
5.000000000000000000e+00 5.695543374925015473e-03
6.000000000000000000e+00 5.697144271507949276e-03
7.000000000000000000e+00 5.563794623961174773e-03
8.000000000000000000e+00 5.647723768097562443e-03
9.000000000000000000e+00 5.417920717220380857e-03
1.000000000000000000e+01 5.321451341637718595e-03
1.100000000000000000e+01 5.285223153136334694e-03
1.200000000000000000e+01 5.159786268884062124e-03
1.300000000000000000e+01 5.066579014649951265e-03
1.400000000000000000e+01 4.944664259708021238e-03
1.500000000000000000e+01 4.883682935401207313e-03
1.600000000000000000e+01 4.775901992464442157e-03
1.700000000000000000e+01 4.550493985602577923e-03
1.800000000000000000e+01 4.354551990699047880e-03
1.900000000000000000e+01 4.070550019241272674e-03
2.000000000000000000e+01 3.790840964292743493e-03
2.100000000000000000e+01 3.363014596081609960e-03
2.200000000000000000e+01 2.837868999425290691e-03
2.300000000000000000e+01 2.305901636522249797e-03
2.400000000000000000e+01 1.718674317428742042e-03
2.500000000000000000e+01 1.140551144648089795e-03
2.600000000000000000e+01 7.884085432673668473e-04
2.700000000000000000e+01 5.021956273858785855e-04
2.800000000000000000e+01 3.708911678025651748e-04
2.900000000000000000e+01 2.939093912898555730e-04
3.000000000000000000e+01 2.531479704573557591e-04
3.100000000000000000e+01 2.328052983262407093e-04
3.200000000000000000e+01 2.073382425992138832e-04
3.300000000000000000e+01 1.930866363571911179e-04
3.400000000000000000e+01 1.823903185050817317e-04
3.500000000000000000e+01 1.676950412811688989e-04
3.600000000000000000e+01 1.629071461753219593e-04
3.700000000000000000e+01 1.571519912281364500e-04
3.800000000000000000e+01 1.515318590965136780e-04
3.900000000000000000e+01 1.547234793223689348e-04
4.000000000000000000e+01 1.484721668250782987e-04
4.100000000000000000e+01 1.473022332780669550e-04
4.200000000000000000e+01 1.426651658630726698e-04
4.300000000000000000e+01 1.449216136525645576e-04
4.400000000000000000e+01 1.451368284665385908e-04
4.500000000000000000e+01 1.403169743723152571e-04
4.600000000000000000e+01 1.362990825058946849e-04
4.700000000000000000e+01 1.353723435082632338e-04
4.800000000000000000e+01 1.396061246525569851e-04
4.900000000000000000e+01 1.380363196778184144e-04
5.000000000000000000e+01 1.356957520604505033e-04
5.100000000000000000e+01 1.343432484778223676e-04
5.200000000000000000e+01 1.327850043811665010e-04
5.300000000000000000e+01 1.295059099603538947e-04
5.400000000000000000e+01 1.291965204120817153e-04
5.500000000000000000e+01 1.283610972955086585e-04
5.600000000000000000e+01 1.274256175419511360e-04
5.700000000000000000e+01 1.325419109730977278e-04
5.800000000000000000e+01 1.363634299215587165e-04
5.900000000000000000e+01 1.305884391577458983e-04
6.000000000000000000e+01 1.249126042884731553e-04
6.100000000000000000e+01 1.235209642466790947e-04
6.200000000000000000e+01 1.240332448917501177e-04
6.300000000000000000e+01 1.301514363202956840e-04
6.400000000000000000e+01 1.261050585637864968e-04
6.500000000000000000e+01 1.240510573178886847e-04
6.600000000000000000e+01 1.258548400837636804e-04
6.700000000000000000e+01 1.216455362457243982e-04
6.800000000000000000e+01 1.201799456697546782e-04
6.900000000000000000e+01 1.205794200183841802e-04
7.000000000000000000e+01 1.201857610986706076e-04
7.100000000000000000e+01 1.206005945601955283e-04
7.200000000000000000e+01 1.213167794744806499e-04
7.300000000000000000e+01 1.173503306183893211e-04
7.400000000000000000e+01 1.181419463566445036e-04
7.500000000000000000e+01 1.191445028635195521e-04
7.600000000000000000e+01 1.187982838468798079e-04
7.700000000000000000e+01 1.188051476974112929e-04
7.800000000000000000e+01 1.182386967243759620e-04
7.900000000000000000e+01 1.189248207867730361e-04
8.000000000000000000e+01 1.250629438553258767e-04
8.100000000000000000e+01 1.150040889011154312e-04
8.200000000000000000e+01 1.137847319556307702e-04
8.300000000000000000e+01 1.134141344138619534e-04
8.400000000000000000e+01 1.156023932640892575e-04
8.500000000000000000e+01 1.128972149144935637e-04
8.600000000000000000e+01 1.131804464000290265e-04
8.700000000000000000e+01 1.187484962817125930e-04
8.800000000000000000e+01 1.141534689409392513e-04
8.900000000000000000e+01 1.138036360399472810e-04
9.000000000000000000e+01 1.274028348551073657e-04
9.100000000000000000e+01 1.158994955258162173e-04
9.200000000000000000e+01 1.130074132672762325e-04
9.300000000000000000e+01 1.137214912078661347e-04
9.400000000000000000e+01 1.106041667143524741e-04
9.500000000000000000e+01 1.133577381786164510e-04
9.600000000000000000e+01 1.147394270800319573e-04
9.700000000000000000e+01 1.128137141545944891e-04
9.800000000000000000e+01 1.125531622307379898e-04
9.900000000000000000e+01 1.128513088562385928e-04
1.000000000000000000e+02 1.109657368259026251e-04
1.010000000000000000e+02 1.085490908885003057e-04
1.020000000000000000e+02 1.119714395895144229e-04
1.030000000000000000e+02 1.106888500777955715e-04
1.040000000000000000e+02 1.099185080092209802e-04
1.050000000000000000e+02 1.083875509357130028e-04
1.060000000000000000e+02 1.085781686734721923e-04
1.070000000000000000e+02 1.080218546150957471e-04
1.080000000000000000e+02 1.098971333508940563e-04
1.090000000000000000e+02 1.083230901440422410e-04
1.100000000000000000e+02 1.090617444068166838e-04
1.110000000000000000e+02 1.076101602300350317e-04
1.120000000000000000e+02 1.083880224826245603e-04
1.130000000000000000e+02 1.218471839393414744e-04
1.140000000000000000e+02 1.130108908242927673e-04
1.150000000000000000e+02 1.194885212531744044e-04
1.160000000000000000e+02 1.116620294304004614e-04
1.170000000000000000e+02 1.104049809589887710e-04
1.180000000000000000e+02 1.065823881304675210e-04
1.190000000000000000e+02 1.112752447153233441e-04
1.200000000000000000e+02 1.055558414951827137e-04
1.210000000000000000e+02 1.062785207859365933e-04
1.220000000000000000e+02 1.055219907298783258e-04
1.230000000000000000e+02 1.065275134102883822e-04
1.240000000000000000e+02 1.058086112375691319e-04
1.250000000000000000e+02 1.059892440743617461e-04
1.260000000000000000e+02 1.082576824946043060e-04
1.270000000000000000e+02 1.064463228548581268e-04
1.280000000000000000e+02 1.103764802435373084e-04
1.290000000000000000e+02 1.058494719187870302e-04
1.300000000000000000e+02 1.177952879582676294e-04
1.310000000000000000e+02 1.070881914918242711e-04
1.320000000000000000e+02 1.079161942126333765e-04
1.330000000000000000e+02 1.051549562485595872e-04
1.340000000000000000e+02 1.056930289825628292e-04
1.350000000000000000e+02 1.067490381149801567e-04
1.360000000000000000e+02 1.049449234391813671e-04
1.370000000000000000e+02 1.046757823265670500e-04
1.380000000000000000e+02 1.046357259699762492e-04
1.390000000000000000e+02 1.085240524216292320e-04
1.400000000000000000e+02 1.059324449698812690e-04
1.410000000000000000e+02 1.092694548423484371e-04
1.420000000000000000e+02 1.118107134228384938e-04
1.430000000000000000e+02 1.068645196987537161e-04
1.440000000000000000e+02 1.073113095066027909e-04
1.450000000000000000e+02 1.108125537651401434e-04
1.460000000000000000e+02 1.102236357514527486e-04
1.470000000000000000e+02 1.089022115695868233e-04
1.480000000000000000e+02 1.082569781982658933e-04
1.490000000000000000e+02 1.056918176225491346e-04
1.500000000000000000e+02 1.036898120059281166e-04
1.510000000000000000e+02 1.059181905878868603e-04
1.520000000000000000e+02 1.053408336160743401e-04
1.530000000000000000e+02 1.035508335908137494e-04
1.540000000000000000e+02 1.051032432954779615e-04
1.550000000000000000e+02 1.112833438148982213e-04
1.560000000000000000e+02 1.068544222310639997e-04
1.570000000000000000e+02 1.071655410487333440e-04
1.580000000000000000e+02 1.157226504779078937e-04
1.590000000000000000e+02 1.044279439949352619e-04
1.600000000000000000e+02 1.047615395567799332e-04
1.610000000000000000e+02 1.048684872858852664e-04
1.620000000000000000e+02 1.054707361110741323e-04
1.630000000000000000e+02 1.033322127544128888e-04
1.640000000000000000e+02 1.058742293377741773e-04
1.650000000000000000e+02 1.067285602633836995e-04
1.660000000000000000e+02 1.096207384408007869e-04
1.670000000000000000e+02 1.100195188575206739e-04
1.680000000000000000e+02 1.027864303055545770e-04
1.690000000000000000e+02 1.045721989367549826e-04
1.700000000000000000e+02 1.051648020626608058e-04
1.710000000000000000e+02 1.057749179822168331e-04
1.720000000000000000e+02 1.037671768002181402e-04
1.730000000000000000e+02 1.119073860010885935e-04
1.740000000000000000e+02 1.077041843980668817e-04
1.750000000000000000e+02 1.044457151419743868e-04
1.760000000000000000e+02 1.124437994133342835e-04
1.770000000000000000e+02 1.041255902828619608e-04
1.780000000000000000e+02 1.026390773770301349e-04
1.790000000000000000e+02 1.019979169445512051e-04
1.800000000000000000e+02 1.036827370760908505e-04
1.810000000000000000e+02 1.062289449543250478e-04
1.820000000000000000e+02 1.114988696917558085e-04
1.830000000000000000e+02 1.027857957189006003e-04
1.840000000000000000e+02 1.021699739991149673e-04
1.850000000000000000e+02 1.042878519048366447e-04
1.860000000000000000e+02 1.047960692529551001e-04
1.870000000000000000e+02 1.102890721958816927e-04
1.880000000000000000e+02 1.090269339234412499e-04
1.890000000000000000e+02 1.007396356190416113e-04
1.900000000000000000e+02 1.072357425412358544e-04
1.910000000000000000e+02 1.103187103088944492e-04
1.920000000000000000e+02 1.017246710093696677e-04
1.930000000000000000e+02 1.032992353632164126e-04
1.940000000000000000e+02 1.021184644595028544e-04
1.950000000000000000e+02 1.103290272178388838e-04
1.960000000000000000e+02 1.021317175874268592e-04
1.970000000000000000e+02 1.037585799329260138e-04
1.980000000000000000e+02 1.025416937844278090e-04
1.990000000000000000e+02 1.029956731551054410e-04
2.000000000000000000e+02 1.089004962041657598e-04
2.010000000000000000e+02 1.029557790019400277e-04
2.020000000000000000e+02 1.052401383066722693e-04
2.030000000000000000e+02 1.007926242887345110e-04
2.040000000000000000e+02 1.028311160410167667e-04
2.050000000000000000e+02 1.016472781716896057e-04
2.060000000000000000e+02 1.014684541653723411e-04
2.070000000000000000e+02 1.010809302102191561e-04
2.080000000000000000e+02 1.039138161159051813e-04
2.090000000000000000e+02 1.021664246973951959e-04
2.100000000000000000e+02 1.016809057649748529e-04
2.110000000000000000e+02 1.008987789184627242e-04
2.120000000000000000e+02 1.006512350580559146e-04
2.130000000000000000e+02 1.024180908778125123e-04
2.140000000000000000e+02 1.028904605085721383e-04
2.150000000000000000e+02 1.002421142985302556e-04
2.160000000000000000e+02 1.013584067072646690e-04
2.170000000000000000e+02 9.951161814497776659e-05
2.180000000000000000e+02 1.004290876028147425e-04
2.190000000000000000e+02 1.008900995455764443e-04
2.200000000000000000e+02 1.058332369494640929e-04
2.210000000000000000e+02 1.022640298943077548e-04
2.220000000000000000e+02 1.191338144647459169e-04
2.230000000000000000e+02 1.065349548416185397e-04
2.240000000000000000e+02 1.011994823719619858e-04
2.250000000000000000e+02 1.016532788070784551e-04
2.260000000000000000e+02 1.078449611726033612e-04
2.270000000000000000e+02 1.011024188307460813e-04
2.280000000000000000e+02 1.019100685482055420e-04
2.290000000000000000e+02 1.004248815026757575e-04
2.300000000000000000e+02 9.966570948398050585e-05
2.310000000000000000e+02 1.007914487668538960e-04
2.320000000000000000e+02 1.000998935680415865e-04
2.330000000000000000e+02 1.028331161190615737e-04
2.340000000000000000e+02 1.085812817258232217e-04
2.350000000000000000e+02 1.013476494175326526e-04
2.360000000000000000e+02 1.004023238215300207e-04
2.370000000000000000e+02 1.046952440304885923e-04
2.380000000000000000e+02 1.037067991452866471e-04
2.390000000000000000e+02 1.075300792529319441e-04
2.400000000000000000e+02 9.941522255203040287e-05
2.410000000000000000e+02 1.026902509011195906e-04
2.420000000000000000e+02 1.022172641106702107e-04
2.430000000000000000e+02 9.993422518716780427e-05
2.440000000000000000e+02 1.012303205145395152e-04
2.450000000000000000e+02 1.021756390523356702e-04
2.460000000000000000e+02 1.054700159316436097e-04
2.470000000000000000e+02 1.006713141793745862e-04
2.480000000000000000e+02 9.875100251760323571e-05
2.490000000000000000e+02 9.882680062640242030e-05
2.500000000000000000e+02 1.045257536499851988e-04
2.510000000000000000e+02 1.071315861927155718e-04
2.520000000000000000e+02 9.856614314628908409e-05
2.530000000000000000e+02 9.995524287605450132e-05
2.540000000000000000e+02 9.858283405969035806e-05
2.550000000000000000e+02 9.900460123123462793e-05
2.560000000000000000e+02 9.919908310812064250e-05
2.570000000000000000e+02 9.777943263531087726e-05
2.580000000000000000e+02 9.877632222878803589e-05
2.590000000000000000e+02 9.750197508554561904e-05
2.600000000000000000e+02 9.736553382783299908e-05
2.610000000000000000e+02 1.008568257188099075e-04
2.620000000000000000e+02 9.905772875672733786e-05
2.630000000000000000e+02 9.962368384801896114e-05
2.640000000000000000e+02 9.835646979799863123e-05
2.650000000000000000e+02 9.788357802026969386e-05
2.660000000000000000e+02 9.838999191258228621e-05
2.670000000000000000e+02 9.925078179349082561e-05
2.680000000000000000e+02 9.764165884315472463e-05
2.690000000000000000e+02 9.892693772182553072e-05
2.700000000000000000e+02 1.038664324589992459e-04
2.710000000000000000e+02 9.832748075601793097e-05
2.720000000000000000e+02 9.803625290536317717e-05
2.730000000000000000e+02 9.805600580895764199e-05
2.740000000000000000e+02 1.106201252730764257e-04
2.750000000000000000e+02 1.006267892528057653e-04
2.760000000000000000e+02 9.861193618217297047e-05
2.770000000000000000e+02 9.662981831827319602e-05
2.780000000000000000e+02 9.642314263678344215e-05
2.790000000000000000e+02 9.749727752842158159e-05
2.800000000000000000e+02 9.740197710595647346e-05
2.810000000000000000e+02 9.805651053848572546e-05
2.820000000000000000e+02 9.781287643453068117e-05
2.830000000000000000e+02 9.770084719185076027e-05
2.840000000000000000e+02 9.863661959272277248e-05
2.850000000000000000e+02 9.640935279831082025e-05
2.860000000000000000e+02 9.652156257574641093e-05
2.870000000000000000e+02 9.763698873943215068e-05
2.880000000000000000e+02 9.735525193693925238e-05
2.890000000000000000e+02 9.640596945819733651e-05
2.900000000000000000e+02 9.773327615534302621e-05
2.910000000000000000e+02 1.059710782838324522e-04
2.920000000000000000e+02 9.916540663135982650e-05
2.930000000000000000e+02 9.620966025588815736e-05
2.940000000000000000e+02 9.578535204299175505e-05
2.950000000000000000e+02 9.528582921435869676e-05
2.960000000000000000e+02 9.680136517753520767e-05
2.970000000000000000e+02 9.681939478128850668e-05
2.980000000000000000e+02 9.544888345808272983e-05
2.990000000000000000e+02 9.873443567720260102e-05
3.000000000000000000e+02 9.674739561693058672e-05
3.010000000000000000e+02 9.542574507819227435e-05
3.020000000000000000e+02 9.492739979769568954e-05
3.030000000000000000e+02 9.858887470209157244e-05
3.040000000000000000e+02 9.696182899121413032e-05
3.050000000000000000e+02 9.647959906456467401e-05
3.060000000000000000e+02 9.586744910274961327e-05
3.070000000000000000e+02 9.626293094259652397e-05
3.080000000000000000e+02 9.601427585458250941e-05
3.090000000000000000e+02 9.625616500979061599e-05
3.100000000000000000e+02 9.677480354307823229e-05
3.110000000000000000e+02 9.822783468627462652e-05
3.120000000000000000e+02 9.827265829838352073e-05
3.130000000000000000e+02 9.487764397820347884e-05
3.140000000000000000e+02 9.560492031083204665e-05
3.150000000000000000e+02 9.430448110797310529e-05
3.160000000000000000e+02 9.526762678613473446e-05
3.170000000000000000e+02 9.572616207995581850e-05
3.180000000000000000e+02 9.453906670159125552e-05
3.190000000000000000e+02 9.596704250009530557e-05
3.200000000000000000e+02 9.429060552398859632e-05
3.210000000000000000e+02 9.572328913654977694e-05
3.220000000000000000e+02 9.432060108608829752e-05
3.230000000000000000e+02 9.495696889514624640e-05
3.240000000000000000e+02 9.403644428225304186e-05
3.250000000000000000e+02 9.332182514197145647e-05
3.260000000000000000e+02 9.467709049274929557e-05
3.270000000000000000e+02 9.313418045033480266e-05
3.280000000000000000e+02 9.730052021244439036e-05
3.290000000000000000e+02 9.439966727492662675e-05
3.300000000000000000e+02 9.400388923602339927e-05
3.310000000000000000e+02 9.370876642966083033e-05
3.320000000000000000e+02 9.552415430213419603e-05
3.330000000000000000e+02 9.378333369712506034e-05
3.340000000000000000e+02 9.465440848934673738e-05
3.350000000000000000e+02 9.744126627885782736e-05
3.360000000000000000e+02 9.641722327043792686e-05
3.370000000000000000e+02 9.559669156686789705e-05
3.380000000000000000e+02 9.390552130749401521e-05
3.390000000000000000e+02 9.446515934420361455e-05
3.400000000000000000e+02 9.321424257564329377e-05
3.410000000000000000e+02 9.465414398508154004e-05
3.420000000000000000e+02 9.370422739811702889e-05
3.430000000000000000e+02 9.523612077637758132e-05
3.440000000000000000e+02 9.475692257810237266e-05
3.450000000000000000e+02 9.333690537986502145e-05
3.460000000000000000e+02 9.360929647833328903e-05
3.470000000000000000e+02 9.429605788567457238e-05
3.480000000000000000e+02 9.177030195961940172e-05
3.490000000000000000e+02 9.259896113283083154e-05
3.500000000000000000e+02 9.238509801074718658e-05
3.510000000000000000e+02 9.393812361113583400e-05
3.520000000000000000e+02 9.450455912433721752e-05
3.530000000000000000e+02 9.256057300289210479e-05
3.540000000000000000e+02 9.136615175994303769e-05
3.550000000000000000e+02 9.547805637770696960e-05
3.560000000000000000e+02 9.194590114761146214e-05
3.570000000000000000e+02 9.164456180701023396e-05
3.580000000000000000e+02 9.218573841923561447e-05
3.590000000000000000e+02 9.250382946907307637e-05
3.600000000000000000e+02 9.201528380044071405e-05
3.610000000000000000e+02 9.254926547427660619e-05
3.620000000000000000e+02 9.073239566596837081e-05
3.630000000000000000e+02 9.107047520313243938e-05
3.640000000000000000e+02 9.032523758290589050e-05
3.650000000000000000e+02 9.166867020379998617e-05
3.660000000000000000e+02 9.243001242915802529e-05
3.670000000000000000e+02 9.276026043633799523e-05
3.680000000000000000e+02 9.141403049675502629e-05
3.690000000000000000e+02 9.107040313329102521e-05
3.700000000000000000e+02 9.075254988344174669e-05
3.710000000000000000e+02 9.329539289583374019e-05
3.720000000000000000e+02 9.033976172287827165e-05
3.730000000000000000e+02 9.324923357178195268e-05
3.740000000000000000e+02 9.226228312519693068e-05
3.750000000000000000e+02 8.964315873294816767e-05
3.760000000000000000e+02 9.114542200820450004e-05
3.770000000000000000e+02 9.200752781955283703e-05
3.780000000000000000e+02 8.951265186979205201e-05
3.790000000000000000e+02 9.038560468936927871e-05
3.800000000000000000e+02 8.957230009880025020e-05
3.810000000000000000e+02 9.036917446439586684e-05
3.820000000000000000e+02 9.095356150708512643e-05
3.830000000000000000e+02 9.030656830669929296e-05
3.840000000000000000e+02 8.975615190044603745e-05
3.850000000000000000e+02 8.875445504796598058e-05
3.860000000000000000e+02 8.985769018535520129e-05
3.870000000000000000e+02 8.931368962816807857e-05
3.880000000000000000e+02 9.220612684059215189e-05
3.890000000000000000e+02 8.905730327996425044e-05
3.900000000000000000e+02 9.095410203362252826e-05
3.910000000000000000e+02 8.927444360532987779e-05
3.920000000000000000e+02 8.846044147107879978e-05
3.930000000000000000e+02 8.887670224607283694e-05
3.940000000000000000e+02 8.888877746679227343e-05
3.950000000000000000e+02 8.962039866855218994e-05
3.960000000000000000e+02 9.177389620515201819e-05
3.970000000000000000e+02 8.909582271075560040e-05
3.980000000000000000e+02 8.820284158359050224e-05
3.990000000000000000e+02 8.792937915878409969e-05
4.000000000000000000e+02 8.990472205200008464e-05
4.010000000000000000e+02 8.888653138350061274e-05
4.020000000000000000e+02 9.078924438683516477e-05
4.030000000000000000e+02 9.238424549009071403e-05
4.040000000000000000e+02 9.152143387390737606e-05
4.050000000000000000e+02 8.922264496622287898e-05
4.060000000000000000e+02 8.786282998188318211e-05
4.070000000000000000e+02 8.810346608776463580e-05
4.080000000000000000e+02 8.793581125255457178e-05
4.090000000000000000e+02 8.726525179256865974e-05
4.100000000000000000e+02 8.720529312515502439e-05
4.110000000000000000e+02 8.742906150361325708e-05
4.120000000000000000e+02 8.809860065239325693e-05
4.130000000000000000e+02 8.787969240263718230e-05
4.140000000000000000e+02 8.961885573832790368e-05
4.150000000000000000e+02 8.722101244517386272e-05
4.160000000000000000e+02 8.702861835017677448e-05
4.170000000000000000e+02 8.708960034384811261e-05
4.180000000000000000e+02 8.724136874238067854e-05
4.190000000000000000e+02 8.694367478455452441e-05
4.200000000000000000e+02 9.108059666666692283e-05
4.210000000000000000e+02 8.706088793521794345e-05
4.220000000000000000e+02 8.625624410926708381e-05
4.230000000000000000e+02 8.691744885776524123e-05
4.240000000000000000e+02 8.706545091183568233e-05
4.250000000000000000e+02 8.802973432546163724e-05
4.260000000000000000e+02 8.624970673541936667e-05
4.270000000000000000e+02 8.626373052899227647e-05
4.280000000000000000e+02 8.622987016451362280e-05
4.290000000000000000e+02 8.650970461701791179e-05
4.300000000000000000e+02 8.595352315194229392e-05
4.310000000000000000e+02 8.710080059979277603e-05
4.320000000000000000e+02 8.744931479429598619e-05
4.330000000000000000e+02 8.566508617676980874e-05
4.340000000000000000e+02 8.532577527887351626e-05
4.350000000000000000e+02 8.545896717312524628e-05
4.360000000000000000e+02 8.541700598163697825e-05
4.370000000000000000e+02 8.522987797250409939e-05
4.380000000000000000e+02 8.586516942333825213e-05
4.390000000000000000e+02 8.635557159573300785e-05
4.400000000000000000e+02 8.561683839736630383e-05
4.410000000000000000e+02 8.772471842642627551e-05
4.420000000000000000e+02 8.598207618203278679e-05
4.430000000000000000e+02 8.941961687783984449e-05
4.440000000000000000e+02 8.674130608204164497e-05
4.450000000000000000e+02 8.450184036182949068e-05
4.460000000000000000e+02 8.423374634272434887e-05
4.470000000000000000e+02 8.672442836016335845e-05
4.480000000000000000e+02 8.499967929855954533e-05
4.490000000000000000e+02 8.428572292328502015e-05
4.500000000000000000e+02 8.444605283006752087e-05
4.510000000000000000e+02 8.422595373640431968e-05
4.520000000000000000e+02 8.413050142481399226e-05
4.530000000000000000e+02 8.476408420500802798e-05
4.540000000000000000e+02 8.522803281013823721e-05
4.550000000000000000e+02 8.397441943742316780e-05
4.560000000000000000e+02 8.393237870572739013e-05
4.570000000000000000e+02 8.449062909497374516e-05
4.580000000000000000e+02 8.408395851487742876e-05
4.590000000000000000e+02 8.421067396923952978e-05
4.600000000000000000e+02 8.373769072191824820e-05
4.610000000000000000e+02 8.349010113533358955e-05
4.620000000000000000e+02 8.389555613338853593e-05
4.630000000000000000e+02 8.382492887593565717e-05
4.640000000000000000e+02 8.349164066002781322e-05
4.650000000000000000e+02 8.301759720484835339e-05
4.660000000000000000e+02 8.370128023810046987e-05
4.670000000000000000e+02 8.293609146568059031e-05
4.680000000000000000e+02 8.285079706350243422e-05
4.690000000000000000e+02 8.248955760119494238e-05
4.700000000000000000e+02 8.277333493754212646e-05
4.710000000000000000e+02 8.236412893563861389e-05
4.720000000000000000e+02 8.231013878191674785e-05
4.730000000000000000e+02 8.343941762327320149e-05
4.740000000000000000e+02 8.240834374333539205e-05
4.750000000000000000e+02 8.279990356320145086e-05
4.760000000000000000e+02 8.252796681658121185e-05
4.770000000000000000e+02 8.247349129998772066e-05
4.780000000000000000e+02 8.330826506757106490e-05
4.790000000000000000e+02 8.255056445611647824e-05
4.800000000000000000e+02 8.174331038245641042e-05
4.810000000000000000e+02 8.225797972283879463e-05
4.820000000000000000e+02 8.122099428039984616e-05
4.830000000000000000e+02 8.238351633773751347e-05
4.840000000000000000e+02 8.521354143750526212e-05
4.850000000000000000e+02 8.327580977560753545e-05
4.860000000000000000e+02 8.158952320721307662e-05
4.870000000000000000e+02 8.217996530384378976e-05
4.880000000000000000e+02 8.132106887963970639e-05
4.890000000000000000e+02 8.069126534275290058e-05
4.900000000000000000e+02 8.182566885657082019e-05
4.910000000000000000e+02 8.326645497793682120e-05
4.920000000000000000e+02 8.093412020327190475e-05
4.930000000000000000e+02 8.075108506163671635e-05
4.940000000000000000e+02 8.048487528408311141e-05
4.950000000000000000e+02 8.087403622737407221e-05
4.960000000000000000e+02 8.097557455480401895e-05
4.970000000000000000e+02 8.120671028786270067e-05
4.980000000000000000e+02 8.098706231547114494e-05
4.990000000000000000e+02 8.034654774918602120e-05
5.000000000000000000e+02 8.030073399779531025e-05
5.010000000000000000e+02 7.925466950185733848e-05
5.020000000000000000e+02 7.920210238390193935e-05
5.030000000000000000e+02 7.950981383901546652e-05
5.040000000000000000e+02 7.908978040243054542e-05
5.050000000000000000e+02 7.914906429745730248e-05
5.060000000000000000e+02 7.941636105653483539e-05
5.070000000000000000e+02 7.874568427702538834e-05
5.080000000000000000e+02 7.856171545517876649e-05
5.090000000000000000e+02 7.959595162639092813e-05
5.100000000000000000e+02 7.866718554265918293e-05
5.110000000000000000e+02 7.839384821537609014e-05
5.120000000000000000e+02 7.844779515993151385e-05
5.130000000000000000e+02 7.797418701979856918e-05
5.140000000000000000e+02 7.805547102514064160e-05
5.150000000000000000e+02 7.798650251038038842e-05
5.160000000000000000e+02 7.750735840697109554e-05
5.170000000000000000e+02 7.859000946114560332e-05
5.180000000000000000e+02 7.791931408408335079e-05
5.190000000000000000e+02 7.724037418630917478e-05
5.200000000000000000e+02 7.772054190602535086e-05
5.210000000000000000e+02 7.869577393223115903e-05
5.220000000000000000e+02 7.646652404218429004e-05
5.230000000000000000e+02 7.643623278714410543e-05
5.240000000000000000e+02 7.596670769435161772e-05
5.250000000000000000e+02 7.550449983724266852e-05
5.260000000000000000e+02 7.605478145962862933e-05
5.270000000000000000e+02 7.530148057410353181e-05
5.280000000000000000e+02 7.870717797247051852e-05
5.290000000000000000e+02 7.556182037110151261e-05
5.300000000000000000e+02 7.496059805386307896e-05
5.310000000000000000e+02 7.549343419917526178e-05
5.320000000000000000e+02 7.421545965550583050e-05
5.330000000000000000e+02 7.444758962710393768e-05
5.340000000000000000e+02 7.369201183977678389e-05
5.350000000000000000e+02 7.444710617733843352e-05
5.360000000000000000e+02 7.341021031002871369e-05
5.370000000000000000e+02 7.339090441730434069e-05
5.380000000000000000e+02 7.319966990169671152e-05
5.390000000000000000e+02 7.233411622711612284e-05
5.400000000000000000e+02 7.236442239195127728e-05
5.410000000000000000e+02 7.364965159523352491e-05
5.420000000000000000e+02 7.205841361205863173e-05
5.430000000000000000e+02 7.170642008643234966e-05
5.440000000000000000e+02 7.123847360174999192e-05
5.450000000000000000e+02 7.117817394076934195e-05
5.460000000000000000e+02 7.128685792404140082e-05
5.470000000000000000e+02 7.158267730215322566e-05
5.480000000000000000e+02 7.116348265197071376e-05
5.490000000000000000e+02 7.032004267419192974e-05
5.500000000000000000e+02 7.077079941438531687e-05
5.510000000000000000e+02 6.999242456107853067e-05
5.520000000000000000e+02 7.013509051639927217e-05
5.530000000000000000e+02 7.065239398000455902e-05
5.540000000000000000e+02 7.026337662679789256e-05
5.550000000000000000e+02 7.121811836768104865e-05
5.560000000000000000e+02 6.990140637482943758e-05
5.570000000000000000e+02 6.940675505130386187e-05
5.580000000000000000e+02 6.884852556689426064e-05
5.590000000000000000e+02 6.853105919880751610e-05
5.600000000000000000e+02 6.956263095962327621e-05
5.610000000000000000e+02 7.039779424627673596e-05
5.620000000000000000e+02 6.867491852282423383e-05
5.630000000000000000e+02 6.855033326095829823e-05
5.640000000000000000e+02 6.855550912964325364e-05
5.650000000000000000e+02 6.768675119784057386e-05
5.660000000000000000e+02 6.746197281974050447e-05
5.670000000000000000e+02 6.781710117795648003e-05
5.680000000000000000e+02 6.728269599250482345e-05
5.690000000000000000e+02 6.729237197191979705e-05
5.700000000000000000e+02 6.660255008257894439e-05
5.710000000000000000e+02 6.692558751976627703e-05
5.720000000000000000e+02 6.721432873194519949e-05
5.730000000000000000e+02 6.659774068207480928e-05
5.740000000000000000e+02 6.659068201156297215e-05
5.750000000000000000e+02 6.602598139797772800e-05
5.760000000000000000e+02 6.665058696724223363e-05
5.770000000000000000e+02 6.689087320580088436e-05
5.780000000000000000e+02 6.660187620843823809e-05
5.790000000000000000e+02 6.550536766735659262e-05
5.800000000000000000e+02 6.572118385295090594e-05
5.810000000000000000e+02 6.540197494121762097e-05
5.820000000000000000e+02 6.555354828385175179e-05
5.830000000000000000e+02 6.509565529641268594e-05
5.840000000000000000e+02 6.527120994028441452e-05
5.850000000000000000e+02 6.553502052659600913e-05
5.860000000000000000e+02 6.639832061003462507e-05
5.870000000000000000e+02 6.433989305142574658e-05
5.880000000000000000e+02 6.469832023892960866e-05
5.890000000000000000e+02 6.430862384313216313e-05
5.900000000000000000e+02 6.426311558985397718e-05
5.910000000000000000e+02 6.457985975808557292e-05
5.920000000000000000e+02 6.582276420219780057e-05
5.930000000000000000e+02 6.485032585002189597e-05
5.940000000000000000e+02 6.386053935784116037e-05
5.950000000000000000e+02 6.456536102969046671e-05
5.960000000000000000e+02 6.425292416893335049e-05
5.970000000000000000e+02 6.430089530805817755e-05
5.980000000000000000e+02 6.473970922807216336e-05
5.990000000000000000e+02 6.497177096455590724e-05
6.000000000000000000e+02 6.363177917263604020e-05
6.010000000000000000e+02 6.392423974731800641e-05
6.020000000000000000e+02 6.387793805278587798e-05
6.030000000000000000e+02 6.684112120747571638e-05
6.040000000000000000e+02 6.412971320071702598e-05
6.050000000000000000e+02 6.453127566458879440e-05
6.060000000000000000e+02 6.338269372021234835e-05
6.070000000000000000e+02 6.390215469430894310e-05
6.080000000000000000e+02 6.475928281594223624e-05
6.090000000000000000e+02 6.396408636677409706e-05
6.100000000000000000e+02 6.450807542247432311e-05
6.110000000000000000e+02 6.402979532785989204e-05
6.120000000000000000e+02 6.355385648401106640e-05
6.130000000000000000e+02 6.384544327199507424e-05
6.140000000000000000e+02 6.364541574284176889e-05
6.150000000000000000e+02 6.345248987272535319e-05
6.160000000000000000e+02 6.354733014961159478e-05
6.170000000000000000e+02 6.359387356119892184e-05
6.180000000000000000e+02 6.431569785523098273e-05
6.190000000000000000e+02 6.336099134689578485e-05
6.200000000000000000e+02 6.484056582039449438e-05
6.210000000000000000e+02 6.431997145322067375e-05
6.220000000000000000e+02 6.386591896036312695e-05
6.230000000000000000e+02 6.419419737619507513e-05
6.240000000000000000e+02 6.341036451574819728e-05
6.250000000000000000e+02 6.448806680886621568e-05
6.260000000000000000e+02 6.336920880482557153e-05
6.270000000000000000e+02 6.416878688593926066e-05
6.280000000000000000e+02 6.424709092904391339e-05
6.290000000000000000e+02 6.323680991120457875e-05
6.300000000000000000e+02 6.395280349473895121e-05
6.310000000000000000e+02 6.317482940161722586e-05
6.320000000000000000e+02 6.359351546350846466e-05
6.330000000000000000e+02 6.333262822372783625e-05
6.340000000000000000e+02 6.419658936758505634e-05
6.350000000000000000e+02 6.331633421411473185e-05
6.360000000000000000e+02 6.336572346399286973e-05
6.370000000000000000e+02 6.318123235214128807e-05
6.380000000000000000e+02 6.341676156331275537e-05
6.390000000000000000e+02 6.326652971814116422e-05
6.400000000000000000e+02 6.394001619645491778e-05
6.410000000000000000e+02 6.383030863228862076e-05
6.420000000000000000e+02 6.348243554548833336e-05
6.430000000000000000e+02 6.359412791363905988e-05
6.440000000000000000e+02 6.372652122540434206e-05
6.450000000000000000e+02 6.332772099264100921e-05
6.460000000000000000e+02 6.332453067363787819e-05
6.470000000000000000e+02 6.353153606058762801e-05
6.480000000000000000e+02 6.319411766929522477e-05
6.490000000000000000e+02 6.315467790458150822e-05
6.500000000000000000e+02 6.423483533248767856e-05
6.510000000000000000e+02 6.378554866477396002e-05
6.520000000000000000e+02 6.322883310480932639e-05
6.530000000000000000e+02 6.438584069669689685e-05
6.540000000000000000e+02 6.331275506898740300e-05
6.550000000000000000e+02 6.360841349898660230e-05
6.560000000000000000e+02 6.311115232525608639e-05
6.570000000000000000e+02 6.332927922692455774e-05
6.580000000000000000e+02 6.323037834485418748e-05
6.590000000000000000e+02 6.330083727963587597e-05
6.600000000000000000e+02 6.336684689129084939e-05
6.610000000000000000e+02 6.378912890797040715e-05
6.620000000000000000e+02 6.305721426719861837e-05
6.630000000000000000e+02 6.349309021935809047e-05
6.640000000000000000e+02 6.329093424897691241e-05
6.650000000000000000e+02 6.353341715049138532e-05
6.660000000000000000e+02 6.315589687082456989e-05
6.670000000000000000e+02 6.338903381500480465e-05
6.680000000000000000e+02 6.322643125705761959e-05
6.690000000000000000e+02 6.363725520154502350e-05
6.700000000000000000e+02 6.322503345717110743e-05
6.710000000000000000e+02 6.348520906145329527e-05
6.720000000000000000e+02 6.366461133636345496e-05
6.730000000000000000e+02 6.311239829426067930e-05
6.740000000000000000e+02 6.321484220292272586e-05
6.750000000000000000e+02 6.332871037908648830e-05
6.760000000000000000e+02 6.393800710647000441e-05
6.770000000000000000e+02 6.336710444006650412e-05
6.780000000000000000e+02 6.380329996384137591e-05
6.790000000000000000e+02 6.396439093692097774e-05
6.800000000000000000e+02 6.301444433481575734e-05
6.810000000000000000e+02 6.366061868303756431e-05
6.820000000000000000e+02 6.338885717077694093e-05
6.830000000000000000e+02 6.328517729773744664e-05
6.840000000000000000e+02 6.344892998938722302e-05
6.850000000000000000e+02 6.321158602002036715e-05
6.860000000000000000e+02 6.368351558054325854e-05
6.870000000000000000e+02 6.299656791361213804e-05
6.880000000000000000e+02 6.339540105225549094e-05
6.890000000000000000e+02 6.343031924808736487e-05
6.900000000000000000e+02 6.345643529160379780e-05
6.910000000000000000e+02 6.317586626403879052e-05
6.920000000000000000e+02 6.445491991290312555e-05
6.930000000000000000e+02 6.457758690800467413e-05
6.940000000000000000e+02 6.324626934415309798e-05
6.950000000000000000e+02 6.310415956655504859e-05
6.960000000000000000e+02 6.296005000539471597e-05
6.970000000000000000e+02 6.356431549096663381e-05
6.980000000000000000e+02 6.306235589537397619e-05
6.990000000000000000e+02 6.384697010030607363e-05
7.000000000000000000e+02 6.301742485663477359e-05
7.010000000000000000e+02 6.301821879918376645e-05
7.020000000000000000e+02 6.303343473266615718e-05
7.030000000000000000e+02 6.294362913649642285e-05
7.040000000000000000e+02 6.297805180323424773e-05
7.050000000000000000e+02 6.321943676375108056e-05
7.060000000000000000e+02 6.324105486815541550e-05
7.070000000000000000e+02 6.316395824474889495e-05
7.080000000000000000e+02 6.310326799975309519e-05
7.090000000000000000e+02 6.364178957377586399e-05
7.100000000000000000e+02 6.350647253925356065e-05
7.110000000000000000e+02 6.325350508079431266e-05
7.120000000000000000e+02 6.308773112149903672e-05
7.130000000000000000e+02 6.303885754713623585e-05
7.140000000000000000e+02 6.304565177004990836e-05
7.150000000000000000e+02 6.346730341374053725e-05
7.160000000000000000e+02 6.332362263706051153e-05
7.170000000000000000e+02 6.403088507567740255e-05
7.180000000000000000e+02 6.338897904844109762e-05
7.190000000000000000e+02 6.358660483181968965e-05
7.200000000000000000e+02 6.333417765743676298e-05
7.210000000000000000e+02 6.322059635436933693e-05
7.220000000000000000e+02 6.362314206253699711e-05
7.230000000000000000e+02 6.360305039856152521e-05
7.240000000000000000e+02 6.315976820120690707e-05
7.250000000000000000e+02 6.331375125016207653e-05
7.260000000000000000e+02 6.295512367800117255e-05
7.270000000000000000e+02 6.307254163255374428e-05
7.280000000000000000e+02 6.307863958496565896e-05
7.290000000000000000e+02 6.299245298861700390e-05
7.300000000000000000e+02 6.307755101290360498e-05
7.310000000000000000e+02 6.289480944789725746e-05
7.320000000000000000e+02 6.297292178235967667e-05
7.330000000000000000e+02 6.302157777814542826e-05
7.340000000000000000e+02 6.298469004884159979e-05
7.350000000000000000e+02 6.306290058646824741e-05
7.360000000000000000e+02 6.324619804226636695e-05
7.370000000000000000e+02 6.315513497812514059e-05
7.380000000000000000e+02 6.312622395787819449e-05
7.390000000000000000e+02 6.322878031618228689e-05
7.400000000000000000e+02 6.328976242796881875e-05
7.410000000000000000e+02 6.315331212745147220e-05
7.420000000000000000e+02 6.301122572995969124e-05
7.430000000000000000e+02 6.310768166993275781e-05
7.440000000000000000e+02 6.300943718749466775e-05
7.450000000000000000e+02 6.396241831732348406e-05
7.460000000000000000e+02 6.304752226895302787e-05
7.470000000000000000e+02 6.316849219174358165e-05
7.480000000000000000e+02 6.301445003451231787e-05
7.490000000000000000e+02 6.353308953697415151e-05
7.500000000000000000e+02 6.322271529904323513e-05
7.510000000000000000e+02 6.292835574269410983e-05
7.520000000000000000e+02 6.334035165262780686e-05
7.530000000000000000e+02 6.306236439312667573e-05
7.540000000000000000e+02 6.297253788028991559e-05
7.550000000000000000e+02 6.307341932535481832e-05
7.560000000000000000e+02 6.292969053420039750e-05
7.570000000000000000e+02 6.296333700114122641e-05
7.580000000000000000e+02 6.305335805793045372e-05
7.590000000000000000e+02 6.309223168050272950e-05
7.600000000000000000e+02 6.303919342899386841e-05
7.610000000000000000e+02 6.316848273534898415e-05
7.620000000000000000e+02 6.382152826066097456e-05
7.630000000000000000e+02 6.431183591057474216e-05
7.640000000000000000e+02 6.301410108895706002e-05
7.650000000000000000e+02 6.288301480076226053e-05
7.660000000000000000e+02 6.315122827023752973e-05
7.670000000000000000e+02 6.306843781205582827e-05
7.680000000000000000e+02 6.354591275135071339e-05
7.690000000000000000e+02 6.321532282445164303e-05
7.700000000000000000e+02 6.311082257326647001e-05
7.710000000000000000e+02 6.344708978198351486e-05
7.720000000000000000e+02 6.291319388830791427e-05
7.730000000000000000e+02 6.312128098500821777e-05
7.740000000000000000e+02 6.296163189159338061e-05
7.750000000000000000e+02 6.298798133642105829e-05
7.760000000000000000e+02 6.353304052022808580e-05
7.770000000000000000e+02 6.304470655289116053e-05
7.780000000000000000e+02 6.333354079695787265e-05
7.790000000000000000e+02 6.339663345197545834e-05
7.800000000000000000e+02 6.336645666086270520e-05
7.810000000000000000e+02 6.330332656810681239e-05
7.820000000000000000e+02 6.297904494402451652e-05
7.830000000000000000e+02 6.307960455112116981e-05
7.840000000000000000e+02 6.299673784251441340e-05
7.850000000000000000e+02 6.311726758352726135e-05
7.860000000000000000e+02 6.283720515765520913e-05
7.870000000000000000e+02 6.284250907166900749e-05
7.880000000000000000e+02 6.332247969170400287e-05
7.890000000000000000e+02 6.301870179661944662e-05
7.900000000000000000e+02 6.289039056447650114e-05
7.910000000000000000e+02 6.306621118449504430e-05
7.920000000000000000e+02 6.300639575922651009e-05
7.930000000000000000e+02 6.297949212207524941e-05
7.940000000000000000e+02 6.300519548905962977e-05
7.950000000000000000e+02 6.309782802846309289e-05
7.960000000000000000e+02 6.308848689913846956e-05
7.970000000000000000e+02 6.285436187585080972e-05
7.980000000000000000e+02 6.319381202655850543e-05
7.990000000000000000e+02 6.292230622214961197e-05
8.000000000000000000e+02 6.312999654123219585e-05
8.010000000000000000e+02 6.282519350609601654e-05
8.020000000000000000e+02 6.294821336222497683e-05
8.030000000000000000e+02 6.289422325325961345e-05
8.040000000000000000e+02 6.342999236250654608e-05
8.050000000000000000e+02 6.282902737334317990e-05
8.060000000000000000e+02 6.285189365745418814e-05
8.070000000000000000e+02 6.309292981809050871e-05
8.080000000000000000e+02 6.318894547733622594e-05
8.090000000000000000e+02 6.317538539532924723e-05
8.100000000000000000e+02 6.291889575050779455e-05
8.110000000000000000e+02 6.291956340946309784e-05
8.120000000000000000e+02 6.289175759531355492e-05
8.130000000000000000e+02 6.283742528520885895e-05
8.140000000000000000e+02 6.302876543365994351e-05
8.150000000000000000e+02 6.315783093408849555e-05
8.160000000000000000e+02 6.291197679317665217e-05
8.170000000000000000e+02 6.306558181104933707e-05
8.180000000000000000e+02 6.283874858657054966e-05
8.190000000000000000e+02 6.310350160154368931e-05
8.200000000000000000e+02 6.347738829835604976e-05
8.210000000000000000e+02 6.313111204222130140e-05
8.220000000000000000e+02 6.286055974700738931e-05
8.230000000000000000e+02 6.280026702301111927e-05
8.240000000000000000e+02 6.288993011839036200e-05
8.250000000000000000e+02 6.287415406485203002e-05
8.260000000000000000e+02 6.283428291311428349e-05
8.270000000000000000e+02 6.278209025774979734e-05
8.280000000000000000e+02 6.310447435233975386e-05
8.290000000000000000e+02 6.288510713487912554e-05
8.300000000000000000e+02 6.294128928166069789e-05
8.310000000000000000e+02 6.279603592091322994e-05
8.320000000000000000e+02 6.277341002392597543e-05
8.330000000000000000e+02 6.278778666667837955e-05
8.340000000000000000e+02 6.307933665201114241e-05
8.350000000000000000e+02 6.294488178165287529e-05
8.360000000000000000e+02 6.293824777472639491e-05
8.370000000000000000e+02 6.285101384447881159e-05
8.380000000000000000e+02 6.320329252039852657e-05
8.390000000000000000e+02 6.324953753836027638e-05
8.400000000000000000e+02 6.305522509432449874e-05
8.410000000000000000e+02 6.293618964046326719e-05
8.420000000000000000e+02 6.282809676170981225e-05
8.430000000000000000e+02 6.305790145304757349e-05
8.440000000000000000e+02 6.288615407472593973e-05
8.450000000000000000e+02 6.298864946807738216e-05
8.460000000000000000e+02 6.295220368648078452e-05
8.470000000000000000e+02 6.289241845983651832e-05
8.480000000000000000e+02 6.333384639160538740e-05
8.490000000000000000e+02 6.307401353151053346e-05
8.500000000000000000e+02 6.299694979978472499e-05
8.510000000000000000e+02 6.297390628900961351e-05
8.520000000000000000e+02 6.279521475368228273e-05
8.530000000000000000e+02 6.284256303440117163e-05
8.540000000000000000e+02 6.296742913441200149e-05
8.550000000000000000e+02 6.301386795703754263e-05
8.560000000000000000e+02 6.284176124608337145e-05
8.570000000000000000e+02 6.310449426992579408e-05
8.580000000000000000e+02 6.291507137605560900e-05
8.590000000000000000e+02 6.293507899838344350e-05
8.600000000000000000e+02 6.304701573636427325e-05
8.610000000000000000e+02 6.300503955664037701e-05
8.620000000000000000e+02 6.291438328672724128e-05
8.630000000000000000e+02 6.295220584268715032e-05
8.640000000000000000e+02 6.286491089370654548e-05
8.650000000000000000e+02 6.278610472383769315e-05
8.660000000000000000e+02 6.286655651858343171e-05
8.670000000000000000e+02 6.291339879695940292e-05
8.680000000000000000e+02 6.351079646785936421e-05
8.690000000000000000e+02 6.289106002622120819e-05
8.700000000000000000e+02 6.280367877201669020e-05
8.710000000000000000e+02 6.275610369854933398e-05
8.720000000000000000e+02 6.313638971169107262e-05
8.730000000000000000e+02 6.277551522032336279e-05
8.740000000000000000e+02 6.286387435439200048e-05
8.750000000000000000e+02 6.304089124520443406e-05
8.760000000000000000e+02 6.313629119315158195e-05
8.770000000000000000e+02 6.301394467492354707e-05
8.780000000000000000e+02 6.302697303380821992e-05
8.790000000000000000e+02 6.352900302250018608e-05
8.800000000000000000e+02 6.289444689750128912e-05
8.810000000000000000e+02 6.289089928536347731e-05
8.820000000000000000e+02 6.279959985080754107e-05
8.830000000000000000e+02 6.274537018373596976e-05
8.840000000000000000e+02 6.291728033297172811e-05
8.850000000000000000e+02 6.278660791553964933e-05
8.860000000000000000e+02 6.289338895545518767e-05
8.870000000000000000e+02 6.327311952587506665e-05
8.880000000000000000e+02 6.275200783052951729e-05
8.890000000000000000e+02 6.282529745421269165e-05
8.900000000000000000e+02 6.273526432333692852e-05
8.910000000000000000e+02 6.278909219708386845e-05
8.920000000000000000e+02 6.273087833660751108e-05
8.930000000000000000e+02 6.306512372094403261e-05
8.940000000000000000e+02 6.324071897600051860e-05
8.950000000000000000e+02 6.275861709771268977e-05
8.960000000000000000e+02 6.286174155837554399e-05
8.970000000000000000e+02 6.301761538101640465e-05
8.980000000000000000e+02 6.286011060922108706e-05
8.990000000000000000e+02 6.285284843639363803e-05
9.000000000000000000e+02 6.296545030038132426e-05
9.010000000000000000e+02 6.313817825640722508e-05
9.020000000000000000e+02 6.308191306791736377e-05
9.030000000000000000e+02 6.283393531951823321e-05
9.040000000000000000e+02 6.292207825948754559e-05
9.050000000000000000e+02 6.293813197509563273e-05
9.060000000000000000e+02 6.279567290401378459e-05
9.070000000000000000e+02 6.272160365243435200e-05
9.080000000000000000e+02 6.296934933816822875e-05
9.090000000000000000e+02 6.298721079025649107e-05
9.100000000000000000e+02 6.300773336131410105e-05
9.110000000000000000e+02 6.310221747618051694e-05
9.120000000000000000e+02 6.274712818427082939e-05
9.130000000000000000e+02 6.283732893627158047e-05
9.140000000000000000e+02 6.265663473133008178e-05
9.150000000000000000e+02 6.299239113221806756e-05
9.160000000000000000e+02 6.280291533501034223e-05
9.170000000000000000e+02 6.291936347829075852e-05
9.180000000000000000e+02 6.280473193695646883e-05
9.190000000000000000e+02 6.276477533172851822e-05
9.200000000000000000e+02 6.283199881387031176e-05
9.210000000000000000e+02 6.275113423870502740e-05
9.220000000000000000e+02 6.273363385629820239e-05
9.230000000000000000e+02 6.282405797347827921e-05
9.240000000000000000e+02 6.301123997148957588e-05
9.250000000000000000e+02 6.270903879938774658e-05
9.260000000000000000e+02 6.283816743546303369e-05
9.270000000000000000e+02 6.276798626119356765e-05
9.280000000000000000e+02 6.375462116067046633e-05
9.290000000000000000e+02 6.324014465393360440e-05
9.300000000000000000e+02 6.274749329856399882e-05
9.310000000000000000e+02 6.290645788077268248e-05
9.320000000000000000e+02 6.306838788225256219e-05
9.330000000000000000e+02 6.333132370560903737e-05
9.340000000000000000e+02 6.266403173989355889e-05
9.350000000000000000e+02 6.325953357688883440e-05
9.360000000000000000e+02 6.281323231264723795e-05
9.370000000000000000e+02 6.325746851608246471e-05
9.380000000000000000e+02 6.328654497082122714e-05
9.390000000000000000e+02 6.299746869745136753e-05
9.400000000000000000e+02 6.291769425814310198e-05
9.410000000000000000e+02 6.275792754913734641e-05
9.420000000000000000e+02 6.278808213649868881e-05
9.430000000000000000e+02 6.284828436221402486e-05
9.440000000000000000e+02 6.291168596852721466e-05
9.450000000000000000e+02 6.274318732150869257e-05
9.460000000000000000e+02 6.275309757670318757e-05
9.470000000000000000e+02 6.284246699429207861e-05
9.480000000000000000e+02 6.270940000726691894e-05
9.490000000000000000e+02 6.268750449331602379e-05
9.500000000000000000e+02 6.268023103573401762e-05
9.510000000000000000e+02 6.270824528970300163e-05
9.520000000000000000e+02 6.274238055652344456e-05
9.530000000000000000e+02 6.270873255456648290e-05
9.540000000000000000e+02 6.268718991054545125e-05
9.550000000000000000e+02 6.273853581089068653e-05
9.560000000000000000e+02 6.269376353789734115e-05
9.570000000000000000e+02 6.276645818514545226e-05
9.580000000000000000e+02 6.280291978997702479e-05
9.590000000000000000e+02 6.306571972833145115e-05
9.600000000000000000e+02 6.289049406430051458e-05
9.610000000000000000e+02 6.294721935576681911e-05
9.620000000000000000e+02 6.293024652307090052e-05
9.630000000000000000e+02 6.271272882563671549e-05
9.640000000000000000e+02 6.275019912912447901e-05
9.650000000000000000e+02 6.283538461561682508e-05
9.660000000000000000e+02 6.310795136266706209e-05
9.670000000000000000e+02 6.273588467635862027e-05
9.680000000000000000e+02 6.271721439091986904e-05
9.690000000000000000e+02 6.274790418730105527e-05
9.700000000000000000e+02 6.272819958918311191e-05
9.710000000000000000e+02 6.275156821597746700e-05
9.720000000000000000e+02 6.279215323807427966e-05
9.730000000000000000e+02 6.303825028220491579e-05
9.740000000000000000e+02 6.291377039435460501e-05
9.750000000000000000e+02 6.274067899605593991e-05
9.760000000000000000e+02 6.294203242862385426e-05
9.770000000000000000e+02 6.268704369089712349e-05
9.780000000000000000e+02 6.264731590096593388e-05
9.790000000000000000e+02 6.276642206089354703e-05
9.800000000000000000e+02 6.291979860216119209e-05
9.810000000000000000e+02 6.278128928965765268e-05
9.820000000000000000e+02 6.281790189518457121e-05
9.830000000000000000e+02 6.281828363996698982e-05
9.840000000000000000e+02 6.277381657163141513e-05
9.850000000000000000e+02 6.282711508087302659e-05
9.860000000000000000e+02 6.281810929366272338e-05
9.870000000000000000e+02 6.299092191040269167e-05
9.880000000000000000e+02 6.273503489211827613e-05
9.890000000000000000e+02 6.305838767577759353e-05
9.900000000000000000e+02 6.290786627708599326e-05
9.910000000000000000e+02 6.297300104087038772e-05
9.920000000000000000e+02 6.276329153556825112e-05
9.930000000000000000e+02 6.291125461351268174e-05
9.940000000000000000e+02 6.282192526638637729e-05
9.950000000000000000e+02 6.284218799351454655e-05
9.960000000000000000e+02 6.269198558044895907e-05
9.970000000000000000e+02 6.281421408620333998e-05
9.980000000000000000e+02 6.291765513576953479e-05
9.990000000000000000e+02 6.289575991082983200e-05
1.000000000000000000e+03 6.276730309075188191e-05
1.001000000000000000e+03 6.275598067692481682e-05
1.002000000000000000e+03 6.273311181962994154e-05
1.003000000000000000e+03 6.278943470167524805e-05
1.004000000000000000e+03 6.278457124075077452e-05
1.005000000000000000e+03 6.270955292141148173e-05
1.006000000000000000e+03 6.279742788088927771e-05
1.007000000000000000e+03 6.290873365661098237e-05
1.008000000000000000e+03 6.312321129387416007e-05
1.009000000000000000e+03 6.276565059403545893e-05
1.010000000000000000e+03 6.273556629056518258e-05
1.011000000000000000e+03 6.270759758239474941e-05
1.012000000000000000e+03 6.266172521139293369e-05
1.013000000000000000e+03 6.271800242770368650e-05
1.014000000000000000e+03 6.263282734631703188e-05
1.015000000000000000e+03 6.276925595293973226e-05
1.016000000000000000e+03 6.267262372288554049e-05
1.017000000000000000e+03 6.273991526114067760e-05
1.018000000000000000e+03 6.273934933178251902e-05
1.019000000000000000e+03 6.266024418683137235e-05
1.020000000000000000e+03 6.272479283332171765e-05
1.021000000000000000e+03 6.269052481062656779e-05
1.022000000000000000e+03 6.267967066354232107e-05
1.023000000000000000e+03 6.261433205477846982e-05
1.024000000000000000e+03 6.264530102097414595e-05
1.025000000000000000e+03 6.279469907749566195e-05
1.026000000000000000e+03 6.269991449520732039e-05
1.027000000000000000e+03 6.262604143130526540e-05
1.028000000000000000e+03 6.281375310846629210e-05
1.029000000000000000e+03 6.304848291289971522e-05
1.030000000000000000e+03 6.290982901912396902e-05
1.031000000000000000e+03 6.284699594135930486e-05
1.032000000000000000e+03 6.266176658106180049e-05
1.033000000000000000e+03 6.267448885792807275e-05
1.034000000000000000e+03 6.274848973896512343e-05
1.035000000000000000e+03 6.270008450158745549e-05
1.036000000000000000e+03 6.268562870885354701e-05
1.037000000000000000e+03 6.269242142018726868e-05
1.038000000000000000e+03 6.270578588654758740e-05
1.039000000000000000e+03 6.266497879530941943e-05
1.040000000000000000e+03 6.277713119623275022e-05
1.041000000000000000e+03 6.268330168056915298e-05
1.042000000000000000e+03 6.276900567683935095e-05
1.043000000000000000e+03 6.281785069679117310e-05
1.044000000000000000e+03 6.269606302366953249e-05
1.045000000000000000e+03 6.269705826990108375e-05
1.046000000000000000e+03 6.269934337497828957e-05
1.047000000000000000e+03 6.284907821520622421e-05
1.048000000000000000e+03 6.280044430041032766e-05
1.049000000000000000e+03 6.282042794520115170e-05
1.050000000000000000e+03 6.262928193641483345e-05
1.051000000000000000e+03 6.271321922402659410e-05
1.052000000000000000e+03 6.311341046577075139e-05
1.053000000000000000e+03 6.283293473643361147e-05
1.054000000000000000e+03 6.266698226299072542e-05
1.055000000000000000e+03 6.268976684597808398e-05
1.056000000000000000e+03 6.276457456103131814e-05
1.057000000000000000e+03 6.265283085776347197e-05
1.058000000000000000e+03 6.279032269845090104e-05
1.059000000000000000e+03 6.268764648245921806e-05
1.060000000000000000e+03 6.264505307654141982e-05
1.061000000000000000e+03 6.263283016763311574e-05
1.062000000000000000e+03 6.269489638559516513e-05
1.063000000000000000e+03 6.268751198477058334e-05
1.064000000000000000e+03 6.271013708200186515e-05
1.065000000000000000e+03 6.306341859220270483e-05
1.066000000000000000e+03 6.293531348725211409e-05
1.067000000000000000e+03 6.265741104384786424e-05
1.068000000000000000e+03 6.267011858621758177e-05
1.069000000000000000e+03 6.267450332529806952e-05
1.070000000000000000e+03 6.277003228833842249e-05
1.071000000000000000e+03 6.277813859498611532e-05
1.072000000000000000e+03 6.297577123147276776e-05
1.073000000000000000e+03 6.266586032051163252e-05
1.074000000000000000e+03 6.295405532812852010e-05
1.075000000000000000e+03 6.297113962757316594e-05
1.076000000000000000e+03 6.264483427239285994e-05
1.077000000000000000e+03 6.272716775141581034e-05
1.078000000000000000e+03 6.289534234665838681e-05
1.079000000000000000e+03 6.277375606598049700e-05
1.080000000000000000e+03 6.287214840867363268e-05
1.081000000000000000e+03 6.265234694412250200e-05
1.082000000000000000e+03 6.275972593461007221e-05
1.083000000000000000e+03 6.268814269226972307e-05
1.084000000000000000e+03 6.262469300203722721e-05
1.085000000000000000e+03 6.269574088281398339e-05
1.086000000000000000e+03 6.278318528950712458e-05
1.087000000000000000e+03 6.278550753820099045e-05
1.088000000000000000e+03 6.277484820443486320e-05
1.089000000000000000e+03 6.266319110657420251e-05
1.090000000000000000e+03 6.273214437527141734e-05
1.091000000000000000e+03 6.266805264723251099e-05
1.092000000000000000e+03 6.265230846521041520e-05
1.093000000000000000e+03 6.277218354861324018e-05
1.094000000000000000e+03 6.276387336604831381e-05
1.095000000000000000e+03 6.287892948424209994e-05
1.096000000000000000e+03 6.283192631856538660e-05
1.097000000000000000e+03 6.273172642393153899e-05
1.098000000000000000e+03 6.273028769139965142e-05
1.099000000000000000e+03 6.260283384156682001e-05
1.100000000000000000e+03 6.260578680734158429e-05
1.101000000000000000e+03 6.281952538362496120e-05
1.102000000000000000e+03 6.267399843084357747e-05
1.103000000000000000e+03 6.273434181540037873e-05
1.104000000000000000e+03 6.268207988208512557e-05
1.105000000000000000e+03 6.280675606296555219e-05
1.106000000000000000e+03 6.290748203474954474e-05
1.107000000000000000e+03 6.269031903031335468e-05
1.108000000000000000e+03 6.258033627276046512e-05
1.109000000000000000e+03 6.260339832781929318e-05
1.110000000000000000e+03 6.259175205496021526e-05
1.111000000000000000e+03 6.262063835824932436e-05
1.112000000000000000e+03 6.260290888246802018e-05
1.113000000000000000e+03 6.276303706622814735e-05
1.114000000000000000e+03 6.291175658416090291e-05
1.115000000000000000e+03 6.276344260163732895e-05
1.116000000000000000e+03 6.265393302931773160e-05
1.117000000000000000e+03 6.288005745031651167e-05
1.118000000000000000e+03 6.257263352620558616e-05
1.119000000000000000e+03 6.283130177880033563e-05
1.120000000000000000e+03 6.259645723408514286e-05
1.121000000000000000e+03 6.292832837401763865e-05
1.122000000000000000e+03 6.296794336346385186e-05
1.123000000000000000e+03 6.282589681024533740e-05
1.124000000000000000e+03 6.260042943130291263e-05
1.125000000000000000e+03 6.267675553178024008e-05
1.126000000000000000e+03 6.269238661175004885e-05
1.127000000000000000e+03 6.276759767024249752e-05
1.128000000000000000e+03 6.328468756101512038e-05
1.129000000000000000e+03 6.271258562752622808e-05
1.130000000000000000e+03 6.260687442186291024e-05
1.131000000000000000e+03 6.259269486233669624e-05
1.132000000000000000e+03 6.271925731317339341e-05
1.133000000000000000e+03 6.260750661556874262e-05
1.134000000000000000e+03 6.260559163477163840e-05
1.135000000000000000e+03 6.261843488606700682e-05
1.136000000000000000e+03 6.282040343061894721e-05
1.137000000000000000e+03 6.274745783207924218e-05
1.138000000000000000e+03 6.269030098363269549e-05
1.139000000000000000e+03 6.257131284609585226e-05
1.140000000000000000e+03 6.282080910586296848e-05
1.141000000000000000e+03 6.268952831306690097e-05
1.142000000000000000e+03 6.264169913058678239e-05
1.143000000000000000e+03 6.260140783799078839e-05
1.144000000000000000e+03 6.263563995061608510e-05
1.145000000000000000e+03 6.261326562326197055e-05
1.146000000000000000e+03 6.272183623134954466e-05
1.147000000000000000e+03 6.269393513869850971e-05
1.148000000000000000e+03 6.272473129681516862e-05
1.149000000000000000e+03 6.257676317810626063e-05
1.150000000000000000e+03 6.263793760104678665e-05
1.151000000000000000e+03 6.261796729341424469e-05
1.152000000000000000e+03 6.288446250027015421e-05
1.153000000000000000e+03 6.269439183169676119e-05
1.154000000000000000e+03 6.277694089981241863e-05
1.155000000000000000e+03 6.269755851505230812e-05
1.156000000000000000e+03 6.268459516453690132e-05
1.157000000000000000e+03 6.311554304054212074e-05
1.158000000000000000e+03 6.272390027719070287e-05
1.159000000000000000e+03 6.267461790658462634e-05
1.160000000000000000e+03 6.302901980901186199e-05
1.161000000000000000e+03 6.269040232290980751e-05
1.162000000000000000e+03 6.260862661540533684e-05
1.163000000000000000e+03 6.256044682590374841e-05
1.164000000000000000e+03 6.272454506575222207e-05
1.165000000000000000e+03 6.293130477008027773e-05
1.166000000000000000e+03 6.281850892700834488e-05
1.167000000000000000e+03 6.281283863579425336e-05
1.168000000000000000e+03 6.258053647147256539e-05
1.169000000000000000e+03 6.257602870834005893e-05
1.170000000000000000e+03 6.274846691334914656e-05
1.171000000000000000e+03 6.258474088913270066e-05
1.172000000000000000e+03 6.258292805502615715e-05
1.173000000000000000e+03 6.256895325635171770e-05
1.174000000000000000e+03 6.272624114241131881e-05
1.175000000000000000e+03 6.265255402827938551e-05
1.176000000000000000e+03 6.271542052469712128e-05
1.177000000000000000e+03 6.275833870817755121e-05
1.178000000000000000e+03 6.253453766952424058e-05
1.179000000000000000e+03 6.254709705142835893e-05
1.180000000000000000e+03 6.277688546330810037e-05
1.181000000000000000e+03 6.256694085751079396e-05
1.182000000000000000e+03 6.262516846171094817e-05
1.183000000000000000e+03 6.257275193496398397e-05
1.184000000000000000e+03 6.260923015774406953e-05
1.185000000000000000e+03 6.256438446637378249e-05
1.186000000000000000e+03 6.263988840205096155e-05
1.187000000000000000e+03 6.260626368494635831e-05
1.188000000000000000e+03 6.262628827126928862e-05
1.189000000000000000e+03 6.257506361321384786e-05
1.190000000000000000e+03 6.259476438818315218e-05
1.191000000000000000e+03 6.260498890877600614e-05
1.192000000000000000e+03 6.279777335049588067e-05
1.193000000000000000e+03 6.265908135570064335e-05
1.194000000000000000e+03 6.267050844695289710e-05
1.195000000000000000e+03 6.264252983523241087e-05
1.196000000000000000e+03 6.256635791367044569e-05
1.197000000000000000e+03 6.267552465763452240e-05
1.198000000000000000e+03 6.258069370842411956e-05
1.199000000000000000e+03 6.264818262728429467e-05
1.200000000000000000e+03 6.259509693398000057e-05
1.201000000000000000e+03 6.263831563445534565e-05
1.202000000000000000e+03 6.262850114044990881e-05
1.203000000000000000e+03 6.294436830834340387e-05
1.204000000000000000e+03 6.290070715090399312e-05
1.205000000000000000e+03 6.264268954397853040e-05
1.206000000000000000e+03 6.265311875337003697e-05
1.207000000000000000e+03 6.257004081965182292e-05
1.208000000000000000e+03 6.260407360543035699e-05
1.209000000000000000e+03 6.254809908682423369e-05
1.210000000000000000e+03 6.258456653422613024e-05
1.211000000000000000e+03 6.274491724248715838e-05
1.212000000000000000e+03 6.253802405570046876e-05
1.213000000000000000e+03 6.264682546005752208e-05
1.214000000000000000e+03 6.258498206758604846e-05
1.215000000000000000e+03 6.261723564597472525e-05
1.216000000000000000e+03 6.262354918513641318e-05
1.217000000000000000e+03 6.256472381958822979e-05
1.218000000000000000e+03 6.264740956583428929e-05
1.219000000000000000e+03 6.256967362620543833e-05
1.220000000000000000e+03 6.268966771189149706e-05
1.221000000000000000e+03 6.267010985436282430e-05
1.222000000000000000e+03 6.278046967074422350e-05
1.223000000000000000e+03 6.268223863509445330e-05
1.224000000000000000e+03 6.259996072084207457e-05
1.225000000000000000e+03 6.261948507852334712e-05
1.226000000000000000e+03 6.260949728470338875e-05
1.227000000000000000e+03 6.281643562531212532e-05
1.228000000000000000e+03 6.274822655284518537e-05
1.229000000000000000e+03 6.263359949324395488e-05
1.230000000000000000e+03 6.257092730038249593e-05
1.231000000000000000e+03 6.256703024581451906e-05
1.232000000000000000e+03 6.255115868835709652e-05
1.233000000000000000e+03 6.261739202965919677e-05
1.234000000000000000e+03 6.258255611424301220e-05
1.235000000000000000e+03 6.263680549104668025e-05
1.236000000000000000e+03 6.282765193088067179e-05
1.237000000000000000e+03 6.262792244785157845e-05
1.238000000000000000e+03 6.262205495519864687e-05
1.239000000000000000e+03 6.252947771934792311e-05
1.240000000000000000e+03 6.264805361095858211e-05
1.241000000000000000e+03 6.254883186792153666e-05
1.242000000000000000e+03 6.267175436307205960e-05
1.243000000000000000e+03 6.265398432800148407e-05
1.244000000000000000e+03 6.254769437596443811e-05
1.245000000000000000e+03 6.259417759224635989e-05
1.246000000000000000e+03 6.258795823976270076e-05
1.247000000000000000e+03 6.259667304120895522e-05
1.248000000000000000e+03 6.261249558290754591e-05
1.249000000000000000e+03 6.261673667369349388e-05
1.250000000000000000e+03 6.276535778538970729e-05
1.251000000000000000e+03 6.265651898229613475e-05
1.252000000000000000e+03 6.254616894061217156e-05
1.253000000000000000e+03 6.255417525418941361e-05
1.254000000000000000e+03 6.280829754764343778e-05
1.255000000000000000e+03 6.260379015077252650e-05
1.256000000000000000e+03 6.264560347311114402e-05
1.257000000000000000e+03 6.269734062311226226e-05
1.258000000000000000e+03 6.261737960480311734e-05
1.259000000000000000e+03 6.258594445414990834e-05
1.260000000000000000e+03 6.253042398767257981e-05
1.261000000000000000e+03 6.267617682467726333e-05
1.262000000000000000e+03 6.260465779951253156e-05
1.263000000000000000e+03 6.257529345779828012e-05
1.264000000000000000e+03 6.280713223721408204e-05
1.265000000000000000e+03 6.257998081462351426e-05
1.266000000000000000e+03 6.258508307450361369e-05
1.267000000000000000e+03 6.253728975358039679e-05
1.268000000000000000e+03 6.256583732153156322e-05
1.269000000000000000e+03 6.252646898300831611e-05
1.270000000000000000e+03 6.272022324453477900e-05
1.271000000000000000e+03 6.270807637752656011e-05
1.272000000000000000e+03 6.265064165001211301e-05
1.273000000000000000e+03 6.266413226797391226e-05
1.274000000000000000e+03 6.260202101832967653e-05
1.275000000000000000e+03 6.258391116639112407e-05
1.276000000000000000e+03 6.265181446438610510e-05
1.277000000000000000e+03 6.262591377891607732e-05
1.278000000000000000e+03 6.263203245689583326e-05
1.279000000000000000e+03 6.254771857554042920e-05
1.280000000000000000e+03 6.256896168441859654e-05
1.281000000000000000e+03 6.256446999623972770e-05
1.282000000000000000e+03 6.260138611364841129e-05
1.283000000000000000e+03 6.261844699716214682e-05
1.284000000000000000e+03 6.252114162756578798e-05
1.285000000000000000e+03 6.255897651913692147e-05
1.286000000000000000e+03 6.255210648237575306e-05
1.287000000000000000e+03 6.255037277986406810e-05
1.288000000000000000e+03 6.262411579004197189e-05
1.289000000000000000e+03 6.282864056879118207e-05
1.290000000000000000e+03 6.260137028580191798e-05
1.291000000000000000e+03 6.255662451653412419e-05
1.292000000000000000e+03 6.256556103311660582e-05
1.293000000000000000e+03 6.254221874288511834e-05
1.294000000000000000e+03 6.271756817843377515e-05
1.295000000000000000e+03 6.256834400555697894e-05
1.296000000000000000e+03 6.255631674750294371e-05
1.297000000000000000e+03 6.255256109322952980e-05
1.298000000000000000e+03 6.255852816995390562e-05
1.299000000000000000e+03 6.266490900392313978e-05
1.300000000000000000e+03 6.253025158243000464e-05
1.301000000000000000e+03 6.256481925829037772e-05
1.302000000000000000e+03 6.260322872481871765e-05
1.303000000000000000e+03 6.282420400632052421e-05
1.304000000000000000e+03 6.254561317582203923e-05
1.305000000000000000e+03 6.263532391024081861e-05
1.306000000000000000e+03 6.253078608544327907e-05
1.307000000000000000e+03 6.255383567621393350e-05
1.308000000000000000e+03 6.256143809320542962e-05
1.309000000000000000e+03 6.255447621502924075e-05
1.310000000000000000e+03 6.253023487977758701e-05
1.311000000000000000e+03 6.253468286551234004e-05
1.312000000000000000e+03 6.253349934189384872e-05
1.313000000000000000e+03 6.256840961898159814e-05
1.314000000000000000e+03 6.259585212433503478e-05
1.315000000000000000e+03 6.253484753098352631e-05
1.316000000000000000e+03 6.250503257273808458e-05
1.317000000000000000e+03 6.252534360162310804e-05
1.318000000000000000e+03 6.253410748805242954e-05
1.319000000000000000e+03 6.260730637975173390e-05
1.320000000000000000e+03 6.255755226765690315e-05
1.321000000000000000e+03 6.264110006954765845e-05
1.322000000000000000e+03 6.276797866875538775e-05
1.323000000000000000e+03 6.270406525968676181e-05
1.324000000000000000e+03 6.255472860134606971e-05
1.325000000000000000e+03 6.258389233983413860e-05
1.326000000000000000e+03 6.255251756914459958e-05
1.327000000000000000e+03 6.263122038695184246e-05
1.328000000000000000e+03 6.259597639390884630e-05
1.329000000000000000e+03 6.257177411446097676e-05
1.330000000000000000e+03 6.261286727873666364e-05
1.331000000000000000e+03 6.260581363772998629e-05
1.332000000000000000e+03 6.257739103171682036e-05
1.333000000000000000e+03 6.258840469006313547e-05
1.334000000000000000e+03 6.264457430946381467e-05
1.335000000000000000e+03 6.256795800101528054e-05
1.336000000000000000e+03 6.258449398095203200e-05
1.337000000000000000e+03 6.258030975550592711e-05
1.338000000000000000e+03 6.257534869635418345e-05
1.339000000000000000e+03 6.252334300171764306e-05
1.340000000000000000e+03 6.252964331570562146e-05
1.341000000000000000e+03 6.252090453100243113e-05
1.342000000000000000e+03 6.261115750736273046e-05
1.343000000000000000e+03 6.260850426354939513e-05
1.344000000000000000e+03 6.267806833123643322e-05
1.345000000000000000e+03 6.255535343913162653e-05
1.346000000000000000e+03 6.250216337221138120e-05
1.347000000000000000e+03 6.265170687034546740e-05
1.348000000000000000e+03 6.257662061185993599e-05
1.349000000000000000e+03 6.249928242647570574e-05
1.350000000000000000e+03 6.253857058092674804e-05
1.351000000000000000e+03 6.255782690865792513e-05
1.352000000000000000e+03 6.273339651172893828e-05
1.353000000000000000e+03 6.271975738382866135e-05
1.354000000000000000e+03 6.261422941845774923e-05
1.355000000000000000e+03 6.258572177926036758e-05
1.356000000000000000e+03 6.257091649671465332e-05
1.357000000000000000e+03 6.270057023197382867e-05
1.358000000000000000e+03 6.255586230475170516e-05
1.359000000000000000e+03 6.261555022930177371e-05
1.360000000000000000e+03 6.262775397539391427e-05
1.361000000000000000e+03 6.262964754434473702e-05
1.362000000000000000e+03 6.254156837857408806e-05
1.363000000000000000e+03 6.263504271820062586e-05
1.364000000000000000e+03 6.275134072667042551e-05
1.365000000000000000e+03 6.266040453074780720e-05
1.366000000000000000e+03 6.261225794382123974e-05
1.367000000000000000e+03 6.252319334860386216e-05
1.368000000000000000e+03 6.252782741589329410e-05
1.369000000000000000e+03 6.247546113719521573e-05
1.370000000000000000e+03 6.261639573855517788e-05
1.371000000000000000e+03 6.255236705442100361e-05
1.372000000000000000e+03 6.258237296187246378e-05
1.373000000000000000e+03 6.263723034219631589e-05
1.374000000000000000e+03 6.250446749884503881e-05
1.375000000000000000e+03 6.251270391941777767e-05
1.376000000000000000e+03 6.251705164383758754e-05
1.377000000000000000e+03 6.253621610199765072e-05
1.378000000000000000e+03 6.256522307870081084e-05
1.379000000000000000e+03 6.253723203429435392e-05
1.380000000000000000e+03 6.252363106096377708e-05
1.381000000000000000e+03 6.251149220483981828e-05
1.382000000000000000e+03 6.250421001027046865e-05
1.383000000000000000e+03 6.252481720472806794e-05
1.384000000000000000e+03 6.254683145514048975e-05
1.385000000000000000e+03 6.250536552275094096e-05
1.386000000000000000e+03 6.247508378447615672e-05
1.387000000000000000e+03 6.257593579509296224e-05
1.388000000000000000e+03 6.249922007952631161e-05
1.389000000000000000e+03 6.249533279027201450e-05
1.390000000000000000e+03 6.262679593763388283e-05
1.391000000000000000e+03 6.265990933522076734e-05
1.392000000000000000e+03 6.262915414956621231e-05
1.393000000000000000e+03 6.261571677654718319e-05
1.394000000000000000e+03 6.250688129484623719e-05
1.395000000000000000e+03 6.277608828568953308e-05
1.396000000000000000e+03 6.254002222018789625e-05
1.397000000000000000e+03 6.264208949480184259e-05
1.398000000000000000e+03 6.255232029003194379e-05
1.399000000000000000e+03 6.248573389003825404e-05
1.400000000000000000e+03 6.251224976650797285e-05
1.401000000000000000e+03 6.254669203124129252e-05
1.402000000000000000e+03 6.250606910983053013e-05
1.403000000000000000e+03 6.260765760244178487e-05
1.404000000000000000e+03 6.258376964184067667e-05
1.405000000000000000e+03 6.257524640902167585e-05
1.406000000000000000e+03 6.253894166676712168e-05
1.407000000000000000e+03 6.251168051059150649e-05
1.408000000000000000e+03 6.248497893890398597e-05
1.409000000000000000e+03 6.248950200968126549e-05
1.410000000000000000e+03 6.255026808269267119e-05
1.411000000000000000e+03 6.250452962862765359e-05
1.412000000000000000e+03 6.248794550745238863e-05
1.413000000000000000e+03 6.269576441147492300e-05
1.414000000000000000e+03 6.252313695542598788e-05
1.415000000000000000e+03 6.248018250096973823e-05
1.416000000000000000e+03 6.250305171297562505e-05
1.417000000000000000e+03 6.261221697708787041e-05
1.418000000000000000e+03 6.249745635271830438e-05
1.419000000000000000e+03 6.258863058039312269e-05
1.420000000000000000e+03 6.253696733510132890e-05
1.421000000000000000e+03 6.250225317512617367e-05
1.422000000000000000e+03 6.250020707507804687e-05
1.423000000000000000e+03 6.250113827690074314e-05
1.424000000000000000e+03 6.246950218344585659e-05
1.425000000000000000e+03 6.248561223539480949e-05
1.426000000000000000e+03 6.251399132178026810e-05
1.427000000000000000e+03 6.248982434033728756e-05
1.428000000000000000e+03 6.263077375504671714e-05
1.429000000000000000e+03 6.256824210255131904e-05
1.430000000000000000e+03 6.271769529019769298e-05
1.431000000000000000e+03 6.258476302764675865e-05
1.432000000000000000e+03 6.250097574701381459e-05
1.433000000000000000e+03 6.254685329236776088e-05
1.434000000000000000e+03 6.252068531411641365e-05
1.435000000000000000e+03 6.254811026869150120e-05
1.436000000000000000e+03 6.256120025771810898e-05
1.437000000000000000e+03 6.266839986896857490e-05
1.438000000000000000e+03 6.268364218254278864e-05
1.439000000000000000e+03 6.248374745907184170e-05
1.440000000000000000e+03 6.246563712572643693e-05
1.441000000000000000e+03 6.250979551081246378e-05
1.442000000000000000e+03 6.259983378192089459e-05
1.443000000000000000e+03 6.258803065208883606e-05
1.444000000000000000e+03 6.250254566605478637e-05
1.445000000000000000e+03 6.250890755915081555e-05
1.446000000000000000e+03 6.253833652117749106e-05
1.447000000000000000e+03 6.268778932075105815e-05
1.448000000000000000e+03 6.251912684853872817e-05
1.449000000000000000e+03 6.250280588693807988e-05
1.450000000000000000e+03 6.251012115387435031e-05
1.451000000000000000e+03 6.264594495300018729e-05
1.452000000000000000e+03 6.253902202246232334e-05
1.453000000000000000e+03 6.258046036821700493e-05
1.454000000000000000e+03 6.251142309677142929e-05
1.455000000000000000e+03 6.250974431124309933e-05
1.456000000000000000e+03 6.248018435696853202e-05
1.457000000000000000e+03 6.249032475513351744e-05
1.458000000000000000e+03 6.251087992124975117e-05
1.459000000000000000e+03 6.250516309944319736e-05
1.460000000000000000e+03 6.251765499786303382e-05
1.461000000000000000e+03 6.261789088279560826e-05
1.462000000000000000e+03 6.247962149674405219e-05
1.463000000000000000e+03 6.250798455999511272e-05
1.464000000000000000e+03 6.250759032596317781e-05
1.465000000000000000e+03 6.266164910866296733e-05
1.466000000000000000e+03 6.252289309622714904e-05
1.467000000000000000e+03 6.248204326193100024e-05
1.468000000000000000e+03 6.251848384297413615e-05
1.469000000000000000e+03 6.256045036396089764e-05
1.470000000000000000e+03 6.256989046653976870e-05
1.471000000000000000e+03 6.269095350350981598e-05
1.472000000000000000e+03 6.253922792545440817e-05
1.473000000000000000e+03 6.249790074184307319e-05
1.474000000000000000e+03 6.249667559227097555e-05
1.475000000000000000e+03 6.253116623296730713e-05
1.476000000000000000e+03 6.258766142977404518e-05
1.477000000000000000e+03 6.259822787512576427e-05
1.478000000000000000e+03 6.246294754560758223e-05
1.479000000000000000e+03 6.249380559898796289e-05
1.480000000000000000e+03 6.259593580535478992e-05
1.481000000000000000e+03 6.250125492555473606e-05
1.482000000000000000e+03 6.253141100962227982e-05
1.483000000000000000e+03 6.260952923410607982e-05
1.484000000000000000e+03 6.255654558462110301e-05
1.485000000000000000e+03 6.263694597209823575e-05
1.486000000000000000e+03 6.252113521123614862e-05
1.487000000000000000e+03 6.250768091890875793e-05
1.488000000000000000e+03 6.250275813409119643e-05
1.489000000000000000e+03 6.250727100396215351e-05
1.490000000000000000e+03 6.249665863306152103e-05
1.491000000000000000e+03 6.253048759347785426e-05
1.492000000000000000e+03 6.262411784937727238e-05
1.493000000000000000e+03 6.248596768325425559e-05
1.494000000000000000e+03 6.249664673767283492e-05
1.495000000000000000e+03 6.251382489028338809e-05
1.496000000000000000e+03 6.264205088345504318e-05
1.497000000000000000e+03 6.247739055027779192e-05
1.498000000000000000e+03 6.250726351012365022e-05
1.499000000000000000e+03 6.248411298095759062e-05
1.500000000000000000e+03 6.251756605338970596e-05
1.501000000000000000e+03 6.253480985211079556e-05
1.502000000000000000e+03 6.251279172461688370e-05
1.503000000000000000e+03 6.245346560855532571e-05
1.504000000000000000e+03 6.247124251038551712e-05
1.505000000000000000e+03 6.247215558089385171e-05
1.506000000000000000e+03 6.247103196941693312e-05
1.507000000000000000e+03 6.247578049204400154e-05
1.508000000000000000e+03 6.249283218891357522e-05
1.509000000000000000e+03 6.259715437575334804e-05
1.510000000000000000e+03 6.251233005010939500e-05
1.511000000000000000e+03 6.251091089251955722e-05
1.512000000000000000e+03 6.246481464231134887e-05
1.513000000000000000e+03 6.255984280982534302e-05
1.514000000000000000e+03 6.250358246465806985e-05
1.515000000000000000e+03 6.248280003954844689e-05
1.516000000000000000e+03 6.249800082519589269e-05
1.517000000000000000e+03 6.244181610227285818e-05
1.518000000000000000e+03 6.246917142300358722e-05
1.519000000000000000e+03 6.252508793905483012e-05
1.520000000000000000e+03 6.251994043813909508e-05
1.521000000000000000e+03 6.258543189862471811e-05
1.522000000000000000e+03 6.247274895755246488e-05
1.523000000000000000e+03 6.245899968193921589e-05
1.524000000000000000e+03 6.244503371082253402e-05
1.525000000000000000e+03 6.250071248331331574e-05
1.526000000000000000e+03 6.253752915580570841e-05
1.527000000000000000e+03 6.248885486144476376e-05
1.528000000000000000e+03 6.251582701861092242e-05
1.529000000000000000e+03 6.247164120901259527e-05
1.530000000000000000e+03 6.249299543974881567e-05
1.531000000000000000e+03 6.248575836860224592e-05
1.532000000000000000e+03 6.251544790746333693e-05
1.533000000000000000e+03 6.254655939857109209e-05
1.534000000000000000e+03 6.252912354192102090e-05
1.535000000000000000e+03 6.246053282401567083e-05
1.536000000000000000e+03 6.249262483557112540e-05
1.537000000000000000e+03 6.246146943407827662e-05
1.538000000000000000e+03 6.246291655528621626e-05
1.539000000000000000e+03 6.267752418094205656e-05
1.540000000000000000e+03 6.260732296939681041e-05
1.541000000000000000e+03 6.250588353558841339e-05
1.542000000000000000e+03 6.249404153057318517e-05
1.543000000000000000e+03 6.256773985632157900e-05
1.544000000000000000e+03 6.246054091686114283e-05
1.545000000000000000e+03 6.252450212496375964e-05
1.546000000000000000e+03 6.248667763920510900e-05
1.547000000000000000e+03 6.248724323263998891e-05
1.548000000000000000e+03 6.247923898095137057e-05
1.549000000000000000e+03 6.245637165668613928e-05
1.550000000000000000e+03 6.251135377809465411e-05
1.551000000000000000e+03 6.245032969830722970e-05
1.552000000000000000e+03 6.249187510094635978e-05
1.553000000000000000e+03 6.251609312356579335e-05
1.554000000000000000e+03 6.256126792258984799e-05
1.555000000000000000e+03 6.249185315065192668e-05
1.556000000000000000e+03 6.249742661725186878e-05
1.557000000000000000e+03 6.252614075609469078e-05
1.558000000000000000e+03 6.247092896233903594e-05
1.559000000000000000e+03 6.246576209613484822e-05
1.560000000000000000e+03 6.261351814509211774e-05
1.561000000000000000e+03 6.249998312023451229e-05
1.562000000000000000e+03 6.248817299799913399e-05
1.563000000000000000e+03 6.261779729810562981e-05
1.564000000000000000e+03 6.249168687129158300e-05
1.565000000000000000e+03 6.250417975489233689e-05
1.566000000000000000e+03 6.259377215928823917e-05
1.567000000000000000e+03 6.249257600434660683e-05
1.568000000000000000e+03 6.256694448340601876e-05
1.569000000000000000e+03 6.243419819690077801e-05
1.570000000000000000e+03 6.244243779459264781e-05
1.571000000000000000e+03 6.249231667731357405e-05
1.572000000000000000e+03 6.255868053726696743e-05
1.573000000000000000e+03 6.246701656245356733e-05
1.574000000000000000e+03 6.244688285749697967e-05
1.575000000000000000e+03 6.243727569220238296e-05
1.576000000000000000e+03 6.243410651059968922e-05
1.577000000000000000e+03 6.245778956187208900e-05
1.578000000000000000e+03 6.253482132347219975e-05
1.579000000000000000e+03 6.256935591582104303e-05
1.580000000000000000e+03 6.256968546294775868e-05
1.581000000000000000e+03 6.256651347205210555e-05
1.582000000000000000e+03 6.248923332304257222e-05
1.583000000000000000e+03 6.244019553141919975e-05
1.584000000000000000e+03 6.245302718956049202e-05
1.585000000000000000e+03 6.248432069484109166e-05
1.586000000000000000e+03 6.256764203409819424e-05
1.587000000000000000e+03 6.259370296582061964e-05
1.588000000000000000e+03 6.246143210200585244e-05
1.589000000000000000e+03 6.250684689577891591e-05
1.590000000000000000e+03 6.257315164026849667e-05
1.591000000000000000e+03 6.252685295543809545e-05
1.592000000000000000e+03 6.267742523726201162e-05
1.593000000000000000e+03 6.259626634682996223e-05
1.594000000000000000e+03 6.245531144999818109e-05
1.595000000000000000e+03 6.244232276004854231e-05
1.596000000000000000e+03 6.244053110596520175e-05
1.597000000000000000e+03 6.248836457024400438e-05
1.598000000000000000e+03 6.253518834348288278e-05
1.599000000000000000e+03 6.245962721412790430e-05
1.600000000000000000e+03 6.245016812567896042e-05
1.601000000000000000e+03 6.243196755688138865e-05
1.602000000000000000e+03 6.246497380386248864e-05
1.603000000000000000e+03 6.246529644683603824e-05
1.604000000000000000e+03 6.244059340647728170e-05
1.605000000000000000e+03 6.252292046198170891e-05
1.606000000000000000e+03 6.245955231664854538e-05
1.607000000000000000e+03 6.243410743190703116e-05
1.608000000000000000e+03 6.244910900008038962e-05
1.609000000000000000e+03 6.242900552556800782e-05
1.610000000000000000e+03 6.245508401435883542e-05
1.611000000000000000e+03 6.249326132966876043e-05
1.612000000000000000e+03 6.253350915562451450e-05
1.613000000000000000e+03 6.245328165443911740e-05
1.614000000000000000e+03 6.250660404825954611e-05
1.615000000000000000e+03 6.247663705071186799e-05
1.616000000000000000e+03 6.244888002788135967e-05
1.617000000000000000e+03 6.246526118857068251e-05
1.618000000000000000e+03 6.243206504906055393e-05
1.619000000000000000e+03 6.250218398882308407e-05
1.620000000000000000e+03 6.246438041600647939e-05
1.621000000000000000e+03 6.254760600620643441e-05
1.622000000000000000e+03 6.261764011428232668e-05
1.623000000000000000e+03 6.250427395437332966e-05
1.624000000000000000e+03 6.243404761721720888e-05
1.625000000000000000e+03 6.244915388495265714e-05
1.626000000000000000e+03 6.253471627289549598e-05
1.627000000000000000e+03 6.249150209885093545e-05
1.628000000000000000e+03 6.248645667969390945e-05
1.629000000000000000e+03 6.249725349998719109e-05
1.630000000000000000e+03 6.244109367806313041e-05
1.631000000000000000e+03 6.243407296084325106e-05
1.632000000000000000e+03 6.251848589823543855e-05
1.633000000000000000e+03 6.243384412935765757e-05
1.634000000000000000e+03 6.244648621919899527e-05
1.635000000000000000e+03 6.244056159177861971e-05
1.636000000000000000e+03 6.251947898331067189e-05
1.637000000000000000e+03 6.259708361353144676e-05
1.638000000000000000e+03 6.244517037054991880e-05
1.639000000000000000e+03 6.249475438544277385e-05
1.640000000000000000e+03 6.246987508726101028e-05
1.641000000000000000e+03 6.246072621687105740e-05
1.642000000000000000e+03 6.246242768714900106e-05
1.643000000000000000e+03 6.242836481629963918e-05
1.644000000000000000e+03 6.246681020111023003e-05
1.645000000000000000e+03 6.247008724332110479e-05
1.646000000000000000e+03 6.248483616250861093e-05
1.647000000000000000e+03 6.253467291378581765e-05
1.648000000000000000e+03 6.248197601896054467e-05
1.649000000000000000e+03 6.242866561482393855e-05
1.650000000000000000e+03 6.245592729888338847e-05
1.651000000000000000e+03 6.245013474958880653e-05
1.652000000000000000e+03 6.242385010336959730e-05
1.653000000000000000e+03 6.246835334374560545e-05
1.654000000000000000e+03 6.248821946625319687e-05
1.655000000000000000e+03 6.254953189434965055e-05
1.656000000000000000e+03 6.244431969485786729e-05
1.657000000000000000e+03 6.246955827593236074e-05
1.658000000000000000e+03 6.245559383242738842e-05
1.659000000000000000e+03 6.246214311527523166e-05
1.660000000000000000e+03 6.249483141751458945e-05
1.661000000000000000e+03 6.256326820733946613e-05
1.662000000000000000e+03 6.245846015132499305e-05
1.663000000000000000e+03 6.245029459953435613e-05
1.664000000000000000e+03 6.244765805035600731e-05
1.665000000000000000e+03 6.248887896294691630e-05
1.666000000000000000e+03 6.247347150111482697e-05
1.667000000000000000e+03 6.243352035758784632e-05
1.668000000000000000e+03 6.252025842703975479e-05
1.669000000000000000e+03 6.243533277799166704e-05
1.670000000000000000e+03 6.244478182124489727e-05
1.671000000000000000e+03 6.244223094841288278e-05
1.672000000000000000e+03 6.251071317471318303e-05
1.673000000000000000e+03 6.248789929148847145e-05
1.674000000000000000e+03 6.242533002064801597e-05
1.675000000000000000e+03 6.243445749239182171e-05
1.676000000000000000e+03 6.252426617075118381e-05
1.677000000000000000e+03 6.246096636945648378e-05
1.678000000000000000e+03 6.242746890913710887e-05
1.679000000000000000e+03 6.250668164258830844e-05
1.680000000000000000e+03 6.246979804774649913e-05
1.681000000000000000e+03 6.250271840538921945e-05
1.682000000000000000e+03 6.245201442095568570e-05
1.683000000000000000e+03 6.249427481199512906e-05
1.684000000000000000e+03 6.255901474427915700e-05
1.685000000000000000e+03 6.248000273340524287e-05
1.686000000000000000e+03 6.248871001321661177e-05
1.687000000000000000e+03 6.242584325240732644e-05
1.688000000000000000e+03 6.247060646761976575e-05
1.689000000000000000e+03 6.254792873268919266e-05
1.690000000000000000e+03 6.249248807821323234e-05
1.691000000000000000e+03 6.243492493293082931e-05
1.692000000000000000e+03 6.249456679518976374e-05
1.693000000000000000e+03 6.245448898094168384e-05
1.694000000000000000e+03 6.247380531686351111e-05
1.695000000000000000e+03 6.242946622167082913e-05
1.696000000000000000e+03 6.242740590628120616e-05
1.697000000000000000e+03 6.245153274178447285e-05
1.698000000000000000e+03 6.241254500624003306e-05
1.699000000000000000e+03 6.241950091092040827e-05
1.700000000000000000e+03 6.243283031339067596e-05
1.701000000000000000e+03 6.249308606560315723e-05
1.702000000000000000e+03 6.253366411814771523e-05
1.703000000000000000e+03 6.242896796957696237e-05
1.704000000000000000e+03 6.252262607386307666e-05
1.705000000000000000e+03 6.239732390804570892e-05
1.706000000000000000e+03 6.246735590969597156e-05
1.707000000000000000e+03 6.244194807432485133e-05
1.708000000000000000e+03 6.243412619197549458e-05
1.709000000000000000e+03 6.241622164281558519e-05
1.710000000000000000e+03 6.247448677184216589e-05
1.711000000000000000e+03 6.242047802776411669e-05
1.712000000000000000e+03 6.243726102478166259e-05
1.713000000000000000e+03 6.247140473403116660e-05
1.714000000000000000e+03 6.243480874580436754e-05
1.715000000000000000e+03 6.241676036770458407e-05
1.716000000000000000e+03 6.244156574640180059e-05
1.717000000000000000e+03 6.244830481564457678e-05
1.718000000000000000e+03 6.241900251241448423e-05
1.719000000000000000e+03 6.249560957605536729e-05
1.720000000000000000e+03 6.244713591560897478e-05
1.721000000000000000e+03 6.242724638315072896e-05
1.722000000000000000e+03 6.247720635300523136e-05
1.723000000000000000e+03 6.241997690100126834e-05
1.724000000000000000e+03 6.252762396961326203e-05
1.725000000000000000e+03 6.249342805184344128e-05
1.726000000000000000e+03 6.248102082663837425e-05
1.727000000000000000e+03 6.247941419116963919e-05
1.728000000000000000e+03 6.244873975320211761e-05
1.729000000000000000e+03 6.240974966554920672e-05
1.730000000000000000e+03 6.241165158204218296e-05
1.731000000000000000e+03 6.245062284219279251e-05
1.732000000000000000e+03 6.246206333153990855e-05
1.733000000000000000e+03 6.243483412718876682e-05
1.734000000000000000e+03 6.240393768861035768e-05
1.735000000000000000e+03 6.247141076582880012e-05
1.736000000000000000e+03 6.250585391858343859e-05
1.737000000000000000e+03 6.256667298717669839e-05
1.738000000000000000e+03 6.245660684304738355e-05
1.739000000000000000e+03 6.242317270149475592e-05
1.740000000000000000e+03 6.244022434289109834e-05
1.741000000000000000e+03 6.242994357244489065e-05
1.742000000000000000e+03 6.242873247885697991e-05
1.743000000000000000e+03 6.249172012655408617e-05
1.744000000000000000e+03 6.251117075469654063e-05
1.745000000000000000e+03 6.245826237857432918e-05
1.746000000000000000e+03 6.248326886897229767e-05
1.747000000000000000e+03 6.241092953333724467e-05
1.748000000000000000e+03 6.242196696102980582e-05
1.749000000000000000e+03 6.246246643605007508e-05
1.750000000000000000e+03 6.244732233697759187e-05
1.751000000000000000e+03 6.247992099888834247e-05
1.752000000000000000e+03 6.249451930813245434e-05
1.753000000000000000e+03 6.241460435551603300e-05
1.754000000000000000e+03 6.242615582265202440e-05
1.755000000000000000e+03 6.247858179363442136e-05
1.756000000000000000e+03 6.244032059841689221e-05
1.757000000000000000e+03 6.245380791731398895e-05
1.758000000000000000e+03 6.244783149026308336e-05
1.759000000000000000e+03 6.243309211177976853e-05
1.760000000000000000e+03 6.245207159833615108e-05
1.761000000000000000e+03 6.247797336999330868e-05
1.762000000000000000e+03 6.250159468316752705e-05
1.763000000000000000e+03 6.244487160883476309e-05
1.764000000000000000e+03 6.243397258041932091e-05
1.765000000000000000e+03 6.241252271009647750e-05
1.766000000000000000e+03 6.241405560397274971e-05
1.767000000000000000e+03 6.247166239854833058e-05
1.768000000000000000e+03 6.245800328354921785e-05
1.769000000000000000e+03 6.240997704222631787e-05
1.770000000000000000e+03 6.246011620846636081e-05
1.771000000000000000e+03 6.244532276399611544e-05
1.772000000000000000e+03 6.249628065553511369e-05
1.773000000000000000e+03 6.250583004200523378e-05
1.774000000000000000e+03 6.239624932284661943e-05
1.775000000000000000e+03 6.242281527442786247e-05
1.776000000000000000e+03 6.241923706611360648e-05
1.777000000000000000e+03 6.255309499363515945e-05
1.778000000000000000e+03 6.247354811812434381e-05
1.779000000000000000e+03 6.241946052324432175e-05
1.780000000000000000e+03 6.240535774618956126e-05
1.781000000000000000e+03 6.244768197102254807e-05
1.782000000000000000e+03 6.246377894123047471e-05
1.783000000000000000e+03 6.246932590423739538e-05
1.784000000000000000e+03 6.244744779053428745e-05
1.785000000000000000e+03 6.256797406062175181e-05
1.786000000000000000e+03 6.247038846773375978e-05
1.787000000000000000e+03 6.241825230915896917e-05
1.788000000000000000e+03 6.256127094215629709e-05
1.789000000000000000e+03 6.246524396846141929e-05
1.790000000000000000e+03 6.243375636256688784e-05
1.791000000000000000e+03 6.240808235828839128e-05
1.792000000000000000e+03 6.244964166336802660e-05
1.793000000000000000e+03 6.246703611649249738e-05
1.794000000000000000e+03 6.248039210517154481e-05
1.795000000000000000e+03 6.244736882241678773e-05
1.796000000000000000e+03 6.244561653089637961e-05
1.797000000000000000e+03 6.240550700361042363e-05
1.798000000000000000e+03 6.240578917698826750e-05
1.799000000000000000e+03 6.245948575978618831e-05
1.800000000000000000e+03 6.248127464363988906e-05
1.801000000000000000e+03 6.245449517958186355e-05
1.802000000000000000e+03 6.243526537955663524e-05
1.803000000000000000e+03 6.241699361323354070e-05
1.804000000000000000e+03 6.249929620364310095e-05
1.805000000000000000e+03 6.247662597212395115e-05
1.806000000000000000e+03 6.240576116833670354e-05
1.807000000000000000e+03 6.240097615034153331e-05
1.808000000000000000e+03 6.240913612420028215e-05
1.809000000000000000e+03 6.243368314861049242e-05
1.810000000000000000e+03 6.245322968537500130e-05
1.811000000000000000e+03 6.243768619289022750e-05
1.812000000000000000e+03 6.242362064972156667e-05
1.813000000000000000e+03 6.242421513388866038e-05
1.814000000000000000e+03 6.242202713945795088e-05
1.815000000000000000e+03 6.240456406931158494e-05
1.816000000000000000e+03 6.240607210082471234e-05
1.817000000000000000e+03 6.243396528211524286e-05
1.818000000000000000e+03 6.243998976905889740e-05
1.819000000000000000e+03 6.239902806131796865e-05
1.820000000000000000e+03 6.240454989881369353e-05
1.821000000000000000e+03 6.245696279479729740e-05
1.822000000000000000e+03 6.241435194410365069e-05
1.823000000000000000e+03 6.242709341154499601e-05
1.824000000000000000e+03 6.243183852740046837e-05
1.825000000000000000e+03 6.240872969814763879e-05
1.826000000000000000e+03 6.240920873140105146e-05
1.827000000000000000e+03 6.239200573848802166e-05
1.828000000000000000e+03 6.251676053263726990e-05
1.829000000000000000e+03 6.240342414465713228e-05
1.830000000000000000e+03 6.238350132348917994e-05
1.831000000000000000e+03 6.250585871118928528e-05
1.832000000000000000e+03 6.245602240772040001e-05
1.833000000000000000e+03 6.242208132102465481e-05
1.834000000000000000e+03 6.243832225769087015e-05
1.835000000000000000e+03 6.250042491304516688e-05
1.836000000000000000e+03 6.240812708790454755e-05
1.837000000000000000e+03 6.241446091240038469e-05
1.838000000000000000e+03 6.239153941433826236e-05
1.839000000000000000e+03 6.239423569371969458e-05
1.840000000000000000e+03 6.246557486274546529e-05
1.841000000000000000e+03 6.250582622138892510e-05
1.842000000000000000e+03 6.240339577130742848e-05
1.843000000000000000e+03 6.242693409520073998e-05
1.844000000000000000e+03 6.237546825563540932e-05
1.845000000000000000e+03 6.248590494114806735e-05
1.846000000000000000e+03 6.240529026250069044e-05
1.847000000000000000e+03 6.242278199030956243e-05
1.848000000000000000e+03 6.244682798017401118e-05
1.849000000000000000e+03 6.242039650244969042e-05
1.850000000000000000e+03 6.252312218759638275e-05
1.851000000000000000e+03 6.241490323901988980e-05
1.852000000000000000e+03 6.240759886933532118e-05
1.853000000000000000e+03 6.241331128324169623e-05
1.854000000000000000e+03 6.247045297728757291e-05
1.855000000000000000e+03 6.253400127397529100e-05
1.856000000000000000e+03 6.243247948386763707e-05
1.857000000000000000e+03 6.243633051889515423e-05
1.858000000000000000e+03 6.252718984875057747e-05
1.859000000000000000e+03 6.247031922576458645e-05
1.860000000000000000e+03 6.242080828075145457e-05
1.861000000000000000e+03 6.242178678254055757e-05
1.862000000000000000e+03 6.245045945571418378e-05
1.863000000000000000e+03 6.240613290757086591e-05
1.864000000000000000e+03 6.239779720970708141e-05
1.865000000000000000e+03 6.240521600969171087e-05
1.866000000000000000e+03 6.240180714101481950e-05
1.867000000000000000e+03 6.238655521956525162e-05
1.868000000000000000e+03 6.241049248252753077e-05
1.869000000000000000e+03 6.242281971192337241e-05
1.870000000000000000e+03 6.241104695280772657e-05
1.871000000000000000e+03 6.241035792381811398e-05
1.872000000000000000e+03 6.239951789740750534e-05
1.873000000000000000e+03 6.238648229336133050e-05
1.874000000000000000e+03 6.240149829875210174e-05
1.875000000000000000e+03 6.241546867190669477e-05
1.876000000000000000e+03 6.238697341223385618e-05
1.877000000000000000e+03 6.240714586163041895e-05
1.878000000000000000e+03 6.241272746790314829e-05
1.879000000000000000e+03 6.242315406432361741e-05
1.880000000000000000e+03 6.242407810696495776e-05
1.881000000000000000e+03 6.240031346183008633e-05
1.882000000000000000e+03 6.246914421476279988e-05
1.883000000000000000e+03 6.246646427929985514e-05
1.884000000000000000e+03 6.243711454205152860e-05
1.885000000000000000e+03 6.241641934145925519e-05
1.886000000000000000e+03 6.241554542400067367e-05
1.887000000000000000e+03 6.239053805103387976e-05
1.888000000000000000e+03 6.242161902478887063e-05
1.889000000000000000e+03 6.242802188041263536e-05
1.890000000000000000e+03 6.249927870701266794e-05
1.891000000000000000e+03 6.244394955571493956e-05
1.892000000000000000e+03 6.239319439496289249e-05
1.893000000000000000e+03 6.240950054158140041e-05
1.894000000000000000e+03 6.239650533211570126e-05
1.895000000000000000e+03 6.240072002381782967e-05
1.896000000000000000e+03 6.240819696260367329e-05
1.897000000000000000e+03 6.238921650338569646e-05
1.898000000000000000e+03 6.238403221969029912e-05
1.899000000000000000e+03 6.242978270330106546e-05
1.900000000000000000e+03 6.243753632849039338e-05
1.901000000000000000e+03 6.250054340382286272e-05
1.902000000000000000e+03 6.250584959824508069e-05
1.903000000000000000e+03 6.237818909231896975e-05
1.904000000000000000e+03 6.245982881953461672e-05
1.905000000000000000e+03 6.241455354086387788e-05
1.906000000000000000e+03 6.240671425831354434e-05
1.907000000000000000e+03 6.241770861427780616e-05
1.908000000000000000e+03 6.241591760522645349e-05
1.909000000000000000e+03 6.239068950722245353e-05
1.910000000000000000e+03 6.239704372737403602e-05
1.911000000000000000e+03 6.243078571521493321e-05
1.912000000000000000e+03 6.238340061706706952e-05
1.913000000000000000e+03 6.247029254949240619e-05
1.914000000000000000e+03 6.241140933579415165e-05
1.915000000000000000e+03 6.238886214058055155e-05
1.916000000000000000e+03 6.243981550068144527e-05
1.917000000000000000e+03 6.239711237489981022e-05
1.918000000000000000e+03 6.241000391766546144e-05
1.919000000000000000e+03 6.241859328711031477e-05
1.920000000000000000e+03 6.239631289522711997e-05
1.921000000000000000e+03 6.244977345588088337e-05
1.922000000000000000e+03 6.244860523996235101e-05
1.923000000000000000e+03 6.239453350414076664e-05
1.924000000000000000e+03 6.242163290338083119e-05
1.925000000000000000e+03 6.242537000885382359e-05
1.926000000000000000e+03 6.243057573723643345e-05
1.927000000000000000e+03 6.238212927943807980e-05
1.928000000000000000e+03 6.239795563475284139e-05
1.929000000000000000e+03 6.253189086592242851e-05
1.930000000000000000e+03 6.245064973826465579e-05
1.931000000000000000e+03 6.241449476236320224e-05
1.932000000000000000e+03 6.238106635166879965e-05
1.933000000000000000e+03 6.238313821302253145e-05
1.934000000000000000e+03 6.238608577962235992e-05
1.935000000000000000e+03 6.242833880305652524e-05
1.936000000000000000e+03 6.248216820458006831e-05
1.937000000000000000e+03 6.239652654382456362e-05
1.938000000000000000e+03 6.243945836952885943e-05
1.939000000000000000e+03 6.238131288621507665e-05
1.940000000000000000e+03 6.240270682068099447e-05
1.941000000000000000e+03 6.238353787158254840e-05
1.942000000000000000e+03 6.241935725026300928e-05
1.943000000000000000e+03 6.241017739499651309e-05
1.944000000000000000e+03 6.238443059347740952e-05
1.945000000000000000e+03 6.238087562321718556e-05
1.946000000000000000e+03 6.240125725922865071e-05
1.947000000000000000e+03 6.240888213709509010e-05
1.948000000000000000e+03 6.239603839873001366e-05
1.949000000000000000e+03 6.241232157188795820e-05
1.950000000000000000e+03 6.240714658731350950e-05
1.951000000000000000e+03 6.239275525086353919e-05
1.952000000000000000e+03 6.241225445734837859e-05
1.953000000000000000e+03 6.242830066055460520e-05
1.954000000000000000e+03 6.240820074805278675e-05
1.955000000000000000e+03 6.238698769561305021e-05
1.956000000000000000e+03 6.240665504313915447e-05
1.957000000000000000e+03 6.238382895363861719e-05
1.958000000000000000e+03 6.242996163806027341e-05
1.959000000000000000e+03 6.239663531642107076e-05
1.960000000000000000e+03 6.239575368783619607e-05
1.961000000000000000e+03 6.237471027603252495e-05
1.962000000000000000e+03 6.241962970938661761e-05
1.963000000000000000e+03 6.241362904867491185e-05
1.964000000000000000e+03 6.241527431144608049e-05
1.965000000000000000e+03 6.240331769675625049e-05
1.966000000000000000e+03 6.240018829117182416e-05
1.967000000000000000e+03 6.239861310943078661e-05
1.968000000000000000e+03 6.240506044126550064e-05
1.969000000000000000e+03 6.239663607013168193e-05
1.970000000000000000e+03 6.247429048524418785e-05
1.971000000000000000e+03 6.247395585266565072e-05
1.972000000000000000e+03 6.250473164097341552e-05
1.973000000000000000e+03 6.249693255747864630e-05
1.974000000000000000e+03 6.242640090962825092e-05
1.975000000000000000e+03 6.238905029841844050e-05
1.976000000000000000e+03 6.240128343166289281e-05
1.977000000000000000e+03 6.246940225762308621e-05
1.978000000000000000e+03 6.239226375365592781e-05
1.979000000000000000e+03 6.237683292203737224e-05
1.980000000000000000e+03 6.237906748018499394e-05
1.981000000000000000e+03 6.238254603448183068e-05
1.982000000000000000e+03 6.238751212770104332e-05
1.983000000000000000e+03 6.239010440021726216e-05
1.984000000000000000e+03 6.238223251851775914e-05
1.985000000000000000e+03 6.239325492564859444e-05
1.986000000000000000e+03 6.238060021856946290e-05
1.987000000000000000e+03 6.240994239819602470e-05
1.988000000000000000e+03 6.239685796771937513e-05
1.989000000000000000e+03 6.238441987555280125e-05
1.990000000000000000e+03 6.237936333852270071e-05
1.991000000000000000e+03 6.238508370635697023e-05
1.992000000000000000e+03 6.240306417871517705e-05
1.993000000000000000e+03 6.236827489735459126e-05
1.994000000000000000e+03 6.242533496796476929e-05
1.995000000000000000e+03 6.244119026904798825e-05
1.996000000000000000e+03 6.237841532100991515e-05
1.997000000000000000e+03 6.236041993000001292e-05
1.998000000000000000e+03 6.241596085170926435e-05
1.999000000000000000e+03 6.243920267580299632e-05
2.000000000000000000e+03 6.239255934091365537e-05
2.001000000000000000e+03 6.238325856512317203e-05
2.002000000000000000e+03 6.238997997152927373e-05
2.003000000000000000e+03 6.244618006010292752e-05
2.004000000000000000e+03 6.238512026622859610e-05
2.005000000000000000e+03 6.238426834246870627e-05
2.006000000000000000e+03 6.238011639870992087e-05
2.007000000000000000e+03 6.237333237919863460e-05
2.008000000000000000e+03 6.240525588378964441e-05
2.009000000000000000e+03 6.238516833848748399e-05
2.010000000000000000e+03 6.240977646714812436e-05
2.011000000000000000e+03 6.240304126400419548e-05
2.012000000000000000e+03 6.245164555747795970e-05
2.013000000000000000e+03 6.241823890450064508e-05
2.014000000000000000e+03 6.242379731877000296e-05
2.015000000000000000e+03 6.241140224821166405e-05
2.016000000000000000e+03 6.237410314392037559e-05
2.017000000000000000e+03 6.242542267995105721e-05
2.018000000000000000e+03 6.239525278694145938e-05
2.019000000000000000e+03 6.243270185075458522e-05
2.020000000000000000e+03 6.239185498659423823e-05
2.021000000000000000e+03 6.238818131152510597e-05
2.022000000000000000e+03 6.237957683324458840e-05
2.023000000000000000e+03 6.238751071427884828e-05
2.024000000000000000e+03 6.242458727857013205e-05
2.025000000000000000e+03 6.241383873621780798e-05
2.026000000000000000e+03 6.245309462856914737e-05
2.027000000000000000e+03 6.239347272869665245e-05
2.028000000000000000e+03 6.237902441864922503e-05
2.029000000000000000e+03 6.241438529384212171e-05
2.030000000000000000e+03 6.240107167392756340e-05
2.031000000000000000e+03 6.243233500305844384e-05
2.032000000000000000e+03 6.238728723001990388e-05
2.033000000000000000e+03 6.240405102301142576e-05
2.034000000000000000e+03 6.250491799591620455e-05
2.035000000000000000e+03 6.237647714385189540e-05
2.036000000000000000e+03 6.239149664682497667e-05
2.037000000000000000e+03 6.238405014773977921e-05
2.038000000000000000e+03 6.237978729380677418e-05
2.039000000000000000e+03 6.239468896476407724e-05
2.040000000000000000e+03 6.237722848019339932e-05
2.041000000000000000e+03 6.238808984364257570e-05
2.042000000000000000e+03 6.241000249717703295e-05
2.043000000000000000e+03 6.239596931128454590e-05
2.044000000000000000e+03 6.237457454607939634e-05
2.045000000000000000e+03 6.237583442925716118e-05
2.046000000000000000e+03 6.237774249220964524e-05
2.047000000000000000e+03 6.246124557519881803e-05
2.048000000000000000e+03 6.238173754825467282e-05
2.049000000000000000e+03 6.237892175390450462e-05
2.050000000000000000e+03 6.236096982917098408e-05
2.051000000000000000e+03 6.238420073532918795e-05
2.052000000000000000e+03 6.239748073481952550e-05
2.053000000000000000e+03 6.238637571813924012e-05
2.054000000000000000e+03 6.238042576267772716e-05
2.055000000000000000e+03 6.240231568785583737e-05
2.056000000000000000e+03 6.242465649277057025e-05
2.057000000000000000e+03 6.240646319961269748e-05
2.058000000000000000e+03 6.235319652592666718e-05
2.059000000000000000e+03 6.240377152065052684e-05
2.060000000000000000e+03 6.240199647216610802e-05
2.061000000000000000e+03 6.240270447046880652e-05
2.062000000000000000e+03 6.245773409695613084e-05
2.063000000000000000e+03 6.242246939483935594e-05
2.064000000000000000e+03 6.240437776771325042e-05
2.065000000000000000e+03 6.242743680747436374e-05
2.066000000000000000e+03 6.240617283855692810e-05
2.067000000000000000e+03 6.238906258088603178e-05
2.068000000000000000e+03 6.239834141167967003e-05
2.069000000000000000e+03 6.238550005454397609e-05
2.070000000000000000e+03 6.237373041152785818e-05
2.071000000000000000e+03 6.240313576181459685e-05
2.072000000000000000e+03 6.237556418997702965e-05
2.073000000000000000e+03 6.237578358830758751e-05
2.074000000000000000e+03 6.238361060421267483e-05
2.075000000000000000e+03 6.239724661326961983e-05
2.076000000000000000e+03 6.236122948668836822e-05
2.077000000000000000e+03 6.238635784919477041e-05
2.078000000000000000e+03 6.240743537881091214e-05
2.079000000000000000e+03 6.242646658373829491e-05
2.080000000000000000e+03 6.240379641356627203e-05
2.081000000000000000e+03 6.239843860683267837e-05
2.082000000000000000e+03 6.240260958955593342e-05
2.083000000000000000e+03 6.237804774857869604e-05
2.084000000000000000e+03 6.238590181853726597e-05
2.085000000000000000e+03 6.237752660879692279e-05
2.086000000000000000e+03 6.237127610653520776e-05
2.087000000000000000e+03 6.237061061971263098e-05
2.088000000000000000e+03 6.235379119800100003e-05
2.089000000000000000e+03 6.237859188099058089e-05
2.090000000000000000e+03 6.238926919592709380e-05
2.091000000000000000e+03 6.239203735854700981e-05
2.092000000000000000e+03 6.237934711417154670e-05
2.093000000000000000e+03 6.241324347270807297e-05
2.094000000000000000e+03 6.236582715971064291e-05
2.095000000000000000e+03 6.238019757801729708e-05
2.096000000000000000e+03 6.238381064027749502e-05
2.097000000000000000e+03 6.241039296813294900e-05
2.098000000000000000e+03 6.238449122100536411e-05
2.099000000000000000e+03 6.236627198177896903e-05
2.100000000000000000e+03 6.239893116199838642e-05
2.101000000000000000e+03 6.247357753531184756e-05
2.102000000000000000e+03 6.237056306957294263e-05
2.103000000000000000e+03 6.239503481734185505e-05
2.104000000000000000e+03 6.237702178604458288e-05
2.105000000000000000e+03 6.239731139791969004e-05
2.106000000000000000e+03 6.239343970321243606e-05
2.107000000000000000e+03 6.240547443514523273e-05
2.108000000000000000e+03 6.236963397926484993e-05
2.109000000000000000e+03 6.237504850423116094e-05
2.110000000000000000e+03 6.240880767283330703e-05
2.111000000000000000e+03 6.237009456627455747e-05
2.112000000000000000e+03 6.241657367579521573e-05
2.113000000000000000e+03 6.236977803596165137e-05
2.114000000000000000e+03 6.244469103375083826e-05
2.115000000000000000e+03 6.242082564413327795e-05
2.116000000000000000e+03 6.237258182517895627e-05
2.117000000000000000e+03 6.237068426403708855e-05
2.118000000000000000e+03 6.236092957475284488e-05
2.119000000000000000e+03 6.236877710693191463e-05
2.120000000000000000e+03 6.236372687287205835e-05
2.121000000000000000e+03 6.236287447099919017e-05
2.122000000000000000e+03 6.238117481202379538e-05
2.123000000000000000e+03 6.237440874377786124e-05
2.124000000000000000e+03 6.245777226657199565e-05
2.125000000000000000e+03 6.252189030573460549e-05
2.126000000000000000e+03 6.237934874786925398e-05
2.127000000000000000e+03 6.235715732374136832e-05
2.128000000000000000e+03 6.236415255077070938e-05
2.129000000000000000e+03 6.235627408920742308e-05
2.130000000000000000e+03 6.242208522011744119e-05
2.131000000000000000e+03 6.240342785630926593e-05
2.132000000000000000e+03 6.235511689157235786e-05
2.133000000000000000e+03 6.237312527878104953e-05
2.134000000000000000e+03 6.236267991297526957e-05
2.135000000000000000e+03 6.237804210677840955e-05
2.136000000000000000e+03 6.237334283342128654e-05
2.137000000000000000e+03 6.238494695716047679e-05
2.138000000000000000e+03 6.236516901508966056e-05
2.139000000000000000e+03 6.235890083067429843e-05
2.140000000000000000e+03 6.237069921678012536e-05
2.141000000000000000e+03 6.242684604716058124e-05
2.142000000000000000e+03 6.239393927132948030e-05
2.143000000000000000e+03 6.236987309961010569e-05
2.144000000000000000e+03 6.237016425319461032e-05
2.145000000000000000e+03 6.239659093319995984e-05
2.146000000000000000e+03 6.242630239440823494e-05
2.147000000000000000e+03 6.241191723630356203e-05
2.148000000000000000e+03 6.236534979139908271e-05
2.149000000000000000e+03 6.237063184209351216e-05
2.150000000000000000e+03 6.238507677112501337e-05
2.151000000000000000e+03 6.237785716837495101e-05
2.152000000000000000e+03 6.239257513759692564e-05
2.153000000000000000e+03 6.239532013212087348e-05
2.154000000000000000e+03 6.239172893477542084e-05
2.155000000000000000e+03 6.236023100685637714e-05
2.156000000000000000e+03 6.235344339026550680e-05
2.157000000000000000e+03 6.241047963430873112e-05
2.158000000000000000e+03 6.238088849243561248e-05
2.159000000000000000e+03 6.239197845799592022e-05
2.160000000000000000e+03 6.239205775951312319e-05
2.161000000000000000e+03 6.237160901099240962e-05
2.162000000000000000e+03 6.239688766578255696e-05
2.163000000000000000e+03 6.238622420180491674e-05
2.164000000000000000e+03 6.236112556453043401e-05
2.165000000000000000e+03 6.239003213773098417e-05
2.166000000000000000e+03 6.240329173104030430e-05
2.167000000000000000e+03 6.236445091010875885e-05
2.168000000000000000e+03 6.243127091735202775e-05
2.169000000000000000e+03 6.239528562542421978e-05
2.170000000000000000e+03 6.236406465116185315e-05
2.171000000000000000e+03 6.237891405575506792e-05
2.172000000000000000e+03 6.238144779756855485e-05
2.173000000000000000e+03 6.239090777662487011e-05
2.174000000000000000e+03 6.238928805785453528e-05
2.175000000000000000e+03 6.236331204594690162e-05
2.176000000000000000e+03 6.236089509875217729e-05
2.177000000000000000e+03 6.237283934697924082e-05
2.178000000000000000e+03 6.242362839907151584e-05
2.179000000000000000e+03 6.236447639625458607e-05
2.180000000000000000e+03 6.237639965130190728e-05
2.181000000000000000e+03 6.235798803653054773e-05
2.182000000000000000e+03 6.236112148386827492e-05
2.183000000000000000e+03 6.236620806773051750e-05
2.184000000000000000e+03 6.237574836896847791e-05
2.185000000000000000e+03 6.235081220372785515e-05
2.186000000000000000e+03 6.239552729571552899e-05
2.187000000000000000e+03 6.236659922399303559e-05
2.188000000000000000e+03 6.235581298816618987e-05
2.189000000000000000e+03 6.235387693763325872e-05
2.190000000000000000e+03 6.236550722405354713e-05
2.191000000000000000e+03 6.239345162196753569e-05
2.192000000000000000e+03 6.236057498722538672e-05
2.193000000000000000e+03 6.236365210338669612e-05
2.194000000000000000e+03 6.241886676834950212e-05
2.195000000000000000e+03 6.236096359300995532e-05
2.196000000000000000e+03 6.240000393305868446e-05
2.197000000000000000e+03 6.237321407911833153e-05
2.198000000000000000e+03 6.237221432079692758e-05
2.199000000000000000e+03 6.236892474799017496e-05
2.200000000000000000e+03 6.239371488752234551e-05
2.201000000000000000e+03 6.235975691465889747e-05
2.202000000000000000e+03 6.241410486061581199e-05
2.203000000000000000e+03 6.241727957617442186e-05
2.204000000000000000e+03 6.237162395780906183e-05
2.205000000000000000e+03 6.239245115002293367e-05
2.206000000000000000e+03 6.235833100874651005e-05
2.207000000000000000e+03 6.239034274524110114e-05
2.208000000000000000e+03 6.236126254178755339e-05
2.209000000000000000e+03 6.236897607776849338e-05
2.210000000000000000e+03 6.236963633995160994e-05
2.211000000000000000e+03 6.238289705272310548e-05
2.212000000000000000e+03 6.236165661078697700e-05
2.213000000000000000e+03 6.238284483987404381e-05
2.214000000000000000e+03 6.237956979952525118e-05
2.215000000000000000e+03 6.238896485871110232e-05
2.216000000000000000e+03 6.238540146176124799e-05
2.217000000000000000e+03 6.237939406378704738e-05
2.218000000000000000e+03 6.235057796526891712e-05
2.219000000000000000e+03 6.235782343909711354e-05
2.220000000000000000e+03 6.237556291960369675e-05
2.221000000000000000e+03 6.237593058604635728e-05
2.222000000000000000e+03 6.235647232020785809e-05
2.223000000000000000e+03 6.237216755649042975e-05
2.224000000000000000e+03 6.236249963169056363e-05
2.225000000000000000e+03 6.237686549378026893e-05
2.226000000000000000e+03 6.239606758412230287e-05
2.227000000000000000e+03 6.237480794835274854e-05
2.228000000000000000e+03 6.237400034906510611e-05
2.229000000000000000e+03 6.235241703177306241e-05
2.230000000000000000e+03 6.236240174878998046e-05
2.231000000000000000e+03 6.235772244256430777e-05
2.232000000000000000e+03 6.236844607329548537e-05
2.233000000000000000e+03 6.236637911345295732e-05
2.234000000000000000e+03 6.243647993988473300e-05
2.235000000000000000e+03 6.233714375740383152e-05
2.236000000000000000e+03 6.235791033787741291e-05
2.237000000000000000e+03 6.237236007302988299e-05
2.238000000000000000e+03 6.235885195037064446e-05
2.239000000000000000e+03 6.237031417039087540e-05
2.240000000000000000e+03 6.240409620292429655e-05
2.241000000000000000e+03 6.237283454495835865e-05
2.242000000000000000e+03 6.235925398400023060e-05
2.243000000000000000e+03 6.237991505602625219e-05
2.244000000000000000e+03 6.239255384005608699e-05
2.245000000000000000e+03 6.236484013278999791e-05
2.246000000000000000e+03 6.235349481445882024e-05
2.247000000000000000e+03 6.235914080268440286e-05
2.248000000000000000e+03 6.236680078356343420e-05
2.249000000000000000e+03 6.238048613728274145e-05
2.250000000000000000e+03 6.236641193973882274e-05
2.251000000000000000e+03 6.236606373582270974e-05
2.252000000000000000e+03 6.235951659387832849e-05
2.253000000000000000e+03 6.234878789928045297e-05
2.254000000000000000e+03 6.235621750343203751e-05
2.255000000000000000e+03 6.237219056172019032e-05
2.256000000000000000e+03 6.235844176533281256e-05
2.257000000000000000e+03 6.235597407713127369e-05
2.258000000000000000e+03 6.235627073854640653e-05
2.259000000000000000e+03 6.236951296935083311e-05
2.260000000000000000e+03 6.235972514696319147e-05
2.261000000000000000e+03 6.235221305787116595e-05
2.262000000000000000e+03 6.239206947985144610e-05
2.263000000000000000e+03 6.235189937409147678e-05
2.264000000000000000e+03 6.237047349106924316e-05
2.265000000000000000e+03 6.237132018434042916e-05
2.266000000000000000e+03 6.235522113358915044e-05
2.267000000000000000e+03 6.238333725548077387e-05
2.268000000000000000e+03 6.236245092732232065e-05
2.269000000000000000e+03 6.240984685289563416e-05
2.270000000000000000e+03 6.235546513825967736e-05
2.271000000000000000e+03 6.235008689112302431e-05
2.272000000000000000e+03 6.238353600422138362e-05
2.273000000000000000e+03 6.237095985186772069e-05
2.274000000000000000e+03 6.236531852515684259e-05
2.275000000000000000e+03 6.235496960892264505e-05
2.276000000000000000e+03 6.235572899287937618e-05
2.277000000000000000e+03 6.237117369751655105e-05
2.278000000000000000e+03 6.235168052202322731e-05
2.279000000000000000e+03 6.236127323708525534e-05
2.280000000000000000e+03 6.234955307726476820e-05
2.281000000000000000e+03 6.240185761295005803e-05
2.282000000000000000e+03 6.238309939533866872e-05
2.283000000000000000e+03 6.237922333782527787e-05
2.284000000000000000e+03 6.243172861672420494e-05
2.285000000000000000e+03 6.237260329291960024e-05
2.286000000000000000e+03 6.236951517874150320e-05
2.287000000000000000e+03 6.235711879066113152e-05
2.288000000000000000e+03 6.236565939241504950e-05
2.289000000000000000e+03 6.235655321803558785e-05
2.290000000000000000e+03 6.235282719587760666e-05
2.291000000000000000e+03 6.235086297736819284e-05
2.292000000000000000e+03 6.235012489823068508e-05
2.293000000000000000e+03 6.234237172514130317e-05
2.294000000000000000e+03 6.238944092788865795e-05
2.295000000000000000e+03 6.236928652586401457e-05
2.296000000000000000e+03 6.239941351754846050e-05
2.297000000000000000e+03 6.236313253498188968e-05
2.298000000000000000e+03 6.234671471483858418e-05
2.299000000000000000e+03 6.237229936070667977e-05
2.300000000000000000e+03 6.238949230986696060e-05
2.301000000000000000e+03 6.236443897146764310e-05
2.302000000000000000e+03 6.236571264557993458e-05
2.303000000000000000e+03 6.236421195079250301e-05
2.304000000000000000e+03 6.234659421977298516e-05
2.305000000000000000e+03 6.238082043580464369e-05
2.306000000000000000e+03 6.238708667395373756e-05
2.307000000000000000e+03 6.234471905079305395e-05
2.308000000000000000e+03 6.238716197815355729e-05
2.309000000000000000e+03 6.235419497021516357e-05
2.310000000000000000e+03 6.235675115899265647e-05
2.311000000000000000e+03 6.236488716983962753e-05
2.312000000000000000e+03 6.234728448284949996e-05
2.313000000000000000e+03 6.234978211048098880e-05
2.314000000000000000e+03 6.236489352745908229e-05
2.315000000000000000e+03 6.234735632559978177e-05
2.316000000000000000e+03 6.234936420291729104e-05
2.317000000000000000e+03 6.234502313895699149e-05
2.318000000000000000e+03 6.235417143694564645e-05
2.319000000000000000e+03 6.235228819151569758e-05
2.320000000000000000e+03 6.236898822074808126e-05
2.321000000000000000e+03 6.237337011678705228e-05
2.322000000000000000e+03 6.236218498661545945e-05
2.323000000000000000e+03 6.235621349672699489e-05
2.324000000000000000e+03 6.235453303659989148e-05
2.325000000000000000e+03 6.236517319253106659e-05
2.326000000000000000e+03 6.234888916906416306e-05
2.327000000000000000e+03 6.237001116527783671e-05
2.328000000000000000e+03 6.234796433720896786e-05
2.329000000000000000e+03 6.235720521586513390e-05
2.330000000000000000e+03 6.238150935334704143e-05
2.331000000000000000e+03 6.237648669964845200e-05
2.332000000000000000e+03 6.235662315369219181e-05
2.333000000000000000e+03 6.236289922588987306e-05
2.334000000000000000e+03 6.238273622732171510e-05
2.335000000000000000e+03 6.237603720081207916e-05
2.336000000000000000e+03 6.236301193952976756e-05
2.337000000000000000e+03 6.235781563828125275e-05
2.338000000000000000e+03 6.235027405697502801e-05
2.339000000000000000e+03 6.236010854077102229e-05
2.340000000000000000e+03 6.236557946646266416e-05
2.341000000000000000e+03 6.234022337106921621e-05
2.342000000000000000e+03 6.236229065177731465e-05
2.343000000000000000e+03 6.234111722682058156e-05
2.344000000000000000e+03 6.236087376810842370e-05
2.345000000000000000e+03 6.234636277644044146e-05
2.346000000000000000e+03 6.236807089986706916e-05
2.347000000000000000e+03 6.237575904968844468e-05
2.348000000000000000e+03 6.235775129209541600e-05
2.349000000000000000e+03 6.236098017600944171e-05
2.350000000000000000e+03 6.236457283291055591e-05
2.351000000000000000e+03 6.234874715732146569e-05
2.352000000000000000e+03 6.236676403557783895e-05
2.353000000000000000e+03 6.235376144071889883e-05
2.354000000000000000e+03 6.236501465678220683e-05
2.355000000000000000e+03 6.235444294545289235e-05
2.356000000000000000e+03 6.234999225428590692e-05
2.357000000000000000e+03 6.235360807045733965e-05
2.358000000000000000e+03 6.234852826586398866e-05
2.359000000000000000e+03 6.236296986491958710e-05
2.360000000000000000e+03 6.236493058047273439e-05
2.361000000000000000e+03 6.236870382639851272e-05
2.362000000000000000e+03 6.234670092205118314e-05
2.363000000000000000e+03 6.234971094673684758e-05
2.364000000000000000e+03 6.235734988253039128e-05
2.365000000000000000e+03 6.240771035221280257e-05
2.366000000000000000e+03 6.241579474750087362e-05
2.367000000000000000e+03 6.236895490643746122e-05
2.368000000000000000e+03 6.235526131591470275e-05
2.369000000000000000e+03 6.240394572363684570e-05
2.370000000000000000e+03 6.235119497468539032e-05
2.371000000000000000e+03 6.235464664615547896e-05
2.372000000000000000e+03 6.236784265742191589e-05
2.373000000000000000e+03 6.235007661435405942e-05
2.374000000000000000e+03 6.237816204133871242e-05
2.375000000000000000e+03 6.236604458982302336e-05
2.376000000000000000e+03 6.235819947744943915e-05
2.377000000000000000e+03 6.236359500397878482e-05
2.378000000000000000e+03 6.236064727590691077e-05
2.379000000000000000e+03 6.238052731588135836e-05
2.380000000000000000e+03 6.235562233726963072e-05
2.381000000000000000e+03 6.234662760302788582e-05
2.382000000000000000e+03 6.236915103043346527e-05
2.383000000000000000e+03 6.235892573982963034e-05
2.384000000000000000e+03 6.235932360964022798e-05
2.385000000000000000e+03 6.235992336821340990e-05
2.386000000000000000e+03 6.234652853459246450e-05
2.387000000000000000e+03 6.236223292484259137e-05
2.388000000000000000e+03 6.236268469343801127e-05
2.389000000000000000e+03 6.235195931161610617e-05
2.390000000000000000e+03 6.236748012375461787e-05
2.391000000000000000e+03 6.234775006935529100e-05
2.392000000000000000e+03 6.235761680458397024e-05
2.393000000000000000e+03 6.234956341805320153e-05
2.394000000000000000e+03 6.234855103725519306e-05
2.395000000000000000e+03 6.237146993346397161e-05
2.396000000000000000e+03 6.235533780992782570e-05
2.397000000000000000e+03 6.235640477090593136e-05
2.398000000000000000e+03 6.234630586434118129e-05
2.399000000000000000e+03 6.235133908256302595e-05
2.400000000000000000e+03 6.235205692461594262e-05
2.401000000000000000e+03 6.234551812551120478e-05
2.402000000000000000e+03 6.234780126080761325e-05
2.403000000000000000e+03 6.235244783584624896e-05
2.404000000000000000e+03 6.235614061855267436e-05
2.405000000000000000e+03 6.236062625729601387e-05
2.406000000000000000e+03 6.235975522079493562e-05
2.407000000000000000e+03 6.235092927033205484e-05
2.408000000000000000e+03 6.236262951529852861e-05
2.409000000000000000e+03 6.234388159405738171e-05
2.410000000000000000e+03 6.234382827636053938e-05
2.411000000000000000e+03 6.234174374873042751e-05
2.412000000000000000e+03 6.234665629199186425e-05
2.413000000000000000e+03 6.234605910724432931e-05
2.414000000000000000e+03 6.233904618312439624e-05
2.415000000000000000e+03 6.234806033038326053e-05
2.416000000000000000e+03 6.236532165480334114e-05
2.417000000000000000e+03 6.234795814386210710e-05
2.418000000000000000e+03 6.235041302020801141e-05
2.419000000000000000e+03 6.236133847728032398e-05
2.420000000000000000e+03 6.238021579278595259e-05
2.421000000000000000e+03 6.239655365910406776e-05
2.422000000000000000e+03 6.236722916305079383e-05
2.423000000000000000e+03 6.234397059032766877e-05
2.424000000000000000e+03 6.234560550762327611e-05
2.425000000000000000e+03 6.234347871984144667e-05
2.426000000000000000e+03 6.236122941636374915e-05
2.427000000000000000e+03 6.234801486941149505e-05
2.428000000000000000e+03 6.234868910812636268e-05
2.429000000000000000e+03 6.235800570906690143e-05
2.430000000000000000e+03 6.234536340428744325e-05
2.431000000000000000e+03 6.235294398741383340e-05
2.432000000000000000e+03 6.235468435071726888e-05
2.433000000000000000e+03 6.235747058661515296e-05
2.434000000000000000e+03 6.234759682500198104e-05
2.435000000000000000e+03 6.234984907726659410e-05
2.436000000000000000e+03 6.235998715168696211e-05
2.437000000000000000e+03 6.235223821728671893e-05
2.438000000000000000e+03 6.233966997589144340e-05
2.439000000000000000e+03 6.234813481899630571e-05
2.440000000000000000e+03 6.234612065566280431e-05
2.441000000000000000e+03 6.234751626251925716e-05
2.442000000000000000e+03 6.236042042388679118e-05
2.443000000000000000e+03 6.235492650352013756e-05
2.444000000000000000e+03 6.235292332799041552e-05
2.445000000000000000e+03 6.234792478189531281e-05
2.446000000000000000e+03 6.235788584941439770e-05
2.447000000000000000e+03 6.235753409849000299e-05
2.448000000000000000e+03 6.234011604892245473e-05
2.449000000000000000e+03 6.236938831525925945e-05
2.450000000000000000e+03 6.235175400535660493e-05
2.451000000000000000e+03 6.234013948085755791e-05
2.452000000000000000e+03 6.234320044022153174e-05
2.453000000000000000e+03 6.234176616779499780e-05
2.454000000000000000e+03 6.234351590588406260e-05
2.455000000000000000e+03 6.234007880729435197e-05
2.456000000000000000e+03 6.233590351582210130e-05
2.457000000000000000e+03 6.235060278973943995e-05
2.458000000000000000e+03 6.234575275508340492e-05
2.459000000000000000e+03 6.234370730079473856e-05
2.460000000000000000e+03 6.234266913072086390e-05
2.461000000000000000e+03 6.234460881224700623e-05
2.462000000000000000e+03 6.234508700217126890e-05
2.463000000000000000e+03 6.234565395289189257e-05
2.464000000000000000e+03 6.233712915201129322e-05
2.465000000000000000e+03 6.234016051153054279e-05
2.466000000000000000e+03 6.235074176371571491e-05
2.467000000000000000e+03 6.234844711651746883e-05
2.468000000000000000e+03 6.234369884102492084e-05
2.469000000000000000e+03 6.234764035252244978e-05
2.470000000000000000e+03 6.235223261123730789e-05
2.471000000000000000e+03 6.233449630436665285e-05
2.472000000000000000e+03 6.235476816220427560e-05
2.473000000000000000e+03 6.235682252727724314e-05
2.474000000000000000e+03 6.234480513198327131e-05
2.475000000000000000e+03 6.235506352522916654e-05
2.476000000000000000e+03 6.235741333025759307e-05
2.477000000000000000e+03 6.236178889636939465e-05
2.478000000000000000e+03 6.234916270612736173e-05
2.479000000000000000e+03 6.235913239990204025e-05
2.480000000000000000e+03 6.233859448936211463e-05
2.481000000000000000e+03 6.233098674978247732e-05
2.482000000000000000e+03 6.237451758824228147e-05
2.483000000000000000e+03 6.238081435871895030e-05
2.484000000000000000e+03 6.236948400708247208e-05
2.485000000000000000e+03 6.234287552418870499e-05
2.486000000000000000e+03 6.234244456451029323e-05
2.487000000000000000e+03 6.237316531919482384e-05
2.488000000000000000e+03 6.234453460997748753e-05
2.489000000000000000e+03 6.235166998102986973e-05
2.490000000000000000e+03 6.236169172264340607e-05
2.491000000000000000e+03 6.233542113758375506e-05
2.492000000000000000e+03 6.234919930400554568e-05
2.493000000000000000e+03 6.237908155932997542e-05
2.494000000000000000e+03 6.236166362132571940e-05
2.495000000000000000e+03 6.234961920704144454e-05
2.496000000000000000e+03 6.234639224475737468e-05
2.497000000000000000e+03 6.234133427720882359e-05
2.498000000000000000e+03 6.234096617046324469e-05
2.499000000000000000e+03 6.235189530413525849e-05
2.500000000000000000e+03 6.234517850746710893e-05
2.501000000000000000e+03 6.236564487078191308e-05
2.502000000000000000e+03 6.233754262913359853e-05
2.503000000000000000e+03 6.235423659175263827e-05
2.504000000000000000e+03 6.234525666261016503e-05
2.505000000000000000e+03 6.236873806882701262e-05
2.506000000000000000e+03 6.235952596140239179e-05
2.507000000000000000e+03 6.233658595923612317e-05
2.508000000000000000e+03 6.234252109718850510e-05
2.509000000000000000e+03 6.235395425622092117e-05
2.510000000000000000e+03 6.234679802623046771e-05
2.511000000000000000e+03 6.234301527951311068e-05
2.512000000000000000e+03 6.234772973626665751e-05
2.513000000000000000e+03 6.236057096369797162e-05
2.514000000000000000e+03 6.233852970321516779e-05
2.515000000000000000e+03 6.236102816510739378e-05
2.516000000000000000e+03 6.235006373700501068e-05
2.517000000000000000e+03 6.233139175421806484e-05
2.518000000000000000e+03 6.237359024484911160e-05
2.519000000000000000e+03 6.234097816914086312e-05
2.520000000000000000e+03 6.233739924967747709e-05
2.521000000000000000e+03 6.234295098433534051e-05
2.522000000000000000e+03 6.234385188962821196e-05
2.523000000000000000e+03 6.233808900476757095e-05
2.524000000000000000e+03 6.235005507634449728e-05
2.525000000000000000e+03 6.235964470792725262e-05
2.526000000000000000e+03 6.235031221247364541e-05
2.527000000000000000e+03 6.234860859521474449e-05
2.528000000000000000e+03 6.235327835622724588e-05
2.529000000000000000e+03 6.234521826728188000e-05
2.530000000000000000e+03 6.234808482696644857e-05
2.531000000000000000e+03 6.234972367818342762e-05
2.532000000000000000e+03 6.233733214864052422e-05
2.533000000000000000e+03 6.234999740661429995e-05
2.534000000000000000e+03 6.234515908763191641e-05
2.535000000000000000e+03 6.233728589835460163e-05
2.536000000000000000e+03 6.235322408904153007e-05
2.537000000000000000e+03 6.234919462534423802e-05
2.538000000000000000e+03 6.234355162308966361e-05
2.539000000000000000e+03 6.234743189950471749e-05
2.540000000000000000e+03 6.235337650803319685e-05
2.541000000000000000e+03 6.234618898271909748e-05
2.542000000000000000e+03 6.234346454069889963e-05
2.543000000000000000e+03 6.234889844070053242e-05
2.544000000000000000e+03 6.233832218964642069e-05
2.545000000000000000e+03 6.234367950274864701e-05
2.546000000000000000e+03 6.233657559753600491e-05
2.547000000000000000e+03 6.233915969768170147e-05
2.548000000000000000e+03 6.234777412435102504e-05
2.549000000000000000e+03 6.235004095308164889e-05
2.550000000000000000e+03 6.233785591898248230e-05
2.551000000000000000e+03 6.234223119260784408e-05
2.552000000000000000e+03 6.233523100043672060e-05
2.553000000000000000e+03 6.234043554662624734e-05
2.554000000000000000e+03 6.234889308152864523e-05
2.555000000000000000e+03 6.234120319992871723e-05
2.556000000000000000e+03 6.233423702525714503e-05
2.557000000000000000e+03 6.234816345633518455e-05
2.558000000000000000e+03 6.233810658449165148e-05
2.559000000000000000e+03 6.234508156412729219e-05
2.560000000000000000e+03 6.233408264731587415e-05
2.561000000000000000e+03 6.236110042908153597e-05
2.562000000000000000e+03 6.235317464625527979e-05
2.563000000000000000e+03 6.234143303582194093e-05
2.564000000000000000e+03 6.233739540090264906e-05
2.565000000000000000e+03 6.233416646747930363e-05
2.566000000000000000e+03 6.237007209882792602e-05
2.567000000000000000e+03 6.234249862942975895e-05
2.568000000000000000e+03 6.234144108802192031e-05
2.569000000000000000e+03 6.234577600604325107e-05
2.570000000000000000e+03 6.233667774899065840e-05
2.571000000000000000e+03 6.233610168412260968e-05
2.572000000000000000e+03 6.235221709264019904e-05
2.573000000000000000e+03 6.233716764466714689e-05
2.574000000000000000e+03 6.234036531775237000e-05
2.575000000000000000e+03 6.235285218788883411e-05
2.576000000000000000e+03 6.234812905691629716e-05
2.577000000000000000e+03 6.234002214482545917e-05
2.578000000000000000e+03 6.234308212614171206e-05
2.579000000000000000e+03 6.236031706517090444e-05
2.580000000000000000e+03 6.233896643064231206e-05
2.581000000000000000e+03 6.234737878264120299e-05
2.582000000000000000e+03 6.234446696495102574e-05
