0.000000000000000000e+00 6.916465826829274466e-01
1.000000000000000000e+00 6.649075686931610329e-02
2.000000000000000000e+00 4.781657745440801022e-02
3.000000000000000000e+00 4.598965436220169012e-02
4.000000000000000000e+00 4.197864184776942120e-02
5.000000000000000000e+00 3.235808640718459972e-02
6.000000000000000000e+00 2.366893261671066187e-02
7.000000000000000000e+00 2.219939927260080811e-02
8.000000000000000000e+00 2.089711293578147902e-02
9.000000000000000000e+00 2.205172990759213594e-02
1.000000000000000000e+01 2.126035804549852859e-02
1.100000000000000000e+01 2.071369826793670668e-02
1.200000000000000000e+01 2.035787398616472829e-02
1.300000000000000000e+01 2.036149019996325027e-02
1.400000000000000000e+01 1.959303766489028931e-02
1.500000000000000000e+01 1.998477503657341073e-02
1.600000000000000000e+01 2.022724688053131187e-02
1.700000000000000000e+01 2.066451837619145623e-02
1.800000000000000000e+01 1.941759228706359947e-02
1.900000000000000000e+01 1.930215016007423567e-02
2.000000000000000000e+01 1.950276881456374997e-02
2.100000000000000000e+01 2.050190404057502733e-02
2.200000000000000000e+01 1.934358293811480264e-02
2.300000000000000000e+01 1.918920442461967413e-02
2.400000000000000000e+01 1.908293361465136090e-02
2.500000000000000000e+01 1.909901226560274667e-02
2.600000000000000000e+01 1.898770188291867486e-02
2.700000000000000000e+01 1.861819133162498363e-02
2.800000000000000000e+01 1.834485366940498408e-02
2.900000000000000000e+01 1.809710899988810351e-02
3.000000000000000000e+01 1.838799456755320361e-02
3.100000000000000000e+01 1.803640668590863680e-02
3.200000000000000000e+01 1.785447051127751761e-02
3.300000000000000000e+01 1.873958562811215561e-02
3.400000000000000000e+01 1.750583589076995863e-02
3.500000000000000000e+01 1.722096358736355942e-02
3.600000000000000000e+01 1.716963956753412776e-02
3.700000000000000000e+01 1.722682322065035437e-02
3.800000000000000000e+01 1.815287850797176264e-02
3.900000000000000000e+01 1.749812121192614173e-02
4.000000000000000000e+01 1.799591014782587692e-02
4.100000000000000000e+01 1.669285419086615277e-02
4.200000000000000000e+01 1.595569384594758278e-02
4.300000000000000000e+01 1.570097958048184694e-02
4.400000000000000000e+01 1.525596261024475021e-02
4.500000000000000000e+01 1.556111735602219888e-02
4.600000000000000000e+01 1.513536033531030084e-02
4.700000000000000000e+01 1.508668502171834312e-02
4.800000000000000000e+01 1.502126159767309781e-02
4.900000000000000000e+01 1.417389415204525077e-02
5.000000000000000000e+01 1.381984427571296761e-02
5.100000000000000000e+01 1.368307344615459463e-02
5.200000000000000000e+01 1.350661208232243823e-02
5.300000000000000000e+01 1.342390904823938941e-02
5.400000000000000000e+01 1.281870807210604320e-02
5.500000000000000000e+01 1.165528031686941836e-02
5.600000000000000000e+01 1.146093043188253953e-02
5.700000000000000000e+01 1.077953080336252825e-02
5.800000000000000000e+01 1.060314704974492372e-02
5.900000000000000000e+01 9.930238251884777878e-03
6.000000000000000000e+01 9.449299698074658388e-03
6.100000000000000000e+01 9.249064736068249304e-03
6.200000000000000000e+01 8.322792562345663822e-03
6.300000000000000000e+01 7.645138589044412313e-03
6.400000000000000000e+01 6.938970672587553394e-03
6.500000000000000000e+01 6.373943698902925087e-03
6.600000000000000000e+01 5.764343154927094488e-03
6.700000000000000000e+01 4.894416307409604240e-03
6.800000000000000000e+01 4.539293516427278345e-03
6.900000000000000000e+01 3.930654792735973659e-03
7.000000000000000000e+01 3.423703076938787969e-03
7.100000000000000000e+01 2.913283842305342246e-03
7.200000000000000000e+01 3.157097417861223256e-03
7.300000000000000000e+01 2.279609460383653658e-03
7.400000000000000000e+01 2.014401995887358989e-03
7.500000000000000000e+01 1.793862804770469683e-03
7.600000000000000000e+01 1.639720802195370137e-03
7.700000000000000000e+01 1.295880333830912905e-03
7.800000000000000000e+01 1.200241763144731548e-03
7.900000000000000000e+01 1.057873755538215298e-03
8.000000000000000000e+01 9.910954379787047328e-04
8.100000000000000000e+01 8.398687482501069647e-04
8.200000000000000000e+01 7.275893030843387163e-04
8.300000000000000000e+01 6.961694794396558993e-04
8.400000000000000000e+01 6.200658487311253584e-04
8.500000000000000000e+01 6.142800499219447591e-04
8.600000000000000000e+01 5.007127901383985570e-04
8.700000000000000000e+01 4.782236864169438521e-04
8.800000000000000000e+01 4.811926927262296467e-04
8.900000000000000000e+01 4.997448386469234907e-04
9.000000000000000000e+01 4.358241660520434466e-04
9.100000000000000000e+01 3.913697802151243051e-04
9.200000000000000000e+01 3.925904119387268977e-04
9.300000000000000000e+01 3.624397068051621318e-04
9.400000000000000000e+01 3.468335175421088912e-04
9.500000000000000000e+01 3.485322619477907997e-04
9.600000000000000000e+01 3.052475584748511354e-04
9.700000000000000000e+01 3.190911435134088101e-04
9.800000000000000000e+01 2.860632199250782320e-04
9.900000000000000000e+01 3.258636731576795213e-04
1.000000000000000000e+02 2.888117247493937828e-04
1.010000000000000000e+02 3.066824033157900149e-04
1.020000000000000000e+02 2.564693642004082759e-04
1.030000000000000000e+02 2.426105679478496216e-04
1.040000000000000000e+02 2.334451153486346274e-04
1.050000000000000000e+02 2.395186453941278225e-04
1.060000000000000000e+02 2.365273545728996266e-04
1.070000000000000000e+02 2.285693845866868781e-04
1.080000000000000000e+02 2.229414455359801715e-04
1.090000000000000000e+02 2.065688927541487017e-04
1.100000000000000000e+02 2.127812725181380958e-04
1.110000000000000000e+02 2.371851325733587037e-04
1.120000000000000000e+02 2.005589600109184843e-04
1.130000000000000000e+02 1.918215043648766917e-04
1.140000000000000000e+02 1.968062305240891830e-04
1.150000000000000000e+02 2.019650605507194898e-04
1.160000000000000000e+02 1.796617038780823252e-04
1.170000000000000000e+02 2.067791574518196285e-04
1.180000000000000000e+02 1.866485994347991942e-04
1.190000000000000000e+02 1.775566513727729588e-04
1.200000000000000000e+02 1.643024672133227312e-04
1.210000000000000000e+02 1.729718404628026061e-04
1.220000000000000000e+02 1.653197334962897014e-04
1.230000000000000000e+02 1.633542143584539421e-04
1.240000000000000000e+02 1.662317008594982326e-04
1.250000000000000000e+02 1.622884322811538949e-04
1.260000000000000000e+02 1.532885266351513543e-04
1.270000000000000000e+02 1.557167809611807317e-04
1.280000000000000000e+02 1.750304905969339098e-04
1.290000000000000000e+02 1.497896318323910117e-04
1.300000000000000000e+02 1.427041626690576481e-04
1.310000000000000000e+02 1.470370704191736747e-04
1.320000000000000000e+02 1.396952982759103287e-04
1.330000000000000000e+02 1.338333791742722255e-04
1.340000000000000000e+02 1.426057667898324697e-04
1.350000000000000000e+02 1.279606206420188044e-04
1.360000000000000000e+02 1.536078250501304778e-04
1.370000000000000000e+02 1.583542586498272865e-04
1.380000000000000000e+02 1.364493569902454915e-04
1.390000000000000000e+02 1.375448577649270628e-04
1.400000000000000000e+02 1.438464903427908847e-04
1.410000000000000000e+02 1.473153464030474359e-04
1.420000000000000000e+02 1.323718706650349117e-04
1.430000000000000000e+02 1.305470417719334418e-04
1.440000000000000000e+02 1.411751410341821654e-04
1.450000000000000000e+02 1.314300209439049291e-04
1.460000000000000000e+02 1.169682502707776895e-04
1.470000000000000000e+02 1.209645905570747888e-04
1.480000000000000000e+02 1.214183754442880537e-04
1.490000000000000000e+02 1.352360485664879394e-04
1.500000000000000000e+02 1.476391942317908078e-04
1.510000000000000000e+02 1.163013033025587649e-04
1.520000000000000000e+02 1.311206123985660533e-04
1.530000000000000000e+02 1.505863101920112892e-04
1.540000000000000000e+02 1.288739166921004534e-04
1.550000000000000000e+02 1.296017840892697435e-04
1.560000000000000000e+02 1.171637719380669242e-04
1.570000000000000000e+02 1.153960762894712454e-04
1.580000000000000000e+02 1.355839347039970288e-04
1.590000000000000000e+02 1.096859751851297958e-04
1.600000000000000000e+02 1.088619973355283316e-04
1.610000000000000000e+02 1.083418660952399176e-04
1.620000000000000000e+02 1.247309840012652150e-04
1.630000000000000000e+02 1.098599346005357764e-04
1.640000000000000000e+02 1.044007089997952241e-04
1.650000000000000000e+02 1.553087319674280732e-04
1.660000000000000000e+02 1.144441171588065725e-04
1.670000000000000000e+02 1.267214306668999237e-04
1.680000000000000000e+02 1.101225071276227597e-04
1.690000000000000000e+02 1.059141413619120876e-04
1.700000000000000000e+02 1.297859023907221962e-04
1.710000000000000000e+02 1.410372633836232050e-04
1.720000000000000000e+02 1.451706149964593242e-04
1.730000000000000000e+02 1.166045751112202811e-04
1.740000000000000000e+02 1.312775192976308402e-04
1.750000000000000000e+02 1.005530791007913714e-04
1.760000000000000000e+02 1.086587537429295507e-04
1.770000000000000000e+02 1.075251586735248517e-04
1.780000000000000000e+02 1.117045711725950198e-04
1.790000000000000000e+02 9.766401509599139763e-05
1.800000000000000000e+02 1.107420359039679137e-04
1.810000000000000000e+02 1.059866116459791835e-04
1.820000000000000000e+02 1.038201079548646983e-04
1.830000000000000000e+02 1.016366528347134536e-04
1.840000000000000000e+02 9.882229292998090061e-05
1.850000000000000000e+02 1.124919066205620760e-04
1.860000000000000000e+02 1.029873059208815311e-04
1.870000000000000000e+02 1.128844900328355565e-04
1.880000000000000000e+02 1.089884146737555730e-04
1.890000000000000000e+02 9.891442537385349996e-05
1.900000000000000000e+02 9.912495055080701998e-05
1.910000000000000000e+02 9.317608230048790737e-05
1.920000000000000000e+02 9.322805097326636152e-05
1.930000000000000000e+02 9.843605240651717258e-05
1.940000000000000000e+02 1.018076210554378676e-04
1.950000000000000000e+02 1.122895765972013222e-04
1.960000000000000000e+02 1.012299663852900310e-04
1.970000000000000000e+02 1.177709037438034995e-04
1.980000000000000000e+02 1.158318936359137313e-04
1.990000000000000000e+02 9.730046818731352362e-05
2.000000000000000000e+02 1.011801161803305100e-04
2.010000000000000000e+02 9.203850553603843451e-05
2.020000000000000000e+02 9.273754578316584392e-05
2.030000000000000000e+02 9.527213231194764484e-05
2.040000000000000000e+02 9.399392632379507386e-05
2.050000000000000000e+02 9.156730472265432188e-05
2.060000000000000000e+02 9.363138999712343415e-05
2.070000000000000000e+02 9.258303170402844512e-05
2.080000000000000000e+02 9.235985577106475776e-05
2.090000000000000000e+02 9.167261266460021752e-05
2.100000000000000000e+02 9.514080088896056540e-05
2.110000000000000000e+02 9.302079939516261437e-05
2.120000000000000000e+02 1.097705434464539087e-04
2.130000000000000000e+02 1.186400604395506243e-04
2.140000000000000000e+02 8.911699522286653898e-05
2.150000000000000000e+02 9.789478470338508324e-05
2.160000000000000000e+02 9.792398884504412756e-05
2.170000000000000000e+02 8.563115251793836319e-05
2.180000000000000000e+02 8.855743139671782671e-05
2.190000000000000000e+02 8.916474287010108847e-05
2.200000000000000000e+02 1.009047199234676910e-04
2.210000000000000000e+02 9.797087404876947674e-05
2.220000000000000000e+02 1.012945562251843566e-04
2.230000000000000000e+02 9.285675371453786474e-05
2.240000000000000000e+02 8.798593839552874113e-05
2.250000000000000000e+02 9.066263495090727553e-05
2.260000000000000000e+02 8.647276166205605233e-05
2.270000000000000000e+02 8.919350744690746286e-05
2.280000000000000000e+02 8.743925990226367911e-05
2.290000000000000000e+02 8.214500975251819040e-05
2.300000000000000000e+02 1.157762416793654418e-04
2.310000000000000000e+02 1.088634793025751863e-04
2.320000000000000000e+02 1.003704105581467408e-04
2.330000000000000000e+02 8.880015559649715676e-05
2.340000000000000000e+02 8.415195867807293570e-05
2.350000000000000000e+02 9.265525043398763411e-05
2.360000000000000000e+02 1.172981350100599224e-04
2.370000000000000000e+02 7.986468951761101014e-05
2.380000000000000000e+02 8.545776285851995710e-05
2.390000000000000000e+02 9.688267988773683346e-05
2.400000000000000000e+02 8.320605159193898909e-05
2.410000000000000000e+02 8.070687472354620966e-05
2.420000000000000000e+02 8.428902171241740566e-05
2.430000000000000000e+02 8.597149018896744089e-05
2.440000000000000000e+02 8.461614411013821508e-05
2.450000000000000000e+02 9.376760077429935282e-05
2.460000000000000000e+02 8.688445270915205678e-05
2.470000000000000000e+02 8.660964561083043199e-05
2.480000000000000000e+02 7.853792223613709103e-05
2.490000000000000000e+02 8.392716544525077253e-05
2.500000000000000000e+02 8.176779238662371455e-05
2.510000000000000000e+02 7.944422570290044113e-05
2.520000000000000000e+02 8.157831509985650977e-05
2.530000000000000000e+02 7.847819710150360573e-05
2.540000000000000000e+02 7.805211188194032131e-05
2.550000000000000000e+02 8.122275835679222851e-05
2.560000000000000000e+02 8.804240555036813075e-05
2.570000000000000000e+02 8.467637958043876354e-05
2.580000000000000000e+02 7.877691464576249574e-05
2.590000000000000000e+02 8.027041330933570591e-05
2.600000000000000000e+02 8.091136104970549851e-05
2.610000000000000000e+02 8.006659190868958560e-05
2.620000000000000000e+02 7.909065160977964636e-05
2.630000000000000000e+02 8.079755352810024673e-05
2.640000000000000000e+02 8.636041321248436389e-05
2.650000000000000000e+02 9.310016263043507879e-05
2.660000000000000000e+02 7.939084985991940119e-05
2.670000000000000000e+02 7.807191849375764601e-05
2.680000000000000000e+02 8.055481875392918551e-05
2.690000000000000000e+02 7.942813429205368631e-05
2.700000000000000000e+02 7.871967885876073945e-05
2.710000000000000000e+02 8.484655011367673260e-05
2.720000000000000000e+02 8.869593604079758326e-05
2.730000000000000000e+02 7.741366852618132522e-05
2.740000000000000000e+02 7.568677751502643589e-05
2.750000000000000000e+02 8.567357241796950138e-05
2.760000000000000000e+02 7.771194214001297951e-05
2.770000000000000000e+02 8.828054366555685708e-05
2.780000000000000000e+02 7.749426440568640557e-05
2.790000000000000000e+02 7.216927129775285125e-05
2.800000000000000000e+02 7.490699751845870740e-05
2.810000000000000000e+02 9.219402738381177621e-05
2.820000000000000000e+02 7.619665576688324610e-05
2.830000000000000000e+02 7.391871205375839652e-05
2.840000000000000000e+02 7.320217293454333489e-05
2.850000000000000000e+02 7.192779962982360955e-05
2.860000000000000000e+02 7.796850744246815461e-05
2.870000000000000000e+02 7.533084174307683688e-05
2.880000000000000000e+02 7.986171190471699364e-05
2.890000000000000000e+02 8.328329199381794099e-05
2.900000000000000000e+02 7.560263717702279940e-05
2.910000000000000000e+02 7.323929302704831272e-05
2.920000000000000000e+02 7.012206008463787120e-05
2.930000000000000000e+02 7.195715608152871258e-05
2.940000000000000000e+02 7.386466138996183710e-05
2.950000000000000000e+02 7.426245943255101894e-05
2.960000000000000000e+02 7.511713241304581183e-05
2.970000000000000000e+02 8.237869022802138852e-05
2.980000000000000000e+02 7.204412928937623266e-05
2.990000000000000000e+02 7.575396234945704522e-05
3.000000000000000000e+02 7.251427023826788375e-05
3.010000000000000000e+02 7.454493762149164767e-05
3.020000000000000000e+02 7.116796303307637139e-05
3.030000000000000000e+02 7.674297851432736390e-05
3.040000000000000000e+02 7.881844717000300162e-05
3.050000000000000000e+02 7.573339884402230436e-05
3.060000000000000000e+02 7.278769762100030744e-05
3.070000000000000000e+02 7.314240540533016794e-05
3.080000000000000000e+02 7.215497442909206297e-05
3.090000000000000000e+02 7.139815677267810125e-05
3.100000000000000000e+02 6.860773088798547152e-05
3.110000000000000000e+02 8.074332232354209315e-05
3.120000000000000000e+02 6.947110077211012479e-05
3.130000000000000000e+02 7.276484131580219106e-05
3.140000000000000000e+02 7.999617067980580357e-05
3.150000000000000000e+02 8.066628137991452958e-05
3.160000000000000000e+02 6.732268152215207092e-05
3.170000000000000000e+02 6.788241735193878683e-05
3.180000000000000000e+02 7.653903914615511515e-05
3.190000000000000000e+02 7.911036285804584948e-05
3.200000000000000000e+02 7.057398674078286290e-05
3.210000000000000000e+02 6.575017488406350143e-05
3.220000000000000000e+02 6.692571022237341224e-05
3.230000000000000000e+02 7.261384346444781296e-05
3.240000000000000000e+02 7.018806374010940863e-05
3.250000000000000000e+02 7.280972572819639679e-05
3.260000000000000000e+02 6.813522437975431663e-05
3.270000000000000000e+02 6.729330683204655394e-05
3.280000000000000000e+02 6.855842453660442829e-05
3.290000000000000000e+02 6.942380142087737683e-05
3.300000000000000000e+02 7.210321268454815240e-05
3.310000000000000000e+02 7.741418696241453182e-05
3.320000000000000000e+02 8.119524514768272313e-05
3.330000000000000000e+02 6.766952225007117011e-05
3.340000000000000000e+02 6.671640750331183202e-05
3.350000000000000000e+02 6.361542871066679973e-05
3.360000000000000000e+02 8.458425339388972160e-05
3.370000000000000000e+02 7.415222401808326262e-05
3.380000000000000000e+02 6.887204818970834143e-05
3.390000000000000000e+02 6.477258129355808406e-05
3.400000000000000000e+02 6.576733556964124315e-05
3.410000000000000000e+02 6.841765406231085532e-05
3.420000000000000000e+02 6.420926772989333055e-05
3.430000000000000000e+02 6.865237238040814490e-05
3.440000000000000000e+02 7.643450294078017564e-05
3.450000000000000000e+02 6.455458002164959853e-05
3.460000000000000000e+02 6.743663805536926443e-05
3.470000000000000000e+02 6.436638243030756875e-05
3.480000000000000000e+02 6.394997210009023710e-05
3.490000000000000000e+02 8.003312182457496162e-05
3.500000000000000000e+02 6.632696187201266415e-05
3.510000000000000000e+02 6.768927996745333618e-05
3.520000000000000000e+02 6.926283492551495776e-05
3.530000000000000000e+02 6.751577476582799734e-05
3.540000000000000000e+02 6.378240194559718786e-05
3.550000000000000000e+02 6.477946114803974159e-05
3.560000000000000000e+02 6.474443439704676451e-05
3.570000000000000000e+02 6.575883618400742809e-05
3.580000000000000000e+02 6.417567701040146288e-05
3.590000000000000000e+02 6.555300526088103273e-05
3.600000000000000000e+02 6.619458659163986896e-05
3.610000000000000000e+02 6.353721973331024014e-05
3.620000000000000000e+02 6.508191057946532748e-05
3.630000000000000000e+02 6.310295497920985312e-05
3.640000000000000000e+02 6.307564908638595993e-05
3.650000000000000000e+02 7.064146484481170774e-05
3.660000000000000000e+02 6.593776915300016367e-05
3.670000000000000000e+02 6.340329957311042087e-05
3.680000000000000000e+02 6.262694631004706676e-05
3.690000000000000000e+02 6.249031323629121383e-05
3.700000000000000000e+02 6.304657358365754576e-05
3.710000000000000000e+02 6.330387298172960263e-05
3.720000000000000000e+02 6.457402564895649191e-05
3.730000000000000000e+02 6.133762416235791941e-05
3.740000000000000000e+02 6.324005031880612626e-05
3.750000000000000000e+02 7.198143546702340354e-05
3.760000000000000000e+02 6.156104025042926687e-05
3.770000000000000000e+02 6.575275387149303935e-05
3.780000000000000000e+02 6.038811877563906222e-05
3.790000000000000000e+02 6.707237645362814195e-05
3.800000000000000000e+02 6.165659967033813307e-05
3.810000000000000000e+02 6.651302421232685067e-05
3.820000000000000000e+02 6.629548501223325784e-05
3.830000000000000000e+02 6.199273309903218909e-05
3.840000000000000000e+02 6.358923545728126692e-05
3.850000000000000000e+02 6.359690994334717194e-05
3.860000000000000000e+02 5.992057214219433494e-05
3.870000000000000000e+02 6.287541638206069054e-05
3.880000000000000000e+02 6.089599832193926166e-05
3.890000000000000000e+02 6.332701159408315474e-05
3.900000000000000000e+02 6.342913581950900600e-05
3.910000000000000000e+02 7.162071754767870000e-05
3.920000000000000000e+02 6.410311267245561372e-05
3.930000000000000000e+02 5.998120866327857122e-05
3.940000000000000000e+02 5.959421871618057553e-05
3.950000000000000000e+02 6.339800738108655124e-05
3.960000000000000000e+02 6.268829252803698399e-05
3.970000000000000000e+02 6.217190365229422649e-05
3.980000000000000000e+02 6.473874207586050684e-05
3.990000000000000000e+02 6.005373633039804462e-05
4.000000000000000000e+02 6.089538219384848800e-05
4.010000000000000000e+02 6.073291297070682049e-05
4.020000000000000000e+02 6.563996779732406465e-05
4.030000000000000000e+02 6.070726279479762144e-05
4.040000000000000000e+02 5.981675130897201733e-05
4.050000000000000000e+02 6.058558685860286147e-05
4.060000000000000000e+02 5.956463641875112797e-05
4.070000000000000000e+02 6.277334003243595470e-05
4.080000000000000000e+02 6.076614876898626640e-05
4.090000000000000000e+02 6.000008686290432883e-05
4.100000000000000000e+02 6.016388700421278901e-05
4.110000000000000000e+02 6.577159462419027722e-05
4.120000000000000000e+02 6.050394018529914130e-05
4.130000000000000000e+02 5.906774943772082753e-05
4.140000000000000000e+02 5.900766186338538672e-05
4.150000000000000000e+02 5.889483257002818079e-05
4.160000000000000000e+02 6.092754328468193918e-05
4.170000000000000000e+02 6.000448590687786819e-05
4.180000000000000000e+02 5.820759717607870861e-05
4.190000000000000000e+02 5.894128951088835669e-05
4.200000000000000000e+02 5.789744910240794321e-05
4.210000000000000000e+02 6.209399813087656498e-05
4.220000000000000000e+02 6.187001514869431293e-05
4.230000000000000000e+02 6.157635138758147503e-05
4.240000000000000000e+02 6.192376225953921730e-05
4.250000000000000000e+02 5.896520829992368492e-05
4.260000000000000000e+02 5.795754065426687445e-05
4.270000000000000000e+02 6.404199443447093187e-05
4.280000000000000000e+02 5.958047370465161755e-05
4.290000000000000000e+02 5.749830956726024431e-05
4.300000000000000000e+02 5.880804519013812045e-05
4.310000000000000000e+02 5.855140858329832771e-05
4.320000000000000000e+02 5.794685775375303888e-05
4.330000000000000000e+02 5.706908758535670403e-05
4.340000000000000000e+02 5.981950826632479790e-05
4.350000000000000000e+02 5.822291859658434987e-05
4.360000000000000000e+02 5.699064146028831682e-05
4.370000000000000000e+02 5.693892666992420834e-05
4.380000000000000000e+02 6.242743625383202668e-05
4.390000000000000000e+02 6.719080779779081525e-05
4.400000000000000000e+02 5.798684471907714723e-05
4.410000000000000000e+02 5.816763722881053785e-05
4.420000000000000000e+02 5.729010255890898569e-05
4.430000000000000000e+02 6.021945713049111493e-05
4.440000000000000000e+02 5.827228587198381388e-05
4.450000000000000000e+02 5.745018691717025954e-05
4.460000000000000000e+02 5.855494440766051601e-05
4.470000000000000000e+02 5.753665284525292742e-05
4.480000000000000000e+02 5.720139190088957846e-05
4.490000000000000000e+02 5.718481207926136680e-05
4.500000000000000000e+02 5.637024437116148725e-05
4.510000000000000000e+02 5.669538038394724609e-05
4.520000000000000000e+02 5.757751874625682777e-05
4.530000000000000000e+02 5.644189562493314165e-05
4.540000000000000000e+02 5.723781490814872005e-05
4.550000000000000000e+02 5.785361727854857806e-05
4.560000000000000000e+02 5.595583410467952680e-05
4.570000000000000000e+02 5.827656646336739244e-05
4.580000000000000000e+02 5.626415974499347354e-05
4.590000000000000000e+02 6.052174227079376524e-05
4.600000000000000000e+02 6.405543206104387984e-05
4.610000000000000000e+02 5.603418777657983402e-05
4.620000000000000000e+02 5.822757850789154425e-05
4.630000000000000000e+02 5.592755759910990560e-05
4.640000000000000000e+02 5.639922562598561392e-05
4.650000000000000000e+02 6.393468574970029837e-05
4.660000000000000000e+02 5.660476885774793742e-05
4.670000000000000000e+02 5.563978023322609790e-05
4.680000000000000000e+02 5.639612349720361350e-05
4.690000000000000000e+02 5.574438720941543742e-05
4.700000000000000000e+02 5.628775926500869222e-05
4.710000000000000000e+02 5.664163797822159763e-05
4.720000000000000000e+02 5.711217590336066882e-05
4.730000000000000000e+02 5.680221191141754091e-05
4.740000000000000000e+02 5.648677712694431254e-05
4.750000000000000000e+02 5.832122760087561869e-05
4.760000000000000000e+02 5.849543493241071945e-05
4.770000000000000000e+02 5.793698631653872584e-05
4.780000000000000000e+02 5.663156281419408746e-05
4.790000000000000000e+02 5.581740779841008250e-05
4.800000000000000000e+02 5.643886014392288824e-05
4.810000000000000000e+02 5.713947228893327289e-05
4.820000000000000000e+02 5.562801981189598974e-05
4.830000000000000000e+02 5.660151529203479281e-05
4.840000000000000000e+02 5.546194835915229971e-05
4.850000000000000000e+02 5.440448983184372259e-05
4.860000000000000000e+02 5.584018043009564253e-05
4.870000000000000000e+02 5.462232341718239179e-05
4.880000000000000000e+02 5.571040053231020642e-05
4.890000000000000000e+02 5.454131052829324955e-05
4.900000000000000000e+02 5.466316652018577131e-05
4.910000000000000000e+02 5.464290637367715122e-05
4.920000000000000000e+02 5.451170126131424967e-05
4.930000000000000000e+02 5.432096489433509427e-05
4.940000000000000000e+02 5.603409682710965673e-05
4.950000000000000000e+02 5.719878230593167435e-05
4.960000000000000000e+02 5.555587932273434924e-05
4.970000000000000000e+02 5.659406888298690048e-05
4.980000000000000000e+02 5.483410093196046587e-05
4.990000000000000000e+02 5.434468650491908084e-05
5.000000000000000000e+02 5.518981667895180357e-05
5.010000000000000000e+02 5.511222804974143442e-05
5.020000000000000000e+02 5.477733298903331377e-05
5.030000000000000000e+02 5.520145636789190426e-05
5.040000000000000000e+02 5.397229683391439301e-05
5.050000000000000000e+02 5.437259717533985900e-05
5.060000000000000000e+02 5.377367973172416244e-05
5.070000000000000000e+02 5.458753439597785202e-05
5.080000000000000000e+02 5.458449168751636969e-05
5.090000000000000000e+02 5.609105496356884792e-05
5.100000000000000000e+02 5.493995549234871828e-05
5.110000000000000000e+02 5.410492192216527968e-05
5.120000000000000000e+02 5.396570767819260594e-05
5.130000000000000000e+02 5.496931461190494335e-05
5.140000000000000000e+02 5.369302006632399821e-05
5.150000000000000000e+02 5.374450231708275766e-05
5.160000000000000000e+02 5.383455053864357679e-05
5.170000000000000000e+02 5.372065997410876363e-05
5.180000000000000000e+02 5.417444146587513414e-05
5.190000000000000000e+02 5.497597584811349881e-05
5.200000000000000000e+02 5.436232444480993179e-05
5.210000000000000000e+02 5.476497773391505010e-05
5.220000000000000000e+02 5.909977568080648997e-05
5.230000000000000000e+02 5.435708536727664435e-05
5.240000000000000000e+02 5.384079374683400004e-05
5.250000000000000000e+02 5.437929008621722270e-05
5.260000000000000000e+02 5.441041231582251887e-05
5.270000000000000000e+02 5.509508109147039860e-05
5.280000000000000000e+02 5.377259760280139771e-05
5.290000000000000000e+02 5.373545835027471293e-05
5.300000000000000000e+02 5.290694757907961923e-05
5.310000000000000000e+02 5.574154783971607685e-05
5.320000000000000000e+02 5.324243504825669292e-05
5.330000000000000000e+02 5.423261512381334783e-05
5.340000000000000000e+02 5.356525095218482027e-05
5.350000000000000000e+02 5.322930403053760420e-05
5.360000000000000000e+02 5.487250552202264513e-05
5.370000000000000000e+02 5.311647774457621042e-05
5.380000000000000000e+02 5.492088084186737772e-05
5.390000000000000000e+02 5.297556330333464173e-05
5.400000000000000000e+02 5.300711971358395815e-05
5.410000000000000000e+02 5.388717749156058024e-05
5.420000000000000000e+02 5.309362376768452597e-05
5.430000000000000000e+02 5.325275958360483394e-05
5.440000000000000000e+02 5.409227567724883394e-05
5.450000000000000000e+02 5.435965576907619969e-05
5.460000000000000000e+02 5.337268099538050538e-05
5.470000000000000000e+02 5.510760078323074010e-05
5.480000000000000000e+02 5.345492507331073257e-05
5.490000000000000000e+02 5.294583446811884696e-05
5.500000000000000000e+02 5.266055367731799718e-05
5.510000000000000000e+02 5.257352371700108106e-05
5.520000000000000000e+02 5.479078977562797548e-05
5.530000000000000000e+02 5.302722580381669050e-05
5.540000000000000000e+02 5.400328702914217828e-05
5.550000000000000000e+02 5.222285486524924311e-05
5.560000000000000000e+02 5.268293714228396894e-05
5.570000000000000000e+02 5.380031458723048550e-05
5.580000000000000000e+02 5.296122995787299844e-05
5.590000000000000000e+02 5.323493989029278421e-05
5.600000000000000000e+02 5.293671638355590674e-05
5.610000000000000000e+02 5.263591835197682092e-05
5.620000000000000000e+02 5.319044202527341644e-05
5.630000000000000000e+02 5.256150160372878187e-05
5.640000000000000000e+02 5.350056172270948381e-05
5.650000000000000000e+02 5.245029310268970981e-05
5.660000000000000000e+02 5.276065111199083093e-05
5.670000000000000000e+02 5.250234195652107578e-05
5.680000000000000000e+02 5.204356639296747609e-05
5.690000000000000000e+02 5.230182927334680936e-05
5.700000000000000000e+02 5.208914265191803096e-05
5.710000000000000000e+02 5.266699542213852252e-05
5.720000000000000000e+02 5.274396079281965964e-05
5.730000000000000000e+02 5.392510172290106759e-05
5.740000000000000000e+02 5.268537303588042566e-05
5.750000000000000000e+02 5.323523752546558552e-05
5.760000000000000000e+02 5.317392759025096866e-05
5.770000000000000000e+02 5.231478896651727467e-05
5.780000000000000000e+02 5.246743875128837724e-05
5.790000000000000000e+02 5.207882854544247208e-05
5.800000000000000000e+02 5.170302237578047126e-05
5.810000000000000000e+02 5.254164900785932658e-05
5.820000000000000000e+02 5.190801248924496102e-05
5.830000000000000000e+02 5.177917356680457854e-05
5.840000000000000000e+02 5.189410619398889316e-05
5.850000000000000000e+02 5.299330984901947424e-05
5.860000000000000000e+02 5.411278893006965572e-05
5.870000000000000000e+02 5.251323231883967934e-05
5.880000000000000000e+02 5.461063531887096483e-05
5.890000000000000000e+02 5.273977275161693159e-05
5.900000000000000000e+02 5.223709561202364383e-05
5.910000000000000000e+02 5.155028033186681623e-05
5.920000000000000000e+02 5.161019236159821686e-05
5.930000000000000000e+02 5.167381013355528351e-05
5.940000000000000000e+02 5.230937643015446618e-05
5.950000000000000000e+02 5.134373626788146713e-05
5.960000000000000000e+02 5.295189941534772271e-05
5.970000000000000000e+02 5.154878536510902110e-05
5.980000000000000000e+02 5.144444580461519207e-05
5.990000000000000000e+02 5.159183308326949820e-05
6.000000000000000000e+02 5.328763135670063703e-05
6.010000000000000000e+02 5.317137203140494652e-05
6.020000000000000000e+02 5.158424522960558317e-05
6.030000000000000000e+02 5.200343230778041085e-05
6.040000000000000000e+02 5.187013744337794392e-05
6.050000000000000000e+02 5.225348169915377985e-05
6.060000000000000000e+02 5.130446559633128047e-05
6.070000000000000000e+02 5.182998681751390172e-05
6.080000000000000000e+02 5.168754864522877128e-05
6.090000000000000000e+02 5.242617048982841391e-05
6.100000000000000000e+02 5.126912394189275964e-05
6.110000000000000000e+02 5.135147973002555786e-05
6.120000000000000000e+02 5.196539782142887666e-05
6.130000000000000000e+02 5.156657561504592399e-05
6.140000000000000000e+02 5.206757380316654968e-05
6.150000000000000000e+02 5.145383557343545159e-05
6.160000000000000000e+02 5.128011063789017661e-05
6.170000000000000000e+02 5.110010126372799575e-05
6.180000000000000000e+02 5.207977247967695260e-05
6.190000000000000000e+02 5.101105528107534114e-05
6.200000000000000000e+02 5.118209732851634577e-05
6.210000000000000000e+02 5.215973433223552866e-05
6.220000000000000000e+02 5.119188649890323462e-05
6.230000000000000000e+02 5.137749729328788790e-05
6.240000000000000000e+02 5.133767195123557954e-05
6.250000000000000000e+02 5.108242767164483937e-05
6.260000000000000000e+02 5.146711759152822386e-05
6.270000000000000000e+02 5.380792640304814071e-05
6.280000000000000000e+02 5.248778426903299743e-05
6.290000000000000000e+02 5.135864130958604144e-05
6.300000000000000000e+02 5.088038082855442907e-05
6.310000000000000000e+02 5.101682036183774742e-05
6.320000000000000000e+02 5.159253375798774271e-05
6.330000000000000000e+02 5.173292234151934837e-05
6.340000000000000000e+02 5.101812062396978185e-05
6.350000000000000000e+02 5.164231163992856894e-05
6.360000000000000000e+02 5.122133394858489344e-05
6.370000000000000000e+02 5.177656115847639658e-05
6.380000000000000000e+02 5.149634564683462309e-05
6.390000000000000000e+02 5.164148033751795924e-05
6.400000000000000000e+02 5.094292243787397679e-05
6.410000000000000000e+02 5.145673305378295508e-05
6.420000000000000000e+02 5.105492974204632107e-05
6.430000000000000000e+02 5.170396412722766210e-05
6.440000000000000000e+02 5.072727003910888939e-05
6.450000000000000000e+02 5.054963713822265394e-05
6.460000000000000000e+02 5.113677504899290710e-05
6.470000000000000000e+02 5.059146758867427951e-05
6.480000000000000000e+02 5.119898579626654377e-05
6.490000000000000000e+02 5.111840422614477900e-05
6.500000000000000000e+02 5.053274629365963195e-05
6.510000000000000000e+02 5.047283373035800692e-05
6.520000000000000000e+02 5.126789527518364092e-05
6.530000000000000000e+02 5.169510899577289603e-05
6.540000000000000000e+02 5.135252281130912286e-05
6.550000000000000000e+02 5.165801563028556452e-05
6.560000000000000000e+02 5.112467105694425910e-05
6.570000000000000000e+02 5.056829191744327626e-05
6.580000000000000000e+02 5.037262744735926525e-05
6.590000000000000000e+02 5.050145531034407742e-05
6.600000000000000000e+02 5.084664667568479686e-05
6.610000000000000000e+02 5.126438462563479741e-05
6.620000000000000000e+02 5.138066660341185973e-05
6.630000000000000000e+02 5.037939976318739680e-05
6.640000000000000000e+02 5.106028280958222620e-05
6.650000000000000000e+02 5.056671609054319588e-05
6.660000000000000000e+02 5.106908405044426611e-05
6.670000000000000000e+02 5.182611169099497560e-05
6.680000000000000000e+02 5.038729825173504678e-05
6.690000000000000000e+02 5.155519858817569939e-05
6.700000000000000000e+02 5.090632209127458750e-05
6.710000000000000000e+02 5.038168688770383813e-05
6.720000000000000000e+02 5.066020501544698775e-05
6.730000000000000000e+02 5.040131058194674470e-05
6.740000000000000000e+02 5.136189982295036153e-05
6.750000000000000000e+02 5.068890362357099535e-05
6.760000000000000000e+02 5.134325241670012393e-05
6.770000000000000000e+02 5.036940647793623543e-05
6.780000000000000000e+02 5.082319466358361045e-05
6.790000000000000000e+02 5.155790262506343207e-05
6.800000000000000000e+02 5.095070785804030886e-05
6.810000000000000000e+02 5.044628017155142977e-05
6.820000000000000000e+02 5.093298925203271373e-05
6.830000000000000000e+02 5.030214762276348761e-05
6.840000000000000000e+02 5.113900871947407614e-05
6.850000000000000000e+02 5.057888265582732992e-05
6.860000000000000000e+02 5.157658505292298694e-05
6.870000000000000000e+02 5.079744795997006369e-05
6.880000000000000000e+02 5.056285789275231533e-05
6.890000000000000000e+02 5.081383094269161703e-05
6.900000000000000000e+02 5.065363967635979183e-05
6.910000000000000000e+02 5.056073457429495689e-05
6.920000000000000000e+02 5.021850738557986644e-05
6.930000000000000000e+02 5.005273633287288384e-05
6.940000000000000000e+02 5.019582613992194434e-05
6.950000000000000000e+02 5.019943127990700169e-05
6.960000000000000000e+02 5.021680568461306203e-05
6.970000000000000000e+02 5.057342015788890720e-05
6.980000000000000000e+02 5.047986410014952241e-05
6.990000000000000000e+02 5.032383133463250787e-05
7.000000000000000000e+02 5.012334838587169990e-05
7.010000000000000000e+02 5.027356790378689468e-05
7.020000000000000000e+02 5.022238828435850405e-05
7.030000000000000000e+02 5.037908374409501896e-05
7.040000000000000000e+02 4.996477369180259858e-05
7.050000000000000000e+02 4.983460191094006011e-05
7.060000000000000000e+02 5.018893532299747350e-05
7.070000000000000000e+02 4.986873415570396004e-05
7.080000000000000000e+02 5.046843614157599852e-05
7.090000000000000000e+02 4.991379532536181058e-05
7.100000000000000000e+02 5.012979231347950814e-05
7.110000000000000000e+02 5.014325821927438360e-05
7.120000000000000000e+02 4.994164269495134399e-05
7.130000000000000000e+02 5.017750556968773531e-05
7.140000000000000000e+02 5.008326130337081524e-05
7.150000000000000000e+02 5.012178982724435519e-05
7.160000000000000000e+02 4.999618443738048230e-05
7.170000000000000000e+02 4.995753362891264016e-05
7.180000000000000000e+02 5.038978939410299009e-05
7.190000000000000000e+02 4.992132977349683859e-05
7.200000000000000000e+02 5.003781455646579148e-05
7.210000000000000000e+02 4.984726649126969034e-05
7.220000000000000000e+02 4.984610524843446937e-05
7.230000000000000000e+02 4.980151085571075389e-05
7.240000000000000000e+02 4.992069540700565098e-05
7.250000000000000000e+02 4.978896045940928242e-05
7.260000000000000000e+02 4.995301123320435656e-05
7.270000000000000000e+02 5.017101172901069134e-05
7.280000000000000000e+02 4.991846755729057193e-05
7.290000000000000000e+02 4.988217706947276682e-05
7.300000000000000000e+02 5.040171245733896855e-05
7.310000000000000000e+02 5.007969370732704816e-05
7.320000000000000000e+02 5.002391529463541824e-05
7.330000000000000000e+02 5.012587750873838735e-05
7.340000000000000000e+02 4.992129761376418444e-05
7.350000000000000000e+02 5.001267835420245591e-05
7.360000000000000000e+02 4.970429906582770257e-05
7.370000000000000000e+02 4.993660976955046293e-05
7.380000000000000000e+02 4.992713909208153965e-05
7.390000000000000000e+02 5.008417070105982441e-05
7.400000000000000000e+02 5.039313643161828500e-05
7.410000000000000000e+02 4.975263839393543962e-05
7.420000000000000000e+02 4.967035943991504420e-05
7.430000000000000000e+02 4.976538155460730168e-05
7.440000000000000000e+02 4.995151068821239101e-05
7.450000000000000000e+02 5.085401348575639382e-05
7.460000000000000000e+02 4.991063363074014304e-05
7.470000000000000000e+02 4.975820789695717069e-05
7.480000000000000000e+02 4.971588015905581442e-05
7.490000000000000000e+02 5.015900790264519814e-05
7.500000000000000000e+02 4.956596962680729609e-05
7.510000000000000000e+02 4.961999943285869802e-05
7.520000000000000000e+02 5.004895749152637910e-05
7.530000000000000000e+02 4.982392090217520938e-05
7.540000000000000000e+02 5.001084088386657654e-05
7.550000000000000000e+02 4.984044620262769316e-05
7.560000000000000000e+02 4.960309442443152305e-05
7.570000000000000000e+02 4.950794803638321477e-05
7.580000000000000000e+02 4.945844140214224720e-05
7.590000000000000000e+02 4.957901241141371483e-05
7.600000000000000000e+02 4.962245642673224536e-05
7.610000000000000000e+02 4.969726845350426751e-05
7.620000000000000000e+02 4.959411841506759371e-05
7.630000000000000000e+02 4.955300314274306252e-05
7.640000000000000000e+02 4.961778467986732992e-05
7.650000000000000000e+02 4.964834219814899085e-05
7.660000000000000000e+02 4.954264673870056542e-05
7.670000000000000000e+02 4.941518059543644641e-05
7.680000000000000000e+02 4.948229737541017659e-05
7.690000000000000000e+02 4.951935135371362504e-05
7.700000000000000000e+02 4.949318288709036843e-05
7.710000000000000000e+02 4.965106694726273201e-05
7.720000000000000000e+02 4.937158407604632287e-05
7.730000000000000000e+02 4.941609183636804160e-05
7.740000000000000000e+02 4.941882943967357413e-05
7.750000000000000000e+02 4.948998161125928353e-05
7.760000000000000000e+02 4.941367267747409615e-05
7.770000000000000000e+02 4.950358619680628235e-05
7.780000000000000000e+02 4.936103995229738120e-05
7.790000000000000000e+02 4.957915424408080614e-05
7.800000000000000000e+02 4.936815884623987151e-05
7.810000000000000000e+02 4.984369195881299918e-05
7.820000000000000000e+02 4.958940184830377382e-05
7.830000000000000000e+02 4.939197242492809892e-05
7.840000000000000000e+02 4.929498565616086288e-05
7.850000000000000000e+02 4.931071913839939056e-05
7.860000000000000000e+02 4.972351385125269745e-05
7.870000000000000000e+02 4.930088029747518554e-05
7.880000000000000000e+02 4.930283680247763540e-05
7.890000000000000000e+02 4.982755150801191637e-05
7.900000000000000000e+02 4.980310792840706715e-05
7.910000000000000000e+02 4.933637498955553057e-05
7.920000000000000000e+02 4.937585773101697058e-05
7.930000000000000000e+02 4.935709914813439313e-05
7.940000000000000000e+02 5.009577405871823267e-05
7.950000000000000000e+02 4.998711350102287847e-05
7.960000000000000000e+02 4.924994151224382167e-05
7.970000000000000000e+02 4.922933420554423991e-05
7.980000000000000000e+02 4.954190764692612291e-05
7.990000000000000000e+02 4.912552690560308713e-05
8.000000000000000000e+02 4.946361703332513408e-05
8.010000000000000000e+02 4.939737763682690796e-05
8.020000000000000000e+02 4.938594875663208429e-05
8.030000000000000000e+02 4.932518107428525840e-05
8.040000000000000000e+02 4.928533206111751470e-05
8.050000000000000000e+02 4.959933265733221968e-05
8.060000000000000000e+02 4.942740323410058952e-05
8.070000000000000000e+02 4.921774559382659432e-05
8.080000000000000000e+02 4.919123054908899250e-05
8.090000000000000000e+02 4.930063480666528136e-05
8.100000000000000000e+02 4.928325763709532844e-05
8.110000000000000000e+02 4.929228317147741814e-05
8.120000000000000000e+02 4.925641599887361084e-05
8.130000000000000000e+02 4.939860188945506883e-05
8.140000000000000000e+02 4.932294153453161409e-05
8.150000000000000000e+02 4.933686383689443451e-05
8.160000000000000000e+02 4.926971460614974535e-05
8.170000000000000000e+02 4.926913180194484519e-05
8.180000000000000000e+02 4.914367896465895059e-05
8.190000000000000000e+02 4.914320898630345554e-05
8.200000000000000000e+02 4.956395214928003342e-05
8.210000000000000000e+02 4.917809293450166981e-05
8.220000000000000000e+02 4.910055349076477090e-05
8.230000000000000000e+02 4.900955177921181041e-05
8.240000000000000000e+02 4.947123350575565994e-05
8.250000000000000000e+02 4.905474799064298399e-05
8.260000000000000000e+02 4.915489548390420928e-05
8.270000000000000000e+02 4.928099563888584664e-05
8.280000000000000000e+02 4.903496538948578473e-05
8.290000000000000000e+02 4.915730338931704335e-05
8.300000000000000000e+02 4.920228423240283980e-05
8.310000000000000000e+02 4.903283173916861469e-05
8.320000000000000000e+02 4.919834939452509076e-05
8.330000000000000000e+02 4.914158392542351963e-05
8.340000000000000000e+02 4.904966340594303816e-05
8.350000000000000000e+02 4.919124553756167473e-05
8.360000000000000000e+02 4.924596922743755290e-05
8.370000000000000000e+02 4.918514712092776967e-05
8.380000000000000000e+02 4.917298011908618176e-05
8.390000000000000000e+02 4.933628593183433134e-05
8.400000000000000000e+02 4.902869957732036818e-05
8.410000000000000000e+02 4.930513498644965381e-05
8.420000000000000000e+02 4.905082261151013203e-05
8.430000000000000000e+02 4.913316190747233855e-05
8.440000000000000000e+02 4.899460390637008024e-05
8.450000000000000000e+02 4.903483660503601233e-05
8.460000000000000000e+02 4.926334833726286915e-05
8.470000000000000000e+02 4.920113186623590625e-05
8.480000000000000000e+02 4.905802905947590533e-05
8.490000000000000000e+02 4.933134478051215681e-05
8.500000000000000000e+02 4.895600320499700814e-05
8.510000000000000000e+02 4.936083748665017395e-05
8.520000000000000000e+02 4.894550647198532919e-05
8.530000000000000000e+02 4.901905869094965557e-05
8.540000000000000000e+02 4.912430730958779689e-05
8.550000000000000000e+02 4.900205972565648438e-05
8.560000000000000000e+02 4.897102024794245832e-05
8.570000000000000000e+02 4.901737435526835738e-05
8.580000000000000000e+02 4.901760694338008490e-05
8.590000000000000000e+02 4.903458218905143548e-05
8.600000000000000000e+02 4.922540111389631990e-05
8.610000000000000000e+02 4.894653538940474120e-05
8.620000000000000000e+02 4.901159103610553037e-05
8.630000000000000000e+02 4.903107478943032369e-05
8.640000000000000000e+02 4.896754791843704906e-05
8.650000000000000000e+02 4.905153211439028545e-05
8.660000000000000000e+02 4.899541110110779396e-05
8.670000000000000000e+02 4.894621073617600230e-05
8.680000000000000000e+02 4.906414794580389929e-05
8.690000000000000000e+02 4.906036910445740133e-05
8.700000000000000000e+02 4.895281235803849860e-05
8.710000000000000000e+02 4.894930122342581595e-05
8.720000000000000000e+02 4.904223475023172742e-05
8.730000000000000000e+02 4.894763745445137042e-05
8.740000000000000000e+02 4.900780671353762574e-05
8.750000000000000000e+02 4.890971395070664856e-05
8.760000000000000000e+02 4.894721690410127197e-05
8.770000000000000000e+02 4.890809635980986113e-05
8.780000000000000000e+02 4.916380993866672290e-05
8.790000000000000000e+02 4.887463335762731704e-05
8.800000000000000000e+02 4.900086481939069981e-05
8.810000000000000000e+02 4.898207281560947832e-05
8.820000000000000000e+02 4.893783392617478750e-05
8.830000000000000000e+02 4.890041188142883462e-05
8.840000000000000000e+02 4.888505301399466684e-05
8.850000000000000000e+02 4.890480161217661915e-05
8.860000000000000000e+02 4.890535705878089161e-05
8.870000000000000000e+02 4.917863188893534379e-05
8.880000000000000000e+02 4.884453470973918880e-05
8.890000000000000000e+02 4.904187410526598620e-05
8.900000000000000000e+02 4.888667230261489803e-05
8.910000000000000000e+02 4.908485536968025059e-05
8.920000000000000000e+02 4.894209322325574792e-05
8.930000000000000000e+02 4.888147435849532268e-05
8.940000000000000000e+02 4.883606374884645027e-05
8.950000000000000000e+02 4.883937421254813996e-05
8.960000000000000000e+02 4.884991125436499498e-05
8.970000000000000000e+02 4.885749721627993195e-05
8.980000000000000000e+02 4.890418349532410367e-05
8.990000000000000000e+02 4.895393047869826564e-05
9.000000000000000000e+02 4.890274596012507803e-05
9.010000000000000000e+02 4.886984529245334521e-05
9.020000000000000000e+02 4.878529827692545842e-05
9.030000000000000000e+02 4.893345113183992704e-05
9.040000000000000000e+02 4.892335840850136957e-05
9.050000000000000000e+02 4.881679453925850482e-05
9.060000000000000000e+02 4.887737358027758634e-05
9.070000000000000000e+02 4.893220631250490673e-05
9.080000000000000000e+02 4.879762137231106794e-05
9.090000000000000000e+02 4.879400939292585028e-05
9.100000000000000000e+02 4.879007125661397748e-05
9.110000000000000000e+02 4.886702862374174170e-05
9.120000000000000000e+02 4.909577633952722035e-05
9.130000000000000000e+02 4.887698174570686925e-05
9.140000000000000000e+02 4.885574084861825063e-05
9.150000000000000000e+02 4.880684709254031145e-05
9.160000000000000000e+02 4.882187839636268516e-05
9.170000000000000000e+02 4.878644647154336048e-05
9.180000000000000000e+02 4.879157825295502796e-05
9.190000000000000000e+02 4.879486936260946285e-05
9.200000000000000000e+02 4.892469771827260373e-05
9.210000000000000000e+02 4.879496977082453722e-05
9.220000000000000000e+02 4.880347357053930335e-05
9.230000000000000000e+02 4.885194585464584430e-05
9.240000000000000000e+02 4.884654942240255891e-05
9.250000000000000000e+02 4.880101274466142140e-05
9.260000000000000000e+02 4.893220417822400910e-05
9.270000000000000000e+02 4.879842274628269167e-05
9.280000000000000000e+02 4.887076104447866199e-05
9.290000000000000000e+02 4.874512354338852023e-05
9.300000000000000000e+02 4.881292450590990321e-05
9.310000000000000000e+02 4.883201555154907171e-05
9.320000000000000000e+02 4.880670821876265380e-05
9.330000000000000000e+02 4.878282930197504777e-05
9.340000000000000000e+02 4.882943084036620756e-05
9.350000000000000000e+02 4.879733305036400791e-05
9.360000000000000000e+02 4.887171157558138325e-05
9.370000000000000000e+02 4.900453447286660653e-05
9.380000000000000000e+02 4.893857510372375593e-05
9.390000000000000000e+02 4.879378859186545177e-05
9.400000000000000000e+02 4.876242703176103830e-05
9.410000000000000000e+02 4.874658208185185916e-05
9.420000000000000000e+02 4.885635168951315193e-05
9.430000000000000000e+02 4.880382393215161824e-05
9.440000000000000000e+02 4.871157788632748335e-05
9.450000000000000000e+02 4.875066908425651789e-05
9.460000000000000000e+02 4.889808173174969635e-05
9.470000000000000000e+02 4.878809408789190442e-05
9.480000000000000000e+02 4.877760186597394709e-05
9.490000000000000000e+02 4.868527743383310789e-05
9.500000000000000000e+02 4.884189067524857711e-05
9.510000000000000000e+02 4.898350215322958999e-05
9.520000000000000000e+02 4.878512777698536425e-05
9.530000000000000000e+02 4.880451980473784308e-05
9.540000000000000000e+02 4.874892702597814537e-05
9.550000000000000000e+02 4.887486128912618070e-05
9.560000000000000000e+02 4.869387616054154851e-05
9.570000000000000000e+02 4.872552613960579255e-05
9.580000000000000000e+02 4.871800808662859247e-05
9.590000000000000000e+02 4.869666906112494613e-05
9.600000000000000000e+02 4.877872503129765337e-05
9.610000000000000000e+02 4.880365847687547686e-05
9.620000000000000000e+02 4.879453495959751525e-05
9.630000000000000000e+02 4.871251769751931086e-05
9.640000000000000000e+02 4.867569072909342628e-05
9.650000000000000000e+02 4.876850260188803050e-05
9.660000000000000000e+02 4.871103092834042970e-05
9.670000000000000000e+02 4.869365763928120344e-05
9.680000000000000000e+02 4.865735133838218685e-05
9.690000000000000000e+02 4.869758723846947217e-05
9.700000000000000000e+02 4.864390328293666352e-05
9.710000000000000000e+02 4.875610019856443044e-05
9.720000000000000000e+02 4.875846779517208844e-05
9.730000000000000000e+02 4.861321120794551869e-05
9.740000000000000000e+02 4.872472234031495958e-05
9.750000000000000000e+02 4.865997965680435083e-05
9.760000000000000000e+02 4.867614547644431275e-05
9.770000000000000000e+02 4.867906575479234385e-05
9.780000000000000000e+02 4.861624838667921586e-05
9.790000000000000000e+02 4.862510249949991839e-05
9.800000000000000000e+02 4.881630884483456883e-05
9.810000000000000000e+02 4.871489324917395648e-05
9.820000000000000000e+02 4.869081472861580632e-05
9.830000000000000000e+02 4.873697626559684909e-05
9.840000000000000000e+02 4.872412605133528664e-05
9.850000000000000000e+02 4.864998200597862366e-05
9.860000000000000000e+02 4.862718158013497528e-05
9.870000000000000000e+02 4.883722096565179554e-05
9.880000000000000000e+02 4.861747176619246900e-05
9.890000000000000000e+02 4.871572644333355102e-05
9.900000000000000000e+02 4.879714028599361732e-05
9.910000000000000000e+02 4.870135181893905338e-05
9.920000000000000000e+02 4.858890174849269273e-05
9.930000000000000000e+02 4.865445356699637852e-05
9.940000000000000000e+02 4.861856946566452565e-05
9.950000000000000000e+02 4.867549680056981634e-05
9.960000000000000000e+02 4.860112584234836002e-05
9.970000000000000000e+02 4.861654679795416792e-05
9.980000000000000000e+02 4.865581970079802275e-05
9.990000000000000000e+02 4.855994377673293280e-05
1.000000000000000000e+03 4.854879021877422875e-05
1.001000000000000000e+03 4.861527083752055701e-05
1.002000000000000000e+03 4.859124402476785011e-05
1.003000000000000000e+03 4.871850188161867189e-05
1.004000000000000000e+03 4.857469718748082862e-05
1.005000000000000000e+03 4.860144147338966248e-05
1.006000000000000000e+03 4.874467000869723838e-05
1.007000000000000000e+03 4.873163964172515038e-05
1.008000000000000000e+03 4.869451765747120128e-05
1.009000000000000000e+03 4.861568760437269933e-05
1.010000000000000000e+03 4.862110533091860287e-05
1.011000000000000000e+03 4.853782957070507109e-05
1.012000000000000000e+03 4.861116787651553777e-05
1.013000000000000000e+03 4.858816794391410902e-05
1.014000000000000000e+03 4.875427432125434578e-05
1.015000000000000000e+03 4.861383087700232891e-05
1.016000000000000000e+03 4.853822339403753678e-05
1.017000000000000000e+03 4.854091253946535100e-05
1.018000000000000000e+03 4.859844460346114816e-05
1.019000000000000000e+03 4.855306062381714474e-05
1.020000000000000000e+03 4.855080420384183336e-05
1.021000000000000000e+03 4.868876989348791594e-05
1.022000000000000000e+03 4.855247161079508599e-05
1.023000000000000000e+03 4.864616794899726736e-05
1.024000000000000000e+03 4.860363483506565546e-05
1.025000000000000000e+03 4.857465687867564577e-05
1.026000000000000000e+03 4.874537339977299020e-05
1.027000000000000000e+03 4.858342178825599325e-05
1.028000000000000000e+03 4.858254440478048920e-05
1.029000000000000000e+03 4.854156043923770343e-05
1.030000000000000000e+03 4.858321233768947666e-05
1.031000000000000000e+03 4.850891942624002776e-05
1.032000000000000000e+03 4.852294732700101760e-05
1.033000000000000000e+03 4.867614717416775651e-05
1.034000000000000000e+03 4.858150927854391183e-05
1.035000000000000000e+03 4.855272345594130456e-05
1.036000000000000000e+03 4.865367906556154336e-05
1.037000000000000000e+03 4.867542913416400579e-05
1.038000000000000000e+03 4.864070714878228840e-05
1.039000000000000000e+03 4.856131936927946734e-05
1.040000000000000000e+03 4.868453606225860516e-05
1.041000000000000000e+03 4.856112248186643051e-05
1.042000000000000000e+03 4.848928166514573197e-05
1.043000000000000000e+03 4.851600926485843984e-05
1.044000000000000000e+03 4.850361893962448041e-05
1.045000000000000000e+03 4.864900193448799180e-05
1.046000000000000000e+03 4.850308924991016921e-05
1.047000000000000000e+03 4.854662950189473584e-05
1.048000000000000000e+03 4.854787587343404410e-05
1.049000000000000000e+03 4.856181680224836062e-05
1.050000000000000000e+03 4.854585417585137143e-05
1.051000000000000000e+03 4.850810626521706825e-05
1.052000000000000000e+03 4.847149126968967328e-05
1.053000000000000000e+03 4.858969919344720452e-05
1.054000000000000000e+03 4.856499275774695169e-05
1.055000000000000000e+03 4.854791327185618534e-05
1.056000000000000000e+03 4.844196970225311897e-05
1.057000000000000000e+03 4.858391427357370429e-05
1.058000000000000000e+03 4.842905264619427522e-05
1.059000000000000000e+03 4.849324095024106710e-05
1.060000000000000000e+03 4.855678717528159655e-05
1.061000000000000000e+03 4.855333211404892296e-05
1.062000000000000000e+03 4.843026026113269537e-05
1.063000000000000000e+03 4.845265633775852539e-05
1.064000000000000000e+03 4.846239006534839336e-05
1.065000000000000000e+03 4.848638680414296524e-05
1.066000000000000000e+03 4.843658437797178915e-05
1.067000000000000000e+03 4.853780201907890231e-05
1.068000000000000000e+03 4.849034633177021995e-05
1.069000000000000000e+03 4.855571843412084083e-05
1.070000000000000000e+03 4.845078433087716789e-05
1.071000000000000000e+03 4.852208095447470537e-05
1.072000000000000000e+03 4.861906132039924174e-05
1.073000000000000000e+03 4.845428183519592195e-05
1.074000000000000000e+03 4.847583923644075755e-05
1.075000000000000000e+03 4.846249445108696493e-05
1.076000000000000000e+03 4.846914147492498214e-05
1.077000000000000000e+03 4.854263281837726624e-05
1.078000000000000000e+03 4.850177720072679222e-05
1.079000000000000000e+03 4.843928152695298303e-05
1.080000000000000000e+03 4.843148218545441754e-05
1.081000000000000000e+03 4.844324619625694752e-05
1.082000000000000000e+03 4.840227028277391990e-05
1.083000000000000000e+03 4.852725095891704334e-05
1.084000000000000000e+03 4.845955253889163236e-05
1.085000000000000000e+03 4.845333984121680477e-05
1.086000000000000000e+03 4.841136707303424875e-05
1.087000000000000000e+03 4.838706479252626643e-05
1.088000000000000000e+03 4.850122393690980944e-05
1.089000000000000000e+03 4.852917777801242678e-05
1.090000000000000000e+03 4.849142739355253586e-05
1.091000000000000000e+03 4.843107250053435510e-05
1.092000000000000000e+03 4.851184256646471520e-05
1.093000000000000000e+03 4.850166932252856258e-05
1.094000000000000000e+03 4.861328183324076290e-05
1.095000000000000000e+03 4.851995889718333681e-05
1.096000000000000000e+03 4.839852471680691017e-05
1.097000000000000000e+03 4.850035198614932678e-05
1.098000000000000000e+03 4.836953560394855964e-05
1.099000000000000000e+03 4.840184541535564092e-05
1.100000000000000000e+03 4.840311249912095765e-05
1.101000000000000000e+03 4.839286620457035836e-05
1.102000000000000000e+03 4.842587130648704803e-05
1.103000000000000000e+03 4.845621607576807539e-05
1.104000000000000000e+03 4.836379943299107579e-05
1.105000000000000000e+03 4.840029204691139125e-05
1.106000000000000000e+03 4.840160438713307308e-05
1.107000000000000000e+03 4.843259957851841910e-05
1.108000000000000000e+03 4.840065230382606387e-05
1.109000000000000000e+03 4.849258878190691263e-05
1.110000000000000000e+03 4.833528311185849137e-05
1.111000000000000000e+03 4.862771379218126626e-05
1.112000000000000000e+03 4.853694447471449899e-05
1.113000000000000000e+03 4.840899059975830335e-05
1.114000000000000000e+03 4.842857675005991965e-05
1.115000000000000000e+03 4.840542504098266336e-05
1.116000000000000000e+03 4.845066214329562946e-05
1.117000000000000000e+03 4.839390327106229907e-05
1.118000000000000000e+03 4.840613823034800914e-05
1.119000000000000000e+03 4.835188088084881215e-05
1.120000000000000000e+03 4.837393678220299663e-05
1.121000000000000000e+03 4.841825895709916841e-05
1.122000000000000000e+03 4.839741212587492827e-05
1.123000000000000000e+03 4.843913668689007280e-05
1.124000000000000000e+03 4.844205002882517983e-05
1.125000000000000000e+03 4.832689102234629628e-05
1.126000000000000000e+03 4.844664921013948773e-05
1.127000000000000000e+03 4.833370107614124562e-05
1.128000000000000000e+03 4.834307338266322838e-05
1.129000000000000000e+03 4.839782399358228039e-05
1.130000000000000000e+03 4.839619587680014706e-05
1.131000000000000000e+03 4.834880227766310482e-05
1.132000000000000000e+03 4.838832280559775468e-05
1.133000000000000000e+03 4.833557589639288774e-05
1.134000000000000000e+03 4.835147250560112487e-05
1.135000000000000000e+03 4.838899219369825955e-05
1.136000000000000000e+03 4.834761542345707841e-05
1.137000000000000000e+03 4.845341138813334198e-05
1.138000000000000000e+03 4.852068033263397506e-05
1.139000000000000000e+03 4.841550743246140245e-05
1.140000000000000000e+03 4.836148790976343363e-05
1.141000000000000000e+03 4.844743481953628524e-05
1.142000000000000000e+03 4.850032991574456466e-05
1.143000000000000000e+03 4.841467385025073931e-05
1.144000000000000000e+03 4.839894356943356485e-05
1.145000000000000000e+03 4.835789213151050282e-05
1.146000000000000000e+03 4.831936360763696288e-05
1.147000000000000000e+03 4.834763846398951881e-05
1.148000000000000000e+03 4.854339010004575099e-05
1.149000000000000000e+03 4.836609305736298055e-05
1.150000000000000000e+03 4.843489693788190827e-05
1.151000000000000000e+03 4.833257645562601514e-05
1.152000000000000000e+03 4.832087472702065959e-05
1.153000000000000000e+03 4.830044272239319845e-05
1.154000000000000000e+03 4.833075775726077412e-05
1.155000000000000000e+03 4.846367286518216458e-05
1.156000000000000000e+03 4.830890388499634979e-05
1.157000000000000000e+03 4.830250696007472891e-05
1.158000000000000000e+03 4.827008990105241293e-05
1.159000000000000000e+03 4.838613570124531912e-05
1.160000000000000000e+03 4.830978674969325373e-05
1.161000000000000000e+03 4.832802122109569718e-05
1.162000000000000000e+03 4.837668243756828055e-05
1.163000000000000000e+03 4.851890776384000688e-05
1.164000000000000000e+03 4.831998749674918986e-05
1.165000000000000000e+03 4.830181210612257439e-05
1.166000000000000000e+03 4.833013915534441950e-05
1.167000000000000000e+03 4.833689449393811343e-05
1.168000000000000000e+03 4.826594585514006687e-05
1.169000000000000000e+03 4.827302055976664090e-05
1.170000000000000000e+03 4.827944222294415272e-05
1.171000000000000000e+03 4.846355751700078646e-05
1.172000000000000000e+03 4.828958078481567141e-05
1.173000000000000000e+03 4.829222903936169987e-05
1.174000000000000000e+03 4.824174262466840527e-05
1.175000000000000000e+03 4.829098562671181848e-05
1.176000000000000000e+03 4.838362379814498208e-05
1.177000000000000000e+03 4.834597813896834606e-05
1.178000000000000000e+03 4.827354360410633286e-05
1.179000000000000000e+03 4.836985477595589865e-05
1.180000000000000000e+03 4.832185838798371328e-05
1.181000000000000000e+03 4.829531467597310859e-05
1.182000000000000000e+03 4.826075596308024968e-05
1.183000000000000000e+03 4.829107356878618363e-05
1.184000000000000000e+03 4.827237513381987620e-05
1.185000000000000000e+03 4.830966441659256626e-05
1.186000000000000000e+03 4.826176547794602838e-05
1.187000000000000000e+03 4.833877663865374823e-05
1.188000000000000000e+03 4.825289705574201707e-05
1.189000000000000000e+03 4.833280758854622525e-05
1.190000000000000000e+03 4.826118902807744940e-05
1.191000000000000000e+03 4.834008359466679394e-05
1.192000000000000000e+03 4.830480480450205722e-05
1.193000000000000000e+03 4.831387418865536632e-05
1.194000000000000000e+03 4.839993474888615229e-05
1.195000000000000000e+03 4.823867212204883460e-05
1.196000000000000000e+03 4.825976284337229891e-05
1.197000000000000000e+03 4.828234867697271416e-05
1.198000000000000000e+03 4.823776461610881027e-05
1.199000000000000000e+03 4.838025401113555161e-05
1.200000000000000000e+03 4.826991518105690877e-05
1.201000000000000000e+03 4.822902779172484920e-05
1.202000000000000000e+03 4.830016250101228862e-05
1.203000000000000000e+03 4.829544748645275669e-05
1.204000000000000000e+03 4.823331114797232034e-05
1.205000000000000000e+03 4.822459348361007978e-05
1.206000000000000000e+03 4.824974593551208747e-05
1.207000000000000000e+03 4.825925488451805973e-05
1.208000000000000000e+03 4.825819002386803745e-05
1.209000000000000000e+03 4.826781572774052674e-05
1.210000000000000000e+03 4.829615495206477624e-05
1.211000000000000000e+03 4.823346219685238916e-05
1.212000000000000000e+03 4.819939063357499720e-05
1.213000000000000000e+03 4.821304925523387799e-05
1.214000000000000000e+03 4.823513207763122952e-05
1.215000000000000000e+03 4.822633195241603048e-05
1.216000000000000000e+03 4.821806942345574498e-05
1.217000000000000000e+03 4.815952803861971019e-05
1.218000000000000000e+03 4.829363582151321028e-05
1.219000000000000000e+03 4.823069282186527785e-05
1.220000000000000000e+03 4.843112255912273987e-05
1.221000000000000000e+03 4.821591045280608110e-05
1.222000000000000000e+03 4.818361659999936711e-05
1.223000000000000000e+03 4.823055011608327203e-05
1.224000000000000000e+03 4.821692908687206678e-05
1.225000000000000000e+03 4.823524897801689560e-05
1.226000000000000000e+03 4.818321632531782326e-05
1.227000000000000000e+03 4.820819750117758603e-05
1.228000000000000000e+03 4.830289374998149998e-05
1.229000000000000000e+03 4.819596967233034788e-05
1.230000000000000000e+03 4.819692888607581547e-05
1.231000000000000000e+03 4.820511564806414021e-05
1.232000000000000000e+03 4.832976813001247464e-05
1.233000000000000000e+03 4.823804803891107332e-05
1.234000000000000000e+03 4.818148731525676964e-05
1.235000000000000000e+03 4.822230296364675092e-05
1.236000000000000000e+03 4.818024608539417115e-05
1.237000000000000000e+03 4.818067512436148840e-05
1.238000000000000000e+03 4.815463869211574269e-05
1.239000000000000000e+03 4.826350719667971080e-05
1.240000000000000000e+03 4.819032158896637143e-05
1.241000000000000000e+03 4.818067269904228593e-05
1.242000000000000000e+03 4.819000712207828832e-05
1.243000000000000000e+03 4.815056430137095578e-05
1.244000000000000000e+03 4.825717609492130767e-05
1.245000000000000000e+03 4.813364789394351361e-05
1.246000000000000000e+03 4.821128100350809711e-05
1.247000000000000000e+03 4.818848174181766808e-05
1.248000000000000000e+03 4.815264149025703461e-05
1.249000000000000000e+03 4.817492619622499049e-05
1.250000000000000000e+03 4.814323789711731221e-05
1.251000000000000000e+03 4.815767863571333244e-05
1.252000000000000000e+03 4.814310930669307411e-05
1.253000000000000000e+03 4.824541523703373887e-05
1.254000000000000000e+03 4.812862743468334178e-05
1.255000000000000000e+03 4.816062108147889620e-05
1.256000000000000000e+03 4.826732498865264474e-05
1.257000000000000000e+03 4.815463922568596710e-05
1.258000000000000000e+03 4.819900200042563334e-05
1.259000000000000000e+03 4.817953163486284225e-05
1.260000000000000000e+03 4.818120816101630863e-05
1.261000000000000000e+03 4.822615116912250998e-05
1.262000000000000000e+03 4.822275635281888373e-05
1.263000000000000000e+03 4.819280977244488787e-05
1.264000000000000000e+03 4.816490123630501411e-05
1.265000000000000000e+03 4.817918850070176305e-05
1.266000000000000000e+03 4.821276384366986634e-05
1.267000000000000000e+03 4.812745828530751169e-05
1.268000000000000000e+03 4.812596695652852365e-05
1.269000000000000000e+03 4.815802337058509164e-05
1.270000000000000000e+03 4.818662292867277852e-05
1.271000000000000000e+03 4.812940892103749306e-05
1.272000000000000000e+03 4.812109046421634754e-05
1.273000000000000000e+03 4.821431973444608224e-05
1.274000000000000000e+03 4.821364180922198007e-05
1.275000000000000000e+03 4.818710425752214871e-05
1.276000000000000000e+03 4.813095467397943166e-05
1.277000000000000000e+03 4.818321205675602122e-05
1.278000000000000000e+03 4.815195400927526481e-05
1.279000000000000000e+03 4.813381228207921296e-05
1.280000000000000000e+03 4.819617485433506243e-05
1.281000000000000000e+03 4.822438718595852436e-05
1.282000000000000000e+03 4.811602372986574706e-05
1.283000000000000000e+03 4.815098121374224713e-05
1.284000000000000000e+03 4.810079854602614867e-05
1.285000000000000000e+03 4.815832119978343402e-05
1.286000000000000000e+03 4.813783787540159821e-05
1.287000000000000000e+03 4.814150316330293914e-05
1.288000000000000000e+03 4.817266089958138493e-05
1.289000000000000000e+03 4.819751004106365036e-05
1.290000000000000000e+03 4.819289752049371871e-05
1.291000000000000000e+03 4.816444071669442293e-05
1.292000000000000000e+03 4.816765882424078963e-05
1.293000000000000000e+03 4.818306212352278648e-05
1.294000000000000000e+03 4.810937282551700997e-05
1.295000000000000000e+03 4.813246089421833817e-05
1.296000000000000000e+03 4.820201764232479280e-05
1.297000000000000000e+03 4.812877518512929362e-05
1.298000000000000000e+03 4.811775511673961787e-05
1.299000000000000000e+03 4.808353134042893775e-05
1.300000000000000000e+03 4.818245273781940260e-05
1.301000000000000000e+03 4.817032245531057571e-05
1.302000000000000000e+03 4.814193292986601510e-05
1.303000000000000000e+03 4.815470732864923829e-05
1.304000000000000000e+03 4.808435429974148445e-05
1.305000000000000000e+03 4.809621934934209052e-05
1.306000000000000000e+03 4.809938351778934580e-05
1.307000000000000000e+03 4.815774848490643267e-05
1.308000000000000000e+03 4.818351949021840971e-05
1.309000000000000000e+03 4.813158574203650229e-05
1.310000000000000000e+03 4.810266812758830370e-05
1.311000000000000000e+03 4.807455023789467712e-05
1.312000000000000000e+03 4.812628574048479407e-05
1.313000000000000000e+03 4.808581021886008662e-05
1.314000000000000000e+03 4.811497899936512357e-05
1.315000000000000000e+03 4.812532133655622466e-05
1.316000000000000000e+03 4.807289602467789921e-05
1.317000000000000000e+03 4.807155943126417913e-05
1.318000000000000000e+03 4.815827924176119268e-05
1.319000000000000000e+03 4.813656220600629891e-05
1.320000000000000000e+03 4.803483364715551291e-05
1.321000000000000000e+03 4.816369187513676493e-05
1.322000000000000000e+03 4.809205905379106556e-05
1.323000000000000000e+03 4.807031621263983204e-05
1.324000000000000000e+03 4.805066811968572465e-05
1.325000000000000000e+03 4.809016002885376368e-05
1.326000000000000000e+03 4.811243711931941527e-05
1.327000000000000000e+03 4.806358726151908754e-05
1.328000000000000000e+03 4.805860041718309404e-05
1.329000000000000000e+03 4.807783484769364180e-05
1.330000000000000000e+03 4.801678335449347749e-05
1.331000000000000000e+03 4.805663100948246754e-05
1.332000000000000000e+03 4.806869018163221786e-05
1.333000000000000000e+03 4.803725130235155568e-05
1.334000000000000000e+03 4.804497681713352375e-05
1.335000000000000000e+03 4.805508142453618077e-05
1.336000000000000000e+03 4.807745994185097705e-05
1.337000000000000000e+03 4.809633557063837638e-05
1.338000000000000000e+03 4.811051757618163923e-05
1.339000000000000000e+03 4.808978619015154775e-05
1.340000000000000000e+03 4.804007607162930261e-05
1.341000000000000000e+03 4.810343384936762199e-05
1.342000000000000000e+03 4.802596473988766246e-05
1.343000000000000000e+03 4.818323301151394925e-05
1.344000000000000000e+03 4.805165638875526370e-05
1.345000000000000000e+03 4.807402884277204365e-05
1.346000000000000000e+03 4.803896910743787641e-05
1.347000000000000000e+03 4.818511568979980846e-05
1.348000000000000000e+03 4.803764924872666760e-05
1.349000000000000000e+03 4.803531381185166375e-05
1.350000000000000000e+03 4.805010733737920812e-05
1.351000000000000000e+03 4.811389279590609110e-05
1.352000000000000000e+03 4.801038856385275423e-05
1.353000000000000000e+03 4.805830496479756886e-05
1.354000000000000000e+03 4.805100460847219139e-05
1.355000000000000000e+03 4.802105953179610498e-05
1.356000000000000000e+03 4.803620225478273811e-05
1.357000000000000000e+03 4.805692423057431777e-05
1.358000000000000000e+03 4.801493283594027243e-05
1.359000000000000000e+03 4.803984450215163186e-05
1.360000000000000000e+03 4.800321005556421831e-05
1.361000000000000000e+03 4.805245713214389926e-05
1.362000000000000000e+03 4.805496476668243426e-05
1.363000000000000000e+03 4.803551647152441207e-05
1.364000000000000000e+03 4.800873289544445890e-05
1.365000000000000000e+03 4.806981194027078522e-05
1.366000000000000000e+03 4.802362954554458495e-05
1.367000000000000000e+03 4.801147636802245993e-05
1.368000000000000000e+03 4.809492684823150264e-05
1.369000000000000000e+03 4.806072359012129668e-05
1.370000000000000000e+03 4.804999989573843913e-05
1.371000000000000000e+03 4.801484445730845341e-05
1.372000000000000000e+03 4.802188928200242673e-05
1.373000000000000000e+03 4.806828238846113348e-05
1.374000000000000000e+03 4.805126043114190038e-05
1.375000000000000000e+03 4.805822391062974930e-05
1.376000000000000000e+03 4.803433577762916576e-05
1.377000000000000000e+03 4.804033849116725235e-05
1.378000000000000000e+03 4.803674261590155779e-05
1.379000000000000000e+03 4.804081390223776201e-05
1.380000000000000000e+03 4.815693813725374422e-05
1.381000000000000000e+03 4.798991780262440497e-05
1.382000000000000000e+03 4.802281876133444264e-05
1.383000000000000000e+03 4.800529621813135508e-05
1.384000000000000000e+03 4.802150894344474059e-05
1.385000000000000000e+03 4.799481141769016773e-05
1.386000000000000000e+03 4.798429964769942128e-05
1.387000000000000000e+03 4.801483693881891966e-05
1.388000000000000000e+03 4.803870101265298571e-05
1.389000000000000000e+03 4.801038337366965919e-05
1.390000000000000000e+03 4.800909562618471926e-05
1.391000000000000000e+03 4.798530251719057397e-05
1.392000000000000000e+03 4.798730267793871571e-05
1.393000000000000000e+03 4.795517723929757674e-05
1.394000000000000000e+03 4.809701107054327609e-05
1.395000000000000000e+03 4.802890577896808729e-05
1.396000000000000000e+03 4.802658334180402386e-05
1.397000000000000000e+03 4.798585743022461524e-05
1.398000000000000000e+03 4.802500479854643616e-05
1.399000000000000000e+03 4.805210148333571878e-05
1.400000000000000000e+03 4.798998284968547198e-05
1.401000000000000000e+03 4.799536322631562632e-05
1.402000000000000000e+03 4.805540898814797483e-05
1.403000000000000000e+03 4.799424534818778562e-05
1.404000000000000000e+03 4.799869488730716362e-05
1.405000000000000000e+03 4.799952371589218559e-05
1.406000000000000000e+03 4.798389389179647077e-05
1.407000000000000000e+03 4.810690006706863642e-05
1.408000000000000000e+03 4.801677088835276826e-05
1.409000000000000000e+03 4.804067037184722694e-05
1.410000000000000000e+03 4.797556835304324536e-05
1.411000000000000000e+03 4.797405800976169940e-05
1.412000000000000000e+03 4.797546847839839540e-05
1.413000000000000000e+03 4.796568638994358643e-05
1.414000000000000000e+03 4.803554082172922763e-05
1.415000000000000000e+03 4.798392619704827395e-05
1.416000000000000000e+03 4.798420156779077884e-05
1.417000000000000000e+03 4.792093949314827793e-05
1.418000000000000000e+03 4.799441075495754851e-05
1.419000000000000000e+03 4.795785178430378410e-05
1.420000000000000000e+03 4.795186454430222566e-05
1.421000000000000000e+03 4.796263485332019519e-05
1.422000000000000000e+03 4.799591304617933631e-05
1.423000000000000000e+03 4.794957936004114765e-05
1.424000000000000000e+03 4.796111568187674031e-05
1.425000000000000000e+03 4.797182463031882842e-05
1.426000000000000000e+03 4.793560219695791602e-05
1.427000000000000000e+03 4.798763421907400019e-05
1.428000000000000000e+03 4.795025224060130381e-05
1.429000000000000000e+03 4.797742740872005450e-05
1.430000000000000000e+03 4.794708768410297994e-05
1.431000000000000000e+03 4.794956437156845864e-05
1.432000000000000000e+03 4.796892584029895654e-05
1.433000000000000000e+03 4.800773410048956718e-05
1.434000000000000000e+03 4.796329909974399029e-05
1.435000000000000000e+03 4.796672563922281003e-05
1.436000000000000000e+03 4.798611102160066285e-05
1.437000000000000000e+03 4.794178535424483301e-05
1.438000000000000000e+03 4.797480267977031234e-05
1.439000000000000000e+03 4.794324573595076474e-05
1.440000000000000000e+03 4.796038124671516166e-05
1.441000000000000000e+03 4.794346770116438260e-05
1.442000000000000000e+03 4.797816412368168659e-05
1.443000000000000000e+03 4.792833041089276409e-05
1.444000000000000000e+03 4.799947448191233006e-05
1.445000000000000000e+03 4.793205613774868665e-05
1.446000000000000000e+03 4.795476697230090463e-05
1.447000000000000000e+03 4.795692443925266582e-05
1.448000000000000000e+03 4.793835600139573542e-05
1.449000000000000000e+03 4.793483099395719785e-05
1.450000000000000000e+03 4.796209119376726530e-05
1.451000000000000000e+03 4.799888483830727637e-05
1.452000000000000000e+03 4.798283892644879944e-05
1.453000000000000000e+03 4.799000210671996303e-05
1.454000000000000000e+03 4.793447995325550274e-05
1.455000000000000000e+03 4.794021418395762326e-05
1.456000000000000000e+03 4.794165040948428051e-05
1.457000000000000000e+03 4.793132107200411305e-05
1.458000000000000000e+03 4.794323976966552572e-05
1.459000000000000000e+03 4.791743936948478032e-05
1.460000000000000000e+03 4.795682417655674048e-05
1.461000000000000000e+03 4.793477380493034793e-05
1.462000000000000000e+03 4.792234171569968146e-05
1.463000000000000000e+03 4.792866403780256772e-05
1.464000000000000000e+03 4.791706659792301321e-05
1.465000000000000000e+03 4.793249623617157421e-05
1.466000000000000000e+03 4.794546194413366381e-05
1.467000000000000000e+03 4.790545577028145646e-05
1.468000000000000000e+03 4.791489608275393311e-05
1.469000000000000000e+03 4.794443414236108589e-05
1.470000000000000000e+03 4.793093093515683972e-05
1.471000000000000000e+03 4.796732042450458028e-05
1.472000000000000000e+03 4.790553847366633451e-05
1.473000000000000000e+03 4.793573714171846852e-05
1.474000000000000000e+03 4.791938180763584773e-05
1.475000000000000000e+03 4.796026371574650064e-05
1.476000000000000000e+03 4.791182737487057673e-05
1.477000000000000000e+03 4.797091465055321636e-05
1.478000000000000000e+03 4.796640782539422467e-05
1.479000000000000000e+03 4.790851846337318176e-05
1.480000000000000000e+03 4.789970480487681790e-05
1.481000000000000000e+03 4.790118099966396789e-05
1.482000000000000000e+03 4.793536504924607485e-05
1.483000000000000000e+03 4.794082943893348241e-05
1.484000000000000000e+03 4.788180546408208753e-05
1.485000000000000000e+03 4.795230284798890569e-05
1.486000000000000000e+03 4.789776867255568640e-05
1.487000000000000000e+03 4.790926323039457202e-05
1.488000000000000000e+03 4.789003083715215136e-05
1.489000000000000000e+03 4.793816105423805515e-05
1.490000000000000000e+03 4.789454862475394959e-05
1.491000000000000000e+03 4.790546450143058806e-05
1.492000000000000000e+03 4.790230819101755664e-05
1.493000000000000000e+03 4.794308285151298164e-05
1.494000000000000000e+03 4.792576810965935218e-05
1.495000000000000000e+03 4.792091858689673516e-05
1.496000000000000000e+03 4.788339691003784510e-05
1.497000000000000000e+03 4.794805587152950547e-05
1.498000000000000000e+03 4.787755722645670419e-05
1.499000000000000000e+03 4.787672189801621202e-05
1.500000000000000000e+03 4.792822743183933144e-05
1.501000000000000000e+03 4.790472739841788736e-05
1.502000000000000000e+03 4.788320075022056699e-05
1.503000000000000000e+03 4.788645965163596245e-05
1.504000000000000000e+03 4.790031132870353867e-05
1.505000000000000000e+03 4.800495085267660771e-05
1.506000000000000000e+03 4.789145202569974110e-05
1.507000000000000000e+03 4.787956451764330431e-05
1.508000000000000000e+03 4.788598894568470870e-05
1.509000000000000000e+03 4.789510547804335419e-05
1.510000000000000000e+03 4.790222340185815945e-05
1.511000000000000000e+03 4.787102943131079177e-05
1.512000000000000000e+03 4.788448413213094112e-05
1.513000000000000000e+03 4.791279784209715570e-05
1.514000000000000000e+03 4.796243088397507848e-05
1.515000000000000000e+03 4.788296879269182763e-05
1.516000000000000000e+03 4.787418685737065727e-05
1.517000000000000000e+03 4.786148187122308043e-05
1.518000000000000000e+03 4.787062498508020964e-05
1.519000000000000000e+03 4.786864946557519508e-05
1.520000000000000000e+03 4.787889590564494341e-05
1.521000000000000000e+03 4.787398909684270593e-05
1.522000000000000000e+03 4.787624672947762193e-05
1.523000000000000000e+03 4.788734047906473252e-05
1.524000000000000000e+03 4.794279608177020956e-05
1.525000000000000000e+03 4.787684524975096303e-05
1.526000000000000000e+03 4.786878217904207941e-05
1.527000000000000000e+03 4.786099457608846444e-05
1.528000000000000000e+03 4.785561274426678591e-05
1.529000000000000000e+03 4.784910842621078130e-05
1.530000000000000000e+03 4.786007479803326518e-05
1.531000000000000000e+03 4.788141236834538733e-05
1.532000000000000000e+03 4.791208829071062379e-05
1.533000000000000000e+03 4.785684179902697323e-05
1.534000000000000000e+03 4.790773959636378081e-05
1.535000000000000000e+03 4.790416375423471449e-05
1.536000000000000000e+03 4.788736104577159195e-05
1.537000000000000000e+03 4.786450236376064483e-05
1.538000000000000000e+03 4.788710983120836155e-05
1.539000000000000000e+03 4.785803714185021845e-05
1.540000000000000000e+03 4.787872802504959278e-05
1.541000000000000000e+03 4.790653712310207721e-05
1.542000000000000000e+03 4.787727317307144620e-05
1.543000000000000000e+03 4.786684454302303168e-05
1.544000000000000000e+03 4.789945242616037492e-05
1.545000000000000000e+03 4.784925899002701098e-05
1.546000000000000000e+03 4.787081294731858057e-05
1.547000000000000000e+03 4.785741339825714727e-05
1.548000000000000000e+03 4.787042407163729035e-05
1.549000000000000000e+03 4.786402118043043045e-05
1.550000000000000000e+03 4.787515839173769183e-05
1.551000000000000000e+03 4.793409010744653425e-05
1.552000000000000000e+03 4.788242120412178582e-05
1.553000000000000000e+03 4.783652868354693353e-05
1.554000000000000000e+03 4.786192682028437970e-05
1.555000000000000000e+03 4.782903250694895450e-05
1.556000000000000000e+03 4.782832756366891473e-05
1.557000000000000000e+03 4.786926278029568412e-05
1.558000000000000000e+03 4.784944748583559954e-05
1.559000000000000000e+03 4.784545783574382455e-05
1.560000000000000000e+03 4.788556136190891564e-05
1.561000000000000000e+03 4.787563200807198719e-05
1.562000000000000000e+03 4.784735409581723385e-05
1.563000000000000000e+03 4.786736181510301892e-05
1.564000000000000000e+03 4.787995581864379021e-05
1.565000000000000000e+03 4.784482972657618758e-05
1.566000000000000000e+03 4.783442593179643452e-05
1.567000000000000000e+03 4.788920341525226831e-05
1.568000000000000000e+03 4.782494283669318051e-05
1.569000000000000000e+03 4.783571751128571584e-05
1.570000000000000000e+03 4.787256553148229899e-05
1.571000000000000000e+03 4.783656763417335595e-05
1.572000000000000000e+03 4.782939145419125873e-05
1.573000000000000000e+03 4.782610601978376481e-05
1.574000000000000000e+03 4.785807361865105990e-05
1.575000000000000000e+03 4.786817667384942219e-05
1.576000000000000000e+03 4.789612872021583201e-05
1.577000000000000000e+03 4.781769040467528340e-05
1.578000000000000000e+03 4.791401942687419454e-05
1.579000000000000000e+03 4.784370229269067248e-05
1.580000000000000000e+03 4.783510686441634884e-05
1.581000000000000000e+03 4.784318191620210933e-05
1.582000000000000000e+03 4.784021638139771991e-05
1.583000000000000000e+03 4.781798386829905320e-05
1.584000000000000000e+03 4.783181172873203827e-05
1.585000000000000000e+03 4.781964744324795766e-05
1.586000000000000000e+03 4.784035554621368918e-05
1.587000000000000000e+03 4.781891586996304212e-05
1.588000000000000000e+03 4.783595014790383541e-05
1.589000000000000000e+03 4.784658856806344986e-05
1.590000000000000000e+03 4.784745901512602983e-05
1.591000000000000000e+03 4.781972388930929186e-05
1.592000000000000000e+03 4.782535465589414058e-05
1.593000000000000000e+03 4.781433046446181861e-05
1.594000000000000000e+03 4.782741714734584202e-05
1.595000000000000000e+03 4.781308050345008852e-05
1.596000000000000000e+03 4.784267633416068734e-05
1.597000000000000000e+03 4.782008322460266469e-05
1.598000000000000000e+03 4.789187592299034180e-05
1.599000000000000000e+03 4.784560029899391080e-05
1.600000000000000000e+03 4.780814861684727000e-05
1.601000000000000000e+03 4.783502362746124638e-05
1.602000000000000000e+03 4.779439666890539473e-05
1.603000000000000000e+03 4.781687675858847797e-05
1.604000000000000000e+03 4.783096893030839761e-05
1.605000000000000000e+03 4.781316999772874162e-05
1.606000000000000000e+03 4.783323282026685747e-05
1.607000000000000000e+03 4.782908853182258507e-05
1.608000000000000000e+03 4.783229892685388372e-05
1.609000000000000000e+03 4.782459223254893928e-05
1.610000000000000000e+03 4.782222230763484935e-05
1.611000000000000000e+03 4.780916152715993623e-05
1.612000000000000000e+03 4.781579981984880828e-05
1.613000000000000000e+03 4.780442119226791046e-05
1.614000000000000000e+03 4.779811851525058385e-05
1.615000000000000000e+03 4.781943396665155860e-05
1.616000000000000000e+03 4.779329552548005852e-05
1.617000000000000000e+03 4.779199933788428505e-05
1.618000000000000000e+03 4.779879498528316861e-05
1.619000000000000000e+03 4.785941719698408932e-05
1.620000000000000000e+03 4.786992552302156976e-05
1.621000000000000000e+03 4.783182574707704223e-05
1.622000000000000000e+03 4.778159394239385878e-05
1.623000000000000000e+03 4.782941599842160859e-05
1.624000000000000000e+03 4.780352911135802901e-05
1.625000000000000000e+03 4.783100841450505121e-05
1.626000000000000000e+03 4.780937291798181615e-05
1.627000000000000000e+03 4.780737406690604958e-05
1.628000000000000000e+03 4.781316053898384454e-05
1.629000000000000000e+03 4.780001230149840541e-05
1.630000000000000000e+03 4.781238142944251723e-05
1.631000000000000000e+03 4.779864126855197097e-05
1.632000000000000000e+03 4.781500305398367671e-05
1.633000000000000000e+03 4.783854101939747966e-05
1.634000000000000000e+03 4.781164689726816804e-05
1.635000000000000000e+03 4.779587616212666170e-05
1.636000000000000000e+03 4.777669276033217699e-05
1.637000000000000000e+03 4.779318357274557470e-05
1.638000000000000000e+03 4.779734115193908558e-05
1.639000000000000000e+03 4.777611956039132972e-05
1.640000000000000000e+03 4.781036594067700316e-05
1.641000000000000000e+03 4.778523973072878908e-05
1.642000000000000000e+03 4.778018036934857332e-05
1.643000000000000000e+03 4.777646473182054957e-05
1.644000000000000000e+03 4.778515154612250436e-05
1.645000000000000000e+03 4.776809194784921724e-05
1.646000000000000000e+03 4.783047717258644528e-05
1.647000000000000000e+03 4.777966726881762436e-05
1.648000000000000000e+03 4.778572120509731508e-05
1.649000000000000000e+03 4.779129609232768227e-05
1.650000000000000000e+03 4.779576590711561487e-05
1.651000000000000000e+03 4.779688897542655739e-05
1.652000000000000000e+03 4.777992755407467647e-05
1.653000000000000000e+03 4.777228018307747958e-05
1.654000000000000000e+03 4.777375652338377860e-05
1.655000000000000000e+03 4.779517233449344924e-05
1.656000000000000000e+03 4.784102105380346061e-05
1.657000000000000000e+03 4.776693909661844454e-05
1.658000000000000000e+03 4.778479288991851174e-05
1.659000000000000000e+03 4.779920239040317761e-05
1.660000000000000000e+03 4.779359907843172713e-05
1.661000000000000000e+03 4.783248310559429174e-05
1.662000000000000000e+03 4.777699776847536302e-05
1.663000000000000000e+03 4.775160773230406028e-05
1.664000000000000000e+03 4.778311088254364548e-05
1.665000000000000000e+03 4.776100623227345140e-05
1.666000000000000000e+03 4.777747157883519946e-05
1.667000000000000000e+03 4.776631928204248530e-05
1.668000000000000000e+03 4.777611107177411769e-05
1.669000000000000000e+03 4.778276110300794027e-05
1.670000000000000000e+03 4.776317737802552644e-05
1.671000000000000000e+03 4.776691867543074091e-05
1.672000000000000000e+03 4.780308411379034447e-05
1.673000000000000000e+03 4.782151115553763743e-05
1.674000000000000000e+03 4.775037348736077791e-05
1.675000000000000000e+03 4.776706957879166070e-05
1.676000000000000000e+03 4.777191284423073386e-05
1.677000000000000000e+03 4.775206155803364696e-05
1.678000000000000000e+03 4.780697738169692755e-05
1.679000000000000000e+03 4.777713237369122541e-05
1.680000000000000000e+03 4.780978691997006590e-05
1.681000000000000000e+03 4.779662718647159582e-05
1.682000000000000000e+03 4.775034166717280709e-05
1.683000000000000000e+03 4.776557582469346343e-05
1.684000000000000000e+03 4.775537987976956051e-05
1.685000000000000000e+03 4.775455910324429671e-05
1.686000000000000000e+03 4.777221848295690805e-05
1.687000000000000000e+03 4.776696073046575279e-05
1.688000000000000000e+03 4.776366181128347931e-05
1.689000000000000000e+03 4.774945235112681822e-05
1.690000000000000000e+03 4.774955741595477001e-05
1.691000000000000000e+03 4.775906102925849141e-05
1.692000000000000000e+03 4.775876417018783409e-05
1.693000000000000000e+03 4.776674720536296846e-05
1.694000000000000000e+03 4.775201227554741294e-05
1.695000000000000000e+03 4.774295186507515501e-05
1.696000000000000000e+03 4.775544259852419559e-05
1.697000000000000000e+03 4.775843587898028132e-05
1.698000000000000000e+03 4.776306702600170907e-05
1.699000000000000000e+03 4.774628391411776091e-05
1.700000000000000000e+03 4.773776100288765954e-05
1.701000000000000000e+03 4.777424745649720168e-05
1.702000000000000000e+03 4.776434240435871030e-05
1.703000000000000000e+03 4.774938905029557347e-05
1.704000000000000000e+03 4.773540849176546110e-05
1.705000000000000000e+03 4.774027130527732336e-05
1.706000000000000000e+03 4.774117643440453049e-05
1.707000000000000000e+03 4.776081657231164349e-05
1.708000000000000000e+03 4.776423622388392443e-05
1.709000000000000000e+03 4.775161884026601585e-05
1.710000000000000000e+03 4.774769991248224883e-05
1.711000000000000000e+03 4.776313187903724855e-05
1.712000000000000000e+03 4.774087040762727414e-05
1.713000000000000000e+03 4.773237354432543209e-05
1.714000000000000000e+03 4.774700331230027206e-05
1.715000000000000000e+03 4.776843876849549557e-05
1.716000000000000000e+03 4.773789580212906301e-05
1.717000000000000000e+03 4.775856936854930962e-05
1.718000000000000000e+03 4.772372301279877767e-05
1.719000000000000000e+03 4.773452640317070114e-05
1.720000000000000000e+03 4.773465586670984698e-05
1.721000000000000000e+03 4.773787397425622046e-05
1.722000000000000000e+03 4.777975225200255585e-05
1.723000000000000000e+03 4.781502866535447538e-05
1.724000000000000000e+03 4.776094288293582815e-05
1.725000000000000000e+03 4.775228769479629632e-05
1.726000000000000000e+03 4.773586702261430368e-05
1.727000000000000000e+03 4.773886689993863015e-05
1.728000000000000000e+03 4.773227463980826040e-05
1.729000000000000000e+03 4.774278063753930213e-05
1.730000000000000000e+03 4.775253658105308802e-05
1.731000000000000000e+03 4.776421551165791596e-05
1.732000000000000000e+03 4.775246522816208511e-05
1.733000000000000000e+03 4.773007933787691087e-05
1.734000000000000000e+03 4.774695635812046320e-05
1.735000000000000000e+03 4.773776590203245653e-05
1.736000000000000000e+03 4.772507677747246966e-05
1.737000000000000000e+03 4.772018306539393636e-05
1.738000000000000000e+03 4.773318694788031117e-05
1.739000000000000000e+03 4.771345862536691346e-05
1.740000000000000000e+03 4.772979673968317707e-05
1.741000000000000000e+03 4.772361523161331858e-05
1.742000000000000000e+03 4.772490472532808754e-05
1.743000000000000000e+03 4.772505572570177109e-05
1.744000000000000000e+03 4.772767817485145981e-05
1.745000000000000000e+03 4.775943006582868768e-05
1.746000000000000000e+03 4.775531425063187706e-05
1.747000000000000000e+03 4.771890531022411792e-05
1.748000000000000000e+03 4.770936051500029916e-05
1.749000000000000000e+03 4.773869407169210405e-05
1.750000000000000000e+03 4.773315124718162047e-05
1.751000000000000000e+03 4.772858505020849596e-05
1.752000000000000000e+03 4.773616591895309488e-05
1.753000000000000000e+03 4.773233667947352204e-05
1.754000000000000000e+03 4.770672526016521111e-05
1.755000000000000000e+03 4.773616068026361456e-05
1.756000000000000000e+03 4.775070352479815293e-05
1.757000000000000000e+03 4.773264314280822548e-05
1.758000000000000000e+03 4.772057781034770184e-05
1.759000000000000000e+03 4.774117643440453049e-05
1.760000000000000000e+03 4.772970001795328828e-05
1.761000000000000000e+03 4.770742030814289992e-05
1.762000000000000000e+03 4.770189407281577858e-05
1.763000000000000000e+03 4.772742972515212875e-05
1.764000000000000000e+03 4.771177482325583967e-05
1.765000000000000000e+03 4.771005177948003186e-05
1.766000000000000000e+03 4.771984148343714512e-05
1.767000000000000000e+03 4.772652876757395990e-05
1.768000000000000000e+03 4.772395433974452208e-05
1.769000000000000000e+03 4.774426944398631715e-05
1.770000000000000000e+03 4.770265431337369021e-05
1.771000000000000000e+03 4.770431415333102382e-05
1.772000000000000000e+03 4.771190671211418798e-05
1.773000000000000000e+03 4.772177485089438404e-05
1.774000000000000000e+03 4.770036549113380512e-05
1.775000000000000000e+03 4.774669476319104270e-05
1.776000000000000000e+03 4.770560665444160492e-05
1.777000000000000000e+03 4.770441092356729110e-05
1.778000000000000000e+03 4.771921031836731073e-05
1.779000000000000000e+03 4.772454931905182663e-05
1.780000000000000000e+03 4.770674626342952441e-05
1.781000000000000000e+03 4.769432751345448169e-05
1.782000000000000000e+03 4.770972048087666694e-05
1.783000000000000000e+03 4.771208953267584235e-05
1.784000000000000000e+03 4.773103248832436890e-05
1.785000000000000000e+03 4.770529529196210450e-05
1.786000000000000000e+03 4.770289800944738009e-05
1.787000000000000000e+03 4.769584484165534377e-05
1.788000000000000000e+03 4.770372286050891163e-05
1.789000000000000000e+03 4.769219066171596520e-05
1.790000000000000000e+03 4.772432298826364297e-05
1.791000000000000000e+03 4.770100000314414176e-05
1.792000000000000000e+03 4.771597576715673082e-05
1.793000000000000000e+03 4.771175057006378788e-05
1.794000000000000000e+03 4.770723981588768426e-05
1.795000000000000000e+03 4.771368631433385078e-05
1.796000000000000000e+03 4.771184030687436732e-05
1.797000000000000000e+03 4.770423135293337522e-05
1.798000000000000000e+03 4.770769257447682213e-05
1.799000000000000000e+03 4.769644117914140197e-05
1.800000000000000000e+03 4.770152469670089899e-05
1.801000000000000000e+03 4.770233421974505141e-05
1.802000000000000000e+03 4.768667048968685342e-05
1.803000000000000000e+03 4.772048962574141712e-05
1.804000000000000000e+03 4.771365497920972587e-05
1.805000000000000000e+03 4.770628642290830666e-05
1.806000000000000000e+03 4.768834745239776689e-05
1.807000000000000000e+03 4.768405390980963996e-05
1.808000000000000000e+03 4.770056819931293193e-05
1.809000000000000000e+03 4.769828413069868801e-05
1.810000000000000000e+03 4.768790968228131804e-05
1.811000000000000000e+03 4.770750369061715820e-05
1.812000000000000000e+03 4.770053400231215069e-05
1.813000000000000000e+03 4.769705454236827628e-05
1.814000000000000000e+03 4.769481742793383445e-05
1.815000000000000000e+03 4.768720042193308418e-05
1.816000000000000000e+03 4.768286875332705731e-05
1.817000000000000000e+03 4.768482879929555049e-05
1.818000000000000000e+03 4.769888425168270911e-05
1.819000000000000000e+03 4.769879204104654193e-05
1.820000000000000000e+03 4.771995023475028249e-05
1.821000000000000000e+03 4.768344195326790458e-05
1.822000000000000000e+03 4.767990554682910659e-05
1.823000000000000000e+03 4.768127158361797351e-05
1.824000000000000000e+03 4.768435256361651159e-05
1.825000000000000000e+03 4.768264867986241751e-05
1.826000000000000000e+03 4.768747453150960595e-05
1.827000000000000000e+03 4.767728950052211754e-05
1.828000000000000000e+03 4.767756278549010329e-05
1.829000000000000000e+03 4.768837136604512858e-05
1.830000000000000000e+03 4.768423032752858789e-05
1.831000000000000000e+03 4.768747996422462057e-05
1.832000000000000000e+03 4.768317308238086312e-05
1.833000000000000000e+03 4.767730366438627053e-05
1.834000000000000000e+03 4.769346279014522795e-05
1.835000000000000000e+03 4.770243593763249417e-05
1.836000000000000000e+03 4.767478516441769952e-05
1.837000000000000000e+03 4.767163234646431939e-05
1.838000000000000000e+03 4.767325250819946509e-05
1.839000000000000000e+03 4.768315979163162464e-05
1.840000000000000000e+03 4.767248736849675648e-05
1.841000000000000000e+03 4.771095113634752749e-05
1.842000000000000000e+03 4.771210592783366351e-05
1.843000000000000000e+03 4.766914818901568543e-05
1.844000000000000000e+03 4.766882314773587115e-05
1.845000000000000000e+03 4.767588926673246261e-05
1.846000000000000000e+03 4.767576271357635838e-05
1.847000000000000000e+03 4.770500750358526887e-05
1.848000000000000000e+03 4.767656961727576725e-05
1.849000000000000000e+03 4.767471599431397951e-05
1.850000000000000000e+03 4.766520806394207080e-05
1.851000000000000000e+03 4.769007457070984244e-05
1.852000000000000000e+03 4.768122278619557863e-05
1.853000000000000000e+03 4.771338935825042291e-05
1.854000000000000000e+03 4.769164802079709886e-05
1.855000000000000000e+03 4.765910009155049812e-05
1.856000000000000000e+03 4.766662236458311496e-05
1.857000000000000000e+03 4.766785515433487992e-05
1.858000000000000000e+03 4.767179139889776788e-05
1.859000000000000000e+03 4.767391990753822137e-05
1.860000000000000000e+03 4.767502420387851876e-05
1.861000000000000000e+03 4.767547836915279555e-05
1.862000000000000000e+03 4.767071072516652734e-05
1.863000000000000000e+03 4.766817772178910646e-05
1.864000000000000000e+03 4.766622228392710541e-05
1.865000000000000000e+03 4.765535947323466386e-05
1.866000000000000000e+03 4.766492857015691969e-05
1.867000000000000000e+03 4.767128998840538417e-05
1.868000000000000000e+03 4.766548843084213643e-05
1.869000000000000000e+03 4.768564079616529065e-05
1.870000000000000000e+03 4.765129783966889101e-05
1.871000000000000000e+03 4.767179823829792142e-05
1.872000000000000000e+03 4.765536180154110257e-05
1.873000000000000000e+03 4.768897206910575258e-05
1.874000000000000000e+03 4.766825033584609926e-05
1.875000000000000000e+03 4.766789662729328212e-05
1.876000000000000000e+03 4.766026759170926972e-05
1.877000000000000000e+03 4.766545874493507002e-05
1.878000000000000000e+03 4.767294526876261090e-05
1.879000000000000000e+03 4.765504282355929107e-05
1.880000000000000000e+03 4.765351579408161234e-05
1.881000000000000000e+03 4.766152618685737442e-05
1.882000000000000000e+03 4.767511850028919831e-05
1.883000000000000000e+03 4.766692232806235498e-05
1.884000000000000000e+03 4.765734619771441131e-05
1.885000000000000000e+03 4.766968481514292748e-05
1.886000000000000000e+03 4.766693033161572787e-05
1.887000000000000000e+03 4.767354019956353018e-05
1.888000000000000000e+03 4.764811630593612953e-05
1.889000000000000000e+03 4.765265218641919268e-05
1.890000000000000000e+03 4.765720800302612032e-05
1.891000000000000000e+03 4.765323809503266874e-05
1.892000000000000000e+03 4.765059789254640521e-05
1.893000000000000000e+03 4.765641434156956465e-05
1.894000000000000000e+03 4.764567779299492926e-05
1.895000000000000000e+03 4.764803049814266201e-05
1.896000000000000000e+03 4.765020368116287092e-05
1.897000000000000000e+03 4.765001935690330709e-05
1.898000000000000000e+03 4.764615330107820269e-05
1.899000000000000000e+03 4.764910001540556848e-05
1.900000000000000000e+03 4.767618253633069812e-05
1.901000000000000000e+03 4.767522463225759891e-05
1.902000000000000000e+03 4.766280399053357813e-05
1.903000000000000000e+03 4.763569949621645013e-05
1.904000000000000000e+03 4.764951023389585533e-05
1.905000000000000000e+03 4.764308061567134911e-05
1.906000000000000000e+03 4.764259831669430064e-05
1.907000000000000000e+03 4.763654205210817122e-05
1.908000000000000000e+03 4.765141153863321064e-05
1.909000000000000000e+03 4.764370882185176340e-05
1.910000000000000000e+03 4.766741791778864870e-05
1.911000000000000000e+03 4.766308159256975118e-05
1.912000000000000000e+03 4.765448868662740055e-05
1.913000000000000000e+03 4.764860127276430681e-05
1.914000000000000000e+03 4.765178125429277357e-05
1.915000000000000000e+03 4.763952398207038858e-05
1.916000000000000000e+03 4.766712130124991094e-05
1.917000000000000000e+03 4.762892174767330397e-05
1.918000000000000000e+03 4.766004485039350788e-05
1.919000000000000000e+03 4.764397604352173959e-05
1.920000000000000000e+03 4.763551075787594201e-05
1.921000000000000000e+03 4.766934827785007547e-05
1.922000000000000000e+03 4.765653924550861039e-05
1.923000000000000000e+03 4.763536640287687092e-05
1.924000000000000000e+03 4.764596393215469962e-05
1.925000000000000000e+03 4.763503752959271525e-05
1.926000000000000000e+03 4.763645415854019134e-05
1.927000000000000000e+03 4.762952919312131775e-05
1.928000000000000000e+03 4.763666816870682158e-05
1.929000000000000000e+03 4.764071888833617315e-05
1.930000000000000000e+03 4.765916426549665738e-05
1.931000000000000000e+03 4.763482434403461425e-05
1.932000000000000000e+03 4.762750439113006240e-05
1.933000000000000000e+03 4.763786045562786261e-05
1.934000000000000000e+03 4.765159324354802415e-05
1.935000000000000000e+03 4.764673576573841274e-05
1.936000000000000000e+03 4.764326610408413230e-05
1.937000000000000000e+03 4.763883082584167782e-05
1.938000000000000000e+03 4.765457366981233205e-05
1.939000000000000000e+03 4.762666886866402915e-05
1.940000000000000000e+03 4.764244867449937075e-05
1.941000000000000000e+03 4.762847233602466836e-05
1.942000000000000000e+03 4.764170012398001759e-05
1.943000000000000000e+03 4.764734777078653339e-05
1.944000000000000000e+03 4.762860946357250376e-05
1.945000000000000000e+03 4.763138189446181249e-05
1.946000000000000000e+03 4.764536735213672185e-05
1.947000000000000000e+03 4.764623712010992160e-05
1.948000000000000000e+03 4.763183096656575799e-05
1.949000000000000000e+03 4.762928554555401314e-05
1.950000000000000000e+03 4.766998220778380921e-05
1.951000000000000000e+03 4.767733373834441232e-05
1.952000000000000000e+03 4.762802627131653500e-05
1.953000000000000000e+03 4.762413125718012289e-05
1.954000000000000000e+03 4.763536426859597329e-05
1.955000000000000000e+03 4.763139280839823376e-05
1.956000000000000000e+03 4.766583209857344682e-05
1.957000000000000000e+03 4.762604449448796303e-05
1.958000000000000000e+03 4.763601590335989658e-05
1.959000000000000000e+03 4.771566222188994072e-05
1.960000000000000000e+03 4.764173320533397153e-05
1.961000000000000000e+03 4.761478320385019192e-05
1.962000000000000000e+03 4.762521644200508504e-05
1.963000000000000000e+03 4.762840112865281448e-05
1.964000000000000000e+03 4.763453325722366842e-05
1.965000000000000000e+03 4.762151268854116084e-05
1.966000000000000000e+03 4.762952409995098647e-05
1.967000000000000000e+03 4.762816155562177084e-05
1.968000000000000000e+03 4.764023901467832715e-05
1.969000000000000000e+03 4.762491982546634728e-05
1.970000000000000000e+03 4.761688353028148169e-05
1.971000000000000000e+03 4.762206682547305813e-05
1.972000000000000000e+03 4.762418781562397787e-05
1.973000000000000000e+03 4.762401683062004456e-05
1.974000000000000000e+03 4.762864686199463823e-05
1.975000000000000000e+03 4.761730378959328207e-05
1.976000000000000000e+03 4.761342017445713038e-05
1.977000000000000000e+03 4.763843675997729256e-05
1.978000000000000000e+03 4.764013797588025783e-05
1.979000000000000000e+03 4.761485863127745580e-05
1.980000000000000000e+03 4.764490911232617732e-05
1.981000000000000000e+03 4.762672775541432283e-05
1.982000000000000000e+03 4.763303242119339804e-05
1.983000000000000000e+03 4.763417236972600086e-05
1.984000000000000000e+03 4.764061789804448910e-05
1.985000000000000000e+03 4.761175815171251387e-05
1.986000000000000000e+03 4.762118410629531001e-05
1.987000000000000000e+03 4.761118708605257101e-05
1.988000000000000000e+03 4.760972602525725907e-05
1.989000000000000000e+03 4.764747437244902289e-05
1.990000000000000000e+03 4.762088613157781182e-05
1.991000000000000000e+03 4.760782020942618215e-05
1.992000000000000000e+03 4.761188882791126433e-05
1.993000000000000000e+03 4.762106419851382501e-05
1.994000000000000000e+03 4.762195283547044044e-05
1.995000000000000000e+03 4.761992405595568111e-05
1.996000000000000000e+03 4.761122462999386128e-05
1.997000000000000000e+03 4.762247277540154972e-05
1.998000000000000000e+03 4.760819167131558088e-05
1.999000000000000000e+03 4.760814238882934009e-05
2.000000000000000000e+03 4.761572058972281696e-05
2.001000000000000000e+03 4.761227309548606240e-05
2.002000000000000000e+03 4.761541184658805331e-05
2.003000000000000000e+03 4.761331059853546376e-05
2.004000000000000000e+03 4.762589965442505957e-05
2.005000000000000000e+03 4.761415897519327483e-05
2.006000000000000000e+03 4.761018586577847681e-05
2.007000000000000000e+03 4.760930993749449696e-05
2.008000000000000000e+03 4.760545785150801124e-05
2.009000000000000000e+03 4.761125227863279382e-05
2.010000000000000000e+03 4.760808204688752899e-05
2.011000000000000000e+03 4.763635695174647019e-05
2.012000000000000000e+03 4.761304192167396338e-05
2.013000000000000000e+03 4.761444162189339390e-05
2.014000000000000000e+03 4.760286212937596206e-05
2.015000000000000000e+03 4.760650112681711732e-05
2.016000000000000000e+03 4.763016792518707794e-05
2.017000000000000000e+03 4.759465669242975594e-05
2.018000000000000000e+03 4.762828243353093411e-05
2.019000000000000000e+03 4.761541514502217707e-05
2.020000000000000000e+03 4.762108078769718725e-05
2.021000000000000000e+03 4.764420024002901884e-05
2.022000000000000000e+03 4.760980746747615401e-05
2.023000000000000000e+03 4.760091978823765841e-05
2.024000000000000000e+03 4.760735614884955441e-05
2.025000000000000000e+03 4.760922291704143159e-05
2.026000000000000000e+03 4.760838720054986405e-05
2.027000000000000000e+03 4.759950214065611200e-05
2.028000000000000000e+03 4.762113395069415470e-05
2.029000000000000000e+03 4.761220242168443971e-05
2.030000000000000000e+03 4.761798312150252317e-05
2.031000000000000000e+03 4.760976221101979568e-05
2.032000000000000000e+03 4.762376808988240867e-05
2.033000000000000000e+03 4.760269046528264853e-05
2.034000000000000000e+03 4.760207453121741595e-05
2.035000000000000000e+03 4.760183253286716983e-05
2.036000000000000000e+03 4.759592877235263342e-05
2.037000000000000000e+03 4.761129011361238893e-05
2.038000000000000000e+03 4.759387355685854617e-05
2.039000000000000000e+03 4.759693848124394643e-05
2.040000000000000000e+03 4.759964111144654697e-05
2.041000000000000000e+03 4.759713808501449733e-05
2.042000000000000000e+03 4.760861619918917652e-05
2.043000000000000000e+03 4.760927055031061389e-05
2.044000000000000000e+03 4.761419753776863543e-05
2.045000000000000000e+03 4.760322908017163240e-05
2.046000000000000000e+03 4.762971468153409416e-05
2.047000000000000000e+03 4.759869363624602312e-05
2.048000000000000000e+03 4.759898739090810454e-05
2.049000000000000000e+03 4.760509875874655798e-05
2.050000000000000000e+03 4.759317719920848897e-05
2.051000000000000000e+03 4.760049026420650202e-05
2.052000000000000000e+03 4.759558913065120551e-05
2.053000000000000000e+03 4.759429648402146860e-05
2.054000000000000000e+03 4.759215808007866415e-05
2.055000000000000000e+03 4.759826566441916146e-05
2.056000000000000000e+03 4.759107299226646577e-05
2.057000000000000000e+03 4.760376371753712586e-05
2.058000000000000000e+03 4.759578189502159610e-05
2.059000000000000000e+03 4.759591184362458785e-05
2.060000000000000000e+03 4.759288625791669217e-05
2.061000000000000000e+03 4.759447455095748179e-05
2.062000000000000000e+03 4.760073560949725717e-05
2.063000000000000000e+03 4.759483907643394967e-05
2.064000000000000000e+03 4.760374334485580750e-05
2.065000000000000000e+03 4.759804801627372413e-05
2.066000000000000000e+03 4.759129781935674675e-05
2.067000000000000000e+03 4.759323754115030007e-05
2.068000000000000000e+03 4.760545790001439651e-05
2.069000000000000000e+03 4.758094607192712706e-05
2.070000000000000000e+03 4.760764054177949573e-05
2.071000000000000000e+03 4.758882224753809535e-05
2.072000000000000000e+03 4.758859106611149997e-05
2.073000000000000000e+03 4.759434295313743154e-05
2.074000000000000000e+03 4.759520554216578765e-05
2.075000000000000000e+03 4.758749875084807268e-05
2.076000000000000000e+03 4.758991485383982749e-05
2.077000000000000000e+03 4.760419309604913322e-05
2.078000000000000000e+03 4.759798277518712282e-05
2.079000000000000000e+03 4.761009006566988781e-05
2.080000000000000000e+03 4.760242547490634051e-05
2.081000000000000000e+03 4.760810387476037154e-05
2.082000000000000000e+03 4.759035189636051763e-05
2.083000000000000000e+03 4.758667181401202877e-05
2.084000000000000000e+03 4.758521536132320897e-05
2.085000000000000000e+03 4.760088064358569492e-05
2.086000000000000000e+03 4.758495745287897406e-05
2.087000000000000000e+03 4.759160680502342997e-05
2.088000000000000000e+03 4.758762258764666960e-05
2.089000000000000000e+03 4.758006592358773044e-05
2.090000000000000000e+03 4.758241494225027760e-05
2.091000000000000000e+03 4.758552041797278027e-05
2.092000000000000000e+03 4.758977942401543585e-05
2.093000000000000000e+03 4.758323499117977592e-05
2.094000000000000000e+03 4.758176384105657872e-05
2.095000000000000000e+03 4.758304596180096296e-05
2.096000000000000000e+03 4.758587640632565085e-05
2.097000000000000000e+03 4.758153581254494452e-05
2.098000000000000000e+03 4.758976050652563491e-05
2.099000000000000000e+03 4.758030816446989612e-05
2.100000000000000000e+03 4.758264389238320481e-05
2.101000000000000000e+03 4.758503418997861309e-05
2.102000000000000000e+03 4.758608522630917249e-05
2.103000000000000000e+03 4.758238903984116731e-05
2.104000000000000000e+03 4.758204381990556898e-05
2.105000000000000000e+03 4.758156836032867405e-05
2.106000000000000000e+03 4.758121353612902282e-05
2.107000000000000000e+03 4.758706529779980435e-05
2.108000000000000000e+03 4.758608508079002346e-05
2.109000000000000000e+03 4.760324062469104863e-05
2.110000000000000000e+03 4.758615667621294594e-05
2.111000000000000000e+03 4.758618747776684644e-05
2.112000000000000000e+03 4.757633350285080337e-05
2.113000000000000000e+03 4.758767749687346608e-05
2.114000000000000000e+03 4.757897520903497636e-05
2.115000000000000000e+03 4.759620356101852863e-05
2.116000000000000000e+03 4.757874654994036077e-05
2.117000000000000000e+03 4.758073681538613800e-05
2.118000000000000000e+03 4.758604394737631137e-05
2.119000000000000000e+03 4.758288666683559490e-05
2.120000000000000000e+03 4.758186022324177063e-05
2.121000000000000000e+03 4.758318294382964255e-05
2.122000000000000000e+03 4.758063970560518738e-05
2.123000000000000000e+03 4.757478760438970896e-05
2.124000000000000000e+03 4.758980411376493474e-05
2.125000000000000000e+03 4.757465789831864355e-05
2.126000000000000000e+03 4.758279406814835911e-05
2.127000000000000000e+03 4.757714651835461385e-05
2.128000000000000000e+03 4.758153557001302495e-05
2.129000000000000000e+03 4.757032239770827528e-05
2.130000000000000000e+03 4.757887135686663597e-05
2.131000000000000000e+03 4.757890240095245603e-05
2.132000000000000000e+03 4.757883866356375064e-05
2.133000000000000000e+03 4.757228035790224933e-05
2.134000000000000000e+03 4.757828016105728754e-05
2.135000000000000000e+03 4.757954152106928482e-05
2.136000000000000000e+03 4.758293347549624795e-05
2.137000000000000000e+03 4.759265517350286056e-05
2.138000000000000000e+03 4.757554052048362792e-05
2.139000000000000000e+03 4.757509785122238208e-05
2.140000000000000000e+03 4.756930410318697294e-05
2.141000000000000000e+03 4.756940184355092527e-05
2.142000000000000000e+03 4.757866083915966379e-05
2.143000000000000000e+03 4.757065156203073579e-05
2.144000000000000000e+03 4.757324112385201165e-05
2.145000000000000000e+03 4.757376285851932845e-05
2.146000000000000000e+03 4.759524279506877309e-05
2.147000000000000000e+03 4.759089405221553806e-05
2.148000000000000000e+03 4.756692370089391560e-05
2.149000000000000000e+03 4.756976054826130316e-05
2.150000000000000000e+03 4.756613489007577165e-05
2.151000000000000000e+03 4.758195073615449405e-05
2.152000000000000000e+03 4.757721195346675623e-05
2.153000000000000000e+03 4.757874907227233378e-05
2.154000000000000000e+03 4.758616953040473055e-05
2.155000000000000000e+03 4.757029955120136241e-05
2.156000000000000000e+03 4.758525431194963817e-05
2.157000000000000000e+03 4.758041182261270899e-05
2.158000000000000000e+03 4.756408733859037396e-05
2.159000000000000000e+03 4.756591132415148056e-05
2.160000000000000000e+03 4.756615502022517043e-05
2.161000000000000000e+03 4.756605126506959381e-05
2.162000000000000000e+03 4.756993851818454582e-05
2.163000000000000000e+03 4.756712597251559532e-05
2.164000000000000000e+03 4.757417147629894208e-05
2.165000000000000000e+03 4.757035378133877868e-05
2.166000000000000000e+03 4.756039314088411738e-05
2.167000000000000000e+03 4.756493828608654331e-05
2.168000000000000000e+03 4.756742991351833253e-05
2.169000000000000000e+03 4.756782829645089832e-05
2.170000000000000000e+03 4.756780758422488986e-05
2.171000000000000000e+03 4.756154526451913136e-05
2.172000000000000000e+03 4.756914170381302897e-05
2.173000000000000000e+03 4.757485405813592167e-05
2.174000000000000000e+03 4.759138314208636835e-05
2.175000000000000000e+03 4.758639983871641141e-05
2.176000000000000000e+03 4.757847001504463653e-05
2.177000000000000000e+03 4.756957569043152170e-05
2.178000000000000000e+03 4.758226471797873802e-05
2.179000000000000000e+03 4.756964301729264214e-05
2.180000000000000000e+03 4.757114729727618532e-05
2.181000000000000000e+03 4.756324298796243857e-05
2.182000000000000000e+03 4.756159769992033333e-05
2.183000000000000000e+03 4.756738072804485550e-05
2.184000000000000000e+03 4.756887875070484804e-05
2.185000000000000000e+03 4.757627471311328023e-05
2.186000000000000000e+03 4.756635544860425059e-05
2.187000000000000000e+03 4.756029360578395752e-05
2.188000000000000000e+03 4.755878161328533951e-05
2.189000000000000000e+03 4.756604098171616748e-05
2.190000000000000000e+03 4.757402891603609206e-05
2.191000000000000000e+03 4.755676646406451554e-05
2.192000000000000000e+03 4.755838138711018093e-05
2.193000000000000000e+03 4.756356929040824274e-05
2.194000000000000000e+03 4.755640252066465734e-05
2.195000000000000000e+03 4.757499817060306641e-05
2.196000000000000000e+03 4.755842111383875410e-05
2.197000000000000000e+03 4.755878224386833446e-05
2.198000000000000000e+03 4.757074202643707395e-05
2.199000000000000000e+03 4.756034851501074722e-05
2.200000000000000000e+03 4.756480503904943457e-05
2.201000000000000000e+03 4.756511683808639564e-05
2.202000000000000000e+03 4.755664500407874259e-05
2.203000000000000000e+03 4.755617216384659120e-05
2.204000000000000000e+03 4.755389178171753965e-05
2.205000000000000000e+03 4.756405925339398077e-05
2.206000000000000000e+03 4.757776798214763159e-05
2.207000000000000000e+03 4.756049985492912766e-05
2.208000000000000000e+03 4.756035923492163420e-05
2.209000000000000000e+03 4.755283909616992176e-05
2.210000000000000000e+03 4.757119798644756503e-05
2.211000000000000000e+03 4.755599627969786769e-05
2.212000000000000000e+03 4.756264694151468521e-05
2.213000000000000000e+03 4.755288134523046793e-05
2.214000000000000000e+03 4.757899441756308214e-05
2.215000000000000000e+03 4.755630293705811221e-05
2.216000000000000000e+03 4.755738918902352317e-05
2.217000000000000000e+03 4.755323432618751959e-05
2.218000000000000000e+03 4.756178828150344103e-05
2.219000000000000000e+03 4.755794492666609368e-05
2.220000000000000000e+03 4.756061306882960137e-05
2.221000000000000000e+03 4.755144521671657445e-05
2.222000000000000000e+03 4.755957915525262862e-05
2.223000000000000000e+03 4.755125570227392235e-05
2.224000000000000000e+03 4.756550775103581295e-05
2.225000000000000000e+03 4.756134085861655401e-05
2.226000000000000000e+03 4.755178136595835108e-05
2.227000000000000000e+03 4.754926747409626543e-05
2.228000000000000000e+03 4.757076176853539736e-05
2.229000000000000000e+03 4.757639418433731135e-05
2.230000000000000000e+03 4.754982413336013574e-05
2.231000000000000000e+03 4.755403744638897235e-05
2.232000000000000000e+03 4.755081933884260564e-05
2.233000000000000000e+03 4.755189870290147780e-05
2.234000000000000000e+03 4.754983538684124712e-05
2.235000000000000000e+03 4.755438421852886541e-05
2.236000000000000000e+03 4.754644270481852528e-05
2.237000000000000000e+03 4.755319139803759998e-05
2.238000000000000000e+03 4.755172602017410072e-05
2.239000000000000000e+03 4.755932163485946908e-05
2.240000000000000000e+03 4.755586230506499346e-05
2.241000000000000000e+03 4.755215190622645002e-05
2.242000000000000000e+03 4.755597047430152794e-05
2.243000000000000000e+03 4.754700935639751707e-05
2.244000000000000000e+03 4.754632061424975738e-05
2.245000000000000000e+03 4.755210582516156245e-05
2.246000000000000000e+03 4.755230174244692100e-05
2.247000000000000000e+03 4.754976049298420765e-05
2.248000000000000000e+03 4.754594498081132715e-05
2.249000000000000000e+03 4.755319867399521416e-05
2.250000000000000000e+03 4.754946625325828709e-05
2.251000000000000000e+03 4.756289767101406970e-05
2.252000000000000000e+03 4.754947619706703009e-05
2.253000000000000000e+03 4.754872653090084285e-05
2.254000000000000000e+03 4.755475543788634457e-05
2.255000000000000000e+03 4.755957629337596550e-05
2.256000000000000000e+03 4.754728657038261475e-05
2.257000000000000000e+03 4.754435552361731818e-05
2.258000000000000000e+03 4.754614642782447085e-05
2.259000000000000000e+03 4.755066455497095919e-05
2.260000000000000000e+03 4.755273752380162803e-05
2.261000000000000000e+03 4.754185273971718812e-05
2.262000000000000000e+03 4.754820174033132864e-05
2.263000000000000000e+03 4.754926883227502586e-05
2.264000000000000000e+03 4.754811006326538586e-05
2.265000000000000000e+03 4.754344753261344794e-05
2.266000000000000000e+03 4.754448197976065188e-05
2.267000000000000000e+03 4.753815044144478810e-05
2.268000000000000000e+03 4.755062419765939107e-05
2.269000000000000000e+03 4.755693002759168563e-05
2.270000000000000000e+03 4.754697258855837078e-05
2.271000000000000000e+03 4.754499435269584213e-05
2.272000000000000000e+03 4.754343778283024602e-05
2.273000000000000000e+03 4.754554800456390029e-05
2.274000000000000000e+03 4.754694154447255071e-05
2.275000000000000000e+03 4.754142316717964645e-05
2.276000000000000000e+03 4.754398435276622429e-05
2.277000000000000000e+03 4.753736308581816834e-05
2.278000000000000000e+03 4.755538155829223295e-05
2.279000000000000000e+03 4.754313544253818881e-05
2.280000000000000000e+03 4.755254199456733808e-05
2.281000000000000000e+03 4.754457283221805863e-05
2.282000000000000000e+03 4.754603301989845606e-05
2.283000000000000000e+03 4.753897975509365598e-05
2.284000000000000000e+03 4.754795406673414156e-05
2.285000000000000000e+03 4.753838249598629800e-05
2.286000000000000000e+03 4.754141632777949292e-05
2.287000000000000000e+03 4.753997631875487954e-05
2.288000000000000000e+03 4.753796980367042341e-05
2.289000000000000000e+03 4.755102762525590965e-05
2.290000000000000000e+03 4.755171205033548203e-05
2.291000000000000000e+03 4.753579603857360482e-05
2.292000000000000000e+03 4.754325069370679639e-05
2.293000000000000000e+03 4.755008587380871204e-05
2.294000000000000000e+03 4.754112941251757181e-05
2.295000000000000000e+03 4.754733890877105296e-05
2.296000000000000000e+03 4.754522349685430364e-05
2.297000000000000000e+03 4.755160436616279347e-05
2.298000000000000000e+03 4.753321481985039873e-05
2.299000000000000000e+03 4.754269165763010889e-05
2.300000000000000000e+03 4.753553473468248916e-05
2.301000000000000000e+03 4.754590617570405377e-05
2.302000000000000000e+03 4.753754018262649648e-05
2.303000000000000000e+03 4.753660323331132531e-05
2.304000000000000000e+03 4.753713292302563651e-05
2.305000000000000000e+03 4.753612437828754286e-05
2.306000000000000000e+03 4.753692201726759573e-05
2.307000000000000000e+03 4.753700297442265153e-05
2.308000000000000000e+03 4.755336830082038704e-05
2.309000000000000000e+03 4.755116805123786204e-05
2.310000000000000000e+03 4.754387026575083606e-05
2.311000000000000000e+03 4.754136238868038149e-05
2.312000000000000000e+03 4.753476096084341271e-05
2.313000000000000000e+03 4.753711788604656900e-05
2.314000000000000000e+03 4.753585186942170109e-05
2.315000000000000000e+03 4.753562966167616366e-05
2.316000000000000000e+03 4.754328071915855290e-05
2.317000000000000000e+03 4.753526402055286169e-05
2.318000000000000000e+03 4.753662719546506549e-05
2.319000000000000000e+03 4.753182685817591873e-05
2.320000000000000000e+03 4.754112097240673827e-05
2.321000000000000000e+03 4.753871408562796775e-05
2.322000000000000000e+03 4.753336451055171390e-05
2.323000000000000000e+03 4.754074058534267364e-05
2.324000000000000000e+03 4.753091760600606537e-05
2.325000000000000000e+03 4.753145398960138108e-05
2.326000000000000000e+03 4.753214142207677238e-05
2.327000000000000000e+03 4.753529525866421606e-05
2.328000000000000000e+03 4.753474058816209435e-05
2.329000000000000000e+03 4.754261298027510652e-05
2.330000000000000000e+03 4.754519390796000777e-05
2.331000000000000000e+03 4.755028693277078036e-05
2.332000000000000000e+03 4.753134290998180499e-05
2.333000000000000000e+03 4.753521236125379692e-05
2.334000000000000000e+03 4.753107292344793623e-05
2.335000000000000000e+03 4.753482421316827219e-05
2.336000000000000000e+03 4.753352065260211401e-05
2.337000000000000000e+03 4.753202670447838921e-05
2.338000000000000000e+03 4.753178281437915825e-05
2.339000000000000000e+03 4.753482198187460403e-05
2.340000000000000000e+03 4.753746897525464260e-05
2.341000000000000000e+03 4.753178844111971395e-05
2.342000000000000000e+03 4.752981073882740971e-05
2.343000000000000000e+03 4.753463067269573763e-05
2.344000000000000000e+03 4.753598152698638801e-05
2.345000000000000000e+03 4.752765404797779927e-05
2.346000000000000000e+03 4.753430912387557463e-05
2.347000000000000000e+03 4.753855134670933368e-05
2.348000000000000000e+03 4.752972856901275606e-05
2.349000000000000000e+03 4.752994257917937952e-05
2.350000000000000000e+03 4.752884977885211309e-05
2.351000000000000000e+03 4.753271093553242729e-05
2.352000000000000000e+03 4.753920526127331040e-05
2.353000000000000000e+03 4.753025529983764038e-05
2.354000000000000000e+03 4.752706411333444073e-05
2.355000000000000000e+03 4.753007315836536623e-05
2.356000000000000000e+03 4.753374155067528306e-05
2.357000000000000000e+03 4.752982611535116732e-05
2.358000000000000000e+03 4.752715288001733513e-05
2.359000000000000000e+03 4.753374436404556090e-05
2.360000000000000000e+03 4.752825159812346209e-05
2.361000000000000000e+03 4.754140109677488434e-05
2.362000000000000000e+03 4.752709520592664607e-05
2.363000000000000000e+03 4.752680373106462486e-05
2.364000000000000000e+03 4.752679087687284025e-05
2.365000000000000000e+03 4.753288390929810920e-05
2.366000000000000000e+03 4.752342458232306107e-05
2.367000000000000000e+03 4.752996979126085820e-05
2.368000000000000000e+03 4.752550851359652967e-05
2.369000000000000000e+03 4.752519564741911978e-05
2.370000000000000000e+03 4.752370936330407777e-05
2.371000000000000000e+03 4.752445058935942469e-05
2.372000000000000000e+03 4.752307315357029736e-05
2.373000000000000000e+03 4.753533115338844783e-05
2.374000000000000000e+03 4.752750556993608872e-05
2.375000000000000000e+03 4.753081118299935993e-05
2.376000000000000000e+03 4.752329681650735221e-05
2.377000000000000000e+03 4.752926547856380660e-05
2.378000000000000000e+03 4.752226838415177934e-05
2.379000000000000000e+03 4.752457466868994119e-05
2.380000000000000000e+03 4.752578048889214703e-05
2.381000000000000000e+03 4.752685810672119016e-05
2.382000000000000000e+03 4.752648848807439100e-05
2.383000000000000000e+03 4.753059052745811723e-05
2.384000000000000000e+03 4.753305125632323542e-05
2.385000000000000000e+03 4.752923778141848878e-05
2.386000000000000000e+03 4.752643202664330656e-05
2.387000000000000000e+03 4.752513501443900385e-05
2.388000000000000000e+03 4.752564835750187238e-05
2.389000000000000000e+03 4.752422779953728436e-05
2.390000000000000000e+03 4.752031270375785873e-05
2.391000000000000000e+03 4.752587313608576809e-05
2.392000000000000000e+03 4.752982092516807227e-05
2.393000000000000000e+03 4.752266458429706901e-05
2.394000000000000000e+03 4.752573848236352043e-05
2.395000000000000000e+03 4.753099856316112117e-05
2.396000000000000000e+03 4.751941315286482202e-05
2.397000000000000000e+03 4.752263746922835410e-05
2.398000000000000000e+03 4.752058322386195190e-05
2.399000000000000000e+03 4.751940907832856106e-05
2.400000000000000000e+03 4.752772792320077519e-05
2.401000000000000000e+03 4.751969143399037529e-05
2.402000000000000000e+03 4.752753399467716524e-05
2.403000000000000000e+03 4.752568284554096524e-05
2.404000000000000000e+03 4.752531817454534155e-05
2.405000000000000000e+03 4.752768290927633643e-05
2.406000000000000000e+03 4.752484480074296576e-05
2.407000000000000000e+03 4.752350791629093407e-05
2.408000000000000000e+03 4.752530308905988877e-05
2.409000000000000000e+03 4.751969740027562109e-05
2.410000000000000000e+03 4.752166457668257265e-05
2.411000000000000000e+03 4.752253929230694789e-05
2.412000000000000000e+03 4.752347565954550938e-05
2.413000000000000000e+03 4.752587716211565056e-05
2.414000000000000000e+03 4.752143965257952791e-05
2.415000000000000000e+03 4.751942081687351158e-05
2.416000000000000000e+03 4.752599183120764846e-05
2.417000000000000000e+03 4.751700253109447387e-05
2.418000000000000000e+03 4.752344776837465727e-05
2.419000000000000000e+03 4.752067363976190479e-05
2.420000000000000000e+03 4.751753139620026260e-05
2.421000000000000000e+03 4.752070046379230808e-05
2.422000000000000000e+03 4.754195659188553528e-05
2.423000000000000000e+03 4.752489854581654289e-05
2.424000000000000000e+03 4.753161391514974408e-05
2.425000000000000000e+03 4.751720907127794885e-05
2.426000000000000000e+03 4.752159298125965017e-05
2.427000000000000000e+03 4.752585780806839575e-05
2.428000000000000000e+03 4.751852994862322798e-05
2.429000000000000000e+03 4.751525882359904286e-05
2.430000000000000000e+03 4.751802519119034202e-05
2.431000000000000000e+03 4.751862211075300990e-05
2.432000000000000000e+03 4.751540405171302169e-05
2.433000000000000000e+03 4.752109118271619109e-05
2.434000000000000000e+03 4.751678148750215579e-05
2.435000000000000000e+03 4.751965738250874308e-05
2.436000000000000000e+03 4.753029638474496720e-05
2.437000000000000000e+03 4.752567154355346858e-05
2.438000000000000000e+03 4.751967421422401811e-05
2.439000000000000000e+03 4.751917712079982171e-05
2.440000000000000000e+03 4.751791469364737561e-05
2.441000000000000000e+03 4.751685997083162385e-05
2.442000000000000000e+03 4.751731864719962225e-05
2.443000000000000000e+03 4.752307562739588510e-05
2.444000000000000000e+03 4.751897465515260769e-05
2.445000000000000000e+03 4.752001686332126495e-05
2.446000000000000000e+03 4.751608634251169644e-05
2.447000000000000000e+03 4.751403631720071101e-05
2.448000000000000000e+03 4.751698492327704809e-05
2.449000000000000000e+03 4.752024348514775345e-05
2.450000000000000000e+03 4.751276375221398762e-05
2.451000000000000000e+03 4.751554782463548310e-05
2.452000000000000000e+03 4.751335611217655540e-05
2.453000000000000000e+03 4.751667875098064271e-05
2.454000000000000000e+03 4.751413978131798280e-05
2.455000000000000000e+03 4.752264396908382430e-05
2.456000000000000000e+03 4.751337677589617859e-05
2.457000000000000000e+03 4.751297237817198174e-05
2.458000000000000000e+03 4.751674961880780648e-05
2.459000000000000000e+03 4.751302951869244639e-05
2.460000000000000000e+03 4.751367649684349904e-05
2.461000000000000000e+03 4.751158184565914346e-05
2.462000000000000000e+03 4.751585108654884010e-05
2.463000000000000000e+03 4.751278237866548372e-05
2.464000000000000000e+03 4.751015861984342662e-05
2.465000000000000000e+03 4.751297349381881582e-05
2.466000000000000000e+03 4.752042421993488868e-05
2.467000000000000000e+03 4.751148745223569337e-05
2.468000000000000000e+03 4.751587272039614835e-05
2.469000000000000000e+03 4.751481426258881896e-05
2.470000000000000000e+03 4.750958270354507204e-05
2.471000000000000000e+03 4.751109134910317424e-05
2.472000000000000000e+03 4.751016022055409984e-05
2.473000000000000000e+03 4.751333612754630564e-05
2.474000000000000000e+03 4.751140591300402789e-05
2.475000000000000000e+03 4.751419464203839401e-05
2.476000000000000000e+03 4.751366340011978809e-05
2.477000000000000000e+03 4.751669601925338516e-05
2.478000000000000000e+03 4.751011598273180506e-05
2.479000000000000000e+03 4.751466578454710841e-05
2.480000000000000000e+03 4.752362001454457370e-05
2.481000000000000000e+03 4.750722063666519920e-05
2.482000000000000000e+03 4.751392936062378116e-05
2.483000000000000000e+03 4.751273498792822099e-05
2.484000000000000000e+03 4.750880795957831054e-05
2.485000000000000000e+03 4.751550276220465908e-05
2.486000000000000000e+03 4.751937512385969261e-05
2.487000000000000000e+03 4.751338996963265331e-05
2.488000000000000000e+03 4.751231424355258824e-05
2.489000000000000000e+03 4.751046246383339329e-05
2.490000000000000000e+03 4.750984696632561458e-05
2.491000000000000000e+03 4.750738720758818144e-05
2.492000000000000000e+03 4.751734915771521791e-05
2.493000000000000000e+03 4.750745346730885307e-05
2.494000000000000000e+03 4.751399498976146462e-05
2.495000000000000000e+03 4.751061132992617921e-05
2.496000000000000000e+03 4.751845966287267389e-05
2.497000000000000000e+03 4.750418767798691880e-05
2.498000000000000000e+03 4.750842907621214859e-05
2.499000000000000000e+03 4.750878603469269745e-05
2.500000000000000000e+03 4.751650650481072628e-05
2.501000000000000000e+03 4.750773039025565269e-05
2.502000000000000000e+03 4.750732448883354637e-05
2.503000000000000000e+03 4.751521861180663055e-05
2.504000000000000000e+03 4.751068239177887729e-05
2.505000000000000000e+03 4.751431493787094761e-05
2.506000000000000000e+03 4.751192556189683911e-05
2.507000000000000000e+03 4.750766194774769138e-05
2.508000000000000000e+03 4.750887227904361884e-05
2.509000000000000000e+03 4.750651802169159136e-05
2.510000000000000000e+03 4.750910355748298475e-05
2.511000000000000000e+03 4.750710921750093301e-05
2.512000000000000000e+03 4.750979254216266401e-05
2.513000000000000000e+03 4.750860835580775963e-05
2.514000000000000000e+03 4.751297194161452109e-05
2.515000000000000000e+03 4.751061782978164942e-05
2.516000000000000000e+03 4.751428927799376367e-05
2.517000000000000000e+03 4.750605061417445459e-05
2.518000000000000000e+03 4.750856780447065722e-05
2.519000000000000000e+03 4.750688099496377129e-05
2.520000000000000000e+03 4.750513558974489651e-05
2.521000000000000000e+03 4.750408479594625668e-05
2.522000000000000000e+03 4.751154454424977275e-05
2.523000000000000000e+03 4.751704342197626639e-05
2.524000000000000000e+03 4.751080477338595002e-05
2.525000000000000000e+03 4.750861044158227877e-05
2.526000000000000000e+03 4.750850430961387817e-05
2.527000000000000000e+03 4.750445921672508229e-05
2.528000000000000000e+03 4.751488600353089725e-05
2.529000000000000000e+03 4.750947705664051058e-05
2.530000000000000000e+03 4.751065367599948915e-05
2.531000000000000000e+03 4.750881159755711763e-05
2.532000000000000000e+03 4.750681463823032912e-05
2.533000000000000000e+03 4.750615330218958241e-05
2.534000000000000000e+03 4.750312786200083575e-05
2.535000000000000000e+03 4.750543957925401899e-05
2.536000000000000000e+03 4.750699920502180574e-05
2.537000000000000000e+03 4.750573939721410320e-05
2.538000000000000000e+03 4.750531933192784389e-05
2.539000000000000000e+03 4.750807852057429941e-05
2.540000000000000000e+03 4.750576452352106273e-05
2.541000000000000000e+03 4.750444136637573694e-05
2.542000000000000000e+03 4.750436666654423177e-05
2.543000000000000000e+03 4.750892432639375221e-05
2.544000000000000000e+03 4.750146220127741216e-05
2.545000000000000000e+03 4.750756153953261701e-05
2.546000000000000000e+03 4.751182137018380183e-05
2.547000000000000000e+03 4.751507740972253418e-05
2.548000000000000000e+03 4.750808749425535735e-05
2.549000000000000000e+03 4.750228768292193864e-05
2.550000000000000000e+03 4.750246337304512786e-05
2.551000000000000000e+03 4.750384299162154487e-05
2.552000000000000000e+03 4.750571946109023871e-05
2.553000000000000000e+03 4.750395649656032342e-05
2.554000000000000000e+03 4.750232871932288020e-05
2.555000000000000000e+03 4.750094085466116396e-05
2.556000000000000000e+03 4.750558262458070814e-05
2.557000000000000000e+03 4.750421139760873941e-05
2.558000000000000000e+03 4.751047420237834381e-05
2.559000000000000000e+03 4.751128692684384946e-05
2.560000000000000000e+03 4.751023191298979286e-05
2.561000000000000000e+03 4.750358881816888759e-05
2.562000000000000000e+03 4.750081590221573972e-05
2.563000000000000000e+03 4.750432053697295216e-05
2.564000000000000000e+03 4.750378939206711677e-05
2.565000000000000000e+03 4.750095492151255319e-05
2.566000000000000000e+03 4.750168969621881517e-05
2.567000000000000000e+03 4.750795400468632904e-05
2.568000000000000000e+03 4.750603523765069698e-05
2.569000000000000000e+03 4.750086872566801707e-05
2.570000000000000000e+03 4.750506258763683511e-05
2.571000000000000000e+03 4.749982477126953755e-05
2.572000000000000000e+03 4.750702117841380410e-05
2.573000000000000000e+03 4.750229287310503369e-05
2.574000000000000000e+03 4.750082725270961487e-05
2.575000000000000000e+03 4.749909581732935878e-05
2.576000000000000000e+03 4.750748291068399991e-05
2.577000000000000000e+03 4.750343548948876533e-05
2.578000000000000000e+03 4.749990087778618164e-05
2.579000000000000000e+03 4.750202196494986514e-05
2.580000000000000000e+03 4.750636983468817888e-05
2.581000000000000000e+03 4.750162004105125602e-05
2.582000000000000000e+03 4.749827314905511692e-05
2.583000000000000000e+03 4.750006662410062786e-05
2.584000000000000000e+03 4.750219983786034404e-05
2.585000000000000000e+03 4.750404128571972061e-05
2.586000000000000000e+03 4.750440401645998097e-05
2.587000000000000000e+03 4.750002553919330104e-05
2.588000000000000000e+03 4.750102753556954599e-05
2.589000000000000000e+03 4.750600467862871605e-05
2.590000000000000000e+03 4.750365236153205191e-05
2.591000000000000000e+03 4.750921177522589772e-05
2.592000000000000000e+03 4.750595913113405289e-05
2.593000000000000000e+03 4.749643184671488937e-05
2.594000000000000000e+03 4.750295998140548513e-05
2.595000000000000000e+03 4.749686942280580392e-05
2.596000000000000000e+03 4.750252701342105594e-05
2.597000000000000000e+03 4.749788946355692853e-05
2.598000000000000000e+03 4.750074454932473681e-05
2.599000000000000000e+03 4.749899545762066968e-05
2.600000000000000000e+03 4.749710341760267715e-05
2.601000000000000000e+03 4.749788238162485542e-05
2.602000000000000000e+03 4.749947799912964449e-05
2.603000000000000000e+03 4.749719417304732014e-05
2.604000000000000000e+03 4.749911604449152811e-05
2.605000000000000000e+03 4.749961730946476279e-05
2.606000000000000000e+03 4.749983306586121528e-05
2.607000000000000000e+03 4.749660448093588117e-05
2.608000000000000000e+03 4.749884363263845688e-05
2.609000000000000000e+03 4.749860362304995259e-05
2.610000000000000000e+03 4.749626726455365573e-05
2.611000000000000000e+03 4.750195473510150846e-05
2.612000000000000000e+03 4.749905036684746616e-05
2.613000000000000000e+03 4.749466980380626709e-05
2.614000000000000000e+03 4.749772939248941649e-05
2.615000000000000000e+03 4.749929585765737033e-05
2.616000000000000000e+03 4.749585850125489307e-05
2.617000000000000000e+03 4.749922528086851140e-05
2.618000000000000000e+03 4.749710487279420134e-05
2.619000000000000000e+03 4.749718403521304284e-05
2.620000000000000000e+03 4.750414096633903628e-05
2.621000000000000000e+03 4.749735885222131754e-05
2.622000000000000000e+03 4.750340332975611118e-05
2.623000000000000000e+03 4.750367646920494789e-05
2.624000000000000000e+03 4.749876917533887128e-05
2.625000000000000000e+03 4.750655862153507905e-05
2.626000000000000000e+03 4.749520201585255807e-05
2.627000000000000000e+03 4.749939878820441772e-05
2.628000000000000000e+03 4.749824957495244534e-05
2.629000000000000000e+03 4.750413606719424607e-05
2.630000000000000000e+03 4.749590972399649719e-05
2.631000000000000000e+03 4.749863592830176254e-05
2.632000000000000000e+03 4.749583895318210396e-05
2.633000000000000000e+03 4.749709526853014845e-05
2.634000000000000000e+03 4.749843050376512164e-05
2.635000000000000000e+03 4.750088453874923533e-05
2.636000000000000000e+03 4.751038790952103716e-05
2.637000000000000000e+03 4.749467703125750278e-05
2.638000000000000000e+03 4.749648365153310317e-05
2.639000000000000000e+03 4.749534152021321067e-05
2.640000000000000000e+03 4.749639823179071103e-05
2.641000000000000000e+03 4.749439040703388651e-05
2.642000000000000000e+03 4.749677313763337578e-05
2.643000000000000000e+03 4.749723870190791975e-05
2.644000000000000000e+03 4.749799506195510472e-05
2.645000000000000000e+03 4.749405644057939278e-05
2.646000000000000000e+03 4.750177327271861452e-05
2.647000000000000000e+03 4.749985009160203139e-05
2.648000000000000000e+03 4.749413342021095139e-05
2.649000000000000000e+03 4.749382006896970236e-05
2.650000000000000000e+03 4.749682159551108732e-05
2.651000000000000000e+03 4.749358064145780775e-05
2.652000000000000000e+03 4.749407598865218190e-05
2.653000000000000000e+03 4.749351573991588977e-05
2.654000000000000000e+03 4.749939679944266912e-05
2.655000000000000000e+03 4.749771362791459028e-05
2.656000000000000000e+03 4.749601663206704178e-05
2.657000000000000000e+03 4.749369584412003683e-05
2.658000000000000000e+03 4.750044167546244842e-05
2.659000000000000000e+03 4.749858553016868767e-05
2.660000000000000000e+03 4.750165840960107554e-05
2.661000000000000000e+03 4.749440127246392252e-05
2.662000000000000000e+03 4.749376549928759598e-05
2.663000000000000000e+03 4.749337337367857406e-05
2.664000000000000000e+03 4.749428805856344881e-05
2.665000000000000000e+03 4.749531877071906834e-05
2.666000000000000000e+03 4.749373450370816119e-05
2.667000000000000000e+03 4.749348212499171821e-05
2.668000000000000000e+03 4.750037842313758893e-05
2.669000000000000000e+03 4.749303072458133400e-05
2.670000000000000000e+03 4.749822415760718096e-05
2.671000000000000000e+03 4.749437891102085556e-05
2.672000000000000000e+03 4.749895704056446489e-05
2.673000000000000000e+03 4.749283679605772405e-05
2.674000000000000000e+03 4.749267948985410459e-05
2.675000000000000000e+03 4.749829148446830818e-05
2.676000000000000000e+03 4.749337972801488846e-05
2.677000000000000000e+03 4.749402311669351928e-05
2.678000000000000000e+03 4.749263830793400723e-05
2.679000000000000000e+03 4.749467470295106407e-05
2.680000000000000000e+03 4.749298066599294245e-05
2.681000000000000000e+03 4.749316644544403047e-05
2.682000000000000000e+03 4.749273177973615753e-05
2.683000000000000000e+03 4.749303188873454657e-05
2.684000000000000000e+03 4.749280919592517000e-05
2.685000000000000000e+03 4.749334281465659313e-05
2.686000000000000000e+03 4.749371679887796487e-05
2.687000000000000000e+03 4.749857563486632994e-05
2.688000000000000000e+03 4.749643635780861098e-05
2.689000000000000000e+03 4.749288971652276516e-05
2.690000000000000000e+03 4.749660739131892956e-05
2.691000000000000000e+03 4.749276471557095566e-05
2.692000000000000000e+03 4.749458816756183785e-05
2.693000000000000000e+03 4.749675320150951806e-05
2.694000000000000000e+03 4.749140372344603475e-05
2.695000000000000000e+03 4.749478277517482801e-05
2.696000000000000000e+03 4.749270534375682283e-05
2.697000000000000000e+03 4.749316727005255972e-05
2.698000000000000000e+03 4.748915011684100122e-05
2.699000000000000000e+03 4.748971929075196602e-05
2.700000000000000000e+03 4.749177484579073660e-05
2.701000000000000000e+03 4.749509801816505510e-05
2.702000000000000000e+03 4.749076217800999672e-05
2.703000000000000000e+03 4.749394861088755519e-05
2.704000000000000000e+03 4.749200137060446134e-05
2.705000000000000000e+03 4.749407739533732082e-05
2.706000000000000000e+03 4.749804953462444056e-05
2.707000000000000000e+03 4.749123254441656037e-05
2.708000000000000000e+03 4.749172726102793957e-05
2.709000000000000000e+03 4.749808484727206266e-05
2.710000000000000000e+03 4.749203091099237194e-05
2.711000000000000000e+03 4.749173332432595591e-05
2.712000000000000000e+03 4.749063504277728281e-05
2.713000000000000000e+03 4.748986107491267206e-05
2.714000000000000000e+03 4.749048952362499914e-05
2.715000000000000000e+03 4.748934016485387773e-05
2.716000000000000000e+03 4.748957294699115311e-05
2.717000000000000000e+03 4.749158727160344783e-05
2.718000000000000000e+03 4.748994998711471548e-05
2.719000000000000000e+03 4.748981931091596502e-05
2.720000000000000000e+03 4.749056951065236989e-05
2.721000000000000000e+03 4.748975503995704199e-05
2.722000000000000000e+03 4.748991724530545166e-05
2.723000000000000000e+03 4.748802442918531515e-05
2.724000000000000000e+03 4.748990138371785491e-05
2.725000000000000000e+03 4.749026920762844655e-05
2.726000000000000000e+03 4.749406526874130170e-05
2.727000000000000000e+03 4.748860446852631596e-05
2.728000000000000000e+03 4.749066254589706632e-05
2.729000000000000000e+03 4.749492354070147050e-05
2.730000000000000000e+03 4.748815243753294358e-05
2.731000000000000000e+03 4.749350181858365635e-05
2.732000000000000000e+03 4.749295437553276356e-05
2.733000000000000000e+03 4.748958696533615707e-05
2.734000000000000000e+03 4.748943630450715685e-05
2.735000000000000000e+03 4.748851473171574329e-05
2.736000000000000000e+03 4.749015065802571521e-05
2.737000000000000000e+03 4.749084182549267736e-05
2.738000000000000000e+03 4.748868717191120079e-05
2.739000000000000000e+03 4.749181777394066299e-05
2.740000000000000000e+03 4.749044242392604803e-05
2.741000000000000000e+03 4.748862877022475302e-05
2.742000000000000000e+03 4.749169713856341929e-05
2.743000000000000000e+03 4.748941083865550720e-05
2.744000000000000000e+03 4.748867266850235769e-05
2.745000000000000000e+03 4.748912246820206190e-05
2.746000000000000000e+03 4.749210546530472808e-05
2.747000000000000000e+03 4.748943290906026932e-05
2.748000000000000000e+03 4.748730197510061336e-05
2.749000000000000000e+03 4.748710193477260859e-05
2.750000000000000000e+03 4.749563445026675607e-05
2.751000000000000000e+03 4.748536171973682886e-05
2.752000000000000000e+03 4.749150825470375536e-05
2.753000000000000000e+03 4.748914036705779253e-05
2.754000000000000000e+03 4.749357375355126894e-05
2.755000000000000000e+03 4.748627218456628684e-05
2.756000000000000000e+03 4.749074786862668792e-05
2.757000000000000000e+03 4.748772446570607514e-05
2.758000000000000000e+03 4.748836935808261543e-05
2.759000000000000000e+03 4.748962358765614755e-05
2.760000000000000000e+03 4.749119451541143096e-05
2.761000000000000000e+03 4.749012242731017299e-05
2.762000000000000000e+03 4.748894818476401161e-05
2.763000000000000000e+03 4.748937741775686316e-05
2.764000000000000000e+03 4.748707040562294261e-05
2.765000000000000000e+03 4.748692401335574443e-05
2.766000000000000000e+03 4.748715213888014239e-05
2.767000000000000000e+03 4.748638408879439217e-05
2.768000000000000000e+03 4.748871938015024021e-05
2.769000000000000000e+03 4.749160696519538598e-05
2.770000000000000000e+03 4.748843537527136749e-05
2.771000000000000000e+03 4.748670738384437742e-05
2.772000000000000000e+03 4.748729581478983326e-05
2.773000000000000000e+03 4.748780692655903363e-05
2.774000000000000000e+03 4.748786620136040269e-05
2.775000000000000000e+03 4.749277892794149391e-05
2.776000000000000000e+03 4.748659775941632553e-05
2.777000000000000000e+03 4.748649967950768986e-05
2.778000000000000000e+03 4.748644826274054466e-05
2.779000000000000000e+03 4.748676272962863454e-05
2.780000000000000000e+03 4.748617667549600267e-05
2.781000000000000000e+03 4.748787032440304892e-05
2.782000000000000000e+03 4.748936558219914888e-05
2.783000000000000000e+03 4.748783365357667316e-05
2.784000000000000000e+03 4.749326995806768753e-05
2.785000000000000000e+03 4.748593564727343483e-05
2.786000000000000000e+03 4.748917781398631903e-05
2.787000000000000000e+03 4.748543477035127553e-05
2.788000000000000000e+03 4.748589005127238640e-05
2.789000000000000000e+03 4.748812493441316007e-05
2.790000000000000000e+03 4.749117860531744894e-05
2.791000000000000000e+03 4.748678921411434773e-05
2.792000000000000000e+03 4.748828364730191845e-05
2.793000000000000000e+03 4.748541769610407416e-05
2.794000000000000000e+03 4.748577349043141044e-05
2.795000000000000000e+03 4.748549714956122050e-05
2.796000000000000000e+03 4.748742959539716641e-05
2.797000000000000000e+03 4.748646630711543108e-05
2.798000000000000000e+03 4.748646397880899238e-05
2.799000000000000000e+03 4.748533892173630803e-05
2.800000000000000000e+03 4.748580783295134748e-05
2.801000000000000000e+03 4.748464547446929244e-05
2.802000000000000000e+03 4.748622071929276315e-05
2.803000000000000000e+03 4.748347918697011868e-05
2.804000000000000000e+03 4.748682501182580897e-05
2.805000000000000000e+03 4.748442845690685005e-05
2.806000000000000000e+03 4.748596911667846414e-05
2.807000000000000000e+03 4.749102149313936378e-05
2.808000000000000000e+03 4.748511744158652931e-05
2.809000000000000000e+03 4.748416899625832718e-05
2.810000000000000000e+03 4.748690237950844295e-05
2.811000000000000000e+03 4.749548897962085767e-05
2.812000000000000000e+03 4.748409400538851718e-05
2.813000000000000000e+03 4.748508833775607257e-05
2.814000000000000000e+03 4.748605487596553961e-05
2.815000000000000000e+03 4.748567225760780004e-05
2.816000000000000000e+03 4.748920153360813965e-05
2.817000000000000000e+03 4.748681628067667060e-05
2.818000000000000000e+03 4.748497269853638961e-05
2.819000000000000000e+03 4.748594995665674363e-05
2.820000000000000000e+03 4.748832473220924527e-05
2.821000000000000000e+03 4.748827491615278007e-05
2.822000000000000000e+03 4.748460783351523163e-05
2.823000000000000000e+03 4.748481835122220381e-05
2.824000000000000000e+03 4.748540343522715063e-05
2.825000000000000000e+03 4.748425693833269233e-05
2.826000000000000000e+03 4.748659945713976929e-05
2.827000000000000000e+03 4.748358386374699509e-05
2.828000000000000000e+03 4.748464392226499771e-05
2.829000000000000000e+03 4.748512292280792919e-05
2.830000000000000000e+03 4.748433779847497759e-05
2.831000000000000000e+03 4.748423423734493527e-05
2.832000000000000000e+03 4.748385952552780482e-05
2.833000000000000000e+03 4.748761784867383540e-05
2.834000000000000000e+03 4.748408833014157622e-05
2.835000000000000000e+03 4.748998612437086683e-05
2.836000000000000000e+03 4.748335918217586992e-05
2.837000000000000000e+03 4.748401105947171956e-05
2.838000000000000000e+03 4.748750497431804502e-05
2.839000000000000000e+03 4.748351493617519465e-05
2.840000000000000000e+03 4.748501858557574288e-05
2.841000000000000000e+03 4.748819007848699761e-05
2.842000000000000000e+03 4.748398874653503109e-05
2.843000000000000000e+03 4.748381305641184187e-05
2.844000000000000000e+03 4.748396716119410811e-05
2.845000000000000000e+03 4.748715073219500347e-05
2.846000000000000000e+03 4.748655958489204708e-05
2.847000000000000000e+03 4.748472973005845845e-05
2.848000000000000000e+03 4.748437398423751421e-05
2.849000000000000000e+03 4.748243940412067067e-05
2.850000000000000000e+03 4.748351876817954282e-05
2.851000000000000000e+03 4.748187105481823511e-05
2.852000000000000000e+03 4.748400349247580053e-05
2.853000000000000000e+03 4.748567963057818476e-05
2.854000000000000000e+03 4.748224183761825363e-05
2.855000000000000000e+03 4.748417598117763653e-05
2.856000000000000000e+03 4.748282886187856378e-05
2.857000000000000000e+03 4.748608378577046205e-05
2.858000000000000000e+03 4.748615300438056055e-05
2.859000000000000000e+03 4.748488640567908974e-05
2.860000000000000000e+03 4.748916326207109067e-05
2.861000000000000000e+03 4.748309089336544492e-05
2.862000000000000000e+03 4.748698270608050381e-05
2.863000000000000000e+03 4.748511700502907544e-05
2.864000000000000000e+03 4.748262940362716868e-05
2.865000000000000000e+03 4.748573589798373490e-05
2.866000000000000000e+03 4.748418825329281146e-05
2.867000000000000000e+03 4.748248301135997050e-05
2.868000000000000000e+03 4.748457450962935813e-05
2.869000000000000000e+03 4.748306707673085377e-05
2.870000000000000000e+03 4.748648081052427418e-05
2.871000000000000000e+03 4.748211877692180068e-05
2.872000000000000000e+03 4.748321424510019593e-05
2.873000000000000000e+03 4.748213643324561173e-05
2.874000000000000000e+03 4.748179611245480360e-05
2.875000000000000000e+03 4.748172422599357628e-05
2.876000000000000000e+03 4.748148028738796684e-05
2.877000000000000000e+03 4.748442011380878705e-05
2.878000000000000000e+03 4.748355422634631395e-05
2.879000000000000000e+03 4.748328516143373820e-05
2.880000000000000000e+03 4.748731240397318872e-05
2.881000000000000000e+03 4.748593283390315699e-05
2.882000000000000000e+03 4.748116072732955244e-05
2.883000000000000000e+03 4.748266452224924971e-05
2.884000000000000000e+03 4.748095700051635531e-05
2.885000000000000000e+03 4.748815083682226358e-05
2.886000000000000000e+03 4.748235946559967841e-05
2.887000000000000000e+03 4.748156022590895232e-05
2.888000000000000000e+03 4.748264594430414565e-05
2.889000000000000000e+03 4.748266578341523960e-05
2.890000000000000000e+03 4.748257483394506231e-05
2.891000000000000000e+03 4.748146224301308719e-05
2.892000000000000000e+03 4.748026787031752702e-05
2.893000000000000000e+03 4.748219949154493691e-05
2.894000000000000000e+03 4.748155231936834997e-05
2.895000000000000000e+03 4.748426872538402812e-05
2.896000000000000000e+03 4.748477474398290398e-05
2.897000000000000000e+03 4.748103941286292853e-05
2.898000000000000000e+03 4.748278244126898610e-05
2.899000000000000000e+03 4.748327288931856327e-05
2.900000000000000000e+03 4.748299281345680248e-05
2.901000000000000000e+03 4.748258535983040820e-05
2.902000000000000000e+03 4.748440793870637588e-05
2.903000000000000000e+03 4.748070573744674641e-05
2.904000000000000000e+03 4.748090796056203409e-05
2.905000000000000000e+03 4.748040305760999231e-05
2.906000000000000000e+03 4.748211450836000542e-05
2.907000000000000000e+03 4.748080323527877240e-05
2.908000000000000000e+03 4.748306683419893420e-05
2.909000000000000000e+03 4.748253462215264322e-05
2.910000000000000000e+03 4.748121743129255645e-05
2.911000000000000000e+03 4.748234408907592080e-05
2.912000000000000000e+03 4.748002315560976682e-05
2.913000000000000000e+03 4.748104397246303540e-05
2.914000000000000000e+03 4.748210029598946038e-05
2.915000000000000000e+03 4.748097460833378109e-05
2.916000000000000000e+03 4.748026175851312541e-05
2.917000000000000000e+03 4.747983824927360009e-05
2.918000000000000000e+03 4.748501475357140149e-05
