0.000000000000000000e+00 1.586720013617589058e-03
1.000000000000000000e+00 2.162753389294341994e-04
2.000000000000000000e+00 1.848805694740457244e-04
3.000000000000000000e+00 1.790902869441444382e-04
4.000000000000000000e+00 1.736858666152111803e-04
5.000000000000000000e+00 1.657710181291046584e-04
6.000000000000000000e+00 1.558783907154780114e-04
7.000000000000000000e+00 1.431252694478385218e-04
8.000000000000000000e+00 1.256585606516424979e-04
9.000000000000000000e+00 9.942246384533820816e-05
1.000000000000000000e+01 5.057422482596995517e-05
1.100000000000000000e+01 4.108247519629068511e-06
1.200000000000000000e+01 2.430504926495814482e-07
1.300000000000000000e+01 1.329887015942386123e-07
1.400000000000000000e+01 9.399105284839518905e-08
1.500000000000000000e+01 9.080565968888554967e-08
1.600000000000000000e+01 6.203576702672161534e-08
1.700000000000000000e+01 5.439054865824463789e-08
1.800000000000000000e+01 4.339920675534524039e-08
1.900000000000000000e+01 3.929564977092705075e-08
2.000000000000000000e+01 2.518953031615813953e-08
2.100000000000000000e+01 1.663080678629179724e-08
2.200000000000000000e+01 1.683220934969045033e-08
2.300000000000000000e+01 1.363591752680144824e-08
2.400000000000000000e+01 9.704008299976337413e-09
2.500000000000000000e+01 7.540621954503057686e-09
2.600000000000000000e+01 6.192262670713994160e-09
2.700000000000000000e+01 5.121492763476957497e-09
2.800000000000000000e+01 5.125995044661907329e-09
2.900000000000000000e+01 4.544626393005045937e-09
3.000000000000000000e+01 3.356450931771350756e-09
3.100000000000000000e+01 2.955199819260571995e-09
3.200000000000000000e+01 2.846687817930516559e-09
3.300000000000000000e+01 4.080451640898226507e-09
3.400000000000000000e+01 4.076460712798234410e-09
3.500000000000000000e+01 3.206980658568553679e-09
3.600000000000000000e+01 1.887321328114816489e-09
3.700000000000000000e+01 2.713772106300185231e-09
3.800000000000000000e+01 2.893695781714239863e-09
3.900000000000000000e+01 2.201852745254146205e-09
4.000000000000000000e+01 3.403299960191091803e-09
4.100000000000000000e+01 1.393185567217876587e-09
4.200000000000000000e+01 2.696312647702783973e-09
4.300000000000000000e+01 1.253239941033069928e-08
4.400000000000000000e+01 9.917844726160046782e-09
4.500000000000000000e+01 2.532850111882739040e-09
4.600000000000000000e+01 7.774915800722277334e-10
4.700000000000000000e+01 3.461909224093268448e-09
4.800000000000000000e+01 2.443995365987696012e-09
4.900000000000000000e+01 5.958370635623305001e-09
5.000000000000000000e+01 2.065169556029054368e-08
5.100000000000000000e+01 5.777869547222185689e-08
5.200000000000000000e+01 4.876649417832632949e-09
5.300000000000000000e+01 1.034629999849322613e-09
5.400000000000000000e+01 7.926664575020510993e-10
5.500000000000000000e+01 9.275185315061174158e-10
5.600000000000000000e+01 2.411329912156257196e-09
5.700000000000000000e+01 2.276330160356710913e-09
5.800000000000000000e+01 3.065089576593945276e-08
5.900000000000000000e+01 5.988695432002092321e-08
6.000000000000000000e+01 3.080806298975439259e-08
6.100000000000000000e+01 5.960194356370331323e-09
6.200000000000000000e+01 7.798588951802760248e-10
6.300000000000000000e+01 6.024267982537291555e-10
6.400000000000000000e+01 2.142216595589099319e-09
6.500000000000000000e+01 3.229017704808829145e-09
6.600000000000000000e+01 1.851537467299672507e-09
6.700000000000000000e+01 5.111754112124934515e-10
6.800000000000000000e+01 1.498656667505153093e-09
6.900000000000000000e+01 2.354205232997661936e-09
7.000000000000000000e+01 2.044082243061220382e-09
7.100000000000000000e+01 7.532619847027649453e-10
7.200000000000000000e+01 2.933175999586041479e-08
7.300000000000000000e+01 2.823275291187085680e-08
7.400000000000000000e+01 3.567267833152201554e-09
7.500000000000000000e+01 1.501225822970383645e-09
7.600000000000000000e+01 3.059743330964329402e-09
7.700000000000000000e+01 9.580810774831930925e-10
7.800000000000000000e+01 5.319966253852096182e-10
7.900000000000000000e+01 3.089684155500564859e-10
8.000000000000000000e+01 3.660333924848078897e-10
8.100000000000000000e+01 3.090762126008604110e-09
8.200000000000000000e+01 5.667398245111030004e-09
8.300000000000000000e+01 8.625999784506408057e-09
8.400000000000000000e+01 1.690455476587054632e-08
8.500000000000000000e+01 1.485066417515327591e-09
8.600000000000000000e+01 1.128543235923278682e-09
8.700000000000000000e+01 1.590025487141629529e-09
8.800000000000000000e+01 5.337641281261767761e-09
8.900000000000000000e+01 4.851913617760701608e-08
9.000000000000000000e+01 7.367819121902171413e-09
9.100000000000000000e+01 3.685244975613738978e-09
9.200000000000000000e+01 2.962364036121252087e-10
9.300000000000000000e+01 1.796077218567158300e-10
9.400000000000000000e+01 2.721665932932817393e-10
9.500000000000000000e+01 1.888034017668367291e-10
9.600000000000000000e+01 1.181699708279868315e-09
9.700000000000000000e+01 1.576187046902925310e-10
9.800000000000000000e+01 1.145300117705874420e-09
9.900000000000000000e+01 8.590303284769954096e-09
1.000000000000000000e+02 5.118921217320745531e-08
1.010000000000000000e+02 4.908274450463520562e-08
1.020000000000000000e+02 2.928390664996364564e-09
1.030000000000000000e+02 2.792117093938074893e-10
1.040000000000000000e+02 2.021936069173470759e-10
1.050000000000000000e+02 1.617130403728429242e-10
1.060000000000000000e+02 5.959639486217481431e-10
1.070000000000000000e+02 3.257077983958683632e-10
1.080000000000000000e+02 2.374396168456709888e-10
1.090000000000000000e+02 1.906787120711590788e-10
1.100000000000000000e+02 3.650378954229824188e-10
1.110000000000000000e+02 1.626515932830628702e-10
1.120000000000000000e+02 2.100308798617212394e-10
1.130000000000000000e+02 2.377350319081661234e-10
1.140000000000000000e+02 2.718493307183987732e-10
1.150000000000000000e+02 3.757017898424264537e-10
1.160000000000000000e+02 4.445672473188343533e-10
1.170000000000000000e+02 1.356184134072606745e-09
1.180000000000000000e+02 1.040916425759404594e-09
1.190000000000000000e+02 4.094680272949393467e-09
1.200000000000000000e+02 1.642546296085454293e-08
1.210000000000000000e+02 3.674535952520756445e-08
1.220000000000000000e+02 2.554418697928123366e-08
1.230000000000000000e+02 1.217895374571136090e-09
1.240000000000000000e+02 4.847953149736889734e-10
1.250000000000000000e+02 1.704511696188287697e-10
1.260000000000000000e+02 2.445878049030690872e-10
1.270000000000000000e+02 2.027827846020225421e-10
1.280000000000000000e+02 1.542361212076023315e-10
1.290000000000000000e+02 1.797599014748750282e-10
1.300000000000000000e+02 1.919471985065740585e-10
1.310000000000000000e+02 2.782649902563969632e-10
1.320000000000000000e+02 1.220555910676211983e-10
1.330000000000000000e+02 1.710787852013819106e-10
1.340000000000000000e+02 3.757686847355960295e-10
1.350000000000000000e+02 2.740449614700833613e-09
1.360000000000000000e+02 5.440989839216553208e-09
1.370000000000000000e+02 3.105733011907197825e-10
1.380000000000000000e+02 1.346664137372286783e-10
1.390000000000000000e+02 4.047236389338609773e-10
1.400000000000000000e+02 1.187221511136588158e-10
1.410000000000000000e+02 1.883117785509276196e-10
1.420000000000000000e+02 9.771520906917122985e-10
1.430000000000000000e+02 3.009377583270208484e-10
1.440000000000000000e+02 1.337881249015106776e-09
1.450000000000000000e+02 1.581724040014891947e-07
1.460000000000000000e+02 1.140302966329773563e-08
1.470000000000000000e+02 1.529202205378158079e-09
1.480000000000000000e+02 4.318920513814564807e-10
1.490000000000000000e+02 1.686672510463245381e-10
1.500000000000000000e+02 1.152932775161789728e-10
1.510000000000000000e+02 1.135559501860535684e-10
1.520000000000000000e+02 1.315672764688678354e-10
1.530000000000000000e+02 1.245784087028859816e-10
1.540000000000000000e+02 1.549357300628406403e-10
1.550000000000000000e+02 1.156789910156772833e-10
1.560000000000000000e+02 1.083710127017312788e-10
1.570000000000000000e+02 1.207255781019570927e-10
1.580000000000000000e+02 1.273518943196420529e-10
1.590000000000000000e+02 1.078079713282234694e-10
1.600000000000000000e+02 1.058039078860654282e-10
1.610000000000000000e+02 1.201558649633776246e-10
1.620000000000000000e+02 1.171849520383247174e-10
1.630000000000000000e+02 1.151882011830028994e-10
1.640000000000000000e+02 9.865032739919769123e-11
1.650000000000000000e+02 1.024107708132573181e-10
1.660000000000000000e+02 1.129874462153593818e-10
1.670000000000000000e+02 1.010968995219136062e-10
1.680000000000000000e+02 1.070105667892391992e-10
1.690000000000000000e+02 1.056245615252679695e-10
1.700000000000000000e+02 1.416325923862975627e-10
1.710000000000000000e+02 1.341138229302277348e-10
1.720000000000000000e+02 1.112920222459916640e-10
1.730000000000000000e+02 1.255000182034332879e-10
1.740000000000000000e+02 1.119705645425587931e-10
1.750000000000000000e+02 9.683485432529062472e-11
1.760000000000000000e+02 1.259863796355894587e-10
1.770000000000000000e+02 1.323083305834188729e-10
1.780000000000000000e+02 1.720551383326467764e-10
1.790000000000000000e+02 2.085444735983323089e-10
1.800000000000000000e+02 3.656693932168105470e-10
1.810000000000000000e+02 1.089195076823450000e-10
1.820000000000000000e+02 1.710737009468946890e-10
1.830000000000000000e+02 1.250005029194507749e-10
1.840000000000000000e+02 1.356411660394278456e-10
1.850000000000000000e+02 5.442084039703218033e-10
1.860000000000000000e+02 3.399101039905969477e-10
1.870000000000000000e+02 1.086558094011245694e-09
1.880000000000000000e+02 6.936718273952540857e-10
1.890000000000000000e+02 4.779123304486899529e-10
1.900000000000000000e+02 4.243690800499244756e-10
1.910000000000000000e+02 1.593336350218507436e-10
1.920000000000000000e+02 1.283553513609555580e-10
1.930000000000000000e+02 2.037563359930386877e-10
1.940000000000000000e+02 1.049197162405912477e-10
1.950000000000000000e+02 1.308905597018476984e-10
1.960000000000000000e+02 4.537270900162944515e-09
1.970000000000000000e+02 2.245935203599652544e-09
1.980000000000000000e+02 2.269265024768776578e-09
1.990000000000000000e+02 1.241127293186274613e-08
2.000000000000000000e+02 9.832238153154094874e-09
2.010000000000000000e+02 1.140812914156048892e-09
2.020000000000000000e+02 2.161451478805482583e-10
2.030000000000000000e+02 1.836615995111681126e-10
2.040000000000000000e+02 3.249430855440783145e-10
2.050000000000000000e+02 9.314052662778813870e-11
2.060000000000000000e+02 1.109601221785104002e-10
2.070000000000000000e+02 1.168766619136624679e-10
2.080000000000000000e+02 1.815074239678150368e-10
2.090000000000000000e+02 9.549479941171815987e-11
2.100000000000000000e+02 2.174997282121513252e-10
2.110000000000000000e+02 1.504822746262918014e-10
2.120000000000000000e+02 1.593211113981328860e-10
2.130000000000000000e+02 1.838293418026266359e-10
2.140000000000000000e+02 4.336387505010738878e-10
2.150000000000000000e+02 9.644580994131995326e-10
2.160000000000000000e+02 4.098010775160835587e-10
2.170000000000000000e+02 1.142685090586500607e-10
2.180000000000000000e+02 1.516497917895191600e-10
2.190000000000000000e+02 1.162023110986046397e-10
2.200000000000000000e+02 4.079503815345893598e-10
2.210000000000000000e+02 1.504605695963163719e-09
2.220000000000000000e+02 2.186233916778312973e-09
2.230000000000000000e+02 7.271074295800968915e-09
2.240000000000000000e+02 4.850094802003399627e-10
2.250000000000000000e+02 1.722032052910358140e-10
2.260000000000000000e+02 2.045851552559493426e-10
2.270000000000000000e+02 2.940054769469101986e-10
2.280000000000000000e+02 1.305404482357121426e-10
2.290000000000000000e+02 1.562633689433690034e-10
2.300000000000000000e+02 1.203628351043970434e-10
2.310000000000000000e+02 1.120084535404151903e-10
2.320000000000000000e+02 1.094918403138814161e-10
2.330000000000000000e+02 1.393662659867224673e-10
2.340000000000000000e+02 8.435020181327599520e-10
2.350000000000000000e+02 1.401346700725082027e-09
2.360000000000000000e+02 8.658032248926959003e-10
2.370000000000000000e+02 1.624688702295036081e-09
2.380000000000000000e+02 1.856145955852739996e-09
2.390000000000000000e+02 1.634569279745859893e-09
2.400000000000000000e+02 5.309241167589201338e-09
2.410000000000000000e+02 8.886177828550716977e-10
2.420000000000000000e+02 1.783360002261207994e-10
2.430000000000000000e+02 1.024393943228881779e-10
2.440000000000000000e+02 9.111652604116406380e-11
2.450000000000000000e+02 1.375998598850210855e-10
2.460000000000000000e+02 8.590645305121942890e-11
2.470000000000000000e+02 1.026753488468605617e-10
2.480000000000000000e+02 9.839212046309442102e-11
2.490000000000000000e+02 9.143076670534866080e-11
2.500000000000000000e+02 8.597806987131906054e-11
2.510000000000000000e+02 8.979745601742955607e-11
2.520000000000000000e+02 1.292602273373281925e-10
2.530000000000000000e+02 1.004135562078043682e-10
2.540000000000000000e+02 1.431024183946384244e-10
2.550000000000000000e+02 2.804818549344662429e-10
2.560000000000000000e+02 4.948118050583433719e-10
2.570000000000000000e+02 2.188041867845083332e-09
2.580000000000000000e+02 1.501847108696387227e-09
2.590000000000000000e+02 1.900290725579689397e-10
2.600000000000000000e+02 1.147994489880582445e-10
2.610000000000000000e+02 2.235411372246279667e-10
2.620000000000000000e+02 1.582303171045947409e-10
2.630000000000000000e+02 1.387321692012464777e-10
2.640000000000000000e+02 1.241652591920152251e-10
2.650000000000000000e+02 9.450523758353381550e-11
2.660000000000000000e+02 9.092817682532482973e-11
2.670000000000000000e+02 1.582295586043818889e-10
2.680000000000000000e+02 1.261107737910006860e-09
2.690000000000000000e+02 5.400134980269901485e-09
2.700000000000000000e+02 1.138093606260108310e-09
2.710000000000000000e+02 5.247992705097304506e-10
2.720000000000000000e+02 9.483891074894268734e-11
2.730000000000000000e+02 9.356220998361834130e-11
2.740000000000000000e+02 8.123925068532668754e-11
2.750000000000000000e+02 8.334369813817044859e-11
2.760000000000000000e+02 8.202843519034624795e-11
2.770000000000000000e+02 8.717006896478872007e-11
2.780000000000000000e+02 1.461809726158410826e-10
2.790000000000000000e+02 1.454650996296749926e-10
2.800000000000000000e+02 1.445119192808877400e-10
2.810000000000000000e+02 1.402679877637700893e-10
2.820000000000000000e+02 1.517985329335291957e-10
2.830000000000000000e+02 1.475029418253312105e-10
2.840000000000000000e+02 1.479218382927597232e-10
2.850000000000000000e+02 9.846837946046911146e-11
2.860000000000000000e+02 1.170241136966540350e-10
2.870000000000000000e+02 2.296456190584840354e-10
2.880000000000000000e+02 1.745075508076353116e-10
2.890000000000000000e+02 4.103327314718061141e-10
2.900000000000000000e+02 1.035657501466633876e-10
2.910000000000000000e+02 1.329792531103266014e-10
2.920000000000000000e+02 6.572972415219159646e-10
2.930000000000000000e+02 3.866652268968733107e-10
2.940000000000000000e+02 9.967927003709104082e-11
2.950000000000000000e+02 2.079011789917744541e-10
2.960000000000000000e+02 1.195940116780673414e-10
2.970000000000000000e+02 1.603160015479829160e-10
2.980000000000000000e+02 6.127940638530152571e-10
2.990000000000000000e+02 6.731018998580453304e-09
3.000000000000000000e+02 1.074541732295132289e-09
3.010000000000000000e+02 1.625236382811669535e-10
3.020000000000000000e+02 9.028707419167048845e-11
3.030000000000000000e+02 8.075201668769777894e-11
3.040000000000000000e+02 8.687408802793989998e-11
3.050000000000000000e+02 8.370216977293697484e-11
3.060000000000000000e+02 1.018405492984937278e-10
3.070000000000000000e+02 8.564480155138872198e-11
3.080000000000000000e+02 8.256201442623309935e-11
3.090000000000000000e+02 8.272308738086761453e-11
3.100000000000000000e+02 8.600491977813264375e-11
3.110000000000000000e+02 7.954806145635072100e-11
3.120000000000000000e+02 1.204094989335175838e-10
3.130000000000000000e+02 8.864895224880191926e-11
3.140000000000000000e+02 1.175465630190389419e-10
3.150000000000000000e+02 8.402927590599901595e-11
3.160000000000000000e+02 7.890320293784833811e-11
3.170000000000000000e+02 7.944713174454180466e-11
3.180000000000000000e+02 9.331137663582728475e-11
3.190000000000000000e+02 9.712945361665733620e-11
3.200000000000000000e+02 8.546566057032809995e-11
3.210000000000000000e+02 8.339445975046557336e-11
3.220000000000000000e+02 7.891634498329468749e-11
3.230000000000000000e+02 1.056989489261324885e-10
3.240000000000000000e+02 8.491931955854780559e-11
3.250000000000000000e+02 8.270711582990005912e-11
3.260000000000000000e+02 8.124408792624506416e-11
3.270000000000000000e+02 7.529869189597090543e-11
3.280000000000000000e+02 1.663525567028765128e-10
3.290000000000000000e+02 1.469319202181120698e-10
3.300000000000000000e+02 3.063587024792778588e-10
3.310000000000000000e+02 3.578853145671958984e-10
3.320000000000000000e+02 1.058539220893486931e-10
3.330000000000000000e+02 1.787787888400850698e-10
3.340000000000000000e+02 2.637963944767101668e-10
3.350000000000000000e+02 2.235462068396717509e-10
3.360000000000000000e+02 9.217964993173437713e-11
3.370000000000000000e+02 9.615361929360373947e-11
3.380000000000000000e+02 1.145292990131774720e-10
3.390000000000000000e+02 1.175840235596735288e-10
3.400000000000000000e+02 1.239923620184712627e-10
3.410000000000000000e+02 1.105162430958250024e-10
3.420000000000000000e+02 8.825164147851558608e-11
3.430000000000000000e+02 7.638128182706446640e-11
3.440000000000000000e+02 1.141554296886015592e-10
3.450000000000000000e+02 9.921935348472335632e-11
3.460000000000000000e+02 1.297188428933300484e-10
3.470000000000000000e+02 3.243888055233340696e-10
3.480000000000000000e+02 9.096949646042121503e-10
3.490000000000000000e+02 3.153802892034181943e-10
3.500000000000000000e+02 1.238542085539162918e-10
3.510000000000000000e+02 8.299874618529796741e-11
3.520000000000000000e+02 8.229799934533468816e-11
3.530000000000000000e+02 7.873286089184683243e-11
3.540000000000000000e+02 7.262456108441157770e-11
3.550000000000000000e+02 7.524304617065557147e-11
3.560000000000000000e+02 8.590727094257043850e-11
3.570000000000000000e+02 7.792940061147892013e-11
3.580000000000000000e+02 7.378530516096816651e-11
3.590000000000000000e+02 1.083986379749711148e-10
3.600000000000000000e+02 1.156600153095482979e-10
3.610000000000000000e+02 9.685327858598122032e-11
3.620000000000000000e+02 2.423447472531252747e-10
3.630000000000000000e+02 2.524923938664421753e-10
3.640000000000000000e+02 7.931213191049349846e-11
3.650000000000000000e+02 8.723924535527686263e-11
3.660000000000000000e+02 1.155608311334229091e-10
3.670000000000000000e+02 1.292513940053306198e-10
3.680000000000000000e+02 1.077171028652573112e-10
3.690000000000000000e+02 1.446780154628398736e-10
3.700000000000000000e+02 2.714940186891416849e-10
3.710000000000000000e+02 1.520284331475079497e-10
3.720000000000000000e+02 8.484465592692988967e-11
3.730000000000000000e+02 7.423716410408231226e-11
3.740000000000000000e+02 1.018184534289538120e-10
3.750000000000000000e+02 1.680432141802291648e-10
3.760000000000000000e+02 2.564208608578704451e-10
3.770000000000000000e+02 9.272090569650975676e-11
3.780000000000000000e+02 4.219523247506543066e-10
3.790000000000000000e+02 3.905846375973343316e-10
3.800000000000000000e+02 1.458604453280977965e-10
3.810000000000000000e+02 7.423591390993908266e-11
3.820000000000000000e+02 7.438343094245130238e-11
3.830000000000000000e+02 7.290269835751568893e-11
3.840000000000000000e+02 7.024310365960117053e-11
3.850000000000000000e+02 7.943710278840820801e-11
3.860000000000000000e+02 7.526730493638658360e-11
3.870000000000000000e+02 8.706944447182177133e-11
3.880000000000000000e+02 7.857889191777689826e-11
3.890000000000000000e+02 9.055089465135407967e-11
3.900000000000000000e+02 1.026665748959834594e-10
3.910000000000000000e+02 2.893009373859164523e-10
3.920000000000000000e+02 6.813383860793619133e-10
3.930000000000000000e+02 2.068884697457041598e-10
3.940000000000000000e+02 7.785335819087868054e-11
3.950000000000000000e+02 7.213156928375132790e-11
3.960000000000000000e+02 8.052923794509701607e-11
3.970000000000000000e+02 1.002137848681078636e-10
3.980000000000000000e+02 7.011833384071887072e-11
3.990000000000000000e+02 1.042593797355933340e-10
4.000000000000000000e+02 7.930441237858032718e-11
4.010000000000000000e+02 6.898366463463867237e-11
4.020000000000000000e+02 8.305235773437163003e-11
4.030000000000000000e+02 8.345380575316549881e-11
4.040000000000000000e+02 7.645872499288431533e-11
4.050000000000000000e+02 9.686816551463754401e-11
4.060000000000000000e+02 8.820002553908100913e-11
4.070000000000000000e+02 8.563480893649273968e-11
4.080000000000000000e+02 7.318782562081820362e-11
4.090000000000000000e+02 6.907874150290142264e-11
4.100000000000000000e+02 7.399873858395233926e-11
4.110000000000000000e+02 7.052799875446503458e-11
4.120000000000000000e+02 7.290359404859781281e-11
4.130000000000000000e+02 8.281004151671703349e-11
4.140000000000000000e+02 1.465061002734674784e-10
4.150000000000000000e+02 7.152901294286217898e-11
4.160000000000000000e+02 7.371662067886434242e-11
4.170000000000000000e+02 7.403786219886708304e-11
4.180000000000000000e+02 7.356588533366465855e-11
4.190000000000000000e+02 7.030922261885373167e-11
4.200000000000000000e+02 1.040592240819211422e-10
4.210000000000000000e+02 1.588744657476517482e-10
4.220000000000000000e+02 7.515061238054773474e-11
4.230000000000000000e+02 8.960637726072925203e-11
4.240000000000000000e+02 8.048065632446441954e-11
4.250000000000000000e+02 8.453394887119116634e-11
4.260000000000000000e+02 7.316467459935819803e-11
4.270000000000000000e+02 8.563644522617161082e-11
4.280000000000000000e+02 7.636766912403311772e-11
4.290000000000000000e+02 7.762824580671033120e-11
4.300000000000000000e+02 7.439989681820594947e-11
4.310000000000000000e+02 6.868125661442503202e-11
4.320000000000000000e+02 1.339006834081046620e-10
4.330000000000000000e+02 1.850823162404356724e-10
4.340000000000000000e+02 1.179203315589394418e-10
4.350000000000000000e+02 7.788914066259864112e-11
4.360000000000000000e+02 7.324274957781665223e-11
4.370000000000000000e+02 7.141301605320938638e-11
4.380000000000000000e+02 1.399680275594446217e-10
4.390000000000000000e+02 9.278721476826847762e-11
4.400000000000000000e+02 8.176494535125202572e-11
4.410000000000000000e+02 7.115180073361197064e-11
4.420000000000000000e+02 8.771583840626781595e-11
4.430000000000000000e+02 6.939169509922388977e-11
4.440000000000000000e+02 7.048545488281159109e-11
4.450000000000000000e+02 7.541080799004600811e-11
4.460000000000000000e+02 7.327465556546567006e-11
4.470000000000000000e+02 7.541857797436809254e-11
4.480000000000000000e+02 9.308966448170749081e-11
4.490000000000000000e+02 1.174270259397873042e-10
4.500000000000000000e+02 8.688645519263043364e-11
4.510000000000000000e+02 7.321649658388371109e-11
4.520000000000000000e+02 7.875608947660535724e-11
4.530000000000000000e+02 1.090026845523211451e-10
4.540000000000000000e+02 1.604593149606785023e-10
4.550000000000000000e+02 9.717049895064914715e-11
4.560000000000000000e+02 6.982115283134411344e-11
4.570000000000000000e+02 6.872963679084347425e-11
4.580000000000000000e+02 8.476096800619071313e-11
4.590000000000000000e+02 7.203790001251097129e-11
4.600000000000000000e+02 7.149669918158347598e-11
4.610000000000000000e+02 6.727275124560483479e-11
4.620000000000000000e+02 7.505640318898575590e-11
4.630000000000000000e+02 8.706250421030522191e-11
4.640000000000000000e+02 7.211080790939766495e-11
4.650000000000000000e+02 6.932768856923529006e-11
4.660000000000000000e+02 8.129999478743595685e-11
4.670000000000000000e+02 8.384012401607973063e-11
4.680000000000000000e+02 9.597664478232019340e-11
4.690000000000000000e+02 1.155258373971232679e-10
4.700000000000000000e+02 7.329791828920765679e-11
4.710000000000000000e+02 7.873021875591909870e-11
4.720000000000000000e+02 7.371512505774736748e-11
4.730000000000000000e+02 6.858353633335981917e-11
4.740000000000000000e+02 6.779833996212646217e-11
4.750000000000000000e+02 7.209438493487799421e-11
4.760000000000000000e+02 7.123768717565632050e-11
4.770000000000000000e+02 6.776568852952321803e-11
4.780000000000000000e+02 6.920308363256422710e-11
4.790000000000000000e+02 6.725239341251135789e-11
4.800000000000000000e+02 7.082688871451237311e-11
4.810000000000000000e+02 6.748161813211273738e-11
4.820000000000000000e+02 6.886148650050806706e-11
4.830000000000000000e+02 6.744047316972909641e-11
4.840000000000000000e+02 6.731256091158598261e-11
4.850000000000000000e+02 7.602796830616566357e-11
4.860000000000000000e+02 6.736396621319560761e-11
4.870000000000000000e+02 7.323789681822495837e-11
4.880000000000000000e+02 7.062299512488623065e-11
4.890000000000000000e+02 7.129241907750725061e-11
4.900000000000000000e+02 7.787206703613102549e-11
4.910000000000000000e+02 7.299028900896352643e-11
4.920000000000000000e+02 6.980339467998326859e-11
4.930000000000000000e+02 6.804980944616582894e-11
4.940000000000000000e+02 7.023418416478414688e-11
4.950000000000000000e+02 6.612520438792026097e-11
4.960000000000000000e+02 6.647925784154371561e-11
4.970000000000000000e+02 6.885638953332716677e-11
4.980000000000000000e+02 7.501208181319516031e-11
4.990000000000000000e+02 7.904118898502120728e-11
5.000000000000000000e+02 7.885216911768576079e-11
5.010000000000000000e+02 6.987624389335811628e-11
5.020000000000000000e+02 7.237681726674617073e-11
5.030000000000000000e+02 6.900267562497717182e-11
5.040000000000000000e+02 6.838688103888909363e-11
5.050000000000000000e+02 7.052971445408973213e-11
5.060000000000000000e+02 6.872692938948251111e-11
5.070000000000000000e+02 6.629055556477052846e-11
5.080000000000000000e+02 6.936845140115098924e-11
5.090000000000000000e+02 7.030865614199404401e-11
5.100000000000000000e+02 6.674131386702507124e-11
5.110000000000000000e+02 6.896563601198568862e-11
5.120000000000000000e+02 6.799772262347291218e-11
5.130000000000000000e+02 7.171946233441284802e-11
5.140000000000000000e+02 6.665324133969178750e-11
5.150000000000000000e+02 6.840565325368696623e-11
5.160000000000000000e+02 7.094191903060931988e-11
5.170000000000000000e+02 7.786682563684895880e-11
5.180000000000000000e+02 7.482808172021394444e-11
5.190000000000000000e+02 6.779347249493018796e-11
5.200000000000000000e+02 6.570131989667457170e-11
5.210000000000000000e+02 7.434302030585345372e-11
5.220000000000000000e+02 6.913995411120572770e-11
5.230000000000000000e+02 7.464730291894611882e-11
5.240000000000000000e+02 6.729878627688559144e-11
5.250000000000000000e+02 6.866920429948871506e-11
5.260000000000000000e+02 6.971748689111777281e-11
5.270000000000000000e+02 7.204162612636671406e-11
5.280000000000000000e+02 6.479894863179615618e-11
5.290000000000000000e+02 6.653034549947851207e-11
5.300000000000000000e+02 6.613414206758778594e-11
5.310000000000000000e+02 6.689084958522893285e-11
5.320000000000000000e+02 6.544879489547368370e-11
5.330000000000000000e+02 8.727273906640817660e-11
5.340000000000000000e+02 7.463443227581633556e-11
5.350000000000000000e+02 6.582095525946901996e-11
5.360000000000000000e+02 6.586550050192586861e-11
5.370000000000000000e+02 6.793826190361085828e-11
5.380000000000000000e+02 6.650545902536670261e-11
5.390000000000000000e+02 6.436557025537646082e-11
5.400000000000000000e+02 7.489532545959293868e-11
5.410000000000000000e+02 6.508484293021611658e-11
5.420000000000000000e+02 6.953707751794526593e-11
5.430000000000000000e+02 6.650351095852196583e-11
5.440000000000000000e+02 6.456404069364290132e-11
5.450000000000000000e+02 7.592480931637679508e-11
5.460000000000000000e+02 7.008160020888800872e-11
5.470000000000000000e+02 6.644209355117988964e-11
5.480000000000000000e+02 6.384052582322499159e-11
5.490000000000000000e+02 7.434820960495396620e-11
5.500000000000000000e+02 6.580735259075597896e-11
5.510000000000000000e+02 6.523074759253383784e-11
5.520000000000000000e+02 6.573025173203737915e-11
5.530000000000000000e+02 6.616030373641410457e-11
5.540000000000000000e+02 7.266908984441682410e-11
5.550000000000000000e+02 6.610943156908324559e-11
5.560000000000000000e+02 6.842342216577679735e-11
5.570000000000000000e+02 6.495708589695477567e-11
5.580000000000000000e+02 6.404669834346500495e-11
5.590000000000000000e+02 6.870255796234014297e-11
5.600000000000000000e+02 6.547744719743324832e-11
5.610000000000000000e+02 6.428366959498473472e-11
5.620000000000000000e+02 6.667493839210882148e-11
5.630000000000000000e+02 7.064428724312226393e-11
5.640000000000000000e+02 6.509176707376183801e-11
5.650000000000000000e+02 6.408314448728803303e-11
5.660000000000000000e+02 6.483541637548256976e-11
5.670000000000000000e+02 6.445997068670382334e-11
5.680000000000000000e+02 6.470357420395742140e-11
5.690000000000000000e+02 6.457875833837990936e-11
5.700000000000000000e+02 6.557293391434288854e-11
5.710000000000000000e+02 6.489129511400598649e-11
5.720000000000000000e+02 6.407564366299023567e-11
5.730000000000000000e+02 6.623302082283631050e-11
5.740000000000000000e+02 6.462329396688982818e-11
5.750000000000000000e+02 6.563700139493881779e-11
5.760000000000000000e+02 6.482444055748224437e-11
5.770000000000000000e+02 6.424136530527808343e-11
5.780000000000000000e+02 6.848373434675246098e-11
5.790000000000000000e+02 6.752740394827783004e-11
5.800000000000000000e+02 7.148700679827210464e-11
5.810000000000000000e+02 6.454486578347476849e-11
5.820000000000000000e+02 6.774882942642428616e-11
5.830000000000000000e+02 6.737058789986146260e-11
5.840000000000000000e+02 6.413630735782023040e-11
5.850000000000000000e+02 6.569214166666555209e-11
5.860000000000000000e+02 6.742405546080677702e-11
5.870000000000000000e+02 6.353858314858932006e-11
5.880000000000000000e+02 6.405915048662843841e-11
5.890000000000000000e+02 6.355532023799140181e-11
5.900000000000000000e+02 6.937343805136642582e-11
5.910000000000000000e+02 6.419121599659795246e-11
5.920000000000000000e+02 6.382136325183159361e-11
5.930000000000000000e+02 6.410587454385111127e-11
5.940000000000000000e+02 6.746490716742387734e-11
5.950000000000000000e+02 6.490269443577599579e-11
5.960000000000000000e+02 6.452141388136798213e-11
5.970000000000000000e+02 6.412735723133050159e-11
5.980000000000000000e+02 6.518529552551420339e-11
5.990000000000000000e+02 6.376696048065785785e-11
6.000000000000000000e+02 6.443116758387476607e-11
6.010000000000000000e+02 6.360490306623993707e-11
6.020000000000000000e+02 6.520265512904743228e-11
6.030000000000000000e+02 6.510317790845835078e-11
6.040000000000000000e+02 6.371542507023596034e-11
6.050000000000000000e+02 6.440829114156052607e-11
6.060000000000000000e+02 6.385112339002382720e-11
6.070000000000000000e+02 6.371029880434763239e-11
6.080000000000000000e+02 6.422459706427155543e-11
6.090000000000000000e+02 6.449633845042666497e-11
6.100000000000000000e+02 6.333869121399951980e-11
6.110000000000000000e+02 6.403503550755467888e-11
6.120000000000000000e+02 6.390957672107278164e-11
6.130000000000000000e+02 6.322700618549308235e-11
6.140000000000000000e+02 6.500546362763121431e-11
6.150000000000000000e+02 6.552005190579686031e-11
6.160000000000000000e+02 6.308117733519641356e-11
6.170000000000000000e+02 6.353375564306048538e-11
6.180000000000000000e+02 6.325328350347784217e-11
6.190000000000000000e+02 6.314606202149524260e-11
6.200000000000000000e+02 6.577323755275074949e-11
6.210000000000000000e+02 6.437777838715861416e-11
6.220000000000000000e+02 6.339241049884104804e-11
6.230000000000000000e+02 6.330303770389839511e-11
6.240000000000000000e+02 6.318644238037820805e-11
6.250000000000000000e+02 6.303223623830255247e-11
6.260000000000000000e+02 6.311781822423697186e-11
6.270000000000000000e+02 6.273133192808242892e-11
6.280000000000000000e+02 6.778855012428375372e-11
6.290000000000000000e+02 6.572853818725757177e-11
6.300000000000000000e+02 6.410784043921732373e-11
6.310000000000000000e+02 6.274726727985931443e-11
6.320000000000000000e+02 6.358432954109984850e-11
6.330000000000000000e+02 6.302305903067890842e-11
6.340000000000000000e+02 6.302685024641809178e-11
6.350000000000000000e+02 6.283452219293544862e-11
6.360000000000000000e+02 6.402527379031340771e-11
6.370000000000000000e+02 6.357643983142540083e-11
6.380000000000000000e+02 6.367212824474091232e-11
6.390000000000000000e+02 6.289327274285419290e-11
6.400000000000000000e+02 6.234292716859025698e-11
6.410000000000000000e+02 6.344707045673578831e-11
6.420000000000000000e+02 6.391816349815581410e-11
6.430000000000000000e+02 6.268502147468735951e-11
6.440000000000000000e+02 6.261618895799128667e-11
6.450000000000000000e+02 6.252443690710497086e-11
6.460000000000000000e+02 6.241205398693729695e-11
6.470000000000000000e+02 6.291384810782196272e-11
6.480000000000000000e+02 6.303998701298600713e-11
6.490000000000000000e+02 6.285399463948666235e-11
6.500000000000000000e+02 6.277518530048356273e-11
6.510000000000000000e+02 6.234881141644011327e-11
6.520000000000000000e+02 6.285529513713680812e-11
6.530000000000000000e+02 6.249773163553416674e-11
6.540000000000000000e+02 6.295395538262272080e-11
6.550000000000000000e+02 6.329783888794302204e-11
6.560000000000000000e+02 6.227824038120024862e-11
6.570000000000000000e+02 6.233357930522147527e-11
6.580000000000000000e+02 6.231828592012775381e-11
6.590000000000000000e+02 6.267585911323118138e-11
6.600000000000000000e+02 6.260210190606360616e-11
6.610000000000000000e+02 6.300125612766397017e-11
6.620000000000000000e+02 6.356149924702836910e-11
6.630000000000000000e+02 6.549232522821639362e-11
6.640000000000000000e+02 6.368437381878863674e-11
6.650000000000000000e+02 6.275200881633143984e-11
6.660000000000000000e+02 6.347682135712497079e-11
6.670000000000000000e+02 6.225324464395787422e-11
6.680000000000000000e+02 6.250511608729399598e-11
6.690000000000000000e+02 6.218789188118731033e-11
6.700000000000000000e+02 6.316782511473282488e-11
6.710000000000000000e+02 6.266253451866051541e-11
6.720000000000000000e+02 6.252814606662926142e-11
6.730000000000000000e+02 6.264791298665602767e-11
6.740000000000000000e+02 6.222401401749958406e-11
6.750000000000000000e+02 6.202001957848259706e-11
6.760000000000000000e+02 6.231812083212231699e-11
6.770000000000000000e+02 6.244686471166676642e-11
6.780000000000000000e+02 6.193179594247482535e-11
6.790000000000000000e+02 6.273548351663293643e-11
6.800000000000000000e+02 6.197570236233101192e-11
6.810000000000000000e+02 6.236004189634265323e-11
6.820000000000000000e+02 6.231717350849319116e-11
6.830000000000000000e+02 6.224869591140966889e-11
6.840000000000000000e+02 6.217422358667232265e-11
6.850000000000000000e+02 6.172388265500472548e-11
6.860000000000000000e+02 6.221741513505988553e-11
6.870000000000000000e+02 6.185852711595873064e-11
6.880000000000000000e+02 6.217435985905086643e-11
6.890000000000000000e+02 6.172264190184238761e-11
6.900000000000000000e+02 6.236616092140409060e-11
6.910000000000000000e+02 6.335015117744008637e-11
6.920000000000000000e+02 6.254024879379955705e-11
6.930000000000000000e+02 6.222621799953158539e-11
6.940000000000000000e+02 6.210529392272385993e-11
6.950000000000000000e+02 6.261308344545455084e-11
6.960000000000000000e+02 6.235676280338599654e-11
6.970000000000000000e+02 6.189650537851629038e-11
6.980000000000000000e+02 6.260895738172520530e-11
6.990000000000000000e+02 6.278874753748040778e-11
7.000000000000000000e+02 6.166160773437398565e-11
7.010000000000000000e+02 6.172099602545835840e-11
7.020000000000000000e+02 6.159694819169071402e-11
7.030000000000000000e+02 6.231586810330541416e-11
7.040000000000000000e+02 6.200709846159531253e-11
7.050000000000000000e+02 6.290186595033543156e-11
7.060000000000000000e+02 6.177449821425346169e-11
7.070000000000000000e+02 6.219002497211322331e-11
7.080000000000000000e+02 6.205014788384117507e-11
7.090000000000000000e+02 6.172903800273969018e-11
7.100000000000000000e+02 6.182493560554904298e-11
7.110000000000000000e+02 6.176553120811876715e-11
7.120000000000000000e+02 6.290186007111758818e-11
7.130000000000000000e+02 6.182566886082101560e-11
7.140000000000000000e+02 6.193977459934912574e-11
7.150000000000000000e+02 6.187811979470438080e-11
7.160000000000000000e+02 6.214636614004745100e-11
7.170000000000000000e+02 6.175347410046504893e-11
7.180000000000000000e+02 6.185564719386719376e-11
7.190000000000000000e+02 6.154361017244694806e-11
7.200000000000000000e+02 6.227803235761821741e-11
7.210000000000000000e+02 6.138734053881357002e-11
7.220000000000000000e+02 6.170268910937028479e-11
7.230000000000000000e+02 6.177024516900080849e-11
7.240000000000000000e+02 6.172719097492231711e-11
7.250000000000000000e+02 6.178208751621515562e-11
7.260000000000000000e+02 6.192241442292063416e-11
7.270000000000000000e+02 6.162334083227594681e-11
7.280000000000000000e+02 6.182203561784318900e-11
7.290000000000000000e+02 6.184250555089103856e-11
7.300000000000000000e+02 6.185018599886085833e-11
7.310000000000000000e+02 6.134828290155056384e-11
7.320000000000000000e+02 6.166289668459485185e-11
7.330000000000000000e+02 6.184147761418744298e-11
7.340000000000000000e+02 6.186066802809542664e-11
7.350000000000000000e+02 6.127500316052459367e-11
7.360000000000000000e+02 6.160381590660569149e-11
7.370000000000000000e+02 6.176239674397776082e-11
7.380000000000000000e+02 6.141823381572656570e-11
7.390000000000000000e+02 6.150991912695678015e-11
7.400000000000000000e+02 6.166905234921736697e-11
7.410000000000000000e+02 6.150109934443100387e-11
7.420000000000000000e+02 6.151298668547524938e-11
7.430000000000000000e+02 6.136508614675126026e-11
7.440000000000000000e+02 6.180461445143227825e-11
7.450000000000000000e+02 6.203835272871113739e-11
7.460000000000000000e+02 6.161100613987137557e-11
7.470000000000000000e+02 6.135262482358857048e-11
7.480000000000000000e+02 6.144544968040449064e-11
7.490000000000000000e+02 6.171088952700288369e-11
7.500000000000000000e+02 6.148665472598758200e-11
7.510000000000000000e+02 6.125037591761211860e-11
7.520000000000000000e+02 6.140125141467154209e-11
7.530000000000000000e+02 6.141397629716029773e-11
7.540000000000000000e+02 6.157987738931249938e-11
7.550000000000000000e+02 6.148126565265834132e-11
7.560000000000000000e+02 6.138028278892385193e-11
7.570000000000000000e+02 6.122096424039530431e-11
7.580000000000000000e+02 6.146201614425971801e-11
7.590000000000000000e+02 6.121541630458431571e-11
7.600000000000000000e+02 6.119638101081873802e-11
7.610000000000000000e+02 6.118088422880857030e-11
7.620000000000000000e+02 6.119771070352622507e-11
7.630000000000000000e+02 6.129678542398889364e-11
7.640000000000000000e+02 6.112822840303634559e-11
7.650000000000000000e+02 6.113273345795711493e-11
7.660000000000000000e+02 6.164035566000590951e-11
7.670000000000000000e+02 6.213817247029978910e-11
7.680000000000000000e+02 6.132442756006336912e-11
7.690000000000000000e+02 6.183682606307466042e-11
7.700000000000000000e+02 6.115172454575526338e-11
7.710000000000000000e+02 6.122201172618295890e-11
7.720000000000000000e+02 6.123719060125789639e-11
7.730000000000000000e+02 6.106646013112485234e-11
7.740000000000000000e+02 6.113002366858905437e-11
7.750000000000000000e+02 6.128005287261671134e-11
7.760000000000000000e+02 6.118435839189126266e-11
7.770000000000000000e+02 6.108471766123711787e-11
7.780000000000000000e+02 6.122372017746468406e-11
7.790000000000000000e+02 6.097628034386746284e-11
7.800000000000000000e+02 6.107180066393850336e-11
7.810000000000000000e+02 6.111540799726411633e-11
7.820000000000000000e+02 6.108446581278952749e-11
7.830000000000000000e+02 6.131618206531947474e-11
7.840000000000000000e+02 6.106759753226928645e-11
7.850000000000000000e+02 6.115299615388295648e-11
7.860000000000000000e+02 6.127587233338891845e-11
7.870000000000000000e+02 6.109232646879218282e-11
7.880000000000000000e+02 6.087678628732998109e-11
7.890000000000000000e+02 6.116333869430747574e-11
7.900000000000000000e+02 6.107727240037338126e-11
7.910000000000000000e+02 6.104570595251540099e-11
7.920000000000000000e+02 6.114372440941406462e-11
7.930000000000000000e+02 6.096798130690808744e-11
7.940000000000000000e+02 6.108082886977226872e-11
7.950000000000000000e+02 6.102162699284779763e-11
7.960000000000000000e+02 6.100518315345303737e-11
7.970000000000000000e+02 6.171826979495542368e-11
7.980000000000000000e+02 6.109955221521189767e-11
7.990000000000000000e+02 6.089569658094467479e-11
8.000000000000000000e+02 6.083869543908782190e-11
8.010000000000000000e+02 6.087619517535670133e-11
8.020000000000000000e+02 6.113830227311818169e-11
8.030000000000000000e+02 6.108419929506453779e-11
8.040000000000000000e+02 6.092597206640334972e-11
8.050000000000000000e+02 6.097031192091456347e-11
8.060000000000000000e+02 6.101569403930221572e-11
8.070000000000000000e+02 6.083573858488248169e-11
8.080000000000000000e+02 6.077186887640436627e-11
8.090000000000000000e+02 6.101625518308388143e-11
8.100000000000000000e+02 6.093509627260966028e-11
8.110000000000000000e+02 6.083610178308698564e-11
8.120000000000000000e+02 6.087884969698528116e-11
8.130000000000000000e+02 6.085785000591264504e-11
8.140000000000000000e+02 6.123442567450555395e-11
8.150000000000000000e+02 6.082487241887728069e-11
8.160000000000000000e+02 6.118913936099985420e-11
8.170000000000000000e+02 6.095569193218959120e-11
8.180000000000000000e+02 6.092090909558122000e-11
8.190000000000000000e+02 6.088715735373833748e-11
8.200000000000000000e+02 6.089715950642576791e-11
8.210000000000000000e+02 6.075310221763775021e-11
8.220000000000000000e+02 6.084120431650542679e-11
8.230000000000000000e+02 6.095369285530469410e-11
8.240000000000000000e+02 6.084635991854855345e-11
8.250000000000000000e+02 6.081924580905550863e-11
8.260000000000000000e+02 6.091670335586778000e-11
8.270000000000000000e+02 6.085330579870129143e-11
8.280000000000000000e+02 6.085925424791592292e-11
8.290000000000000000e+02 6.071252031830831207e-11
8.300000000000000000e+02 6.074596828425249672e-11
8.310000000000000000e+02 6.114471619452497900e-11
8.320000000000000000e+02 6.091203783806214050e-11
8.330000000000000000e+02 6.070050185155556318e-11
8.340000000000000000e+02 6.095298641335481676e-11
8.350000000000000000e+02 6.075351383128476186e-11
8.360000000000000000e+02 6.084073934972338113e-11
8.370000000000000000e+02 6.093637266445373710e-11
8.380000000000000000e+02 6.077457602456273311e-11
8.390000000000000000e+02 6.077681524263643577e-11
8.400000000000000000e+02 6.126080440514820670e-11
8.410000000000000000e+02 6.079114228155004130e-11
8.420000000000000000e+02 6.067461448530838725e-11
8.430000000000000000e+02 6.074637319300360017e-11
8.440000000000000000e+02 6.067556435481729076e-11
8.450000000000000000e+02 6.081350071439266086e-11
8.460000000000000000e+02 6.075701710147342101e-11
8.470000000000000000e+02 6.075469959734630986e-11
8.480000000000000000e+02 6.074467098076973427e-11
8.490000000000000000e+02 6.083620752992683063e-11
8.500000000000000000e+02 6.070917567551371101e-11
8.510000000000000000e+02 6.075552900877875429e-11
8.520000000000000000e+02 6.070959171729189706e-11
8.530000000000000000e+02 6.069526320516828934e-11
8.540000000000000000e+02 6.091246948455079310e-11
8.550000000000000000e+02 6.079440754137582528e-11
8.560000000000000000e+02 6.061763756897869746e-11
8.570000000000000000e+02 6.068351319524196949e-11
8.580000000000000000e+02 6.063314146399670123e-11
8.590000000000000000e+02 6.066426016296043944e-11
8.600000000000000000e+02 6.061967591137824748e-11
8.610000000000000000e+02 6.063946321455138371e-11
8.620000000000000000e+02 6.062081519634734998e-11
8.630000000000000000e+02 6.061928099029144410e-11
8.640000000000000000e+02 6.061604543016925902e-11
8.650000000000000000e+02 6.068625066658465281e-11
8.660000000000000000e+02 6.060885913616362732e-11
8.670000000000000000e+02 6.083631679924734318e-11
8.680000000000000000e+02 6.077839152983600518e-11
8.690000000000000000e+02 6.061736171084323144e-11
8.700000000000000000e+02 6.060819731149571776e-11
8.710000000000000000e+02 6.059294978565508320e-11
8.720000000000000000e+02 6.060181228305479677e-11
8.730000000000000000e+02 6.055979529687350630e-11
8.740000000000000000e+02 6.061070226293746779e-11
8.750000000000000000e+02 6.065465625132661981e-11
8.760000000000000000e+02 6.061331743298353630e-11
8.770000000000000000e+02 6.070438898761320441e-11
8.780000000000000000e+02 6.051383727723129285e-11
8.790000000000000000e+02 6.079066309138998279e-11
8.800000000000000000e+02 6.055221813161635314e-11
8.810000000000000000e+02 6.051492483876821607e-11
8.820000000000000000e+02 6.057652490967829070e-11
8.830000000000000000e+02 6.057291937585316571e-11
8.840000000000000000e+02 6.056790693844886139e-11
8.850000000000000000e+02 6.056881018606856798e-11
8.860000000000000000e+02 6.050733869515035457e-11
8.870000000000000000e+02 6.062200595818648634e-11
8.880000000000000000e+02 6.050428109562553670e-11
8.890000000000000000e+02 6.078822379454410391e-11
8.900000000000000000e+02 6.062633786063395518e-11
8.910000000000000000e+02 6.055692306628448638e-11
8.920000000000000000e+02 6.054468116602556567e-11
8.930000000000000000e+02 6.052562828590162077e-11
8.940000000000000000e+02 6.059519099012288085e-11
8.950000000000000000e+02 6.053665005771807512e-11
8.960000000000000000e+02 6.052398094825965127e-11
8.970000000000000000e+02 6.050727593650005609e-11
8.980000000000000000e+02 6.046281531401445296e-11
8.990000000000000000e+02 6.046288131265915563e-11
9.000000000000000000e+02 6.054841951694742737e-11
9.010000000000000000e+02 6.047160109198218595e-11
9.020000000000000000e+02 6.051664073499004133e-11
9.030000000000000000e+02 6.054008445197156601e-11
9.040000000000000000e+02 6.069371371722683193e-11
9.050000000000000000e+02 6.044207138754519358e-11
9.060000000000000000e+02 6.051583641219039525e-11
9.070000000000000000e+02 6.058865712340175175e-11
9.080000000000000000e+02 6.046188878229489236e-11
9.090000000000000000e+02 6.043736212667378228e-11
9.100000000000000000e+02 6.048702351454075604e-11
9.110000000000000000e+02 6.058341742162524213e-11
9.120000000000000000e+02 6.046862824528799835e-11
9.130000000000000000e+02 6.045948288137668690e-11
9.140000000000000000e+02 6.051880295770963054e-11
9.150000000000000000e+02 6.041563126209995906e-11
9.160000000000000000e+02 6.046573272072054580e-11
9.170000000000000000e+02 6.043635811137838762e-11
9.180000000000000000e+02 6.047755614294534535e-11
9.190000000000000000e+02 6.048540629223010221e-11
9.200000000000000000e+02 6.052897530898858049e-11
9.210000000000000000e+02 6.050083074259875707e-11
9.220000000000000000e+02 6.055940495735447843e-11
9.230000000000000000e+02 6.038278706212845227e-11
9.240000000000000000e+02 6.044305339723139919e-11
9.250000000000000000e+02 6.057828432726391893e-11
9.260000000000000000e+02 6.038372641846697032e-11
9.270000000000000000e+02 6.043817882396327591e-11
9.280000000000000000e+02 6.037018607726341074e-11
9.290000000000000000e+02 6.048443847852429169e-11
9.300000000000000000e+02 6.047392306692575698e-11
9.310000000000000000e+02 6.042770822765757883e-11
9.320000000000000000e+02 6.045378122040135685e-11
9.330000000000000000e+02 6.041831742741996566e-11
9.340000000000000000e+02 6.037955031238677573e-11
9.350000000000000000e+02 6.037758279280239422e-11
9.360000000000000000e+02 6.044210584141249447e-11
9.370000000000000000e+02 6.047573708460300760e-11
9.380000000000000000e+02 6.039677577486580634e-11
9.390000000000000000e+02 6.041875218861957812e-11
9.400000000000000000e+02 6.037691585406339956e-11
9.410000000000000000e+02 6.048868360260138484e-11
9.420000000000000000e+02 6.050033212898243659e-11
9.430000000000000000e+02 6.047134825212997736e-11
9.440000000000000000e+02 6.041202661187102555e-11
9.450000000000000000e+02 6.042216159333614616e-11
9.460000000000000000e+02 6.035345953427102387e-11
9.470000000000000000e+02 6.035176295709037431e-11
9.480000000000000000e+02 6.037234508486510918e-11
9.490000000000000000e+02 6.034061138762874422e-11
9.500000000000000000e+02 6.036584299088316921e-11
9.510000000000000000e+02 6.036676609054890396e-11
9.520000000000000000e+02 6.042882965154038449e-11
9.530000000000000000e+02 6.038905436527663281e-11
9.540000000000000000e+02 6.039472083872863083e-11
9.550000000000000000e+02 6.033286120870656441e-11
9.560000000000000000e+02 6.040817598719078035e-11
9.570000000000000000e+02 6.038090180093202531e-11
9.580000000000000000e+02 6.034824854000722101e-11
9.590000000000000000e+02 6.033204307292573882e-11
9.600000000000000000e+02 6.049294861156123709e-11
9.610000000000000000e+02 6.027682994344009395e-11
9.620000000000000000e+02 6.032075701629677217e-11
9.630000000000000000e+02 6.037038437871546306e-11
9.640000000000000000e+02 6.030667081182612408e-11
9.650000000000000000e+02 6.028381222431978961e-11
9.660000000000000000e+02 6.027527755586290777e-11
9.670000000000000000e+02 6.038388889196975169e-11
9.680000000000000000e+02 6.034097488905948861e-11
9.690000000000000000e+02 6.031554218179731885e-11
9.700000000000000000e+02 6.034724867505584702e-11
9.710000000000000000e+02 6.033032733142329085e-11
9.720000000000000000e+02 6.032127647895326983e-11
9.730000000000000000e+02 6.026440577977796493e-11
9.740000000000000000e+02 6.027118083210550220e-11
9.750000000000000000e+02 6.033399228926594295e-11
9.760000000000000000e+02 6.031282856498054055e-11
9.770000000000000000e+02 6.023165542629229849e-11
9.780000000000000000e+02 6.026065751536630361e-11
9.790000000000000000e+02 6.030391140890276769e-11
9.800000000000000000e+02 6.044630476866095203e-11
9.810000000000000000e+02 6.043729752329232758e-11
9.820000000000000000e+02 6.034972512653456138e-11
9.830000000000000000e+02 6.024028628125938702e-11
9.840000000000000000e+02 6.029163349869520866e-11
9.850000000000000000e+02 6.025247925977257038e-11
9.860000000000000000e+02 6.025098760323462532e-11
9.870000000000000000e+02 6.030552774118113156e-11
9.880000000000000000e+02 6.021800774715562487e-11
9.890000000000000000e+02 6.025736781421158946e-11
9.900000000000000000e+02 6.028917863089310550e-11
9.910000000000000000e+02 6.031724688396796212e-11
9.920000000000000000e+02 6.024563072163481849e-11
9.930000000000000000e+02 6.025929757994926044e-11
9.940000000000000000e+02 6.024838042336338766e-11
9.950000000000000000e+02 6.030269397083764945e-11
9.960000000000000000e+02 6.027935615270816584e-11
9.970000000000000000e+02 6.023677156399325539e-11
9.980000000000000000e+02 6.020780935582516918e-11
9.990000000000000000e+02 6.024660000976208891e-11
1.000000000000000000e+03 6.021968553755268399e-11
1.001000000000000000e+03 6.037391103275901126e-11
1.002000000000000000e+03 6.023849821231847306e-11
1.003000000000000000e+03 6.028177316310462998e-11
1.004000000000000000e+03 6.025219186264231407e-11
1.005000000000000000e+03 6.020571446996261234e-11
1.006000000000000000e+03 6.030170449869889619e-11
1.007000000000000000e+03 6.019626323028680216e-11
1.008000000000000000e+03 6.019624172706525408e-11
1.009000000000000000e+03 6.017884794258231746e-11
1.010000000000000000e+03 6.021449063115076134e-11
1.011000000000000000e+03 6.026287700424626107e-11
1.012000000000000000e+03 6.020891903081350626e-11
1.013000000000000000e+03 6.020395553418083008e-11
1.014000000000000000e+03 6.017602618275966200e-11
1.015000000000000000e+03 6.017261627794687253e-11
1.016000000000000000e+03 6.026196705995709965e-11
1.017000000000000000e+03 6.019201521024628734e-11
1.018000000000000000e+03 6.018241340960167645e-11
1.019000000000000000e+03 6.013851369094713192e-11
1.020000000000000000e+03 6.025865562945190134e-11
1.021000000000000000e+03 6.017769006953617910e-11
1.022000000000000000e+03 6.018275515370895019e-11
1.023000000000000000e+03 6.018263856699065702e-11
1.024000000000000000e+03 6.018945045706686128e-11
1.025000000000000000e+03 6.016428384457681487e-11
1.026000000000000000e+03 6.016152801372867026e-11
1.027000000000000000e+03 6.017852299240127297e-11
1.028000000000000000e+03 6.021579947430501244e-11
1.029000000000000000e+03 6.027079294404260281e-11
1.030000000000000000e+03 6.015153495265088394e-11
1.031000000000000000e+03 6.018175723648577262e-11
1.032000000000000000e+03 6.013731516205068513e-11
1.033000000000000000e+03 6.011446036317889769e-11
1.034000000000000000e+03 6.016200651627196787e-11
1.035000000000000000e+03 6.012927061953308404e-11
1.036000000000000000e+03 6.009407884294865049e-11
1.037000000000000000e+03 6.020386461957967301e-11
1.038000000000000000e+03 6.015495747386312440e-11
1.039000000000000000e+03 6.009837006035807089e-11
1.040000000000000000e+03 6.015257599238485357e-11
1.041000000000000000e+03 6.012737208197018501e-11
1.042000000000000000e+03 6.013307507708307551e-11
1.043000000000000000e+03 6.012114246013301444e-11
1.044000000000000000e+03 6.011935470168274445e-11
1.045000000000000000e+03 6.007838010205312001e-11
1.046000000000000000e+03 6.024799711050304434e-11
1.047000000000000000e+03 6.011691288570286147e-11
1.048000000000000000e+03 6.019252329019932536e-11
1.049000000000000000e+03 6.008189681001228184e-11
1.050000000000000000e+03 6.029583776320053999e-11
1.051000000000000000e+03 6.011434312473471927e-11
1.052000000000000000e+03 6.015700703571047256e-11
1.053000000000000000e+03 6.008413729086997596e-11
1.054000000000000000e+03 6.026599437854622130e-11
1.055000000000000000e+03 6.005202036270166872e-11
1.056000000000000000e+03 6.008925546022764012e-11
1.057000000000000000e+03 6.011911205569220891e-11
1.058000000000000000e+03 6.011730637250276270e-11
1.059000000000000000e+03 6.011031061161480943e-11
1.060000000000000000e+03 6.008357767540518825e-11
1.061000000000000000e+03 6.004389529335860883e-11
1.062000000000000000e+03 6.024062102905128752e-11
1.063000000000000000e+03 6.020240664993199129e-11
1.064000000000000000e+03 6.008696850517449368e-11
1.065000000000000000e+03 6.008367795464224053e-11
1.066000000000000000e+03 6.020154563202305339e-11
1.067000000000000000e+03 6.002507410558548050e-11
1.068000000000000000e+03 6.007047638460257196e-11
1.069000000000000000e+03 6.004494035563698769e-11
1.070000000000000000e+03 6.004779009790780437e-11
1.071000000000000000e+03 6.011277208868882912e-11
1.072000000000000000e+03 6.016125241489060945e-11
1.073000000000000000e+03 6.002570014501614580e-11
1.074000000000000000e+03 6.011354209580963140e-11
1.075000000000000000e+03 6.005869215167670162e-11
1.076000000000000000e+03 6.007220838578376465e-11
1.077000000000000000e+03 6.004223250700525018e-11
1.078000000000000000e+03 6.007343418086608865e-11
1.079000000000000000e+03 6.007563064645318901e-11
1.080000000000000000e+03 6.005007490119079436e-11
1.081000000000000000e+03 6.004210553577254756e-11
1.082000000000000000e+03 6.005429084269285677e-11
1.083000000000000000e+03 6.006853631019225205e-11
1.084000000000000000e+03 6.002554024816326570e-11
1.085000000000000000e+03 6.006832197408133575e-11
1.086000000000000000e+03 6.005294223355640478e-11
1.087000000000000000e+03 6.004579964720852299e-11
1.088000000000000000e+03 6.008818939898047840e-11
1.089000000000000000e+03 6.007968984307448319e-11
1.090000000000000000e+03 6.004720565487635540e-11
1.091000000000000000e+03 5.998643070790846916e-11
1.092000000000000000e+03 6.000264570926963004e-11
1.093000000000000000e+03 5.999046479834324889e-11
1.094000000000000000e+03 6.005172060851850634e-11
1.095000000000000000e+03 6.002591629806735373e-11
1.096000000000000000e+03 5.998404735107216294e-11
1.097000000000000000e+03 6.000444876185761200e-11
1.098000000000000000e+03 5.998707095096165736e-11
1.099000000000000000e+03 6.000325629224044689e-11
1.100000000000000000e+03 6.003124173146865293e-11
1.101000000000000000e+03 5.998081702567824123e-11
1.102000000000000000e+03 6.002371032369270435e-11
1.103000000000000000e+03 6.002639343421962567e-11
1.104000000000000000e+03 5.994863350896414337e-11
1.105000000000000000e+03 6.001130067714981995e-11
1.106000000000000000e+03 5.998133707199461988e-11
1.107000000000000000e+03 6.001480866372616082e-11
1.108000000000000000e+03 6.010649833696551032e-11
1.109000000000000000e+03 6.013475628714126979e-11
1.110000000000000000e+03 5.997888058305586687e-11
1.111000000000000000e+03 5.997846416722841728e-11
1.112000000000000000e+03 6.001486632257690225e-11
1.113000000000000000e+03 5.993808441593617200e-11
1.114000000000000000e+03 5.993793543782105549e-11
1.115000000000000000e+03 5.998744491939685495e-11
1.116000000000000000e+03 5.998558349983251304e-11
1.117000000000000000e+03 5.996214845965797669e-11
1.118000000000000000e+03 5.995355939304272938e-11
1.119000000000000000e+03 5.998446374321575138e-11
1.120000000000000000e+03 5.992635316119492348e-11
1.121000000000000000e+03 5.997577142679445225e-11
1.122000000000000000e+03 5.994979285096490496e-11
1.123000000000000000e+03 5.992412432674068548e-11
1.124000000000000000e+03 5.998944729460632224e-11
1.125000000000000000e+03 5.991198198734970403e-11
1.126000000000000000e+03 5.992989995689662694e-11
1.127000000000000000e+03 5.998792311982273481e-11
1.128000000000000000e+03 5.992004798851515314e-11
1.129000000000000000e+03 6.010835492372164331e-11
1.130000000000000000e+03 6.001676046261646797e-11
1.131000000000000000e+03 5.993702280131960087e-11
1.132000000000000000e+03 5.997676307173773775e-11
1.133000000000000000e+03 5.993900553251656006e-11
1.134000000000000000e+03 5.995195641581855177e-11
1.135000000000000000e+03 5.992878343520020141e-11
1.136000000000000000e+03 5.990417869340890186e-11
1.137000000000000000e+03 5.990641935156572925e-11
1.138000000000000000e+03 5.992567867584333731e-11
1.139000000000000000e+03 5.995082569334277820e-11
1.140000000000000000e+03 5.994004127909426035e-11
1.141000000000000000e+03 5.994626654694417714e-11
1.142000000000000000e+03 5.994525043297818720e-11
1.143000000000000000e+03 5.989436778227445704e-11
1.144000000000000000e+03 5.987247318139977307e-11
1.145000000000000000e+03 5.990102692403642376e-11
1.146000000000000000e+03 5.995278424308091868e-11
1.147000000000000000e+03 5.990760746514910527e-11
1.148000000000000000e+03 5.990807058949075509e-11
1.149000000000000000e+03 5.990243729298172412e-11
1.150000000000000000e+03 5.991277991337020678e-11
1.151000000000000000e+03 5.996429839451852485e-11
1.152000000000000000e+03 6.010822225410940037e-11
1.153000000000000000e+03 5.987904190792796755e-11
1.154000000000000000e+03 5.991641853062183411e-11
1.155000000000000000e+03 5.994014300519589666e-11
1.156000000000000000e+03 5.988126427437556072e-11
1.157000000000000000e+03 5.988377417011738164e-11
1.158000000000000000e+03 5.987684386330758128e-11
1.159000000000000000e+03 5.990249689624068211e-11
1.160000000000000000e+03 5.986895158577189710e-11
1.161000000000000000e+03 5.994507124252739279e-11
1.162000000000000000e+03 5.987127229461052746e-11
1.163000000000000000e+03 5.990523080158737540e-11
1.164000000000000000e+03 5.985865645329483375e-11
1.165000000000000000e+03 5.988608311574383542e-11
1.166000000000000000e+03 5.986147654717391314e-11
1.167000000000000000e+03 5.983992737719063716e-11
1.168000000000000000e+03 5.988692351955149687e-11
1.169000000000000000e+03 5.985027690259069771e-11
1.170000000000000000e+03 5.987226527774503663e-11
1.171000000000000000e+03 5.983884567532602908e-11
1.172000000000000000e+03 5.987985286460202708e-11
1.173000000000000000e+03 5.987266200384324370e-11
1.174000000000000000e+03 5.984364608805069583e-11
1.175000000000000000e+03 5.986170932662694573e-11
1.176000000000000000e+03 5.982541139755040401e-11
1.177000000000000000e+03 5.984183952692399457e-11
1.178000000000000000e+03 5.983282197148750015e-11
1.179000000000000000e+03 5.982169486927988139e-11
1.180000000000000000e+03 5.983221271495538944e-11
1.181000000000000000e+03 5.985952366741610874e-11
1.182000000000000000e+03 5.989103229360640200e-11
1.183000000000000000e+03 5.986502840529132747e-11
1.184000000000000000e+03 5.982417651999779939e-11
1.185000000000000000e+03 5.984837553641932906e-11
1.186000000000000000e+03 5.993812170592055820e-11
1.187000000000000000e+03 5.984424730307144081e-11
1.188000000000000000e+03 5.989881372740902201e-11
1.189000000000000000e+03 5.996990370856641821e-11
1.190000000000000000e+03 5.983348298358995413e-11
1.191000000000000000e+03 5.985275858916191926e-11
1.192000000000000000e+03 5.984956137502071352e-11
1.193000000000000000e+03 5.980728864225117411e-11
1.194000000000000000e+03 5.980723328652951932e-11
1.195000000000000000e+03 5.987446665370138840e-11
1.196000000000000000e+03 5.982005745311106426e-11
1.197000000000000000e+03 5.984908028616820351e-11
1.198000000000000000e+03 5.980789615911068384e-11
1.199000000000000000e+03 5.980369642505247435e-11
1.200000000000000000e+03 5.980576736673512962e-11
1.201000000000000000e+03 5.978218381408030696e-11
1.202000000000000000e+03 5.983290985116335165e-11
1.203000000000000000e+03 5.981369483830056758e-11
1.204000000000000000e+03 5.983809408186858092e-11
1.205000000000000000e+03 5.977064070330588130e-11
1.206000000000000000e+03 5.977318021992039422e-11
1.207000000000000000e+03 5.978310914668231349e-11
1.208000000000000000e+03 5.979948152090536553e-11
1.209000000000000000e+03 5.977595929125464881e-11
1.210000000000000000e+03 5.983534016465298460e-11
1.211000000000000000e+03 5.984698817509651779e-11
1.212000000000000000e+03 5.978992251487464449e-11
1.213000000000000000e+03 5.981564517143791868e-11
1.214000000000000000e+03 5.981617545766843672e-11
1.215000000000000000e+03 5.976131106474392708e-11
1.216000000000000000e+03 5.978544063897432638e-11
1.217000000000000000e+03 5.986594436215513693e-11
1.218000000000000000e+03 5.985832719337444269e-11
1.219000000000000000e+03 5.976226520581454780e-11
1.220000000000000000e+03 5.978239524270560217e-11
1.221000000000000000e+03 5.973575169770538035e-11
1.222000000000000000e+03 5.982463606924209430e-11
1.223000000000000000e+03 5.989184309274002354e-11
1.224000000000000000e+03 5.975397601994321625e-11
1.225000000000000000e+03 5.979881589372597188e-11
1.226000000000000000e+03 5.977908429382574683e-11
1.227000000000000000e+03 5.974996125634661666e-11
1.228000000000000000e+03 5.976597221850561893e-11
1.229000000000000000e+03 5.981637218607299223e-11
1.230000000000000000e+03 5.978172750058902180e-11
1.231000000000000000e+03 5.976257034245299925e-11
1.232000000000000000e+03 5.974587366676418659e-11
1.233000000000000000e+03 5.972716833824909696e-11
1.234000000000000000e+03 5.975430895799455347e-11
1.235000000000000000e+03 5.975336813448829033e-11
1.236000000000000000e+03 5.971845278908592077e-11
1.237000000000000000e+03 5.971571732207257267e-11
1.238000000000000000e+03 5.971649552580503464e-11
1.239000000000000000e+03 5.974519475945897885e-11
1.240000000000000000e+03 5.976942925364169100e-11
1.241000000000000000e+03 5.975824415855040282e-11
1.242000000000000000e+03 5.975338751429666122e-11
1.243000000000000000e+03 5.977707043638356640e-11
1.244000000000000000e+03 5.971495595468834937e-11
1.245000000000000000e+03 5.970983334453373419e-11
1.246000000000000000e+03 5.970985709111675688e-11
1.247000000000000000e+03 5.976258177469010192e-11
1.248000000000000000e+03 5.971158910494472688e-11
1.249000000000000000e+03 5.972443600914772903e-11
1.250000000000000000e+03 5.971120243121942729e-11
1.251000000000000000e+03 5.971416520656157816e-11
1.252000000000000000e+03 5.971447811373338561e-11
1.253000000000000000e+03 5.976682385876115231e-11
1.254000000000000000e+03 5.969937812320795859e-11
1.255000000000000000e+03 5.969960598400969728e-11
1.256000000000000000e+03 5.970561664991889216e-11
1.257000000000000000e+03 5.972568494382137648e-11
1.258000000000000000e+03 5.976900889520775231e-11
1.259000000000000000e+03 5.972084838060209786e-11
1.260000000000000000e+03 5.971828368872501408e-11
1.261000000000000000e+03 5.967792084986694137e-11
1.262000000000000000e+03 5.971088796706359570e-11
1.263000000000000000e+03 5.971403624814996708e-11
1.264000000000000000e+03 5.974472274058789902e-11
1.265000000000000000e+03 5.980075148288096779e-11
1.266000000000000000e+03 5.972978332946062989e-11
1.267000000000000000e+03 5.969737924092418946e-11
1.268000000000000000e+03 5.968149535962813014e-11
1.269000000000000000e+03 5.966978451078029676e-11
1.270000000000000000e+03 5.968571936559337750e-11
1.271000000000000000e+03 5.970133046453826339e-11
1.272000000000000000e+03 5.969419181794985721e-11
1.273000000000000000e+03 5.969095515320633943e-11
1.274000000000000000e+03 5.971355539615695486e-11
1.275000000000000000e+03 5.965283936513044660e-11
1.276000000000000000e+03 5.971209161759000743e-11
1.277000000000000000e+03 5.967806980617731844e-11
1.278000000000000000e+03 5.965417857105344512e-11
1.279000000000000000e+03 5.972277771937760976e-11
1.280000000000000000e+03 5.970781295294507227e-11
1.281000000000000000e+03 5.972872603445443592e-11
1.282000000000000000e+03 5.964839984147846377e-11
1.283000000000000000e+03 5.965595286407045743e-11
1.284000000000000000e+03 5.968172746604654913e-11
1.285000000000000000e+03 5.968559024104822726e-11
1.286000000000000000e+03 5.961514642168611619e-11
1.287000000000000000e+03 5.970067361406146211e-11
1.288000000000000000e+03 5.965892737654151834e-11
1.289000000000000000e+03 5.962956671645590894e-11
1.290000000000000000e+03 5.965377586118524198e-11
1.291000000000000000e+03 5.963823235812159142e-11
1.292000000000000000e+03 5.966642049416321732e-11
1.293000000000000000e+03 5.964166678804857748e-11
1.294000000000000000e+03 5.968756845571172071e-11
1.295000000000000000e+03 5.963741125602364266e-11
1.296000000000000000e+03 5.968846320764479770e-11
1.297000000000000000e+03 5.963979353655590368e-11
1.298000000000000000e+03 5.962496693357100032e-11
1.299000000000000000e+03 5.963151305460200436e-11
1.300000000000000000e+03 5.967501683729725078e-11
1.301000000000000000e+03 5.970351687411012153e-11
1.302000000000000000e+03 5.963560425353479569e-11
1.303000000000000000e+03 5.970568055853563395e-11
1.304000000000000000e+03 5.963514931980187830e-11
1.305000000000000000e+03 5.961882900225193394e-11
1.306000000000000000e+03 5.964665879345342680e-11
1.307000000000000000e+03 5.961561947428796115e-11
1.308000000000000000e+03 5.963393220054258544e-11
1.309000000000000000e+03 5.964329389072300649e-11
1.310000000000000000e+03 5.963683766264073059e-11
1.311000000000000000e+03 5.963021913772079850e-11
1.312000000000000000e+03 5.961983346679637004e-11
1.313000000000000000e+03 5.965327395993126633e-11
1.314000000000000000e+03 5.963181391218832090e-11
1.315000000000000000e+03 5.960939135966635578e-11
1.316000000000000000e+03 5.958878982166902090e-11
1.317000000000000000e+03 5.966332345023385446e-11
1.318000000000000000e+03 5.958217408096928900e-11
1.319000000000000000e+03 5.970513536020257929e-11
1.320000000000000000e+03 5.961844980701335439e-11
1.321000000000000000e+03 5.960019805229177751e-11
1.322000000000000000e+03 5.962632186228307612e-11
1.323000000000000000e+03 5.960254469973520374e-11
1.324000000000000000e+03 5.958561881198192001e-11
1.325000000000000000e+03 5.962267169209305586e-11
1.326000000000000000e+03 5.964328801318382277e-11
1.327000000000000000e+03 5.965841025779929433e-11
1.328000000000000000e+03 5.957617491216706565e-11
1.329000000000000000e+03 5.958087294392433663e-11
1.330000000000000000e+03 5.958931689439607209e-11
1.331000000000000000e+03 5.957159308660441702e-11
1.332000000000000000e+03 5.963795769007925532e-11
1.333000000000000000e+03 5.958693797632067643e-11
1.334000000000000000e+03 5.957554490665471934e-11
1.335000000000000000e+03 5.962069726542117039e-11
1.336000000000000000e+03 5.965345008580800416e-11
1.337000000000000000e+03 5.967488764856143744e-11
1.338000000000000000e+03 5.956420008795503883e-11
1.339000000000000000e+03 5.958167061939794522e-11
1.340000000000000000e+03 5.965710164903973667e-11
1.341000000000000000e+03 5.956443286050153983e-11
1.342000000000000000e+03 5.957776064601081886e-11
1.343000000000000000e+03 5.957694732663886833e-11
1.344000000000000000e+03 5.955527146804690454e-11
1.345000000000000000e+03 5.957532475490558186e-11
1.346000000000000000e+03 5.953961945915825333e-11
1.347000000000000000e+03 5.956837026819822742e-11
1.348000000000000000e+03 5.966574358988164021e-11
1.349000000000000000e+03 5.959282310896065602e-11
1.350000000000000000e+03 5.955787887522442769e-11
1.351000000000000000e+03 5.956841328885532382e-11
1.352000000000000000e+03 5.957961141577573461e-11
1.353000000000000000e+03 5.956551598184068806e-11
1.354000000000000000e+03 5.960255934294338567e-11
1.355000000000000000e+03 5.956358915319265682e-11
1.356000000000000000e+03 5.954949359632311331e-11
1.357000000000000000e+03 5.953493388105366887e-11
1.358000000000000000e+03 5.952932817425328624e-11
1.359000000000000000e+03 5.956925987445534124e-11
1.360000000000000000e+03 5.955458311331742999e-11
1.361000000000000000e+03 5.953059128859948886e-11
1.362000000000000000e+03 5.953445159875175654e-11
1.363000000000000000e+03 5.955370386383884270e-11
1.364000000000000000e+03 5.953782206120068144e-11
1.365000000000000000e+03 5.954965996751992741e-11
1.366000000000000000e+03 5.953748897919141868e-11
1.367000000000000000e+03 5.949964190420253451e-11
1.368000000000000000e+03 5.955679170088105569e-11
1.369000000000000000e+03 5.953572421798709643e-11
1.370000000000000000e+03 5.950874341949862601e-11
1.371000000000000000e+03 5.955218307185740328e-11
1.372000000000000000e+03 5.954652251316969403e-11
1.373000000000000000e+03 5.955078355014819342e-11
1.374000000000000000e+03 5.951400302079634203e-11
1.375000000000000000e+03 5.951438731502389332e-11
1.376000000000000000e+03 5.953088544980539849e-11
1.377000000000000000e+03 5.953036500541538108e-11
1.378000000000000000e+03 5.953400762547252302e-11
1.379000000000000000e+03 5.951186532962691864e-11
1.380000000000000000e+03 5.952445322475643360e-11
1.381000000000000000e+03 5.951573876793739451e-11
1.382000000000000000e+03 5.951159984250564116e-11
1.383000000000000000e+03 5.949408642533876494e-11
1.384000000000000000e+03 5.949100847976151747e-11
1.385000000000000000e+03 5.950930618327433373e-11
1.386000000000000000e+03 5.949923042058009505e-11
1.387000000000000000e+03 5.954128975510316648e-11
1.388000000000000000e+03 5.950464803810575125e-11
1.389000000000000000e+03 5.949965859743334069e-11
1.390000000000000000e+03 5.952135763279017636e-11
1.391000000000000000e+03 5.950286935866234373e-11
1.392000000000000000e+03 5.949813396472738707e-11
1.393000000000000000e+03 5.955194858806088632e-11
1.394000000000000000e+03 5.951295507900479865e-11
1.395000000000000000e+03 5.951122533485090561e-11
1.396000000000000000e+03 5.950794916136907751e-11
1.397000000000000000e+03 5.948825251743273015e-11
1.398000000000000000e+03 5.950575149068008154e-11
1.399000000000000000e+03 5.948165605118089297e-11
1.400000000000000000e+03 5.953172052213929017e-11
1.401000000000000000e+03 5.956913210959504372e-11
1.402000000000000000e+03 5.948923353718276995e-11
1.403000000000000000e+03 5.952662357361106712e-11
1.404000000000000000e+03 5.947608852393873457e-11
1.405000000000000000e+03 5.948232375449534846e-11
1.406000000000000000e+03 5.947621596531080867e-11
1.407000000000000000e+03 5.945722541568634462e-11
1.408000000000000000e+03 5.949599924521912598e-11
1.409000000000000000e+03 5.947218134921701853e-11
1.410000000000000000e+03 5.950054747143785161e-11
1.411000000000000000e+03 5.953055115579643268e-11
1.412000000000000000e+03 5.945191179984319504e-11
1.413000000000000000e+03 5.946966573166976017e-11
1.414000000000000000e+03 5.945090589712943288e-11
1.415000000000000000e+03 5.946246071801524033e-11
1.416000000000000000e+03 5.948634270353048914e-11
1.417000000000000000e+03 5.945645867142023304e-11
1.418000000000000000e+03 5.945433100697782235e-11
1.419000000000000000e+03 5.946728110910873202e-11
1.420000000000000000e+03 5.951278967475585764e-11
1.421000000000000000e+03 5.947666015814051425e-11
1.422000000000000000e+03 5.949091756397393783e-11
1.423000000000000000e+03 5.948113709354481000e-11
1.424000000000000000e+03 5.945234467040912434e-11
1.425000000000000000e+03 5.957476625482139433e-11
1.426000000000000000e+03 5.944695717493817245e-11
1.427000000000000000e+03 5.946436789844908663e-11
1.428000000000000000e+03 5.946270962678724343e-11
1.429000000000000000e+03 5.947074112760451037e-11
1.430000000000000000e+03 5.944197464246852503e-11
1.431000000000000000e+03 5.947514842653594290e-11
1.432000000000000000e+03 5.950135677758477157e-11
1.433000000000000000e+03 5.944475009527886906e-11
1.434000000000000000e+03 5.947512925796104028e-11
1.435000000000000000e+03 5.948988217221594290e-11
1.436000000000000000e+03 5.948333946039265657e-11
1.437000000000000000e+03 5.945292514520910158e-11
1.438000000000000000e+03 5.944997547338771362e-11
1.439000000000000000e+03 5.941891115043607924e-11
1.440000000000000000e+03 5.943708047986828030e-11
1.441000000000000000e+03 5.943545843599059529e-11
1.442000000000000000e+03 5.945369818167559186e-11
1.443000000000000000e+03 5.947311235731695309e-11
1.444000000000000000e+03 5.948390689813088298e-11
1.445000000000000000e+03 5.952519140261622681e-11
1.446000000000000000e+03 5.944679825278626469e-11
1.447000000000000000e+03 5.942432298909001227e-11
1.448000000000000000e+03 5.943986687569663336e-11
1.449000000000000000e+03 5.944141102863732625e-11
1.450000000000000000e+03 5.942506259922822264e-11
1.451000000000000000e+03 5.941604050913114220e-11
1.452000000000000000e+03 5.940283280735725783e-11
1.453000000000000000e+03 5.941585711833885548e-11
1.454000000000000000e+03 5.943041498996968126e-11
1.455000000000000000e+03 5.946552413876947749e-11
1.456000000000000000e+03 5.942427941540258947e-11
1.457000000000000000e+03 5.953597435261552541e-11
1.458000000000000000e+03 5.942234874877337559e-11
1.459000000000000000e+03 5.941070904934830977e-11
1.460000000000000000e+03 5.951660779882185401e-11
1.461000000000000000e+03 5.940046871093256069e-11
1.462000000000000000e+03 5.941832515378600339e-11
1.463000000000000000e+03 5.941513534387122311e-11
1.464000000000000000e+03 5.943563440912968670e-11
1.465000000000000000e+03 5.940784057358169197e-11
1.466000000000000000e+03 5.946090002589704428e-11
1.467000000000000000e+03 5.938590788159310621e-11
1.468000000000000000e+03 5.949610623948930118e-11
1.469000000000000000e+03 5.940541296265943856e-11
1.470000000000000000e+03 5.938894540853884962e-11
1.471000000000000000e+03 5.941180601023166880e-11
1.472000000000000000e+03 5.938565141287504513e-11
1.473000000000000000e+03 5.940090030212870007e-11
1.474000000000000000e+03 5.938071527328921555e-11
1.475000000000000000e+03 5.937441906447704449e-11
1.476000000000000000e+03 5.943483097556265372e-11
1.477000000000000000e+03 5.943126866198313520e-11
1.478000000000000000e+03 5.941624289270974640e-11
1.479000000000000000e+03 5.939300898587222024e-11
1.480000000000000000e+03 5.943992679559954143e-11
1.481000000000000000e+03 5.940345855116560510e-11
1.482000000000000000e+03 5.939084996463527658e-11
1.483000000000000000e+03 5.938108244687102359e-11
1.484000000000000000e+03 5.940874548679732612e-11
1.485000000000000000e+03 5.938363292282244901e-11
1.486000000000000000e+03 5.940741721007343147e-11
1.487000000000000000e+03 5.942340548210550302e-11
1.488000000000000000e+03 5.937251874553367627e-11
1.489000000000000000e+03 5.937280504868275334e-11
1.490000000000000000e+03 5.938133509296144695e-11
1.491000000000000000e+03 5.946175420302285920e-11
1.492000000000000000e+03 5.938624476118362397e-11
1.493000000000000000e+03 5.936565099041327494e-11
1.494000000000000000e+03 5.939509057746381263e-11
1.495000000000000000e+03 5.940589195106167999e-11
1.496000000000000000e+03 5.939429005205663049e-11
1.497000000000000000e+03 5.941365580633156544e-11
1.498000000000000000e+03 5.939058891785650485e-11
1.499000000000000000e+03 5.940337642272515277e-11
1.500000000000000000e+03 5.936558940246527383e-11
1.501000000000000000e+03 5.934876271311790230e-11
1.502000000000000000e+03 5.935843410377756572e-11
1.503000000000000000e+03 5.938250870229332920e-11
1.504000000000000000e+03 5.941245440098545632e-11
1.505000000000000000e+03 5.935157009205732671e-11
1.506000000000000000e+03 5.938848636698377718e-11
1.507000000000000000e+03 5.935696145555607320e-11
1.508000000000000000e+03 5.935738673791316047e-11
1.509000000000000000e+03 5.936295053997228444e-11
1.510000000000000000e+03 5.935527589930434672e-11
1.511000000000000000e+03 5.936933112605502855e-11
1.512000000000000000e+03 5.936924550137378374e-11
1.513000000000000000e+03 5.937332453041552227e-11
1.514000000000000000e+03 5.942949957860151341e-11
1.515000000000000000e+03 5.945190180324175129e-11
1.516000000000000000e+03 5.937835943070550888e-11
1.517000000000000000e+03 5.933784216848886515e-11
1.518000000000000000e+03 5.934299025971259108e-11
1.519000000000000000e+03 5.936331099840533229e-11
1.520000000000000000e+03 5.935242925921859728e-11
1.521000000000000000e+03 5.935327476390164171e-11
1.522000000000000000e+03 5.935937102577672615e-11
1.523000000000000000e+03 5.936058887079472419e-11
1.524000000000000000e+03 5.933710618269917056e-11
1.525000000000000000e+03 5.936931681705851025e-11
1.526000000000000000e+03 5.935257073897377274e-11
1.527000000000000000e+03 5.933274428224328975e-11
1.528000000000000000e+03 5.932706131990213052e-11
1.529000000000000000e+03 5.936018118703345629e-11
1.530000000000000000e+03 5.932621971344021381e-11
1.531000000000000000e+03 5.933376898436396134e-11
1.532000000000000000e+03 5.936431882632316279e-11
1.533000000000000000e+03 5.933775607997831861e-11
1.534000000000000000e+03 5.931996497872851505e-11
1.535000000000000000e+03 5.934387779851890213e-11
1.536000000000000000e+03 5.939337911525974090e-11
1.537000000000000000e+03 5.931915154257864361e-11
1.538000000000000000e+03 5.937026361847163572e-11
1.539000000000000000e+03 5.932722633545939283e-11
1.540000000000000000e+03 5.934776248589417119e-11
1.541000000000000000e+03 5.931931295563852924e-11
1.542000000000000000e+03 5.932566358049975458e-11
1.543000000000000000e+03 5.933114646535425381e-11
1.544000000000000000e+03 5.933667752963786532e-11
1.545000000000000000e+03 5.935021071811311254e-11
1.546000000000000000e+03 5.932567804565967487e-11
1.547000000000000000e+03 5.932146991343936538e-11
1.548000000000000000e+03 5.933488598963284838e-11
1.549000000000000000e+03 5.931067402634646632e-11
1.550000000000000000e+03 5.930985254720453708e-11
1.551000000000000000e+03 5.931589369987828784e-11
1.552000000000000000e+03 5.929777379224398526e-11
1.553000000000000000e+03 5.931457443124000487e-11
1.554000000000000000e+03 5.933412716673504287e-11
1.555000000000000000e+03 5.929782893241843782e-11
1.556000000000000000e+03 5.933695993714081499e-11
1.557000000000000000e+03 5.939022998702766721e-11
1.558000000000000000e+03 5.930273616002669161e-11
1.559000000000000000e+03 5.931771840880056487e-11
1.560000000000000000e+03 5.936842319985479609e-11
1.561000000000000000e+03 5.930449825679526469e-11
1.562000000000000000e+03 5.930249943874906239e-11
1.563000000000000000e+03 5.932743577676646427e-11
1.564000000000000000e+03 5.933945427843844885e-11
1.565000000000000000e+03 5.930227051748867276e-11
1.566000000000000000e+03 5.929020566789405283e-11
1.567000000000000000e+03 5.929953110119582740e-11
1.568000000000000000e+03 5.929345694613253313e-11
1.569000000000000000e+03 5.929614217097735430e-11
1.570000000000000000e+03 5.928124358401829704e-11
1.571000000000000000e+03 5.931602750246081649e-11
1.572000000000000000e+03 5.928739011812007505e-11
1.573000000000000000e+03 5.929951344014355493e-11
1.574000000000000000e+03 5.935218616263883262e-11
1.575000000000000000e+03 5.927868089872289667e-11
1.576000000000000000e+03 5.933898916665769057e-11
1.577000000000000000e+03 5.938537884568501323e-11
1.578000000000000000e+03 5.929644492247441093e-11
1.579000000000000000e+03 5.929948594973068837e-11
1.580000000000000000e+03 5.927496718713168431e-11
1.581000000000000000e+03 5.928611517512395457e-11
1.582000000000000000e+03 5.928792866925480114e-11
1.583000000000000000e+03 5.932994249830998535e-11
1.584000000000000000e+03 5.931388911410260156e-11
1.585000000000000000e+03 5.927497880290027379e-11
1.586000000000000000e+03 5.926716348015327469e-11
1.587000000000000000e+03 5.926343669179201025e-11
1.588000000000000000e+03 5.933815977737968911e-11
1.589000000000000000e+03 5.926501554475528000e-11
1.590000000000000000e+03 5.926651296354757473e-11
1.591000000000000000e+03 5.926835435487644385e-11
1.592000000000000000e+03 5.927671973494104380e-11
1.593000000000000000e+03 5.927705697075062388e-11
1.594000000000000000e+03 5.932809875673074249e-11
1.595000000000000000e+03 5.926544511259486210e-11
1.596000000000000000e+03 5.927139600632217754e-11
1.597000000000000000e+03 5.928355869916197914e-11
1.598000000000000000e+03 5.930398363173045803e-11
1.599000000000000000e+03 5.927514403983325973e-11
1.600000000000000000e+03 5.925457034794225799e-11
1.601000000000000000e+03 5.931757168708763211e-11
1.602000000000000000e+03 5.927747301551459590e-11
1.603000000000000000e+03 5.926873885012386372e-11
1.604000000000000000e+03 5.928721128372891681e-11
1.605000000000000000e+03 5.925907725676985252e-11
1.606000000000000000e+03 5.926479132432161164e-11
1.607000000000000000e+03 5.929843420967245453e-11
1.608000000000000000e+03 5.926384937775787893e-11
1.609000000000000000e+03 5.925760289006386116e-11
1.610000000000000000e+03 5.925455541520580440e-11
1.611000000000000000e+03 5.925612199870044240e-11
1.612000000000000000e+03 5.928168360955196218e-11
1.613000000000000000e+03 5.925602032048346457e-11
1.614000000000000000e+03 5.928979744109003110e-11
1.615000000000000000e+03 5.926209295411225618e-11
1.616000000000000000e+03 5.926238935572474446e-11
1.617000000000000000e+03 5.927322368164980172e-11
1.618000000000000000e+03 5.927063187761393246e-11
1.619000000000000000e+03 5.926329315389834088e-11
1.620000000000000000e+03 5.924595329565499057e-11
1.621000000000000000e+03 5.925346823110953353e-11
1.622000000000000000e+03 5.927257704574917596e-11
1.623000000000000000e+03 5.926166310342308453e-11
1.624000000000000000e+03 5.923851787391489281e-11
1.625000000000000000e+03 5.924603639530209415e-11
1.626000000000000000e+03 5.925913079288043043e-11
1.627000000000000000e+03 5.925528878839387260e-11
1.628000000000000000e+03 5.929213053369863537e-11
1.629000000000000000e+03 5.923102304361424920e-11
1.630000000000000000e+03 5.923020817420836237e-11
1.631000000000000000e+03 5.926098544212053205e-11
1.632000000000000000e+03 5.923235535080733110e-11
1.633000000000000000e+03 5.925557081547247775e-11
1.634000000000000000e+03 5.923931697394164616e-11
1.635000000000000000e+03 5.924499015083777287e-11
1.636000000000000000e+03 5.924408943246320307e-11
1.637000000000000000e+03 5.927452732186397850e-11
1.638000000000000000e+03 5.923456888233635559e-11
1.639000000000000000e+03 5.922307053930255813e-11
1.640000000000000000e+03 5.924125461682914553e-11
1.641000000000000000e+03 5.928240530790825070e-11
1.642000000000000000e+03 5.923826568197133775e-11
1.643000000000000000e+03 5.923540574589995600e-11
1.644000000000000000e+03 5.923582315835349801e-11
1.645000000000000000e+03 5.926136425618158036e-11
1.646000000000000000e+03 5.923262983813573851e-11
1.647000000000000000e+03 5.922806500867216116e-11
1.648000000000000000e+03 5.924500075381068549e-11
1.649000000000000000e+03 5.921930672822073410e-11
1.650000000000000000e+03 5.921452564461060977e-11
1.651000000000000000e+03 5.921258441890529108e-11
1.652000000000000000e+03 5.921883195926744353e-11
1.653000000000000000e+03 5.921595116046879842e-11
1.654000000000000000e+03 5.923237728166424698e-11
1.655000000000000000e+03 5.926950395182677557e-11
1.656000000000000000e+03 5.921725683965802076e-11
1.657000000000000000e+03 5.920480358915378201e-11
1.658000000000000000e+03 5.925916969778993461e-11
1.659000000000000000e+03 5.920439715118286829e-11
1.660000000000000000e+03 5.921711671032611859e-11
1.661000000000000000e+03 5.922455865079584777e-11
1.662000000000000000e+03 5.920520715896971623e-11
1.663000000000000000e+03 5.920570382319637047e-11
1.664000000000000000e+03 5.921964474379409058e-11
1.665000000000000000e+03 5.924323529823409583e-11
1.666000000000000000e+03 5.920573513866812658e-11
1.667000000000000000e+03 5.919850453673984649e-11
1.668000000000000000e+03 5.920226272013617777e-11
1.669000000000000000e+03 5.923658395469998316e-11
1.670000000000000000e+03 5.923587665375647587e-11
1.671000000000000000e+03 5.923002974513262821e-11
1.672000000000000000e+03 5.921772118581300564e-11
1.673000000000000000e+03 5.920383058346254729e-11
1.674000000000000000e+03 5.918750605317611934e-11
1.675000000000000000e+03 5.923709621714431776e-11
1.676000000000000000e+03 5.921213415707580719e-11
1.677000000000000000e+03 5.920563618394910585e-11
1.678000000000000000e+03 5.919197514794470418e-11
1.679000000000000000e+03 5.919381424742919477e-11
1.680000000000000000e+03 5.919055957578933259e-11
1.681000000000000000e+03 5.919143998394628109e-11
1.682000000000000000e+03 5.920902095939443261e-11
1.683000000000000000e+03 5.921560688862675507e-11
1.684000000000000000e+03 5.918899996134375206e-11
1.685000000000000000e+03 5.917734340387542589e-11
1.686000000000000000e+03 5.918665730626738980e-11
1.687000000000000000e+03 5.919259058009443560e-11
1.688000000000000000e+03 5.920954843219169098e-11
1.689000000000000000e+03 5.921491872420547036e-11
1.690000000000000000e+03 5.919864216009361276e-11
1.691000000000000000e+03 5.917554146364928723e-11
1.692000000000000000e+03 5.921710016777440355e-11
1.693000000000000000e+03 5.920183508649100575e-11
1.694000000000000000e+03 5.920331419155999842e-11
1.695000000000000000e+03 5.919251793276251804e-11
1.696000000000000000e+03 5.918235594202624461e-11
1.697000000000000000e+03 5.918600112110444045e-11
1.698000000000000000e+03 5.917408983131826305e-11
1.699000000000000000e+03 5.918662272079536910e-11
1.700000000000000000e+03 5.918967658156349350e-11
1.701000000000000000e+03 5.917658664276969350e-11
1.702000000000000000e+03 5.917885491648813058e-11
1.703000000000000000e+03 5.919326973800069198e-11
1.704000000000000000e+03 5.917138087651614204e-11
1.705000000000000000e+03 5.918874727305631241e-11
1.706000000000000000e+03 5.917332676254683426e-11
1.707000000000000000e+03 5.924963005182600148e-11
1.708000000000000000e+03 5.920498064136991238e-11
1.709000000000000000e+03 5.917774980408436849e-11
1.710000000000000000e+03 5.918132290369175288e-11
1.711000000000000000e+03 5.919224468857138640e-11
1.712000000000000000e+03 5.916830380901727438e-11
1.713000000000000000e+03 5.920193471931020368e-11
1.714000000000000000e+03 5.916921203139536713e-11
1.715000000000000000e+03 5.918050913792679585e-11
1.716000000000000000e+03 5.916725239992148703e-11
1.717000000000000000e+03 5.918009720779451063e-11
1.718000000000000000e+03 5.917040574651409699e-11
1.719000000000000000e+03 5.922660232088074497e-11
1.720000000000000000e+03 5.916884445020413053e-11
1.721000000000000000e+03 5.916292172716914372e-11
1.722000000000000000e+03 5.916575398796959411e-11
1.723000000000000000e+03 5.916465550108825452e-11
1.724000000000000000e+03 5.916399368913801423e-11
1.725000000000000000e+03 5.915513139993522767e-11
1.726000000000000000e+03 5.914960677727918691e-11
1.727000000000000000e+03 5.915194586390651626e-11
1.728000000000000000e+03 5.922475924207378991e-11
1.729000000000000000e+03 5.918553958617540962e-11
1.730000000000000000e+03 5.915918347832784489e-11
1.731000000000000000e+03 5.914590711633599305e-11
1.732000000000000000e+03 5.915191041991937668e-11
1.733000000000000000e+03 5.920205921982903088e-11
1.734000000000000000e+03 5.915068932082170421e-11
1.735000000000000000e+03 5.915956416919875981e-11
1.736000000000000000e+03 5.914716094831714135e-11
1.737000000000000000e+03 5.914838093981751792e-11
1.738000000000000000e+03 5.914247031888729593e-11
1.739000000000000000e+03 5.917571679841400273e-11
1.740000000000000000e+03 5.914493433755703444e-11
1.741000000000000000e+03 5.915113057276413215e-11
1.742000000000000000e+03 5.916710141698439752e-11
1.743000000000000000e+03 5.916273761612849302e-11
1.744000000000000000e+03 5.914865556064425542e-11
1.745000000000000000e+03 5.915596281691090781e-11
1.746000000000000000e+03 5.914280294485111701e-11
1.747000000000000000e+03 5.914931669864857464e-11
1.748000000000000000e+03 5.913250149103997312e-11
1.749000000000000000e+03 5.919954140675772956e-11
1.750000000000000000e+03 5.913667332011300421e-11
1.751000000000000000e+03 5.917031098014402650e-11
1.752000000000000000e+03 5.915204318201273855e-11
1.753000000000000000e+03 5.915386651144624406e-11
1.754000000000000000e+03 5.912536281659304155e-11
1.755000000000000000e+03 5.914434781380688323e-11
1.756000000000000000e+03 5.912929043869181037e-11
1.757000000000000000e+03 5.915377558000399991e-11
1.758000000000000000e+03 5.913092080797355127e-11
1.759000000000000000e+03 5.915736804555439865e-11
1.760000000000000000e+03 5.914170941322533854e-11
1.761000000000000000e+03 5.912366509898393568e-11
1.762000000000000000e+03 5.913415161911871529e-11
1.763000000000000000e+03 5.912618666057619015e-11
1.764000000000000000e+03 5.913421475193701651e-11
1.765000000000000000e+03 5.912766806158118441e-11
1.766000000000000000e+03 5.914510202013092698e-11
1.767000000000000000e+03 5.913500294166773340e-11
1.768000000000000000e+03 5.912282089023875988e-11
1.769000000000000000e+03 5.913263114793095845e-11
1.770000000000000000e+03 5.911976059686839361e-11
1.771000000000000000e+03 5.913904502294251351e-11
1.772000000000000000e+03 5.911945570159646277e-11
1.773000000000000000e+03 5.913382579456345748e-11
1.774000000000000000e+03 5.912775177396094379e-11
1.775000000000000000e+03 5.914683425850186931e-11
1.776000000000000000e+03 5.911700319535547180e-11
1.777000000000000000e+03 5.911526538047549920e-11
1.778000000000000000e+03 5.911760681003167159e-11
1.779000000000000000e+03 5.912149421240606931e-11
1.780000000000000000e+03 5.914657484750968476e-11
1.781000000000000000e+03 5.911115506900701700e-11
1.782000000000000000e+03 5.912786022073066416e-11
1.783000000000000000e+03 5.912428774163111022e-11
1.784000000000000000e+03 5.914410605692417285e-11
1.785000000000000000e+03 5.912053510080685050e-11
1.786000000000000000e+03 5.914585008866294940e-11
1.787000000000000000e+03 5.913499319465689839e-11
1.788000000000000000e+03 5.912058884237519852e-11
1.789000000000000000e+03 5.911971421830799650e-11
1.790000000000000000e+03 5.913706552216222807e-11
1.791000000000000000e+03 5.910326599413114685e-11
1.792000000000000000e+03 5.911751706757766377e-11
1.793000000000000000e+03 5.913064421519044550e-11
1.794000000000000000e+03 5.910710005845908627e-11
1.795000000000000000e+03 5.909897598242777410e-11
1.796000000000000000e+03 5.909861114707656540e-11
1.797000000000000000e+03 5.911527632657564781e-11
1.798000000000000000e+03 5.911319499958348157e-11
1.799000000000000000e+03 5.911862203855432403e-11
1.800000000000000000e+03 5.911503343425860993e-11
1.801000000000000000e+03 5.910423047970262028e-11
1.802000000000000000e+03 5.909439405536097825e-11
1.803000000000000000e+03 5.909238990882166105e-11
1.804000000000000000e+03 5.910228469321302059e-11
1.805000000000000000e+03 5.909753580310128170e-11
1.806000000000000000e+03 5.910615546390748341e-11
1.807000000000000000e+03 5.909773287262986147e-11
1.808000000000000000e+03 5.909724178080439395e-11
1.809000000000000000e+03 5.909549947626416671e-11
1.810000000000000000e+03 5.909047552712930699e-11
1.811000000000000000e+03 5.911937478662009459e-11
1.812000000000000000e+03 5.908978124579840816e-11
1.813000000000000000e+03 5.912619890561303438e-11
1.814000000000000000e+03 5.909176026311518729e-11
1.815000000000000000e+03 5.913997141910689480e-11
1.816000000000000000e+03 5.908543575657956573e-11
1.817000000000000000e+03 5.910133079530917569e-11
1.818000000000000000e+03 5.915629196912241816e-11
1.819000000000000000e+03 5.909440475306158066e-11
1.820000000000000000e+03 5.909829651892174714e-11
1.821000000000000000e+03 5.909478867274711434e-11
1.822000000000000000e+03 5.908385298246839708e-11
1.823000000000000000e+03 5.909179391034901619e-11
1.824000000000000000e+03 5.908334747899386592e-11
1.825000000000000000e+03 5.909610466601996173e-11
1.826000000000000000e+03 5.908985761589995732e-11
1.827000000000000000e+03 5.908687027572478793e-11
1.828000000000000000e+03 5.908089064079792574e-11
1.829000000000000000e+03 5.909845330977610229e-11
1.830000000000000000e+03 5.908204271412168971e-11
1.831000000000000000e+03 5.908014514695271112e-11
1.832000000000000000e+03 5.910075588676033609e-11
1.833000000000000000e+03 5.908504533647007561e-11
1.834000000000000000e+03 5.908123469306282047e-11
1.835000000000000000e+03 5.907497931463226723e-11
1.836000000000000000e+03 5.911807384739729856e-11
1.837000000000000000e+03 5.910936679862634983e-11
1.838000000000000000e+03 5.908660959387773313e-11
1.839000000000000000e+03 5.907609546672007079e-11
1.840000000000000000e+03 5.907376160388818450e-11
1.841000000000000000e+03 5.909928893590459649e-11
1.842000000000000000e+03 5.907373461164429902e-11
1.843000000000000000e+03 5.908015183531000893e-11
1.844000000000000000e+03 5.909061143453198307e-11
1.845000000000000000e+03 5.908950728320693743e-11
1.846000000000000000e+03 5.907772992536827480e-11
1.847000000000000000e+03 5.908178991924166252e-11
1.848000000000000000e+03 5.908406792209685404e-11
1.849000000000000000e+03 5.910194209388022187e-11
1.850000000000000000e+03 5.908060582227677383e-11
1.851000000000000000e+03 5.907103474835650248e-11
1.852000000000000000e+03 5.908229383617409821e-11
1.853000000000000000e+03 5.907131321898863342e-11
1.854000000000000000e+03 5.907942168340522218e-11
1.855000000000000000e+03 5.905233060832669752e-11
1.856000000000000000e+03 5.906962705014474259e-11
1.857000000000000000e+03 5.906891937773863016e-11
1.858000000000000000e+03 5.906293384640692093e-11
1.859000000000000000e+03 5.906525290983669516e-11
1.860000000000000000e+03 5.906446846578265795e-11
1.861000000000000000e+03 5.906380493063680212e-11
1.862000000000000000e+03 5.907321048357959682e-11
1.863000000000000000e+03 5.906447207604122474e-11
1.864000000000000000e+03 5.908347425032771064e-11
1.865000000000000000e+03 5.909522631787910373e-11
1.866000000000000000e+03 5.907224680296536557e-11
1.867000000000000000e+03 5.905175744577191531e-11
1.868000000000000000e+03 5.908940745280625394e-11
1.869000000000000000e+03 5.905324465361007748e-11
1.870000000000000000e+03 5.905937289106135449e-11
1.871000000000000000e+03 5.907175277270493951e-11
1.872000000000000000e+03 5.905324621121783457e-11
1.873000000000000000e+03 5.906671239639036296e-11
1.874000000000000000e+03 5.906513994583628628e-11
1.875000000000000000e+03 5.905645606686807578e-11
1.876000000000000000e+03 5.905429900483418480e-11
1.877000000000000000e+03 5.906427704724674179e-11
1.878000000000000000e+03 5.906109546767082500e-11
1.879000000000000000e+03 5.905779651714268997e-11
1.880000000000000000e+03 5.905895742745690326e-11
1.881000000000000000e+03 5.907037408950014614e-11
1.882000000000000000e+03 5.904209166507718364e-11
1.883000000000000000e+03 5.905466662639545420e-11
1.884000000000000000e+03 5.908581001300154514e-11
1.885000000000000000e+03 5.906796602419382900e-11
1.886000000000000000e+03 5.905858386723884056e-11
1.887000000000000000e+03 5.904189119274173897e-11
1.888000000000000000e+03 5.903484126865577596e-11
1.889000000000000000e+03 5.910085161137599066e-11
1.890000000000000000e+03 5.910107261238653874e-11
1.891000000000000000e+03 5.906419069197563051e-11
1.892000000000000000e+03 5.904582152749014625e-11
1.893000000000000000e+03 5.907353346402049670e-11
1.894000000000000000e+03 5.905197741552449008e-11
1.895000000000000000e+03 5.905428485607864240e-11
1.896000000000000000e+03 5.905313253275256638e-11
1.897000000000000000e+03 5.905313019491317178e-11
1.898000000000000000e+03 5.904203540428101115e-11
1.899000000000000000e+03 5.904624527057598974e-11
1.900000000000000000e+03 5.903998987800028613e-11
1.901000000000000000e+03 5.903944276155780078e-11
1.902000000000000000e+03 5.904488786741827782e-11
1.903000000000000000e+03 5.904275681529968660e-11
1.904000000000000000e+03 5.903812783993490564e-11
1.905000000000000000e+03 5.904312221108804249e-11
1.906000000000000000e+03 5.902370505691883420e-11
1.907000000000000000e+03 5.905059243385065898e-11
1.908000000000000000e+03 5.903731321066304030e-11
1.909000000000000000e+03 5.902850894553841625e-11
1.910000000000000000e+03 5.904076379560151103e-11
1.911000000000000000e+03 5.903657855585346730e-11
1.912000000000000000e+03 5.903257789305143130e-11
1.913000000000000000e+03 5.903272769168546130e-11
1.914000000000000000e+03 5.904284072512975880e-11
1.915000000000000000e+03 5.907668267811963069e-11
1.916000000000000000e+03 5.902733343353990617e-11
1.917000000000000000e+03 5.903219156483743147e-11
1.918000000000000000e+03 5.903100626333594757e-11
1.919000000000000000e+03 5.903870926760936353e-11
1.920000000000000000e+03 5.903556414406846605e-11
1.921000000000000000e+03 5.902309668773253762e-11
1.922000000000000000e+03 5.903234997881368286e-11
1.923000000000000000e+03 5.903279459611910723e-11
1.924000000000000000e+03 5.904568017786038146e-11
1.925000000000000000e+03 5.901919624413065579e-11
1.926000000000000000e+03 5.902677978483930219e-11
1.927000000000000000e+03 5.901587824843478420e-11
1.928000000000000000e+03 5.905868006245535584e-11
1.929000000000000000e+03 5.905230951469932033e-11
1.930000000000000000e+03 5.901498835551122392e-11
1.931000000000000000e+03 5.903383547479840080e-11
1.932000000000000000e+03 5.901768913512760181e-11
1.933000000000000000e+03 5.902363224969762175e-11
1.934000000000000000e+03 5.901136829835219466e-11
1.935000000000000000e+03 5.902085463406054700e-11
1.936000000000000000e+03 5.901709009218941549e-11
1.937000000000000000e+03 5.901939143245401553e-11
1.938000000000000000e+03 5.902445332039099939e-11
1.939000000000000000e+03 5.905054635622322161e-11
1.940000000000000000e+03 5.901415467476415012e-11
1.941000000000000000e+03 5.902574458476237134e-11
1.942000000000000000e+03 5.902584821409209724e-11
1.943000000000000000e+03 5.900897910755414328e-11
1.944000000000000000e+03 5.901954329219952996e-11
1.945000000000000000e+03 5.901324766481330939e-11
1.946000000000000000e+03 5.901711218852440744e-11
1.947000000000000000e+03 5.903296686066630057e-11
1.948000000000000000e+03 5.903927579643912886e-11
1.949000000000000000e+03 5.901588610285251320e-11
1.950000000000000000e+03 5.902531807221233799e-11
1.951000000000000000e+03 5.900964873886447922e-11
1.952000000000000000e+03 5.903596027407898504e-11
1.953000000000000000e+03 5.901254183368842842e-11
1.954000000000000000e+03 5.902112222983859068e-11
1.955000000000000000e+03 5.901751699845314784e-11
1.956000000000000000e+03 5.901784779279625059e-11
1.957000000000000000e+03 5.901224833563951020e-11
1.958000000000000000e+03 5.901465953203215866e-11
1.959000000000000000e+03 5.901714527621294496e-11
1.960000000000000000e+03 5.903597026165404008e-11
1.961000000000000000e+03 5.900944974290526442e-11
1.962000000000000000e+03 5.903793136633642311e-11
1.963000000000000000e+03 5.900830574135552739e-11
1.964000000000000000e+03 5.899870300621423064e-11
1.965000000000000000e+03 5.900640821939977579e-11
1.966000000000000000e+03 5.900953208602426301e-11
1.967000000000000000e+03 5.899669209969625984e-11
1.968000000000000000e+03 5.902686704794550429e-11
1.969000000000000000e+03 5.902390370333689331e-11
1.970000000000000000e+03 5.900094741162950091e-11
1.971000000000000000e+03 5.901622959918325105e-11
1.972000000000000000e+03 5.901850157471871850e-11
1.973000000000000000e+03 5.901151003272405752e-11
1.974000000000000000e+03 5.900885981117268263e-11
1.975000000000000000e+03 5.899245340026343993e-11
1.976000000000000000e+03 5.901492426929018384e-11
1.977000000000000000e+03 5.899306069063973471e-11
1.978000000000000000e+03 5.902201226234452371e-11
1.979000000000000000e+03 5.900281079181742310e-11
1.980000000000000000e+03 5.899835100469524629e-11
1.981000000000000000e+03 5.900863988329896980e-11
1.982000000000000000e+03 5.900116543913786699e-11
1.983000000000000000e+03 5.900635858296529754e-11
1.984000000000000000e+03 5.899216751921444478e-11
1.985000000000000000e+03 5.901275719361967186e-11
1.986000000000000000e+03 5.900342769876226742e-11
1.987000000000000000e+03 5.899612585338271734e-11
1.988000000000000000e+03 5.900248521365950791e-11
1.989000000000000000e+03 5.900984618486317000e-11
1.990000000000000000e+03 5.899928439984486841e-11
1.991000000000000000e+03 5.900921395338241120e-11
1.992000000000000000e+03 5.899065521261078025e-11
1.993000000000000000e+03 5.898376457593345929e-11
1.994000000000000000e+03 5.899140280435385550e-11
1.995000000000000000e+03 5.898832449458803533e-11
1.996000000000000000e+03 5.899695339373281004e-11
1.997000000000000000e+03 5.899192848590152696e-11
1.998000000000000000e+03 5.897962480051092883e-11
1.999000000000000000e+03 5.898386137497189185e-11
2.000000000000000000e+03 5.899576210662639791e-11
2.001000000000000000e+03 5.899220908864034824e-11
2.002000000000000000e+03 5.901024632661336167e-11
2.003000000000000000e+03 5.898466730754980890e-11
2.004000000000000000e+03 5.898084798041344666e-11
2.005000000000000000e+03 5.897991010811969144e-11
2.006000000000000000e+03 5.898095347346126454e-11
2.007000000000000000e+03 5.898392240983485631e-11
2.008000000000000000e+03 5.898312159919928120e-11
2.009000000000000000e+03 5.898472769889259733e-11
2.010000000000000000e+03 5.898002218365893653e-11
2.011000000000000000e+03 5.897885464347211913e-11
2.012000000000000000e+03 5.898368292827679706e-11
2.013000000000000000e+03 5.898490517921884547e-11
2.014000000000000000e+03 5.897596960101404522e-11
2.015000000000000000e+03 5.898265965196022582e-11
2.016000000000000000e+03 5.897754772173673205e-11
2.017000000000000000e+03 5.898724620400908728e-11
2.018000000000000000e+03 5.898333333205746980e-11
2.019000000000000000e+03 5.899639677153249267e-11
2.020000000000000000e+03 5.897524616040386108e-11
2.021000000000000000e+03 5.897991598680095310e-11
2.022000000000000000e+03 5.899276674168192084e-11
2.023000000000000000e+03 5.898585011311945932e-11
2.024000000000000000e+03 5.897852124742679996e-11
2.025000000000000000e+03 5.897688728067767723e-11
2.026000000000000000e+03 5.897488512903784920e-11
2.027000000000000000e+03 5.897479053361053303e-11
2.028000000000000000e+03 5.897727228932348138e-11
2.029000000000000000e+03 5.898442850471335921e-11
2.030000000000000000e+03 5.898526599958134529e-11
2.031000000000000000e+03 5.897124883766077203e-11
2.032000000000000000e+03 5.897257822344072144e-11
2.033000000000000000e+03 5.898987117663019408e-11
2.034000000000000000e+03 5.896681261153374716e-11
2.035000000000000000e+03 5.899123273769785047e-11
2.036000000000000000e+03 5.896196864293391934e-11
2.037000000000000000e+03 5.897418222245672083e-11
2.038000000000000000e+03 5.898667405950392299e-11
2.039000000000000000e+03 5.897312631313940481e-11
2.040000000000000000e+03 5.896177743367994558e-11
2.041000000000000000e+03 5.896708451291705673e-11
2.042000000000000000e+03 5.898165763398028225e-11
2.043000000000000000e+03 5.896245320990182053e-11
2.044000000000000000e+03 5.898897465251497387e-11
2.045000000000000000e+03 5.896469498040228032e-11
2.046000000000000000e+03 5.896139667047069023e-11
2.047000000000000000e+03 5.898900330217381556e-11
2.048000000000000000e+03 5.896547307877754900e-11
2.049000000000000000e+03 5.896369487641919347e-11
2.050000000000000000e+03 5.896582062789236426e-11
2.051000000000000000e+03 5.897251357411792694e-11
2.052000000000000000e+03 5.895695988464091239e-11
2.053000000000000000e+03 5.895933246891573679e-11
2.054000000000000000e+03 5.896321981944916164e-11
2.055000000000000000e+03 5.895421187425063550e-11
2.056000000000000000e+03 5.897453916409216796e-11
2.057000000000000000e+03 5.895619588236407031e-11
2.058000000000000000e+03 5.895407208021229751e-11
2.059000000000000000e+03 5.896332474230938917e-11
2.060000000000000000e+03 5.895701532836003114e-11
2.061000000000000000e+03 5.895623470533567380e-11
2.062000000000000000e+03 5.896113423606667536e-11
2.063000000000000000e+03 5.895546800035602721e-11
2.064000000000000000e+03 5.894973265794695658e-11
2.065000000000000000e+03 5.896108627546387729e-11
2.066000000000000000e+03 5.897414780246719647e-11
2.067000000000000000e+03 5.895064978991310851e-11
2.068000000000000000e+03 5.895543026295642022e-11
2.069000000000000000e+03 5.896535150234805498e-11
2.070000000000000000e+03 5.896759534620117367e-11
2.071000000000000000e+03 5.896197901551914359e-11
2.072000000000000000e+03 5.894898741770782144e-11
2.073000000000000000e+03 5.894498384324593956e-11
2.074000000000000000e+03 5.900437551937850125e-11
2.075000000000000000e+03 5.895887978959935609e-11
2.076000000000000000e+03 5.894606608948229637e-11
2.077000000000000000e+03 5.894978418529785867e-11
2.078000000000000000e+03 5.894518816945601514e-11
2.079000000000000000e+03 5.895748669760984461e-11
2.080000000000000000e+03 5.896206358430326373e-11
2.081000000000000000e+03 5.894879008454492850e-11
2.082000000000000000e+03 5.895136801991425886e-11
2.083000000000000000e+03 5.895246906313407977e-11
2.084000000000000000e+03 5.895408742077755054e-11
2.085000000000000000e+03 5.896271041149558415e-11
2.086000000000000000e+03 5.896706695760691380e-11
2.087000000000000000e+03 5.894486858064095397e-11
2.088000000000000000e+03 5.896027837915236180e-11
2.089000000000000000e+03 5.895341925094345301e-11
2.090000000000000000e+03 5.894670398178838887e-11
2.091000000000000000e+03 5.894729484624244938e-11
2.092000000000000000e+03 5.894147418659019712e-11
2.093000000000000000e+03 5.894456411428120881e-11
2.094000000000000000e+03 5.894744580082895737e-11
2.095000000000000000e+03 5.894130791393048508e-11
2.096000000000000000e+03 5.894362891594818752e-11
2.097000000000000000e+03 5.894012931364286998e-11
2.098000000000000000e+03 5.895145797436386555e-11
2.099000000000000000e+03 5.893829395749474540e-11
2.100000000000000000e+03 5.894306997773349383e-11
2.101000000000000000e+03 5.895255742001103412e-11
2.102000000000000000e+03 5.895622409613162254e-11
2.103000000000000000e+03 5.896541198504306760e-11
2.104000000000000000e+03 5.894231448997539217e-11
2.105000000000000000e+03 5.894295486803849256e-11
2.106000000000000000e+03 5.894128611834511604e-11
2.107000000000000000e+03 5.893934868193692899e-11
2.108000000000000000e+03 5.893706466028631641e-11
2.109000000000000000e+03 5.893478119366097015e-11
2.110000000000000000e+03 5.893918638292708359e-11
2.111000000000000000e+03 5.894005741812089674e-11
2.112000000000000000e+03 5.893413829995632560e-11
2.113000000000000000e+03 5.894413528301443885e-11
2.114000000000000000e+03 5.893934232211784394e-11
2.115000000000000000e+03 5.894865744437449925e-11
2.116000000000000000e+03 5.892969358329728589e-11
2.117000000000000000e+03 5.893002194945677990e-11
2.118000000000000000e+03 5.893254928102246549e-11
2.119000000000000000e+03 5.892800584666301878e-11
2.120000000000000000e+03 5.893120661176876601e-11
2.121000000000000000e+03 5.893512598755912244e-11
2.122000000000000000e+03 5.892566368958327383e-11
2.123000000000000000e+03 5.893011133673255125e-11
2.124000000000000000e+03 5.894612913995594375e-11
2.125000000000000000e+03 5.894701229157392285e-11
2.126000000000000000e+03 5.892771766500454206e-11
2.127000000000000000e+03 5.892742176762211031e-11
2.128000000000000000e+03 5.893827062910535373e-11
2.129000000000000000e+03 5.892671685653488856e-11
2.130000000000000000e+03 5.892994205075360757e-11
2.131000000000000000e+03 5.892722762369854295e-11
2.132000000000000000e+03 5.892967379189900287e-11
2.133000000000000000e+03 5.892436402973679470e-11
2.134000000000000000e+03 5.892205598021479574e-11
2.135000000000000000e+03 5.893218487554072308e-11
2.136000000000000000e+03 5.893797313519621367e-11
2.137000000000000000e+03 5.892344440360269439e-11
2.138000000000000000e+03 5.893994447390728142e-11
2.139000000000000000e+03 5.892293664815793565e-11
2.140000000000000000e+03 5.891969266814150916e-11
2.141000000000000000e+03 5.894499630760821102e-11
2.142000000000000000e+03 5.893413878402668522e-11
2.143000000000000000e+03 5.892268327563418962e-11
2.144000000000000000e+03 5.892226292305288981e-11
2.145000000000000000e+03 5.892548206360641489e-11
2.146000000000000000e+03 5.891806441355526314e-11
2.147000000000000000e+03 5.892095924305467307e-11
2.148000000000000000e+03 5.891643682282492445e-11
2.149000000000000000e+03 5.893206751986549679e-11
2.150000000000000000e+03 5.892990220221852305e-11
2.151000000000000000e+03 5.894333057579629034e-11
2.152000000000000000e+03 5.893945520385075942e-11
2.153000000000000000e+03 5.891475232086718199e-11
2.154000000000000000e+03 5.891504015678790533e-11
2.155000000000000000e+03 5.891595785097553643e-11
2.156000000000000000e+03 5.892007000711502330e-11
2.157000000000000000e+03 5.890848658949602639e-11
2.158000000000000000e+03 5.891587658740036515e-11
2.159000000000000000e+03 5.891143547713867776e-11
2.160000000000000000e+03 5.892349311064681489e-11
2.161000000000000000e+03 5.891868538285801205e-11
2.162000000000000000e+03 5.891919713031748166e-11
2.163000000000000000e+03 5.891845915436457899e-11
2.164000000000000000e+03 5.891421992828064892e-11
2.165000000000000000e+03 5.890785804314236522e-11
2.166000000000000000e+03 5.891428435058502970e-11
2.167000000000000000e+03 5.891894687855302719e-11
2.168000000000000000e+03 5.891199192506765309e-11
2.169000000000000000e+03 5.891180028827525970e-11
2.170000000000000000e+03 5.891576272580711919e-11
2.171000000000000000e+03 5.891640945485568778e-11
2.172000000000000000e+03 5.891347708533633729e-11
2.173000000000000000e+03 5.891843356745825169e-11
2.174000000000000000e+03 5.892997906899384678e-11
2.175000000000000000e+03 5.893822244832853159e-11
2.176000000000000000e+03 5.891616486103669895e-11
2.177000000000000000e+03 5.890819644328696820e-11
2.178000000000000000e+03 5.891093544296307315e-11
2.179000000000000000e+03 5.890079013464586415e-11
2.180000000000000000e+03 5.893278305525056708e-11
2.181000000000000000e+03 5.892445401384674586e-11
2.182000000000000000e+03 5.890508374811709197e-11
2.183000000000000000e+03 5.890583650491271992e-11
2.184000000000000000e+03 5.891150451037428530e-11
2.185000000000000000e+03 5.890090387756617012e-11
2.186000000000000000e+03 5.890560791547501875e-11
2.187000000000000000e+03 5.892938575266213172e-11
2.188000000000000000e+03 5.890830712755519746e-11
2.189000000000000000e+03 5.890070629944712875e-11
2.190000000000000000e+03 5.890069457462900559e-11
2.191000000000000000e+03 5.890989403858832152e-11
2.192000000000000000e+03 5.890862912025537226e-11
2.193000000000000000e+03 5.890884229333713827e-11
2.194000000000000000e+03 5.890402753895432607e-11
2.195000000000000000e+03 5.890092639540006463e-11
2.196000000000000000e+03 5.890854359229538712e-11
2.197000000000000000e+03 5.891151863515160658e-11
2.198000000000000000e+03 5.889944650715057433e-11
2.199000000000000000e+03 5.891401128061775475e-11
2.200000000000000000e+03 5.889924427378356205e-11
2.201000000000000000e+03 5.890116640995383859e-11
2.202000000000000000e+03 5.889514114905552096e-11
2.203000000000000000e+03 5.892115432807732684e-11
2.204000000000000000e+03 5.889574255184357665e-11
2.205000000000000000e+03 5.891294344547952052e-11
2.206000000000000000e+03 5.889316042308515533e-11
2.207000000000000000e+03 5.889888238403873514e-11
2.208000000000000000e+03 5.891638103976054286e-11
2.209000000000000000e+03 5.889175953099334682e-11
2.210000000000000000e+03 5.889550972374220400e-11
2.211000000000000000e+03 5.888998606564189462e-11
2.212000000000000000e+03 5.889422404150693938e-11
2.213000000000000000e+03 5.889466045363271557e-11
2.214000000000000000e+03 5.889595557374856021e-11
2.215000000000000000e+03 5.890297961596617482e-11
2.216000000000000000e+03 5.889622324068731056e-11
2.217000000000000000e+03 5.890366646982768724e-11
2.218000000000000000e+03 5.889048755514928496e-11
2.219000000000000000e+03 5.889045968914779759e-11
2.220000000000000000e+03 5.889342369290033324e-11
2.221000000000000000e+03 5.889453677742452024e-11
2.222000000000000000e+03 5.890949007036115546e-11
2.223000000000000000e+03 5.889690758346605213e-11
2.224000000000000000e+03 5.891013345184340218e-11
2.225000000000000000e+03 5.889614555752135083e-11
2.226000000000000000e+03 5.889918322258385804e-11
2.227000000000000000e+03 5.889122287568010927e-11
2.228000000000000000e+03 5.888741700138969392e-11
2.229000000000000000e+03 5.889612416346091533e-11
2.230000000000000000e+03 5.889416000747369350e-11
2.231000000000000000e+03 5.888573456474277336e-11
2.232000000000000000e+03 5.889299675259771802e-11
2.233000000000000000e+03 5.888469832429902092e-11
2.234000000000000000e+03 5.890410656720098046e-11
2.235000000000000000e+03 5.888491525358980226e-11
2.236000000000000000e+03 5.888757148503532057e-11
2.237000000000000000e+03 5.888619649500345554e-11
2.238000000000000000e+03 5.888376005894600875e-11
2.239000000000000000e+03 5.888859222863653848e-11
2.240000000000000000e+03 5.889435507488359116e-11
2.241000000000000000e+03 5.888327404366304939e-11
2.242000000000000000e+03 5.888251090086987715e-11
2.243000000000000000e+03 5.888559198843203873e-11
2.244000000000000000e+03 5.888669236215739811e-11
2.245000000000000000e+03 5.888297364898631314e-11
2.246000000000000000e+03 5.888703216023149775e-11
2.247000000000000000e+03 5.887959857096686730e-11
2.248000000000000000e+03 5.888336086061520972e-11
2.249000000000000000e+03 5.887766562159442005e-11
2.250000000000000000e+03 5.888425939820613385e-11
2.251000000000000000e+03 5.887757491796641492e-11
2.252000000000000000e+03 5.888413122942266063e-11
2.253000000000000000e+03 5.889278180610433406e-11
2.254000000000000000e+03 5.889033567597985076e-11
2.255000000000000000e+03 5.889130540869308701e-11
2.256000000000000000e+03 5.888192682431110505e-11
2.257000000000000000e+03 5.888994506795658726e-11
2.258000000000000000e+03 5.888639838009189995e-11
2.259000000000000000e+03 5.888481856635809022e-11
2.260000000000000000e+03 5.887993200927882810e-11
2.261000000000000000e+03 5.887703288889270684e-11
2.262000000000000000e+03 5.888287836471988284e-11
2.263000000000000000e+03 5.887845851469835957e-11
2.264000000000000000e+03 5.888546939247483259e-11
2.265000000000000000e+03 5.887277869531632641e-11
2.266000000000000000e+03 5.888396864500996469e-11
2.267000000000000000e+03 5.887801768573469908e-11
2.268000000000000000e+03 5.887753170762263859e-11
2.269000000000000000e+03 5.887994868326227880e-11
2.270000000000000000e+03 5.887171581366253035e-11
2.271000000000000000e+03 5.888513100883193998e-11
2.272000000000000000e+03 5.888247860012733143e-11
2.273000000000000000e+03 5.888227538850973384e-11
2.274000000000000000e+03 5.888611508685058072e-11
2.275000000000000000e+03 5.887617546264984880e-11
2.276000000000000000e+03 5.888020126472581761e-11
2.277000000000000000e+03 5.887378930399627685e-11
2.278000000000000000e+03 5.887939822893109700e-11
2.279000000000000000e+03 5.888173419231290128e-11
2.280000000000000000e+03 5.887396172430955407e-11
2.281000000000000000e+03 5.887181494972679954e-11
2.282000000000000000e+03 5.887802321322685448e-11
2.283000000000000000e+03 5.886889664954252448e-11
2.284000000000000000e+03 5.886980245156481250e-11
2.285000000000000000e+03 5.887102728417199700e-11
2.286000000000000000e+03 5.887503488193668349e-11
2.287000000000000000e+03 5.887563646513822038e-11
2.288000000000000000e+03 5.887702467794477929e-11
2.289000000000000000e+03 5.886916691445419915e-11
2.290000000000000000e+03 5.886680252722712664e-11
2.291000000000000000e+03 5.889022249229901200e-11
2.292000000000000000e+03 5.886964958659854059e-11
2.293000000000000000e+03 5.886631615322700659e-11
2.294000000000000000e+03 5.887283327335395657e-11
2.295000000000000000e+03 5.886765146352560412e-11
2.296000000000000000e+03 5.886867867079773506e-11
2.297000000000000000e+03 5.886952266180203857e-11
2.298000000000000000e+03 5.886540728585480535e-11
2.299000000000000000e+03 5.887516729654588107e-11
2.300000000000000000e+03 5.887107258117005223e-11
2.301000000000000000e+03 5.887288714134387189e-11
2.302000000000000000e+03 5.887250342313404792e-11
2.303000000000000000e+03 5.887356775013876504e-11
2.304000000000000000e+03 5.886483257333131778e-11
2.305000000000000000e+03 5.885832638458937399e-11
2.306000000000000000e+03 5.886801230767945980e-11
2.307000000000000000e+03 5.886282552002853401e-11
2.308000000000000000e+03 5.886210950214004267e-11
2.309000000000000000e+03 5.886435674403863246e-11
2.310000000000000000e+03 5.888246597421971071e-11
2.311000000000000000e+03 5.886648406846949927e-11
2.312000000000000000e+03 5.886552356968397296e-11
2.313000000000000000e+03 5.885991552752852929e-11
2.314000000000000000e+03 5.886499014872144137e-11
2.315000000000000000e+03 5.886450647859342318e-11
2.316000000000000000e+03 5.886620891022288449e-11
2.317000000000000000e+03 5.886077699436792777e-11
2.318000000000000000e+03 5.886025328026434141e-11
2.319000000000000000e+03 5.885825100931774624e-11
2.320000000000000000e+03 5.886265528540606097e-11
2.321000000000000000e+03 5.885740530798553927e-11
2.322000000000000000e+03 5.886655692929726284e-11
2.323000000000000000e+03 5.885874517376830973e-11
2.324000000000000000e+03 5.886755652591680374e-11
2.325000000000000000e+03 5.886048610008097032e-11
2.326000000000000000e+03 5.885804346532749909e-11
2.327000000000000000e+03 5.885721120382172637e-11
2.328000000000000000e+03 5.885711699521796610e-11
2.329000000000000000e+03 5.886505434048717331e-11
2.330000000000000000e+03 5.886326376475001598e-11
2.331000000000000000e+03 5.885573570341409239e-11
2.332000000000000000e+03 5.885718458791433636e-11
2.333000000000000000e+03 5.886222227863746382e-11
2.334000000000000000e+03 5.885179684922510373e-11
2.335000000000000000e+03 5.885419346789425404e-11
2.336000000000000000e+03 5.886025141635523534e-11
2.337000000000000000e+03 5.887184387698324136e-11
2.338000000000000000e+03 5.886751945914191011e-11
2.339000000000000000e+03 5.885487292552475248e-11
2.340000000000000000e+03 5.885910802828593831e-11
2.341000000000000000e+03 5.885297571466748044e-11
2.342000000000000000e+03 5.885415288715458186e-11
2.343000000000000000e+03 5.885902294902233455e-11
2.344000000000000000e+03 5.886588753026027687e-11
2.345000000000000000e+03 5.886036827682415717e-11
2.346000000000000000e+03 5.886110460626784670e-11
2.347000000000000000e+03 5.885085631161260990e-11
2.348000000000000000e+03 5.886517611126144686e-11
2.349000000000000000e+03 5.886119560464708406e-11
2.350000000000000000e+03 5.885022863468271873e-11
2.351000000000000000e+03 5.885255177594509858e-11
2.352000000000000000e+03 5.884821092520700463e-11
2.353000000000000000e+03 5.884773971273733385e-11
2.354000000000000000e+03 5.885015717654806863e-11
2.355000000000000000e+03 5.885408017263798220e-11
2.356000000000000000e+03 5.885809562447333080e-11
2.357000000000000000e+03 5.884923885085406470e-11
2.358000000000000000e+03 5.885094097110230578e-11
2.359000000000000000e+03 5.884983031797039989e-11
2.360000000000000000e+03 5.884782641736556606e-11
2.361000000000000000e+03 5.885286135684448788e-11
2.362000000000000000e+03 5.885000498186846463e-11
2.363000000000000000e+03 5.885128219639698794e-11
2.364000000000000000e+03 5.884343234304183379e-11
2.365000000000000000e+03 5.884864142122661123e-11
2.366000000000000000e+03 5.884904828252753397e-11
2.367000000000000000e+03 5.884456479638740396e-11
2.368000000000000000e+03 5.885450735453314513e-11
2.369000000000000000e+03 5.884666204329756185e-11
2.370000000000000000e+03 5.884799036976774958e-11
2.371000000000000000e+03 5.884868162356350368e-11
2.372000000000000000e+03 5.885008302775124889e-11
2.373000000000000000e+03 5.884677211623662816e-11
2.374000000000000000e+03 5.884309183407000077e-11
2.375000000000000000e+03 5.884396623503831977e-11
2.376000000000000000e+03 5.884298375724671518e-11
2.377000000000000000e+03 5.885834792302071788e-11
2.378000000000000000e+03 5.884587616689146257e-11
2.379000000000000000e+03 5.885736474444012152e-11
2.380000000000000000e+03 5.884809516226492003e-11
2.381000000000000000e+03 5.884211576440931387e-11
2.382000000000000000e+03 5.883640925229467706e-11
2.383000000000000000e+03 5.884875464797635342e-11
2.384000000000000000e+03 5.884198388370795273e-11
2.385000000000000000e+03 5.883977731443351125e-11
2.386000000000000000e+03 5.883644937421495736e-11
2.387000000000000000e+03 5.883695057872340687e-11
2.388000000000000000e+03 5.884810969476264131e-11
2.389000000000000000e+03 5.884130679065701315e-11
2.390000000000000000e+03 5.885272433684083575e-11
2.391000000000000000e+03 5.883842523804393246e-11
2.392000000000000000e+03 5.885246374145064688e-11
2.393000000000000000e+03 5.883393040624106413e-11
2.394000000000000000e+03 5.883832611685796707e-11
2.395000000000000000e+03 5.884086931545029423e-11
2.396000000000000000e+03 5.883663815404572760e-11
2.397000000000000000e+03 5.884731601230841907e-11
2.398000000000000000e+03 5.883949310744931264e-11
2.399000000000000000e+03 5.884652685786894238e-11
2.400000000000000000e+03 5.883478541087571428e-11
2.401000000000000000e+03 5.883549449971905013e-11
2.402000000000000000e+03 5.883006995649538601e-11
2.403000000000000000e+03 5.883752005488642278e-11
2.404000000000000000e+03 5.883707108106447188e-11
2.405000000000000000e+03 5.883400016401863294e-11
2.406000000000000000e+03 5.883512777508146747e-11
2.407000000000000000e+03 5.883828322954849880e-11
2.408000000000000000e+03 5.884294430213006494e-11
2.409000000000000000e+03 5.883028010943383542e-11
2.410000000000000000e+03 5.883422437413597612e-11
2.411000000000000000e+03 5.883144254744940094e-11
2.412000000000000000e+03 5.883858172638335787e-11
2.413000000000000000e+03 5.883231455544319615e-11
2.414000000000000000e+03 5.883443125990915448e-11
2.415000000000000000e+03 5.884274563968601477e-11
2.416000000000000000e+03 5.883041615045871189e-11
2.417000000000000000e+03 5.883231595286188292e-11
2.418000000000000000e+03 5.882920319085994909e-11
2.419000000000000000e+03 5.883312682934933821e-11
2.420000000000000000e+03 5.884638252638669778e-11
2.421000000000000000e+03 5.883665528988778683e-11
2.422000000000000000e+03 5.882923923724624237e-11
2.423000000000000000e+03 5.884077234098154912e-11
2.424000000000000000e+03 5.883483549350147037e-11
2.425000000000000000e+03 5.884175206211983311e-11
2.426000000000000000e+03 5.883632336628099470e-11
2.427000000000000000e+03 5.883902110032085002e-11
2.428000000000000000e+03 5.884800533535928719e-11
2.429000000000000000e+03 5.883038124042997015e-11
2.430000000000000000e+03 5.882750486731511759e-11
2.431000000000000000e+03 5.883231293459307391e-11
2.432000000000000000e+03 5.882934268476409948e-11
2.433000000000000000e+03 5.883608854653415801e-11
2.434000000000000000e+03 5.883819038041235296e-11
2.435000000000000000e+03 5.882741054137532214e-11
2.436000000000000000e+03 5.883080532659146717e-11
2.437000000000000000e+03 5.882982525521528292e-11
2.438000000000000000e+03 5.883077793951460392e-11
2.439000000000000000e+03 5.883559157839109742e-11
2.440000000000000000e+03 5.883116984492119539e-11
2.441000000000000000e+03 5.882921213693270912e-11
2.442000000000000000e+03 5.882865488389244214e-11
2.443000000000000000e+03 5.882782792207041483e-11
2.444000000000000000e+03 5.883086968105895979e-11
2.445000000000000000e+03 5.882517617492597721e-11
2.446000000000000000e+03 5.883403569959096437e-11
2.447000000000000000e+03 5.882863877635410651e-11
2.448000000000000000e+03 5.882865222167592808e-11
2.449000000000000000e+03 5.882457834358227884e-11
2.450000000000000000e+03 5.882988577472440814e-11
2.451000000000000000e+03 5.882531677556499724e-11
2.452000000000000000e+03 5.882618341759617939e-11
2.453000000000000000e+03 5.883118297604107207e-11
2.454000000000000000e+03 5.882495639023830117e-11
2.455000000000000000e+03 5.882231444035889345e-11
2.456000000000000000e+03 5.882404814300065221e-11
2.457000000000000000e+03 5.882415274188354701e-11
2.458000000000000000e+03 5.882783750459719928e-11
2.459000000000000000e+03 5.882038857253792188e-11
2.460000000000000000e+03 5.882847440400453984e-11
2.461000000000000000e+03 5.881832363283388609e-11
2.462000000000000000e+03 5.882612850489661501e-11
2.463000000000000000e+03 5.882055522391138185e-11
2.464000000000000000e+03 5.883425679405516314e-11
2.465000000000000000e+03 5.882136981478485107e-11
2.466000000000000000e+03 5.882077539090050786e-11
2.467000000000000000e+03 5.882177987109018637e-11
2.468000000000000000e+03 5.882527305037625284e-11
2.469000000000000000e+03 5.882076962936818347e-11
2.470000000000000000e+03 5.882170183210409802e-11
2.471000000000000000e+03 5.881936824360388308e-11
2.472000000000000000e+03 5.882795129422084642e-11
2.473000000000000000e+03 5.883607740068179510e-11
2.474000000000000000e+03 5.882202971812014313e-11
2.475000000000000000e+03 5.882988999318791548e-11
2.476000000000000000e+03 5.881636185754630599e-11
2.477000000000000000e+03 5.882364533585933068e-11
2.478000000000000000e+03 5.882262674441943517e-11
2.479000000000000000e+03 5.881811571219705413e-11
2.480000000000000000e+03 5.881336805683937399e-11
2.481000000000000000e+03 5.882034409417600074e-11
2.482000000000000000e+03 5.881659612652894219e-11
2.483000000000000000e+03 5.882300065490999755e-11
2.484000000000000000e+03 5.882566718348095608e-11
2.485000000000000000e+03 5.881259919617601146e-11
2.486000000000000000e+03 5.881617997897246329e-11
2.487000000000000000e+03 5.883308234170090591e-11
2.488000000000000000e+03 5.881683747906860516e-11
2.489000000000000000e+03 5.881739985767142173e-11
2.490000000000000000e+03 5.881828985712188623e-11
2.491000000000000000e+03 5.881157421615531476e-11
2.492000000000000000e+03 5.881144897855492056e-11
2.493000000000000000e+03 5.881558820579077116e-11
2.494000000000000000e+03 5.881071063021229838e-11
2.495000000000000000e+03 5.881398686368987235e-11
2.496000000000000000e+03 5.881875894009547453e-11
2.497000000000000000e+03 5.881617180934780374e-11
2.498000000000000000e+03 5.881403938149292001e-11
2.499000000000000000e+03 5.881310921134934446e-11
2.500000000000000000e+03 5.881732563725130749e-11
2.501000000000000000e+03 5.880973703249130395e-11
2.502000000000000000e+03 5.881502708462118609e-11
2.503000000000000000e+03 5.881142138914284232e-11
2.504000000000000000e+03 5.882069426895517522e-11
2.505000000000000000e+03 5.881404825249313286e-11
2.506000000000000000e+03 5.881471861038782948e-11
2.507000000000000000e+03 5.881454507458970148e-11
2.508000000000000000e+03 5.881339775992320770e-11
2.509000000000000000e+03 5.881396669791592549e-11
2.510000000000000000e+03 5.881059268273801821e-11
2.511000000000000000e+03 5.881051672771337398e-11
2.512000000000000000e+03 5.882228271560556318e-11
2.513000000000000000e+03 5.881961189761885308e-11
2.514000000000000000e+03 5.880523147922246893e-11
2.515000000000000000e+03 5.880938709933479173e-11
2.516000000000000000e+03 5.880649214017607448e-11
2.517000000000000000e+03 5.881627311874002955e-11
2.518000000000000000e+03 5.880736159664166334e-11
2.519000000000000000e+03 5.881146423576981031e-11
2.520000000000000000e+03 5.881377699751645900e-11
2.521000000000000000e+03 5.881154673984276279e-11
2.522000000000000000e+03 5.880733405911110275e-11
2.523000000000000000e+03 5.881114576424392640e-11
2.524000000000000000e+03 5.880915068045597676e-11
2.525000000000000000e+03 5.880510082752499466e-11
2.526000000000000000e+03 5.880537985900871612e-11
2.527000000000000000e+03 5.880860169348138281e-11
2.528000000000000000e+03 5.880698142435440484e-11
2.529000000000000000e+03 5.881028902875907348e-11
2.530000000000000000e+03 5.880858300811122114e-11
2.531000000000000000e+03 5.880745544515418666e-11
2.532000000000000000e+03 5.880595223774949667e-11
2.533000000000000000e+03 5.880649762989357964e-11
2.534000000000000000e+03 5.881136936652168437e-11
2.535000000000000000e+03 5.882361902279641141e-11
2.536000000000000000e+03 5.880661925045323688e-11
2.537000000000000000e+03 5.881175796760840397e-11
2.538000000000000000e+03 5.880669995960006897e-11
2.539000000000000000e+03 5.880442200813821636e-11
2.540000000000000000e+03 5.880309307591481265e-11
2.541000000000000000e+03 5.880698810003979972e-11
2.542000000000000000e+03 5.880300160797282625e-11
2.543000000000000000e+03 5.880643373738026077e-11
2.544000000000000000e+03 5.880419052709066141e-11
2.545000000000000000e+03 5.880235778051987458e-11
2.546000000000000000e+03 5.880976339899180978e-11
2.547000000000000000e+03 5.880114377745110918e-11
2.548000000000000000e+03 5.881392045608800542e-11
2.549000000000000000e+03 5.880558962660057937e-11
2.550000000000000000e+03 5.880310126690576715e-11
2.551000000000000000e+03 5.880393106296131196e-11
2.552000000000000000e+03 5.880511737263841051e-11
2.553000000000000000e+03 5.880671138227719973e-11
2.554000000000000000e+03 5.880515551169850526e-11
2.555000000000000000e+03 5.880600768428568240e-11
2.556000000000000000e+03 5.881177269242378236e-11
2.557000000000000000e+03 5.880639532989681315e-11
2.558000000000000000e+03 5.879878869585660887e-11
2.559000000000000000e+03 5.880113662434438754e-11
2.560000000000000000e+03 5.880107406343078731e-11
2.561000000000000000e+03 5.879883486990824468e-11
2.562000000000000000e+03 5.880023704370867044e-11
2.563000000000000000e+03 5.880807116701062812e-11
2.564000000000000000e+03 5.880217018594389975e-11
2.565000000000000000e+03 5.879784129289398635e-11
2.566000000000000000e+03 5.879991832480332203e-11
2.567000000000000000e+03 5.879870410526164883e-11
2.568000000000000000e+03 5.879839953008230036e-11
2.569000000000000000e+03 5.879749718647094029e-11
2.570000000000000000e+03 5.879621284078013783e-11
2.571000000000000000e+03 5.879709650927739355e-11
2.572000000000000000e+03 5.880235670590742665e-11
2.573000000000000000e+03 5.879914088513508449e-11
2.574000000000000000e+03 5.880080955085187030e-11
2.575000000000000000e+03 5.879612498297112893e-11
2.576000000000000000e+03 5.879771011499863228e-11
2.577000000000000000e+03 5.879750825145258181e-11
2.578000000000000000e+03 5.879473470662382417e-11
2.579000000000000000e+03 5.879921034107598582e-11
2.580000000000000000e+03 5.879898647698514667e-11
2.581000000000000000e+03 5.880071651415641090e-11
2.582000000000000000e+03 5.880494690801275884e-11
2.583000000000000000e+03 5.880051680004604516e-11
2.584000000000000000e+03 5.879251981013521006e-11
2.585000000000000000e+03 5.879690076919088348e-11
2.586000000000000000e+03 5.879481319461794712e-11
2.587000000000000000e+03 5.879395542712048660e-11
2.588000000000000000e+03 5.879355604113562306e-11
2.589000000000000000e+03 5.879823185375366022e-11
2.590000000000000000e+03 5.879401625496418367e-11
2.591000000000000000e+03 5.879555027814325157e-11
2.592000000000000000e+03 5.879955646114834033e-11
2.593000000000000000e+03 5.879543704413515461e-11
2.594000000000000000e+03 5.879345659053014861e-11
2.595000000000000000e+03 5.879714746915980306e-11
2.596000000000000000e+03 5.878936233088193023e-11
2.597000000000000000e+03 5.879075237675972037e-11
2.598000000000000000e+03 5.879159966177284385e-11
2.599000000000000000e+03 5.879146281157028170e-11
2.600000000000000000e+03 5.879398330781474375e-11
2.601000000000000000e+03 5.879211835327231475e-11
2.602000000000000000e+03 5.879570543686996250e-11
2.603000000000000000e+03 5.879535827528052713e-11
2.604000000000000000e+03 5.878985126222192421e-11
2.605000000000000000e+03 5.879081287155623025e-11
2.606000000000000000e+03 5.879038508366105424e-11
2.607000000000000000e+03 5.878922617995242213e-11
2.608000000000000000e+03 5.879010902731363593e-11
2.609000000000000000e+03 5.878773374147725776e-11
2.610000000000000000e+03 5.879417190797855037e-11
2.611000000000000000e+03 5.879042211994379574e-11
2.612000000000000000e+03 5.879454177986239405e-11
2.613000000000000000e+03 5.878922731582245410e-11
2.614000000000000000e+03 5.878916718584379458e-11
2.615000000000000000e+03 5.879483836042241854e-11
2.616000000000000000e+03 5.878990671436569656e-11
2.617000000000000000e+03 5.878858971447891274e-11
2.618000000000000000e+03 5.879347061880462467e-11
2.619000000000000000e+03 5.878791120771695610e-11
2.620000000000000000e+03 5.878819843180251461e-11
2.621000000000000000e+03 5.878676043581610833e-11
2.622000000000000000e+03 5.878736932631018681e-11
2.623000000000000000e+03 5.878660177904465325e-11
2.624000000000000000e+03 5.878734881558641487e-11
2.625000000000000000e+03 5.878789329265121770e-11
2.626000000000000000e+03 5.878642479720427391e-11
2.627000000000000000e+03 5.878542378636810179e-11
2.628000000000000000e+03 5.879548987309149546e-11
2.629000000000000000e+03 5.878886904066240028e-11
2.630000000000000000e+03 5.878580079670085863e-11
2.631000000000000000e+03 5.878621052128816966e-11
2.632000000000000000e+03 5.878879395281354642e-11
2.633000000000000000e+03 5.878407886622190060e-11
2.634000000000000000e+03 5.878531704519054663e-11
2.635000000000000000e+03 5.879284839279470204e-11
2.636000000000000000e+03 5.878759338328028700e-11
2.637000000000000000e+03 5.878491376563239276e-11
2.638000000000000000e+03 5.878480342961546027e-11
2.639000000000000000e+03 5.878336063657742019e-11
2.640000000000000000e+03 5.878868664524967065e-11
2.641000000000000000e+03 5.878535531019060863e-11
2.642000000000000000e+03 5.878210674535196791e-11
2.643000000000000000e+03 5.878344582734905472e-11
2.644000000000000000e+03 5.878629185793539058e-11
2.645000000000000000e+03 5.878410103642104518e-11
2.646000000000000000e+03 5.878638643094470336e-11
2.647000000000000000e+03 5.878394261661566493e-11
2.648000000000000000e+03 5.878483117113506716e-11
2.649000000000000000e+03 5.878835990600585921e-11
2.650000000000000000e+03 5.878929633964336333e-11
2.651000000000000000e+03 5.878675619095813360e-11
2.652000000000000000e+03 5.878638663066061217e-11
2.653000000000000000e+03 5.878482871813903857e-11
2.654000000000000000e+03 5.878571340206588225e-11
2.655000000000000000e+03 5.878141911950159522e-11
2.656000000000000000e+03 5.878262027026698639e-11
2.657000000000000000e+03 5.879011957232332762e-11
2.658000000000000000e+03 5.878574183166323521e-11
2.659000000000000000e+03 5.878716806115174842e-11
2.660000000000000000e+03 5.878217171612719094e-11
2.661000000000000000e+03 5.878564813905496078e-11
2.662000000000000000e+03 5.878111487715998923e-11
2.663000000000000000e+03 5.878513302751920004e-11
2.664000000000000000e+03 5.877902684952843113e-11
2.665000000000000000e+03 5.878722237692664719e-11
2.666000000000000000e+03 5.878818170877993271e-11
2.667000000000000000e+03 5.878008775303264135e-11
2.668000000000000000e+03 5.878630851474620987e-11
2.669000000000000000e+03 5.878661428926338803e-11
2.670000000000000000e+03 5.878090926533131703e-11
2.671000000000000000e+03 5.878057048465291027e-11
2.672000000000000000e+03 5.877995419727614167e-11
2.673000000000000000e+03 5.878186241588534963e-11
2.674000000000000000e+03 5.877794019729670547e-11
2.675000000000000000e+03 5.877884065825393527e-11
2.676000000000000000e+03 5.877517541855354780e-11
2.677000000000000000e+03 5.878512996534809022e-11
2.678000000000000000e+03 5.877671586560651236e-11
2.679000000000000000e+03 5.877799177107941377e-11
2.680000000000000000e+03 5.877367118538271752e-11
2.681000000000000000e+03 5.878050258355812015e-11
2.682000000000000000e+03 5.878520533938648214e-11
2.683000000000000000e+03 5.877510769435235272e-11
2.684000000000000000e+03 5.877877818578344256e-11
2.685000000000000000e+03 5.878069251230513743e-11
2.686000000000000000e+03 5.877476645753812071e-11
2.687000000000000000e+03 5.877566606594271749e-11
2.688000000000000000e+03 5.877779025594811871e-11
2.689000000000000000e+03 5.877638126189488258e-11
2.690000000000000000e+03 5.877877228174388647e-11
2.691000000000000000e+03 5.877507446512407463e-11
2.692000000000000000e+03 5.877851825464857293e-11
2.693000000000000000e+03 5.877380767718080618e-11
2.694000000000000000e+03 5.877598020285045374e-11
2.695000000000000000e+03 5.877991305704083480e-11
2.696000000000000000e+03 5.877699799923918945e-11
2.697000000000000000e+03 5.878652432283133346e-11
2.698000000000000000e+03 5.877483307875299603e-11
2.699000000000000000e+03 5.877503250680033063e-11
2.700000000000000000e+03 5.877464448838165077e-11
2.701000000000000000e+03 5.877407857777810618e-11
2.702000000000000000e+03 5.877860880224415495e-11
2.703000000000000000e+03 5.877366722190660374e-11
2.704000000000000000e+03 5.877499201317576628e-11
2.705000000000000000e+03 5.877253318681657272e-11
2.706000000000000000e+03 5.877766180035106427e-11
2.707000000000000000e+03 5.877251534376700083e-11
2.708000000000000000e+03 5.877380790704112814e-11
2.709000000000000000e+03 5.877176925648690512e-11
2.710000000000000000e+03 5.877253208028984241e-11
2.711000000000000000e+03 5.877437351726765591e-11
2.712000000000000000e+03 5.877593261480217799e-11
2.713000000000000000e+03 5.877449295319686404e-11
2.714000000000000000e+03 5.876898499175052444e-11
2.715000000000000000e+03 5.877229716769358461e-11
2.716000000000000000e+03 5.877306676654272271e-11
2.717000000000000000e+03 5.877337876471338610e-11
2.718000000000000000e+03 5.877003412107092491e-11
2.719000000000000000e+03 5.877202073298748565e-11
2.720000000000000000e+03 5.877567824924822291e-11
2.721000000000000000e+03 5.877329622480905036e-11
2.722000000000000000e+03 5.876920222325082492e-11
2.723000000000000000e+03 5.876832965070829083e-11
2.724000000000000000e+03 5.877234410130432196e-11
2.725000000000000000e+03 5.876976050215176342e-11
2.726000000000000000e+03 5.876827621012427822e-11
2.727000000000000000e+03 5.877014613464543701e-11
2.728000000000000000e+03 5.877448532319102510e-11
2.729000000000000000e+03 5.876856705178901656e-11
2.730000000000000000e+03 5.877534097826268388e-11
2.731000000000000000e+03 5.876882160568270426e-11
2.732000000000000000e+03 5.876905716974553911e-11
2.733000000000000000e+03 5.877249836554287607e-11
2.734000000000000000e+03 5.877356543728018134e-11
2.735000000000000000e+03 5.876976662132325122e-11
2.736000000000000000e+03 5.877250847276920605e-11
2.737000000000000000e+03 5.876795978677327802e-11
2.738000000000000000e+03 5.876786141665201892e-11
2.739000000000000000e+03 5.877036855263149629e-11
2.740000000000000000e+03 5.877095407721470181e-11
2.741000000000000000e+03 5.876820940075601856e-11
2.742000000000000000e+03 5.877191219215824357e-11
2.743000000000000000e+03 5.877141146557342624e-11
2.744000000000000000e+03 5.876878908825675911e-11
2.745000000000000000e+03 5.876843301252028446e-11
2.746000000000000000e+03 5.876567544008680003e-11
2.747000000000000000e+03 5.876480097620566980e-11
2.748000000000000000e+03 5.876833702232177646e-11
2.749000000000000000e+03 5.876739010780975803e-11
2.750000000000000000e+03 5.876535016489975910e-11
2.751000000000000000e+03 5.876771101226585860e-11
2.752000000000000000e+03 5.876433361419677801e-11
2.753000000000000000e+03 5.877024652464612213e-11
2.754000000000000000e+03 5.876843074562588332e-11
2.755000000000000000e+03 5.876691789159787635e-11
2.756000000000000000e+03 5.876503256182479033e-11
2.757000000000000000e+03 5.877375369478368250e-11
2.758000000000000000e+03 5.876870026806148093e-11
2.759000000000000000e+03 5.876909181335523830e-11
2.760000000000000000e+03 5.876751141150756772e-11
2.761000000000000000e+03 5.876679105117629127e-11
2.762000000000000000e+03 5.876349963529700191e-11
2.763000000000000000e+03 5.876587552626630108e-11
2.764000000000000000e+03 5.876777929780784398e-11
2.765000000000000000e+03 5.876468521682647182e-11
2.766000000000000000e+03 5.876330073306725083e-11
2.767000000000000000e+03 5.876928403423247672e-11
2.768000000000000000e+03 5.877130528954677161e-11
2.769000000000000000e+03 5.876832102774617211e-11
2.770000000000000000e+03 5.876321797521056890e-11
2.771000000000000000e+03 5.876441042779045003e-11
2.772000000000000000e+03 5.876420373399653437e-11
2.773000000000000000e+03 5.876703365437943621e-11
2.774000000000000000e+03 5.876327337528771609e-11
2.775000000000000000e+03 5.876247901883407746e-11
2.776000000000000000e+03 5.876216213605785313e-11
2.777000000000000000e+03 5.876465559459787570e-11
2.778000000000000000e+03 5.876190191781979860e-11
2.779000000000000000e+03 5.876483236206726486e-11
2.780000000000000000e+03 5.876348376979535828e-11
2.781000000000000000e+03 5.876104183204641120e-11
2.782000000000000000e+03 5.876249741035428480e-11
2.783000000000000000e+03 5.876150120794950282e-11
2.784000000000000000e+03 5.876078448715801749e-11
2.785000000000000000e+03 5.876259690827897517e-11
2.786000000000000000e+03 5.875955754500020765e-11
2.787000000000000000e+03 5.876119640781992480e-11
2.788000000000000000e+03 5.876001734338283738e-11
2.789000000000000000e+03 5.876863363618046058e-11
2.790000000000000000e+03 5.876240109350737449e-11
2.791000000000000000e+03 5.876196262965822608e-11
2.792000000000000000e+03 5.876033604410343428e-11
2.793000000000000000e+03 5.875905112215440173e-11
2.794000000000000000e+03 5.875909321335451355e-11
2.795000000000000000e+03 5.876647009465516820e-11
2.796000000000000000e+03 5.876077106024405355e-11
2.797000000000000000e+03 5.876027610426623599e-11
2.798000000000000000e+03 5.875995069251462277e-11
2.799000000000000000e+03 5.876359711867687034e-11
2.800000000000000000e+03 5.876369184960119176e-11
2.801000000000000000e+03 5.876088401570969042e-11
2.802000000000000000e+03 5.875996468245533912e-11
2.803000000000000000e+03 5.875685316110228913e-11
2.804000000000000000e+03 5.876151556008576481e-11
2.805000000000000000e+03 5.875768345809363077e-11
2.806000000000000000e+03 5.876438549478255910e-11
2.807000000000000000e+03 5.875608271544604994e-11
2.808000000000000000e+03 5.876002346212045602e-11
2.809000000000000000e+03 5.875680976476140738e-11
2.810000000000000000e+03 5.875985527640749355e-11
2.811000000000000000e+03 5.875955895547428603e-11
2.812000000000000000e+03 5.875949304713962460e-11
2.813000000000000000e+03 5.875948449267604807e-11
2.814000000000000000e+03 5.876426687681080922e-11
2.815000000000000000e+03 5.876071941918772832e-11
2.816000000000000000e+03 5.875820988225114990e-11
2.817000000000000000e+03 5.875817531649815858e-11
2.818000000000000000e+03 5.876272396870240149e-11
2.819000000000000000e+03 5.875676542595108529e-11
2.820000000000000000e+03 5.875732345721471158e-11
2.821000000000000000e+03 5.875565128528910283e-11
2.822000000000000000e+03 5.876295443680779107e-11
2.823000000000000000e+03 5.875481115491143416e-11
2.824000000000000000e+03 5.875815790018330988e-11
2.825000000000000000e+03 5.875700446644272883e-11
2.826000000000000000e+03 5.875664805841671272e-11
2.827000000000000000e+03 5.875644293236774303e-11
2.828000000000000000e+03 5.875965844475239283e-11
2.829000000000000000e+03 5.875719190022281881e-11
2.830000000000000000e+03 5.875451314608210429e-11
2.831000000000000000e+03 5.875750714497400181e-11
2.832000000000000000e+03 5.875733717588363984e-11
2.833000000000000000e+03 5.875438183363416551e-11
2.834000000000000000e+03 5.875332239209300242e-11
2.835000000000000000e+03 5.875503867882450719e-11
2.836000000000000000e+03 5.875681047167736472e-11
2.837000000000000000e+03 5.875294664867997208e-11
2.838000000000000000e+03 5.875383720742294675e-11
2.839000000000000000e+03 5.875696067297430907e-11
2.840000000000000000e+03 5.875475365795600400e-11
2.841000000000000000e+03 5.875231916869238850e-11
2.842000000000000000e+03 5.875260695963134033e-11
2.843000000000000000e+03 5.875250931907173635e-11
2.844000000000000000e+03 5.875450469910947221e-11
2.845000000000000000e+03 5.875383216368581421e-11
2.846000000000000000e+03 5.875766446793688168e-11
2.847000000000000000e+03 5.875687640902048767e-11
2.848000000000000000e+03 5.875431160938087277e-11
2.849000000000000000e+03 5.875476884719275157e-11
2.850000000000000000e+03 5.875074787618817087e-11
2.851000000000000000e+03 5.875140429009032811e-11
2.852000000000000000e+03 5.875407857322511959e-11
2.853000000000000000e+03 5.875234718165473846e-11
2.854000000000000000e+03 5.875076980095460760e-11
2.855000000000000000e+03 5.875568559324960188e-11
2.856000000000000000e+03 5.875579925439280331e-11
2.857000000000000000e+03 5.875103509886261095e-11
2.858000000000000000e+03 5.875074492284907207e-11
2.859000000000000000e+03 5.875361089687411457e-11
2.860000000000000000e+03 5.875217482426331975e-11
2.861000000000000000e+03 5.875071108827047957e-11
2.862000000000000000e+03 5.875339213068524137e-11
2.863000000000000000e+03 5.875104382611174511e-11
2.864000000000000000e+03 5.875232299510216739e-11
2.865000000000000000e+03 5.875338268042962580e-11
2.866000000000000000e+03 5.875126832723158968e-11
2.867000000000000000e+03 5.874845162904927960e-11
2.868000000000000000e+03 5.874963500879594784e-11
2.869000000000000000e+03 5.875055856934352007e-11
2.870000000000000000e+03 5.875090664097893203e-11
2.871000000000000000e+03 5.874990867257818043e-11
2.872000000000000000e+03 5.875052455847022422e-11
2.873000000000000000e+03 5.875011747192992061e-11
2.874000000000000000e+03 5.874910795689738202e-11
2.875000000000000000e+03 5.875431259038817963e-11
2.876000000000000000e+03 5.874818334151711147e-11
2.877000000000000000e+03 5.874785439801867590e-11
2.878000000000000000e+03 5.875456770655251204e-11
2.879000000000000000e+03 5.875009508510066513e-11
2.880000000000000000e+03 5.874832521085756626e-11
2.881000000000000000e+03 5.875035312346667872e-11
2.882000000000000000e+03 5.874854120961198280e-11
2.883000000000000000e+03 5.874907561352410595e-11
2.884000000000000000e+03 5.874977150076447447e-11
2.885000000000000000e+03 5.874823233769581735e-11
2.886000000000000000e+03 5.875116766141258286e-11
2.887000000000000000e+03 5.875028791856588030e-11
2.888000000000000000e+03 5.875229609781203756e-11
2.889000000000000000e+03 5.875196561363401859e-11
2.890000000000000000e+03 5.875155485304919613e-11
2.891000000000000000e+03 5.875005539163318801e-11
2.892000000000000000e+03 5.874681233485617840e-11
2.893000000000000000e+03 5.874780350845531678e-11
2.894000000000000000e+03 5.874803502797452504e-11
2.895000000000000000e+03 5.874839018392155927e-11
2.896000000000000000e+03 5.874538060257585960e-11
2.897000000000000000e+03 5.874904783035346075e-11
2.898000000000000000e+03 5.874829804551583661e-11
2.899000000000000000e+03 5.875034182597731076e-11
2.900000000000000000e+03 5.875036345267858416e-11
2.901000000000000000e+03 5.874750937004217506e-11
2.902000000000000000e+03 5.874720379990090524e-11
2.903000000000000000e+03 5.874557813284331679e-11
2.904000000000000000e+03 5.874736731535183197e-11
2.905000000000000000e+03 5.874490292288195346e-11
2.906000000000000000e+03 5.874557995962241774e-11
2.907000000000000000e+03 5.874748566825604902e-11
2.908000000000000000e+03 5.874840687836434014e-11
2.909000000000000000e+03 5.874764699501194205e-11
2.910000000000000000e+03 5.874652950562314211e-11
2.911000000000000000e+03 5.874532527051390970e-11
2.912000000000000000e+03 5.874842558745061008e-11
2.913000000000000000e+03 5.874455553655610180e-11
2.914000000000000000e+03 5.874633165406715448e-11
2.915000000000000000e+03 5.874517562955379104e-11
2.916000000000000000e+03 5.874537316697819583e-11
2.917000000000000000e+03 5.874422185785698932e-11
2.918000000000000000e+03 5.874890101391444087e-11
2.919000000000000000e+03 5.874833329962273600e-11
2.920000000000000000e+03 5.874465117197833142e-11
2.921000000000000000e+03 5.874566629930211798e-11
2.922000000000000000e+03 5.874601124361357793e-11
2.923000000000000000e+03 5.874463344214787802e-11
2.924000000000000000e+03 5.874399866595639331e-11
2.925000000000000000e+03 5.874531432398279999e-11
2.926000000000000000e+03 5.874357324144060173e-11
2.927000000000000000e+03 5.874494260240042541e-11
2.928000000000000000e+03 5.874384085775427007e-11
2.929000000000000000e+03 5.874425494842998319e-11
2.930000000000000000e+03 5.874272585536270610e-11
2.931000000000000000e+03 5.874356918354142036e-11
2.932000000000000000e+03 5.874111376984764995e-11
2.933000000000000000e+03 5.874515467595237511e-11
2.934000000000000000e+03 5.874446745487584292e-11
2.935000000000000000e+03 5.874365316121181869e-11
2.936000000000000000e+03 5.874123725185602916e-11
2.937000000000000000e+03 5.874424856525162783e-11
2.938000000000000000e+03 5.874490948917325517e-11
2.939000000000000000e+03 5.874436707836564641e-11
2.940000000000000000e+03 5.874402696508654200e-11
2.941000000000000000e+03 5.874388627097484613e-11
2.942000000000000000e+03 5.874153956905043548e-11
2.943000000000000000e+03 5.874309842000740589e-11
2.944000000000000000e+03 5.874373010298060337e-11
2.945000000000000000e+03 5.874184087037591754e-11
2.946000000000000000e+03 5.874325108478932626e-11
2.947000000000000000e+03 5.874453638746214271e-11
2.948000000000000000e+03 5.874097251743934353e-11
2.949000000000000000e+03 5.874352783084207189e-11
2.950000000000000000e+03 5.874071833957327690e-11
2.951000000000000000e+03 5.873996349731074905e-11
2.952000000000000000e+03 5.874271343005961882e-11
2.953000000000000000e+03 5.874147559124457202e-11
2.954000000000000000e+03 5.874253577579065200e-11
2.955000000000000000e+03 5.874338270055684765e-11
2.956000000000000000e+03 5.874055652653946015e-11
2.957000000000000000e+03 5.874286102741338522e-11
2.958000000000000000e+03 5.874480081398104662e-11
2.959000000000000000e+03 5.874023682750935489e-11
2.960000000000000000e+03 5.874181396869610821e-11
2.961000000000000000e+03 5.874349042398480703e-11
2.962000000000000000e+03 5.873705874721931506e-11
2.963000000000000000e+03 5.873946766703483170e-11
2.964000000000000000e+03 5.873925051653241869e-11
2.965000000000000000e+03 5.874043322696221074e-11
2.966000000000000000e+03 5.874377276102687069e-11
2.967000000000000000e+03 5.873899336111702089e-11
2.968000000000000000e+03 5.874636355040855627e-11
2.969000000000000000e+03 5.873971992106404322e-11
2.970000000000000000e+03 5.874174887063009322e-11
2.971000000000000000e+03 5.873833946591918620e-11
2.972000000000000000e+03 5.874068580094211731e-11
2.973000000000000000e+03 5.874118648238288062e-11
2.974000000000000000e+03 5.874076657832543042e-11
2.975000000000000000e+03 5.874164411596143022e-11
2.976000000000000000e+03 5.874035492102839511e-11
2.977000000000000000e+03 5.873866600961830216e-11
2.978000000000000000e+03 5.873671614887692295e-11
2.979000000000000000e+03 5.873851876526256969e-11
2.980000000000000000e+03 5.873850282878022165e-11
2.981000000000000000e+03 5.874216441729468366e-11
2.982000000000000000e+03 5.873826357925329063e-11
2.983000000000000000e+03 5.873720133904833280e-11
2.984000000000000000e+03 5.873815849408820695e-11
2.985000000000000000e+03 5.873820744049452480e-11
2.986000000000000000e+03 5.873829876324798648e-11
2.987000000000000000e+03 5.873896995598619345e-11
2.988000000000000000e+03 5.873775889226834695e-11
2.989000000000000000e+03 5.873888637535983959e-11
2.990000000000000000e+03 5.873610155398366527e-11
2.991000000000000000e+03 5.873676932930458082e-11
2.992000000000000000e+03 5.873789474787075002e-11
2.993000000000000000e+03 5.873617823335452624e-11
2.994000000000000000e+03 5.873830708459830160e-11
2.995000000000000000e+03 5.873681993456901363e-11
2.996000000000000000e+03 5.873714525378391880e-11
2.997000000000000000e+03 5.873695116101619905e-11
2.998000000000000000e+03 5.873752060401771222e-11
2.999000000000000000e+03 5.873665394272875728e-11
