0.000000000000000000e+00 3.574213148703563048e-02
1.000000000000000000e+00 3.490497117202719275e-03
2.000000000000000000e+00 2.529455870004895281e-03
3.000000000000000000e+00 2.457457685347367096e-03
4.000000000000000000e+00 2.452782401742861339e-03
5.000000000000000000e+00 2.407992594617898181e-03
6.000000000000000000e+00 2.383258262653991516e-03
7.000000000000000000e+00 2.375468776515595685e-03
8.000000000000000000e+00 2.334330020332829082e-03
9.000000000000000000e+00 2.249910708237680239e-03
1.000000000000000000e+01 2.216884978981905219e-03
1.100000000000000000e+01 2.209834547313916774e-03
1.200000000000000000e+01 2.193433536115542860e-03
1.300000000000000000e+01 2.220679580087193267e-03
1.400000000000000000e+01 2.240391141068411723e-03
1.500000000000000000e+01 2.234077518300492480e-03
1.600000000000000000e+01 2.228508346764616291e-03
1.700000000000000000e+01 2.333480634122548063e-03
1.800000000000000000e+01 2.304792829262193588e-03
1.900000000000000000e+01 2.283814788172719261e-03
2.000000000000000000e+01 2.412919363618204905e-03
2.100000000000000000e+01 2.179660840243948135e-03
2.200000000000000000e+01 2.287128384415185265e-03
2.300000000000000000e+01 2.275969098088661408e-03
2.400000000000000000e+01 2.227475664720362548e-03
2.500000000000000000e+01 2.166845625993201428e-03
2.600000000000000000e+01 2.133053722923732368e-03
2.700000000000000000e+01 2.269952223282451550e-03
2.800000000000000000e+01 2.136609612817295858e-03
2.900000000000000000e+01 2.187278153668386575e-03
3.000000000000000000e+01 2.228051374740995169e-03
3.100000000000000000e+01 2.344943676192015082e-03
3.200000000000000000e+01 2.273675095511345102e-03
3.300000000000000000e+01 2.450039226571411148e-03
3.400000000000000000e+01 2.210468977920768824e-03
3.500000000000000000e+01 2.635058176917931278e-03
3.600000000000000000e+01 2.452079248674771984e-03
3.700000000000000000e+01 2.133537891299225418e-03
3.800000000000000000e+01 2.119490567411870877e-03
3.900000000000000000e+01 2.042674747240327739e-03
4.000000000000000000e+01 2.064614831939224314e-03
4.100000000000000000e+01 2.171904255253400123e-03
4.200000000000000000e+01 2.158742259023109338e-03
4.300000000000000000e+01 2.069626741631086595e-03
4.400000000000000000e+01 2.020127911900365149e-03
4.500000000000000000e+01 2.037378447924473833e-03
4.600000000000000000e+01 1.936341804435394876e-03
4.700000000000000000e+01 1.982474290123281430e-03
4.800000000000000000e+01 1.924490669901056774e-03
4.900000000000000000e+01 2.099171729050865187e-03
5.000000000000000000e+01 2.108685840931973695e-03
5.100000000000000000e+01 1.954533317600417805e-03
5.200000000000000000e+01 1.769440953429663290e-03
5.300000000000000000e+01 2.148676494603317041e-03
5.400000000000000000e+01 1.764933446889083895e-03
5.500000000000000000e+01 1.663639674815096774e-03
5.600000000000000000e+01 1.553609374265646102e-03
5.700000000000000000e+01 1.531041189065583414e-03
5.800000000000000000e+01 1.354960329464855676e-03
5.900000000000000000e+01 1.206959803283060581e-03
6.000000000000000000e+01 1.170766764833021520e-03
6.100000000000000000e+01 9.664752933098056482e-04
6.200000000000000000e+01 7.103840240520407348e-04
6.300000000000000000e+01 6.102794347191349599e-04
6.400000000000000000e+01 4.664451392122017270e-04
6.500000000000000000e+01 3.197248953873489175e-04
6.600000000000000000e+01 2.463433292793056951e-04
6.700000000000000000e+01 2.131337019824242366e-04
6.800000000000000000e+01 1.636892520565087056e-04
6.900000000000000000e+01 1.482130770958979289e-04
7.000000000000000000e+01 1.220440443903592938e-04
7.100000000000000000e+01 1.191453089894250415e-04
7.200000000000000000e+01 9.222971063675190501e-05
7.300000000000000000e+01 1.091209393793606333e-04
7.400000000000000000e+01 8.542885527361271088e-05
7.500000000000000000e+01 7.554439033648764038e-05
7.600000000000000000e+01 7.111202670352711824e-05
7.700000000000000000e+01 7.497452570062890654e-05
7.800000000000000000e+01 7.010913591167724655e-05
7.900000000000000000e+01 6.595503509968749423e-05
8.000000000000000000e+01 6.380434063785451299e-05
8.100000000000000000e+01 6.075407703255498494e-05
8.200000000000000000e+01 6.612628886057425083e-05
8.300000000000000000e+01 7.175813147494959296e-05
8.400000000000000000e+01 6.157422226490284333e-05
8.500000000000000000e+01 6.339023428793409307e-05
8.600000000000000000e+01 5.638578940346568048e-05
8.700000000000000000e+01 4.949077318882141472e-05
8.800000000000000000e+01 5.978325314492526250e-05
8.900000000000000000e+01 5.315901134018750733e-05
9.000000000000000000e+01 4.584046215473527272e-05
9.100000000000000000e+01 5.299973977821125615e-05
9.200000000000000000e+01 4.418773157883059842e-05
9.300000000000000000e+01 4.479263415824842967e-05
9.400000000000000000e+01 4.980578181124472589e-05
9.500000000000000000e+01 4.012045821112410215e-05
9.600000000000000000e+01 4.293007554741485167e-05
9.700000000000000000e+01 4.006432131106077394e-05
9.800000000000000000e+01 4.681707862812727283e-05
9.900000000000000000e+01 3.624879933162098984e-05
1.000000000000000000e+02 3.519900747182603428e-05
1.010000000000000000e+02 4.603893594763383714e-05
1.020000000000000000e+02 3.228233482216988132e-05
1.030000000000000000e+02 3.510859999468776639e-05
1.040000000000000000e+02 3.004566792793360181e-05
1.050000000000000000e+02 2.988783861642814197e-05
1.060000000000000000e+02 3.585984846167940390e-05
1.070000000000000000e+02 3.021707628355469770e-05
1.080000000000000000e+02 3.075031407215953058e-05
1.090000000000000000e+02 2.765159240565250755e-05
1.100000000000000000e+02 3.390471046689406915e-05
1.110000000000000000e+02 2.844767409162619759e-05
1.120000000000000000e+02 2.555730586597161505e-05
1.130000000000000000e+02 2.605186229047079253e-05
1.140000000000000000e+02 2.720205630693170711e-05
1.150000000000000000e+02 2.755157411271749439e-05
1.160000000000000000e+02 3.726689532418429673e-05
1.170000000000000000e+02 2.298332447575968668e-05
1.180000000000000000e+02 2.336640859104558302e-05
1.190000000000000000e+02 2.172928056812024509e-05
1.200000000000000000e+02 3.084095717150265789e-05
1.210000000000000000e+02 2.384511891088282514e-05
1.220000000000000000e+02 2.453305034173859406e-05
1.230000000000000000e+02 2.239243956451191035e-05
1.240000000000000000e+02 2.477304081045072004e-05
1.250000000000000000e+02 2.245639501384986316e-05
1.260000000000000000e+02 2.081526496305638154e-05
1.270000000000000000e+02 2.103571504479615758e-05
1.280000000000000000e+02 3.342564298364619757e-05
1.290000000000000000e+02 2.171682162590574943e-05
1.300000000000000000e+02 2.340275120442535562e-05
1.310000000000000000e+02 2.145278337351419682e-05
1.320000000000000000e+02 1.677864195071449398e-05
1.330000000000000000e+02 2.029206280088778944e-05
1.340000000000000000e+02 1.671813083066573687e-05
1.350000000000000000e+02 1.749313826304535422e-05
1.360000000000000000e+02 1.823547281786915079e-05
1.370000000000000000e+02 1.656091761190530771e-05
1.380000000000000000e+02 2.063527977628301397e-05
1.390000000000000000e+02 1.412320706406150978e-05
1.400000000000000000e+02 1.974368485975866008e-05
1.410000000000000000e+02 1.332119304580897968e-05
1.420000000000000000e+02 2.059725062676178540e-05
1.430000000000000000e+02 1.424347394620109263e-05
1.440000000000000000e+02 1.332508151007946161e-05
1.450000000000000000e+02 1.516430351151591543e-05
1.460000000000000000e+02 1.380504931994648884e-05
1.470000000000000000e+02 1.775497378112425795e-05
1.480000000000000000e+02 1.320340525050881001e-05
1.490000000000000000e+02 1.644540425312996640e-05
1.500000000000000000e+02 1.433534565735463969e-05
1.510000000000000000e+02 1.467337081021116677e-05
1.520000000000000000e+02 1.156853019796523685e-05
1.530000000000000000e+02 1.352128459655653290e-05
1.540000000000000000e+02 1.352185023664580966e-05
1.550000000000000000e+02 1.371565277300755842e-05
1.560000000000000000e+02 1.507135245284830786e-05
1.570000000000000000e+02 1.213488556463897137e-05
1.580000000000000000e+02 1.254130271564235368e-05
1.590000000000000000e+02 1.195454812976856641e-05
1.600000000000000000e+02 9.723975676898809374e-06
1.610000000000000000e+02 1.483848788931927288e-05
1.620000000000000000e+02 1.257293054458591321e-05
1.630000000000000000e+02 1.014523119701780067e-05
1.640000000000000000e+02 1.344904925635695775e-05
1.650000000000000000e+02 1.109055743386694608e-05
1.660000000000000000e+02 1.323669033428264274e-05
1.670000000000000000e+02 1.123145975904101353e-05
1.680000000000000000e+02 8.472820884699739378e-06
1.690000000000000000e+02 7.894710999810033457e-06
1.700000000000000000e+02 1.873333445083571076e-05
1.710000000000000000e+02 1.054626534565397646e-05
1.720000000000000000e+02 1.293747197326455643e-05
1.730000000000000000e+02 9.145833905641884343e-06
1.740000000000000000e+02 8.645448857769177852e-06
1.750000000000000000e+02 8.562850688875337033e-06
1.760000000000000000e+02 1.053977654813680548e-05
1.770000000000000000e+02 8.976706682682729154e-06
1.780000000000000000e+02 1.060946738029750895e-05
1.790000000000000000e+02 9.601059964152885531e-06
1.800000000000000000e+02 1.002000261565011012e-05
1.810000000000000000e+02 8.476107496797114884e-06
1.820000000000000000e+02 1.125376897163747015e-05
1.830000000000000000e+02 8.072160721036968444e-06
1.840000000000000000e+02 7.598487075504868892e-06
1.850000000000000000e+02 1.017017306240145503e-05
1.860000000000000000e+02 9.863004858487644380e-06
1.870000000000000000e+02 6.634461800555773140e-06
1.880000000000000000e+02 1.211896012308562128e-05
1.890000000000000000e+02 9.059903322591492686e-06
1.900000000000000000e+02 6.814087579840221590e-06
1.910000000000000000e+02 8.845077033421790472e-06
1.920000000000000000e+02 7.399395860259924402e-06
1.930000000000000000e+02 6.990817156487964697e-06
1.940000000000000000e+02 7.099985603474137885e-06
1.950000000000000000e+02 6.953299795193188082e-06
1.960000000000000000e+02 7.492017965927450532e-06
1.970000000000000000e+02 8.551770164234233189e-06
1.980000000000000000e+02 7.499547468291388411e-06
1.990000000000000000e+02 7.150267805538359703e-06
2.000000000000000000e+02 7.181491616160370289e-06
2.010000000000000000e+02 7.114633875694462610e-06
2.020000000000000000e+02 5.840066049093963248e-06
2.030000000000000000e+02 8.802583563870699889e-06
2.040000000000000000e+02 7.484581884603167312e-06
2.050000000000000000e+02 6.753155481532331158e-06
2.060000000000000000e+02 6.940433543743396658e-06
2.070000000000000000e+02 6.405265167961980255e-06
2.080000000000000000e+02 5.589974797463154867e-06
2.090000000000000000e+02 9.908235634289662126e-06
2.100000000000000000e+02 7.452144027622633506e-06
2.110000000000000000e+02 8.045019231765538253e-06
2.120000000000000000e+02 7.125081985380299113e-06
2.130000000000000000e+02 6.204869541597074401e-06
2.140000000000000000e+02 5.875600168592169089e-06
2.150000000000000000e+02 5.361057844407644960e-06
2.160000000000000000e+02 7.750358106448129361e-06
2.170000000000000000e+02 4.925814087837164467e-06
2.180000000000000000e+02 6.614475726397847333e-06
2.190000000000000000e+02 6.300292287060379184e-06
2.200000000000000000e+02 5.728774397208016344e-06
2.210000000000000000e+02 5.866879560005217797e-06
2.220000000000000000e+02 5.642913410666300626e-06
2.230000000000000000e+02 4.742567100169893426e-06
2.240000000000000000e+02 9.919674441372392114e-06
2.250000000000000000e+02 4.815563724378668004e-06
2.260000000000000000e+02 5.958590726307966391e-06
2.270000000000000000e+02 5.716015789320918322e-06
2.280000000000000000e+02 6.359070990696664942e-06
2.290000000000000000e+02 9.191142339788820959e-06
2.300000000000000000e+02 5.018513436725204550e-06
2.310000000000000000e+02 7.924044454224810557e-06
2.320000000000000000e+02 7.719222326264825300e-06
2.330000000000000000e+02 4.506683896370328320e-06
2.340000000000000000e+02 4.649856711379239873e-06
2.350000000000000000e+02 8.168150321881284090e-06
2.360000000000000000e+02 8.042089746981011023e-06
2.370000000000000000e+02 8.601627802327083252e-06
2.380000000000000000e+02 5.675580482496771753e-06
2.390000000000000000e+02 4.680459838822599983e-06
2.400000000000000000e+02 4.337175565143656724e-06
2.410000000000000000e+02 7.740145919781939353e-06
2.420000000000000000e+02 7.225606730087475174e-06
2.430000000000000000e+02 4.554385679126633335e-06
2.440000000000000000e+02 5.142730763013587899e-06
2.450000000000000000e+02 8.674066090229562141e-06
2.460000000000000000e+02 5.920004245201823505e-06
2.470000000000000000e+02 4.358949279292301360e-06
2.480000000000000000e+02 5.139746355465601109e-06
2.490000000000000000e+02 4.035057969275832911e-06
2.500000000000000000e+02 6.928859881392513697e-06
2.510000000000000000e+02 4.117757302181896198e-06
2.520000000000000000e+02 4.234008222712487695e-06
2.530000000000000000e+02 3.622369666268582405e-06
2.540000000000000000e+02 4.016492444810094383e-06
2.550000000000000000e+02 7.981917536901718933e-06
2.560000000000000000e+02 5.532413130284357164e-06
2.570000000000000000e+02 4.955438303806907885e-06
2.580000000000000000e+02 8.412983547655495393e-06
2.590000000000000000e+02 7.199594728138480571e-06
2.600000000000000000e+02 3.875484383239071015e-06
2.610000000000000000e+02 3.862557920701897992e-06
2.620000000000000000e+02 4.907085732328259478e-06
2.630000000000000000e+02 5.298834023347427772e-06
2.640000000000000000e+02 5.585262624099273601e-06
2.650000000000000000e+02 3.873410566110712760e-06
2.660000000000000000e+02 6.681063190795654426e-06
2.670000000000000000e+02 4.810194619654530504e-06
2.680000000000000000e+02 5.578806741735885762e-06
2.690000000000000000e+02 3.234939926450720979e-06
2.700000000000000000e+02 5.899358791051292843e-06
2.710000000000000000e+02 3.797003875416763928e-06
2.720000000000000000e+02 3.621976447197817782e-06
2.730000000000000000e+02 4.547928948465550997e-06
2.740000000000000000e+02 3.295266171748862914e-06
2.750000000000000000e+02 4.901748947144633213e-06
2.760000000000000000e+02 4.485807025405633775e-06
2.770000000000000000e+02 4.547798575337697125e-06
2.780000000000000000e+02 3.645612986984564176e-06
2.790000000000000000e+02 6.119787256240613878e-06
2.800000000000000000e+02 3.577051618081115751e-06
2.810000000000000000e+02 3.748906659592876821e-06
2.820000000000000000e+02 3.582918625421224978e-06
2.830000000000000000e+02 4.000245709001093462e-06
2.840000000000000000e+02 4.398188582628733885e-06
2.850000000000000000e+02 3.181504445434463823e-06
2.860000000000000000e+02 4.205612227493940919e-06
2.870000000000000000e+02 4.305525824851152260e-06
2.880000000000000000e+02 4.136446256970249966e-06
2.890000000000000000e+02 3.690042771225752141e-06
2.900000000000000000e+02 4.377060296682963468e-06
2.910000000000000000e+02 8.485647566972700110e-06
2.920000000000000000e+02 5.563471185943492369e-06
2.930000000000000000e+02 3.758609813496046867e-06
2.940000000000000000e+02 3.080936341284165598e-06
2.950000000000000000e+02 3.849297938796207234e-06
2.960000000000000000e+02 4.017954603203353206e-06
2.970000000000000000e+02 3.256824815727635407e-06
2.980000000000000000e+02 3.526072380029493025e-06
2.990000000000000000e+02 3.629108735670646105e-06
3.000000000000000000e+02 9.884851273553547639e-06
3.010000000000000000e+02 8.376238576451782510e-06
3.020000000000000000e+02 3.298272418450246229e-06
3.030000000000000000e+02 3.031591983459100484e-06
3.040000000000000000e+02 3.027756540802637354e-06
3.050000000000000000e+02 4.095425558558036700e-06
3.060000000000000000e+02 3.866072033004936308e-06
3.070000000000000000e+02 2.834398476334736303e-06
3.080000000000000000e+02 3.624079106447770809e-06
3.090000000000000000e+02 3.805314437353872552e-06
3.100000000000000000e+02 3.411555343887525759e-06
3.110000000000000000e+02 3.633104693096429591e-06
3.120000000000000000e+02 3.675463355509732522e-06
3.130000000000000000e+02 3.169517138688909700e-06
3.140000000000000000e+02 3.433894222838086865e-06
3.150000000000000000e+02 4.343704521434636541e-06
3.160000000000000000e+02 3.758205668832288317e-06
3.170000000000000000e+02 4.569282869565317447e-06
3.180000000000000000e+02 3.838028358078973213e-06
3.190000000000000000e+02 3.820414786065811012e-06
3.200000000000000000e+02 3.979498561404318413e-06
3.210000000000000000e+02 5.095269072569848813e-06
3.220000000000000000e+02 2.782166128116599770e-06
3.230000000000000000e+02 2.890284045645124989e-06
3.240000000000000000e+02 5.583301245521282436e-06
3.250000000000000000e+02 4.270573469114704813e-06
3.260000000000000000e+02 2.661786747263691487e-06
3.270000000000000000e+02 3.261061966448098102e-06
3.280000000000000000e+02 4.186360141411616080e-06
3.290000000000000000e+02 3.644441301364076357e-06
3.300000000000000000e+02 3.210874400715264192e-06
3.310000000000000000e+02 2.720734773526203853e-06
3.320000000000000000e+02 3.027754513310985714e-06
3.330000000000000000e+02 2.715678413901526007e-06
3.340000000000000000e+02 3.261491108820497059e-06
3.350000000000000000e+02 3.673238908385891632e-06
3.360000000000000000e+02 2.849666306686416833e-06
3.370000000000000000e+02 3.871700987556722576e-06
3.380000000000000000e+02 3.154679533642853779e-06
3.390000000000000000e+02 2.739495965977047701e-06
3.400000000000000000e+02 4.164702878682573640e-06
3.410000000000000000e+02 2.962962816919389944e-06
3.420000000000000000e+02 3.034295887236293302e-06
3.430000000000000000e+02 2.937593241041714242e-06
3.440000000000000000e+02 2.879079543198495084e-06
3.450000000000000000e+02 2.747227958805416228e-06
3.460000000000000000e+02 2.958722561790345412e-06
3.470000000000000000e+02 2.607110615829318588e-06
3.480000000000000000e+02 2.859351171050653950e-06
3.490000000000000000e+02 2.539469529597873018e-06
3.500000000000000000e+02 2.727892432718005939e-06
3.510000000000000000e+02 3.667906587293674721e-06
3.520000000000000000e+02 3.791214081215689270e-06
3.530000000000000000e+02 3.387930565958876463e-06
3.540000000000000000e+02 4.712187851122183276e-06
3.550000000000000000e+02 2.566307923908150125e-06
3.560000000000000000e+02 2.871880876935190508e-06
3.570000000000000000e+02 3.272061457602399062e-06
3.580000000000000000e+02 2.810201512587085931e-06
3.590000000000000000e+02 3.051808499791286496e-06
3.600000000000000000e+02 4.003532639962142396e-06
3.610000000000000000e+02 5.500427945408710269e-06
3.620000000000000000e+02 2.671124537545196250e-06
3.630000000000000000e+02 3.101563265243935033e-06
3.640000000000000000e+02 2.847512051684526752e-06
3.650000000000000000e+02 2.507218604941084990e-06
3.660000000000000000e+02 2.555029240535519507e-06
3.670000000000000000e+02 2.684636379637844639e-06
3.680000000000000000e+02 3.334916616700955512e-06
3.690000000000000000e+02 4.637115695140774237e-06
3.700000000000000000e+02 3.450422136242999639e-06
3.710000000000000000e+02 3.224344543862404155e-06
3.720000000000000000e+02 3.289598412089800718e-06
3.730000000000000000e+02 2.769730505064245694e-06
3.740000000000000000e+02 2.422726987464021449e-06
3.750000000000000000e+02 2.907985473624418367e-06
3.760000000000000000e+02 3.460245092642476624e-06
3.770000000000000000e+02 2.926635623305497055e-06
3.780000000000000000e+02 2.855997254653263410e-06
3.790000000000000000e+02 2.536097708704474658e-06
3.800000000000000000e+02 2.571295872234404626e-06
3.810000000000000000e+02 2.559224505805307098e-06
3.820000000000000000e+02 2.492713340069588817e-06
3.830000000000000000e+02 4.919995517693748837e-06
3.840000000000000000e+02 3.649274742192268865e-06
3.850000000000000000e+02 3.250968499344987686e-06
3.860000000000000000e+02 2.449579429824761951e-06
3.870000000000000000e+02 3.166986799026413446e-06
3.880000000000000000e+02 3.343941355051920641e-06
3.890000000000000000e+02 2.446666438714901975e-06
3.900000000000000000e+02 2.610424698332868325e-06
3.910000000000000000e+02 2.433226512412923358e-06
3.920000000000000000e+02 2.872884443188591519e-06
3.930000000000000000e+02 2.981092123848985404e-06
3.940000000000000000e+02 2.504121295587961295e-06
3.950000000000000000e+02 2.367114997168074041e-06
3.960000000000000000e+02 2.379576550454902336e-06
3.970000000000000000e+02 2.622453827357992751e-06
3.980000000000000000e+02 2.966434971576205175e-06
3.990000000000000000e+02 2.320982186118915654e-06
4.000000000000000000e+02 2.845245117480440859e-06
4.010000000000000000e+02 2.684797502053030348e-06
4.020000000000000000e+02 2.748783869134594469e-06
4.030000000000000000e+02 3.918060324171639670e-06
4.040000000000000000e+02 3.797636097850571680e-06
4.050000000000000000e+02 3.952605864009038007e-06
4.060000000000000000e+02 4.759008517291502964e-06
4.070000000000000000e+02 4.232728818325609919e-06
4.080000000000000000e+02 3.120051035104025743e-06
4.090000000000000000e+02 3.409313425440966633e-06
4.100000000000000000e+02 3.654775510539687921e-06
4.110000000000000000e+02 2.591822402267800962e-06
4.120000000000000000e+02 2.286525145991288685e-06
4.130000000000000000e+02 2.517263857450442055e-06
4.140000000000000000e+02 2.274911366980667177e-06
4.150000000000000000e+02 2.614529550710851604e-06
4.160000000000000000e+02 2.249565284737705861e-06
4.170000000000000000e+02 2.607953619183033922e-06
4.180000000000000000e+02 2.445325842584442620e-06
4.190000000000000000e+02 2.494048777226483884e-06
4.200000000000000000e+02 2.447164205964221343e-06
4.210000000000000000e+02 2.263432226651552580e-06
4.220000000000000000e+02 2.490535338748564297e-06
4.230000000000000000e+02 2.568746972299669454e-06
4.240000000000000000e+02 2.658448599577335154e-06
4.250000000000000000e+02 2.382097570875356355e-06
4.260000000000000000e+02 2.346039486168197818e-06
4.270000000000000000e+02 2.666481846380372650e-06
4.280000000000000000e+02 3.167964170328329702e-06
4.290000000000000000e+02 2.410902854690487334e-06
4.300000000000000000e+02 2.603394392088479279e-06
4.310000000000000000e+02 2.536805104753074855e-06
4.320000000000000000e+02 2.185864721783448658e-06
4.330000000000000000e+02 2.375809561210932419e-06
4.340000000000000000e+02 3.110458063640335874e-06
4.350000000000000000e+02 2.524985020946547719e-06
4.360000000000000000e+02 2.232317756187623125e-06
4.370000000000000000e+02 2.397298259367006290e-06
4.380000000000000000e+02 2.219713995719295034e-06
4.390000000000000000e+02 2.400706803729367741e-06
4.400000000000000000e+02 2.210962698007970249e-06
4.410000000000000000e+02 2.212638067904600187e-06
4.420000000000000000e+02 2.761771992686413914e-06
4.430000000000000000e+02 2.312736046676180048e-06
4.440000000000000000e+02 2.140625180238592833e-06
4.450000000000000000e+02 2.456072751596300206e-06
4.460000000000000000e+02 2.282913280915690565e-06
4.470000000000000000e+02 2.213692246245590546e-06
4.480000000000000000e+02 2.349963007393733640e-06
4.490000000000000000e+02 2.878925159034494967e-06
4.500000000000000000e+02 2.742576486857015915e-06
4.510000000000000000e+02 2.656184571244073090e-06
4.520000000000000000e+02 2.177508995514507746e-06
4.530000000000000000e+02 2.154331336649813208e-06
4.540000000000000000e+02 2.245372269562510577e-06
4.550000000000000000e+02 2.353583902929180375e-06
4.560000000000000000e+02 2.344535376145011363e-06
4.570000000000000000e+02 2.482447385768711610e-06
4.580000000000000000e+02 2.880657274632182642e-06
4.590000000000000000e+02 2.684707853230780377e-06
4.600000000000000000e+02 2.319499710695072263e-06
4.610000000000000000e+02 2.478570328394879789e-06
4.620000000000000000e+02 2.219092061151136472e-06
4.630000000000000000e+02 2.309428648277154282e-06
4.640000000000000000e+02 2.366908388549235736e-06
4.650000000000000000e+02 2.216259167994100383e-06
4.660000000000000000e+02 2.335496655922835366e-06
4.670000000000000000e+02 2.364152681457903829e-06
4.680000000000000000e+02 2.253177107699234537e-06
4.690000000000000000e+02 2.393715260478184332e-06
4.700000000000000000e+02 2.371355938154828632e-06
4.710000000000000000e+02 2.569740605648867000e-06
4.720000000000000000e+02 2.365724577084761492e-06
4.730000000000000000e+02 2.286159162691166294e-06
4.740000000000000000e+02 2.213886993737453385e-06
4.750000000000000000e+02 2.232045055552354461e-06
4.760000000000000000e+02 2.147951512296686729e-06
4.770000000000000000e+02 2.516700816400907442e-06
4.780000000000000000e+02 2.146703317443760760e-06
4.790000000000000000e+02 2.506857109797555037e-06
4.800000000000000000e+02 2.389207472711878603e-06
4.810000000000000000e+02 2.733183957309070121e-06
4.820000000000000000e+02 2.548515884499294004e-06
4.830000000000000000e+02 2.072198046924840275e-06
4.840000000000000000e+02 2.130212121491515199e-06
4.850000000000000000e+02 2.174467240635892895e-06
4.860000000000000000e+02 2.195629957841964650e-06
4.870000000000000000e+02 2.361349171889074490e-06
4.880000000000000000e+02 2.110339890689004559e-06
4.890000000000000000e+02 2.078521239886527289e-06
4.900000000000000000e+02 2.147001500099474156e-06
4.910000000000000000e+02 2.070888203089859214e-06
4.920000000000000000e+02 2.220985584938056596e-06
4.930000000000000000e+02 2.850393219598273267e-06
4.940000000000000000e+02 2.502908079478244943e-06
4.950000000000000000e+02 2.415988874652974220e-06
4.960000000000000000e+02 2.284318816941953527e-06
4.970000000000000000e+02 2.135612932094000161e-06
4.980000000000000000e+02 2.344205689156856662e-06
4.990000000000000000e+02 2.755657529087800183e-06
5.000000000000000000e+02 2.154084722672706902e-06
5.010000000000000000e+02 2.108304899724955894e-06
5.020000000000000000e+02 2.065802318494025958e-06
5.030000000000000000e+02 2.090705496088171238e-06
5.040000000000000000e+02 2.129518123733442752e-06
5.050000000000000000e+02 2.122605857210719965e-06
5.060000000000000000e+02 2.337505779823514614e-06
5.070000000000000000e+02 2.339829549973093857e-06
5.080000000000000000e+02 2.157034350015242083e-06
5.090000000000000000e+02 2.090962942405688133e-06
5.100000000000000000e+02 2.141578402129562759e-06
5.110000000000000000e+02 2.246060852654451381e-06
5.120000000000000000e+02 2.303384942332287270e-06
5.130000000000000000e+02 2.107713639240433039e-06
5.140000000000000000e+02 2.114379421136407273e-06
5.150000000000000000e+02 2.456617695628364444e-06
5.160000000000000000e+02 2.058611398211437342e-06
5.170000000000000000e+02 2.162652048077771360e-06
5.180000000000000000e+02 2.327094495883668990e-06
5.190000000000000000e+02 2.080627677370180458e-06
5.200000000000000000e+02 2.356856936247157754e-06
5.210000000000000000e+02 2.229024159170937426e-06
5.220000000000000000e+02 3.435638810216764357e-06
5.230000000000000000e+02 2.393829636275768297e-06
5.240000000000000000e+02 2.101871403997874978e-06
5.250000000000000000e+02 2.053233936852571226e-06
5.260000000000000000e+02 2.191833458667577957e-06
5.270000000000000000e+02 2.098761454407481996e-06
5.280000000000000000e+02 2.012887174860413195e-06
5.290000000000000000e+02 2.159108185192488392e-06
5.300000000000000000e+02 2.275378297706368092e-06
5.310000000000000000e+02 2.943412358668038575e-06
5.320000000000000000e+02 2.346475258498459549e-06
5.330000000000000000e+02 2.139595575457395631e-06
5.340000000000000000e+02 2.052232972647060944e-06
5.350000000000000000e+02 2.137337003904334654e-06
5.360000000000000000e+02 2.070940033477329113e-06
5.370000000000000000e+02 2.052063586849729111e-06
5.380000000000000000e+02 2.029188376194400585e-06
5.390000000000000000e+02 2.085248995644524226e-06
5.400000000000000000e+02 2.193069265967653844e-06
5.410000000000000000e+02 2.241716365202375687e-06
5.420000000000000000e+02 2.165662849115000912e-06
5.430000000000000000e+02 1.994889468382995761e-06
5.440000000000000000e+02 2.023169923650740912e-06
5.450000000000000000e+02 2.024300313417532621e-06
5.460000000000000000e+02 2.033706370606363919e-06
5.470000000000000000e+02 2.023975947842926225e-06
5.480000000000000000e+02 2.003554369079897373e-06
5.490000000000000000e+02 1.983749788514403464e-06
5.500000000000000000e+02 1.963881970664789553e-06
5.510000000000000000e+02 2.235540523355013277e-06
5.520000000000000000e+02 2.091698988054419277e-06
5.530000000000000000e+02 2.143649909000372055e-06
5.540000000000000000e+02 2.144861975997609380e-06
5.550000000000000000e+02 2.343319639207395868e-06
5.560000000000000000e+02 2.106399803593254348e-06
5.570000000000000000e+02 2.193653219661047471e-06
5.580000000000000000e+02 2.479181806641108844e-06
5.590000000000000000e+02 2.117097890365493229e-06
5.600000000000000000e+02 2.569752566044722105e-06
5.610000000000000000e+02 2.275283529016475551e-06
5.620000000000000000e+02 2.208014427340115705e-06
5.630000000000000000e+02 2.100441679454743120e-06
5.640000000000000000e+02 2.050789642251200148e-06
5.650000000000000000e+02 2.058033123901186317e-06
5.660000000000000000e+02 1.999251577565181955e-06
5.670000000000000000e+02 2.024765162504920699e-06
5.680000000000000000e+02 2.048897637578945101e-06
5.690000000000000000e+02 2.075968748223257806e-06
5.700000000000000000e+02 2.018934932780434913e-06
5.710000000000000000e+02 1.979779243921663608e-06
5.720000000000000000e+02 1.961719957649592607e-06
5.730000000000000000e+02 2.021986470155860543e-06
5.740000000000000000e+02 1.993673048595818781e-06
5.750000000000000000e+02 1.994447869270346891e-06
5.760000000000000000e+02 1.980236488411284810e-06
5.770000000000000000e+02 1.942521169930888850e-06
5.780000000000000000e+02 1.954184432973656885e-06
5.790000000000000000e+02 1.975197819704117718e-06
5.800000000000000000e+02 2.019551690326141981e-06
5.810000000000000000e+02 2.097082889857834185e-06
5.820000000000000000e+02 1.981888268412468872e-06
5.830000000000000000e+02 1.935066627603245929e-06
5.840000000000000000e+02 1.952158159622080555e-06
5.850000000000000000e+02 1.940259882020318871e-06
5.860000000000000000e+02 1.969807682010208325e-06
5.870000000000000000e+02 2.149151790362496146e-06
5.880000000000000000e+02 1.979263205182298096e-06
5.890000000000000000e+02 1.917862681099225602e-06
5.900000000000000000e+02 1.921168906320589257e-06
5.910000000000000000e+02 2.049148823940784427e-06
5.920000000000000000e+02 2.795863879762724514e-06
5.930000000000000000e+02 2.581147577502892619e-06
5.940000000000000000e+02 2.067656345299663796e-06
5.950000000000000000e+02 1.935755138499638328e-06
5.960000000000000000e+02 1.978388465868756761e-06
5.970000000000000000e+02 1.925943483711636777e-06
5.980000000000000000e+02 1.917488828484325376e-06
5.990000000000000000e+02 2.073653506172835222e-06
6.000000000000000000e+02 2.030973197550582623e-06
6.010000000000000000e+02 2.155046210953970679e-06
6.020000000000000000e+02 2.173297161366357192e-06
6.030000000000000000e+02 2.009076191454124950e-06
6.040000000000000000e+02 1.986759699139869496e-06
6.050000000000000000e+02 1.978200573945846361e-06
6.060000000000000000e+02 1.975553846034853983e-06
6.070000000000000000e+02 2.110129609121639934e-06
6.080000000000000000e+02 1.950235507939521036e-06
6.090000000000000000e+02 1.973495466721266025e-06
6.100000000000000000e+02 1.911383479573699148e-06
6.110000000000000000e+02 2.002220830064295768e-06
6.120000000000000000e+02 1.930804876249658842e-06
6.130000000000000000e+02 1.919111086522500908e-06
6.140000000000000000e+02 1.989179988721390206e-06
6.150000000000000000e+02 1.908742370882892298e-06
6.160000000000000000e+02 2.090301616141423647e-06
6.170000000000000000e+02 2.009192835395188430e-06
6.180000000000000000e+02 1.958753523785014315e-06
6.190000000000000000e+02 1.947937180704463537e-06
6.200000000000000000e+02 1.927650279728864161e-06
6.210000000000000000e+02 2.144400712622459314e-06
6.220000000000000000e+02 1.910787673777773236e-06
6.230000000000000000e+02 2.055126729659562851e-06
6.240000000000000000e+02 2.113323197254877644e-06
6.250000000000000000e+02 1.964354201747003415e-06
6.260000000000000000e+02 2.027889954296809531e-06
6.270000000000000000e+02 2.159695817850703369e-06
6.280000000000000000e+02 1.926477715729204152e-06
6.290000000000000000e+02 1.963980337099511435e-06
6.300000000000000000e+02 2.089265062538690244e-06
6.310000000000000000e+02 2.236486438454853126e-06
6.320000000000000000e+02 1.992689318069345740e-06
6.330000000000000000e+02 1.895112251424897290e-06
6.340000000000000000e+02 2.006057307523620075e-06
6.350000000000000000e+02 2.034853344292257224e-06
6.360000000000000000e+02 1.957818025901182255e-06
6.370000000000000000e+02 1.933674998244496856e-06
6.380000000000000000e+02 2.012606592877774942e-06
6.390000000000000000e+02 1.896473402229621573e-06
6.400000000000000000e+02 2.015934052614817496e-06
6.410000000000000000e+02 1.949438216400546692e-06
6.420000000000000000e+02 1.929508581112598219e-06
6.430000000000000000e+02 1.974330880517953541e-06
6.440000000000000000e+02 1.969480744469188890e-06
6.450000000000000000e+02 1.954803530858391449e-06
6.460000000000000000e+02 1.934852910731035980e-06
6.470000000000000000e+02 1.969363757599270169e-06
6.480000000000000000e+02 1.920174761586257000e-06
6.490000000000000000e+02 1.898378961616092298e-06
6.500000000000000000e+02 1.934002519366198984e-06
6.510000000000000000e+02 2.020695060250910067e-06
6.520000000000000000e+02 1.920381947769482545e-06
6.530000000000000000e+02 1.904302311565447793e-06
6.540000000000000000e+02 1.916254699730750010e-06
6.550000000000000000e+02 2.013175710385968596e-06
6.560000000000000000e+02 1.926942841566194519e-06
6.570000000000000000e+02 1.938545343030523255e-06
6.580000000000000000e+02 1.903628056281720189e-06
6.590000000000000000e+02 1.875676445720731752e-06
6.600000000000000000e+02 1.909411885325606776e-06
6.610000000000000000e+02 1.863020662343471207e-06
6.620000000000000000e+02 1.875185323470014638e-06
6.630000000000000000e+02 1.883619791017099436e-06
6.640000000000000000e+02 2.013137573087515944e-06
6.650000000000000000e+02 2.075212969124625210e-06
6.660000000000000000e+02 1.986907522533406670e-06
6.670000000000000000e+02 1.879825018519579008e-06
6.680000000000000000e+02 1.885355699889227157e-06
6.690000000000000000e+02 1.905003053591001710e-06
6.700000000000000000e+02 1.907258135692555953e-06
6.710000000000000000e+02 1.908445788561835565e-06
6.720000000000000000e+02 1.914250470086624090e-06
6.730000000000000000e+02 1.933292307691210569e-06
6.740000000000000000e+02 1.910756900425259161e-06
6.750000000000000000e+02 1.873052642904510759e-06
6.760000000000000000e+02 1.919393530548658634e-06
6.770000000000000000e+02 1.854281613810194723e-06
6.780000000000000000e+02 1.897571021233726528e-06
6.790000000000000000e+02 1.875450708289710258e-06
6.800000000000000000e+02 1.963323733627372657e-06
6.810000000000000000e+02 2.221750235064701093e-06
6.820000000000000000e+02 2.003330478651656082e-06
6.830000000000000000e+02 2.060556027422194742e-06
6.840000000000000000e+02 1.860072054763057511e-06
6.850000000000000000e+02 1.869811363595246587e-06
6.860000000000000000e+02 1.936363861282435393e-06
6.870000000000000000e+02 1.944118700993731235e-06
6.880000000000000000e+02 1.920572116860316063e-06
6.890000000000000000e+02 1.899220193170723349e-06
6.900000000000000000e+02 1.900094357928025383e-06
6.910000000000000000e+02 1.933840208732611684e-06
6.920000000000000000e+02 1.895042910608787648e-06
6.930000000000000000e+02 1.893645520646904811e-06
6.940000000000000000e+02 2.093165721840559694e-06
6.950000000000000000e+02 1.921339140415615167e-06
6.960000000000000000e+02 1.861827318058457451e-06
6.970000000000000000e+02 2.041316395071972935e-06
6.980000000000000000e+02 1.999500017488033319e-06
6.990000000000000000e+02 1.918569734218970982e-06
7.000000000000000000e+02 1.854523884021804553e-06
7.010000000000000000e+02 1.903500977075762348e-06
7.020000000000000000e+02 1.883171393490307475e-06
7.030000000000000000e+02 1.891772244703168999e-06
7.040000000000000000e+02 1.880218180435534071e-06
7.050000000000000000e+02 1.984956302470708213e-06
7.060000000000000000e+02 1.865920306301317327e-06
7.070000000000000000e+02 1.860854251416116164e-06
7.080000000000000000e+02 1.915897999574895017e-06
7.090000000000000000e+02 1.863234460435672953e-06
7.100000000000000000e+02 1.955151504377331351e-06
7.110000000000000000e+02 1.864334428803249220e-06
7.120000000000000000e+02 1.850442504221501361e-06
7.130000000000000000e+02 1.853984180183296611e-06
7.140000000000000000e+02 1.873984564100548623e-06
7.150000000000000000e+02 1.831938258735631451e-06
7.160000000000000000e+02 1.890105442011618074e-06
7.170000000000000000e+02 1.885142641801396668e-06
7.180000000000000000e+02 1.946311174514065553e-06
7.190000000000000000e+02 1.873590388438767952e-06
7.200000000000000000e+02 1.857220366698249447e-06
7.210000000000000000e+02 1.847327678423442259e-06
7.220000000000000000e+02 1.852152037653273104e-06
7.230000000000000000e+02 1.970641327015959284e-06
7.240000000000000000e+02 1.927880715886828913e-06
7.250000000000000000e+02 1.901217440903687227e-06
7.260000000000000000e+02 1.879433640435299560e-06
7.270000000000000000e+02 1.892095758971933805e-06
7.280000000000000000e+02 1.882883330243964434e-06
7.290000000000000000e+02 1.872036186737569194e-06
7.300000000000000000e+02 1.835229948586579660e-06
7.310000000000000000e+02 1.869101612166879413e-06
7.320000000000000000e+02 1.832214839881627835e-06
7.330000000000000000e+02 1.876487761244986407e-06
7.340000000000000000e+02 1.900722609606670226e-06
7.350000000000000000e+02 1.828137701569794175e-06
7.360000000000000000e+02 1.869516950148790577e-06
7.370000000000000000e+02 1.914960242572026199e-06
7.380000000000000000e+02 1.839172129353234038e-06
7.390000000000000000e+02 1.922204028044945044e-06
7.400000000000000000e+02 1.926471446749082980e-06
7.410000000000000000e+02 1.872508811887151556e-06
7.420000000000000000e+02 1.965041563530916788e-06
7.430000000000000000e+02 1.880727604257775655e-06
7.440000000000000000e+02 1.825323173155387147e-06
7.450000000000000000e+02 1.847356637862802183e-06
7.460000000000000000e+02 1.820224091814931874e-06
7.470000000000000000e+02 1.834806575841758917e-06
7.480000000000000000e+02 1.904541916558061882e-06
7.490000000000000000e+02 2.121944552003489990e-06
7.500000000000000000e+02 1.856482293557866452e-06
7.510000000000000000e+02 1.838331758128888182e-06
7.520000000000000000e+02 1.883633574350551660e-06
7.530000000000000000e+02 1.890065725435543905e-06
7.540000000000000000e+02 1.884702242939740083e-06
7.550000000000000000e+02 1.820462737208381341e-06
7.560000000000000000e+02 1.816530540484444111e-06
7.570000000000000000e+02 1.850464442643777314e-06
7.580000000000000000e+02 1.861230847461856626e-06
7.590000000000000000e+02 1.848327926689763521e-06
7.600000000000000000e+02 1.877944844892821314e-06
7.610000000000000000e+02 1.887007870949631570e-06
7.620000000000000000e+02 1.846422989989898053e-06
7.630000000000000000e+02 1.830594001689237529e-06
7.640000000000000000e+02 1.807774288353608923e-06
7.650000000000000000e+02 1.834310315674512661e-06
7.660000000000000000e+02 1.820843346123355002e-06
7.670000000000000000e+02 1.838111089426995363e-06
7.680000000000000000e+02 1.880799850944708914e-06
7.690000000000000000e+02 1.896582913852130959e-06
7.700000000000000000e+02 1.885037925166561605e-06
7.710000000000000000e+02 1.837041364977911253e-06
7.720000000000000000e+02 1.815218190862303810e-06
7.730000000000000000e+02 1.817042575379020027e-06
7.740000000000000000e+02 1.843779453723775609e-06
7.750000000000000000e+02 1.864435039316267744e-06
7.760000000000000000e+02 1.842065050100633199e-06
7.770000000000000000e+02 1.837350416071809228e-06
7.780000000000000000e+02 1.821209777637507515e-06
7.790000000000000000e+02 1.815849555973974306e-06
7.800000000000000000e+02 1.823022036310237095e-06
7.810000000000000000e+02 1.861429135543739458e-06
7.820000000000000000e+02 1.826075886951359834e-06
7.830000000000000000e+02 1.814222024652616002e-06
7.840000000000000000e+02 1.847349604813127093e-06
7.850000000000000000e+02 1.851708242592692913e-06
7.860000000000000000e+02 1.811266952562470852e-06
7.870000000000000000e+02 1.808317000339967637e-06
7.880000000000000000e+02 1.811790526712202562e-06
7.890000000000000000e+02 1.933416044844906213e-06
7.900000000000000000e+02 1.852519988282090271e-06
7.910000000000000000e+02 1.819174910007521150e-06
7.920000000000000000e+02 1.810451831731184820e-06
7.930000000000000000e+02 1.809536112419471382e-06
7.940000000000000000e+02 1.839063087001789284e-06
7.950000000000000000e+02 1.803643710295205310e-06
7.960000000000000000e+02 1.814887014840962992e-06
7.970000000000000000e+02 1.847482691290343298e-06
7.980000000000000000e+02 1.814681874198276082e-06
7.990000000000000000e+02 1.830726997922018334e-06
8.000000000000000000e+02 1.820496648059103729e-06
8.010000000000000000e+02 1.806753659885598080e-06
8.020000000000000000e+02 1.831061203148244857e-06
8.030000000000000000e+02 1.882296939950811610e-06
8.040000000000000000e+02 1.793905276834040697e-06
8.050000000000000000e+02 1.793922721083427699e-06
8.060000000000000000e+02 1.821971573031841865e-06
8.070000000000000000e+02 1.899645166250200967e-06
8.080000000000000000e+02 1.799451374961424208e-06
8.090000000000000000e+02 1.829271454445883015e-06
8.100000000000000000e+02 1.805338563965465008e-06
8.110000000000000000e+02 1.811107183813817630e-06
8.120000000000000000e+02 1.834682811614732250e-06
8.130000000000000000e+02 1.800275183323703402e-06
8.140000000000000000e+02 1.836712448075606134e-06
8.150000000000000000e+02 1.795877382467267569e-06
8.160000000000000000e+02 1.827168010069341138e-06
8.170000000000000000e+02 1.792548174996323604e-06
8.180000000000000000e+02 1.805292340765589306e-06
8.190000000000000000e+02 1.832178332999310171e-06
8.200000000000000000e+02 1.842447030731026766e-06
8.210000000000000000e+02 1.865725787428691245e-06
8.220000000000000000e+02 1.823435331759757775e-06
8.230000000000000000e+02 1.787752399187371389e-06
8.240000000000000000e+02 1.814146736728205495e-06
8.250000000000000000e+02 1.831117720230066261e-06
8.260000000000000000e+02 1.807545476595483706e-06
8.270000000000000000e+02 1.810546792942539703e-06
8.280000000000000000e+02 1.798399621187600869e-06
8.290000000000000000e+02 1.815004191224196117e-06
8.300000000000000000e+02 1.858953471976580070e-06
8.310000000000000000e+02 1.842036051555351346e-06
8.320000000000000000e+02 1.835575013226548006e-06
8.330000000000000000e+02 1.784940126883852756e-06
8.340000000000000000e+02 1.800002942935055767e-06
8.350000000000000000e+02 1.795280126744077469e-06
8.360000000000000000e+02 1.800372632273330742e-06
8.370000000000000000e+02 1.798793390749421709e-06
8.380000000000000000e+02 1.793626400471234199e-06
8.390000000000000000e+02 1.812212136682382837e-06
8.400000000000000000e+02 1.893794604454391557e-06
8.410000000000000000e+02 1.819251214685905203e-06
8.420000000000000000e+02 1.807680984631719839e-06
8.430000000000000000e+02 1.797413766908745758e-06
8.440000000000000000e+02 1.786481107775247049e-06
8.450000000000000000e+02 1.798070623065304166e-06
8.460000000000000000e+02 1.786625829768350325e-06
8.470000000000000000e+02 1.796118768283409121e-06
8.480000000000000000e+02 1.802299733006561405e-06
8.490000000000000000e+02 1.810207690451611914e-06
8.500000000000000000e+02 1.833560549863433671e-06
8.510000000000000000e+02 1.790139548004019928e-06
8.520000000000000000e+02 1.798419135042709167e-06
8.530000000000000000e+02 1.789277689579575756e-06
8.540000000000000000e+02 1.810310481871822280e-06
8.550000000000000000e+02 1.820130213536803489e-06
8.560000000000000000e+02 1.803908553648287681e-06
8.570000000000000000e+02 1.779948992929024198e-06
8.580000000000000000e+02 1.789204152397214599e-06
8.590000000000000000e+02 1.810424577911656229e-06
8.600000000000000000e+02 1.778697958384527352e-06
8.610000000000000000e+02 1.841153656505529664e-06
8.620000000000000000e+02 1.817533577303823203e-06
8.630000000000000000e+02 1.791684177778757458e-06
8.640000000000000000e+02 1.777604941846634378e-06
8.650000000000000000e+02 1.783733417397937726e-06
8.660000000000000000e+02 1.778491482124194527e-06
8.670000000000000000e+02 1.769610424947176466e-06
8.680000000000000000e+02 1.792410332637355216e-06
8.690000000000000000e+02 1.800694880111850522e-06
8.700000000000000000e+02 1.806189704359116864e-06
8.710000000000000000e+02 1.802000217741350455e-06
8.720000000000000000e+02 1.780249019579369859e-06
8.730000000000000000e+02 1.793444961025463922e-06
8.740000000000000000e+02 1.785613347364719395e-06
8.750000000000000000e+02 1.775811703692765591e-06
8.760000000000000000e+02 1.825915820396069812e-06
8.770000000000000000e+02 1.771568897654343377e-06
8.780000000000000000e+02 1.771446652541981365e-06
8.790000000000000000e+02 1.780138500227330741e-06
8.800000000000000000e+02 1.768894566978671925e-06
8.810000000000000000e+02 1.775787214361111957e-06
8.820000000000000000e+02 1.770804382894351664e-06
8.830000000000000000e+02 1.805914007608588546e-06
8.840000000000000000e+02 1.784063919594160026e-06
8.850000000000000000e+02 1.776120249417824520e-06
8.860000000000000000e+02 1.783110297619526359e-06
8.870000000000000000e+02 1.823440722360706545e-06
8.880000000000000000e+02 1.838067020060980691e-06
8.890000000000000000e+02 1.782439209915485816e-06
8.900000000000000000e+02 1.794762460596724695e-06
8.910000000000000000e+02 1.803632691449627831e-06
8.920000000000000000e+02 1.775759861272704361e-06
8.930000000000000000e+02 1.804404031697092812e-06
8.940000000000000000e+02 1.779143450040495484e-06
8.950000000000000000e+02 1.795115743496621359e-06
8.960000000000000000e+02 1.795708896106142648e-06
8.970000000000000000e+02 1.786273118416545447e-06
8.980000000000000000e+02 1.774752721339656881e-06
8.990000000000000000e+02 1.768821348659982925e-06
9.000000000000000000e+02 1.776508387726868714e-06
9.010000000000000000e+02 1.784526160617361286e-06
9.020000000000000000e+02 1.775932183022338773e-06
9.030000000000000000e+02 1.767013169035738861e-06
9.040000000000000000e+02 1.776230934217995805e-06
9.050000000000000000e+02 1.764936247498798133e-06
9.060000000000000000e+02 1.763360591687127323e-06
9.070000000000000000e+02 1.812156479930847051e-06
9.080000000000000000e+02 1.777550801201615308e-06
9.090000000000000000e+02 1.785181795465892263e-06
9.100000000000000000e+02 1.771806210438294867e-06
9.110000000000000000e+02 1.766004618281349333e-06
9.120000000000000000e+02 1.757685916296155825e-06
9.130000000000000000e+02 1.766826296874950157e-06
9.140000000000000000e+02 1.761103452012443327e-06
9.150000000000000000e+02 1.788873373451390009e-06
9.160000000000000000e+02 1.781424829370561212e-06
9.170000000000000000e+02 1.766718954127041282e-06
9.180000000000000000e+02 1.775636524202672671e-06
9.190000000000000000e+02 1.782849533314929715e-06
9.200000000000000000e+02 1.766227146018614109e-06
9.210000000000000000e+02 1.767216709343769531e-06
9.220000000000000000e+02 1.771088947664744156e-06
9.230000000000000000e+02 1.818484185114310434e-06
9.240000000000000000e+02 1.777108928347511663e-06
9.250000000000000000e+02 1.790163838797915554e-06
9.260000000000000000e+02 1.768864283954257839e-06
9.270000000000000000e+02 1.821554466258994356e-06
9.280000000000000000e+02 1.779717061721577664e-06
9.290000000000000000e+02 1.755937346129723884e-06
9.300000000000000000e+02 1.762670751189384674e-06
9.310000000000000000e+02 1.778193329549960092e-06
9.320000000000000000e+02 1.789236959257675767e-06
9.330000000000000000e+02 1.806846990680817763e-06
9.340000000000000000e+02 1.759134510950755578e-06
9.350000000000000000e+02 1.748792775389220995e-06
9.360000000000000000e+02 1.755271582847379372e-06
9.370000000000000000e+02 1.763682433425687061e-06
9.380000000000000000e+02 1.775121120182503534e-06
9.390000000000000000e+02 1.760467962730069509e-06
9.400000000000000000e+02 1.770439771309648967e-06
9.410000000000000000e+02 1.752944557881824970e-06
9.420000000000000000e+02 1.782869498392215650e-06
9.430000000000000000e+02 1.759611636289522979e-06
9.440000000000000000e+02 1.779542110850721713e-06
9.450000000000000000e+02 1.773218908864590883e-06
9.460000000000000000e+02 1.758374207597755495e-06
9.470000000000000000e+02 1.760180043874823489e-06
9.480000000000000000e+02 1.792423439137541408e-06
9.490000000000000000e+02 1.753042391874377418e-06
9.500000000000000000e+02 1.756996782713158169e-06
9.510000000000000000e+02 1.774768685580301158e-06
9.520000000000000000e+02 1.760941237639587516e-06
9.530000000000000000e+02 1.755264083534787165e-06
9.540000000000000000e+02 1.751000761928022377e-06
9.550000000000000000e+02 1.766272951085938650e-06
9.560000000000000000e+02 1.764021205020351363e-06
9.570000000000000000e+02 1.773700104227400196e-06
9.580000000000000000e+02 1.778556295677788531e-06
9.590000000000000000e+02 1.802415474503269823e-06
9.600000000000000000e+02 1.790166428813214953e-06
9.610000000000000000e+02 1.762100740261279562e-06
9.620000000000000000e+02 1.766441223868566083e-06
9.630000000000000000e+02 1.758203395938341922e-06
9.640000000000000000e+02 1.754176382394146619e-06
9.650000000000000000e+02 1.768193981376806360e-06
9.660000000000000000e+02 1.764011587971672116e-06
9.670000000000000000e+02 1.759289123733992451e-06
9.680000000000000000e+02 1.764284682674309281e-06
9.690000000000000000e+02 1.748101942202687672e-06
9.700000000000000000e+02 1.781162846766084864e-06
9.710000000000000000e+02 1.764036173564057027e-06
9.720000000000000000e+02 1.751951721691808029e-06
9.730000000000000000e+02 1.741866093821996911e-06
9.740000000000000000e+02 1.765636099112588318e-06
9.750000000000000000e+02 1.756673313566611169e-06
9.760000000000000000e+02 1.762579252356205926e-06
9.770000000000000000e+02 1.761070049538707924e-06
9.780000000000000000e+02 1.756437883883214086e-06
9.790000000000000000e+02 1.748461969370065594e-06
9.800000000000000000e+02 1.748908781602940161e-06
9.810000000000000000e+02 1.750851070474669642e-06
9.820000000000000000e+02 1.763007104233176986e-06
9.830000000000000000e+02 1.878728172609471786e-06
9.840000000000000000e+02 1.787872033227398645e-06
9.850000000000000000e+02 1.744012241865428796e-06
9.860000000000000000e+02 1.754200594976197751e-06
9.870000000000000000e+02 1.757880302810276216e-06
9.880000000000000000e+02 1.746468908978910263e-06
9.890000000000000000e+02 1.762565538210154168e-06
9.900000000000000000e+02 1.749352113408751385e-06
9.910000000000000000e+02 1.745093252885249283e-06
9.920000000000000000e+02 1.740288494746814409e-06
9.930000000000000000e+02 1.776426072769078782e-06
9.940000000000000000e+02 1.761559210477026350e-06
9.950000000000000000e+02 1.743566187685812905e-06
9.960000000000000000e+02 1.750945706806056491e-06
9.970000000000000000e+02 1.751417348291291782e-06
9.980000000000000000e+02 1.757225687723866725e-06
9.990000000000000000e+02 1.742791995714185294e-06
1.000000000000000000e+03 1.756220015766970216e-06
1.001000000000000000e+03 1.754156676017575767e-06
1.002000000000000000e+03 1.743386065808800913e-06
1.003000000000000000e+03 1.747200631919179866e-06
1.004000000000000000e+03 1.782747117913200643e-06
1.005000000000000000e+03 1.762622873508190899e-06
1.006000000000000000e+03 1.743414787604480688e-06
1.007000000000000000e+03 1.741794214129101342e-06
1.008000000000000000e+03 1.743494307992917336e-06
1.009000000000000000e+03 1.777394570034834776e-06
1.010000000000000000e+03 1.754045142919710829e-06
1.011000000000000000e+03 1.792052360034959320e-06
1.012000000000000000e+03 1.735009192260468352e-06
1.013000000000000000e+03 1.740586746589928059e-06
1.014000000000000000e+03 1.771564226000730930e-06
1.015000000000000000e+03 1.739906911191937281e-06
1.016000000000000000e+03 1.741786098146199966e-06
1.017000000000000000e+03 1.743279932336328138e-06
1.018000000000000000e+03 1.747310841431990430e-06
1.019000000000000000e+03 1.736907676483194121e-06
1.020000000000000000e+03 1.753228111914539581e-06
1.021000000000000000e+03 1.739491188167101008e-06
1.022000000000000000e+03 1.737356110107760072e-06
1.023000000000000000e+03 1.747148121690295785e-06
1.024000000000000000e+03 1.752745039467471103e-06
1.025000000000000000e+03 1.774646663070880237e-06
1.026000000000000000e+03 1.731397561820402019e-06
1.027000000000000000e+03 1.750248514394966383e-06
1.028000000000000000e+03 1.736122673228190431e-06
1.029000000000000000e+03 1.730609264643501876e-06
1.030000000000000000e+03 1.742916009617483227e-06
1.031000000000000000e+03 1.737284678628894413e-06
1.032000000000000000e+03 1.736513711391762788e-06
1.033000000000000000e+03 1.747343897968723289e-06
1.034000000000000000e+03 1.768246975917494131e-06
1.035000000000000000e+03 1.751659416956995455e-06
1.036000000000000000e+03 1.738075671106268836e-06
1.037000000000000000e+03 1.733301508839624963e-06
1.038000000000000000e+03 1.727732524723392207e-06
1.039000000000000000e+03 1.727903122804308079e-06
1.040000000000000000e+03 1.738720127677386044e-06
1.041000000000000000e+03 1.751731037949175730e-06
1.042000000000000000e+03 1.743617049449674579e-06
1.043000000000000000e+03 1.739411779080134906e-06
1.044000000000000000e+03 1.743198856735452845e-06
1.045000000000000000e+03 1.728676307046405748e-06
1.046000000000000000e+03 1.731742939307746645e-06
1.047000000000000000e+03 1.731187511880422513e-06
1.048000000000000000e+03 1.732685355931636157e-06
1.049000000000000000e+03 1.732169819552961541e-06
1.050000000000000000e+03 1.734783445805003043e-06
1.051000000000000000e+03 1.735596518087602714e-06
1.052000000000000000e+03 1.754902720749763328e-06
1.053000000000000000e+03 1.734232004173581299e-06
1.054000000000000000e+03 1.747051830877590863e-06
1.055000000000000000e+03 1.731529300647380978e-06
1.056000000000000000e+03 1.736372150962050910e-06
1.057000000000000000e+03 1.731740999052382891e-06
1.058000000000000000e+03 1.750709395735339279e-06
1.059000000000000000e+03 1.733326377197907617e-06
1.060000000000000000e+03 1.724797279335731636e-06
1.061000000000000000e+03 1.729930861123888077e-06
1.062000000000000000e+03 1.729226395011294793e-06
1.063000000000000000e+03 1.723946966182738922e-06
1.064000000000000000e+03 1.726058836381410729e-06
1.065000000000000000e+03 1.717815723135412678e-06
1.066000000000000000e+03 1.735274216102421736e-06
1.067000000000000000e+03 1.726341009674261618e-06
1.068000000000000000e+03 1.746618618481149994e-06
1.069000000000000000e+03 1.734448587810692725e-06
1.070000000000000000e+03 1.725823322469873910e-06
1.071000000000000000e+03 1.723421836820568143e-06
1.072000000000000000e+03 1.731556169423984673e-06
1.073000000000000000e+03 1.720456768655114727e-06
1.074000000000000000e+03 1.758871057361980320e-06
1.075000000000000000e+03 1.745223547801259931e-06
1.076000000000000000e+03 1.727664802290826435e-06
1.077000000000000000e+03 1.741800570345510188e-06
1.078000000000000000e+03 1.747469310660771939e-06
1.079000000000000000e+03 1.728607886723538799e-06
1.080000000000000000e+03 1.738663348886701619e-06
1.081000000000000000e+03 1.730530794098665250e-06
1.082000000000000000e+03 1.722194022169331967e-06
1.083000000000000000e+03 1.735768948130559945e-06
1.084000000000000000e+03 1.727742271122428783e-06
1.085000000000000000e+03 1.726278891421142105e-06
1.086000000000000000e+03 1.723592470999258430e-06
1.087000000000000000e+03 1.733714843395067572e-06
1.088000000000000000e+03 1.720594586948900243e-06
1.089000000000000000e+03 1.716978206643377603e-06
1.090000000000000000e+03 1.720168407602134674e-06
1.091000000000000000e+03 1.724737062232053736e-06
1.092000000000000000e+03 1.720850751795433055e-06
1.093000000000000000e+03 1.751692807398139528e-06
1.094000000000000000e+03 1.734156036407756611e-06
1.095000000000000000e+03 1.721841533420467758e-06
1.096000000000000000e+03 1.718525688142277552e-06
1.097000000000000000e+03 1.730946541188684183e-06
1.098000000000000000e+03 1.716940643901164253e-06
1.099000000000000000e+03 1.719705534867884553e-06
1.100000000000000000e+03 1.740757191255303730e-06
1.101000000000000000e+03 1.716565955021161281e-06
1.102000000000000000e+03 1.741323908261511966e-06
1.103000000000000000e+03 1.732909399775417438e-06
1.104000000000000000e+03 1.741497060259953246e-06
1.105000000000000000e+03 1.728076521470873112e-06
1.106000000000000000e+03 1.721451259326449741e-06
1.107000000000000000e+03 1.723522044241774987e-06
1.108000000000000000e+03 1.714436469108674851e-06
1.109000000000000000e+03 1.726824238545018236e-06
1.110000000000000000e+03 1.725163677760257884e-06
1.111000000000000000e+03 1.716450478241463822e-06
1.112000000000000000e+03 1.741570669637863020e-06
1.113000000000000000e+03 1.720953892160794327e-06
1.114000000000000000e+03 1.725950001592167798e-06
1.115000000000000000e+03 1.710695395058439672e-06
1.116000000000000000e+03 1.711814401993763939e-06
1.117000000000000000e+03 1.733214708733389262e-06
1.118000000000000000e+03 1.716998277005838207e-06
1.119000000000000000e+03 1.707870942764272993e-06
1.120000000000000000e+03 1.714260600752724357e-06
1.121000000000000000e+03 1.714701559129880974e-06
1.122000000000000000e+03 1.721915287189474341e-06
1.123000000000000000e+03 1.726965311654778275e-06
1.124000000000000000e+03 1.723865950744820492e-06
1.125000000000000000e+03 1.715383776980969752e-06
1.126000000000000000e+03 1.707316107942075369e-06
1.127000000000000000e+03 1.720171199163340231e-06
1.128000000000000000e+03 1.713808313690761284e-06
1.129000000000000000e+03 1.750821256721320189e-06
1.130000000000000000e+03 1.720506773096838933e-06
1.131000000000000000e+03 1.708795683511391019e-06
1.132000000000000000e+03 1.747198399873474342e-06
1.133000000000000000e+03 1.734822672052978070e-06
1.134000000000000000e+03 1.715201793060438288e-06
1.135000000000000000e+03 1.715940389618546901e-06
1.136000000000000000e+03 1.727592976744592275e-06
1.137000000000000000e+03 1.707603091263339850e-06
1.138000000000000000e+03 1.719935110695563899e-06
1.139000000000000000e+03 1.710552760719945111e-06
1.140000000000000000e+03 1.704441347383251595e-06
1.141000000000000000e+03 1.703222487988167055e-06
1.142000000000000000e+03 1.708514292336981042e-06
1.143000000000000000e+03 1.709734652797843029e-06
1.144000000000000000e+03 1.720262977754268783e-06
1.145000000000000000e+03 1.702281581454498806e-06
1.146000000000000000e+03 1.701068269084051389e-06
1.147000000000000000e+03 1.704275369817434275e-06
1.148000000000000000e+03 1.703820670220895090e-06
1.149000000000000000e+03 1.701884539027816236e-06
1.150000000000000000e+03 1.716651226988288512e-06
1.151000000000000000e+03 1.730902035641231355e-06
1.152000000000000000e+03 1.734356950602713256e-06
1.153000000000000000e+03 1.706112818720266818e-06
1.154000000000000000e+03 1.709456510423112123e-06
1.155000000000000000e+03 1.727032637011827608e-06
1.156000000000000000e+03 1.704769100132337995e-06
1.157000000000000000e+03 1.708898929161926748e-06
1.158000000000000000e+03 1.714408622684019751e-06
1.159000000000000000e+03 1.709098224973339735e-06
1.160000000000000000e+03 1.707225664968792520e-06
1.161000000000000000e+03 1.706490756399948648e-06
1.162000000000000000e+03 1.701270750524038222e-06
1.163000000000000000e+03 1.727430410418438044e-06
1.164000000000000000e+03 1.708496180278771188e-06
1.165000000000000000e+03 1.706225615240229265e-06
1.166000000000000000e+03 1.697357890174485792e-06
1.167000000000000000e+03 1.710953199345551076e-06
1.168000000000000000e+03 1.699240166496591469e-06
1.169000000000000000e+03 1.731671426608888978e-06
1.170000000000000000e+03 1.721047987025568139e-06
1.171000000000000000e+03 1.705062978128476633e-06
1.172000000000000000e+03 1.705247846862796781e-06
1.173000000000000000e+03 1.698539902766545577e-06
1.174000000000000000e+03 1.695482818366483036e-06
1.175000000000000000e+03 1.694139451731853058e-06
1.176000000000000000e+03 1.706552519691622013e-06
1.177000000000000000e+03 1.697141237349973899e-06
1.178000000000000000e+03 1.695815630820254931e-06
1.179000000000000000e+03 1.705660312063510803e-06
1.180000000000000000e+03 1.716827919576750210e-06
1.181000000000000000e+03 1.735192493749758525e-06
1.182000000000000000e+03 1.708770273686494904e-06
1.183000000000000000e+03 1.708745850534094221e-06
1.184000000000000000e+03 1.771772395848303756e-06
1.185000000000000000e+03 1.722222043066562415e-06
1.186000000000000000e+03 1.699877782539495719e-06
1.187000000000000000e+03 1.697793891123984491e-06
1.188000000000000000e+03 1.701605987544977772e-06
1.189000000000000000e+03 1.698547432160616109e-06
1.190000000000000000e+03 1.712068701788629129e-06
1.191000000000000000e+03 1.692279697412706662e-06
1.192000000000000000e+03 1.698609974562582660e-06
1.193000000000000000e+03 1.696783273772021395e-06
1.194000000000000000e+03 1.706166920259363958e-06
1.195000000000000000e+03 1.773148530237472973e-06
1.196000000000000000e+03 1.722778372938241821e-06
1.197000000000000000e+03 1.720518083732757970e-06
1.198000000000000000e+03 1.694499298410360180e-06
1.199000000000000000e+03 1.695157372866798292e-06
1.200000000000000000e+03 1.704178724043282994e-06
1.201000000000000000e+03 1.700708226875933987e-06
1.202000000000000000e+03 1.695746106507126550e-06
1.203000000000000000e+03 1.692637324078099801e-06
1.204000000000000000e+03 1.705560775459274750e-06
1.205000000000000000e+03 1.704252285290827235e-06
1.206000000000000000e+03 1.696148626771045565e-06
1.207000000000000000e+03 1.691203556584256842e-06
1.208000000000000000e+03 1.690103458866323034e-06
1.209000000000000000e+03 1.690933737754629347e-06
1.210000000000000000e+03 1.725585636675588854e-06
1.211000000000000000e+03 1.701968854403926995e-06
1.212000000000000000e+03 1.694312624787329273e-06
1.213000000000000000e+03 1.694733380443520018e-06
1.214000000000000000e+03 1.690842563801418633e-06
1.215000000000000000e+03 1.693085787784144502e-06
1.216000000000000000e+03 1.688839781076409175e-06
1.217000000000000000e+03 1.706503637289046022e-06
1.218000000000000000e+03 1.696313389045130907e-06
1.219000000000000000e+03 1.705604020592778218e-06
1.220000000000000000e+03 1.717032124685455582e-06
1.221000000000000000e+03 1.704758222669709600e-06
1.222000000000000000e+03 1.696799692242991036e-06
1.223000000000000000e+03 1.708310114301606481e-06
1.224000000000000000e+03 1.696140453633334841e-06
1.225000000000000000e+03 1.705354590989283483e-06
1.226000000000000000e+03 1.684263157862833062e-06
1.227000000000000000e+03 1.687571344396595194e-06
1.228000000000000000e+03 1.696825977438911614e-06
1.229000000000000000e+03 1.683744911142945110e-06
1.230000000000000000e+03 1.697590116180421823e-06
1.231000000000000000e+03 1.686885498719198537e-06
1.232000000000000000e+03 1.699064571882095115e-06
1.233000000000000000e+03 1.705664315908299976e-06
1.234000000000000000e+03 1.696545976028808963e-06
1.235000000000000000e+03 1.687303598180836932e-06
1.236000000000000000e+03 1.691908094892398744e-06
1.237000000000000000e+03 1.718843378636803158e-06
1.238000000000000000e+03 1.696949612315580528e-06
1.239000000000000000e+03 1.682836871632694891e-06
1.240000000000000000e+03 1.689579803496599316e-06
1.241000000000000000e+03 1.683074349864778336e-06
1.242000000000000000e+03 1.685929337867778730e-06
1.243000000000000000e+03 1.700625271182651591e-06
1.244000000000000000e+03 1.683245705998952884e-06
1.245000000000000000e+03 1.692221315279217847e-06
1.246000000000000000e+03 1.687993799656321606e-06
1.247000000000000000e+03 1.692852999254560500e-06
1.248000000000000000e+03 1.692865606402203523e-06
1.249000000000000000e+03 1.690498549005050309e-06
1.250000000000000000e+03 1.687802493485600604e-06
1.251000000000000000e+03 1.692140760087920869e-06
1.252000000000000000e+03 1.712322839143510302e-06
1.253000000000000000e+03 1.692423631271073148e-06
1.254000000000000000e+03 1.686371791294417129e-06
1.255000000000000000e+03 1.699884866727684491e-06
1.256000000000000000e+03 1.700339620470885086e-06
1.257000000000000000e+03 1.703519259822537981e-06
1.258000000000000000e+03 1.716022713600780648e-06
1.259000000000000000e+03 1.696896753141545752e-06
1.260000000000000000e+03 1.690283427327794401e-06
1.261000000000000000e+03 1.680587820867581883e-06
1.262000000000000000e+03 1.694222320188847569e-06
1.263000000000000000e+03 1.696423845226065435e-06
1.264000000000000000e+03 1.697524189612123207e-06
1.265000000000000000e+03 1.694766840072064769e-06
1.266000000000000000e+03 1.696933991003791280e-06
1.267000000000000000e+03 1.690931313187461480e-06
1.268000000000000000e+03 1.684574777914995714e-06
1.269000000000000000e+03 1.679517293243021503e-06
1.270000000000000000e+03 1.685540447521771949e-06
1.271000000000000000e+03 1.679824010014187647e-06
1.272000000000000000e+03 1.677380518588292839e-06
1.273000000000000000e+03 1.680758376834428100e-06
1.274000000000000000e+03 1.704062209452577056e-06
1.275000000000000000e+03 1.700683162988040628e-06
1.276000000000000000e+03 1.693656953841024305e-06
1.277000000000000000e+03 1.690204030273419630e-06
1.278000000000000000e+03 1.695536366406375598e-06
1.279000000000000000e+03 1.702930899192542866e-06
1.280000000000000000e+03 1.695777439375140870e-06
1.281000000000000000e+03 1.690898668766984541e-06
1.282000000000000000e+03 1.689915609057482502e-06
1.283000000000000000e+03 1.677730928706991938e-06
1.284000000000000000e+03 1.675249263884870275e-06
1.285000000000000000e+03 1.676139010848039416e-06
1.286000000000000000e+03 1.678660359156609195e-06
1.287000000000000000e+03 1.677947431124111356e-06
1.288000000000000000e+03 1.680388795789475521e-06
1.289000000000000000e+03 1.680154849122969101e-06
1.290000000000000000e+03 1.686259271524057394e-06
1.291000000000000000e+03 1.695024948182109062e-06
1.292000000000000000e+03 1.678034601232532685e-06
1.293000000000000000e+03 1.675330556072390995e-06
1.294000000000000000e+03 1.677583604665997722e-06
1.295000000000000000e+03 1.691825467087232109e-06
1.296000000000000000e+03 1.676757413850620741e-06
1.297000000000000000e+03 1.684985874408437346e-06
1.298000000000000000e+03 1.692950697880459530e-06
1.299000000000000000e+03 1.678914138541896070e-06
1.300000000000000000e+03 1.684433972530394361e-06
1.301000000000000000e+03 1.686993181387814503e-06
1.302000000000000000e+03 1.676540472243915017e-06
1.303000000000000000e+03 1.691240878674641894e-06
1.304000000000000000e+03 1.695903143857531078e-06
1.305000000000000000e+03 1.680661619758806061e-06
1.306000000000000000e+03 1.685788547523916645e-06
1.307000000000000000e+03 1.673984076004735365e-06
1.308000000000000000e+03 1.670367193338521406e-06
1.309000000000000000e+03 1.675290646974854059e-06
1.310000000000000000e+03 1.680135723318933638e-06
1.311000000000000000e+03 1.683635778547064955e-06
1.312000000000000000e+03 1.678020222285805802e-06
1.313000000000000000e+03 1.684271258804995169e-06
1.314000000000000000e+03 1.667279401765197741e-06
1.315000000000000000e+03 1.674025501208789016e-06
1.316000000000000000e+03 1.672940805207851303e-06
1.317000000000000000e+03 1.684752463192248298e-06
1.318000000000000000e+03 1.682151799049295755e-06
1.319000000000000000e+03 1.675373918523660674e-06
1.320000000000000000e+03 1.675932949712110025e-06
1.321000000000000000e+03 1.676601582767504375e-06
1.322000000000000000e+03 1.667865027988796436e-06
1.323000000000000000e+03 1.675569896347994124e-06
1.324000000000000000e+03 1.693036397004581738e-06
1.325000000000000000e+03 1.698861184989605282e-06
1.326000000000000000e+03 1.670242977889317102e-06
1.327000000000000000e+03 1.670948800676591236e-06
1.328000000000000000e+03 1.672927524235089975e-06
1.329000000000000000e+03 1.676347929724427103e-06
1.330000000000000000e+03 1.685416836710285696e-06
1.331000000000000000e+03 1.689954254732921927e-06
1.332000000000000000e+03 1.667951310693601549e-06
1.333000000000000000e+03 1.672587034988002799e-06
1.334000000000000000e+03 1.670719086474110957e-06
1.335000000000000000e+03 1.677586823384198255e-06
1.336000000000000000e+03 1.686809434692642359e-06
1.337000000000000000e+03 1.669210963581691091e-06
1.338000000000000000e+03 1.668315356746508336e-06
1.339000000000000000e+03 1.667001728661531679e-06
1.340000000000000000e+03 1.673009393986997934e-06
1.341000000000000000e+03 1.672651923745292935e-06
1.342000000000000000e+03 1.677897432698682814e-06
1.343000000000000000e+03 1.680615754528524657e-06
1.344000000000000000e+03 1.665498888076737765e-06
1.345000000000000000e+03 1.668057405060152394e-06
1.346000000000000000e+03 1.671884436935224864e-06
1.347000000000000000e+03 1.666467896727628470e-06
1.348000000000000000e+03 1.673185713565126277e-06
1.349000000000000000e+03 1.666337111483518044e-06
1.350000000000000000e+03 1.665249518636200105e-06
1.351000000000000000e+03 1.665191313983434576e-06
1.352000000000000000e+03 1.669082097535909697e-06
1.353000000000000000e+03 1.665271117137768966e-06
1.354000000000000000e+03 1.663966224714151005e-06
1.355000000000000000e+03 1.672030124543788214e-06
1.356000000000000000e+03 1.671439856748055821e-06
1.357000000000000000e+03 1.663097047465985850e-06
1.358000000000000000e+03 1.668788021002012839e-06
1.359000000000000000e+03 1.662957397210158976e-06
1.360000000000000000e+03 1.661916337401945504e-06
1.361000000000000000e+03 1.663057027066978368e-06
1.362000000000000000e+03 1.661494829708792172e-06
1.363000000000000000e+03 1.662921479924820095e-06
1.364000000000000000e+03 1.666394798734853408e-06
1.365000000000000000e+03 1.659109341389757158e-06
1.366000000000000000e+03 1.669419452292936075e-06
1.367000000000000000e+03 1.665336778989056835e-06
1.368000000000000000e+03 1.663764176447454602e-06
1.369000000000000000e+03 1.670338155687317412e-06
1.370000000000000000e+03 1.676977902063642547e-06
1.371000000000000000e+03 1.673622586877501501e-06
1.372000000000000000e+03 1.677580554404076871e-06
1.373000000000000000e+03 1.667251269566496748e-06
1.374000000000000000e+03 1.665256587783649609e-06
1.375000000000000000e+03 1.666486959360559131e-06
1.376000000000000000e+03 1.661664035017253205e-06
1.377000000000000000e+03 1.670884820379952251e-06
1.378000000000000000e+03 1.684518636851655816e-06
1.379000000000000000e+03 1.679116722258910057e-06
1.380000000000000000e+03 1.667591891172089192e-06
1.381000000000000000e+03 1.668548545359756503e-06
1.382000000000000000e+03 1.665718940108321414e-06
1.383000000000000000e+03 1.669322526761034565e-06
1.384000000000000000e+03 1.661284800825847600e-06
1.385000000000000000e+03 1.673809690665675111e-06
1.386000000000000000e+03 1.657667873037416046e-06
1.387000000000000000e+03 1.663692492284169526e-06
1.388000000000000000e+03 1.660639706527385866e-06
1.389000000000000000e+03 1.660707901239164208e-06
1.390000000000000000e+03 1.663657206709879293e-06
1.391000000000000000e+03 1.679020714212103090e-06
1.392000000000000000e+03 1.669516386849280976e-06
1.393000000000000000e+03 1.676405177786176372e-06
1.394000000000000000e+03 1.664893741981735319e-06
1.395000000000000000e+03 1.667017798187350626e-06
1.396000000000000000e+03 1.656181986373909356e-06
1.397000000000000000e+03 1.655776482027322442e-06
1.398000000000000000e+03 1.658767173596169249e-06
1.399000000000000000e+03 1.657500514731735217e-06
1.400000000000000000e+03 1.662271798200886072e-06
1.401000000000000000e+03 1.665830918412068323e-06
1.402000000000000000e+03 1.658533133677079491e-06
1.403000000000000000e+03 1.662149255281887048e-06
1.404000000000000000e+03 1.657964434301437422e-06
1.405000000000000000e+03 1.660162313463459990e-06
1.406000000000000000e+03 1.675283231890401588e-06
1.407000000000000000e+03 1.658436205137030043e-06
1.408000000000000000e+03 1.699561617175930433e-06
1.409000000000000000e+03 1.681255367981602008e-06
1.410000000000000000e+03 1.656759764339765149e-06
1.411000000000000000e+03 1.653028271240434803e-06
1.412000000000000000e+03 1.651135821362297996e-06
1.413000000000000000e+03 1.668919708690478539e-06
1.414000000000000000e+03 1.663824204037817886e-06
1.415000000000000000e+03 1.653856393286732146e-06
1.416000000000000000e+03 1.655165767850647940e-06
1.417000000000000000e+03 1.654349561077987683e-06
1.418000000000000000e+03 1.650990145786325976e-06
1.419000000000000000e+03 1.651055825686501051e-06
1.420000000000000000e+03 1.650664787522928693e-06
1.421000000000000000e+03 1.667166536057834827e-06
1.422000000000000000e+03 1.653911463449437301e-06
1.423000000000000000e+03 1.654901065880514652e-06
1.424000000000000000e+03 1.651099221227396994e-06
1.425000000000000000e+03 1.652521654020138256e-06
1.426000000000000000e+03 1.655861750986301947e-06
1.427000000000000000e+03 1.665513784424895236e-06
1.428000000000000000e+03 1.655710714890859693e-06
1.429000000000000000e+03 1.657616117853642490e-06
1.430000000000000000e+03 1.650620014250316967e-06
1.431000000000000000e+03 1.648037426067800288e-06
1.432000000000000000e+03 1.659964753353356873e-06
1.433000000000000000e+03 1.679777359657316969e-06
1.434000000000000000e+03 1.652074354467311850e-06
1.435000000000000000e+03 1.657077743616484586e-06
1.436000000000000000e+03 1.658919070021896698e-06
1.437000000000000000e+03 1.645747858559284568e-06
1.438000000000000000e+03 1.650013346032501929e-06
1.439000000000000000e+03 1.653980001090070249e-06
1.440000000000000000e+03 1.647939134836774326e-06
1.441000000000000000e+03 1.652873775774964352e-06
1.442000000000000000e+03 1.650130531440178446e-06
1.443000000000000000e+03 1.649748283084626193e-06
1.444000000000000000e+03 1.651918048096835187e-06
1.445000000000000000e+03 1.652564309556662730e-06
1.446000000000000000e+03 1.655818737480182962e-06
1.447000000000000000e+03 1.668832704030189164e-06
1.448000000000000000e+03 1.650962669363856504e-06
1.449000000000000000e+03 1.656048887864101821e-06
1.450000000000000000e+03 1.646210692187612336e-06
1.451000000000000000e+03 1.647706295168677065e-06
1.452000000000000000e+03 1.645728850073015105e-06
1.453000000000000000e+03 1.653593694743067414e-06
1.454000000000000000e+03 1.652367086359119189e-06
1.455000000000000000e+03 1.653310242987379958e-06
1.456000000000000000e+03 1.649106687262115432e-06
1.457000000000000000e+03 1.659220435298035789e-06
1.458000000000000000e+03 1.645689960737599654e-06
1.459000000000000000e+03 1.648511098052834734e-06
1.460000000000000000e+03 1.646029036155196844e-06
1.461000000000000000e+03 1.647894181075291800e-06
1.462000000000000000e+03 1.651228063207995728e-06
1.463000000000000000e+03 1.655821339528073903e-06
1.464000000000000000e+03 1.642091512001415433e-06
1.465000000000000000e+03 1.645670290458803004e-06
1.466000000000000000e+03 1.653312396821240988e-06
1.467000000000000000e+03 1.649200484320251808e-06
1.468000000000000000e+03 1.655005424545755416e-06
1.469000000000000000e+03 1.642777980365417347e-06
1.470000000000000000e+03 1.641375669073650372e-06
1.471000000000000000e+03 1.642357648858073852e-06
1.472000000000000000e+03 1.644106598051135025e-06
1.473000000000000000e+03 1.652195688110874773e-06
1.474000000000000000e+03 1.643535841102362780e-06
1.475000000000000000e+03 1.642194008623136725e-06
1.476000000000000000e+03 1.645625766862462969e-06
1.477000000000000000e+03 1.644868252062520292e-06
1.478000000000000000e+03 1.640661113633165270e-06
1.479000000000000000e+03 1.652921512073209044e-06
1.480000000000000000e+03 1.644355296674701895e-06
1.481000000000000000e+03 1.643562011988665085e-06
1.482000000000000000e+03 1.644652570869763929e-06
1.483000000000000000e+03 1.642670571438255943e-06
1.484000000000000000e+03 1.645787409687227205e-06
1.485000000000000000e+03 1.650481161153670910e-06
1.486000000000000000e+03 1.664261666947172104e-06
1.487000000000000000e+03 1.642091448830310843e-06
1.488000000000000000e+03 1.645011560226133582e-06
1.489000000000000000e+03 1.656981401665266193e-06
1.490000000000000000e+03 1.648498364562982109e-06
1.491000000000000000e+03 1.644018678913898835e-06
1.492000000000000000e+03 1.646536567852440207e-06
1.493000000000000000e+03 1.640852768749037179e-06
1.494000000000000000e+03 1.642578675529560968e-06
1.495000000000000000e+03 1.645320945224443196e-06
1.496000000000000000e+03 1.645251243430591741e-06
1.497000000000000000e+03 1.646803173980163046e-06
1.498000000000000000e+03 1.642408841518199013e-06
1.499000000000000000e+03 1.639550207640003534e-06
1.500000000000000000e+03 1.654714873561139919e-06
1.501000000000000000e+03 1.653888622582805863e-06
1.502000000000000000e+03 1.647498221581835515e-06
1.503000000000000000e+03 1.639879849505940428e-06
1.504000000000000000e+03 1.643120906212263508e-06
1.505000000000000000e+03 1.637307314553540940e-06
1.506000000000000000e+03 1.644553638903246137e-06
1.507000000000000000e+03 1.643162975159957351e-06
1.508000000000000000e+03 1.650436234465518559e-06
1.509000000000000000e+03 1.643867925584354748e-06
1.510000000000000000e+03 1.642673438203157844e-06
1.511000000000000000e+03 1.636547597789371701e-06
1.512000000000000000e+03 1.636804481583240624e-06
1.513000000000000000e+03 1.638949071406085925e-06
1.514000000000000000e+03 1.642541964093189420e-06
1.515000000000000000e+03 1.655608759735751861e-06
1.516000000000000000e+03 1.696329163772460568e-06
1.517000000000000000e+03 1.644745658005007797e-06
1.518000000000000000e+03 1.637968697972614986e-06
1.519000000000000000e+03 1.637450547513458099e-06
1.520000000000000000e+03 1.643306111859143232e-06
1.521000000000000000e+03 1.637323946603008281e-06
1.522000000000000000e+03 1.638028903043701343e-06
1.523000000000000000e+03 1.649166555420642425e-06
1.524000000000000000e+03 1.648735012546258685e-06
1.525000000000000000e+03 1.637921027853623034e-06
1.526000000000000000e+03 1.641400362959357891e-06
1.527000000000000000e+03 1.640912991869010744e-06
1.528000000000000000e+03 1.647171813474837999e-06
1.529000000000000000e+03 1.644939602321393943e-06
1.530000000000000000e+03 1.637344353878028249e-06
1.531000000000000000e+03 1.634438395817843574e-06
1.532000000000000000e+03 1.633242750299723828e-06
1.533000000000000000e+03 1.635872199409460947e-06
1.534000000000000000e+03 1.633947619504129217e-06
1.535000000000000000e+03 1.639395627946393136e-06
1.536000000000000000e+03 1.638150263760595077e-06
1.537000000000000000e+03 1.643603750040095229e-06
1.538000000000000000e+03 1.647678430695134757e-06
1.539000000000000000e+03 1.634858218948200508e-06
1.540000000000000000e+03 1.643467459885417972e-06
1.541000000000000000e+03 1.636974114048696633e-06
1.542000000000000000e+03 1.647376150942049062e-06
1.543000000000000000e+03 1.642436624771749312e-06
1.544000000000000000e+03 1.635010759117567724e-06
1.545000000000000000e+03 1.634230577923569380e-06
1.546000000000000000e+03 1.630639848094770308e-06
1.547000000000000000e+03 1.643349720978536663e-06
1.548000000000000000e+03 1.633323464922857308e-06
1.549000000000000000e+03 1.631039525658970507e-06
1.550000000000000000e+03 1.632488773081653842e-06
1.551000000000000000e+03 1.642055360080544341e-06
1.552000000000000000e+03 1.632042649714637273e-06
1.553000000000000000e+03 1.635116095430860106e-06
1.554000000000000000e+03 1.646292838689122797e-06
1.555000000000000000e+03 1.636170159462232828e-06
1.556000000000000000e+03 1.631045830736865670e-06
1.557000000000000000e+03 1.631031039673883079e-06
1.558000000000000000e+03 1.642778882809772621e-06
1.559000000000000000e+03 1.629730665488337152e-06
1.560000000000000000e+03 1.634692948297128182e-06
1.561000000000000000e+03 1.628536250302688228e-06
1.562000000000000000e+03 1.629978001420927507e-06
1.563000000000000000e+03 1.633659366744471771e-06
1.564000000000000000e+03 1.629560241879996415e-06
1.565000000000000000e+03 1.631367540116919928e-06
1.566000000000000000e+03 1.634136816963206995e-06
1.567000000000000000e+03 1.628184041311574458e-06
1.568000000000000000e+03 1.633105524611065033e-06
1.569000000000000000e+03 1.643079760765960085e-06
1.570000000000000000e+03 1.630478081935944619e-06
1.571000000000000000e+03 1.635494090265351285e-06
1.572000000000000000e+03 1.628306265366901325e-06
1.573000000000000000e+03 1.635076730808084358e-06
1.574000000000000000e+03 1.632248509304660505e-06
1.575000000000000000e+03 1.627560984704268105e-06
1.576000000000000000e+03 1.628027861283307398e-06
1.577000000000000000e+03 1.628569667817163112e-06
1.578000000000000000e+03 1.628643189958785212e-06
1.579000000000000000e+03 1.627523199359113874e-06
1.580000000000000000e+03 1.633123937484059837e-06
1.581000000000000000e+03 1.629997352836052000e-06
1.582000000000000000e+03 1.626852635072799374e-06
1.583000000000000000e+03 1.628220475998343717e-06
1.584000000000000000e+03 1.628104617183869300e-06
1.585000000000000000e+03 1.627203917554375209e-06
1.586000000000000000e+03 1.626460162022702097e-06
1.587000000000000000e+03 1.625954438222317008e-06
1.588000000000000000e+03 1.631580324463296066e-06
1.589000000000000000e+03 1.633661914645701514e-06
1.590000000000000000e+03 1.630312158516788709e-06
1.591000000000000000e+03 1.638292780781323639e-06
1.592000000000000000e+03 1.629573279192781929e-06
1.593000000000000000e+03 1.637652048297245587e-06
1.594000000000000000e+03 1.637046029839366405e-06
1.595000000000000000e+03 1.632778021538249900e-06
1.596000000000000000e+03 1.624687634966786166e-06
1.597000000000000000e+03 1.629660795238206015e-06
1.598000000000000000e+03 1.627371402202265430e-06
1.599000000000000000e+03 1.624753772105434544e-06
1.600000000000000000e+03 1.628375864883726049e-06
1.601000000000000000e+03 1.624137838792238891e-06
1.602000000000000000e+03 1.628965332512130111e-06
1.603000000000000000e+03 1.623426887112879220e-06
1.604000000000000000e+03 1.633911317175865438e-06
1.605000000000000000e+03 1.630047697198483297e-06
1.606000000000000000e+03 1.624523360012652664e-06
1.607000000000000000e+03 1.625599305311492202e-06
1.608000000000000000e+03 1.625988983792235984e-06
1.609000000000000000e+03 1.622360411463473756e-06
1.610000000000000000e+03 1.629312939037032323e-06
1.611000000000000000e+03 1.623462449436771318e-06
1.612000000000000000e+03 1.630927165320446215e-06
1.613000000000000000e+03 1.626707269336056119e-06
1.614000000000000000e+03 1.623172328617298524e-06
1.615000000000000000e+03 1.624233885944967787e-06
1.616000000000000000e+03 1.624034009561019622e-06
1.617000000000000000e+03 1.627184939149584284e-06
1.618000000000000000e+03 1.624397237397711082e-06
1.619000000000000000e+03 1.624437320967823365e-06
1.620000000000000000e+03 1.638059538021414062e-06
1.621000000000000000e+03 1.627427507167831338e-06
1.622000000000000000e+03 1.625288094367437319e-06
1.623000000000000000e+03 1.621593427014096793e-06
1.624000000000000000e+03 1.621723439164209275e-06
1.625000000000000000e+03 1.623872676575484363e-06
1.626000000000000000e+03 1.621618933099723974e-06
1.627000000000000000e+03 1.622289310880871796e-06
1.628000000000000000e+03 1.628043810483212618e-06
1.629000000000000000e+03 1.620735082106342227e-06
1.630000000000000000e+03 1.621325987629419147e-06
1.631000000000000000e+03 1.620162312706658034e-06
1.632000000000000000e+03 1.622865007208414752e-06
1.633000000000000000e+03 1.634939583331269421e-06
1.634000000000000000e+03 1.619381954031936193e-06
1.635000000000000000e+03 1.618954481181594788e-06
1.636000000000000000e+03 1.625540162116597197e-06
1.637000000000000000e+03 1.625891215978936276e-06
1.638000000000000000e+03 1.625294489689768094e-06
1.639000000000000000e+03 1.624294635490815121e-06
1.640000000000000000e+03 1.619477366465468713e-06
1.641000000000000000e+03 1.624286462353104397e-06
1.642000000000000000e+03 1.622228254503943424e-06
1.643000000000000000e+03 1.617926979095744934e-06
1.644000000000000000e+03 1.622874139945289886e-06
1.645000000000000000e+03 1.625704779999585729e-06
1.646000000000000000e+03 1.619100376352359750e-06
1.647000000000000000e+03 1.616672563393063538e-06
1.648000000000000000e+03 1.621848102827443489e-06
1.649000000000000000e+03 1.619723646538163593e-06
1.650000000000000000e+03 1.619691700007987831e-06
1.651000000000000000e+03 1.623505980344320891e-06
1.652000000000000000e+03 1.621802264670492472e-06
1.653000000000000000e+03 1.617115341699670183e-06
1.654000000000000000e+03 1.620179450124964210e-06
1.655000000000000000e+03 1.621282847781090348e-06
1.656000000000000000e+03 1.618611886231012115e-06
1.657000000000000000e+03 1.620665022342896686e-06
1.658000000000000000e+03 1.614414542331059413e-06
1.659000000000000000e+03 1.620309047150673469e-06
1.660000000000000000e+03 1.617704451358480158e-06
1.661000000000000000e+03 1.621157350860901962e-06
1.662000000000000000e+03 1.614987095144098391e-06
1.663000000000000000e+03 1.629755642139942625e-06
1.664000000000000000e+03 1.627688151146514043e-06
1.665000000000000000e+03 1.618706516546103299e-06
1.666000000000000000e+03 1.616019470429466639e-06
1.667000000000000000e+03 1.619069154785816189e-06
1.668000000000000000e+03 1.616650038381956742e-06
1.669000000000000000e+03 1.630161360065026816e-06
1.670000000000000000e+03 1.616735286283901313e-06
1.671000000000000000e+03 1.617339066679779730e-06
1.672000000000000000e+03 1.622181778619648305e-06
1.673000000000000000e+03 1.623454730529386381e-06
1.674000000000000000e+03 1.614471155673612094e-06
1.675000000000000000e+03 1.619122841200509684e-06
1.676000000000000000e+03 1.619453334372288593e-06
1.677000000000000000e+03 1.617529762196486805e-06
1.678000000000000000e+03 1.615830706143679503e-06
1.679000000000000000e+03 1.615174349339664477e-06
1.680000000000000000e+03 1.624297378921655145e-06
1.681000000000000000e+03 1.619656083537434111e-06
1.682000000000000000e+03 1.619297752965443917e-06
1.683000000000000000e+03 1.623056268256918160e-06
1.684000000000000000e+03 1.614936230372088990e-06
1.685000000000000000e+03 1.626105438219984848e-06
1.686000000000000000e+03 1.617826910049339235e-06
1.687000000000000000e+03 1.614958508715072034e-06
1.688000000000000000e+03 1.614164652480943438e-06
1.689000000000000000e+03 1.614026470201268171e-06
1.690000000000000000e+03 1.614685004904327100e-06
1.691000000000000000e+03 1.610839259341474664e-06
1.692000000000000000e+03 1.610278002123615666e-06
1.693000000000000000e+03 1.612914691845229486e-06
1.694000000000000000e+03 1.626000168085945418e-06
1.695000000000000000e+03 1.616049332313181837e-06
1.696000000000000000e+03 1.620183171203855851e-06
1.697000000000000000e+03 1.614863935554789987e-06
1.698000000000000000e+03 1.618262444735921029e-06
1.699000000000000000e+03 1.613102042301526637e-06
1.700000000000000000e+03 1.612994200201074592e-06
1.701000000000000000e+03 1.611735341464017717e-06
1.702000000000000000e+03 1.609237471749423690e-06
1.703000000000000000e+03 1.610764437679981063e-06
1.704000000000000000e+03 1.611713042063999527e-06
1.705000000000000000e+03 1.611948510853318540e-06
1.706000000000000000e+03 1.615281698103869017e-06
1.707000000000000000e+03 1.611736776350542636e-06
1.708000000000000000e+03 1.608915202853868976e-06
1.709000000000000000e+03 1.616223224315994374e-06
1.710000000000000000e+03 1.617285572786548366e-06
1.711000000000000000e+03 1.615122494887011917e-06
1.712000000000000000e+03 1.613219522507692651e-06
1.713000000000000000e+03 1.615573608771312879e-06
1.714000000000000000e+03 1.619243317521935351e-06
1.715000000000000000e+03 1.611560249210212470e-06
1.716000000000000000e+03 1.612457372151912153e-06
1.717000000000000000e+03 1.624761163124703931e-06
1.718000000000000000e+03 1.618614801126279548e-06
1.719000000000000000e+03 1.607496479107428025e-06
1.720000000000000000e+03 1.608151509318240739e-06
1.721000000000000000e+03 1.610966861965158760e-06
1.722000000000000000e+03 1.608149719470269460e-06
1.723000000000000000e+03 1.610603582989953829e-06
1.724000000000000000e+03 1.608791170901683835e-06
1.725000000000000000e+03 1.608667671391668127e-06
1.726000000000000000e+03 1.608391481304892517e-06
1.727000000000000000e+03 1.607570413365305409e-06
1.728000000000000000e+03 1.606836584721540096e-06
1.729000000000000000e+03 1.608730544689898377e-06
1.730000000000000000e+03 1.610004687826185136e-06
1.731000000000000000e+03 1.609532083733637708e-06
1.732000000000000000e+03 1.611502604072947186e-06
1.733000000000000000e+03 1.608394925634181657e-06
1.734000000000000000e+03 1.610992356018194610e-06
1.735000000000000000e+03 1.609944530885464523e-06
1.736000000000000000e+03 1.614654881311749093e-06
1.737000000000000000e+03 1.609330420509866202e-06
1.738000000000000000e+03 1.606167774185422885e-06
1.739000000000000000e+03 1.613617720063150125e-06
1.740000000000000000e+03 1.627214506234810196e-06
1.741000000000000000e+03 1.617852461257184222e-06
1.742000000000000000e+03 1.604207343174005012e-06
1.743000000000000000e+03 1.605891373528297513e-06
1.744000000000000000e+03 1.606672661720705227e-06
1.745000000000000000e+03 1.606326866100809439e-06
1.746000000000000000e+03 1.607268825486225438e-06
1.747000000000000000e+03 1.609702576529378911e-06
1.748000000000000000e+03 1.608751021152319024e-06
1.749000000000000000e+03 1.604018043437900292e-06
1.750000000000000000e+03 1.603829519803941242e-06
1.751000000000000000e+03 1.605115325529446094e-06
1.752000000000000000e+03 1.605448228227653178e-06
1.753000000000000000e+03 1.604364082717772317e-06
1.754000000000000000e+03 1.603687074978761297e-06
1.755000000000000000e+03 1.604798615691119621e-06
1.756000000000000000e+03 1.603229033329959702e-06
1.757000000000000000e+03 1.602284884012908259e-06
1.758000000000000000e+03 1.602738028397008800e-06
1.759000000000000000e+03 1.606467181157311015e-06
1.760000000000000000e+03 1.603022749591089432e-06
1.761000000000000000e+03 1.607054849913300406e-06
1.762000000000000000e+03 1.613659909336757905e-06
1.763000000000000000e+03 1.603230095206151055e-06
1.764000000000000000e+03 1.607282440363398191e-06
1.765000000000000000e+03 1.603582081594323945e-06
1.766000000000000000e+03 1.611998798060940913e-06
1.767000000000000000e+03 1.604872098726819580e-06
1.768000000000000000e+03 1.606584465833866959e-06
1.769000000000000000e+03 1.604220735448237098e-06
1.770000000000000000e+03 1.604798489348910019e-06
1.771000000000000000e+03 1.604232885357406395e-06
1.772000000000000000e+03 1.602174253359398384e-06
1.773000000000000000e+03 1.605914740820802720e-06
1.774000000000000000e+03 1.605635783238004425e-06
1.775000000000000000e+03 1.608284448396212407e-06
1.776000000000000000e+03 1.607040479991017126e-06
1.777000000000000000e+03 1.604237707418411318e-06
1.778000000000000000e+03 1.602771752742564298e-06
1.779000000000000000e+03 1.603807527235004092e-06
1.780000000000000000e+03 1.602653788224594383e-06
1.781000000000000000e+03 1.609148966023356868e-06
1.782000000000000000e+03 1.606676806948443694e-06
1.783000000000000000e+03 1.601303141872165140e-06
1.784000000000000000e+03 1.628328823467634809e-06
1.785000000000000000e+03 1.613418685960600159e-06
1.786000000000000000e+03 1.604233306498105494e-06
1.787000000000000000e+03 1.599208977631743145e-06
1.788000000000000000e+03 1.602270751734305129e-06
1.789000000000000000e+03 1.602064194253980295e-06
1.790000000000000000e+03 1.601196087906450096e-06
1.791000000000000000e+03 1.598919497547762603e-06
1.792000000000000000e+03 1.599266306913484423e-06
1.793000000000000000e+03 1.602112195269235946e-06
1.794000000000000000e+03 1.608381849215474214e-06
1.795000000000000000e+03 1.605527204141328850e-06
1.796000000000000000e+03 1.597714481649087786e-06
1.797000000000000000e+03 1.600242357638493609e-06
1.798000000000000000e+03 1.600503916094122919e-06
1.799000000000000000e+03 1.600875326092968495e-06
1.800000000000000000e+03 1.598719503846048439e-06
1.801000000000000000e+03 1.606285904151524543e-06
1.802000000000000000e+03 1.610126171877140746e-06
1.803000000000000000e+03 1.602070273720786852e-06
1.804000000000000000e+03 1.603630551880644228e-06
1.805000000000000000e+03 1.601642611357130619e-06
1.806000000000000000e+03 1.604312384688808109e-06
1.807000000000000000e+03 1.601910784729883858e-06
1.808000000000000000e+03 1.597245363999899365e-06
1.809000000000000000e+03 1.597646238806943699e-06
1.810000000000000000e+03 1.600222362479729137e-06
1.811000000000000000e+03 1.602389116335939421e-06
1.812000000000000000e+03 1.604707971171930615e-06
1.813000000000000000e+03 1.598838683655750120e-06
1.814000000000000000e+03 1.601460822966209648e-06
1.815000000000000000e+03 1.602059892602553688e-06
1.816000000000000000e+03 1.601807367614920296e-06
1.817000000000000000e+03 1.599020682617020853e-06
1.818000000000000000e+03 1.597303818328936585e-06
1.819000000000000000e+03 1.597034989179951825e-06
1.820000000000000000e+03 1.598765167530423897e-06
1.821000000000000000e+03 1.595341585436956315e-06
1.822000000000000000e+03 1.596692364147890614e-06
1.823000000000000000e+03 1.602648966163589249e-06
1.824000000000000000e+03 1.597964001497017921e-06
1.825000000000000000e+03 1.599561737113913979e-06
1.826000000000000000e+03 1.598187338426054632e-06
1.827000000000000000e+03 1.595170575239784523e-06
1.828000000000000000e+03 1.596327716465413715e-06
1.829000000000000000e+03 1.597500776809469379e-06
1.830000000000000000e+03 1.602091144250575787e-06
1.831000000000000000e+03 1.596330426806627264e-06
1.832000000000000000e+03 1.608031339827896111e-06
1.833000000000000000e+03 1.599738405637192804e-06
1.834000000000000000e+03 1.595561884136663505e-06
1.835000000000000000e+03 1.598684865023546124e-06
1.836000000000000000e+03 1.596770208997974256e-06
1.837000000000000000e+03 1.595518996972754335e-06
1.838000000000000000e+03 1.593607887553498549e-06
1.839000000000000000e+03 1.595739184370991192e-06
1.840000000000000000e+03 1.593033475705087825e-06
1.841000000000000000e+03 1.595748798411522288e-06
1.842000000000000000e+03 1.602018539594048229e-06
1.843000000000000000e+03 1.594281029822521541e-06
1.844000000000000000e+03 1.597580137766069736e-06
1.845000000000000000e+03 1.597466745632833054e-06
1.846000000000000000e+03 1.594872521934429304e-06
1.847000000000000000e+03 1.594380927404499407e-06
1.848000000000000000e+03 1.592432351503761759e-06
1.849000000000000000e+03 1.594058778834859055e-06
1.850000000000000000e+03 1.593697142308380442e-06
1.851000000000000000e+03 1.592545770710329464e-06
1.852000000000000000e+03 1.593506828826450326e-06
1.853000000000000000e+03 1.593169844071609576e-06
1.854000000000000000e+03 1.597480306363344610e-06
1.855000000000000000e+03 1.593504834424425162e-06
1.856000000000000000e+03 1.591959792533432137e-06
1.857000000000000000e+03 1.598837645844741851e-06
1.858000000000000000e+03 1.602984750667437713e-06
1.859000000000000000e+03 1.599834549050652978e-06
1.860000000000000000e+03 1.594878751808628335e-06
1.861000000000000000e+03 1.597147331469588909e-06
1.862000000000000000e+03 1.592093360314304516e-06
1.863000000000000000e+03 1.601825269102780601e-06
1.864000000000000000e+03 1.594689966465806265e-06
1.865000000000000000e+03 1.591445988847919875e-06
1.866000000000000000e+03 1.595824633818841709e-06
1.867000000000000000e+03 1.592841176845576149e-06
1.868000000000000000e+03 1.596042005590690136e-06
1.869000000000000000e+03 1.595986968517611457e-06
1.870000000000000000e+03 1.601432585482333986e-06
1.871000000000000000e+03 1.595465608364697852e-06
1.872000000000000000e+03 1.592792005660806538e-06
1.873000000000000000e+03 1.590957032463655334e-06
1.874000000000000000e+03 1.593102425461976693e-06
1.875000000000000000e+03 1.596389341382285724e-06
1.876000000000000000e+03 1.591813692808613290e-06
1.877000000000000000e+03 1.591663757695284529e-06
1.878000000000000000e+03 1.589575489424650351e-06
1.879000000000000000e+03 1.593529423024957800e-06
1.880000000000000000e+03 1.590853696568683569e-06
1.881000000000000000e+03 1.590945484184056148e-06
1.882000000000000000e+03 1.590374134630157183e-06
1.883000000000000000e+03 1.589431832315886367e-06
1.884000000000000000e+03 1.591407656019856730e-06
1.885000000000000000e+03 1.591654077475500693e-06
1.886000000000000000e+03 1.592228510380946350e-06
1.887000000000000000e+03 1.593268670752952699e-06
1.888000000000000000e+03 1.590002489995779397e-06
1.889000000000000000e+03 1.589880097484172848e-06
1.890000000000000000e+03 1.593472728462413322e-06
1.891000000000000000e+03 1.590346787558045464e-06
1.892000000000000000e+03 1.590835000929790810e-06
1.893000000000000000e+03 1.589999379570901471e-06
1.894000000000000000e+03 1.592188360631581328e-06
1.895000000000000000e+03 1.591124429875257880e-06
1.896000000000000000e+03 1.589034699644768184e-06
1.897000000000000000e+03 1.588654761546765313e-06
1.898000000000000000e+03 1.597131057389715867e-06
1.899000000000000000e+03 1.587436410528667759e-06
1.900000000000000000e+03 1.597448365849464513e-06
1.901000000000000000e+03 1.593720575780138601e-06
1.902000000000000000e+03 1.589750389156993043e-06
1.903000000000000000e+03 1.588627721305734421e-06
1.904000000000000000e+03 1.593071787476116036e-06
1.905000000000000000e+03 1.591117192271529118e-06
1.906000000000000000e+03 1.588062213574962075e-06
1.907000000000000000e+03 1.589237060758841291e-06
1.908000000000000000e+03 1.589245372271352948e-06
1.909000000000000000e+03 1.590602251506128949e-06
1.910000000000000000e+03 1.587682952310225659e-06
1.911000000000000000e+03 1.589144445902809993e-06
1.912000000000000000e+03 1.596308322936219355e-06
1.913000000000000000e+03 1.588382710671432505e-06
1.914000000000000000e+03 1.587479544360700681e-06
1.915000000000000000e+03 1.587267033755779317e-06
1.916000000000000000e+03 1.586073809796679499e-06
1.917000000000000000e+03 1.589953394014706129e-06
1.918000000000000000e+03 1.589842543766403101e-06
1.919000000000000000e+03 1.588642154399122714e-06
1.920000000000000000e+03 1.589588286085607778e-06
1.921000000000000000e+03 1.592010356490656587e-06
1.922000000000000000e+03 1.592941570771949458e-06
1.923000000000000000e+03 1.591966636069792610e-06
1.924000000000000000e+03 1.586272618288140647e-06
1.925000000000000000e+03 1.586584503057314047e-06
1.926000000000000000e+03 1.589693854026284644e-06
1.927000000000000000e+03 1.586756629277338389e-06
1.928000000000000000e+03 1.590854421532315769e-06
1.929000000000000000e+03 1.586140593687115795e-06
1.930000000000000000e+03 1.590485715858388076e-06
1.931000000000000000e+03 1.588030092572210966e-06
1.932000000000000000e+03 1.586160763318455402e-06
1.933000000000000000e+03 1.585086628924622077e-06
1.934000000000000000e+03 1.585144171784860631e-06
1.935000000000000000e+03 1.585773476315253223e-06
1.936000000000000000e+03 1.585155091361558893e-06
1.937000000000000000e+03 1.584520269888007928e-06
1.938000000000000000e+03 1.584935105509228195e-06
1.939000000000000000e+03 1.584710201335161297e-06
1.940000000000000000e+03 1.584195338781605410e-06
1.941000000000000000e+03 1.587983039123528395e-06
1.942000000000000000e+03 1.588873634384391611e-06
1.943000000000000000e+03 1.583929899815248592e-06
1.944000000000000000e+03 1.588528296002969125e-06
1.945000000000000000e+03 1.583667793876710368e-06
1.946000000000000000e+03 1.585643587499202406e-06
1.947000000000000000e+03 1.582485041280279538e-06
1.948000000000000000e+03 1.583630140890061829e-06
1.949000000000000000e+03 1.583580671898654783e-06
1.950000000000000000e+03 1.582546756441587158e-06
1.951000000000000000e+03 1.584472798306774196e-06
1.952000000000000000e+03 1.589301934475392158e-06
1.953000000000000000e+03 1.587818722055325025e-06
1.954000000000000000e+03 1.585509327844324303e-06
1.955000000000000000e+03 1.586415658726595039e-06
1.956000000000000000e+03 1.585833642280417440e-06
1.957000000000000000e+03 1.583252537114791213e-06
1.958000000000000000e+03 1.583812509853517978e-06
1.959000000000000000e+03 1.588969828936365256e-06
1.960000000000000000e+03 1.594330137836186138e-06
1.961000000000000000e+03 1.588988377176013478e-06
1.962000000000000000e+03 1.590852857295433308e-06
1.963000000000000000e+03 1.584138875846445415e-06
1.964000000000000000e+03 1.582777595691363591e-06
1.965000000000000000e+03 1.587752693209999255e-06
1.966000000000000000e+03 1.583984506723184780e-06
1.967000000000000000e+03 1.584225883514882728e-06
1.968000000000000000e+03 1.586750288101668812e-06
1.969000000000000000e+03 1.585487205925029399e-06
1.970000000000000000e+03 1.580847471769542888e-06
1.971000000000000000e+03 1.581527728308232978e-06
1.972000000000000000e+03 1.586939485560746378e-06
1.973000000000000000e+03 1.580369898216746000e-06
1.974000000000000000e+03 1.581017215536469443e-06
1.975000000000000000e+03 1.582632362313125816e-06
1.976000000000000000e+03 1.580596050772170928e-06
1.977000000000000000e+03 1.584789114077731744e-06
1.978000000000000000e+03 1.582864771816080586e-06
1.979000000000000000e+03 1.583287091709153580e-06
1.980000000000000000e+03 1.581796103226892163e-06
1.981000000000000000e+03 1.583278046208566120e-06
1.982000000000000000e+03 1.587580076661875347e-06
1.983000000000000000e+03 1.581458354402497284e-06
1.984000000000000000e+03 1.579620902491516804e-06
1.985000000000000000e+03 1.578729904138841695e-06
1.986000000000000000e+03 1.582051612297193242e-06
1.987000000000000000e+03 1.585812822889141976e-06
1.988000000000000000e+03 1.580259102115104381e-06
1.989000000000000000e+03 1.583006184846547928e-06
1.990000000000000000e+03 1.579789927311107036e-06
1.991000000000000000e+03 1.580126289379342528e-06
1.992000000000000000e+03 1.580879986839662497e-06
1.993000000000000000e+03 1.581285542324762883e-06
1.994000000000000000e+03 1.581088132622052452e-06
1.995000000000000000e+03 1.584306017565480818e-06
1.996000000000000000e+03 1.579453974350978889e-06
1.997000000000000000e+03 1.579823326776694712e-06
1.998000000000000000e+03 1.581619314377698976e-06
1.999000000000000000e+03 1.591629016595755485e-06
2.000000000000000000e+03 1.582874704720284051e-06
2.001000000000000000e+03 1.579761903405728650e-06
2.002000000000000000e+03 1.578251238628374917e-06
2.003000000000000000e+03 1.580172650954019586e-06
2.004000000000000000e+03 1.578238751806646044e-06
2.005000000000000000e+03 1.582218919464360388e-06
2.006000000000000000e+03 1.582081332797959356e-06
2.007000000000000000e+03 1.581981727006323048e-06
2.008000000000000000e+03 1.578089087426623908e-06
2.009000000000000000e+03 1.578679334165321368e-06
2.010000000000000000e+03 1.577320024347082046e-06
2.011000000000000000e+03 1.580857407681894080e-06
2.012000000000000000e+03 1.579255373421719565e-06
2.013000000000000000e+03 1.578050971185205978e-06
2.014000000000000000e+03 1.580313161540131654e-06
2.015000000000000000e+03 1.580892163822162605e-06
2.016000000000000000e+03 1.580122243420483276e-06
2.017000000000000000e+03 1.577014977097973455e-06
2.018000000000000000e+03 1.582095901258001067e-06
2.019000000000000000e+03 1.580501095577111922e-06
2.020000000000000000e+03 1.583027975869579344e-06
2.021000000000000000e+03 1.577757451158661850e-06
2.022000000000000000e+03 1.580230882680115926e-06
2.023000000000000000e+03 1.578104498168063818e-06
2.024000000000000000e+03 1.581146328250374589e-06
2.025000000000000000e+03 1.582896871761796549e-06
2.026000000000000000e+03 1.578814303743092190e-06
2.027000000000000000e+03 1.578371242670587802e-06
2.028000000000000000e+03 1.578759615615164206e-06
2.029000000000000000e+03 1.578231198347392639e-06
2.030000000000000000e+03 1.576325241885405475e-06
2.031000000000000000e+03 1.576868248670253474e-06
2.032000000000000000e+03 1.578794919238341645e-06
2.033000000000000000e+03 1.580313733088223229e-06
2.034000000000000000e+03 1.583741824395319241e-06
2.035000000000000000e+03 1.577266512404963475e-06
2.036000000000000000e+03 1.575209062609060967e-06
2.037000000000000000e+03 1.578328731525159926e-06
2.038000000000000000e+03 1.577732041333765947e-06
2.039000000000000000e+03 1.577126648570639537e-06
2.040000000000000000e+03 1.577468040262081775e-06
2.041000000000000000e+03 1.576429383964001024e-06
2.042000000000000000e+03 1.576439978660731676e-06
2.043000000000000000e+03 1.577191215456109577e-06
2.044000000000000000e+03 1.577526178735594776e-06
2.045000000000000000e+03 1.576886799918049635e-06
2.046000000000000000e+03 1.574448966818262495e-06
2.047000000000000000e+03 1.575128089285212616e-06
2.048000000000000000e+03 1.577338043152708350e-06
2.049000000000000000e+03 1.583279108084757472e-06
2.050000000000000000e+03 1.575955612710087574e-06
2.051000000000000000e+03 1.579830783975216839e-06
2.052000000000000000e+03 1.576183146005376012e-06
2.053000000000000000e+03 1.578653325719003079e-06
2.054000000000000000e+03 1.576872288612817272e-06
2.055000000000000000e+03 1.576219691993615816e-06
2.056000000000000000e+03 1.576596429422305150e-06
2.057000000000000000e+03 1.585435670336049208e-06
2.058000000000000000e+03 1.575784367877383572e-06
2.059000000000000000e+03 1.579668112363887727e-06
2.060000000000000000e+03 1.579074619833659135e-06
2.061000000000000000e+03 1.577051980324686349e-06
2.062000000000000000e+03 1.574171374934588230e-06
2.063000000000000000e+03 1.573066921418566404e-06
2.064000000000000000e+03 1.573955227478914960e-06
2.065000000000000000e+03 1.573505578562617243e-06
2.066000000000000000e+03 1.574492924882806621e-06
2.067000000000000000e+03 1.574635523123526980e-06
2.068000000000000000e+03 1.577610370777643659e-06
2.069000000000000000e+03 1.575372919430643520e-06
2.070000000000000000e+03 1.577731364500499491e-06
2.071000000000000000e+03 1.574642589262828757e-06
2.072000000000000000e+03 1.575506986564059068e-06
2.073000000000000000e+03 1.572854937239518810e-06
2.074000000000000000e+03 1.575979184556646454e-06
2.075000000000000000e+03 1.573697194572567010e-06
2.076000000000000000e+03 1.573723609118845130e-06
2.077000000000000000e+03 1.578422266874433493e-06
2.078000000000000000e+03 1.573063296600406252e-06
2.079000000000000000e+03 1.574759215155005241e-06
2.080000000000000000e+03 1.573507777518696291e-06
2.081000000000000000e+03 1.572012556572408732e-06
2.082000000000000000e+03 1.572835429400706177e-06
2.083000000000000000e+03 1.573373722417872073e-06
2.084000000000000000e+03 1.573171469597121997e-06
2.085000000000000000e+03 1.577538151164040999e-06
2.086000000000000000e+03 1.571234658562628960e-06
2.087000000000000000e+03 1.572840203331345567e-06
2.088000000000000000e+03 1.572145495650379977e-06
2.089000000000000000e+03 1.571680029892682731e-06
2.090000000000000000e+03 1.572404199373698929e-06
2.091000000000000000e+03 1.570365917495901962e-06
2.092000000000000000e+03 1.573786371115604834e-06
2.093000000000000000e+03 1.571575990091114123e-06
2.094000000000000000e+03 1.572387052930949362e-06
2.095000000000000000e+03 1.571005281272707834e-06
2.096000000000000000e+03 1.577969017205158284e-06
2.097000000000000000e+03 1.573578092974709188e-06
2.098000000000000000e+03 1.570831040324744390e-06
2.099000000000000000e+03 1.572062684348194815e-06
2.100000000000000000e+03 1.571379365514992755e-06
2.101000000000000000e+03 1.571500368262292191e-06
2.102000000000000000e+03 1.574479105451579770e-06
2.103000000000000000e+03 1.570799821766348344e-06
2.104000000000000000e+03 1.572974144122551301e-06
2.105000000000000000e+03 1.574075339814450664e-06
2.106000000000000000e+03 1.570659404432819614e-06
2.107000000000000000e+03 1.572812823169607161e-06
2.108000000000000000e+03 1.570637126089836570e-06
2.109000000000000000e+03 1.572759747408927381e-06
2.110000000000000000e+03 1.571982998511626423e-06
2.111000000000000000e+03 1.571272389761121570e-06
2.112000000000000000e+03 1.571188808373086613e-06
2.113000000000000000e+03 1.572940582216979608e-06
2.114000000000000000e+03 1.571177362370514158e-06
2.115000000000000000e+03 1.571319004020218046e-06
2.116000000000000000e+03 1.572480347628394630e-06
2.117000000000000000e+03 1.569652231410145870e-06
2.118000000000000000e+03 1.570413488346014698e-06
2.119000000000000000e+03 1.569101099617952468e-06
2.120000000000000000e+03 1.571383116675362722e-06
2.121000000000000000e+03 1.569364345644526114e-06
2.122000000000000000e+03 1.569669013867005686e-06
2.123000000000000000e+03 1.573378562527764202e-06
2.124000000000000000e+03 1.573763894234863359e-06
2.125000000000000000e+03 1.571020911608940474e-06
2.126000000000000000e+03 1.570201164246260012e-06
2.127000000000000000e+03 1.569243475255732158e-06
2.128000000000000000e+03 1.570967486903109788e-06
2.129000000000000000e+03 1.574844198339938853e-06
2.130000000000000000e+03 1.568777440958090852e-06
2.131000000000000000e+03 1.570172078464690485e-06
2.132000000000000000e+03 1.571991352138208160e-06
2.133000000000000000e+03 1.571578583114561461e-06
2.134000000000000000e+03 1.570437261738479947e-06
2.135000000000000000e+03 1.569016263832263604e-06
2.136000000000000000e+03 1.572966106351493784e-06
2.137000000000000000e+03 1.570697180753530453e-06
2.138000000000000000e+03 1.568077384790246783e-06
2.139000000000000000e+03 1.568526753948794484e-06
2.140000000000000000e+03 1.572276148535985135e-06
2.141000000000000000e+03 1.572230126882015167e-06
2.142000000000000000e+03 1.569896414803788644e-06
2.143000000000000000e+03 1.569474934183965910e-06
2.144000000000000000e+03 1.571052112118449313e-06
2.145000000000000000e+03 1.571202507478399314e-06
2.146000000000000000e+03 1.568036849997956863e-06
2.147000000000000000e+03 1.569141330587309499e-06
2.148000000000000000e+03 1.567801155597549032e-06
2.149000000000000000e+03 1.569338511670783385e-06
2.150000000000000000e+03 1.569344726504242936e-06
2.151000000000000000e+03 1.569104646224268762e-06
2.152000000000000000e+03 1.567017755685349943e-06
2.153000000000000000e+03 1.568914224449015614e-06
2.154000000000000000e+03 1.567682041967099879e-06
2.155000000000000000e+03 1.566529722802475821e-06
2.156000000000000000e+03 1.566532679811813122e-06
2.157000000000000000e+03 1.568117751126257020e-06
2.158000000000000000e+03 1.568149255458698537e-06
2.159000000000000000e+03 1.567625040573474574e-06
2.160000000000000000e+03 1.569519677375099310e-06
2.161000000000000000e+03 1.568501392254264114e-06
2.162000000000000000e+03 1.569487255557563040e-06
2.163000000000000000e+03 1.569651226688763442e-06
2.164000000000000000e+03 1.567494790779681944e-06
2.165000000000000000e+03 1.566843072539652678e-06
2.166000000000000000e+03 1.570364942855998283e-06
2.167000000000000000e+03 1.566354916322716468e-06
2.168000000000000000e+03 1.568523914257223395e-06
2.169000000000000000e+03 1.568723186003453298e-06
2.170000000000000000e+03 1.566721865238299358e-06
2.171000000000000000e+03 1.566396263314926050e-06
2.172000000000000000e+03 1.567767040192772971e-06
2.173000000000000000e+03 1.567254472856027197e-06
2.174000000000000000e+03 1.567846641801201416e-06
2.175000000000000000e+03 1.566746005624802297e-06
2.176000000000000000e+03 1.568226649086604753e-06
2.177000000000000000e+03 1.567953049015128753e-06
2.178000000000000000e+03 1.568193060107702461e-06
2.179000000000000000e+03 1.567263569495128129e-06
2.180000000000000000e+03 1.570049219690167031e-06
2.181000000000000000e+03 1.568630258300045508e-06
2.182000000000000000e+03 1.570047011709644379e-06
2.183000000000000000e+03 1.566532887374014945e-06
2.184000000000000000e+03 1.565800237924206984e-06
2.185000000000000000e+03 1.567800701367223668e-06
2.186000000000000000e+03 1.564958494984441433e-06
2.187000000000000000e+03 1.564419007732578705e-06
2.188000000000000000e+03 1.564598179034869679e-06
2.189000000000000000e+03 1.568310726819035364e-06
2.190000000000000000e+03 1.566296708661803001e-06
2.191000000000000000e+03 1.565031686229799834e-06
2.192000000000000000e+03 1.566087100919557316e-06
2.193000000000000000e+03 1.566292861240701757e-06
2.194000000000000000e+03 1.566251881242530077e-06
2.195000000000000000e+03 1.565828532562891783e-06
2.196000000000000000e+03 1.568422873579061955e-06
2.197000000000000000e+03 1.565380631380495476e-06
2.198000000000000000e+03 1.564153893646189710e-06
2.199000000000000000e+03 1.565196758343113941e-06
2.200000000000000000e+03 1.563990494063080882e-06
2.201000000000000000e+03 1.564697682549479257e-06
2.202000000000000000e+03 1.567767849384544906e-06
2.203000000000000000e+03 1.563480327228320103e-06
2.204000000000000000e+03 1.565140057764273586e-06
2.205000000000000000e+03 1.563658523890707187e-06
2.206000000000000000e+03 1.566882458219463360e-06
2.207000000000000000e+03 1.565497371582290234e-06
2.208000000000000000e+03 1.563481777155584291e-06
2.209000000000000000e+03 1.563836067785010687e-06
2.210000000000000000e+03 1.565352436010689682e-06
2.211000000000000000e+03 1.565933333425866792e-06
2.212000000000000000e+03 1.566652235639996308e-06
2.213000000000000000e+03 1.569058573431785323e-06
2.214000000000000000e+03 1.563319577823467749e-06
2.215000000000000000e+03 1.565138968814751635e-06
2.216000000000000000e+03 1.563240391339442527e-06
2.217000000000000000e+03 1.564899372846581150e-06
2.218000000000000000e+03 1.569723665897159255e-06
2.219000000000000000e+03 1.566591627477097846e-06
2.220000000000000000e+03 1.564753940930585155e-06
2.221000000000000000e+03 1.565591285958193033e-06
2.222000000000000000e+03 1.563719547178009083e-06
2.223000000000000000e+03 1.562800934028063358e-06
2.224000000000000000e+03 1.562350581205168586e-06
2.225000000000000000e+03 1.563523590410710567e-06
2.226000000000000000e+03 1.565050715773104019e-06
2.227000000000000000e+03 1.564522485010499130e-06
2.228000000000000000e+03 1.564715923958046441e-06
2.229000000000000000e+03 1.567473207318852139e-06
2.230000000000000000e+03 1.564765832139039582e-06
2.231000000000000000e+03 1.562714753600284976e-06
2.232000000000000000e+03 1.562870223705659317e-06
2.233000000000000000e+03 1.564220012735950668e-06
2.234000000000000000e+03 1.565777090226494930e-06
2.235000000000000000e+03 1.563969918331781020e-06
2.236000000000000000e+03 1.564327370524598813e-06
2.237000000000000000e+03 1.563713789583022622e-06
2.238000000000000000e+03 1.562668822190750832e-06
2.239000000000000000e+03 1.562976727180317720e-06
2.240000000000000000e+03 1.564399554040427482e-06
2.241000000000000000e+03 1.561980699345431056e-06
2.242000000000000000e+03 1.561437021743612055e-06
2.243000000000000000e+03 1.561478819957999485e-06
2.244000000000000000e+03 1.562322304615370571e-06
2.245000000000000000e+03 1.565416088419213329e-06
2.246000000000000000e+03 1.564823038086718559e-06
2.247000000000000000e+03 1.563834428344432094e-06
2.248000000000000000e+03 1.560890200627289076e-06
2.249000000000000000e+03 1.563657173232322214e-06
2.250000000000000000e+03 1.562924529798810130e-06
2.251000000000000000e+03 1.561659047120185935e-06
2.252000000000000000e+03 1.561465581099307813e-06
2.253000000000000000e+03 1.560738060541585814e-06
2.254000000000000000e+03 1.561577369889740106e-06
2.255000000000000000e+03 1.562126197440679579e-06
2.256000000000000000e+03 1.561905258005480136e-06
2.257000000000000000e+03 1.563870778803061406e-06
2.258000000000000000e+03 1.563063428017674205e-06
2.259000000000000000e+03 1.562815704034011015e-06
2.260000000000000000e+03 1.566364467192142763e-06
2.261000000000000000e+03 1.560361605878794224e-06
2.262000000000000000e+03 1.562937979227851141e-06
2.263000000000000000e+03 1.560951660096029341e-06
2.264000000000000000e+03 1.561422850359086995e-06
2.265000000000000000e+03 1.565366995446287577e-06
2.266000000000000000e+03 1.560072237096284228e-06
2.267000000000000000e+03 1.559986279271446726e-06
2.268000000000000000e+03 1.561463312955828299e-06
2.269000000000000000e+03 1.560843751816324344e-06
2.270000000000000000e+03 1.562010103990672740e-06
2.271000000000000000e+03 1.562041048807614224e-06
2.272000000000000000e+03 1.560504234200993120e-06
2.273000000000000000e+03 1.560501827682712672e-06
2.274000000000000000e+03 1.561665974884686144e-06
2.275000000000000000e+03 1.560198161173467590e-06
2.276000000000000000e+03 1.560559114850383871e-06
2.277000000000000000e+03 1.561062621645802703e-06
2.278000000000000000e+03 1.560984527119447371e-06
2.279000000000000000e+03 1.559414722155346361e-06
2.280000000000000000e+03 1.561642165394446903e-06
2.281000000000000000e+03 1.563028082280427110e-06
2.282000000000000000e+03 1.559479755303733518e-06
2.283000000000000000e+03 1.563288654063561199e-06
2.284000000000000000e+03 1.562592911579735279e-06
2.285000000000000000e+03 1.561970531805695169e-06
2.286000000000000000e+03 1.560719088153090554e-06
2.287000000000000000e+03 1.561543034890170892e-06
2.288000000000000000e+03 1.560597986136912114e-06
2.289000000000000000e+03 1.560317774156459701e-06
2.290000000000000000e+03 1.561356060452355035e-06
2.291000000000000000e+03 1.561023759383717852e-06
2.292000000000000000e+03 1.562017143056643707e-06
2.293000000000000000e+03 1.561604623709268698e-06
2.294000000000000000e+03 1.561117595547776581e-06
2.295000000000000000e+03 1.561445381386489457e-06
2.296000000000000000e+03 1.559238492821653842e-06
2.297000000000000000e+03 1.562939032079599101e-06
2.298000000000000000e+03 1.560535624223816576e-06
2.299000000000000000e+03 1.559856197933933566e-06
2.300000000000000000e+03 1.560740903241304842e-06
2.301000000000000000e+03 1.558570190662522768e-06
2.302000000000000000e+03 1.558833911976456924e-06
2.303000000000000000e+03 1.562640807309816049e-06
2.304000000000000000e+03 1.559464410741546348e-06
2.305000000000000000e+03 1.563670318838430336e-06
2.306000000000000000e+03 1.563372166264195689e-06
2.307000000000000000e+03 1.557902318668535032e-06
2.308000000000000000e+03 1.559022354390423964e-06
2.309000000000000000e+03 1.558806408480656853e-06
2.310000000000000000e+03 1.559568949895658337e-06
2.311000000000000000e+03 1.559723776257392275e-06
2.312000000000000000e+03 1.559294645917585071e-06
2.313000000000000000e+03 1.559283443574988430e-06
2.314000000000000000e+03 1.562343400756248536e-06
2.315000000000000000e+03 1.559961040910978232e-06
2.316000000000000000e+03 1.561546915400898400e-06
2.317000000000000000e+03 1.559300042534829295e-06
2.318000000000000000e+03 1.559297223900293140e-06
2.319000000000000000e+03 1.559555813313993819e-06
2.320000000000000000e+03 1.560600416720375646e-06
2.321000000000000000e+03 1.564995092111194497e-06
2.322000000000000000e+03 1.558705145199554534e-06
2.323000000000000000e+03 1.561074729440902345e-06
2.324000000000000000e+03 1.558525919750602362e-06
2.325000000000000000e+03 1.557155612143820284e-06
2.326000000000000000e+03 1.558259094028086369e-06
2.327000000000000000e+03 1.558108972409590720e-06
2.328000000000000000e+03 1.560219242273606075e-06
2.329000000000000000e+03 1.557032371334519871e-06
2.330000000000000000e+03 1.557094143650636628e-06
2.331000000000000000e+03 1.562302047747743290e-06
2.332000000000000000e+03 1.561323810099246173e-06
2.333000000000000000e+03 1.558906390290774667e-06
2.334000000000000000e+03 1.560674742037473804e-06
2.335000000000000000e+03 1.565965704104889380e-06
2.336000000000000000e+03 1.559616845625739107e-06
2.337000000000000000e+03 1.558781305486841777e-06
2.338000000000000000e+03 1.557288223333676192e-06
2.339000000000000000e+03 1.557997147521384224e-06
2.340000000000000000e+03 1.558092484751220401e-06
2.341000000000000000e+03 1.560081246499097274e-06
2.342000000000000000e+03 1.561389002679469197e-06
2.343000000000000000e+03 1.558161407434778669e-06
2.344000000000000000e+03 1.555938581702629165e-06
2.345000000000000000e+03 1.557567349372753957e-06
2.346000000000000000e+03 1.557456318635580128e-06
2.347000000000000000e+03 1.558718176496044171e-06
2.348000000000000000e+03 1.558318125921510829e-06
2.349000000000000000e+03 1.557166952861217858e-06
2.350000000000000000e+03 1.556344970444684146e-06
2.351000000000000000e+03 1.557071633680268889e-06
2.352000000000000000e+03 1.557293415396866531e-06
2.353000000000000000e+03 1.556470049232321582e-06
2.354000000000000000e+03 1.558314868097388366e-06
2.355000000000000000e+03 1.558016938126095023e-06
2.356000000000000000e+03 1.555916889948476964e-06
2.357000000000000000e+03 1.556462616098982115e-06
2.358000000000000000e+03 1.555898762849527841e-06
2.359000000000000000e+03 1.558312241984314765e-06
2.360000000000000000e+03 1.555915686689336529e-06
2.361000000000000000e+03 1.559658619774943453e-06
2.362000000000000000e+03 1.558133711417516044e-06
2.363000000000000000e+03 1.557043922622266783e-06
2.364000000000000000e+03 1.556653452998638485e-06
2.365000000000000000e+03 1.558980011701275982e-06
2.366000000000000000e+03 1.557398474960556623e-06
2.367000000000000000e+03 1.559480477259217779e-06
2.368000000000000000e+03 1.555217471507976998e-06
2.369000000000000000e+03 1.555057519262305248e-06
2.370000000000000000e+03 1.557030536364330786e-06
2.371000000000000000e+03 1.555799990314845705e-06
2.372000000000000000e+03 1.555550073391399131e-06
2.373000000000000000e+03 1.557600408917634754e-06
2.374000000000000000e+03 1.555063767185391487e-06
2.375000000000000000e+03 1.555163345903697196e-06
2.376000000000000000e+03 1.557579625624133492e-06
2.377000000000000000e+03 1.558345839987660449e-06
2.378000000000000000e+03 1.555943662464349170e-06
2.379000000000000000e+03 1.555752350277332503e-06
2.380000000000000000e+03 1.555153662675765422e-06
2.381000000000000000e+03 1.556984343245933622e-06
2.382000000000000000e+03 1.556042356787186813e-06
2.383000000000000000e+03 1.556518519518641865e-06
2.384000000000000000e+03 1.554703854327631625e-06
2.385000000000000000e+03 1.555057925362265079e-06
2.386000000000000000e+03 1.554381447057275767e-06
2.387000000000000000e+03 1.555260403794104185e-06
2.388000000000000000e+03 1.555049424336438807e-06
2.389000000000000000e+03 1.554964399037435116e-06
2.390000000000000000e+03 1.555474577904787225e-06
2.391000000000000000e+03 1.556280794618434668e-06
2.392000000000000000e+03 1.554696042167662926e-06
2.393000000000000000e+03 1.557610928410669062e-06
2.394000000000000000e+03 1.557536630166901503e-06
2.395000000000000000e+03 1.555421138158217271e-06
2.396000000000000000e+03 1.557596579545420505e-06
2.397000000000000000e+03 1.557101191741050986e-06
2.398000000000000000e+03 1.554729531877686215e-06
2.399000000000000000e+03 1.554817300607529718e-06
2.400000000000000000e+03 1.555392302052919223e-06
2.401000000000000000e+03 1.554250063191743167e-06
2.402000000000000000e+03 1.554067366340171045e-06
2.403000000000000000e+03 1.555017727482534524e-06
2.404000000000000000e+03 1.554857336047276256e-06
2.405000000000000000e+03 1.554451377470363978e-06
2.406000000000000000e+03 1.556671324405020253e-06
2.407000000000000000e+03 1.553832081047870983e-06
2.408000000000000000e+03 1.554459267842176747e-06
2.409000000000000000e+03 1.555985656208346670e-06
2.410000000000000000e+03 1.555321977572462722e-06
2.411000000000000000e+03 1.553526092248484977e-06
2.412000000000000000e+03 1.553076208696654837e-06
2.413000000000000000e+03 1.553237938757706747e-06
2.414000000000000000e+03 1.553394458706680898e-06
2.415000000000000000e+03 1.554417911825523562e-06
2.416000000000000000e+03 1.554063955100508381e-06
2.417000000000000000e+03 1.554179504075754033e-06
2.418000000000000000e+03 1.554932897713141114e-06
2.419000000000000000e+03 1.553577988815207616e-06
2.420000000000000000e+03 1.554593987743675879e-06
2.421000000000000000e+03 1.553547988556691274e-06
2.422000000000000000e+03 1.553866849220730839e-06
2.423000000000000000e+03 1.554259538857473331e-06
2.424000000000000000e+03 1.555001044294553924e-06
2.425000000000000000e+03 1.555183247809878330e-06
2.426000000000000000e+03 1.554897224087778258e-06
2.427000000000000000e+03 1.553705344770767959e-06
2.428000000000000000e+03 1.553292274932336098e-06
2.429000000000000000e+03 1.553479541160493514e-06
2.430000000000000000e+03 1.554030730107495840e-06
2.431000000000000000e+03 1.552942412296545913e-06
2.432000000000000000e+03 1.554065435109250895e-06
2.433000000000000000e+03 1.552551795273672867e-06
2.434000000000000000e+03 1.554065895355872135e-06
2.435000000000000000e+03 1.555143272533088654e-06
2.436000000000000000e+03 1.552645423875529773e-06
2.437000000000000000e+03 1.552533848663594756e-06
2.438000000000000000e+03 1.552931143774696744e-06
2.439000000000000000e+03 1.553060265513045494e-06
2.440000000000000000e+03 1.553781267414374842e-06
2.441000000000000000e+03 1.553459046649185872e-06
2.442000000000000000e+03 1.553766834320986761e-06
2.443000000000000000e+03 1.553477285049605541e-06
2.444000000000000000e+03 1.553131835366712298e-06
2.445000000000000000e+03 1.555289372257907501e-06
2.446000000000000000e+03 1.554727363003085704e-06
2.447000000000000000e+03 1.555449429788754343e-06
2.448000000000000000e+03 1.553229870905170904e-06
2.449000000000000000e+03 1.552493346960931100e-06
2.450000000000000000e+03 1.553569692343435016e-06
2.451000000000000000e+03 1.553517091870115323e-06
2.452000000000000000e+03 1.556194722483978893e-06
2.453000000000000000e+03 1.554111736520970879e-06
2.454000000000000000e+03 1.554360829211906249e-06
2.455000000000000000e+03 1.555736488313715168e-06
2.456000000000000000e+03 1.553623183228518230e-06
2.457000000000000000e+03 1.554274633743388598e-06
2.458000000000000000e+03 1.552937063809667010e-06
2.459000000000000000e+03 1.551712488933666301e-06
2.460000000000000000e+03 1.551868142536059381e-06
2.461000000000000000e+03 1.551772501483290104e-06
2.462000000000000000e+03 1.553828690865243041e-06
2.463000000000000000e+03 1.553653171454443030e-06
2.464000000000000000e+03 1.551800344899797266e-06
2.465000000000000000e+03 1.553977696460885929e-06
2.466000000000000000e+03 1.551958296727148398e-06
2.467000000000000000e+03 1.553652034374555546e-06
2.468000000000000000e+03 1.551809002349311891e-06
2.469000000000000000e+03 1.551997923058787379e-06
2.470000000000000000e+03 1.552236953495161743e-06
2.471000000000000000e+03 1.551370017317145504e-06
2.472000000000000000e+03 1.551568780686388633e-06
2.473000000000000000e+03 1.551380732339790093e-06
2.474000000000000000e+03 1.552359352023063957e-06
2.475000000000000000e+03 1.551987235109473388e-06
2.476000000000000000e+03 1.555972871579980573e-06
2.477000000000000000e+03 1.551529758992467703e-06
2.478000000000000000e+03 1.551204145036502853e-06
2.479000000000000000e+03 1.551254050209348267e-06
2.480000000000000000e+03 1.551269915181113541e-06
2.481000000000000000e+03 1.552030799106649013e-06
2.482000000000000000e+03 1.551481646675741506e-06
2.483000000000000000e+03 1.551597406221337131e-06
2.484000000000000000e+03 1.551912988004219512e-06
2.485000000000000000e+03 1.552745038691609685e-06
2.486000000000000000e+03 1.550880281822587353e-06
2.487000000000000000e+03 1.551835943321463990e-06
2.488000000000000000e+03 1.550906570026655869e-06
2.489000000000000000e+03 1.553502887395963787e-06
2.490000000000000000e+03 1.551845966470102856e-06
2.491000000000000000e+03 1.551050726487963235e-06
2.492000000000000000e+03 1.553318451834933857e-06
2.493000000000000000e+03 1.551001380830618066e-06
2.494000000000000000e+03 1.551092193806086755e-06
2.495000000000000000e+03 1.551347558485291024e-06
2.496000000000000000e+03 1.551226420371338382e-06
2.497000000000000000e+03 1.551859313622116924e-06
2.498000000000000000e+03 1.550917612937416220e-06
2.499000000000000000e+03 1.550361355261285218e-06
2.500000000000000000e+03 1.550938450377578891e-06
2.501000000000000000e+03 1.551016445635055008e-06
2.502000000000000000e+03 1.550583699501531043e-06
2.503000000000000000e+03 1.551164238947113856e-06
2.504000000000000000e+03 1.552203878909541889e-06
2.505000000000000000e+03 1.552206138028577800e-06
2.506000000000000000e+03 1.549990790551985569e-06
2.507000000000000000e+03 1.550294243482733374e-06
2.508000000000000000e+03 1.553854368415297842e-06
2.509000000000000000e+03 1.549818844820832450e-06
2.510000000000000000e+03 1.552078643698216524e-06
2.511000000000000000e+03 1.551220097244556012e-06
2.512000000000000000e+03 1.551129299309826592e-06
2.513000000000000000e+03 1.550809818967329919e-06
2.514000000000000000e+03 1.551257034292016167e-06
2.515000000000000000e+03 1.551275465213898178e-06
2.516000000000000000e+03 1.553103685119124521e-06
2.517000000000000000e+03 1.551143470694351863e-06
2.518000000000000000e+03 1.550229956355013139e-06
2.519000000000000000e+03 1.549789861316289654e-06
2.520000000000000000e+03 1.550162570835006943e-06
2.521000000000000000e+03 1.551819106717942977e-06
2.522000000000000000e+03 1.549603121514006007e-06
2.523000000000000000e+03 1.550871970310075696e-06
2.524000000000000000e+03 1.549862673535018823e-06
2.525000000000000000e+03 1.549643529964086324e-06
2.526000000000000000e+03 1.549416089921381014e-06
2.527000000000000000e+03 1.552108075416788807e-06
2.528000000000000000e+03 1.551554501008540754e-06
2.529000000000000000e+03 1.551448178022753364e-06
2.530000000000000000e+03 1.551832189152946085e-06
2.531000000000000000e+03 1.549648457310265916e-06
2.532000000000000000e+03 1.549633651206544268e-06
2.533000000000000000e+03 1.548591758141375989e-06
2.534000000000000000e+03 1.551637928981035509e-06
2.535000000000000000e+03 1.549639938235552436e-06
2.536000000000000000e+03 1.550260868082328358e-06
2.537000000000000000e+03 1.550755269214202868e-06
2.538000000000000000e+03 1.549309309697120321e-06
2.539000000000000000e+03 1.549399424782287620e-06
2.540000000000000000e+03 1.549555604810554469e-06
2.541000000000000000e+03 1.549295986610288913e-06
2.542000000000000000e+03 1.551369346500174502e-06
2.543000000000000000e+03 1.549828188128057134e-06
2.544000000000000000e+03 1.548739518363808362e-06
2.545000000000000000e+03 1.549484233494645885e-06
2.546000000000000000e+03 1.550362811204845072e-06
2.547000000000000000e+03 1.549527893752552787e-06
2.548000000000000000e+03 1.549774790495557048e-06
2.549000000000000000e+03 1.549158794011256594e-06
2.550000000000000000e+03 1.548189610887790541e-06
2.551000000000000000e+03 1.549959445651380131e-06
2.552000000000000000e+03 1.548886649883340024e-06
2.553000000000000000e+03 1.549166539991972341e-06
2.554000000000000000e+03 1.550078390825549390e-06
2.555000000000000000e+03 1.550197056241968844e-06
2.556000000000000000e+03 1.549175925413267104e-06
2.557000000000000000e+03 1.548604085531268572e-06
2.558000000000000000e+03 1.548249033840435775e-06
2.559000000000000000e+03 1.548508486592569375e-06
2.560000000000000000e+03 1.549409586305727631e-06
2.561000000000000000e+03 1.549345906823873596e-06
2.562000000000000000e+03 1.549439345912415675e-06
2.563000000000000000e+03 1.549073179115274121e-06
2.564000000000000000e+03 1.548107572679602688e-06
2.565000000000000000e+03 1.549360508373541571e-06
2.566000000000000000e+03 1.550182487781927345e-06
2.567000000000000000e+03 1.550520095223373140e-06
2.568000000000000000e+03 1.549222115523516542e-06
2.569000000000000000e+03 1.551302475373450956e-06
2.570000000000000000e+03 1.548473086708661082e-06
2.571000000000000000e+03 1.547974567422378492e-06
2.572000000000000000e+03 1.549882810076732167e-06
2.573000000000000000e+03 1.549049941173126456e-06
2.574000000000000000e+03 1.550262958745084587e-06
2.575000000000000000e+03 1.548140523931160877e-06
2.576000000000000000e+03 1.547929039104656452e-06
2.577000000000000000e+03 1.547906020757301940e-06
2.578000000000000000e+03 1.548483994252768014e-06
2.579000000000000000e+03 1.548337262816900306e-06
2.580000000000000000e+03 1.549379234093912867e-06
2.581000000000000000e+03 1.548673597811805411e-06
2.582000000000000000e+03 1.549029431621079545e-06
2.583000000000000000e+03 1.548185426554129933e-06
2.584000000000000000e+03 1.547816711855758637e-06
2.585000000000000000e+03 1.548560518525945221e-06
2.586000000000000000e+03 1.547603897427904173e-06
2.587000000000000000e+03 1.548867713592619389e-06
2.588000000000000000e+03 1.547448325045503101e-06
2.589000000000000000e+03 1.548680378177061295e-06
2.590000000000000000e+03 1.548535385450651395e-06
2.591000000000000000e+03 1.548895803677250303e-06
2.592000000000000000e+03 1.548396622598440738e-06
2.593000000000000000e+03 1.550250697534444744e-06
2.594000000000000000e+03 1.547409267253807968e-06
2.595000000000000000e+03 1.547627255695965776e-06
2.596000000000000000e+03 1.547434195775047697e-06
2.597000000000000000e+03 1.547213289429474518e-06
2.598000000000000000e+03 1.550132528462420733e-06
2.599000000000000000e+03 1.547443355585253430e-06
2.600000000000000000e+03 1.548593180995309578e-06
2.601000000000000000e+03 1.548237903693387750e-06
2.602000000000000000e+03 1.549921723477330701e-06
2.603000000000000000e+03 1.548557284767005419e-06
2.604000000000000000e+03 1.548668908109306180e-06
2.605000000000000000e+03 1.548551328634260950e-06
2.606000000000000000e+03 1.546948055017171585e-06
2.607000000000000000e+03 1.547271909206643482e-06
2.608000000000000000e+03 1.547600901312644732e-06
2.609000000000000000e+03 1.548127817514638851e-06
2.610000000000000000e+03 1.546976779820999087e-06
2.611000000000000000e+03 1.548252363860106642e-06
2.612000000000000000e+03 1.548170196301561247e-06
2.613000000000000000e+03 1.548478290804442751e-06
2.614000000000000000e+03 1.548734208982851812e-06
2.615000000000000000e+03 1.548032699879595828e-06
2.616000000000000000e+03 1.547486257789901869e-06
2.617000000000000000e+03 1.548144777452221952e-06
2.618000000000000000e+03 1.546580483414983650e-06
2.619000000000000000e+03 1.548790262809904037e-06
2.620000000000000000e+03 1.547706030063735502e-06
2.621000000000000000e+03 1.547145970088721063e-06
2.622000000000000000e+03 1.546631023307025440e-06
2.623000000000000000e+03 1.547400588747258410e-06
2.624000000000000000e+03 1.548100073367010905e-06
2.625000000000000000e+03 1.547389891773500815e-06
2.626000000000000000e+03 1.547102048121951139e-06
2.627000000000000000e+03 1.548084788967780598e-06
2.628000000000000000e+03 1.547546718553555794e-06
2.629000000000000000e+03 1.547820538219824947e-06
2.630000000000000000e+03 1.549682527592824382e-06
2.631000000000000000e+03 1.548067886185006844e-06
2.632000000000000000e+03 1.549005062615340061e-06
2.633000000000000000e+03 1.547543920976054360e-06
2.634000000000000000e+03 1.546794446955316928e-06
2.635000000000000000e+03 1.550392080483433549e-06
2.636000000000000000e+03 1.549093643545103225e-06
2.637000000000000000e+03 1.547834089925892899e-06
2.638000000000000000e+03 1.546522381039244852e-06
2.639000000000000000e+03 1.550051004647515530e-06
2.640000000000000000e+03 1.546623012609298522e-06
2.641000000000000000e+03 1.547762532104817637e-06
2.642000000000000000e+03 1.546389947330112230e-06
2.643000000000000000e+03 1.546187077839052562e-06
2.644000000000000000e+03 1.548276007902213927e-06
2.645000000000000000e+03 1.546266856928204292e-06
2.646000000000000000e+03 1.547795672869690019e-06
2.647000000000000000e+03 1.546562994043379053e-06
2.648000000000000000e+03 1.547302604347313487e-06
2.649000000000000000e+03 1.546633032749789661e-06
2.650000000000000000e+03 1.546267380345930546e-06
2.651000000000000000e+03 1.546028458202878578e-06
2.652000000000000000e+03 1.546126999110176019e-06
2.653000000000000000e+03 1.546781490862523422e-06
2.654000000000000000e+03 1.546407836785381204e-06
2.655000000000000000e+03 1.545993708078905717e-06
2.656000000000000000e+03 1.548988981056929572e-06
2.657000000000000000e+03 1.545968914924319407e-06
2.658000000000000000e+03 1.546424763633337830e-06
2.659000000000000000e+03 1.546233980880342658e-06
2.660000000000000000e+03 1.546056166252732745e-06
2.661000000000000000e+03 1.546202957851557104e-06
2.662000000000000000e+03 1.545489422173193699e-06
2.663000000000000000e+03 1.546114927412850580e-06
2.664000000000000000e+03 1.547845205032201655e-06
2.665000000000000000e+03 1.546932162972075713e-06
2.666000000000000000e+03 1.544986871968791126e-06
2.667000000000000000e+03 1.547098098423822953e-06
2.668000000000000000e+03 1.545847758761479558e-06
2.669000000000000000e+03 1.546860893933194071e-06
2.670000000000000000e+03 1.545325029901293985e-06
2.671000000000000000e+03 1.546655464508313330e-06
2.672000000000000000e+03 1.545135002193409338e-06
2.673000000000000000e+03 1.545200116561788292e-06
2.674000000000000000e+03 1.546515170508846476e-06
2.675000000000000000e+03 1.547312759854457832e-06
2.676000000000000000e+03 1.545118773235754102e-06
2.677000000000000000e+03 1.548281909888297409e-06
2.678000000000000000e+03 1.545442094983056565e-06
2.679000000000000000e+03 1.545233528059967511e-06
2.680000000000000000e+03 1.547645027833468540e-06
2.681000000000000000e+03 1.545197875491639377e-06
2.682000000000000000e+03 1.545582867278031654e-06
2.683000000000000000e+03 1.546189574601768833e-06
2.684000000000000000e+03 1.545194127339417348e-06
2.685000000000000000e+03 1.545336232243890414e-06
2.686000000000000000e+03 1.545668560385857985e-06
2.687000000000000000e+03 1.545776968018106151e-06
2.688000000000000000e+03 1.546615621590029134e-06
2.689000000000000000e+03 1.547253027062583833e-06
2.690000000000000000e+03 1.546876109145023276e-06
2.691000000000000000e+03 1.545092563243529867e-06
2.692000000000000000e+03 1.545244459669257315e-06
2.693000000000000000e+03 1.546770499090276543e-06
2.694000000000000000e+03 1.545294737852436084e-06
2.695000000000000000e+03 1.545638087848129283e-06
2.696000000000000000e+03 1.545479035038664658e-06
2.697000000000000000e+03 1.544420046669260071e-06
2.698000000000000000e+03 1.545226473953257276e-06
2.699000000000000000e+03 1.544994714210238150e-06
2.700000000000000000e+03 1.545710746651318039e-06
2.701000000000000000e+03 1.545217425444521877e-06
2.702000000000000000e+03 1.545774251660596726e-06
2.703000000000000000e+03 1.548657065031217286e-06
2.704000000000000000e+03 1.545930585104404200e-06
2.705000000000000000e+03 1.546135467046376027e-06
2.706000000000000000e+03 1.545971535021097554e-06
2.707000000000000000e+03 1.545137119929496378e-06
2.708000000000000000e+03 1.544729506871265816e-06
2.709000000000000000e+03 1.545915842171787354e-06
2.710000000000000000e+03 1.545267517122533969e-06
2.711000000000000000e+03 1.546041534621586233e-06
2.712000000000000000e+03 1.544374407050067485e-06
2.713000000000000000e+03 1.546092676143197923e-06
2.714000000000000000e+03 1.545919442924764634e-06
2.715000000000000000e+03 1.545771153268310343e-06
2.716000000000000000e+03 1.544811439794278788e-06
2.717000000000000000e+03 1.544475574070438528e-06
2.718000000000000000e+03 1.544517769360341973e-06
2.719000000000000000e+03 1.544498802988142590e-06
2.720000000000000000e+03 1.544883903067857262e-06
2.721000000000000000e+03 1.547238290146262864e-06
2.722000000000000000e+03 1.545071770925585002e-06
2.723000000000000000e+03 1.545295968184907119e-06
2.724000000000000000e+03 1.544317435737920506e-06
2.725000000000000000e+03 1.544996284463416276e-06
2.726000000000000000e+03 1.547445984706474970e-06
2.727000000000000000e+03 1.544590464261305143e-06
2.728000000000000000e+03 1.544279906085333631e-06
2.729000000000000000e+03 1.544295719918585645e-06
2.730000000000000000e+03 1.544656402862195301e-06
2.731000000000000000e+03 1.544518981643926012e-06
2.732000000000000000e+03 1.544615293513665868e-06
2.733000000000000000e+03 1.544143685118057052e-06
2.734000000000000000e+03 1.544341269293342830e-06
2.735000000000000000e+03 1.545732324095851967e-06
2.736000000000000000e+03 1.544402238433983317e-06
2.737000000000000000e+03 1.544015041675216538e-06
2.738000000000000000e+03 1.544843244941505678e-06
2.739000000000000000e+03 1.544302238574978296e-06
2.740000000000000000e+03 1.543988151841577909e-06
2.741000000000000000e+03 1.544011122058566889e-06
2.742000000000000000e+03 1.544921225158242526e-06
2.743000000000000000e+03 1.544689931678140518e-06
2.744000000000000000e+03 1.545495110580779481e-06
2.745000000000000000e+03 1.546190356720209958e-06
2.746000000000000000e+03 1.544414057446889127e-06
2.747000000000000000e+03 1.544444502911287441e-06
2.748000000000000000e+03 1.544078835466688845e-06
2.749000000000000000e+03 1.544350110239876406e-06
2.750000000000000000e+03 1.543818233602076219e-06
2.751000000000000000e+03 1.543507377619467696e-06
2.752000000000000000e+03 1.545007601115631189e-06
2.753000000000000000e+03 1.545486928418625154e-06
2.754000000000000000e+03 1.543567952692739682e-06
2.755000000000000000e+03 1.543219594130874882e-06
2.756000000000000000e+03 1.544021668624931797e-06
2.757000000000000000e+03 1.544212710078642051e-06
2.758000000000000000e+03 1.543425237134253112e-06
2.759000000000000000e+03 1.543609955461180785e-06
2.760000000000000000e+03 1.543792772638666845e-06
2.761000000000000000e+03 1.544380020253957136e-06
2.762000000000000000e+03 1.544255822853640040e-06
2.763000000000000000e+03 1.543816458794844209e-06
2.764000000000000000e+03 1.543737497921908017e-06
2.765000000000000000e+03 1.543379654669869451e-06
2.766000000000000000e+03 1.543556449535358091e-06
2.767000000000000000e+03 1.543685908186266205e-06
2.768000000000000000e+03 1.543223342283097123e-06
2.769000000000000000e+03 1.543776841487648831e-06
2.770000000000000000e+03 1.543503581336879923e-06
2.771000000000000000e+03 1.544698823763187565e-06
2.772000000000000000e+03 1.543401887890634900e-06
2.773000000000000000e+03 1.544292711770734873e-06
2.774000000000000000e+03 1.543584052300037165e-06
2.775000000000000000e+03 1.543281282218851692e-06
2.776000000000000000e+03 1.543856780008636852e-06
2.777000000000000000e+03 1.543361647896834477e-06
2.778000000000000000e+03 1.542991257660110175e-06
2.779000000000000000e+03 1.543097099342241391e-06
2.780000000000000000e+03 1.543748811565974780e-06
2.781000000000000000e+03 1.543636637732617590e-06
2.782000000000000000e+03 1.543076541659828948e-06
2.783000000000000000e+03 1.543266424976616573e-06
2.784000000000000000e+03 1.546378738971220136e-06
2.785000000000000000e+03 1.544367530424080324e-06
2.786000000000000000e+03 1.542855752632021980e-06
2.787000000000000000e+03 1.543079597938045253e-06
2.788000000000000000e+03 1.543638487743545944e-06
2.789000000000000000e+03 1.543323269946553738e-06
2.790000000000000000e+03 1.543834567844906125e-06
2.791000000000000000e+03 1.544056454846678859e-06
2.792000000000000000e+03 1.543963039823319230e-06
2.793000000000000000e+03 1.542839902700995976e-06
2.794000000000000000e+03 1.543343665188982164e-06
2.795000000000000000e+03 1.543664186350635467e-06
2.796000000000000000e+03 1.543448189302354884e-06
2.797000000000000000e+03 1.542632590175560617e-06
2.798000000000000000e+03 1.546447044984468812e-06
2.799000000000000000e+03 1.542984293797835552e-06
2.800000000000000000e+03 1.544239010315301686e-06
2.801000000000000000e+03 1.542197897770377022e-06
2.802000000000000000e+03 1.543866514375082098e-06
2.803000000000000000e+03 1.543872467499678840e-06
2.804000000000000000e+03 1.543440533566074537e-06
2.805000000000000000e+03 1.542796534233430632e-06
2.806000000000000000e+03 1.542670583082916459e-06
2.807000000000000000e+03 1.543167348619001760e-06
2.808000000000000000e+03 1.542648689782858312e-06
2.809000000000000000e+03 1.542821817716116720e-06
2.810000000000000000e+03 1.542246244722635640e-06
2.811000000000000000e+03 1.543306586758572926e-06
2.812000000000000000e+03 1.543841970896767054e-06
2.813000000000000000e+03 1.543328705669720103e-06
2.814000000000000000e+03 1.543198750674416546e-06
2.815000000000000000e+03 1.544565812489667703e-06
2.816000000000000000e+03 1.542658294798945805e-06
2.817000000000000000e+03 1.543083231780649008e-06
2.818000000000000000e+03 1.542703784010746127e-06
2.819000000000000000e+03 1.542287597731140887e-06
2.820000000000000000e+03 1.542917503891103591e-06
2.821000000000000000e+03 1.544123392152655145e-06
2.822000000000000000e+03 1.542430860772536371e-06
2.823000000000000000e+03 1.542858174191041697e-06
2.824000000000000000e+03 1.543448023854223141e-06
2.825000000000000000e+03 1.543859785148339685e-06
2.826000000000000000e+03 1.543705184397694354e-06
2.827000000000000000e+03 1.543205052744163983e-06
2.828000000000000000e+03 1.544185435202078526e-06
2.829000000000000000e+03 1.542549496107477076e-06
2.830000000000000000e+03 1.541786049239972803e-06
2.831000000000000000e+03 1.542198448261433874e-06
2.832000000000000000e+03 1.542627109330176446e-06
2.833000000000000000e+03 1.543559198982493992e-06
2.834000000000000000e+03 1.542385970182158434e-06
2.835000000000000000e+03 1.543617569083391264e-06
2.836000000000000000e+03 1.541825865084926189e-06
2.837000000000000000e+03 1.542700863099182817e-06
2.838000000000000000e+03 1.541702401672684895e-06
2.839000000000000000e+03 1.542494206349978980e-06
2.840000000000000000e+03 1.541804790001083369e-06
2.841000000000000000e+03 1.542141916138873201e-06
2.842000000000000000e+03 1.541801778845084659e-06
2.843000000000000000e+03 1.542712739266897975e-06
2.844000000000000000e+03 1.541989583531707385e-06
2.845000000000000000e+03 1.541611179589108437e-06
2.846000000000000000e+03 1.543583444654171388e-06
2.847000000000000000e+03 1.542653159890564602e-06
2.848000000000000000e+03 1.542010327719286717e-06
2.849000000000000000e+03 1.541877954173111382e-06
2.850000000000000000e+03 1.542372030425017858e-06
2.851000000000000000e+03 1.541992332978843074e-06
2.852000000000000000e+03 1.542525840032778249e-06
2.853000000000000000e+03 1.542551493517650178e-06
2.854000000000000000e+03 1.542125870678236916e-06
2.855000000000000000e+03 1.541920970687377881e-06
2.856000000000000000e+03 1.542125822547871383e-06
2.857000000000000000e+03 1.542182502069676592e-06
2.858000000000000000e+03 1.544163379462036362e-06
2.859000000000000000e+03 1.542672908381205110e-06
2.860000000000000000e+03 1.542389378413673583e-06
2.861000000000000000e+03 1.541455189074156205e-06
2.862000000000000000e+03 1.542658634719653108e-06
2.863000000000000000e+03 1.542027074078372331e-06
2.864000000000000000e+03 1.542171618590752320e-06
2.865000000000000000e+03 1.541495218497607078e-06
2.866000000000000000e+03 1.541523696633310827e-06
2.867000000000000000e+03 1.542439220415413984e-06
2.868000000000000000e+03 1.543641691421006997e-06
2.869000000000000000e+03 1.542911307106530824e-06
2.870000000000000000e+03 1.542398595378688240e-06
2.871000000000000000e+03 1.541806372286853036e-06
2.872000000000000000e+03 1.541782809464737337e-06
2.873000000000000000e+03 1.543086748305486765e-06
2.874000000000000000e+03 1.542290888644889613e-06
2.875000000000000000e+03 1.541513126001763047e-06
2.876000000000000000e+03 1.541173668549388898e-06
2.877000000000000000e+03 1.541571426915260065e-06
2.878000000000000000e+03 1.544285949454365985e-06
2.879000000000000000e+03 1.541027686142336263e-06
2.880000000000000000e+03 1.541377205849271418e-06
2.881000000000000000e+03 1.541673800202919270e-06
2.882000000000000000e+03 1.541460212681067074e-06
2.883000000000000000e+03 1.541264129571558743e-06
2.884000000000000000e+03 1.543641228166237818e-06
2.885000000000000000e+03 1.543174014674639160e-06
2.886000000000000000e+03 1.542524934580275249e-06
2.887000000000000000e+03 1.541747869827450072e-06
2.888000000000000000e+03 1.541467408170726180e-06
2.889000000000000000e+03 1.541762814305973076e-06
2.890000000000000000e+03 1.541513817875768983e-06
2.891000000000000000e+03 1.543084317722023233e-06
2.892000000000000000e+03 1.542232825375072956e-06
2.893000000000000000e+03 1.540971280361985405e-06
2.894000000000000000e+03 1.541442223956919095e-06
2.895000000000000000e+03 1.541179555494732900e-06
2.896000000000000000e+03 1.545647229609448021e-06
2.897000000000000000e+03 1.541695904073326966e-06
2.898000000000000000e+03 1.540841235122246447e-06
2.899000000000000000e+03 1.541134803279156108e-06
2.900000000000000000e+03 1.540804367262186547e-06
2.901000000000000000e+03 1.541538947942914447e-06
2.902000000000000000e+03 1.541804374876679934e-06
2.903000000000000000e+03 1.541629679698391127e-06
2.904000000000000000e+03 1.543289933652070652e-06
2.905000000000000000e+03 1.541009805711510892e-06
2.906000000000000000e+03 1.541683191640509486e-06
2.907000000000000000e+03 1.545283261768385092e-06
2.908000000000000000e+03 1.540772432764602328e-06
2.909000000000000000e+03 1.541093651816557020e-06
2.910000000000000000e+03 1.541683594732321590e-06
2.911000000000000000e+03 1.540513843350901649e-06
2.912000000000000000e+03 1.541847156755414435e-06
2.913000000000000000e+03 1.540982233028310355e-06
2.914000000000000000e+03 1.540895706663529005e-06
2.915000000000000000e+03 1.541292839334647187e-06
2.916000000000000000e+03 1.540953616517805461e-06
2.917000000000000000e+03 1.541395447257838814e-06
2.918000000000000000e+03 1.541569603977662522e-06
2.919000000000000000e+03 1.540313900787700955e-06
2.920000000000000000e+03 1.542396983011440247e-06
2.921000000000000000e+03 1.540493129244800854e-06
2.922000000000000000e+03 1.541513577223940684e-06
2.923000000000000000e+03 1.540990752103023835e-06
2.924000000000000000e+03 1.540472538472762146e-06
2.925000000000000000e+03 1.540702634710019596e-06
2.926000000000000000e+03 1.539835193163164310e-06
2.927000000000000000e+03 1.540584194904689172e-06
2.928000000000000000e+03 1.540760583670217769e-06
2.929000000000000000e+03 1.540638798804477209e-06
2.930000000000000000e+03 1.540723069058370163e-06
2.931000000000000000e+03 1.540517681747559501e-06
2.932000000000000000e+03 1.540651424001007015e-06
2.933000000000000000e+03 1.540276828373587382e-06
2.934000000000000000e+03 1.541117362037917044e-06
2.935000000000000000e+03 1.541357264837168356e-06
2.936000000000000000e+03 1.541275539476356995e-06
2.937000000000000000e+03 1.541122551092959869e-06
2.938000000000000000e+03 1.540123858039077251e-06
2.939000000000000000e+03 1.540700971204258131e-06
2.940000000000000000e+03 1.540942068238205852e-06
2.941000000000000000e+03 1.542217474796590121e-06
2.942000000000000000e+03 1.542304813361291133e-06
2.943000000000000000e+03 1.540304807156747962e-06
2.944000000000000000e+03 1.541186766025131487e-06
2.945000000000000000e+03 1.540391706531862667e-06
2.946000000000000000e+03 1.541556804308557157e-06
2.947000000000000000e+03 1.540906433718765137e-06
2.948000000000000000e+03 1.541239032594039332e-06
2.949000000000000000e+03 1.541016598109357894e-06
2.950000000000000000e+03 1.540013212344828107e-06
2.951000000000000000e+03 1.541223119491908525e-06
2.952000000000000000e+03 1.541018231533641033e-06
2.953000000000000000e+03 1.540631834942202374e-06
2.954000000000000000e+03 1.540978048694649746e-06
2.955000000000000000e+03 1.539902542585396303e-06
2.956000000000000000e+03 1.540812720888768495e-06
2.957000000000000000e+03 1.540371506819044099e-06
2.958000000000000000e+03 1.541285914578294705e-06
2.959000000000000000e+03 1.541861457490297248e-06
2.960000000000000000e+03 1.540852642018896549e-06
2.961000000000000000e+03 1.540435062966836469e-06
2.962000000000000000e+03 1.539981870452370396e-06
2.963000000000000000e+03 1.539955522085345229e-06
2.964000000000000000e+03 1.540573368580573824e-06
2.965000000000000000e+03 1.541444819988514371e-06
2.966000000000000000e+03 1.540210619039390600e-06
2.967000000000000000e+03 1.540787094477227165e-06
2.968000000000000000e+03 1.540036146464042885e-06
2.969000000000000000e+03 1.540510874308973018e-06
2.970000000000000000e+03 1.539931129014422872e-06
2.971000000000000000e+03 1.540257040777024733e-06
2.972000000000000000e+03 1.539952246212335559e-06
2.973000000000000000e+03 1.540244911924889946e-06
2.974000000000000000e+03 1.539987949919176953e-06
2.975000000000000000e+03 1.539721716801787468e-06
2.976000000000000000e+03 1.540015011217242990e-06
2.977000000000000000e+03 1.540906132903980186e-06
2.978000000000000000e+03 1.540183765303526386e-06
2.979000000000000000e+03 1.540137006653333311e-06
2.980000000000000000e+03 1.540069500807412755e-06
2.981000000000000000e+03 1.540637760993468729e-06
2.982000000000000000e+03 1.540103044664097453e-06
2.983000000000000000e+03 1.540625896858345113e-06
2.984000000000000000e+03 1.539936396281309555e-06
2.985000000000000000e+03 1.539826965878792177e-06
2.986000000000000000e+03 1.540950755769199226e-06
2.987000000000000000e+03 1.540159922723660881e-06
2.988000000000000000e+03 1.540235851383563641e-06
2.989000000000000000e+03 1.540243230370241487e-06
2.990000000000000000e+03 1.540616863390348983e-06
2.991000000000000000e+03 1.540465956645264482e-06
2.992000000000000000e+03 1.540323198972707833e-06
2.993000000000000000e+03 1.540733080174417910e-06
2.994000000000000000e+03 1.539644639029405683e-06
2.995000000000000000e+03 1.539525080193074770e-06
2.996000000000000000e+03 1.539712611138243145e-06
2.997000000000000000e+03 1.540452955430253170e-06
2.998000000000000000e+03 1.539651097522841471e-06
2.999000000000000000e+03 1.539751259821830509e-06
