0.000000000000000000e+00 1.442027111156566656e-02
1.000000000000000000e+00 3.204141342120654374e-04
2.000000000000000000e+00 1.136054238735243545e-04
3.000000000000000000e+00 1.055209272978067979e-04
4.000000000000000000e+00 1.049397987912083284e-04
5.000000000000000000e+00 1.050679363949642153e-04
6.000000000000000000e+00 1.045186097810540379e-04
7.000000000000000000e+00 1.049769026191128813e-04
8.000000000000000000e+00 1.041196502250423851e-04
9.000000000000000000e+00 1.038404244789137922e-04
1.000000000000000000e+01 1.036600309950884338e-04
1.100000000000000000e+01 1.033603766186290645e-04
1.200000000000000000e+01 1.033793094223973595e-04
1.300000000000000000e+01 1.028157144221080718e-04
1.400000000000000000e+01 1.017593283657780898e-04
1.500000000000000000e+01 1.021121788275616057e-04
1.600000000000000000e+01 1.007053935455028999e-04
1.700000000000000000e+01 1.003850927260577979e-04
1.800000000000000000e+01 9.842518752883342500e-05
1.900000000000000000e+01 9.822967920980699304e-05
2.000000000000000000e+01 9.752942661135257502e-05
2.100000000000000000e+01 9.407822100269806493e-05
2.200000000000000000e+01 9.236943964194217803e-05
2.300000000000000000e+01 9.228282000614770907e-05
2.400000000000000000e+01 8.773894381842125049e-05
2.500000000000000000e+01 8.366281382419205016e-05
2.600000000000000000e+01 8.012628339869185467e-05
2.700000000000000000e+01 7.425848866604792676e-05
2.800000000000000000e+01 6.866040525888129984e-05
2.900000000000000000e+01 6.330981473061287636e-05
3.000000000000000000e+01 5.055860204286208249e-05
3.100000000000000000e+01 3.926077317169023912e-05
3.200000000000000000e+01 2.769230385260742762e-05
3.300000000000000000e+01 1.735925006972058787e-05
3.400000000000000000e+01 1.129364084476797184e-05
3.500000000000000000e+01 7.344565679645315933e-06
3.600000000000000000e+01 5.343125891100689915e-06
3.700000000000000000e+01 6.020037566484930668e-06
3.800000000000000000e+01 6.140720574451225267e-06
3.900000000000000000e+01 5.009782921789873542e-06
4.000000000000000000e+01 4.994736367502388059e-06
4.100000000000000000e+01 4.793873050014418438e-06
4.200000000000000000e+01 5.087478532472388204e-06
4.300000000000000000e+01 4.763073866816221319e-06
4.400000000000000000e+01 5.470241784586795315e-06
4.500000000000000000e+01 5.682644182186844449e-06
4.600000000000000000e+01 5.733964596434210659e-06
4.700000000000000000e+01 5.269664694683882292e-06
4.800000000000000000e+01 4.634331560749613956e-06
4.900000000000000000e+01 4.733650507309871147e-06
5.000000000000000000e+01 4.557078045179763092e-06
5.100000000000000000e+01 4.750450693922216707e-06
5.200000000000000000e+01 5.026921517684009719e-06
5.300000000000000000e+01 4.378426767398869175e-06
5.400000000000000000e+01 4.424369380111303345e-06
5.500000000000000000e+01 5.098589910256231504e-06
5.600000000000000000e+01 4.770612934088121307e-06
5.700000000000000000e+01 4.331288415306110450e-06
5.800000000000000000e+01 4.409994916299987627e-06
5.900000000000000000e+01 4.169982860395916719e-06
6.000000000000000000e+01 4.704540791607620643e-06
6.100000000000000000e+01 4.579745053099624011e-06
6.200000000000000000e+01 4.560773783837166602e-06
6.300000000000000000e+01 4.280373448167928471e-06
6.400000000000000000e+01 4.217928289101992413e-06
6.500000000000000000e+01 4.328000810693427840e-06
6.600000000000000000e+01 4.475779447597173553e-06
6.700000000000000000e+01 4.218997045418517227e-06
6.800000000000000000e+01 4.740061568164871653e-06
6.900000000000000000e+01 4.117273859748470173e-06
7.000000000000000000e+01 4.375227415350438789e-06
7.100000000000000000e+01 3.903300080509171666e-06
7.200000000000000000e+01 3.873675363721319238e-06
7.300000000000000000e+01 3.871221051813491832e-06
7.400000000000000000e+01 4.021146972440693514e-06
7.500000000000000000e+01 4.267780098635634324e-06
7.600000000000000000e+01 4.200505970984166850e-06
7.700000000000000000e+01 4.255584387874443542e-06
7.800000000000000000e+01 4.897749175584207840e-06
7.900000000000000000e+01 3.987561947699954863e-06
8.000000000000000000e+01 3.611595984656369336e-06
8.100000000000000000e+01 3.865588084266963045e-06
8.200000000000000000e+01 3.875236990137298433e-06
8.300000000000000000e+01 3.667173793246407313e-06
8.400000000000000000e+01 3.657560734435920006e-06
8.500000000000000000e+01 3.559733404772543632e-06
8.600000000000000000e+01 3.821180314949228633e-06
8.700000000000000000e+01 3.796265214176222871e-06
8.800000000000000000e+01 4.777607972676700041e-06
8.900000000000000000e+01 3.293639333994911731e-06
9.000000000000000000e+01 3.629789915818736021e-06
9.100000000000000000e+01 4.368132107424194364e-06
9.200000000000000000e+01 4.363672470227649969e-06
9.300000000000000000e+01 4.099682221496913246e-06
9.400000000000000000e+01 3.258227695365195903e-06
9.500000000000000000e+01 3.158210781244867626e-06
9.600000000000000000e+01 3.342795802181920033e-06
9.700000000000000000e+01 3.752619222057976790e-06
9.800000000000000000e+01 3.861200252465099061e-06
9.900000000000000000e+01 3.647564406002823877e-06
1.000000000000000000e+02 3.856384885256771425e-06
1.010000000000000000e+02 5.526504295334599571e-06
1.020000000000000000e+02 3.881720616299294716e-06
1.030000000000000000e+02 3.272063149524700939e-06
1.040000000000000000e+02 3.100355806256284624e-06
1.050000000000000000e+02 3.209087935436972305e-06
1.060000000000000000e+02 3.683755268087585046e-06
1.070000000000000000e+02 3.114676537337055082e-06
1.080000000000000000e+02 2.996334172542923857e-06
1.090000000000000000e+02 3.480958879858172086e-06
1.100000000000000000e+02 4.077319912019333669e-06
1.110000000000000000e+02 3.603158538195120203e-06
1.120000000000000000e+02 3.606517562745804967e-06
1.130000000000000000e+02 2.962936359125116410e-06
1.140000000000000000e+02 5.159932281156685033e-06
1.150000000000000000e+02 3.894676687485657336e-06
1.160000000000000000e+02 3.001042933511146621e-06
1.170000000000000000e+02 3.274398213776329117e-06
1.180000000000000000e+02 3.887233088152196137e-06
1.190000000000000000e+02 2.737358460693402261e-06
1.200000000000000000e+02 2.829399878113028234e-06
1.210000000000000000e+02 2.775445455345673687e-06
1.220000000000000000e+02 3.577656093085872555e-06
1.230000000000000000e+02 3.218076233032859182e-06
1.240000000000000000e+02 2.885407097731858653e-06
1.250000000000000000e+02 4.543361753591189240e-06
1.260000000000000000e+02 3.874396147706479070e-06
1.270000000000000000e+02 2.823010601344147509e-06
1.280000000000000000e+02 3.592397207274892513e-06
1.290000000000000000e+02 5.156241566292426349e-06
1.300000000000000000e+02 9.870095459066019757e-06
1.310000000000000000e+02 3.310074856827435708e-06
1.320000000000000000e+02 2.961059974661433819e-06
1.330000000000000000e+02 2.646060451487210559e-06
1.340000000000000000e+02 2.644923892288805339e-06
1.350000000000000000e+02 3.187794163144673121e-06
1.360000000000000000e+02 3.410157520357240845e-06
1.370000000000000000e+02 2.566848628504171730e-06
1.380000000000000000e+02 2.534000003404472966e-06
1.390000000000000000e+02 3.363953045393191560e-06
1.400000000000000000e+02 2.982667689228573794e-06
1.410000000000000000e+02 3.614286150326124424e-06
1.420000000000000000e+02 2.815636424220834807e-06
1.430000000000000000e+02 2.477878560790396269e-06
1.440000000000000000e+02 5.443798581635201988e-06
1.450000000000000000e+02 2.460188224814104355e-06
1.460000000000000000e+02 3.295341376496062921e-06
1.470000000000000000e+02 4.485001662788477282e-06
1.480000000000000000e+02 3.106950365376168508e-06
1.490000000000000000e+02 3.026892978644187956e-06
1.500000000000000000e+02 3.470314989735122209e-06
1.510000000000000000e+02 2.510807315540291529e-06
1.520000000000000000e+02 2.733356774018257011e-06
1.530000000000000000e+02 3.210131584098499967e-06
1.540000000000000000e+02 7.409259670091260145e-06
1.550000000000000000e+02 3.858332876106999118e-06
1.560000000000000000e+02 3.173597543886098607e-06
1.570000000000000000e+02 9.594624884015149672e-06
1.580000000000000000e+02 6.617473394587003579e-06
1.590000000000000000e+02 2.562201662694340119e-06
1.600000000000000000e+02 2.803544634193029754e-06
1.610000000000000000e+02 2.520302216607203007e-06
1.620000000000000000e+02 2.430241166541540857e-06
1.630000000000000000e+02 2.674869612340371182e-06
1.640000000000000000e+02 3.014982807128976788e-06
1.650000000000000000e+02 2.625138779601872209e-06
1.660000000000000000e+02 3.776126136246026316e-06
1.670000000000000000e+02 2.698746581493542786e-06
1.680000000000000000e+02 3.470323076848423673e-06
1.690000000000000000e+02 2.826971876693002802e-06
1.700000000000000000e+02 2.694079854008905434e-06
1.710000000000000000e+02 3.469630455154444424e-06
1.720000000000000000e+02 5.848478372321376047e-06
1.730000000000000000e+02 4.244748312747543965e-06
1.740000000000000000e+02 2.443687434745611706e-06
1.750000000000000000e+02 2.395641365328484464e-06
1.760000000000000000e+02 2.357934057073993931e-06
1.770000000000000000e+02 2.453985371957021562e-06
1.780000000000000000e+02 4.093624169055071515e-06
1.790000000000000000e+02 6.848902791104315751e-06
1.800000000000000000e+02 2.965417657335300968e-06
1.810000000000000000e+02 2.999210772360375377e-06
1.820000000000000000e+02 4.800171474812630574e-06
1.830000000000000000e+02 2.987313307340062406e-06
1.840000000000000000e+02 3.375506659425736791e-06
1.850000000000000000e+02 2.501190902813669281e-06
1.860000000000000000e+02 6.376210438778263188e-06
1.870000000000000000e+02 6.297479634233465868e-06
1.880000000000000000e+02 2.770714304266892678e-06
1.890000000000000000e+02 2.684597173157290955e-06
1.900000000000000000e+02 2.516766322751736025e-06
1.910000000000000000e+02 2.754465930581690057e-06
1.920000000000000000e+02 4.685638896797520629e-06
1.930000000000000000e+02 5.579949533229997120e-06
1.940000000000000000e+02 2.493309489745599405e-06
1.950000000000000000e+02 2.710510634830851190e-06
1.960000000000000000e+02 2.596281842405904981e-06
1.970000000000000000e+02 2.705459871001442063e-06
1.980000000000000000e+02 2.543254169990945058e-06
1.990000000000000000e+02 2.311405955756011753e-06
2.000000000000000000e+02 2.921907921643247586e-06
2.010000000000000000e+02 5.326403921033267728e-06
2.020000000000000000e+02 4.108384718486989908e-06
2.030000000000000000e+02 7.593201128633998504e-06
2.040000000000000000e+02 4.084145946711819395e-06
2.050000000000000000e+02 3.488797577256849987e-06
2.060000000000000000e+02 2.787849921032366344e-06
2.070000000000000000e+02 2.836159746710071040e-06
2.080000000000000000e+02 3.005276040674719509e-06
2.090000000000000000e+02 2.454529086460395669e-06
2.100000000000000000e+02 2.482584481527343326e-06
2.110000000000000000e+02 2.583226783525242544e-06
2.120000000000000000e+02 3.196140767657339873e-06
2.130000000000000000e+02 2.872091280241866151e-06
2.140000000000000000e+02 3.372144219122546898e-06
2.150000000000000000e+02 1.226844618263938722e-05
2.160000000000000000e+02 6.382197344839785060e-06
2.170000000000000000e+02 2.573612713360773007e-06
2.180000000000000000e+02 3.761798617718395842e-06
2.190000000000000000e+02 3.393650720054928573e-06
2.200000000000000000e+02 3.703793199603369532e-06
2.210000000000000000e+02 3.170956369701490053e-06
2.220000000000000000e+02 2.923129706907713954e-06
2.230000000000000000e+02 2.912499908346053773e-06
2.240000000000000000e+02 3.200597261081906415e-06
2.250000000000000000e+02 3.906503971474587372e-06
2.260000000000000000e+02 2.493541374038986684e-06
2.270000000000000000e+02 2.320551205129670356e-06
2.280000000000000000e+02 2.562130013218284124e-06
2.290000000000000000e+02 2.661294969696029104e-06
2.300000000000000000e+02 2.477579382310919288e-06
2.310000000000000000e+02 3.805029346267510722e-06
2.320000000000000000e+02 2.675575758613259264e-06
2.330000000000000000e+02 2.571265301207458349e-06
2.340000000000000000e+02 2.360429265866297072e-06
2.350000000000000000e+02 2.794853428103131512e-06
2.360000000000000000e+02 2.307275728408311769e-06
2.370000000000000000e+02 6.183266791296040634e-06
2.380000000000000000e+02 7.790320153012961641e-06
2.390000000000000000e+02 2.348080520105332861e-06
2.400000000000000000e+02 2.370407240713778785e-06
2.410000000000000000e+02 2.417891076178371579e-06
2.420000000000000000e+02 2.294001102040503794e-06
2.430000000000000000e+02 3.097174503042170927e-06
2.440000000000000000e+02 2.622578300041134616e-06
2.450000000000000000e+02 2.541935599731204401e-06
2.460000000000000000e+02 2.396602010011510693e-06
2.470000000000000000e+02 2.340061107937221942e-06
2.480000000000000000e+02 2.402714638333454679e-06
2.490000000000000000e+02 2.611484292594659150e-06
2.500000000000000000e+02 2.443245574742330466e-06
2.510000000000000000e+02 2.315187717528186556e-06
2.520000000000000000e+02 2.539112763177340953e-06
2.530000000000000000e+02 3.054227988866102842e-06
2.540000000000000000e+02 6.348090875731802883e-06
2.550000000000000000e+02 2.315320970812544447e-06
2.560000000000000000e+02 2.743771338670493805e-06
2.570000000000000000e+02 2.265074227310910987e-06
2.580000000000000000e+02 3.501112083278377511e-06
2.590000000000000000e+02 2.992036679309513959e-06
2.600000000000000000e+02 2.330315562847393644e-06
2.610000000000000000e+02 2.368084626193768699e-06
2.620000000000000000e+02 2.413869356424513109e-06
2.630000000000000000e+02 5.066290386852745922e-06
2.640000000000000000e+02 3.765264903834183066e-06
2.650000000000000000e+02 2.302070419712409241e-06
2.660000000000000000e+02 2.301594372369086595e-06
2.670000000000000000e+02 2.196114145911512050e-06
2.680000000000000000e+02 2.231337171123274610e-06
2.690000000000000000e+02 2.435941109856877786e-06
2.700000000000000000e+02 3.205263196269475852e-06
2.710000000000000000e+02 4.987092457741894271e-06
2.720000000000000000e+02 2.832068028559046848e-06
2.730000000000000000e+02 3.416436434444906855e-06
2.740000000000000000e+02 2.374054604160652006e-06
2.750000000000000000e+02 2.351263852972064324e-06
2.760000000000000000e+02 3.050722648528688174e-06
2.770000000000000000e+02 2.856943421130015726e-06
2.780000000000000000e+02 2.518547760216161257e-06
2.790000000000000000e+02 2.510860072832025186e-06
2.800000000000000000e+02 3.151037269997167814e-06
2.810000000000000000e+02 3.732503047356797369e-06
2.820000000000000000e+02 3.744553614059572870e-06
2.830000000000000000e+02 3.555549712635258623e-06
2.840000000000000000e+02 2.302348789506168487e-06
2.850000000000000000e+02 2.361171014137024135e-06
2.860000000000000000e+02 2.301138286050160921e-06
2.870000000000000000e+02 2.471418480447871506e-06
2.880000000000000000e+02 2.697657801339804784e-06
2.890000000000000000e+02 2.700311671807426842e-06
2.900000000000000000e+02 3.076641230920067266e-06
2.910000000000000000e+02 2.373135986036891333e-06
2.920000000000000000e+02 2.885676069459714503e-06
2.930000000000000000e+02 2.278462339413439902e-06
2.940000000000000000e+02 2.245818388291662195e-06
2.950000000000000000e+02 2.225857251590399098e-06
2.960000000000000000e+02 2.943708044825694743e-06
2.970000000000000000e+02 3.707950456497921296e-06
2.980000000000000000e+02 2.160483301065378864e-06
2.990000000000000000e+02 2.250216043977744459e-06
3.000000000000000000e+02 3.653897535757625576e-06
3.010000000000000000e+02 3.272268230464103060e-06
3.020000000000000000e+02 3.506687449293352841e-06
3.030000000000000000e+02 2.265090647712901237e-06
3.040000000000000000e+02 2.585842926094981138e-06
3.050000000000000000e+02 2.767571318018048488e-06
3.060000000000000000e+02 3.870163391148020377e-06
3.070000000000000000e+02 2.812957679512785602e-06
3.080000000000000000e+02 2.288776055813665429e-06
3.090000000000000000e+02 2.297287621713550612e-06
3.100000000000000000e+02 2.257552451369819441e-06
3.110000000000000000e+02 3.035741949238077695e-06
3.120000000000000000e+02 2.480775480669611333e-06
3.130000000000000000e+02 2.302567925079434956e-06
3.140000000000000000e+02 2.434113961092519554e-06
3.150000000000000000e+02 2.588535603484108500e-06
3.160000000000000000e+02 2.323894845216865990e-06
3.170000000000000000e+02 2.256643427385034715e-06
3.180000000000000000e+02 2.444578533023491839e-06
3.190000000000000000e+02 2.422555097036323695e-06
3.200000000000000000e+02 2.225567028943962906e-06
3.210000000000000000e+02 3.023634443010603847e-06
3.220000000000000000e+02 4.478865339065050605e-06
3.230000000000000000e+02 2.368597371143365369e-06
3.240000000000000000e+02 2.403838080657645096e-06
3.250000000000000000e+02 2.172039636292313521e-06
3.260000000000000000e+02 2.922678410966259418e-06
3.270000000000000000e+02 2.212657132061959971e-06
3.280000000000000000e+02 3.026319009087816103e-06
3.290000000000000000e+02 2.172152074116697143e-06
3.300000000000000000e+02 2.512377175031673710e-06
3.310000000000000000e+02 2.215786840035564521e-06
3.320000000000000000e+02 2.354839993859893035e-06
3.330000000000000000e+02 2.434582821801412807e-06
3.340000000000000000e+02 4.212331301706955120e-06
3.350000000000000000e+02 2.431447174643041099e-06
3.360000000000000000e+02 2.446424969228550067e-06
3.370000000000000000e+02 2.281237261412402794e-06
3.380000000000000000e+02 2.818331781474951028e-06
3.390000000000000000e+02 2.434825436607104843e-06
3.400000000000000000e+02 2.436771453579898878e-06
3.410000000000000000e+02 2.680192694101109633e-06
3.420000000000000000e+02 2.355064801422723881e-06
3.430000000000000000e+02 2.370027942428578025e-06
3.440000000000000000e+02 2.590416330061409418e-06
3.450000000000000000e+02 2.864985936945551252e-06
3.460000000000000000e+02 2.445404239875907180e-06
3.470000000000000000e+02 2.357554288305612321e-06
3.480000000000000000e+02 2.191294751050633306e-06
3.490000000000000000e+02 2.279812237623198555e-06
3.500000000000000000e+02 2.351491503339039808e-06
3.510000000000000000e+02 2.441785716670809781e-06
3.520000000000000000e+02 2.310045332186319320e-06
3.530000000000000000e+02 2.812526574641340114e-06
3.540000000000000000e+02 2.317601526916426840e-06
3.550000000000000000e+02 2.407330862711500636e-06
3.560000000000000000e+02 2.221639044127841207e-06
3.570000000000000000e+02 2.234955744009812205e-06
3.580000000000000000e+02 2.614217346421711367e-06
3.590000000000000000e+02 2.468780631222377192e-06
3.600000000000000000e+02 2.301357566724298423e-06
3.610000000000000000e+02 2.297142400895810675e-06
3.620000000000000000e+02 2.587016293139445009e-06
3.630000000000000000e+02 2.461535066183870100e-06
3.640000000000000000e+02 2.375228924350003790e-06
3.650000000000000000e+02 2.887339436297143166e-06
3.660000000000000000e+02 2.517591392076927480e-06
3.670000000000000000e+02 2.285520237636560937e-06
3.680000000000000000e+02 2.610006454383848555e-06
3.690000000000000000e+02 2.392394074134392000e-06
3.700000000000000000e+02 2.190407338686759030e-06
3.710000000000000000e+02 2.238595219772161762e-06
3.720000000000000000e+02 2.163399166161736761e-06
3.730000000000000000e+02 2.624041958786464737e-06
3.740000000000000000e+02 3.040758097199415807e-06
3.750000000000000000e+02 2.452480293058529347e-06
3.760000000000000000e+02 2.236563642065442123e-06
3.770000000000000000e+02 3.040357716144304843e-06
3.780000000000000000e+02 2.353209216715588841e-06
3.790000000000000000e+02 2.741993813104082633e-06
3.800000000000000000e+02 2.353357615616007545e-06
3.810000000000000000e+02 2.447188109357477981e-06
3.820000000000000000e+02 2.528853907780353482e-06
3.830000000000000000e+02 2.229739828608640254e-06
3.840000000000000000e+02 2.314851836553723062e-06
3.850000000000000000e+02 2.490843699596951294e-06
3.860000000000000000e+02 2.362597652005164359e-06
3.870000000000000000e+02 2.400890073806039994e-06
3.880000000000000000e+02 2.339294059529095675e-06
3.890000000000000000e+02 2.197516258907248127e-06
3.900000000000000000e+02 2.313462414195764759e-06
3.910000000000000000e+02 2.283160623581913754e-06
3.920000000000000000e+02 2.136236019795742013e-06
3.930000000000000000e+02 2.215005891453979011e-06
3.940000000000000000e+02 2.146568500109595047e-06
3.950000000000000000e+02 2.292523293333969604e-06
3.960000000000000000e+02 3.002475626307964178e-06
3.970000000000000000e+02 2.790547916117514778e-06
3.980000000000000000e+02 2.833766856339768553e-06
3.990000000000000000e+02 2.197488598550851852e-06
4.000000000000000000e+02 2.249431153974979649e-06
4.010000000000000000e+02 2.252267919838748759e-06
4.020000000000000000e+02 2.440317104050036731e-06
4.030000000000000000e+02 2.813723870664730528e-06
4.040000000000000000e+02 2.420475463578537465e-06
4.050000000000000000e+02 2.725051453020614177e-06
4.060000000000000000e+02 2.288766632336427601e-06
4.070000000000000000e+02 2.223469814410453483e-06
4.080000000000000000e+02 2.269611837541338650e-06
4.090000000000000000e+02 2.427950700792590941e-06
4.100000000000000000e+02 2.126906898969558965e-06
4.110000000000000000e+02 2.163109601846886497e-06
4.120000000000000000e+02 2.521637382305579840e-06
4.130000000000000000e+02 2.321632116242967130e-06
4.140000000000000000e+02 2.195054391659388678e-06
4.150000000000000000e+02 2.268370490263580619e-06
4.160000000000000000e+02 2.301932757987162335e-06
4.170000000000000000e+02 2.178799195684622367e-06
4.180000000000000000e+02 2.218198340994048761e-06
4.190000000000000000e+02 2.455351668917042592e-06
4.200000000000000000e+02 2.231048959557101767e-06
4.210000000000000000e+02 2.325497152245076123e-06
4.220000000000000000e+02 2.173246001505821931e-06
4.230000000000000000e+02 2.214792604887254113e-06
4.240000000000000000e+02 2.287631682638771121e-06
4.250000000000000000e+02 2.509635619432497784e-06
4.260000000000000000e+02 2.278223639856803413e-06
4.270000000000000000e+02 2.115078551258468817e-06
4.280000000000000000e+02 2.366826496593932217e-06
4.290000000000000000e+02 2.173842693476540330e-06
4.300000000000000000e+02 2.397337750457875349e-06
4.310000000000000000e+02 2.225347446970164490e-06
4.320000000000000000e+02 2.221605282949816092e-06
4.330000000000000000e+02 2.216007954388642743e-06
4.340000000000000000e+02 2.165341303341783142e-06
4.350000000000000000e+02 2.216308986991144644e-06
4.360000000000000000e+02 2.250429890255672964e-06
4.370000000000000000e+02 2.461846502519272491e-06
4.380000000000000000e+02 2.339165908930381817e-06
4.390000000000000000e+02 2.234422116373037882e-06
4.400000000000000000e+02 2.813581376351319026e-06
4.410000000000000000e+02 2.290170649689129328e-06
4.420000000000000000e+02 2.147206967851725434e-06
4.430000000000000000e+02 2.256848954378600917e-06
4.440000000000000000e+02 2.558477772172616410e-06
4.450000000000000000e+02 2.170771286438366928e-06
4.460000000000000000e+02 2.329404687358732266e-06
4.470000000000000000e+02 2.124758347878970498e-06
4.480000000000000000e+02 2.201657557153197464e-06
4.490000000000000000e+02 2.182379593217216137e-06
4.500000000000000000e+02 2.252607312825164769e-06
4.510000000000000000e+02 2.285732533430528368e-06
4.520000000000000000e+02 2.234818573337995483e-06
4.530000000000000000e+02 2.327904109604765599e-06
4.540000000000000000e+02 2.503773947951569628e-06
4.550000000000000000e+02 2.236283545484205967e-06
4.560000000000000000e+02 2.084699182600245157e-06
4.570000000000000000e+02 2.147591119725438891e-06
4.580000000000000000e+02 2.133329641664172749e-06
4.590000000000000000e+02 2.195202088883002327e-06
4.600000000000000000e+02 2.190688414104085687e-06
4.610000000000000000e+02 2.100254178567120790e-06
4.620000000000000000e+02 2.166311811393840759e-06
4.630000000000000000e+02 2.141665903071706263e-06
4.640000000000000000e+02 2.241578387883888950e-06
4.650000000000000000e+02 2.318940907085182496e-06
4.660000000000000000e+02 2.147170197406454427e-06
4.670000000000000000e+02 2.115849774160426410e-06
4.680000000000000000e+02 2.200232982338717166e-06
4.690000000000000000e+02 2.111748959173731410e-06
4.700000000000000000e+02 2.215784228375139871e-06
4.710000000000000000e+02 2.350171397176795541e-06
4.720000000000000000e+02 2.200014106829579658e-06
4.730000000000000000e+02 2.194109698176295205e-06
4.740000000000000000e+02 2.494191490961576816e-06
4.750000000000000000e+02 2.144636362263369811e-06
4.760000000000000000e+02 2.138938008716693411e-06
4.770000000000000000e+02 2.220386784732339471e-06
4.780000000000000000e+02 2.301960169846838955e-06
4.790000000000000000e+02 2.255754178358166692e-06
4.800000000000000000e+02 2.547214656420800626e-06
4.810000000000000000e+02 2.144628540122095517e-06
4.820000000000000000e+02 2.185679967913189563e-06
4.830000000000000000e+02 2.200386484063583616e-06
4.840000000000000000e+02 2.208502094685606132e-06
4.850000000000000000e+02 2.142227318227556882e-06
4.860000000000000000e+02 2.243100531441486790e-06
4.870000000000000000e+02 2.278352051205133478e-06
4.880000000000000000e+02 2.219935124068636409e-06
4.890000000000000000e+02 2.190543135683390751e-06
4.900000000000000000e+02 2.115781478019786768e-06
4.910000000000000000e+02 2.072880643568242925e-06
4.920000000000000000e+02 2.197403591936518934e-06
4.930000000000000000e+02 2.178975838707546563e-06
4.940000000000000000e+02 2.109982116367286666e-06
4.950000000000000000e+02 2.445902850865121885e-06
4.960000000000000000e+02 2.151814450981769623e-06
4.970000000000000000e+02 2.140087312840620257e-06
4.980000000000000000e+02 2.260490400391748194e-06
4.990000000000000000e+02 2.326268000991907381e-06
5.000000000000000000e+02 2.107999082040030177e-06
5.010000000000000000e+02 2.262391791953004508e-06
5.020000000000000000e+02 2.241248010155130394e-06
5.030000000000000000e+02 2.181249887225197885e-06
5.040000000000000000e+02 2.150715886055680806e-06
5.050000000000000000e+02 2.182915720558525638e-06
5.060000000000000000e+02 2.146815422224072580e-06
5.070000000000000000e+02 2.154556784242826160e-06
5.080000000000000000e+02 2.415671714348265751e-06
5.090000000000000000e+02 2.265230037487602077e-06
5.100000000000000000e+02 2.165528897918606343e-06
5.110000000000000000e+02 2.177765994323808651e-06
5.120000000000000000e+02 2.137481761606490501e-06
5.130000000000000000e+02 2.177590908040257535e-06
5.140000000000000000e+02 2.149684984775819596e-06
5.150000000000000000e+02 2.142445135686843299e-06
5.160000000000000000e+02 2.131581857145619144e-06
5.170000000000000000e+02 2.228190523208881436e-06
5.180000000000000000e+02 2.192014973812436243e-06
5.190000000000000000e+02 2.056853990318177676e-06
5.200000000000000000e+02 2.188651196061304325e-06
5.210000000000000000e+02 2.160133654917072594e-06
5.220000000000000000e+02 2.068510098518439826e-06
5.230000000000000000e+02 2.160825564829776036e-06
5.240000000000000000e+02 2.137853920662031238e-06
5.250000000000000000e+02 2.353298322338829309e-06
5.260000000000000000e+02 2.145403119891927618e-06
5.270000000000000000e+02 2.139205689510262370e-06
5.280000000000000000e+02 2.148205538399006732e-06
5.290000000000000000e+02 2.144885341099385418e-06
5.300000000000000000e+02 2.143243011619777750e-06
5.310000000000000000e+02 2.137760614120031084e-06
5.320000000000000000e+02 2.311122474809720073e-06
5.330000000000000000e+02 2.133451239270755594e-06
5.340000000000000000e+02 2.119993445748908279e-06
5.350000000000000000e+02 2.144990429091737175e-06
5.360000000000000000e+02 2.075882722044991536e-06
5.370000000000000000e+02 2.200808903031811979e-06
5.380000000000000000e+02 2.125359601181953162e-06
5.390000000000000000e+02 2.112115862249920685e-06
5.400000000000000000e+02 2.160670212122546463e-06
5.410000000000000000e+02 2.292205232455798353e-06
5.420000000000000000e+02 2.168739188318859990e-06
5.430000000000000000e+02 2.147872840954886030e-06
5.440000000000000000e+02 2.083022358477429490e-06
5.450000000000000000e+02 2.077457085927692595e-06
5.460000000000000000e+02 2.200199172658912100e-06
5.470000000000000000e+02 2.186199204629753326e-06
5.480000000000000000e+02 2.177310861770930643e-06
5.490000000000000000e+02 2.071154806125865209e-06
5.500000000000000000e+02 2.056926651547418293e-06
5.510000000000000000e+02 2.125558948356540922e-06
5.520000000000000000e+02 2.083566920761242604e-06
5.530000000000000000e+02 2.093293241217719526e-06
5.540000000000000000e+02 2.094540067557777329e-06
5.550000000000000000e+02 2.108329757072842344e-06
5.560000000000000000e+02 2.127668825210352869e-06
5.570000000000000000e+02 2.090969510476703907e-06
5.580000000000000000e+02 2.099536115818202283e-06
5.590000000000000000e+02 2.109391867180608085e-06
5.600000000000000000e+02 2.115057322773059298e-06
5.610000000000000000e+02 2.158593050545908877e-06
5.620000000000000000e+02 2.141482156923485527e-06
5.630000000000000000e+02 2.117116699826057167e-06
5.640000000000000000e+02 2.121627376294797467e-06
5.650000000000000000e+02 2.162636339330618614e-06
5.660000000000000000e+02 2.074092951124884126e-06
5.670000000000000000e+02 2.123157803604293407e-06
5.680000000000000000e+02 2.168991319011294617e-06
5.690000000000000000e+02 2.104759308060410747e-06
5.700000000000000000e+02 2.108809897338384413e-06
5.710000000000000000e+02 2.327891793761397031e-06
5.720000000000000000e+02 2.057099796182592634e-06
5.730000000000000000e+02 2.211566506552494155e-06
5.740000000000000000e+02 2.243801379018866006e-06
5.750000000000000000e+02 2.218241483449150254e-06
5.760000000000000000e+02 2.069921343890070582e-06
5.770000000000000000e+02 2.076228213125292141e-06
5.780000000000000000e+02 2.287248881480739545e-06
5.790000000000000000e+02 2.097025173266513985e-06
5.800000000000000000e+02 2.083024286487177786e-06
5.810000000000000000e+02 2.080100279956692854e-06
5.820000000000000000e+02 2.112196083199183351e-06
5.830000000000000000e+02 2.082460380968671355e-06
5.840000000000000000e+02 2.138854397237893895e-06
5.850000000000000000e+02 2.200525410934593705e-06
5.860000000000000000e+02 2.100794403980495684e-06
5.870000000000000000e+02 2.155769813656489335e-06
5.880000000000000000e+02 2.149119577228347447e-06
5.890000000000000000e+02 2.082541836923602292e-06
5.900000000000000000e+02 2.238757960702303844e-06
5.910000000000000000e+02 2.169496414692624829e-06
5.920000000000000000e+02 2.350482609594541004e-06
5.930000000000000000e+02 2.178120562260466230e-06
5.940000000000000000e+02 2.149499822660189245e-06
5.950000000000000000e+02 2.128928759748605486e-06
5.960000000000000000e+02 2.052974313164628021e-06
5.970000000000000000e+02 2.074727412936614019e-06
5.980000000000000000e+02 2.080870211596769329e-06
5.990000000000000000e+02 2.081628453564640089e-06
6.000000000000000000e+02 2.176216641787902562e-06
6.010000000000000000e+02 2.123378018535964712e-06
6.020000000000000000e+02 2.094268185800222206e-06
6.030000000000000000e+02 2.076130843661150386e-06
6.040000000000000000e+02 2.052859648305417231e-06
6.050000000000000000e+02 2.055559336698387709e-06
6.060000000000000000e+02 2.103646372573322021e-06
6.070000000000000000e+02 2.091672089215479778e-06
6.080000000000000000e+02 2.076085970678432783e-06
6.090000000000000000e+02 2.055627935956879215e-06
6.100000000000000000e+02 2.091460928986765372e-06
6.110000000000000000e+02 2.065007230931233419e-06
6.120000000000000000e+02 2.147311891137665942e-06
6.130000000000000000e+02 2.107479432365949229e-06
6.140000000000000000e+02 2.059698605126754533e-06
6.150000000000000000e+02 2.068051508074288188e-06
6.160000000000000000e+02 2.111634537960297409e-06
6.170000000000000000e+02 2.080972900294018281e-06
6.180000000000000000e+02 2.128798866489096908e-06
6.190000000000000000e+02 2.045282757696569988e-06
6.200000000000000000e+02 2.125751939165772692e-06
6.210000000000000000e+02 2.072392520460347398e-06
6.220000000000000000e+02 2.100579431885126012e-06
6.230000000000000000e+02 2.121113816413990786e-06
6.240000000000000000e+02 2.098556715871847533e-06
6.250000000000000000e+02 2.042183555747459001e-06
6.260000000000000000e+02 2.125801432767130791e-06
6.270000000000000000e+02 2.094669108709368278e-06
6.280000000000000000e+02 2.039989520566420300e-06
6.290000000000000000e+02 2.049701281330924263e-06
6.300000000000000000e+02 2.060837505824402158e-06
6.310000000000000000e+02 2.106087649127707610e-06
6.320000000000000000e+02 2.135928849498523884e-06
6.330000000000000000e+02 2.084682831984433341e-06
6.340000000000000000e+02 2.054429441946102071e-06
6.350000000000000000e+02 2.038408323567457075e-06
6.360000000000000000e+02 2.089326273276235617e-06
6.370000000000000000e+02 2.123098448399076960e-06
6.380000000000000000e+02 2.094842815213207329e-06
6.390000000000000000e+02 2.164442492562242217e-06
6.400000000000000000e+02 2.133147305256265508e-06
6.410000000000000000e+02 2.044579964587119653e-06
6.420000000000000000e+02 2.054796764273265022e-06
6.430000000000000000e+02 2.042961797904211461e-06
6.440000000000000000e+02 2.067586610873497471e-06
6.450000000000000000e+02 2.072213151278102721e-06
6.460000000000000000e+02 2.039695896631933664e-06
6.470000000000000000e+02 2.048654991169276852e-06
6.480000000000000000e+02 2.093981460298171548e-06
6.490000000000000000e+02 2.176440397934336140e-06
6.500000000000000000e+02 2.077330881044735304e-06
6.510000000000000000e+02 2.140419251169680533e-06
6.520000000000000000e+02 2.105094598521315390e-06
6.530000000000000000e+02 2.034455400251104357e-06
6.540000000000000000e+02 2.037783861818111011e-06
6.550000000000000000e+02 2.041966632149690387e-06
6.560000000000000000e+02 2.090373204710985188e-06
6.570000000000000000e+02 2.105019836040007192e-06
6.580000000000000000e+02 2.090897942597047810e-06
6.590000000000000000e+02 2.036124247889774916e-06
6.600000000000000000e+02 2.045850177729366279e-06
6.610000000000000000e+02 2.053854605182618517e-06
6.620000000000000000e+02 2.096371283214871579e-06
6.630000000000000000e+02 2.034907891471627655e-06
6.640000000000000000e+02 2.062873302674509391e-06
6.650000000000000000e+02 2.095990105462441370e-06
6.660000000000000000e+02 2.079845159380788738e-06
6.670000000000000000e+02 2.061306356330417643e-06
6.680000000000000000e+02 2.077818480305837709e-06
6.690000000000000000e+02 2.045744853054546091e-06
6.700000000000000000e+02 2.053786553111450437e-06
6.710000000000000000e+02 2.032490190527161342e-06
6.720000000000000000e+02 2.078674357389980051e-06
6.730000000000000000e+02 2.106730840562049290e-06
6.740000000000000000e+02 2.065750586867509426e-06
6.750000000000000000e+02 2.066404786432095671e-06
6.760000000000000000e+02 2.045170763816434574e-06
6.770000000000000000e+02 2.047038524462986552e-06
6.780000000000000000e+02 2.180436043405031569e-06
6.790000000000000000e+02 2.052645204925711846e-06
6.800000000000000000e+02 2.031926657711933740e-06
6.810000000000000000e+02 2.075277343483723928e-06
6.820000000000000000e+02 2.070785137779388384e-06
6.830000000000000000e+02 2.034550630801774097e-06
6.840000000000000000e+02 2.033853133244826245e-06
6.850000000000000000e+02 2.044612106974850595e-06
6.860000000000000000e+02 2.138938435897709818e-06
6.870000000000000000e+02 2.064137087851536860e-06
6.880000000000000000e+02 2.162312552856280255e-06
6.890000000000000000e+02 2.069656406372030321e-06
6.900000000000000000e+02 2.049802954928599011e-06
6.910000000000000000e+02 2.071019351518302161e-06
6.920000000000000000e+02 2.054110971579398108e-06
6.930000000000000000e+02 2.030506160778846566e-06
6.940000000000000000e+02 2.029994017775428853e-06
6.950000000000000000e+02 2.027264090559080308e-06
6.960000000000000000e+02 2.034205112372092950e-06
6.970000000000000000e+02 2.064416019274188235e-06
6.980000000000000000e+02 2.063851666547836402e-06
6.990000000000000000e+02 2.114123838184847239e-06
7.000000000000000000e+02 2.045951199217085738e-06
7.010000000000000000e+02 2.038740467509470840e-06
7.020000000000000000e+02 2.045415048473205005e-06
7.030000000000000000e+02 2.044309478261031340e-06
7.040000000000000000e+02 2.044702809328957114e-06
7.050000000000000000e+02 2.049846446704688611e-06
7.060000000000000000e+02 2.100729877491808844e-06
7.070000000000000000e+02 2.062572992291275387e-06
7.080000000000000000e+02 2.034469874971205382e-06
7.090000000000000000e+02 2.077735237187806530e-06
7.100000000000000000e+02 2.134625192506936275e-06
7.110000000000000000e+02 2.059585310388530640e-06
7.120000000000000000e+02 2.070736136674274369e-06
7.130000000000000000e+02 2.045044293988700858e-06
7.140000000000000000e+02 2.054638138984237305e-06
7.150000000000000000e+02 2.054885177678163721e-06
7.160000000000000000e+02 2.071399271268548178e-06
7.170000000000000000e+02 2.035673209627957997e-06
7.180000000000000000e+02 2.038866735506449688e-06
7.190000000000000000e+02 2.043540148531170074e-06
7.200000000000000000e+02 2.052754653588550466e-06
7.210000000000000000e+02 2.026064382130625331e-06
7.220000000000000000e+02 2.036845900848437097e-06
7.230000000000000000e+02 2.032820020939095298e-06
7.240000000000000000e+02 2.092288432061217857e-06
7.250000000000000000e+02 2.028677511848264959e-06
7.260000000000000000e+02 2.052345043223449670e-06
7.270000000000000000e+02 2.028498434784346338e-06
7.280000000000000000e+02 2.048798120706230381e-06
7.290000000000000000e+02 2.056102729693248763e-06
7.300000000000000000e+02 2.068403019499286547e-06
7.310000000000000000e+02 2.121504407346615554e-06
7.320000000000000000e+02 2.049395615543234095e-06
7.330000000000000000e+02 2.033506588911773224e-06
7.340000000000000000e+02 2.044543516435981793e-06
7.350000000000000000e+02 2.023325607581245866e-06
7.360000000000000000e+02 2.024925811052242887e-06
7.370000000000000000e+02 2.062365223048880253e-06
7.380000000000000000e+02 2.036138370451023799e-06
7.390000000000000000e+02 2.035828557419061708e-06
7.400000000000000000e+02 2.031827164688539146e-06
7.410000000000000000e+02 2.032195117222752481e-06
7.420000000000000000e+02 2.028679084860776153e-06
7.430000000000000000e+02 2.044647034685283558e-06
7.440000000000000000e+02 2.126444438553351940e-06
7.450000000000000000e+02 2.057353924055809442e-06
7.460000000000000000e+02 2.031844911527562337e-06
7.470000000000000000e+02 2.058371294586600713e-06
7.480000000000000000e+02 2.106816166601669820e-06
7.490000000000000000e+02 2.028002394074601054e-06
7.500000000000000000e+02 2.027298997165063550e-06
7.510000000000000000e+02 2.010524599105545851e-06
7.520000000000000000e+02 2.025956354063450418e-06
7.530000000000000000e+02 2.077984434661232373e-06
7.540000000000000000e+02 2.135064654401826081e-06
7.550000000000000000e+02 2.045897878603554916e-06
7.560000000000000000e+02 2.036795931568645283e-06
7.570000000000000000e+02 2.054452945374265603e-06
7.580000000000000000e+02 2.020628100075203448e-06
7.590000000000000000e+02 2.032884519301040073e-06
7.600000000000000000e+02 2.016167768767683997e-06
7.610000000000000000e+02 2.024138967690779327e-06
7.620000000000000000e+02 2.009949592041438464e-06
7.630000000000000000e+02 2.018573123390400505e-06
7.640000000000000000e+02 2.009895749559299828e-06
7.650000000000000000e+02 2.022793552484745776e-06
7.660000000000000000e+02 2.054846061493679930e-06
7.670000000000000000e+02 2.044096038573433967e-06
7.680000000000000000e+02 2.047465971686633917e-06
7.690000000000000000e+02 2.030437489754298098e-06
7.700000000000000000e+02 2.028483481631173209e-06
7.710000000000000000e+02 2.044010252805816494e-06
7.720000000000000000e+02 2.024911627693325495e-06
7.730000000000000000e+02 2.039769533836245407e-06
7.740000000000000000e+02 2.020325825796673803e-06
7.750000000000000000e+02 2.052831384877510871e-06
7.760000000000000000e+02 2.119138761879828860e-06
7.770000000000000000e+02 2.038094666109963028e-06
7.780000000000000000e+02 2.012109174233835519e-06
7.790000000000000000e+02 2.058967020191414103e-06
7.800000000000000000e+02 2.067864045405866899e-06
7.810000000000000000e+02 2.050620513588570673e-06
7.820000000000000000e+02 2.039786225898307075e-06
7.830000000000000000e+02 2.035159004373196318e-06
7.840000000000000000e+02 2.033937381146119208e-06
7.850000000000000000e+02 2.073819421276217856e-06
7.860000000000000000e+02 2.046412123146089934e-06
7.870000000000000000e+02 2.095943249320452251e-06
7.880000000000000000e+02 2.036776735198146119e-06
7.890000000000000000e+02 2.033744992143970033e-06
7.900000000000000000e+02 2.022448103177540232e-06
7.910000000000000000e+02 2.017642199404533449e-06
7.920000000000000000e+02 2.052767080408823496e-06
7.930000000000000000e+02 2.020464474618684357e-06
7.940000000000000000e+02 2.014301545894677621e-06
7.950000000000000000e+02 2.022980710937593112e-06
7.960000000000000000e+02 2.008770770277843107e-06
7.970000000000000000e+02 2.023609300276143172e-06
7.980000000000000000e+02 2.044058707191305219e-06
7.990000000000000000e+02 2.033926509289049190e-06
8.000000000000000000e+02 2.017903644580366508e-06
8.010000000000000000e+02 2.011116283739132796e-06
8.020000000000000000e+02 2.016844385342265974e-06
8.030000000000000000e+02 2.049856746832955327e-06
8.040000000000000000e+02 2.064036766485685112e-06
8.050000000000000000e+02 2.030497110062330378e-06
8.060000000000000000e+02 2.005770828954556136e-06
8.070000000000000000e+02 2.013195307735815057e-06
8.080000000000000000e+02 2.038856398072169845e-06
8.090000000000000000e+02 2.020910854262162398e-06
8.100000000000000000e+02 2.067786129671549640e-06
8.110000000000000000e+02 2.070121896320011277e-06
8.120000000000000000e+02 2.038524653477651206e-06
8.130000000000000000e+02 2.085302750120228057e-06
8.140000000000000000e+02 2.030769790359447323e-06
8.150000000000000000e+02 2.034820422131411392e-06
8.160000000000000000e+02 2.025589392898940595e-06
8.170000000000000000e+02 2.017827899750972276e-06
8.180000000000000000e+02 2.018868680802895914e-06
8.190000000000000000e+02 2.042278084324486072e-06
8.200000000000000000e+02 2.018144803097920606e-06
8.210000000000000000e+02 2.039446227998339276e-06
8.220000000000000000e+02 2.022857825773338905e-06
8.230000000000000000e+02 2.015899688685379858e-06
8.240000000000000000e+02 2.008221617731332543e-06
8.250000000000000000e+02 2.034443230253018339e-06
8.260000000000000000e+02 2.058031803094915854e-06
8.270000000000000000e+02 2.017740582493228775e-06
8.280000000000000000e+02 2.007821155437747312e-06
8.290000000000000000e+02 2.015585392009680500e-06
8.300000000000000000e+02 2.012855145156100605e-06
8.310000000000000000e+02 2.008184631878409103e-06
8.320000000000000000e+02 2.020455481119317872e-06
8.330000000000000000e+02 2.011504954985849475e-06
8.340000000000000000e+02 2.030724856270184295e-06
8.350000000000000000e+02 2.024896674976514942e-06
8.360000000000000000e+02 2.016126530312894765e-06
8.370000000000000000e+02 2.029688266679892828e-06
8.380000000000000000e+02 2.059174498558661579e-06
8.390000000000000000e+02 2.008380188021947718e-06
8.400000000000000000e+02 2.008997290215867478e-06
8.410000000000000000e+02 2.006559785782824148e-06
8.420000000000000000e+02 2.022166389114304805e-06
8.430000000000000000e+02 2.012989906300708612e-06
8.440000000000000000e+02 2.017425308596254291e-06
8.450000000000000000e+02 2.021584298590224682e-06
8.460000000000000000e+02 2.004928088993703366e-06
8.470000000000000000e+02 2.011854930053072910e-06
8.480000000000000000e+02 2.020721747334770915e-06
8.490000000000000000e+02 2.039402483547478599e-06
8.500000000000000000e+02 2.014999697156893627e-06
8.510000000000000000e+02 2.010315700889701633e-06
8.520000000000000000e+02 2.027055303710427923e-06
8.530000000000000000e+02 2.015677846991684498e-06
8.540000000000000000e+02 2.009790082189397869e-06
8.550000000000000000e+02 2.005193873014383034e-06
8.560000000000000000e+02 2.031389407884121079e-06
8.570000000000000000e+02 2.005305655269912094e-06
8.580000000000000000e+02 2.022968944941904816e-06
8.590000000000000000e+02 2.035485132295430793e-06
8.600000000000000000e+02 1.998764487805215629e-06
8.610000000000000000e+02 2.001196090101875621e-06
8.620000000000000000e+02 2.007129525039963515e-06
8.630000000000000000e+02 2.075800790057861032e-06
8.640000000000000000e+02 2.010989337115920337e-06
8.650000000000000000e+02 2.022230583195642132e-06
8.660000000000000000e+02 2.011105802943541107e-06
8.670000000000000000e+02 2.022487720301027504e-06
8.680000000000000000e+02 2.014269789732671561e-06
8.690000000000000000e+02 2.022934912331349284e-06
8.700000000000000000e+02 2.005153183879725439e-06
8.710000000000000000e+02 2.014524855253250568e-06
8.720000000000000000e+02 2.021894393714626831e-06
8.730000000000000000e+02 2.022185934558576617e-06
8.740000000000000000e+02 2.021249734820287894e-06
8.750000000000000000e+02 2.030483696326513011e-06
8.760000000000000000e+02 2.040165479660845148e-06
8.770000000000000000e+02 2.012211446894377637e-06
8.780000000000000000e+02 2.029195353762050942e-06
8.790000000000000000e+02 2.044754362174139105e-06
8.800000000000000000e+02 2.018891077755689322e-06
8.810000000000000000e+02 2.012592225867831069e-06
8.820000000000000000e+02 2.008811031521832892e-06
8.830000000000000000e+02 2.008226140148007630e-06
8.840000000000000000e+02 2.003406696665210863e-06
8.850000000000000000e+02 2.005737449338965139e-06
8.860000000000000000e+02 2.015024225937133404e-06
8.870000000000000000e+02 2.003602003859676536e-06
8.880000000000000000e+02 2.015821704713204066e-06
8.890000000000000000e+02 2.025420615383950342e-06
8.900000000000000000e+02 2.012915447926123434e-06
8.910000000000000000e+02 2.008624729558292913e-06
8.920000000000000000e+02 2.007707026602451477e-06
8.930000000000000000e+02 2.007965807326548390e-06
8.940000000000000000e+02 2.020988442413166161e-06
8.950000000000000000e+02 2.022745678063259408e-06
8.960000000000000000e+02 2.031272065969781710e-06
8.970000000000000000e+02 2.033854120813447807e-06
8.980000000000000000e+02 2.008556892604361855e-06
8.990000000000000000e+02 2.005616094383152867e-06
9.000000000000000000e+02 2.005208915905970058e-06
9.010000000000000000e+02 2.011660910698529034e-06
9.020000000000000000e+02 2.022674557189445754e-06
9.030000000000000000e+02 1.999282341132948030e-06
9.040000000000000000e+02 2.002039198856368681e-06
9.050000000000000000e+02 2.004890736534874967e-06
9.060000000000000000e+02 2.001222475348442144e-06
9.070000000000000000e+02 2.004049085978490202e-06
9.080000000000000000e+02 2.017750148364022977e-06
9.090000000000000000e+02 2.005825399096048290e-06
9.100000000000000000e+02 2.002292556089602929e-06
9.110000000000000000e+02 2.002626979879150140e-06
9.120000000000000000e+02 2.006808160539514622e-06
9.130000000000000000e+02 2.011179184574590509e-06
9.140000000000000000e+02 2.022320941178756713e-06
9.150000000000000000e+02 2.011096046493393256e-06
9.160000000000000000e+02 1.998450532288765525e-06
9.170000000000000000e+02 2.026595903362502854e-06
9.180000000000000000e+02 2.019819643321763589e-06
9.190000000000000000e+02 2.022684029157356389e-06
9.200000000000000000e+02 2.008033554255727337e-06
9.210000000000000000e+02 2.011981946286359723e-06
9.220000000000000000e+02 2.008306832836452352e-06
9.230000000000000000e+02 2.021274829173834124e-06
9.240000000000000000e+02 2.003891656137988236e-06
9.250000000000000000e+02 2.004433952669508551e-06
9.260000000000000000e+02 2.011716031907338271e-06
9.270000000000000000e+02 2.002453134616141852e-06
9.280000000000000000e+02 2.021783081760141974e-06
9.290000000000000000e+02 2.010185559506430901e-06
9.300000000000000000e+02 2.006749867243192834e-06
9.310000000000000000e+02 2.014231998971473469e-06
9.320000000000000000e+02 2.000621753991558774e-06
9.330000000000000000e+02 2.013604774844949072e-06
9.340000000000000000e+02 2.043981899983455143e-06
9.350000000000000000e+02 2.029227382981429123e-06
9.360000000000000000e+02 1.993476907246401710e-06
9.370000000000000000e+02 2.000256188044094029e-06
9.380000000000000000e+02 2.013131301214019162e-06
9.390000000000000000e+02 2.002770245600251243e-06
9.400000000000000000e+02 2.012007218030726645e-06
9.410000000000000000e+02 2.000912946500158061e-06
9.420000000000000000e+02 2.024965570697191896e-06
9.430000000000000000e+02 1.998381098199167559e-06
9.440000000000000000e+02 2.014304525371788311e-06
9.450000000000000000e+02 2.004044513973360503e-06
9.460000000000000000e+02 2.030717636533321923e-06
9.470000000000000000e+02 2.004536263644058837e-06
9.480000000000000000e+02 2.002256927421861378e-06
9.490000000000000000e+02 1.998916968488505680e-06
9.500000000000000000e+02 2.003627651467987190e-06
9.510000000000000000e+02 1.998074483769674970e-06
9.520000000000000000e+02 1.999593599283626077e-06
9.530000000000000000e+02 2.012623261238725651e-06
9.540000000000000000e+02 1.997843299822610239e-06
9.550000000000000000e+02 1.998581883573581325e-06
9.560000000000000000e+02 2.023542756743908663e-06
9.570000000000000000e+02 2.013858706549221483e-06
9.580000000000000000e+02 2.013731216134795166e-06
9.590000000000000000e+02 1.995350201093272805e-06
9.600000000000000000e+02 2.003442517935693286e-06
9.610000000000000000e+02 2.002264641254890251e-06
9.620000000000000000e+02 2.012251356775862200e-06
9.630000000000000000e+02 1.994904173237069646e-06
9.640000000000000000e+02 2.012076846963458733e-06
9.650000000000000000e+02 2.002662100692253831e-06
9.660000000000000000e+02 1.999589951883566280e-06
9.670000000000000000e+02 1.993227859666527451e-06
9.680000000000000000e+02 1.993624872344447085e-06
9.690000000000000000e+02 2.003441580889613941e-06
9.700000000000000000e+02 1.994581661989516383e-06
9.710000000000000000e+02 1.993023244157344262e-06
9.720000000000000000e+02 1.998170499834366855e-06
9.730000000000000000e+02 2.002998854223869962e-06
9.740000000000000000e+02 1.997761501486645583e-06
9.750000000000000000e+02 2.026117495324088788e-06
9.760000000000000000e+02 2.014630309736672062e-06
9.770000000000000000e+02 1.999003329681834787e-06
9.780000000000000000e+02 2.007788453599421507e-06
9.790000000000000000e+02 2.004636349476321646e-06
9.800000000000000000e+02 1.998209795568739685e-06
9.810000000000000000e+02 1.996912087057119884e-06
9.820000000000000000e+02 2.019564834488981770e-06
9.830000000000000000e+02 1.998289842612703603e-06
9.840000000000000000e+02 2.017756695304740973e-06
9.850000000000000000e+02 1.995026896857839931e-06
9.860000000000000000e+02 2.015448936382181547e-06
9.870000000000000000e+02 2.016455257508248877e-06
9.880000000000000000e+02 2.013296772408814945e-06
9.890000000000000000e+02 1.999327907927643142e-06
9.900000000000000000e+02 2.010549580211567998e-06
9.910000000000000000e+02 1.995636511326202120e-06
9.920000000000000000e+02 2.014874476307011882e-06
9.930000000000000000e+02 1.996039382722736745e-06
9.940000000000000000e+02 2.014903271553450987e-06
9.950000000000000000e+02 2.015037926427718092e-06
9.960000000000000000e+02 2.008142105696055300e-06
9.970000000000000000e+02 2.008833113584468283e-06
9.980000000000000000e+02 2.028692585641596379e-06
9.990000000000000000e+02 2.026546328132891336e-06
1.000000000000000000e+03 2.008604114134874348e-06
1.001000000000000000e+03 2.007604722466130311e-06
1.002000000000000000e+03 2.029904660636832618e-06
1.003000000000000000e+03 1.998617892408858901e-06
1.004000000000000000e+03 2.008763634805371787e-06
1.005000000000000000e+03 1.994864491642409053e-06
1.006000000000000000e+03 1.994809748247569247e-06
1.007000000000000000e+03 1.997323870444537611e-06
1.008000000000000000e+03 1.994467213806184036e-06
1.009000000000000000e+03 2.004727280927390445e-06
1.010000000000000000e+03 1.999415270968091307e-06
1.011000000000000000e+03 1.994659624950834937e-06
1.012000000000000000e+03 1.999864246963971999e-06
1.013000000000000000e+03 1.994927728897156917e-06
1.014000000000000000e+03 2.008442758159706371e-06
1.015000000000000000e+03 2.004143892233944129e-06
1.016000000000000000e+03 1.997424546309167054e-06
1.017000000000000000e+03 2.000064278137375970e-06
1.018000000000000000e+03 1.989079774098335703e-06
1.019000000000000000e+03 2.008644144326014262e-06
1.020000000000000000e+03 1.991430379792209888e-06
1.021000000000000000e+03 2.001324858542525844e-06
1.022000000000000000e+03 2.000056743593565559e-06
1.023000000000000000e+03 2.002601936721803289e-06
1.024000000000000000e+03 1.990092995312286555e-06
1.025000000000000000e+03 1.998284761558222753e-06
1.026000000000000000e+03 2.006447660879397288e-06
1.027000000000000000e+03 2.004091120911475618e-06
1.028000000000000000e+03 2.010035372452494965e-06
1.029000000000000000e+03 1.999595187255825016e-06
1.030000000000000000e+03 1.995119106334562159e-06
1.031000000000000000e+03 2.002608962302649323e-06
1.032000000000000000e+03 1.991698303624346092e-06
1.033000000000000000e+03 2.000040187101486086e-06
1.034000000000000000e+03 1.989782284984077049e-06
1.035000000000000000e+03 2.012590105924605080e-06
1.036000000000000000e+03 2.003720243872686855e-06
1.037000000000000000e+03 2.012565107464761645e-06
1.038000000000000000e+03 1.998192681740062227e-06
1.039000000000000000e+03 2.011842687352178406e-06
1.040000000000000000e+03 2.004294407992704146e-06
1.041000000000000000e+03 1.998560522800031894e-06
1.042000000000000000e+03 2.008683795425067086e-06
1.043000000000000000e+03 2.008130493839413738e-06
1.044000000000000000e+03 1.992910939100521199e-06
1.045000000000000000e+03 1.999722130586599234e-06
1.046000000000000000e+03 2.006812804929637998e-06
1.047000000000000000e+03 1.998350282686135295e-06
1.048000000000000000e+03 1.998455520098635310e-06
1.049000000000000000e+03 1.994424496162214266e-06
1.050000000000000000e+03 1.998733103286582518e-06
1.051000000000000000e+03 2.019515630816019310e-06
1.052000000000000000e+03 1.988688518535091650e-06
1.053000000000000000e+03 2.000882248682306383e-06
1.054000000000000000e+03 2.011576477514712748e-06
1.055000000000000000e+03 1.995090074785091079e-06
1.056000000000000000e+03 1.988128002951662488e-06
1.057000000000000000e+03 1.999753501968204919e-06
1.058000000000000000e+03 1.987725498498008786e-06
1.059000000000000000e+03 1.984861589497442274e-06
1.060000000000000000e+03 1.990787143299942956e-06
1.061000000000000000e+03 1.997695364529306302e-06
1.062000000000000000e+03 2.007955337865677163e-06
1.063000000000000000e+03 1.996614199140028120e-06
1.064000000000000000e+03 2.002910834291533958e-06
1.065000000000000000e+03 2.001303533174661805e-06
1.066000000000000000e+03 1.991918788797885458e-06
1.067000000000000000e+03 1.997821901957430873e-06
1.068000000000000000e+03 1.989867782657118014e-06
1.069000000000000000e+03 2.008425872913394961e-06
1.070000000000000000e+03 2.002986218804365684e-06
1.071000000000000000e+03 1.997769675618386105e-06
1.072000000000000000e+03 1.995415616764663535e-06
1.073000000000000000e+03 1.999270215633737472e-06
1.074000000000000000e+03 1.993341611955243843e-06
1.075000000000000000e+03 2.010494918636826526e-06
1.076000000000000000e+03 2.016644564143497304e-06
1.077000000000000000e+03 1.992038387095468410e-06
1.078000000000000000e+03 1.989066604574956779e-06
1.079000000000000000e+03 1.997981010691151898e-06
1.080000000000000000e+03 1.997858834266303694e-06
1.081000000000000000e+03 1.991938543591739431e-06
1.082000000000000000e+03 1.993798834682295288e-06
1.083000000000000000e+03 1.991117223605541514e-06
1.084000000000000000e+03 1.989076497179793244e-06
1.085000000000000000e+03 1.984822756752364733e-06
1.086000000000000000e+03 2.006785579926454875e-06
1.087000000000000000e+03 1.990064869542176632e-06
1.088000000000000000e+03 2.005242291110923703e-06
1.089000000000000000e+03 1.997240150417157662e-06
1.090000000000000000e+03 1.995412417233933167e-06
1.091000000000000000e+03 1.994203729517600848e-06
1.092000000000000000e+03 1.997822805305552937e-06
1.093000000000000000e+03 2.001327794078008379e-06
1.094000000000000000e+03 1.992453441892959040e-06
1.095000000000000000e+03 1.989098613668884225e-06
1.096000000000000000e+03 2.000388887781217607e-06
1.097000000000000000e+03 2.003534412007481695e-06
1.098000000000000000e+03 2.006102148249026741e-06
1.099000000000000000e+03 2.003778062594690422e-06
1.100000000000000000e+03 1.983890267054544397e-06
1.101000000000000000e+03 1.986469231695089890e-06
1.102000000000000000e+03 1.997471809086978058e-06
1.103000000000000000e+03 1.992651984471238194e-06
1.104000000000000000e+03 1.996106683249084474e-06
1.105000000000000000e+03 2.001952333091801691e-06
1.106000000000000000e+03 1.994196400659434598e-06
1.107000000000000000e+03 1.997906248337851978e-06
1.108000000000000000e+03 1.992636704160627029e-06
1.109000000000000000e+03 2.014188391035572047e-06
1.110000000000000000e+03 1.999262926426701367e-06
1.111000000000000000e+03 2.020559633808450359e-06
1.112000000000000000e+03 2.007107839608876055e-06
1.113000000000000000e+03 1.999117708560460864e-06
1.114000000000000000e+03 1.999490111052847125e-06
1.115000000000000000e+03 1.982923170548538625e-06
1.116000000000000000e+03 2.004764141029851241e-06
1.117000000000000000e+03 1.989112945003109026e-06
1.118000000000000000e+03 2.002530002166657630e-06
1.119000000000000000e+03 2.004198994669567438e-06
1.120000000000000000e+03 1.981492124305333162e-06
1.121000000000000000e+03 1.986956427071126000e-06
1.122000000000000000e+03 1.987759316302366264e-06
1.123000000000000000e+03 1.998956121633805755e-06
1.124000000000000000e+03 1.989285280799826661e-06
1.125000000000000000e+03 1.987936549167876822e-06
1.126000000000000000e+03 1.996062481005347314e-06
1.127000000000000000e+03 2.008943375905550909e-06
1.128000000000000000e+03 1.983229026655818613e-06
1.129000000000000000e+03 1.993864974094519433e-06
1.130000000000000000e+03 1.985744336822229915e-06
1.131000000000000000e+03 2.009740369853634097e-06
1.132000000000000000e+03 1.991093156270829928e-06
1.133000000000000000e+03 1.988633642677004811e-06
1.134000000000000000e+03 1.988862431496244748e-06
1.135000000000000000e+03 2.002439308816408425e-06
1.136000000000000000e+03 2.001020499836508474e-06
1.137000000000000000e+03 1.993405146492866954e-06
1.138000000000000000e+03 1.998589103138249945e-06
1.139000000000000000e+03 1.984088042679640409e-06
1.140000000000000000e+03 1.987059470408777402e-06
1.141000000000000000e+03 1.992703516793592413e-06
1.142000000000000000e+03 1.986134787817532495e-06
1.143000000000000000e+03 1.999322168581385219e-06
1.144000000000000000e+03 1.984950187162832647e-06
1.145000000000000000e+03 1.986660961050817446e-06
1.146000000000000000e+03 1.987964045523110797e-06
1.147000000000000000e+03 2.004619345829716225e-06
1.148000000000000000e+03 2.010343614487725880e-06
1.149000000000000000e+03 2.020431803999699647e-06
1.150000000000000000e+03 2.002795687474168024e-06
1.151000000000000000e+03 1.998370595138378457e-06
1.152000000000000000e+03 1.994744711614855945e-06
1.153000000000000000e+03 1.993488381908234620e-06
1.154000000000000000e+03 1.999039630378496481e-06
1.155000000000000000e+03 1.991068957412990636e-06
1.156000000000000000e+03 1.987896179698982456e-06
1.157000000000000000e+03 1.985526187662396816e-06
1.158000000000000000e+03 1.992653934774595506e-06
1.159000000000000000e+03 1.997908922441710670e-06
1.160000000000000000e+03 1.990722568323727495e-06
1.161000000000000000e+03 1.993881203686775777e-06
1.162000000000000000e+03 1.986131571846063299e-06
1.163000000000000000e+03 1.998091005561952852e-06
1.164000000000000000e+03 1.992171956189239951e-06
1.165000000000000000e+03 1.993181731785223832e-06
1.166000000000000000e+03 1.990010235847057904e-06
1.167000000000000000e+03 1.995875632863674113e-06
1.168000000000000000e+03 1.990763126213132472e-06
1.169000000000000000e+03 1.991666115346903120e-06
1.170000000000000000e+03 1.992898316726419946e-06
1.171000000000000000e+03 1.991434702583348622e-06
1.172000000000000000e+03 1.982743831497068532e-06
1.173000000000000000e+03 1.996459567405398269e-06
1.174000000000000000e+03 1.985044354025425610e-06
1.175000000000000000e+03 1.982942231464665003e-06
1.176000000000000000e+03 1.981976073817869774e-06
1.177000000000000000e+03 1.982486871222898829e-06
1.178000000000000000e+03 1.982864455553183688e-06
1.179000000000000000e+03 2.018404880116588092e-06
1.180000000000000000e+03 1.996847864988883091e-06
1.181000000000000000e+03 1.987311716554211702e-06
1.182000000000000000e+03 1.990837931020494932e-06
1.183000000000000000e+03 1.986808666222284387e-06
1.184000000000000000e+03 1.988144061141522398e-06
1.185000000000000000e+03 1.993811208351533363e-06
1.186000000000000000e+03 2.001996326040931246e-06
1.187000000000000000e+03 1.986947626993751500e-06
1.188000000000000000e+03 1.980656211116403101e-06
1.189000000000000000e+03 1.995347412158392427e-06
1.190000000000000000e+03 1.987437163926867543e-06
1.191000000000000000e+03 1.988780493214950055e-06
1.192000000000000000e+03 1.982620161345902054e-06
1.193000000000000000e+03 1.980163859548745200e-06
1.194000000000000000e+03 1.983019747041833330e-06
1.195000000000000000e+03 1.986285627080459236e-06
1.196000000000000000e+03 1.985234972436119774e-06
1.197000000000000000e+03 1.982766604907450407e-06
1.198000000000000000e+03 1.983059581596001114e-06
1.199000000000000000e+03 1.981581571082487848e-06
1.200000000000000000e+03 1.983702645359315527e-06
1.201000000000000000e+03 1.984656244072322974e-06
1.202000000000000000e+03 1.989557768408720170e-06
1.203000000000000000e+03 1.981039282623698893e-06
1.204000000000000000e+03 2.005411844937524099e-06
1.205000000000000000e+03 1.989762668927477878e-06
1.206000000000000000e+03 1.993611319820597833e-06
1.207000000000000000e+03 1.982340305548481835e-06
1.208000000000000000e+03 1.989661173267801176e-06
1.209000000000000000e+03 1.980621425194046610e-06
1.210000000000000000e+03 1.989751331562252156e-06
1.211000000000000000e+03 1.978788209760095088e-06
1.212000000000000000e+03 1.988554259573457498e-06
1.213000000000000000e+03 1.989555623938271141e-06
1.214000000000000000e+03 1.983088530292623856e-06
1.215000000000000000e+03 1.985299961346329789e-06
1.216000000000000000e+03 1.986578689537274534e-06
1.217000000000000000e+03 1.985958678147041478e-06
1.218000000000000000e+03 1.989695386112901631e-06
1.219000000000000000e+03 1.994907421496517455e-06
1.220000000000000000e+03 1.981572224566718242e-06
1.221000000000000000e+03 1.983561600461209005e-06
1.222000000000000000e+03 1.994450015621457244e-06
1.223000000000000000e+03 1.978415345295883066e-06
1.224000000000000000e+03 1.997053666828325552e-06
1.225000000000000000e+03 1.999838409776337240e-06
1.226000000000000000e+03 1.991009235850802049e-06
1.227000000000000000e+03 2.003292103086961265e-06
1.228000000000000000e+03 1.986882731722784353e-06
1.229000000000000000e+03 1.979764807596483997e-06
1.230000000000000000e+03 1.982804580088353568e-06
1.231000000000000000e+03 1.982782520086797167e-06
1.232000000000000000e+03 1.990728169657775996e-06
1.233000000000000000e+03 1.984488286964637417e-06
1.234000000000000000e+03 1.984021769706591138e-06
1.235000000000000000e+03 1.997045157800922075e-06
1.236000000000000000e+03 1.986186186228453476e-06
1.237000000000000000e+03 1.982294343667461938e-06
1.238000000000000000e+03 1.985122971537011538e-06
1.239000000000000000e+03 1.982525994738506989e-06
1.240000000000000000e+03 1.982176922319388791e-06
1.241000000000000000e+03 1.979134270297726832e-06
1.242000000000000000e+03 1.990829023719296140e-06
1.243000000000000000e+03 1.988478484665578990e-06
1.244000000000000000e+03 1.988861750700202411e-06
1.245000000000000000e+03 1.983827580517511356e-06
1.246000000000000000e+03 1.998410448863812243e-06
1.247000000000000000e+03 1.992750556385294541e-06
1.248000000000000000e+03 2.004097057327182382e-06
1.249000000000000000e+03 1.978880327491558330e-06
1.250000000000000000e+03 1.986761516490050836e-06
1.251000000000000000e+03 1.986136143788796316e-06
1.252000000000000000e+03 1.984803786885809276e-06
1.253000000000000000e+03 1.979946423904672096e-06
1.254000000000000000e+03 1.979862590375973276e-06
1.255000000000000000e+03 1.980934948904611381e-06
1.256000000000000000e+03 1.986599699848210781e-06
1.257000000000000000e+03 1.985359934566886763e-06
1.258000000000000000e+03 1.981225121495884160e-06
1.259000000000000000e+03 1.985304385430264356e-06
1.260000000000000000e+03 1.981913805258522107e-06
1.261000000000000000e+03 1.983337935307597683e-06
1.262000000000000000e+03 1.987179060119841678e-06
1.263000000000000000e+03 1.986374430617410727e-06
1.264000000000000000e+03 1.988622772452049545e-06
1.265000000000000000e+03 1.987053140349357737e-06
1.266000000000000000e+03 1.984539764432965602e-06
1.267000000000000000e+03 1.988037718172071871e-06
1.268000000000000000e+03 1.983519294886799499e-06
1.269000000000000000e+03 1.978182265532414742e-06
1.270000000000000000e+03 1.975829396751285307e-06
1.271000000000000000e+03 1.986083474648285040e-06
1.272000000000000000e+03 1.976132690193360911e-06
1.273000000000000000e+03 1.976098163544388313e-06
1.274000000000000000e+03 1.977774085532286783e-06
1.275000000000000000e+03 1.982523979644979089e-06
1.276000000000000000e+03 1.983250761735361535e-06
1.277000000000000000e+03 1.986502299862212977e-06
1.278000000000000000e+03 1.980806251287106125e-06
1.279000000000000000e+03 1.990751456595294487e-06
1.280000000000000000e+03 1.986281102220767064e-06
1.281000000000000000e+03 1.979391554395709776e-06
1.282000000000000000e+03 1.978511721468855867e-06
1.283000000000000000e+03 1.982289264215379807e-06
1.284000000000000000e+03 1.994195574346530643e-06
1.285000000000000000e+03 1.979491783297049592e-06
1.286000000000000000e+03 1.988811931678193972e-06
1.287000000000000000e+03 1.979663303621409043e-06
1.288000000000000000e+03 1.981536497402430587e-06
1.289000000000000000e+03 1.980059530171706124e-06
1.290000000000000000e+03 1.983609191561838161e-06
1.291000000000000000e+03 1.984956804618431521e-06
1.292000000000000000e+03 1.982047503255210483e-06
1.293000000000000000e+03 1.983499160910919630e-06
1.294000000000000000e+03 1.988551900256443366e-06
1.295000000000000000e+03 1.978097272108474866e-06
1.296000000000000000e+03 1.981916071225368352e-06
1.297000000000000000e+03 1.989699974617439050e-06
1.298000000000000000e+03 1.985436386755722520e-06
1.299000000000000000e+03 1.992871258808276254e-06
1.300000000000000000e+03 1.983970453072355089e-06
1.301000000000000000e+03 1.994940722238226184e-06
1.302000000000000000e+03 1.977705244972802621e-06
1.303000000000000000e+03 1.981095991799577861e-06
1.304000000000000000e+03 1.975427853544678497e-06
1.305000000000000000e+03 1.977007184191998330e-06
1.306000000000000000e+03 1.994012655824373700e-06
1.307000000000000000e+03 1.986208302552836783e-06
1.308000000000000000e+03 1.978544602264668995e-06
1.309000000000000000e+03 1.994645535419516400e-06
1.310000000000000000e+03 1.978411153825746684e-06
1.311000000000000000e+03 1.977224250774419755e-06
1.312000000000000000e+03 1.980554786133002629e-06
1.313000000000000000e+03 1.980700342896139382e-06
1.314000000000000000e+03 1.993705517104877575e-06
1.315000000000000000e+03 1.984737214641009469e-06
1.316000000000000000e+03 1.984656263559369211e-06
1.317000000000000000e+03 1.974810080968831056e-06
1.318000000000000000e+03 1.982438966394954487e-06
1.319000000000000000e+03 1.977494458581389577e-06
1.320000000000000000e+03 1.995896843571683614e-06
1.321000000000000000e+03 1.978053605701645997e-06
1.322000000000000000e+03 1.976845793834943520e-06
1.323000000000000000e+03 1.989197535660346042e-06
1.324000000000000000e+03 2.002891530416938735e-06
1.325000000000000000e+03 1.987696270895652493e-06
1.326000000000000000e+03 1.992160382131913340e-06
1.327000000000000000e+03 1.984600511675282059e-06
1.328000000000000000e+03 1.989630402355487802e-06
1.329000000000000000e+03 1.976689856293065466e-06
1.330000000000000000e+03 1.984226316128131684e-06
1.331000000000000000e+03 1.988317787564297928e-06
1.332000000000000000e+03 1.975701211686427707e-06
1.333000000000000000e+03 1.977684704117315892e-06
1.334000000000000000e+03 1.973785730013424800e-06
1.335000000000000000e+03 1.984755693620685984e-06
1.336000000000000000e+03 1.982024524463741918e-06
1.337000000000000000e+03 1.974294895708633376e-06
1.338000000000000000e+03 1.973380788722550238e-06
1.339000000000000000e+03 1.974603439042363500e-06
1.340000000000000000e+03 1.987266871786212393e-06
1.341000000000000000e+03 1.991386115360125198e-06
1.342000000000000000e+03 1.986416392694291635e-06
1.343000000000000000e+03 1.980000958736858925e-06
1.344000000000000000e+03 1.979016180579969662e-06
1.345000000000000000e+03 1.981689640743499392e-06
1.346000000000000000e+03 1.990247078360835095e-06
1.347000000000000000e+03 1.981940991022616381e-06
1.348000000000000000e+03 1.980585746524883345e-06
1.349000000000000000e+03 1.980487784876721111e-06
1.350000000000000000e+03 1.977838384237099182e-06
1.351000000000000000e+03 1.975615840075558782e-06
1.352000000000000000e+03 1.976395742968187724e-06
1.353000000000000000e+03 1.976956351862797118e-06
1.354000000000000000e+03 1.991164459892962487e-06
1.355000000000000000e+03 1.976493507382821518e-06
1.356000000000000000e+03 1.973117977282131530e-06
1.357000000000000000e+03 1.983594553705923599e-06
1.358000000000000000e+03 1.979089407815886740e-06
1.359000000000000000e+03 1.980835875370911876e-06
1.360000000000000000e+03 1.976389691638677899e-06
1.361000000000000000e+03 1.977900998755356206e-06
1.362000000000000000e+03 1.976638285519204220e-06
1.363000000000000000e+03 1.977954340089553743e-06
1.364000000000000000e+03 1.979156765189062637e-06
1.365000000000000000e+03 1.993852838233977501e-06
1.366000000000000000e+03 1.978439626367374223e-06
1.367000000000000000e+03 1.980405920959553234e-06
1.368000000000000000e+03 1.978594919490130838e-06
1.369000000000000000e+03 1.990095297038589126e-06
1.370000000000000000e+03 1.975998168894066500e-06
1.371000000000000000e+03 1.977293263731495877e-06
1.372000000000000000e+03 1.981340110441011523e-06
1.373000000000000000e+03 1.979989564137887584e-06
1.374000000000000000e+03 1.977424275034822773e-06
1.375000000000000000e+03 1.983808579895206524e-06
1.376000000000000000e+03 1.986716452271813653e-06
1.377000000000000000e+03 1.974290366214733741e-06
1.378000000000000000e+03 1.981416909931365693e-06
1.379000000000000000e+03 1.978935376502978559e-06
1.380000000000000000e+03 1.975809576756675925e-06
1.381000000000000000e+03 1.978621792251881189e-06
1.382000000000000000e+03 1.980671885783544780e-06
1.383000000000000000e+03 1.994630082615865368e-06
1.384000000000000000e+03 1.974302603882244222e-06
1.385000000000000000e+03 1.972996341466290539e-06
1.386000000000000000e+03 1.981090475985621768e-06
1.387000000000000000e+03 1.982939699659012187e-06
1.388000000000000000e+03 1.976376022399223875e-06
1.389000000000000000e+03 1.977021847955648016e-06
1.390000000000000000e+03 1.976972695007450537e-06
1.391000000000000000e+03 1.980950799770949589e-06
1.392000000000000000e+03 1.973274951812927695e-06
1.393000000000000000e+03 1.977672238483580446e-06
1.394000000000000000e+03 1.991540231800643330e-06
1.395000000000000000e+03 1.983426377434441723e-06
1.396000000000000000e+03 1.976056512574911146e-06
1.397000000000000000e+03 1.976567873658745236e-06
1.398000000000000000e+03 1.974125188414813816e-06
1.399000000000000000e+03 1.981598751623918995e-06
1.400000000000000000e+03 1.980108629601630738e-06
1.401000000000000000e+03 1.974268823668946786e-06
1.402000000000000000e+03 1.971867540028912316e-06
1.403000000000000000e+03 1.987368884538357216e-06
1.404000000000000000e+03 1.977570955343128933e-06
1.405000000000000000e+03 1.978476488124831094e-06
1.406000000000000000e+03 1.983854150392724800e-06
1.407000000000000000e+03 1.977444001618521417e-06
1.408000000000000000e+03 1.974763240278940003e-06
1.409000000000000000e+03 1.978156666143498501e-06
1.410000000000000000e+03 1.978313244140317307e-06
1.411000000000000000e+03 1.975855216132819606e-06
1.412000000000000000e+03 1.976036974028967560e-06
1.413000000000000000e+03 1.979310495431332367e-06
1.414000000000000000e+03 1.976010153493985905e-06
1.415000000000000000e+03 1.976292295616732879e-06
1.416000000000000000e+03 1.982155200678957855e-06
1.417000000000000000e+03 1.989473640926039372e-06
1.418000000000000000e+03 1.978155325942523638e-06
1.419000000000000000e+03 1.988480999244740323e-06
1.420000000000000000e+03 1.982684359081959543e-06
1.421000000000000000e+03 1.974877767842239018e-06
1.422000000000000000e+03 1.976813314310318655e-06
1.423000000000000000e+03 1.981408812525642373e-06
1.424000000000000000e+03 1.972824946317570070e-06
1.425000000000000000e+03 1.976783246795360409e-06
1.426000000000000000e+03 1.976197539907206903e-06
1.427000000000000000e+03 1.985972599009772159e-06
1.428000000000000000e+03 1.990984242969847524e-06
1.429000000000000000e+03 1.976260857224360632e-06
1.430000000000000000e+03 1.984553956818777910e-06
1.431000000000000000e+03 1.974497683070331758e-06
1.432000000000000000e+03 1.972629469340933761e-06
1.433000000000000000e+03 1.972121698134072900e-06
1.434000000000000000e+03 1.975198065546540201e-06
1.435000000000000000e+03 1.971993301997757883e-06
1.436000000000000000e+03 1.982627624601678548e-06
1.437000000000000000e+03 1.979403485007200513e-06
1.438000000000000000e+03 1.977091277206499119e-06
1.439000000000000000e+03 1.972048312937816931e-06
1.440000000000000000e+03 1.979216568958225929e-06
1.441000000000000000e+03 1.974019115217925970e-06
1.442000000000000000e+03 1.971553003181914073e-06
1.443000000000000000e+03 1.974158784161113793e-06
1.444000000000000000e+03 1.977383516334784093e-06
1.445000000000000000e+03 1.972313733760602022e-06
1.446000000000000000e+03 1.970220141783985643e-06
1.447000000000000000e+03 1.977989199727288163e-06
1.448000000000000000e+03 1.974906684846309193e-06
1.449000000000000000e+03 1.974326088010452037e-06
1.450000000000000000e+03 1.980174300106878257e-06
1.451000000000000000e+03 1.972509172987010210e-06
1.452000000000000000e+03 1.971683886640422869e-06
1.453000000000000000e+03 1.971288016845951519e-06
1.454000000000000000e+03 1.978766264961344309e-06
1.455000000000000000e+03 1.973686249832659048e-06
1.456000000000000000e+03 1.992316553464324170e-06
1.457000000000000000e+03 1.974268991721631998e-06
1.458000000000000000e+03 1.974985354750553949e-06
1.459000000000000000e+03 1.982978871932753548e-06
1.460000000000000000e+03 1.981635797651714299e-06
1.461000000000000000e+03 1.973978655043356906e-06
1.462000000000000000e+03 1.971330167645940901e-06
1.463000000000000000e+03 1.977569579825805667e-06
1.464000000000000000e+03 1.971144663789806536e-06
1.465000000000000000e+03 1.973464135128509147e-06
1.466000000000000000e+03 1.971865145956076374e-06
1.467000000000000000e+03 1.984142996465250521e-06
1.468000000000000000e+03 1.976353949601840590e-06
1.469000000000000000e+03 1.974204867480126289e-06
1.470000000000000000e+03 1.976679174499023648e-06
1.471000000000000000e+03 1.979676066773242057e-06
1.472000000000000000e+03 1.970264067260852053e-06
1.473000000000000000e+03 1.977221984666609440e-06
1.474000000000000000e+03 1.972563729099971914e-06
1.475000000000000000e+03 1.976313191415540945e-06
1.476000000000000000e+03 1.981656639504259421e-06
1.477000000000000000e+03 1.969523476908677444e-06
1.478000000000000000e+03 1.979625614448844053e-06
1.479000000000000000e+03 1.983868502450041795e-06
1.480000000000000000e+03 1.979027979871003114e-06
1.481000000000000000e+03 1.982100001948669222e-06
1.482000000000000000e+03 1.968981370630355659e-06
1.483000000000000000e+03 1.972986309269450278e-06
1.484000000000000000e+03 1.976252695485571868e-06
1.485000000000000000e+03 1.969839310225473659e-06
1.486000000000000000e+03 1.971386584021312112e-06
1.487000000000000000e+03 1.969987880412828042e-06
1.488000000000000000e+03 1.971990863937172419e-06
1.489000000000000000e+03 1.968782707214028871e-06
1.490000000000000000e+03 1.975056701916620412e-06
1.491000000000000000e+03 1.971324302296189569e-06
1.492000000000000000e+03 1.970838219992861616e-06
1.493000000000000000e+03 1.976032888978934282e-06
1.494000000000000000e+03 1.970772660401123648e-06
1.495000000000000000e+03 1.969938851965089419e-06
1.496000000000000000e+03 1.970867401553693011e-06
1.497000000000000000e+03 1.975913585435452489e-06
1.498000000000000000e+03 1.989703512829998496e-06
1.499000000000000000e+03 1.972043158331772631e-06
1.500000000000000000e+03 1.971551693596234428e-06
1.501000000000000000e+03 1.972361336183253768e-06
1.502000000000000000e+03 1.972618029696786708e-06
1.503000000000000000e+03 1.976703562543688071e-06
1.504000000000000000e+03 1.973895969546710165e-06
1.505000000000000000e+03 1.972597586716749009e-06
1.506000000000000000e+03 1.972042556840970444e-06
1.507000000000000000e+03 1.973492857803545918e-06
1.508000000000000000e+03 1.977616977302945134e-06
1.509000000000000000e+03 1.989158631303802253e-06
1.510000000000000000e+03 1.974827707462957242e-06
1.511000000000000000e+03 1.968413941051145686e-06
1.512000000000000000e+03 1.972135374669206351e-06
1.513000000000000000e+03 1.972488958810196048e-06
1.514000000000000000e+03 1.972997459167509017e-06
1.515000000000000000e+03 1.976137126178301934e-06
1.516000000000000000e+03 1.970234690958699048e-06
1.517000000000000000e+03 1.977521606079378360e-06
1.518000000000000000e+03 1.975982812345827590e-06
1.519000000000000000e+03 1.983167836737250835e-06
1.520000000000000000e+03 1.969579235355571636e-06
1.521000000000000000e+03 1.973946313891794863e-06
1.522000000000000000e+03 1.974072705651984407e-06
1.523000000000000000e+03 1.968913502609181402e-06
1.524000000000000000e+03 1.974921358226582698e-06
1.525000000000000000e+03 1.982356858592655674e-06
1.526000000000000000e+03 1.973021863311116263e-06
1.527000000000000000e+03 1.971573525335234353e-06
1.528000000000000000e+03 1.972833826157749801e-06
1.529000000000000000e+03 1.969552126384226784e-06
1.530000000000000000e+03 1.974873096081600781e-06
1.531000000000000000e+03 1.971639584530162916e-06
1.532000000000000000e+03 1.968749815955392880e-06
1.533000000000000000e+03 1.969575298822367058e-06
1.534000000000000000e+03 1.970737737316092394e-06
1.535000000000000000e+03 1.970612494467137436e-06
1.536000000000000000e+03 1.968494064125104164e-06
1.537000000000000000e+03 1.969406655615701308e-06
1.538000000000000000e+03 1.980173021610631534e-06
1.539000000000000000e+03 1.977011251781424453e-06
1.540000000000000000e+03 1.973575835975080348e-06
1.541000000000000000e+03 1.981290630164889453e-06
1.542000000000000000e+03 1.969465864130609725e-06
1.543000000000000000e+03 1.975211823235133764e-06
1.544000000000000000e+03 1.970661514304709070e-06
1.545000000000000000e+03 1.967703622184178454e-06
1.546000000000000000e+03 1.968346824771500783e-06
1.547000000000000000e+03 1.977455463753272786e-06
1.548000000000000000e+03 1.973504415326874525e-06
1.549000000000000000e+03 1.972849448333111585e-06
1.550000000000000000e+03 1.979801784635492603e-06
1.551000000000000000e+03 1.976095402676147931e-06
1.552000000000000000e+03 1.973121060261765748e-06
1.553000000000000000e+03 1.975091234877024388e-06
1.554000000000000000e+03 1.967127985544979684e-06
1.555000000000000000e+03 1.971704506074004151e-06
1.556000000000000000e+03 1.969001298310839028e-06
1.557000000000000000e+03 1.973223927113146755e-06
1.558000000000000000e+03 1.967684310944847748e-06
1.559000000000000000e+03 1.974167527578267412e-06
1.560000000000000000e+03 1.970137374587383721e-06
1.561000000000000000e+03 1.967276422011479853e-06
1.562000000000000000e+03 1.970004434401604977e-06
1.563000000000000000e+03 1.969769027107124845e-06
1.564000000000000000e+03 1.968991858525325620e-06
1.565000000000000000e+03 1.967179922800601776e-06
1.566000000000000000e+03 1.975305073112059539e-06
1.567000000000000000e+03 1.977143531113632149e-06
1.568000000000000000e+03 1.972510043189118604e-06
1.569000000000000000e+03 1.973810280180000934e-06
1.570000000000000000e+03 1.977517084526528649e-06
1.571000000000000000e+03 1.977444038822642833e-06
1.572000000000000000e+03 1.988401827106626891e-06
1.573000000000000000e+03 1.976472672835380759e-06
1.574000000000000000e+03 1.968106969533491449e-06
1.575000000000000000e+03 1.971772670116718259e-06
1.576000000000000000e+03 1.967169925743545054e-06
1.577000000000000000e+03 1.968029755004358076e-06
1.578000000000000000e+03 1.971700838903187820e-06
1.579000000000000000e+03 1.977455398560501933e-06
1.580000000000000000e+03 1.970550711289650816e-06
1.581000000000000000e+03 1.967014492144589820e-06
1.582000000000000000e+03 1.966171016704588068e-06
1.583000000000000000e+03 1.974572244432377940e-06
1.584000000000000000e+03 1.972548577291930849e-06
1.585000000000000000e+03 1.975993149236644742e-06
1.586000000000000000e+03 1.983311622637447082e-06
1.587000000000000000e+03 1.972249251762179282e-06
1.588000000000000000e+03 1.969299758108704087e-06
1.589000000000000000e+03 1.969897589998906821e-06
1.590000000000000000e+03 1.966591304807659628e-06
1.591000000000000000e+03 1.966832225007962813e-06
1.592000000000000000e+03 1.971569634192625524e-06
1.593000000000000000e+03 1.966220777816798741e-06
1.594000000000000000e+03 1.967389544948075273e-06
1.595000000000000000e+03 1.967508830837020447e-06
1.596000000000000000e+03 1.968408780137033576e-06
1.597000000000000000e+03 1.968803297129504663e-06
1.598000000000000000e+03 1.970319029582415939e-06
1.599000000000000000e+03 1.967551917974198829e-06
1.600000000000000000e+03 1.966628921923181347e-06
1.601000000000000000e+03 1.971979225586314778e-06
1.602000000000000000e+03 1.994220159891860757e-06
1.603000000000000000e+03 1.972712662379520479e-06
1.604000000000000000e+03 1.972029949253117199e-06
1.605000000000000000e+03 1.968357881379258652e-06
1.606000000000000000e+03 1.974775781254500631e-06
1.607000000000000000e+03 1.969808382749526632e-06
1.608000000000000000e+03 1.966708664544660222e-06
1.609000000000000000e+03 1.971917951645947878e-06
1.610000000000000000e+03 1.977605493364111347e-06
1.611000000000000000e+03 1.967802195165186301e-06
1.612000000000000000e+03 1.974096758234283140e-06
1.613000000000000000e+03 1.968609060336681543e-06
1.614000000000000000e+03 1.977271632063454746e-06
1.615000000000000000e+03 1.969047832613087943e-06
1.616000000000000000e+03 1.970861948529986907e-06
1.617000000000000000e+03 1.986650680003486173e-06
1.618000000000000000e+03 1.984640803291783279e-06
1.619000000000000000e+03 1.967971356751406218e-06
1.620000000000000000e+03 1.968054805849526305e-06
1.621000000000000000e+03 1.967795717811122621e-06
1.622000000000000000e+03 1.974036175367523051e-06
1.623000000000000000e+03 1.978677363146150820e-06
1.624000000000000000e+03 1.968345688669254703e-06
1.625000000000000000e+03 1.970927918915456585e-06
1.626000000000000000e+03 1.971479303356783494e-06
1.627000000000000000e+03 1.972415582648495138e-06
1.628000000000000000e+03 1.972315430948450334e-06
1.629000000000000000e+03 1.968327437356867439e-06
1.630000000000000000e+03 1.971422700764069942e-06
1.631000000000000000e+03 1.971407743835410928e-06
1.632000000000000000e+03 1.971562416842759596e-06
1.633000000000000000e+03 1.968382645207693869e-06
1.634000000000000000e+03 1.965883547764259856e-06
1.635000000000000000e+03 1.975849897179316291e-06
1.636000000000000000e+03 1.969906598994471297e-06
1.637000000000000000e+03 1.966386638951385237e-06
1.638000000000000000e+03 1.965506413238715418e-06
1.639000000000000000e+03 1.965706060128891778e-06
1.640000000000000000e+03 1.964158820319307163e-06
1.641000000000000000e+03 1.968776378929641710e-06
1.642000000000000000e+03 1.967023636295894603e-06
1.643000000000000000e+03 1.967399790631652672e-06
1.644000000000000000e+03 1.967752723728138485e-06
1.645000000000000000e+03 1.983959048023638651e-06
1.646000000000000000e+03 1.983495976135293139e-06
1.647000000000000000e+03 1.978046283314502722e-06
1.648000000000000000e+03 1.974473747171575481e-06
1.649000000000000000e+03 1.969244045838985002e-06
1.650000000000000000e+03 1.967619948899558264e-06
1.651000000000000000e+03 1.971337130150433356e-06
1.652000000000000000e+03 1.965759523112839729e-06
1.653000000000000000e+03 1.971246416739896933e-06
1.654000000000000000e+03 1.976315335293408689e-06
1.655000000000000000e+03 1.987941282859467064e-06
1.656000000000000000e+03 1.972831058345440144e-06
1.657000000000000000e+03 1.966942981960325003e-06
1.658000000000000000e+03 1.974843277730656016e-06
1.659000000000000000e+03 1.974582228101446197e-06
1.660000000000000000e+03 1.964383659011856665e-06
1.661000000000000000e+03 1.965012669798327638e-06
1.662000000000000000e+03 1.968221204242696014e-06
1.663000000000000000e+03 1.968616109246536115e-06
1.664000000000000000e+03 1.969775593574040212e-06
1.665000000000000000e+03 1.965075615823470813e-06
1.666000000000000000e+03 1.970378199735059027e-06
1.667000000000000000e+03 1.973533991531172656e-06
1.668000000000000000e+03 1.974429788517838414e-06
1.669000000000000000e+03 1.968459560556025598e-06
1.670000000000000000e+03 1.969638583198207875e-06
1.671000000000000000e+03 1.970008846633735115e-06
1.672000000000000000e+03 1.968052887528475861e-06
1.673000000000000000e+03 1.968486381188497357e-06
1.674000000000000000e+03 1.973549240581132083e-06
1.675000000000000000e+03 1.964414554098678758e-06
1.676000000000000000e+03 1.964251347877764777e-06
1.677000000000000000e+03 1.969490876329148417e-06
1.678000000000000000e+03 1.972546910422124248e-06
1.679000000000000000e+03 1.966163136041272546e-06
1.680000000000000000e+03 1.969291002080101903e-06
1.681000000000000000e+03 1.973159662669807833e-06
1.682000000000000000e+03 1.966714731748232823e-06
1.683000000000000000e+03 1.966887431416842281e-06
1.684000000000000000e+03 1.966430063928375881e-06
1.685000000000000000e+03 1.965553536913323318e-06
1.686000000000000000e+03 1.966052850762007748e-06
1.687000000000000000e+03 1.966639760023939867e-06
1.688000000000000000e+03 1.970717616973378488e-06
1.689000000000000000e+03 1.971590323569545849e-06
1.690000000000000000e+03 1.965472081922723297e-06
1.691000000000000000e+03 1.975019521482068601e-06
1.692000000000000000e+03 1.965125421446639448e-06
1.693000000000000000e+03 1.970789741236687893e-06
1.694000000000000000e+03 1.964654607896018334e-06
1.695000000000000000e+03 1.965382783045543450e-06
1.696000000000000000e+03 1.967701989382528271e-06
1.697000000000000000e+03 1.975136408920069511e-06
1.698000000000000000e+03 1.972976048454258198e-06
1.699000000000000000e+03 1.969537353450805148e-06
1.700000000000000000e+03 1.985729532914674329e-06
1.701000000000000000e+03 1.967966011292943904e-06
1.702000000000000000e+03 1.964824738017903281e-06
1.703000000000000000e+03 1.964674454883476844e-06
1.704000000000000000e+03 1.967193277040569547e-06
1.705000000000000000e+03 1.967725336198189855e-06
1.706000000000000000e+03 1.965499633842443203e-06
1.707000000000000000e+03 1.968069591284555390e-06
1.708000000000000000e+03 1.969531809238729492e-06
1.709000000000000000e+03 1.980526469104582010e-06
1.710000000000000000e+03 1.969709642434092526e-06
1.711000000000000000e+03 1.963729475718667033e-06
1.712000000000000000e+03 1.970356197929947776e-06
1.713000000000000000e+03 1.963407142200612963e-06
1.714000000000000000e+03 1.966023414238441384e-06
1.715000000000000000e+03 1.966422905875422426e-06
1.716000000000000000e+03 1.972753936248250286e-06
1.717000000000000000e+03 1.969858782179016351e-06
1.718000000000000000e+03 1.965114693396344374e-06
1.719000000000000000e+03 1.971947567831941349e-06
1.720000000000000000e+03 1.970342516174006899e-06
1.721000000000000000e+03 1.966392468053730397e-06
1.722000000000000000e+03 1.969057902554467652e-06
1.723000000000000000e+03 1.967513894876110752e-06
1.724000000000000000e+03 1.966053436830201743e-06
1.725000000000000000e+03 1.973978366960931932e-06
1.726000000000000000e+03 1.964838799281461896e-06
1.727000000000000000e+03 1.967401566141545523e-06
1.728000000000000000e+03 1.967206726700124433e-06
1.729000000000000000e+03 1.964614856940027742e-06
1.730000000000000000e+03 1.969779482809642452e-06
1.731000000000000000e+03 1.966605498988732010e-06
1.732000000000000000e+03 1.966678249145017050e-06
1.733000000000000000e+03 1.964351261960043559e-06
1.734000000000000000e+03 1.968596439437348507e-06
1.735000000000000000e+03 1.964360452349385732e-06
1.736000000000000000e+03 1.965119924111195414e-06
1.737000000000000000e+03 1.965232323807313334e-06
1.738000000000000000e+03 1.970041132019955998e-06
1.739000000000000000e+03 1.963343137587374151e-06
1.740000000000000000e+03 1.972296140005923857e-06
1.741000000000000000e+03 1.966515550184083566e-06
1.742000000000000000e+03 1.964943304154646179e-06
1.743000000000000000e+03 1.963480949720079389e-06
1.744000000000000000e+03 1.964549070747135060e-06
1.745000000000000000e+03 1.963273015065629762e-06
1.746000000000000000e+03 1.964894667524832470e-06
1.747000000000000000e+03 1.965486590943068614e-06
1.748000000000000000e+03 1.967288337118962110e-06
1.749000000000000000e+03 1.965156432766335460e-06
1.750000000000000000e+03 1.966260933711810677e-06
1.751000000000000000e+03 1.967728694131781312e-06
1.752000000000000000e+03 1.969810237905738624e-06
1.753000000000000000e+03 1.966324651584707563e-06
1.754000000000000000e+03 1.969070715113672340e-06
1.755000000000000000e+03 1.965926312281022494e-06
1.756000000000000000e+03 1.963908196829330417e-06
1.757000000000000000e+03 1.966842957382563100e-06
1.758000000000000000e+03 1.969715417681331581e-06
1.759000000000000000e+03 1.966602985271525381e-06
1.760000000000000000e+03 1.965863405708929962e-06
1.761000000000000000e+03 1.970438423012257789e-06
1.762000000000000000e+03 1.976846546296806209e-06
1.763000000000000000e+03 1.966943347985117080e-06
1.764000000000000000e+03 1.969412823355972135e-06
1.765000000000000000e+03 1.968259943119172376e-06
1.766000000000000000e+03 1.962995986174948447e-06
1.767000000000000000e+03 1.967327827609840885e-06
1.768000000000000000e+03 1.964646711636290237e-06
1.769000000000000000e+03 1.969072659270836191e-06
1.770000000000000000e+03 1.969626322389509518e-06
1.771000000000000000e+03 1.964621302683777283e-06
1.772000000000000000e+03 1.965830884336244232e-06
1.773000000000000000e+03 1.964593258740247614e-06
1.774000000000000000e+03 1.971554162401805172e-06
1.775000000000000000e+03 1.964460152110151419e-06
1.776000000000000000e+03 1.963222714985902435e-06
1.777000000000000000e+03 1.966460644284184743e-06
1.778000000000000000e+03 1.966707584877242097e-06
1.779000000000000000e+03 1.963543350739592159e-06
1.780000000000000000e+03 1.972097750717922919e-06
1.781000000000000000e+03 1.965078359320865392e-06
1.782000000000000000e+03 1.965994641156481123e-06
1.783000000000000000e+03 1.965802659143492779e-06
1.784000000000000000e+03 1.965185739652879746e-06
1.785000000000000000e+03 1.963746067614884370e-06
1.786000000000000000e+03 1.963426889365460985e-06
1.787000000000000000e+03 1.963446907673488733e-06
1.788000000000000000e+03 1.965266513563972349e-06
1.789000000000000000e+03 1.962722267077483457e-06
1.790000000000000000e+03 1.963981954708119261e-06
1.791000000000000000e+03 1.974992268322877154e-06
1.792000000000000000e+03 1.964028585524352352e-06
1.793000000000000000e+03 1.962493697390616612e-06
1.794000000000000000e+03 1.964693752991046552e-06
1.795000000000000000e+03 1.964267024756410801e-06
1.796000000000000000e+03 1.966750785620671486e-06
1.797000000000000000e+03 1.970164905772013211e-06
1.798000000000000000e+03 1.962471386361943976e-06
1.799000000000000000e+03 1.969145403173720079e-06
1.800000000000000000e+03 1.968143693243246100e-06
1.801000000000000000e+03 1.963802275318746164e-06
1.802000000000000000e+03 1.966422857085525912e-06
1.803000000000000000e+03 1.964653361411762749e-06
1.804000000000000000e+03 1.962502821498014100e-06
1.805000000000000000e+03 1.964838434394559482e-06
1.806000000000000000e+03 1.965354132879163779e-06
1.807000000000000000e+03 1.970443541186577735e-06
1.808000000000000000e+03 1.971280323888996615e-06
1.809000000000000000e+03 1.969802481438134750e-06
1.810000000000000000e+03 1.966796736832723571e-06
1.811000000000000000e+03 1.965990340093982124e-06
1.812000000000000000e+03 1.963346007444191736e-06
1.813000000000000000e+03 1.965164101100685909e-06
1.814000000000000000e+03 1.961707055692417319e-06
1.815000000000000000e+03 1.961988794646981368e-06
1.816000000000000000e+03 1.963584167874821967e-06
1.817000000000000000e+03 1.965557138061083808e-06
1.818000000000000000e+03 1.964254048030420920e-06
1.819000000000000000e+03 1.969337403291980072e-06
1.820000000000000000e+03 1.968310195588377137e-06
1.821000000000000000e+03 1.968713845381736603e-06
1.822000000000000000e+03 1.964124181925164445e-06
1.823000000000000000e+03 1.963266751100231629e-06
1.824000000000000000e+03 1.965530393976264865e-06
1.825000000000000000e+03 1.965209200688434249e-06
1.826000000000000000e+03 1.966630226672849622e-06
1.827000000000000000e+03 1.964172904999846311e-06
1.828000000000000000e+03 1.964479522918650045e-06
1.829000000000000000e+03 1.961888981576871322e-06
1.830000000000000000e+03 1.963693452660124862e-06
1.831000000000000000e+03 1.964425211245996434e-06
1.832000000000000000e+03 1.966270070707967270e-06
1.833000000000000000e+03 1.961019245291544698e-06
1.834000000000000000e+03 1.963927580053311877e-06
1.835000000000000000e+03 1.968091168129524458e-06
1.836000000000000000e+03 1.967828139389378225e-06
1.837000000000000000e+03 1.963026986100945940e-06
1.838000000000000000e+03 1.961931447380106512e-06
1.839000000000000000e+03 1.967885339914754615e-06
1.840000000000000000e+03 1.962256510560496778e-06
1.841000000000000000e+03 1.964599762338102505e-06
1.842000000000000000e+03 1.962100067141844301e-06
1.843000000000000000e+03 1.962365568124227207e-06
1.844000000000000000e+03 1.962205789223854890e-06
1.845000000000000000e+03 1.963605556354080066e-06
1.846000000000000000e+03 1.963297803297941810e-06
1.847000000000000000e+03 1.966030711959850557e-06
1.848000000000000000e+03 1.962970047153697906e-06
1.849000000000000000e+03 1.966463310111575664e-06
1.850000000000000000e+03 1.965197938329808139e-06
1.851000000000000000e+03 1.968210847667014433e-06
1.852000000000000000e+03 1.965086329283352321e-06
1.853000000000000000e+03 1.968722550424065511e-06
1.854000000000000000e+03 1.964767407819493207e-06
1.855000000000000000e+03 1.961105639122054455e-06
1.856000000000000000e+03 1.960921242205983078e-06
1.857000000000000000e+03 1.962788571675046950e-06
1.858000000000000000e+03 1.963359809586469858e-06
1.859000000000000000e+03 1.965448051611163267e-06
1.860000000000000000e+03 1.962463433883363114e-06
1.861000000000000000e+03 1.962725484723728644e-06
1.862000000000000000e+03 1.961989434650768233e-06
1.863000000000000000e+03 1.969773268902677279e-06
1.864000000000000000e+03 1.968025610241632227e-06
1.865000000000000000e+03 1.961997594492726662e-06
1.866000000000000000e+03 1.961535936112193433e-06
1.867000000000000000e+03 1.963759370484345239e-06
1.868000000000000000e+03 1.963602934905123720e-06
1.869000000000000000e+03 1.962054731551814045e-06
1.870000000000000000e+03 1.961470977402122801e-06
1.871000000000000000e+03 1.964247830342682259e-06
1.872000000000000000e+03 1.965546688643060238e-06
1.873000000000000000e+03 1.962841215505705966e-06
1.874000000000000000e+03 1.963082641988694468e-06
1.875000000000000000e+03 1.965550326940079820e-06
1.876000000000000000e+03 1.965439404163854776e-06
1.877000000000000000e+03 1.963404333048298309e-06
1.878000000000000000e+03 1.962005899594724626e-06
1.879000000000000000e+03 1.965588335657660106e-06
1.880000000000000000e+03 1.963009945871019291e-06
1.881000000000000000e+03 1.960064686145858327e-06
1.882000000000000000e+03 1.962170424615123270e-06
1.883000000000000000e+03 1.960833163997641389e-06
1.884000000000000000e+03 1.963547490348869184e-06
1.885000000000000000e+03 1.964179766229217546e-06
1.886000000000000000e+03 1.960395790319335318e-06
1.887000000000000000e+03 1.961540522957838848e-06
1.888000000000000000e+03 1.965011258189554329e-06
1.889000000000000000e+03 1.961458387226568305e-06
1.890000000000000000e+03 1.963000662422773792e-06
1.891000000000000000e+03 1.961513757425470171e-06
1.892000000000000000e+03 1.961959637653186526e-06
1.893000000000000000e+03 1.962372129283836567e-06
1.894000000000000000e+03 1.961066797171895488e-06
1.895000000000000000e+03 1.963006526038214577e-06
1.896000000000000000e+03 1.962419388449237975e-06
1.897000000000000000e+03 1.967894488633953924e-06
1.898000000000000000e+03 1.960649203882486138e-06
1.899000000000000000e+03 1.961878453576846684e-06
1.900000000000000000e+03 1.963230242107064451e-06
1.901000000000000000e+03 1.961102003021878349e-06
1.902000000000000000e+03 1.961893977969952120e-06
1.903000000000000000e+03 1.964753230269415536e-06
1.904000000000000000e+03 1.965065108613261272e-06
1.905000000000000000e+03 1.966391797772535686e-06
1.906000000000000000e+03 1.964087764868862729e-06
1.907000000000000000e+03 1.960679809304757002e-06
1.908000000000000000e+03 1.961970056992121039e-06
1.909000000000000000e+03 1.960380549185072849e-06
1.910000000000000000e+03 1.964145326051181391e-06
1.911000000000000000e+03 1.961449144019031503e-06
1.912000000000000000e+03 1.961787749392612404e-06
1.913000000000000000e+03 1.964183387320268829e-06
1.914000000000000000e+03 1.962028697181881941e-06
1.915000000000000000e+03 1.966193281111533907e-06
1.916000000000000000e+03 1.972551253096538949e-06
1.917000000000000000e+03 1.963448329795268219e-06
1.918000000000000000e+03 1.959844664086237784e-06
1.919000000000000000e+03 1.960892867077673135e-06
1.920000000000000000e+03 1.963132336365807570e-06
1.921000000000000000e+03 1.963766157459520559e-06
1.922000000000000000e+03 1.972615844568331000e-06
1.923000000000000000e+03 1.964603180007311056e-06
1.924000000000000000e+03 1.962484110438118489e-06
1.925000000000000000e+03 1.970145851696187371e-06
1.926000000000000000e+03 1.960815985106349009e-06
1.927000000000000000e+03 1.961847593754694244e-06
1.928000000000000000e+03 1.962248388487043747e-06
1.929000000000000000e+03 1.966304405832865808e-06
1.930000000000000000e+03 1.961135590655908738e-06
1.931000000000000000e+03 1.959808493721240571e-06
1.932000000000000000e+03 1.965288505956505359e-06
1.933000000000000000e+03 1.962048660785872860e-06
1.934000000000000000e+03 1.961393852956465488e-06
1.935000000000000000e+03 1.959910234574543858e-06
1.936000000000000000e+03 1.963003373986461289e-06
1.937000000000000000e+03 1.961739708746369688e-06
1.938000000000000000e+03 1.961634055908478374e-06
1.939000000000000000e+03 1.964901504268437845e-06
1.940000000000000000e+03 1.964125310798458658e-06
1.941000000000000000e+03 1.961498014859682515e-06
1.942000000000000000e+03 1.964470183713604443e-06
1.943000000000000000e+03 1.964596083429075215e-06
1.944000000000000000e+03 1.962259965337440326e-06
1.945000000000000000e+03 1.963918175455610046e-06
1.946000000000000000e+03 1.962250950657888786e-06
1.947000000000000000e+03 1.961891444188212942e-06
1.948000000000000000e+03 1.962217554887447402e-06
1.949000000000000000e+03 1.962234723753414097e-06
1.950000000000000000e+03 1.963180065805016836e-06
1.951000000000000000e+03 1.965664269809720261e-06
1.952000000000000000e+03 1.962243591807658915e-06
1.953000000000000000e+03 1.961373861192484766e-06
1.954000000000000000e+03 1.964362731841979339e-06
1.955000000000000000e+03 1.961274800355172595e-06
1.956000000000000000e+03 1.961961860776895811e-06
1.957000000000000000e+03 1.960597158330338595e-06
1.958000000000000000e+03 1.965373931924175885e-06
1.959000000000000000e+03 1.961557049621583203e-06
1.960000000000000000e+03 1.962568899849069645e-06
1.961000000000000000e+03 1.962628452945069323e-06
1.962000000000000000e+03 1.964967356680171682e-06
1.963000000000000000e+03 1.962103512100436357e-06
1.964000000000000000e+03 1.964558120073147985e-06
1.965000000000000000e+03 1.964867993635232217e-06
1.966000000000000000e+03 1.961490761596537384e-06
1.967000000000000000e+03 1.961196166481376686e-06
1.968000000000000000e+03 1.960588964868283848e-06
1.969000000000000000e+03 1.959023355809045554e-06
1.970000000000000000e+03 1.959554745651571520e-06
1.971000000000000000e+03 1.963548313584726059e-06
1.972000000000000000e+03 1.963851041252310485e-06
1.973000000000000000e+03 1.961194548195831564e-06
1.974000000000000000e+03 1.966766207797634284e-06
1.975000000000000000e+03 1.962262143899868998e-06
1.976000000000000000e+03 1.965009252753157905e-06
1.977000000000000000e+03 1.961936418812257990e-06
1.978000000000000000e+03 1.960537801503387361e-06
1.979000000000000000e+03 1.959241009949290385e-06
1.980000000000000000e+03 1.962609517658757605e-06
1.981000000000000000e+03 1.964959946891988801e-06
1.982000000000000000e+03 1.960789820524419544e-06
1.983000000000000000e+03 1.959644513961662607e-06
1.984000000000000000e+03 1.960397098107809255e-06
1.985000000000000000e+03 1.961105390066601799e-06
1.986000000000000000e+03 1.960211376412865951e-06
1.987000000000000000e+03 1.959095942749497431e-06
1.988000000000000000e+03 1.961195929585069282e-06
1.989000000000000000e+03 1.959826607462894103e-06
1.990000000000000000e+03 1.960216435711264893e-06
1.991000000000000000e+03 1.960968048165296868e-06
1.992000000000000000e+03 1.962959806336503936e-06
1.993000000000000000e+03 1.961556367604497557e-06
1.994000000000000000e+03 1.961175338131047927e-06
1.995000000000000000e+03 1.962276783962917638e-06
1.996000000000000000e+03 1.960680436583068574e-06
1.997000000000000000e+03 1.961492710435072339e-06
1.998000000000000000e+03 1.961805600470590319e-06
1.999000000000000000e+03 1.961442513038779633e-06
2.000000000000000000e+03 1.961249687744235644e-06
2.001000000000000000e+03 1.962395753631746602e-06
2.002000000000000000e+03 1.960969287453923709e-06
2.003000000000000000e+03 1.965723516172135145e-06
2.004000000000000000e+03 1.963958071362033114e-06
2.005000000000000000e+03 1.962760173267982087e-06
2.006000000000000000e+03 1.959675304035617995e-06
2.007000000000000000e+03 1.958854208424898738e-06
2.008000000000000000e+03 1.960070659188093469e-06
2.009000000000000000e+03 1.960956980491322051e-06
2.010000000000000000e+03 1.960067308443168568e-06
2.011000000000000000e+03 1.964958332828745795e-06
2.012000000000000000e+03 1.964294862291649303e-06
2.013000000000000000e+03 1.960838093709593744e-06
2.014000000000000000e+03 1.960268031925481189e-06
2.015000000000000000e+03 1.962308594879264545e-06
2.016000000000000000e+03 1.960753277314474277e-06
2.017000000000000000e+03 1.959320977443986502e-06
2.018000000000000000e+03 1.959107622349741943e-06
2.019000000000000000e+03 1.961258678083489916e-06
2.020000000000000000e+03 1.959508820766493940e-06
2.021000000000000000e+03 1.959900603499685313e-06
2.022000000000000000e+03 1.960439505623640662e-06
2.023000000000000000e+03 1.960784406606948983e-06
2.024000000000000000e+03 1.959801592239568993e-06
2.025000000000000000e+03 1.961108430296286234e-06
2.026000000000000000e+03 1.962295112197710082e-06
2.027000000000000000e+03 1.961621102647850277e-06
2.028000000000000000e+03 1.961050964735547904e-06
2.029000000000000000e+03 1.960704558708659466e-06
2.030000000000000000e+03 1.968330024453462825e-06
2.031000000000000000e+03 1.959323590878893930e-06
2.032000000000000000e+03 1.962184201823375956e-06
2.033000000000000000e+03 1.961073792646831166e-06
2.034000000000000000e+03 1.965103791760366576e-06
2.035000000000000000e+03 1.968197427653995137e-06
2.036000000000000000e+03 1.959182985004478501e-06
2.037000000000000000e+03 1.961499495489963405e-06
2.038000000000000000e+03 1.959853557773860367e-06
2.039000000000000000e+03 1.960365606829636869e-06
2.040000000000000000e+03 1.960219987685475883e-06
2.041000000000000000e+03 1.960148584652641570e-06
2.042000000000000000e+03 1.960475519499494416e-06
2.043000000000000000e+03 1.958811074192826131e-06
2.044000000000000000e+03 1.960326444160424543e-06
2.045000000000000000e+03 1.961329094521456825e-06
2.046000000000000000e+03 1.962363120868387170e-06
2.047000000000000000e+03 1.958619194124481377e-06
2.048000000000000000e+03 1.963647429671553266e-06
2.049000000000000000e+03 1.960400610574621852e-06
2.050000000000000000e+03 1.960758469740352477e-06
2.051000000000000000e+03 1.959843489909587980e-06
2.052000000000000000e+03 1.959592558150142256e-06
2.053000000000000000e+03 1.961090505259993718e-06
2.054000000000000000e+03 1.959369304818327707e-06
2.055000000000000000e+03 1.958384622472503011e-06
2.056000000000000000e+03 1.959287245597215643e-06
2.057000000000000000e+03 1.958765233192708230e-06
2.058000000000000000e+03 1.959626428899852219e-06
2.059000000000000000e+03 1.962341578150440345e-06
2.060000000000000000e+03 1.959889683898482599e-06
2.061000000000000000e+03 1.961169225807395219e-06
2.062000000000000000e+03 1.962079319609168595e-06
2.063000000000000000e+03 1.969523067253820495e-06
2.064000000000000000e+03 1.967397147445422786e-06
2.065000000000000000e+03 1.962385839567699724e-06
2.066000000000000000e+03 1.959890420019995110e-06
2.067000000000000000e+03 1.961141172304472359e-06
2.068000000000000000e+03 1.960262418963661273e-06
2.069000000000000000e+03 1.964752147875975183e-06
2.070000000000000000e+03 1.958744788463795676e-06
2.071000000000000000e+03 1.961212633108468438e-06
2.072000000000000000e+03 1.958986867939579037e-06
2.073000000000000000e+03 1.958088592429522421e-06
2.074000000000000000e+03 1.959186990313562540e-06
2.075000000000000000e+03 1.958708545184453240e-06
2.076000000000000000e+03 1.960992177146008411e-06
2.077000000000000000e+03 1.960247821485964008e-06
2.078000000000000000e+03 1.959737956153282571e-06
2.079000000000000000e+03 1.958506732684527383e-06
2.080000000000000000e+03 1.958189935131840430e-06
2.081000000000000000e+03 1.959585302275983336e-06
2.082000000000000000e+03 1.960670370984303119e-06
2.083000000000000000e+03 1.959955520520989515e-06
2.084000000000000000e+03 1.960509762750295598e-06
2.085000000000000000e+03 1.962547180782081503e-06
2.086000000000000000e+03 1.958875225519737529e-06
2.087000000000000000e+03 1.960160633039005567e-06
2.088000000000000000e+03 1.959117018011849692e-06
2.089000000000000000e+03 1.960228919646568909e-06
2.090000000000000000e+03 1.959113924383838186e-06
2.091000000000000000e+03 1.960295711620751381e-06
2.092000000000000000e+03 1.962646293066504965e-06
2.093000000000000000e+03 1.959828526020591577e-06
2.094000000000000000e+03 1.964449842372273893e-06
2.095000000000000000e+03 1.961234593480130440e-06
2.096000000000000000e+03 1.958330937669194831e-06
2.097000000000000000e+03 1.957770197872891924e-06
2.098000000000000000e+03 1.961083158548353727e-06
2.099000000000000000e+03 1.962763131726314933e-06
2.100000000000000000e+03 1.958046457650618712e-06
2.101000000000000000e+03 1.963778789207076872e-06
2.102000000000000000e+03 1.958694011999061348e-06
2.103000000000000000e+03 1.958379974411600999e-06
2.104000000000000000e+03 1.960179989706043499e-06
2.105000000000000000e+03 1.962269014505527770e-06
2.106000000000000000e+03 1.958978901935202956e-06
2.107000000000000000e+03 1.958132237011450496e-06
2.108000000000000000e+03 1.960333608121126178e-06
2.109000000000000000e+03 1.959837568542279570e-06
2.110000000000000000e+03 1.961548567803869712e-06
2.111000000000000000e+03 1.958056800568438237e-06
2.112000000000000000e+03 1.959501060108885315e-06
2.113000000000000000e+03 1.958223092013642380e-06
2.114000000000000000e+03 1.958263123998981036e-06
2.115000000000000000e+03 1.958286268720729439e-06
2.116000000000000000e+03 1.960078306776274735e-06
2.117000000000000000e+03 1.960855600550369422e-06
2.118000000000000000e+03 1.961691994897253285e-06
2.119000000000000000e+03 1.961235772277441532e-06
2.120000000000000000e+03 1.962549529128985588e-06
2.121000000000000000e+03 1.962313449834677931e-06
2.122000000000000000e+03 1.958874334033190843e-06
2.123000000000000000e+03 1.959693878073956226e-06
2.124000000000000000e+03 1.961234516887308745e-06
2.125000000000000000e+03 1.960237759434569571e-06
2.126000000000000000e+03 1.961019050511876636e-06
2.127000000000000000e+03 1.958475431652805216e-06
2.128000000000000000e+03 1.962025782714641008e-06
2.129000000000000000e+03 1.959319330257382028e-06
2.130000000000000000e+03 1.958175300318221728e-06
2.131000000000000000e+03 1.958894422635493549e-06
2.132000000000000000e+03 1.968505361080757970e-06
2.133000000000000000e+03 1.958434465756542451e-06
2.134000000000000000e+03 1.959833275490060615e-06
2.135000000000000000e+03 1.959262559880292385e-06
2.136000000000000000e+03 1.958131282863614163e-06
2.137000000000000000e+03 1.958438182942036985e-06
2.138000000000000000e+03 1.958634606820805990e-06
2.139000000000000000e+03 1.961366437777941408e-06
2.140000000000000000e+03 1.966828397351708778e-06
2.141000000000000000e+03 1.960307631899900024e-06
2.142000000000000000e+03 1.958895735408172351e-06
2.143000000000000000e+03 1.957613958895893330e-06
2.144000000000000000e+03 1.959990137405508961e-06
2.145000000000000000e+03 1.960770886322987624e-06
2.146000000000000000e+03 1.958589082883150613e-06
2.147000000000000000e+03 1.961125423119748600e-06
2.148000000000000000e+03 1.958059296894835767e-06
2.149000000000000000e+03 1.959941598213060113e-06
2.150000000000000000e+03 1.958938260004368869e-06
2.151000000000000000e+03 1.959953469143696130e-06
2.152000000000000000e+03 1.961621504985323849e-06
2.153000000000000000e+03 1.960121717925870525e-06
2.154000000000000000e+03 1.958084561747096767e-06
2.155000000000000000e+03 1.959703008948994920e-06
2.156000000000000000e+03 1.957094549836145498e-06
2.157000000000000000e+03 1.959938888852939416e-06
2.158000000000000000e+03 1.958930952568472654e-06
2.159000000000000000e+03 1.961221278090341423e-06
2.160000000000000000e+03 1.958149354910464737e-06
2.161000000000000000e+03 1.957797158584971312e-06
2.162000000000000000e+03 1.960261686590125134e-06
2.163000000000000000e+03 1.957157667129526522e-06
2.164000000000000000e+03 1.962006649321101612e-06
2.165000000000000000e+03 1.960443824602012625e-06
2.166000000000000000e+03 1.957858988406380804e-06
2.167000000000000000e+03 1.956953502900260241e-06
2.168000000000000000e+03 1.958016848470750267e-06
2.169000000000000000e+03 1.958608209535277602e-06
2.170000000000000000e+03 1.958413518990663346e-06
2.171000000000000000e+03 1.957714726791077279e-06
2.172000000000000000e+03 1.960809134153109916e-06
2.173000000000000000e+03 1.957621477651044333e-06
2.174000000000000000e+03 1.963227679044837513e-06
2.175000000000000000e+03 1.957824365432258591e-06
2.176000000000000000e+03 1.961741469723983383e-06
2.177000000000000000e+03 1.959478538182206009e-06
2.178000000000000000e+03 1.963274627079349073e-06
2.179000000000000000e+03 1.960031126117450347e-06
2.180000000000000000e+03 1.957242198160743190e-06
2.181000000000000000e+03 1.957291760844563903e-06
2.182000000000000000e+03 1.959124705838019832e-06
2.183000000000000000e+03 1.959539543617625104e-06
2.184000000000000000e+03 1.957154836702053668e-06
2.185000000000000000e+03 1.959837605373228339e-06
2.186000000000000000e+03 1.960456025864014423e-06
2.187000000000000000e+03 1.961743101880129239e-06
2.188000000000000000e+03 1.958837459196716867e-06
2.189000000000000000e+03 1.959166419074803670e-06
2.190000000000000000e+03 1.957825619187442878e-06
2.191000000000000000e+03 1.959739842721346764e-06
2.192000000000000000e+03 1.960506249550955356e-06
2.193000000000000000e+03 1.958587794292908396e-06
2.194000000000000000e+03 1.956912234333515804e-06
2.195000000000000000e+03 1.957217534416334852e-06
2.196000000000000000e+03 1.959275836523081850e-06
2.197000000000000000e+03 1.958906389427129268e-06
2.198000000000000000e+03 1.958702691432416358e-06
2.199000000000000000e+03 1.959413800804609634e-06
2.200000000000000000e+03 1.957690015511370523e-06
2.201000000000000000e+03 1.959225188688240650e-06
2.202000000000000000e+03 1.957433909725382252e-06
2.203000000000000000e+03 1.957615048013625861e-06
2.204000000000000000e+03 1.956850755761510613e-06
2.205000000000000000e+03 1.960084200796291811e-06
2.206000000000000000e+03 1.958988006794113836e-06
2.207000000000000000e+03 1.959491522435875526e-06
2.208000000000000000e+03 1.961375223825788501e-06
2.209000000000000000e+03 1.958376860424154378e-06
2.210000000000000000e+03 1.958041897516524478e-06
2.211000000000000000e+03 1.957356724017261076e-06
2.212000000000000000e+03 1.957756999413685063e-06
2.213000000000000000e+03 1.958016862120586262e-06
2.214000000000000000e+03 1.957321692371833279e-06
2.215000000000000000e+03 1.957708281289083646e-06
2.216000000000000000e+03 1.959449891576188301e-06
2.217000000000000000e+03 1.955826314990192878e-06
2.218000000000000000e+03 1.960493402876196404e-06
2.219000000000000000e+03 1.960447117687685754e-06
2.220000000000000000e+03 1.959865136284512673e-06
2.221000000000000000e+03 1.958672795234565528e-06
2.222000000000000000e+03 1.957963105628459938e-06
2.223000000000000000e+03 1.957743846891109506e-06
2.224000000000000000e+03 1.957592567999978658e-06
2.225000000000000000e+03 1.957187319284059626e-06
2.226000000000000000e+03 1.957107692818551701e-06
2.227000000000000000e+03 1.957093330171217989e-06
2.228000000000000000e+03 1.958854862399522097e-06
2.229000000000000000e+03 1.958804938482881317e-06
2.230000000000000000e+03 1.958559845638695562e-06
2.231000000000000000e+03 1.957673346365318528e-06
2.232000000000000000e+03 1.956841932357454374e-06
2.233000000000000000e+03 1.957714988644227492e-06
2.234000000000000000e+03 1.958123340560561646e-06
2.235000000000000000e+03 1.959079528258274612e-06
2.236000000000000000e+03 1.958083050628218153e-06
2.237000000000000000e+03 1.958264539979171531e-06
2.238000000000000000e+03 1.957488765557923775e-06
2.239000000000000000e+03 1.961119600232931207e-06
2.240000000000000000e+03 1.963503456048320863e-06
2.241000000000000000e+03 1.960714765403702903e-06
2.242000000000000000e+03 1.957130876689118958e-06
2.243000000000000000e+03 1.957291479913943035e-06
2.244000000000000000e+03 1.957925002464161123e-06
2.245000000000000000e+03 1.961627393833099827e-06
2.246000000000000000e+03 1.958199595316017046e-06
2.247000000000000000e+03 1.958191664257148179e-06
2.248000000000000000e+03 1.958374092885027669e-06
2.249000000000000000e+03 1.961404452189203474e-06
2.250000000000000000e+03 1.957536771222426171e-06
2.251000000000000000e+03 1.957947040312926888e-06
2.252000000000000000e+03 1.957805369846220658e-06
2.253000000000000000e+03 1.957550156283314031e-06
2.254000000000000000e+03 1.957636165438549942e-06
2.255000000000000000e+03 1.957370819264994909e-06
2.256000000000000000e+03 1.960020877447003959e-06
2.257000000000000000e+03 1.959373594173446052e-06
2.258000000000000000e+03 1.958532252628993609e-06
2.259000000000000000e+03 1.958969786137074590e-06
2.260000000000000000e+03 1.957215026118935875e-06
2.261000000000000000e+03 1.958168938134546025e-06
2.262000000000000000e+03 1.956448518003109931e-06
2.263000000000000000e+03 1.957283025588401630e-06
2.264000000000000000e+03 1.957928927419907619e-06
2.265000000000000000e+03 1.958066663531984365e-06
2.266000000000000000e+03 1.957469051431948226e-06
2.267000000000000000e+03 1.956671168035975037e-06
2.268000000000000000e+03 1.958025593929487918e-06
2.269000000000000000e+03 1.959260573286013853e-06
2.270000000000000000e+03 1.959098655544710693e-06
2.271000000000000000e+03 1.960889992356333052e-06
2.272000000000000000e+03 1.959147740917173599e-06
2.273000000000000000e+03 1.958751259639350740e-06
2.274000000000000000e+03 1.960130926528420062e-06
2.275000000000000000e+03 1.956359110561253908e-06
2.276000000000000000e+03 1.957400052997710653e-06
2.277000000000000000e+03 1.958737076806902865e-06
2.278000000000000000e+03 1.958171242944471617e-06
2.279000000000000000e+03 1.957892157018376122e-06
2.280000000000000000e+03 1.957262811967022547e-06
2.281000000000000000e+03 1.959984725808306858e-06
2.282000000000000000e+03 1.958380909681050759e-06
2.283000000000000000e+03 1.957915721985453895e-06
2.284000000000000000e+03 1.956291567188629813e-06
2.285000000000000000e+03 1.957592108723801371e-06
2.286000000000000000e+03 1.957732158561939750e-06
2.287000000000000000e+03 1.958364252233859960e-06
2.288000000000000000e+03 1.955979826377118841e-06
2.289000000000000000e+03 1.959253310929015851e-06
2.290000000000000000e+03 1.957151178798081441e-06
2.291000000000000000e+03 1.959000926199670206e-06
2.292000000000000000e+03 1.957455949259935435e-06
2.293000000000000000e+03 1.957228533937339083e-06
2.294000000000000000e+03 1.958075096637877451e-06
2.295000000000000000e+03 1.956988604926384921e-06
2.296000000000000000e+03 1.957556549664279172e-06
2.297000000000000000e+03 1.956679798758349475e-06
2.298000000000000000e+03 1.957177575848754698e-06
2.299000000000000000e+03 1.957719991142403289e-06
2.300000000000000000e+03 1.956653153584454895e-06
2.301000000000000000e+03 1.955765362511919932e-06
2.302000000000000000e+03 1.957986485010397892e-06
2.303000000000000000e+03 1.958680524861572753e-06
2.304000000000000000e+03 1.958576446245864949e-06
2.305000000000000000e+03 1.959617074381752397e-06
2.306000000000000000e+03 1.957147250974775206e-06
2.307000000000000000e+03 1.956663967247147369e-06
2.308000000000000000e+03 1.958517174989731539e-06
2.309000000000000000e+03 1.957194052713808746e-06
2.310000000000000000e+03 1.958351820739854792e-06
2.311000000000000000e+03 1.956649578460375634e-06
2.312000000000000000e+03 1.957264703349080335e-06
2.313000000000000000e+03 1.956991966230475906e-06
2.314000000000000000e+03 1.957368026004292706e-06
2.315000000000000000e+03 1.958796503418713702e-06
2.316000000000000000e+03 1.957137706335323460e-06
2.317000000000000000e+03 1.957031785474553238e-06
2.318000000000000000e+03 1.959752860044663578e-06
2.319000000000000000e+03 1.960021998880617637e-06
2.320000000000000000e+03 1.959119279175112377e-06
2.321000000000000000e+03 1.960017366952863757e-06
2.322000000000000000e+03 1.962926079979273987e-06
2.323000000000000000e+03 1.957211359058502760e-06
2.324000000000000000e+03 1.957574989406998396e-06
2.325000000000000000e+03 1.956775332966634777e-06
2.326000000000000000e+03 1.959160963370930737e-06
2.327000000000000000e+03 1.956434664881248824e-06
2.328000000000000000e+03 1.958085834541469208e-06
2.329000000000000000e+03 1.956988214935458829e-06
2.330000000000000000e+03 1.956734779122862020e-06
2.331000000000000000e+03 1.957217525497877517e-06
2.332000000000000000e+03 1.956474662620651553e-06
2.333000000000000000e+03 1.956522342004323440e-06
2.334000000000000000e+03 1.956508773248943179e-06
2.335000000000000000e+03 1.958767451376576847e-06
2.336000000000000000e+03 1.957300175312897130e-06
2.337000000000000000e+03 1.956178542176253040e-06
2.338000000000000000e+03 1.960196469185753577e-06
2.339000000000000000e+03 1.960942501564448411e-06
2.340000000000000000e+03 1.956100042852684079e-06
2.341000000000000000e+03 1.957022515632435563e-06
2.342000000000000000e+03 1.956721294332777854e-06
2.343000000000000000e+03 1.957957382550665354e-06
2.344000000000000000e+03 1.958232013809006385e-06
2.345000000000000000e+03 1.955662009525447054e-06
2.346000000000000000e+03 1.955736836234306650e-06
2.347000000000000000e+03 1.960943321425596851e-06
2.348000000000000000e+03 1.956764681731039561e-06
2.349000000000000000e+03 1.956711264399728436e-06
2.350000000000000000e+03 1.955917750718001875e-06
2.351000000000000000e+03 1.956394973686015264e-06
2.352000000000000000e+03 1.957248027072626216e-06
2.353000000000000000e+03 1.956628432550207451e-06
2.354000000000000000e+03 1.955600062723220846e-06
2.355000000000000000e+03 1.956098572045448513e-06
2.356000000000000000e+03 1.956487351290887834e-06
2.357000000000000000e+03 1.956407572087884288e-06
2.358000000000000000e+03 1.957573943517787993e-06
2.359000000000000000e+03 1.956866769842606675e-06
2.360000000000000000e+03 1.955983766026049835e-06
2.361000000000000000e+03 1.956482500252059505e-06
2.362000000000000000e+03 1.956624901546323596e-06
2.363000000000000000e+03 1.958769131656629821e-06
2.364000000000000000e+03 1.957359867417071710e-06
2.365000000000000000e+03 1.957410525523861980e-06
2.366000000000000000e+03 1.956766534742490015e-06
2.367000000000000000e+03 1.956911649607193521e-06
2.368000000000000000e+03 1.958141213011554631e-06
2.369000000000000000e+03 1.956990400790262230e-06
2.370000000000000000e+03 1.957650536891363312e-06
2.371000000000000000e+03 1.956669193481818805e-06
2.372000000000000000e+03 1.959792200428666369e-06
2.373000000000000000e+03 1.956711774268926164e-06
2.374000000000000000e+03 1.955420989592571290e-06
2.375000000000000000e+03 1.957621760243496410e-06
2.376000000000000000e+03 1.959542050870834475e-06
2.377000000000000000e+03 1.956787800645464359e-06
2.378000000000000000e+03 1.955625020977468064e-06
2.379000000000000000e+03 1.958891951287678776e-06
2.380000000000000000e+03 1.956124370416918397e-06
2.381000000000000000e+03 1.958034497233235417e-06
2.382000000000000000e+03 1.956034223795170542e-06
2.383000000000000000e+03 1.955884381377424089e-06
2.384000000000000000e+03 1.958187442603692795e-06
2.385000000000000000e+03 1.955807098733277372e-06
2.386000000000000000e+03 1.957443907322284411e-06
2.387000000000000000e+03 1.957654207031138120e-06
2.388000000000000000e+03 1.956016458551125564e-06
2.389000000000000000e+03 1.956525543771978882e-06
2.390000000000000000e+03 1.957299233587025127e-06
2.391000000000000000e+03 1.957492998411375219e-06
2.392000000000000000e+03 1.956344998028664633e-06
2.393000000000000000e+03 1.955446463547686035e-06
2.394000000000000000e+03 1.957147937820356498e-06
2.395000000000000000e+03 1.956617357658333278e-06
2.396000000000000000e+03 1.955442989844346512e-06
2.397000000000000000e+03 1.956634539692909022e-06
2.398000000000000000e+03 1.956565691232073676e-06
2.399000000000000000e+03 1.957669245583980560e-06
2.400000000000000000e+03 1.956961761469658756e-06
2.401000000000000000e+03 1.955470718027340566e-06
2.402000000000000000e+03 1.955894765097214977e-06
2.403000000000000000e+03 1.956085451671407075e-06
2.404000000000000000e+03 1.955618823297603070e-06
2.405000000000000000e+03 1.955694859636490052e-06
2.406000000000000000e+03 1.956416092931161057e-06
2.407000000000000000e+03 1.956385979376188173e-06
2.408000000000000000e+03 1.955799364951602340e-06
2.409000000000000000e+03 1.957751149939458909e-06
2.410000000000000000e+03 1.957169211510056445e-06
2.411000000000000000e+03 1.956578483655952919e-06
2.412000000000000000e+03 1.955334030115720510e-06
2.413000000000000000e+03 1.956953652053432608e-06
2.414000000000000000e+03 1.956142506387870816e-06
2.415000000000000000e+03 1.956285096763418886e-06
2.416000000000000000e+03 1.956873133728670372e-06
2.417000000000000000e+03 1.955141382134865545e-06
2.418000000000000000e+03 1.955303217495730547e-06
2.419000000000000000e+03 1.956947104546753878e-06
2.420000000000000000e+03 1.958230483110218770e-06
2.421000000000000000e+03 1.956568661998679548e-06
2.422000000000000000e+03 1.955954742270906903e-06
2.423000000000000000e+03 1.955738685982466113e-06
2.424000000000000000e+03 1.956873963413127563e-06
2.425000000000000000e+03 1.955592000338883224e-06
2.426000000000000000e+03 1.960415454261876595e-06
2.427000000000000000e+03 1.955599815445581926e-06
2.428000000000000000e+03 1.957736547385187836e-06
2.429000000000000000e+03 1.957204698438339098e-06
2.430000000000000000e+03 1.955139479152441670e-06
2.431000000000000000e+03 1.956445589530562922e-06
2.432000000000000000e+03 1.958815097655543589e-06
2.433000000000000000e+03 1.957148898159435739e-06
2.434000000000000000e+03 1.956084551658032125e-06
2.435000000000000000e+03 1.955170084337842735e-06
2.436000000000000000e+03 1.959777283820038994e-06
2.437000000000000000e+03 1.956383703840414535e-06
2.438000000000000000e+03 1.957014350442475006e-06
2.439000000000000000e+03 1.954821911912892592e-06
2.440000000000000000e+03 1.955739826887032403e-06
2.441000000000000000e+03 1.957614283790865282e-06
2.442000000000000000e+03 1.956317329885360218e-06
2.443000000000000000e+03 1.960274757607909525e-06
2.444000000000000000e+03 1.957948113259022957e-06
2.445000000000000000e+03 1.956754143636125809e-06
2.446000000000000000e+03 1.954792544623547923e-06
2.447000000000000000e+03 1.955313367572374509e-06
2.448000000000000000e+03 1.956752096988782986e-06
2.449000000000000000e+03 1.956987565670205248e-06
2.450000000000000000e+03 1.955435290254504449e-06
2.451000000000000000e+03 1.955545622607878977e-06
2.452000000000000000e+03 1.955498371427478339e-06
2.453000000000000000e+03 1.954926828947153543e-06
2.454000000000000000e+03 1.955484939881196176e-06
2.455000000000000000e+03 1.957286497743164179e-06
2.456000000000000000e+03 1.956607004120232125e-06
2.457000000000000000e+03 1.958890386549596544e-06
2.458000000000000000e+03 1.956699019531379958e-06
2.459000000000000000e+03 1.958149187362560340e-06
2.460000000000000000e+03 1.955294065946683101e-06
2.461000000000000000e+03 1.955830903816170406e-06
2.462000000000000000e+03 1.958253678380010588e-06
2.463000000000000000e+03 1.955266677983983644e-06
2.464000000000000000e+03 1.956499070858439561e-06
2.465000000000000000e+03 1.954952582738779663e-06
2.466000000000000000e+03 1.957568743153117635e-06
2.467000000000000000e+03 1.956797766914919880e-06
2.468000000000000000e+03 1.955124267227625037e-06
2.469000000000000000e+03 1.957514053450788759e-06
2.470000000000000000e+03 1.955271681029750994e-06
2.471000000000000000e+03 1.956641616692768146e-06
2.472000000000000000e+03 1.955931860461707643e-06
2.473000000000000000e+03 1.957001424972975038e-06
2.474000000000000000e+03 1.957251535933128277e-06
2.475000000000000000e+03 1.955102701618813983e-06
2.476000000000000000e+03 1.955127645586161985e-06
2.477000000000000000e+03 1.955643073362134363e-06
2.478000000000000000e+03 1.956529444826812053e-06
2.479000000000000000e+03 1.955335981871973955e-06
2.480000000000000000e+03 1.955227210487470594e-06
2.481000000000000000e+03 1.956312364697760938e-06
2.482000000000000000e+03 1.955558898968439181e-06
2.483000000000000000e+03 1.955740175084839152e-06
2.484000000000000000e+03 1.957124090517573770e-06
2.485000000000000000e+03 1.955445467864808170e-06
2.486000000000000000e+03 1.954669930885610299e-06
2.487000000000000000e+03 1.956512435045693755e-06
2.488000000000000000e+03 1.956950827108882372e-06
2.489000000000000000e+03 1.955195415814408549e-06
2.490000000000000000e+03 1.957189672825086634e-06
2.491000000000000000e+03 1.955975820794264436e-06
2.492000000000000000e+03 1.956367055279474338e-06
2.493000000000000000e+03 1.954604586757237931e-06
2.494000000000000000e+03 1.955775152811217903e-06
2.495000000000000000e+03 1.955543593606716793e-06
2.496000000000000000e+03 1.955548350074262351e-06
2.497000000000000000e+03 1.955487228374400844e-06
2.498000000000000000e+03 1.955186476158912700e-06
2.499000000000000000e+03 1.955626076831965186e-06
2.500000000000000000e+03 1.955588064453321732e-06
2.501000000000000000e+03 1.955133971984281736e-06
2.502000000000000000e+03 1.954449599148134954e-06
2.503000000000000000e+03 1.955848326559790677e-06
2.504000000000000000e+03 1.956872462571095140e-06
2.505000000000000000e+03 1.957128747128912125e-06
2.506000000000000000e+03 1.955105919154228720e-06
2.507000000000000000e+03 1.955546023025564656e-06
2.508000000000000000e+03 1.955337801135426965e-06
2.509000000000000000e+03 1.955400001823512805e-06
2.510000000000000000e+03 1.954969103582064277e-06
2.511000000000000000e+03 1.955885759702279140e-06
2.512000000000000000e+03 1.954734935555232098e-06
2.513000000000000000e+03 1.956133984196054067e-06
2.514000000000000000e+03 1.960707801521310189e-06
2.515000000000000000e+03 1.954934778234611044e-06
2.516000000000000000e+03 1.955958148945400370e-06
2.517000000000000000e+03 1.955521519539419785e-06
2.518000000000000000e+03 1.956610811326205490e-06
2.519000000000000000e+03 1.954596530478264241e-06
2.520000000000000000e+03 1.954948897703065234e-06
2.521000000000000000e+03 1.954852515293393078e-06
2.522000000000000000e+03 1.955379363867098889e-06
2.523000000000000000e+03 1.956465764477838531e-06
2.524000000000000000e+03 1.955814539058622187e-06
2.525000000000000000e+03 1.954952020688329401e-06
2.526000000000000000e+03 1.954422795850075994e-06
2.527000000000000000e+03 1.957567836564151799e-06
2.528000000000000000e+03 1.955899638441830962e-06
2.529000000000000000e+03 1.954892699182664773e-06
2.530000000000000000e+03 1.956547266571720097e-06
2.531000000000000000e+03 1.955254605913583602e-06
2.532000000000000000e+03 1.956082206190640685e-06
2.533000000000000000e+03 1.957131554642018550e-06
2.534000000000000000e+03 1.954419052525388229e-06
2.535000000000000000e+03 1.958077657741330533e-06
2.536000000000000000e+03 1.955111110683175686e-06
2.537000000000000000e+03 1.954921614728901037e-06
2.538000000000000000e+03 1.955056623663762563e-06
2.539000000000000000e+03 1.958671731912548015e-06
2.540000000000000000e+03 1.956439279866190602e-06
2.541000000000000000e+03 1.955451555375659410e-06
2.542000000000000000e+03 1.954646720283591670e-06
2.543000000000000000e+03 1.955475345116418312e-06
2.544000000000000000e+03 1.955495691473108446e-06
2.545000000000000000e+03 1.954809942274206767e-06
2.546000000000000000e+03 1.954965343132750481e-06
2.547000000000000000e+03 1.954447751204678711e-06
2.548000000000000000e+03 1.955378466270582105e-06
2.549000000000000000e+03 1.955676425905584207e-06
2.550000000000000000e+03 1.955796684806124874e-06
2.551000000000000000e+03 1.956602832628064912e-06
2.552000000000000000e+03 1.956558678819492796e-06
2.553000000000000000e+03 1.955356516217777857e-06
2.554000000000000000e+03 1.954430196728314220e-06
2.555000000000000000e+03 1.955126813684058611e-06
2.556000000000000000e+03 1.954381700501999139e-06
2.557000000000000000e+03 1.954621838310804459e-06
2.558000000000000000e+03 1.958829187886433413e-06
2.559000000000000000e+03 1.955271346039813695e-06
2.560000000000000000e+03 1.955950304946386662e-06
2.561000000000000000e+03 1.954695155735480403e-06
2.562000000000000000e+03 1.954961750896809129e-06
2.563000000000000000e+03 1.955258523195808331e-06
2.564000000000000000e+03 1.955036734636240725e-06
2.565000000000000000e+03 1.954857749646546664e-06
2.566000000000000000e+03 1.954697845418130844e-06
2.567000000000000000e+03 1.955455274030665475e-06
2.568000000000000000e+03 1.958405837250386815e-06
2.569000000000000000e+03 1.954045285598653770e-06
2.570000000000000000e+03 1.954516266523526093e-06
2.571000000000000000e+03 1.958334909143067101e-06
2.572000000000000000e+03 1.956799681838029470e-06
2.573000000000000000e+03 1.955564834284102985e-06
2.574000000000000000e+03 1.955444102879812748e-06
2.575000000000000000e+03 1.955529689856081560e-06
2.576000000000000000e+03 1.956577810570210944e-06
2.577000000000000000e+03 1.954241658143826182e-06
2.578000000000000000e+03 1.954679058081631690e-06
2.579000000000000000e+03 1.955368927705396748e-06
2.580000000000000000e+03 1.955342232164903373e-06
2.581000000000000000e+03 1.954674573393443506e-06
2.582000000000000000e+03 1.954907721068755853e-06
2.583000000000000000e+03 1.954714764417760761e-06
2.584000000000000000e+03 1.955416881325090065e-06
2.585000000000000000e+03 1.955590615984978944e-06
2.586000000000000000e+03 1.955278559408930973e-06
2.587000000000000000e+03 1.955322712156072550e-06
2.588000000000000000e+03 1.955555974548032570e-06
2.589000000000000000e+03 1.957869107555074863e-06
2.590000000000000000e+03 1.955066320680168662e-06
2.591000000000000000e+03 1.954543976462287237e-06
2.592000000000000000e+03 1.955909927685125454e-06
2.593000000000000000e+03 1.953909103249375109e-06
2.594000000000000000e+03 1.954615780012949394e-06
2.595000000000000000e+03 1.954505427807797936e-06
2.596000000000000000e+03 1.954687896104034102e-06
2.597000000000000000e+03 1.954600337949145466e-06
2.598000000000000000e+03 1.954256751140104753e-06
2.599000000000000000e+03 1.954826239456541763e-06
2.600000000000000000e+03 1.956422557297532184e-06
2.601000000000000000e+03 1.954328883533551482e-06
2.602000000000000000e+03 1.954505832872505840e-06
2.603000000000000000e+03 1.954845731730215124e-06
2.604000000000000000e+03 1.955798553947892253e-06
2.605000000000000000e+03 1.955108624570188778e-06
2.606000000000000000e+03 1.954585957188038859e-06
2.607000000000000000e+03 1.954578405844273110e-06
2.608000000000000000e+03 1.956246381591797792e-06
2.609000000000000000e+03 1.954827503771959818e-06
2.610000000000000000e+03 1.955757162180876064e-06
2.611000000000000000e+03 1.956687555259368799e-06
2.612000000000000000e+03 1.959072986885494660e-06
2.613000000000000000e+03 1.955481549544592255e-06
2.614000000000000000e+03 1.954375481474488561e-06
2.615000000000000000e+03 1.954354950068160037e-06
2.616000000000000000e+03 1.954134524489069983e-06
2.617000000000000000e+03 1.954568814255258935e-06
2.618000000000000000e+03 1.954089136149890142e-06
2.619000000000000000e+03 1.954439912482487988e-06
2.620000000000000000e+03 1.957062683349937813e-06
2.621000000000000000e+03 1.955542007759679896e-06
2.622000000000000000e+03 1.954365679986317343e-06
2.623000000000000000e+03 1.955628874882199943e-06
2.624000000000000000e+03 1.954781699400224028e-06
2.625000000000000000e+03 1.954994058102001998e-06
2.626000000000000000e+03 1.954547662851236326e-06
2.627000000000000000e+03 1.955473499912121355e-06
2.628000000000000000e+03 1.954811516843826675e-06
2.629000000000000000e+03 1.954576527800789578e-06
2.630000000000000000e+03 1.954380065499360524e-06
2.631000000000000000e+03 1.954061280460871686e-06
2.632000000000000000e+03 1.954228585864394686e-06
2.633000000000000000e+03 1.954908654292569800e-06
2.634000000000000000e+03 1.955051737582178742e-06
2.635000000000000000e+03 1.953971866570048156e-06
2.636000000000000000e+03 1.954749380005233054e-06
2.637000000000000000e+03 1.955103283098965505e-06
2.638000000000000000e+03 1.954835974758589321e-06
2.639000000000000000e+03 1.954523120101408581e-06
2.640000000000000000e+03 1.955084016577968872e-06
2.641000000000000000e+03 1.954055494278687579e-06
2.642000000000000000e+03 1.956055872380008429e-06
2.643000000000000000e+03 1.956996952542960847e-06
2.644000000000000000e+03 1.955649723626599842e-06
2.645000000000000000e+03 1.954347389133802756e-06
2.646000000000000000e+03 1.954440124257278790e-06
2.647000000000000000e+03 1.956163972191453345e-06
2.648000000000000000e+03 1.953586003485983848e-06
2.649000000000000000e+03 1.955114162369766779e-06
2.650000000000000000e+03 1.954901076408184543e-06
2.651000000000000000e+03 1.954788569461255861e-06
2.652000000000000000e+03 1.953692890713781821e-06
2.653000000000000000e+03 1.954697899762298950e-06
2.654000000000000000e+03 1.955388698731499589e-06
2.655000000000000000e+03 1.954392849605088234e-06
2.656000000000000000e+03 1.953959535644225005e-06
2.657000000000000000e+03 1.954347934061805979e-06
2.658000000000000000e+03 1.954301144925289888e-06
2.659000000000000000e+03 1.954575732421719016e-06
2.660000000000000000e+03 1.954913969631660287e-06
2.661000000000000000e+03 1.956029525337075752e-06
2.662000000000000000e+03 1.955129788804002598e-06
2.663000000000000000e+03 1.955072170248822473e-06
2.664000000000000000e+03 1.954209906291495804e-06
2.665000000000000000e+03 1.955536172433702982e-06
2.666000000000000000e+03 1.954272258914094267e-06
2.667000000000000000e+03 1.954722828256424730e-06
2.668000000000000000e+03 1.953945067116945335e-06
2.669000000000000000e+03 1.954584667550973609e-06
2.670000000000000000e+03 1.954615850100976488e-06
2.671000000000000000e+03 1.954781634613772762e-06
2.672000000000000000e+03 1.954233884959496427e-06
2.673000000000000000e+03 1.955351936748646766e-06
2.674000000000000000e+03 1.954158752517948096e-06
2.675000000000000000e+03 1.954267665184823002e-06
2.676000000000000000e+03 1.954179974797028203e-06
2.677000000000000000e+03 1.954807240407621384e-06
2.678000000000000000e+03 1.954533679992841170e-06
2.679000000000000000e+03 1.953696031475041627e-06
2.680000000000000000e+03 1.954164758633812438e-06
2.681000000000000000e+03 1.954214453038791231e-06
2.682000000000000000e+03 1.953695448878743355e-06
2.683000000000000000e+03 1.953981719721385899e-06
2.684000000000000000e+03 1.954295194934886152e-06
2.685000000000000000e+03 1.954149845957065418e-06
2.686000000000000000e+03 1.954272203687102261e-06
2.687000000000000000e+03 1.955527183556155679e-06
2.688000000000000000e+03 1.954263830941018400e-06
2.689000000000000000e+03 1.953951610239475551e-06
2.690000000000000000e+03 1.954814588913889561e-06
2.691000000000000000e+03 1.955854340943803233e-06
2.692000000000000000e+03 1.954886219318645112e-06
2.693000000000000000e+03 1.955950101959879054e-06
2.694000000000000000e+03 1.955804907044908088e-06
2.695000000000000000e+03 1.953906980442940165e-06
2.696000000000000000e+03 1.954443277957531412e-06
2.697000000000000000e+03 1.954225104794071654e-06
2.698000000000000000e+03 1.954609767284492803e-06
2.699000000000000000e+03 1.954098746895038075e-06
2.700000000000000000e+03 1.954834194998439301e-06
2.701000000000000000e+03 1.954702801353483786e-06
2.702000000000000000e+03 1.956701417933868009e-06
2.703000000000000000e+03 1.955482822313671022e-06
2.704000000000000000e+03 1.955983480120126841e-06
2.705000000000000000e+03 1.954886528061101948e-06
2.706000000000000000e+03 1.953657414070702609e-06
2.707000000000000000e+03 1.954595349549006372e-06
2.708000000000000000e+03 1.954579722689725185e-06
2.709000000000000000e+03 1.954311459398896859e-06
2.710000000000000000e+03 1.954331732133581742e-06
2.711000000000000000e+03 1.953840733476492127e-06
2.712000000000000000e+03 1.953627781679209147e-06
2.713000000000000000e+03 1.954063275961051560e-06
2.714000000000000000e+03 1.954346697506446038e-06
2.715000000000000000e+03 1.955018443639387911e-06
2.716000000000000000e+03 1.954287340050871420e-06
2.717000000000000000e+03 1.953643837508993015e-06
2.718000000000000000e+03 1.953895779191460026e-06
2.719000000000000000e+03 1.954282412027915468e-06
2.720000000000000000e+03 1.954373647303181141e-06
2.721000000000000000e+03 1.954906245369263389e-06
2.722000000000000000e+03 1.954413131941997799e-06
2.723000000000000000e+03 1.955032123281963374e-06
2.724000000000000000e+03 1.954494229803187360e-06
2.725000000000000000e+03 1.954713050427367308e-06
2.726000000000000000e+03 1.955878288820860686e-06
2.727000000000000000e+03 1.954398926473277117e-06
2.728000000000000000e+03 1.954483926133713908e-06
2.729000000000000000e+03 1.954411366830507567e-06
2.730000000000000000e+03 1.954906610015807075e-06
2.731000000000000000e+03 1.955299860870298468e-06
2.732000000000000000e+03 1.954042514219821256e-06
2.733000000000000000e+03 1.955859046487317615e-06
2.734000000000000000e+03 1.954683790534128774e-06
2.735000000000000000e+03 1.955238417775169248e-06
2.736000000000000000e+03 1.955081076694963104e-06
2.737000000000000000e+03 1.953974126111761979e-06
2.738000000000000000e+03 1.954735253160248024e-06
2.739000000000000000e+03 1.954458827835059633e-06
2.740000000000000000e+03 1.954761069357568634e-06
2.741000000000000000e+03 1.953539963674441759e-06
2.742000000000000000e+03 1.954529680073857643e-06
2.743000000000000000e+03 1.954139309970940985e-06
2.744000000000000000e+03 1.955414829840144722e-06
2.745000000000000000e+03 1.954097058181178418e-06
2.746000000000000000e+03 1.954695727036347413e-06
2.747000000000000000e+03 1.953626927884600739e-06
2.748000000000000000e+03 1.954005633289447516e-06
2.749000000000000000e+03 1.953752329981545180e-06
2.750000000000000000e+03 1.953888096101400495e-06
2.751000000000000000e+03 1.953766263673564783e-06
2.752000000000000000e+03 1.954235435751405222e-06
2.753000000000000000e+03 1.953722322560496425e-06
2.754000000000000000e+03 1.954364128575595923e-06
2.755000000000000000e+03 1.955219421956670323e-06
2.756000000000000000e+03 1.954261402196183453e-06
2.757000000000000000e+03 1.954020629000038145e-06
2.758000000000000000e+03 1.954378920924039738e-06
2.759000000000000000e+03 1.955321883292527503e-06
2.760000000000000000e+03 1.954345768492355345e-06
2.761000000000000000e+03 1.954149683058023848e-06
2.762000000000000000e+03 1.954085151990838478e-06
2.763000000000000000e+03 1.954483262869465493e-06
2.764000000000000000e+03 1.954403151271872562e-06
2.765000000000000000e+03 1.954170747164068738e-06
2.766000000000000000e+03 1.953713079894516491e-06
2.767000000000000000e+03 1.953589242853738869e-06
2.768000000000000000e+03 1.954495268616196430e-06
2.769000000000000000e+03 1.953837259194925139e-06
2.770000000000000000e+03 1.954097663679930447e-06
2.771000000000000000e+03 1.954212770253933506e-06
2.772000000000000000e+03 1.954124849435900828e-06
2.773000000000000000e+03 1.953899913823465151e-06
2.774000000000000000e+03 1.954348297512657629e-06
2.775000000000000000e+03 1.954001606511782762e-06
2.776000000000000000e+03 1.953644511048797589e-06
2.777000000000000000e+03 1.953823519794910896e-06
2.778000000000000000e+03 1.954393959817745176e-06
2.779000000000000000e+03 1.955383760723270751e-06
2.780000000000000000e+03 1.955145429549607144e-06
2.781000000000000000e+03 1.953857860108782820e-06
2.782000000000000000e+03 1.954385366265992424e-06
2.783000000000000000e+03 1.953472079327399892e-06
2.784000000000000000e+03 1.953716511776544874e-06
2.785000000000000000e+03 1.953829392646827960e-06
2.786000000000000000e+03 1.953988294613649901e-06
2.787000000000000000e+03 1.954427446192536635e-06
2.788000000000000000e+03 1.955806821939871620e-06
2.789000000000000000e+03 1.953610778410056430e-06
2.790000000000000000e+03 1.953347193570469053e-06
2.791000000000000000e+03 1.953866775519184517e-06
2.792000000000000000e+03 1.954489882141369398e-06
2.793000000000000000e+03 1.953352230955746603e-06
2.794000000000000000e+03 1.955401849333719318e-06
2.795000000000000000e+03 1.954331389047486269e-06
2.796000000000000000e+03 1.954439936899095724e-06
2.797000000000000000e+03 1.953722046658930393e-06
2.798000000000000000e+03 1.953173103817065496e-06
2.799000000000000000e+03 1.954515766686437090e-06
2.800000000000000000e+03 1.953923284526958483e-06
2.801000000000000000e+03 1.953370282263488013e-06
2.802000000000000000e+03 1.954398248993656761e-06
2.803000000000000000e+03 1.954632275253598879e-06
2.804000000000000000e+03 1.954775426340526637e-06
2.805000000000000000e+03 1.955389775726291596e-06
2.806000000000000000e+03 1.953672659557122852e-06
2.807000000000000000e+03 1.954041116601213733e-06
2.808000000000000000e+03 1.953801235760757313e-06
2.809000000000000000e+03 1.953935961837572805e-06
2.810000000000000000e+03 1.954518565580123115e-06
2.811000000000000000e+03 1.953983930451892706e-06
2.812000000000000000e+03 1.953874117187390016e-06
2.813000000000000000e+03 1.954144951120100127e-06
2.814000000000000000e+03 1.953228344521086307e-06
2.815000000000000000e+03 1.953760100427621551e-06
2.816000000000000000e+03 1.953450593119760552e-06
2.817000000000000000e+03 1.954475807223760375e-06
2.818000000000000000e+03 1.953724788965610947e-06
2.819000000000000000e+03 1.953517904746519100e-06
2.820000000000000000e+03 1.953622614861392590e-06
2.821000000000000000e+03 1.953863501214216851e-06
2.822000000000000000e+03 1.955062436618687933e-06
2.823000000000000000e+03 1.953432248220115796e-06
2.824000000000000000e+03 1.954154913189200154e-06
2.825000000000000000e+03 1.953287741277650519e-06
2.826000000000000000e+03 1.953750481445505958e-06
2.827000000000000000e+03 1.953961672889933616e-06
2.828000000000000000e+03 1.955119901898711498e-06
2.829000000000000000e+03 1.954149974524928205e-06
2.830000000000000000e+03 1.953356311626024503e-06
2.831000000000000000e+03 1.954336989589739383e-06
2.832000000000000000e+03 1.953796815811163033e-06
2.833000000000000000e+03 1.953903636965021355e-06
2.834000000000000000e+03 1.953522158769139088e-06
2.835000000000000000e+03 1.953892932970992649e-06
2.836000000000000000e+03 1.953248410410503771e-06
2.837000000000000000e+03 1.954110914045877475e-06
2.838000000000000000e+03 1.953335176167064666e-06
2.839000000000000000e+03 1.953541842720330761e-06
2.840000000000000000e+03 1.953677361846371379e-06
2.841000000000000000e+03 1.953592898920742273e-06
2.842000000000000000e+03 1.956729111359089537e-06
2.843000000000000000e+03 1.953097162067479370e-06
2.844000000000000000e+03 1.953692507976342752e-06
2.845000000000000000e+03 1.953574140658161566e-06
2.846000000000000000e+03 1.953777694423751964e-06
2.847000000000000000e+03 1.954248700817139793e-06
2.848000000000000000e+03 1.953870421442091698e-06
2.849000000000000000e+03 1.953673557800499640e-06
2.850000000000000000e+03 1.953900673519982355e-06
2.851000000000000000e+03 1.953932736203836149e-06
2.852000000000000000e+03 1.953280746925668771e-06
2.853000000000000000e+03 1.953928422310454960e-06
2.854000000000000000e+03 1.953409697171560732e-06
2.855000000000000000e+03 1.953630090576189835e-06
2.856000000000000000e+03 1.953608044500733036e-06
2.857000000000000000e+03 1.953501287989979206e-06
2.858000000000000000e+03 1.953949164143085128e-06
2.859000000000000000e+03 1.953617831209240233e-06
2.860000000000000000e+03 1.953722125180434250e-06
2.861000000000000000e+03 1.954623509087852073e-06
2.862000000000000000e+03 1.954152332518020946e-06
2.863000000000000000e+03 1.953397806053687162e-06
2.864000000000000000e+03 1.954124233636265084e-06
2.865000000000000000e+03 1.954256276756818719e-06
2.866000000000000000e+03 1.955392183316073381e-06
2.867000000000000000e+03 1.953919247362621671e-06
2.868000000000000000e+03 1.953685962646469240e-06
2.869000000000000000e+03 1.953415075686642130e-06
2.870000000000000000e+03 1.953706774105824313e-06
2.871000000000000000e+03 1.953385751471961559e-06
2.872000000000000000e+03 1.953320391930239918e-06
2.873000000000000000e+03 1.954137164880191094e-06
2.874000000000000000e+03 1.954507234776328429e-06
2.875000000000000000e+03 1.954297515281220082e-06
2.876000000000000000e+03 1.954870257453003080e-06
2.877000000000000000e+03 1.953655932471013686e-06
2.878000000000000000e+03 1.953288338420494521e-06
2.879000000000000000e+03 1.953566105528761583e-06
2.880000000000000000e+03 1.953476113654002266e-06
2.881000000000000000e+03 1.953759982968876235e-06
2.882000000000000000e+03 1.953622305953090091e-06
2.883000000000000000e+03 1.955123919598011801e-06
2.884000000000000000e+03 1.953891520270362530e-06
2.885000000000000000e+03 1.953970659968527781e-06
2.886000000000000000e+03 1.954160152612968672e-06
2.887000000000000000e+03 1.953648656195420793e-06
2.888000000000000000e+03 1.953414129893107426e-06
2.889000000000000000e+03 1.953525654857544740e-06
2.890000000000000000e+03 1.953240449937991024e-06
2.891000000000000000e+03 1.954242417367555430e-06
2.892000000000000000e+03 1.952791475890696075e-06
2.893000000000000000e+03 1.953801167837617683e-06
2.894000000000000000e+03 1.953175715383967967e-06
2.895000000000000000e+03 1.953920888684284468e-06
2.896000000000000000e+03 1.953075279553806860e-06
2.897000000000000000e+03 1.953537262960934608e-06
2.898000000000000000e+03 1.954374329327047709e-06
2.899000000000000000e+03 1.953054114863035282e-06
2.900000000000000000e+03 1.953597443450698567e-06
2.901000000000000000e+03 1.953526865691809878e-06
2.902000000000000000e+03 1.955170422945368390e-06
2.903000000000000000e+03 1.953108207481318218e-06
2.904000000000000000e+03 1.953453613288514022e-06
2.905000000000000000e+03 1.953537990561349033e-06
2.906000000000000000e+03 1.953941211808966583e-06
2.907000000000000000e+03 1.953816278553847110e-06
2.908000000000000000e+03 1.954011292807471149e-06
2.909000000000000000e+03 1.954593823611592972e-06
2.910000000000000000e+03 1.953488347656614637e-06
2.911000000000000000e+03 1.953106142828148379e-06
2.912000000000000000e+03 1.953403918718302819e-06
2.913000000000000000e+03 1.953180657867676224e-06
2.914000000000000000e+03 1.953206132193250993e-06
2.915000000000000000e+03 1.954769407862299015e-06
2.916000000000000000e+03 1.953695167634235370e-06
2.917000000000000000e+03 1.953450592334331464e-06
2.918000000000000000e+03 1.953454801770368694e-06
2.919000000000000000e+03 1.953580793311134596e-06
2.920000000000000000e+03 1.953055009615624546e-06
2.921000000000000000e+03 1.953463177089728060e-06
2.922000000000000000e+03 1.954093842520432247e-06
2.923000000000000000e+03 1.953589110489480765e-06
2.924000000000000000e+03 1.953121193030304399e-06
2.925000000000000000e+03 1.952971645730510154e-06
2.926000000000000000e+03 1.953577220551688839e-06
2.927000000000000000e+03 1.953061612130200893e-06
2.928000000000000000e+03 1.953107969224459908e-06
2.929000000000000000e+03 1.953178348300452340e-06
2.930000000000000000e+03 1.953196953874365911e-06
2.931000000000000000e+03 1.953287650489493446e-06
2.932000000000000000e+03 1.954124641974288191e-06
2.933000000000000000e+03 1.953332414819092775e-06
2.934000000000000000e+03 1.954408866690919327e-06
2.935000000000000000e+03 1.953749106879244414e-06
2.936000000000000000e+03 1.953191114006941805e-06
2.937000000000000000e+03 1.953921294653776449e-06
2.938000000000000000e+03 1.953152221275456384e-06
2.939000000000000000e+03 1.953670983064405331e-06
2.940000000000000000e+03 1.953333134446379714e-06
2.941000000000000000e+03 1.953112844446019588e-06
2.942000000000000000e+03 1.954292904161983786e-06
2.943000000000000000e+03 1.953809073137128727e-06
2.944000000000000000e+03 1.953187444750613467e-06
2.945000000000000000e+03 1.953675899712645196e-06
2.946000000000000000e+03 1.954095897310666169e-06
2.947000000000000000e+03 1.952718223990384900e-06
2.948000000000000000e+03 1.954022640022872660e-06
2.949000000000000000e+03 1.953421619199337320e-06
2.950000000000000000e+03 1.953328359134523719e-06
2.951000000000000000e+03 1.953690280773399026e-06
2.952000000000000000e+03 1.953616988400144319e-06
2.953000000000000000e+03 1.953303344150938156e-06
2.954000000000000000e+03 1.953529682996290219e-06
2.955000000000000000e+03 1.953783563178249213e-06
2.956000000000000000e+03 1.953836256047651164e-06
2.957000000000000000e+03 1.953210506740065802e-06
2.958000000000000000e+03 1.953598487914327532e-06
2.959000000000000000e+03 1.953318405971367386e-06
2.960000000000000000e+03 1.954077097151093197e-06
2.961000000000000000e+03 1.953108611960218983e-06
2.962000000000000000e+03 1.953025560838973164e-06
2.963000000000000000e+03 1.953226596047531798e-06
2.964000000000000000e+03 1.953517152164558151e-06
2.965000000000000000e+03 1.953209667331581014e-06
2.966000000000000000e+03 1.953325042451888262e-06
2.967000000000000000e+03 1.953050606861293339e-06
2.968000000000000000e+03 1.953229936020582431e-06
2.969000000000000000e+03 1.954448600678240442e-06
2.970000000000000000e+03 1.953959551472333703e-06
2.971000000000000000e+03 1.954194461594673444e-06
2.972000000000000000e+03 1.953000516037611172e-06
2.973000000000000000e+03 1.952829489418721311e-06
2.974000000000000000e+03 1.953622239343987824e-06
2.975000000000000000e+03 1.953207191891449799e-06
2.976000000000000000e+03 1.953482713150133931e-06
2.977000000000000000e+03 1.953016758095557380e-06
2.978000000000000000e+03 1.953423267493499630e-06
2.979000000000000000e+03 1.954083339575534192e-06
2.980000000000000000e+03 1.953180878779912871e-06
2.981000000000000000e+03 1.954178378175044426e-06
2.982000000000000000e+03 1.952792390946632897e-06
2.983000000000000000e+03 1.953457410105869694e-06
2.984000000000000000e+03 1.953450459203522519e-06
2.985000000000000000e+03 1.953335285299071229e-06
2.986000000000000000e+03 1.954874932665824044e-06
2.987000000000000000e+03 1.952952724447370836e-06
2.988000000000000000e+03 1.953172107209978123e-06
2.989000000000000000e+03 1.953305731401444633e-06
2.990000000000000000e+03 1.953347127083972264e-06
2.991000000000000000e+03 1.953580079744246422e-06
2.992000000000000000e+03 1.953067634263016116e-06
2.993000000000000000e+03 1.952596196789872536e-06
2.994000000000000000e+03 1.953045338289250434e-06
2.995000000000000000e+03 1.953156631330237085e-06
2.996000000000000000e+03 1.953037284975833537e-06
2.997000000000000000e+03 1.953121296005866284e-06
2.998000000000000000e+03 1.953132264381294132e-06
2.999000000000000000e+03 1.953260676496879770e-06
