>> Device being used: cuda (NVIDIA GeForce RTX 4090)
Total number of parameters: 1321
>> Training Mesh resolution: 257x257
tensor(0.8109)
tensor(3.3456)
>> Preprocessing completed, time elapsed:  0.61s
>> ntrain: 300, lr: 0.01, gamma: 0.6, w_d: 0.0
----------------------------------------------------------------------------------------------------
>> epoch [   1/3000], runtime: 4.47s, train err: 1.0365e+00, valid err: 5.2693e-01 , test err: 5.0943e-01
>> epoch [   2/3000], runtime:  5.01s, train err: 5.1765e-01 (best:  1.0365e+00/ 5.2693e-01)
>> epoch [   3/3000], runtime: 4.88s, train err: 4.9857e-01, valid err: 4.6512e-01 , test err: 4.5505e-01
>> epoch [   4/3000], runtime:  6.43s, train err: 4.6210e-01 (best:  4.9857e-01/ 4.6512e-01)
>> epoch [   5/3000], runtime:  4.22s, train err: 4.4679e-01 (best:  4.9857e-01/ 4.6512e-01)
>> epoch [   6/3000], runtime: 4.15s, train err: 4.1435e-01, valid err: 3.9514e-01 , test err: 3.7341e-01
>> epoch [   7/3000], runtime: 4.72s, train err: 4.0211e-01, valid err: 3.7141e-01 , test err: 3.3813e-01
>> epoch [   8/3000], runtime: 5.68s, train err: 3.5070e-01, valid err: 3.5077e-01 , test err: 3.0679e-01
>> epoch [   9/3000], runtime: 5.97s, train err: 3.0403e-01, valid err: 2.6715e-01 , test err: 2.5418e-01
>> epoch [  10/3000], runtime: 6.33s, train err: 2.3896e-01, valid err: 2.4419e-01 , test err: 2.0948e-01
>> epoch [  11/3000], runtime: 6.42s, train err: 1.7018e-01, valid err: 1.4891e-01 , test err: 1.2588e-01
>> epoch [  12/3000], runtime: 6.50s, train err: 1.1228e-01, valid err: 1.1156e-01 , test err: 1.0023e-01
>> epoch [  13/3000], runtime: 6.51s, train err: 7.3145e-02, valid err: 8.2135e-02 , test err: 6.6898e-02
>> epoch [  14/3000], runtime: 6.36s, train err: 5.6760e-02, valid err: 7.5576e-02 , test err: 6.8504e-02
>> epoch [  15/3000], runtime: 6.17s, train err: 4.9586e-02, valid err: 5.3844e-02 , test err: 3.7517e-02
>> epoch [  16/3000], runtime: 6.80s, train err: 3.8939e-02, valid err: 3.5001e-02 , test err: 2.4696e-02
>> epoch [  17/3000], runtime:  6.28s, train err: 3.1991e-02 (best:  3.8939e-02/ 3.5001e-02)
>> epoch [  18/3000], runtime: 6.26s, train err: 2.3625e-02, valid err: 2.6657e-02 , test err: 1.9465e-02
>> epoch [  19/3000], runtime: 7.50s, train err: 2.0848e-02, valid err: 2.4890e-02 , test err: 1.9365e-02
>> epoch [  20/3000], runtime: 6.24s, train err: 2.0279e-02, valid err: 2.4512e-02 , test err: 1.9435e-02
>> epoch [  21/3000], runtime:  5.44s, train err: 2.0154e-02 (best:  2.0279e-02/ 2.4512e-02)
>> epoch [  22/3000], runtime:  6.03s, train err: 2.2961e-02 (best:  2.0279e-02/ 2.4512e-02)
>> epoch [  23/3000], runtime: 6.65s, train err: 1.8747e-02, valid err: 1.9698e-02 , test err: 1.4942e-02
>> epoch [  24/3000], runtime:  7.26s, train err: 2.3554e-02 (best:  1.8747e-02/ 1.9698e-02)
>> epoch [  25/3000], runtime:  6.17s, train err: 1.8999e-02 (best:  1.8747e-02/ 1.9698e-02)
>> epoch [  26/3000], runtime:  6.52s, train err: 2.0652e-02 (best:  1.8747e-02/ 1.9698e-02)
>> epoch [  27/3000], runtime:  7.41s, train err: 1.9161e-02 (best:  1.8747e-02/ 1.9698e-02)
>> epoch [  28/3000], runtime:  6.65s, train err: 2.1796e-02 (best:  1.8747e-02/ 1.9698e-02)
>> epoch [  29/3000], runtime:  6.73s, train err: 1.6128e-02 (best:  1.8747e-02/ 1.9698e-02)
>> epoch [  30/3000], runtime:  6.62s, train err: 2.0891e-02 (best:  1.8747e-02/ 1.9698e-02)
>> epoch [  31/3000], runtime: 5.54s, train err: 1.5229e-02, valid err: 1.6906e-02 , test err: 1.2595e-02
>> epoch [  32/3000], runtime:  6.97s, train err: 1.5790e-02 (best:  1.5229e-02/ 1.6906e-02)
>> epoch [  33/3000], runtime: 5.26s, train err: 1.3468e-02, valid err: 1.4686e-02 , test err: 1.1086e-02
>> epoch [  34/3000], runtime:  5.21s, train err: 1.3199e-02 (best:  1.3468e-02/ 1.4686e-02)
>> epoch [  35/3000], runtime:  6.79s, train err: 1.2828e-02 (best:  1.3468e-02/ 1.4686e-02)
>> epoch [  36/3000], runtime:  7.38s, train err: 1.2149e-02 (best:  1.3468e-02/ 1.4686e-02)
>> epoch [  37/3000], runtime:  6.87s, train err: 1.6557e-02 (best:  1.3468e-02/ 1.4686e-02)
>> epoch [  38/3000], runtime:  6.69s, train err: 1.8420e-02 (best:  1.3468e-02/ 1.4686e-02)
>> epoch [  39/3000], runtime: 5.81s, train err: 9.8228e-03, valid err: 1.1438e-02 , test err: 8.2132e-03
>> epoch [  40/3000], runtime: 5.99s, train err: 9.6557e-03, valid err: 1.0976e-02 , test err: 8.0365e-03
>> epoch [  41/3000], runtime:  7.02s, train err: 1.3271e-02 (best:  9.6557e-03/ 1.0976e-02)
>> epoch [  42/3000], runtime:  7.38s, train err: 1.0761e-02 (best:  9.6557e-03/ 1.0976e-02)
>> epoch [  43/3000], runtime: 4.48s, train err: 8.3625e-03, valid err: 9.1852e-03 , test err: 6.6082e-03
>> epoch [  44/3000], runtime: 5.98s, train err: 7.7906e-03, valid err: 8.6550e-03 , test err: 6.1580e-03
>> epoch [  45/3000], runtime:  5.41s, train err: 7.2960e-03 (best:  7.7906e-03/ 8.6550e-03)
>> epoch [  46/3000], runtime:  6.76s, train err: 8.1428e-03 (best:  7.7906e-03/ 8.6550e-03)
>> epoch [  47/3000], runtime:  6.67s, train err: 7.8045e-03 (best:  7.7906e-03/ 8.6550e-03)
>> epoch [  48/3000], runtime:  6.69s, train err: 7.1621e-03 (best:  7.7906e-03/ 8.6550e-03)
>> epoch [  49/3000], runtime: 7.15s, train err: 7.1696e-03, valid err: 6.6110e-03 , test err: 4.7458e-03
>> epoch [  50/3000], runtime:  5.50s, train err: 6.3544e-03 (best:  7.1696e-03/ 6.6110e-03)
>> epoch [  51/3000], runtime: 5.22s, train err: 5.8106e-03, valid err: 6.2169e-03 , test err: 4.7330e-03
>> epoch [  52/3000], runtime:  6.73s, train err: 6.1474e-03 (best:  5.8106e-03/ 6.2169e-03)
>> epoch [  53/3000], runtime:  7.61s, train err: 5.8382e-03 (best:  5.8106e-03/ 6.2169e-03)
>> epoch [  54/3000], runtime:  7.02s, train err: 7.3252e-03 (best:  5.8106e-03/ 6.2169e-03)
>> epoch [  55/3000], runtime:  6.24s, train err: 6.6100e-03 (best:  5.8106e-03/ 6.2169e-03)
>> epoch [  56/3000], runtime: 6.92s, train err: 4.7939e-03, valid err: 5.2672e-03 , test err: 4.4675e-03
>> epoch [  57/3000], runtime:  5.80s, train err: 4.9701e-03 (best:  4.7939e-03/ 5.2672e-03)
>> epoch [  58/3000], runtime:  7.38s, train err: 5.2537e-03 (best:  4.7939e-03/ 5.2672e-03)
>> epoch [  59/3000], runtime:  6.92s, train err: 4.9631e-03 (best:  4.7939e-03/ 5.2672e-03)
>> epoch [  60/3000], runtime:  6.29s, train err: 4.7815e-03 (best:  4.7939e-03/ 5.2672e-03)
>> epoch [  61/3000], runtime:  6.03s, train err: 5.0082e-03 (best:  4.7939e-03/ 5.2672e-03)
>> epoch [  62/3000], runtime:  6.89s, train err: 4.6437e-03 (best:  4.7939e-03/ 5.2672e-03)
>> epoch [  63/3000], runtime:  5.61s, train err: 5.5098e-03 (best:  4.7939e-03/ 5.2672e-03)
>> epoch [  64/3000], runtime:  6.58s, train err: 5.2521e-03 (best:  4.7939e-03/ 5.2672e-03)
>> epoch [  65/3000], runtime:  6.45s, train err: 8.5451e-03 (best:  4.7939e-03/ 5.2672e-03)
>> epoch [  66/3000], runtime:  7.00s, train err: 5.7852e-03 (best:  4.7939e-03/ 5.2672e-03)
>> epoch [  67/3000], runtime:  7.09s, train err: 4.6875e-03 (best:  4.7939e-03/ 5.2672e-03)
>> epoch [  68/3000], runtime: 7.70s, train err: 4.4153e-03, valid err: 4.0091e-03 , test err: 3.6441e-03
>> epoch [  69/3000], runtime: 6.93s, train err: 4.1893e-03, valid err: 3.8413e-03 , test err: 3.4379e-03
>> epoch [  70/3000], runtime:  7.59s, train err: 5.0384e-03 (best:  4.1893e-03/ 3.8413e-03)
>> epoch [  71/3000], runtime:  6.80s, train err: 4.0316e-03 (best:  4.1893e-03/ 3.8413e-03)
>> epoch [  72/3000], runtime:  6.40s, train err: 3.9719e-03 (best:  4.1893e-03/ 3.8413e-03)
>> epoch [  73/3000], runtime:  7.83s, train err: 4.2173e-03 (best:  4.1893e-03/ 3.8413e-03)
>> epoch [  74/3000], runtime:  7.04s, train err: 4.5282e-03 (best:  4.1893e-03/ 3.8413e-03)
>> epoch [  75/3000], runtime:  9.50s, train err: 3.8909e-03 (best:  4.1893e-03/ 3.8413e-03)
>> epoch [  76/3000], runtime:  8.62s, train err: 4.7345e-03 (best:  4.1893e-03/ 3.8413e-03)
>> epoch [  77/3000], runtime: 7.07s, train err: 4.1659e-03, valid err: 3.5643e-03 , test err: 3.2910e-03
>> epoch [  78/3000], runtime:  9.21s, train err: 4.0639e-03 (best:  4.1659e-03/ 3.5643e-03)
>> epoch [  79/3000], runtime:  8.80s, train err: 3.8520e-03 (best:  4.1659e-03/ 3.5643e-03)
>> epoch [  80/3000], runtime:  6.14s, train err: 5.3058e-03 (best:  4.1659e-03/ 3.5643e-03)
>> epoch [  81/3000], runtime:  8.52s, train err: 4.2727e-03 (best:  4.1659e-03/ 3.5643e-03)
>> epoch [  82/3000], runtime: 7.16s, train err: 3.5426e-03, valid err: 3.3369e-03 , test err: 2.9299e-03
>> epoch [  83/3000], runtime:  8.95s, train err: 9.3472e-03 (best:  3.5426e-03/ 3.3369e-03)
>> epoch [  84/3000], runtime:  9.57s, train err: 6.1145e-03 (best:  3.5426e-03/ 3.3369e-03)
>> epoch [  85/3000], runtime:  8.95s, train err: 3.7410e-03 (best:  3.5426e-03/ 3.3369e-03)
>> epoch [  86/3000], runtime: 9.58s, train err: 3.3261e-03, valid err: 3.1871e-03 , test err: 2.8746e-03
>> epoch [  87/3000], runtime:  8.10s, train err: 3.4736e-03 (best:  3.3261e-03/ 3.1871e-03)
>> epoch [  88/3000], runtime:  9.20s, train err: 3.8691e-03 (best:  3.3261e-03/ 3.1871e-03)
>> epoch [  89/3000], runtime:  7.89s, train err: 3.7090e-03 (best:  3.3261e-03/ 3.1871e-03)
>> epoch [  90/3000], runtime:  8.66s, train err: 5.1585e-03 (best:  3.3261e-03/ 3.1871e-03)
>> epoch [  91/3000], runtime:  10.14s, train err: 5.1244e-03 (best:  3.3261e-03/ 3.1871e-03)
>> epoch [  92/3000], runtime:  8.69s, train err: 6.3137e-03 (best:  3.3261e-03/ 3.1871e-03)
>> epoch [  93/3000], runtime:  10.18s, train err: 4.0539e-03 (best:  3.3261e-03/ 3.1871e-03)
>> epoch [  94/3000], runtime:  8.66s, train err: 3.3924e-03 (best:  3.3261e-03/ 3.1871e-03)
>> epoch [  95/3000], runtime:  9.33s, train err: 3.1987e-03 (best:  3.3261e-03/ 3.1871e-03)
>> epoch [  96/3000], runtime:  8.18s, train err: 3.6167e-03 (best:  3.3261e-03/ 3.1871e-03)
>> epoch [  97/3000], runtime:  9.05s, train err: 4.0163e-03 (best:  3.3261e-03/ 3.1871e-03)
>> epoch [  98/3000], runtime: 8.41s, train err: 3.0811e-03, valid err: 2.9777e-03 , test err: 2.9857e-03
>> epoch [  99/3000], runtime:  9.93s, train err: 3.9246e-03 (best:  3.0811e-03/ 2.9777e-03)
>> epoch [ 100/3000], runtime:  8.84s, train err: 4.8419e-03 (best:  3.0811e-03/ 2.9777e-03)
>> epoch [ 101/3000], runtime:  9.97s, train err: 7.7762e-03 (best:  3.0811e-03/ 2.9777e-03)
>> epoch [ 102/3000], runtime:  8.49s, train err: 4.0462e-03 (best:  3.0811e-03/ 2.9777e-03)
>> epoch [ 103/3000], runtime: 9.66s, train err: 2.8509e-03, valid err: 2.3908e-03 , test err: 2.2897e-03
>> epoch [ 104/3000], runtime:  9.26s, train err: 2.9000e-03 (best:  2.8509e-03/ 2.3908e-03)
>> epoch [ 105/3000], runtime:  9.16s, train err: 3.1958e-03 (best:  2.8509e-03/ 2.3908e-03)
>> epoch [ 106/3000], runtime:  9.98s, train err: 3.0685e-03 (best:  2.8509e-03/ 2.3908e-03)
>> epoch [ 107/3000], runtime:  9.23s, train err: 3.4471e-03 (best:  2.8509e-03/ 2.3908e-03)
>> epoch [ 108/3000], runtime: 10.13s, train err: 2.8172e-03, valid err: 2.2590e-03 , test err: 2.0077e-03
>> epoch [ 109/3000], runtime:  10.38s, train err: 4.4927e-03 (best:  2.8172e-03/ 2.2590e-03)
>> epoch [ 110/3000], runtime:  10.07s, train err: 2.5237e-03 (best:  2.8172e-03/ 2.2590e-03)
>> epoch [ 111/3000], runtime:  8.08s, train err: 4.1204e-03 (best:  2.8172e-03/ 2.2590e-03)
>> epoch [ 112/3000], runtime:  8.22s, train err: 4.2701e-03 (best:  2.8172e-03/ 2.2590e-03)
>> epoch [ 113/3000], runtime:  9.48s, train err: 5.8282e-03 (best:  2.8172e-03/ 2.2590e-03)
>> epoch [ 114/3000], runtime:  9.29s, train err: 3.6127e-03 (best:  2.8172e-03/ 2.2590e-03)
>> epoch [ 115/3000], runtime:  9.58s, train err: 2.3925e-03 (best:  2.8172e-03/ 2.2590e-03)
>> epoch [ 116/3000], runtime: 8.54s, train err: 2.2539e-03, valid err: 2.2526e-03 , test err: 2.1140e-03
>> epoch [ 117/3000], runtime:  9.30s, train err: 2.4950e-03 (best:  2.2539e-03/ 2.2526e-03)
>> epoch [ 118/3000], runtime:  9.45s, train err: 2.8814e-03 (best:  2.2539e-03/ 2.2526e-03)
>> epoch [ 119/3000], runtime:  8.93s, train err: 2.4497e-03 (best:  2.2539e-03/ 2.2526e-03)
>> epoch [ 120/3000], runtime:  9.14s, train err: 2.8545e-03 (best:  2.2539e-03/ 2.2526e-03)
>> epoch [ 121/3000], runtime:  6.26s, train err: 2.8071e-03 (best:  2.2539e-03/ 2.2526e-03)
>> epoch [ 122/3000], runtime:  9.78s, train err: 2.5386e-03 (best:  2.2539e-03/ 2.2526e-03)
>> epoch [ 123/3000], runtime: 7.41s, train err: 2.1731e-03, valid err: 1.9673e-03 , test err: 1.8794e-03
>> epoch [ 124/3000], runtime:  7.74s, train err: 2.3249e-03 (best:  2.1731e-03/ 1.9673e-03)
>> epoch [ 125/3000], runtime:  9.02s, train err: 2.1963e-03 (best:  2.1731e-03/ 1.9673e-03)
>> epoch [ 126/3000], runtime: 6.98s, train err: 2.0467e-03, valid err: 1.6378e-03 , test err: 1.6363e-03
>> epoch [ 127/3000], runtime:  9.30s, train err: 2.2079e-03 (best:  2.0467e-03/ 1.6378e-03)
>> epoch [ 128/3000], runtime:  7.78s, train err: 1.9825e-03 (best:  2.0467e-03/ 1.6378e-03)
>> epoch [ 129/3000], runtime:  7.67s, train err: 2.1067e-03 (best:  2.0467e-03/ 1.6378e-03)
>> epoch [ 130/3000], runtime:  9.43s, train err: 1.9460e-03 (best:  2.0467e-03/ 1.6378e-03)
>> epoch [ 131/3000], runtime:  7.99s, train err: 2.3826e-03 (best:  2.0467e-03/ 1.6378e-03)
>> epoch [ 132/3000], runtime:  9.95s, train err: 2.3460e-03 (best:  2.0467e-03/ 1.6378e-03)
>> epoch [ 133/3000], runtime:  9.08s, train err: 2.0319e-03 (best:  2.0467e-03/ 1.6378e-03)
>> epoch [ 134/3000], runtime:  9.40s, train err: 2.1941e-03 (best:  2.0467e-03/ 1.6378e-03)
>> epoch [ 135/3000], runtime:  8.63s, train err: 2.7236e-03 (best:  2.0467e-03/ 1.6378e-03)
>> epoch [ 136/3000], runtime:  9.49s, train err: 2.1249e-03 (best:  2.0467e-03/ 1.6378e-03)
>> epoch [ 137/3000], runtime:  8.70s, train err: 2.5258e-03 (best:  2.0467e-03/ 1.6378e-03)
>> epoch [ 138/3000], runtime:  9.68s, train err: 1.9160e-03 (best:  2.0467e-03/ 1.6378e-03)
>> epoch [ 139/3000], runtime:  6.28s, train err: 1.9460e-03 (best:  2.0467e-03/ 1.6378e-03)
>> epoch [ 140/3000], runtime:  9.55s, train err: 2.1169e-03 (best:  2.0467e-03/ 1.6378e-03)
>> epoch [ 141/3000], runtime:  9.58s, train err: 1.9367e-03 (best:  2.0467e-03/ 1.6378e-03)
>> epoch [ 142/3000], runtime:  9.32s, train err: 2.1893e-03 (best:  2.0467e-03/ 1.6378e-03)
>> epoch [ 143/3000], runtime: 10.20s, train err: 1.9579e-03, valid err: 1.5499e-03 , test err: 1.5808e-03
>> epoch [ 144/3000], runtime:  9.95s, train err: 2.1618e-03 (best:  1.9579e-03/ 1.5499e-03)
>> epoch [ 145/3000], runtime:  7.93s, train err: 2.2541e-03 (best:  1.9579e-03/ 1.5499e-03)
>> epoch [ 146/3000], runtime: 10.37s, train err: 1.9400e-03, valid err: 1.4977e-03 , test err: 1.5114e-03
>> epoch [ 147/3000], runtime:  10.02s, train err: 2.2130e-03 (best:  1.9400e-03/ 1.4977e-03)
>> epoch [ 148/3000], runtime:  8.53s, train err: 2.4231e-03 (best:  1.9400e-03/ 1.4977e-03)
>> epoch [ 149/3000], runtime:  10.03s, train err: 2.5426e-03 (best:  1.9400e-03/ 1.4977e-03)
>> epoch [ 150/3000], runtime:  9.49s, train err: 2.3324e-03 (best:  1.9400e-03/ 1.4977e-03)
>> epoch [ 151/3000], runtime:  9.69s, train err: 2.0476e-03 (best:  1.9400e-03/ 1.4977e-03)
>> epoch [ 152/3000], runtime:  9.02s, train err: 2.3000e-03 (best:  1.9400e-03/ 1.4977e-03)
>> epoch [ 153/3000], runtime:  8.82s, train err: 2.8556e-03 (best:  1.9400e-03/ 1.4977e-03)
>> epoch [ 154/3000], runtime:  10.28s, train err: 2.6569e-03 (best:  1.9400e-03/ 1.4977e-03)
>> epoch [ 155/3000], runtime:  9.23s, train err: 2.4491e-03 (best:  1.9400e-03/ 1.4977e-03)
>> epoch [ 156/3000], runtime:  9.78s, train err: 1.9341e-03 (best:  1.9400e-03/ 1.4977e-03)
>> epoch [ 157/3000], runtime:  9.93s, train err: 2.3046e-03 (best:  1.9400e-03/ 1.4977e-03)
>> epoch [ 158/3000], runtime:  9.07s, train err: 1.7523e-03 (best:  1.9400e-03/ 1.4977e-03)
>> epoch [ 159/3000], runtime:  8.05s, train err: 1.8034e-03 (best:  1.9400e-03/ 1.4977e-03)
>> epoch [ 160/3000], runtime:  9.36s, train err: 1.9682e-03 (best:  1.9400e-03/ 1.4977e-03)
>> epoch [ 161/3000], runtime:  8.77s, train err: 2.0225e-03 (best:  1.9400e-03/ 1.4977e-03)
>> epoch [ 162/3000], runtime:  10.45s, train err: 1.4990e-03 (best:  1.9400e-03/ 1.4977e-03)
>> epoch [ 163/3000], runtime: 9.35s, train err: 1.9133e-03, valid err: 1.3781e-03 , test err: 1.4181e-03
>> epoch [ 164/3000], runtime: 8.89s, train err: 1.8266e-03, valid err: 1.1907e-03 , test err: 1.1974e-03
>> epoch [ 165/3000], runtime:  8.81s, train err: 1.8525e-03 (best:  1.8266e-03/ 1.1907e-03)
>> epoch [ 166/3000], runtime:  9.68s, train err: 1.6049e-03 (best:  1.8266e-03/ 1.1907e-03)
>> epoch [ 167/3000], runtime:  9.71s, train err: 2.6859e-03 (best:  1.8266e-03/ 1.1907e-03)
>> epoch [ 168/3000], runtime:  9.36s, train err: 2.0827e-03 (best:  1.8266e-03/ 1.1907e-03)
>> epoch [ 169/3000], runtime:  9.99s, train err: 1.5844e-03 (best:  1.8266e-03/ 1.1907e-03)
>> epoch [ 170/3000], runtime:  9.62s, train err: 1.8547e-03 (best:  1.8266e-03/ 1.1907e-03)
>> epoch [ 171/3000], runtime:  8.77s, train err: 1.9596e-03 (best:  1.8266e-03/ 1.1907e-03)
>> epoch [ 172/3000], runtime:  8.46s, train err: 1.6589e-03 (best:  1.8266e-03/ 1.1907e-03)
>> epoch [ 173/3000], runtime: 10.28s, train err: 1.4972e-03, valid err: 1.1501e-03 , test err: 1.1542e-03
>> epoch [ 174/3000], runtime:  10.35s, train err: 1.4728e-03 (best:  1.4972e-03/ 1.1501e-03)
>> epoch [ 175/3000], runtime:  9.99s, train err: 1.5429e-03 (best:  1.4972e-03/ 1.1501e-03)
>> epoch [ 176/3000], runtime:  9.80s, train err: 1.5529e-03 (best:  1.4972e-03/ 1.1501e-03)
>> epoch [ 177/3000], runtime:  9.23s, train err: 1.3280e-03 (best:  1.4972e-03/ 1.1501e-03)
>> epoch [ 178/3000], runtime:  8.69s, train err: 2.2981e-03 (best:  1.4972e-03/ 1.1501e-03)
>> epoch [ 179/3000], runtime:  10.20s, train err: 2.3281e-03 (best:  1.4972e-03/ 1.1501e-03)
>> epoch [ 180/3000], runtime:  9.43s, train err: 2.2042e-03 (best:  1.4972e-03/ 1.1501e-03)
>> epoch [ 181/3000], runtime:  9.99s, train err: 1.8375e-03 (best:  1.4972e-03/ 1.1501e-03)
>> epoch [ 182/3000], runtime:  10.34s, train err: 1.6415e-03 (best:  1.4972e-03/ 1.1501e-03)
>> epoch [ 183/3000], runtime:  9.37s, train err: 1.4681e-03 (best:  1.4972e-03/ 1.1501e-03)
>> epoch [ 184/3000], runtime:  9.10s, train err: 1.7256e-03 (best:  1.4972e-03/ 1.1501e-03)
>> epoch [ 185/3000], runtime: 8.31s, train err: 1.4243e-03, valid err: 1.1320e-03 , test err: 1.1579e-03
>> epoch [ 186/3000], runtime: 9.51s, train err: 1.1829e-03, valid err: 1.0984e-03 , test err: 1.1767e-03
>> epoch [ 187/3000], runtime:  10.22s, train err: 1.4416e-03 (best:  1.1829e-03/ 1.0984e-03)
>> epoch [ 188/3000], runtime:  9.75s, train err: 1.4648e-03 (best:  1.1829e-03/ 1.0984e-03)
>> epoch [ 189/3000], runtime:  9.48s, train err: 1.9187e-03 (best:  1.1829e-03/ 1.0984e-03)
>> epoch [ 190/3000], runtime:  9.89s, train err: 2.1436e-03 (best:  1.1829e-03/ 1.0984e-03)
>> epoch [ 191/3000], runtime:  8.54s, train err: 1.3173e-03 (best:  1.1829e-03/ 1.0984e-03)
>> epoch [ 192/3000], runtime:  9.17s, train err: 1.3365e-03 (best:  1.1829e-03/ 1.0984e-03)
>> epoch [ 193/3000], runtime:  9.42s, train err: 1.3880e-03 (best:  1.1829e-03/ 1.0984e-03)
>> epoch [ 194/3000], runtime:  9.28s, train err: 1.5841e-03 (best:  1.1829e-03/ 1.0984e-03)
>> epoch [ 195/3000], runtime:  8.95s, train err: 1.4928e-03 (best:  1.1829e-03/ 1.0984e-03)
>> epoch [ 196/3000], runtime:  9.63s, train err: 1.3724e-03 (best:  1.1829e-03/ 1.0984e-03)
>> epoch [ 197/3000], runtime:  9.90s, train err: 1.9935e-03 (best:  1.1829e-03/ 1.0984e-03)
>> epoch [ 198/3000], runtime:  10.16s, train err: 1.4931e-03 (best:  1.1829e-03/ 1.0984e-03)
>> epoch [ 199/3000], runtime:  8.83s, train err: 1.4860e-03 (best:  1.1829e-03/ 1.0984e-03)
>> epoch [ 200/3000], runtime:  10.45s, train err: 1.6004e-03 (best:  1.1829e-03/ 1.0984e-03)
>> epoch [ 201/3000], runtime:  8.89s, train err: 1.2729e-03 (best:  1.1829e-03/ 1.0984e-03)
>> epoch [ 202/3000], runtime:  8.93s, train err: 1.2772e-03 (best:  1.1829e-03/ 1.0984e-03)
>> epoch [ 203/3000], runtime: 8.68s, train err: 1.1797e-03, valid err: 8.9744e-04 , test err: 9.1513e-04
>> epoch [ 204/3000], runtime:  10.36s, train err: 1.2132e-03 (best:  1.1797e-03/ 8.9744e-04)
>> epoch [ 205/3000], runtime:  8.65s, train err: 1.3669e-03 (best:  1.1797e-03/ 8.9744e-04)
>> epoch [ 206/3000], runtime:  10.29s, train err: 1.6620e-03 (best:  1.1797e-03/ 8.9744e-04)
>> epoch [ 207/3000], runtime:  8.46s, train err: 1.6540e-03 (best:  1.1797e-03/ 8.9744e-04)
>> epoch [ 208/3000], runtime:  10.56s, train err: 1.2848e-03 (best:  1.1797e-03/ 8.9744e-04)
>> epoch [ 209/3000], runtime:  8.96s, train err: 1.2222e-03 (best:  1.1797e-03/ 8.9744e-04)
>> epoch [ 210/3000], runtime:  9.03s, train err: 1.1111e-03 (best:  1.1797e-03/ 8.9744e-04)
>> epoch [ 211/3000], runtime:  8.51s, train err: 1.3032e-03 (best:  1.1797e-03/ 8.9744e-04)
>> epoch [ 212/3000], runtime:  8.46s, train err: 1.2955e-03 (best:  1.1797e-03/ 8.9744e-04)
>> epoch [ 213/3000], runtime: 8.19s, train err: 1.1109e-03, valid err: 8.8974e-04 , test err: 9.5663e-04
>> epoch [ 214/3000], runtime:  10.09s, train err: 1.1576e-03 (best:  1.1109e-03/ 8.8974e-04)
>> epoch [ 215/3000], runtime:  9.40s, train err: 1.2523e-03 (best:  1.1109e-03/ 8.8974e-04)
>> epoch [ 216/3000], runtime:  7.22s, train err: 1.1360e-03 (best:  1.1109e-03/ 8.8974e-04)
>> epoch [ 217/3000], runtime:  10.03s, train err: 1.0838e-03 (best:  1.1109e-03/ 8.8974e-04)
>> epoch [ 218/3000], runtime:  9.20s, train err: 1.0971e-03 (best:  1.1109e-03/ 8.8974e-04)
>> epoch [ 219/3000], runtime:  8.24s, train err: 1.2626e-03 (best:  1.1109e-03/ 8.8974e-04)
>> epoch [ 220/3000], runtime:  9.48s, train err: 1.2288e-03 (best:  1.1109e-03/ 8.8974e-04)
>> epoch [ 221/3000], runtime:  7.21s, train err: 1.1256e-03 (best:  1.1109e-03/ 8.8974e-04)
>> epoch [ 222/3000], runtime:  9.06s, train err: 1.5367e-03 (best:  1.1109e-03/ 8.8974e-04)
>> epoch [ 223/3000], runtime:  9.04s, train err: 1.5700e-03 (best:  1.1109e-03/ 8.8974e-04)
>> epoch [ 224/3000], runtime:  9.88s, train err: 1.2821e-03 (best:  1.1109e-03/ 8.8974e-04)
>> epoch [ 225/3000], runtime:  7.31s, train err: 1.5491e-03 (best:  1.1109e-03/ 8.8974e-04)
>> epoch [ 226/3000], runtime:  9.51s, train err: 1.1676e-03 (best:  1.1109e-03/ 8.8974e-04)
>> epoch [ 227/3000], runtime:  7.59s, train err: 1.1654e-03 (best:  1.1109e-03/ 8.8974e-04)
>> epoch [ 228/3000], runtime:  9.08s, train err: 1.4631e-03 (best:  1.1109e-03/ 8.8974e-04)
>> epoch [ 229/3000], runtime:  8.81s, train err: 1.5063e-03 (best:  1.1109e-03/ 8.8974e-04)
>> epoch [ 230/3000], runtime:  9.70s, train err: 1.2699e-03 (best:  1.1109e-03/ 8.8974e-04)
>> epoch [ 231/3000], runtime:  7.29s, train err: 1.1582e-03 (best:  1.1109e-03/ 8.8974e-04)
>> epoch [ 232/3000], runtime:  9.52s, train err: 1.3688e-03 (best:  1.1109e-03/ 8.8974e-04)
>> epoch [ 233/3000], runtime:  8.51s, train err: 1.1407e-03 (best:  1.1109e-03/ 8.8974e-04)
>> epoch [ 234/3000], runtime:  9.93s, train err: 1.1001e-03 (best:  1.1109e-03/ 8.8974e-04)
>> epoch [ 235/3000], runtime:  9.44s, train err: 1.2319e-03 (best:  1.1109e-03/ 8.8974e-04)
>> epoch [ 236/3000], runtime: 9.51s, train err: 1.0596e-03, valid err: 8.5240e-04 , test err: 8.5241e-04
>> epoch [ 237/3000], runtime:  9.55s, train err: 1.0464e-03 (best:  1.0596e-03/ 8.5240e-04)
>> epoch [ 238/3000], runtime:  10.14s, train err: 1.2373e-03 (best:  1.0596e-03/ 8.5240e-04)
>> epoch [ 239/3000], runtime: 9.65s, train err: 9.9187e-04, valid err: 7.5218e-04 , test err: 7.9129e-04
>> epoch [ 240/3000], runtime:  9.91s, train err: 1.1802e-03 (best:  9.9187e-04/ 7.5218e-04)
>> epoch [ 241/3000], runtime:  9.61s, train err: 1.0460e-03 (best:  9.9187e-04/ 7.5218e-04)
>> epoch [ 242/3000], runtime:  9.03s, train err: 1.3395e-03 (best:  9.9187e-04/ 7.5218e-04)
>> epoch [ 243/3000], runtime:  9.49s, train err: 1.0436e-03 (best:  9.9187e-04/ 7.5218e-04)
>> epoch [ 244/3000], runtime:  10.08s, train err: 1.0093e-03 (best:  9.9187e-04/ 7.5218e-04)
>> epoch [ 245/3000], runtime:  8.60s, train err: 9.2619e-04 (best:  9.9187e-04/ 7.5218e-04)
>> epoch [ 246/3000], runtime:  8.76s, train err: 9.1452e-04 (best:  9.9187e-04/ 7.5218e-04)
>> epoch [ 247/3000], runtime:  9.28s, train err: 1.5687e-03 (best:  9.9187e-04/ 7.5218e-04)
>> epoch [ 248/3000], runtime:  8.91s, train err: 1.3067e-03 (best:  9.9187e-04/ 7.5218e-04)
>> epoch [ 249/3000], runtime:  7.30s, train err: 1.4123e-03 (best:  9.9187e-04/ 7.5218e-04)
>> epoch [ 250/3000], runtime:  9.54s, train err: 1.3311e-03 (best:  9.9187e-04/ 7.5218e-04)
>> epoch [ 251/3000], runtime:  9.27s, train err: 1.4887e-03 (best:  9.9187e-04/ 7.5218e-04)
>> epoch [ 252/3000], runtime:  9.84s, train err: 1.7261e-03 (best:  9.9187e-04/ 7.5218e-04)
>> epoch [ 253/3000], runtime:  7.83s, train err: 2.2049e-03 (best:  9.9187e-04/ 7.5218e-04)
>> epoch [ 254/3000], runtime:  9.85s, train err: 1.2406e-03 (best:  9.9187e-04/ 7.5218e-04)
>> epoch [ 255/3000], runtime:  7.05s, train err: 1.0358e-03 (best:  9.9187e-04/ 7.5218e-04)
>> epoch [ 256/3000], runtime:  9.25s, train err: 1.4747e-03 (best:  9.9187e-04/ 7.5218e-04)
>> epoch [ 257/3000], runtime:  10.59s, train err: 1.0211e-03 (best:  9.9187e-04/ 7.5218e-04)
>> epoch [ 258/3000], runtime:  10.24s, train err: 1.1985e-03 (best:  9.9187e-04/ 7.5218e-04)
>> epoch [ 259/3000], runtime:  9.84s, train err: 1.2859e-03 (best:  9.9187e-04/ 7.5218e-04)
>> epoch [ 260/3000], runtime:  8.35s, train err: 1.0604e-03 (best:  9.9187e-04/ 7.5218e-04)
>> epoch [ 261/3000], runtime:  10.29s, train err: 1.1257e-03 (best:  9.9187e-04/ 7.5218e-04)
>> epoch [ 262/3000], runtime:  9.19s, train err: 1.1153e-03 (best:  9.9187e-04/ 7.5218e-04)
>> epoch [ 263/3000], runtime: 10.39s, train err: 8.5632e-04, valid err: 6.9738e-04 , test err: 7.0911e-04
>> epoch [ 264/3000], runtime:  10.04s, train err: 8.4672e-04 (best:  8.5632e-04/ 6.9738e-04)
>> epoch [ 265/3000], runtime:  10.51s, train err: 1.3293e-03 (best:  8.5632e-04/ 6.9738e-04)
>> epoch [ 266/3000], runtime:  8.78s, train err: 1.1741e-03 (best:  8.5632e-04/ 6.9738e-04)
>> epoch [ 267/3000], runtime:  10.00s, train err: 8.5222e-04 (best:  8.5632e-04/ 6.9738e-04)
>> epoch [ 268/3000], runtime:  8.35s, train err: 9.2847e-04 (best:  8.5632e-04/ 6.9738e-04)
>> epoch [ 269/3000], runtime: 10.15s, train err: 8.3203e-04, valid err: 6.7292e-04 , test err: 6.8930e-04
>> epoch [ 270/3000], runtime: 9.88s, train err: 8.1061e-04, valid err: 6.6303e-04 , test err: 6.7195e-04
>> epoch [ 271/3000], runtime:  9.83s, train err: 8.2866e-04 (best:  8.1061e-04/ 6.6303e-04)
>> epoch [ 272/3000], runtime:  10.27s, train err: 8.8082e-04 (best:  8.1061e-04/ 6.6303e-04)
>> epoch [ 273/3000], runtime:  9.60s, train err: 8.9323e-04 (best:  8.1061e-04/ 6.6303e-04)
>> epoch [ 274/3000], runtime:  9.41s, train err: 9.5621e-04 (best:  8.1061e-04/ 6.6303e-04)
>> epoch [ 275/3000], runtime:  8.16s, train err: 9.6224e-04 (best:  8.1061e-04/ 6.6303e-04)
>> epoch [ 276/3000], runtime:  9.21s, train err: 1.1954e-03 (best:  8.1061e-04/ 6.6303e-04)
>> epoch [ 277/3000], runtime:  9.54s, train err: 9.8658e-04 (best:  8.1061e-04/ 6.6303e-04)
>> epoch [ 278/3000], runtime:  8.92s, train err: 8.1891e-04 (best:  8.1061e-04/ 6.6303e-04)
>> epoch [ 279/3000], runtime:  8.99s, train err: 1.0902e-03 (best:  8.1061e-04/ 6.6303e-04)
>> epoch [ 280/3000], runtime:  10.08s, train err: 8.6738e-04 (best:  8.1061e-04/ 6.6303e-04)
>> epoch [ 281/3000], runtime:  8.67s, train err: 9.6659e-04 (best:  8.1061e-04/ 6.6303e-04)
>> epoch [ 282/3000], runtime:  10.20s, train err: 8.8405e-04 (best:  8.1061e-04/ 6.6303e-04)
>> epoch [ 283/3000], runtime:  7.80s, train err: 7.8501e-04 (best:  8.1061e-04/ 6.6303e-04)
>> epoch [ 284/3000], runtime:  7.03s, train err: 8.4451e-04 (best:  8.1061e-04/ 6.6303e-04)
>> epoch [ 285/3000], runtime:  8.65s, train err: 8.8321e-04 (best:  8.1061e-04/ 6.6303e-04)
>> epoch [ 286/3000], runtime:  9.90s, train err: 8.9818e-04 (best:  8.1061e-04/ 6.6303e-04)
>> epoch [ 287/3000], runtime:  9.18s, train err: 9.5444e-04 (best:  8.1061e-04/ 6.6303e-04)
>> epoch [ 288/3000], runtime:  10.58s, train err: 9.4005e-04 (best:  8.1061e-04/ 6.6303e-04)
>> epoch [ 289/3000], runtime:  9.66s, train err: 1.0475e-03 (best:  8.1061e-04/ 6.6303e-04)
>> epoch [ 290/3000], runtime:  9.75s, train err: 7.9928e-04 (best:  8.1061e-04/ 6.6303e-04)
>> epoch [ 291/3000], runtime:  9.73s, train err: 7.8312e-04 (best:  8.1061e-04/ 6.6303e-04)
>> epoch [ 292/3000], runtime:  7.55s, train err: 7.6718e-04 (best:  8.1061e-04/ 6.6303e-04)
>> epoch [ 293/3000], runtime:  9.61s, train err: 9.7578e-04 (best:  8.1061e-04/ 6.6303e-04)
>> epoch [ 294/3000], runtime:  9.21s, train err: 8.5269e-04 (best:  8.1061e-04/ 6.6303e-04)
>> epoch [ 295/3000], runtime:  8.53s, train err: 8.9111e-04 (best:  8.1061e-04/ 6.6303e-04)
>> epoch [ 296/3000], runtime: 9.39s, train err: 7.6720e-04, valid err: 6.4592e-04 , test err: 6.5080e-04
>> epoch [ 297/3000], runtime:  9.42s, train err: 8.1255e-04 (best:  7.6720e-04/ 6.4592e-04)
>> epoch [ 298/3000], runtime:  8.11s, train err: 1.4383e-03 (best:  7.6720e-04/ 6.4592e-04)
>> epoch [ 299/3000], runtime:  9.02s, train err: 1.1646e-03 (best:  7.6720e-04/ 6.4592e-04)
>> epoch [ 300/3000], runtime:  7.26s, train err: 8.8516e-04 (best:  7.6720e-04/ 6.4592e-04)
>> epoch [ 301/3000], runtime: 9.32s, train err: 7.5513e-04, valid err: 6.4409e-04 , test err: 7.1567e-04
>> epoch [ 302/3000], runtime:  10.38s, train err: 9.4785e-04 (best:  7.5513e-04/ 6.4409e-04)
>> epoch [ 303/3000], runtime:  9.30s, train err: 1.0681e-03 (best:  7.5513e-04/ 6.4409e-04)
>> epoch [ 304/3000], runtime:  10.44s, train err: 9.8068e-04 (best:  7.5513e-04/ 6.4409e-04)
>> epoch [ 305/3000], runtime:  8.47s, train err: 8.1231e-04 (best:  7.5513e-04/ 6.4409e-04)
>> epoch [ 306/3000], runtime:  9.77s, train err: 8.0108e-04 (best:  7.5513e-04/ 6.4409e-04)
>> epoch [ 307/3000], runtime:  9.74s, train err: 8.6325e-04 (best:  7.5513e-04/ 6.4409e-04)
>> epoch [ 308/3000], runtime: 9.21s, train err: 7.3419e-04, valid err: 6.3522e-04 , test err: 6.7126e-04
>> epoch [ 309/3000], runtime:  6.99s, train err: 9.3446e-04 (best:  7.3419e-04/ 6.3522e-04)
>> epoch [ 310/3000], runtime:  10.43s, train err: 1.8283e-03 (best:  7.3419e-04/ 6.3522e-04)
>> epoch [ 311/3000], runtime:  8.11s, train err: 9.4561e-04 (best:  7.3419e-04/ 6.3522e-04)
>> epoch [ 312/3000], runtime:  10.48s, train err: 9.9924e-04 (best:  7.3419e-04/ 6.3522e-04)
>> epoch [ 313/3000], runtime:  9.36s, train err: 8.4750e-04 (best:  7.3419e-04/ 6.3522e-04)
>> epoch [ 314/3000], runtime: 10.19s, train err: 7.3254e-04, valid err: 5.7947e-04 , test err: 5.8940e-04
>> epoch [ 315/3000], runtime:  8.85s, train err: 1.0391e-03 (best:  7.3254e-04/ 5.7947e-04)
>> epoch [ 316/3000], runtime:  10.09s, train err: 8.1962e-04 (best:  7.3254e-04/ 5.7947e-04)
>> epoch [ 317/3000], runtime:  8.77s, train err: 7.4544e-04 (best:  7.3254e-04/ 5.7947e-04)
>> epoch [ 318/3000], runtime:  8.53s, train err: 7.5160e-04 (best:  7.3254e-04/ 5.7947e-04)
>> epoch [ 319/3000], runtime:  9.50s, train err: 7.2843e-04 (best:  7.3254e-04/ 5.7947e-04)
>> epoch [ 320/3000], runtime:  9.06s, train err: 8.2164e-04 (best:  7.3254e-04/ 5.7947e-04)
>> epoch [ 321/3000], runtime:  9.09s, train err: 7.5613e-04 (best:  7.3254e-04/ 5.7947e-04)
>> epoch [ 322/3000], runtime: 8.25s, train err: 7.0010e-04, valid err: 5.5668e-04 , test err: 5.8995e-04
>> epoch [ 323/3000], runtime:  9.71s, train err: 7.0093e-04 (best:  7.0010e-04/ 5.5668e-04)
>> epoch [ 324/3000], runtime:  9.22s, train err: 7.1356e-04 (best:  7.0010e-04/ 5.5668e-04)
>> epoch [ 325/3000], runtime:  8.85s, train err: 7.4413e-04 (best:  7.0010e-04/ 5.5668e-04)
>> epoch [ 326/3000], runtime:  8.05s, train err: 6.6194e-04 (best:  7.0010e-04/ 5.5668e-04)
>> epoch [ 327/3000], runtime:  8.40s, train err: 6.4234e-04 (best:  7.0010e-04/ 5.5668e-04)
>> epoch [ 328/3000], runtime:  8.95s, train err: 7.1016e-04 (best:  7.0010e-04/ 5.5668e-04)
>> epoch [ 329/3000], runtime:  8.28s, train err: 7.9874e-04 (best:  7.0010e-04/ 5.5668e-04)
>> epoch [ 330/3000], runtime:  8.42s, train err: 8.1993e-04 (best:  7.0010e-04/ 5.5668e-04)
>> epoch [ 331/3000], runtime:  9.02s, train err: 1.0226e-03 (best:  7.0010e-04/ 5.5668e-04)
>> epoch [ 332/3000], runtime:  10.08s, train err: 1.1039e-03 (best:  7.0010e-04/ 5.5668e-04)
>> epoch [ 333/3000], runtime:  9.56s, train err: 8.4411e-04 (best:  7.0010e-04/ 5.5668e-04)
>> epoch [ 334/3000], runtime:  10.06s, train err: 7.0932e-04 (best:  7.0010e-04/ 5.5668e-04)
>> epoch [ 335/3000], runtime:  9.07s, train err: 6.6969e-04 (best:  7.0010e-04/ 5.5668e-04)
>> epoch [ 336/3000], runtime:  9.05s, train err: 7.5169e-04 (best:  7.0010e-04/ 5.5668e-04)
>> epoch [ 337/3000], runtime:  9.69s, train err: 7.3992e-04 (best:  7.0010e-04/ 5.5668e-04)
>> epoch [ 338/3000], runtime:  9.45s, train err: 9.0255e-04 (best:  7.0010e-04/ 5.5668e-04)
>> epoch [ 339/3000], runtime:  8.85s, train err: 7.7157e-04 (best:  7.0010e-04/ 5.5668e-04)
>> epoch [ 340/3000], runtime:  9.84s, train err: 7.6989e-04 (best:  7.0010e-04/ 5.5668e-04)
>> epoch [ 341/3000], runtime:  10.41s, train err: 7.6363e-04 (best:  7.0010e-04/ 5.5668e-04)
>> epoch [ 342/3000], runtime:  8.38s, train err: 7.6197e-04 (best:  7.0010e-04/ 5.5668e-04)
>> epoch [ 343/3000], runtime:  8.83s, train err: 7.0244e-04 (best:  7.0010e-04/ 5.5668e-04)
>> epoch [ 344/3000], runtime:  9.40s, train err: 7.4028e-04 (best:  7.0010e-04/ 5.5668e-04)
>> epoch [ 345/3000], runtime:  8.65s, train err: 7.8633e-04 (best:  7.0010e-04/ 5.5668e-04)
>> epoch [ 346/3000], runtime:  9.33s, train err: 1.0370e-03 (best:  7.0010e-04/ 5.5668e-04)
>> epoch [ 347/3000], runtime:  8.96s, train err: 8.8765e-04 (best:  7.0010e-04/ 5.5668e-04)
>> epoch [ 348/3000], runtime: 9.25s, train err: 6.7509e-04, valid err: 5.3692e-04 , test err: 5.5667e-04
>> epoch [ 349/3000], runtime: 8.13s, train err: 6.5896e-04, valid err: 5.1024e-04 , test err: 5.6470e-04
>> epoch [ 350/3000], runtime:  6.96s, train err: 6.4194e-04 (best:  6.5896e-04/ 5.1024e-04)
>> epoch [ 351/3000], runtime:  8.51s, train err: 6.5543e-04 (best:  6.5896e-04/ 5.1024e-04)
>> epoch [ 352/3000], runtime:  8.58s, train err: 7.7134e-04 (best:  6.5896e-04/ 5.1024e-04)
>> epoch [ 353/3000], runtime:  8.90s, train err: 6.2024e-04 (best:  6.5896e-04/ 5.1024e-04)
>> epoch [ 354/3000], runtime:  10.02s, train err: 6.1433e-04 (best:  6.5896e-04/ 5.1024e-04)
>> epoch [ 355/3000], runtime:  9.53s, train err: 6.7653e-04 (best:  6.5896e-04/ 5.1024e-04)
>> epoch [ 356/3000], runtime:  9.60s, train err: 7.0200e-04 (best:  6.5896e-04/ 5.1024e-04)
>> epoch [ 357/3000], runtime:  9.18s, train err: 7.4095e-04 (best:  6.5896e-04/ 5.1024e-04)
>> epoch [ 358/3000], runtime:  9.99s, train err: 6.9835e-04 (best:  6.5896e-04/ 5.1024e-04)
>> epoch [ 359/3000], runtime:  9.68s, train err: 6.5959e-04 (best:  6.5896e-04/ 5.1024e-04)
>> epoch [ 360/3000], runtime:  9.94s, train err: 7.0034e-04 (best:  6.5896e-04/ 5.1024e-04)
>> epoch [ 361/3000], runtime:  8.80s, train err: 6.5325e-04 (best:  6.5896e-04/ 5.1024e-04)
>> epoch [ 362/3000], runtime:  10.09s, train err: 6.2960e-04 (best:  6.5896e-04/ 5.1024e-04)
>> epoch [ 363/3000], runtime:  9.32s, train err: 8.0858e-04 (best:  6.5896e-04/ 5.1024e-04)
>> epoch [ 364/3000], runtime:  10.14s, train err: 6.6237e-04 (best:  6.5896e-04/ 5.1024e-04)
>> epoch [ 365/3000], runtime:  10.43s, train err: 6.7305e-04 (best:  6.5896e-04/ 5.1024e-04)
>> epoch [ 366/3000], runtime:  9.23s, train err: 6.4271e-04 (best:  6.5896e-04/ 5.1024e-04)
>> epoch [ 367/3000], runtime: 9.71s, train err: 6.2129e-04, valid err: 4.8140e-04 , test err: 5.2412e-04
>> epoch [ 368/3000], runtime:  10.25s, train err: 6.0829e-04 (best:  6.2129e-04/ 4.8140e-04)
>> epoch [ 369/3000], runtime:  9.45s, train err: 6.3751e-04 (best:  6.2129e-04/ 4.8140e-04)
>> epoch [ 370/3000], runtime:  10.08s, train err: 5.7882e-04 (best:  6.2129e-04/ 4.8140e-04)
>> epoch [ 371/3000], runtime:  10.45s, train err: 6.6589e-04 (best:  6.2129e-04/ 4.8140e-04)
>> epoch [ 372/3000], runtime:  9.10s, train err: 6.7200e-04 (best:  6.2129e-04/ 4.8140e-04)
>> epoch [ 373/3000], runtime:  9.29s, train err: 6.8737e-04 (best:  6.2129e-04/ 4.8140e-04)
>> epoch [ 374/3000], runtime:  9.35s, train err: 6.4677e-04 (best:  6.2129e-04/ 4.8140e-04)
>> epoch [ 375/3000], runtime:  8.86s, train err: 6.0239e-04 (best:  6.2129e-04/ 4.8140e-04)
>> epoch [ 376/3000], runtime:  8.50s, train err: 5.7416e-04 (best:  6.2129e-04/ 4.8140e-04)
>> epoch [ 377/3000], runtime:  8.87s, train err: 5.9604e-04 (best:  6.2129e-04/ 4.8140e-04)
>> epoch [ 378/3000], runtime:  8.95s, train err: 6.0669e-04 (best:  6.2129e-04/ 4.8140e-04)
>> epoch [ 379/3000], runtime:  9.91s, train err: 6.4216e-04 (best:  6.2129e-04/ 4.8140e-04)
>> epoch [ 380/3000], runtime:  8.88s, train err: 7.7617e-04 (best:  6.2129e-04/ 4.8140e-04)
>> epoch [ 381/3000], runtime:  10.56s, train err: 6.6415e-04 (best:  6.2129e-04/ 4.8140e-04)
>> epoch [ 382/3000], runtime:  10.01s, train err: 6.7236e-04 (best:  6.2129e-04/ 4.8140e-04)
>> epoch [ 383/3000], runtime:  8.38s, train err: 5.8261e-04 (best:  6.2129e-04/ 4.8140e-04)
>> epoch [ 384/3000], runtime:  9.67s, train err: 6.2837e-04 (best:  6.2129e-04/ 4.8140e-04)
>> epoch [ 385/3000], runtime:  9.53s, train err: 8.7082e-04 (best:  6.2129e-04/ 4.8140e-04)
>> epoch [ 386/3000], runtime:  9.98s, train err: 8.0916e-04 (best:  6.2129e-04/ 4.8140e-04)
>> epoch [ 387/3000], runtime:  9.76s, train err: 6.3744e-04 (best:  6.2129e-04/ 4.8140e-04)
>> epoch [ 388/3000], runtime:  9.60s, train err: 6.4653e-04 (best:  6.2129e-04/ 4.8140e-04)
>> epoch [ 389/3000], runtime:  8.29s, train err: 5.9050e-04 (best:  6.2129e-04/ 4.8140e-04)
>> epoch [ 390/3000], runtime:  9.17s, train err: 6.9007e-04 (best:  6.2129e-04/ 4.8140e-04)
>> epoch [ 391/3000], runtime:  9.20s, train err: 6.1309e-04 (best:  6.2129e-04/ 4.8140e-04)
>> epoch [ 392/3000], runtime:  7.79s, train err: 6.6517e-04 (best:  6.2129e-04/ 4.8140e-04)
>> epoch [ 393/3000], runtime: 8.12s, train err: 5.8218e-04, valid err: 4.5376e-04 , test err: 5.0676e-04
>> epoch [ 394/3000], runtime:  9.47s, train err: 5.7857e-04 (best:  5.8218e-04/ 4.5376e-04)
>> epoch [ 395/3000], runtime:  9.14s, train err: 5.5806e-04 (best:  5.8218e-04/ 4.5376e-04)
>> epoch [ 396/3000], runtime:  8.74s, train err: 6.6348e-04 (best:  5.8218e-04/ 4.5376e-04)
>> epoch [ 397/3000], runtime:  9.49s, train err: 6.3003e-04 (best:  5.8218e-04/ 4.5376e-04)
>> epoch [ 398/3000], runtime:  8.29s, train err: 5.9204e-04 (best:  5.8218e-04/ 4.5376e-04)
>> epoch [ 399/3000], runtime:  9.64s, train err: 6.4185e-04 (best:  5.8218e-04/ 4.5376e-04)
>> epoch [ 400/3000], runtime:  8.09s, train err: 6.2933e-04 (best:  5.8218e-04/ 4.5376e-04)
>> epoch [ 401/3000], runtime:  8.41s, train err: 5.6060e-04 (best:  5.8218e-04/ 4.5376e-04)
>> epoch [ 402/3000], runtime:  8.83s, train err: 7.1075e-04 (best:  5.8218e-04/ 4.5376e-04)
>> epoch [ 403/3000], runtime:  8.63s, train err: 7.2756e-04 (best:  5.8218e-04/ 4.5376e-04)
>> epoch [ 404/3000], runtime:  8.50s, train err: 6.1008e-04 (best:  5.8218e-04/ 4.5376e-04)
>> epoch [ 405/3000], runtime:  9.19s, train err: 5.7538e-04 (best:  5.8218e-04/ 4.5376e-04)
>> epoch [ 406/3000], runtime:  9.33s, train err: 6.0032e-04 (best:  5.8218e-04/ 4.5376e-04)
>> epoch [ 407/3000], runtime:  9.67s, train err: 6.1932e-04 (best:  5.8218e-04/ 4.5376e-04)
>> epoch [ 408/3000], runtime:  9.86s, train err: 5.3795e-04 (best:  5.8218e-04/ 4.5376e-04)
>> epoch [ 409/3000], runtime:  8.02s, train err: 5.6641e-04 (best:  5.8218e-04/ 4.5376e-04)
>> epoch [ 410/3000], runtime:  7.67s, train err: 6.3858e-04 (best:  5.8218e-04/ 4.5376e-04)
>> epoch [ 411/3000], runtime:  8.22s, train err: 5.6896e-04 (best:  5.8218e-04/ 4.5376e-04)
>> epoch [ 412/3000], runtime:  10.44s, train err: 5.7167e-04 (best:  5.8218e-04/ 4.5376e-04)
>> epoch [ 413/3000], runtime:  9.76s, train err: 5.3496e-04 (best:  5.8218e-04/ 4.5376e-04)
>> epoch [ 414/3000], runtime:  9.83s, train err: 5.6380e-04 (best:  5.8218e-04/ 4.5376e-04)
>> epoch [ 415/3000], runtime:  9.86s, train err: 5.5549e-04 (best:  5.8218e-04/ 4.5376e-04)
>> epoch [ 416/3000], runtime:  10.13s, train err: 5.2330e-04 (best:  5.8218e-04/ 4.5376e-04)
>> epoch [ 417/3000], runtime:  7.40s, train err: 5.5093e-04 (best:  5.8218e-04/ 4.5376e-04)
>> epoch [ 418/3000], runtime:  8.99s, train err: 5.9520e-04 (best:  5.8218e-04/ 4.5376e-04)
>> epoch [ 419/3000], runtime: 10.24s, train err: 5.7131e-04, valid err: 4.4740e-04 , test err: 5.2242e-04
>> epoch [ 420/3000], runtime:  9.79s, train err: 5.9567e-04 (best:  5.7131e-04/ 4.4740e-04)
>> epoch [ 421/3000], runtime: 8.48s, train err: 5.5720e-04, valid err: 4.2458e-04 , test err: 4.5882e-04
>> epoch [ 422/3000], runtime:  7.26s, train err: 5.6842e-04 (best:  5.5720e-04/ 4.2458e-04)
>> epoch [ 423/3000], runtime:  9.48s, train err: 6.0080e-04 (best:  5.5720e-04/ 4.2458e-04)
>> epoch [ 424/3000], runtime:  8.81s, train err: 6.1224e-04 (best:  5.5720e-04/ 4.2458e-04)
>> epoch [ 425/3000], runtime:  8.91s, train err: 5.9679e-04 (best:  5.5720e-04/ 4.2458e-04)
>> epoch [ 426/3000], runtime:  8.80s, train err: 5.1948e-04 (best:  5.5720e-04/ 4.2458e-04)
>> epoch [ 427/3000], runtime:  8.67s, train err: 5.4270e-04 (best:  5.5720e-04/ 4.2458e-04)
>> epoch [ 428/3000], runtime:  9.60s, train err: 6.5399e-04 (best:  5.5720e-04/ 4.2458e-04)
>> epoch [ 429/3000], runtime:  9.96s, train err: 8.5247e-04 (best:  5.5720e-04/ 4.2458e-04)
>> epoch [ 430/3000], runtime:  7.63s, train err: 1.1550e-03 (best:  5.5720e-04/ 4.2458e-04)
>> epoch [ 431/3000], runtime:  9.32s, train err: 1.0291e-03 (best:  5.5720e-04/ 4.2458e-04)
>> epoch [ 432/3000], runtime:  8.68s, train err: 7.2743e-04 (best:  5.5720e-04/ 4.2458e-04)
>> epoch [ 433/3000], runtime: 8.55s, train err: 5.3705e-04, valid err: 4.1960e-04 , test err: 4.4861e-04
>> epoch [ 434/3000], runtime:  9.19s, train err: 5.1798e-04 (best:  5.3705e-04/ 4.1960e-04)
>> epoch [ 435/3000], runtime:  7.86s, train err: 5.5216e-04 (best:  5.3705e-04/ 4.1960e-04)
>> epoch [ 436/3000], runtime:  9.25s, train err: 5.3351e-04 (best:  5.3705e-04/ 4.1960e-04)
>> epoch [ 437/3000], runtime:  9.45s, train err: 5.3533e-04 (best:  5.3705e-04/ 4.1960e-04)
>> epoch [ 438/3000], runtime:  9.50s, train err: 5.1857e-04 (best:  5.3705e-04/ 4.1960e-04)
>> epoch [ 439/3000], runtime:  10.00s, train err: 5.3766e-04 (best:  5.3705e-04/ 4.1960e-04)
>> epoch [ 440/3000], runtime:  7.86s, train err: 6.2374e-04 (best:  5.3705e-04/ 4.1960e-04)
>> epoch [ 441/3000], runtime:  9.70s, train err: 5.1412e-04 (best:  5.3705e-04/ 4.1960e-04)
>> epoch [ 442/3000], runtime:  9.83s, train err: 5.6181e-04 (best:  5.3705e-04/ 4.1960e-04)
>> epoch [ 443/3000], runtime:  9.79s, train err: 5.7790e-04 (best:  5.3705e-04/ 4.1960e-04)
>> epoch [ 444/3000], runtime:  9.36s, train err: 5.5176e-04 (best:  5.3705e-04/ 4.1960e-04)
>> epoch [ 445/3000], runtime: 9.77s, train err: 5.0824e-04, valid err: 4.1512e-04 , test err: 4.3842e-04
>> epoch [ 446/3000], runtime:  9.57s, train err: 5.0850e-04 (best:  5.0824e-04/ 4.1512e-04)
>> epoch [ 447/3000], runtime:  10.67s, train err: 5.6522e-04 (best:  5.0824e-04/ 4.1512e-04)
>> epoch [ 448/3000], runtime:  9.11s, train err: 6.0943e-04 (best:  5.0824e-04/ 4.1512e-04)
>> epoch [ 449/3000], runtime:  9.92s, train err: 6.1149e-04 (best:  5.0824e-04/ 4.1512e-04)
>> epoch [ 450/3000], runtime:  9.51s, train err: 5.7754e-04 (best:  5.0824e-04/ 4.1512e-04)
>> epoch [ 451/3000], runtime:  10.18s, train err: 5.7067e-04 (best:  5.0824e-04/ 4.1512e-04)
>> epoch [ 452/3000], runtime: 10.67s, train err: 4.9413e-04, valid err: 4.1496e-04 , test err: 4.4882e-04
>> epoch [ 453/3000], runtime:  9.48s, train err: 5.2504e-04 (best:  4.9413e-04/ 4.1496e-04)
>> epoch [ 454/3000], runtime:  9.05s, train err: 5.2577e-04 (best:  4.9413e-04/ 4.1496e-04)
>> epoch [ 455/3000], runtime:  9.40s, train err: 5.2118e-04 (best:  4.9413e-04/ 4.1496e-04)
>> epoch [ 456/3000], runtime:  10.41s, train err: 5.3224e-04 (best:  4.9413e-04/ 4.1496e-04)
>> epoch [ 457/3000], runtime:  10.38s, train err: 6.7982e-04 (best:  4.9413e-04/ 4.1496e-04)
>> epoch [ 458/3000], runtime:  9.34s, train err: 5.5738e-04 (best:  4.9413e-04/ 4.1496e-04)
>> epoch [ 459/3000], runtime: 9.53s, train err: 4.8984e-04, valid err: 3.9778e-04 , test err: 4.4637e-04
>> epoch [ 460/3000], runtime:  8.75s, train err: 5.1209e-04 (best:  4.8984e-04/ 3.9778e-04)
>> epoch [ 461/3000], runtime:  8.38s, train err: 5.0736e-04 (best:  4.8984e-04/ 3.9778e-04)
>> epoch [ 462/3000], runtime:  10.17s, train err: 5.2178e-04 (best:  4.8984e-04/ 3.9778e-04)
>> epoch [ 463/3000], runtime:  8.34s, train err: 5.0955e-04 (best:  4.8984e-04/ 3.9778e-04)
>> epoch [ 464/3000], runtime:  9.23s, train err: 4.9936e-04 (best:  4.8984e-04/ 3.9778e-04)
>> epoch [ 465/3000], runtime:  9.21s, train err: 5.0314e-04 (best:  4.8984e-04/ 3.9778e-04)
>> epoch [ 466/3000], runtime:  8.85s, train err: 5.5330e-04 (best:  4.8984e-04/ 3.9778e-04)
>> epoch [ 467/3000], runtime:  10.05s, train err: 5.0775e-04 (best:  4.8984e-04/ 3.9778e-04)
>> epoch [ 468/3000], runtime:  7.94s, train err: 5.4236e-04 (best:  4.8984e-04/ 3.9778e-04)
>> epoch [ 469/3000], runtime:  10.03s, train err: 5.2708e-04 (best:  4.8984e-04/ 3.9778e-04)
>> epoch [ 470/3000], runtime:  9.93s, train err: 5.0779e-04 (best:  4.8984e-04/ 3.9778e-04)
>> epoch [ 471/3000], runtime:  9.79s, train err: 5.1201e-04 (best:  4.8984e-04/ 3.9778e-04)
>> epoch [ 472/3000], runtime:  9.15s, train err: 5.4618e-04 (best:  4.8984e-04/ 3.9778e-04)
>> epoch [ 473/3000], runtime: 10.05s, train err: 4.8933e-04, valid err: 3.8407e-04 , test err: 4.2395e-04
>> epoch [ 474/3000], runtime:  8.93s, train err: 4.9597e-04 (best:  4.8933e-04/ 3.8407e-04)
>> epoch [ 475/3000], runtime:  9.38s, train err: 5.0522e-04 (best:  4.8933e-04/ 3.8407e-04)
>> epoch [ 476/3000], runtime:  9.06s, train err: 5.1533e-04 (best:  4.8933e-04/ 3.8407e-04)
>> epoch [ 477/3000], runtime:  10.05s, train err: 5.0962e-04 (best:  4.8933e-04/ 3.8407e-04)
>> epoch [ 478/3000], runtime:  10.02s, train err: 4.9184e-04 (best:  4.8933e-04/ 3.8407e-04)
>> epoch [ 479/3000], runtime:  9.80s, train err: 4.7606e-04 (best:  4.8933e-04/ 3.8407e-04)
>> epoch [ 480/3000], runtime:  9.01s, train err: 4.7471e-04 (best:  4.8933e-04/ 3.8407e-04)
>> epoch [ 481/3000], runtime:  9.74s, train err: 4.9361e-04 (best:  4.8933e-04/ 3.8407e-04)
>> epoch [ 482/3000], runtime:  8.62s, train err: 5.5273e-04 (best:  4.8933e-04/ 3.8407e-04)
>> epoch [ 483/3000], runtime:  8.49s, train err: 5.1708e-04 (best:  4.8933e-04/ 3.8407e-04)
>> epoch [ 484/3000], runtime:  9.47s, train err: 5.3957e-04 (best:  4.8933e-04/ 3.8407e-04)
>> epoch [ 485/3000], runtime:  9.62s, train err: 4.7903e-04 (best:  4.8933e-04/ 3.8407e-04)
>> epoch [ 486/3000], runtime:  8.40s, train err: 4.8460e-04 (best:  4.8933e-04/ 3.8407e-04)
>> epoch [ 487/3000], runtime: 9.35s, train err: 4.7819e-04, valid err: 3.8104e-04 , test err: 4.2908e-04
>> epoch [ 488/3000], runtime:  9.83s, train err: 4.9958e-04 (best:  4.7819e-04/ 3.8104e-04)
>> epoch [ 489/3000], runtime:  9.49s, train err: 4.7031e-04 (best:  4.7819e-04/ 3.8104e-04)
>> epoch [ 490/3000], runtime:  9.35s, train err: 4.9375e-04 (best:  4.7819e-04/ 3.8104e-04)
>> epoch [ 491/3000], runtime:  8.03s, train err: 4.8744e-04 (best:  4.7819e-04/ 3.8104e-04)
>> epoch [ 492/3000], runtime:  8.94s, train err: 4.7088e-04 (best:  4.7819e-04/ 3.8104e-04)
>> epoch [ 493/3000], runtime:  9.58s, train err: 5.1959e-04 (best:  4.7819e-04/ 3.8104e-04)
>> epoch [ 494/3000], runtime: 9.48s, train err: 4.6724e-04, valid err: 3.7349e-04 , test err: 4.1968e-04
>> epoch [ 495/3000], runtime:  9.46s, train err: 4.6658e-04 (best:  4.6724e-04/ 3.7349e-04)
>> epoch [ 496/3000], runtime:  10.38s, train err: 5.1361e-04 (best:  4.6724e-04/ 3.7349e-04)
>> epoch [ 497/3000], runtime:  9.57s, train err: 5.3083e-04 (best:  4.6724e-04/ 3.7349e-04)
>> epoch [ 498/3000], runtime:  9.12s, train err: 5.1078e-04 (best:  4.6724e-04/ 3.7349e-04)
>> epoch [ 499/3000], runtime:  9.19s, train err: 5.0342e-04 (best:  4.6724e-04/ 3.7349e-04)
>> epoch [ 500/3000], runtime:  8.72s, train err: 4.7086e-04 (best:  4.6724e-04/ 3.7349e-04)
>> epoch [ 501/3000], runtime:  9.33s, train err: 5.3277e-04 (best:  4.6724e-04/ 3.7349e-04)
>> epoch [ 502/3000], runtime:  8.82s, train err: 4.9357e-04 (best:  4.6724e-04/ 3.7349e-04)
>> epoch [ 503/3000], runtime:  7.49s, train err: 4.9263e-04 (best:  4.6724e-04/ 3.7349e-04)
>> epoch [ 504/3000], runtime:  9.77s, train err: 5.1209e-04 (best:  4.6724e-04/ 3.7349e-04)
>> epoch [ 505/3000], runtime:  8.74s, train err: 4.7296e-04 (best:  4.6724e-04/ 3.7349e-04)
>> epoch [ 506/3000], runtime:  9.38s, train err: 5.3759e-04 (best:  4.6724e-04/ 3.7349e-04)
>> epoch [ 507/3000], runtime:  9.15s, train err: 5.1411e-04 (best:  4.6724e-04/ 3.7349e-04)
>> epoch [ 508/3000], runtime:  9.00s, train err: 5.0029e-04 (best:  4.6724e-04/ 3.7349e-04)
>> epoch [ 509/3000], runtime:  9.69s, train err: 6.0879e-04 (best:  4.6724e-04/ 3.7349e-04)
>> epoch [ 510/3000], runtime:  9.91s, train err: 5.7182e-04 (best:  4.6724e-04/ 3.7349e-04)
>> epoch [ 511/3000], runtime:  10.20s, train err: 4.7366e-04 (best:  4.6724e-04/ 3.7349e-04)
>> epoch [ 512/3000], runtime:  8.12s, train err: 4.5968e-04 (best:  4.6724e-04/ 3.7349e-04)
>> epoch [ 513/3000], runtime:  8.41s, train err: 4.5861e-04 (best:  4.6724e-04/ 3.7349e-04)
>> epoch [ 514/3000], runtime:  8.84s, train err: 4.8739e-04 (best:  4.6724e-04/ 3.7349e-04)
>> epoch [ 515/3000], runtime:  8.50s, train err: 4.7628e-04 (best:  4.6724e-04/ 3.7349e-04)
>> epoch [ 516/3000], runtime:  8.97s, train err: 4.8804e-04 (best:  4.6724e-04/ 3.7349e-04)
>> epoch [ 517/3000], runtime:  8.66s, train err: 4.6455e-04 (best:  4.6724e-04/ 3.7349e-04)
>> epoch [ 518/3000], runtime:  8.76s, train err: 5.9038e-04 (best:  4.6724e-04/ 3.7349e-04)
>> epoch [ 519/3000], runtime:  9.53s, train err: 4.8787e-04 (best:  4.6724e-04/ 3.7349e-04)
>> epoch [ 520/3000], runtime:  8.66s, train err: 4.8064e-04 (best:  4.6724e-04/ 3.7349e-04)
>> epoch [ 521/3000], runtime:  8.73s, train err: 5.1322e-04 (best:  4.6724e-04/ 3.7349e-04)
>> epoch [ 522/3000], runtime:  6.98s, train err: 4.6673e-04 (best:  4.6724e-04/ 3.7349e-04)
>> epoch [ 523/3000], runtime:  8.46s, train err: 4.9381e-04 (best:  4.6724e-04/ 3.7349e-04)
>> epoch [ 524/3000], runtime:  10.13s, train err: 5.0620e-04 (best:  4.6724e-04/ 3.7349e-04)
>> epoch [ 525/3000], runtime:  6.66s, train err: 5.1750e-04 (best:  4.6724e-04/ 3.7349e-04)
>> epoch [ 526/3000], runtime: 7.36s, train err: 4.6671e-04, valid err: 3.6113e-04 , test err: 4.1707e-04
>> epoch [ 527/3000], runtime:  8.38s, train err: 4.4688e-04 (best:  4.6671e-04/ 3.6113e-04)
>> epoch [ 528/3000], runtime:  9.12s, train err: 4.4077e-04 (best:  4.6671e-04/ 3.6113e-04)
>> epoch [ 529/3000], runtime:  9.89s, train err: 5.1849e-04 (best:  4.6671e-04/ 3.6113e-04)
>> epoch [ 530/3000], runtime: 9.06s, train err: 4.6522e-04, valid err: 3.5721e-04 , test err: 4.1534e-04
>> epoch [ 531/3000], runtime:  7.78s, train err: 4.6155e-04 (best:  4.6522e-04/ 3.5721e-04)
>> epoch [ 532/3000], runtime: 8.66s, train err: 4.4072e-04, valid err: 3.5170e-04 , test err: 4.0234e-04
>> epoch [ 533/3000], runtime:  9.77s, train err: 4.3860e-04 (best:  4.4072e-04/ 3.5170e-04)
>> epoch [ 534/3000], runtime:  9.32s, train err: 4.3336e-04 (best:  4.4072e-04/ 3.5170e-04)
>> epoch [ 535/3000], runtime:  8.47s, train err: 4.4900e-04 (best:  4.4072e-04/ 3.5170e-04)
>> epoch [ 536/3000], runtime:  9.52s, train err: 4.6395e-04 (best:  4.4072e-04/ 3.5170e-04)
>> epoch [ 537/3000], runtime:  7.72s, train err: 4.9216e-04 (best:  4.4072e-04/ 3.5170e-04)
>> epoch [ 538/3000], runtime:  8.41s, train err: 5.0278e-04 (best:  4.4072e-04/ 3.5170e-04)
>> epoch [ 539/3000], runtime:  8.20s, train err: 4.5443e-04 (best:  4.4072e-04/ 3.5170e-04)
>> epoch [ 540/3000], runtime:  8.27s, train err: 4.6095e-04 (best:  4.4072e-04/ 3.5170e-04)
>> epoch [ 541/3000], runtime:  8.96s, train err: 4.6047e-04 (best:  4.4072e-04/ 3.5170e-04)
>> epoch [ 542/3000], runtime:  9.58s, train err: 4.7230e-04 (best:  4.4072e-04/ 3.5170e-04)
>> epoch [ 543/3000], runtime:  9.24s, train err: 4.6109e-04 (best:  4.4072e-04/ 3.5170e-04)
>> epoch [ 544/3000], runtime:  7.66s, train err: 4.4928e-04 (best:  4.4072e-04/ 3.5170e-04)
>> epoch [ 545/3000], runtime:  8.13s, train err: 4.4938e-04 (best:  4.4072e-04/ 3.5170e-04)
>> epoch [ 546/3000], runtime:  8.48s, train err: 5.0123e-04 (best:  4.4072e-04/ 3.5170e-04)
>> epoch [ 547/3000], runtime:  9.23s, train err: 4.4808e-04 (best:  4.4072e-04/ 3.5170e-04)
>> epoch [ 548/3000], runtime:  8.22s, train err: 5.3962e-04 (best:  4.4072e-04/ 3.5170e-04)
>> epoch [ 549/3000], runtime:  8.85s, train err: 4.9234e-04 (best:  4.4072e-04/ 3.5170e-04)
>> epoch [ 550/3000], runtime:  7.49s, train err: 4.5738e-04 (best:  4.4072e-04/ 3.5170e-04)
>> epoch [ 551/3000], runtime:  7.51s, train err: 4.3898e-04 (best:  4.4072e-04/ 3.5170e-04)
>> epoch [ 552/3000], runtime:  8.77s, train err: 4.4518e-04 (best:  4.4072e-04/ 3.5170e-04)
>> epoch [ 553/3000], runtime:  9.40s, train err: 4.4381e-04 (best:  4.4072e-04/ 3.5170e-04)
>> epoch [ 554/3000], runtime:  9.42s, train err: 4.5626e-04 (best:  4.4072e-04/ 3.5170e-04)
>> epoch [ 555/3000], runtime:  8.26s, train err: 4.4860e-04 (best:  4.4072e-04/ 3.5170e-04)
>> epoch [ 556/3000], runtime:  7.99s, train err: 4.4443e-04 (best:  4.4072e-04/ 3.5170e-04)
>> epoch [ 557/3000], runtime: 10.48s, train err: 4.2714e-04, valid err: 3.5008e-04 , test err: 3.9622e-04
>> epoch [ 558/3000], runtime:  9.19s, train err: 4.4838e-04 (best:  4.2714e-04/ 3.5008e-04)
>> epoch [ 559/3000], runtime:  9.60s, train err: 4.4761e-04 (best:  4.2714e-04/ 3.5008e-04)
>> epoch [ 560/3000], runtime:  10.11s, train err: 5.2153e-04 (best:  4.2714e-04/ 3.5008e-04)
>> epoch [ 561/3000], runtime:  9.78s, train err: 4.6702e-04 (best:  4.2714e-04/ 3.5008e-04)
>> epoch [ 562/3000], runtime:  9.22s, train err: 4.4786e-04 (best:  4.2714e-04/ 3.5008e-04)
>> epoch [ 563/3000], runtime:  9.12s, train err: 4.3808e-04 (best:  4.2714e-04/ 3.5008e-04)
>> epoch [ 564/3000], runtime:  9.98s, train err: 5.1594e-04 (best:  4.2714e-04/ 3.5008e-04)
>> epoch [ 565/3000], runtime:  9.76s, train err: 4.9982e-04 (best:  4.2714e-04/ 3.5008e-04)
>> epoch [ 566/3000], runtime:  9.95s, train err: 4.3311e-04 (best:  4.2714e-04/ 3.5008e-04)
>> epoch [ 567/3000], runtime: 10.59s, train err: 4.2375e-04, valid err: 3.4599e-04 , test err: 3.8463e-04
>> epoch [ 568/3000], runtime:  10.60s, train err: 4.5033e-04 (best:  4.2375e-04/ 3.4599e-04)
>> epoch [ 569/3000], runtime:  8.95s, train err: 4.7156e-04 (best:  4.2375e-04/ 3.4599e-04)
>> epoch [ 570/3000], runtime:  9.55s, train err: 4.4406e-04 (best:  4.2375e-04/ 3.4599e-04)
>> epoch [ 571/3000], runtime:  7.53s, train err: 4.3820e-04 (best:  4.2375e-04/ 3.4599e-04)
>> epoch [ 572/3000], runtime:  9.23s, train err: 4.3241e-04 (best:  4.2375e-04/ 3.4599e-04)
>> epoch [ 573/3000], runtime:  8.11s, train err: 4.7112e-04 (best:  4.2375e-04/ 3.4599e-04)
>> epoch [ 574/3000], runtime:  9.63s, train err: 4.3546e-04 (best:  4.2375e-04/ 3.4599e-04)
>> epoch [ 575/3000], runtime:  9.33s, train err: 4.2869e-04 (best:  4.2375e-04/ 3.4599e-04)
>> epoch [ 576/3000], runtime:  8.98s, train err: 4.3520e-04 (best:  4.2375e-04/ 3.4599e-04)
>> epoch [ 577/3000], runtime:  8.64s, train err: 4.2841e-04 (best:  4.2375e-04/ 3.4599e-04)
>> epoch [ 578/3000], runtime: 9.06s, train err: 4.1139e-04, valid err: 3.4417e-04 , test err: 4.0909e-04
>> epoch [ 579/3000], runtime:  9.91s, train err: 4.2964e-04 (best:  4.1139e-04/ 3.4417e-04)
>> epoch [ 580/3000], runtime:  9.71s, train err: 4.2524e-04 (best:  4.1139e-04/ 3.4417e-04)
>> epoch [ 581/3000], runtime:  8.23s, train err: 4.2369e-04 (best:  4.1139e-04/ 3.4417e-04)
>> epoch [ 582/3000], runtime:  10.18s, train err: 4.2670e-04 (best:  4.1139e-04/ 3.4417e-04)
>> epoch [ 583/3000], runtime:  7.53s, train err: 4.2185e-04 (best:  4.1139e-04/ 3.4417e-04)
>> epoch [ 584/3000], runtime:  8.98s, train err: 4.1906e-04 (best:  4.1139e-04/ 3.4417e-04)
>> epoch [ 585/3000], runtime:  8.70s, train err: 4.2224e-04 (best:  4.1139e-04/ 3.4417e-04)
>> epoch [ 586/3000], runtime:  10.25s, train err: 4.5843e-04 (best:  4.1139e-04/ 3.4417e-04)
>> epoch [ 587/3000], runtime:  9.85s, train err: 4.8664e-04 (best:  4.1139e-04/ 3.4417e-04)
>> epoch [ 588/3000], runtime:  8.96s, train err: 4.4766e-04 (best:  4.1139e-04/ 3.4417e-04)
>> epoch [ 589/3000], runtime:  8.96s, train err: 4.9256e-04 (best:  4.1139e-04/ 3.4417e-04)
>> epoch [ 590/3000], runtime:  8.70s, train err: 4.7959e-04 (best:  4.1139e-04/ 3.4417e-04)
>> epoch [ 591/3000], runtime:  8.79s, train err: 4.2850e-04 (best:  4.1139e-04/ 3.4417e-04)
>> epoch [ 592/3000], runtime:  8.87s, train err: 4.2756e-04 (best:  4.1139e-04/ 3.4417e-04)
>> epoch [ 593/3000], runtime:  7.89s, train err: 4.1982e-04 (best:  4.1139e-04/ 3.4417e-04)
>> epoch [ 594/3000], runtime:  8.75s, train err: 4.3440e-04 (best:  4.1139e-04/ 3.4417e-04)
>> epoch [ 595/3000], runtime:  8.38s, train err: 4.2768e-04 (best:  4.1139e-04/ 3.4417e-04)
>> epoch [ 596/3000], runtime:  9.26s, train err: 4.3207e-04 (best:  4.1139e-04/ 3.4417e-04)
>> epoch [ 597/3000], runtime:  8.22s, train err: 4.4398e-04 (best:  4.1139e-04/ 3.4417e-04)
>> epoch [ 598/3000], runtime:  7.86s, train err: 4.3331e-04 (best:  4.1139e-04/ 3.4417e-04)
>> epoch [ 599/3000], runtime:  8.85s, train err: 4.5177e-04 (best:  4.1139e-04/ 3.4417e-04)
>> epoch [ 600/3000], runtime:  8.36s, train err: 4.8424e-04 (best:  4.1139e-04/ 3.4417e-04)
>> epoch [ 601/3000], runtime:  9.80s, train err: 4.6737e-04 (best:  4.1139e-04/ 3.4417e-04)
>> epoch [ 602/3000], runtime:  7.90s, train err: 4.4817e-04 (best:  4.1139e-04/ 3.4417e-04)
>> epoch [ 603/3000], runtime:  8.67s, train err: 4.1844e-04 (best:  4.1139e-04/ 3.4417e-04)
>> epoch [ 604/3000], runtime:  8.23s, train err: 4.5132e-04 (best:  4.1139e-04/ 3.4417e-04)
>> epoch [ 605/3000], runtime:  6.93s, train err: 4.2966e-04 (best:  4.1139e-04/ 3.4417e-04)
>> epoch [ 606/3000], runtime:  9.22s, train err: 4.1845e-04 (best:  4.1139e-04/ 3.4417e-04)
>> epoch [ 607/3000], runtime:  8.50s, train err: 4.3605e-04 (best:  4.1139e-04/ 3.4417e-04)
>> epoch [ 608/3000], runtime:  9.38s, train err: 4.4168e-04 (best:  4.1139e-04/ 3.4417e-04)
>> epoch [ 609/3000], runtime:  8.27s, train err: 4.5392e-04 (best:  4.1139e-04/ 3.4417e-04)
>> epoch [ 610/3000], runtime:  7.23s, train err: 4.3730e-04 (best:  4.1139e-04/ 3.4417e-04)
>> epoch [ 611/3000], runtime:  7.96s, train err: 4.3114e-04 (best:  4.1139e-04/ 3.4417e-04)
>> epoch [ 612/3000], runtime:  7.93s, train err: 4.1950e-04 (best:  4.1139e-04/ 3.4417e-04)
>> epoch [ 613/3000], runtime:  8.18s, train err: 4.1172e-04 (best:  4.1139e-04/ 3.4417e-04)
>> epoch [ 614/3000], runtime: 8.30s, train err: 4.1050e-04, valid err: 3.3457e-04 , test err: 3.7668e-04
>> epoch [ 615/3000], runtime:  8.18s, train err: 4.1779e-04 (best:  4.1050e-04/ 3.3457e-04)
>> epoch [ 616/3000], runtime:  8.32s, train err: 4.1076e-04 (best:  4.1050e-04/ 3.3457e-04)
>> epoch [ 617/3000], runtime:  7.71s, train err: 4.2404e-04 (best:  4.1050e-04/ 3.3457e-04)
>> epoch [ 618/3000], runtime:  7.80s, train err: 4.1219e-04 (best:  4.1050e-04/ 3.3457e-04)
>> epoch [ 619/3000], runtime:  8.05s, train err: 4.1491e-04 (best:  4.1050e-04/ 3.3457e-04)
>> epoch [ 620/3000], runtime:  7.84s, train err: 4.0952e-04 (best:  4.1050e-04/ 3.3457e-04)
>> epoch [ 621/3000], runtime:  7.31s, train err: 4.2363e-04 (best:  4.1050e-04/ 3.3457e-04)
>> epoch [ 622/3000], runtime:  9.08s, train err: 4.1454e-04 (best:  4.1050e-04/ 3.3457e-04)
>> epoch [ 623/3000], runtime:  8.29s, train err: 4.1506e-04 (best:  4.1050e-04/ 3.3457e-04)
>> epoch [ 624/3000], runtime:  8.12s, train err: 4.2622e-04 (best:  4.1050e-04/ 3.3457e-04)
>> epoch [ 625/3000], runtime:  7.86s, train err: 4.1162e-04 (best:  4.1050e-04/ 3.3457e-04)
>> epoch [ 626/3000], runtime:  7.77s, train err: 4.2714e-04 (best:  4.1050e-04/ 3.3457e-04)
>> epoch [ 627/3000], runtime:  7.33s, train err: 4.0872e-04 (best:  4.1050e-04/ 3.3457e-04)
>> epoch [ 628/3000], runtime:  7.66s, train err: 4.2993e-04 (best:  4.1050e-04/ 3.3457e-04)
>> epoch [ 629/3000], runtime:  8.93s, train err: 4.5642e-04 (best:  4.1050e-04/ 3.3457e-04)
>> epoch [ 630/3000], runtime: 9.30s, train err: 4.0569e-04, valid err: 3.3352e-04 , test err: 3.7091e-04
>> epoch [ 631/3000], runtime:  8.32s, train err: 4.0234e-04 (best:  4.0569e-04/ 3.3352e-04)
>> epoch [ 632/3000], runtime:  8.44s, train err: 4.1689e-04 (best:  4.0569e-04/ 3.3352e-04)
>> epoch [ 633/3000], runtime:  8.14s, train err: 4.1085e-04 (best:  4.0569e-04/ 3.3352e-04)
>> epoch [ 634/3000], runtime:  9.23s, train err: 4.3982e-04 (best:  4.0569e-04/ 3.3352e-04)
>> epoch [ 635/3000], runtime:  7.63s, train err: 4.2258e-04 (best:  4.0569e-04/ 3.3352e-04)
>> epoch [ 636/3000], runtime:  7.99s, train err: 4.2661e-04 (best:  4.0569e-04/ 3.3352e-04)
>> epoch [ 637/3000], runtime:  7.68s, train err: 4.5552e-04 (best:  4.0569e-04/ 3.3352e-04)
>> epoch [ 638/3000], runtime:  8.25s, train err: 4.1497e-04 (best:  4.0569e-04/ 3.3352e-04)
>> epoch [ 639/3000], runtime:  7.55s, train err: 4.3130e-04 (best:  4.0569e-04/ 3.3352e-04)
>> epoch [ 640/3000], runtime:  8.79s, train err: 4.1486e-04 (best:  4.0569e-04/ 3.3352e-04)
>> epoch [ 641/3000], runtime:  8.44s, train err: 4.0434e-04 (best:  4.0569e-04/ 3.3352e-04)
>> epoch [ 642/3000], runtime: 8.67s, train err: 4.0162e-04, valid err: 3.2272e-04 , test err: 3.8096e-04
>> epoch [ 643/3000], runtime:  8.77s, train err: 4.1292e-04 (best:  4.0162e-04/ 3.2272e-04)
>> epoch [ 644/3000], runtime:  7.25s, train err: 4.1138e-04 (best:  4.0162e-04/ 3.2272e-04)
>> epoch [ 645/3000], runtime:  8.16s, train err: 4.0229e-04 (best:  4.0162e-04/ 3.2272e-04)
>> epoch [ 646/3000], runtime:  8.63s, train err: 4.2630e-04 (best:  4.0162e-04/ 3.2272e-04)
>> epoch [ 647/3000], runtime:  7.97s, train err: 4.1092e-04 (best:  4.0162e-04/ 3.2272e-04)
>> epoch [ 648/3000], runtime:  8.08s, train err: 4.2903e-04 (best:  4.0162e-04/ 3.2272e-04)
>> epoch [ 649/3000], runtime:  8.56s, train err: 4.1973e-04 (best:  4.0162e-04/ 3.2272e-04)
>> epoch [ 650/3000], runtime:  6.46s, train err: 4.1794e-04 (best:  4.0162e-04/ 3.2272e-04)
>> epoch [ 651/3000], runtime:  8.21s, train err: 4.2173e-04 (best:  4.0162e-04/ 3.2272e-04)
>> epoch [ 652/3000], runtime:  8.14s, train err: 4.1283e-04 (best:  4.0162e-04/ 3.2272e-04)
>> epoch [ 653/3000], runtime:  8.71s, train err: 4.0716e-04 (best:  4.0162e-04/ 3.2272e-04)
>> epoch [ 654/3000], runtime:  7.14s, train err: 4.1422e-04 (best:  4.0162e-04/ 3.2272e-04)
>> epoch [ 655/3000], runtime:  8.65s, train err: 4.1357e-04 (best:  4.0162e-04/ 3.2272e-04)
>> epoch [ 656/3000], runtime:  7.43s, train err: 3.9975e-04 (best:  4.0162e-04/ 3.2272e-04)
>> epoch [ 657/3000], runtime:  7.65s, train err: 4.1570e-04 (best:  4.0162e-04/ 3.2272e-04)
>> epoch [ 658/3000], runtime:  7.15s, train err: 3.9887e-04 (best:  4.0162e-04/ 3.2272e-04)
>> epoch [ 659/3000], runtime:  8.30s, train err: 4.2520e-04 (best:  4.0162e-04/ 3.2272e-04)
>> epoch [ 660/3000], runtime:  7.32s, train err: 4.8093e-04 (best:  4.0162e-04/ 3.2272e-04)
>> epoch [ 661/3000], runtime:  8.18s, train err: 4.2063e-04 (best:  4.0162e-04/ 3.2272e-04)
>> epoch [ 662/3000], runtime:  6.81s, train err: 4.0877e-04 (best:  4.0162e-04/ 3.2272e-04)
>> epoch [ 663/3000], runtime:  8.82s, train err: 4.0922e-04 (best:  4.0162e-04/ 3.2272e-04)
>> epoch [ 664/3000], runtime: 6.75s, train err: 3.9648e-04, valid err: 3.1770e-04 , test err: 3.7283e-04
>> epoch [ 665/3000], runtime:  6.33s, train err: 3.9684e-04 (best:  3.9648e-04/ 3.1770e-04)
>> epoch [ 666/3000], runtime:  8.42s, train err: 4.1599e-04 (best:  3.9648e-04/ 3.1770e-04)
>> epoch [ 667/3000], runtime:  7.98s, train err: 4.0212e-04 (best:  3.9648e-04/ 3.1770e-04)
>> epoch [ 668/3000], runtime:  8.29s, train err: 4.1993e-04 (best:  3.9648e-04/ 3.1770e-04)
>> epoch [ 669/3000], runtime:  7.18s, train err: 3.9188e-04 (best:  3.9648e-04/ 3.1770e-04)
>> epoch [ 670/3000], runtime:  7.10s, train err: 4.1238e-04 (best:  3.9648e-04/ 3.1770e-04)
>> epoch [ 671/3000], runtime:  8.65s, train err: 4.0892e-04 (best:  3.9648e-04/ 3.1770e-04)
>> epoch [ 672/3000], runtime:  8.71s, train err: 3.9311e-04 (best:  3.9648e-04/ 3.1770e-04)
>> epoch [ 673/3000], runtime:  7.86s, train err: 4.1140e-04 (best:  3.9648e-04/ 3.1770e-04)
>> epoch [ 674/3000], runtime:  7.25s, train err: 4.1941e-04 (best:  3.9648e-04/ 3.1770e-04)
>> epoch [ 675/3000], runtime:  8.53s, train err: 4.0797e-04 (best:  3.9648e-04/ 3.1770e-04)
>> epoch [ 676/3000], runtime:  6.14s, train err: 4.0981e-04 (best:  3.9648e-04/ 3.1770e-04)
>> epoch [ 677/3000], runtime:  8.61s, train err: 4.0770e-04 (best:  3.9648e-04/ 3.1770e-04)
>> epoch [ 678/3000], runtime:  6.64s, train err: 4.2863e-04 (best:  3.9648e-04/ 3.1770e-04)
>> epoch [ 679/3000], runtime:  7.49s, train err: 4.0812e-04 (best:  3.9648e-04/ 3.1770e-04)
>> epoch [ 680/3000], runtime:  7.26s, train err: 4.2621e-04 (best:  3.9648e-04/ 3.1770e-04)
>> epoch [ 681/3000], runtime:  7.58s, train err: 4.1623e-04 (best:  3.9648e-04/ 3.1770e-04)
>> epoch [ 682/3000], runtime: 8.65s, train err: 3.8993e-04, valid err: 3.1158e-04 , test err: 3.6973e-04
>> epoch [ 683/3000], runtime: 7.82s, train err: 3.8644e-04, valid err: 3.1077e-04 , test err: 3.6062e-04
>> epoch [ 684/3000], runtime:  6.91s, train err: 3.9767e-04 (best:  3.8644e-04/ 3.1077e-04)
>> epoch [ 685/3000], runtime:  8.80s, train err: 3.9565e-04 (best:  3.8644e-04/ 3.1077e-04)
>> epoch [ 686/3000], runtime:  7.06s, train err: 3.9056e-04 (best:  3.8644e-04/ 3.1077e-04)
>> epoch [ 687/3000], runtime:  8.55s, train err: 4.0140e-04 (best:  3.8644e-04/ 3.1077e-04)
>> epoch [ 688/3000], runtime:  7.54s, train err: 4.0742e-04 (best:  3.8644e-04/ 3.1077e-04)
>> epoch [ 689/3000], runtime:  9.22s, train err: 3.9241e-04 (best:  3.8644e-04/ 3.1077e-04)
>> epoch [ 690/3000], runtime:  7.18s, train err: 3.9935e-04 (best:  3.8644e-04/ 3.1077e-04)
>> epoch [ 691/3000], runtime:  7.30s, train err: 4.2242e-04 (best:  3.8644e-04/ 3.1077e-04)
>> epoch [ 692/3000], runtime:  7.37s, train err: 4.0547e-04 (best:  3.8644e-04/ 3.1077e-04)
>> epoch [ 693/3000], runtime:  8.72s, train err: 4.1310e-04 (best:  3.8644e-04/ 3.1077e-04)
>> epoch [ 694/3000], runtime:  6.86s, train err: 3.9872e-04 (best:  3.8644e-04/ 3.1077e-04)
>> epoch [ 695/3000], runtime:  7.82s, train err: 3.9364e-04 (best:  3.8644e-04/ 3.1077e-04)
>> epoch [ 696/3000], runtime:  7.47s, train err: 3.9419e-04 (best:  3.8644e-04/ 3.1077e-04)
>> epoch [ 697/3000], runtime:  8.79s, train err: 4.0545e-04 (best:  3.8644e-04/ 3.1077e-04)
>> epoch [ 698/3000], runtime:  7.18s, train err: 3.9735e-04 (best:  3.8644e-04/ 3.1077e-04)
>> epoch [ 699/3000], runtime:  9.17s, train err: 3.8631e-04 (best:  3.8644e-04/ 3.1077e-04)
>> epoch [ 700/3000], runtime:  7.45s, train err: 3.9177e-04 (best:  3.8644e-04/ 3.1077e-04)
>> epoch [ 701/3000], runtime:  6.17s, train err: 4.0914e-04 (best:  3.8644e-04/ 3.1077e-04)
>> epoch [ 702/3000], runtime:  7.63s, train err: 3.9387e-04 (best:  3.8644e-04/ 3.1077e-04)
>> epoch [ 703/3000], runtime:  6.71s, train err: 3.9597e-04 (best:  3.8644e-04/ 3.1077e-04)
>> epoch [ 704/3000], runtime:  7.31s, train err: 3.8776e-04 (best:  3.8644e-04/ 3.1077e-04)
>> epoch [ 705/3000], runtime:  7.16s, train err: 3.8830e-04 (best:  3.8644e-04/ 3.1077e-04)
>> epoch [ 706/3000], runtime:  8.33s, train err: 3.8807e-04 (best:  3.8644e-04/ 3.1077e-04)
>> epoch [ 707/3000], runtime:  8.23s, train err: 3.8999e-04 (best:  3.8644e-04/ 3.1077e-04)
>> epoch [ 708/3000], runtime: 7.89s, train err: 3.8539e-04, valid err: 3.0994e-04 , test err: 3.6908e-04
>> epoch [ 709/3000], runtime:  7.34s, train err: 4.1383e-04 (best:  3.8539e-04/ 3.0994e-04)
>> epoch [ 710/3000], runtime:  7.74s, train err: 3.9541e-04 (best:  3.8539e-04/ 3.0994e-04)
>> epoch [ 711/3000], runtime:  7.71s, train err: 4.0212e-04 (best:  3.8539e-04/ 3.0994e-04)
>> epoch [ 712/3000], runtime:  8.62s, train err: 3.8866e-04 (best:  3.8539e-04/ 3.0994e-04)
>> epoch [ 713/3000], runtime:  7.74s, train err: 4.0330e-04 (best:  3.8539e-04/ 3.0994e-04)
>> epoch [ 714/3000], runtime:  8.81s, train err: 3.9643e-04 (best:  3.8539e-04/ 3.0994e-04)
>> epoch [ 715/3000], runtime:  6.88s, train err: 3.8876e-04 (best:  3.8539e-04/ 3.0994e-04)
>> epoch [ 716/3000], runtime:  8.65s, train err: 4.1398e-04 (best:  3.8539e-04/ 3.0994e-04)
>> epoch [ 717/3000], runtime:  5.48s, train err: 4.0346e-04 (best:  3.8539e-04/ 3.0994e-04)
>> epoch [ 718/3000], runtime:  7.92s, train err: 4.0312e-04 (best:  3.8539e-04/ 3.0994e-04)
>> epoch [ 719/3000], runtime:  6.89s, train err: 3.8863e-04 (best:  3.8539e-04/ 3.0994e-04)
>> epoch [ 720/3000], runtime:  7.48s, train err: 3.9720e-04 (best:  3.8539e-04/ 3.0994e-04)
>> epoch [ 721/3000], runtime:  7.19s, train err: 3.9336e-04 (best:  3.8539e-04/ 3.0994e-04)
>> epoch [ 722/3000], runtime:  7.86s, train err: 3.7857e-04 (best:  3.8539e-04/ 3.0994e-04)
>> epoch [ 723/3000], runtime:  7.32s, train err: 3.9734e-04 (best:  3.8539e-04/ 3.0994e-04)
>> epoch [ 724/3000], runtime:  6.51s, train err: 3.9661e-04 (best:  3.8539e-04/ 3.0994e-04)
>> epoch [ 725/3000], runtime: 7.11s, train err: 3.8107e-04, valid err: 3.0579e-04 , test err: 3.5422e-04
>> epoch [ 726/3000], runtime:  6.60s, train err: 3.8507e-04 (best:  3.8107e-04/ 3.0579e-04)
>> epoch [ 727/3000], runtime:  6.64s, train err: 3.9270e-04 (best:  3.8107e-04/ 3.0579e-04)
>> epoch [ 728/3000], runtime:  6.96s, train err: 3.8536e-04 (best:  3.8107e-04/ 3.0579e-04)
>> epoch [ 729/3000], runtime:  5.99s, train err: 3.8909e-04 (best:  3.8107e-04/ 3.0579e-04)
>> epoch [ 730/3000], runtime:  6.08s, train err: 4.1672e-04 (best:  3.8107e-04/ 3.0579e-04)
>> epoch [ 731/3000], runtime:  4.99s, train err: 3.9415e-04 (best:  3.8107e-04/ 3.0579e-04)
>> epoch [ 732/3000], runtime:  6.93s, train err: 3.9056e-04 (best:  3.8107e-04/ 3.0579e-04)
>> epoch [ 733/3000], runtime:  5.64s, train err: 4.0042e-04 (best:  3.8107e-04/ 3.0579e-04)
>> epoch [ 734/3000], runtime:  5.54s, train err: 3.8541e-04 (best:  3.8107e-04/ 3.0579e-04)
>> epoch [ 735/3000], runtime:  6.38s, train err: 3.8457e-04 (best:  3.8107e-04/ 3.0579e-04)
>> epoch [ 736/3000], runtime:  6.47s, train err: 3.9620e-04 (best:  3.8107e-04/ 3.0579e-04)
>> epoch [ 737/3000], runtime:  7.07s, train err: 3.9081e-04 (best:  3.8107e-04/ 3.0579e-04)
>> epoch [ 738/3000], runtime:  5.52s, train err: 3.8115e-04 (best:  3.8107e-04/ 3.0579e-04)
>> epoch [ 739/3000], runtime:  6.38s, train err: 3.8532e-04 (best:  3.8107e-04/ 3.0579e-04)
>> epoch [ 740/3000], runtime:  5.82s, train err: 3.9938e-04 (best:  3.8107e-04/ 3.0579e-04)
>> epoch [ 741/3000], runtime: 7.19s, train err: 3.8067e-04, valid err: 3.0429e-04 , test err: 3.6178e-04
>> epoch [ 742/3000], runtime:  5.81s, train err: 3.8296e-04 (best:  3.8067e-04/ 3.0429e-04)
>> epoch [ 743/3000], runtime:  7.01s, train err: 3.8640e-04 (best:  3.8067e-04/ 3.0429e-04)
>> epoch [ 744/3000], runtime:  6.47s, train err: 4.0424e-04 (best:  3.8067e-04/ 3.0429e-04)
>> epoch [ 745/3000], runtime: 6.46s, train err: 3.7846e-04, valid err: 3.0007e-04 , test err: 3.4849e-04
>> epoch [ 746/3000], runtime:  7.06s, train err: 3.7760e-04 (best:  3.7846e-04/ 3.0007e-04)
>> epoch [ 747/3000], runtime:  6.38s, train err: 3.9499e-04 (best:  3.7846e-04/ 3.0007e-04)
>> epoch [ 748/3000], runtime:  6.20s, train err: 3.8364e-04 (best:  3.7846e-04/ 3.0007e-04)
>> epoch [ 749/3000], runtime:  5.62s, train err: 4.0012e-04 (best:  3.7846e-04/ 3.0007e-04)
>> epoch [ 750/3000], runtime:  5.67s, train err: 4.3301e-04 (best:  3.7846e-04/ 3.0007e-04)
>> epoch [ 751/3000], runtime:  6.18s, train err: 4.0924e-04 (best:  3.7846e-04/ 3.0007e-04)
>> epoch [ 752/3000], runtime:  6.24s, train err: 3.9147e-04 (best:  3.7846e-04/ 3.0007e-04)
>> epoch [ 753/3000], runtime:  6.75s, train err: 3.7796e-04 (best:  3.7846e-04/ 3.0007e-04)
>> epoch [ 754/3000], runtime:  6.78s, train err: 3.9075e-04 (best:  3.7846e-04/ 3.0007e-04)
>> epoch [ 755/3000], runtime:  6.73s, train err: 3.9456e-04 (best:  3.7846e-04/ 3.0007e-04)
>> epoch [ 756/3000], runtime:  6.54s, train err: 4.2715e-04 (best:  3.7846e-04/ 3.0007e-04)
>> epoch [ 757/3000], runtime:  6.16s, train err: 3.9374e-04 (best:  3.7846e-04/ 3.0007e-04)
>> epoch [ 758/3000], runtime:  5.72s, train err: 3.9495e-04 (best:  3.7846e-04/ 3.0007e-04)
>> epoch [ 759/3000], runtime:  6.34s, train err: 3.9451e-04 (best:  3.7846e-04/ 3.0007e-04)
>> epoch [ 760/3000], runtime:  5.83s, train err: 3.8302e-04 (best:  3.7846e-04/ 3.0007e-04)
>> epoch [ 761/3000], runtime:  6.04s, train err: 3.7933e-04 (best:  3.7846e-04/ 3.0007e-04)
>> epoch [ 762/3000], runtime: 6.42s, train err: 3.7483e-04, valid err: 2.9899e-04 , test err: 3.5161e-04
>> epoch [ 763/3000], runtime:  5.81s, train err: 3.8615e-04 (best:  3.7483e-04/ 2.9899e-04)
>> epoch [ 764/3000], runtime:  6.03s, train err: 3.8625e-04 (best:  3.7483e-04/ 2.9899e-04)
>> epoch [ 765/3000], runtime:  5.22s, train err: 3.7911e-04 (best:  3.7483e-04/ 2.9899e-04)
>> epoch [ 766/3000], runtime:  6.62s, train err: 3.7900e-04 (best:  3.7483e-04/ 2.9899e-04)
>> epoch [ 767/3000], runtime:  5.16s, train err: 3.9286e-04 (best:  3.7483e-04/ 2.9899e-04)
>> epoch [ 768/3000], runtime:  6.42s, train err: 3.9300e-04 (best:  3.7483e-04/ 2.9899e-04)
>> epoch [ 769/3000], runtime:  5.16s, train err: 3.8211e-04 (best:  3.7483e-04/ 2.9899e-04)
>> epoch [ 770/3000], runtime:  6.74s, train err: 3.8427e-04 (best:  3.7483e-04/ 2.9899e-04)
>> epoch [ 771/3000], runtime:  5.76s, train err: 3.7822e-04 (best:  3.7483e-04/ 2.9899e-04)
>> epoch [ 772/3000], runtime:  6.83s, train err: 3.7082e-04 (best:  3.7483e-04/ 2.9899e-04)
>> epoch [ 773/3000], runtime:  5.43s, train err: 3.8108e-04 (best:  3.7483e-04/ 2.9899e-04)
>> epoch [ 774/3000], runtime:  5.55s, train err: 3.9295e-04 (best:  3.7483e-04/ 2.9899e-04)
>> epoch [ 775/3000], runtime:  6.72s, train err: 4.0620e-04 (best:  3.7483e-04/ 2.9899e-04)
>> epoch [ 776/3000], runtime:  6.15s, train err: 3.9508e-04 (best:  3.7483e-04/ 2.9899e-04)
>> epoch [ 777/3000], runtime:  6.40s, train err: 3.7422e-04 (best:  3.7483e-04/ 2.9899e-04)
>> epoch [ 778/3000], runtime:  6.70s, train err: 3.7470e-04 (best:  3.7483e-04/ 2.9899e-04)
>> epoch [ 779/3000], runtime:  5.47s, train err: 3.8166e-04 (best:  3.7483e-04/ 2.9899e-04)
>> epoch [ 780/3000], runtime:  5.44s, train err: 3.9288e-04 (best:  3.7483e-04/ 2.9899e-04)
>> epoch [ 781/3000], runtime:  6.15s, train err: 3.8115e-04 (best:  3.7483e-04/ 2.9899e-04)
>> epoch [ 782/3000], runtime:  6.54s, train err: 3.7668e-04 (best:  3.7483e-04/ 2.9899e-04)
>> epoch [ 783/3000], runtime:  5.44s, train err: 3.7786e-04 (best:  3.7483e-04/ 2.9899e-04)
>> epoch [ 784/3000], runtime:  6.84s, train err: 3.7792e-04 (best:  3.7483e-04/ 2.9899e-04)
>> epoch [ 785/3000], runtime:  5.80s, train err: 3.7921e-04 (best:  3.7483e-04/ 2.9899e-04)
>> epoch [ 786/3000], runtime:  6.24s, train err: 3.8298e-04 (best:  3.7483e-04/ 2.9899e-04)
>> epoch [ 787/3000], runtime:  6.05s, train err: 3.7438e-04 (best:  3.7483e-04/ 2.9899e-04)
>> epoch [ 788/3000], runtime:  6.46s, train err: 3.7250e-04 (best:  3.7483e-04/ 2.9899e-04)
>> epoch [ 789/3000], runtime:  6.49s, train err: 3.8055e-04 (best:  3.7483e-04/ 2.9899e-04)
>> epoch [ 790/3000], runtime:  5.96s, train err: 3.9296e-04 (best:  3.7483e-04/ 2.9899e-04)
>> epoch [ 791/3000], runtime:  6.68s, train err: 3.9673e-04 (best:  3.7483e-04/ 2.9899e-04)
>> epoch [ 792/3000], runtime:  5.18s, train err: 4.0072e-04 (best:  3.7483e-04/ 2.9899e-04)
>> epoch [ 793/3000], runtime:  6.48s, train err: 3.8536e-04 (best:  3.7483e-04/ 2.9899e-04)
>> epoch [ 794/3000], runtime:  5.27s, train err: 3.7701e-04 (best:  3.7483e-04/ 2.9899e-04)
>> epoch [ 795/3000], runtime: 5.81s, train err: 3.7247e-04, valid err: 2.9440e-04 , test err: 3.4935e-04
>> epoch [ 796/3000], runtime:  5.40s, train err: 3.7498e-04 (best:  3.7247e-04/ 2.9440e-04)
>> epoch [ 797/3000], runtime:  5.80s, train err: 3.7746e-04 (best:  3.7247e-04/ 2.9440e-04)
>> epoch [ 798/3000], runtime:  5.94s, train err: 3.7634e-04 (best:  3.7247e-04/ 2.9440e-04)
>> epoch [ 799/3000], runtime:  5.97s, train err: 3.8543e-04 (best:  3.7247e-04/ 2.9440e-04)
>> epoch [ 800/3000], runtime:  5.30s, train err: 3.8005e-04 (best:  3.7247e-04/ 2.9440e-04)
>> epoch [ 801/3000], runtime:  7.14s, train err: 3.7727e-04 (best:  3.7247e-04/ 2.9440e-04)
>> epoch [ 802/3000], runtime:  4.78s, train err: 3.7652e-04 (best:  3.7247e-04/ 2.9440e-04)
>> epoch [ 803/3000], runtime:  6.30s, train err: 3.7808e-04 (best:  3.7247e-04/ 2.9440e-04)
>> epoch [ 804/3000], runtime:  6.82s, train err: 3.7650e-04 (best:  3.7247e-04/ 2.9440e-04)
>> epoch [ 805/3000], runtime:  6.67s, train err: 3.7927e-04 (best:  3.7247e-04/ 2.9440e-04)
>> epoch [ 806/3000], runtime:  6.09s, train err: 3.8110e-04 (best:  3.7247e-04/ 2.9440e-04)
>> epoch [ 807/3000], runtime:  6.65s, train err: 3.7280e-04 (best:  3.7247e-04/ 2.9440e-04)
>> epoch [ 808/3000], runtime:  5.98s, train err: 3.7044e-04 (best:  3.7247e-04/ 2.9440e-04)
>> epoch [ 809/3000], runtime:  6.13s, train err: 3.7802e-04 (best:  3.7247e-04/ 2.9440e-04)
>> epoch [ 810/3000], runtime:  6.91s, train err: 3.7293e-04 (best:  3.7247e-04/ 2.9440e-04)
>> epoch [ 811/3000], runtime:  6.59s, train err: 3.7747e-04 (best:  3.7247e-04/ 2.9440e-04)
>> epoch [ 812/3000], runtime:  6.40s, train err: 3.7581e-04 (best:  3.7247e-04/ 2.9440e-04)
>> epoch [ 813/3000], runtime:  6.25s, train err: 3.7054e-04 (best:  3.7247e-04/ 2.9440e-04)
>> epoch [ 814/3000], runtime:  5.51s, train err: 3.8078e-04 (best:  3.7247e-04/ 2.9440e-04)
>> epoch [ 815/3000], runtime:  6.43s, train err: 3.8778e-04 (best:  3.7247e-04/ 2.9440e-04)
>> epoch [ 816/3000], runtime:  5.68s, train err: 3.7673e-04 (best:  3.7247e-04/ 2.9440e-04)
>> epoch [ 817/3000], runtime:  6.98s, train err: 3.7288e-04 (best:  3.7247e-04/ 2.9440e-04)
>> epoch [ 818/3000], runtime:  5.27s, train err: 3.8034e-04 (best:  3.7247e-04/ 2.9440e-04)
>> epoch [ 819/3000], runtime:  6.88s, train err: 3.8706e-04 (best:  3.7247e-04/ 2.9440e-04)
>> epoch [ 820/3000], runtime:  5.75s, train err: 3.7263e-04 (best:  3.7247e-04/ 2.9440e-04)
>> epoch [ 821/3000], runtime:  6.59s, train err: 3.7129e-04 (best:  3.7247e-04/ 2.9440e-04)
>> epoch [ 822/3000], runtime:  7.11s, train err: 3.8527e-04 (best:  3.7247e-04/ 2.9440e-04)
>> epoch [ 823/3000], runtime:  6.54s, train err: 3.7738e-04 (best:  3.7247e-04/ 2.9440e-04)
>> epoch [ 824/3000], runtime:  5.41s, train err: 3.7776e-04 (best:  3.7247e-04/ 2.9440e-04)
>> epoch [ 825/3000], runtime:  7.18s, train err: 3.8939e-04 (best:  3.7247e-04/ 2.9440e-04)
>> epoch [ 826/3000], runtime:  6.92s, train err: 3.8010e-04 (best:  3.7247e-04/ 2.9440e-04)
>> epoch [ 827/3000], runtime:  6.33s, train err: 3.8212e-04 (best:  3.7247e-04/ 2.9440e-04)
>> epoch [ 828/3000], runtime:  5.92s, train err: 3.7989e-04 (best:  3.7247e-04/ 2.9440e-04)
>> epoch [ 829/3000], runtime:  6.83s, train err: 3.7592e-04 (best:  3.7247e-04/ 2.9440e-04)
>> epoch [ 830/3000], runtime: 6.77s, train err: 3.6944e-04, valid err: 2.9207e-04 , test err: 3.4669e-04
>> epoch [ 831/3000], runtime:  6.29s, train err: 3.7481e-04 (best:  3.6944e-04/ 2.9207e-04)
>> epoch [ 832/3000], runtime:  4.84s, train err: 3.6871e-04 (best:  3.6944e-04/ 2.9207e-04)
>> epoch [ 833/3000], runtime:  6.52s, train err: 3.6946e-04 (best:  3.6944e-04/ 2.9207e-04)
>> epoch [ 834/3000], runtime:  6.33s, train err: 3.7264e-04 (best:  3.6944e-04/ 2.9207e-04)
>> epoch [ 835/3000], runtime:  5.84s, train err: 3.6912e-04 (best:  3.6944e-04/ 2.9207e-04)
>> epoch [ 836/3000], runtime:  5.33s, train err: 3.7120e-04 (best:  3.6944e-04/ 2.9207e-04)
>> epoch [ 837/3000], runtime:  6.04s, train err: 3.6752e-04 (best:  3.6944e-04/ 2.9207e-04)
>> epoch [ 838/3000], runtime:  6.40s, train err: 3.7498e-04 (best:  3.6944e-04/ 2.9207e-04)
>> epoch [ 839/3000], runtime:  6.34s, train err: 3.7422e-04 (best:  3.6944e-04/ 2.9207e-04)
>> epoch [ 840/3000], runtime:  6.41s, train err: 3.6823e-04 (best:  3.6944e-04/ 2.9207e-04)
>> epoch [ 841/3000], runtime:  4.96s, train err: 3.6530e-04 (best:  3.6944e-04/ 2.9207e-04)
>> epoch [ 842/3000], runtime:  6.21s, train err: 3.7563e-04 (best:  3.6944e-04/ 2.9207e-04)
>> epoch [ 843/3000], runtime:  5.48s, train err: 3.7104e-04 (best:  3.6944e-04/ 2.9207e-04)
>> epoch [ 844/3000], runtime:  4.78s, train err: 3.6641e-04 (best:  3.6944e-04/ 2.9207e-04)
>> epoch [ 845/3000], runtime:  6.01s, train err: 3.6493e-04 (best:  3.6944e-04/ 2.9207e-04)
>> epoch [ 846/3000], runtime:  6.52s, train err: 3.7229e-04 (best:  3.6944e-04/ 2.9207e-04)
>> epoch [ 847/3000], runtime:  6.23s, train err: 3.6673e-04 (best:  3.6944e-04/ 2.9207e-04)
>> epoch [ 848/3000], runtime:  4.76s, train err: 3.6829e-04 (best:  3.6944e-04/ 2.9207e-04)
>> epoch [ 849/3000], runtime:  4.77s, train err: 3.7708e-04 (best:  3.6944e-04/ 2.9207e-04)
>> epoch [ 850/3000], runtime:  6.25s, train err: 3.7421e-04 (best:  3.6944e-04/ 2.9207e-04)
>> epoch [ 851/3000], runtime:  5.63s, train err: 3.8334e-04 (best:  3.6944e-04/ 2.9207e-04)
>> epoch [ 852/3000], runtime:  6.39s, train err: 3.7764e-04 (best:  3.6944e-04/ 2.9207e-04)
>> epoch [ 853/3000], runtime:  6.89s, train err: 3.7248e-04 (best:  3.6944e-04/ 2.9207e-04)
>> epoch [ 854/3000], runtime: 5.82s, train err: 3.6736e-04, valid err: 2.9010e-04 , test err: 3.4336e-04
>> epoch [ 855/3000], runtime:  6.37s, train err: 3.6743e-04 (best:  3.6736e-04/ 2.9010e-04)
>> epoch [ 856/3000], runtime:  5.66s, train err: 3.6968e-04 (best:  3.6736e-04/ 2.9010e-04)
>> epoch [ 857/3000], runtime:  6.50s, train err: 3.8184e-04 (best:  3.6736e-04/ 2.9010e-04)
>> epoch [ 858/3000], runtime:  7.02s, train err: 3.6733e-04 (best:  3.6736e-04/ 2.9010e-04)
>> epoch [ 859/3000], runtime:  6.92s, train err: 3.6552e-04 (best:  3.6736e-04/ 2.9010e-04)
>> epoch [ 860/3000], runtime:  6.32s, train err: 3.7381e-04 (best:  3.6736e-04/ 2.9010e-04)
>> epoch [ 861/3000], runtime:  6.27s, train err: 3.6639e-04 (best:  3.6736e-04/ 2.9010e-04)
>> epoch [ 862/3000], runtime:  6.27s, train err: 3.6931e-04 (best:  3.6736e-04/ 2.9010e-04)
>> epoch [ 863/3000], runtime:  6.41s, train err: 3.6946e-04 (best:  3.6736e-04/ 2.9010e-04)
>> epoch [ 864/3000], runtime:  5.47s, train err: 3.7242e-04 (best:  3.6736e-04/ 2.9010e-04)
>> epoch [ 865/3000], runtime:  6.17s, train err: 3.7289e-04 (best:  3.6736e-04/ 2.9010e-04)
>> epoch [ 866/3000], runtime:  5.91s, train err: 3.6506e-04 (best:  3.6736e-04/ 2.9010e-04)
>> epoch [ 867/3000], runtime:  5.68s, train err: 3.6553e-04 (best:  3.6736e-04/ 2.9010e-04)
>> epoch [ 868/3000], runtime:  4.56s, train err: 3.7096e-04 (best:  3.6736e-04/ 2.9010e-04)
>> epoch [ 869/3000], runtime:  6.83s, train err: 3.6277e-04 (best:  3.6736e-04/ 2.9010e-04)
>> epoch [ 870/3000], runtime:  6.11s, train err: 3.7106e-04 (best:  3.6736e-04/ 2.9010e-04)
>> epoch [ 871/3000], runtime:  6.05s, train err: 3.7098e-04 (best:  3.6736e-04/ 2.9010e-04)
>> epoch [ 872/3000], runtime:  6.58s, train err: 3.6343e-04 (best:  3.6736e-04/ 2.9010e-04)
>> epoch [ 873/3000], runtime:  5.77s, train err: 3.6705e-04 (best:  3.6736e-04/ 2.9010e-04)
>> epoch [ 874/3000], runtime:  6.96s, train err: 3.6755e-04 (best:  3.6736e-04/ 2.9010e-04)
>> epoch [ 875/3000], runtime:  6.05s, train err: 3.6177e-04 (best:  3.6736e-04/ 2.9010e-04)
>> epoch [ 876/3000], runtime:  5.92s, train err: 3.6821e-04 (best:  3.6736e-04/ 2.9010e-04)
>> epoch [ 877/3000], runtime:  5.89s, train err: 3.6597e-04 (best:  3.6736e-04/ 2.9010e-04)
>> epoch [ 878/3000], runtime:  5.60s, train err: 3.6932e-04 (best:  3.6736e-04/ 2.9010e-04)
>> epoch [ 879/3000], runtime:  5.84s, train err: 3.7685e-04 (best:  3.6736e-04/ 2.9010e-04)
>> epoch [ 880/3000], runtime: 6.55s, train err: 3.6114e-04, valid err: 2.8744e-04 , test err: 3.4143e-04
>> epoch [ 881/3000], runtime:  6.23s, train err: 3.6470e-04 (best:  3.6114e-04/ 2.8744e-04)
>> epoch [ 882/3000], runtime:  5.69s, train err: 3.7116e-04 (best:  3.6114e-04/ 2.8744e-04)
>> epoch [ 883/3000], runtime:  6.95s, train err: 3.6209e-04 (best:  3.6114e-04/ 2.8744e-04)
>> epoch [ 884/3000], runtime:  6.47s, train err: 3.6857e-04 (best:  3.6114e-04/ 2.8744e-04)
>> epoch [ 885/3000], runtime:  7.15s, train err: 3.6353e-04 (best:  3.6114e-04/ 2.8744e-04)
>> epoch [ 886/3000], runtime:  6.82s, train err: 3.6664e-04 (best:  3.6114e-04/ 2.8744e-04)
>> epoch [ 887/3000], runtime:  6.79s, train err: 3.6407e-04 (best:  3.6114e-04/ 2.8744e-04)
>> epoch [ 888/3000], runtime:  6.62s, train err: 3.6251e-04 (best:  3.6114e-04/ 2.8744e-04)
>> epoch [ 889/3000], runtime:  6.38s, train err: 3.6360e-04 (best:  3.6114e-04/ 2.8744e-04)
>> epoch [ 890/3000], runtime:  6.36s, train err: 3.7136e-04 (best:  3.6114e-04/ 2.8744e-04)
>> epoch [ 891/3000], runtime:  5.63s, train err: 3.7851e-04 (best:  3.6114e-04/ 2.8744e-04)
>> epoch [ 892/3000], runtime:  6.20s, train err: 3.6711e-04 (best:  3.6114e-04/ 2.8744e-04)
>> epoch [ 893/3000], runtime:  5.63s, train err: 3.7673e-04 (best:  3.6114e-04/ 2.8744e-04)
>> epoch [ 894/3000], runtime:  6.39s, train err: 3.6426e-04 (best:  3.6114e-04/ 2.8744e-04)
>> epoch [ 895/3000], runtime:  6.41s, train err: 3.6707e-04 (best:  3.6114e-04/ 2.8744e-04)
>> epoch [ 896/3000], runtime:  6.92s, train err: 3.6374e-04 (best:  3.6114e-04/ 2.8744e-04)
>> epoch [ 897/3000], runtime:  3.81s, train err: 3.6474e-04 (best:  3.6114e-04/ 2.8744e-04)
>> epoch [ 898/3000], runtime:  6.68s, train err: 3.6226e-04 (best:  3.6114e-04/ 2.8744e-04)
>> epoch [ 899/3000], runtime:  5.56s, train err: 3.6409e-04 (best:  3.6114e-04/ 2.8744e-04)
>> epoch [ 900/3000], runtime:  6.50s, train err: 3.6405e-04 (best:  3.6114e-04/ 2.8744e-04)
>> epoch [ 901/3000], runtime:  5.57s, train err: 3.6409e-04 (best:  3.6114e-04/ 2.8744e-04)
>> epoch [ 902/3000], runtime:  6.31s, train err: 3.6625e-04 (best:  3.6114e-04/ 2.8744e-04)
>> epoch [ 903/3000], runtime:  6.12s, train err: 3.6170e-04 (best:  3.6114e-04/ 2.8744e-04)
>> epoch [ 904/3000], runtime:  6.60s, train err: 3.6088e-04 (best:  3.6114e-04/ 2.8744e-04)
>> epoch [ 905/3000], runtime:  5.28s, train err: 3.6494e-04 (best:  3.6114e-04/ 2.8744e-04)
>> epoch [ 906/3000], runtime: 6.33s, train err: 3.6070e-04, valid err: 2.8487e-04 , test err: 3.3899e-04
>> epoch [ 907/3000], runtime:  6.20s, train err: 3.6098e-04 (best:  3.6070e-04/ 2.8487e-04)
>> epoch [ 908/3000], runtime:  5.98s, train err: 3.6776e-04 (best:  3.6070e-04/ 2.8487e-04)
>> epoch [ 909/3000], runtime:  6.38s, train err: 3.7118e-04 (best:  3.6070e-04/ 2.8487e-04)
>> epoch [ 910/3000], runtime:  6.78s, train err: 3.6373e-04 (best:  3.6070e-04/ 2.8487e-04)
>> epoch [ 911/3000], runtime:  4.67s, train err: 3.6820e-04 (best:  3.6070e-04/ 2.8487e-04)
>> epoch [ 912/3000], runtime:  6.61s, train err: 3.6370e-04 (best:  3.6070e-04/ 2.8487e-04)
>> epoch [ 913/3000], runtime:  5.50s, train err: 3.6202e-04 (best:  3.6070e-04/ 2.8487e-04)
>> epoch [ 914/3000], runtime:  6.33s, train err: 3.6083e-04 (best:  3.6070e-04/ 2.8487e-04)
>> epoch [ 915/3000], runtime:  5.46s, train err: 3.6163e-04 (best:  3.6070e-04/ 2.8487e-04)
>> epoch [ 916/3000], runtime:  6.85s, train err: 3.5990e-04 (best:  3.6070e-04/ 2.8487e-04)
>> epoch [ 917/3000], runtime:  6.16s, train err: 3.6424e-04 (best:  3.6070e-04/ 2.8487e-04)
>> epoch [ 918/3000], runtime:  4.74s, train err: 3.7046e-04 (best:  3.6070e-04/ 2.8487e-04)
>> epoch [ 919/3000], runtime:  6.82s, train err: 3.6095e-04 (best:  3.6070e-04/ 2.8487e-04)
>> epoch [ 920/3000], runtime:  5.71s, train err: 3.6908e-04 (best:  3.6070e-04/ 2.8487e-04)
>> epoch [ 921/3000], runtime:  6.18s, train err: 3.6357e-04 (best:  3.6070e-04/ 2.8487e-04)
>> epoch [ 922/3000], runtime:  5.71s, train err: 3.6009e-04 (best:  3.6070e-04/ 2.8487e-04)
>> epoch [ 923/3000], runtime:  5.27s, train err: 3.6339e-04 (best:  3.6070e-04/ 2.8487e-04)
>> epoch [ 924/3000], runtime:  6.79s, train err: 3.6279e-04 (best:  3.6070e-04/ 2.8487e-04)
>> epoch [ 925/3000], runtime:  6.31s, train err: 3.6466e-04 (best:  3.6070e-04/ 2.8487e-04)
>> epoch [ 926/3000], runtime:  7.08s, train err: 3.6165e-04 (best:  3.6070e-04/ 2.8487e-04)
>> epoch [ 927/3000], runtime:  5.10s, train err: 3.6274e-04 (best:  3.6070e-04/ 2.8487e-04)
>> epoch [ 928/3000], runtime:  6.81s, train err: 3.6052e-04 (best:  3.6070e-04/ 2.8487e-04)
>> epoch [ 929/3000], runtime:  6.78s, train err: 3.5882e-04 (best:  3.6070e-04/ 2.8487e-04)
>> epoch [ 930/3000], runtime:  6.59s, train err: 3.6155e-04 (best:  3.6070e-04/ 2.8487e-04)
>> epoch [ 931/3000], runtime:  5.86s, train err: 3.6298e-04 (best:  3.6070e-04/ 2.8487e-04)
>> epoch [ 932/3000], runtime: 6.91s, train err: 3.6036e-04, valid err: 2.8443e-04 , test err: 3.3745e-04
>> epoch [ 933/3000], runtime:  6.45s, train err: 3.5814e-04 (best:  3.6036e-04/ 2.8443e-04)
>> epoch [ 934/3000], runtime:  5.90s, train err: 3.5814e-04 (best:  3.6036e-04/ 2.8443e-04)
>> epoch [ 935/3000], runtime:  5.97s, train err: 3.6156e-04 (best:  3.6036e-04/ 2.8443e-04)
>> epoch [ 936/3000], runtime:  5.69s, train err: 3.6083e-04 (best:  3.6036e-04/ 2.8443e-04)
>> epoch [ 937/3000], runtime:  5.47s, train err: 3.5825e-04 (best:  3.6036e-04/ 2.8443e-04)
>> epoch [ 938/3000], runtime:  6.73s, train err: 3.6105e-04 (best:  3.6036e-04/ 2.8443e-04)
>> epoch [ 939/3000], runtime:  5.25s, train err: 3.6730e-04 (best:  3.6036e-04/ 2.8443e-04)
>> epoch [ 940/3000], runtime:  6.46s, train err: 3.7019e-04 (best:  3.6036e-04/ 2.8443e-04)
>> epoch [ 941/3000], runtime:  6.35s, train err: 3.6783e-04 (best:  3.6036e-04/ 2.8443e-04)
>> epoch [ 942/3000], runtime:  6.20s, train err: 3.6538e-04 (best:  3.6036e-04/ 2.8443e-04)
>> epoch [ 943/3000], runtime:  6.48s, train err: 3.5802e-04 (best:  3.6036e-04/ 2.8443e-04)
>> epoch [ 944/3000], runtime:  6.59s, train err: 3.5766e-04 (best:  3.6036e-04/ 2.8443e-04)
>> epoch [ 945/3000], runtime:  6.19s, train err: 3.5885e-04 (best:  3.6036e-04/ 2.8443e-04)
>> epoch [ 946/3000], runtime:  6.52s, train err: 3.6120e-04 (best:  3.6036e-04/ 2.8443e-04)
>> epoch [ 947/3000], runtime:  6.45s, train err: 3.6000e-04 (best:  3.6036e-04/ 2.8443e-04)
>> epoch [ 948/3000], runtime:  6.16s, train err: 3.6169e-04 (best:  3.6036e-04/ 2.8443e-04)
>> epoch [ 949/3000], runtime:  5.99s, train err: 3.6167e-04 (best:  3.6036e-04/ 2.8443e-04)
>> epoch [ 950/3000], runtime:  5.95s, train err: 3.5906e-04 (best:  3.6036e-04/ 2.8443e-04)
>> epoch [ 951/3000], runtime:  6.36s, train err: 3.5695e-04 (best:  3.6036e-04/ 2.8443e-04)
>> epoch [ 952/3000], runtime:  6.12s, train err: 3.6541e-04 (best:  3.6036e-04/ 2.8443e-04)
>> epoch [ 953/3000], runtime:  6.74s, train err: 3.6027e-04 (best:  3.6036e-04/ 2.8443e-04)
>> epoch [ 954/3000], runtime:  6.31s, train err: 3.6126e-04 (best:  3.6036e-04/ 2.8443e-04)
>> epoch [ 955/3000], runtime:  6.63s, train err: 3.6960e-04 (best:  3.6036e-04/ 2.8443e-04)
>> epoch [ 956/3000], runtime:  6.97s, train err: 3.5723e-04 (best:  3.6036e-04/ 2.8443e-04)
>> epoch [ 957/3000], runtime:  5.95s, train err: 3.6180e-04 (best:  3.6036e-04/ 2.8443e-04)
>> epoch [ 958/3000], runtime:  6.03s, train err: 3.7167e-04 (best:  3.6036e-04/ 2.8443e-04)
>> epoch [ 959/3000], runtime:  5.86s, train err: 3.6142e-04 (best:  3.6036e-04/ 2.8443e-04)
>> epoch [ 960/3000], runtime:  5.79s, train err: 3.6096e-04 (best:  3.6036e-04/ 2.8443e-04)
>> epoch [ 961/3000], runtime:  6.66s, train err: 3.5522e-04 (best:  3.6036e-04/ 2.8443e-04)
>> epoch [ 962/3000], runtime: 6.78s, train err: 3.5634e-04, valid err: 2.8413e-04 , test err: 3.3422e-04
>> epoch [ 963/3000], runtime:  5.62s, train err: 3.5756e-04 (best:  3.5634e-04/ 2.8413e-04)
>> epoch [ 964/3000], runtime:  5.99s, train err: 3.6403e-04 (best:  3.5634e-04/ 2.8413e-04)
>> epoch [ 965/3000], runtime:  5.91s, train err: 3.5668e-04 (best:  3.5634e-04/ 2.8413e-04)
>> epoch [ 966/3000], runtime:  6.91s, train err: 3.5707e-04 (best:  3.5634e-04/ 2.8413e-04)
>> epoch [ 967/3000], runtime:  6.49s, train err: 3.6498e-04 (best:  3.5634e-04/ 2.8413e-04)
>> epoch [ 968/3000], runtime:  6.25s, train err: 3.5580e-04 (best:  3.5634e-04/ 2.8413e-04)
>> epoch [ 969/3000], runtime:  6.01s, train err: 3.6126e-04 (best:  3.5634e-04/ 2.8413e-04)
>> epoch [ 970/3000], runtime:  6.60s, train err: 3.6494e-04 (best:  3.5634e-04/ 2.8413e-04)
>> epoch [ 971/3000], runtime:  6.91s, train err: 3.6158e-04 (best:  3.5634e-04/ 2.8413e-04)
>> epoch [ 972/3000], runtime:  5.68s, train err: 3.6559e-04 (best:  3.5634e-04/ 2.8413e-04)
>> epoch [ 973/3000], runtime:  6.22s, train err: 3.6259e-04 (best:  3.5634e-04/ 2.8413e-04)
>> epoch [ 974/3000], runtime:  6.23s, train err: 3.6547e-04 (best:  3.5634e-04/ 2.8413e-04)
>> epoch [ 975/3000], runtime:  6.51s, train err: 3.6215e-04 (best:  3.5634e-04/ 2.8413e-04)
>> epoch [ 976/3000], runtime:  6.14s, train err: 3.5741e-04 (best:  3.5634e-04/ 2.8413e-04)
>> epoch [ 977/3000], runtime:  6.51s, train err: 3.7043e-04 (best:  3.5634e-04/ 2.8413e-04)
>> epoch [ 978/3000], runtime:  6.21s, train err: 3.7617e-04 (best:  3.5634e-04/ 2.8413e-04)
>> epoch [ 979/3000], runtime:  6.52s, train err: 3.5907e-04 (best:  3.5634e-04/ 2.8413e-04)
>> epoch [ 980/3000], runtime:  6.77s, train err: 3.5784e-04 (best:  3.5634e-04/ 2.8413e-04)
>> epoch [ 981/3000], runtime:  5.86s, train err: 3.5515e-04 (best:  3.5634e-04/ 2.8413e-04)
>> epoch [ 982/3000], runtime:  6.08s, train err: 3.5813e-04 (best:  3.5634e-04/ 2.8413e-04)
>> epoch [ 983/3000], runtime:  6.74s, train err: 3.5919e-04 (best:  3.5634e-04/ 2.8413e-04)
>> epoch [ 984/3000], runtime:  5.91s, train err: 3.6137e-04 (best:  3.5634e-04/ 2.8413e-04)
>> epoch [ 985/3000], runtime:  6.76s, train err: 3.6361e-04 (best:  3.5634e-04/ 2.8413e-04)
>> epoch [ 986/3000], runtime:  5.09s, train err: 3.5830e-04 (best:  3.5634e-04/ 2.8413e-04)
>> epoch [ 987/3000], runtime:  6.78s, train err: 3.6171e-04 (best:  3.5634e-04/ 2.8413e-04)
>> epoch [ 988/3000], runtime:  5.80s, train err: 3.5914e-04 (best:  3.5634e-04/ 2.8413e-04)
>> epoch [ 989/3000], runtime:  6.14s, train err: 3.6223e-04 (best:  3.5634e-04/ 2.8413e-04)
>> epoch [ 990/3000], runtime: 5.82s, train err: 3.5519e-04, valid err: 2.8284e-04 , test err: 3.3436e-04
>> epoch [ 991/3000], runtime:  6.42s, train err: 3.6138e-04 (best:  3.5519e-04/ 2.8284e-04)
>> epoch [ 992/3000], runtime:  6.20s, train err: 3.5741e-04 (best:  3.5519e-04/ 2.8284e-04)
>> epoch [ 993/3000], runtime:  6.67s, train err: 3.6387e-04 (best:  3.5519e-04/ 2.8284e-04)
>> epoch [ 994/3000], runtime:  6.00s, train err: 3.6811e-04 (best:  3.5519e-04/ 2.8284e-04)
>> epoch [ 995/3000], runtime:  6.12s, train err: 3.6210e-04 (best:  3.5519e-04/ 2.8284e-04)
>> epoch [ 996/3000], runtime:  6.62s, train err: 3.5389e-04 (best:  3.5519e-04/ 2.8284e-04)
>> epoch [ 997/3000], runtime:  5.87s, train err: 3.5421e-04 (best:  3.5519e-04/ 2.8284e-04)
>> epoch [ 998/3000], runtime:  5.71s, train err: 3.6554e-04 (best:  3.5519e-04/ 2.8284e-04)
>> epoch [ 999/3000], runtime:  6.18s, train err: 3.5705e-04 (best:  3.5519e-04/ 2.8284e-04)
>> epoch [1000/3000], runtime:  5.60s, train err: 3.6236e-04 (best:  3.5519e-04/ 2.8284e-04)
>> epoch [1001/3000], runtime:  6.29s, train err: 3.5797e-04 (best:  3.5519e-04/ 2.8284e-04)
>> epoch [1002/3000], runtime:  5.09s, train err: 3.6290e-04 (best:  3.5519e-04/ 2.8284e-04)
>> epoch [1003/3000], runtime:  7.11s, train err: 3.5860e-04 (best:  3.5519e-04/ 2.8284e-04)
>> epoch [1004/3000], runtime:  6.05s, train err: 3.6639e-04 (best:  3.5519e-04/ 2.8284e-04)
>> epoch [1005/3000], runtime:  6.68s, train err: 3.6068e-04 (best:  3.5519e-04/ 2.8284e-04)
>> epoch [1006/3000], runtime:  5.40s, train err: 3.5948e-04 (best:  3.5519e-04/ 2.8284e-04)
>> epoch [1007/3000], runtime:  6.15s, train err: 3.6067e-04 (best:  3.5519e-04/ 2.8284e-04)
>> epoch [1008/3000], runtime:  5.71s, train err: 3.6143e-04 (best:  3.5519e-04/ 2.8284e-04)
>> epoch [1009/3000], runtime: 5.32s, train err: 3.5397e-04, valid err: 2.8156e-04 , test err: 3.3266e-04
>> epoch [1010/3000], runtime:  6.55s, train err: 3.5495e-04 (best:  3.5397e-04/ 2.8156e-04)
>> epoch [1011/3000], runtime:  5.58s, train err: 3.5691e-04 (best:  3.5397e-04/ 2.8156e-04)
>> epoch [1012/3000], runtime:  5.50s, train err: 3.5498e-04 (best:  3.5397e-04/ 2.8156e-04)
>> epoch [1013/3000], runtime:  6.18s, train err: 3.5474e-04 (best:  3.5397e-04/ 2.8156e-04)
>> epoch [1014/3000], runtime:  5.62s, train err: 3.5478e-04 (best:  3.5397e-04/ 2.8156e-04)
>> epoch [1015/3000], runtime:  6.34s, train err: 3.5583e-04 (best:  3.5397e-04/ 2.8156e-04)
>> epoch [1016/3000], runtime:  6.28s, train err: 3.5565e-04 (best:  3.5397e-04/ 2.8156e-04)
>> epoch [1017/3000], runtime:  5.40s, train err: 3.6154e-04 (best:  3.5397e-04/ 2.8156e-04)
>> epoch [1018/3000], runtime:  6.03s, train err: 3.5645e-04 (best:  3.5397e-04/ 2.8156e-04)
>> epoch [1019/3000], runtime:  6.71s, train err: 3.5565e-04 (best:  3.5397e-04/ 2.8156e-04)
>> epoch [1020/3000], runtime:  5.72s, train err: 3.5415e-04 (best:  3.5397e-04/ 2.8156e-04)
>> epoch [1021/3000], runtime:  6.36s, train err: 3.5397e-04 (best:  3.5397e-04/ 2.8156e-04)
>> epoch [1022/3000], runtime:  6.34s, train err: 3.6066e-04 (best:  3.5397e-04/ 2.8156e-04)
>> epoch [1023/3000], runtime:  5.67s, train err: 3.6110e-04 (best:  3.5397e-04/ 2.8156e-04)
>> epoch [1024/3000], runtime:  7.05s, train err: 3.5488e-04 (best:  3.5397e-04/ 2.8156e-04)
>> epoch [1025/3000], runtime:  5.76s, train err: 3.5850e-04 (best:  3.5397e-04/ 2.8156e-04)
>> epoch [1026/3000], runtime:  6.48s, train err: 3.6017e-04 (best:  3.5397e-04/ 2.8156e-04)
>> epoch [1027/3000], runtime:  5.48s, train err: 3.5695e-04 (best:  3.5397e-04/ 2.8156e-04)
>> epoch [1028/3000], runtime:  6.05s, train err: 3.5680e-04 (best:  3.5397e-04/ 2.8156e-04)
>> epoch [1029/3000], runtime:  4.47s, train err: 3.5505e-04 (best:  3.5397e-04/ 2.8156e-04)
>> epoch [1030/3000], runtime:  6.26s, train err: 3.6064e-04 (best:  3.5397e-04/ 2.8156e-04)
>> epoch [1031/3000], runtime:  5.66s, train err: 3.5539e-04 (best:  3.5397e-04/ 2.8156e-04)
>> epoch [1032/3000], runtime:  6.65s, train err: 3.5479e-04 (best:  3.5397e-04/ 2.8156e-04)
>> epoch [1033/3000], runtime:  5.30s, train err: 3.5611e-04 (best:  3.5397e-04/ 2.8156e-04)
>> epoch [1034/3000], runtime: 5.68s, train err: 3.5227e-04, valid err: 2.7996e-04 , test err: 3.3421e-04
>> epoch [1035/3000], runtime:  6.70s, train err: 3.5458e-04 (best:  3.5227e-04/ 2.7996e-04)
>> epoch [1036/3000], runtime:  6.15s, train err: 3.6139e-04 (best:  3.5227e-04/ 2.7996e-04)
>> epoch [1037/3000], runtime:  6.36s, train err: 3.5967e-04 (best:  3.5227e-04/ 2.7996e-04)
>> epoch [1038/3000], runtime:  4.06s, train err: 3.6097e-04 (best:  3.5227e-04/ 2.7996e-04)
>> epoch [1039/3000], runtime:  6.54s, train err: 3.5434e-04 (best:  3.5227e-04/ 2.7996e-04)
>> epoch [1040/3000], runtime:  6.16s, train err: 3.5610e-04 (best:  3.5227e-04/ 2.7996e-04)
>> epoch [1041/3000], runtime:  5.79s, train err: 3.5450e-04 (best:  3.5227e-04/ 2.7996e-04)
>> epoch [1042/3000], runtime:  6.22s, train err: 3.5427e-04 (best:  3.5227e-04/ 2.7996e-04)
>> epoch [1043/3000], runtime:  6.82s, train err: 3.5726e-04 (best:  3.5227e-04/ 2.7996e-04)
>> epoch [1044/3000], runtime:  6.78s, train err: 3.5434e-04 (best:  3.5227e-04/ 2.7996e-04)
>> epoch [1045/3000], runtime:  6.18s, train err: 3.5504e-04 (best:  3.5227e-04/ 2.7996e-04)
>> epoch [1046/3000], runtime:  5.92s, train err: 3.5140e-04 (best:  3.5227e-04/ 2.7996e-04)
>> epoch [1047/3000], runtime:  4.32s, train err: 3.6284e-04 (best:  3.5227e-04/ 2.7996e-04)
>> epoch [1048/3000], runtime:  5.33s, train err: 3.6114e-04 (best:  3.5227e-04/ 2.7996e-04)
>> epoch [1049/3000], runtime:  5.15s, train err: 3.5732e-04 (best:  3.5227e-04/ 2.7996e-04)
>> epoch [1050/3000], runtime:  4.48s, train err: 3.5529e-04 (best:  3.5227e-04/ 2.7996e-04)
>> epoch [1051/3000], runtime:  6.04s, train err: 3.5435e-04 (best:  3.5227e-04/ 2.7996e-04)
>> epoch [1052/3000], runtime:  5.98s, train err: 3.6258e-04 (best:  3.5227e-04/ 2.7996e-04)
>> epoch [1053/3000], runtime:  5.15s, train err: 3.6206e-04 (best:  3.5227e-04/ 2.7996e-04)
>> epoch [1054/3000], runtime:  5.19s, train err: 3.5305e-04 (best:  3.5227e-04/ 2.7996e-04)
>> epoch [1055/3000], runtime:  4.37s, train err: 3.5645e-04 (best:  3.5227e-04/ 2.7996e-04)
>> epoch [1056/3000], runtime:  5.07s, train err: 3.5554e-04 (best:  3.5227e-04/ 2.7996e-04)
>> epoch [1057/3000], runtime:  4.99s, train err: 3.5639e-04 (best:  3.5227e-04/ 2.7996e-04)
>> epoch [1058/3000], runtime:  6.04s, train err: 3.6156e-04 (best:  3.5227e-04/ 2.7996e-04)
>> epoch [1059/3000], runtime:  5.95s, train err: 3.5786e-04 (best:  3.5227e-04/ 2.7996e-04)
>> epoch [1060/3000], runtime:  6.01s, train err: 3.5690e-04 (best:  3.5227e-04/ 2.7996e-04)
>> epoch [1061/3000], runtime:  5.72s, train err: 3.5636e-04 (best:  3.5227e-04/ 2.7996e-04)
>> epoch [1062/3000], runtime:  5.21s, train err: 3.5251e-04 (best:  3.5227e-04/ 2.7996e-04)
>> epoch [1063/3000], runtime:  5.67s, train err: 3.5707e-04 (best:  3.5227e-04/ 2.7996e-04)
>> epoch [1064/3000], runtime:  5.43s, train err: 3.5818e-04 (best:  3.5227e-04/ 2.7996e-04)
>> epoch [1065/3000], runtime:  5.80s, train err: 3.5104e-04 (best:  3.5227e-04/ 2.7996e-04)
>> epoch [1066/3000], runtime:  5.38s, train err: 3.5307e-04 (best:  3.5227e-04/ 2.7996e-04)
>> epoch [1067/3000], runtime:  5.52s, train err: 3.5619e-04 (best:  3.5227e-04/ 2.7996e-04)
>> epoch [1068/3000], runtime:  5.71s, train err: 3.5669e-04 (best:  3.5227e-04/ 2.7996e-04)
>> epoch [1069/3000], runtime:  6.04s, train err: 3.5583e-04 (best:  3.5227e-04/ 2.7996e-04)
>> epoch [1070/3000], runtime:  6.02s, train err: 3.5330e-04 (best:  3.5227e-04/ 2.7996e-04)
>> epoch [1071/3000], runtime:  5.70s, train err: 3.5705e-04 (best:  3.5227e-04/ 2.7996e-04)
>> epoch [1072/3000], runtime:  5.52s, train err: 3.5136e-04 (best:  3.5227e-04/ 2.7996e-04)
>> epoch [1073/3000], runtime: 5.41s, train err: 3.5097e-04, valid err: 2.7896e-04 , test err: 3.3482e-04
>> epoch [1074/3000], runtime:  5.09s, train err: 3.5351e-04 (best:  3.5097e-04/ 2.7896e-04)
>> epoch [1075/3000], runtime:  5.39s, train err: 3.5681e-04 (best:  3.5097e-04/ 2.7896e-04)
>> epoch [1076/3000], runtime:  4.77s, train err: 3.5451e-04 (best:  3.5097e-04/ 2.7896e-04)
>> epoch [1077/3000], runtime:  5.68s, train err: 3.5513e-04 (best:  3.5097e-04/ 2.7896e-04)
>> epoch [1078/3000], runtime:  6.02s, train err: 3.5403e-04 (best:  3.5097e-04/ 2.7896e-04)
>> epoch [1079/3000], runtime:  5.33s, train err: 3.5138e-04 (best:  3.5097e-04/ 2.7896e-04)
>> epoch [1080/3000], runtime:  5.90s, train err: 3.5516e-04 (best:  3.5097e-04/ 2.7896e-04)
>> epoch [1081/3000], runtime:  4.54s, train err: 3.5223e-04 (best:  3.5097e-04/ 2.7896e-04)
>> epoch [1082/3000], runtime:  5.24s, train err: 3.5211e-04 (best:  3.5097e-04/ 2.7896e-04)
>> epoch [1083/3000], runtime:  5.95s, train err: 3.5718e-04 (best:  3.5097e-04/ 2.7896e-04)
>> epoch [1084/3000], runtime:  6.03s, train err: 3.5461e-04 (best:  3.5097e-04/ 2.7896e-04)
>> epoch [1085/3000], runtime:  6.04s, train err: 3.5249e-04 (best:  3.5097e-04/ 2.7896e-04)
>> epoch [1086/3000], runtime:  5.26s, train err: 3.5289e-04 (best:  3.5097e-04/ 2.7896e-04)
>> epoch [1087/3000], runtime:  5.95s, train err: 3.5538e-04 (best:  3.5097e-04/ 2.7896e-04)
>> epoch [1088/3000], runtime:  4.52s, train err: 3.5430e-04 (best:  3.5097e-04/ 2.7896e-04)
>> epoch [1089/3000], runtime:  6.03s, train err: 3.6318e-04 (best:  3.5097e-04/ 2.7896e-04)
>> epoch [1090/3000], runtime:  6.03s, train err: 3.6213e-04 (best:  3.5097e-04/ 2.7896e-04)
>> epoch [1091/3000], runtime:  5.93s, train err: 3.5387e-04 (best:  3.5097e-04/ 2.7896e-04)
>> epoch [1092/3000], runtime:  5.32s, train err: 3.5131e-04 (best:  3.5097e-04/ 2.7896e-04)
>> epoch [1093/3000], runtime:  6.01s, train err: 3.5178e-04 (best:  3.5097e-04/ 2.7896e-04)
>> epoch [1094/3000], runtime:  5.82s, train err: 3.5734e-04 (best:  3.5097e-04/ 2.7896e-04)
>> epoch [1095/3000], runtime:  5.49s, train err: 3.5660e-04 (best:  3.5097e-04/ 2.7896e-04)
>> epoch [1096/3000], runtime:  5.27s, train err: 3.5056e-04 (best:  3.5097e-04/ 2.7896e-04)
>> epoch [1097/3000], runtime:  4.78s, train err: 3.5207e-04 (best:  3.5097e-04/ 2.7896e-04)
>> epoch [1098/3000], runtime:  5.54s, train err: 3.5688e-04 (best:  3.5097e-04/ 2.7896e-04)
>> epoch [1099/3000], runtime:  4.98s, train err: 3.5904e-04 (best:  3.5097e-04/ 2.7896e-04)
>> epoch [1100/3000], runtime:  5.53s, train err: 3.5197e-04 (best:  3.5097e-04/ 2.7896e-04)
>> epoch [1101/3000], runtime:  5.46s, train err: 3.5413e-04 (best:  3.5097e-04/ 2.7896e-04)
>> epoch [1102/3000], runtime:  4.93s, train err: 3.5405e-04 (best:  3.5097e-04/ 2.7896e-04)
>> epoch [1103/3000], runtime:  5.85s, train err: 3.5359e-04 (best:  3.5097e-04/ 2.7896e-04)
>> epoch [1104/3000], runtime:  5.19s, train err: 3.5104e-04 (best:  3.5097e-04/ 2.7896e-04)
>> epoch [1105/3000], runtime:  5.27s, train err: 3.5416e-04 (best:  3.5097e-04/ 2.7896e-04)
>> epoch [1106/3000], runtime:  6.02s, train err: 3.5114e-04 (best:  3.5097e-04/ 2.7896e-04)
>> epoch [1107/3000], runtime:  5.01s, train err: 3.5047e-04 (best:  3.5097e-04/ 2.7896e-04)
>> epoch [1108/3000], runtime:  6.03s, train err: 3.5013e-04 (best:  3.5097e-04/ 2.7896e-04)
>> epoch [1109/3000], runtime:  4.69s, train err: 3.5248e-04 (best:  3.5097e-04/ 2.7896e-04)
>> epoch [1110/3000], runtime:  5.72s, train err: 3.5267e-04 (best:  3.5097e-04/ 2.7896e-04)
>> epoch [1111/3000], runtime:  5.58s, train err: 3.5236e-04 (best:  3.5097e-04/ 2.7896e-04)
>> epoch [1112/3000], runtime:  5.78s, train err: 3.5117e-04 (best:  3.5097e-04/ 2.7896e-04)
>> epoch [1113/3000], runtime:  5.43s, train err: 3.5436e-04 (best:  3.5097e-04/ 2.7896e-04)
>> epoch [1114/3000], runtime:  4.86s, train err: 3.5206e-04 (best:  3.5097e-04/ 2.7896e-04)
>> epoch [1115/3000], runtime:  5.70s, train err: 3.5185e-04 (best:  3.5097e-04/ 2.7896e-04)
>> epoch [1116/3000], runtime:  6.02s, train err: 3.5412e-04 (best:  3.5097e-04/ 2.7896e-04)
>> epoch [1117/3000], runtime:  5.39s, train err: 3.5123e-04 (best:  3.5097e-04/ 2.7896e-04)
>> epoch [1118/3000], runtime: 5.81s, train err: 3.5067e-04, valid err: 2.7777e-04 , test err: 3.3209e-04
>> epoch [1119/3000], runtime:  5.84s, train err: 3.4936e-04 (best:  3.5067e-04/ 2.7777e-04)
>> epoch [1120/3000], runtime:  5.35s, train err: 3.5614e-04 (best:  3.5067e-04/ 2.7777e-04)
>> epoch [1121/3000], runtime:  5.86s, train err: 3.5241e-04 (best:  3.5067e-04/ 2.7777e-04)
>> epoch [1122/3000], runtime:  5.17s, train err: 3.5383e-04 (best:  3.5067e-04/ 2.7777e-04)
>> epoch [1123/3000], runtime:  5.38s, train err: 3.5152e-04 (best:  3.5067e-04/ 2.7777e-04)
>> epoch [1124/3000], runtime:  5.94s, train err: 3.5054e-04 (best:  3.5067e-04/ 2.7777e-04)
>> epoch [1125/3000], runtime:  5.26s, train err: 3.5161e-04 (best:  3.5067e-04/ 2.7777e-04)
>> epoch [1126/3000], runtime:  5.29s, train err: 3.6263e-04 (best:  3.5067e-04/ 2.7777e-04)
>> epoch [1127/3000], runtime:  6.03s, train err: 3.5293e-04 (best:  3.5067e-04/ 2.7777e-04)
>> epoch [1128/3000], runtime:  5.68s, train err: 3.4866e-04 (best:  3.5067e-04/ 2.7777e-04)
>> epoch [1129/3000], runtime:  5.62s, train err: 3.4938e-04 (best:  3.5067e-04/ 2.7777e-04)
>> epoch [1130/3000], runtime:  5.54s, train err: 3.5165e-04 (best:  3.5067e-04/ 2.7777e-04)
>> epoch [1131/3000], runtime:  5.59s, train err: 3.4995e-04 (best:  3.5067e-04/ 2.7777e-04)
>> epoch [1132/3000], runtime:  5.67s, train err: 3.5278e-04 (best:  3.5067e-04/ 2.7777e-04)
>> epoch [1133/3000], runtime:  5.33s, train err: 3.5013e-04 (best:  3.5067e-04/ 2.7777e-04)
>> epoch [1134/3000], runtime:  5.32s, train err: 3.5096e-04 (best:  3.5067e-04/ 2.7777e-04)
>> epoch [1135/3000], runtime:  5.60s, train err: 3.5181e-04 (best:  3.5067e-04/ 2.7777e-04)
>> epoch [1136/3000], runtime:  5.66s, train err: 3.4852e-04 (best:  3.5067e-04/ 2.7777e-04)
>> epoch [1137/3000], runtime:  4.44s, train err: 3.5425e-04 (best:  3.5067e-04/ 2.7777e-04)
>> epoch [1138/3000], runtime:  4.93s, train err: 3.5219e-04 (best:  3.5067e-04/ 2.7777e-04)
>> epoch [1139/3000], runtime:  4.68s, train err: 3.4973e-04 (best:  3.5067e-04/ 2.7777e-04)
>> epoch [1140/3000], runtime:  5.78s, train err: 3.5249e-04 (best:  3.5067e-04/ 2.7777e-04)
>> epoch [1141/3000], runtime:  6.01s, train err: 3.4920e-04 (best:  3.5067e-04/ 2.7777e-04)
>> epoch [1142/3000], runtime:  5.69s, train err: 3.4838e-04 (best:  3.5067e-04/ 2.7777e-04)
>> epoch [1143/3000], runtime:  5.62s, train err: 3.4924e-04 (best:  3.5067e-04/ 2.7777e-04)
>> epoch [1144/3000], runtime:  6.03s, train err: 3.5238e-04 (best:  3.5067e-04/ 2.7777e-04)
>> epoch [1145/3000], runtime:  5.56s, train err: 3.5083e-04 (best:  3.5067e-04/ 2.7777e-04)
>> epoch [1146/3000], runtime:  5.20s, train err: 3.5200e-04 (best:  3.5067e-04/ 2.7777e-04)
>> epoch [1147/3000], runtime:  5.13s, train err: 3.5771e-04 (best:  3.5067e-04/ 2.7777e-04)
>> epoch [1148/3000], runtime:  5.22s, train err: 3.5306e-04 (best:  3.5067e-04/ 2.7777e-04)
>> epoch [1149/3000], runtime:  4.46s, train err: 3.5180e-04 (best:  3.5067e-04/ 2.7777e-04)
>> epoch [1150/3000], runtime:  5.19s, train err: 3.5332e-04 (best:  3.5067e-04/ 2.7777e-04)
>> epoch [1151/3000], runtime:  5.91s, train err: 3.5182e-04 (best:  3.5067e-04/ 2.7777e-04)
>> epoch [1152/3000], runtime:  4.53s, train err: 3.4828e-04 (best:  3.5067e-04/ 2.7777e-04)
>> epoch [1153/3000], runtime:  4.55s, train err: 3.5139e-04 (best:  3.5067e-04/ 2.7777e-04)
>> epoch [1154/3000], runtime:  5.96s, train err: 3.4994e-04 (best:  3.5067e-04/ 2.7777e-04)
>> epoch [1155/3000], runtime: 5.92s, train err: 3.4850e-04, valid err: 2.7622e-04 , test err: 3.3195e-04
>> epoch [1156/3000], runtime:  5.27s, train err: 3.4814e-04 (best:  3.4850e-04/ 2.7622e-04)
>> epoch [1157/3000], runtime:  6.02s, train err: 3.5010e-04 (best:  3.4850e-04/ 2.7622e-04)
>> epoch [1158/3000], runtime:  5.90s, train err: 3.4800e-04 (best:  3.4850e-04/ 2.7622e-04)
>> epoch [1159/3000], runtime:  5.37s, train err: 3.4947e-04 (best:  3.4850e-04/ 2.7622e-04)
>> epoch [1160/3000], runtime:  4.80s, train err: 3.4892e-04 (best:  3.4850e-04/ 2.7622e-04)
>> epoch [1161/3000], runtime:  4.81s, train err: 3.5020e-04 (best:  3.4850e-04/ 2.7622e-04)
>> epoch [1162/3000], runtime:  4.75s, train err: 3.4765e-04 (best:  3.4850e-04/ 2.7622e-04)
>> epoch [1163/3000], runtime:  5.30s, train err: 3.5173e-04 (best:  3.4850e-04/ 2.7622e-04)
>> epoch [1164/3000], runtime:  5.98s, train err: 3.4862e-04 (best:  3.4850e-04/ 2.7622e-04)
>> epoch [1165/3000], runtime:  5.49s, train err: 3.5004e-04 (best:  3.4850e-04/ 2.7622e-04)
>> epoch [1166/3000], runtime:  5.06s, train err: 3.5221e-04 (best:  3.4850e-04/ 2.7622e-04)
>> epoch [1167/3000], runtime:  6.02s, train err: 3.4939e-04 (best:  3.4850e-04/ 2.7622e-04)
>> epoch [1168/3000], runtime:  5.57s, train err: 3.4935e-04 (best:  3.4850e-04/ 2.7622e-04)
>> epoch [1169/3000], runtime:  5.65s, train err: 3.4905e-04 (best:  3.4850e-04/ 2.7622e-04)
>> epoch [1170/3000], runtime:  5.17s, train err: 3.5097e-04 (best:  3.4850e-04/ 2.7622e-04)
>> epoch [1171/3000], runtime:  5.41s, train err: 3.5134e-04 (best:  3.4850e-04/ 2.7622e-04)
>> epoch [1172/3000], runtime:  5.23s, train err: 3.4703e-04 (best:  3.4850e-04/ 2.7622e-04)
>> epoch [1173/3000], runtime: 5.17s, train err: 3.4709e-04, valid err: 2.7493e-04 , test err: 3.2683e-04
>> epoch [1174/3000], runtime:  5.37s, train err: 3.5145e-04 (best:  3.4709e-04/ 2.7493e-04)
>> epoch [1175/3000], runtime:  5.88s, train err: 3.4707e-04 (best:  3.4709e-04/ 2.7493e-04)
>> epoch [1176/3000], runtime:  5.66s, train err: 3.5182e-04 (best:  3.4709e-04/ 2.7493e-04)
>> epoch [1177/3000], runtime:  4.81s, train err: 3.4708e-04 (best:  3.4709e-04/ 2.7493e-04)
>> epoch [1178/3000], runtime:  3.80s, train err: 3.4976e-04 (best:  3.4709e-04/ 2.7493e-04)
>> epoch [1179/3000], runtime:  5.65s, train err: 3.4789e-04 (best:  3.4709e-04/ 2.7493e-04)
>> epoch [1180/3000], runtime:  4.90s, train err: 3.4977e-04 (best:  3.4709e-04/ 2.7493e-04)
>> epoch [1181/3000], runtime:  5.91s, train err: 3.5881e-04 (best:  3.4709e-04/ 2.7493e-04)
>> epoch [1182/3000], runtime:  5.37s, train err: 3.5506e-04 (best:  3.4709e-04/ 2.7493e-04)
>> epoch [1183/3000], runtime:  5.18s, train err: 3.5164e-04 (best:  3.4709e-04/ 2.7493e-04)
>> epoch [1184/3000], runtime:  4.32s, train err: 3.4723e-04 (best:  3.4709e-04/ 2.7493e-04)
>> epoch [1185/3000], runtime:  5.22s, train err: 3.4918e-04 (best:  3.4709e-04/ 2.7493e-04)
>> epoch [1186/3000], runtime:  5.34s, train err: 3.4771e-04 (best:  3.4709e-04/ 2.7493e-04)
>> epoch [1187/3000], runtime:  4.74s, train err: 3.4664e-04 (best:  3.4709e-04/ 2.7493e-04)
>> epoch [1188/3000], runtime:  5.63s, train err: 3.4937e-04 (best:  3.4709e-04/ 2.7493e-04)
>> epoch [1189/3000], runtime:  5.68s, train err: 3.4892e-04 (best:  3.4709e-04/ 2.7493e-04)
>> epoch [1190/3000], runtime:  4.83s, train err: 3.4846e-04 (best:  3.4709e-04/ 2.7493e-04)
>> epoch [1191/3000], runtime:  5.66s, train err: 3.4827e-04 (best:  3.4709e-04/ 2.7493e-04)
>> epoch [1192/3000], runtime:  4.63s, train err: 3.4888e-04 (best:  3.4709e-04/ 2.7493e-04)
>> epoch [1193/3000], runtime:  5.89s, train err: 3.4571e-04 (best:  3.4709e-04/ 2.7493e-04)
>> epoch [1194/3000], runtime:  5.86s, train err: 3.4510e-04 (best:  3.4709e-04/ 2.7493e-04)
>> epoch [1195/3000], runtime:  5.96s, train err: 3.5224e-04 (best:  3.4709e-04/ 2.7493e-04)
>> epoch [1196/3000], runtime:  5.27s, train err: 3.4838e-04 (best:  3.4709e-04/ 2.7493e-04)
>> epoch [1197/3000], runtime: 5.97s, train err: 3.4626e-04, valid err: 2.7452e-04 , test err: 3.2750e-04
>> epoch [1198/3000], runtime:  4.43s, train err: 3.4899e-04 (best:  3.4626e-04/ 2.7452e-04)
>> epoch [1199/3000], runtime:  5.33s, train err: 3.4897e-04 (best:  3.4626e-04/ 2.7452e-04)
>> epoch [1200/3000], runtime:  6.00s, train err: 3.4795e-04 (best:  3.4626e-04/ 2.7452e-04)
>> epoch [1201/3000], runtime:  5.25s, train err: 3.4781e-04 (best:  3.4626e-04/ 2.7452e-04)
>> epoch [1202/3000], runtime:  5.83s, train err: 3.5005e-04 (best:  3.4626e-04/ 2.7452e-04)
>> epoch [1203/3000], runtime:  4.69s, train err: 3.4769e-04 (best:  3.4626e-04/ 2.7452e-04)
>> epoch [1204/3000], runtime:  5.75s, train err: 3.4954e-04 (best:  3.4626e-04/ 2.7452e-04)
>> epoch [1205/3000], runtime:  5.47s, train err: 3.4822e-04 (best:  3.4626e-04/ 2.7452e-04)
>> epoch [1206/3000], runtime:  4.88s, train err: 3.4831e-04 (best:  3.4626e-04/ 2.7452e-04)
>> epoch [1207/3000], runtime:  5.54s, train err: 3.4771e-04 (best:  3.4626e-04/ 2.7452e-04)
>> epoch [1208/3000], runtime:  4.90s, train err: 3.4619e-04 (best:  3.4626e-04/ 2.7452e-04)
>> epoch [1209/3000], runtime:  6.00s, train err: 3.4815e-04 (best:  3.4626e-04/ 2.7452e-04)
>> epoch [1210/3000], runtime:  5.30s, train err: 3.4787e-04 (best:  3.4626e-04/ 2.7452e-04)
>> epoch [1211/3000], runtime:  5.20s, train err: 3.4551e-04 (best:  3.4626e-04/ 2.7452e-04)
>> epoch [1212/3000], runtime:  5.85s, train err: 3.5024e-04 (best:  3.4626e-04/ 2.7452e-04)
>> epoch [1213/3000], runtime:  5.24s, train err: 3.4965e-04 (best:  3.4626e-04/ 2.7452e-04)
>> epoch [1214/3000], runtime:  5.98s, train err: 3.4548e-04 (best:  3.4626e-04/ 2.7452e-04)
>> epoch [1215/3000], runtime:  5.96s, train err: 3.4613e-04 (best:  3.4626e-04/ 2.7452e-04)
>> epoch [1216/3000], runtime:  5.17s, train err: 3.4696e-04 (best:  3.4626e-04/ 2.7452e-04)
>> epoch [1217/3000], runtime:  5.31s, train err: 3.4842e-04 (best:  3.4626e-04/ 2.7452e-04)
>> epoch [1218/3000], runtime:  5.25s, train err: 3.5037e-04 (best:  3.4626e-04/ 2.7452e-04)
>> epoch [1219/3000], runtime:  5.99s, train err: 3.4648e-04 (best:  3.4626e-04/ 2.7452e-04)
>> epoch [1220/3000], runtime:  5.05s, train err: 3.4992e-04 (best:  3.4626e-04/ 2.7452e-04)
>> epoch [1221/3000], runtime:  4.69s, train err: 3.4683e-04 (best:  3.4626e-04/ 2.7452e-04)
>> epoch [1222/3000], runtime:  5.87s, train err: 3.5123e-04 (best:  3.4626e-04/ 2.7452e-04)
>> epoch [1223/3000], runtime:  5.41s, train err: 3.4677e-04 (best:  3.4626e-04/ 2.7452e-04)
>> epoch [1224/3000], runtime:  5.78s, train err: 3.4806e-04 (best:  3.4626e-04/ 2.7452e-04)
>> epoch [1225/3000], runtime:  5.13s, train err: 3.4624e-04 (best:  3.4626e-04/ 2.7452e-04)
>> epoch [1226/3000], runtime:  5.20s, train err: 3.4689e-04 (best:  3.4626e-04/ 2.7452e-04)
>> epoch [1227/3000], runtime:  5.21s, train err: 3.4922e-04 (best:  3.4626e-04/ 2.7452e-04)
>> epoch [1228/3000], runtime:  4.96s, train err: 3.4686e-04 (best:  3.4626e-04/ 2.7452e-04)
>> epoch [1229/3000], runtime:  6.01s, train err: 3.4556e-04 (best:  3.4626e-04/ 2.7452e-04)
>> epoch [1230/3000], runtime:  5.57s, train err: 3.5384e-04 (best:  3.4626e-04/ 2.7452e-04)
>> epoch [1231/3000], runtime:  5.22s, train err: 3.4490e-04 (best:  3.4626e-04/ 2.7452e-04)
>> epoch [1232/3000], runtime:  5.22s, train err: 3.4518e-04 (best:  3.4626e-04/ 2.7452e-04)
>> epoch [1233/3000], runtime:  4.80s, train err: 3.4623e-04 (best:  3.4626e-04/ 2.7452e-04)
>> epoch [1234/3000], runtime:  5.23s, train err: 3.4614e-04 (best:  3.4626e-04/ 2.7452e-04)
>> epoch [1235/3000], runtime:  5.63s, train err: 3.4986e-04 (best:  3.4626e-04/ 2.7452e-04)
>> epoch [1236/3000], runtime:  4.80s, train err: 3.4766e-04 (best:  3.4626e-04/ 2.7452e-04)
>> epoch [1237/3000], runtime:  5.74s, train err: 3.5109e-04 (best:  3.4626e-04/ 2.7452e-04)
>> epoch [1238/3000], runtime:  4.60s, train err: 3.4821e-04 (best:  3.4626e-04/ 2.7452e-04)
>> epoch [1239/3000], runtime:  5.30s, train err: 3.4610e-04 (best:  3.4626e-04/ 2.7452e-04)
>> epoch [1240/3000], runtime:  6.02s, train err: 3.4352e-04 (best:  3.4626e-04/ 2.7452e-04)
>> epoch [1241/3000], runtime:  5.30s, train err: 3.4834e-04 (best:  3.4626e-04/ 2.7452e-04)
>> epoch [1242/3000], runtime:  4.17s, train err: 3.4897e-04 (best:  3.4626e-04/ 2.7452e-04)
>> epoch [1243/3000], runtime:  5.61s, train err: 3.5052e-04 (best:  3.4626e-04/ 2.7452e-04)
>> epoch [1244/3000], runtime:  4.72s, train err: 3.4911e-04 (best:  3.4626e-04/ 2.7452e-04)
>> epoch [1245/3000], runtime:  5.74s, train err: 3.4616e-04 (best:  3.4626e-04/ 2.7452e-04)
>> epoch [1246/3000], runtime:  5.10s, train err: 3.5061e-04 (best:  3.4626e-04/ 2.7452e-04)
>> epoch [1247/3000], runtime:  5.98s, train err: 3.4652e-04 (best:  3.4626e-04/ 2.7452e-04)
>> epoch [1248/3000], runtime:  5.26s, train err: 3.4388e-04 (best:  3.4626e-04/ 2.7452e-04)
----------------------------------------------------------------------------------------------------
----------------------------------------------------------------------------------------------------
>> 20_4, ReLU, ntrain: 300, lr: 0.01, gamma: 0.6, w_d: 0.0
>> Best train error:  3.4626e-04
>> Best valid error:  2.7452e-04
>> Best test error:  3.2750e-04
>> Best epoch: 1196
----------------------------------------------------------------------------------------------------
----------------------------------------------------------------------------------------------------
>> Training Completed!!
