0.000000000000000000e+00 3.878338280664189036e-02
1.000000000000000000e+00 3.387450664733015777e-03
2.000000000000000000e+00 2.539804807432894523e-03
3.000000000000000000e+00 2.439852914303038828e-03
4.000000000000000000e+00 2.440670529228240043e-03
5.000000000000000000e+00 2.463058775964878030e-03
6.000000000000000000e+00 2.419520290290644478e-03
7.000000000000000000e+00 2.349450813966348205e-03
8.000000000000000000e+00 2.308659188632989669e-03
9.000000000000000000e+00 2.271111633063290294e-03
1.000000000000000000e+01 2.232506705010756792e-03
1.100000000000000000e+01 2.236061742488202990e-03
1.200000000000000000e+01 2.260002183852337972e-03
1.300000000000000000e+01 2.340184903175759803e-03
1.400000000000000000e+01 2.258590009889714038e-03
1.500000000000000000e+01 2.192628266127965870e-03
1.600000000000000000e+01 2.211237519631589939e-03
1.700000000000000000e+01 2.176982110267173913e-03
1.800000000000000000e+01 2.177226175439342295e-03
1.900000000000000000e+01 2.281049154457260621e-03
2.000000000000000000e+01 2.258152504066239519e-03
2.100000000000000000e+01 2.224349354027773708e-03
2.200000000000000000e+01 2.196615966841404533e-03
2.300000000000000000e+01 2.156587899427005704e-03
2.400000000000000000e+01 2.148497280907538196e-03
2.500000000000000000e+01 2.200499477708076947e-03
2.600000000000000000e+01 2.167797255608822256e-03
2.700000000000000000e+01 2.262529835162923296e-03
2.800000000000000000e+01 2.307328132649185456e-03
2.900000000000000000e+01 2.167626908471766752e-03
3.000000000000000000e+01 2.184787071787120186e-03
3.100000000000000000e+01 2.221167059723969280e-03
3.200000000000000000e+01 2.219864134658635149e-03
3.300000000000000000e+01 2.099295587082008162e-03
3.400000000000000000e+01 2.202609970721134888e-03
3.500000000000000000e+01 2.184156437637586358e-03
3.600000000000000000e+01 2.107066053670049628e-03
3.700000000000000000e+01 2.129091706257385964e-03
3.800000000000000000e+01 2.160628989203585738e-03
3.900000000000000000e+01 2.079696058453907315e-03
4.000000000000000000e+01 2.062550466193608691e-03
4.100000000000000000e+01 2.093971270376915328e-03
4.200000000000000000e+01 2.117741519220453332e-03
4.300000000000000000e+01 2.107810513364047345e-03
4.400000000000000000e+01 2.100414339206561811e-03
4.500000000000000000e+01 2.025160699812200184e-03
4.600000000000000000e+01 1.920701338004818497e-03
4.700000000000000000e+01 1.906047192065168363e-03
4.800000000000000000e+01 1.910994417781805088e-03
4.900000000000000000e+01 1.928285844285818843e-03
5.000000000000000000e+01 1.918314703089099267e-03
5.100000000000000000e+01 1.745415769816990913e-03
5.200000000000000000e+01 1.715505268477898748e-03
5.300000000000000000e+01 1.554683989587924905e-03
5.400000000000000000e+01 1.417119206157639892e-03
5.500000000000000000e+01 1.279904301219104024e-03
5.600000000000000000e+01 1.112619106562375915e-03
5.700000000000000000e+01 9.425828204853834878e-04
5.800000000000000000e+01 6.621578672052821088e-04
5.900000000000000000e+01 5.453474288166109719e-04
6.000000000000000000e+01 3.413834081704205390e-04
6.100000000000000000e+01 2.710152315954290252e-04
6.200000000000000000e+01 2.065014493218037157e-04
6.300000000000000000e+01 1.544743332765445576e-04
6.400000000000000000e+01 1.235052257602316803e-04
6.500000000000000000e+01 1.017519546583314132e-04
6.600000000000000000e+01 1.025210859208100750e-04
6.700000000000000000e+01 8.524654121482419446e-05
6.800000000000000000e+01 7.536059735891265739e-05
6.900000000000000000e+01 7.816658448307121877e-05
7.000000000000000000e+01 8.996357544580167872e-05
7.100000000000000000e+01 7.460013215566577540e-05
7.200000000000000000e+01 6.335502120771295976e-05
7.300000000000000000e+01 6.145090739280179579e-05
7.400000000000000000e+01 5.965602619213507588e-05
7.500000000000000000e+01 6.119580448988037890e-05
7.600000000000000000e+01 5.971162501437499723e-05
7.700000000000000000e+01 6.401040650488647957e-05
7.800000000000000000e+01 7.586004611119222534e-05
7.900000000000000000e+01 5.952005348278235691e-05
8.000000000000000000e+01 6.122251810692008257e-05
8.100000000000000000e+01 5.112195399562054519e-05
8.200000000000000000e+01 5.075958558634870502e-05
8.300000000000000000e+01 4.912000709973111251e-05
8.400000000000000000e+01 4.454827320251019676e-05
8.500000000000000000e+01 4.543898641657272608e-05
8.600000000000000000e+01 4.182054821870515563e-05
8.700000000000000000e+01 3.788475780693473542e-05
8.800000000000000000e+01 4.295973498591652932e-05
8.900000000000000000e+01 4.799340408290561085e-05
9.000000000000000000e+01 3.961550487367250414e-05
9.100000000000000000e+01 3.336290380737506141e-05
9.200000000000000000e+01 3.487630639751906724e-05
9.300000000000000000e+01 3.141155968940830532e-05
9.400000000000000000e+01 3.178875313542696261e-05
9.500000000000000000e+01 3.757640134770273308e-05
9.600000000000000000e+01 2.859525868111083678e-05
9.700000000000000000e+01 3.370714947658598996e-05
9.800000000000000000e+01 3.664882499700467693e-05
9.900000000000000000e+01 3.996126520436561513e-05
1.000000000000000000e+02 3.331196522183146414e-05
1.010000000000000000e+02 3.405710776492315431e-05
1.020000000000000000e+02 3.038387670726472835e-05
1.030000000000000000e+02 2.809750942945789598e-05
1.040000000000000000e+02 2.575928985531382841e-05
1.050000000000000000e+02 2.228715855642747365e-05
1.060000000000000000e+02 2.748248568372426201e-05
1.070000000000000000e+02 2.175138154382371528e-05
1.080000000000000000e+02 2.656845134307283724e-05
1.090000000000000000e+02 2.529564323254055252e-05
1.100000000000000000e+02 2.437778081788394914e-05
1.110000000000000000e+02 1.751988194278899139e-05
1.120000000000000000e+02 1.942555870058742295e-05
1.130000000000000000e+02 1.601756043640362710e-05
1.140000000000000000e+02 2.286209728467325305e-05
1.150000000000000000e+02 2.097302371329216086e-05
1.160000000000000000e+02 1.581596284887322297e-05
1.170000000000000000e+02 1.604966942496337026e-05
1.180000000000000000e+02 1.436469083514195063e-05
1.190000000000000000e+02 1.304727793585426884e-05
1.200000000000000000e+02 1.575200271281750687e-05
1.210000000000000000e+02 1.425070204348067901e-05
1.220000000000000000e+02 2.294586411521476471e-05
1.230000000000000000e+02 1.603460900881720154e-05
1.240000000000000000e+02 1.294273595010376148e-05
1.250000000000000000e+02 1.324343177986400102e-05
1.260000000000000000e+02 1.334158521889673921e-05
1.270000000000000000e+02 1.158329367096476781e-05
1.280000000000000000e+02 1.143290895011986269e-05
1.290000000000000000e+02 1.255906954644448310e-05
1.300000000000000000e+02 1.179990919135346545e-05
1.310000000000000000e+02 1.287186596223700272e-05
1.320000000000000000e+02 1.044492837918581729e-05
1.330000000000000000e+02 9.741461902238360052e-06
1.340000000000000000e+02 1.113549374036693816e-05
1.350000000000000000e+02 9.436534579369770071e-06
1.360000000000000000e+02 1.025172462928484523e-05
1.370000000000000000e+02 9.816640854514797326e-06
1.380000000000000000e+02 8.442799482813489917e-06
1.390000000000000000e+02 9.850193770546778613e-06
1.400000000000000000e+02 8.495430112967386986e-06
1.410000000000000000e+02 8.381511650655789681e-06
1.420000000000000000e+02 1.368407360561936135e-05
1.430000000000000000e+02 8.872933208642844188e-06
1.440000000000000000e+02 9.726358734037431422e-06
1.450000000000000000e+02 7.699576225228385904e-06
1.460000000000000000e+02 8.706168661766169569e-06
1.470000000000000000e+02 8.315220565792420901e-06
1.480000000000000000e+02 6.810580555412401222e-06
1.490000000000000000e+02 6.764515544059559805e-06
1.500000000000000000e+02 7.054166268586300301e-06
1.510000000000000000e+02 6.782781479496088493e-06
1.520000000000000000e+02 6.109090508644296845e-06
1.530000000000000000e+02 6.688903239899920015e-06
1.540000000000000000e+02 6.738780552567249851e-06
1.550000000000000000e+02 6.350558501790276597e-06
1.560000000000000000e+02 5.942374617634425764e-06
1.570000000000000000e+02 6.568035755267828267e-06
1.580000000000000000e+02 6.024771186990612427e-06
1.590000000000000000e+02 6.908873656593098590e-06
1.600000000000000000e+02 6.177277363421233157e-06
1.610000000000000000e+02 6.119120411874409925e-06
1.620000000000000000e+02 5.862188553280558326e-06
1.630000000000000000e+02 7.797911347659489787e-06
1.640000000000000000e+02 4.526246731663569180e-06
1.650000000000000000e+02 5.995509750421138459e-06
1.660000000000000000e+02 4.128189561175890056e-06
1.670000000000000000e+02 6.351220003545438497e-06
1.680000000000000000e+02 5.105680214717075751e-06
1.690000000000000000e+02 7.068376520699331905e-06
1.700000000000000000e+02 8.146513891243284321e-06
1.710000000000000000e+02 4.870098627180866485e-06
1.720000000000000000e+02 4.204453776038496984e-06
1.730000000000000000e+02 4.026346656357345140e-06
1.740000000000000000e+02 4.287348008061120303e-06
1.750000000000000000e+02 5.271127661895465964e-06
1.760000000000000000e+02 5.094346052202385240e-06
1.770000000000000000e+02 4.212451864990626832e-06
1.780000000000000000e+02 4.188885846466367384e-06
1.790000000000000000e+02 4.044755494243788287e-06
1.800000000000000000e+02 4.974232002701392828e-06
1.810000000000000000e+02 6.906339945815185151e-06
1.820000000000000000e+02 5.964253954806795763e-06
1.830000000000000000e+02 6.409207088377535145e-06
1.840000000000000000e+02 4.366742581100083120e-06
1.850000000000000000e+02 3.998928583177571964e-06
1.860000000000000000e+02 3.887746152715653670e-06
1.870000000000000000e+02 3.878634828281735163e-06
1.880000000000000000e+02 3.523321679748604519e-06
1.890000000000000000e+02 3.166472253627620627e-06
1.900000000000000000e+02 4.117739982975480371e-06
1.910000000000000000e+02 4.107750379679731630e-06
1.920000000000000000e+02 3.295175703399453406e-06
1.930000000000000000e+02 3.596801702150574983e-06
1.940000000000000000e+02 3.610636308745767397e-06
1.950000000000000000e+02 4.403703364672865821e-06
1.960000000000000000e+02 4.500729571206521635e-06
1.970000000000000000e+02 4.558896823470926287e-06
1.980000000000000000e+02 4.095509941248772268e-06
1.990000000000000000e+02 3.049199915721761191e-06
2.000000000000000000e+02 4.610730124934638356e-06
2.010000000000000000e+02 4.976300166946401848e-06
2.020000000000000000e+02 4.931089511182250850e-06
2.030000000000000000e+02 3.437788772907702390e-06
2.040000000000000000e+02 3.243710078062288995e-06
2.050000000000000000e+02 3.215945914663113609e-06
2.060000000000000000e+02 3.016230036612073342e-06
2.070000000000000000e+02 4.296575439791889437e-06
2.080000000000000000e+02 4.303240623136670694e-06
2.090000000000000000e+02 8.679909632213886727e-06
2.100000000000000000e+02 5.400993579807757026e-06
2.110000000000000000e+02 2.890095086321331094e-06
2.120000000000000000e+02 3.628716879583479928e-06
2.130000000000000000e+02 4.658771072720913412e-06
2.140000000000000000e+02 2.426305050743035793e-06
2.150000000000000000e+02 2.999111657283340192e-06
2.160000000000000000e+02 2.951970871721530794e-06
2.170000000000000000e+02 3.370419253345129733e-06
2.180000000000000000e+02 2.944732822318368978e-06
2.190000000000000000e+02 2.429963248973922412e-06
2.200000000000000000e+02 2.763349911374379007e-06
2.210000000000000000e+02 3.022641500992031284e-06
2.220000000000000000e+02 3.081405575806335394e-06
2.230000000000000000e+02 4.256901659805873967e-06
2.240000000000000000e+02 4.256171103078876455e-06
2.250000000000000000e+02 2.208839206269008403e-06
2.260000000000000000e+02 2.199547998268934777e-06
2.270000000000000000e+02 3.028386589574558584e-06
2.280000000000000000e+02 2.386022466941508116e-06
2.290000000000000000e+02 2.971333853209490431e-06
2.300000000000000000e+02 2.333027000832534334e-06
2.310000000000000000e+02 2.827925885992484433e-06
2.320000000000000000e+02 4.423688330123474016e-06
2.330000000000000000e+02 2.640668428400301639e-06
2.340000000000000000e+02 5.305007957139483445e-06
2.350000000000000000e+02 2.350681823776157914e-06
2.360000000000000000e+02 2.492366593582350291e-06
2.370000000000000000e+02 4.984934004349815729e-06
2.380000000000000000e+02 3.347764049575756966e-06
2.390000000000000000e+02 2.541171465958100199e-06
2.400000000000000000e+02 2.033425472077615274e-06
2.410000000000000000e+02 2.630071149204027663e-06
2.420000000000000000e+02 1.987633141344739104e-06
2.430000000000000000e+02 3.009024094282885137e-06
2.440000000000000000e+02 1.806358156916618839e-06
2.450000000000000000e+02 2.080775196718392643e-06
2.460000000000000000e+02 2.482857737248103874e-06
2.470000000000000000e+02 2.945996748450201292e-06
2.480000000000000000e+02 3.212672699334633843e-06
2.490000000000000000e+02 1.851162538306857600e-06
2.500000000000000000e+02 1.899756504169601179e-06
2.510000000000000000e+02 2.867500555922606996e-06
2.520000000000000000e+02 2.020418231137550869e-06
2.530000000000000000e+02 2.416365047018061506e-06
2.540000000000000000e+02 1.820062733184058110e-06
2.550000000000000000e+02 2.242306672548814845e-06
2.560000000000000000e+02 5.962499284491077970e-06
2.570000000000000000e+02 9.794252798995232859e-06
2.580000000000000000e+02 2.218887609116801073e-06
2.590000000000000000e+02 2.000069522918546564e-06
2.600000000000000000e+02 1.881889471646528773e-06
2.610000000000000000e+02 2.360657315300209617e-06
2.620000000000000000e+02 2.019428389857193164e-06
2.630000000000000000e+02 2.335308940450621248e-06
2.640000000000000000e+02 2.501536312908049926e-06
2.650000000000000000e+02 6.624080026920899298e-06
2.660000000000000000e+02 6.302544688890493903e-06
2.670000000000000000e+02 2.156650616114550661e-06
2.680000000000000000e+02 1.873466903138446737e-06
2.690000000000000000e+02 1.524857241761823558e-06
2.700000000000000000e+02 2.449953419140669256e-06
2.710000000000000000e+02 2.959160654818888345e-06
2.720000000000000000e+02 2.812817411910351349e-06
2.730000000000000000e+02 1.987464700000489042e-06
2.740000000000000000e+02 1.996643329401598672e-06
2.750000000000000000e+02 1.758987498656881654e-06
2.760000000000000000e+02 1.893680394432675441e-06
2.770000000000000000e+02 1.534615112130376863e-06
2.780000000000000000e+02 1.615721476596481897e-06
2.790000000000000000e+02 2.390314754214616293e-06
2.800000000000000000e+02 1.959060937837829172e-06
2.810000000000000000e+02 1.624292393858833274e-06
2.820000000000000000e+02 2.530522882484199134e-06
2.830000000000000000e+02 2.822604213977756620e-06
2.840000000000000000e+02 2.380919284289932189e-06
2.850000000000000000e+02 1.553226781443689267e-06
2.860000000000000000e+02 1.705146828622843470e-06
2.870000000000000000e+02 3.260749992558155374e-06
2.880000000000000000e+02 2.084261403768172444e-06
2.890000000000000000e+02 2.047875905155787636e-06
2.900000000000000000e+02 1.703128494967340499e-06
2.910000000000000000e+02 1.740331667017592748e-06
2.920000000000000000e+02 1.770131650529367043e-06
2.930000000000000000e+02 1.473042057904423358e-06
2.940000000000000000e+02 1.712622786551984466e-06
2.950000000000000000e+02 1.498733427624390726e-06
2.960000000000000000e+02 1.501259193169834786e-06
2.970000000000000000e+02 1.818178040090218726e-06
2.980000000000000000e+02 1.745308494502158975e-06
2.990000000000000000e+02 2.472184292836798252e-06
3.000000000000000000e+02 1.510869807970798295e-06
3.010000000000000000e+02 1.598241948552825922e-06
3.020000000000000000e+02 1.750156567546740587e-06
3.030000000000000000e+02 1.712021745267854348e-06
3.040000000000000000e+02 2.394941814809109581e-06
3.050000000000000000e+02 1.737500372404370525e-06
3.060000000000000000e+02 2.234167888659099751e-06
3.070000000000000000e+02 1.505755183097318158e-06
3.080000000000000000e+02 2.682790520749551615e-06
3.090000000000000000e+02 2.257076376534505551e-06
3.100000000000000000e+02 2.197212034995859322e-06
3.110000000000000000e+02 1.970208746751941603e-06
3.120000000000000000e+02 1.507268650227754186e-06
3.130000000000000000e+02 1.589404317899456102e-06
3.140000000000000000e+02 1.943650778960412629e-06
3.150000000000000000e+02 3.569573527878457330e-06
3.160000000000000000e+02 1.941325080166685787e-06
3.170000000000000000e+02 2.033411934077933142e-06
3.180000000000000000e+02 1.549462426330618789e-06
3.190000000000000000e+02 1.471496456521339749e-06
3.200000000000000000e+02 1.615363125775091462e-06
3.210000000000000000e+02 1.425314857715066629e-06
3.220000000000000000e+02 1.597019001822217971e-06
3.230000000000000000e+02 1.807542802855353244e-06
3.240000000000000000e+02 1.660188883192711447e-06
3.250000000000000000e+02 1.306250148142377445e-06
3.260000000000000000e+02 2.363063848001251936e-06
3.270000000000000000e+02 2.476192387811423811e-06
3.280000000000000000e+02 1.722349199114896492e-06
3.290000000000000000e+02 1.677988600179108514e-06
3.300000000000000000e+02 1.835120207993688173e-06
3.310000000000000000e+02 1.529297276838512201e-06
3.320000000000000000e+02 1.275686680939623479e-06
3.330000000000000000e+02 1.957641791276894419e-06
3.340000000000000000e+02 1.633852927422515875e-06
3.350000000000000000e+02 1.342066949603042880e-06
3.360000000000000000e+02 1.490477793554059052e-06
3.370000000000000000e+02 1.633487051128181543e-06
3.380000000000000000e+02 2.205204813537005404e-06
3.390000000000000000e+02 2.285845007870621641e-06
3.400000000000000000e+02 1.237261261254664874e-06
3.410000000000000000e+02 1.289410508768065223e-06
3.420000000000000000e+02 1.551920491308167127e-06
3.430000000000000000e+02 1.663413383767260000e-06
3.440000000000000000e+02 1.664473747667867547e-06
3.450000000000000000e+02 1.466627990411432661e-06
3.460000000000000000e+02 1.459096796356441159e-06
3.470000000000000000e+02 1.854318362901086445e-06
3.480000000000000000e+02 1.356718103231043049e-06
3.490000000000000000e+02 1.403887643830321602e-06
3.500000000000000000e+02 1.363780126929882173e-06
3.510000000000000000e+02 1.490632221271826277e-06
3.520000000000000000e+02 1.406067021700871361e-06
3.530000000000000000e+02 1.317415248733086179e-06
3.540000000000000000e+02 1.490494807404206314e-06
3.550000000000000000e+02 1.481618925786532421e-06
3.560000000000000000e+02 1.190721962405259877e-06
3.570000000000000000e+02 1.834189123987436477e-06
3.580000000000000000e+02 1.332488488683769369e-06
3.590000000000000000e+02 1.296972078011502886e-06
3.600000000000000000e+02 1.158550092962542854e-06
3.610000000000000000e+02 1.335305117382323758e-06
3.620000000000000000e+02 1.282356985954594403e-06
3.630000000000000000e+02 1.224958002337782376e-06
3.640000000000000000e+02 1.369660088173977443e-06
3.650000000000000000e+02 1.210484896205491195e-06
3.660000000000000000e+02 1.462450496799248611e-06
3.670000000000000000e+02 2.913461515230601736e-06
3.680000000000000000e+02 1.315801057435485141e-06
3.690000000000000000e+02 1.132435551282844685e-06
3.700000000000000000e+02 1.659987859147686646e-06
3.710000000000000000e+02 1.113762841686780267e-06
3.720000000000000000e+02 1.127039143953341909e-06
3.730000000000000000e+02 1.127570198641077635e-06
3.740000000000000000e+02 1.428536028902006441e-06
3.750000000000000000e+02 1.232522171674400130e-06
3.760000000000000000e+02 1.241339545155816225e-06
3.770000000000000000e+02 1.266134086568705777e-06
3.780000000000000000e+02 1.356569073499988305e-06
3.790000000000000000e+02 1.113789618720726849e-06
3.800000000000000000e+02 1.349534278303075584e-06
3.810000000000000000e+02 2.135584501117158988e-06
3.820000000000000000e+02 1.146213387667011866e-06
3.830000000000000000e+02 1.144371961512821529e-06
3.840000000000000000e+02 1.210475688674589956e-06
3.850000000000000000e+02 1.183757257989659805e-06
3.860000000000000000e+02 1.641485484343519869e-06
3.870000000000000000e+02 1.828062267135707956e-06
3.880000000000000000e+02 1.430785194058671854e-06
3.890000000000000000e+02 1.030936745090842527e-06
3.900000000000000000e+02 1.218608588381307013e-06
3.910000000000000000e+02 1.607940003188899618e-06
3.920000000000000000e+02 1.206492827589177838e-06
3.930000000000000000e+02 1.129887020577774624e-06
3.940000000000000000e+02 1.092165283950579609e-06
3.950000000000000000e+02 1.675139375190442507e-06
3.960000000000000000e+02 1.242112280165561492e-06
3.970000000000000000e+02 1.346067947923808437e-06
3.980000000000000000e+02 1.335493335741947741e-06
3.990000000000000000e+02 1.203547985004273172e-06
4.000000000000000000e+02 1.014282286104331677e-06
4.010000000000000000e+02 1.058293488082003783e-06
4.020000000000000000e+02 1.118758185398215203e-06
4.030000000000000000e+02 9.903915896262834127e-07
4.040000000000000000e+02 1.028707426406162924e-06
4.050000000000000000e+02 1.046413555137339606e-06
4.060000000000000000e+02 1.078447757044809355e-06
4.070000000000000000e+02 1.195791174733743150e-06
4.080000000000000000e+02 1.187564271542058691e-06
4.090000000000000000e+02 1.173202496809563596e-06
4.100000000000000000e+02 1.411180441653121509e-06
4.110000000000000000e+02 1.104758940963255735e-06
4.120000000000000000e+02 1.240071794380531837e-06
4.130000000000000000e+02 1.281338208445604997e-06
4.140000000000000000e+02 1.002627157034828389e-06
4.150000000000000000e+02 1.242333941883981302e-06
4.160000000000000000e+02 1.283075153735863703e-06
4.170000000000000000e+02 1.323971777777495516e-06
4.180000000000000000e+02 1.379582312516143224e-06
4.190000000000000000e+02 1.105163678232140793e-06
4.200000000000000000e+02 1.492343192808958253e-06
4.210000000000000000e+02 1.074121351475826121e-06
4.220000000000000000e+02 1.090489037699717315e-06
4.230000000000000000e+02 1.020812306881685271e-06
4.240000000000000000e+02 9.605477472837293971e-07
4.250000000000000000e+02 9.658183490594150154e-07
4.260000000000000000e+02 1.091257336545836995e-06
4.270000000000000000e+02 1.026468706920008459e-06
4.280000000000000000e+02 1.052692407215480505e-06
4.290000000000000000e+02 9.232884784496054480e-07
4.300000000000000000e+02 1.074532665983905484e-06
4.310000000000000000e+02 1.059109867512986717e-06
4.320000000000000000e+02 1.168988085498045238e-06
4.330000000000000000e+02 1.008613998415830418e-06
4.340000000000000000e+02 1.056044855929340946e-06
4.350000000000000000e+02 1.031264328142934865e-06
4.360000000000000000e+02 9.733916579802483452e-07
4.370000000000000000e+02 1.068479224771319253e-06
4.380000000000000000e+02 1.181664115032990457e-06
4.390000000000000000e+02 9.794009111981101185e-07
4.400000000000000000e+02 1.021503981495162567e-06
4.410000000000000000e+02 9.710686030675657411e-07
4.420000000000000000e+02 1.146866969858451919e-06
4.430000000000000000e+02 1.358882810657145874e-06
4.440000000000000000e+02 1.008015492298047391e-06
4.450000000000000000e+02 9.358629125898798249e-07
4.460000000000000000e+02 9.843374523376482507e-07
4.470000000000000000e+02 1.205509646593963841e-06
4.480000000000000000e+02 1.143511508841516822e-06
4.490000000000000000e+02 1.121454599800238328e-06
4.500000000000000000e+02 9.710328751901978936e-07
4.510000000000000000e+02 9.586261319607766038e-07
4.520000000000000000e+02 1.054424662674486101e-06
4.530000000000000000e+02 1.019905420955169132e-06
4.540000000000000000e+02 1.017810241107849536e-06
4.550000000000000000e+02 8.796501407054303172e-07
4.560000000000000000e+02 9.579923902016166104e-07
4.570000000000000000e+02 9.590445778510217016e-07
4.580000000000000000e+02 1.022188955055484461e-06
4.590000000000000000e+02 9.854744389609719560e-07
4.600000000000000000e+02 9.312013109201316403e-07
4.610000000000000000e+02 8.645682458568910923e-07
4.620000000000000000e+02 9.415635353512337330e-07
4.630000000000000000e+02 1.000777835475737511e-06
4.640000000000000000e+02 9.608781871164818003e-07
4.650000000000000000e+02 9.020418713857383346e-07
4.660000000000000000e+02 8.895673596417355529e-07
4.670000000000000000e+02 9.971121570696975790e-07
4.680000000000000000e+02 9.359610683723182365e-07
4.690000000000000000e+02 9.178634398965946143e-07
4.700000000000000000e+02 8.649298430199405481e-07
4.710000000000000000e+02 8.979514265377388683e-07
4.720000000000000000e+02 1.030804448363633343e-06
4.730000000000000000e+02 9.045567262033544292e-07
4.740000000000000000e+02 8.905309553822229202e-07
4.750000000000000000e+02 8.397771349966758751e-07
4.760000000000000000e+02 1.058439955468037256e-06
4.770000000000000000e+02 9.040441530141810433e-07
4.780000000000000000e+02 8.646376299926704891e-07
4.790000000000000000e+02 1.110718568941595099e-06
4.800000000000000000e+02 8.970604658044691245e-07
4.810000000000000000e+02 1.198019412311153862e-06
4.820000000000000000e+02 8.846182151469275788e-07
4.830000000000000000e+02 9.026459053439001621e-07
4.840000000000000000e+02 9.274283280878795195e-07
4.850000000000000000e+02 8.790741943972893323e-07
4.860000000000000000e+02 8.306846876620242023e-07
4.870000000000000000e+02 8.893570752183866352e-07
4.880000000000000000e+02 8.560043814605350417e-07
4.890000000000000000e+02 9.423260345702312170e-07
4.900000000000000000e+02 1.083364513619342650e-06
4.910000000000000000e+02 1.050620598008254673e-06
4.920000000000000000e+02 8.557396974105354003e-07
4.930000000000000000e+02 9.937312779525336192e-07
4.940000000000000000e+02 8.800368162352789406e-07
4.950000000000000000e+02 8.979349154930673376e-07
4.960000000000000000e+02 9.826212202171021929e-07
4.970000000000000000e+02 9.711399969153213107e-07
4.980000000000000000e+02 8.823246687249644033e-07
4.990000000000000000e+02 8.709238172930347490e-07
5.000000000000000000e+02 8.339065715342025929e-07
5.010000000000000000e+02 8.485692655293201151e-07
5.020000000000000000e+02 8.300046168325707165e-07
5.030000000000000000e+02 9.586763173829759808e-07
5.040000000000000000e+02 8.368277309242582984e-07
5.050000000000000000e+02 9.276174569330945921e-07
5.060000000000000000e+02 8.369398384261997384e-07
5.070000000000000000e+02 8.037955114852283886e-07
5.080000000000000000e+02 8.842451078152880372e-07
5.090000000000000000e+02 9.209819557205635465e-07
5.100000000000000000e+02 8.386353573770335717e-07
5.110000000000000000e+02 8.696399676829730777e-07
5.120000000000000000e+02 8.493957055995939305e-07
5.130000000000000000e+02 8.684645126659505825e-07
5.140000000000000000e+02 9.060489154516220576e-07
5.150000000000000000e+02 1.041196336807869032e-06
5.160000000000000000e+02 9.582927991091315420e-07
5.170000000000000000e+02 7.997539021852686754e-07
5.180000000000000000e+02 8.357092137200861748e-07
5.190000000000000000e+02 8.585676716957071892e-07
5.200000000000000000e+02 9.169474913921067643e-07
5.210000000000000000e+02 7.988862471652594833e-07
5.220000000000000000e+02 8.868597219571296897e-07
5.230000000000000000e+02 8.115026074305814839e-07
5.240000000000000000e+02 7.872534242377709278e-07
5.250000000000000000e+02 9.540922066435972300e-07
5.260000000000000000e+02 8.578994839866529910e-07
5.270000000000000000e+02 8.142907951563481403e-07
5.280000000000000000e+02 8.036336987176680118e-07
5.290000000000000000e+02 8.275990127362358913e-07
5.300000000000000000e+02 7.902401869080177848e-07
5.310000000000000000e+02 8.171846022305166620e-07
5.320000000000000000e+02 8.490042028351942209e-07
5.330000000000000000e+02 7.923043422985594156e-07
5.340000000000000000e+02 8.742164804729428498e-07
5.350000000000000000e+02 7.834636676336617644e-07
5.360000000000000000e+02 7.669721312105810125e-07
5.370000000000000000e+02 7.720157955851691052e-07
5.380000000000000000e+02 7.937157972946511473e-07
5.390000000000000000e+02 7.625566686753632483e-07
5.400000000000000000e+02 8.060849161792048758e-07
5.410000000000000000e+02 7.757243347606693743e-07
5.420000000000000000e+02 8.267912066670862383e-07
5.430000000000000000e+02 8.399860091488107398e-07
5.440000000000000000e+02 8.113703907294689339e-07
5.450000000000000000e+02 8.777179891163853030e-07
5.460000000000000000e+02 8.818913108020556086e-07
5.470000000000000000e+02 7.846122776700519085e-07
5.480000000000000000e+02 7.579996233658644402e-07
5.490000000000000000e+02 7.497028090741036520e-07
5.500000000000000000e+02 7.860269291802332937e-07
5.510000000000000000e+02 7.750679939337818697e-07
5.520000000000000000e+02 8.014130107720229264e-07
5.530000000000000000e+02 9.806492956579891365e-07
5.540000000000000000e+02 8.028346894794516829e-07
5.550000000000000000e+02 9.313471924547400834e-07
5.560000000000000000e+02 9.169336030895105105e-07
5.570000000000000000e+02 7.744523637412277840e-07
5.580000000000000000e+02 8.024206993818746953e-07
5.590000000000000000e+02 7.504349678329611315e-07
5.600000000000000000e+02 7.846447214576018104e-07
5.610000000000000000e+02 7.537775688071465194e-07
5.620000000000000000e+02 8.320726331047974385e-07
5.630000000000000000e+02 7.944851998969352224e-07
5.640000000000000000e+02 7.974678782163968393e-07
5.650000000000000000e+02 7.458781958201322625e-07
5.660000000000000000e+02 7.895924692705331395e-07
5.670000000000000000e+02 7.775745184877078843e-07
5.680000000000000000e+02 7.893156544722123324e-07
5.690000000000000000e+02 9.153014270591172206e-07
5.700000000000000000e+02 9.293439429635049422e-07
5.710000000000000000e+02 8.464572152748568772e-07
5.720000000000000000e+02 7.984078979668063790e-07
5.730000000000000000e+02 7.654260481609908438e-07
5.740000000000000000e+02 7.522981188075203778e-07
5.750000000000000000e+02 8.557768053605901392e-07
5.760000000000000000e+02 7.480552166956446014e-07
5.770000000000000000e+02 7.615412190440563575e-07
5.780000000000000000e+02 7.700666724239148545e-07
5.790000000000000000e+02 7.997027051124127198e-07
5.800000000000000000e+02 7.378614290790142110e-07
5.810000000000000000e+02 7.938281539344409029e-07
5.820000000000000000e+02 7.554580700304721723e-07
5.830000000000000000e+02 7.317808967677998706e-07
5.840000000000000000e+02 7.300725238139218658e-07
5.850000000000000000e+02 7.872502518825030036e-07
5.860000000000000000e+02 7.924525642190153128e-07
5.870000000000000000e+02 7.308142434264473697e-07
5.880000000000000000e+02 7.384030547611483148e-07
5.890000000000000000e+02 7.495559189086912935e-07
5.900000000000000000e+02 7.150202295616095684e-07
5.910000000000000000e+02 7.824862243585897322e-07
5.920000000000000000e+02 7.212355605480001471e-07
5.930000000000000000e+02 7.318677220628844109e-07
5.940000000000000000e+02 7.151908451998087015e-07
5.950000000000000000e+02 8.189899970121421570e-07
5.960000000000000000e+02 8.039748741267912673e-07
5.970000000000000000e+02 7.822979259728689039e-07
5.980000000000000000e+02 7.100748206245992559e-07
5.990000000000000000e+02 7.117083133107724509e-07
6.000000000000000000e+02 7.808328927500625971e-07
6.010000000000000000e+02 8.680503081588314357e-07
6.020000000000000000e+02 7.270298455509656429e-07
6.030000000000000000e+02 7.182600996765065431e-07
6.040000000000000000e+02 7.081322626231284451e-07
6.050000000000000000e+02 7.380649792308280074e-07
6.060000000000000000e+02 7.569705949668638287e-07
6.070000000000000000e+02 7.260947270214982853e-07
6.080000000000000000e+02 7.050865599776868076e-07
6.090000000000000000e+02 7.028217172556968774e-07
6.100000000000000000e+02 7.163855910359189271e-07
6.110000000000000000e+02 7.646314161992722166e-07
6.120000000000000000e+02 7.036379623032342863e-07
6.130000000000000000e+02 7.392749919322949408e-07
6.140000000000000000e+02 8.208881722383886618e-07
6.150000000000000000e+02 7.077145535769436553e-07
6.160000000000000000e+02 7.048907617877700375e-07
6.170000000000000000e+02 7.546968874672545933e-07
6.180000000000000000e+02 7.130300318737708984e-07
6.190000000000000000e+02 7.181271899191979371e-07
6.200000000000000000e+02 7.453992592603276913e-07
6.210000000000000000e+02 7.476667443534356329e-07
6.220000000000000000e+02 8.570460192545108216e-07
6.230000000000000000e+02 6.953864473119937972e-07
6.240000000000000000e+02 6.952683620116203842e-07
6.250000000000000000e+02 7.219623032010289536e-07
6.260000000000000000e+02 8.004557899405984632e-07
6.270000000000000000e+02 7.045907484809597054e-07
6.280000000000000000e+02 7.120776186478547870e-07
6.290000000000000000e+02 6.911349657985796251e-07
6.300000000000000000e+02 7.119822048916736495e-07
6.310000000000000000e+02 7.350320958601245967e-07
6.320000000000000000e+02 7.032424854126731324e-07
6.330000000000000000e+02 6.967269493588252483e-07
6.340000000000000000e+02 7.024621086656545284e-07
6.350000000000000000e+02 7.132956158398769911e-07
6.360000000000000000e+02 6.883154380414272502e-07
6.370000000000000000e+02 7.502352226955572038e-07
6.380000000000000000e+02 7.838214552525222508e-07
6.390000000000000000e+02 6.847327164991548977e-07
6.400000000000000000e+02 7.282817571988055957e-07
6.410000000000000000e+02 6.828129523459111287e-07
6.420000000000000000e+02 7.133726386930769553e-07
6.430000000000000000e+02 7.284865666291979548e-07
6.440000000000000000e+02 7.399976668437283667e-07
6.450000000000000000e+02 7.259586086706892671e-07
6.460000000000000000e+02 6.809546391753873958e-07
6.470000000000000000e+02 7.144946528866829580e-07
6.480000000000000000e+02 6.832716302238356428e-07
6.490000000000000000e+02 6.914332653389792271e-07
6.500000000000000000e+02 7.057824110474568425e-07
6.510000000000000000e+02 7.238338372867008393e-07
6.520000000000000000e+02 6.812823868094522091e-07
6.530000000000000000e+02 6.733389904096857576e-07
6.540000000000000000e+02 6.909678245009189735e-07
6.550000000000000000e+02 6.791666538446136570e-07
6.560000000000000000e+02 6.976169512888607609e-07
6.570000000000000000e+02 6.762791265541477716e-07
6.580000000000000000e+02 7.110709326291015012e-07
6.590000000000000000e+02 7.054981145640561789e-07
6.600000000000000000e+02 7.069713632961500928e-07
6.610000000000000000e+02 6.990015930127734229e-07
6.620000000000000000e+02 6.986409788117798217e-07
6.630000000000000000e+02 6.831658870614726797e-07
6.640000000000000000e+02 6.919902726408727232e-07
6.650000000000000000e+02 6.878356906511710634e-07
6.660000000000000000e+02 6.782619875098365373e-07
6.670000000000000000e+02 6.725399253041944179e-07
6.680000000000000000e+02 6.812232158155254099e-07
6.690000000000000000e+02 7.068558146720497844e-07
6.700000000000000000e+02 6.785828559194363830e-07
6.710000000000000000e+02 6.860467555767212949e-07
6.720000000000000000e+02 6.690834034065173853e-07
6.730000000000000000e+02 6.688054093557147556e-07
6.740000000000000000e+02 7.013430116497627019e-07
6.750000000000000000e+02 6.697316449884465109e-07
6.760000000000000000e+02 6.831122303185875904e-07
6.770000000000000000e+02 6.773521511872260794e-07
6.780000000000000000e+02 6.746006758108097742e-07
6.790000000000000000e+02 6.942307194827750087e-07
6.800000000000000000e+02 7.497291708783030057e-07
6.810000000000000000e+02 6.814549804511740218e-07
6.820000000000000000e+02 6.796367392161361192e-07
6.830000000000000000e+02 6.823639878242164611e-07
6.840000000000000000e+02 7.002245337036758355e-07
6.850000000000000000e+02 6.669778730140468977e-07
6.860000000000000000e+02 6.746754518935962206e-07
6.870000000000000000e+02 6.730616003294244542e-07
6.880000000000000000e+02 6.644151414516254930e-07
6.890000000000000000e+02 7.079600192843205424e-07
6.900000000000000000e+02 6.978781972365543031e-07
6.910000000000000000e+02 6.702099866372679572e-07
6.920000000000000000e+02 6.874868659551428134e-07
6.930000000000000000e+02 6.787122128200360991e-07
6.940000000000000000e+02 6.887207385128419405e-07
6.950000000000000000e+02 6.627298462121286844e-07
6.960000000000000000e+02 6.705763853661204383e-07
6.970000000000000000e+02 6.704055507886000453e-07
6.980000000000000000e+02 6.619288725597268722e-07
6.990000000000000000e+02 6.617667940451284261e-07
7.000000000000000000e+02 6.680699936857135112e-07
7.010000000000000000e+02 6.553594502541883175e-07
7.020000000000000000e+02 6.593081401963023952e-07
7.030000000000000000e+02 6.779074281135189858e-07
7.040000000000000000e+02 6.864903206017771491e-07
7.050000000000000000e+02 6.598111721608502794e-07
7.060000000000000000e+02 6.752802091064812657e-07
7.070000000000000000e+02 6.701716103490766659e-07
7.080000000000000000e+02 6.497939794907774326e-07
7.090000000000000000e+02 6.600687172790523163e-07
7.100000000000000000e+02 7.360537437391111579e-07
7.110000000000000000e+02 6.517550295602950110e-07
7.120000000000000000e+02 6.482337574908164689e-07
7.130000000000000000e+02 6.561465929811953243e-07
7.140000000000000000e+02 6.542066109140829812e-07
7.150000000000000000e+02 6.441827187007812754e-07
7.160000000000000000e+02 6.429694838164768394e-07
7.170000000000000000e+02 6.607446977180149180e-07
7.180000000000000000e+02 6.651025278742598169e-07
7.190000000000000000e+02 6.553571430867206882e-07
7.200000000000000000e+02 6.508436878411106557e-07
7.210000000000000000e+02 6.935452778452836454e-07
7.220000000000000000e+02 6.858702482058922553e-07
7.230000000000000000e+02 6.768817457113168689e-07
7.240000000000000000e+02 6.715137446262957755e-07
7.250000000000000000e+02 6.587669644722214642e-07
7.260000000000000000e+02 6.547991362135813722e-07
7.270000000000000000e+02 6.527461648475373288e-07
7.280000000000000000e+02 6.504351712265637893e-07
7.290000000000000000e+02 6.535787956158590507e-07
7.300000000000000000e+02 6.537423568781364200e-07
7.310000000000000000e+02 6.375677524866528891e-07
7.320000000000000000e+02 6.415498888074153517e-07
7.330000000000000000e+02 6.545373980298966311e-07
7.340000000000000000e+02 6.447488082096888991e-07
7.350000000000000000e+02 6.655644913519287141e-07
7.360000000000000000e+02 6.474032828973269918e-07
7.370000000000000000e+02 6.440080368309130933e-07
7.380000000000000000e+02 6.613314581186970577e-07
7.390000000000000000e+02 6.630488257038607920e-07
7.400000000000000000e+02 6.455463196009629887e-07
7.410000000000000000e+02 6.737017607855116036e-07
7.420000000000000000e+02 6.467143820185605690e-07
7.430000000000000000e+02 6.414841194353252878e-07
7.440000000000000000e+02 6.465259341501307936e-07
7.450000000000000000e+02 6.530911573504814235e-07
7.460000000000000000e+02 6.373129916726460467e-07
7.470000000000000000e+02 6.425158158741919717e-07
7.480000000000000000e+02 6.434943583756491924e-07
7.490000000000000000e+02 6.342374694916563276e-07
7.500000000000000000e+02 6.389490512336197197e-07
7.510000000000000000e+02 6.404303297540595938e-07
7.520000000000000000e+02 6.421762847748673453e-07
7.530000000000000000e+02 6.352980644109957875e-07
7.540000000000000000e+02 6.352279570204931731e-07
7.550000000000000000e+02 6.375408395593345566e-07
7.560000000000000000e+02 6.467600497411111809e-07
7.570000000000000000e+02 6.376734684703415655e-07
7.580000000000000000e+02 6.517430211160085057e-07
7.590000000000000000e+02 6.459102375208171642e-07
7.600000000000000000e+02 6.276379226454461534e-07
7.610000000000000000e+02 6.317668660856715713e-07
7.620000000000000000e+02 6.350662590073355869e-07
7.630000000000000000e+02 6.303206405055197857e-07
7.640000000000000000e+02 6.527675740932984844e-07
7.650000000000000000e+02 6.326130212643383348e-07
7.660000000000000000e+02 6.367682646017826633e-07
7.670000000000000000e+02 6.316194927438263211e-07
7.680000000000000000e+02 6.412465113846901221e-07
7.690000000000000000e+02 6.413105534010321537e-07
7.700000000000000000e+02 6.434661469116671460e-07
7.710000000000000000e+02 6.391769912258157284e-07
7.720000000000000000e+02 6.374741899001806700e-07
7.730000000000000000e+02 6.310449612366781723e-07
7.740000000000000000e+02 6.438498509064529140e-07
7.750000000000000000e+02 6.544619258710614655e-07
7.760000000000000000e+02 6.287739972732526486e-07
7.770000000000000000e+02 6.495421705827909229e-07
7.780000000000000000e+02 6.517853156630863364e-07
7.790000000000000000e+02 6.349601111847100346e-07
7.800000000000000000e+02 6.278135799277385319e-07
7.810000000000000000e+02 6.385597922197807589e-07
7.820000000000000000e+02 6.395751255867585275e-07
7.830000000000000000e+02 6.373968393929620876e-07
7.840000000000000000e+02 6.445469159570108222e-07
7.850000000000000000e+02 6.623732348258972516e-07
7.860000000000000000e+02 6.442227951660462064e-07
7.870000000000000000e+02 6.486768785975244768e-07
7.880000000000000000e+02 6.230634240972315489e-07
7.890000000000000000e+02 6.208863035665798413e-07
7.900000000000000000e+02 6.229749650618329125e-07
7.910000000000000000e+02 6.238297313504916707e-07
7.920000000000000000e+02 6.328796863377132131e-07
7.930000000000000000e+02 6.514327357802177962e-07
7.940000000000000000e+02 6.296980374730669020e-07
7.950000000000000000e+02 6.400869513623870724e-07
7.960000000000000000e+02 6.301811912571758007e-07
7.970000000000000000e+02 6.327841079995596007e-07
7.980000000000000000e+02 6.264413256396270093e-07
7.990000000000000000e+02 6.249178778959967340e-07
8.000000000000000000e+02 6.199512997915154861e-07
8.010000000000000000e+02 6.188523753917016502e-07
8.020000000000000000e+02 6.246660267100724098e-07
8.030000000000000000e+02 6.427323725316117616e-07
8.040000000000000000e+02 6.218289219002431405e-07
8.050000000000000000e+02 6.160170492751163232e-07
8.060000000000000000e+02 6.181969752489321856e-07
8.070000000000000000e+02 6.191956133602233200e-07
8.080000000000000000e+02 6.457804125430480842e-07
8.090000000000000000e+02 6.270180148315337345e-07
8.100000000000000000e+02 6.251637603430471807e-07
8.110000000000000000e+02 6.172129320857705571e-07
8.120000000000000000e+02 6.144543449562308281e-07
8.130000000000000000e+02 6.332904436829682709e-07
8.140000000000000000e+02 6.238791572797352361e-07
8.150000000000000000e+02 6.301303490170129617e-07
8.160000000000000000e+02 6.289208043927154980e-07
8.170000000000000000e+02 6.192182652753730729e-07
8.180000000000000000e+02 6.228604703663272090e-07
8.190000000000000000e+02 6.272793272159868204e-07
8.200000000000000000e+02 6.231037376209340368e-07
8.210000000000000000e+02 6.205179600525845055e-07
8.220000000000000000e+02 6.117517504256446479e-07
8.230000000000000000e+02 6.181471688182475486e-07
8.240000000000000000e+02 6.270549053521935452e-07
8.250000000000000000e+02 6.149579854210991394e-07
8.260000000000000000e+02 6.216330240551871078e-07
8.270000000000000000e+02 6.134559061552184309e-07
8.280000000000000000e+02 6.161811027733847856e-07
8.290000000000000000e+02 6.228275071641118216e-07
8.300000000000000000e+02 6.307542173677497345e-07
8.310000000000000000e+02 6.127543822921397493e-07
8.320000000000000000e+02 6.212199459531273302e-07
8.330000000000000000e+02 6.233758686277073782e-07
8.340000000000000000e+02 6.090814366105620144e-07
8.350000000000000000e+02 6.219997126898992815e-07
8.360000000000000000e+02 6.335251572047844463e-07
8.370000000000000000e+02 6.165422529982338378e-07
8.380000000000000000e+02 6.139757707787511375e-07
8.390000000000000000e+02 6.168606466385409160e-07
8.400000000000000000e+02 6.324250611021206576e-07
8.410000000000000000e+02 6.136826155574367069e-07
8.420000000000000000e+02 6.176226702307371664e-07
8.430000000000000000e+02 6.315634805158302498e-07
8.440000000000000000e+02 6.092464066341267875e-07
8.450000000000000000e+02 6.109577103550563765e-07
8.460000000000000000e+02 6.306509535044586395e-07
8.470000000000000000e+02 6.156724508629504964e-07
8.480000000000000000e+02 6.169550925319296209e-07
8.490000000000000000e+02 6.159934581857749679e-07
8.500000000000000000e+02 6.175291604916872949e-07
8.510000000000000000e+02 6.171334133243088652e-07
8.520000000000000000e+02 6.264188911538720788e-07
8.530000000000000000e+02 6.158461014531194713e-07
8.540000000000000000e+02 6.140236520533354425e-07
8.550000000000000000e+02 6.115681116726496618e-07
8.560000000000000000e+02 6.198151285932840144e-07
8.570000000000000000e+02 6.133639410708278198e-07
8.580000000000000000e+02 6.099348062173440217e-07
8.590000000000000000e+02 6.070866185480828652e-07
8.600000000000000000e+02 6.100604124608825483e-07
8.610000000000000000e+02 6.192641519372449447e-07
8.620000000000000000e+02 6.055511563204605464e-07
8.630000000000000000e+02 6.090684874821575750e-07
8.640000000000000000e+02 6.057057727790218705e-07
8.650000000000000000e+02 6.167202899244586100e-07
8.660000000000000000e+02 6.246878889337395071e-07
8.670000000000000000e+02 6.229595426740620372e-07
8.680000000000000000e+02 6.056278349104519271e-07
8.690000000000000000e+02 6.081811717111042198e-07
8.700000000000000000e+02 6.041264351114301843e-07
8.710000000000000000e+02 6.064781333270317105e-07
8.720000000000000000e+02 6.150016691004217453e-07
8.730000000000000000e+02 6.131731694257406615e-07
8.740000000000000000e+02 6.117226058271763254e-07
8.750000000000000000e+02 6.056268851667757916e-07
8.760000000000000000e+02 6.069056961525970924e-07
8.770000000000000000e+02 6.096193131455612602e-07
8.780000000000000000e+02 6.036981384616572635e-07
8.790000000000000000e+02 6.018831496079840251e-07
8.800000000000000000e+02 6.066580878597250508e-07
8.810000000000000000e+02 6.053681789152082290e-07
8.820000000000000000e+02 6.075897229890956196e-07
8.830000000000000000e+02 6.041159788714347034e-07
8.840000000000000000e+02 6.086375726200881603e-07
8.850000000000000000e+02 6.038751033401713456e-07
8.860000000000000000e+02 6.032345382238216071e-07
8.870000000000000000e+02 5.988412263082043012e-07
8.880000000000000000e+02 6.040316978022552433e-07
8.890000000000000000e+02 6.051083477685075230e-07
8.900000000000000000e+02 6.077461921272922996e-07
8.910000000000000000e+02 6.073175602738688908e-07
8.920000000000000000e+02 6.000348427194023886e-07
8.930000000000000000e+02 6.047349882791672143e-07
8.940000000000000000e+02 6.078154192307308795e-07
8.950000000000000000e+02 5.997857018512819512e-07
8.960000000000000000e+02 6.009810169296274526e-07
8.970000000000000000e+02 6.166053271517833309e-07
8.980000000000000000e+02 6.016548729022111968e-07
8.990000000000000000e+02 6.022351526989856316e-07
9.000000000000000000e+02 6.052138025349371251e-07
9.010000000000000000e+02 6.042688740139535333e-07
9.020000000000000000e+02 6.007293605242026591e-07
9.030000000000000000e+02 5.988360548104448432e-07
9.040000000000000000e+02 6.013546013979944535e-07
9.050000000000000000e+02 6.198959005936188366e-07
9.060000000000000000e+02 6.051610472180848186e-07
9.070000000000000000e+02 6.038881234351144295e-07
9.080000000000000000e+02 6.056613024280692722e-07
9.090000000000000000e+02 5.994982828401831537e-07
9.100000000000000000e+02 5.997662826884543399e-07
9.110000000000000000e+02 6.030675252699009422e-07
9.120000000000000000e+02 5.995984800430510195e-07
9.130000000000000000e+02 5.996148627439825634e-07
9.140000000000000000e+02 6.013378744338543261e-07
9.150000000000000000e+02 5.977712955142235092e-07
9.160000000000000000e+02 5.988546344542201148e-07
9.170000000000000000e+02 6.068060032651311842e-07
9.180000000000000000e+02 6.051084368541624644e-07
9.190000000000000000e+02 5.998072726591629184e-07
9.200000000000000000e+02 5.994538759061373301e-07
9.210000000000000000e+02 6.234666816382904533e-07
9.220000000000000000e+02 5.991014757045048985e-07
9.230000000000000000e+02 6.185595281953632092e-07
9.240000000000000000e+02 6.136253500905676112e-07
9.250000000000000000e+02 5.949812264202208786e-07
9.260000000000000000e+02 5.958855484917895207e-07
9.270000000000000000e+02 5.948470709736709062e-07
9.280000000000000000e+02 6.112735069220362386e-07
9.290000000000000000e+02 5.969764325337728633e-07
9.300000000000000000e+02 5.968288085441528600e-07
9.310000000000000000e+02 5.939606475690923443e-07
9.320000000000000000e+02 6.067836488054729938e-07
9.330000000000000000e+02 5.991780946524052806e-07
9.340000000000000000e+02 5.960544186551244304e-07
9.350000000000000000e+02 5.960113132775950899e-07
9.360000000000000000e+02 5.993643387833226772e-07
9.370000000000000000e+02 5.983870940635659517e-07
9.380000000000000000e+02 5.929069983109773958e-07
9.390000000000000000e+02 6.012253094242279495e-07
9.400000000000000000e+02 5.972181596634994255e-07
9.410000000000000000e+02 5.973264712105889865e-07
9.420000000000000000e+02 5.983159561483274547e-07
9.430000000000000000e+02 5.916640948837601570e-07
9.440000000000000000e+02 5.999447303146471335e-07
9.450000000000000000e+02 5.937920748612488911e-07
9.460000000000000000e+02 5.989707734595245532e-07
9.470000000000000000e+02 5.989065608215046144e-07
9.480000000000000000e+02 6.157174708270957418e-07
9.490000000000000000e+02 5.896865866169932896e-07
9.500000000000000000e+02 5.951428126988282316e-07
9.510000000000000000e+02 5.944213245895083922e-07
9.520000000000000000e+02 5.909366440752716608e-07
9.530000000000000000e+02 5.921113441291176570e-07
9.540000000000000000e+02 5.909520876020116021e-07
9.550000000000000000e+02 5.968798032868774152e-07
9.560000000000000000e+02 5.954064835882450686e-07
9.570000000000000000e+02 5.957864550450857323e-07
9.580000000000000000e+02 5.910254549235105387e-07
9.590000000000000000e+02 5.919262724560135378e-07
9.600000000000000000e+02 5.909580487912538215e-07
9.610000000000000000e+02 6.040670919858991462e-07
9.620000000000000000e+02 6.033304306266565354e-07
9.630000000000000000e+02 5.908714401706008848e-07
9.640000000000000000e+02 5.939489199711075420e-07
9.650000000000000000e+02 5.901152365895328894e-07
9.660000000000000000e+02 5.896996399303161983e-07
9.670000000000000000e+02 5.935529750033769184e-07
9.680000000000000000e+02 5.950103604492046680e-07
9.690000000000000000e+02 5.886240469125109750e-07
9.700000000000000000e+02 5.880028224428185453e-07
9.710000000000000000e+02 5.928884851039615622e-07
9.720000000000000000e+02 6.007753181526130695e-07
9.730000000000000000e+02 5.963788957887083885e-07
9.740000000000000000e+02 6.002953805116364528e-07
9.750000000000000000e+02 5.882994097267336428e-07
9.760000000000000000e+02 5.898677626801062670e-07
9.770000000000000000e+02 5.948834632186342973e-07
9.780000000000000000e+02 5.887461622063210549e-07
9.790000000000000000e+02 5.888629233012829048e-07
9.800000000000000000e+02 5.921895266057568153e-07
9.810000000000000000e+02 5.976502069703335358e-07
9.820000000000000000e+02 5.911906000985323198e-07
9.830000000000000000e+02 6.024242785243479351e-07
9.840000000000000000e+02 5.882406147044688144e-07
9.850000000000000000e+02 5.891975909278240628e-07
9.860000000000000000e+02 5.969872858843991694e-07
9.870000000000000000e+02 5.862065672454087320e-07
9.880000000000000000e+02 5.882997841884691762e-07
9.890000000000000000e+02 5.971329077116748697e-07
9.900000000000000000e+02 5.967687074355925538e-07
9.910000000000000000e+02 5.884540458143375954e-07
9.920000000000000000e+02 5.900635291615696497e-07
9.930000000000000000e+02 5.953688063959551598e-07
9.940000000000000000e+02 5.869322695591802358e-07
9.950000000000000000e+02 5.886110539962422836e-07
9.960000000000000000e+02 5.874905444442471714e-07
9.970000000000000000e+02 5.855709471378654276e-07
9.980000000000000000e+02 5.842467507857215495e-07
9.990000000000000000e+02 5.875765385248742488e-07
1.000000000000000000e+03 5.876952670538742452e-07
1.001000000000000000e+03 5.849072771284598886e-07
1.002000000000000000e+03 5.872334424894297620e-07
1.003000000000000000e+03 5.858598639959065704e-07
1.004000000000000000e+03 5.844338880380767463e-07
1.005000000000000000e+03 5.847354716682943998e-07
1.006000000000000000e+03 5.861375651209966325e-07
1.007000000000000000e+03 5.827367912142039337e-07
1.008000000000000000e+03 5.867040562703141822e-07
1.009000000000000000e+03 5.854904001165572977e-07
1.010000000000000000e+03 5.873639756226585317e-07
1.011000000000000000e+03 5.901374385466294696e-07
1.012000000000000000e+03 5.874996545848988044e-07
1.013000000000000000e+03 5.865747763759586487e-07
1.014000000000000000e+03 5.882204904060341766e-07
1.015000000000000000e+03 5.845117775890033370e-07
1.016000000000000000e+03 5.832970237187877015e-07
1.017000000000000000e+03 5.818040885669015637e-07
1.018000000000000000e+03 5.840093375155859144e-07
1.019000000000000000e+03 5.866429057629385836e-07
1.020000000000000000e+03 5.957707563407921489e-07
1.021000000000000000e+03 5.853057149845995765e-07
1.022000000000000000e+03 5.834340042375443513e-07
1.023000000000000000e+03 5.832177737242168480e-07
1.024000000000000000e+03 5.902028606356581808e-07
1.025000000000000000e+03 5.953930376940703296e-07
1.026000000000000000e+03 5.963834165082097108e-07
1.027000000000000000e+03 5.818816398943251090e-07
1.028000000000000000e+03 5.827836306396046043e-07
1.029000000000000000e+03 5.851783406173015347e-07
1.030000000000000000e+03 5.812794540860193249e-07
1.031000000000000000e+03 5.825070544096475798e-07
1.032000000000000000e+03 5.838997953785184090e-07
1.033000000000000000e+03 5.811389327899646499e-07
1.034000000000000000e+03 5.880787430497806578e-07
1.035000000000000000e+03 5.893636541380685920e-07
1.036000000000000000e+03 5.815512861273747723e-07
1.037000000000000000e+03 5.803314181366009153e-07
1.038000000000000000e+03 5.862025085633714470e-07
1.039000000000000000e+03 5.843340849259870424e-07
1.040000000000000000e+03 5.834603645318174793e-07
1.041000000000000000e+03 5.875077945978686663e-07
1.042000000000000000e+03 5.790231907655680023e-07
1.043000000000000000e+03 5.807737495518264795e-07
1.044000000000000000e+03 5.815607790343569214e-07
1.045000000000000000e+03 5.775750762675484785e-07
1.046000000000000000e+03 5.861599029714649635e-07
1.047000000000000000e+03 5.802228514119577123e-07
1.048000000000000000e+03 5.867244825540195891e-07
1.049000000000000000e+03 5.798272718464044206e-07
1.050000000000000000e+03 5.826433962295568528e-07
1.051000000000000000e+03 5.840004999166411076e-07
1.052000000000000000e+03 5.810697283354212558e-07
1.053000000000000000e+03 5.779169190641198350e-07
1.054000000000000000e+03 5.812375913778786876e-07
1.055000000000000000e+03 5.810060698403729591e-07
1.056000000000000000e+03 5.802863362654753327e-07
1.057000000000000000e+03 5.767193315466129665e-07
1.058000000000000000e+03 5.815987461325066287e-07
1.059000000000000000e+03 5.812759117987949681e-07
1.060000000000000000e+03 5.788258494309183034e-07
1.061000000000000000e+03 5.794117189750519815e-07
1.062000000000000000e+03 5.818728234343492624e-07
1.063000000000000000e+03 5.793738454923362105e-07
1.064000000000000000e+03 5.820636071588471794e-07
1.065000000000000000e+03 5.851738576459590320e-07
1.066000000000000000e+03 5.759719346109995035e-07
1.067000000000000000e+03 5.768141050940203955e-07
1.068000000000000000e+03 5.865446699544033260e-07
1.069000000000000000e+03 5.824202381741212408e-07
1.070000000000000000e+03 5.802683379433459898e-07
1.071000000000000000e+03 5.788482642876304994e-07
1.072000000000000000e+03 5.762820342258488839e-07
1.073000000000000000e+03 5.790094957335449476e-07
1.074000000000000000e+03 5.748155227851427546e-07
1.075000000000000000e+03 5.793865500126714350e-07
1.076000000000000000e+03 5.880776740219226309e-07
1.077000000000000000e+03 5.781944827859117088e-07
1.078000000000000000e+03 5.811666776867035582e-07
1.079000000000000000e+03 5.774576711889970381e-07
1.080000000000000000e+03 5.755519108477153204e-07
1.081000000000000000e+03 5.768861693490765175e-07
1.082000000000000000e+03 5.777897047490151673e-07
1.083000000000000000e+03 5.841648146321685384e-07
1.084000000000000000e+03 5.826156150945855623e-07
1.085000000000000000e+03 5.734230354838991299e-07
1.086000000000000000e+03 5.752402318499006290e-07
1.087000000000000000e+03 5.755543146504695493e-07
1.088000000000000000e+03 5.749737509875407483e-07
1.089000000000000000e+03 5.785006248837895043e-07
1.090000000000000000e+03 5.797933347416913801e-07
1.091000000000000000e+03 5.724852277755968457e-07
1.092000000000000000e+03 5.753832218755428510e-07
1.093000000000000000e+03 5.771781438079827939e-07
1.094000000000000000e+03 5.816483049352692817e-07
1.095000000000000000e+03 5.727564618861165050e-07
1.096000000000000000e+03 5.728355820270209342e-07
1.097000000000000000e+03 5.731255331846139474e-07
1.098000000000000000e+03 5.745000010247592690e-07
1.099000000000000000e+03 5.735042151643492044e-07
1.100000000000000000e+03 5.751952964416312244e-07
1.101000000000000000e+03 5.797732768800162860e-07
1.102000000000000000e+03 5.881723788676809658e-07
1.103000000000000000e+03 5.890687398525527418e-07
1.104000000000000000e+03 5.781333473777994263e-07
1.105000000000000000e+03 5.836267599258596215e-07
1.106000000000000000e+03 5.885698843442975964e-07
1.107000000000000000e+03 5.829475995819972259e-07
1.108000000000000000e+03 5.721587469697424649e-07
1.109000000000000000e+03 5.874830876729522630e-07
1.110000000000000000e+03 5.756012159828507688e-07
1.111000000000000000e+03 5.728621778698051815e-07
1.112000000000000000e+03 5.773426336749673385e-07
1.113000000000000000e+03 5.723879024526526784e-07
1.114000000000000000e+03 5.780477934407044191e-07
1.115000000000000000e+03 5.733226721891324576e-07
1.116000000000000000e+03 5.714826578160822932e-07
1.117000000000000000e+03 5.722346313384719835e-07
1.118000000000000000e+03 5.702681221302245930e-07
1.119000000000000000e+03 5.702839816416747693e-07
1.120000000000000000e+03 5.722302299031526582e-07
1.121000000000000000e+03 5.777360993436260940e-07
1.122000000000000000e+03 5.703444496623388450e-07
1.123000000000000000e+03 5.751775079992649400e-07
1.124000000000000000e+03 5.725059696339100062e-07
1.125000000000000000e+03 5.714056878103047824e-07
1.126000000000000000e+03 5.707253195253598400e-07
1.127000000000000000e+03 5.711449023901488401e-07
1.128000000000000000e+03 5.728434713922160429e-07
1.129000000000000000e+03 5.697653491180462328e-07
1.130000000000000000e+03 5.716125416809792589e-07
1.131000000000000000e+03 5.712847849873562441e-07
1.132000000000000000e+03 5.707340453897546254e-07
1.133000000000000000e+03 5.767156714851328382e-07
1.134000000000000000e+03 5.794403879467190704e-07
1.135000000000000000e+03 5.737403902948752370e-07
1.136000000000000000e+03 5.705325774263817661e-07
1.137000000000000000e+03 5.704920585526952145e-07
1.138000000000000000e+03 5.716074683284327320e-07
1.139000000000000000e+03 5.729022090372795290e-07
1.140000000000000000e+03 5.694611397259005332e-07
1.141000000000000000e+03 5.679590015728921508e-07
1.142000000000000000e+03 5.701907059412096856e-07
1.143000000000000000e+03 5.701668793033572108e-07
1.144000000000000000e+03 5.690662350974272124e-07
1.145000000000000000e+03 5.745024033175870603e-07
1.146000000000000000e+03 5.784709820096246565e-07
1.147000000000000000e+03 5.686193225656463203e-07
1.148000000000000000e+03 5.814863170162520029e-07
1.149000000000000000e+03 5.794247526593322617e-07
1.150000000000000000e+03 5.696626862054438009e-07
1.151000000000000000e+03 5.692993420576035784e-07
1.152000000000000000e+03 5.723471676594977419e-07
1.153000000000000000e+03 5.678546777413010186e-07
1.154000000000000000e+03 5.706965327794372973e-07
1.155000000000000000e+03 5.682886079262976465e-07
1.156000000000000000e+03 5.693308285518455808e-07
1.157000000000000000e+03 5.702579746701683204e-07
1.158000000000000000e+03 5.682679415643021254e-07
1.159000000000000000e+03 5.711771755560208347e-07
1.160000000000000000e+03 5.728781226920943114e-07
1.161000000000000000e+03 5.684285660198225840e-07
1.162000000000000000e+03 5.664197252713018678e-07
1.163000000000000000e+03 5.657540364903620604e-07
1.164000000000000000e+03 5.717100013873688454e-07
1.165000000000000000e+03 5.707782228149947619e-07
1.166000000000000000e+03 5.675258837282734702e-07
1.167000000000000000e+03 5.672500201835552362e-07
1.168000000000000000e+03 5.666233645087704998e-07
1.169000000000000000e+03 5.675735060504882512e-07
1.170000000000000000e+03 5.686342300685309166e-07
1.171000000000000000e+03 5.732027772420247219e-07
1.172000000000000000e+03 5.644425461684799501e-07
1.173000000000000000e+03 5.665321468379247297e-07
1.174000000000000000e+03 5.747283079290590471e-07
1.175000000000000000e+03 5.669293676934237754e-07
1.176000000000000000e+03 5.674029930872811499e-07
1.177000000000000000e+03 5.705475136178669806e-07
1.178000000000000000e+03 5.674996155395079470e-07
1.179000000000000000e+03 5.660853339612832062e-07
1.180000000000000000e+03 5.647574820774384064e-07
1.181000000000000000e+03 5.712547752010876268e-07
1.182000000000000000e+03 5.650881936969344170e-07
1.183000000000000000e+03 5.654310949518793731e-07
1.184000000000000000e+03 5.686513239447747075e-07
1.185000000000000000e+03 5.671696347243669179e-07
1.186000000000000000e+03 5.669826107164881801e-07
1.187000000000000000e+03 5.697248483634760841e-07
1.188000000000000000e+03 5.642142702176703406e-07
1.189000000000000000e+03 5.663069685010285179e-07
1.190000000000000000e+03 5.681106419666113070e-07
1.191000000000000000e+03 5.683440977197754631e-07
1.192000000000000000e+03 5.629562418581736831e-07
1.193000000000000000e+03 5.630237438707538870e-07
1.194000000000000000e+03 5.637212271709115805e-07
1.195000000000000000e+03 5.641496008269285780e-07
1.196000000000000000e+03 5.651508707398531909e-07
1.197000000000000000e+03 5.705385476751820810e-07
1.198000000000000000e+03 5.781098514138183388e-07
1.199000000000000000e+03 5.752348670815679720e-07
1.200000000000000000e+03 5.638120265921575651e-07
1.201000000000000000e+03 5.658444312513453501e-07
1.202000000000000000e+03 5.634748524878700406e-07
1.203000000000000000e+03 5.626866905605746913e-07
1.204000000000000000e+03 5.646572229675900975e-07
1.205000000000000000e+03 5.614781062494378962e-07
1.206000000000000000e+03 5.650688787190250632e-07
1.207000000000000000e+03 5.692321790234896386e-07
1.208000000000000000e+03 5.659740825875840714e-07
1.209000000000000000e+03 5.629315213439200835e-07
1.210000000000000000e+03 5.645504107773691075e-07
1.211000000000000000e+03 5.652367191125872032e-07
1.212000000000000000e+03 5.639295864381601661e-07
1.213000000000000000e+03 5.651472559761637521e-07
1.214000000000000000e+03 5.638271938023749042e-07
1.215000000000000000e+03 5.630131502274602178e-07
1.216000000000000000e+03 5.623260461610540343e-07
1.217000000000000000e+03 5.689475443165860356e-07
1.218000000000000000e+03 5.644349935168615551e-07
1.219000000000000000e+03 5.651820748778671587e-07
1.220000000000000000e+03 5.685064812394973414e-07
1.221000000000000000e+03 5.690838061103986744e-07
1.222000000000000000e+03 5.675067876896853763e-07
1.223000000000000000e+03 5.658964421745055846e-07
1.224000000000000000e+03 5.610931686448215205e-07
1.225000000000000000e+03 5.611395943504015065e-07
1.226000000000000000e+03 5.653271048140122915e-07
1.227000000000000000e+03 5.712680957713750423e-07
1.228000000000000000e+03 5.600848413361224807e-07
1.229000000000000000e+03 5.666217926754368468e-07
1.230000000000000000e+03 5.610487903993765270e-07
1.231000000000000000e+03 5.621854463488288450e-07
1.232000000000000000e+03 5.737458743473898912e-07
1.233000000000000000e+03 5.668952841258543452e-07
1.234000000000000000e+03 5.638702116041757407e-07
1.235000000000000000e+03 5.623838672808209978e-07
1.236000000000000000e+03 5.615617471098436478e-07
1.237000000000000000e+03 5.637791841840504006e-07
1.238000000000000000e+03 5.632809492555264411e-07
1.239000000000000000e+03 5.603875747752580139e-07
1.240000000000000000e+03 5.588284301077500597e-07
1.241000000000000000e+03 5.601461518956916652e-07
1.242000000000000000e+03 5.634207865549432615e-07
1.243000000000000000e+03 5.626987654416206344e-07
1.244000000000000000e+03 5.595404615483202381e-07
1.245000000000000000e+03 5.589549860949646160e-07
1.246000000000000000e+03 5.596454089794950075e-07
1.247000000000000000e+03 5.586691132484513047e-07
1.248000000000000000e+03 5.620454489972186503e-07
1.249000000000000000e+03 5.595441034906839635e-07
1.250000000000000000e+03 5.599183991343633173e-07
1.251000000000000000e+03 5.588809981937344936e-07
1.252000000000000000e+03 5.687909536293180199e-07
1.253000000000000000e+03 5.622644562651094784e-07
1.254000000000000000e+03 5.576463797324169630e-07
1.255000000000000000e+03 5.617792980537669381e-07
1.256000000000000000e+03 5.598925756189088591e-07
1.257000000000000000e+03 5.587139308824652555e-07
1.258000000000000000e+03 5.615610782124691093e-07
1.259000000000000000e+03 5.630352298805222435e-07
1.260000000000000000e+03 5.604564568605250034e-07
1.261000000000000000e+03 5.600502270294399190e-07
1.262000000000000000e+03 5.590677881630284436e-07
1.263000000000000000e+03 5.625607007957424299e-07
1.264000000000000000e+03 5.624948544174085009e-07
1.265000000000000000e+03 5.652844267456409377e-07
1.266000000000000000e+03 5.576700425432601816e-07
1.267000000000000000e+03 5.613530783076926350e-07
1.268000000000000000e+03 5.639342188922116159e-07
1.269000000000000000e+03 5.586044310233356705e-07
1.270000000000000000e+03 5.571701761393115705e-07
1.271000000000000000e+03 5.598202856298628261e-07
1.272000000000000000e+03 5.601064936800264136e-07
1.273000000000000000e+03 5.645918929840687791e-07
1.274000000000000000e+03 5.605252566548057024e-07
1.275000000000000000e+03 5.622958506538438761e-07
1.276000000000000000e+03 5.568520180475156116e-07
1.277000000000000000e+03 5.656422483378443618e-07
1.278000000000000000e+03 5.572364377473927275e-07
1.279000000000000000e+03 5.580983293785117881e-07
1.280000000000000000e+03 5.568347988473843912e-07
1.281000000000000000e+03 5.621846068297765051e-07
1.282000000000000000e+03 5.568461519836335543e-07
1.283000000000000000e+03 5.626604752192315155e-07
1.284000000000000000e+03 5.605753016538541220e-07
1.285000000000000000e+03 5.575783545303553916e-07
1.286000000000000000e+03 5.554980685965830899e-07
1.287000000000000000e+03 5.575068685770923232e-07
1.288000000000000000e+03 5.567863845687972985e-07
1.289000000000000000e+03 5.574903363934518323e-07
1.290000000000000000e+03 5.605545733848781578e-07
1.291000000000000000e+03 5.584747192900430495e-07
1.292000000000000000e+03 5.563456536755063232e-07
1.293000000000000000e+03 5.578115853044928555e-07
1.294000000000000000e+03 5.559247526450108748e-07
1.295000000000000000e+03 5.572765074179890074e-07
1.296000000000000000e+03 5.573998751957089989e-07
1.297000000000000000e+03 5.573748647755956008e-07
1.298000000000000000e+03 5.561715078294933803e-07
1.299000000000000000e+03 5.576388572793256237e-07
1.300000000000000000e+03 5.578567532414206104e-07
1.301000000000000000e+03 5.603863796685494447e-07
1.302000000000000000e+03 5.554117853650593269e-07
1.303000000000000000e+03 5.566329277336751685e-07
1.304000000000000000e+03 5.575912477914847144e-07
1.305000000000000000e+03 5.626467975513616449e-07
1.306000000000000000e+03 5.553140131039146501e-07
1.307000000000000000e+03 5.572164115941710207e-07
1.308000000000000000e+03 5.554626396846330306e-07
1.309000000000000000e+03 5.570400476663454958e-07
1.310000000000000000e+03 5.562184604993706158e-07
1.311000000000000000e+03 5.606016287297474251e-07
1.312000000000000000e+03 5.559647883422643230e-07
1.313000000000000000e+03 5.553164727739438896e-07
1.314000000000000000e+03 5.548110656952425007e-07
1.315000000000000000e+03 5.538283633466825065e-07
1.316000000000000000e+03 5.564924819339380269e-07
1.317000000000000000e+03 5.568061917826977454e-07
1.318000000000000000e+03 5.553259588862574935e-07
1.319000000000000000e+03 5.535728928672896428e-07
1.320000000000000000e+03 5.554418646079402571e-07
1.321000000000000000e+03 5.543439171304769492e-07
1.322000000000000000e+03 5.556539994460348745e-07
1.323000000000000000e+03 5.567594837208898307e-07
1.324000000000000000e+03 5.569096081485505565e-07
1.325000000000000000e+03 5.542551893281874745e-07
1.326000000000000000e+03 5.584986501128137818e-07
1.327000000000000000e+03 5.603428802002419422e-07
1.328000000000000000e+03 5.568862677069837425e-07
1.329000000000000000e+03 5.559699809789928471e-07
1.330000000000000000e+03 5.556936236883569766e-07
1.331000000000000000e+03 5.550466006169949307e-07
1.332000000000000000e+03 5.609748175974099324e-07
1.333000000000000000e+03 5.534789029716595429e-07
1.334000000000000000e+03 5.548946778670475282e-07
1.335000000000000000e+03 5.575970323193435942e-07
1.336000000000000000e+03 5.559519886965688306e-07
1.337000000000000000e+03 5.545337345021088713e-07
1.338000000000000000e+03 5.604517655193457738e-07
1.339000000000000000e+03 5.599142121085860454e-07
1.340000000000000000e+03 5.541056024343084254e-07
1.341000000000000000e+03 5.521708628314941847e-07
1.342000000000000000e+03 5.521621792450373198e-07
1.343000000000000000e+03 5.526247678322163976e-07
1.344000000000000000e+03 5.573021512522076747e-07
1.345000000000000000e+03 5.523005020883219355e-07
1.346000000000000000e+03 5.522700574432635675e-07
1.347000000000000000e+03 5.547082140418457588e-07
1.348000000000000000e+03 5.536933759307119582e-07
1.349000000000000000e+03 5.532720204123843423e-07
1.350000000000000000e+03 5.533920097298891271e-07
1.351000000000000000e+03 5.539804174602224532e-07
1.352000000000000000e+03 5.515377869498559607e-07
1.353000000000000000e+03 5.510635553205678154e-07
1.354000000000000000e+03 5.531623499315768500e-07
1.355000000000000000e+03 5.544262337854710319e-07
1.356000000000000000e+03 5.527614826039349782e-07
1.357000000000000000e+03 5.574404831550503860e-07
1.358000000000000000e+03 5.525968447641678181e-07
1.359000000000000000e+03 5.507774801439232095e-07
1.360000000000000000e+03 5.529395602981713392e-07
1.361000000000000000e+03 5.549165506601990527e-07
1.362000000000000000e+03 5.579075969915097810e-07
1.363000000000000000e+03 5.537710563568386032e-07
1.364000000000000000e+03 5.513667772208786656e-07
1.365000000000000000e+03 5.515893660340791077e-07
1.366000000000000000e+03 5.540720767845265192e-07
1.367000000000000000e+03 5.516344886732162790e-07
1.368000000000000000e+03 5.522871286706122784e-07
1.369000000000000000e+03 5.549318280950400816e-07
1.370000000000000000e+03 5.505693518954067484e-07
1.371000000000000000e+03 5.564130643375421412e-07
1.372000000000000000e+03 5.501101908410492368e-07
1.373000000000000000e+03 5.503186082404623836e-07
1.374000000000000000e+03 5.507909954947101556e-07
1.375000000000000000e+03 5.502710674542706743e-07
1.376000000000000000e+03 5.504234129835968570e-07
1.377000000000000000e+03 5.535990130832725506e-07
1.378000000000000000e+03 5.571187269087547419e-07
1.379000000000000000e+03 5.515747967546976626e-07
1.380000000000000000e+03 5.515236253505898738e-07
1.381000000000000000e+03 5.510334821173924234e-07
1.382000000000000000e+03 5.509900188873173031e-07
1.383000000000000000e+03 5.510497077859831505e-07
1.384000000000000000e+03 5.495459842103039188e-07
1.385000000000000000e+03 5.515204197769422307e-07
1.386000000000000000e+03 5.528786815775391362e-07
1.387000000000000000e+03 5.515105576929666559e-07
1.388000000000000000e+03 5.496416486142597035e-07
1.389000000000000000e+03 5.530569072445582185e-07
1.390000000000000000e+03 5.520985132003572590e-07
1.391000000000000000e+03 5.500262117571404399e-07
1.392000000000000000e+03 5.500604281982288518e-07
1.393000000000000000e+03 5.501071166309942437e-07
1.394000000000000000e+03 5.490746335204975676e-07
1.395000000000000000e+03 5.516913585393809871e-07
1.396000000000000000e+03 5.614547960063981379e-07
1.397000000000000000e+03 5.556152403915129613e-07
1.398000000000000000e+03 5.499151559189039485e-07
1.399000000000000000e+03 5.483316621790252649e-07
1.400000000000000000e+03 5.479609080676071551e-07
1.401000000000000000e+03 5.486909355654172319e-07
1.402000000000000000e+03 5.516814368133144138e-07
1.403000000000000000e+03 5.483549527930223946e-07
1.404000000000000000e+03 5.534333590630698171e-07
1.405000000000000000e+03 5.504383204864814533e-07
1.406000000000000000e+03 5.486265885439518739e-07
1.407000000000000000e+03 5.492490028356106593e-07
1.408000000000000000e+03 5.498369304093637570e-07
1.409000000000000000e+03 5.537422129886778311e-07
1.410000000000000000e+03 5.496070803603310500e-07
1.411000000000000000e+03 5.518849567666011544e-07
1.412000000000000000e+03 5.484963913693367051e-07
1.413000000000000000e+03 5.506954382955255034e-07
1.414000000000000000e+03 5.496377756531638535e-07
1.415000000000000000e+03 5.485400199363474131e-07
1.416000000000000000e+03 5.487725984223003039e-07
1.417000000000000000e+03 5.508227658551065241e-07
1.418000000000000000e+03 5.485408322767253604e-07
1.419000000000000000e+03 5.532786686181171853e-07
1.420000000000000000e+03 5.486385305514789413e-07
1.421000000000000000e+03 5.487739830247661902e-07
1.422000000000000000e+03 5.490155365129620760e-07
1.423000000000000000e+03 5.487662265330901689e-07
1.424000000000000000e+03 5.521637163500648163e-07
1.425000000000000000e+03 5.551912666608889573e-07
1.426000000000000000e+03 5.510486213939721512e-07
1.427000000000000000e+03 5.520218459348135242e-07
1.428000000000000000e+03 5.480317719312126002e-07
1.429000000000000000e+03 5.476994258164392748e-07
1.430000000000000000e+03 5.482354617512141352e-07
1.431000000000000000e+03 5.492607651619016181e-07
1.432000000000000000e+03 5.478487816915863052e-07
1.433000000000000000e+03 5.525120337108384453e-07
1.434000000000000000e+03 5.475344497531691752e-07
1.435000000000000000e+03 5.485173098890330992e-07
1.436000000000000000e+03 5.483159876335533049e-07
1.437000000000000000e+03 5.496924878345698793e-07
1.438000000000000000e+03 5.481842118309359379e-07
1.439000000000000000e+03 5.491904531763782646e-07
1.440000000000000000e+03 5.479609677096981537e-07
1.441000000000000000e+03 5.532350241968797307e-07
1.442000000000000000e+03 5.479391538036743031e-07
1.443000000000000000e+03 5.488864310151002258e-07
1.444000000000000000e+03 5.461660895651223569e-07
1.445000000000000000e+03 5.468029629115386857e-07
1.446000000000000000e+03 5.461510627780558693e-07
1.447000000000000000e+03 5.472193885203233953e-07
1.448000000000000000e+03 5.464184133579951456e-07
1.449000000000000000e+03 5.472005521890679383e-07
1.450000000000000000e+03 5.470060178075087258e-07
1.451000000000000000e+03 5.452557761057843338e-07
1.452000000000000000e+03 5.470214537846167973e-07
1.453000000000000000e+03 5.464274789558194137e-07
1.454000000000000000e+03 5.461825402127397761e-07
1.455000000000000000e+03 5.450935314992869754e-07
1.456000000000000000e+03 5.464709233118150183e-07
1.457000000000000000e+03 5.450469804698197716e-07
1.458000000000000000e+03 5.456008456149723993e-07
1.459000000000000000e+03 5.481194722286187496e-07
1.460000000000000000e+03 5.464179633999419729e-07
1.461000000000000000e+03 5.451433077314445566e-07
1.462000000000000000e+03 5.482316793856994524e-07
1.463000000000000000e+03 5.512655744070595476e-07
1.464000000000000000e+03 5.459866468974626323e-07
1.465000000000000000e+03 5.464042140105702390e-07
1.466000000000000000e+03 5.458800415671521435e-07
1.467000000000000000e+03 5.464763975498084641e-07
1.468000000000000000e+03 5.448083637883806905e-07
1.469000000000000000e+03 5.502041354388887531e-07
1.470000000000000000e+03 5.465485705195620503e-07
1.471000000000000000e+03 5.454903446746706629e-07
1.472000000000000000e+03 5.447619395927271421e-07
1.473000000000000000e+03 5.442373519195618185e-07
1.474000000000000000e+03 5.469799640282853618e-07
1.475000000000000000e+03 5.453983229680419282e-07
1.476000000000000000e+03 5.497364070624034987e-07
1.477000000000000000e+03 5.455437658690447386e-07
1.478000000000000000e+03 5.459168384723781237e-07
1.479000000000000000e+03 5.457780928497146219e-07
1.480000000000000000e+03 5.434423575755184167e-07
1.481000000000000000e+03 5.452601428127977143e-07
1.482000000000000000e+03 5.452393601864730710e-07
1.483000000000000000e+03 5.443925376203583124e-07
1.484000000000000000e+03 5.441847196617072853e-07
1.485000000000000000e+03 5.459636446793989695e-07
1.486000000000000000e+03 5.474462013524968161e-07
1.487000000000000000e+03 5.444092343859712782e-07
1.488000000000000000e+03 5.474215736987139340e-07
1.489000000000000000e+03 5.457165180530336997e-07
1.490000000000000000e+03 5.451463577826779263e-07
1.491000000000000000e+03 5.499355686132719474e-07
1.492000000000000000e+03 5.443262594030872960e-07
1.493000000000000000e+03 5.487471991961509574e-07
1.494000000000000000e+03 5.457492019188737158e-07
1.495000000000000000e+03 5.457986806955396287e-07
1.496000000000000000e+03 5.460410163255865121e-07
1.497000000000000000e+03 5.441531493665526610e-07
1.498000000000000000e+03 5.444927370881157286e-07
1.499000000000000000e+03 5.464271513018007956e-07
1.500000000000000000e+03 5.447925284357521376e-07
1.501000000000000000e+03 5.441340518180382355e-07
1.502000000000000000e+03 5.430314522574809552e-07
1.503000000000000000e+03 5.427089274586716158e-07
1.504000000000000000e+03 5.444793734849272799e-07
1.505000000000000000e+03 5.450029857456684070e-07
1.506000000000000000e+03 5.449926669089711144e-07
1.507000000000000000e+03 5.431351872177941831e-07
1.508000000000000000e+03 5.455950142793966043e-07
1.509000000000000000e+03 5.439493100638422848e-07
1.510000000000000000e+03 5.439746405883424313e-07
1.511000000000000000e+03 5.470091675138813582e-07
1.512000000000000000e+03 5.451663522274461398e-07
1.513000000000000000e+03 5.436120581983475707e-07
1.514000000000000000e+03 5.464703004671943881e-07
1.515000000000000000e+03 5.448775969315248087e-07
1.516000000000000000e+03 5.489434058211464102e-07
1.517000000000000000e+03 5.434941450295783965e-07
1.518000000000000000e+03 5.426471420272643105e-07
1.519000000000000000e+03 5.419519877885064253e-07
1.520000000000000000e+03 5.430654437195427807e-07
1.521000000000000000e+03 5.413402169677107816e-07
1.522000000000000000e+03 5.459096678321270260e-07
1.523000000000000000e+03 5.490885112536092882e-07
1.524000000000000000e+03 5.444895171701675646e-07
1.525000000000000000e+03 5.424594634663115551e-07
1.526000000000000000e+03 5.431809032579881477e-07
1.527000000000000000e+03 5.415766835140231561e-07
1.528000000000000000e+03 5.422300648852583524e-07
1.529000000000000000e+03 5.416157860767903282e-07
1.530000000000000000e+03 5.414279693575761657e-07
1.531000000000000000e+03 5.438234765763876215e-07
1.532000000000000000e+03 5.433783004599128573e-07
1.533000000000000000e+03 5.417374227239464053e-07
1.534000000000000000e+03 5.425567812396239585e-07
1.535000000000000000e+03 5.422579834235279371e-07
1.536000000000000000e+03 5.428716446721174387e-07
1.537000000000000000e+03 5.411811915241983684e-07
1.538000000000000000e+03 5.426830201423044297e-07
1.539000000000000000e+03 5.432812514534913980e-07
1.540000000000000000e+03 5.411131421633151736e-07
1.541000000000000000e+03 5.433995753222286995e-07
1.542000000000000000e+03 5.444581801586346152e-07
1.543000000000000000e+03 5.413315764141550557e-07
1.544000000000000000e+03 5.424501200420383531e-07
1.545000000000000000e+03 5.473857114379005615e-07
1.546000000000000000e+03 5.428844843308614070e-07
1.547000000000000000e+03 5.421259856617365410e-07
1.548000000000000000e+03 5.432267944496391202e-07
1.549000000000000000e+03 5.407203423721781876e-07
1.550000000000000000e+03 5.422344391419033910e-07
1.551000000000000000e+03 5.406367528492683460e-07
1.552000000000000000e+03 5.443778543415371896e-07
1.553000000000000000e+03 5.450197398884828210e-07
1.554000000000000000e+03 5.410135021232715071e-07
1.555000000000000000e+03 5.424612859474197494e-07
1.556000000000000000e+03 5.436549854045673459e-07
1.557000000000000000e+03 5.404479410885875703e-07
1.558000000000000000e+03 5.419280811245572105e-07
1.559000000000000000e+03 5.399923223214545214e-07
1.560000000000000000e+03 5.404526550786619858e-07
1.561000000000000000e+03 5.410941080317075228e-07
1.562000000000000000e+03 5.406675583667250512e-07
1.563000000000000000e+03 5.407586295747146433e-07
1.564000000000000000e+03 5.411008090848628193e-07
1.565000000000000000e+03 5.410453087219004696e-07
1.566000000000000000e+03 5.434173547050368884e-07
1.567000000000000000e+03 5.418687591379951327e-07
1.568000000000000000e+03 5.420836790352480575e-07
1.569000000000000000e+03 5.436322836618479088e-07
1.570000000000000000e+03 5.406823163869007004e-07
1.571000000000000000e+03 5.421095010407761841e-07
1.572000000000000000e+03 5.404420991835272422e-07
1.573000000000000000e+03 5.404716303231419627e-07
1.574000000000000000e+03 5.407820772210524839e-07
1.575000000000000000e+03 5.399507495191735767e-07
1.576000000000000000e+03 5.404509277229140594e-07
1.577000000000000000e+03 5.417757688136106409e-07
1.578000000000000000e+03 5.407417697370555342e-07
1.579000000000000000e+03 5.401884194767892914e-07
1.580000000000000000e+03 5.411881666289867168e-07
1.581000000000000000e+03 5.484082335642455131e-07
1.582000000000000000e+03 5.398584197875687466e-07
1.583000000000000000e+03 5.403403769550426386e-07
1.584000000000000000e+03 5.392488768631073168e-07
1.585000000000000000e+03 5.395377272843889158e-07
1.586000000000000000e+03 5.426609133105681174e-07
1.587000000000000000e+03 5.416239834669615324e-07
1.588000000000000000e+03 5.400163354352116500e-07
1.589000000000000000e+03 5.410149244738962130e-07
1.590000000000000000e+03 5.395668092209134706e-07
1.591000000000000000e+03 5.418518811812197266e-07
1.592000000000000000e+03 5.398919152388235971e-07
1.593000000000000000e+03 5.390567281651860362e-07
1.594000000000000000e+03 5.389311959080388173e-07
1.595000000000000000e+03 5.395399272470854126e-07
1.596000000000000000e+03 5.410074684575645234e-07
1.597000000000000000e+03 5.386159142259455517e-07
1.598000000000000000e+03 5.390279021611782363e-07
1.599000000000000000e+03 5.398017907546573714e-07
1.600000000000000000e+03 5.388795473672034632e-07
1.601000000000000000e+03 5.388874427721038985e-07
1.602000000000000000e+03 5.396813877173319020e-07
1.603000000000000000e+03 5.391514398056130221e-07
1.604000000000000000e+03 5.431808292715968400e-07
1.605000000000000000e+03 5.414677755460239269e-07
1.606000000000000000e+03 5.408363047160991806e-07
1.607000000000000000e+03 5.395077552462792241e-07
1.608000000000000000e+03 5.430798287879091223e-07
1.609000000000000000e+03 5.410030783466927382e-07
1.610000000000000000e+03 5.418996990388971511e-07
1.611000000000000000e+03 5.408077203003078266e-07
1.612000000000000000e+03 5.380205102518549170e-07
1.613000000000000000e+03 5.394509291679787679e-07
1.614000000000000000e+03 5.388075842772128297e-07
1.615000000000000000e+03 5.389891710402939344e-07
1.616000000000000000e+03 5.382895587439782827e-07
1.617000000000000000e+03 5.406793931694809860e-07
1.618000000000000000e+03 5.383942857259055665e-07
1.619000000000000000e+03 5.391024389206377872e-07
1.620000000000000000e+03 5.406448430346685236e-07
1.621000000000000000e+03 5.379080199835829609e-07
1.622000000000000000e+03 5.375209820714093512e-07
1.623000000000000000e+03 5.418794403570170940e-07
1.624000000000000000e+03 5.387226509198487965e-07
1.625000000000000000e+03 5.395873562987271004e-07
1.626000000000000000e+03 5.392161446796239480e-07
1.627000000000000000e+03 5.381301029714551137e-07
1.628000000000000000e+03 5.388010629052936418e-07
1.629000000000000000e+03 5.384207758738450129e-07
1.630000000000000000e+03 5.413216675224625658e-07
1.631000000000000000e+03 5.404447989318467019e-07
1.632000000000000000e+03 5.367845502209725334e-07
1.633000000000000000e+03 5.375876611741271807e-07
1.634000000000000000e+03 5.380565499290147419e-07
1.635000000000000000e+03 5.369820410383311793e-07
1.636000000000000000e+03 5.372800219842702586e-07
1.637000000000000000e+03 5.380072002510520346e-07
1.638000000000000000e+03 5.395367835804182126e-07
1.639000000000000000e+03 5.390817023470669462e-07
1.640000000000000000e+03 5.368140405925756651e-07
1.641000000000000000e+03 5.368486677336322043e-07
1.642000000000000000e+03 5.364301357775849342e-07
1.643000000000000000e+03 5.368244968325711460e-07
1.644000000000000000e+03 5.384918511271399539e-07
1.645000000000000000e+03 5.374974543989747705e-07
1.646000000000000000e+03 5.366509451425783210e-07
1.647000000000000000e+03 5.391350676741659054e-07
1.648000000000000000e+03 5.389427317453767522e-07
1.649000000000000000e+03 5.384428147588954498e-07
1.650000000000000000e+03 5.369181047168339486e-07
1.651000000000000000e+03 5.368675033099244425e-07
1.652000000000000000e+03 5.368085942882199364e-07
1.653000000000000000e+03 5.402840446226598189e-07
1.654000000000000000e+03 5.369045033002448302e-07
1.655000000000000000e+03 5.369833214558787021e-07
1.656000000000000000e+03 5.385250785664670790e-07
1.657000000000000000e+03 5.362412024678326109e-07
1.658000000000000000e+03 5.365238478467661002e-07
1.659000000000000000e+03 5.391541863616492911e-07
1.660000000000000000e+03 5.389513609744849380e-07
1.661000000000000000e+03 5.381959402902310530e-07
1.662000000000000000e+03 5.362470798561623142e-07
1.663000000000000000e+03 5.361644838647928602e-07
1.664000000000000000e+03 5.355944398587664207e-07
1.665000000000000000e+03 5.366372803090824279e-07
1.666000000000000000e+03 5.377136562237015498e-07
1.667000000000000000e+03 5.360912826351928359e-07
1.668000000000000000e+03 5.367466691886249984e-07
1.669000000000000000e+03 5.372360680281303769e-07
1.670000000000000000e+03 5.361548716736288198e-07
1.671000000000000000e+03 5.362277694080319552e-07
1.672000000000000000e+03 5.359250850415028875e-07
1.673000000000000000e+03 5.376745513960448273e-07
1.674000000000000000e+03 5.396736757684832456e-07
1.675000000000000000e+03 5.358057933099732594e-07
1.676000000000000000e+03 5.354726280601533356e-07
1.677000000000000000e+03 5.357580267897916391e-07
1.678000000000000000e+03 5.361058292656788833e-07
1.679000000000000000e+03 5.364695508951071965e-07
1.680000000000000000e+03 5.366179811853997148e-07
1.681000000000000000e+03 5.363971831448539739e-07
1.682000000000000000e+03 5.382432100446423736e-07
1.683000000000000000e+03 5.390397233745969749e-07
1.684000000000000000e+03 5.362936512696352593e-07
1.685000000000000000e+03 5.404001458798053318e-07
1.686000000000000000e+03 5.356493000129549560e-07
1.687000000000000000e+03 5.356083040025409451e-07
1.688000000000000000e+03 5.352657017130138830e-07
1.689000000000000000e+03 5.353954398700176778e-07
1.690000000000000000e+03 5.347387102370944365e-07
1.691000000000000000e+03 5.367665503889167530e-07
1.692000000000000000e+03 5.380004320061740815e-07
1.693000000000000000e+03 5.374910145630787602e-07
1.694000000000000000e+03 5.373635737590211746e-07
1.695000000000000000e+03 5.356582266975547043e-07
1.696000000000000000e+03 5.359931872498084299e-07
1.697000000000000000e+03 5.372488857929421662e-07
1.698000000000000000e+03 5.382601529282509917e-07
1.699000000000000000e+03 5.362872325727081033e-07
1.700000000000000000e+03 5.395886752193965558e-07
1.701000000000000000e+03 5.357050525336181787e-07
1.702000000000000000e+03 5.353471758291028568e-07
1.703000000000000000e+03 5.356321381900251838e-07
1.704000000000000000e+03 5.355143797887071702e-07
1.705000000000000000e+03 5.383404508117108061e-07
1.706000000000000000e+03 5.358596508730633116e-07
1.707000000000000000e+03 5.349943921061766903e-07
1.708000000000000000e+03 5.352879821862808716e-07
1.709000000000000000e+03 5.347308042627093624e-07
1.710000000000000000e+03 5.361509458651106223e-07
1.711000000000000000e+03 5.354234875069904680e-07
1.712000000000000000e+03 5.348727086513035921e-07
1.713000000000000000e+03 5.345458533837134661e-07
1.714000000000000000e+03 5.354883584729003064e-07
1.715000000000000000e+03 5.338770466048546255e-07
1.716000000000000000e+03 5.341329134399150956e-07
1.717000000000000000e+03 5.342639161602396666e-07
1.718000000000000000e+03 5.353359057388030970e-07
1.719000000000000000e+03 5.385272324764098793e-07
1.720000000000000000e+03 5.354571966128243648e-07
1.721000000000000000e+03 5.343298025516220714e-07
1.722000000000000000e+03 5.346157886426118417e-07
1.723000000000000000e+03 5.341576445236531223e-07
1.724000000000000000e+03 5.347976773909635037e-07
1.725000000000000000e+03 5.350756744616187966e-07
1.726000000000000000e+03 5.360763660727500382e-07
1.727000000000000000e+03 5.364314569631438340e-07
1.728000000000000000e+03 5.339381306754707862e-07
1.729000000000000000e+03 5.345988185803288310e-07
1.730000000000000000e+03 5.346951684908490137e-07
1.731000000000000000e+03 5.334769659488426400e-07
1.732000000000000000e+03 5.339236738856026872e-07
1.733000000000000000e+03 5.345388027826074784e-07
1.734000000000000000e+03 5.346396484988441413e-07
1.735000000000000000e+03 5.334526576444834994e-07
1.736000000000000000e+03 5.341252301796671633e-07
1.737000000000000000e+03 5.374939090918976446e-07
1.738000000000000000e+03 5.348349144397213424e-07
1.739000000000000000e+03 5.333880622401331504e-07
1.740000000000000000e+03 5.349313541908595793e-07
1.741000000000000000e+03 5.346290118226494389e-07
1.742000000000000000e+03 5.348656935334669796e-07
1.743000000000000000e+03 5.376673392328191338e-07
1.744000000000000000e+03 5.331021750493195299e-07
1.745000000000000000e+03 5.367606178882753636e-07
1.746000000000000000e+03 5.335645326177665891e-07
1.747000000000000000e+03 5.341869431346093867e-07
1.748000000000000000e+03 5.353981282938894915e-07
1.749000000000000000e+03 5.345474305017893327e-07
1.750000000000000000e+03 5.343734054498848244e-07
1.751000000000000000e+03 5.339090955466631466e-07
1.752000000000000000e+03 5.337516985587225100e-07
1.753000000000000000e+03 5.334509906857896844e-07
1.754000000000000000e+03 5.340577379816082737e-07
1.755000000000000000e+03 5.332400177360238114e-07
1.756000000000000000e+03 5.327261233612914197e-07
1.757000000000000000e+03 5.347538472487846140e-07
1.758000000000000000e+03 5.346744372020203863e-07
1.759000000000000000e+03 5.325750340906910305e-07
1.760000000000000000e+03 5.338197433898266041e-07
1.761000000000000000e+03 5.325125903313938256e-07
1.762000000000000000e+03 5.329629583296337894e-07
1.763000000000000000e+03 5.333101190868209935e-07
1.764000000000000000e+03 5.353759293566456805e-07
1.765000000000000000e+03 5.336641243401667970e-07
1.766000000000000000e+03 5.328226280392627630e-07
1.767000000000000000e+03 5.331478065336376538e-07
1.768000000000000000e+03 5.321274677607993395e-07
1.769000000000000000e+03 5.338709918001784698e-07
1.770000000000000000e+03 5.326433363642384229e-07
1.771000000000000000e+03 5.324455631906517425e-07
1.772000000000000000e+03 5.326408125223390841e-07
1.773000000000000000e+03 5.338839424385093467e-07
1.774000000000000000e+03 5.329040289239235418e-07
1.775000000000000000e+03 5.328728444149522026e-07
1.776000000000000000e+03 5.329274554312924223e-07
1.777000000000000000e+03 5.344238913474283212e-07
1.778000000000000000e+03 5.343556154975921025e-07
1.779000000000000000e+03 5.325890748958488945e-07
1.780000000000000000e+03 5.319395106184343256e-07
1.781000000000000000e+03 5.317560251229641685e-07
1.782000000000000000e+03 5.326217738609524384e-07
1.783000000000000000e+03 5.327377120460518080e-07
1.784000000000000000e+03 5.322994408227899664e-07
1.785000000000000000e+03 5.345369040502184260e-07
1.786000000000000000e+03 5.318860365766379023e-07
1.787000000000000000e+03 5.327726532517897691e-07
1.788000000000000000e+03 5.347082316186931308e-07
1.789000000000000000e+03 5.333427123570798424e-07
1.790000000000000000e+03 5.331794953580109507e-07
1.791000000000000000e+03 5.333448277639004984e-07
1.792000000000000000e+03 5.325905667030857015e-07
1.793000000000000000e+03 5.326155469246720439e-07
1.794000000000000000e+03 5.329916288112272098e-07
1.795000000000000000e+03 5.339828146810023248e-07
1.796000000000000000e+03 5.319638536510996227e-07
1.797000000000000000e+03 5.340898020226803228e-07
1.798000000000000000e+03 5.346374319269576792e-07
1.799000000000000000e+03 5.337081945606359068e-07
1.800000000000000000e+03 5.327919078326450114e-07
1.801000000000000000e+03 5.326318178910534604e-07
1.802000000000000000e+03 5.331503703885853627e-07
1.803000000000000000e+03 5.324688711688018445e-07
1.804000000000000000e+03 5.326501831252867845e-07
1.805000000000000000e+03 5.342783903142609496e-07
1.806000000000000000e+03 5.332598604331936334e-07
1.807000000000000000e+03 5.316409136225432671e-07
1.808000000000000000e+03 5.326866161382615526e-07
1.809000000000000000e+03 5.312077519900604404e-07
1.810000000000000000e+03 5.312663363775989916e-07
1.811000000000000000e+03 5.368364214759450293e-07
1.812000000000000000e+03 5.334552766117430002e-07
1.813000000000000000e+03 5.313704178660102474e-07
1.814000000000000000e+03 5.312151340200008224e-07
1.815000000000000000e+03 5.319559371072301215e-07
1.816000000000000000e+03 5.331184460157008405e-07
1.817000000000000000e+03 5.317583934424490222e-07
1.818000000000000000e+03 5.320649115119887886e-07
1.819000000000000000e+03 5.307770379481959887e-07
1.820000000000000000e+03 5.317058872634450314e-07
1.821000000000000000e+03 5.340994210085130142e-07
1.822000000000000000e+03 5.331113078388664547e-07
1.823000000000000000e+03 5.327897999754560134e-07
1.824000000000000000e+03 5.319352269573705601e-07
1.825000000000000000e+03 5.308174488621481890e-07
1.826000000000000000e+03 5.311672421759320903e-07
1.827000000000000000e+03 5.317885557312793556e-07
1.828000000000000000e+03 5.313283769865599389e-07
1.829000000000000000e+03 5.332621985541514314e-07
1.830000000000000000e+03 5.307132246856965313e-07
1.831000000000000000e+03 5.324695657349243380e-07
1.832000000000000000e+03 5.333861355741064868e-07
1.833000000000000000e+03 5.348445462599281172e-07
1.834000000000000000e+03 5.318767248608180876e-07
1.835000000000000000e+03 5.312606582995480255e-07
1.836000000000000000e+03 5.316006151981043070e-07
1.837000000000000000e+03 5.314181730617441159e-07
1.838000000000000000e+03 5.309982315894462232e-07
1.839000000000000000e+03 5.333379847776681247e-07
1.840000000000000000e+03 5.317891929202004008e-07
1.841000000000000000e+03 5.309714938135848987e-07
1.842000000000000000e+03 5.311908453446843103e-07
1.843000000000000000e+03 5.301880911741546543e-07
1.844000000000000000e+03 5.349934317930160217e-07
1.845000000000000000e+03 5.307344625548165609e-07
1.846000000000000000e+03 5.312676537883421153e-07
1.847000000000000000e+03 5.324138751212415584e-07
1.848000000000000000e+03 5.321081799615642724e-07
1.849000000000000000e+03 5.304525336359377440e-07
1.850000000000000000e+03 5.327979513128733095e-07
1.851000000000000000e+03 5.320291096482295275e-07
1.852000000000000000e+03 5.327509359810526240e-07
1.853000000000000000e+03 5.343041307837660046e-07
1.854000000000000000e+03 5.320002247570940537e-07
1.855000000000000000e+03 5.327267152524218814e-07
1.856000000000000000e+03 5.311089446744005685e-07
1.857000000000000000e+03 5.301407647975051042e-07
1.858000000000000000e+03 5.301135868781117095e-07
1.859000000000000000e+03 5.301017279165341513e-07
1.860000000000000000e+03 5.303825847877022781e-07
1.861000000000000000e+03 5.326727542593766844e-07
1.862000000000000000e+03 5.312598859722184482e-07
1.863000000000000000e+03 5.302459243733324825e-07
1.864000000000000000e+03 5.301088396696573633e-07
1.865000000000000000e+03 5.304757683826597571e-07
1.866000000000000000e+03 5.307663061466410184e-07
1.867000000000000000e+03 5.308249758450186290e-07
1.868000000000000000e+03 5.311272094985313053e-07
1.869000000000000000e+03 5.299108203780751363e-07
1.870000000000000000e+03 5.296452937891704919e-07
1.871000000000000000e+03 5.321497225653181613e-07
1.872000000000000000e+03 5.325260943577331258e-07
1.873000000000000000e+03 5.308802550037702743e-07
1.874000000000000000e+03 5.294995345585966032e-07
1.875000000000000000e+03 5.294944196830753747e-07
1.876000000000000000e+03 5.297607080298251693e-07
1.877000000000000000e+03 5.305138970429292761e-07
1.878000000000000000e+03 5.314142004455090032e-07
1.879000000000000000e+03 5.295159406633866576e-07
1.880000000000000000e+03 5.296228857271266293e-07
1.881000000000000000e+03 5.315140375309416448e-07
1.882000000000000000e+03 5.324806138660501747e-07
1.883000000000000000e+03 5.307060442309242252e-07
1.884000000000000000e+03 5.297274519018974260e-07
1.885000000000000000e+03 5.298727792935342272e-07
1.886000000000000000e+03 5.305466896234667563e-07
1.887000000000000000e+03 5.294587559775774148e-07
1.888000000000000000e+03 5.297148878047128413e-07
1.889000000000000000e+03 5.296859198676279642e-07
1.890000000000000000e+03 5.291164254747939601e-07
1.891000000000000000e+03 5.293964669857313705e-07
1.892000000000000000e+03 5.288614804497721202e-07
1.893000000000000000e+03 5.311862914068032690e-07
1.894000000000000000e+03 5.292492257624420950e-07
1.895000000000000000e+03 5.297639528615580696e-07
1.896000000000000000e+03 5.318015184490210971e-07
1.897000000000000000e+03 5.300024215702146411e-07
1.898000000000000000e+03 5.304633009207619836e-07
1.899000000000000000e+03 5.292020315043483078e-07
1.900000000000000000e+03 5.298503010199150447e-07
1.901000000000000000e+03 5.287137605798287361e-07
1.902000000000000000e+03 5.303553985637140066e-07
1.903000000000000000e+03 5.292466573777152854e-07
1.904000000000000000e+03 5.293114437877493889e-07
1.905000000000000000e+03 5.290836819668630513e-07
1.906000000000000000e+03 5.295923625658979588e-07
1.907000000000000000e+03 5.295773788117326103e-07
1.908000000000000000e+03 5.291581704086791436e-07
1.909000000000000000e+03 5.293421360607296350e-07
1.910000000000000000e+03 5.309568097798005571e-07
1.911000000000000000e+03 5.287748710741560706e-07
1.912000000000000000e+03 5.286907576068017487e-07
1.913000000000000000e+03 5.291653274595930451e-07
1.914000000000000000e+03 5.298764665336885362e-07
1.915000000000000000e+03 5.288201145074014648e-07
1.916000000000000000e+03 5.293780473941494731e-07
1.917000000000000000e+03 5.286366811043905424e-07
1.918000000000000000e+03 5.298228263999934122e-07
1.919000000000000000e+03 5.309094834031510070e-07
1.920000000000000000e+03 5.293620920023758102e-07
1.921000000000000000e+03 5.290629665322611705e-07
1.922000000000000000e+03 5.299354744555691921e-07
1.923000000000000000e+03 5.285103017785592198e-07
1.924000000000000000e+03 5.285670576452842501e-07
1.925000000000000000e+03 5.293923848998356808e-07
1.926000000000000000e+03 5.292809931029856945e-07
1.927000000000000000e+03 5.294966415397040504e-07
1.928000000000000000e+03 5.293301404508171073e-07
1.929000000000000000e+03 5.279573742976718630e-07
1.930000000000000000e+03 5.286985140984778758e-07
1.931000000000000000e+03 5.281181859840601942e-07
1.932000000000000000e+03 5.283019364716052018e-07
1.933000000000000000e+03 5.282557885924743614e-07
1.934000000000000000e+03 5.291902004764082550e-07
1.935000000000000000e+03 5.291979992460223024e-07
1.936000000000000000e+03 5.333854704515479361e-07
1.937000000000000000e+03 5.320519578538052484e-07
1.938000000000000000e+03 5.291317859555844982e-07
1.939000000000000000e+03 5.284601208861391553e-07
1.940000000000000000e+03 5.287690925860026231e-07
1.941000000000000000e+03 5.295805436173688764e-07
1.942000000000000000e+03 5.289818502687178707e-07
1.943000000000000000e+03 5.282797262099138507e-07
1.944000000000000000e+03 5.279237980653571596e-07
1.945000000000000000e+03 5.279496464945964600e-07
1.946000000000000000e+03 5.285768812261376806e-07
1.947000000000000000e+03 5.282697750402834404e-07
1.948000000000000000e+03 5.284833888512408873e-07
1.949000000000000000e+03 5.283106049587986448e-07
1.950000000000000000e+03 5.282128832801866592e-07
1.951000000000000000e+03 5.290266731874739293e-07
1.952000000000000000e+03 5.281486291191920188e-07
1.953000000000000000e+03 5.287569965659876138e-07
1.954000000000000000e+03 5.277399101745139637e-07
1.955000000000000000e+03 5.283285187250522528e-07
1.956000000000000000e+03 5.282637821425878336e-07
1.957000000000000000e+03 5.280787587871269613e-07
1.958000000000000000e+03 5.280879625432125306e-07
1.959000000000000000e+03 5.284417209235996747e-07
1.960000000000000000e+03 5.276113369256914708e-07
1.961000000000000000e+03 5.281142843343636201e-07
1.962000000000000000e+03 5.284220254442493552e-07
1.963000000000000000e+03 5.278429196152145295e-07
1.964000000000000000e+03 5.288419797509213313e-07
1.965000000000000000e+03 5.295686136892526737e-07
1.966000000000000000e+03 5.288179870211698383e-07
1.967000000000000000e+03 5.285717172780099865e-07
1.968000000000000000e+03 5.274625608622641432e-07
1.969000000000000000e+03 5.286823548666465866e-07
1.970000000000000000e+03 5.276161271670468502e-07
1.971000000000000000e+03 5.278102561333802549e-07
1.972000000000000000e+03 5.277427292070152088e-07
1.973000000000000000e+03 5.282108562040577259e-07
1.974000000000000000e+03 5.277579115164959699e-07
1.975000000000000000e+03 5.273873182122345588e-07
1.976000000000000000e+03 5.277424257118182141e-07
1.977000000000000000e+03 5.279410036761511838e-07
1.978000000000000000e+03 5.283985249504890611e-07
1.979000000000000000e+03 5.280041223725282536e-07
1.980000000000000000e+03 5.272612393617475677e-07
1.981000000000000000e+03 5.276467779170522888e-07
1.982000000000000000e+03 5.271406551332595521e-07
1.983000000000000000e+03 5.273773089104395874e-07
1.984000000000000000e+03 5.274456179786555250e-07
1.985000000000000000e+03 5.284896414562692368e-07
1.986000000000000000e+03 5.281661306755512738e-07
1.987000000000000000e+03 5.276435376150984893e-07
1.988000000000000000e+03 5.267415574393036330e-07
1.989000000000000000e+03 5.270347700378194059e-07
1.990000000000000000e+03 5.270092341633351958e-07
1.991000000000000000e+03 5.273173587945145598e-07
1.992000000000000000e+03 5.271922538465253277e-07
1.993000000000000000e+03 5.284938216873778577e-07
1.994000000000000000e+03 5.271828832435778390e-07
1.995000000000000000e+03 5.278858543710659628e-07
1.996000000000000000e+03 5.285451810773167378e-07
1.997000000000000000e+03 5.270749937209038395e-07
1.998000000000000000e+03 5.274349488390443224e-07
1.999000000000000000e+03 5.269390686406680203e-07
2.000000000000000000e+03 5.277167471492936021e-07
2.001000000000000000e+03 5.280660225583382436e-07
2.002000000000000000e+03 5.275651210998746491e-07
2.003000000000000000e+03 5.283511812096865387e-07
2.004000000000000000e+03 5.276138924760441970e-07
2.005000000000000000e+03 5.270788848011158806e-07
2.006000000000000000e+03 5.273446152300782571e-07
2.007000000000000000e+03 5.270173107593980712e-07
2.008000000000000000e+03 5.266010112294640099e-07
2.009000000000000000e+03 5.267620003321986876e-07
2.010000000000000000e+03 5.266764282759873834e-07
2.011000000000000000e+03 5.268019582682449461e-07
2.012000000000000000e+03 5.269020278823360439e-07
2.013000000000000000e+03 5.270663954452858222e-07
2.014000000000000000e+03 5.277554375021664212e-07
2.015000000000000000e+03 5.274129922449801759e-07
2.016000000000000000e+03 5.268840854274816058e-07
2.017000000000000000e+03 5.268578972648128226e-07
2.018000000000000000e+03 5.269035204445360697e-07
2.019000000000000000e+03 5.265974938560242834e-07
2.020000000000000000e+03 5.272400490553075662e-07
2.021000000000000000e+03 5.278254686413880717e-07
2.022000000000000000e+03 5.276366553707808584e-07
2.023000000000000000e+03 5.269991538950016858e-07
2.024000000000000000e+03 5.264339341036733516e-07
2.025000000000000000e+03 5.277163372042886936e-07
2.026000000000000000e+03 5.284583527623795342e-07
2.027000000000000000e+03 5.281660559341968533e-07
2.028000000000000000e+03 5.264181599030621289e-07
2.029000000000000000e+03 5.267161514184857413e-07
2.030000000000000000e+03 5.266071211464519576e-07
2.031000000000000000e+03 5.261932525979464116e-07
2.032000000000000000e+03 5.273548668750528930e-07
2.033000000000000000e+03 5.271332534742764357e-07
2.034000000000000000e+03 5.261290316553314902e-07
2.035000000000000000e+03 5.265213210913611921e-07
2.036000000000000000e+03 5.269068520970342551e-07
2.037000000000000000e+03 5.274900400119648764e-07
2.038000000000000000e+03 5.261040922017567366e-07
2.039000000000000000e+03 5.261642401180340639e-07
2.040000000000000000e+03 5.263812656075864363e-07
2.041000000000000000e+03 5.269433772155166279e-07
2.042000000000000000e+03 5.264478035321900896e-07
2.043000000000000000e+03 5.278650506057724652e-07
2.044000000000000000e+03 5.264970059923335062e-07
2.045000000000000000e+03 5.266745786162046907e-07
2.046000000000000000e+03 5.269193044596686067e-07
2.047000000000000000e+03 5.263032273289140115e-07
2.048000000000000000e+03 5.258201022334058369e-07
2.049000000000000000e+03 5.256174716267410145e-07
2.050000000000000000e+03 5.266320915535169856e-07
2.051000000000000000e+03 5.258370738056151792e-07
2.052000000000000000e+03 5.269090460200254255e-07
2.053000000000000000e+03 5.261691005709647632e-07
2.054000000000000000e+03 5.266407683453053054e-07
2.055000000000000000e+03 5.269163178253421176e-07
2.056000000000000000e+03 5.256671595282069789e-07
2.057000000000000000e+03 5.259950853335814634e-07
2.058000000000000000e+03 5.257980814674716970e-07
2.059000000000000000e+03 5.279188704207036978e-07
2.060000000000000000e+03 5.264049510673249467e-07
2.061000000000000000e+03 5.269961212079213943e-07
2.062000000000000000e+03 5.258374482673507126e-07
2.063000000000000000e+03 5.255113290888577817e-07
2.064000000000000000e+03 5.259262757247795559e-07
2.065000000000000000e+03 5.263505423811159157e-07
2.066000000000000000e+03 5.256246505715870949e-07
2.067000000000000000e+03 5.253907327809590073e-07
2.068000000000000000e+03 5.259152072096477660e-07
2.069000000000000000e+03 5.263026346828204370e-07
2.070000000000000000e+03 5.262265162755060247e-07
2.071000000000000000e+03 5.253832729898112239e-07
2.072000000000000000e+03 5.259648641576234560e-07
2.073000000000000000e+03 5.258860980944488187e-07
2.074000000000000000e+03 5.277300080774900190e-07
2.075000000000000000e+03 5.254324588407647810e-07
2.076000000000000000e+03 5.255362013507097728e-07
2.077000000000000000e+03 5.255413592591321404e-07
2.078000000000000000e+03 5.253785091721671241e-07
2.079000000000000000e+03 5.255570670229838194e-07
2.080000000000000000e+03 5.253446951264518568e-07
2.081000000000000000e+03 5.251125733932206839e-07
2.082000000000000000e+03 5.257087700786467433e-07
2.083000000000000000e+03 5.272480312809733925e-07
2.084000000000000000e+03 5.278437568693773190e-07
2.085000000000000000e+03 5.266860374472986547e-07
2.086000000000000000e+03 5.261167159410321082e-07
2.087000000000000000e+03 5.250446629455620090e-07
2.088000000000000000e+03 5.256990499277484575e-07
2.089000000000000000e+03 5.257915608505157279e-07
2.090000000000000000e+03 5.250125166135036696e-07
2.091000000000000000e+03 5.252921640336629180e-07
2.092000000000000000e+03 5.250185699082533878e-07
2.093000000000000000e+03 5.265086935772699385e-07
2.094000000000000000e+03 5.263724113994515582e-07
2.095000000000000000e+03 5.251867213466442864e-07
2.096000000000000000e+03 5.250463812417518399e-07
2.097000000000000000e+03 5.269132541847715517e-07
2.098000000000000000e+03 5.257565426385336900e-07
2.099000000000000000e+03 5.250700833106802098e-07
2.100000000000000000e+03 5.258503581376701066e-07
2.101000000000000000e+03 5.250507917366293665e-07
2.102000000000000000e+03 5.250304515187262378e-07
2.103000000000000000e+03 5.257776174356075763e-07
2.104000000000000000e+03 5.247718358627398424e-07
2.105000000000000000e+03 5.252374767660418403e-07
2.106000000000000000e+03 5.246565242970770909e-07
2.107000000000000000e+03 5.250044052891345318e-07
2.108000000000000000e+03 5.270384157549990133e-07
2.109000000000000000e+03 5.248827467480463816e-07
2.110000000000000000e+03 5.249296956431077351e-07
2.111000000000000000e+03 5.251260819493389789e-07
2.112000000000000000e+03 5.248436041722308395e-07
2.113000000000000000e+03 5.248718148812496671e-07
2.114000000000000000e+03 5.249437115344806511e-07
2.115000000000000000e+03 5.245731401241513131e-07
2.116000000000000000e+03 5.264887474501450776e-07
2.117000000000000000e+03 5.246113639097809941e-07
2.118000000000000000e+03 5.255771618778545144e-07
2.119000000000000000e+03 5.255779387349632982e-07
2.120000000000000000e+03 5.249602852410959494e-07
2.121000000000000000e+03 5.245789042680044515e-07
2.122000000000000000e+03 5.246197651400099304e-07
2.123000000000000000e+03 5.247207739282926306e-07
2.124000000000000000e+03 5.244541337687023827e-07
2.125000000000000000e+03 5.245704630247272511e-07
2.126000000000000000e+03 5.252239802893343040e-07
2.127000000000000000e+03 5.243677372927022666e-07
2.128000000000000000e+03 5.248283206976843783e-07
2.129000000000000000e+03 5.251635349175655202e-07
2.130000000000000000e+03 5.252387722828528910e-07
2.131000000000000000e+03 5.256632390044311009e-07
2.132000000000000000e+03 5.243524515532662550e-07
2.133000000000000000e+03 5.247009870983979252e-07
2.134000000000000000e+03 5.262600947727101726e-07
2.135000000000000000e+03 5.253271112791063114e-07
2.136000000000000000e+03 5.255558590819012726e-07
2.137000000000000000e+03 5.250485615754057081e-07
2.138000000000000000e+03 5.243190633067824312e-07
2.139000000000000000e+03 5.245492772480663502e-07
2.140000000000000000e+03 5.244366895895445759e-07
2.141000000000000000e+03 5.249453354602734328e-07
2.142000000000000000e+03 5.239978023163307551e-07
2.143000000000000000e+03 5.250213345834060596e-07
2.144000000000000000e+03 5.245425535460158678e-07
2.145000000000000000e+03 5.241511111786702697e-07
2.146000000000000000e+03 5.240763690692267610e-07
2.147000000000000000e+03 5.246360119475696175e-07
2.148000000000000000e+03 5.242621662619435423e-07
2.149000000000000000e+03 5.240614056990671540e-07
2.150000000000000000e+03 5.249222192427701981e-07
2.151000000000000000e+03 5.243695582638841293e-07
2.152000000000000000e+03 5.240245106486282427e-07
2.153000000000000000e+03 5.243715438170384669e-07
2.154000000000000000e+03 5.244092640422294090e-07
2.155000000000000000e+03 5.247861114614456070e-07
2.156000000000000000e+03 5.246889393960262687e-07
2.157000000000000000e+03 5.241680019698196532e-07
2.158000000000000000e+03 5.249256875436032472e-07
2.159000000000000000e+03 5.260940338273554055e-07
2.160000000000000000e+03 5.251734747627481787e-07
2.161000000000000000e+03 5.239038637581966711e-07
2.162000000000000000e+03 5.250315515000745392e-07
2.163000000000000000e+03 5.240756510992458629e-07
2.164000000000000000e+03 5.240322210875505674e-07
2.165000000000000000e+03 5.239524924463258171e-07
2.166000000000000000e+03 5.237384777499215571e-07
2.167000000000000000e+03 5.242592543689715797e-07
2.168000000000000000e+03 5.239706470458327581e-07
2.169000000000000000e+03 5.247356353784234246e-07
2.170000000000000000e+03 5.245704524552427180e-07
2.171000000000000000e+03 5.238773434117301690e-07
2.172000000000000000e+03 5.240487208077744522e-07
2.173000000000000000e+03 5.242644145422833918e-07
2.174000000000000000e+03 5.241782022772982733e-07
2.175000000000000000e+03 5.242267969920844816e-07
2.176000000000000000e+03 5.250636291304837844e-07
2.177000000000000000e+03 5.237129063921679719e-07
2.178000000000000000e+03 5.235929850213490624e-07
2.179000000000000000e+03 5.234154750594214338e-07
2.180000000000000000e+03 5.242494738210190766e-07
2.181000000000000000e+03 5.241693495790897268e-07
2.182000000000000000e+03 5.235647811069987799e-07
2.183000000000000000e+03 5.233085692537665075e-07
2.184000000000000000e+03 5.239887163345007455e-07
2.185000000000000000e+03 5.244638108866996352e-07
2.186000000000000000e+03 5.247108786259373369e-07
2.187000000000000000e+03 5.238278752045485773e-07
2.188000000000000000e+03 5.239378506904795018e-07
2.189000000000000000e+03 5.263124816675323780e-07
2.190000000000000000e+03 5.245140582158794553e-07
2.191000000000000000e+03 5.238999847573953888e-07
2.192000000000000000e+03 5.251941320651854984e-07
2.193000000000000000e+03 5.239882263633992028e-07
2.194000000000000000e+03 5.246437140818970655e-07
2.195000000000000000e+03 5.238938861648550870e-07
2.196000000000000000e+03 5.241985387203855200e-07
2.197000000000000000e+03 5.241203139658084414e-07
2.198000000000000000e+03 5.236754103910405033e-07
2.199000000000000000e+03 5.238935970139585073e-07
2.200000000000000000e+03 5.242440471457058706e-07
2.201000000000000000e+03 5.235944783385123069e-07
2.202000000000000000e+03 5.235620964579429540e-07
2.203000000000000000e+03 5.238655871251446426e-07
2.204000000000000000e+03 5.231848066303052413e-07
2.205000000000000000e+03 5.241067442576728162e-07
2.206000000000000000e+03 5.235230316433346016e-07
2.207000000000000000e+03 5.233396140945503199e-07
2.208000000000000000e+03 5.232354495601895549e-07
2.209000000000000000e+03 5.239970586776017961e-07
2.210000000000000000e+03 5.257587660050886973e-07
2.211000000000000000e+03 5.229898766480415352e-07
2.212000000000000000e+03 5.233657395952754413e-07
2.213000000000000000e+03 5.243444851818271753e-07
2.214000000000000000e+03 5.249244788475575876e-07
2.215000000000000000e+03 5.241217234820591698e-07
2.216000000000000000e+03 5.247831814493573474e-07
2.217000000000000000e+03 5.230350211811108855e-07
2.218000000000000000e+03 5.232350856679384487e-07
2.219000000000000000e+03 5.236565197024363672e-07
2.220000000000000000e+03 5.233354399031470255e-07
2.221000000000000000e+03 5.236789051155848320e-07
2.222000000000000000e+03 5.231412905528077735e-07
2.223000000000000000e+03 5.236247070641021841e-07
2.224000000000000000e+03 5.234547769324672372e-07
2.225000000000000000e+03 5.244923047069097162e-07
2.226000000000000000e+03 5.238108938178180266e-07
2.227000000000000000e+03 5.231488401845735053e-07
2.228000000000000000e+03 5.237617811982927703e-07
2.229000000000000000e+03 5.232216216546475185e-07
2.230000000000000000e+03 5.232063653587754498e-07
2.231000000000000000e+03 5.236265891873013770e-07
2.232000000000000000e+03 5.230787494032608563e-07
2.233000000000000000e+03 5.234566213075076105e-07
2.234000000000000000e+03 5.228632240255402736e-07
2.235000000000000000e+03 5.231634532518192024e-07
2.236000000000000000e+03 5.228643866688322367e-07
2.237000000000000000e+03 5.237782288260574204e-07
2.238000000000000000e+03 5.233998427918873942e-07
2.239000000000000000e+03 5.231952221022892393e-07
2.240000000000000000e+03 5.234440557003968000e-07
2.241000000000000000e+03 5.235219271322071995e-07
2.242000000000000000e+03 5.240463562631054805e-07
2.243000000000000000e+03 5.234893957689287937e-07
2.244000000000000000e+03 5.229366457043879952e-07
2.245000000000000000e+03 5.229899627138437076e-07
2.246000000000000000e+03 5.226831456788860471e-07
2.247000000000000000e+03 5.225652038215160430e-07
2.248000000000000000e+03 5.228945406530675874e-07
2.249000000000000000e+03 5.234360666800623226e-07
2.250000000000000000e+03 5.231928288690194376e-07
2.251000000000000000e+03 5.226457870810567668e-07
2.252000000000000000e+03 5.226652341775219894e-07
2.253000000000000000e+03 5.229307245281941458e-07
2.254000000000000000e+03 5.232679235462664066e-07
2.255000000000000000e+03 5.236827894011283279e-07
2.256000000000000000e+03 5.224908422135136059e-07
2.257000000000000000e+03 5.229763326086538651e-07
2.258000000000000000e+03 5.240094242194708624e-07
2.259000000000000000e+03 5.236321253322751600e-07
2.260000000000000000e+03 5.225774734830616226e-07
2.261000000000000000e+03 5.232153773542140458e-07
2.262000000000000000e+03 5.234727948836393146e-07
2.263000000000000000e+03 5.230791653879711972e-07
2.264000000000000000e+03 5.228333440929380806e-07
2.265000000000000000e+03 5.232854771950848963e-07
2.266000000000000000e+03 5.222940157637502919e-07
2.267000000000000000e+03 5.228930662099836469e-07
2.268000000000000000e+03 5.231613159510663674e-07
2.269000000000000000e+03 5.225946277563596309e-07
2.270000000000000000e+03 5.230762368858092692e-07
2.271000000000000000e+03 5.226187382603665777e-07
2.272000000000000000e+03 5.233188473224524232e-07
2.273000000000000000e+03 5.230416422081693361e-07
2.274000000000000000e+03 5.231456685842687999e-07
2.275000000000000000e+03 5.224461665125769440e-07
2.276000000000000000e+03 5.228493613916921866e-07
2.277000000000000000e+03 5.225093939236513721e-07
2.278000000000000000e+03 5.225004800734256013e-07
2.279000000000000000e+03 5.227990310165629633e-07
2.280000000000000000e+03 5.222082066491014309e-07
2.281000000000000000e+03 5.228618001649893419e-07
2.282000000000000000e+03 5.224139348696796510e-07
2.283000000000000000e+03 5.224253801114364187e-07
2.284000000000000000e+03 5.220395048425548780e-07
2.285000000000000000e+03 5.226651390521617215e-07
2.286000000000000000e+03 5.225416217917327831e-07
2.287000000000000000e+03 5.230898352825456185e-07
2.288000000000000000e+03 5.229087196164867525e-07
2.289000000000000000e+03 5.231357053352276308e-07
2.290000000000000000e+03 5.244343975213405803e-07
2.291000000000000000e+03 5.227205865677016178e-07
2.292000000000000000e+03 5.222900929750847576e-07
2.293000000000000000e+03 5.238929303814735192e-07
2.294000000000000000e+03 5.225714836052187850e-07
2.295000000000000000e+03 5.233998805400462139e-07
2.296000000000000000e+03 5.225630589711313382e-07
2.297000000000000000e+03 5.220461847567411085e-07
2.298000000000000000e+03 5.220305373899435410e-07
2.299000000000000000e+03 5.222540170596924446e-07
2.300000000000000000e+03 5.219964100345098588e-07
2.301000000000000000e+03 5.223941978673546299e-07
2.302000000000000000e+03 5.225951932237789188e-07
2.303000000000000000e+03 5.224285660560415391e-07
2.304000000000000000e+03 5.224735618613650552e-07
2.305000000000000000e+03 5.223245721433586814e-07
2.306000000000000000e+03 5.221724749969175955e-07
2.307000000000000000e+03 5.219327394600509091e-07
2.308000000000000000e+03 5.225350234135695184e-07
2.309000000000000000e+03 5.221046808135880428e-07
2.310000000000000000e+03 5.219273029702163889e-07
2.311000000000000000e+03 5.225408471995135496e-07
2.312000000000000000e+03 5.226049043151191090e-07
2.313000000000000000e+03 5.221438905811263474e-07
2.314000000000000000e+03 5.219560436633851292e-07
2.315000000000000000e+03 5.218412447177192122e-07
2.316000000000000000e+03 5.217550709558561321e-07
2.317000000000000000e+03 5.224581228644042146e-07
2.318000000000000000e+03 5.216329171589241197e-07
2.319000000000000000e+03 5.223186766359128929e-07
2.320000000000000000e+03 5.223268823306790798e-07
2.321000000000000000e+03 5.220562899388594606e-07
2.322000000000000000e+03 5.219789545309045120e-07
2.323000000000000000e+03 5.221796380875369293e-07
2.324000000000000000e+03 5.218142374200039365e-07
2.325000000000000000e+03 5.219666108829676246e-07
2.326000000000000000e+03 5.224012529982397183e-07
2.327000000000000000e+03 5.221081506243476352e-07
2.328000000000000000e+03 5.221705596553386837e-07
2.329000000000000000e+03 5.220304596287363513e-07
2.330000000000000000e+03 5.217002862979852361e-07
2.331000000000000000e+03 5.217648280999501247e-07
2.332000000000000000e+03 5.217189610671207755e-07
2.333000000000000000e+03 5.221509140035580485e-07
2.334000000000000000e+03 5.219750234376441009e-07
2.335000000000000000e+03 5.220176796120833816e-07
2.336000000000000000e+03 5.220568116184146024e-07
2.337000000000000000e+03 5.216570427621944886e-07
2.338000000000000000e+03 5.220348512495345740e-07
2.339000000000000000e+03 5.216827930462209637e-07
2.340000000000000000e+03 5.216928038579422668e-07
2.341000000000000000e+03 5.215658530249863298e-07
2.342000000000000000e+03 5.219830275572421062e-07
2.343000000000000000e+03 5.217822669943657179e-07
2.344000000000000000e+03 5.221188084395111919e-07
2.345000000000000000e+03 5.223592649662116515e-07
2.346000000000000000e+03 5.219813794726275951e-07
2.347000000000000000e+03 5.220726900039440827e-07
2.348000000000000000e+03 5.220451466823733561e-07
2.349000000000000000e+03 5.225122174859317179e-07
2.350000000000000000e+03 5.229314304187641794e-07
2.351000000000000000e+03 5.220124107240742112e-07
2.352000000000000000e+03 5.214375576026128765e-07
2.353000000000000000e+03 5.219790760799759536e-07
2.354000000000000000e+03 5.214716796733042393e-07
2.355000000000000000e+03 5.218250726515139456e-07
2.356000000000000000e+03 5.220455309586303096e-07
2.357000000000000000e+03 5.219590680458705438e-07
2.358000000000000000e+03 5.219330927828173764e-07
2.359000000000000000e+03 5.217158853471395568e-07
2.360000000000000000e+03 5.232927557950701336e-07
2.361000000000000000e+03 5.215171699795083988e-07
2.362000000000000000e+03 5.223846740068822063e-07
2.363000000000000000e+03 5.218588663132235773e-07
2.364000000000000000e+03 5.217443504787488077e-07
2.365000000000000000e+03 5.213861732988892601e-07
2.366000000000000000e+03 5.213745181773694339e-07
2.367000000000000000e+03 5.214597172817715363e-07
2.368000000000000000e+03 5.216259231800563615e-07
2.369000000000000000e+03 5.212594625442234374e-07
2.370000000000000000e+03 5.213053152327523715e-07
2.371000000000000000e+03 5.213734959572283223e-07
2.372000000000000000e+03 5.219639247239853612e-07
2.373000000000000000e+03 5.216118740703036208e-07
2.374000000000000000e+03 5.215973259298911359e-07
2.375000000000000000e+03 5.217062157787740682e-07
2.376000000000000000e+03 5.215043778834446703e-07
2.377000000000000000e+03 5.211294269317280802e-07
2.378000000000000000e+03 5.213558373685283563e-07
2.379000000000000000e+03 5.212105598044611336e-07
2.380000000000000000e+03 5.212901933203257219e-07
2.381000000000000000e+03 5.215326240757328731e-07
2.382000000000000000e+03 5.211482194751191793e-07
2.383000000000000000e+03 5.219132055428201895e-07
2.384000000000000000e+03 5.211815450596593413e-07
2.385000000000000000e+03 5.217436453431419929e-07
2.386000000000000000e+03 5.218343775726652151e-07
2.387000000000000000e+03 5.216684064679281847e-07
2.388000000000000000e+03 5.220281743552010068e-07
2.389000000000000000e+03 5.217699807236302787e-07
2.390000000000000000e+03 5.216169504427028109e-07
2.391000000000000000e+03 5.211269340433190158e-07
2.392000000000000000e+03 5.213366696084383992e-07
2.393000000000000000e+03 5.209334233918271406e-07
2.394000000000000000e+03 5.218486063636539586e-07
2.395000000000000000e+03 5.210331449678938788e-07
2.396000000000000000e+03 5.213512668214574555e-07
2.397000000000000000e+03 5.212083130340477216e-07
2.398000000000000000e+03 5.220165735910297538e-07
2.399000000000000000e+03 5.210430108266852296e-07
2.400000000000000000e+03 5.209699047224453674e-07
2.401000000000000000e+03 5.213160492991968921e-07
2.402000000000000000e+03 5.211148402881935569e-07
2.403000000000000000e+03 5.210272985330544500e-07
2.404000000000000000e+03 5.213748178977505467e-07
2.405000000000000000e+03 5.210043121692175338e-07
2.406000000000000000e+03 5.210284732557572778e-07
2.407000000000000000e+03 5.211935006565234991e-07
2.408000000000000000e+03 5.209818988224315635e-07
2.409000000000000000e+03 5.215714956197679207e-07
2.410000000000000000e+03 5.209661699196109244e-07
2.411000000000000000e+03 5.210246757909791730e-07
2.412000000000000000e+03 5.208571207734977308e-07
2.413000000000000000e+03 5.210056084409915915e-07
2.414000000000000000e+03 5.210854306976502781e-07
2.415000000000000000e+03 5.211213880838239185e-07
2.416000000000000000e+03 5.211226594418132399e-07
2.417000000000000000e+03 5.211084842532100627e-07
2.418000000000000000e+03 5.209448875076633182e-07
2.419000000000000000e+03 5.216265294154871323e-07
2.420000000000000000e+03 5.216427973620158856e-07
2.421000000000000000e+03 5.215413091721160697e-07
2.422000000000000000e+03 5.215365264803925601e-07
2.423000000000000000e+03 5.212601593752353753e-07
2.424000000000000000e+03 5.207602272894905451e-07
2.425000000000000000e+03 5.207424645158722156e-07
2.426000000000000000e+03 5.208241568163192305e-07
2.427000000000000000e+03 5.207272421933430846e-07
2.428000000000000000e+03 5.217629112484448812e-07
2.429000000000000000e+03 5.212569190732815758e-07
2.430000000000000000e+03 5.207637507026355979e-07
2.431000000000000000e+03 5.206938871652390856e-07
2.432000000000000000e+03 5.207771195905661543e-07
2.433000000000000000e+03 5.210651554065803615e-07
2.434000000000000000e+03 5.209008029428940051e-07
2.435000000000000000e+03 5.210944177793041378e-07
2.436000000000000000e+03 5.207570337952536607e-07
2.437000000000000000e+03 5.205651795329711734e-07
2.438000000000000000e+03 5.208057462842954287e-07
2.439000000000000000e+03 5.206427761581854082e-07
2.440000000000000000e+03 5.210422422741714284e-07
2.441000000000000000e+03 5.215867851340199201e-07
2.442000000000000000e+03 5.210150092424663476e-07
2.443000000000000000e+03 5.206070611151913265e-07
2.444000000000000000e+03 5.207482120505353887e-07
2.445000000000000000e+03 5.207856906875098850e-07
2.446000000000000000e+03 5.205064539673186579e-07
2.447000000000000000e+03 5.208821976303705668e-07
2.448000000000000000e+03 5.205661066277520172e-07
2.449000000000000000e+03 5.208375234393603424e-07
2.450000000000000000e+03 5.206882845835056529e-07
2.451000000000000000e+03 5.203705696550943216e-07
2.452000000000000000e+03 5.208867862965578705e-07
2.453000000000000000e+03 5.206846766144849711e-07
2.454000000000000000e+03 5.207997458369680580e-07
2.455000000000000000e+03 5.204310225764948694e-07
2.456000000000000000e+03 5.205708810148806500e-07
2.457000000000000000e+03 5.206001554670152909e-07
2.458000000000000000e+03 5.217247350254953341e-07
2.459000000000000000e+03 5.206160217731340125e-07
2.460000000000000000e+03 5.206019613389336258e-07
2.461000000000000000e+03 5.208515906682292743e-07
2.462000000000000000e+03 5.206190657846619498e-07
2.463000000000000000e+03 5.205444271051736917e-07
2.464000000000000000e+03 5.205120406948252381e-07
2.465000000000000000e+03 5.206699518126890408e-07
2.466000000000000000e+03 5.203682217196152094e-07
2.467000000000000000e+03 5.201758654068203147e-07
2.468000000000000000e+03 5.207203954322947230e-07
2.469000000000000000e+03 5.209588112935288412e-07
2.470000000000000000e+03 5.216298640878380869e-07
2.471000000000000000e+03 5.209058204281655213e-07
2.472000000000000000e+03 5.204903868409948676e-07
2.473000000000000000e+03 5.202686888843426754e-07
2.474000000000000000e+03 5.204208162293109229e-07
2.475000000000000000e+03 5.208521727448385275e-07
2.476000000000000000e+03 5.201478343790374898e-07
2.477000000000000000e+03 5.205451314858173936e-07
2.478000000000000000e+03 5.206197075033620957e-07
2.479000000000000000e+03 5.202043494125091873e-07
2.480000000000000000e+03 5.202398779795985093e-07
2.481000000000000000e+03 5.201436684922292840e-07
2.482000000000000000e+03 5.206426765030459337e-07
2.483000000000000000e+03 5.202194818944202640e-07
2.484000000000000000e+03 5.207276838468012746e-07
2.485000000000000000e+03 5.203879700463878764e-07
2.486000000000000000e+03 5.209045777587768181e-07
2.487000000000000000e+03 5.206180722531215622e-07
2.488000000000000000e+03 5.209661419859733131e-07
2.489000000000000000e+03 5.203023526923858827e-07
2.490000000000000000e+03 5.207016104385353878e-07
2.491000000000000000e+03 5.206760315311499327e-07
2.492000000000000000e+03 5.200829105657053040e-07
2.493000000000000000e+03 5.203477169197396058e-07
2.494000000000000000e+03 5.209450837980892863e-07
2.495000000000000000e+03 5.206657043898576574e-07
2.496000000000000000e+03 5.203044726289856395e-07
2.497000000000000000e+03 5.204530101240492903e-07
2.498000000000000000e+03 5.214733270029555315e-07
2.499000000000000000e+03 5.205267541721733107e-07
2.500000000000000000e+03 5.212992558982972210e-07
2.501000000000000000e+03 5.204584322695833956e-07
2.502000000000000000e+03 5.202709945418839731e-07
2.503000000000000000e+03 5.202042844856759751e-07
2.504000000000000000e+03 5.201957420773330744e-07
2.505000000000000000e+03 5.202611770007358691e-07
2.506000000000000000e+03 5.200521941339034344e-07
2.507000000000000000e+03 5.206546668282163538e-07
2.508000000000000000e+03 5.201183862853722785e-07
2.509000000000000000e+03 5.199265267383476835e-07
2.510000000000000000e+03 5.202613944301306915e-07
2.511000000000000000e+03 5.204669180556880667e-07
2.512000000000000000e+03 5.205049183722174930e-07
2.513000000000000000e+03 5.201886612777000310e-07
2.514000000000000000e+03 5.201627381071060983e-07
2.515000000000000000e+03 5.199516677670905129e-07
2.516000000000000000e+03 5.198948915163598470e-07
2.517000000000000000e+03 5.201343371473668407e-07
2.518000000000000000e+03 5.202059544642224533e-07
2.519000000000000000e+03 5.198964384359086578e-07
2.520000000000000000e+03 5.204650064889249310e-07
2.521000000000000000e+03 5.204462456539872192e-07
2.522000000000000000e+03 5.207450185562986103e-07
2.523000000000000000e+03 5.203232772517877092e-07
2.524000000000000000e+03 5.208814079388880172e-07
2.525000000000000000e+03 5.209497139872511857e-07
2.526000000000000000e+03 5.205567020514614849e-07
2.527000000000000000e+03 5.201191835264866979e-07
2.528000000000000000e+03 5.205844824314696626e-07
2.529000000000000000e+03 5.201299085333731230e-07
2.530000000000000000e+03 5.197749346622716682e-07
2.531000000000000000e+03 5.198359613556864866e-07
2.532000000000000000e+03 5.198826361991145764e-07
2.533000000000000000e+03 5.197392188643145795e-07
2.534000000000000000e+03 5.197764438336615535e-07
2.535000000000000000e+03 5.198821688769083255e-07
2.536000000000000000e+03 5.200815833404408659e-07
2.537000000000000000e+03 5.196662463885569176e-07
2.538000000000000000e+03 5.200060613540360161e-07
2.539000000000000000e+03 5.199777864731471950e-07
2.540000000000000000e+03 5.198419504785662113e-07
2.541000000000000000e+03 5.206664344392495261e-07
2.542000000000000000e+03 5.205766851717821585e-07
2.543000000000000000e+03 5.202140355900645353e-07
2.544000000000000000e+03 5.198842314363067399e-07
2.545000000000000000e+03 5.197395442534436473e-07
2.546000000000000000e+03 5.199821592198657961e-07
2.547000000000000000e+03 5.194143695338845325e-07
2.548000000000000000e+03 5.197784731746801431e-07
2.549000000000000000e+03 5.197318345694844354e-07
2.550000000000000000e+03 5.198536576925452722e-07
2.551000000000000000e+03 5.201242606538491068e-07
2.552000000000000000e+03 5.198768924392672853e-07
2.553000000000000000e+03 5.199356164949935751e-07
2.554000000000000000e+03 5.203339909342263825e-07
2.555000000000000000e+03 5.207257254723213295e-07
2.556000000000000000e+03 5.206516877435216286e-07
2.557000000000000000e+03 5.198907701723790060e-07
2.558000000000000000e+03 5.200792942920895335e-07
2.559000000000000000e+03 5.200696315183926960e-07
2.560000000000000000e+03 5.198165950402811169e-07
2.561000000000000000e+03 5.196738322585550316e-07
2.562000000000000000e+03 5.197592442625729616e-07
2.563000000000000000e+03 5.211095540360312024e-07
2.564000000000000000e+03 5.203022620968047156e-07
2.565000000000000000e+03 5.203415307514708000e-07
2.566000000000000000e+03 5.201722581927627457e-07
2.567000000000000000e+03 5.196151723746988412e-07
2.568000000000000000e+03 5.195048986783132414e-07
2.569000000000000000e+03 5.197154126104678461e-07
2.570000000000000000e+03 5.200023197565329220e-07
2.571000000000000000e+03 5.195376671000290982e-07
2.572000000000000000e+03 5.198692288080619816e-07
2.573000000000000000e+03 5.197025133096328793e-07
2.574000000000000000e+03 5.196466460345668660e-07
2.575000000000000000e+03 5.197199288001900678e-07
2.576000000000000000e+03 5.194363480218808579e-07
2.577000000000000000e+03 5.197045766239944065e-07
2.578000000000000000e+03 5.194360928443271100e-07
2.579000000000000000e+03 5.197379301421721798e-07
2.580000000000000000e+03 5.194568271530085065e-07
2.581000000000000000e+03 5.198611069142083108e-07
2.582000000000000000e+03 5.195561184000643829e-07
2.583000000000000000e+03 5.195702905688148969e-07
2.584000000000000000e+03 5.196382395195957162e-07
2.585000000000000000e+03 5.196496726819417251e-07
2.586000000000000000e+03 5.194137565037851107e-07
2.587000000000000000e+03 5.198353370011394188e-07
2.588000000000000000e+03 5.193956524868110727e-07
2.589000000000000000e+03 5.198601964286174324e-07
2.590000000000000000e+03 5.194438583955613326e-07
2.591000000000000000e+03 5.199170995131618594e-07
2.592000000000000000e+03 5.193953074686393763e-07
2.593000000000000000e+03 5.202079898449465811e-07
2.594000000000000000e+03 5.194366137689190330e-07
2.595000000000000000e+03 5.195195041959272804e-07
2.596000000000000000e+03 5.193886645476486409e-07
2.597000000000000000e+03 5.193717971603578738e-07
2.598000000000000000e+03 5.209347710010974260e-07
2.599000000000000000e+03 5.194949090055608985e-07
2.600000000000000000e+03 5.196481476563249874e-07
2.601000000000000000e+03 5.195885591677616215e-07
2.602000000000000000e+03 5.197127611797916333e-07
2.603000000000000000e+03 5.196831190605900042e-07
2.604000000000000000e+03 5.194553187365816282e-07
2.605000000000000000e+03 5.199640642624497478e-07
2.606000000000000000e+03 5.194211528780260135e-07
2.607000000000000000e+03 5.195418964037441846e-07
2.608000000000000000e+03 5.193736377605822592e-07
2.609000000000000000e+03 5.197380297973114425e-07
2.610000000000000000e+03 5.193693510796657246e-07
2.611000000000000000e+03 5.192849673354942327e-07
2.612000000000000000e+03 5.192510317407075238e-07
2.613000000000000000e+03 5.192588123912051685e-07
2.614000000000000000e+03 5.193695405754230417e-07
2.615000000000000000e+03 5.193294361765206052e-07
2.616000000000000000e+03 5.193400479389303596e-07
2.617000000000000000e+03 5.195385534267983532e-07
2.618000000000000000e+03 5.190998601791208443e-07
2.619000000000000000e+03 5.192068822491048927e-07
2.620000000000000000e+03 5.196795820581077551e-07
2.621000000000000000e+03 5.192313860889267828e-07
2.622000000000000000e+03 5.192117313775880520e-07
2.623000000000000000e+03 5.191768883170630221e-07
2.624000000000000000e+03 5.192009739072850209e-07
2.625000000000000000e+03 5.198995050963317810e-07
2.626000000000000000e+03 5.193786884642336002e-07
2.627000000000000000e+03 5.195054784900329443e-07
2.628000000000000000e+03 5.192845385164100202e-07
2.629000000000000000e+03 5.195915057890397406e-07
2.630000000000000000e+03 5.191995568414026344e-07
2.631000000000000000e+03 5.195876600066183890e-07
2.632000000000000000e+03 5.196538166748179638e-07
2.633000000000000000e+03 5.194345247858093390e-07
2.634000000000000000e+03 5.191196923068061333e-07
2.635000000000000000e+03 5.196237525312005615e-07
2.636000000000000000e+03 5.191593391980236331e-07
2.637000000000000000e+03 5.192771587513589769e-07
2.638000000000000000e+03 5.194338996762992643e-07
2.639000000000000000e+03 5.194321466518031710e-07
2.640000000000000000e+03 5.192071547908116130e-07
2.641000000000000000e+03 5.191386282932008530e-07
2.642000000000000000e+03 5.190897851955295478e-07
2.643000000000000000e+03 5.192406328779133853e-07
2.644000000000000000e+03 5.192670384699770968e-07
2.645000000000000000e+03 5.192784965461079479e-07
2.646000000000000000e+03 5.195309033849301399e-07
2.647000000000000000e+03 5.192367954000869105e-07
2.648000000000000000e+03 5.195190980257382538e-07
2.649000000000000000e+03 5.192785048507028247e-07
2.650000000000000000e+03 5.192020957825655011e-07
2.651000000000000000e+03 5.194761089125380355e-07
2.652000000000000000e+03 5.196343348500464788e-07
2.653000000000000000e+03 5.191615565248732081e-07
2.654000000000000000e+03 5.190934913097633725e-07
2.655000000000000000e+03 5.191414246768069122e-07
2.656000000000000000e+03 5.190886285919430170e-07
2.657000000000000000e+03 5.191838120843553545e-07
2.658000000000000000e+03 5.191682251146117926e-07
2.659000000000000000e+03 5.192739259990369413e-07
2.660000000000000000e+03 5.190107775441384647e-07
2.661000000000000000e+03 5.190177360397368478e-07
2.662000000000000000e+03 5.192949260547564070e-07
2.663000000000000000e+03 5.191796499723628189e-07
2.664000000000000000e+03 5.194674849681720632e-07
2.665000000000000000e+03 5.189773590991275852e-07
2.666000000000000000e+03 5.189818798186289076e-07
2.667000000000000000e+03 5.193652002921209408e-07
2.668000000000000000e+03 5.190133376242701858e-07
2.669000000000000000e+03 5.190345083016675587e-07
2.670000000000000000e+03 5.192950672328703713e-07
2.671000000000000000e+03 5.191394708321058560e-07
2.672000000000000000e+03 5.190644629756241723e-07
2.673000000000000000e+03 5.190522597508381364e-07
2.674000000000000000e+03 5.189548370376441508e-07
2.675000000000000000e+03 5.189125047424076063e-07
2.676000000000000000e+03 5.189203691938179788e-07
2.677000000000000000e+03 5.188458958512652026e-07
2.678000000000000000e+03 5.196211947159582849e-07
2.679000000000000000e+03 5.191456909737175995e-07
2.680000000000000000e+03 5.190522061484525701e-07
2.681000000000000000e+03 5.192065130721115729e-07
2.682000000000000000e+03 5.195134999737839219e-07
2.683000000000000000e+03 5.190487559667357121e-07
2.684000000000000000e+03 5.190293790818459152e-07
2.685000000000000000e+03 5.189890851871860559e-07
2.686000000000000000e+03 5.188972212678611450e-07
2.687000000000000000e+03 5.194173841018485270e-07
2.688000000000000000e+03 5.188717608896945742e-07
2.689000000000000000e+03 5.190078414923447728e-07
2.690000000000000000e+03 5.190386334204642817e-07
2.691000000000000000e+03 5.189805193749847506e-07
2.692000000000000000e+03 5.190466179110196584e-07
2.693000000000000000e+03 5.189221909199630602e-07
2.694000000000000000e+03 5.190229981330774730e-07
2.695000000000000000e+03 5.188906802668993286e-07
2.696000000000000000e+03 5.187650302354966559e-07
2.697000000000000000e+03 5.187323765681836956e-07
2.698000000000000000e+03 5.194427923875559690e-07
2.699000000000000000e+03 5.188499001759538085e-07
2.700000000000000000e+03 5.188064641245530807e-07
2.701000000000000000e+03 5.187679383536527366e-07
2.702000000000000000e+03 5.189594619420638366e-07
2.703000000000000000e+03 5.189762855414904576e-07
2.704000000000000000e+03 5.191175542510900795e-07
2.705000000000000000e+03 5.185524960218816630e-07
2.706000000000000000e+03 5.188106337861772744e-07
2.707000000000000000e+03 5.187995154434759061e-07
2.708000000000000000e+03 5.193690415447634034e-07
2.709000000000000000e+03 5.193306395878239454e-07
2.710000000000000000e+03 5.198146117520162237e-07
2.711000000000000000e+03 5.189769182006325080e-07
2.712000000000000000e+03 5.189261333376711172e-07
2.713000000000000000e+03 5.186600480760157300e-07
2.714000000000000000e+03 5.187295650853141085e-07
2.715000000000000000e+03 5.189995663409663789e-07
2.716000000000000000e+03 5.187552542173232535e-07
2.717000000000000000e+03 5.188448842006087298e-07
2.718000000000000000e+03 5.192847891641845616e-07
2.719000000000000000e+03 5.189721241844613525e-07
2.720000000000000000e+03 5.185809747428281102e-07
2.721000000000000000e+03 5.185529459799348357e-07
2.722000000000000000e+03 5.188488605916597245e-07
2.723000000000000000e+03 5.187495353712606987e-07
2.724000000000000000e+03 5.185841425683170395e-07
2.725000000000000000e+03 5.187149414485839843e-07
2.726000000000000000e+03 5.187964223593415032e-07
2.727000000000000000e+03 5.192550330455433607e-07
2.728000000000000000e+03 5.190047801166637573e-07
2.729000000000000000e+03 5.192211827615954995e-07
2.730000000000000000e+03 5.189761096350703368e-07
2.731000000000000000e+03 5.186341513291329711e-07
2.732000000000000000e+03 5.187976680485828696e-07
2.733000000000000000e+03 5.187122326407064291e-07
2.734000000000000000e+03 5.187228678069747999e-07
2.735000000000000000e+03 5.187894517843323614e-07
2.736000000000000000e+03 5.187065590924345637e-07
2.737000000000000000e+03 5.187645213903155975e-07
2.738000000000000000e+03 5.185952933744350139e-07
2.739000000000000000e+03 5.186423849575366634e-07
2.740000000000000000e+03 5.187213646752902411e-07
2.741000000000000000e+03 5.185784048481750748e-07
2.742000000000000000e+03 5.186647265828207704e-07
2.743000000000000000e+03 5.188181071666621482e-07
2.744000000000000000e+03 5.183376365216828496e-07
2.745000000000000000e+03 5.187345236834578448e-07
2.746000000000000000e+03 5.191494235116625979e-07
2.747000000000000000e+03 5.188740846663520631e-07
2.748000000000000000e+03 5.186513720391905231e-07
2.749000000000000000e+03 5.186635631845658002e-07
2.750000000000000000e+03 5.187548873052193782e-07
2.751000000000000000e+03 5.186785567532523571e-07
2.752000000000000000e+03 5.185778484403139884e-07
2.753000000000000000e+03 5.184512426255297478e-07
2.754000000000000000e+03 5.187675789911807310e-07
2.755000000000000000e+03 5.184015668034747538e-07
2.756000000000000000e+03 5.185761520380562305e-07
2.757000000000000000e+03 5.184427092767450485e-07
2.758000000000000000e+03 5.186743395289480295e-07
2.759000000000000000e+03 5.183986360364232755e-07
2.760000000000000000e+03 5.186769079136748391e-07
2.761000000000000000e+03 5.190330232890992969e-07
2.762000000000000000e+03 5.184417602880320258e-07
2.763000000000000000e+03 5.185002767288847016e-07
2.764000000000000000e+03 5.189676593322350408e-07
2.765000000000000000e+03 5.184712030969550236e-07
2.766000000000000000e+03 5.185608934772946114e-07
2.767000000000000000e+03 5.186411437980743977e-07
2.768000000000000000e+03 5.190521668903674188e-07
2.769000000000000000e+03 5.187936554192993869e-07
2.770000000000000000e+03 5.188521809197101582e-07
2.771000000000000000e+03 5.183831638210826101e-07
2.772000000000000000e+03 5.182084857260304158e-07
2.773000000000000000e+03 5.184778060048972831e-07
2.774000000000000000e+03 5.184157570913414589e-07
2.775000000000000000e+03 5.185697605198034670e-07
2.776000000000000000e+03 5.185105555525337301e-07
2.777000000000000000e+03 5.183208438757463972e-07
2.778000000000000000e+03 5.187048007831963628e-07
2.779000000000000000e+03 5.184015584988797712e-07
2.780000000000000000e+03 5.182869203603704471e-07
2.781000000000000000e+03 5.185681539581636576e-07
2.782000000000000000e+03 5.186962259114367502e-07
2.783000000000000000e+03 5.191956242382159976e-07
2.784000000000000000e+03 5.184151176375309692e-07
2.785000000000000000e+03 5.182213465237432384e-07
2.786000000000000000e+03 5.183712142639238846e-07
2.787000000000000000e+03 5.183662903940863048e-07
2.788000000000000000e+03 5.187708593061829006e-07
2.789000000000000000e+03 5.187765351193443163e-07
2.790000000000000000e+03 5.187260137385315503e-07
2.791000000000000000e+03 5.184342506693147699e-07
2.792000000000000000e+03 5.185688681533287797e-07
2.793000000000000000e+03 5.184017895176117898e-07
2.794000000000000000e+03 5.184247660669273918e-07
2.795000000000000000e+03 5.186876374503401531e-07
2.796000000000000000e+03 5.187124130769056506e-07
2.797000000000000000e+03 5.184516170872653870e-07
2.798000000000000000e+03 5.185342546016094367e-07
2.799000000000000000e+03 5.183992611459334561e-07
2.800000000000000000e+03 5.184332012704992657e-07
2.801000000000000000e+03 5.181192898465713656e-07
2.802000000000000000e+03 5.186456871664710118e-07
2.803000000000000000e+03 5.183984752292666826e-07
2.804000000000000000e+03 5.182705172754331618e-07
2.805000000000000000e+03 5.182925531406308296e-07
2.806000000000000000e+03 5.183869069285121416e-07
2.807000000000000000e+03 5.181267873858779686e-07
2.808000000000000000e+03 5.182189849989269300e-07
2.809000000000000000e+03 5.180718139872128685e-07
2.810000000000000000e+03 5.185672344130146836e-07
2.811000000000000000e+03 5.181124898932400251e-07
2.812000000000000000e+03 5.183559594779781475e-07
2.813000000000000000e+03 5.183239218606172722e-07
2.814000000000000000e+03 5.181982914582571222e-07
2.815000000000000000e+03 5.181087852889326379e-07
2.816000000000000000e+03 5.184147394009794480e-07
2.817000000000000000e+03 5.181964055602420473e-07
2.818000000000000000e+03 5.188771014992056079e-07
2.819000000000000000e+03 5.184037252431964431e-07
2.820000000000000000e+03 5.184429916329729772e-07
2.821000000000000000e+03 5.182302188509942017e-07
2.822000000000000000e+03 5.184232455710898606e-07
2.823000000000000000e+03 5.181258987942191633e-07
2.824000000000000000e+03 5.182719713345112551e-07
2.825000000000000000e+03 5.182292532530914254e-07
2.826000000000000000e+03 5.182406146939355712e-07
2.827000000000000000e+03 5.181385587717269170e-07
2.828000000000000000e+03 5.182864303892687985e-07
2.829000000000000000e+03 5.182882226718500430e-07
2.830000000000000000e+03 5.185319655532579985e-07
2.831000000000000000e+03 5.182078840203786399e-07
2.832000000000000000e+03 5.181288620246871418e-07
2.833000000000000000e+03 5.182334470735372425e-07
2.834000000000000000e+03 5.188196337022051117e-07
2.835000000000000000e+03 5.184178528691196982e-07
2.836000000000000000e+03 5.180422028215015138e-07
2.837000000000000000e+03 5.181771230457492996e-07
2.838000000000000000e+03 5.181444716433258896e-07
2.839000000000000000e+03 5.180989186751780683e-07
2.840000000000000000e+03 5.180910398794673867e-07
2.841000000000000000e+03 5.187739357811274440e-07
2.842000000000000000e+03 5.183863407061296349e-07
2.843000000000000000e+03 5.185902713593845029e-07
2.844000000000000000e+03 5.181648979270310848e-07
2.845000000000000000e+03 5.181378362719670241e-07
2.846000000000000000e+03 5.185475162847689665e-07
2.847000000000000000e+03 5.188378841820355393e-07
2.848000000000000000e+03 5.182645236227743363e-07
2.849000000000000000e+03 5.181594833311287435e-07
2.850000000000000000e+03 5.181033420044295724e-07
2.851000000000000000e+03 5.179748336824403975e-07
2.852000000000000000e+03 5.180841425358862280e-07
2.853000000000000000e+03 5.181049719699278924e-07
2.854000000000000000e+03 5.180098103714476279e-07
2.855000000000000000e+03 5.183090845693082076e-07
2.856000000000000000e+03 5.182688729656345327e-07
2.857000000000000000e+03 5.181574283213621989e-07
2.858000000000000000e+03 5.182554376409443267e-07
2.859000000000000000e+03 5.183376448262778323e-07
2.860000000000000000e+03 5.179069753272408513e-07
2.861000000000000000e+03 5.180168526679586329e-07
2.862000000000000000e+03 5.180151509809586615e-07
2.863000000000000000e+03 5.180592181815750022e-07
2.864000000000000000e+03 5.180532652969277655e-07
2.865000000000000000e+03 5.180605665458084005e-07
2.866000000000000000e+03 5.182727089335346759e-07
2.867000000000000000e+03 5.183729989968733652e-07
2.868000000000000000e+03 5.183315024458731727e-07
2.869000000000000000e+03 5.181011541211438344e-07
2.870000000000000000e+03 5.179623390418681256e-07
2.871000000000000000e+03 5.179548158338136734e-07
2.872000000000000000e+03 5.180924471308284589e-07
2.873000000000000000e+03 5.181329811037785383e-07
2.874000000000000000e+03 5.180076700508420238e-07
2.875000000000000000e+03 5.185019776609214543e-07
2.876000000000000000e+03 5.181290870037137282e-07
2.877000000000000000e+03 5.180436357416106469e-07
2.878000000000000000e+03 5.179785035584417342e-07
2.879000000000000000e+03 5.179166199818214978e-07
2.880000000000000000e+03 5.180563900895156616e-07
2.881000000000000000e+03 5.181835802457984940e-07
2.882000000000000000e+03 5.181723924464849188e-07
2.883000000000000000e+03 5.182254361592706921e-07
2.884000000000000000e+03 5.180390440555706800e-07
2.885000000000000000e+03 5.179936828480698320e-07
2.886000000000000000e+03 5.181455957834958144e-07
2.887000000000000000e+03 5.179416930638785577e-07
2.888000000000000000e+03 5.179152089556445436e-07
2.889000000000000000e+03 5.180784576631667167e-07
2.890000000000000000e+03 5.181529800783257467e-07
2.891000000000000000e+03 5.179270226194314124e-07
2.892000000000000000e+03 5.182611413877432478e-07
2.893000000000000000e+03 5.179976071466615920e-07
2.894000000000000000e+03 5.180407819808032454e-07
2.895000000000000000e+03 5.178405113890282939e-07
2.896000000000000000e+03 5.182740890062215673e-07
2.897000000000000000e+03 5.184269109173120965e-07
2.898000000000000000e+03 5.182052325897025329e-07
2.899000000000000000e+03 5.178671140264811923e-07
2.900000000000000000e+03 5.178899622320568074e-07
2.901000000000000000e+03 5.180483104736000170e-07
2.902000000000000000e+03 5.177324565294188125e-07
2.903000000000000000e+03 5.180608111538775095e-07
2.904000000000000000e+03 5.183429831708993156e-07
2.905000000000000000e+03 5.179530733788021132e-07
2.906000000000000000e+03 5.179572302060523294e-07
2.907000000000000000e+03 5.181738827437955001e-07
2.908000000000000000e+03 5.178504391548002996e-07
2.909000000000000000e+03 5.179281248656691582e-07
2.910000000000000000e+03 5.181355872366640617e-07
2.911000000000000000e+03 5.179468524822271510e-07
2.912000000000000000e+03 5.182047335590427888e-07
2.913000000000000000e+03 5.179118206809080228e-07
2.914000000000000000e+03 5.179227087598405911e-07
2.915000000000000000e+03 5.182303026519068237e-07
2.916000000000000000e+03 5.176399350371670091e-07
2.917000000000000000e+03 5.180378066709242963e-07
2.918000000000000000e+03 5.180298108559212738e-07
2.919000000000000000e+03 5.179731750283414593e-07
2.920000000000000000e+03 5.180967843942778965e-07
2.921000000000000000e+03 5.178496796618446998e-07
2.922000000000000000e+03 5.178540878918325702e-07
2.923000000000000000e+03 5.180998065118736549e-07
2.924000000000000000e+03 5.177338441517372561e-07
2.925000000000000000e+03 5.179792253032385143e-07
2.926000000000000000e+03 5.180104339710314769e-07
2.927000000000000000e+03 5.180766200827948886e-07
2.928000000000000000e+03 5.179193038759141049e-07
2.929000000000000000e+03 5.177696369559385276e-07
2.930000000000000000e+03 5.180260873775344767e-07
2.931000000000000000e+03 5.178299434144827916e-07
2.932000000000000000e+03 5.177590418027184209e-07
2.933000000000000000e+03 5.177915580667332989e-07
2.934000000000000000e+03 5.178525243630938999e-07
2.935000000000000000e+03 5.180488449875289246e-07
2.936000000000000000e+03 5.177833183986242801e-07
2.937000000000000000e+03 5.177084683294464202e-07
2.938000000000000000e+03 5.177110895615955773e-07
2.939000000000000000e+03 5.181554699468821479e-07
2.940000000000000000e+03 5.181481241551741481e-07
2.941000000000000000e+03 5.180222204561441649e-07
2.942000000000000000e+03 5.184240677259891222e-07
2.943000000000000000e+03 5.177253855443069775e-07
2.944000000000000000e+03 5.178384828029729231e-07
2.945000000000000000e+03 5.177051759350333860e-07
2.946000000000000000e+03 5.178112777049052418e-07
2.947000000000000000e+03 5.176536406386744910e-07
2.948000000000000000e+03 5.177355881166751479e-07
2.949000000000000000e+03 5.177249491755910011e-07
2.950000000000000000e+03 5.178660434886968338e-07
2.951000000000000000e+03 5.177472960856174275e-07
2.952000000000000000e+03 5.176964802691657623e-07
2.953000000000000000e+03 5.177181907452342563e-07
2.954000000000000000e+03 5.177042760189270406e-07
2.955000000000000000e+03 5.177201355303772169e-07
2.956000000000000000e+03 5.178874648138687481e-07
2.957000000000000000e+03 5.177736035324681021e-07
2.958000000000000000e+03 5.180952586136980459e-07
2.959000000000000000e+03 5.178980478876778843e-07
2.960000000000000000e+03 5.177951426318956819e-07
2.961000000000000000e+03 5.176682574807360700e-07
2.962000000000000000e+03 5.176156093686547902e-07
2.963000000000000000e+03 5.178145217816749233e-07
2.964000000000000000e+03 5.178767013038604964e-07
2.965000000000000000e+03 5.181311722120074344e-07
2.966000000000000000e+03 5.179993647009365742e-07
2.967000000000000000e+03 5.178048318293036932e-07
2.968000000000000000e+03 5.181225233538567258e-07
2.969000000000000000e+03 5.177868244476162548e-07
2.970000000000000000e+03 5.176352384112455659e-07
2.971000000000000000e+03 5.177403859076621854e-07
2.972000000000000000e+03 5.176442685258005648e-07
2.973000000000000000e+03 5.177243844631348260e-07
2.974000000000000000e+03 5.178243287533386002e-07
2.975000000000000000e+03 5.175962219142805662e-07
2.976000000000000000e+03 5.178754661841035572e-07
2.977000000000000000e+03 5.176008619179637799e-07
2.978000000000000000e+03 5.180850069687234099e-07
2.979000000000000000e+03 5.177442966169169609e-07
2.980000000000000000e+03 5.175203896380100705e-07
2.981000000000000000e+03 5.175812676036791606e-07
2.982000000000000000e+03 5.177385656914435415e-07
2.983000000000000000e+03 5.176504675284433481e-07
2.984000000000000000e+03 5.180422383047707831e-07
2.985000000000000000e+03 5.182797489651562365e-07
2.986000000000000000e+03 5.175687646585119060e-07
2.987000000000000000e+03 5.175672026396995674e-07
2.988000000000000000e+03 5.178334713574069451e-07
2.989000000000000000e+03 5.177077518693919595e-07
2.990000000000000000e+03 5.177060652816554101e-07
2.991000000000000000e+03 5.175182772510420777e-07
2.992000000000000000e+03 5.175850590287518331e-07
2.993000000000000000e+03 5.176556186421970646e-07
2.994000000000000000e+03 5.177237291550976956e-07
2.995000000000000000e+03 5.179566186858792391e-07
2.996000000000000000e+03 5.177417425764905663e-07
2.997000000000000000e+03 5.177562363595542662e-07
2.998000000000000000e+03 5.177524132260282064e-07
