0.000000000000000000e+00 1.360767858579696628e-03
1.000000000000000000e+00 1.991907147433231431e-04
2.000000000000000000e+00 1.776691522221447294e-04
3.000000000000000000e+00 1.622247334548252600e-04
4.000000000000000000e+00 1.381812604140852583e-04
5.000000000000000000e+00 8.205182435533356551e-05
6.000000000000000000e+00 7.289208085889213517e-06
7.000000000000000000e+00 4.617030210058085932e-07
8.000000000000000000e+00 2.475057302252518352e-07
9.000000000000000000e+00 2.163139936472259632e-07
1.000000000000000000e+01 1.765476138795696527e-07
1.100000000000000000e+01 1.205236716750071455e-07
1.200000000000000000e+01 6.379670396746284107e-08
1.300000000000000000e+01 3.033399849799161874e-08
1.400000000000000000e+01 1.803911479433335666e-08
1.500000000000000000e+01 4.759814101479378188e-09
1.600000000000000000e+01 1.589919167174187298e-09
1.700000000000000000e+01 1.473106508588972623e-09
1.800000000000000000e+01 9.086900054827926641e-09
1.900000000000000000e+01 1.367389454601147283e-09
2.000000000000000000e+01 5.440172595245349134e-08
2.100000000000000000e+01 4.391432228948814297e-08
2.200000000000000000e+01 1.080652281057314585e-07
2.300000000000000000e+01 6.638697438527229661e-08
2.400000000000000000e+01 1.066120399336549945e-08
2.500000000000000000e+01 9.895390325528547927e-08
2.600000000000000000e+01 2.149639907433770606e-07
2.700000000000000000e+01 2.750359068595721567e-08
2.800000000000000000e+01 2.552481722664260317e-09
2.900000000000000000e+01 1.059889847365239395e-09
3.000000000000000000e+01 2.138715230944231511e-09
3.100000000000000000e+01 1.013526652551915057e-08
3.200000000000000000e+01 7.841544667879822883e-09
3.300000000000000000e+01 1.191053790718918703e-08
3.400000000000000000e+01 1.805340549316063725e-08
3.500000000000000000e+01 2.161921398949573791e-08
3.600000000000000000e+01 5.162424155063314519e-09
3.700000000000000000e+01 1.297641324912822284e-09
3.800000000000000000e+01 4.770771552047746958e-09
3.900000000000000000e+01 2.729533020600384226e-09
4.000000000000000000e+01 5.963453547809898919e-07
4.100000000000000000e+01 1.299789432232014472e-07
4.200000000000000000e+01 5.766970515604997325e-09
4.300000000000000000e+01 1.607916392058179647e-09
4.400000000000000000e+01 1.073574885949072285e-09
4.500000000000000000e+01 1.171103919929855195e-09
4.600000000000000000e+01 1.143425758603362594e-09
4.700000000000000000e+01 8.790002247851816434e-10
4.800000000000000000e+01 1.274210686296812755e-09
4.900000000000000000e+01 1.184140805689554070e-09
5.000000000000000000e+01 9.388319104549453896e-09
5.100000000000000000e+01 9.531936565617829439e-09
5.200000000000000000e+01 5.306753856094701587e-09
5.300000000000000000e+01 2.884596991890459022e-09
5.400000000000000000e+01 9.745978046076383415e-09
5.500000000000000000e+01 1.030652203532803237e-07
5.600000000000000000e+01 2.019331329988799760e-07
5.700000000000000000e+01 5.677929819805770796e-08
5.800000000000000000e+01 2.303836230941063671e-09
5.900000000000000000e+01 1.308133621692219117e-09
6.000000000000000000e+01 1.690728415864768407e-09
6.100000000000000000e+01 1.518635324045065477e-09
6.200000000000000000e+01 1.663547908073481159e-09
6.300000000000000000e+01 1.418129005902012206e-08
6.400000000000000000e+01 2.299726783984455232e-08
6.500000000000000000e+01 3.322795878308744444e-09
6.600000000000000000e+01 4.664836802392270858e-09
6.700000000000000000e+01 1.969141670770401902e-08
6.800000000000000000e+01 2.078952517203032066e-09
6.900000000000000000e+01 2.911537977446952281e-09
7.000000000000000000e+01 1.751054912940934852e-08
7.100000000000000000e+01 1.227113749634054998e-08
7.200000000000000000e+01 6.565561187629633664e-09
7.300000000000000000e+01 1.756124843234895388e-07
7.400000000000000000e+01 4.531011006918631493e-08
7.500000000000000000e+01 3.606286941513247500e-09
7.600000000000000000e+01 1.413300420388802474e-09
7.700000000000000000e+01 1.373026492515269136e-09
7.800000000000000000e+01 1.278219103492138046e-09
7.900000000000000000e+01 2.752877233717225985e-09
8.000000000000000000e+01 9.226648975493936700e-09
8.100000000000000000e+01 2.085181179305518408e-07
8.200000000000000000e+01 5.831641090513836837e-07
8.300000000000000000e+01 1.735780123506199296e-07
8.400000000000000000e+01 1.917523205320846154e-08
8.500000000000000000e+01 2.419186931486875319e-09
8.600000000000000000e+01 2.304426751228930936e-09
8.700000000000000000e+01 1.753637755393860997e-09
8.800000000000000000e+01 1.592866884910424385e-09
8.900000000000000000e+01 2.051775631678889089e-09
9.000000000000000000e+01 1.499040175792554501e-09
9.100000000000000000e+01 3.118772264102631906e-09
9.200000000000000000e+01 1.590002637813882268e-09
9.300000000000000000e+01 9.865889711331304894e-10
9.400000000000000000e+01 1.295461785812779586e-09
9.500000000000000000e+01 1.015975913087859664e-09
9.600000000000000000e+01 1.188570769514615461e-09
9.700000000000000000e+01 6.404005243747550851e-09
9.800000000000000000e+01 2.792784769245394867e-09
9.900000000000000000e+01 1.577993465537316544e-09
1.000000000000000000e+02 1.777230339269552513e-09
1.010000000000000000e+02 1.169555965386114838e-09
1.020000000000000000e+02 9.770229527911409748e-10
1.030000000000000000e+02 8.308416319179878426e-10
1.040000000000000000e+02 8.671929552866372230e-10
1.050000000000000000e+02 2.170472545381176734e-09
1.060000000000000000e+02 7.893420006839703186e-10
1.070000000000000000e+02 1.378737697008063575e-07
1.080000000000000000e+02 3.583664972295831425e-07
1.090000000000000000e+02 5.313562797974164602e-08
1.100000000000000000e+02 6.224057249752756608e-09
1.110000000000000000e+02 2.881632234564761792e-09
1.120000000000000000e+02 1.484499870660756249e-09
1.130000000000000000e+02 1.242009297026771169e-09
1.140000000000000000e+02 1.689623753251104108e-09
1.150000000000000000e+02 1.720948588371787053e-09
1.160000000000000000e+02 2.436752344197321604e-09
1.170000000000000000e+02 1.039402206932672706e-09
1.180000000000000000e+02 1.168872900535408173e-09
1.190000000000000000e+02 1.021506499291234885e-09
1.200000000000000000e+02 2.797594740289733736e-09
1.210000000000000000e+02 2.579240686762319389e-09
1.220000000000000000e+02 1.058817941790339579e-09
1.230000000000000000e+02 1.087870653187238040e-09
1.240000000000000000e+02 1.607764311026272033e-09
1.250000000000000000e+02 2.509929849521796331e-09
1.260000000000000000e+02 1.068210759833871372e-09
1.270000000000000000e+02 6.620009393952962708e-10
1.280000000000000000e+02 1.059460362493950509e-09
1.290000000000000000e+02 2.279283713595926676e-07
1.300000000000000000e+02 5.354785373546813367e-08
1.310000000000000000e+02 6.838550339072603138e-09
1.320000000000000000e+02 1.392789881014337038e-09
1.330000000000000000e+02 1.061107261594943874e-09
1.340000000000000000e+02 1.195233439721897161e-09
1.350000000000000000e+02 8.211217830507277355e-10
1.360000000000000000e+02 9.303947844861971191e-10
1.370000000000000000e+02 7.942289851237370002e-10
1.380000000000000000e+02 1.127956359896264126e-09
1.390000000000000000e+02 1.189825383165299580e-09
1.400000000000000000e+02 1.136652719347051663e-09
1.410000000000000000e+02 1.096542524699492106e-09
1.420000000000000000e+02 1.510648184743419565e-09
1.430000000000000000e+02 2.259092617387322314e-09
1.440000000000000000e+02 6.979247028418434464e-09
1.450000000000000000e+02 1.200774226398240840e-08
1.460000000000000000e+02 5.772549184657176934e-09
1.470000000000000000e+02 4.640054045243262698e-09
1.480000000000000000e+02 3.853154645243469931e-08
1.490000000000000000e+02 1.604301365610597796e-07
1.500000000000000000e+02 9.763237455341143161e-09
1.510000000000000000e+02 1.110738556543685604e-09
1.520000000000000000e+02 7.200571916650445593e-10
1.530000000000000000e+02 8.681058970573797787e-10
1.540000000000000000e+02 1.440870074948116577e-09
1.550000000000000000e+02 1.240094766759347644e-09
1.560000000000000000e+02 1.184325162761263851e-09
1.570000000000000000e+02 2.311287819647595826e-09
1.580000000000000000e+02 2.089398411906342351e-09
1.590000000000000000e+02 1.030420176823138846e-09
1.600000000000000000e+02 1.128721456213761378e-09
1.610000000000000000e+02 4.620859084311257641e-09
1.620000000000000000e+02 1.226181116168191716e-08
1.630000000000000000e+02 2.860074839573038403e-09
1.640000000000000000e+02 8.853966306802645925e-09
1.650000000000000000e+02 5.048356839590312863e-09
1.660000000000000000e+02 1.531424260710005541e-09
1.670000000000000000e+02 3.305841025979808988e-08
1.680000000000000000e+02 7.616608722591737837e-08
1.690000000000000000e+02 9.969849589705662143e-09
1.700000000000000000e+02 2.005856588913772732e-09
1.710000000000000000e+02 1.146493576367536699e-09
1.720000000000000000e+02 8.764338215668022957e-10
1.730000000000000000e+02 7.315122516425460705e-10
1.740000000000000000e+02 5.684353313627109211e-10
1.750000000000000000e+02 6.234759322639269211e-10
1.760000000000000000e+02 8.992399139426758441e-10
1.770000000000000000e+02 1.044262261645492616e-09
1.780000000000000000e+02 1.505742961071626510e-09
1.790000000000000000e+02 1.129008866631209580e-08
1.800000000000000000e+02 1.320119167956675632e-08
1.810000000000000000e+02 5.386933413649868919e-08
1.820000000000000000e+02 1.178684409517105842e-08
1.830000000000000000e+02 1.390419356115021230e-09
1.840000000000000000e+02 5.914511948829787671e-10
1.850000000000000000e+02 9.813382936686118575e-10
1.860000000000000000e+02 6.837299801723210666e-09
1.870000000000000000e+02 1.448973633523626301e-09
1.880000000000000000e+02 1.188093066042058400e-08
1.890000000000000000e+02 2.305085197451242612e-07
1.900000000000000000e+02 1.983103578244977730e-08
1.910000000000000000e+02 1.272652595322832902e-09
1.920000000000000000e+02 5.635726583927106342e-10
1.930000000000000000e+02 5.734572718958434126e-10
1.940000000000000000e+02 5.558170434745282161e-10
1.950000000000000000e+02 6.398895388956785907e-10
1.960000000000000000e+02 8.608812842631060117e-10
1.970000000000000000e+02 5.868447982072412137e-10
1.980000000000000000e+02 6.171913037260225752e-10
1.990000000000000000e+02 8.611143421625942646e-10
2.000000000000000000e+02 7.966475008499880124e-10
2.010000000000000000e+02 4.582260434778788359e-10
2.020000000000000000e+02 5.995034986734825327e-10
2.030000000000000000e+02 4.539839560021054346e-10
2.040000000000000000e+02 3.758452736654911058e-10
2.050000000000000000e+02 4.911498787213015966e-10
2.060000000000000000e+02 5.227129459842348469e-10
2.070000000000000000e+02 3.814226501689690927e-10
2.080000000000000000e+02 4.195187558272474602e-10
2.090000000000000000e+02 6.799122888091476199e-10
2.100000000000000000e+02 8.587452576519439536e-10
2.110000000000000000e+02 7.814273315045750042e-10
2.120000000000000000e+02 1.939119199924533390e-09
2.130000000000000000e+02 1.186735461591983761e-09
2.140000000000000000e+02 1.515386540399357391e-09
2.150000000000000000e+02 6.922909112591494405e-10
2.160000000000000000e+02 8.458881044440282299e-10
2.170000000000000000e+02 2.785723138188050219e-09
2.180000000000000000e+02 3.829144080959363094e-08
2.190000000000000000e+02 2.899834242671819777e-08
2.200000000000000000e+02 8.043127151291293082e-09
2.210000000000000000e+02 2.089883269620102531e-09
2.220000000000000000e+02 5.397215820220618057e-10
2.230000000000000000e+02 3.620133664082922824e-10
2.240000000000000000e+02 3.504046461330954865e-10
2.250000000000000000e+02 3.348372986330048055e-10
2.260000000000000000e+02 8.718449148687774485e-10
2.270000000000000000e+02 2.336678264427162811e-09
2.280000000000000000e+02 2.972685359627233961e-10
2.290000000000000000e+02 9.736129498310959443e-10
2.300000000000000000e+02 1.149421671699735124e-09
2.310000000000000000e+02 7.599762942865985704e-09
2.320000000000000000e+02 1.406429695694567407e-08
2.330000000000000000e+02 1.299486700981561476e-09
2.340000000000000000e+02 3.689500003497651048e-10
2.350000000000000000e+02 3.148912177309790509e-10
2.360000000000000000e+02 8.215668463054822864e-10
2.370000000000000000e+02 1.048140615882589400e-08
2.380000000000000000e+02 6.926023439481008329e-09
2.390000000000000000e+02 7.242499460624704826e-09
2.400000000000000000e+02 1.338975101210330291e-08
2.410000000000000000e+02 3.792635062251296489e-10
2.420000000000000000e+02 8.277426733002902545e-10
2.430000000000000000e+02 2.915600972864716942e-10
2.440000000000000000e+02 6.879962150253058283e-10
2.450000000000000000e+02 5.475007202182126480e-09
2.460000000000000000e+02 1.075795009869038748e-09
2.470000000000000000e+02 1.694998861673182404e-09
2.480000000000000000e+02 4.028658535450792766e-10
2.490000000000000000e+02 2.638112236910474470e-10
2.500000000000000000e+02 3.413630847195102808e-10
2.510000000000000000e+02 6.999187097335049894e-10
2.520000000000000000e+02 9.318851028087644213e-10
2.530000000000000000e+02 4.386395523699560605e-10
2.540000000000000000e+02 4.512517636375819854e-08
2.550000000000000000e+02 5.099860373033714675e-09
2.560000000000000000e+02 4.480055092192936435e-10
2.570000000000000000e+02 4.182401189589964687e-10
2.580000000000000000e+02 2.249121314180395896e-09
2.590000000000000000e+02 7.218944236984870791e-10
2.600000000000000000e+02 4.563522483381058733e-10
2.610000000000000000e+02 3.246278537810754418e-10
2.620000000000000000e+02 3.631448913543832627e-10
2.630000000000000000e+02 3.706437155725587857e-10
2.640000000000000000e+02 8.054004738363267362e-09
2.650000000000000000e+02 6.457834436097475349e-09
2.660000000000000000e+02 2.212818742777871834e-09
2.670000000000000000e+02 9.261158551056793802e-09
2.680000000000000000e+02 9.090838979159245784e-10
2.690000000000000000e+02 1.052439346869741288e-09
2.700000000000000000e+02 1.012400910701866947e-09
2.710000000000000000e+02 4.664107232749261533e-09
2.720000000000000000e+02 7.527042624740863445e-09
2.730000000000000000e+02 2.349794714204145982e-09
2.740000000000000000e+02 2.968783218830591226e-09
2.750000000000000000e+02 4.094098431606169985e-10
2.760000000000000000e+02 4.778289002318369647e-10
2.770000000000000000e+02 5.667907762273173462e-10
2.780000000000000000e+02 1.057959260520624941e-09
2.790000000000000000e+02 1.088340989995471861e-09
2.800000000000000000e+02 5.563406633609783523e-10
2.810000000000000000e+02 6.773097955451593051e-10
2.820000000000000000e+02 3.854584802420514334e-10
2.830000000000000000e+02 3.986419200925038173e-10
2.840000000000000000e+02 1.425768182689044776e-08
2.850000000000000000e+02 3.309188829169401254e-09
2.860000000000000000e+02 1.716910830617412981e-09
2.870000000000000000e+02 8.319793472479537187e-10
2.880000000000000000e+02 1.669971894097453760e-09
2.890000000000000000e+02 7.068458046079342991e-10
2.900000000000000000e+02 4.738836102092681898e-10
2.910000000000000000e+02 2.795101176899617234e-10
2.920000000000000000e+02 6.742106643877788715e-10
2.930000000000000000e+02 1.089255593105179172e-09
2.940000000000000000e+02 2.330267346627741436e-09
2.950000000000000000e+02 4.401736195854086159e-09
2.960000000000000000e+02 2.083445254804044153e-09
2.970000000000000000e+02 3.875017880273073197e-09
2.980000000000000000e+02 9.138326743868824407e-09
2.990000000000000000e+02 1.046020399481818946e-08
3.000000000000000000e+02 2.483976652171933703e-08
3.010000000000000000e+02 1.288483444294202376e-09
3.020000000000000000e+02 3.169484667250243317e-10
3.030000000000000000e+02 2.640622356501330923e-10
3.040000000000000000e+02 2.178250209161006219e-10
3.050000000000000000e+02 2.325199279773461330e-10
3.060000000000000000e+02 2.196404137572771328e-10
3.070000000000000000e+02 2.401936733442680413e-10
3.080000000000000000e+02 2.645578746697802550e-10
3.090000000000000000e+02 2.762085587612299965e-10
3.100000000000000000e+02 3.390968320033432870e-10
3.110000000000000000e+02 2.928580876770581862e-10
3.120000000000000000e+02 2.393735453962491311e-10
3.130000000000000000e+02 1.173744695227427157e-09
3.140000000000000000e+02 6.368715956764493478e-10
3.150000000000000000e+02 1.026683643824534183e-09
3.160000000000000000e+02 4.927541929588459696e-10
3.170000000000000000e+02 9.727397674438625002e-10
3.180000000000000000e+02 1.437808189115377922e-08
3.190000000000000000e+02 1.309106044441890965e-08
3.200000000000000000e+02 6.327325475735663120e-10
3.210000000000000000e+02 3.109927124449442177e-10
3.220000000000000000e+02 2.117885543614825339e-10
3.230000000000000000e+02 2.069729908616548810e-10
3.240000000000000000e+02 2.103985227914175153e-10
3.250000000000000000e+02 1.968581761346056403e-10
3.260000000000000000e+02 1.893378595862954600e-10
3.270000000000000000e+02 2.655511962528480417e-10
3.280000000000000000e+02 5.635872530838011507e-10
3.290000000000000000e+02 4.520908858697801556e-10
3.300000000000000000e+02 2.469294848353439869e-10
3.310000000000000000e+02 1.846802855574201662e-10
3.320000000000000000e+02 3.326616656047087224e-10
3.330000000000000000e+02 2.611400530908331044e-10
3.340000000000000000e+02 2.255696111161750528e-10
3.350000000000000000e+02 6.538200430698431270e-10
3.360000000000000000e+02 2.645261341019361755e-10
3.370000000000000000e+02 1.917819421635198606e-10
3.380000000000000000e+02 2.184515922126186279e-10
3.390000000000000000e+02 3.553240970931384694e-10
3.400000000000000000e+02 3.535274165262864534e-10
3.410000000000000000e+02 3.226065084464516184e-10
3.420000000000000000e+02 1.591551682456186878e-09
3.430000000000000000e+02 3.279009500082630357e-10
3.440000000000000000e+02 1.928023306148204565e-10
3.450000000000000000e+02 4.035650520269675311e-10
3.460000000000000000e+02 4.931237056978233283e-10
3.470000000000000000e+02 3.437786298372309595e-09
3.480000000000000000e+02 2.692422152702311335e-09
3.490000000000000000e+02 2.544316133366923794e-10
3.500000000000000000e+02 3.359389962832782315e-10
3.510000000000000000e+02 1.951704123446549705e-09
3.520000000000000000e+02 1.109559812364642010e-09
3.530000000000000000e+02 1.313621470068690931e-09
3.540000000000000000e+02 3.062793589594093783e-09
3.550000000000000000e+02 3.980696564802249257e-09
3.560000000000000000e+02 6.047968515559911995e-10
3.570000000000000000e+02 1.909634695152057591e-10
3.580000000000000000e+02 1.934276684615001121e-10
3.590000000000000000e+02 1.938442139036334481e-10
3.600000000000000000e+02 1.960939905102690641e-10
3.610000000000000000e+02 1.837840915931123587e-10
3.620000000000000000e+02 1.731505221116482592e-10
3.630000000000000000e+02 1.636302332504565183e-10
3.640000000000000000e+02 2.609223057261827854e-10
3.650000000000000000e+02 1.929480969982168022e-10
3.660000000000000000e+02 1.802717572804087875e-10
3.670000000000000000e+02 2.103817678438650462e-10
3.680000000000000000e+02 7.820467157795587394e-10
3.690000000000000000e+02 8.278251278401132815e-10
3.700000000000000000e+02 3.406929242199797365e-10
3.710000000000000000e+02 3.318297013852237318e-10
3.720000000000000000e+02 3.654274452670135821e-10
3.730000000000000000e+02 3.393454346622693981e-10
3.740000000000000000e+02 3.732057255344265858e-10
3.750000000000000000e+02 2.660045707205612921e-09
3.760000000000000000e+02 1.291205142855021941e-09
3.770000000000000000e+02 9.017688895590785059e-10
3.780000000000000000e+02 3.000134621467105902e-10
3.790000000000000000e+02 5.445034034341121533e-10
3.800000000000000000e+02 5.282216282330975484e-09
3.810000000000000000e+02 2.387432617242666616e-10
3.820000000000000000e+02 1.937608271880871234e-10
3.830000000000000000e+02 3.136346542784443925e-10
3.840000000000000000e+02 1.994516721472933141e-10
3.850000000000000000e+02 1.768961940764563990e-10
3.860000000000000000e+02 1.475196964341186839e-10
3.870000000000000000e+02 1.505177373264618148e-10
3.880000000000000000e+02 1.528324029822946399e-10
3.890000000000000000e+02 1.557709945609683400e-10
3.900000000000000000e+02 2.383050297437785459e-10
3.910000000000000000e+02 3.104986270574302480e-10
3.920000000000000000e+02 2.295363141753740979e-10
3.930000000000000000e+02 2.706801229873282547e-10
3.940000000000000000e+02 2.557456394171679579e-10
3.950000000000000000e+02 3.865143653029492620e-10
3.960000000000000000e+02 2.317845217444088029e-10
3.970000000000000000e+02 1.926426200106517664e-10
3.980000000000000000e+02 6.640670046584965814e-10
3.990000000000000000e+02 7.457276630357288464e-10
4.000000000000000000e+02 4.255794945971829116e-09
4.010000000000000000e+02 8.518466436687060287e-09
4.020000000000000000e+02 3.450060883958866732e-10
4.030000000000000000e+02 1.604152927470345110e-10
4.040000000000000000e+02 2.046310880376655172e-10
4.050000000000000000e+02 1.535824267153468205e-10
4.060000000000000000e+02 1.570600578804655187e-10
4.070000000000000000e+02 1.727867297382891447e-10
4.080000000000000000e+02 1.408137910793705911e-10
4.090000000000000000e+02 1.476113863700648703e-10
4.100000000000000000e+02 1.434807182902369128e-10
4.110000000000000000e+02 2.005863299246043903e-10
4.120000000000000000e+02 1.473842018632271025e-10
4.130000000000000000e+02 1.465349255631315619e-10
4.140000000000000000e+02 1.417020151811192012e-10
4.150000000000000000e+02 1.491637465995054911e-10
4.160000000000000000e+02 1.636948873950215129e-10
4.170000000000000000e+02 2.158698693871219439e-10
4.180000000000000000e+02 1.458219123711263293e-10
4.190000000000000000e+02 2.732278679613880684e-10
4.200000000000000000e+02 1.418941207338445387e-10
4.210000000000000000e+02 1.510886832048398929e-10
4.220000000000000000e+02 2.060468378434584979e-10
4.230000000000000000e+02 2.443577073699807477e-10
4.240000000000000000e+02 2.581259547334456383e-10
4.250000000000000000e+02 1.507019543203145616e-10
4.260000000000000000e+02 1.866857342691539310e-10
4.270000000000000000e+02 1.259788081060266127e-10
4.280000000000000000e+02 1.550067219678793595e-10
4.290000000000000000e+02 2.737193891215023262e-10
4.300000000000000000e+02 1.780406742528061971e-10
4.310000000000000000e+02 2.248639036539829740e-10
4.320000000000000000e+02 2.308437553903475689e-10
4.330000000000000000e+02 1.445405867126716883e-10
4.340000000000000000e+02 1.790183773295168432e-09
4.350000000000000000e+02 3.301495772707806547e-09
4.360000000000000000e+02 5.549360898677912090e-10
4.370000000000000000e+02 1.936047260705522604e-10
4.380000000000000000e+02 1.320244043105767316e-10
4.390000000000000000e+02 1.550352724673170566e-10
4.400000000000000000e+02 1.280305248745648153e-10
4.410000000000000000e+02 2.269637618525789901e-10
4.420000000000000000e+02 2.137958033822016083e-10
4.430000000000000000e+02 1.248410187821411048e-10
4.440000000000000000e+02 1.633747259955812543e-10
4.450000000000000000e+02 1.438235993527555576e-10
4.460000000000000000e+02 2.882572507157096989e-10
4.470000000000000000e+02 4.110782333683828678e-10
4.480000000000000000e+02 1.217042851628775129e-10
4.490000000000000000e+02 1.385140810274091389e-10
4.500000000000000000e+02 1.362239902899865283e-10
4.510000000000000000e+02 1.611365793293574397e-10
4.520000000000000000e+02 1.343491272668435027e-10
4.530000000000000000e+02 1.456539428137848587e-10
4.540000000000000000e+02 1.251396732895460227e-10
4.550000000000000000e+02 1.290083819275038866e-10
4.560000000000000000e+02 1.222650983793607282e-10
4.570000000000000000e+02 1.590740344833989882e-10
4.580000000000000000e+02 2.127207525351664025e-10
4.590000000000000000e+02 2.218231231185588563e-10
4.600000000000000000e+02 1.468759454680494204e-09
4.610000000000000000e+02 2.325428013965588001e-10
4.620000000000000000e+02 1.488934879203613637e-10
4.630000000000000000e+02 1.379056480057858572e-10
4.640000000000000000e+02 1.333151145994693657e-10
4.650000000000000000e+02 1.269949443382536461e-10
4.660000000000000000e+02 1.267147596576312910e-10
4.670000000000000000e+02 1.325495023644151238e-10
4.680000000000000000e+02 1.379737983367157571e-10
4.690000000000000000e+02 1.159559323606851237e-10
4.700000000000000000e+02 2.180799987166000033e-10
4.710000000000000000e+02 2.178893466406624032e-10
4.720000000000000000e+02 1.867920961737606649e-10
4.730000000000000000e+02 1.394053793407849591e-10
4.740000000000000000e+02 1.314877116619706786e-10
4.750000000000000000e+02 1.574789064244344733e-10
4.760000000000000000e+02 1.934015912041750261e-10
4.770000000000000000e+02 1.981644023286286586e-10
4.780000000000000000e+02 1.346409658419809105e-10
4.790000000000000000e+02 1.447905939644936523e-10
4.800000000000000000e+02 1.524247726914130713e-10
4.810000000000000000e+02 1.468204063568415336e-10
4.820000000000000000e+02 2.136977748753931872e-10
4.830000000000000000e+02 5.263339478604354094e-10
4.840000000000000000e+02 5.083283799725392186e-10
4.850000000000000000e+02 1.555212011504378241e-10
4.860000000000000000e+02 1.331546329078700251e-10
4.870000000000000000e+02 2.360728868810628643e-10
4.880000000000000000e+02 1.200007776844380369e-10
4.890000000000000000e+02 1.563965716705644734e-10
4.900000000000000000e+02 5.517371177145398701e-10
4.910000000000000000e+02 1.942719288527982861e-10
4.920000000000000000e+02 1.138314450279197852e-10
4.930000000000000000e+02 1.465894917505509672e-10
4.940000000000000000e+02 1.136469251776010593e-10
4.950000000000000000e+02 1.303346066462015210e-10
4.960000000000000000e+02 1.442257100774542661e-10
4.970000000000000000e+02 1.274961134748697308e-10
4.980000000000000000e+02 1.257655253104000587e-10
4.990000000000000000e+02 3.317413972237199744e-10
5.000000000000000000e+02 2.455521430138618385e-10
5.010000000000000000e+02 1.083016164224321489e-10
5.020000000000000000e+02 1.097988300961675218e-10
5.030000000000000000e+02 1.150954038947363476e-10
5.040000000000000000e+02 1.163758667544915422e-10
5.050000000000000000e+02 1.850157152609212895e-10
5.060000000000000000e+02 2.434974219151397581e-10
5.070000000000000000e+02 3.333935280977446173e-10
5.080000000000000000e+02 1.160160307807829917e-10
5.090000000000000000e+02 2.164768853965968791e-10
5.100000000000000000e+02 2.019455462121732606e-10
5.110000000000000000e+02 1.191923136151414590e-10
5.120000000000000000e+02 1.356135792804263143e-10
5.130000000000000000e+02 1.337510554896597468e-10
5.140000000000000000e+02 1.544270503220961366e-10
5.150000000000000000e+02 3.004656256859185836e-10
5.160000000000000000e+02 1.229270604026964069e-10
5.170000000000000000e+02 1.164340154560171009e-10
5.180000000000000000e+02 2.280603070012818084e-10
5.190000000000000000e+02 2.013075710817150281e-10
5.200000000000000000e+02 1.192456472095861150e-10
5.210000000000000000e+02 1.208206689699031055e-10
5.220000000000000000e+02 2.060616044902109662e-10
5.230000000000000000e+02 1.072724276319314341e-10
5.240000000000000000e+02 1.033942345380011066e-10
5.250000000000000000e+02 1.271983894566329643e-10
5.260000000000000000e+02 1.099795343944861115e-10
5.270000000000000000e+02 1.295396931066922077e-10
5.280000000000000000e+02 1.327393683576503519e-10
5.290000000000000000e+02 2.105029125719122854e-10
5.300000000000000000e+02 1.152750038750003430e-10
5.310000000000000000e+02 1.221414673077555241e-10
5.320000000000000000e+02 1.528187357895876015e-10
5.330000000000000000e+02 1.206226889882150163e-10
5.340000000000000000e+02 2.513711771934013747e-10
5.350000000000000000e+02 1.464566232129532540e-10
5.360000000000000000e+02 1.117747240307237680e-10
5.370000000000000000e+02 1.060258293190345382e-10
5.380000000000000000e+02 1.418882441270350719e-10
5.390000000000000000e+02 1.406022415057201891e-10
5.400000000000000000e+02 1.119746014547084614e-10
5.410000000000000000e+02 1.032429375162063840e-10
5.420000000000000000e+02 1.175483942691965866e-10
5.430000000000000000e+02 1.250483615539740501e-10
5.440000000000000000e+02 1.073043628834476655e-10
5.450000000000000000e+02 1.056566535256574209e-10
5.460000000000000000e+02 1.275565550956069620e-10
5.470000000000000000e+02 1.563859968935968612e-10
5.480000000000000000e+02 2.369671244150694902e-10
5.490000000000000000e+02 1.570968589091562416e-10
5.500000000000000000e+02 1.726181461189130001e-10
5.510000000000000000e+02 1.573754847230107151e-10
5.520000000000000000e+02 2.723820184612340054e-10
5.530000000000000000e+02 1.657627917768604954e-10
5.540000000000000000e+02 1.133731001104694260e-10
5.550000000000000000e+02 1.069013616602695795e-10
5.560000000000000000e+02 1.058443745143279523e-10
5.570000000000000000e+02 1.103483253611978961e-10
5.580000000000000000e+02 1.019099400073647293e-10
5.590000000000000000e+02 1.108710504879121089e-10
5.600000000000000000e+02 1.031372975835110554e-10
5.610000000000000000e+02 1.044121634663998618e-10
5.620000000000000000e+02 1.037557113905149638e-10
5.630000000000000000e+02 1.075467892202265830e-10
5.640000000000000000e+02 1.139741478092129100e-10
5.650000000000000000e+02 1.308241482958562524e-10
5.660000000000000000e+02 1.077874050206156719e-10
5.670000000000000000e+02 1.040637431721439461e-10
5.680000000000000000e+02 1.078857590216480432e-10
5.690000000000000000e+02 4.225833588235188287e-10
5.700000000000000000e+02 6.317708280280174018e-10
5.710000000000000000e+02 1.446813976924105926e-10
5.720000000000000000e+02 9.670805716873489707e-11
5.730000000000000000e+02 1.041671365122530252e-10
5.740000000000000000e+02 9.560932899868087990e-11
5.750000000000000000e+02 9.823540212957777508e-11
5.760000000000000000e+02 9.323482456162071686e-11
5.770000000000000000e+02 9.366815843164010563e-11
5.780000000000000000e+02 1.046793561485338989e-10
5.790000000000000000e+02 1.017252974877600890e-10
5.800000000000000000e+02 1.034639655063140397e-10
5.810000000000000000e+02 1.071586264845786006e-10
5.820000000000000000e+02 9.471073691861568415e-11
5.830000000000000000e+02 9.506760497672822485e-11
5.840000000000000000e+02 9.551180133231351755e-11
5.850000000000000000e+02 9.983576125276681758e-11
5.860000000000000000e+02 9.444701052452473926e-11
5.870000000000000000e+02 1.065242532931202941e-10
5.880000000000000000e+02 9.689734203506666763e-11
5.890000000000000000e+02 1.015580682192441104e-10
5.900000000000000000e+02 9.616704019029813417e-11
5.910000000000000000e+02 9.399365885865016423e-11
5.920000000000000000e+02 1.015088108744560314e-10
5.930000000000000000e+02 9.661894326939162149e-11
5.940000000000000000e+02 1.216934720885801703e-10
5.950000000000000000e+02 1.062107642572487268e-10
5.960000000000000000e+02 9.938624638970300700e-11
5.970000000000000000e+02 1.267757082187410674e-10
5.980000000000000000e+02 9.832641206192327825e-11
5.990000000000000000e+02 9.688848281331973151e-11
6.000000000000000000e+02 1.088510545253182300e-10
6.010000000000000000e+02 9.347237120684202461e-11
6.020000000000000000e+02 9.659575183144391841e-11
6.030000000000000000e+02 9.713783512170327493e-11
6.040000000000000000e+02 9.585801138189779995e-11
6.050000000000000000e+02 1.257416809318768730e-10
6.060000000000000000e+02 1.014793072572726500e-10
6.070000000000000000e+02 1.170971663746834983e-10
6.080000000000000000e+02 9.186022806953723133e-11
6.090000000000000000e+02 1.094479974564314584e-10
6.100000000000000000e+02 1.470318003092408908e-10
6.110000000000000000e+02 1.054583610055330830e-10
6.120000000000000000e+02 9.746425498471830276e-11
6.130000000000000000e+02 9.756217759704528544e-11
6.140000000000000000e+02 9.644450783452902911e-11
6.150000000000000000e+02 9.166830908922727941e-11
6.160000000000000000e+02 9.567053254634986172e-11
6.170000000000000000e+02 9.269340722286634269e-11
6.180000000000000000e+02 9.548627516559810741e-11
6.190000000000000000e+02 1.103845989169913494e-10
6.200000000000000000e+02 1.221062936414340569e-10
6.210000000000000000e+02 9.879355886834856548e-11
6.220000000000000000e+02 1.246888341288806818e-10
6.230000000000000000e+02 1.173165504148030312e-10
6.240000000000000000e+02 1.140415304780818101e-10
6.250000000000000000e+02 1.048436777169537744e-10
6.260000000000000000e+02 1.121270055839408780e-10
6.270000000000000000e+02 9.493040717361790598e-11
6.280000000000000000e+02 9.275555830970519023e-11
6.290000000000000000e+02 9.089551855621602035e-11
6.300000000000000000e+02 9.190703480234880838e-11
6.310000000000000000e+02 1.092489842739291631e-10
6.320000000000000000e+02 9.710502433107534174e-11
6.330000000000000000e+02 9.786799579951856170e-11
6.340000000000000000e+02 1.056926415906130886e-10
6.350000000000000000e+02 9.993988006526991535e-11
6.360000000000000000e+02 1.314039742556253435e-10
6.370000000000000000e+02 9.241466260968277332e-11
6.380000000000000000e+02 8.933595951833594043e-11
6.390000000000000000e+02 1.026973247636700966e-10
6.400000000000000000e+02 9.177517858565802661e-11
6.410000000000000000e+02 9.149555502975246554e-11
6.420000000000000000e+02 9.494905905672702410e-11
6.430000000000000000e+02 9.356850970486032804e-11
6.440000000000000000e+02 8.889299170692596493e-11
6.450000000000000000e+02 8.945433031830833175e-11
6.460000000000000000e+02 1.065212913833302815e-10
6.470000000000000000e+02 9.569993065804526214e-11
6.480000000000000000e+02 1.098962821142398100e-10
6.490000000000000000e+02 1.120703375568252900e-10
6.500000000000000000e+02 9.517453962236483387e-11
6.510000000000000000e+02 8.806397509041695886e-11
6.520000000000000000e+02 9.612996230807236774e-11
6.530000000000000000e+02 9.363510706880021626e-11
6.540000000000000000e+02 9.809344307554317197e-11
6.550000000000000000e+02 9.634735834980661159e-11
6.560000000000000000e+02 9.137521876252407000e-11
6.570000000000000000e+02 1.020962267251764548e-10
6.580000000000000000e+02 9.826777853915550618e-11
6.590000000000000000e+02 9.052708548906103800e-11
6.600000000000000000e+02 1.016011335118524013e-10
6.610000000000000000e+02 1.020170458212873842e-10
6.620000000000000000e+02 8.864066041302036274e-11
6.630000000000000000e+02 1.065287456414143668e-10
6.640000000000000000e+02 9.193966096198135674e-11
6.650000000000000000e+02 9.446166638030845667e-11
6.660000000000000000e+02 8.958643785533242756e-11
6.670000000000000000e+02 9.704168724894258357e-11
6.680000000000000000e+02 8.733787134642370370e-11
6.690000000000000000e+02 9.238228771221020127e-11
6.700000000000000000e+02 8.943263727601025221e-11
6.710000000000000000e+02 9.541303769545393392e-11
6.720000000000000000e+02 8.860701415655144016e-11
6.730000000000000000e+02 8.801676274279919631e-11
6.740000000000000000e+02 9.637336527645965454e-11
6.750000000000000000e+02 9.765449493949479841e-11
6.760000000000000000e+02 9.527247244371066960e-11
6.770000000000000000e+02 8.926988040194777882e-11
6.780000000000000000e+02 8.893653095910603821e-11
6.790000000000000000e+02 9.567658759416011193e-11
6.800000000000000000e+02 8.934715257786726861e-11
6.810000000000000000e+02 8.543375822664176919e-11
6.820000000000000000e+02 9.056446184189205062e-11
6.830000000000000000e+02 9.039446563687303965e-11
6.840000000000000000e+02 8.624401685520771072e-11
6.850000000000000000e+02 9.581836228155667678e-11
6.860000000000000000e+02 8.960599132078873940e-11
6.870000000000000000e+02 8.665495587269286867e-11
6.880000000000000000e+02 1.055633200129553534e-10
6.890000000000000000e+02 8.574288619193861906e-11
6.900000000000000000e+02 1.022841325313855319e-10
6.910000000000000000e+02 8.923249590121534294e-11
6.920000000000000000e+02 8.751291177340521028e-11
6.930000000000000000e+02 9.258895924490105078e-11
6.940000000000000000e+02 8.585594914466274374e-11
6.950000000000000000e+02 9.301716077393066134e-11
6.960000000000000000e+02 8.709785778382788167e-11
6.970000000000000000e+02 8.965407560767346605e-11
6.980000000000000000e+02 9.627221992770980034e-11
6.990000000000000000e+02 8.925004353748136750e-11
7.000000000000000000e+02 8.645192039030586294e-11
7.010000000000000000e+02 8.893879824273718100e-11
7.020000000000000000e+02 8.663673517271060065e-11
7.030000000000000000e+02 8.721129418538477120e-11
7.040000000000000000e+02 8.630861947873332050e-11
7.050000000000000000e+02 9.621643982435670614e-11
7.060000000000000000e+02 8.692094001545415904e-11
7.070000000000000000e+02 8.631575028545091226e-11
7.080000000000000000e+02 9.350685796908728240e-11
7.090000000000000000e+02 8.703231428614458622e-11
7.100000000000000000e+02 8.562577035922183798e-11
7.110000000000000000e+02 8.562798884734182913e-11
7.120000000000000000e+02 9.614464475067811168e-11
7.130000000000000000e+02 9.292193049687071147e-11
7.140000000000000000e+02 8.650249224364050720e-11
7.150000000000000000e+02 8.656318054567494261e-11
7.160000000000000000e+02 8.744365400252852310e-11
7.170000000000000000e+02 8.648384318718431326e-11
7.180000000000000000e+02 9.058736108094043963e-11
7.190000000000000000e+02 8.543496573182356694e-11
7.200000000000000000e+02 8.352873342176570080e-11
7.210000000000000000e+02 8.581890851553750924e-11
7.220000000000000000e+02 8.390818545242761549e-11
7.230000000000000000e+02 8.490569819903420097e-11
7.240000000000000000e+02 8.532599423380555212e-11
7.250000000000000000e+02 8.706776909314435069e-11
7.260000000000000000e+02 8.360459742422452579e-11
7.270000000000000000e+02 8.722526861386202960e-11
7.280000000000000000e+02 8.590599691080308534e-11
7.290000000000000000e+02 8.421795062390313567e-11
7.300000000000000000e+02 8.711556449264091074e-11
7.310000000000000000e+02 8.673239108465041770e-11
7.320000000000000000e+02 8.437867461258457175e-11
7.330000000000000000e+02 9.400784931540254521e-11
7.340000000000000000e+02 8.429682534442707755e-11
7.350000000000000000e+02 8.806674785823336253e-11
7.360000000000000000e+02 8.753254972756893672e-11
7.370000000000000000e+02 8.452367984190183626e-11
7.380000000000000000e+02 8.507615136590180563e-11
7.390000000000000000e+02 8.323677698664992102e-11
7.400000000000000000e+02 8.523118504468896735e-11
7.410000000000000000e+02 8.759066126189873806e-11
7.420000000000000000e+02 8.461878017622310805e-11
7.430000000000000000e+02 9.492109934661921907e-11
7.440000000000000000e+02 8.922156063526134524e-11
7.450000000000000000e+02 8.568073527955196884e-11
7.460000000000000000e+02 9.253190369991023764e-11
7.470000000000000000e+02 8.750115062217205302e-11
7.480000000000000000e+02 8.384807758106820275e-11
7.490000000000000000e+02 8.246341946687977081e-11
7.500000000000000000e+02 8.374530934029806641e-11
7.510000000000000000e+02 8.268288217398928831e-11
7.520000000000000000e+02 8.409567006366582393e-11
7.530000000000000000e+02 8.794792974582530942e-11
7.540000000000000000e+02 8.205418521976287259e-11
7.550000000000000000e+02 8.351329746244837648e-11
7.560000000000000000e+02 8.431131538917848156e-11
7.570000000000000000e+02 8.566257616519934732e-11
7.580000000000000000e+02 8.392653470578873365e-11
7.590000000000000000e+02 8.484594639998877724e-11
7.600000000000000000e+02 8.770474247178844862e-11
7.610000000000000000e+02 8.375855615057132199e-11
7.620000000000000000e+02 8.394312498282500088e-11
7.630000000000000000e+02 8.545303398755892544e-11
7.640000000000000000e+02 8.447662826935904333e-11
7.650000000000000000e+02 8.483657791024640901e-11
7.660000000000000000e+02 8.293977799380567200e-11
7.670000000000000000e+02 8.566559713922139676e-11
7.680000000000000000e+02 8.261987664285809637e-11
7.690000000000000000e+02 8.321138446508191196e-11
7.700000000000000000e+02 8.240663940080029239e-11
7.710000000000000000e+02 8.091445388108449646e-11
7.720000000000000000e+02 8.309148506274766443e-11
7.730000000000000000e+02 8.267054600541872033e-11
7.740000000000000000e+02 8.305338522165630196e-11
7.750000000000000000e+02 8.526180230874361712e-11
7.760000000000000000e+02 8.191536921404856622e-11
7.770000000000000000e+02 8.160599433926848124e-11
7.780000000000000000e+02 8.220276776099696016e-11
7.790000000000000000e+02 8.264480113144818635e-11
7.800000000000000000e+02 8.309444520580708060e-11
7.810000000000000000e+02 8.331880781913071617e-11
7.820000000000000000e+02 8.873118548575442748e-11
7.830000000000000000e+02 8.328314410251241695e-11
7.840000000000000000e+02 8.250806421417143448e-11
7.850000000000000000e+02 8.073579583470281826e-11
7.860000000000000000e+02 8.154927347319101448e-11
7.870000000000000000e+02 8.130174369784718631e-11
7.880000000000000000e+02 8.203442143335277506e-11
7.890000000000000000e+02 8.483911771850526378e-11
7.900000000000000000e+02 8.229099603789027534e-11
7.910000000000000000e+02 8.245553618124444912e-11
7.920000000000000000e+02 8.115114548409332109e-11
7.930000000000000000e+02 8.102345683557725821e-11
7.940000000000000000e+02 8.262164894965397198e-11
7.950000000000000000e+02 8.222232456129192087e-11
7.960000000000000000e+02 8.375010588148372488e-11
7.970000000000000000e+02 8.102223304248748421e-11
7.980000000000000000e+02 8.124254510211634907e-11
7.990000000000000000e+02 8.182778739821142786e-11
8.000000000000000000e+02 8.137777273940221013e-11
8.010000000000000000e+02 8.425990620437104774e-11
8.020000000000000000e+02 8.388458873862570415e-11
8.030000000000000000e+02 8.262965929490513322e-11
8.040000000000000000e+02 8.358093996101541423e-11
8.050000000000000000e+02 8.128982915196705921e-11
8.060000000000000000e+02 8.136445231421014102e-11
8.070000000000000000e+02 8.277008621794919264e-11
8.080000000000000000e+02 8.111715026906323801e-11
8.090000000000000000e+02 8.163208798179527683e-11
8.100000000000000000e+02 8.241915179096049886e-11
8.110000000000000000e+02 8.077337649234931936e-11
8.120000000000000000e+02 8.011506655421009150e-11
8.130000000000000000e+02 8.303060344548961112e-11
8.140000000000000000e+02 8.259267037109032146e-11
8.150000000000000000e+02 8.238123241094596929e-11
8.160000000000000000e+02 8.162698173568639984e-11
8.170000000000000000e+02 8.253008405366106260e-11
8.180000000000000000e+02 8.242191386303696375e-11
8.190000000000000000e+02 8.027044787403140252e-11
8.200000000000000000e+02 8.460306493564664328e-11
8.210000000000000000e+02 8.103235186666581769e-11
8.220000000000000000e+02 8.018743226144344826e-11
8.230000000000000000e+02 8.236164232199532232e-11
8.240000000000000000e+02 8.032628221239154177e-11
8.250000000000000000e+02 8.335210702476270806e-11
8.260000000000000000e+02 8.008794804246269263e-11
8.270000000000000000e+02 8.279344856368160081e-11
8.280000000000000000e+02 8.053389364442267893e-11
8.290000000000000000e+02 8.021060221648592165e-11
8.300000000000000000e+02 8.165125074149573380e-11
8.310000000000000000e+02 7.967357587112358438e-11
8.320000000000000000e+02 8.113197156531072960e-11
8.330000000000000000e+02 8.065793628955438606e-11
8.340000000000000000e+02 8.030261971381053643e-11
8.350000000000000000e+02 8.076658600227552498e-11
8.360000000000000000e+02 8.077574020636551126e-11
8.370000000000000000e+02 8.042815386839244428e-11
8.380000000000000000e+02 8.001928982359572350e-11
8.390000000000000000e+02 8.065243674301304462e-11
8.400000000000000000e+02 8.115836075034919902e-11
8.410000000000000000e+02 7.929275824110701282e-11
8.420000000000000000e+02 8.064534562279724204e-11
8.430000000000000000e+02 7.972873910475098101e-11
8.440000000000000000e+02 8.172834941883905992e-11
8.450000000000000000e+02 8.276811861396885278e-11
8.460000000000000000e+02 8.040735078844440876e-11
8.470000000000000000e+02 8.129717410352583168e-11
8.480000000000000000e+02 8.052925878630782536e-11
8.490000000000000000e+02 8.126460637797797918e-11
8.500000000000000000e+02 8.012016430860898384e-11
8.510000000000000000e+02 7.994746839012801774e-11
8.520000000000000000e+02 8.173224852016632806e-11
8.530000000000000000e+02 7.955114372151950143e-11
8.540000000000000000e+02 8.076357709866778787e-11
8.550000000000000000e+02 7.930047834655870896e-11
8.560000000000000000e+02 8.120239917174184638e-11
8.570000000000000000e+02 8.050387441671965357e-11
8.580000000000000000e+02 7.929446273104843039e-11
8.590000000000000000e+02 7.941131726744772365e-11
8.600000000000000000e+02 8.059341603608629446e-11
8.610000000000000000e+02 8.073527631949598865e-11
8.620000000000000000e+02 7.983325144703052355e-11
8.630000000000000000e+02 8.006577515992084256e-11
8.640000000000000000e+02 7.907690638058388442e-11
8.650000000000000000e+02 8.029813051479428031e-11
8.660000000000000000e+02 7.940040026529295572e-11
8.670000000000000000e+02 7.936848936115756951e-11
8.680000000000000000e+02 7.995745348900092240e-11
8.690000000000000000e+02 7.928536688560797750e-11
8.700000000000000000e+02 7.932738470064744157e-11
8.710000000000000000e+02 8.192231651280042877e-11
8.720000000000000000e+02 7.923704800495776311e-11
8.730000000000000000e+02 7.952269099725751788e-11
8.740000000000000000e+02 8.033065099226459767e-11
8.750000000000000000e+02 7.970809765691544385e-11
8.760000000000000000e+02 7.940363763071688488e-11
8.770000000000000000e+02 7.908666578001937748e-11
8.780000000000000000e+02 7.970024053981215115e-11
8.790000000000000000e+02 7.918644004618745187e-11
8.800000000000000000e+02 7.957939171578526132e-11
8.810000000000000000e+02 7.897256639909375392e-11
8.820000000000000000e+02 7.901298383782412983e-11
8.830000000000000000e+02 7.886204638099912327e-11
8.840000000000000000e+02 7.872975354800025600e-11
8.850000000000000000e+02 7.920329299631787293e-11
8.860000000000000000e+02 7.890764906010858691e-11
8.870000000000000000e+02 7.932576437534079916e-11
8.880000000000000000e+02 7.962357635731328171e-11
8.890000000000000000e+02 8.051967844787728368e-11
8.900000000000000000e+02 7.951432285787869947e-11
8.910000000000000000e+02 7.985729285080156601e-11
8.920000000000000000e+02 7.867267802025131325e-11
8.930000000000000000e+02 7.930441166491475699e-11
8.940000000000000000e+02 8.089220688358148158e-11
8.950000000000000000e+02 7.916285878300562310e-11
8.960000000000000000e+02 7.991894507049567809e-11
8.970000000000000000e+02 7.926292435620186032e-11
8.980000000000000000e+02 7.845313084122195999e-11
8.990000000000000000e+02 7.897431098785698894e-11
9.000000000000000000e+02 7.942491139155550082e-11
9.010000000000000000e+02 7.996182601161514909e-11
9.020000000000000000e+02 7.844970583746978506e-11
9.030000000000000000e+02 7.832182869162445355e-11
9.040000000000000000e+02 7.821616008971162353e-11
9.050000000000000000e+02 7.831676844799638239e-11
9.060000000000000000e+02 7.854082649584798294e-11
9.070000000000000000e+02 7.886319573579252454e-11
9.080000000000000000e+02 7.815624212536081817e-11
9.090000000000000000e+02 7.889410219207678073e-11
9.100000000000000000e+02 7.859115779602942932e-11
9.110000000000000000e+02 7.822932907680650320e-11
9.120000000000000000e+02 7.890748692755647084e-11
9.130000000000000000e+02 7.814357180068736269e-11
9.140000000000000000e+02 7.871747766475498623e-11
9.150000000000000000e+02 7.839896997822803306e-11
9.160000000000000000e+02 7.818256142233900161e-11
9.170000000000000000e+02 7.778346247831439443e-11
9.180000000000000000e+02 7.897908209688007340e-11
9.190000000000000000e+02 8.009993885422953787e-11
9.200000000000000000e+02 7.900913403096406967e-11
9.210000000000000000e+02 7.885506059554635435e-11
9.220000000000000000e+02 7.849099780231911012e-11
9.230000000000000000e+02 7.809835216114675066e-11
9.240000000000000000e+02 7.843048698884842682e-11
9.250000000000000000e+02 7.802097070134456967e-11
9.260000000000000000e+02 7.824941914229360769e-11
9.270000000000000000e+02 7.857295669210294281e-11
9.280000000000000000e+02 7.978648823607011394e-11
9.290000000000000000e+02 7.836030637276999991e-11
9.300000000000000000e+02 7.795155670708871491e-11
9.310000000000000000e+02 7.873886802990781058e-11
9.320000000000000000e+02 7.800372720407472570e-11
9.330000000000000000e+02 7.838242954809560426e-11
9.340000000000000000e+02 7.907927606674925752e-11
9.350000000000000000e+02 7.777214050912770353e-11
9.360000000000000000e+02 7.815696723660003956e-11
9.370000000000000000e+02 7.842709846842179493e-11
9.380000000000000000e+02 7.822317683261518961e-11
9.390000000000000000e+02 7.801770510636987473e-11
9.400000000000000000e+02 7.811231083989398234e-11
9.410000000000000000e+02 7.772995857255030351e-11
9.420000000000000000e+02 7.821211835237423819e-11
9.430000000000000000e+02 7.811570627940730356e-11
9.440000000000000000e+02 8.001634512396782849e-11
9.450000000000000000e+02 7.773342233100831353e-11
9.460000000000000000e+02 7.806500513730937123e-11
9.470000000000000000e+02 7.880690617433858398e-11
9.480000000000000000e+02 7.869721385382204241e-11
9.490000000000000000e+02 7.858240689917063997e-11
9.500000000000000000e+02 7.811469891262931334e-11
9.510000000000000000e+02 7.854811511900486588e-11
9.520000000000000000e+02 7.811581242898973072e-11
9.530000000000000000e+02 7.806805696710467286e-11
9.540000000000000000e+02 7.849805443472928308e-11
9.550000000000000000e+02 7.849371966174830274e-11
9.560000000000000000e+02 7.804055040604615122e-11
9.570000000000000000e+02 7.794826278362230704e-11
9.580000000000000000e+02 7.764337401182077170e-11
9.590000000000000000e+02 7.820006949921309611e-11
9.600000000000000000e+02 7.763099302997204202e-11
9.610000000000000000e+02 7.823238676701978452e-11
9.620000000000000000e+02 7.758744484524079414e-11
9.630000000000000000e+02 7.767519017081525132e-11
9.640000000000000000e+02 7.753218233058111185e-11
9.650000000000000000e+02 7.827022356830019461e-11
9.660000000000000000e+02 7.801115880545273005e-11
9.670000000000000000e+02 7.767424340574727874e-11
9.680000000000000000e+02 7.746962533636661301e-11
9.690000000000000000e+02 7.788940498617370287e-11
9.700000000000000000e+02 7.821160697740717481e-11
9.710000000000000000e+02 7.768615748643055483e-11
9.720000000000000000e+02 7.757712933922631248e-11
9.730000000000000000e+02 7.737844139357932757e-11
9.740000000000000000e+02 7.791725137497699546e-11
9.750000000000000000e+02 7.763602259532654677e-11
9.760000000000000000e+02 7.760406323924058417e-11
9.770000000000000000e+02 7.737603468262979896e-11
9.780000000000000000e+02 7.760556465452484700e-11
9.790000000000000000e+02 7.800652475916232040e-11
9.800000000000000000e+02 7.735170808632949328e-11
9.810000000000000000e+02 7.741720804860914583e-11
9.820000000000000000e+02 7.720010772693806379e-11
9.830000000000000000e+02 7.754839832419048591e-11
9.840000000000000000e+02 7.798442625877294126e-11
9.850000000000000000e+02 7.925177457235075889e-11
9.860000000000000000e+02 7.746788768315509740e-11
9.870000000000000000e+02 7.691624523377761820e-11
9.880000000000000000e+02 7.738334565738654774e-11
9.890000000000000000e+02 7.807282162989333339e-11
9.900000000000000000e+02 7.811288133543270301e-11
9.910000000000000000e+02 7.815875349967913061e-11
9.920000000000000000e+02 7.711707416491846757e-11
9.930000000000000000e+02 7.780198131619597222e-11
9.940000000000000000e+02 7.740917128153541968e-11
9.950000000000000000e+02 7.745384624756547523e-11
9.960000000000000000e+02 7.727732834493720967e-11
9.970000000000000000e+02 7.742328190577785692e-11
9.980000000000000000e+02 7.750014230239698717e-11
9.990000000000000000e+02 7.834937606857839867e-11
1.000000000000000000e+03 7.792332063386355770e-11
1.001000000000000000e+03 7.699571160547143645e-11
1.002000000000000000e+03 7.731549318818645892e-11
1.003000000000000000e+03 7.698774474727585755e-11
1.004000000000000000e+03 7.708400921478988068e-11
1.005000000000000000e+03 7.751647137682667043e-11
1.006000000000000000e+03 7.737826375912662262e-11
1.007000000000000000e+03 7.750469463554533996e-11
1.008000000000000000e+03 7.699889485129942891e-11
1.009000000000000000e+03 7.707707511942513648e-11
1.010000000000000000e+03 7.870316856910102745e-11
1.011000000000000000e+03 7.690106594123899781e-11
1.012000000000000000e+03 7.723789475987946163e-11
1.013000000000000000e+03 7.721839523963811719e-11
1.014000000000000000e+03 7.669116043139786963e-11
1.015000000000000000e+03 7.668437366818918146e-11
1.016000000000000000e+03 7.734234162534297454e-11
1.017000000000000000e+03 7.684055443849835561e-11
1.018000000000000000e+03 7.717181846244261693e-11
1.019000000000000000e+03 7.682641565334001155e-11
1.020000000000000000e+03 7.785969072772242409e-11
1.021000000000000000e+03 7.673592594236209235e-11
1.022000000000000000e+03 7.686250092844856305e-11
1.023000000000000000e+03 7.706745211144367981e-11
1.024000000000000000e+03 7.727898738286918704e-11
1.025000000000000000e+03 7.748350704229748195e-11
1.026000000000000000e+03 7.781160545203730231e-11
1.027000000000000000e+03 7.687808663874917006e-11
1.028000000000000000e+03 7.694643529433395210e-11
1.029000000000000000e+03 7.676666410888368099e-11
1.030000000000000000e+03 7.679137116921736901e-11
1.031000000000000000e+03 7.654580942819641676e-11
1.032000000000000000e+03 7.687443349410558086e-11
1.033000000000000000e+03 7.659692976517113777e-11
1.034000000000000000e+03 7.688812911905028106e-11
1.035000000000000000e+03 7.687474830098017631e-11
1.036000000000000000e+03 7.710376019135946836e-11
1.037000000000000000e+03 7.681626954307577403e-11
1.038000000000000000e+03 7.727629956657893055e-11
1.039000000000000000e+03 7.810946022073082069e-11
1.040000000000000000e+03 7.713524000381472111e-11
1.041000000000000000e+03 7.711864176412109150e-11
1.042000000000000000e+03 7.809407928892607874e-11
1.043000000000000000e+03 7.662327355305582545e-11
1.044000000000000000e+03 7.648110776025668917e-11
1.045000000000000000e+03 7.662877936045607285e-11
1.046000000000000000e+03 7.673932298479474167e-11
1.047000000000000000e+03 7.685320488234489947e-11
1.048000000000000000e+03 7.655844488405311685e-11
1.049000000000000000e+03 7.704902777988863746e-11
1.050000000000000000e+03 7.670481771134322123e-11
1.051000000000000000e+03 7.763900252650236811e-11
1.052000000000000000e+03 7.663013472687434992e-11
1.053000000000000000e+03 7.625680593647477280e-11
1.054000000000000000e+03 7.670601582663536430e-11
1.055000000000000000e+03 7.684909575027896156e-11
1.056000000000000000e+03 7.626960704801831082e-11
1.057000000000000000e+03 7.694194614814724016e-11
1.058000000000000000e+03 7.666611272991518103e-11
1.059000000000000000e+03 7.646782819904110571e-11
1.060000000000000000e+03 7.672889207915891933e-11
1.061000000000000000e+03 7.636386835025053282e-11
1.062000000000000000e+03 7.630294860523034068e-11
1.063000000000000000e+03 7.636804167103094019e-11
1.064000000000000000e+03 7.662790219140059998e-11
1.065000000000000000e+03 7.717252747039770550e-11
1.066000000000000000e+03 7.589446351040506990e-11
1.067000000000000000e+03 7.679991177222064151e-11
1.068000000000000000e+03 7.640428784694839596e-11
1.069000000000000000e+03 7.649576678841318343e-11
1.070000000000000000e+03 7.680159826325991123e-11
1.071000000000000000e+03 7.626640336428761138e-11
1.072000000000000000e+03 7.689946428866202117e-11
1.073000000000000000e+03 7.642609974430555973e-11
1.074000000000000000e+03 7.602345719023217803e-11
1.075000000000000000e+03 7.628107162379819820e-11
1.076000000000000000e+03 7.610345667497329781e-11
1.077000000000000000e+03 7.622058848083287781e-11
1.078000000000000000e+03 7.594167113143999458e-11
1.079000000000000000e+03 7.623933309950568790e-11
1.080000000000000000e+03 7.568132469951532019e-11
1.081000000000000000e+03 7.881622817759194162e-11
1.082000000000000000e+03 7.644809888457619919e-11
1.083000000000000000e+03 7.587184141558699277e-11
1.084000000000000000e+03 7.673273331687222330e-11
1.085000000000000000e+03 7.696256318737822370e-11
1.086000000000000000e+03 7.638884666848019603e-11
1.087000000000000000e+03 7.610815456125785583e-11
1.088000000000000000e+03 7.622504679529521800e-11
1.089000000000000000e+03 7.689944538357291402e-11
1.090000000000000000e+03 7.617857270128686902e-11
1.091000000000000000e+03 7.601226263328321316e-11
1.092000000000000000e+03 7.571808712494313586e-11
1.093000000000000000e+03 7.646320968498096070e-11
1.094000000000000000e+03 7.620913376839928227e-11
1.095000000000000000e+03 7.578147835580964263e-11
1.096000000000000000e+03 7.615896617137353072e-11
1.097000000000000000e+03 7.646659227871170170e-11
1.098000000000000000e+03 7.573740439751905521e-11
1.099000000000000000e+03 7.598699299531410265e-11
1.100000000000000000e+03 7.570530077895269082e-11
1.101000000000000000e+03 7.562949798608631405e-11
1.102000000000000000e+03 7.614413899741671469e-11
1.103000000000000000e+03 7.594943727033596068e-11
1.104000000000000000e+03 7.576396434993403346e-11
1.105000000000000000e+03 7.566103717478729389e-11
1.106000000000000000e+03 7.614127782387005677e-11
1.107000000000000000e+03 7.592695723631770510e-11
1.108000000000000000e+03 7.603476417574036807e-11
1.109000000000000000e+03 7.628379866259602301e-11
1.110000000000000000e+03 7.643150259263126457e-11
1.111000000000000000e+03 7.547317993685825292e-11
1.112000000000000000e+03 7.618616540845164082e-11
1.113000000000000000e+03 7.562997368998937865e-11
1.114000000000000000e+03 7.592275544318774811e-11
1.115000000000000000e+03 7.574234591686470244e-11
1.116000000000000000e+03 7.720326859195049429e-11
1.117000000000000000e+03 7.629620349362230174e-11
1.118000000000000000e+03 7.601824797876643805e-11
1.119000000000000000e+03 7.571854048745519095e-11
1.120000000000000000e+03 7.562042069654511882e-11
1.121000000000000000e+03 7.588660855183043869e-11
1.122000000000000000e+03 7.570541051397755553e-11
1.123000000000000000e+03 7.612157965406161540e-11
1.124000000000000000e+03 7.614943975239456323e-11
1.125000000000000000e+03 7.616276985570163290e-11
1.126000000000000000e+03 7.554998571986480866e-11
1.127000000000000000e+03 7.568025431869451330e-11
1.128000000000000000e+03 7.560072067708565774e-11
1.129000000000000000e+03 7.570317825677753539e-11
1.130000000000000000e+03 7.620574098504466959e-11
1.131000000000000000e+03 7.603235251785703842e-11
1.132000000000000000e+03 7.546600376775860555e-11
1.133000000000000000e+03 7.600801551015709222e-11
1.134000000000000000e+03 7.583702016495133521e-11
1.135000000000000000e+03 7.533598990076661257e-11
1.136000000000000000e+03 7.612947301781809003e-11
1.137000000000000000e+03 7.570383947151083097e-11
1.138000000000000000e+03 7.518145584176160851e-11
1.139000000000000000e+03 7.570386063470270182e-11
1.140000000000000000e+03 7.559070322663923493e-11
1.141000000000000000e+03 7.535078739724942977e-11
1.142000000000000000e+03 7.574744360514392064e-11
1.143000000000000000e+03 7.553456369315907832e-11
1.144000000000000000e+03 7.537851716114710629e-11
1.145000000000000000e+03 7.553647911859711876e-11
1.146000000000000000e+03 7.563554894698366102e-11
1.147000000000000000e+03 7.582099625187425677e-11
1.148000000000000000e+03 7.624053955847839078e-11
1.149000000000000000e+03 7.525573654607167061e-11
1.150000000000000000e+03 7.573253197158279910e-11
1.151000000000000000e+03 7.556056789153760973e-11
1.152000000000000000e+03 7.541465654392549830e-11
1.153000000000000000e+03 7.591704282162862126e-11
1.154000000000000000e+03 7.522645038205833725e-11
1.155000000000000000e+03 7.574318747369564023e-11
1.156000000000000000e+03 7.562100492720573910e-11
1.157000000000000000e+03 7.566929936191834776e-11
1.158000000000000000e+03 7.513990941976689389e-11
1.159000000000000000e+03 7.523004279583747893e-11
1.160000000000000000e+03 7.571949825656705557e-11
1.161000000000000000e+03 7.566237731696618463e-11
1.162000000000000000e+03 7.527730350880786596e-11
1.163000000000000000e+03 7.530583536301957514e-11
1.164000000000000000e+03 7.540212592322079064e-11
1.165000000000000000e+03 7.559777764181280305e-11
1.166000000000000000e+03 7.604130668302219361e-11
1.167000000000000000e+03 7.548624686541761181e-11
1.168000000000000000e+03 7.552634661667470830e-11
1.169000000000000000e+03 7.556377697043764860e-11
1.170000000000000000e+03 7.507328710115798160e-11
1.171000000000000000e+03 7.520895252514820748e-11
1.172000000000000000e+03 7.545489758706888435e-11
1.173000000000000000e+03 7.536561186286054439e-11
1.174000000000000000e+03 7.525793460573928648e-11
1.175000000000000000e+03 7.507355028652156034e-11
1.176000000000000000e+03 7.521997381817029281e-11
1.177000000000000000e+03 7.502128664871606806e-11
1.178000000000000000e+03 7.505252391314320361e-11
1.179000000000000000e+03 7.482686525535001669e-11
1.180000000000000000e+03 7.590577939731798255e-11
1.181000000000000000e+03 7.530625704306233823e-11
1.182000000000000000e+03 7.556589406964680975e-11
1.183000000000000000e+03 7.507777213008694095e-11
1.184000000000000000e+03 7.611358496678414018e-11
1.185000000000000000e+03 7.490952354756304282e-11
1.186000000000000000e+03 7.504079713417162419e-11
1.187000000000000000e+03 7.488566255963334993e-11
1.188000000000000000e+03 7.540077188410747170e-11
1.189000000000000000e+03 7.526116636356471838e-11
1.190000000000000000e+03 7.546763269161395808e-11
1.191000000000000000e+03 7.479968290991903036e-11
1.192000000000000000e+03 7.503008452408513936e-11
1.193000000000000000e+03 7.485117127577766322e-11
1.194000000000000000e+03 7.530918532527040754e-11
1.195000000000000000e+03 7.546227126120128043e-11
1.196000000000000000e+03 7.486977550614803152e-11
1.197000000000000000e+03 7.538978901621638339e-11
1.198000000000000000e+03 7.473883625677755978e-11
1.199000000000000000e+03 7.526582626687774965e-11
1.200000000000000000e+03 7.561508757498814005e-11
1.201000000000000000e+03 7.540065092279694615e-11
1.202000000000000000e+03 7.494158665084275330e-11
1.203000000000000000e+03 7.482459552129117650e-11
1.204000000000000000e+03 7.489111801798274993e-11
1.205000000000000000e+03 7.538390467033952406e-11
1.206000000000000000e+03 7.470171493402027370e-11
1.207000000000000000e+03 7.499252882200476554e-11
1.208000000000000000e+03 7.488850269099014618e-11
1.209000000000000000e+03 7.520926069175540780e-11
1.210000000000000000e+03 7.477616883973798700e-11
1.211000000000000000e+03 7.534318847781185964e-11
1.212000000000000000e+03 7.464732315712371461e-11
1.213000000000000000e+03 7.519498117138280201e-11
1.214000000000000000e+03 7.479507497354570090e-11
1.215000000000000000e+03 7.470669991398006753e-11
1.216000000000000000e+03 7.478506296947608637e-11
1.217000000000000000e+03 7.530546653175634241e-11
1.218000000000000000e+03 7.477373244851760682e-11
1.219000000000000000e+03 7.488929864050955651e-11
1.220000000000000000e+03 7.476719254333227850e-11
1.221000000000000000e+03 7.514228182087937375e-11
1.222000000000000000e+03 7.488142949185894541e-11
1.223000000000000000e+03 7.513046206507407754e-11
1.224000000000000000e+03 7.497680832543608021e-11
1.225000000000000000e+03 7.445481304196057672e-11
1.226000000000000000e+03 7.500522519815815749e-11
1.227000000000000000e+03 7.449821765739127060e-11
1.228000000000000000e+03 7.480179594506670845e-11
1.229000000000000000e+03 7.547480809274451985e-11
1.230000000000000000e+03 7.503194625848823890e-11
1.231000000000000000e+03 7.462076712715996171e-11
1.232000000000000000e+03 7.476470347463521726e-11
1.233000000000000000e+03 7.453786341116802027e-11
1.234000000000000000e+03 7.475607226609126223e-11
1.235000000000000000e+03 7.497522480826315186e-11
1.236000000000000000e+03 7.460419801258504853e-11
1.237000000000000000e+03 7.474761998234533851e-11
1.238000000000000000e+03 7.455888132347279701e-11
1.239000000000000000e+03 7.460743110658879885e-11
1.240000000000000000e+03 7.483859477657381857e-11
1.241000000000000000e+03 7.471236673560564612e-11
1.242000000000000000e+03 7.463972500875021683e-11
1.243000000000000000e+03 7.427580031196211409e-11
1.244000000000000000e+03 7.553998593306976320e-11
1.245000000000000000e+03 7.457258786280009025e-11
1.246000000000000000e+03 7.574122358173879599e-11
1.247000000000000000e+03 7.440022335878863662e-11
1.248000000000000000e+03 7.456534119175569087e-11
1.249000000000000000e+03 7.461084725896458697e-11
1.250000000000000000e+03 7.465594659549031150e-11
1.251000000000000000e+03 7.462755994032744136e-11
1.252000000000000000e+03 7.459074337334060907e-11
1.253000000000000000e+03 7.449312432980771511e-11
1.254000000000000000e+03 7.474287839675366443e-11
1.255000000000000000e+03 7.435554877749818467e-11
1.256000000000000000e+03 7.523579733069089906e-11
1.257000000000000000e+03 7.441918936528682653e-11
1.258000000000000000e+03 7.513111628978499610e-11
1.259000000000000000e+03 7.459776336878172642e-11
1.260000000000000000e+03 7.434049614580933736e-11
1.261000000000000000e+03 7.477440970083116150e-11
1.262000000000000000e+03 7.500230884477844123e-11
1.263000000000000000e+03 7.418419275705571607e-11
1.264000000000000000e+03 7.439518075574802768e-11
1.265000000000000000e+03 7.474698528782102086e-11
1.266000000000000000e+03 7.444957327417286995e-11
1.267000000000000000e+03 7.458786209429398011e-11
1.268000000000000000e+03 7.513246496864266662e-11
1.269000000000000000e+03 7.454716953690935613e-11
1.270000000000000000e+03 7.424175755514648058e-11
1.271000000000000000e+03 7.427038307343631985e-11
1.272000000000000000e+03 7.454576487914789961e-11
1.273000000000000000e+03 7.420204385198201698e-11
1.274000000000000000e+03 7.428054840945832650e-11
1.275000000000000000e+03 7.605043338348487040e-11
1.276000000000000000e+03 7.425765994935198036e-11
1.277000000000000000e+03 7.433670233990281613e-11
1.278000000000000000e+03 7.455241968270728658e-11
1.279000000000000000e+03 7.507537088789144659e-11
1.280000000000000000e+03 7.443530729590955862e-11
1.281000000000000000e+03 7.438324192838498050e-11
1.282000000000000000e+03 7.459829826274269584e-11
1.283000000000000000e+03 7.440069104714553492e-11
1.284000000000000000e+03 7.421410790416136907e-11
1.285000000000000000e+03 7.474896644563946882e-11
1.286000000000000000e+03 7.424206936276378555e-11
1.287000000000000000e+03 7.415400222792746625e-11
1.288000000000000000e+03 7.406359903740900148e-11
1.289000000000000000e+03 7.394642504265695287e-11
1.290000000000000000e+03 7.439032739122366808e-11
1.291000000000000000e+03 7.444414054839438205e-11
1.292000000000000000e+03 7.454391308127766727e-11
1.293000000000000000e+03 7.431384776224361679e-11
1.294000000000000000e+03 7.420569443811951099e-11
1.295000000000000000e+03 7.418226422627990712e-11
1.296000000000000000e+03 7.421342676104734978e-11
1.297000000000000000e+03 7.539640376505901637e-11
1.298000000000000000e+03 7.416582245063626801e-11
1.299000000000000000e+03 7.419023361106662674e-11
1.300000000000000000e+03 7.417339324359331805e-11
1.301000000000000000e+03 7.399553752065010086e-11
1.302000000000000000e+03 7.412980911446370845e-11
1.303000000000000000e+03 7.421922761443650860e-11
1.304000000000000000e+03 7.394488589354724000e-11
1.305000000000000000e+03 7.499789287445232775e-11
1.306000000000000000e+03 7.401774869439683623e-11
1.307000000000000000e+03 7.391853647820489611e-11
1.308000000000000000e+03 7.407713323977142915e-11
1.309000000000000000e+03 7.435709276354112691e-11
1.310000000000000000e+03 7.396457380005413461e-11
1.311000000000000000e+03 7.439567169180923371e-11
1.312000000000000000e+03 7.402459635599772401e-11
1.313000000000000000e+03 7.396327818793568187e-11
1.314000000000000000e+03 7.409059882172862214e-11
1.315000000000000000e+03 7.379680578708121361e-11
1.316000000000000000e+03 7.405189513960121118e-11
1.317000000000000000e+03 7.402961575729031889e-11
1.318000000000000000e+03 7.391278109170990487e-11
1.319000000000000000e+03 7.386398706478004066e-11
1.320000000000000000e+03 7.399734028454102427e-11
1.321000000000000000e+03 7.408517050073678542e-11
1.322000000000000000e+03 7.465185024327345992e-11
1.323000000000000000e+03 7.414187631508816475e-11
1.324000000000000000e+03 7.405593856205853270e-11
1.325000000000000000e+03 7.412700911429748316e-11
1.326000000000000000e+03 7.472041477650285733e-11
1.327000000000000000e+03 7.425791400228442251e-11
1.328000000000000000e+03 7.395243202622927250e-11
1.329000000000000000e+03 7.426337914641404732e-11
1.330000000000000000e+03 7.383053465767864200e-11
1.331000000000000000e+03 7.406417627530841097e-11
1.332000000000000000e+03 7.372142596777497007e-11
1.333000000000000000e+03 7.387980071775866211e-11
1.334000000000000000e+03 7.405288327124448700e-11
1.335000000000000000e+03 7.403027420021931773e-11
1.336000000000000000e+03 7.383865735665879344e-11
1.337000000000000000e+03 7.385058872306284512e-11
1.338000000000000000e+03 7.388487817498424829e-11
1.339000000000000000e+03 7.396006266979295027e-11
1.340000000000000000e+03 7.430504931817882708e-11
1.341000000000000000e+03 7.376092026750684998e-11
1.342000000000000000e+03 7.452164550505048195e-11
1.343000000000000000e+03 7.385148748714563081e-11
1.344000000000000000e+03 7.383848685883944361e-11
1.345000000000000000e+03 7.388198324405237152e-11
1.346000000000000000e+03 7.401457828460233792e-11
1.347000000000000000e+03 7.377132187376412977e-11
1.348000000000000000e+03 7.399793470102835655e-11
1.349000000000000000e+03 7.405843248044814889e-11
1.350000000000000000e+03 7.373228526170446949e-11
1.351000000000000000e+03 7.379321871799873738e-11
1.352000000000000000e+03 7.376548826162146023e-11
1.353000000000000000e+03 7.413025772643123523e-11
1.354000000000000000e+03 7.386153928587402739e-11
1.355000000000000000e+03 7.361525389471297536e-11
1.356000000000000000e+03 7.371858727650156996e-11
1.357000000000000000e+03 7.379646239554712494e-11
1.358000000000000000e+03 7.401850782357540169e-11
1.359000000000000000e+03 7.354918816426937498e-11
1.360000000000000000e+03 7.401912033166255405e-11
1.361000000000000000e+03 7.436407121458614113e-11
1.362000000000000000e+03 7.368412464644635365e-11
1.363000000000000000e+03 7.379119357189745835e-11
1.364000000000000000e+03 7.395185650022479551e-11
1.365000000000000000e+03 7.407700821103684088e-11
1.366000000000000000e+03 7.378935073055551021e-11
1.367000000000000000e+03 7.386775416409530964e-11
1.368000000000000000e+03 7.361400699904811985e-11
1.369000000000000000e+03 7.372678440855424178e-11
1.370000000000000000e+03 7.379446559600793970e-11
1.371000000000000000e+03 7.366980220605004892e-11
1.372000000000000000e+03 7.347294490911450582e-11
1.373000000000000000e+03 7.380486990989866670e-11
1.374000000000000000e+03 7.338489161560965026e-11
1.375000000000000000e+03 7.415818724869506877e-11
1.376000000000000000e+03 7.386250480935081386e-11
1.377000000000000000e+03 7.386443655747028858e-11
1.378000000000000000e+03 7.349593656901624895e-11
1.379000000000000000e+03 7.362416350574168316e-11
1.380000000000000000e+03 7.371055486957509869e-11
1.381000000000000000e+03 7.347805339109565461e-11
1.382000000000000000e+03 7.429753431974165368e-11
1.383000000000000000e+03 7.383320471417648989e-11
1.384000000000000000e+03 7.350587300232251859e-11
1.385000000000000000e+03 7.356957364350761649e-11
1.386000000000000000e+03 7.357858295902212738e-11
1.387000000000000000e+03 7.367768997659921118e-11
1.388000000000000000e+03 7.363764909540031402e-11
1.389000000000000000e+03 7.349520448904883861e-11
1.390000000000000000e+03 7.391782148964897304e-11
1.391000000000000000e+03 7.370488744054335168e-11
1.392000000000000000e+03 7.353174982750213883e-11
1.393000000000000000e+03 7.344549254057459979e-11
1.394000000000000000e+03 7.361601792687145857e-11
1.395000000000000000e+03 7.361700193971228662e-11
1.396000000000000000e+03 7.386824947873946798e-11
1.397000000000000000e+03 7.344887462111033955e-11
1.398000000000000000e+03 7.362275623296522328e-11
1.399000000000000000e+03 7.368117540862723312e-11
1.400000000000000000e+03 7.330350418941141124e-11
1.401000000000000000e+03 7.510691917961973501e-11
1.402000000000000000e+03 7.398443621223939850e-11
1.403000000000000000e+03 7.334694547774153425e-11
1.404000000000000000e+03 7.392573905257447471e-11
1.405000000000000000e+03 7.361731691291007824e-11
1.406000000000000000e+03 7.346751776830410732e-11
1.407000000000000000e+03 7.350876241946243179e-11
1.408000000000000000e+03 7.331775810948058207e-11
1.409000000000000000e+03 7.330473485723938736e-11
1.410000000000000000e+03 7.331491258502195848e-11
1.411000000000000000e+03 7.344888717430146904e-11
1.412000000000000000e+03 7.364993331322958671e-11
1.413000000000000000e+03 7.333870656583004644e-11
1.414000000000000000e+03 7.346457396566036078e-11
1.415000000000000000e+03 7.388610625071980460e-11
1.416000000000000000e+03 7.379463277803801563e-11
1.417000000000000000e+03 7.352964403539906990e-11
1.418000000000000000e+03 7.328842014421479626e-11
1.419000000000000000e+03 7.355721230032566265e-11
1.420000000000000000e+03 7.353345201992109995e-11
1.421000000000000000e+03 7.372550618953220785e-11
1.422000000000000000e+03 7.326697297391342483e-11
1.423000000000000000e+03 7.362279611298745480e-11
1.424000000000000000e+03 7.359433830091313131e-11
1.425000000000000000e+03 7.354137740704691877e-11
1.426000000000000000e+03 7.338319556470046081e-11
1.427000000000000000e+03 7.391180518684044980e-11
1.428000000000000000e+03 7.325081535729610744e-11
1.429000000000000000e+03 7.360100929281038606e-11
1.430000000000000000e+03 7.320918549392100769e-11
1.431000000000000000e+03 7.403845233163451313e-11
1.432000000000000000e+03 7.341301662768835699e-11
1.433000000000000000e+03 7.330176849604737371e-11
1.434000000000000000e+03 7.337981439312855152e-11
1.435000000000000000e+03 7.331280428597030277e-11
1.436000000000000000e+03 7.317158662415612562e-11
1.437000000000000000e+03 7.332319346981067060e-11
1.438000000000000000e+03 7.333368241318065774e-11
1.439000000000000000e+03 7.330907605218108607e-11
1.440000000000000000e+03 7.345193061159913889e-11
1.441000000000000000e+03 7.342908636350585244e-11
1.442000000000000000e+03 7.343497876586954917e-11
1.443000000000000000e+03 7.323679744237421714e-11
1.444000000000000000e+03 7.328532599795267913e-11
1.445000000000000000e+03 7.328861874755211293e-11
1.446000000000000000e+03 7.327632361369330476e-11
1.447000000000000000e+03 7.328115947804179760e-11
1.448000000000000000e+03 7.352770776529762000e-11
1.449000000000000000e+03 7.320894625120132074e-11
1.450000000000000000e+03 7.326176240489389495e-11
1.451000000000000000e+03 7.351266688762208047e-11
1.452000000000000000e+03 7.352186328976637490e-11
1.453000000000000000e+03 7.317565514736525572e-11
1.454000000000000000e+03 7.307181259888072659e-11
1.455000000000000000e+03 7.320468431330965543e-11
1.456000000000000000e+03 7.316524258089890488e-11
1.457000000000000000e+03 7.326909747261026172e-11
1.458000000000000000e+03 7.319385643184151436e-11
1.459000000000000000e+03 7.305740761263981779e-11
1.460000000000000000e+03 7.327988630196648636e-11
1.461000000000000000e+03 7.332679917356509857e-11
1.462000000000000000e+03 7.362510376986604894e-11
1.463000000000000000e+03 7.295220982007796769e-11
1.464000000000000000e+03 7.319540922310351899e-11
1.465000000000000000e+03 7.311980359903431021e-11
1.466000000000000000e+03 7.328729089332630333e-11
1.467000000000000000e+03 7.306971163251158533e-11
1.468000000000000000e+03 7.304613993558454127e-11
1.469000000000000000e+03 7.303182314427012586e-11
1.470000000000000000e+03 7.363751623250062225e-11
1.471000000000000000e+03 7.300698502288620018e-11
1.472000000000000000e+03 7.308601394899391347e-11
1.473000000000000000e+03 7.333235311310361205e-11
1.474000000000000000e+03 7.305375917562109494e-11
1.475000000000000000e+03 7.305837267371433127e-11
1.476000000000000000e+03 7.316005854842569995e-11
1.477000000000000000e+03 7.309281993256980272e-11
1.478000000000000000e+03 7.305369031646145971e-11
1.479000000000000000e+03 7.374529829976311033e-11
1.480000000000000000e+03 7.316739779589618387e-11
1.481000000000000000e+03 7.299028940944133979e-11
1.482000000000000000e+03 7.312269205195713202e-11
1.483000000000000000e+03 7.315715992939272690e-11
1.484000000000000000e+03 7.302565650168387039e-11
1.485000000000000000e+03 7.318046879183243034e-11
1.486000000000000000e+03 7.291494351682748778e-11
1.487000000000000000e+03 7.298473178728034111e-11
1.488000000000000000e+03 7.312616175212328830e-11
1.489000000000000000e+03 7.299682583368593814e-11
1.490000000000000000e+03 7.307257733057737524e-11
1.491000000000000000e+03 7.326006593300840013e-11
1.492000000000000000e+03 7.299125613448845179e-11
1.493000000000000000e+03 7.318766626721793565e-11
1.494000000000000000e+03 7.296015489021222533e-11
1.495000000000000000e+03 7.330582004757832453e-11
1.496000000000000000e+03 7.346882759640703873e-11
1.497000000000000000e+03 7.289959929388430445e-11
1.498000000000000000e+03 7.292849483994342483e-11
1.499000000000000000e+03 7.289854423750016329e-11
1.500000000000000000e+03 7.302433958964608454e-11
1.501000000000000000e+03 7.307266819047475196e-11
1.502000000000000000e+03 7.291133980393744564e-11
1.503000000000000000e+03 7.282053952800675058e-11
1.504000000000000000e+03 7.340342297764424677e-11
1.505000000000000000e+03 7.285468945959660385e-11
1.506000000000000000e+03 7.291394060280392594e-11
1.507000000000000000e+03 7.299441644672716282e-11
1.508000000000000000e+03 7.287597099505780777e-11
1.509000000000000000e+03 7.302235146631911892e-11
1.510000000000000000e+03 7.292007140640673468e-11
1.511000000000000000e+03 7.304505580474621186e-11
1.512000000000000000e+03 7.313266020552278892e-11
1.513000000000000000e+03 7.347567995848140287e-11
1.514000000000000000e+03 7.297170119288873559e-11
1.515000000000000000e+03 7.280146710785580569e-11
1.516000000000000000e+03 7.360490898580746110e-11
1.517000000000000000e+03 7.306085283138990687e-11
1.518000000000000000e+03 7.282167001574608881e-11
1.519000000000000000e+03 7.296159623545072170e-11
1.520000000000000000e+03 7.295308088112487145e-11
1.521000000000000000e+03 7.305385106075303208e-11
1.522000000000000000e+03 7.285321824650986068e-11
1.523000000000000000e+03 7.296044466898958120e-11
1.524000000000000000e+03 7.295541682161632636e-11
1.525000000000000000e+03 7.279522197348588023e-11
1.526000000000000000e+03 7.289986937627552673e-11
1.527000000000000000e+03 7.301054246289718990e-11
1.528000000000000000e+03 7.277868464372514489e-11
1.529000000000000000e+03 7.321352970927143166e-11
1.530000000000000000e+03 7.266542905750506376e-11
1.531000000000000000e+03 7.268841564859484439e-11
1.532000000000000000e+03 7.276655585967567229e-11
1.533000000000000000e+03 7.292975669721040341e-11
1.534000000000000000e+03 7.296952802847642286e-11
1.535000000000000000e+03 7.281995288993766670e-11
1.536000000000000000e+03 7.292428271859796608e-11
1.537000000000000000e+03 7.291592407736013258e-11
1.538000000000000000e+03 7.281511993244851583e-11
1.539000000000000000e+03 7.293581555340543025e-11
1.540000000000000000e+03 7.274288208096610107e-11
1.541000000000000000e+03 7.296746146469699716e-11
1.542000000000000000e+03 7.263104129025452215e-11
1.543000000000000000e+03 7.269547923306764953e-11
1.544000000000000000e+03 7.278702226662412005e-11
1.545000000000000000e+03 7.265504182658650092e-11
1.546000000000000000e+03 7.273352352094250589e-11
1.547000000000000000e+03 7.282302334795972261e-11
1.548000000000000000e+03 7.288253250143312542e-11
1.549000000000000000e+03 7.264399188241857458e-11
1.550000000000000000e+03 7.290389994203781706e-11
1.551000000000000000e+03 7.279094677484924260e-11
1.552000000000000000e+03 7.271322258384016655e-11
1.553000000000000000e+03 7.274210016633616893e-11
1.554000000000000000e+03 7.290687838482249382e-11
1.555000000000000000e+03 7.280354012781266355e-11
1.556000000000000000e+03 7.310245122283013772e-11
1.557000000000000000e+03 7.282449515420652902e-11
1.558000000000000000e+03 7.262606063434692320e-11
1.559000000000000000e+03 7.287845954927759565e-11
1.560000000000000000e+03 7.270650511227918817e-11
1.561000000000000000e+03 7.288803216947711418e-11
1.562000000000000000e+03 7.255187504112717527e-11
1.563000000000000000e+03 7.263035385189864568e-11
1.564000000000000000e+03 7.274387781523686880e-11
1.565000000000000000e+03 7.265141739144889111e-11
1.566000000000000000e+03 7.272927763315965480e-11
1.567000000000000000e+03 7.299170292212423364e-11
1.568000000000000000e+03 7.267954076437814665e-11
1.569000000000000000e+03 7.260287215572125169e-11
1.570000000000000000e+03 7.259298784965785340e-11
1.571000000000000000e+03 7.282350097179474237e-11
1.572000000000000000e+03 7.291878003323316898e-11
1.573000000000000000e+03 7.283834850620043325e-11
1.574000000000000000e+03 7.270503389045457430e-11
1.575000000000000000e+03 7.258338193418948178e-11
1.576000000000000000e+03 7.264275724188322660e-11
1.577000000000000000e+03 7.253686788233228209e-11
1.578000000000000000e+03 7.290998352002434010e-11
1.579000000000000000e+03 7.259557879173437880e-11
1.580000000000000000e+03 7.321960278975144904e-11
1.581000000000000000e+03 7.250040079523167252e-11
1.582000000000000000e+03 7.269151658202837643e-11
1.583000000000000000e+03 7.247514563431903265e-11
1.584000000000000000e+03 7.359383738680886018e-11
1.585000000000000000e+03 7.270691908176954235e-11
1.586000000000000000e+03 7.261650150078086200e-11
1.587000000000000000e+03 7.272927288847752351e-11
1.588000000000000000e+03 7.268540552428121197e-11
1.589000000000000000e+03 7.243241992034269124e-11
1.590000000000000000e+03 7.260416453187162772e-11
1.591000000000000000e+03 7.257190665314380492e-11
1.592000000000000000e+03 7.249751789939490471e-11
1.593000000000000000e+03 7.287174333539066172e-11
1.594000000000000000e+03 7.274201693244159398e-11
1.595000000000000000e+03 7.282370378614895046e-11
1.596000000000000000e+03 7.254675154276269119e-11
1.597000000000000000e+03 7.250841939732235395e-11
1.598000000000000000e+03 7.275574550090656963e-11
1.599000000000000000e+03 7.246319677085370771e-11
1.600000000000000000e+03 7.254810258279932938e-11
1.601000000000000000e+03 7.258028587159895720e-11
1.602000000000000000e+03 7.284250000406680709e-11
1.603000000000000000e+03 7.258297871144030877e-11
1.604000000000000000e+03 7.251027032141835031e-11
1.605000000000000000e+03 7.263927697182689732e-11
1.606000000000000000e+03 7.243960279204186419e-11
1.607000000000000000e+03 7.248097642430385841e-11
1.608000000000000000e+03 7.246030397364182074e-11
1.609000000000000000e+03 7.247231845788428032e-11
1.610000000000000000e+03 7.243065501331807215e-11
1.611000000000000000e+03 7.251193193488897642e-11
1.612000000000000000e+03 7.241466998876991777e-11
1.613000000000000000e+03 7.249142239115179790e-11
1.614000000000000000e+03 7.295789191422678328e-11
1.615000000000000000e+03 7.245555644031896232e-11
1.616000000000000000e+03 7.251437457588670484e-11
1.617000000000000000e+03 7.274549550572906100e-11
1.618000000000000000e+03 7.264019577942274227e-11
1.619000000000000000e+03 7.245850886700403978e-11
1.620000000000000000e+03 7.244838890114814265e-11
1.621000000000000000e+03 7.241992961055762134e-11
1.622000000000000000e+03 7.248028870448129619e-11
1.623000000000000000e+03 7.246937990602565238e-11
1.624000000000000000e+03 7.231080203169624715e-11
1.625000000000000000e+03 7.282840958197200733e-11
1.626000000000000000e+03 7.259777066556924915e-11
1.627000000000000000e+03 7.244599453342275341e-11
1.628000000000000000e+03 7.243423220790110893e-11
1.629000000000000000e+03 7.230190960342004510e-11
1.630000000000000000e+03 7.240958528376035234e-11
1.631000000000000000e+03 7.247998740595968499e-11
1.632000000000000000e+03 7.241661142636900164e-11
1.633000000000000000e+03 7.227634498772405632e-11
1.634000000000000000e+03 7.294416763911730412e-11
1.635000000000000000e+03 7.252004023639832768e-11
1.636000000000000000e+03 7.236667853797912856e-11
1.637000000000000000e+03 7.294340125466381179e-11
1.638000000000000000e+03 7.239622129608529324e-11
1.639000000000000000e+03 7.248147381719997593e-11
1.640000000000000000e+03 7.239022131283175884e-11
1.641000000000000000e+03 7.237338492199734685e-11
1.642000000000000000e+03 7.258510095251156178e-11
1.643000000000000000e+03 7.241968443218310879e-11
1.644000000000000000e+03 7.224006368334015148e-11
1.645000000000000000e+03 7.254005258570273924e-11
1.646000000000000000e+03 7.231018730457224905e-11
1.647000000000000000e+03 7.240367429766028880e-11
1.648000000000000000e+03 7.253370061616649963e-11
1.649000000000000000e+03 7.243057571085785229e-11
1.650000000000000000e+03 7.235306139847835348e-11
1.651000000000000000e+03 7.238412605615420620e-11
1.652000000000000000e+03 7.219312997991197918e-11
1.653000000000000000e+03 7.235301272241453799e-11
1.654000000000000000e+03 7.238211932122412828e-11
1.655000000000000000e+03 7.247379534082604171e-11
1.656000000000000000e+03 7.235982466330836347e-11
1.657000000000000000e+03 7.254425017837211576e-11
1.658000000000000000e+03 7.228168673575348860e-11
1.659000000000000000e+03 7.234276381212200067e-11
1.660000000000000000e+03 7.244775452589950190e-11
1.661000000000000000e+03 7.246776693561415437e-11
1.662000000000000000e+03 7.217615100082203431e-11
1.663000000000000000e+03 7.236816225746820195e-11
1.664000000000000000e+03 7.223574318858552708e-11
1.665000000000000000e+03 7.228865603979106089e-11
1.666000000000000000e+03 7.234456087301435553e-11
1.667000000000000000e+03 7.238177904412348036e-11
1.668000000000000000e+03 7.312687973743554712e-11
1.669000000000000000e+03 7.242218791152286505e-11
1.670000000000000000e+03 7.230588060001601412e-11
1.671000000000000000e+03 7.227596181764524554e-11
1.672000000000000000e+03 7.218882060813187942e-11
1.673000000000000000e+03 7.258560995690616860e-11
1.674000000000000000e+03 7.233223026571917531e-11
1.675000000000000000e+03 7.238416939203741341e-11
1.676000000000000000e+03 7.220599527620886428e-11
1.677000000000000000e+03 7.229969883280561384e-11
1.678000000000000000e+03 7.209723751924109996e-11
1.679000000000000000e+03 7.232081166568884754e-11
1.680000000000000000e+03 7.241338495493118815e-11
1.681000000000000000e+03 7.243333238856341385e-11
1.682000000000000000e+03 7.213739072662815101e-11
1.683000000000000000e+03 7.234384826809148928e-11
1.684000000000000000e+03 7.221507987765737711e-11
1.685000000000000000e+03 7.240896040981366382e-11
1.686000000000000000e+03 7.251763798677301247e-11
1.687000000000000000e+03 7.227369552712958895e-11
1.688000000000000000e+03 7.240315072422105328e-11
1.689000000000000000e+03 7.212838283367746722e-11
1.690000000000000000e+03 7.222171635809326524e-11
1.691000000000000000e+03 7.233399895591198298e-11
1.692000000000000000e+03 7.222667207266030473e-11
1.693000000000000000e+03 7.211075249087053855e-11
1.694000000000000000e+03 7.222065995401740795e-11
1.695000000000000000e+03 7.231286355236319093e-11
1.696000000000000000e+03 7.205935019290952494e-11
1.697000000000000000e+03 7.244877466504501416e-11
1.698000000000000000e+03 7.226660899905648440e-11
1.699000000000000000e+03 7.215127665991658004e-11
1.700000000000000000e+03 7.217434037298366670e-11
1.701000000000000000e+03 7.212271130393050711e-11
1.702000000000000000e+03 7.229384629229030557e-11
1.703000000000000000e+03 7.244851208957507812e-11
1.704000000000000000e+03 7.215256965376679269e-11
1.705000000000000000e+03 7.200976063326859946e-11
1.706000000000000000e+03 7.219192452429325515e-11
1.707000000000000000e+03 7.206813782804740110e-11
1.708000000000000000e+03 7.231451180271098796e-11
1.709000000000000000e+03 7.213292902803864872e-11
1.710000000000000000e+03 7.215313790886045788e-11
1.711000000000000000e+03 7.227599559981655663e-11
1.712000000000000000e+03 7.222951317920888871e-11
1.713000000000000000e+03 7.222990556939777088e-11
1.714000000000000000e+03 7.220605594901067410e-11
1.715000000000000000e+03 7.227909219328880662e-11
1.716000000000000000e+03 7.218200481187307621e-11
1.717000000000000000e+03 7.206206752354821877e-11
1.718000000000000000e+03 7.224733113173052866e-11
1.719000000000000000e+03 7.234371564037465190e-11
1.720000000000000000e+03 7.196744588973418486e-11
1.721000000000000000e+03 7.214275156080007339e-11
1.722000000000000000e+03 7.201714324688738165e-11
1.723000000000000000e+03 7.208324902200983466e-11
1.724000000000000000e+03 7.203712902552947665e-11
1.725000000000000000e+03 7.196544557460662064e-11
1.726000000000000000e+03 7.232998948734194687e-11
1.727000000000000000e+03 7.209715684383017000e-11
1.728000000000000000e+03 7.233017662215189916e-11
1.729000000000000000e+03 7.197315663033797776e-11
1.730000000000000000e+03 7.205333035968486740e-11
1.731000000000000000e+03 7.214274686190815343e-11
1.732000000000000000e+03 7.211056889360014151e-11
1.733000000000000000e+03 7.202016406227301756e-11
1.734000000000000000e+03 7.234222433022232358e-11
1.735000000000000000e+03 7.201835903017924837e-11
1.736000000000000000e+03 7.201597200088474892e-11
1.737000000000000000e+03 7.196400466731082164e-11
1.738000000000000000e+03 7.206602258565715448e-11
1.739000000000000000e+03 7.196437016746905321e-11
1.740000000000000000e+03 7.221782784468957340e-11
1.741000000000000000e+03 7.210958984470801290e-11
1.742000000000000000e+03 7.196774344464615026e-11
1.743000000000000000e+03 7.206532800195619885e-11
1.744000000000000000e+03 7.209577848383946722e-11
1.745000000000000000e+03 7.198204829844973717e-11
1.746000000000000000e+03 7.205621533315974883e-11
1.747000000000000000e+03 7.202556273848949893e-11
1.748000000000000000e+03 7.200012824261143363e-11
1.749000000000000000e+03 7.206000386222762465e-11
1.750000000000000000e+03 7.199411536974060144e-11
1.751000000000000000e+03 7.209429431780618130e-11
1.752000000000000000e+03 7.205019713752606958e-11
1.753000000000000000e+03 7.198305149979833634e-11
1.754000000000000000e+03 7.206974852012086779e-11
1.755000000000000000e+03 7.215008115085531215e-11
1.756000000000000000e+03 7.199217078426106752e-11
1.757000000000000000e+03 7.206927688610634715e-11
1.758000000000000000e+03 7.201349516823965733e-11
1.759000000000000000e+03 7.198793423091129177e-11
1.760000000000000000e+03 7.194125755966199599e-11
1.761000000000000000e+03 7.206310901842617124e-11
1.762000000000000000e+03 7.200261925562693649e-11
1.763000000000000000e+03 7.224322764555132693e-11
1.764000000000000000e+03 7.209297787205092100e-11
1.765000000000000000e+03 7.206996611805313234e-11
1.766000000000000000e+03 7.191551052555315875e-11
1.767000000000000000e+03 7.200479870943103954e-11
1.768000000000000000e+03 7.191814855188696825e-11
1.769000000000000000e+03 7.189613193269239925e-11
1.770000000000000000e+03 7.187101465997306682e-11
1.771000000000000000e+03 7.198379153052927290e-11
1.772000000000000000e+03 7.184821524717951915e-11
1.773000000000000000e+03 7.261124509538157277e-11
1.774000000000000000e+03 7.206310633078525292e-11
1.775000000000000000e+03 7.187210721025067539e-11
1.776000000000000000e+03 7.192310722199546200e-11
1.777000000000000000e+03 7.205592014311156932e-11
1.778000000000000000e+03 7.196152250223162943e-11
1.779000000000000000e+03 7.190676066485367219e-11
1.780000000000000000e+03 7.203377083167796843e-11
1.781000000000000000e+03 7.200770273269546458e-11
1.782000000000000000e+03 7.187069401390053076e-11
1.783000000000000000e+03 7.196116007868930424e-11
1.784000000000000000e+03 7.198879733974082183e-11
1.785000000000000000e+03 7.183513504427450336e-11
1.786000000000000000e+03 7.189345352677651172e-11
1.787000000000000000e+03 7.193474274877265468e-11
1.788000000000000000e+03 7.190159606472360876e-11
1.789000000000000000e+03 7.212966213011943884e-11
1.790000000000000000e+03 7.193308757695102848e-11
1.791000000000000000e+03 7.196182481281547971e-11
1.792000000000000000e+03 7.186030695519935586e-11
1.793000000000000000e+03 7.194230073053927488e-11
1.794000000000000000e+03 7.189508620769767067e-11
1.795000000000000000e+03 7.179681397293476303e-11
1.796000000000000000e+03 7.185915737112153129e-11
1.797000000000000000e+03 7.185997174069072461e-11
1.798000000000000000e+03 7.186577766205809958e-11
1.799000000000000000e+03 7.184569901670482981e-11
1.800000000000000000e+03 7.182014449916972386e-11
1.801000000000000000e+03 7.184262176308512859e-11
1.802000000000000000e+03 7.181398157983291644e-11
1.803000000000000000e+03 7.185359234494898025e-11
1.804000000000000000e+03 7.177306002462929984e-11
1.805000000000000000e+03 7.177902463574833790e-11
1.806000000000000000e+03 7.192436119410602086e-11
1.807000000000000000e+03 7.178803578794712739e-11
1.808000000000000000e+03 7.191174340965846319e-11
1.809000000000000000e+03 7.186136622011705007e-11
1.810000000000000000e+03 7.182532845302929896e-11
1.811000000000000000e+03 7.188237399618410141e-11
1.812000000000000000e+03 7.181605093931308545e-11
1.813000000000000000e+03 7.182099963779815945e-11
1.814000000000000000e+03 7.177323945498885120e-11
1.815000000000000000e+03 7.199251123417941679e-11
1.816000000000000000e+03 7.176468274822055667e-11
1.817000000000000000e+03 7.180657577303710722e-11
1.818000000000000000e+03 7.176633732195647880e-11
1.819000000000000000e+03 7.181557246433618922e-11
1.820000000000000000e+03 7.180831309182171130e-11
1.821000000000000000e+03 7.197393168689667334e-11
1.822000000000000000e+03 7.187016371108581691e-11
1.823000000000000000e+03 7.182722683582163890e-11
1.824000000000000000e+03 7.182178318437413088e-11
1.825000000000000000e+03 7.174768233426225476e-11
1.826000000000000000e+03 7.177362693514900895e-11
1.827000000000000000e+03 7.179909814254366292e-11
1.828000000000000000e+03 7.188849632884989929e-11
1.829000000000000000e+03 7.180224388158476866e-11
1.830000000000000000e+03 7.174385572103361521e-11
1.831000000000000000e+03 7.180987705093136708e-11
1.832000000000000000e+03 7.170685526817957128e-11
1.833000000000000000e+03 7.179107269710319462e-11
1.834000000000000000e+03 7.164122894890691744e-11
1.835000000000000000e+03 7.177132647940768892e-11
1.836000000000000000e+03 7.200274321310143306e-11
1.837000000000000000e+03 7.189554128816933973e-11
1.838000000000000000e+03 7.175595673278613242e-11
1.839000000000000000e+03 7.167608500353605508e-11
1.840000000000000000e+03 7.185569175026550614e-11
1.841000000000000000e+03 7.173654785648377615e-11
1.842000000000000000e+03 7.182356442317238553e-11
1.843000000000000000e+03 7.172782869016148571e-11
1.844000000000000000e+03 7.169296229955170124e-11
1.845000000000000000e+03 7.180174766105028574e-11
1.846000000000000000e+03 7.174350932432356490e-11
1.847000000000000000e+03 7.172657600173030192e-11
1.848000000000000000e+03 7.179367046512115486e-11
1.849000000000000000e+03 7.185219896661285685e-11
1.850000000000000000e+03 7.172118186604025448e-11
1.851000000000000000e+03 7.185832174821177780e-11
1.852000000000000000e+03 7.164445728000026751e-11
1.853000000000000000e+03 7.171199634763944715e-11
1.854000000000000000e+03 7.174542525241120408e-11
1.855000000000000000e+03 7.187418979019687718e-11
1.856000000000000000e+03 7.184235382340316510e-11
1.857000000000000000e+03 7.175374858075041832e-11
1.858000000000000000e+03 7.175939944347830797e-11
1.859000000000000000e+03 7.173820045253002487e-11
1.860000000000000000e+03 7.169666216262973852e-11
1.861000000000000000e+03 7.168052188301102761e-11
1.862000000000000000e+03 7.166815714016889441e-11
1.863000000000000000e+03 7.164124188550304632e-11
1.864000000000000000e+03 7.181191795147587040e-11
1.865000000000000000e+03 7.175391279576040972e-11
1.866000000000000000e+03 7.169266680852519630e-11
1.867000000000000000e+03 7.169350318152902425e-11
1.868000000000000000e+03 7.183609733805077355e-11
1.869000000000000000e+03 7.161359102013221636e-11
1.870000000000000000e+03 7.167324070781128266e-11
1.871000000000000000e+03 7.158859866908069045e-11
1.872000000000000000e+03 7.167104604860272168e-11
1.873000000000000000e+03 7.170337997684441783e-11
1.874000000000000000e+03 7.176498168387921557e-11
1.875000000000000000e+03 7.165122775452959473e-11
1.876000000000000000e+03 7.181961378584242308e-11
1.877000000000000000e+03 7.170468697632824260e-11
1.878000000000000000e+03 7.156560734029786018e-11
1.879000000000000000e+03 7.161097229396840039e-11
1.880000000000000000e+03 7.200737740129646040e-11
1.881000000000000000e+03 7.159068954055792789e-11
1.882000000000000000e+03 7.167445724919214418e-11
1.883000000000000000e+03 7.162051770082124064e-11
1.884000000000000000e+03 7.170283505019211453e-11
1.885000000000000000e+03 7.158361237771888645e-11
1.886000000000000000e+03 7.153267023428484722e-11
1.887000000000000000e+03 7.156817997390807482e-11
1.888000000000000000e+03 7.186938745449862168e-11
1.889000000000000000e+03 7.167506337807642290e-11
1.890000000000000000e+03 7.164946525125761112e-11
1.891000000000000000e+03 7.158803083691603264e-11
1.892000000000000000e+03 7.160965495310470121e-11
1.893000000000000000e+03 7.157319282380676158e-11
1.894000000000000000e+03 7.157530057470077922e-11
1.895000000000000000e+03 7.170715453251836903e-11
1.896000000000000000e+03 7.156036464533612154e-11
1.897000000000000000e+03 7.167017338485498183e-11
1.898000000000000000e+03 7.162138376277420801e-11
1.899000000000000000e+03 7.158278383799902078e-11
1.900000000000000000e+03 7.161722004858127871e-11
1.901000000000000000e+03 7.159057141836681724e-11
1.902000000000000000e+03 7.193089404493038591e-11
1.903000000000000000e+03 7.169541103675569531e-11
1.904000000000000000e+03 7.158686724370571243e-11
1.905000000000000000e+03 7.158454512340273925e-11
1.906000000000000000e+03 7.156614872896921690e-11
1.907000000000000000e+03 7.178077563162389525e-11
1.908000000000000000e+03 7.170471706443361925e-11
1.909000000000000000e+03 7.167762449072871438e-11
1.910000000000000000e+03 7.154168812060931602e-11
1.911000000000000000e+03 7.153211019384023876e-11
1.912000000000000000e+03 7.160429856409023829e-11
1.913000000000000000e+03 7.179339742735731363e-11
1.914000000000000000e+03 7.153902107304100736e-11
1.915000000000000000e+03 7.164557373738417590e-11
1.916000000000000000e+03 7.165127862817166576e-11
1.917000000000000000e+03 7.155084188675690218e-11
1.918000000000000000e+03 7.152970036007239802e-11
1.919000000000000000e+03 7.150599921817880412e-11
1.920000000000000000e+03 7.150520221756349682e-11
1.921000000000000000e+03 7.162230266512090379e-11
1.922000000000000000e+03 7.161590261107665977e-11
1.923000000000000000e+03 7.165066894779930484e-11
1.924000000000000000e+03 7.146432537195026712e-11
1.925000000000000000e+03 7.150513654261526028e-11
1.926000000000000000e+03 7.147148904721434477e-11
1.927000000000000000e+03 7.158152080861536939e-11
1.928000000000000000e+03 7.150663529274748723e-11
1.929000000000000000e+03 7.148278024116471163e-11
1.930000000000000000e+03 7.151703400161624240e-11
1.931000000000000000e+03 7.167303672248148448e-11
1.932000000000000000e+03 7.176226141160714013e-11
1.933000000000000000e+03 7.145204347722099987e-11
1.934000000000000000e+03 7.162375660186119293e-11
1.935000000000000000e+03 7.182578000524420162e-11
1.936000000000000000e+03 7.144044345656326139e-11
1.937000000000000000e+03 7.154546106127027422e-11
1.938000000000000000e+03 7.148689834003930242e-11
1.939000000000000000e+03 7.143688146798476330e-11
1.940000000000000000e+03 7.145057015113530927e-11
1.941000000000000000e+03 7.147939590854991834e-11
1.942000000000000000e+03 7.150017822764112364e-11
1.943000000000000000e+03 7.145606500506462133e-11
1.944000000000000000e+03 7.146067119114163655e-11
1.945000000000000000e+03 7.145306374045369820e-11
1.946000000000000000e+03 7.149195463190590795e-11
1.947000000000000000e+03 7.154351549341311828e-11
1.948000000000000000e+03 7.143927615248407337e-11
1.949000000000000000e+03 7.158462881388260757e-11
1.950000000000000000e+03 7.157492775276929179e-11
1.951000000000000000e+03 7.149953680812493256e-11
1.952000000000000000e+03 7.150778257493777156e-11
1.953000000000000000e+03 7.155667250921921036e-11
1.954000000000000000e+03 7.152670439697319899e-11
1.955000000000000000e+03 7.146781464453033610e-11
1.956000000000000000e+03 7.151592554131074963e-11
1.957000000000000000e+03 7.139718382370688315e-11
1.958000000000000000e+03 7.175491275737934127e-11
1.959000000000000000e+03 7.156967106010881323e-11
1.960000000000000000e+03 7.142397975317971683e-11
1.961000000000000000e+03 7.139125952695266425e-11
1.962000000000000000e+03 7.145194105736670613e-11
1.963000000000000000e+03 7.153356336563147872e-11
1.964000000000000000e+03 7.145814341754947583e-11
1.965000000000000000e+03 7.143660698467319665e-11
1.966000000000000000e+03 7.169418546341790117e-11
1.967000000000000000e+03 7.150184573256926833e-11
1.968000000000000000e+03 7.145733540572636247e-11
1.969000000000000000e+03 7.140628822341847676e-11
1.970000000000000000e+03 7.141393824518202103e-11
1.971000000000000000e+03 7.149569091638674761e-11
1.972000000000000000e+03 7.132077924812123506e-11
1.973000000000000000e+03 7.135151155324758182e-11
1.974000000000000000e+03 7.141287267223636408e-11
1.975000000000000000e+03 7.148419030284631590e-11
1.976000000000000000e+03 7.149071191740219090e-11
1.977000000000000000e+03 7.160728628494779379e-11
1.978000000000000000e+03 7.150328517553267765e-11
1.979000000000000000e+03 7.142546150911303561e-11
1.980000000000000000e+03 7.145461950442399823e-11
1.981000000000000000e+03 7.141245898309783712e-11
1.982000000000000000e+03 7.149678374933018238e-11
1.983000000000000000e+03 7.163503323562881427e-11
1.984000000000000000e+03 7.142469208424791060e-11
1.985000000000000000e+03 7.142507768008963776e-11
1.986000000000000000e+03 7.134305062193342355e-11
1.987000000000000000e+03 7.140460849160666432e-11
1.988000000000000000e+03 7.139473267348513280e-11
1.989000000000000000e+03 7.142430516493493604e-11
1.990000000000000000e+03 7.147317198865677737e-11
1.991000000000000000e+03 7.134907586047370839e-11
1.992000000000000000e+03 7.140408534292538420e-11
1.993000000000000000e+03 7.130333564611529498e-11
1.994000000000000000e+03 7.152360435303236373e-11
1.995000000000000000e+03 7.137928719169970025e-11
1.996000000000000000e+03 7.143123885830882429e-11
1.997000000000000000e+03 7.157060887644616523e-11
1.998000000000000000e+03 7.132595350665983248e-11
1.999000000000000000e+03 7.128368674472976302e-11
2.000000000000000000e+03 7.137582985770647818e-11
2.001000000000000000e+03 7.138863938274449048e-11
2.002000000000000000e+03 7.138340978859762600e-11
2.003000000000000000e+03 7.135346460851716313e-11
2.004000000000000000e+03 7.132208591342529435e-11
2.005000000000000000e+03 7.127587780758978618e-11
2.006000000000000000e+03 7.132342195202947324e-11
2.007000000000000000e+03 7.133726610062411221e-11
2.008000000000000000e+03 7.146564121756664473e-11
2.009000000000000000e+03 7.135719196618461820e-11
2.010000000000000000e+03 7.134582780075704462e-11
2.011000000000000000e+03 7.124861214121442556e-11
2.012000000000000000e+03 7.141487093680897456e-11
2.013000000000000000e+03 7.129775935229611378e-11
2.014000000000000000e+03 7.128751150985070802e-11
2.015000000000000000e+03 7.138672851153635866e-11
2.016000000000000000e+03 7.134451217584561178e-11
2.017000000000000000e+03 7.129305364152955776e-11
2.018000000000000000e+03 7.136328767047409260e-11
2.019000000000000000e+03 7.131733975996829841e-11
2.020000000000000000e+03 7.141191320887046014e-11
2.021000000000000000e+03 7.132896797360789743e-11
2.022000000000000000e+03 7.138687487521114262e-11
2.023000000000000000e+03 7.131089993541236756e-11
2.024000000000000000e+03 7.135899361544282904e-11
2.025000000000000000e+03 7.137833381511398992e-11
2.026000000000000000e+03 7.130944573279845808e-11
2.027000000000000000e+03 7.137671478246929657e-11
2.028000000000000000e+03 7.128781407845611497e-11
2.029000000000000000e+03 7.147113375827322457e-11
2.030000000000000000e+03 7.131204201015883763e-11
2.031000000000000000e+03 7.129992824321840912e-11
2.032000000000000000e+03 7.129018912718781384e-11
2.033000000000000000e+03 7.140702069412066315e-11
2.034000000000000000e+03 7.127208012193275718e-11
2.035000000000000000e+03 7.128947281585895183e-11
2.036000000000000000e+03 7.132148202540357761e-11
2.037000000000000000e+03 7.128773619517315430e-11
2.038000000000000000e+03 7.136127333702602069e-11
2.039000000000000000e+03 7.127330905960152361e-11
2.040000000000000000e+03 7.127269282082632060e-11
2.041000000000000000e+03 7.128806870059900159e-11
2.042000000000000000e+03 7.123407083142676936e-11
2.043000000000000000e+03 7.127555333946268055e-11
2.044000000000000000e+03 7.132886531852976508e-11
2.045000000000000000e+03 7.130977566083711476e-11
2.046000000000000000e+03 7.129083358602067019e-11
2.047000000000000000e+03 7.144025937136112223e-11
2.048000000000000000e+03 7.135310699493542652e-11
2.049000000000000000e+03 7.124278325385140478e-11
2.050000000000000000e+03 7.143598099986106040e-11
2.051000000000000000e+03 7.133467601854589223e-11
2.052000000000000000e+03 7.124808804646817070e-11
2.053000000000000000e+03 7.120942654235227485e-11
2.054000000000000000e+03 7.128063866283014354e-11
2.055000000000000000e+03 7.124187386795675849e-11
2.056000000000000000e+03 7.125238275827051380e-11
2.057000000000000000e+03 7.150035660227277339e-11
2.058000000000000000e+03 7.123329226452625584e-11
2.059000000000000000e+03 7.122173853369509174e-11
2.060000000000000000e+03 7.137406152182898957e-11
2.061000000000000000e+03 7.125805832711063942e-11
2.062000000000000000e+03 7.131629330684874036e-11
2.063000000000000000e+03 7.128909914111203353e-11
2.064000000000000000e+03 7.120785495019046781e-11
2.065000000000000000e+03 7.137142350048558656e-11
2.066000000000000000e+03 7.127436876433005092e-11
2.067000000000000000e+03 7.124588307773898434e-11
2.068000000000000000e+03 7.122360755111131461e-11
2.069000000000000000e+03 7.123779103615549801e-11
2.070000000000000000e+03 7.119839278429707458e-11
2.071000000000000000e+03 7.116394244509963583e-11
2.072000000000000000e+03 7.118480317166936169e-11
2.073000000000000000e+03 7.122952122053389668e-11
2.074000000000000000e+03 7.132346081210236318e-11
2.075000000000000000e+03 7.121706801121101274e-11
2.076000000000000000e+03 7.130368022155191972e-11
2.077000000000000000e+03 7.116130885711182827e-11
2.078000000000000000e+03 7.122859654613268675e-11
2.079000000000000000e+03 7.122654707684757292e-11
2.080000000000000000e+03 7.120985602325688063e-11
2.081000000000000000e+03 7.128008228487886441e-11
2.082000000000000000e+03 7.127262234813660748e-11
2.083000000000000000e+03 7.129940747001749371e-11
2.084000000000000000e+03 7.117722836003073248e-11
2.085000000000000000e+03 7.121629328027793650e-11
2.086000000000000000e+03 7.122570044566562567e-11
2.087000000000000000e+03 7.124810536431515493e-11
2.088000000000000000e+03 7.126237972501610838e-11
2.089000000000000000e+03 7.118063586589613374e-11
2.090000000000000000e+03 7.114131389870803289e-11
2.091000000000000000e+03 7.146474749709992595e-11
2.092000000000000000e+03 7.122058053128737938e-11
2.093000000000000000e+03 7.124254090486810734e-11
2.094000000000000000e+03 7.113889511701746853e-11
2.095000000000000000e+03 7.115099352412533278e-11
2.096000000000000000e+03 7.114463331517918614e-11
2.097000000000000000e+03 7.140673084377823854e-11
2.098000000000000000e+03 7.127665889144934870e-11
2.099000000000000000e+03 7.112876318581218618e-11
2.100000000000000000e+03 7.116891571274600261e-11
2.101000000000000000e+03 7.123812621336004139e-11
2.102000000000000000e+03 7.125967293849291108e-11
2.103000000000000000e+03 7.121559544998230871e-11
2.104000000000000000e+03 7.115920782815136469e-11
2.105000000000000000e+03 7.109724775021754337e-11
2.106000000000000000e+03 7.141563072674834429e-11
2.107000000000000000e+03 7.117494357842313155e-11
2.108000000000000000e+03 7.117898091506196033e-11
2.109000000000000000e+03 7.123039244209795126e-11
2.110000000000000000e+03 7.121173525029254136e-11
2.111000000000000000e+03 7.112541616726661604e-11
2.112000000000000000e+03 7.108628203722461011e-11
2.113000000000000000e+03 7.116690416711918413e-11
2.114000000000000000e+03 7.114840172723074640e-11
2.115000000000000000e+03 7.114012407216895570e-11
2.116000000000000000e+03 7.111246065872549941e-11
2.117000000000000000e+03 7.116723365429496323e-11
2.118000000000000000e+03 7.111303027521926680e-11
2.119000000000000000e+03 7.111891592774911146e-11
2.120000000000000000e+03 7.110525331652029332e-11
2.121000000000000000e+03 7.112656545106810718e-11
2.122000000000000000e+03 7.110002241126670923e-11
2.123000000000000000e+03 7.110355047415109353e-11
2.124000000000000000e+03 7.105782191601597212e-11
2.125000000000000000e+03 7.109433364361151221e-11
2.126000000000000000e+03 7.109576323060798549e-11
2.127000000000000000e+03 7.108730499729242973e-11
2.128000000000000000e+03 7.113972312814072108e-11
2.129000000000000000e+03 7.110167482261811914e-11
2.130000000000000000e+03 7.126015598821816369e-11
2.131000000000000000e+03 7.110886369628072506e-11
2.132000000000000000e+03 7.115466415816422138e-11
2.133000000000000000e+03 7.106801980873941583e-11
2.134000000000000000e+03 7.107767313414068361e-11
2.135000000000000000e+03 7.113459879563248268e-11
2.136000000000000000e+03 7.122234177734520511e-11
2.137000000000000000e+03 7.106757234464375594e-11
2.138000000000000000e+03 7.115496702099426962e-11
2.139000000000000000e+03 7.120142255595393539e-11
2.140000000000000000e+03 7.109225571546202531e-11
2.141000000000000000e+03 7.114064684659185068e-11
2.142000000000000000e+03 7.110014463232387072e-11
2.143000000000000000e+03 7.115648481056564550e-11
2.144000000000000000e+03 7.105760771358796351e-11
2.145000000000000000e+03 7.116190800501421954e-11
2.146000000000000000e+03 7.109948883421862109e-11
2.147000000000000000e+03 7.119537076340143282e-11
2.148000000000000000e+03 7.108325981645391774e-11
2.149000000000000000e+03 7.105738666747923116e-11
2.150000000000000000e+03 7.109985236430420730e-11
2.151000000000000000e+03 7.108525150016997179e-11
2.152000000000000000e+03 7.105766104191939232e-11
2.153000000000000000e+03 7.117680402443429177e-11
2.154000000000000000e+03 7.113921255581039977e-11
2.155000000000000000e+03 7.117819627652536633e-11
2.156000000000000000e+03 7.108801964295222332e-11
2.157000000000000000e+03 7.104866971381471175e-11
2.158000000000000000e+03 7.108496051452461215e-11
2.159000000000000000e+03 7.112261218514850006e-11
2.160000000000000000e+03 7.135239644128708361e-11
2.161000000000000000e+03 7.102908612714573963e-11
2.162000000000000000e+03 7.103931540256483508e-11
2.163000000000000000e+03 7.116735058897112377e-11
2.164000000000000000e+03 7.110504855649864129e-11
2.165000000000000000e+03 7.106316071531518794e-11
2.166000000000000000e+03 7.108216519243743449e-11
2.167000000000000000e+03 7.103514413555059999e-11
2.168000000000000000e+03 7.113578669938307863e-11
2.169000000000000000e+03 7.104841495397123657e-11
2.170000000000000000e+03 7.100560648888184196e-11
2.171000000000000000e+03 7.114040675965453862e-11
2.172000000000000000e+03 7.102990317769322162e-11
2.173000000000000000e+03 7.113781512119574861e-11
2.174000000000000000e+03 7.100097680435327912e-11
2.175000000000000000e+03 7.107699644723883692e-11
2.176000000000000000e+03 7.100010891134056405e-11
2.177000000000000000e+03 7.102358709762646686e-11
2.178000000000000000e+03 7.102226094132536224e-11
2.179000000000000000e+03 7.105543369105167201e-11
2.180000000000000000e+03 7.109087815266570730e-11
2.181000000000000000e+03 7.098716759028049710e-11
2.182000000000000000e+03 7.103986504021341197e-11
2.183000000000000000e+03 7.107514479621949092e-11
2.184000000000000000e+03 7.106704476373480576e-11
2.185000000000000000e+03 7.108102225000356284e-11
2.186000000000000000e+03 7.097751227102543860e-11
2.187000000000000000e+03 7.105851666339797980e-11
2.188000000000000000e+03 7.105550483298085530e-11
2.189000000000000000e+03 7.116529848635528910e-11
2.190000000000000000e+03 7.101749469026139144e-11
2.191000000000000000e+03 7.101270920364994312e-11
2.192000000000000000e+03 7.095455064994908920e-11
2.193000000000000000e+03 7.104465402722778006e-11
2.194000000000000000e+03 7.099827217313603472e-11
2.195000000000000000e+03 7.105117798493998569e-11
2.196000000000000000e+03 7.126724951664510525e-11
2.197000000000000000e+03 7.100355439922433442e-11
2.198000000000000000e+03 7.099057987491415228e-11
2.199000000000000000e+03 7.101247484604554131e-11
2.200000000000000000e+03 7.101348631652924811e-11
2.201000000000000000e+03 7.099216376106919084e-11
2.202000000000000000e+03 7.103706842141770478e-11
2.203000000000000000e+03 7.096080667263967983e-11
2.204000000000000000e+03 7.098133000531121244e-11
2.205000000000000000e+03 7.098881314672101739e-11
2.206000000000000000e+03 7.095870739986030016e-11
2.207000000000000000e+03 7.100943622968111428e-11
2.208000000000000000e+03 7.103327646381374376e-11
2.209000000000000000e+03 7.100778285667162544e-11
2.210000000000000000e+03 7.096335759572717843e-11
2.211000000000000000e+03 7.096058394533560849e-11
2.212000000000000000e+03 7.096828658618512852e-11
2.213000000000000000e+03 7.097348710159198812e-11
2.214000000000000000e+03 7.100212293722087346e-11
2.215000000000000000e+03 7.098922768140925337e-11
2.216000000000000000e+03 7.100550437442440105e-11
2.217000000000000000e+03 7.093723549264359825e-11
2.218000000000000000e+03 7.115014640682143706e-11
2.219000000000000000e+03 7.096440955929891956e-11
2.220000000000000000e+03 7.106513747105106399e-11
2.221000000000000000e+03 7.097628145220705418e-11
2.222000000000000000e+03 7.099462835542591368e-11
2.223000000000000000e+03 7.096238072199541830e-11
2.224000000000000000e+03 7.097996223112363431e-11
2.225000000000000000e+03 7.097887007157679512e-11
2.226000000000000000e+03 7.102702636661395818e-11
2.227000000000000000e+03 7.096082476577964559e-11
2.228000000000000000e+03 7.104945622041278096e-11
2.229000000000000000e+03 7.099967158237287631e-11
2.230000000000000000e+03 7.094159753627040687e-11
2.231000000000000000e+03 7.099462224423799834e-11
2.232000000000000000e+03 7.101970574571838762e-11
2.233000000000000000e+03 7.095807206637214994e-11
2.234000000000000000e+03 7.104731008919470543e-11
2.235000000000000000e+03 7.090316365568327794e-11
2.236000000000000000e+03 7.097009520793796598e-11
2.237000000000000000e+03 7.109363296479057293e-11
2.238000000000000000e+03 7.098440345109784064e-11
2.239000000000000000e+03 7.099941758150497844e-11
2.240000000000000000e+03 7.099073753826346981e-11
2.241000000000000000e+03 7.092749066577693689e-11
2.242000000000000000e+03 7.089974022526585122e-11
2.243000000000000000e+03 7.093897074362809670e-11
2.244000000000000000e+03 7.104272522437277719e-11
2.245000000000000000e+03 7.092474326716897576e-11
2.246000000000000000e+03 7.090920208066633865e-11
2.247000000000000000e+03 7.105340609633846041e-11
2.248000000000000000e+03 7.097813778734152691e-11
2.249000000000000000e+03 7.097901731572671471e-11
2.250000000000000000e+03 7.092131086307450535e-11
2.251000000000000000e+03 7.089272416757453540e-11
2.252000000000000000e+03 7.107371457367747017e-11
2.253000000000000000e+03 7.091345187957819951e-11
2.254000000000000000e+03 7.094444090148180752e-11
2.255000000000000000e+03 7.098525289167551436e-11
2.256000000000000000e+03 7.091339411838285658e-11
2.257000000000000000e+03 7.112171096866413138e-11
2.258000000000000000e+03 7.099968842860503149e-11
2.259000000000000000e+03 7.094929049848664599e-11
2.260000000000000000e+03 7.089503744372616962e-11
2.261000000000000000e+03 7.089636896674940711e-11
2.262000000000000000e+03 7.092617179102416090e-11
2.263000000000000000e+03 7.096300258881434791e-11
2.264000000000000000e+03 7.108304631414576349e-11
2.265000000000000000e+03 7.103774589786190811e-11
2.266000000000000000e+03 7.086441683317886549e-11
2.267000000000000000e+03 7.095940411868273512e-11
2.268000000000000000e+03 7.095951231218898387e-11
2.269000000000000000e+03 7.098647005575018619e-11
2.270000000000000000e+03 7.099322955000870170e-11
2.271000000000000000e+03 7.087568939685708015e-11
2.272000000000000000e+03 7.091413172426458823e-11
2.273000000000000000e+03 7.087191861819874814e-11
2.274000000000000000e+03 7.088546191114961376e-11
2.275000000000000000e+03 7.099438127746388850e-11
2.276000000000000000e+03 7.091123329879527772e-11
2.277000000000000000e+03 7.088110524744485359e-11
2.278000000000000000e+03 7.090340238972244401e-11
2.279000000000000000e+03 7.100047674007662372e-11
2.280000000000000000e+03 7.087013782967768165e-11
2.281000000000000000e+03 7.093084575764920367e-11
2.282000000000000000e+03 7.086259211882557906e-11
2.283000000000000000e+03 7.089169172525828735e-11
2.284000000000000000e+03 7.092460524652576380e-11
2.285000000000000000e+03 7.094775022997234484e-11
2.286000000000000000e+03 7.097325277967824548e-11
2.287000000000000000e+03 7.087646019681206894e-11
2.288000000000000000e+03 7.090545269163441802e-11
2.289000000000000000e+03 7.087405571451322813e-11
2.290000000000000000e+03 7.090673431067110406e-11
2.291000000000000000e+03 7.097234265662222219e-11
2.292000000000000000e+03 7.087401111141385356e-11
2.293000000000000000e+03 7.088696281161372394e-11
2.294000000000000000e+03 7.084977533493642792e-11
2.295000000000000000e+03 7.083643185303928570e-11
2.296000000000000000e+03 7.106194995909506501e-11
2.297000000000000000e+03 7.086501381838886534e-11
2.298000000000000000e+03 7.088974327052426291e-11
2.299000000000000000e+03 7.083783425081800379e-11
2.300000000000000000e+03 7.084030945261666346e-11
2.301000000000000000e+03 7.086663417808366763e-11
2.302000000000000000e+03 7.086169677461606159e-11
2.303000000000000000e+03 7.099383816298885454e-11
2.304000000000000000e+03 7.087896752988733468e-11
2.305000000000000000e+03 7.084603833806275176e-11
2.306000000000000000e+03 7.097707134634077367e-11
2.307000000000000000e+03 7.094342576974812724e-11
2.308000000000000000e+03 7.087554446924511635e-11
2.309000000000000000e+03 7.082160368263269597e-11
2.310000000000000000e+03 7.082904153438660421e-11
2.311000000000000000e+03 7.086162682792132346e-11
2.312000000000000000e+03 7.088382301535081305e-11
2.313000000000000000e+03 7.089054788610841592e-11
2.314000000000000000e+03 7.086805408238009114e-11
2.315000000000000000e+03 7.086260378117086061e-11
2.316000000000000000e+03 7.090685687174607792e-11
2.317000000000000000e+03 7.088811533588036259e-11
2.318000000000000000e+03 7.081392560165494610e-11
2.319000000000000000e+03 7.096466851692948869e-11
2.320000000000000000e+03 7.082692612416770563e-11
2.321000000000000000e+03 7.083494090112034666e-11
2.322000000000000000e+03 7.081660139644450972e-11
2.323000000000000000e+03 7.081637711298192758e-11
2.324000000000000000e+03 7.083451577581096916e-11
2.325000000000000000e+03 7.085005625661537511e-11
2.326000000000000000e+03 7.091655301063452445e-11
2.327000000000000000e+03 7.084448733947435133e-11
2.328000000000000000e+03 7.079215708451050330e-11
2.329000000000000000e+03 7.083131168441734584e-11
2.330000000000000000e+03 7.082493871904828140e-11
2.331000000000000000e+03 7.093500652806857662e-11
2.332000000000000000e+03 7.079712724910350877e-11
2.333000000000000000e+03 7.087344316797047495e-11
2.334000000000000000e+03 7.095151770498314771e-11
2.335000000000000000e+03 7.083907780275627106e-11
2.336000000000000000e+03 7.081129773624635174e-11
2.337000000000000000e+03 7.083487607885963820e-11
2.338000000000000000e+03 7.079833206301566318e-11
2.339000000000000000e+03 7.084211618527878103e-11
2.340000000000000000e+03 7.080821846814537933e-11
2.341000000000000000e+03 7.080561917783286831e-11
2.342000000000000000e+03 7.080314582827319214e-11
2.343000000000000000e+03 7.081378580654880841e-11
2.344000000000000000e+03 7.081443832042852289e-11
2.345000000000000000e+03 7.080339484072274660e-11
2.346000000000000000e+03 7.078300259334782148e-11
2.347000000000000000e+03 7.081839934704465418e-11
2.348000000000000000e+03 7.083614994562189458e-11
2.349000000000000000e+03 7.076280995910947981e-11
2.350000000000000000e+03 7.080727731377505251e-11
2.351000000000000000e+03 7.079338733351174504e-11
2.352000000000000000e+03 7.081109672526544539e-11
2.353000000000000000e+03 7.082099160795583408e-11
2.354000000000000000e+03 7.080250788523028363e-11
2.355000000000000000e+03 7.076483504401747516e-11
2.356000000000000000e+03 7.083038002949218341e-11
2.357000000000000000e+03 7.083376100288630039e-11
2.358000000000000000e+03 7.077661083525602272e-11
2.359000000000000000e+03 7.080437695582550864e-11
2.360000000000000000e+03 7.078757301829252729e-11
2.361000000000000000e+03 7.095628134791539522e-11
2.362000000000000000e+03 7.079890249918076827e-11
2.363000000000000000e+03 7.082243933945262820e-11
2.364000000000000000e+03 7.083356789569923986e-11
2.365000000000000000e+03 7.075066149447805103e-11
2.366000000000000000e+03 7.082016712974769308e-11
2.367000000000000000e+03 7.093971541094707618e-11
2.368000000000000000e+03 7.082911472723927606e-11
2.369000000000000000e+03 7.075023562385549621e-11
2.370000000000000000e+03 7.078694181659441349e-11
2.371000000000000000e+03 7.078913320403673098e-11
2.372000000000000000e+03 7.076131757514633206e-11
2.373000000000000000e+03 7.084611907593826446e-11
2.374000000000000000e+03 7.081564664406163156e-11
2.375000000000000000e+03 7.073054001299922011e-11
2.376000000000000000e+03 7.081238987733634869e-11
2.377000000000000000e+03 7.076196687955892381e-11
2.378000000000000000e+03 7.077445437648484908e-11
2.379000000000000000e+03 7.079501495079032917e-11
2.380000000000000000e+03 7.081467933563665546e-11
2.381000000000000000e+03 7.075987163974547266e-11
2.382000000000000000e+03 7.078377114081002427e-11
2.383000000000000000e+03 7.078157792597889617e-11
2.384000000000000000e+03 7.082761175309115653e-11
2.385000000000000000e+03 7.076215472479996330e-11
2.386000000000000000e+03 7.076751722616525410e-11
2.387000000000000000e+03 7.075499797138610784e-11
2.388000000000000000e+03 7.078555467202708269e-11
2.389000000000000000e+03 7.079585012030292433e-11
2.390000000000000000e+03 7.076433522132205836e-11
2.391000000000000000e+03 7.072279279082560957e-11
2.392000000000000000e+03 7.078031557906788576e-11
2.393000000000000000e+03 7.079299107304066505e-11
2.394000000000000000e+03 7.076246649939787258e-11
2.395000000000000000e+03 7.074495187229161928e-11
2.396000000000000000e+03 7.072953481592919858e-11
2.397000000000000000e+03 7.075441763431030672e-11
2.398000000000000000e+03 7.075467932814813995e-11
2.399000000000000000e+03 7.075975908712497544e-11
2.400000000000000000e+03 7.071031957100072564e-11
2.401000000000000000e+03 7.075408179114359568e-11
2.402000000000000000e+03 7.071331795560187862e-11
2.403000000000000000e+03 7.077968994223551132e-11
2.404000000000000000e+03 7.075464088196989413e-11
2.405000000000000000e+03 7.076081401497760543e-11
2.406000000000000000e+03 7.073718108840522591e-11
2.407000000000000000e+03 7.077165950577025351e-11
2.408000000000000000e+03 7.073561760529978141e-11
2.409000000000000000e+03 7.075566834857224609e-11
2.410000000000000000e+03 7.074205079112910904e-11
2.411000000000000000e+03 7.078340357643759257e-11
2.412000000000000000e+03 7.075873178257122167e-11
2.413000000000000000e+03 7.071522965492158891e-11
2.414000000000000000e+03 7.080133389750314382e-11
2.415000000000000000e+03 7.068897503428622270e-11
2.416000000000000000e+03 7.076497907664723559e-11
2.417000000000000000e+03 7.085837343988934985e-11
2.418000000000000000e+03 7.078131955549835445e-11
2.419000000000000000e+03 7.076372527817852140e-11
2.420000000000000000e+03 7.070363141974718715e-11
2.421000000000000000e+03 7.070382610274385565e-11
2.422000000000000000e+03 7.075079666817796027e-11
2.423000000000000000e+03 7.071803113439695510e-11
2.424000000000000000e+03 7.072705123130430284e-11
2.425000000000000000e+03 7.074950861409839720e-11
2.426000000000000000e+03 7.071554316468192273e-11
2.427000000000000000e+03 7.071327418791066857e-11
2.428000000000000000e+03 7.072155178873050418e-11
2.429000000000000000e+03 7.074222440680963269e-11
2.430000000000000000e+03 7.073328665020501790e-11
2.431000000000000000e+03 7.070128945240636375e-11
2.432000000000000000e+03 7.071887735446821212e-11
2.433000000000000000e+03 7.076398487234093455e-11
2.434000000000000000e+03 7.071437275949404918e-11
2.435000000000000000e+03 7.071022357365723830e-11
2.436000000000000000e+03 7.075535669721871631e-11
2.437000000000000000e+03 7.081169232935075604e-11
2.438000000000000000e+03 7.074446729490496468e-11
2.439000000000000000e+03 7.070893165904638589e-11
2.440000000000000000e+03 7.072467476178408741e-11
2.441000000000000000e+03 7.071473788715617806e-11
2.442000000000000000e+03 7.084505740980709490e-11
2.443000000000000000e+03 7.079322279639540007e-11
2.444000000000000000e+03 7.070142733881762688e-11
2.445000000000000000e+03 7.079999437000709058e-11
2.446000000000000000e+03 7.071796202917461058e-11
2.447000000000000000e+03 7.070021073595828531e-11
2.448000000000000000e+03 7.067104090981766760e-11
2.449000000000000000e+03 7.067548251192159346e-11
2.450000000000000000e+03 7.070617783293498881e-11
2.451000000000000000e+03 7.073216017481921084e-11
2.452000000000000000e+03 7.065022068657996173e-11
2.453000000000000000e+03 7.079266334276158449e-11
2.454000000000000000e+03 7.069916203240763724e-11
2.455000000000000000e+03 7.068369818126526787e-11
2.456000000000000000e+03 7.070258774072157470e-11
2.457000000000000000e+03 7.068518866219070682e-11
2.458000000000000000e+03 7.069912514679092000e-11
2.459000000000000000e+03 7.069745566232978160e-11
2.460000000000000000e+03 7.066071828663411443e-11
2.461000000000000000e+03 7.076271868908269465e-11
2.462000000000000000e+03 7.075654267670724753e-11
2.463000000000000000e+03 7.071331564623778886e-11
2.464000000000000000e+03 7.066766982818197139e-11
2.465000000000000000e+03 7.069908619113301928e-11
2.466000000000000000e+03 7.075289935682249157e-11
2.467000000000000000e+03 7.066247877715774438e-11
2.468000000000000000e+03 7.065498942091337567e-11
2.469000000000000000e+03 7.068648720983995158e-11
2.470000000000000000e+03 7.065467080437407084e-11
2.471000000000000000e+03 7.065660303442360119e-11
2.472000000000000000e+03 7.066657634420391585e-11
2.473000000000000000e+03 7.067000486381587548e-11
2.474000000000000000e+03 7.070921055462960598e-11
2.475000000000000000e+03 7.069754571082475746e-11
2.476000000000000000e+03 7.064695376482786895e-11
2.477000000000000000e+03 7.069756049668132170e-11
2.478000000000000000e+03 7.065455274025323638e-11
2.479000000000000000e+03 7.067382534574942874e-11
2.480000000000000000e+03 7.066666201120439289e-11
2.481000000000000000e+03 7.067207994106803294e-11
2.482000000000000000e+03 7.066552555082931031e-11
2.483000000000000000e+03 7.062970042678933069e-11
2.484000000000000000e+03 7.067962585525989675e-11
2.485000000000000000e+03 7.063042805366963095e-11
2.486000000000000000e+03 7.065725679384506331e-11
2.487000000000000000e+03 7.065367116814596858e-11
2.488000000000000000e+03 7.065220731201013336e-11
2.489000000000000000e+03 7.065969388393718570e-11
2.490000000000000000e+03 7.065473063685718428e-11
2.491000000000000000e+03 7.068321694186920803e-11
2.492000000000000000e+03 7.064574839965330575e-11
2.493000000000000000e+03 7.065587434014048168e-11
2.494000000000000000e+03 7.067050602555382698e-11
2.495000000000000000e+03 7.066890617939951462e-11
2.496000000000000000e+03 7.064607558701984881e-11
2.497000000000000000e+03 7.066207484086687147e-11
2.498000000000000000e+03 7.065665851863275857e-11
2.499000000000000000e+03 7.063867514337439365e-11
2.500000000000000000e+03 7.065801873541424020e-11
2.501000000000000000e+03 7.066081301999182026e-11
2.502000000000000000e+03 7.062119874033758665e-11
2.503000000000000000e+03 7.062917669564180413e-11
2.504000000000000000e+03 7.066572672054624084e-11
2.505000000000000000e+03 7.065972352233822262e-11
2.506000000000000000e+03 7.066706290813974889e-11
2.507000000000000000e+03 7.064541457514998767e-11
2.508000000000000000e+03 7.069206845606849466e-11
2.509000000000000000e+03 7.063230116568216635e-11
2.510000000000000000e+03 7.061408133227514266e-11
2.511000000000000000e+03 7.074908919423080836e-11
2.512000000000000000e+03 7.065231319686192284e-11
2.513000000000000000e+03 7.065708022285623401e-11
2.514000000000000000e+03 7.062182039797458517e-11
2.515000000000000000e+03 7.060800356487324547e-11
2.516000000000000000e+03 7.063871655341808978e-11
2.517000000000000000e+03 7.061411935406470459e-11
2.518000000000000000e+03 7.060415349022928183e-11
2.519000000000000000e+03 7.062586914487537797e-11
2.520000000000000000e+03 7.061918987748614550e-11
2.521000000000000000e+03 7.070320506009169310e-11
2.522000000000000000e+03 7.061996497290689778e-11
2.523000000000000000e+03 7.071114746938346123e-11
2.524000000000000000e+03 7.062737498821714443e-11
2.525000000000000000e+03 7.061171996031855623e-11
2.526000000000000000e+03 7.063495673607330882e-11
2.527000000000000000e+03 7.060631365873197579e-11
2.528000000000000000e+03 7.059917309581501998e-11
2.529000000000000000e+03 7.061655322281110631e-11
2.530000000000000000e+03 7.063547711124040647e-11
2.531000000000000000e+03 7.061626643428353518e-11
2.532000000000000000e+03 7.059914734461215364e-11
2.533000000000000000e+03 7.066735817474835378e-11
2.534000000000000000e+03 7.059686575827398619e-11
2.535000000000000000e+03 7.062197678413606012e-11
2.536000000000000000e+03 7.058141687518936759e-11
2.537000000000000000e+03 7.060626001925569362e-11
2.538000000000000000e+03 7.063076838093036904e-11
2.539000000000000000e+03 7.066421645756386952e-11
2.540000000000000000e+03 7.061996798704160026e-11
2.541000000000000000e+03 7.065815475347654409e-11
2.542000000000000000e+03 7.064591659019335823e-11
2.543000000000000000e+03 7.064290136970756254e-11
2.544000000000000000e+03 7.061010511142894926e-11
2.545000000000000000e+03 7.060472014071469705e-11
2.546000000000000000e+03 7.059560089189429958e-11
2.547000000000000000e+03 7.059636468078877449e-11
2.548000000000000000e+03 7.059653720252424343e-11
2.549000000000000000e+03 7.060224304247124240e-11
2.550000000000000000e+03 7.057929131468748822e-11
2.551000000000000000e+03 7.059807763842279375e-11
2.552000000000000000e+03 7.058068205516593809e-11
2.553000000000000000e+03 7.061355938868094645e-11
2.554000000000000000e+03 7.060779296848652670e-11
2.555000000000000000e+03 7.057724069307143530e-11
2.556000000000000000e+03 7.058020203031437659e-11
2.557000000000000000e+03 7.070554567004046627e-11
2.558000000000000000e+03 7.056856344223886595e-11
2.559000000000000000e+03 7.058513568538546848e-11
2.560000000000000000e+03 7.059854864459099604e-11
2.561000000000000000e+03 7.059584073752296783e-11
2.562000000000000000e+03 7.063591063515981520e-11
2.563000000000000000e+03 7.058801710018247845e-11
2.564000000000000000e+03 7.055129818514605709e-11
2.565000000000000000e+03 7.057921503361757266e-11
2.566000000000000000e+03 7.058933430526021493e-11
2.567000000000000000e+03 7.057335197624102488e-11
2.568000000000000000e+03 7.058512761213780636e-11
2.569000000000000000e+03 7.061707519344115799e-11
2.570000000000000000e+03 7.062458542730671982e-11
2.571000000000000000e+03 7.056955032318395700e-11
2.572000000000000000e+03 7.067050248539156635e-11
2.573000000000000000e+03 7.059073578327336452e-11
2.574000000000000000e+03 7.067675290757028405e-11
2.575000000000000000e+03 7.056165961000913242e-11
2.576000000000000000e+03 7.057489521705315891e-11
2.577000000000000000e+03 7.057442797688534763e-11
2.578000000000000000e+03 7.055749089083055650e-11
2.579000000000000000e+03 7.057137772414922660e-11
2.580000000000000000e+03 7.055045902184110115e-11
2.581000000000000000e+03 7.063771623603825058e-11
2.582000000000000000e+03 7.058819714058306575e-11
2.583000000000000000e+03 7.056631154888063735e-11
2.584000000000000000e+03 7.054888325195390203e-11
2.585000000000000000e+03 7.055972084770374526e-11
2.586000000000000000e+03 7.057753115467823136e-11
2.587000000000000000e+03 7.055044785618850300e-11
2.588000000000000000e+03 7.054792325727944750e-11
2.589000000000000000e+03 7.055258620070967392e-11
2.590000000000000000e+03 7.056644494294593257e-11
2.591000000000000000e+03 7.057837806145383029e-11
2.592000000000000000e+03 7.055680874125922227e-11
2.593000000000000000e+03 7.060792647739031449e-11
2.594000000000000000e+03 7.052623619004477108e-11
2.595000000000000000e+03 7.059125729335087415e-11
2.596000000000000000e+03 7.052870264109749459e-11
2.597000000000000000e+03 7.056760887007117829e-11
2.598000000000000000e+03 7.056830777903797078e-11
2.599000000000000000e+03 7.053413217292015059e-11
2.600000000000000000e+03 7.054211210766637192e-11
2.601000000000000000e+03 7.055737558540290881e-11
2.602000000000000000e+03 7.054385873004061888e-11
2.603000000000000000e+03 7.060057283641812729e-11
2.604000000000000000e+03 7.055453668556002729e-11
2.605000000000000000e+03 7.055267228615174227e-11
2.606000000000000000e+03 7.056429068349342833e-11
2.607000000000000000e+03 7.058534676815490442e-11
2.608000000000000000e+03 7.059413466246318772e-11
2.609000000000000000e+03 7.057002781892668556e-11
2.610000000000000000e+03 7.057226242270103710e-11
2.611000000000000000e+03 7.054549681597146461e-11
2.612000000000000000e+03 7.054300951161678724e-11
2.613000000000000000e+03 7.054493385968625851e-11
2.614000000000000000e+03 7.055059625080992428e-11
2.615000000000000000e+03 7.056469765365928130e-11
2.616000000000000000e+03 7.052542835266913753e-11
2.617000000000000000e+03 7.056204321032015405e-11
2.618000000000000000e+03 7.053835808315421001e-11
2.619000000000000000e+03 7.052098778173346175e-11
2.620000000000000000e+03 7.052299691689122251e-11
2.621000000000000000e+03 7.053730530291555456e-11
2.622000000000000000e+03 7.053557870172076174e-11
2.623000000000000000e+03 7.051657767254564716e-11
2.624000000000000000e+03 7.052430565417576438e-11
2.625000000000000000e+03 7.054872085992975517e-11
2.626000000000000000e+03 7.054929269637583752e-11
2.627000000000000000e+03 7.052772963067102568e-11
2.628000000000000000e+03 7.053633923136639425e-11
2.629000000000000000e+03 7.053524472576005312e-11
2.630000000000000000e+03 7.052503782207443839e-11
2.631000000000000000e+03 7.054284494782974825e-11
2.632000000000000000e+03 7.051655313046775982e-11
2.633000000000000000e+03 7.056713512224592291e-11
2.634000000000000000e+03 7.050462420706611539e-11
2.635000000000000000e+03 7.054200122350361454e-11
2.636000000000000000e+03 7.052887353607935665e-11
2.637000000000000000e+03 7.054817290451058351e-11
2.638000000000000000e+03 7.049573220426200995e-11
2.639000000000000000e+03 7.052502858157059088e-11
2.640000000000000000e+03 7.051284446275613601e-11
2.641000000000000000e+03 7.052017748616259464e-11
2.642000000000000000e+03 7.058657116276384120e-11
2.643000000000000000e+03 7.050730448516904143e-11
2.644000000000000000e+03 7.052740655476402224e-11
2.645000000000000000e+03 7.052369790993101218e-11
2.646000000000000000e+03 7.057527038643320425e-11
2.647000000000000000e+03 7.052271460210869254e-11
2.648000000000000000e+03 7.052458322482212812e-11
2.649000000000000000e+03 7.049084113200706030e-11
2.650000000000000000e+03 7.052883995580380793e-11
2.651000000000000000e+03 7.051505062356222527e-11
2.652000000000000000e+03 7.049819542516883211e-11
2.653000000000000000e+03 7.053181664347623446e-11
2.654000000000000000e+03 7.052290328301158250e-11
2.655000000000000000e+03 7.050380375115876602e-11
2.656000000000000000e+03 7.050705315141014660e-11
2.657000000000000000e+03 7.059682276431537191e-11
2.658000000000000000e+03 7.049896359278373933e-11
2.659000000000000000e+03 7.053461564186535855e-11
2.660000000000000000e+03 7.052462672654669879e-11
2.661000000000000000e+03 7.048822713386341191e-11
2.662000000000000000e+03 7.051537682334374709e-11
2.663000000000000000e+03 7.053052001712794169e-11
2.664000000000000000e+03 7.049348971153959786e-11
2.665000000000000000e+03 7.048296711604638185e-11
2.666000000000000000e+03 7.052532546672789475e-11
2.667000000000000000e+03 7.054062532745907975e-11
2.668000000000000000e+03 7.052645625861695594e-11
2.669000000000000000e+03 7.048590370484363777e-11
2.670000000000000000e+03 7.047111089294109422e-11
2.671000000000000000e+03 7.051757932725573135e-11
2.672000000000000000e+03 7.050053349849509017e-11
2.673000000000000000e+03 7.049673958235465480e-11
2.674000000000000000e+03 7.047377021272034653e-11
2.675000000000000000e+03 7.049017646609579453e-11
2.676000000000000000e+03 7.050019559497928381e-11
2.677000000000000000e+03 7.051342313588746274e-11
2.678000000000000000e+03 7.048411295049773931e-11
2.679000000000000000e+03 7.054395221583007505e-11
2.680000000000000000e+03 7.049146348946457719e-11
2.681000000000000000e+03 7.048405950160645521e-11
2.682000000000000000e+03 7.048082924868306774e-11
2.683000000000000000e+03 7.050626484976397371e-11
2.684000000000000000e+03 7.046845635156258207e-11
2.685000000000000000e+03 7.049714467062538033e-11
2.686000000000000000e+03 7.048771994164831040e-11
2.687000000000000000e+03 7.051674122913065017e-11
2.688000000000000000e+03 7.054325548474423514e-11
2.689000000000000000e+03 7.055064132743173564e-11
2.690000000000000000e+03 7.048327646256926276e-11
2.691000000000000000e+03 7.050506992148115484e-11
2.692000000000000000e+03 7.046222954515840614e-11
2.693000000000000000e+03 7.049116883455107219e-11
2.694000000000000000e+03 7.050520136048077386e-11
2.695000000000000000e+03 7.049701022010841338e-11
2.696000000000000000e+03 7.046077094319363704e-11
2.697000000000000000e+03 7.046643876639663024e-11
2.698000000000000000e+03 7.051911718134365226e-11
2.699000000000000000e+03 7.045615966896743840e-11
2.700000000000000000e+03 7.047516478871620865e-11
2.701000000000000000e+03 7.045454980706971479e-11
2.702000000000000000e+03 7.048448265423101560e-11
2.703000000000000000e+03 7.045117731038348591e-11
2.704000000000000000e+03 7.054077137767620042e-11
2.705000000000000000e+03 7.047781041866940301e-11
2.706000000000000000e+03 7.044068661384686782e-11
2.707000000000000000e+03 7.047298392718163022e-11
2.708000000000000000e+03 7.049113707905377792e-11
2.709000000000000000e+03 7.044856431745688561e-11
2.710000000000000000e+03 7.046951140502905041e-11
2.711000000000000000e+03 7.048401206853089373e-11
2.712000000000000000e+03 7.045191012929527399e-11
2.713000000000000000e+03 7.047469150770111666e-11
2.714000000000000000e+03 7.046615179119774979e-11
2.715000000000000000e+03 7.051334008286978399e-11
2.716000000000000000e+03 7.045754126243844635e-11
2.717000000000000000e+03 7.045933884804112593e-11
2.718000000000000000e+03 7.045777008100297999e-11
2.719000000000000000e+03 7.045256736873749905e-11
2.720000000000000000e+03 7.045658946877789380e-11
2.721000000000000000e+03 7.051891862314141987e-11
2.722000000000000000e+03 7.045792042746935928e-11
2.723000000000000000e+03 7.045676559613046401e-11
2.724000000000000000e+03 7.045885109219635936e-11
2.725000000000000000e+03 7.047585349956143842e-11
2.726000000000000000e+03 7.046506725333822064e-11
2.727000000000000000e+03 7.045608687141535985e-11
2.728000000000000000e+03 7.044952025300378264e-11
2.729000000000000000e+03 7.045028240958600988e-11
2.730000000000000000e+03 7.047852045507719818e-11
2.731000000000000000e+03 7.049170138536138492e-11
2.732000000000000000e+03 7.045273680958837022e-11
2.733000000000000000e+03 7.048471073913698487e-11
2.734000000000000000e+03 7.048945393272409720e-11
2.735000000000000000e+03 7.047507793361147994e-11
2.736000000000000000e+03 7.047968128961654917e-11
2.737000000000000000e+03 7.045375098594490906e-11
2.738000000000000000e+03 7.043169922307596864e-11
2.739000000000000000e+03 7.044310572544479686e-11
2.740000000000000000e+03 7.046547555442812785e-11
2.741000000000000000e+03 7.045857869021792213e-11
2.742000000000000000e+03 7.043819874134820150e-11
2.743000000000000000e+03 7.042462905912417298e-11
2.744000000000000000e+03 7.049130518173781432e-11
2.745000000000000000e+03 7.042869935124063825e-11
2.746000000000000000e+03 7.044662486310429356e-11
2.747000000000000000e+03 7.044681575820436353e-11
2.748000000000000000e+03 7.050083395795998535e-11
2.749000000000000000e+03 7.047406609296525035e-11
2.750000000000000000e+03 7.044719822293811050e-11
2.751000000000000000e+03 7.046441081039945189e-11
2.752000000000000000e+03 7.043464533111393253e-11
2.753000000000000000e+03 7.042102987126000142e-11
2.754000000000000000e+03 7.043283046062214285e-11
2.755000000000000000e+03 7.043669762765546342e-11
2.756000000000000000e+03 7.043599674810808497e-11
2.757000000000000000e+03 7.043773079032816469e-11
2.758000000000000000e+03 7.049973742780029878e-11
2.759000000000000000e+03 7.042797222308509397e-11
2.760000000000000000e+03 7.043202095629196343e-11
2.761000000000000000e+03 7.044369188165927950e-11
2.762000000000000000e+03 7.043005030036086011e-11
2.763000000000000000e+03 7.044213445302383689e-11
2.764000000000000000e+03 7.044448551463365130e-11
2.765000000000000000e+03 7.043339800635652719e-11
2.766000000000000000e+03 7.044529453438753384e-11
2.767000000000000000e+03 7.041188959753640830e-11
2.768000000000000000e+03 7.046873156128060094e-11
2.769000000000000000e+03 7.044072368673303644e-11
2.770000000000000000e+03 7.044104546647742369e-11
2.771000000000000000e+03 7.040640495261243004e-11
2.772000000000000000e+03 7.045482568491938928e-11
2.773000000000000000e+03 7.045454126281111718e-11
2.774000000000000000e+03 7.041982269516660786e-11
2.775000000000000000e+03 7.042222886408608436e-11
2.776000000000000000e+03 7.043375694654137209e-11
2.777000000000000000e+03 7.042719284400742155e-11
2.778000000000000000e+03 7.043457011467267925e-11
2.779000000000000000e+03 7.040467696887739644e-11
2.780000000000000000e+03 7.041404991749323578e-11
2.781000000000000000e+03 7.042085674530174280e-11
2.782000000000000000e+03 7.043029808406524136e-11
2.783000000000000000e+03 7.041503406955725924e-11
2.784000000000000000e+03 7.043369990913379558e-11
2.785000000000000000e+03 7.039685803299639564e-11
2.786000000000000000e+03 7.049564687764124973e-11
2.787000000000000000e+03 7.041648937060574620e-11
2.788000000000000000e+03 7.046043570553444349e-11
2.789000000000000000e+03 7.043672374839255717e-11
2.790000000000000000e+03 7.041174280498043208e-11
2.791000000000000000e+03 7.041160350824554697e-11
2.792000000000000000e+03 7.039786149972805826e-11
2.793000000000000000e+03 7.042956617671510909e-11
2.794000000000000000e+03 7.040345525347044259e-11
2.795000000000000000e+03 7.045365862941693215e-11
2.796000000000000000e+03 7.040042629663033864e-11
2.797000000000000000e+03 7.040361966179032009e-11
2.798000000000000000e+03 7.041166452798617641e-11
2.799000000000000000e+03 7.038444303549013839e-11
2.800000000000000000e+03 7.038902154074991162e-11
2.801000000000000000e+03 7.040835723119233536e-11
2.802000000000000000e+03 7.042189361986093790e-11
2.803000000000000000e+03 7.041511288250639071e-11
2.804000000000000000e+03 7.040512892032983267e-11
2.805000000000000000e+03 7.039174869301392344e-11
2.806000000000000000e+03 7.040785801274673379e-11
2.807000000000000000e+03 7.039869681845341182e-11
2.808000000000000000e+03 7.039939267101034283e-11
2.809000000000000000e+03 7.037686240060140398e-11
2.810000000000000000e+03 7.042256701006341751e-11
2.811000000000000000e+03 7.040278557861408803e-11
2.812000000000000000e+03 7.038358057548665685e-11
2.813000000000000000e+03 7.039765691021910417e-11
2.814000000000000000e+03 7.040097211079726554e-11
2.815000000000000000e+03 7.041644950769356470e-11
2.816000000000000000e+03 7.040983513331144619e-11
2.817000000000000000e+03 7.039507634394415266e-11
2.818000000000000000e+03 7.038056785560084966e-11
2.819000000000000000e+03 7.039946834935067188e-11
2.820000000000000000e+03 7.039168446397604055e-11
2.821000000000000000e+03 7.041494519059401680e-11
2.822000000000000000e+03 7.039814924285880119e-11
2.823000000000000000e+03 7.042534923207744352e-11
2.824000000000000000e+03 7.037079657082241827e-11
2.825000000000000000e+03 7.043966144957099174e-11
2.826000000000000000e+03 7.038103889387057443e-11
2.827000000000000000e+03 7.039420864048035317e-11
2.828000000000000000e+03 7.039397517344916575e-11
2.829000000000000000e+03 7.038532441364349535e-11
2.830000000000000000e+03 7.038456404534162560e-11
2.831000000000000000e+03 7.043252226485466752e-11
2.832000000000000000e+03 7.037677249452741331e-11
2.833000000000000000e+03 7.042242633259406566e-11
2.834000000000000000e+03 7.038997707915991317e-11
2.835000000000000000e+03 7.038249356361249144e-11
2.836000000000000000e+03 7.038911406709632346e-11
2.837000000000000000e+03 7.037089790374303404e-11
2.838000000000000000e+03 7.038957911756386980e-11
2.839000000000000000e+03 7.042255541015915697e-11
2.840000000000000000e+03 7.041257776599890974e-11
2.841000000000000000e+03 7.038000012375628172e-11
2.842000000000000000e+03 7.037149291395805642e-11
2.843000000000000000e+03 7.039033129184119063e-11
2.844000000000000000e+03 7.037198087926437991e-11
2.845000000000000000e+03 7.037177578441782614e-11
2.846000000000000000e+03 7.037752578318612598e-11
2.847000000000000000e+03 7.036194498498463769e-11
2.848000000000000000e+03 7.037597697564179709e-11
2.849000000000000000e+03 7.038199229225394146e-11
2.850000000000000000e+03 7.038543818981381238e-11
2.851000000000000000e+03 7.037367490399035499e-11
2.852000000000000000e+03 7.039365561034640646e-11
2.853000000000000000e+03 7.037171665251764602e-11
2.854000000000000000e+03 7.036374917963992755e-11
2.855000000000000000e+03 7.041754023490849140e-11
2.856000000000000000e+03 7.035748087579517635e-11
2.857000000000000000e+03 7.037462235230691567e-11
2.858000000000000000e+03 7.041605086916965293e-11
2.859000000000000000e+03 7.038016296953881927e-11
2.860000000000000000e+03 7.036618466678598064e-11
2.861000000000000000e+03 7.037330584215528280e-11
2.862000000000000000e+03 7.035861352483704870e-11
2.863000000000000000e+03 7.038378028183540595e-11
2.864000000000000000e+03 7.036352236572797582e-11
2.865000000000000000e+03 7.036311311523390790e-11
2.866000000000000000e+03 7.037960968215663929e-11
2.867000000000000000e+03 7.036496449905331407e-11
2.868000000000000000e+03 7.039012383324543808e-11
2.869000000000000000e+03 7.037025893180361069e-11
2.870000000000000000e+03 7.035769392251942985e-11
2.871000000000000000e+03 7.035070318169435102e-11
2.872000000000000000e+03 7.039844188016497728e-11
2.873000000000000000e+03 7.036474896232392448e-11
2.874000000000000000e+03 7.034651070140706018e-11
2.875000000000000000e+03 7.035910222616557930e-11
2.876000000000000000e+03 7.038053256151541946e-11
2.877000000000000000e+03 7.036159368292026061e-11
2.878000000000000000e+03 7.036623734925019890e-11
2.879000000000000000e+03 7.034621504711813414e-11
2.880000000000000000e+03 7.036081560079341702e-11
2.881000000000000000e+03 7.037313976782546091e-11
2.882000000000000000e+03 7.035880673724983250e-11
2.883000000000000000e+03 7.034194859883253148e-11
2.884000000000000000e+03 7.037736356247996325e-11
2.885000000000000000e+03 7.035413549766012009e-11
2.886000000000000000e+03 7.036795008191803954e-11
2.887000000000000000e+03 7.035463548572291294e-11
2.888000000000000000e+03 7.034076763531916783e-11
2.889000000000000000e+03 7.035684102545424283e-11
2.890000000000000000e+03 7.036073154513743867e-11
2.891000000000000000e+03 7.035621745918103496e-11
2.892000000000000000e+03 7.035499375357227988e-11
2.893000000000000000e+03 7.035139932148465740e-11
2.894000000000000000e+03 7.034436738339171943e-11
2.895000000000000000e+03 7.035034617161089728e-11
2.896000000000000000e+03 7.034284493199358550e-11
2.897000000000000000e+03 7.034375625117855931e-11
2.898000000000000000e+03 7.035806419069435099e-11
2.899000000000000000e+03 7.036652749691009311e-11
2.900000000000000000e+03 7.034459469986265484e-11
2.901000000000000000e+03 7.034351002585448306e-11
2.902000000000000000e+03 7.034294428797571125e-11
2.903000000000000000e+03 7.034118327525387825e-11
2.904000000000000000e+03 7.037405853839583569e-11
2.905000000000000000e+03 7.035532515825085609e-11
2.906000000000000000e+03 7.036527104646417176e-11
2.907000000000000000e+03 7.035111574356471012e-11
2.908000000000000000e+03 7.039352346920691925e-11
2.909000000000000000e+03 7.036034901600729327e-11
2.910000000000000000e+03 7.037640040670482547e-11
2.911000000000000000e+03 7.037203390667095276e-11
2.912000000000000000e+03 7.033495294225405678e-11
2.913000000000000000e+03 7.032634788727655937e-11
2.914000000000000000e+03 7.037616650755910017e-11
2.915000000000000000e+03 7.037487665516768890e-11
2.916000000000000000e+03 7.036005187440647362e-11
2.917000000000000000e+03 7.032283945973504194e-11
2.918000000000000000e+03 7.034056542476614580e-11
2.919000000000000000e+03 7.033104623824542660e-11
2.920000000000000000e+03 7.032344262057814628e-11
2.921000000000000000e+03 7.036107373393976268e-11
2.922000000000000000e+03 7.033019252372634045e-11
2.923000000000000000e+03 7.034544388222638777e-11
2.924000000000000000e+03 7.034705519027676433e-11
2.925000000000000000e+03 7.033112686173257514e-11
2.926000000000000000e+03 7.041084521756568667e-11
2.927000000000000000e+03 7.033372942501596312e-11
2.928000000000000000e+03 7.032859698220540846e-11
2.929000000000000000e+03 7.033133233240518933e-11
2.930000000000000000e+03 7.032676787163342057e-11
2.931000000000000000e+03 7.035947085877890639e-11
2.932000000000000000e+03 7.032807204848642226e-11
2.933000000000000000e+03 7.032983631962385537e-11
2.934000000000000000e+03 7.034684439218565917e-11
2.935000000000000000e+03 7.031457576216111307e-11
2.936000000000000000e+03 7.037044601737823488e-11
2.937000000000000000e+03 7.032274613953416800e-11
2.938000000000000000e+03 7.033317235172230175e-11
2.939000000000000000e+03 7.032105631885230074e-11
2.940000000000000000e+03 7.032203112974588863e-11
2.941000000000000000e+03 7.031737490985852201e-11
2.942000000000000000e+03 7.032080947943543820e-11
2.943000000000000000e+03 7.032536215480035283e-11
2.944000000000000000e+03 7.033885471889545557e-11
2.945000000000000000e+03 7.032957367735298440e-11
2.946000000000000000e+03 7.031720676680378071e-11
2.947000000000000000e+03 7.031097350637414762e-11
2.948000000000000000e+03 7.031954297187744607e-11
2.949000000000000000e+03 7.030814731135045677e-11
2.950000000000000000e+03 7.031992784280775950e-11
2.951000000000000000e+03 7.031594635895570698e-11
2.952000000000000000e+03 7.034825471129166033e-11
2.953000000000000000e+03 7.031507723427237814e-11
2.954000000000000000e+03 7.031323555855273981e-11
2.955000000000000000e+03 7.032298926496678083e-11
2.956000000000000000e+03 7.032739308987973143e-11
2.957000000000000000e+03 7.032660509384644768e-11
2.958000000000000000e+03 7.031564569447639758e-11
2.959000000000000000e+03 7.034249823888278850e-11
2.960000000000000000e+03 7.031194744699804407e-11
2.961000000000000000e+03 7.032910451703996046e-11
2.962000000000000000e+03 7.031534206758111679e-11
2.963000000000000000e+03 7.032540147339534075e-11
2.964000000000000000e+03 7.030479524723264097e-11
2.965000000000000000e+03 7.033617464452628723e-11
2.966000000000000000e+03 7.029863864695051452e-11
2.967000000000000000e+03 7.034403139990277427e-11
2.968000000000000000e+03 7.030261307842385164e-11
2.969000000000000000e+03 7.033911250654125481e-11
2.970000000000000000e+03 7.031298094778184177e-11
2.971000000000000000e+03 7.030234390623314654e-11
2.972000000000000000e+03 7.031001945608124831e-11
2.973000000000000000e+03 7.032564256928059566e-11
2.974000000000000000e+03 7.031211722861793685e-11
2.975000000000000000e+03 7.032284541419999345e-11
2.976000000000000000e+03 7.031802781075067392e-11
2.977000000000000000e+03 7.033907912334464066e-11
2.978000000000000000e+03 7.030672250506107122e-11
2.979000000000000000e+03 7.030928824575721150e-11
2.980000000000000000e+03 7.030142217785666501e-11
2.981000000000000000e+03 7.030412653044261786e-11
2.982000000000000000e+03 7.032621428378298833e-11
2.983000000000000000e+03 7.029243036988287516e-11
2.984000000000000000e+03 7.031336106996184626e-11
2.985000000000000000e+03 7.031085441844174897e-11
2.986000000000000000e+03 7.031392716640358713e-11
2.987000000000000000e+03 7.032523508899981308e-11
2.988000000000000000e+03 7.029497375666948039e-11
2.989000000000000000e+03 7.030095760639251882e-11
2.990000000000000000e+03 7.031018017922840401e-11
2.991000000000000000e+03 7.030746542190890410e-11
2.992000000000000000e+03 7.029256829800624579e-11
2.993000000000000000e+03 7.028587004913762151e-11
2.994000000000000000e+03 7.031266349941457929e-11
2.995000000000000000e+03 7.030052451115891970e-11
2.996000000000000000e+03 7.029888852077849941e-11
2.997000000000000000e+03 7.029009928065048726e-11
2.998000000000000000e+03 7.029547649595121109e-11
2.999000000000000000e+03 7.029530343068827341e-11
