0.000000000000000000e+00 8.024154134406954238e-04
1.000000000000000000e+00 3.074581990859615119e-04
2.000000000000000000e+00 2.298206041071282726e-04
3.000000000000000000e+00 1.290321573638146947e-04
4.000000000000000000e+00 1.255848121100503324e-04
5.000000000000000000e+00 1.208811586422253026e-04
6.000000000000000000e+00 1.134973215846988263e-04
7.000000000000000000e+00 1.103148615642574520e-04
8.000000000000000000e+00 1.119599226214626172e-04
9.000000000000000000e+00 1.176744027493586557e-04
1.000000000000000000e+01 1.321625743612988776e-04
1.100000000000000000e+01 1.243970064834006169e-04
1.200000000000000000e+01 1.081101865217558923e-04
1.300000000000000000e+01 1.202812029071527998e-04
1.400000000000000000e+01 1.224296092938648357e-04
1.500000000000000000e+01 1.149249857680453569e-04
1.600000000000000000e+01 1.109683575670603235e-04
1.700000000000000000e+01 1.088198064914984648e-04
1.800000000000000000e+01 1.266905126522656583e-04
1.900000000000000000e+01 1.071630168789325138e-04
2.000000000000000000e+01 1.090762879894228201e-04
2.100000000000000000e+01 1.143581452024279132e-04
2.200000000000000000e+01 1.118408768097859095e-04
2.300000000000000000e+01 1.146856017117335434e-04
2.400000000000000000e+01 1.185235310039831243e-04
2.500000000000000000e+01 1.075600428250661456e-04
2.600000000000000000e+01 1.110823200896465655e-04
2.700000000000000000e+01 1.043538313902891957e-04
2.800000000000000000e+01 1.053875862097930819e-04
2.900000000000000000e+01 1.043364593131152775e-04
3.000000000000000000e+01 1.035684420971369837e-04
3.100000000000000000e+01 9.938799618984203200e-05
3.200000000000000000e+01 9.813975672380008018e-05
3.300000000000000000e+01 9.383605911499791818e-05
3.400000000000000000e+01 9.957581006878609244e-05
3.500000000000000000e+01 9.922496666814255664e-05
3.600000000000000000e+01 1.047860588853330747e-04
3.700000000000000000e+01 1.015399596651564825e-04
3.800000000000000000e+01 8.662725692639911055e-05
3.900000000000000000e+01 7.638008280084355778e-05
4.000000000000000000e+01 6.028798013702980679e-05
4.100000000000000000e+01 5.434076408691796881e-05
4.200000000000000000e+01 3.588685074742578948e-05
4.300000000000000000e+01 2.644232867500315691e-05
4.400000000000000000e+01 2.301586933417456849e-05
4.500000000000000000e+01 1.478748531047300750e-05
4.600000000000000000e+01 8.301441905667207550e-06
4.700000000000000000e+01 7.409729861587579321e-06
4.800000000000000000e+01 6.945206358950158780e-06
4.900000000000000000e+01 7.284315839837590478e-06
5.000000000000000000e+01 5.496508034108034755e-06
5.100000000000000000e+01 5.352820256396208575e-06
5.200000000000000000e+01 3.786090795820380859e-06
5.300000000000000000e+01 3.843793178714228317e-06
5.400000000000000000e+01 2.865999087960062650e-06
5.500000000000000000e+01 3.408045178779208484e-06
5.600000000000000000e+01 3.872986517943828615e-06
5.700000000000000000e+01 3.349679374616730003e-06
5.800000000000000000e+01 4.150357629040726652e-06
5.900000000000000000e+01 2.680525832476002979e-06
6.000000000000000000e+01 2.761334644535730580e-06
6.100000000000000000e+01 2.426600263081861908e-06
6.200000000000000000e+01 3.067812386634936234e-06
6.300000000000000000e+01 1.947738914453046928e-06
6.400000000000000000e+01 2.864976978453156928e-06
6.500000000000000000e+01 2.504438659086954130e-06
6.600000000000000000e+01 2.354002665648426659e-06
6.700000000000000000e+01 2.740334928289362453e-06
6.800000000000000000e+01 2.153784145845080121e-06
6.900000000000000000e+01 2.048407248028410524e-06
7.000000000000000000e+01 1.605944620716805678e-06
7.100000000000000000e+01 1.760471987909727622e-06
7.200000000000000000e+01 1.521218299688535649e-06
7.300000000000000000e+01 3.320393538008932457e-06
7.400000000000000000e+01 2.054408592116981615e-06
7.500000000000000000e+01 1.495307800554864418e-06
7.600000000000000000e+01 1.643441591952103578e-06
7.700000000000000000e+01 1.318303747046921475e-06
7.800000000000000000e+01 2.062279697423338253e-06
7.900000000000000000e+01 2.563943482887223496e-06
8.000000000000000000e+01 1.844184121611773100e-06
8.100000000000000000e+01 1.500665133158105824e-06
8.200000000000000000e+01 1.500428595406589084e-06
8.300000000000000000e+01 1.322392836201247076e-06
8.400000000000000000e+01 1.100653210598377740e-06
8.500000000000000000e+01 1.072849829445886551e-06
8.600000000000000000e+01 1.349682597994629547e-06
8.700000000000000000e+01 1.031881171402619971e-06
8.800000000000000000e+01 2.047420711890500068e-06
8.900000000000000000e+01 1.759780640029617081e-06
9.000000000000000000e+01 2.060478585659342451e-06
9.100000000000000000e+01 1.204902412045099380e-06
9.200000000000000000e+01 9.173829911443005563e-07
9.300000000000000000e+01 1.186035957029756105e-06
9.400000000000000000e+01 2.161754787637248077e-06
9.500000000000000000e+01 8.309140352578796501e-07
9.600000000000000000e+01 9.699274853456346391e-07
9.700000000000000000e+01 1.373822100582814569e-06
9.800000000000000000e+01 1.052578537816707745e-06
9.900000000000000000e+01 1.010974831933189970e-06
1.000000000000000000e+02 7.965194463699310950e-07
1.010000000000000000e+02 9.895001469231554937e-07
1.020000000000000000e+02 1.065103690798686021e-06
1.030000000000000000e+02 8.424785188976679232e-07
1.040000000000000000e+02 8.774445441108622861e-07
1.050000000000000000e+02 7.237480234332432515e-07
1.060000000000000000e+02 7.273410840871301118e-07
1.070000000000000000e+02 9.749280507412809659e-07
1.080000000000000000e+02 7.887772794869991867e-07
1.090000000000000000e+02 7.168871581989089288e-07
1.100000000000000000e+02 6.840119955013048354e-07
1.110000000000000000e+02 8.983420202635166132e-07
1.120000000000000000e+02 1.070326516240631040e-06
1.130000000000000000e+02 1.074918779968522788e-06
1.140000000000000000e+02 1.429765387686439914e-06
1.150000000000000000e+02 9.562111786438565793e-07
1.160000000000000000e+02 7.364469847220444727e-07
1.170000000000000000e+02 1.263667405119573837e-06
1.180000000000000000e+02 2.025748448155416066e-06
1.190000000000000000e+02 1.004591763227601314e-06
1.200000000000000000e+02 6.801060150112920777e-07
1.210000000000000000e+02 1.247728684295209412e-06
1.220000000000000000e+02 6.635225404634845743e-07
1.230000000000000000e+02 5.965584266935896441e-07
1.240000000000000000e+02 5.608167902847345897e-07
1.250000000000000000e+02 1.917602552960410436e-06
1.260000000000000000e+02 8.270067590308280166e-07
1.270000000000000000e+02 5.316229281134358951e-07
1.280000000000000000e+02 7.528701737012138265e-07
1.290000000000000000e+02 8.359655655248357421e-07
1.300000000000000000e+02 6.719835045300406784e-07
1.310000000000000000e+02 1.410060467792768961e-06
1.320000000000000000e+02 1.462150243999819250e-06
1.330000000000000000e+02 8.308960599200955277e-07
1.340000000000000000e+02 1.102842181562748009e-06
1.350000000000000000e+02 1.132915341077995690e-06
1.360000000000000000e+02 9.538373617365465842e-07
1.370000000000000000e+02 1.074098040067003165e-06
1.380000000000000000e+02 7.175439237570769843e-07
1.390000000000000000e+02 5.141292750930397690e-07
1.400000000000000000e+02 7.643559768301164397e-07
1.410000000000000000e+02 1.096043190789500501e-06
1.420000000000000000e+02 6.299580737036714120e-07
1.430000000000000000e+02 6.758521751185823978e-07
1.440000000000000000e+02 7.857813620260125969e-07
1.450000000000000000e+02 1.032386873817237909e-06
1.460000000000000000e+02 5.937396737361107533e-07
1.470000000000000000e+02 4.496109582914966429e-07
1.480000000000000000e+02 9.833322153912377878e-07
1.490000000000000000e+02 1.141669984376212833e-06
1.500000000000000000e+02 1.957731724311325056e-06
1.510000000000000000e+02 2.095148420050460244e-06
1.520000000000000000e+02 3.458011606955647700e-06
1.530000000000000000e+02 5.062358515587313570e-06
1.540000000000000000e+02 7.660712132103857619e-07
1.550000000000000000e+02 4.969380847589892057e-07
1.560000000000000000e+02 4.049868299047904965e-07
1.570000000000000000e+02 4.528750072778758909e-07
1.580000000000000000e+02 4.329519413022529827e-07
1.590000000000000000e+02 7.667844965285997963e-07
1.600000000000000000e+02 4.591652790207926757e-07
1.610000000000000000e+02 5.856259033586456063e-07
1.620000000000000000e+02 1.112886899054924352e-06
1.630000000000000000e+02 9.342229530902750000e-07
1.640000000000000000e+02 5.088397344821510954e-07
1.650000000000000000e+02 5.153141634419650500e-07
1.660000000000000000e+02 1.349264485545015479e-06
1.670000000000000000e+02 5.653195501484154103e-07
1.680000000000000000e+02 6.032988187028098744e-07
1.690000000000000000e+02 1.391391045035076851e-06
1.700000000000000000e+02 4.485161536119237757e-07
1.710000000000000000e+02 5.601722931846486552e-07
1.720000000000000000e+02 4.506027299593868100e-07
1.730000000000000000e+02 4.301949537444613701e-07
1.740000000000000000e+02 3.538332183251181511e-07
1.750000000000000000e+02 9.736142644057818838e-07
1.760000000000000000e+02 6.762007422416064321e-07
1.770000000000000000e+02 4.867467199141988457e-07
1.780000000000000000e+02 5.790773923384153220e-07
1.790000000000000000e+02 3.664568546241112234e-07
1.800000000000000000e+02 9.008434861014674579e-07
1.810000000000000000e+02 7.134939347646031371e-07
1.820000000000000000e+02 1.160665373938119933e-06
1.830000000000000000e+02 5.995810530590051962e-07
1.840000000000000000e+02 4.542672614394760246e-07
1.850000000000000000e+02 7.024786446801064494e-07
1.860000000000000000e+02 5.312400129062763125e-07
1.870000000000000000e+02 4.026502792800966716e-07
1.880000000000000000e+02 5.650436934746412501e-07
1.890000000000000000e+02 6.271607993288740932e-07
1.900000000000000000e+02 8.035417438016979743e-07
1.910000000000000000e+02 9.781101183133906161e-07
1.920000000000000000e+02 4.460368158690944262e-07
1.930000000000000000e+02 5.204689018001331415e-07
1.940000000000000000e+02 3.740688930571331879e-07
1.950000000000000000e+02 6.279497443135854466e-07
1.960000000000000000e+02 8.771104578988559720e-07
1.970000000000000000e+02 5.081212905488517212e-07
1.980000000000000000e+02 7.039588138350168789e-07
1.990000000000000000e+02 4.093748409709171273e-07
2.000000000000000000e+02 4.100326844965845216e-07
2.010000000000000000e+02 3.913837736845175826e-07
2.020000000000000000e+02 3.941539282144300703e-07
2.030000000000000000e+02 4.997215599059635917e-07
2.040000000000000000e+02 4.629893106899403412e-07
2.050000000000000000e+02 4.485383720752327141e-07
2.060000000000000000e+02 3.674723052887651168e-07
2.070000000000000000e+02 9.724297780727783630e-07
2.080000000000000000e+02 4.716508503470731574e-07
2.090000000000000000e+02 5.573245250220369056e-07
2.100000000000000000e+02 7.604838865491344829e-07
2.110000000000000000e+02 8.718143391107568497e-07
2.120000000000000000e+02 6.287910348086562135e-07
2.130000000000000000e+02 3.227084039943687033e-07
2.140000000000000000e+02 6.168931039710248530e-07
2.150000000000000000e+02 5.408432578383940320e-07
2.160000000000000000e+02 8.168362474742244638e-07
2.170000000000000000e+02 4.058123117086751158e-07
2.180000000000000000e+02 3.955461478620498001e-07
2.190000000000000000e+02 4.142273329499477488e-07
2.200000000000000000e+02 3.180361726883114585e-07
2.210000000000000000e+02 6.063730161968618701e-07
2.220000000000000000e+02 5.697714476582890264e-07
2.230000000000000000e+02 7.315047485866052267e-07
2.240000000000000000e+02 6.000931486178029682e-07
2.250000000000000000e+02 3.808968867715435275e-07
2.260000000000000000e+02 4.740278754435073358e-07
2.270000000000000000e+02 3.928422051808339314e-07
2.280000000000000000e+02 4.510398122600066633e-07
2.290000000000000000e+02 7.403704816856634326e-07
2.300000000000000000e+02 6.810372219254830675e-07
2.310000000000000000e+02 5.982582705261196749e-07
2.320000000000000000e+02 2.794067015937644141e-07
2.330000000000000000e+02 2.447675220661078917e-06
2.340000000000000000e+02 1.055678112795215198e-06
2.350000000000000000e+02 3.454129670376366750e-07
2.360000000000000000e+02 3.974282853566405806e-07
2.370000000000000000e+02 3.455792063787631502e-07
2.380000000000000000e+02 3.168997914326856797e-07
2.390000000000000000e+02 2.821058430364115489e-07
2.400000000000000000e+02 2.774677801738056049e-07
2.410000000000000000e+02 5.171574035361698002e-07
2.420000000000000000e+02 3.938759259614487998e-07
2.430000000000000000e+02 3.281127701622315131e-07
2.440000000000000000e+02 3.168688840018906630e-07
2.450000000000000000e+02 2.924694372793970935e-07
2.460000000000000000e+02 2.990967009129320759e-07
2.470000000000000000e+02 4.187094144289695265e-07
2.480000000000000000e+02 2.772639158751093860e-07
2.490000000000000000e+02 4.387491146898724923e-07
2.500000000000000000e+02 8.911110705951479609e-07
2.510000000000000000e+02 4.620110015615347987e-07
2.520000000000000000e+02 3.403687221256562717e-07
2.530000000000000000e+02 3.525367210001678408e-07
2.540000000000000000e+02 4.108663143613348275e-07
2.550000000000000000e+02 6.799327548063219618e-07
2.560000000000000000e+02 5.188564035349925246e-07
2.570000000000000000e+02 2.612188356101664983e-07
2.580000000000000000e+02 3.830431603445577520e-07
2.590000000000000000e+02 3.890405156515718992e-07
2.600000000000000000e+02 3.301468081522141399e-07
2.610000000000000000e+02 3.259088364213487022e-07
2.620000000000000000e+02 3.407314769615909920e-07
2.630000000000000000e+02 3.520018231248252048e-07
2.640000000000000000e+02 2.815733036920471633e-07
2.650000000000000000e+02 2.917710080226509598e-07
2.660000000000000000e+02 2.632629455609288605e-07
2.670000000000000000e+02 3.461439745400004089e-07
2.680000000000000000e+02 5.533425102784824133e-07
2.690000000000000000e+02 6.450188405617675127e-07
2.700000000000000000e+02 4.339539012314831534e-07
2.710000000000000000e+02 2.856930013598558526e-07
2.720000000000000000e+02 3.540575333384036184e-07
2.730000000000000000e+02 3.276486093309831888e-07
2.740000000000000000e+02 2.527207165495247534e-07
2.750000000000000000e+02 2.811388350962556569e-07
2.760000000000000000e+02 3.408840308689996085e-07
2.770000000000000000e+02 3.304377969450123040e-07
2.780000000000000000e+02 2.843511469291113959e-07
2.790000000000000000e+02 2.955941813926969561e-07
2.800000000000000000e+02 2.238406576407129785e-07
2.810000000000000000e+02 1.568520852115257400e-06
2.820000000000000000e+02 4.953457782418950167e-07
2.830000000000000000e+02 2.986413260145546451e-07
2.840000000000000000e+02 4.938885819901496706e-07
2.850000000000000000e+02 3.646853356312240240e-07
2.860000000000000000e+02 3.878460332638485709e-07
2.870000000000000000e+02 4.141301644723554165e-07
2.880000000000000000e+02 4.123494502675520058e-07
2.890000000000000000e+02 2.447578908308215291e-07
2.900000000000000000e+02 2.733872021499672393e-07
2.910000000000000000e+02 2.789517047882096659e-07
2.920000000000000000e+02 4.056997252601803525e-07
2.930000000000000000e+02 3.622214158639830506e-07
2.940000000000000000e+02 3.014375811629321255e-07
2.950000000000000000e+02 2.474709057040969107e-07
2.960000000000000000e+02 2.417249602664965923e-07
2.970000000000000000e+02 3.295756432381046023e-07
2.980000000000000000e+02 3.307220064188791373e-07
2.990000000000000000e+02 2.317932416035144595e-07
3.000000000000000000e+02 1.075533629899402697e-06
3.010000000000000000e+02 4.271403861432363113e-07
3.020000000000000000e+02 3.412765502476730970e-07
3.030000000000000000e+02 2.607226978869734731e-07
3.040000000000000000e+02 2.782972143361322692e-07
3.050000000000000000e+02 2.314256665157068281e-07
3.060000000000000000e+02 2.914433528163441537e-07
3.070000000000000000e+02 1.115242972700765346e-06
3.080000000000000000e+02 7.449472839886273697e-07
3.090000000000000000e+02 2.408822531009794999e-07
3.100000000000000000e+02 2.365383885045163300e-07
3.110000000000000000e+02 2.327999101579174721e-07
3.120000000000000000e+02 2.842004690401780792e-07
3.130000000000000000e+02 3.414938347042723803e-07
3.140000000000000000e+02 2.460450338989806221e-07
3.150000000000000000e+02 2.642904291603924257e-07
3.160000000000000000e+02 2.592157114412314998e-07
3.170000000000000000e+02 2.777462709695340593e-07
3.180000000000000000e+02 2.653884881468413047e-07
3.190000000000000000e+02 4.560049547501484498e-07
3.200000000000000000e+02 4.978405162574043481e-07
3.210000000000000000e+02 2.446532395166033900e-07
3.220000000000000000e+02 2.964592679902299388e-07
3.230000000000000000e+02 3.143791071178339064e-07
3.240000000000000000e+02 4.167421993185487041e-07
3.250000000000000000e+02 3.091941709658661810e-07
3.260000000000000000e+02 2.312687781423812024e-07
3.270000000000000000e+02 2.483401526613574831e-07
3.280000000000000000e+02 2.800075556413318981e-07
3.290000000000000000e+02 4.568943153135476082e-07
3.300000000000000000e+02 3.136095168587176658e-07
3.310000000000000000e+02 2.562777327609124548e-07
3.320000000000000000e+02 2.976450683262903506e-07
3.330000000000000000e+02 2.333857567372523532e-07
3.340000000000000000e+02 2.572345621925943409e-07
3.350000000000000000e+02 2.669240714217506825e-07
3.360000000000000000e+02 3.078478115988669522e-07
3.370000000000000000e+02 2.857988527621963470e-07
3.380000000000000000e+02 2.557701765691990697e-07
3.390000000000000000e+02 3.733648309030317253e-07
3.400000000000000000e+02 4.200114269736982524e-07
3.410000000000000000e+02 3.340931799655919240e-07
3.420000000000000000e+02 2.738659688518237012e-07
3.430000000000000000e+02 2.995895718785932131e-07
3.440000000000000000e+02 2.450046832747783127e-07
3.450000000000000000e+02 2.361437671974783485e-07
3.460000000000000000e+02 3.187597892076154574e-07
3.470000000000000000e+02 2.914035520659420405e-07
3.480000000000000000e+02 3.866834711827656327e-07
3.490000000000000000e+02 2.565648417089188787e-07
3.500000000000000000e+02 2.422496953638692546e-07
3.510000000000000000e+02 2.518267510922313719e-07
3.520000000000000000e+02 3.276067433337170556e-07
3.530000000000000000e+02 2.309321388819045696e-07
3.540000000000000000e+02 2.363510032344096259e-07
3.550000000000000000e+02 2.691583006111322434e-07
3.560000000000000000e+02 3.620270896250244422e-07
3.570000000000000000e+02 7.076441862693130601e-07
3.580000000000000000e+02 3.174596366991366949e-07
3.590000000000000000e+02 2.875577894988579255e-07
3.600000000000000000e+02 7.066751332797758818e-07
3.610000000000000000e+02 2.617000808093112811e-07
3.620000000000000000e+02 2.447272518496254791e-07
3.630000000000000000e+02 2.309914370903575877e-07
3.640000000000000000e+02 2.954527208102245304e-07
3.650000000000000000e+02 3.549002541621425439e-07
3.660000000000000000e+02 2.954782446442624503e-07
3.670000000000000000e+02 2.844939521000487434e-07
3.680000000000000000e+02 3.821556115193120777e-07
3.690000000000000000e+02 2.752878461327605497e-07
3.700000000000000000e+02 2.812906687726613773e-07
3.710000000000000000e+02 3.028563397071935858e-07
3.720000000000000000e+02 3.394801461152971388e-07
3.730000000000000000e+02 2.810661562365792076e-07
3.740000000000000000e+02 2.176636074218788015e-07
3.750000000000000000e+02 2.218759302582846501e-07
3.760000000000000000e+02 2.481118194549008413e-07
3.770000000000000000e+02 3.419738865822849634e-07
3.780000000000000000e+02 4.161065141608148619e-07
3.790000000000000000e+02 3.619703294624870107e-07
3.800000000000000000e+02 2.951696316571463719e-07
3.810000000000000000e+02 2.161957712491352354e-07
3.820000000000000000e+02 2.367850184741996941e-07
3.830000000000000000e+02 2.417422097772066866e-07
3.840000000000000000e+02 2.191219771789004434e-07
3.850000000000000000e+02 2.206018388477712691e-07
3.860000000000000000e+02 2.590899389364104471e-07
3.870000000000000000e+02 2.224533400678561297e-07
3.880000000000000000e+02 2.503026065313642437e-07
3.890000000000000000e+02 3.676997618320620869e-07
3.900000000000000000e+02 2.372117913443218078e-07
3.910000000000000000e+02 2.149433326065365313e-07
3.920000000000000000e+02 2.157937285871685322e-07
3.930000000000000000e+02 2.330229039732451449e-07
3.940000000000000000e+02 2.248020780289796394e-07
3.950000000000000000e+02 2.118018014814432031e-07
3.960000000000000000e+02 2.183752339446583316e-07
3.970000000000000000e+02 2.431359312748063421e-07
3.980000000000000000e+02 2.430034248629156340e-07
3.990000000000000000e+02 2.732420784586075110e-07
4.000000000000000000e+02 2.285704289506845597e-07
4.010000000000000000e+02 2.339952888869894876e-07
4.020000000000000000e+02 2.225412145709405094e-07
4.030000000000000000e+02 3.450535751219788663e-07
4.040000000000000000e+02 3.838738460355632977e-07
4.050000000000000000e+02 6.633821701483420301e-07
4.060000000000000000e+02 4.170872073760772992e-07
4.070000000000000000e+02 2.627225887088123942e-07
4.080000000000000000e+02 2.864374728337523218e-07
4.090000000000000000e+02 2.439098502286554358e-07
4.100000000000000000e+02 2.317732149236380270e-07
4.110000000000000000e+02 2.300063092425634066e-07
4.120000000000000000e+02 2.215794042345955535e-07
4.130000000000000000e+02 3.053798957426774179e-07
4.140000000000000000e+02 2.282151128037975981e-07
4.150000000000000000e+02 2.220743552760823667e-07
4.160000000000000000e+02 2.847430022043087191e-07
4.170000000000000000e+02 2.158069924500040067e-07
4.180000000000000000e+02 2.390125496948720042e-07
4.190000000000000000e+02 2.160243149185799444e-07
4.200000000000000000e+02 2.779960239437231882e-07
4.210000000000000000e+02 2.596355744519299816e-07
4.220000000000000000e+02 2.647208084791147338e-07
4.230000000000000000e+02 2.746061326344218473e-07
4.240000000000000000e+02 3.189963529235310731e-07
4.250000000000000000e+02 2.710384068986517821e-07
4.260000000000000000e+02 2.513125933848863461e-07
4.270000000000000000e+02 2.405975746871551192e-07
4.280000000000000000e+02 2.432784476741285054e-07
4.290000000000000000e+02 2.498671495352878522e-07
4.300000000000000000e+02 2.801846404253396144e-07
4.310000000000000000e+02 2.573253747634008744e-07
4.320000000000000000e+02 2.161282283012530328e-07
4.330000000000000000e+02 2.808557013471328004e-07
4.340000000000000000e+02 3.357645769528904264e-07
4.350000000000000000e+02 2.343851276437496472e-07
4.360000000000000000e+02 2.076122565041949014e-07
4.370000000000000000e+02 2.581601629361056438e-07
4.380000000000000000e+02 2.484436167009674701e-07
4.390000000000000000e+02 2.478953670639818167e-07
4.400000000000000000e+02 2.269937699785035880e-07
4.410000000000000000e+02 2.204661330477166909e-07
4.420000000000000000e+02 2.479188306855199671e-07
4.430000000000000000e+02 2.171426321774463775e-07
4.440000000000000000e+02 2.225989799921669310e-07
4.450000000000000000e+02 2.449858822793812342e-07
4.460000000000000000e+02 2.350757696609724353e-07
4.470000000000000000e+02 2.164243495083256756e-07
4.480000000000000000e+02 3.793602518460525472e-07
4.490000000000000000e+02 2.413564923306495469e-07
4.500000000000000000e+02 2.324874461986143095e-07
4.510000000000000000e+02 2.654194490363372536e-07
4.520000000000000000e+02 2.524591622059676049e-07
4.530000000000000000e+02 2.227275608228762290e-07
4.540000000000000000e+02 2.053692219929293152e-07
4.550000000000000000e+02 2.628956063115796938e-07
4.560000000000000000e+02 2.619464561198675449e-07
4.570000000000000000e+02 2.230462711756470530e-07
4.580000000000000000e+02 2.226802877458088721e-07
4.590000000000000000e+02 2.107803252543354330e-07
4.600000000000000000e+02 2.402125601106009834e-07
4.610000000000000000e+02 2.128481280742791405e-07
4.620000000000000000e+02 2.366621847387937677e-07
4.630000000000000000e+02 3.028655308469951445e-07
4.640000000000000000e+02 2.097305735271549781e-07
4.650000000000000000e+02 1.960627161513456258e-07
4.660000000000000000e+02 2.070546519244332048e-07
4.670000000000000000e+02 2.016033628435684485e-07
4.680000000000000000e+02 1.977685105455481380e-07
4.690000000000000000e+02 1.958291184124787119e-07
4.700000000000000000e+02 2.258544837448439118e-07
4.710000000000000000e+02 2.186695111527423659e-07
4.720000000000000000e+02 2.015508664094669959e-07
4.730000000000000000e+02 2.002487127766069979e-07
4.740000000000000000e+02 2.013024952729564538e-07
4.750000000000000000e+02 2.055266366040572196e-07
4.760000000000000000e+02 2.081335486475079881e-07
4.770000000000000000e+02 2.130866540640095087e-07
4.780000000000000000e+02 2.094378941198531884e-07
4.790000000000000000e+02 2.611355354923493592e-07
4.800000000000000000e+02 2.129868754206128677e-07
4.810000000000000000e+02 2.687813681651218614e-07
4.820000000000000000e+02 2.101699246645940653e-07
4.830000000000000000e+02 2.125193883935230932e-07
4.840000000000000000e+02 2.240992969562236358e-07
4.850000000000000000e+02 2.776789717660474474e-07
4.860000000000000000e+02 2.017137712797460431e-07
4.870000000000000000e+02 2.188104136807478342e-07
4.880000000000000000e+02 2.108614423073796406e-07
4.890000000000000000e+02 3.342148353184418138e-07
4.900000000000000000e+02 2.238512454929790243e-07
4.910000000000000000e+02 2.251950006308078284e-07
4.920000000000000000e+02 2.019094565198133976e-07
4.930000000000000000e+02 2.352158143548102633e-07
4.940000000000000000e+02 2.815785783643061583e-07
4.950000000000000000e+02 2.498983098389260359e-07
4.960000000000000000e+02 2.241539714543186521e-07
4.970000000000000000e+02 2.027431639878180155e-07
4.980000000000000000e+02 2.152211207736780979e-07
4.990000000000000000e+02 2.398434218991643089e-07
5.000000000000000000e+02 2.531543650056711689e-07
5.010000000000000000e+02 2.355239667364687781e-07
5.020000000000000000e+02 2.037104309400954121e-07
5.030000000000000000e+02 1.994984842099629103e-07
5.040000000000000000e+02 1.983839532891117999e-07
5.050000000000000000e+02 1.978091347096720273e-07
5.060000000000000000e+02 2.004417395854328784e-07
5.070000000000000000e+02 2.011979950429412430e-07
5.080000000000000000e+02 2.139837787248867804e-07
5.090000000000000000e+02 2.059085415588830559e-07
5.100000000000000000e+02 2.053290925676950219e-07
5.110000000000000000e+02 1.969733674607826750e-07
5.120000000000000000e+02 2.092170172682532917e-07
5.130000000000000000e+02 2.207155526661789378e-07
5.140000000000000000e+02 2.007505873028626186e-07
5.150000000000000000e+02 2.439220717088426700e-07
5.160000000000000000e+02 2.271668077181541314e-07
5.170000000000000000e+02 2.026385765711223568e-07
5.180000000000000000e+02 2.620387874993832854e-07
5.190000000000000000e+02 2.574949045769071653e-07
5.200000000000000000e+02 1.929273613913305487e-07
5.210000000000000000e+02 2.417426635778230246e-07
5.220000000000000000e+02 2.178912424673931308e-07
5.230000000000000000e+02 2.804899482880438395e-07
5.240000000000000000e+02 1.941161456592889010e-07
5.250000000000000000e+02 1.932250340827196253e-07
5.260000000000000000e+02 2.161891906612984003e-07
5.270000000000000000e+02 1.978836036002656372e-07
5.280000000000000000e+02 2.010230458203291126e-07
5.290000000000000000e+02 1.989430687165306260e-07
5.300000000000000000e+02 2.475195431224354548e-07
5.310000000000000000e+02 2.203130469884035439e-07
5.320000000000000000e+02 2.217061776207509478e-07
5.330000000000000000e+02 2.029840806688659844e-07
5.340000000000000000e+02 1.934626799011125237e-07
5.350000000000000000e+02 2.027646241939531431e-07
5.360000000000000000e+02 1.858491896291244665e-07
5.370000000000000000e+02 2.433258638447548229e-07
5.380000000000000000e+02 1.919933962973374409e-07
5.390000000000000000e+02 1.986024236270208175e-07
5.400000000000000000e+02 1.895732714222210458e-07
5.410000000000000000e+02 2.088948632689367705e-07
5.420000000000000000e+02 2.039888961323094656e-07
5.430000000000000000e+02 2.525816463040063099e-07
5.440000000000000000e+02 2.661788273553800831e-07
5.450000000000000000e+02 2.192715593987639687e-07
5.460000000000000000e+02 1.975392050811754641e-07
5.470000000000000000e+02 2.083525554882357863e-07
5.480000000000000000e+02 2.176284635734941989e-07
5.490000000000000000e+02 1.967611229508805266e-07
5.500000000000000000e+02 1.947678300553721645e-07
5.510000000000000000e+02 2.012243678300361297e-07
5.520000000000000000e+02 1.877667702635667449e-07
5.530000000000000000e+02 1.843408645024894373e-07
5.540000000000000000e+02 1.958759115725193839e-07
5.550000000000000000e+02 2.137766954140286470e-07
5.560000000000000000e+02 2.601682593038513817e-07
5.570000000000000000e+02 1.910818433120062566e-07
5.580000000000000000e+02 1.911395751111635417e-07
5.590000000000000000e+02 1.855037990254914864e-07
5.600000000000000000e+02 1.824284001171078298e-07
5.610000000000000000e+02 1.958309594618062128e-07
5.620000000000000000e+02 1.862924857323462452e-07
5.630000000000000000e+02 1.883314452242439461e-07
5.640000000000000000e+02 1.896640199618211181e-07
5.650000000000000000e+02 1.857102485130788916e-07
5.660000000000000000e+02 2.122450597427856987e-07
5.670000000000000000e+02 2.098368629144709880e-07
5.680000000000000000e+02 2.091515138927338681e-07
5.690000000000000000e+02 1.800087017511553901e-07
5.700000000000000000e+02 1.971497295860177707e-07
5.710000000000000000e+02 1.861386945928151707e-07
5.720000000000000000e+02 1.910204072103828604e-07
5.730000000000000000e+02 1.943990960129487218e-07
5.740000000000000000e+02 1.992942534335387021e-07
5.750000000000000000e+02 1.818815393182331989e-07
5.760000000000000000e+02 1.967338473233898149e-07
5.770000000000000000e+02 1.912656790952452158e-07
5.780000000000000000e+02 1.880314053106727970e-07
5.790000000000000000e+02 2.036164822857755390e-07
5.800000000000000000e+02 1.797971839535454418e-07
5.810000000000000000e+02 1.983093516776255987e-07
5.820000000000000000e+02 1.969620960993896727e-07
5.830000000000000000e+02 1.790640088836995184e-07
5.840000000000000000e+02 2.089874901145390985e-07
5.850000000000000000e+02 1.898302719809662239e-07
5.860000000000000000e+02 1.859264559111244921e-07
5.870000000000000000e+02 2.125511132017171061e-07
5.880000000000000000e+02 2.393080021076903348e-07
5.890000000000000000e+02 1.860123007521122263e-07
5.900000000000000000e+02 1.876471552369627006e-07
5.910000000000000000e+02 1.928131897740324895e-07
5.920000000000000000e+02 2.077673672531626811e-07
5.930000000000000000e+02 1.971594601832022149e-07
5.940000000000000000e+02 1.961596488147374847e-07
5.950000000000000000e+02 1.982034552476507029e-07
5.960000000000000000e+02 1.832660516158620597e-07
5.970000000000000000e+02 2.048309174754219971e-07
5.980000000000000000e+02 1.793772620405543522e-07
5.990000000000000000e+02 1.948644465747405946e-07
6.000000000000000000e+02 1.812486289738396668e-07
6.010000000000000000e+02 1.812140648385919640e-07
6.020000000000000000e+02 2.140516416280960115e-07
6.030000000000000000e+02 1.988477671016605602e-07
6.040000000000000000e+02 1.961158576561983480e-07
6.050000000000000000e+02 1.782549138787956297e-07
6.060000000000000000e+02 2.006275105339678073e-07
6.070000000000000000e+02 2.102567440368526027e-07
6.080000000000000000e+02 1.907730388373088925e-07
6.090000000000000000e+02 1.914038540563838178e-07
6.100000000000000000e+02 2.023527806452589871e-07
6.110000000000000000e+02 1.947559329224832460e-07
6.120000000000000000e+02 1.868593375493135163e-07
6.130000000000000000e+02 1.860501351523212087e-07
6.140000000000000000e+02 1.846205919704698092e-07
6.150000000000000000e+02 1.858401503341766165e-07
6.160000000000000000e+02 1.779830461067037789e-07
6.170000000000000000e+02 1.835200638021354184e-07
6.180000000000000000e+02 1.847378851950108893e-07
6.190000000000000000e+02 1.911052119564874322e-07
6.200000000000000000e+02 1.780617245161337573e-07
6.210000000000000000e+02 2.401748470581287138e-07
6.220000000000000000e+02 2.102742539027185463e-07
6.230000000000000000e+02 2.159591974311063735e-07
6.240000000000000000e+02 1.868034242073686852e-07
6.250000000000000000e+02 1.970685513128264613e-07
6.260000000000000000e+02 1.803698286384293039e-07
6.270000000000000000e+02 1.816933636708280492e-07
6.280000000000000000e+02 1.810073439894482505e-07
6.290000000000000000e+02 1.779376401326436714e-07
6.300000000000000000e+02 1.839347272235026675e-07
6.310000000000000000e+02 1.864167200978059260e-07
6.320000000000000000e+02 1.756771435938648658e-07
6.330000000000000000e+02 1.936690158043246330e-07
6.340000000000000000e+02 1.765243765405897284e-07
6.350000000000000000e+02 1.815879397781881094e-07
6.360000000000000000e+02 1.794049405558497857e-07
6.370000000000000000e+02 1.789190454219601763e-07
6.380000000000000000e+02 1.798384432793993409e-07
6.390000000000000000e+02 1.805348289840964635e-07
6.400000000000000000e+02 1.857901361925764495e-07
6.410000000000000000e+02 1.808717541889963052e-07
6.420000000000000000e+02 1.986334037009745649e-07
6.430000000000000000e+02 1.735586762475141596e-07
6.440000000000000000e+02 1.796109247539183987e-07
6.450000000000000000e+02 1.814852066580397992e-07
6.460000000000000000e+02 1.920010870919888347e-07
6.470000000000000000e+02 1.806388679541962481e-07
6.480000000000000000e+02 1.786449408421437837e-07
6.490000000000000000e+02 1.811862535474556678e-07
6.500000000000000000e+02 1.705686640382118225e-07
6.510000000000000000e+02 1.772055234007917928e-07
6.520000000000000000e+02 1.785682835407817618e-07
6.530000000000000000e+02 1.758011860348089117e-07
6.540000000000000000e+02 1.741466652372824431e-07
6.550000000000000000e+02 1.770867266532689342e-07
6.560000000000000000e+02 1.730233626715447570e-07
6.570000000000000000e+02 1.711288657393363178e-07
6.580000000000000000e+02 1.792347413877785026e-07
6.590000000000000000e+02 1.832867172112446945e-07
6.600000000000000000e+02 1.827014248145947010e-07
6.610000000000000000e+02 1.899427234882964383e-07
6.620000000000000000e+02 1.763791235320208285e-07
6.630000000000000000e+02 1.794859492832410382e-07
6.640000000000000000e+02 1.801278830233315845e-07
6.650000000000000000e+02 1.817689693411261195e-07
6.660000000000000000e+02 1.766815537022165050e-07
6.670000000000000000e+02 1.770615813333048604e-07
6.680000000000000000e+02 1.814336352012061730e-07
6.690000000000000000e+02 1.803536027661643431e-07
6.700000000000000000e+02 1.989307592983957534e-07
6.710000000000000000e+02 1.739322818154936611e-07
6.720000000000000000e+02 1.707554281208581419e-07
6.730000000000000000e+02 1.922945374136107711e-07
6.740000000000000000e+02 1.940201642323235075e-07
6.750000000000000000e+02 1.838549597591836243e-07
6.760000000000000000e+02 1.735216031659014078e-07
6.770000000000000000e+02 1.687519085623208596e-07
6.780000000000000000e+02 1.779527959850724802e-07
6.790000000000000000e+02 1.783773085406138175e-07
6.800000000000000000e+02 1.800786452348494303e-07
6.810000000000000000e+02 1.753981256247547698e-07
6.820000000000000000e+02 1.889163942318998553e-07
6.830000000000000000e+02 1.680618463222367278e-07
6.840000000000000000e+02 1.732707511601457535e-07
6.850000000000000000e+02 1.910327158175410989e-07
6.860000000000000000e+02 1.684024609716909209e-07
6.870000000000000000e+02 1.736274065194003789e-07
6.880000000000000000e+02 1.684891797165687058e-07
6.890000000000000000e+02 1.717968662688284349e-07
6.900000000000000000e+02 1.738087340100303849e-07
6.910000000000000000e+02 1.673605408392050240e-07
6.920000000000000000e+02 1.758017357788547555e-07
6.930000000000000000e+02 1.869492715067777137e-07
6.940000000000000000e+02 1.698544178892025990e-07
6.950000000000000000e+02 1.784941193197287242e-07
6.960000000000000000e+02 1.837153485214796914e-07
6.970000000000000000e+02 1.718177548212147657e-07
6.980000000000000000e+02 1.710734811046324022e-07
6.990000000000000000e+02 1.766233735208725703e-07
7.000000000000000000e+02 1.741989560600723008e-07
7.010000000000000000e+02 1.719422941444233260e-07
7.020000000000000000e+02 1.677363359846397608e-07
7.030000000000000000e+02 1.716919214631382705e-07
7.040000000000000000e+02 1.695781997997813388e-07
7.050000000000000000e+02 1.767076863165335611e-07
7.060000000000000000e+02 1.706298741805750161e-07
7.070000000000000000e+02 1.699324378476583086e-07
7.080000000000000000e+02 1.687968512283717969e-07
7.090000000000000000e+02 1.730250371422406061e-07
7.100000000000000000e+02 1.650780691386393118e-07
7.110000000000000000e+02 1.720632967685969936e-07
7.120000000000000000e+02 1.742644673255735291e-07
7.130000000000000000e+02 1.781296408805654583e-07
7.140000000000000000e+02 1.651367629464753980e-07
7.150000000000000000e+02 1.702219352840930800e-07
7.160000000000000000e+02 1.788276110198436096e-07
7.170000000000000000e+02 1.825818852615190863e-07
7.180000000000000000e+02 1.825060796569613498e-07
7.190000000000000000e+02 1.835241279868003520e-07
7.200000000000000000e+02 1.720120747054836790e-07
7.210000000000000000e+02 1.672338896734140578e-07
7.220000000000000000e+02 1.644555904461140640e-07
7.230000000000000000e+02 1.750172849070113860e-07
7.240000000000000000e+02 1.683117873187246546e-07
7.250000000000000000e+02 1.759690085975136986e-07
7.260000000000000000e+02 1.712484740034291316e-07
7.270000000000000000e+02 1.844027042082982646e-07
7.280000000000000000e+02 1.719469897085144044e-07
7.290000000000000000e+02 1.647571173820500800e-07
7.300000000000000000e+02 1.666614469519121854e-07
7.310000000000000000e+02 1.650401573076800210e-07
7.320000000000000000e+02 1.735934037178463318e-07
7.330000000000000000e+02 1.656150364479296730e-07
7.340000000000000000e+02 1.662466012650504015e-07
7.350000000000000000e+02 1.665985911273287658e-07
7.360000000000000000e+02 1.634243611416230161e-07
7.370000000000000000e+02 1.637867128570515176e-07
7.380000000000000000e+02 1.764521283816691667e-07
7.390000000000000000e+02 1.695579360404009518e-07
7.400000000000000000e+02 1.662363666144346142e-07
7.410000000000000000e+02 1.662812468581793690e-07
7.420000000000000000e+02 1.641129609984009335e-07
7.430000000000000000e+02 1.670108406286513506e-07
7.440000000000000000e+02 1.691020351896504079e-07
7.450000000000000000e+02 1.647519105289644883e-07
7.460000000000000000e+02 1.690750447102585910e-07
7.470000000000000000e+02 1.687995676907592798e-07
7.480000000000000000e+02 1.649547996127296009e-07
7.490000000000000000e+02 1.640900858606112026e-07
7.500000000000000000e+02 1.924830098465624701e-07
7.510000000000000000e+02 1.752982983581989124e-07
7.520000000000000000e+02 1.705267945077858189e-07
7.530000000000000000e+02 1.635647106569277340e-07
7.540000000000000000e+02 1.640343346884696159e-07
7.550000000000000000e+02 1.620698574444663567e-07
7.560000000000000000e+02 1.629616337649645264e-07
7.570000000000000000e+02 1.664547793115245133e-07
7.580000000000000000e+02 1.617742568232565526e-07
7.590000000000000000e+02 1.635632121564432482e-07
7.600000000000000000e+02 1.613202447227332739e-07
7.610000000000000000e+02 1.613239337698110092e-07
7.620000000000000000e+02 1.668802741930433986e-07
7.630000000000000000e+02 1.626235132023201932e-07
7.640000000000000000e+02 1.856770053062624378e-07
7.650000000000000000e+02 1.743689129327605592e-07
7.660000000000000000e+02 1.669250658511570895e-07
7.670000000000000000e+02 1.645919179046617991e-07
7.680000000000000000e+02 1.625885168277208794e-07
7.690000000000000000e+02 1.749442120172490942e-07
7.700000000000000000e+02 1.619827594160997220e-07
7.710000000000000000e+02 1.614714802490864473e-07
7.720000000000000000e+02 1.645101549391990637e-07
7.730000000000000000e+02 1.696365393799751363e-07
7.740000000000000000e+02 1.675135069899210610e-07
7.750000000000000000e+02 1.664124298532706990e-07
7.760000000000000000e+02 1.661793778670626424e-07
7.770000000000000000e+02 1.607712972287127357e-07
7.780000000000000000e+02 1.622546474956870252e-07
7.790000000000000000e+02 1.669758981557120251e-07
7.800000000000000000e+02 1.615724258332575104e-07
7.810000000000000000e+02 1.622064931722234025e-07
7.820000000000000000e+02 1.664989070517978061e-07
7.830000000000000000e+02 1.586967257946489787e-07
7.840000000000000000e+02 1.594126915456108899e-07
7.850000000000000000e+02 1.593314317102129999e-07
7.860000000000000000e+02 1.604718084617655707e-07
7.870000000000000000e+02 1.627574082265428302e-07
7.880000000000000000e+02 1.682647501957424300e-07
7.890000000000000000e+02 1.602648797738515478e-07
7.900000000000000000e+02 1.588067993867401420e-07
7.910000000000000000e+02 1.608675536465860692e-07
7.920000000000000000e+02 1.617636494729651345e-07
7.930000000000000000e+02 1.604777895045961267e-07
7.940000000000000000e+02 1.644715136646243216e-07
7.950000000000000000e+02 1.589947420480405514e-07
7.960000000000000000e+02 1.606090513705349652e-07
7.970000000000000000e+02 1.598537331698574567e-07
7.980000000000000000e+02 1.668641449771660310e-07
7.990000000000000000e+02 1.635852614171861324e-07
8.000000000000000000e+02 1.603713467467213085e-07
8.010000000000000000e+02 1.596483133143131993e-07
8.020000000000000000e+02 1.616238458103130752e-07
8.030000000000000000e+02 1.736565295696012979e-07
8.040000000000000000e+02 1.680092587556710359e-07
8.050000000000000000e+02 1.686880548209718533e-07
8.060000000000000000e+02 1.598376282526628133e-07
8.070000000000000000e+02 1.645982392204329884e-07
8.080000000000000000e+02 1.588249951930539787e-07
8.090000000000000000e+02 1.579101102172008647e-07
8.100000000000000000e+02 1.591926841770716619e-07
8.110000000000000000e+02 1.594340603179140730e-07
8.120000000000000000e+02 1.557015377121387300e-07
8.130000000000000000e+02 1.601999660967316400e-07
8.140000000000000000e+02 1.602009600745331886e-07
8.150000000000000000e+02 1.658480618863798248e-07
8.160000000000000000e+02 1.579158224502076056e-07
8.170000000000000000e+02 1.570216763324227164e-07
8.180000000000000000e+02 1.561305388581382658e-07
8.190000000000000000e+02 1.585576881608142501e-07
8.200000000000000000e+02 1.577787797855011043e-07
8.210000000000000000e+02 1.598507155360842588e-07
8.220000000000000000e+02 1.769063250376968013e-07
8.230000000000000000e+02 1.581071800529565714e-07
8.240000000000000000e+02 1.552188939531436406e-07
8.250000000000000000e+02 1.554618813713035209e-07
8.260000000000000000e+02 1.599440811532999093e-07
8.270000000000000000e+02 1.621280110673927152e-07
8.280000000000000000e+02 1.570132872960596541e-07
8.290000000000000000e+02 1.588202079905142125e-07
8.300000000000000000e+02 1.637151307987376190e-07
8.310000000000000000e+02 1.571095508966379139e-07
8.320000000000000000e+02 1.549938546729350041e-07
8.330000000000000000e+02 1.562565479264844975e-07
8.340000000000000000e+02 1.557590813881789618e-07
8.350000000000000000e+02 1.617887417210189099e-07
8.360000000000000000e+02 1.581211862256010348e-07
8.370000000000000000e+02 1.550205804004845699e-07
8.380000000000000000e+02 1.539431913658812240e-07
8.390000000000000000e+02 1.547507762021378899e-07
8.400000000000000000e+02 1.563648665412601690e-07
8.410000000000000000e+02 1.577095770466899134e-07
8.420000000000000000e+02 1.562432230064688368e-07
8.430000000000000000e+02 1.545325049095753972e-07
8.440000000000000000e+02 1.551338029462853442e-07
8.450000000000000000e+02 1.543733580333966334e-07
8.460000000000000000e+02 1.548195522523121052e-07
8.470000000000000000e+02 1.605322545941499301e-07
8.480000000000000000e+02 1.596052016459954675e-07
8.490000000000000000e+02 1.563223123909630738e-07
8.500000000000000000e+02 1.566142017055403450e-07
8.510000000000000000e+02 1.585004376250428901e-07
8.520000000000000000e+02 1.629151146913223941e-07
8.530000000000000000e+02 1.583656609358970937e-07
8.540000000000000000e+02 1.577155902376640274e-07
8.550000000000000000e+02 1.582849366754010140e-07
8.560000000000000000e+02 1.553632156431616976e-07
8.570000000000000000e+02 1.581594350251948858e-07
8.580000000000000000e+02 1.566268001126091717e-07
8.590000000000000000e+02 1.556565019621515989e-07
8.600000000000000000e+02 1.562854471194569570e-07
8.610000000000000000e+02 1.622265430035687854e-07
8.620000000000000000e+02 1.554126145172420120e-07
8.630000000000000000e+02 1.569412493521614972e-07
8.640000000000000000e+02 1.538450745371773525e-07
8.650000000000000000e+02 1.575291159274652116e-07
8.660000000000000000e+02 1.541411000553701160e-07
8.670000000000000000e+02 1.544070387546828439e-07
8.680000000000000000e+02 1.550314648432748434e-07
8.690000000000000000e+02 1.558075531971751694e-07
8.700000000000000000e+02 1.572187166442253095e-07
8.710000000000000000e+02 1.584511088117966564e-07
8.720000000000000000e+02 1.585558113003984445e-07
8.730000000000000000e+02 1.563324517141096763e-07
8.740000000000000000e+02 1.532395455599247290e-07
8.750000000000000000e+02 1.528113203861246546e-07
8.760000000000000000e+02 1.544999333130196316e-07
8.770000000000000000e+02 1.531874382096158336e-07
8.780000000000000000e+02 1.522241766095032866e-07
8.790000000000000000e+02 1.536334044922471024e-07
8.800000000000000000e+02 1.567079998034975969e-07
8.810000000000000000e+02 1.554373811898302709e-07
8.820000000000000000e+02 1.550225880864766498e-07
8.830000000000000000e+02 1.534828696226224998e-07
8.840000000000000000e+02 1.593103103304347009e-07
8.850000000000000000e+02 1.537365610665012891e-07
8.860000000000000000e+02 1.543915996704912946e-07
8.870000000000000000e+02 1.543990534870599709e-07
8.880000000000000000e+02 1.565788291222043323e-07
8.890000000000000000e+02 1.530947393850893035e-07
8.900000000000000000e+02 1.534822829735006454e-07
8.910000000000000000e+02 1.527328934566085992e-07
8.920000000000000000e+02 1.523323558054516312e-07
8.930000000000000000e+02 1.543782248719724027e-07
8.940000000000000000e+02 1.555762450198909325e-07
8.950000000000000000e+02 1.519592154917673479e-07
8.960000000000000000e+02 1.575768812601149778e-07
8.970000000000000000e+02 1.650332726836402655e-07
8.980000000000000000e+02 1.541260156648729149e-07
8.990000000000000000e+02 1.532805007088859175e-07
9.000000000000000000e+02 1.562773230612833341e-07
9.010000000000000000e+02 1.540958434064395666e-07
9.020000000000000000e+02 1.540494159665456980e-07
9.030000000000000000e+02 1.524871328331284878e-07
9.040000000000000000e+02 1.540599235314014485e-07
9.050000000000000000e+02 1.634909457433608562e-07
9.060000000000000000e+02 1.564065046267543328e-07
9.070000000000000000e+02 1.514453862860475670e-07
9.080000000000000000e+02 1.522848897612354029e-07
9.090000000000000000e+02 1.514863861186885144e-07
9.100000000000000000e+02 1.517855527029195784e-07
9.110000000000000000e+02 1.547772709228037074e-07
9.120000000000000000e+02 1.565323775724034313e-07
9.130000000000000000e+02 1.527455164223692482e-07
9.140000000000000000e+02 1.563264762292210908e-07
9.150000000000000000e+02 1.564134080487180629e-07
9.160000000000000000e+02 1.628258524616972488e-07
9.170000000000000000e+02 1.552531062600691395e-07
9.180000000000000000e+02 1.526448257179607186e-07
9.190000000000000000e+02 1.507925320405051573e-07
9.200000000000000000e+02 1.554580717612556223e-07
9.210000000000000000e+02 1.582062481228349779e-07
9.220000000000000000e+02 1.512305366741330587e-07
9.230000000000000000e+02 1.517153068480057155e-07
9.240000000000000000e+02 1.527893923480342162e-07
9.250000000000000000e+02 1.517012372614720852e-07
9.260000000000000000e+02 1.543861380214060458e-07
9.270000000000000000e+02 1.518451300037588304e-07
9.280000000000000000e+02 1.535071309664812633e-07
9.290000000000000000e+02 1.566447451929332593e-07
9.300000000000000000e+02 1.506634834729050679e-07
9.310000000000000000e+02 1.551860505151665173e-07
9.320000000000000000e+02 1.510139307711168938e-07
9.330000000000000000e+02 1.526055115921450465e-07
9.340000000000000000e+02 1.547394777138781801e-07
9.350000000000000000e+02 1.665358698930536016e-07
9.360000000000000000e+02 1.520651044116163346e-07
9.370000000000000000e+02 1.506069759134135779e-07
9.380000000000000000e+02 1.532691875923651968e-07
9.390000000000000000e+02 1.523130703382521101e-07
9.400000000000000000e+02 1.513964784052055285e-07
9.410000000000000000e+02 1.506469930225415187e-07
9.420000000000000000e+02 1.506021339063262530e-07
9.430000000000000000e+02 1.509418805956951015e-07
9.440000000000000000e+02 1.508758478130655576e-07
9.450000000000000000e+02 1.504175217321717328e-07
9.460000000000000000e+02 1.503121643149037836e-07
9.470000000000000000e+02 1.533333190698858626e-07
9.480000000000000000e+02 1.535068289021573593e-07
9.490000000000000000e+02 1.530389971670268641e-07
9.500000000000000000e+02 1.502683435028820110e-07
9.510000000000000000e+02 1.504709538015812514e-07
9.520000000000000000e+02 1.531962097524277658e-07
9.530000000000000000e+02 1.499705210264171539e-07
9.540000000000000000e+02 1.496654939229438006e-07
9.550000000000000000e+02 1.521792373077677953e-07
9.560000000000000000e+02 1.531789458607544413e-07
9.570000000000000000e+02 1.517863713820333287e-07
9.580000000000000000e+02 1.496337011294579769e-07
9.590000000000000000e+02 1.549334226911183988e-07
9.600000000000000000e+02 1.517959602001448645e-07
9.610000000000000000e+02 1.504384207283148493e-07
9.620000000000000000e+02 1.530215063473596752e-07
9.630000000000000000e+02 1.525389609071636052e-07
9.640000000000000000e+02 1.527035701584659321e-07
9.650000000000000000e+02 1.538665509119521128e-07
9.660000000000000000e+02 1.526966850596818650e-07
9.670000000000000000e+02 1.533207471921500948e-07
9.680000000000000000e+02 1.507908753211129564e-07
9.690000000000000000e+02 1.561046462738780386e-07
9.700000000000000000e+02 1.518598156413212305e-07
9.710000000000000000e+02 1.515128890595180498e-07
9.720000000000000000e+02 1.511696929853048199e-07
9.730000000000000000e+02 1.540506154931488161e-07
9.740000000000000000e+02 1.514772360983458551e-07
9.750000000000000000e+02 1.514508160438536667e-07
9.760000000000000000e+02 1.510482464820037373e-07
9.770000000000000000e+02 1.547475237703678038e-07
9.780000000000000000e+02 1.509933010148804771e-07
9.790000000000000000e+02 1.512079325535106246e-07
9.800000000000000000e+02 1.533377664957809484e-07
9.810000000000000000e+02 1.492641594408691083e-07
9.820000000000000000e+02 1.484925811635302922e-07
9.830000000000000000e+02 1.558043707536295940e-07
9.840000000000000000e+02 1.502416570086473886e-07
9.850000000000000000e+02 1.495728130564528090e-07
9.860000000000000000e+02 1.496072666538959982e-07
9.870000000000000000e+02 1.500600881040452755e-07
9.880000000000000000e+02 1.488970648133105080e-07
9.890000000000000000e+02 1.496118894928581617e-07
9.900000000000000000e+02 1.499984673995886308e-07
9.910000000000000000e+02 1.495099145002372496e-07
9.920000000000000000e+02 1.498957740674903495e-07
9.930000000000000000e+02 1.504799224842663811e-07
9.940000000000000000e+02 1.488891607688174505e-07
9.950000000000000000e+02 1.488129020428622352e-07
9.960000000000000000e+02 1.482718266094774981e-07
9.970000000000000000e+02 1.521822813165533575e-07
9.980000000000000000e+02 1.478710714821006146e-07
9.990000000000000000e+02 1.489516436155683811e-07
1.000000000000000000e+03 1.497695553398156664e-07
1.001000000000000000e+03 1.499329393763564456e-07
1.002000000000000000e+03 1.482924085424714114e-07
1.003000000000000000e+03 1.487354707318912844e-07
1.004000000000000000e+03 1.489199554819573348e-07
1.005000000000000000e+03 1.501191256093986208e-07
1.006000000000000000e+03 1.513333651466998296e-07
1.007000000000000000e+03 1.494332597074935322e-07
1.008000000000000000e+03 1.475457315503336576e-07
1.009000000000000000e+03 1.524109900768064769e-07
1.010000000000000000e+03 1.487088504580666003e-07
1.011000000000000000e+03 1.492092966915592404e-07
1.012000000000000000e+03 1.477114283606294215e-07
1.013000000000000000e+03 1.505795170983563646e-07
1.014000000000000000e+03 1.477190081587141782e-07
1.015000000000000000e+03 1.490019683340506728e-07
1.016000000000000000e+03 1.491841674648933362e-07
1.017000000000000000e+03 1.496140037601812757e-07
1.018000000000000000e+03 1.489533774255292504e-07
1.019000000000000000e+03 1.475715235526828402e-07
1.020000000000000000e+03 1.507395219412679514e-07
1.021000000000000000e+03 1.536950552267172772e-07
1.022000000000000000e+03 1.512526975178942318e-07
1.023000000000000000e+03 1.505113124479943333e-07
1.024000000000000000e+03 1.494801856268126083e-07
1.025000000000000000e+03 1.546778431081489450e-07
1.026000000000000000e+03 1.548320408877856405e-07
1.027000000000000000e+03 1.498243194615231310e-07
1.028000000000000000e+03 1.498130014864158134e-07
1.029000000000000000e+03 1.483582922832099769e-07
1.030000000000000000e+03 1.466533823237018124e-07
1.031000000000000000e+03 1.499854105520807037e-07
1.032000000000000000e+03 1.470574596684608677e-07
1.033000000000000000e+03 1.473748377593992614e-07
1.034000000000000000e+03 1.496187919966005634e-07
1.035000000000000000e+03 1.460436474854393969e-07
1.036000000000000000e+03 1.461481915869158764e-07
1.037000000000000000e+03 1.518225386465448947e-07
1.038000000000000000e+03 1.496073161058446869e-07
1.039000000000000000e+03 1.492193021589068928e-07
1.040000000000000000e+03 1.467661378188382904e-07
1.041000000000000000e+03 1.482801642942340344e-07
1.042000000000000000e+03 1.479492183455659044e-07
1.043000000000000000e+03 1.480947702669903335e-07
1.044000000000000000e+03 1.460450665673500892e-07
1.045000000000000000e+03 1.479579540338681879e-07
1.046000000000000000e+03 1.477428337363116107e-07
1.047000000000000000e+03 1.479128782917581064e-07
1.048000000000000000e+03 1.470248296243064243e-07
1.049000000000000000e+03 1.484028767588166982e-07
1.050000000000000000e+03 1.486169887448384448e-07
1.051000000000000000e+03 1.470183591176292176e-07
1.052000000000000000e+03 1.480607009008102900e-07
1.053000000000000000e+03 1.528055804933742822e-07
1.054000000000000000e+03 1.485879098433894558e-07
1.055000000000000000e+03 1.465059398431522580e-07
1.056000000000000000e+03 1.470580845668514479e-07
1.057000000000000000e+03 1.461646930489884254e-07
1.058000000000000000e+03 1.473556383079615621e-07
1.059000000000000000e+03 1.490833638576225057e-07
1.060000000000000000e+03 1.484478180757747288e-07
1.061000000000000000e+03 1.466758462542422131e-07
1.062000000000000000e+03 1.504368684709024447e-07
1.063000000000000000e+03 1.506061444112293988e-07
1.064000000000000000e+03 1.490388253057746216e-07
1.065000000000000000e+03 1.462975036346149259e-07
1.066000000000000000e+03 1.468256258498698296e-07
1.067000000000000000e+03 1.451546181569687005e-07
1.068000000000000000e+03 1.452761081175700306e-07
1.069000000000000000e+03 1.460055000529277835e-07
1.070000000000000000e+03 1.508543505911198436e-07
1.071000000000000000e+03 1.459230725239683862e-07
1.072000000000000000e+03 1.451727472100733901e-07
1.073000000000000000e+03 1.453074173611073997e-07
1.074000000000000000e+03 1.465985214249707341e-07
1.075000000000000000e+03 1.461660394460751275e-07
1.076000000000000000e+03 1.520091477115521436e-07
1.077000000000000000e+03 1.489154138527069262e-07
1.078000000000000000e+03 1.492351758203172622e-07
1.079000000000000000e+03 1.457112391644285441e-07
1.080000000000000000e+03 1.456819825643677640e-07
1.081000000000000000e+03 1.496157326570671891e-07
1.082000000000000000e+03 1.495502787924385388e-07
1.083000000000000000e+03 1.497532075140157642e-07
1.084000000000000000e+03 1.453072057217176996e-07
1.085000000000000000e+03 1.472735567097895784e-07
1.086000000000000000e+03 1.461509560905073982e-07
1.087000000000000000e+03 1.453624556600930250e-07
1.088000000000000000e+03 1.457743193588035383e-07
1.089000000000000000e+03 1.463753857280425586e-07
1.090000000000000000e+03 1.458259646021857125e-07
1.091000000000000000e+03 1.465237568298321539e-07
1.092000000000000000e+03 1.452953905017215337e-07
1.093000000000000000e+03 1.452311417807852503e-07
1.094000000000000000e+03 1.448297534386327141e-07
1.095000000000000000e+03 1.451804768500820672e-07
1.096000000000000000e+03 1.488971225508458335e-07
1.097000000000000000e+03 1.455935224859935045e-07
1.098000000000000000e+03 1.475782090507134939e-07
1.099000000000000000e+03 1.466820209060722117e-07
1.100000000000000000e+03 1.459051706870150462e-07
1.101000000000000000e+03 1.476532196897668338e-07
1.102000000000000000e+03 1.482008212596007262e-07
1.103000000000000000e+03 1.476890236426565469e-07
1.104000000000000000e+03 1.446445110300320648e-07
1.105000000000000000e+03 1.453562519605459554e-07
1.106000000000000000e+03 1.468170094995496085e-07
1.107000000000000000e+03 1.476768837932829945e-07
1.108000000000000000e+03 1.447826997390387613e-07
1.109000000000000000e+03 1.458502655828148176e-07
1.110000000000000000e+03 1.456812674818647965e-07
1.111000000000000000e+03 1.444144287718110244e-07
1.112000000000000000e+03 1.450754715117570391e-07
1.113000000000000000e+03 1.451961951490778430e-07
1.114000000000000000e+03 1.449909233178292774e-07
1.115000000000000000e+03 1.440088973712824395e-07
1.116000000000000000e+03 1.468225710814067975e-07
1.117000000000000000e+03 1.473432643694405165e-07
1.118000000000000000e+03 1.453189912672295506e-07
1.119000000000000000e+03 1.445374510881322568e-07
1.120000000000000000e+03 1.449794624625938878e-07
1.121000000000000000e+03 1.469900152154194006e-07
1.122000000000000000e+03 1.468557205084395122e-07
1.123000000000000000e+03 1.461539951744716427e-07
1.124000000000000000e+03 1.452835159926289178e-07
1.125000000000000000e+03 1.445087422062133781e-07
1.126000000000000000e+03 1.468120621135327406e-07
1.127000000000000000e+03 1.456748097645387487e-07
1.128000000000000000e+03 1.437790944067597301e-07
1.129000000000000000e+03 1.444089210965295001e-07
1.130000000000000000e+03 1.443465752281107461e-07
1.131000000000000000e+03 1.436715665537422620e-07
1.132000000000000000e+03 1.437478616930546624e-07
1.133000000000000000e+03 1.449469625098121658e-07
1.134000000000000000e+03 1.442224976772559221e-07
1.135000000000000000e+03 1.477974026170986132e-07
1.136000000000000000e+03 1.501179559522554730e-07
1.137000000000000000e+03 1.474044486909950505e-07
1.138000000000000000e+03 1.443194029954341909e-07
1.139000000000000000e+03 1.461672593397187905e-07
1.140000000000000000e+03 1.463502802636225342e-07
1.141000000000000000e+03 1.461760137141848745e-07
1.142000000000000000e+03 1.468898189826538958e-07
1.143000000000000000e+03 1.476005452920718262e-07
1.144000000000000000e+03 1.455760047789356216e-07
1.145000000000000000e+03 1.436186438367538443e-07
1.146000000000000000e+03 1.435562966220648149e-07
1.147000000000000000e+03 1.453921519389594488e-07
1.148000000000000000e+03 1.437429785785689698e-07
1.149000000000000000e+03 1.433212274573540564e-07
1.150000000000000000e+03 1.465985547910908661e-07
1.151000000000000000e+03 1.437340165875227651e-07
1.152000000000000000e+03 1.433303926290317529e-07
1.153000000000000000e+03 1.440909750954815821e-07
1.154000000000000000e+03 1.451697153624150579e-07
1.155000000000000000e+03 1.455114399952243420e-07
1.156000000000000000e+03 1.437008975309768117e-07
1.157000000000000000e+03 1.448453945801356160e-07
1.158000000000000000e+03 1.466067677686903528e-07
1.159000000000000000e+03 1.478834074099876854e-07
1.160000000000000000e+03 1.465190050206486068e-07
1.161000000000000000e+03 1.438664434692487799e-07
1.162000000000000000e+03 1.436538665670991865e-07
1.163000000000000000e+03 1.427622992541562766e-07
1.164000000000000000e+03 1.487632210459227393e-07
1.165000000000000000e+03 1.466089702100243966e-07
1.166000000000000000e+03 1.470176472552937880e-07
1.167000000000000000e+03 1.440928718366647086e-07
1.168000000000000000e+03 1.458957286447443710e-07
1.169000000000000000e+03 1.441393537678127097e-07
1.170000000000000000e+03 1.444443455501009157e-07
1.171000000000000000e+03 1.434846614924765809e-07
1.172000000000000000e+03 1.431222661028527109e-07
1.173000000000000000e+03 1.430496133459522633e-07
1.174000000000000000e+03 1.436227272133222077e-07
1.175000000000000000e+03 1.424458658614769936e-07
1.176000000000000000e+03 1.472175965448782215e-07
1.177000000000000000e+03 1.446571932374721535e-07
1.178000000000000000e+03 1.438185541594359486e-07
1.179000000000000000e+03 1.495027194211305391e-07
1.180000000000000000e+03 1.468172751773794744e-07
1.181000000000000000e+03 1.448359626922117442e-07
1.182000000000000000e+03 1.451844814072230895e-07
1.183000000000000000e+03 1.425240778278195411e-07
1.184000000000000000e+03 1.430929746033161122e-07
1.185000000000000000e+03 1.444680823836973224e-07
1.186000000000000000e+03 1.442583058959321213e-07
1.187000000000000000e+03 1.446908122121390456e-07
1.188000000000000000e+03 1.456547641468262599e-07
1.189000000000000000e+03 1.438848019706280646e-07
1.190000000000000000e+03 1.429589069914009050e-07
1.191000000000000000e+03 1.442132591881447141e-07
1.192000000000000000e+03 1.436270918585668680e-07
1.193000000000000000e+03 1.431376935699024735e-07
1.194000000000000000e+03 1.424384802803516420e-07
1.195000000000000000e+03 1.427867277772887663e-07
1.196000000000000000e+03 1.428698732749807205e-07
1.197000000000000000e+03 1.420635718912263351e-07
1.198000000000000000e+03 1.432743444242759381e-07
1.199000000000000000e+03 1.427623507429885987e-07
1.200000000000000000e+03 1.434601256478517921e-07
1.201000000000000000e+03 1.435524069624399465e-07
1.202000000000000000e+03 1.422889167577392344e-07
1.203000000000000000e+03 1.428478233985339808e-07
1.204000000000000000e+03 1.435338783330539380e-07
1.205000000000000000e+03 1.441295221109276141e-07
1.206000000000000000e+03 1.463097894627859469e-07
1.207000000000000000e+03 1.434963533024824667e-07
1.208000000000000000e+03 1.429780000261779485e-07
1.209000000000000000e+03 1.462143130994689703e-07
1.210000000000000000e+03 1.426056216692747998e-07
1.211000000000000000e+03 1.426608917445153166e-07
1.212000000000000000e+03 1.416922690393315966e-07
1.213000000000000000e+03 1.446726982740084393e-07
1.214000000000000000e+03 1.419682415395773699e-07
1.215000000000000000e+03 1.423758038630846490e-07
1.216000000000000000e+03 1.420192765512242578e-07
1.217000000000000000e+03 1.423190657600300272e-07
1.218000000000000000e+03 1.427581576578892996e-07
1.219000000000000000e+03 1.417958139103358665e-07
1.220000000000000000e+03 1.419725320529553020e-07
1.221000000000000000e+03 1.431725956697630276e-07
1.222000000000000000e+03 1.439739094620426589e-07
1.223000000000000000e+03 1.427734725596150763e-07
1.224000000000000000e+03 1.415900306608777261e-07
1.225000000000000000e+03 1.487735799660938446e-07
1.226000000000000000e+03 1.428640370121445498e-07
1.227000000000000000e+03 1.407665970712538935e-07
1.228000000000000000e+03 1.440390679144997188e-07
1.229000000000000000e+03 1.436504409739105953e-07
1.230000000000000000e+03 1.451275151275911555e-07
1.231000000000000000e+03 1.425718434307788289e-07
1.232000000000000000e+03 1.419877527973657817e-07
1.233000000000000000e+03 1.426863535132906052e-07
1.234000000000000000e+03 1.416583722466510541e-07
1.235000000000000000e+03 1.420176021859214625e-07
1.236000000000000000e+03 1.409347680465187218e-07
1.237000000000000000e+03 1.412883236813516034e-07
1.238000000000000000e+03 1.417239080407274248e-07
1.239000000000000000e+03 1.414391698055197610e-07
1.240000000000000000e+03 1.423922068168894021e-07
1.241000000000000000e+03 1.424931366686321595e-07
1.242000000000000000e+03 1.421634954617655925e-07
1.243000000000000000e+03 1.433074281408468800e-07
1.244000000000000000e+03 1.413352199753137462e-07
1.245000000000000000e+03 1.437519219439041949e-07
1.246000000000000000e+03 1.420586757135124710e-07
1.247000000000000000e+03 1.431457946384453109e-07
1.248000000000000000e+03 1.427007959901838440e-07
1.249000000000000000e+03 1.417073137685417493e-07
1.250000000000000000e+03 1.420318479373032983e-07
1.251000000000000000e+03 1.423018461844208273e-07
1.252000000000000000e+03 1.437432034071231177e-07
1.253000000000000000e+03 1.413065202522294861e-07
1.254000000000000000e+03 1.414825514437691732e-07
1.255000000000000000e+03 1.421880666741750198e-07
1.256000000000000000e+03 1.414120107397374632e-07
1.257000000000000000e+03 1.413233365891538745e-07
1.258000000000000000e+03 1.417522934205341915e-07
1.259000000000000000e+03 1.419511819483989350e-07
1.260000000000000000e+03 1.432366082987424406e-07
1.261000000000000000e+03 1.425210009326322534e-07
1.262000000000000000e+03 1.416803496154221681e-07
1.263000000000000000e+03 1.405857847469533275e-07
1.264000000000000000e+03 1.432663019374622779e-07
1.265000000000000000e+03 1.439371849999605168e-07
1.266000000000000000e+03 1.417095479678657847e-07
1.267000000000000000e+03 1.428461550603982804e-07
1.268000000000000000e+03 1.420157594143492397e-07
1.269000000000000000e+03 1.407314239011721869e-07
1.270000000000000000e+03 1.421566835921205343e-07
1.271000000000000000e+03 1.409328102000530168e-07
1.272000000000000000e+03 1.412673007478130100e-07
1.273000000000000000e+03 1.411594936793035247e-07
1.274000000000000000e+03 1.426304507500440668e-07
1.275000000000000000e+03 1.404747240590646632e-07
1.276000000000000000e+03 1.428946109103193562e-07
1.277000000000000000e+03 1.408904534430886672e-07
1.278000000000000000e+03 1.409754830348245505e-07
1.279000000000000000e+03 1.426898719780868620e-07
1.280000000000000000e+03 1.413216613002328540e-07
1.281000000000000000e+03 1.410736613195804200e-07
1.282000000000000000e+03 1.412528805729801115e-07
1.283000000000000000e+03 1.424356602028415771e-07
1.284000000000000000e+03 1.415502838619856342e-07
1.285000000000000000e+03 1.427789385966275858e-07
1.286000000000000000e+03 1.431067766871477694e-07
1.287000000000000000e+03 1.404898422479724078e-07
1.288000000000000000e+03 1.406663001427911468e-07
1.289000000000000000e+03 1.408204162182671159e-07
1.290000000000000000e+03 1.407678611608110900e-07
1.291000000000000000e+03 1.417392055082427957e-07
1.292000000000000000e+03 1.414969443978856753e-07
1.293000000000000000e+03 1.403269087484800752e-07
1.294000000000000000e+03 1.427324815698630493e-07
1.295000000000000000e+03 1.454308083508228806e-07
1.296000000000000000e+03 1.434095257306789785e-07
1.297000000000000000e+03 1.400140533191995281e-07
1.298000000000000000e+03 1.407603116664545898e-07
1.299000000000000000e+03 1.430638448837083420e-07
1.300000000000000000e+03 1.402567542492866842e-07
1.301000000000000000e+03 1.415245237644836658e-07
1.302000000000000000e+03 1.410584779030409641e-07
1.303000000000000000e+03 1.416072512187554066e-07
1.304000000000000000e+03 1.417656826148138205e-07
1.305000000000000000e+03 1.410650064994868800e-07
1.306000000000000000e+03 1.421211244305584465e-07
1.307000000000000000e+03 1.418084506152473703e-07
1.308000000000000000e+03 1.408244552254845649e-07
1.309000000000000000e+03 1.405007835086891857e-07
1.310000000000000000e+03 1.403088163372763536e-07
1.311000000000000000e+03 1.422374602889598962e-07
1.312000000000000000e+03 1.443345217834550360e-07
1.313000000000000000e+03 1.410909487394639444e-07
1.314000000000000000e+03 1.410197066543206900e-07
1.315000000000000000e+03 1.413515024958410179e-07
1.316000000000000000e+03 1.396284988741563100e-07
1.317000000000000000e+03 1.401539073043902950e-07
1.318000000000000000e+03 1.412104794837266417e-07
1.319000000000000000e+03 1.415771185870566740e-07
1.320000000000000000e+03 1.398854810406460764e-07
1.321000000000000000e+03 1.405399253638903362e-07
1.322000000000000000e+03 1.422884917624899446e-07
1.323000000000000000e+03 1.399544219453481696e-07
1.324000000000000000e+03 1.396760103802286921e-07
1.325000000000000000e+03 1.400312226514950502e-07
1.326000000000000000e+03 1.429625789613438937e-07
1.327000000000000000e+03 1.405392090998610312e-07
1.328000000000000000e+03 1.408810261418571251e-07
1.329000000000000000e+03 1.400907456955196989e-07
1.330000000000000000e+03 1.399786026000047593e-07
1.331000000000000000e+03 1.404286822043967041e-07
1.332000000000000000e+03 1.428158485270992106e-07
1.333000000000000000e+03 1.403587381026721149e-07
1.334000000000000000e+03 1.399124350329786509e-07
1.335000000000000000e+03 1.395279432553192442e-07
1.336000000000000000e+03 1.398927815619332977e-07
1.337000000000000000e+03 1.422142094668228289e-07
1.338000000000000000e+03 1.411393622778181713e-07
1.339000000000000000e+03 1.414699831051463291e-07
1.340000000000000000e+03 1.395310974103885896e-07
1.341000000000000000e+03 1.400223731015161158e-07
1.342000000000000000e+03 1.407150766925564624e-07
1.343000000000000000e+03 1.403794383649554908e-07
1.344000000000000000e+03 1.419270352088047840e-07
1.345000000000000000e+03 1.424712014471111788e-07
1.346000000000000000e+03 1.435674499351629322e-07
1.347000000000000000e+03 1.388443820152433952e-07
1.348000000000000000e+03 1.405470334599569511e-07
1.349000000000000000e+03 1.411272363107957108e-07
1.350000000000000000e+03 1.410603838027848529e-07
1.351000000000000000e+03 1.398982997301534111e-07
1.352000000000000000e+03 1.401575006073619998e-07
1.353000000000000000e+03 1.397672721079303848e-07
1.354000000000000000e+03 1.393195224943318353e-07
1.355000000000000000e+03 1.403489132481992456e-07
1.356000000000000000e+03 1.406096347389489845e-07
1.357000000000000000e+03 1.431500338792100831e-07
1.358000000000000000e+03 1.397046065604022053e-07
1.359000000000000000e+03 1.396652923247164602e-07
1.360000000000000000e+03 1.423440081786695001e-07
1.361000000000000000e+03 1.404103100160750815e-07
1.362000000000000000e+03 1.400631887665730976e-07
1.363000000000000000e+03 1.400275423027618895e-07
1.364000000000000000e+03 1.395703234250729021e-07
1.365000000000000000e+03 1.403844275355973907e-07
1.366000000000000000e+03 1.395692714126762793e-07
1.367000000000000000e+03 1.411620220345178672e-07
1.368000000000000000e+03 1.413461759060768348e-07
1.369000000000000000e+03 1.398246764777771518e-07
1.370000000000000000e+03 1.409721404562149679e-07
1.371000000000000000e+03 1.390595516442056819e-07
1.372000000000000000e+03 1.387359774977176732e-07
1.373000000000000000e+03 1.398594612155850390e-07
1.374000000000000000e+03 1.392904221332380385e-07
1.375000000000000000e+03 1.403250472273705820e-07
1.376000000000000000e+03 1.390790265635700752e-07
1.377000000000000000e+03 1.394260820465807772e-07
1.378000000000000000e+03 1.390905360477269405e-07
1.379000000000000000e+03 1.386429501468650145e-07
1.380000000000000000e+03 1.387500685217247328e-07
1.381000000000000000e+03 1.389792455833552753e-07
1.382000000000000000e+03 1.408923219484813571e-07
1.383000000000000000e+03 1.413656754708083967e-07
1.384000000000000000e+03 1.419931505449672682e-07
1.385000000000000000e+03 1.402235625940946402e-07
1.386000000000000000e+03 1.442232096526967199e-07
1.387000000000000000e+03 1.387790550228121747e-07
1.388000000000000000e+03 1.411744530380462777e-07
1.389000000000000000e+03 1.391019259255212863e-07
1.390000000000000000e+03 1.387273537993152457e-07
1.391000000000000000e+03 1.387641504539889066e-07
1.392000000000000000e+03 1.410055561719546395e-07
1.393000000000000000e+03 1.384023722772076226e-07
1.394000000000000000e+03 1.432566146736588816e-07
1.395000000000000000e+03 1.440866936993611536e-07
1.396000000000000000e+03 1.399555061916409866e-07
1.397000000000000000e+03 1.405977689947803532e-07
1.398000000000000000e+03 1.387114622163472087e-07
1.399000000000000000e+03 1.390310823388311277e-07
1.400000000000000000e+03 1.405600813815547645e-07
1.401000000000000000e+03 1.405548008127949683e-07
1.402000000000000000e+03 1.391538848183933663e-07
1.403000000000000000e+03 1.394406799530914626e-07
1.404000000000000000e+03 1.390135442872824904e-07
1.405000000000000000e+03 1.402618276546965638e-07
1.406000000000000000e+03 1.390330792105845076e-07
1.407000000000000000e+03 1.407008228754802575e-07
1.408000000000000000e+03 1.393973271757341199e-07
1.409000000000000000e+03 1.401536352723681806e-07
1.410000000000000000e+03 1.388021012174410042e-07
1.411000000000000000e+03 1.392224447653490306e-07
1.412000000000000000e+03 1.392278287199391930e-07
1.413000000000000000e+03 1.389705593584134113e-07
1.414000000000000000e+03 1.385688632931321172e-07
1.415000000000000000e+03 1.388172076133541344e-07
1.416000000000000000e+03 1.414641074708350094e-07
1.417000000000000000e+03 1.386141448950733134e-07
1.418000000000000000e+03 1.392847424159051249e-07
1.419000000000000000e+03 1.394072560354049459e-07
1.420000000000000000e+03 1.387611535420122339e-07
1.421000000000000000e+03 1.386789713428098456e-07
1.422000000000000000e+03 1.396805585727443063e-07
1.423000000000000000e+03 1.384629270777435033e-07
1.424000000000000000e+03 1.408371668241945823e-07
1.425000000000000000e+03 1.404529213678679427e-07
1.426000000000000000e+03 1.390528213552333695e-07
1.427000000000000000e+03 1.391840454757929270e-07
1.428000000000000000e+03 1.392241289499730376e-07
1.429000000000000000e+03 1.390215583735571970e-07
1.430000000000000000e+03 1.389323678553978715e-07
1.431000000000000000e+03 1.383005074091999232e-07
1.432000000000000000e+03 1.387040948310868565e-07
1.433000000000000000e+03 1.385076036748238974e-07
1.434000000000000000e+03 1.396737004896608604e-07
1.435000000000000000e+03 1.380372757093551256e-07
1.436000000000000000e+03 1.380201210975503790e-07
1.437000000000000000e+03 1.382358724031666990e-07
1.438000000000000000e+03 1.401753005217940264e-07
1.439000000000000000e+03 1.390077729273620479e-07
1.440000000000000000e+03 1.390041734357170410e-07
1.441000000000000000e+03 1.387427473364323768e-07
1.442000000000000000e+03 1.394634667533262539e-07
1.443000000000000000e+03 1.413948263892962704e-07
1.444000000000000000e+03 1.380983828519800758e-07
1.445000000000000000e+03 1.381082400227957795e-07
1.446000000000000000e+03 1.388921641013197087e-07
1.447000000000000000e+03 1.379188286467963608e-07
1.448000000000000000e+03 1.383426178538248251e-07
1.449000000000000000e+03 1.388198965239738019e-07
1.450000000000000000e+03 1.383578838582476631e-07
1.451000000000000000e+03 1.392769748838694261e-07
1.452000000000000000e+03 1.390324381008079829e-07
1.453000000000000000e+03 1.400929912392435325e-07
1.454000000000000000e+03 1.381308924665307521e-07
1.455000000000000000e+03 1.385517800357185107e-07
1.456000000000000000e+03 1.381348317955951062e-07
1.457000000000000000e+03 1.379437871076284557e-07
1.458000000000000000e+03 1.386819128978605844e-07
1.459000000000000000e+03 1.381328672773499842e-07
1.460000000000000000e+03 1.390154389758436613e-07
1.461000000000000000e+03 1.389094964913608374e-07
1.462000000000000000e+03 1.408787017045185432e-07
1.463000000000000000e+03 1.402605129732767405e-07
1.464000000000000000e+03 1.379726153185050813e-07
1.465000000000000000e+03 1.382558241148558553e-07
1.466000000000000000e+03 1.375577898988344339e-07
1.467000000000000000e+03 1.381269625148709336e-07
1.468000000000000000e+03 1.400397683190844125e-07
1.469000000000000000e+03 1.376038527674988944e-07
1.470000000000000000e+03 1.379744837955037710e-07
1.471000000000000000e+03 1.376333627087873386e-07
1.472000000000000000e+03 1.384168381803299620e-07
1.473000000000000000e+03 1.403119306888050257e-07
1.474000000000000000e+03 1.374347688413839174e-07
1.475000000000000000e+03 1.377684288544068296e-07
1.476000000000000000e+03 1.379023612086174375e-07
1.477000000000000000e+03 1.380270157514859075e-07
1.478000000000000000e+03 1.393684942099296511e-07
1.479000000000000000e+03 1.379225128744827310e-07
1.480000000000000000e+03 1.379118573147404580e-07
1.481000000000000000e+03 1.380184208657491729e-07
1.482000000000000000e+03 1.382154188456821197e-07
1.483000000000000000e+03 1.394524659246456395e-07
1.484000000000000000e+03 1.384449573152687561e-07
1.485000000000000000e+03 1.388550036895201753e-07
1.486000000000000000e+03 1.392707556068758545e-07
1.487000000000000000e+03 1.387596604931276436e-07
1.488000000000000000e+03 1.375830600580815003e-07
1.489000000000000000e+03 1.405433125268075723e-07
1.490000000000000000e+03 1.390553136634951158e-07
1.491000000000000000e+03 1.380155412346293564e-07
1.492000000000000000e+03 1.386226164946492086e-07
1.493000000000000000e+03 1.376917126947548204e-07
1.494000000000000000e+03 1.386717419406903855e-07
1.495000000000000000e+03 1.389383249955243416e-07
1.496000000000000000e+03 1.382192660096999174e-07
1.497000000000000000e+03 1.411411723879391790e-07
1.498000000000000000e+03 1.417431377546364706e-07
1.499000000000000000e+03 1.408623560492200013e-07
1.500000000000000000e+03 1.383765961743024258e-07
1.501000000000000000e+03 1.388553464607103978e-07
1.502000000000000000e+03 1.375444029108212314e-07
1.503000000000000000e+03 1.380172027910209374e-07
1.504000000000000000e+03 1.390052211266556196e-07
1.505000000000000000e+03 1.388534795382925050e-07
1.506000000000000000e+03 1.381864186542172507e-07
1.507000000000000000e+03 1.379914370461078993e-07
1.508000000000000000e+03 1.374702727300176023e-07
1.509000000000000000e+03 1.377603770593415419e-07
1.510000000000000000e+03 1.381732475586773078e-07
1.511000000000000000e+03 1.376479335942698302e-07
1.512000000000000000e+03 1.375135848326589002e-07
1.513000000000000000e+03 1.376813656375835115e-07
1.514000000000000000e+03 1.378294197476065465e-07
1.515000000000000000e+03 1.380928534308244760e-07
1.516000000000000000e+03 1.390199935093844762e-07
1.517000000000000000e+03 1.377453170739731397e-07
1.518000000000000000e+03 1.385423518557526751e-07
1.519000000000000000e+03 1.375574111882845989e-07
1.520000000000000000e+03 1.375050654653203656e-07
1.521000000000000000e+03 1.383310781144588356e-07
1.522000000000000000e+03 1.372010795813448713e-07
1.523000000000000000e+03 1.401260092225721739e-07
1.524000000000000000e+03 1.403157501891576147e-07
1.525000000000000000e+03 1.370227593345459276e-07
1.526000000000000000e+03 1.377419595854774585e-07
1.527000000000000000e+03 1.377368565396464029e-07
1.528000000000000000e+03 1.379815254902217957e-07
1.529000000000000000e+03 1.375817209442631024e-07
1.530000000000000000e+03 1.376874585217543236e-07
1.531000000000000000e+03 1.395428484676943493e-07
1.532000000000000000e+03 1.383261578442951029e-07
1.533000000000000000e+03 1.379574843989354761e-07
1.534000000000000000e+03 1.375971946930839152e-07
1.535000000000000000e+03 1.373012538871220746e-07
1.536000000000000000e+03 1.369208572183057979e-07
1.537000000000000000e+03 1.368313678888631903e-07
1.538000000000000000e+03 1.370981319556885337e-07
1.539000000000000000e+03 1.373434601060814952e-07
1.540000000000000000e+03 1.374428661686942998e-07
1.541000000000000000e+03 1.371490835325442148e-07
1.542000000000000000e+03 1.375086775886916937e-07
1.543000000000000000e+03 1.398137485061218757e-07
1.544000000000000000e+03 1.385949339293963397e-07
1.545000000000000000e+03 1.369299641166410138e-07
1.546000000000000000e+03 1.374833171385057153e-07
1.547000000000000000e+03 1.382073516893217825e-07
1.548000000000000000e+03 1.368763269947241321e-07
1.549000000000000000e+03 1.373565159750614392e-07
1.550000000000000000e+03 1.368355526277477222e-07
1.551000000000000000e+03 1.376315765010519059e-07
1.552000000000000000e+03 1.368355592463429993e-07
1.553000000000000000e+03 1.379045097375039196e-07
1.554000000000000000e+03 1.380740895724860123e-07
1.555000000000000000e+03 1.373890442563859554e-07
1.556000000000000000e+03 1.377992652379630642e-07
1.557000000000000000e+03 1.381669592746817792e-07
1.558000000000000000e+03 1.392017009227323099e-07
1.559000000000000000e+03 1.372958547490657656e-07
1.560000000000000000e+03 1.383076925161267327e-07
1.561000000000000000e+03 1.371161457859347584e-07
1.562000000000000000e+03 1.372942010665284290e-07
1.563000000000000000e+03 1.374037841711753147e-07
1.564000000000000000e+03 1.370847843241538943e-07
1.565000000000000000e+03 1.374342662426321613e-07
1.566000000000000000e+03 1.374287840204755292e-07
1.567000000000000000e+03 1.383017694705712970e-07
1.568000000000000000e+03 1.383272791977270812e-07
1.569000000000000000e+03 1.382857854364989866e-07
1.570000000000000000e+03 1.377594928993188031e-07
1.571000000000000000e+03 1.370196456204122217e-07
1.572000000000000000e+03 1.379772909343012547e-07
1.573000000000000000e+03 1.371921484638166430e-07
1.574000000000000000e+03 1.375625930945328259e-07
1.575000000000000000e+03 1.376593669298109688e-07
1.576000000000000000e+03 1.367361073564168847e-07
1.577000000000000000e+03 1.368563162174085549e-07
1.578000000000000000e+03 1.372747694444143903e-07
1.579000000000000000e+03 1.373635590132462984e-07
1.580000000000000000e+03 1.378374004571790325e-07
1.581000000000000000e+03 1.370758104847133617e-07
1.582000000000000000e+03 1.376989916107453657e-07
1.583000000000000000e+03 1.377499698628601477e-07
1.584000000000000000e+03 1.383802343301197100e-07
1.585000000000000000e+03 1.388929786014610738e-07
1.586000000000000000e+03 1.374459074199854370e-07
1.587000000000000000e+03 1.370917098738414317e-07
1.588000000000000000e+03 1.365187646022149854e-07
1.589000000000000000e+03 1.367694756222937464e-07
1.590000000000000000e+03 1.369884211734950858e-07
1.591000000000000000e+03 1.372191311746333434e-07
1.592000000000000000e+03 1.379495079529992831e-07
1.593000000000000000e+03 1.369771429629322357e-07
1.594000000000000000e+03 1.365677101603625698e-07
1.595000000000000000e+03 1.387868038803548634e-07
1.596000000000000000e+03 1.372485876830975796e-07
1.597000000000000000e+03 1.369672867824315080e-07
1.598000000000000000e+03 1.370017060703659820e-07
1.599000000000000000e+03 1.370834621580699459e-07
1.600000000000000000e+03 1.377816664856824603e-07
1.601000000000000000e+03 1.375203332142483749e-07
1.602000000000000000e+03 1.382186939718528339e-07
1.603000000000000000e+03 1.367199298523454617e-07
1.604000000000000000e+03 1.366172902639844667e-07
1.605000000000000000e+03 1.370909457880386697e-07
1.606000000000000000e+03 1.376179931632285260e-07
1.607000000000000000e+03 1.374682135527790770e-07
1.608000000000000000e+03 1.382289942659953889e-07
1.609000000000000000e+03 1.364070851219898992e-07
1.610000000000000000e+03 1.371511092643536161e-07
1.611000000000000000e+03 1.363209964755243286e-07
1.612000000000000000e+03 1.376475214709046043e-07
1.613000000000000000e+03 1.370157378495261752e-07
1.614000000000000000e+03 1.366949802882838530e-07
1.615000000000000000e+03 1.363780650183630948e-07
1.616000000000000000e+03 1.364954037071704287e-07
1.617000000000000000e+03 1.374643659578260146e-07
1.618000000000000000e+03 1.369739396857970857e-07
1.619000000000000000e+03 1.368169106212389159e-07
1.620000000000000000e+03 1.365364981278048631e-07
1.621000000000000000e+03 1.364020614823165370e-07
1.622000000000000000e+03 1.365879010696354688e-07
1.623000000000000000e+03 1.362838218032334464e-07
1.624000000000000000e+03 1.368777142372318640e-07
1.625000000000000000e+03 1.362975668901950012e-07
1.626000000000000000e+03 1.372006138810528720e-07
1.627000000000000000e+03 1.385393527893257311e-07
1.628000000000000000e+03 1.362289188760931013e-07
1.629000000000000000e+03 1.365612180421265196e-07
1.630000000000000000e+03 1.373915525684379146e-07
1.631000000000000000e+03 1.376754303139998699e-07
1.632000000000000000e+03 1.369644033084107718e-07
1.633000000000000000e+03 1.376008386964450050e-07
1.634000000000000000e+03 1.368524190969989025e-07
1.635000000000000000e+03 1.366136411249457536e-07
1.636000000000000000e+03 1.362610734627231192e-07
1.637000000000000000e+03 1.385867363862156215e-07
1.638000000000000000e+03 1.369663304042560194e-07
1.639000000000000000e+03 1.366280690640723876e-07
1.640000000000000000e+03 1.366448696764951634e-07
1.641000000000000000e+03 1.366521751414011900e-07
1.642000000000000000e+03 1.361883466306556671e-07
1.643000000000000000e+03 1.368463765696203338e-07
1.644000000000000000e+03 1.367760011180662122e-07
1.645000000000000000e+03 1.363314652449267212e-07
1.646000000000000000e+03 1.363668910904947182e-07
1.647000000000000000e+03 1.366598629395785857e-07
1.648000000000000000e+03 1.360950123171558890e-07
1.649000000000000000e+03 1.360689640515462173e-07
1.650000000000000000e+03 1.365395464896606921e-07
1.651000000000000000e+03 1.363602033249268215e-07
1.652000000000000000e+03 1.363103262082570516e-07
1.653000000000000000e+03 1.371352106828203217e-07
1.654000000000000000e+03 1.375086963815612639e-07
1.655000000000000000e+03 1.371577021938659833e-07
1.656000000000000000e+03 1.363380253276438031e-07
1.657000000000000000e+03 1.385768102482306381e-07
1.658000000000000000e+03 1.382483784434714346e-07
1.659000000000000000e+03 1.363927571051974300e-07
1.660000000000000000e+03 1.359555913189518199e-07
1.661000000000000000e+03 1.363419458564918997e-07
1.662000000000000000e+03 1.370732900684632833e-07
1.663000000000000000e+03 1.359582518095412998e-07
1.664000000000000000e+03 1.364351243547075043e-07
1.665000000000000000e+03 1.365818794657215143e-07
1.666000000000000000e+03 1.363740671834176847e-07
1.667000000000000000e+03 1.362147476353038681e-07
1.668000000000000000e+03 1.367937542240382375e-07
1.669000000000000000e+03 1.361438469252050905e-07
1.670000000000000000e+03 1.367561359121022537e-07
1.671000000000000000e+03 1.362833672097378363e-07
1.672000000000000000e+03 1.361271696670536557e-07
1.673000000000000000e+03 1.373522304548437078e-07
1.674000000000000000e+03 1.357646036313858904e-07
1.675000000000000000e+03 1.360009552354384427e-07
1.676000000000000000e+03 1.374071019815097541e-07
1.677000000000000000e+03 1.361909950818443866e-07
1.678000000000000000e+03 1.367949776508221302e-07
1.679000000000000000e+03 1.363147045822558461e-07
1.680000000000000000e+03 1.361457796108302654e-07
1.681000000000000000e+03 1.358698818556612518e-07
1.682000000000000000e+03 1.362611708697209758e-07
1.683000000000000000e+03 1.362933363944272871e-07
1.684000000000000000e+03 1.363313659426620196e-07
1.685000000000000000e+03 1.368120456394135506e-07
1.686000000000000000e+03 1.363150799017745513e-07
1.687000000000000000e+03 1.369115366876646905e-07
1.688000000000000000e+03 1.359238007677293908e-07
1.689000000000000000e+03 1.359303582403296658e-07
1.690000000000000000e+03 1.370945040054114273e-07
1.691000000000000000e+03 1.358289933260292209e-07
1.692000000000000000e+03 1.363221456440770682e-07
1.693000000000000000e+03 1.356877983315919043e-07
1.694000000000000000e+03 1.362406536156460924e-07
1.695000000000000000e+03 1.366190177437190643e-07
1.696000000000000000e+03 1.359135126176318995e-07
1.697000000000000000e+03 1.362560605041709031e-07
1.698000000000000000e+03 1.385743394337357867e-07
1.699000000000000000e+03 1.400714377595889263e-07
1.700000000000000000e+03 1.364419006923806457e-07
1.701000000000000000e+03 1.364086614964451123e-07
1.702000000000000000e+03 1.357911606928768944e-07
1.703000000000000000e+03 1.360099877470397722e-07
1.704000000000000000e+03 1.359392870158256652e-07
1.705000000000000000e+03 1.362815564552528193e-07
1.706000000000000000e+03 1.364410174310201593e-07
1.707000000000000000e+03 1.357051018610840648e-07
1.708000000000000000e+03 1.372217827474716750e-07
1.709000000000000000e+03 1.361738904088812633e-07
1.710000000000000000e+03 1.356986471019444316e-07
1.711000000000000000e+03 1.357709262497131494e-07
1.712000000000000000e+03 1.362310835383788073e-07
1.713000000000000000e+03 1.358444968668864016e-07
1.714000000000000000e+03 1.358022942230080471e-07
1.715000000000000000e+03 1.359953885569055007e-07
1.716000000000000000e+03 1.364156499227361920e-07
1.717000000000000000e+03 1.355107291145888914e-07
1.718000000000000000e+03 1.362275351205980112e-07
1.719000000000000000e+03 1.359178516401966091e-07
1.720000000000000000e+03 1.369850185097379074e-07
1.721000000000000000e+03 1.361331859035406078e-07
1.722000000000000000e+03 1.359130124771002523e-07
1.723000000000000000e+03 1.359833166501039964e-07
1.724000000000000000e+03 1.360176836352217533e-07
1.725000000000000000e+03 1.356938894304956463e-07
1.726000000000000000e+03 1.360913508383806346e-07
1.727000000000000000e+03 1.371411084857829690e-07
1.728000000000000000e+03 1.363856570934012785e-07
1.729000000000000000e+03 1.359131224666369357e-07
1.730000000000000000e+03 1.359305995930217450e-07
1.731000000000000000e+03 1.355340762465087815e-07
1.732000000000000000e+03 1.353476147741925390e-07
1.733000000000000000e+03 1.355140476456595363e-07
1.734000000000000000e+03 1.359194474719039930e-07
1.735000000000000000e+03 1.382958484634936635e-07
1.736000000000000000e+03 1.365649537322658002e-07
1.737000000000000000e+03 1.367432237873092999e-07
1.738000000000000000e+03 1.357823217807041440e-07
1.739000000000000000e+03 1.367157950262482960e-07
1.740000000000000000e+03 1.357531878461172531e-07
1.741000000000000000e+03 1.359266243864071225e-07
1.742000000000000000e+03 1.354806071245082294e-07
1.743000000000000000e+03 1.367392328406612070e-07
1.744000000000000000e+03 1.358039578356931009e-07
1.745000000000000000e+03 1.355059511880978572e-07
1.746000000000000000e+03 1.354573764949935414e-07
1.747000000000000000e+03 1.370649738533388939e-07
1.748000000000000000e+03 1.367088352859140858e-07
1.749000000000000000e+03 1.363985759846981644e-07
1.750000000000000000e+03 1.367481690834221365e-07
1.751000000000000000e+03 1.366468709829554219e-07
1.752000000000000000e+03 1.358932432437708604e-07
1.753000000000000000e+03 1.360262264331456260e-07
1.754000000000000000e+03 1.360720761968129362e-07
1.755000000000000000e+03 1.355078890563626766e-07
1.756000000000000000e+03 1.356533972113368524e-07
1.757000000000000000e+03 1.358551566739711506e-07
1.758000000000000000e+03 1.357711453676632023e-07
1.759000000000000000e+03 1.356447893685742608e-07
1.760000000000000000e+03 1.357112374532777467e-07
1.761000000000000000e+03 1.353370134230842853e-07
1.762000000000000000e+03 1.355877521816909593e-07
1.763000000000000000e+03 1.354896007136509428e-07
1.764000000000000000e+03 1.362885634054830495e-07
1.765000000000000000e+03 1.358929380138362548e-07
1.766000000000000000e+03 1.353224851438631841e-07
1.767000000000000000e+03 1.366418670795586359e-07
1.768000000000000000e+03 1.375581524338519850e-07
1.769000000000000000e+03 1.355527539705687853e-07
1.770000000000000000e+03 1.356538255157750959e-07
1.771000000000000000e+03 1.353694824742496716e-07
1.772000000000000000e+03 1.366269210120733705e-07
1.773000000000000000e+03 1.353841218943697594e-07
1.774000000000000000e+03 1.351659121428363893e-07
1.775000000000000000e+03 1.357663618731261798e-07
1.776000000000000000e+03 1.360488437283578501e-07
1.777000000000000000e+03 1.355360449074518381e-07
1.778000000000000000e+03 1.358729242126176881e-07
1.779000000000000000e+03 1.357055643821637339e-07
1.780000000000000000e+03 1.358180068158585093e-07
1.781000000000000000e+03 1.354301456474474067e-07
1.782000000000000000e+03 1.368215117878268585e-07
1.783000000000000000e+03 1.363909731345660347e-07
1.784000000000000000e+03 1.353447906426221963e-07
1.785000000000000000e+03 1.355902308883398844e-07
1.786000000000000000e+03 1.348844896451347090e-07
1.787000000000000000e+03 1.355226303245189386e-07
1.788000000000000000e+03 1.355859340779122406e-07
1.789000000000000000e+03 1.357887394884991790e-07
1.790000000000000000e+03 1.357681080603878341e-07
1.791000000000000000e+03 1.364321969806815213e-07
1.792000000000000000e+03 1.355210198612779527e-07
1.793000000000000000e+03 1.363796891791312071e-07
1.794000000000000000e+03 1.350317121895716400e-07
1.795000000000000000e+03 1.354924343942364166e-07
1.796000000000000000e+03 1.356132292385383961e-07
1.797000000000000000e+03 1.371669396133925841e-07
1.798000000000000000e+03 1.354859204061244791e-07
1.799000000000000000e+03 1.351376499637385226e-07
1.800000000000000000e+03 1.357873525259863671e-07
1.801000000000000000e+03 1.356130850642801678e-07
1.802000000000000000e+03 1.352793990631058287e-07
1.803000000000000000e+03 1.357854512989317868e-07
1.804000000000000000e+03 1.355671533502366471e-07
1.805000000000000000e+03 1.358556789764855143e-07
1.806000000000000000e+03 1.351682081176345823e-07
1.807000000000000000e+03 1.350015004753369364e-07
1.808000000000000000e+03 1.353297984637382996e-07
1.809000000000000000e+03 1.372405942151612057e-07
1.810000000000000000e+03 1.368045609222015943e-07
1.811000000000000000e+03 1.359750766298321096e-07
1.812000000000000000e+03 1.351892273030536812e-07
1.813000000000000000e+03 1.349515966873389603e-07
1.814000000000000000e+03 1.349928750917993063e-07
1.815000000000000000e+03 1.356171170889291589e-07
1.816000000000000000e+03 1.348638848644962903e-07
1.817000000000000000e+03 1.351173820825681505e-07
1.818000000000000000e+03 1.354034180089710508e-07
1.819000000000000000e+03 1.351068201291194283e-07
1.820000000000000000e+03 1.355805567072833692e-07
1.821000000000000000e+03 1.350386402967311925e-07
1.822000000000000000e+03 1.353339594803739006e-07
1.823000000000000000e+03 1.355698812512373911e-07
1.824000000000000000e+03 1.356034863960886363e-07
1.825000000000000000e+03 1.356413229995451140e-07
1.826000000000000000e+03 1.348774314825647541e-07
1.827000000000000000e+03 1.348118891747824668e-07
1.828000000000000000e+03 1.355350602147146547e-07
1.829000000000000000e+03 1.354141111929968571e-07
1.830000000000000000e+03 1.349951237480156113e-07
1.831000000000000000e+03 1.349372311766495980e-07
1.832000000000000000e+03 1.353277144034253293e-07
1.833000000000000000e+03 1.353627690132260770e-07
1.834000000000000000e+03 1.349632425808846536e-07
1.835000000000000000e+03 1.356338969982332008e-07
1.836000000000000000e+03 1.359122204036432380e-07
1.837000000000000000e+03 1.351287811546978010e-07
1.838000000000000000e+03 1.351890075654591110e-07
1.839000000000000000e+03 1.350399935850121704e-07
1.840000000000000000e+03 1.347521009052691689e-07
1.841000000000000000e+03 1.353054204165309345e-07
1.842000000000000000e+03 1.349254436570646771e-07
1.843000000000000000e+03 1.350994771490082832e-07
1.844000000000000000e+03 1.355379946963884392e-07
1.845000000000000000e+03 1.352617954997930161e-07
1.846000000000000000e+03 1.351605746538617020e-07
1.847000000000000000e+03 1.368426792067070387e-07
1.848000000000000000e+03 1.357875630333086452e-07
1.849000000000000000e+03 1.348919385668669279e-07
1.850000000000000000e+03 1.351112795383090298e-07
1.851000000000000000e+03 1.346927850445660973e-07
1.852000000000000000e+03 1.348423055701127622e-07
1.853000000000000000e+03 1.357180671756330786e-07
1.854000000000000000e+03 1.348817834956444625e-07
1.855000000000000000e+03 1.349981538433239501e-07
1.856000000000000000e+03 1.356608489161474385e-07
1.857000000000000000e+03 1.366166162552971283e-07
1.858000000000000000e+03 1.348569460573377948e-07
1.859000000000000000e+03 1.358550409752226297e-07
1.860000000000000000e+03 1.354316468072305292e-07
1.861000000000000000e+03 1.350630626732516540e-07
1.862000000000000000e+03 1.356716446743036373e-07
1.863000000000000000e+03 1.347793245050851139e-07
1.864000000000000000e+03 1.350025734688153663e-07
1.865000000000000000e+03 1.346788304124972135e-07
1.866000000000000000e+03 1.349924541504762777e-07
1.867000000000000000e+03 1.349377110008726533e-07
1.868000000000000000e+03 1.357972051376721667e-07
1.869000000000000000e+03 1.351902924838870350e-07
1.870000000000000000e+03 1.347120882871791064e-07
1.871000000000000000e+03 1.364389327013560783e-07
1.872000000000000000e+03 1.356569064585681907e-07
1.873000000000000000e+03 1.356793780855244153e-07
1.874000000000000000e+03 1.348293424062305882e-07
1.875000000000000000e+03 1.347705678630059510e-07
1.876000000000000000e+03 1.352515685347880092e-07
1.877000000000000000e+03 1.350082682204522687e-07
1.878000000000000000e+03 1.352926547955548720e-07
1.879000000000000000e+03 1.353656745797686460e-07
1.880000000000000000e+03 1.350053017896784044e-07
1.881000000000000000e+03 1.361916604877098353e-07
1.882000000000000000e+03 1.350605286201549632e-07
1.883000000000000000e+03 1.348441266839202296e-07
1.884000000000000000e+03 1.354335035187786071e-07
1.885000000000000000e+03 1.344703664220682226e-07
1.886000000000000000e+03 1.346441889922458321e-07
1.887000000000000000e+03 1.353898495154901481e-07
1.888000000000000000e+03 1.346758401658638573e-07
1.889000000000000000e+03 1.351248432078286924e-07
1.890000000000000000e+03 1.369652686354312547e-07
1.891000000000000000e+03 1.344103314902770762e-07
1.892000000000000000e+03 1.346048528516156328e-07
1.893000000000000000e+03 1.358715871852724940e-07
1.894000000000000000e+03 1.352908796499780391e-07
1.895000000000000000e+03 1.344707838508772002e-07
1.896000000000000000e+03 1.344142938785115297e-07
1.897000000000000000e+03 1.343535145654033039e-07
1.898000000000000000e+03 1.347410178051893715e-07
1.899000000000000000e+03 1.349102908672173998e-07
1.900000000000000000e+03 1.344659543125317315e-07
1.901000000000000000e+03 1.344694847065532675e-07
1.902000000000000000e+03 1.345149544395615564e-07
1.903000000000000000e+03 1.351876401254756991e-07
1.904000000000000000e+03 1.350867549170139407e-07
1.905000000000000000e+03 1.346002455648458958e-07
1.906000000000000000e+03 1.344456968836217206e-07
1.907000000000000000e+03 1.347046809224378234e-07
1.908000000000000000e+03 1.352145997193102898e-07
1.909000000000000000e+03 1.347157351236494114e-07
1.910000000000000000e+03 1.348728446103142999e-07
1.911000000000000000e+03 1.354610341763681568e-07
1.912000000000000000e+03 1.353740960029846092e-07
1.913000000000000000e+03 1.350637192976751551e-07
1.914000000000000000e+03 1.345507841459210746e-07
1.915000000000000000e+03 1.346000505280112195e-07
1.916000000000000000e+03 1.349297046316773246e-07
1.917000000000000000e+03 1.344416935716240277e-07
1.918000000000000000e+03 1.347825232494711216e-07
1.919000000000000000e+03 1.347846420693865805e-07
1.920000000000000000e+03 1.347903720190395577e-07
1.921000000000000000e+03 1.347057337419396103e-07
1.922000000000000000e+03 1.342737165114963339e-07
1.923000000000000000e+03 1.348600043488329360e-07
1.924000000000000000e+03 1.351267796972395466e-07
1.925000000000000000e+03 1.344363357086991505e-07
1.926000000000000000e+03 1.346330725593612438e-07
1.927000000000000000e+03 1.346402862207581456e-07
1.928000000000000000e+03 1.344094776770610221e-07
1.929000000000000000e+03 1.352959582870206371e-07
1.930000000000000000e+03 1.356098187957410619e-07
1.931000000000000000e+03 1.344601877637703408e-07
1.932000000000000000e+03 1.345967284023680628e-07
1.933000000000000000e+03 1.346031960164917850e-07
1.934000000000000000e+03 1.344983779790113300e-07
1.935000000000000000e+03 1.344144273615496498e-07
1.936000000000000000e+03 1.346814833139680269e-07
1.937000000000000000e+03 1.342025142659209493e-07
1.938000000000000000e+03 1.345109991656175751e-07
1.939000000000000000e+03 1.342701198494433438e-07
1.940000000000000000e+03 1.348423126402523832e-07
1.941000000000000000e+03 1.348142060622018494e-07
1.942000000000000000e+03 1.343077760722090248e-07
1.943000000000000000e+03 1.345521052165193923e-07
1.944000000000000000e+03 1.344082954769845877e-07
1.945000000000000000e+03 1.342619140625742352e-07
1.946000000000000000e+03 1.343898575293590225e-07
1.947000000000000000e+03 1.342962405564107788e-07
1.948000000000000000e+03 1.352537971620596700e-07
1.949000000000000000e+03 1.352953232069668910e-07
1.950000000000000000e+03 1.346239183360759343e-07
1.951000000000000000e+03 1.346282093916418000e-07
1.952000000000000000e+03 1.342058419626295285e-07
1.953000000000000000e+03 1.342433733467648822e-07
1.954000000000000000e+03 1.340892910780272463e-07
1.955000000000000000e+03 1.347469770570752817e-07
1.956000000000000000e+03 1.346960952825722073e-07
1.957000000000000000e+03 1.347411077245883191e-07
1.958000000000000000e+03 1.346548785130979018e-07
1.959000000000000000e+03 1.356106077899652800e-07
1.960000000000000000e+03 1.351204425793458365e-07
1.961000000000000000e+03 1.349698692153385639e-07
1.962000000000000000e+03 1.345424163619451076e-07
1.963000000000000000e+03 1.341440696524063741e-07
1.964000000000000000e+03 1.343946791354665156e-07
1.965000000000000000e+03 1.344477276415604390e-07
1.966000000000000000e+03 1.344739381982648468e-07
1.967000000000000000e+03 1.344585480552363963e-07
1.968000000000000000e+03 1.347491926498231294e-07
1.969000000000000000e+03 1.347585137098004042e-07
1.970000000000000000e+03 1.348121966643523980e-07
1.971000000000000000e+03 1.346454264897872287e-07
1.972000000000000000e+03 1.341458499599821939e-07
1.973000000000000000e+03 1.347210451604962630e-07
1.974000000000000000e+03 1.342906911938255554e-07
1.975000000000000000e+03 1.343055519389119056e-07
1.976000000000000000e+03 1.348749006944542584e-07
1.977000000000000000e+03 1.347199814529097231e-07
1.978000000000000000e+03 1.343234496317785475e-07
1.979000000000000000e+03 1.343048710502928385e-07
1.980000000000000000e+03 1.343021473703301476e-07
1.981000000000000000e+03 1.345146780132528169e-07
1.982000000000000000e+03 1.341334335730376509e-07
1.983000000000000000e+03 1.348417769565552789e-07
1.984000000000000000e+03 1.340956853757588575e-07
1.985000000000000000e+03 1.344540831756489352e-07
1.986000000000000000e+03 1.341172136839018537e-07
1.987000000000000000e+03 1.349798479124194795e-07
1.988000000000000000e+03 1.340931522622002968e-07
1.989000000000000000e+03 1.342883603820931215e-07
1.990000000000000000e+03 1.345569727640632207e-07
1.991000000000000000e+03 1.344507856230322835e-07
1.992000000000000000e+03 1.344895917887489879e-07
1.993000000000000000e+03 1.345847011756384336e-07
1.994000000000000000e+03 1.345016543454643309e-07
1.995000000000000000e+03 1.340404534282965221e-07
1.996000000000000000e+03 1.345860465313009592e-07
1.997000000000000000e+03 1.343738562867534651e-07
1.998000000000000000e+03 1.345978410165356226e-07
1.999000000000000000e+03 1.340481328695392870e-07
2.000000000000000000e+03 1.343025947896271599e-07
2.001000000000000000e+03 1.348184902348054348e-07
2.002000000000000000e+03 1.342661350229858067e-07
2.003000000000000000e+03 1.343852268150250491e-07
2.004000000000000000e+03 1.342382093636132757e-07
2.005000000000000000e+03 1.341029845838160706e-07
2.006000000000000000e+03 1.343461045774100624e-07
2.007000000000000000e+03 1.345781649002246196e-07
2.008000000000000000e+03 1.341849474164090464e-07
2.009000000000000000e+03 1.341693737385663732e-07
2.010000000000000000e+03 1.344705730524073840e-07
2.011000000000000000e+03 1.340694742795301964e-07
2.012000000000000000e+03 1.339924228329721162e-07
2.013000000000000000e+03 1.345375195053758409e-07
2.014000000000000000e+03 1.348139252766065214e-07
2.015000000000000000e+03 1.345532025852052881e-07
2.016000000000000000e+03 1.340062980985926347e-07
2.017000000000000000e+03 1.341011581540857304e-07
2.018000000000000000e+03 1.340698855995925626e-07
2.019000000000000000e+03 1.341350182396915724e-07
2.020000000000000000e+03 1.343014212176827272e-07
2.021000000000000000e+03 1.348317496672873830e-07
2.022000000000000000e+03 1.350898090423042095e-07
2.023000000000000000e+03 1.340250558893148187e-07
2.024000000000000000e+03 1.349308057585018707e-07
2.025000000000000000e+03 1.347641478304445800e-07
2.026000000000000000e+03 1.346511335416105601e-07
2.027000000000000000e+03 1.341025757781425268e-07
2.028000000000000000e+03 1.338335728771189372e-07
2.029000000000000000e+03 1.340893649213347575e-07
2.030000000000000000e+03 1.336784456140877038e-07
2.031000000000000000e+03 1.346292368457975131e-07
2.032000000000000000e+03 1.340838674127918904e-07
2.033000000000000000e+03 1.344051085155745682e-07
2.034000000000000000e+03 1.342619774201324818e-07
2.035000000000000000e+03 1.342205329997633549e-07
2.036000000000000000e+03 1.344217513172237725e-07
2.037000000000000000e+03 1.339538839480978037e-07
2.038000000000000000e+03 1.340730947981394617e-07
2.039000000000000000e+03 1.348953293210104458e-07
2.040000000000000000e+03 1.337215163159913874e-07
2.041000000000000000e+03 1.340074181442972749e-07
2.042000000000000000e+03 1.340766956789661212e-07
2.043000000000000000e+03 1.344301377545679330e-07
2.044000000000000000e+03 1.339595196613994220e-07
2.045000000000000000e+03 1.339044779663660349e-07
2.046000000000000000e+03 1.340055879835219567e-07
2.047000000000000000e+03 1.343169883266399196e-07
2.048000000000000000e+03 1.346924815099636211e-07
2.049000000000000000e+03 1.340835887892665302e-07
2.050000000000000000e+03 1.340705039281154478e-07
2.051000000000000000e+03 1.338579925056134255e-07
2.052000000000000000e+03 1.344123513490652179e-07
2.053000000000000000e+03 1.341016496965669833e-07
2.054000000000000000e+03 1.338500394197635419e-07
2.055000000000000000e+03 1.340751992832569977e-07
2.056000000000000000e+03 1.338380842451859925e-07
2.057000000000000000e+03 1.340969236264139500e-07
2.058000000000000000e+03 1.342610317418988144e-07
2.059000000000000000e+03 1.341348637282747548e-07
2.060000000000000000e+03 1.339535729417793980e-07
2.061000000000000000e+03 1.337762935672647381e-07
2.062000000000000000e+03 1.341950959178931217e-07
2.063000000000000000e+03 1.337213697990420708e-07
2.064000000000000000e+03 1.341412592669335094e-07
2.065000000000000000e+03 1.346930057415911547e-07
2.066000000000000000e+03 1.341169158220677548e-07
2.067000000000000000e+03 1.341215290734206044e-07
2.068000000000000000e+03 1.343508610232711799e-07
2.069000000000000000e+03 1.338870500626063582e-07
2.070000000000000000e+03 1.340688800493185156e-07
2.071000000000000000e+03 1.338979201518384114e-07
2.072000000000000000e+03 1.338033090613548114e-07
2.073000000000000000e+03 1.340468347706241855e-07
2.074000000000000000e+03 1.345225788176533687e-07
2.075000000000000000e+03 1.339586819331973436e-07
2.076000000000000000e+03 1.342189712299046667e-07
2.077000000000000000e+03 1.339708016576295727e-07
2.078000000000000000e+03 1.341545608520416561e-07
2.079000000000000000e+03 1.340026056090776312e-07
2.080000000000000000e+03 1.337914997451593619e-07
2.081000000000000000e+03 1.342141786554236626e-07
2.082000000000000000e+03 1.338824139083910313e-07
2.083000000000000000e+03 1.345197296962015380e-07
2.084000000000000000e+03 1.338814326302214822e-07
2.085000000000000000e+03 1.342713066798577305e-07
2.086000000000000000e+03 1.341350209283117898e-07
2.087000000000000000e+03 1.346501521830900892e-07
2.088000000000000000e+03 1.345017973656220103e-07
2.089000000000000000e+03 1.341864102947484732e-07
2.090000000000000000e+03 1.337614025879312646e-07
2.091000000000000000e+03 1.338059828595262744e-07
2.092000000000000000e+03 1.339283730171659264e-07
2.093000000000000000e+03 1.337880346902577342e-07
2.094000000000000000e+03 1.339515180496741736e-07
2.095000000000000000e+03 1.342859575033495589e-07
2.096000000000000000e+03 1.341123534007886872e-07
2.097000000000000000e+03 1.338452121711287595e-07
2.098000000000000000e+03 1.340219716515156751e-07
2.099000000000000000e+03 1.339406303654843961e-07
2.100000000000000000e+03 1.340818441408268366e-07
2.101000000000000000e+03 1.342930367239723959e-07
2.102000000000000000e+03 1.340421679739602525e-07
2.103000000000000000e+03 1.339506691287079499e-07
2.104000000000000000e+03 1.336454618036030084e-07
2.105000000000000000e+03 1.337435101153109418e-07
2.106000000000000000e+03 1.339879104652202065e-07
2.107000000000000000e+03 1.339109538233454082e-07
2.108000000000000000e+03 1.337124302318032165e-07
2.109000000000000000e+03 1.335113146493205394e-07
2.110000000000000000e+03 1.335609248306536888e-07
2.111000000000000000e+03 1.336574947927170743e-07
2.112000000000000000e+03 1.339209002263002372e-07
2.113000000000000000e+03 1.338152594184232883e-07
2.114000000000000000e+03 1.341182067787546171e-07
2.115000000000000000e+03 1.341258876952917922e-07
2.116000000000000000e+03 1.338522342215389278e-07
2.117000000000000000e+03 1.340129676626496868e-07
2.118000000000000000e+03 1.335823147110220997e-07
2.119000000000000000e+03 1.338427762026182989e-07
2.120000000000000000e+03 1.336243892581108055e-07
2.121000000000000000e+03 1.335527757349224284e-07
2.122000000000000000e+03 1.337002820483198713e-07
2.123000000000000000e+03 1.339911326959153353e-07
2.124000000000000000e+03 1.343908850167767401e-07
2.125000000000000000e+03 1.344348202671382382e-07
2.126000000000000000e+03 1.338182218768608372e-07
2.127000000000000000e+03 1.341271709687744535e-07
2.128000000000000000e+03 1.339884994636648083e-07
2.129000000000000000e+03 1.338471219001063736e-07
2.130000000000000000e+03 1.340846366739178381e-07
2.131000000000000000e+03 1.338773268989501837e-07
2.132000000000000000e+03 1.345072751311771798e-07
2.133000000000000000e+03 1.338361894689127070e-07
2.134000000000000000e+03 1.336480656240442754e-07
2.135000000000000000e+03 1.336705209886523153e-07
2.136000000000000000e+03 1.335680560293931947e-07
2.137000000000000000e+03 1.337762150332778387e-07
2.138000000000000000e+03 1.337981536461343781e-07
2.139000000000000000e+03 1.339128512116403982e-07
2.140000000000000000e+03 1.340254966654317138e-07
2.141000000000000000e+03 1.333954758096700727e-07
2.142000000000000000e+03 1.334707541322964073e-07
2.143000000000000000e+03 1.335584408524148807e-07
2.144000000000000000e+03 1.337694943507960782e-07
2.145000000000000000e+03 1.335439658861896922e-07
2.146000000000000000e+03 1.342548708529747097e-07
2.147000000000000000e+03 1.340674325505896641e-07
2.148000000000000000e+03 1.334756679315011175e-07
2.149000000000000000e+03 1.336081728632948710e-07
2.150000000000000000e+03 1.339534895480036176e-07
2.151000000000000000e+03 1.336090230656160090e-07
2.152000000000000000e+03 1.334880800513421176e-07
2.153000000000000000e+03 1.333838780133976849e-07
2.154000000000000000e+03 1.340157398796678892e-07
2.155000000000000000e+03 1.339051745762434255e-07
2.156000000000000000e+03 1.336630672790902642e-07
2.157000000000000000e+03 1.334302195590607750e-07
2.158000000000000000e+03 1.337506436865732952e-07
2.159000000000000000e+03 1.339063285767797865e-07
2.160000000000000000e+03 1.337333508135972973e-07
2.161000000000000000e+03 1.336734658659068543e-07
2.162000000000000000e+03 1.336407940892519072e-07
2.163000000000000000e+03 1.334944662613051780e-07
2.164000000000000000e+03 1.335098049158921328e-07
2.165000000000000000e+03 1.335816208303187994e-07
2.166000000000000000e+03 1.335505212380613747e-07
2.167000000000000000e+03 1.336705283696618952e-07
2.168000000000000000e+03 1.334306119397842103e-07
2.169000000000000000e+03 1.333834481482301648e-07
2.170000000000000000e+03 1.336742852702085242e-07
2.171000000000000000e+03 1.337418770177596716e-07
2.172000000000000000e+03 1.335192332791774975e-07
2.173000000000000000e+03 1.333000446036179492e-07
2.174000000000000000e+03 1.334393842341918759e-07
2.175000000000000000e+03 1.335568466989499159e-07
2.176000000000000000e+03 1.333992692594311953e-07
2.177000000000000000e+03 1.335428655667435048e-07
2.178000000000000000e+03 1.335730932238070630e-07
2.179000000000000000e+03 1.334640950508571390e-07
2.180000000000000000e+03 1.332796207055556125e-07
2.181000000000000000e+03 1.334271462385707681e-07
2.182000000000000000e+03 1.332842932610593875e-07
2.183000000000000000e+03 1.335127384464727490e-07
2.184000000000000000e+03 1.337240484464840654e-07
2.185000000000000000e+03 1.340362567746505132e-07
2.186000000000000000e+03 1.337172359705599286e-07
2.187000000000000000e+03 1.335300341107370338e-07
2.188000000000000000e+03 1.337025641647831887e-07
2.189000000000000000e+03 1.339292514513546267e-07
2.190000000000000000e+03 1.335002848531946310e-07
2.191000000000000000e+03 1.338281976443218683e-07
2.192000000000000000e+03 1.332844694863458818e-07
2.193000000000000000e+03 1.334524937971605848e-07
2.194000000000000000e+03 1.337770091898914728e-07
2.195000000000000000e+03 1.333684062577893926e-07
2.196000000000000000e+03 1.340114060966187042e-07
2.197000000000000000e+03 1.338401410751615692e-07
2.198000000000000000e+03 1.335005944413382669e-07
2.199000000000000000e+03 1.334730413639374566e-07
2.200000000000000000e+03 1.335293052453948668e-07
2.201000000000000000e+03 1.334899497901932379e-07
2.202000000000000000e+03 1.332779071023567228e-07
2.203000000000000000e+03 1.331930565672626085e-07
2.204000000000000000e+03 1.336347296244723287e-07
2.205000000000000000e+03 1.337168753614303371e-07
2.206000000000000000e+03 1.334791740778531767e-07
2.207000000000000000e+03 1.333845414519133877e-07
2.208000000000000000e+03 1.337109033250079886e-07
2.209000000000000000e+03 1.336053987913948987e-07
2.210000000000000000e+03 1.338030675975812963e-07
2.211000000000000000e+03 1.334535717629018537e-07
2.212000000000000000e+03 1.335396090327134194e-07
2.213000000000000000e+03 1.332723708612950988e-07
2.214000000000000000e+03 1.333351622992649206e-07
2.215000000000000000e+03 1.334160687108374247e-07
2.216000000000000000e+03 1.331325615574984519e-07
2.217000000000000000e+03 1.341182197195299882e-07
2.218000000000000000e+03 1.333746200224995371e-07
2.219000000000000000e+03 1.331990930937127014e-07
2.220000000000000000e+03 1.332892729382195949e-07
2.221000000000000000e+03 1.337415060521888387e-07
2.222000000000000000e+03 1.333158177727264248e-07
2.223000000000000000e+03 1.339469995106743884e-07
2.224000000000000000e+03 1.340626747296443281e-07
2.225000000000000000e+03 1.332576935520947376e-07
2.226000000000000000e+03 1.335908353954480834e-07
2.227000000000000000e+03 1.335419977048438372e-07
2.228000000000000000e+03 1.331629055144799892e-07
2.229000000000000000e+03 1.336076281324460833e-07
2.230000000000000000e+03 1.332342719242569849e-07
2.231000000000000000e+03 1.335718606232055712e-07
2.232000000000000000e+03 1.333737449931528389e-07
2.233000000000000000e+03 1.333008055324839182e-07
2.234000000000000000e+03 1.332323279087489389e-07
2.235000000000000000e+03 1.331978004876659995e-07
2.236000000000000000e+03 1.334199559151678095e-07
2.237000000000000000e+03 1.332485463326230871e-07
2.238000000000000000e+03 1.335860262151701162e-07
2.239000000000000000e+03 1.333923429160527958e-07
2.240000000000000000e+03 1.331560474398589848e-07
2.241000000000000000e+03 1.331009041344431781e-07
2.242000000000000000e+03 1.333107082173159852e-07
2.243000000000000000e+03 1.331876887497657131e-07
2.244000000000000000e+03 1.334231916454631877e-07
2.245000000000000000e+03 1.341618209648191414e-07
2.246000000000000000e+03 1.331783394626921332e-07
2.247000000000000000e+03 1.331978072091754620e-07
2.248000000000000000e+03 1.334044137963505296e-07
2.249000000000000000e+03 1.336210735881272181e-07
2.250000000000000000e+03 1.334082238374622037e-07
2.251000000000000000e+03 1.334997654009832454e-07
2.252000000000000000e+03 1.331755130186211800e-07
2.253000000000000000e+03 1.331388217134744310e-07
2.254000000000000000e+03 1.332692310466045647e-07
2.255000000000000000e+03 1.331180444886389759e-07
2.256000000000000000e+03 1.331061761597904931e-07
2.257000000000000000e+03 1.333410896813439403e-07
2.258000000000000000e+03 1.332445111776384785e-07
2.259000000000000000e+03 1.331672722007662353e-07
2.260000000000000000e+03 1.332703639060928437e-07
2.261000000000000000e+03 1.331360508826003682e-07
2.262000000000000000e+03 1.330968702200297209e-07
2.263000000000000000e+03 1.333142092676739412e-07
2.264000000000000000e+03 1.331099890472415076e-07
2.265000000000000000e+03 1.330407242960126153e-07
2.266000000000000000e+03 1.331668225675327543e-07
2.267000000000000000e+03 1.331770293126851519e-07
2.268000000000000000e+03 1.333117826157152369e-07
2.269000000000000000e+03 1.334651688088590103e-07
2.270000000000000000e+03 1.335020663789935643e-07
2.271000000000000000e+03 1.332321299326815866e-07
2.272000000000000000e+03 1.332756449328462397e-07
2.273000000000000000e+03 1.333608582311452459e-07
2.274000000000000000e+03 1.330762453362598596e-07
2.275000000000000000e+03 1.332635780657845748e-07
2.276000000000000000e+03 1.332073047557838619e-07
2.277000000000000000e+03 1.334263927758129999e-07
2.278000000000000000e+03 1.330777521493548803e-07
2.279000000000000000e+03 1.334171935472135337e-07
2.280000000000000000e+03 1.330872865384522381e-07
2.281000000000000000e+03 1.330014133161207198e-07
2.282000000000000000e+03 1.334754280891518984e-07
2.283000000000000000e+03 1.330446012223678999e-07
2.284000000000000000e+03 1.329819145411816303e-07
2.285000000000000000e+03 1.333429221739018329e-07
2.286000000000000000e+03 1.339500338748329315e-07
2.287000000000000000e+03 1.337204828007603947e-07
2.288000000000000000e+03 1.331714022741384523e-07
2.289000000000000000e+03 1.328742726375118137e-07
2.290000000000000000e+03 1.333756048646573029e-07
2.291000000000000000e+03 1.333017696147270616e-07
2.292000000000000000e+03 1.331171257163279982e-07
2.293000000000000000e+03 1.332479717813592838e-07
2.294000000000000000e+03 1.331954967272881859e-07
2.295000000000000000e+03 1.330081861556839761e-07
2.296000000000000000e+03 1.332521228339698465e-07
2.297000000000000000e+03 1.329835451305476680e-07
2.298000000000000000e+03 1.332886318545897597e-07
2.299000000000000000e+03 1.330740161892364740e-07
2.300000000000000000e+03 1.331883301210457137e-07
2.301000000000000000e+03 1.333194656286004054e-07
2.302000000000000000e+03 1.329642342309114257e-07
2.303000000000000000e+03 1.330257974997232282e-07
2.304000000000000000e+03 1.328294302307253187e-07
2.305000000000000000e+03 1.331468721306141546e-07
2.306000000000000000e+03 1.328884163518227236e-07
2.307000000000000000e+03 1.334773437006883103e-07
2.308000000000000000e+03 1.331467336933324186e-07
2.309000000000000000e+03 1.329426903705855057e-07
2.310000000000000000e+03 1.337401607424459014e-07
2.311000000000000000e+03 1.330670987101275359e-07
2.312000000000000000e+03 1.329325709475575123e-07
2.313000000000000000e+03 1.331018655430069711e-07
2.314000000000000000e+03 1.328745331981397242e-07
2.315000000000000000e+03 1.330065544148473739e-07
2.316000000000000000e+03 1.328880156530640633e-07
2.317000000000000000e+03 1.329129095864118757e-07
2.318000000000000000e+03 1.330026297211637660e-07
2.319000000000000000e+03 1.332617871740037953e-07
2.320000000000000000e+03 1.329185081832976280e-07
2.321000000000000000e+03 1.328355085317306777e-07
2.322000000000000000e+03 1.329041294934668912e-07
2.323000000000000000e+03 1.337267892711681674e-07
2.324000000000000000e+03 1.329783027697144017e-07
2.325000000000000000e+03 1.329518402515964333e-07
2.326000000000000000e+03 1.333664462465490641e-07
2.327000000000000000e+03 1.335957427723038802e-07
2.328000000000000000e+03 1.338680843833651052e-07
2.329000000000000000e+03 1.334284750888302754e-07
2.330000000000000000e+03 1.329184941460692615e-07
2.331000000000000000e+03 1.329223874656310626e-07
2.332000000000000000e+03 1.329736055011899838e-07
2.333000000000000000e+03 1.331258801623624105e-07
2.334000000000000000e+03 1.330569772544059429e-07
2.335000000000000000e+03 1.329261355070736752e-07
2.336000000000000000e+03 1.331962366511838482e-07
2.337000000000000000e+03 1.330201038135495089e-07
2.338000000000000000e+03 1.331221938232504106e-07
2.339000000000000000e+03 1.332752070090695428e-07
2.340000000000000000e+03 1.332135808211477290e-07
2.341000000000000000e+03 1.333055136512541421e-07
2.342000000000000000e+03 1.334373061274651747e-07
2.343000000000000000e+03 1.329319093441866264e-07
2.344000000000000000e+03 1.330092577958051119e-07
2.345000000000000000e+03 1.331387600446055374e-07
2.346000000000000000e+03 1.331252082372180184e-07
2.347000000000000000e+03 1.329402707994779215e-07
2.348000000000000000e+03 1.329445340380934082e-07
2.349000000000000000e+03 1.330260310950303960e-07
2.350000000000000000e+03 1.330322829674210918e-07
2.351000000000000000e+03 1.330943674354859442e-07
2.352000000000000000e+03 1.332640206184030990e-07
2.353000000000000000e+03 1.330713602293852272e-07
2.354000000000000000e+03 1.334722196271090144e-07
2.355000000000000000e+03 1.329355769811069243e-07
2.356000000000000000e+03 1.329488000804108467e-07
2.357000000000000000e+03 1.330233013470206827e-07
2.358000000000000000e+03 1.327724391981139624e-07
2.359000000000000000e+03 1.330173071173205031e-07
2.360000000000000000e+03 1.330520872604114557e-07
2.361000000000000000e+03 1.329184635063264758e-07
2.362000000000000000e+03 1.331144236833772707e-07
2.363000000000000000e+03 1.327855575110424161e-07
2.364000000000000000e+03 1.328602764065184631e-07
2.365000000000000000e+03 1.329617951994524302e-07
2.366000000000000000e+03 1.329514226469801559e-07
2.367000000000000000e+03 1.330113960928003535e-07
2.368000000000000000e+03 1.338939052881148893e-07
2.369000000000000000e+03 1.328915129017110148e-07
2.370000000000000000e+03 1.328272630080034058e-07
2.371000000000000000e+03 1.330106282178552590e-07
2.372000000000000000e+03 1.329113440849944841e-07
2.373000000000000000e+03 1.328880711154797717e-07
2.374000000000000000e+03 1.328316049391330638e-07
2.375000000000000000e+03 1.328610751746684327e-07
2.376000000000000000e+03 1.327467524951196274e-07
2.377000000000000000e+03 1.336671802780790037e-07
2.378000000000000000e+03 1.333542867367295601e-07
2.379000000000000000e+03 1.327946485653706026e-07
2.380000000000000000e+03 1.327271069349643725e-07
2.381000000000000000e+03 1.329140184728856904e-07
2.382000000000000000e+03 1.330167227855821396e-07
2.383000000000000000e+03 1.329287564724796635e-07
2.384000000000000000e+03 1.329444577127371896e-07
2.385000000000000000e+03 1.329906720098551266e-07
2.386000000000000000e+03 1.328151182044503737e-07
2.387000000000000000e+03 1.326844819221539137e-07
2.388000000000000000e+03 1.328165099542202912e-07
2.389000000000000000e+03 1.331338476415806131e-07
2.390000000000000000e+03 1.328743565701594995e-07
2.391000000000000000e+03 1.331506334829875480e-07
2.392000000000000000e+03 1.328403714761612252e-07
2.393000000000000000e+03 1.328072239787598792e-07
2.394000000000000000e+03 1.328357407349531728e-07
2.395000000000000000e+03 1.332975447008331221e-07
2.396000000000000000e+03 1.328227086535704340e-07
2.397000000000000000e+03 1.330017301946603362e-07
2.398000000000000000e+03 1.331484057290128910e-07
2.399000000000000000e+03 1.328107796416575831e-07
2.400000000000000000e+03 1.331948139855289809e-07
2.401000000000000000e+03 1.327782914298617261e-07
2.402000000000000000e+03 1.327898167937911900e-07
2.403000000000000000e+03 1.328331667813202923e-07
2.404000000000000000e+03 1.328801897381869174e-07
2.405000000000000000e+03 1.328303536812831734e-07
2.406000000000000000e+03 1.329983700333208498e-07
2.407000000000000000e+03 1.326872067930949034e-07
2.408000000000000000e+03 1.328166638254221052e-07
2.409000000000000000e+03 1.333311747041643902e-07
2.410000000000000000e+03 1.328814304517879803e-07
2.411000000000000000e+03 1.328494855005730855e-07
2.412000000000000000e+03 1.329570237364235417e-07
2.413000000000000000e+03 1.333351119572643342e-07
2.414000000000000000e+03 1.328755479768624543e-07
2.415000000000000000e+03 1.328504598588568646e-07
2.416000000000000000e+03 1.329281938373844971e-07
2.417000000000000000e+03 1.328295088678017659e-07
2.418000000000000000e+03 1.329912375583200886e-07
2.419000000000000000e+03 1.328107127683092532e-07
2.420000000000000000e+03 1.328969671906321911e-07
2.421000000000000000e+03 1.331485148926009712e-07
2.422000000000000000e+03 1.332283932895194908e-07
2.423000000000000000e+03 1.330151957774646717e-07
2.424000000000000000e+03 1.330640963915097559e-07
2.425000000000000000e+03 1.329146519788473416e-07
2.426000000000000000e+03 1.329647569518101434e-07
2.427000000000000000e+03 1.330521561522992794e-07
2.428000000000000000e+03 1.330581048194161323e-07
2.429000000000000000e+03 1.326624817628186534e-07
2.430000000000000000e+03 1.328638750363944524e-07
2.431000000000000000e+03 1.329076694283419195e-07
2.432000000000000000e+03 1.326664525407032470e-07
2.433000000000000000e+03 1.328770638304484619e-07
2.434000000000000000e+03 1.327878112814633709e-07
2.435000000000000000e+03 1.330551474710618622e-07
2.436000000000000000e+03 1.327731307711686421e-07
2.437000000000000000e+03 1.332205251433972216e-07
2.438000000000000000e+03 1.327132646376238604e-07
2.439000000000000000e+03 1.328173820096281177e-07
2.440000000000000000e+03 1.327285652451777965e-07
2.441000000000000000e+03 1.326981230681771105e-07
2.442000000000000000e+03 1.326197833254069099e-07
2.443000000000000000e+03 1.326361201612785234e-07
2.444000000000000000e+03 1.326016107467343465e-07
2.445000000000000000e+03 1.328617918042110097e-07
2.446000000000000000e+03 1.327219910723861744e-07
2.447000000000000000e+03 1.329820546417023173e-07
2.448000000000000000e+03 1.325652190424506409e-07
2.449000000000000000e+03 1.330127485575686097e-07
2.450000000000000000e+03 1.326325828979980856e-07
2.451000000000000000e+03 1.326771023493647381e-07
2.452000000000000000e+03 1.327113614903284628e-07
2.453000000000000000e+03 1.325732550802314676e-07
2.454000000000000000e+03 1.327537020516280641e-07
2.455000000000000000e+03 1.325930502424606377e-07
2.456000000000000000e+03 1.326608739356334556e-07
2.457000000000000000e+03 1.327859101233447523e-07
2.458000000000000000e+03 1.326818960723281862e-07
2.459000000000000000e+03 1.326289206366427914e-07
2.460000000000000000e+03 1.326996537445032906e-07
2.461000000000000000e+03 1.325011927225734313e-07
2.462000000000000000e+03 1.333073226761519056e-07
2.463000000000000000e+03 1.327805551204025869e-07
2.464000000000000000e+03 1.328812000757009969e-07
2.465000000000000000e+03 1.327240612200951329e-07
2.466000000000000000e+03 1.327265573313676822e-07
2.467000000000000000e+03 1.326274014722755935e-07
2.468000000000000000e+03 1.327338068053476901e-07
2.469000000000000000e+03 1.328791967625788171e-07
2.470000000000000000e+03 1.330472387176162688e-07
2.471000000000000000e+03 1.325920473198522526e-07
2.472000000000000000e+03 1.327066377128856182e-07
2.473000000000000000e+03 1.326363497756396828e-07
2.474000000000000000e+03 1.325034079825620564e-07
2.475000000000000000e+03 1.325741436958901045e-07
2.476000000000000000e+03 1.325769255733413844e-07
2.477000000000000000e+03 1.326838658104322951e-07
2.478000000000000000e+03 1.325971323743459548e-07
2.479000000000000000e+03 1.327417182487851120e-07
2.480000000000000000e+03 1.326368060288432548e-07
2.481000000000000000e+03 1.326926694331735751e-07
2.482000000000000000e+03 1.328354392288451568e-07
2.483000000000000000e+03 1.327033457377654072e-07
2.484000000000000000e+03 1.325765383565123839e-07
2.485000000000000000e+03 1.327511452318448210e-07
2.486000000000000000e+03 1.326982430549184097e-07
2.487000000000000000e+03 1.326274939010539578e-07
2.488000000000000000e+03 1.326791447980193719e-07
2.489000000000000000e+03 1.327992924369958356e-07
2.490000000000000000e+03 1.325802661710065541e-07
2.491000000000000000e+03 1.329109768001005825e-07
2.492000000000000000e+03 1.328430771173770962e-07
2.493000000000000000e+03 1.327411210081976637e-07
2.494000000000000000e+03 1.325311627454267554e-07
2.495000000000000000e+03 1.326753323396794837e-07
2.496000000000000000e+03 1.326761185531316994e-07
2.497000000000000000e+03 1.327380511323385816e-07
2.498000000000000000e+03 1.327743328985412407e-07
2.499000000000000000e+03 1.325446986557226050e-07
2.500000000000000000e+03 1.325807384813513972e-07
2.501000000000000000e+03 1.328821622812458721e-07
2.502000000000000000e+03 1.331501783934147838e-07
2.503000000000000000e+03 1.329314417528643498e-07
2.504000000000000000e+03 1.326461287651489188e-07
2.505000000000000000e+03 1.326011931788658259e-07
2.506000000000000000e+03 1.326235167721123552e-07
2.507000000000000000e+03 1.325664110689598434e-07
2.508000000000000000e+03 1.324933810456292675e-07
2.509000000000000000e+03 1.324204339929414659e-07
2.510000000000000000e+03 1.325342564422002103e-07
2.511000000000000000e+03 1.324772921075466114e-07
2.512000000000000000e+03 1.326631811624265049e-07
2.513000000000000000e+03 1.332152730515270025e-07
2.514000000000000000e+03 1.328822353284268250e-07
2.515000000000000000e+03 1.325530422877684615e-07
2.516000000000000000e+03 1.326709869884861916e-07
2.517000000000000000e+03 1.327009355424966976e-07
2.518000000000000000e+03 1.326930454800133200e-07
2.519000000000000000e+03 1.325108995947200356e-07
2.520000000000000000e+03 1.324949415911923041e-07
2.521000000000000000e+03 1.324282133800552443e-07
2.522000000000000000e+03 1.325026489938960715e-07
2.523000000000000000e+03 1.325089072500341923e-07
2.524000000000000000e+03 1.325674720938146859e-07
2.525000000000000000e+03 1.326448343066472757e-07
2.526000000000000000e+03 1.324808135224084075e-07
2.527000000000000000e+03 1.325855338702560696e-07
2.528000000000000000e+03 1.325710836323531744e-07
2.529000000000000000e+03 1.324991016208539182e-07
2.530000000000000000e+03 1.324722746282018642e-07
2.531000000000000000e+03 1.326623929945952646e-07
2.532000000000000000e+03 1.325801381186385160e-07
2.533000000000000000e+03 1.325441184632574895e-07
2.534000000000000000e+03 1.327872431727253087e-07
2.535000000000000000e+03 1.327050761225261288e-07
2.536000000000000000e+03 1.324665895765159644e-07
2.537000000000000000e+03 1.325114369913378025e-07
2.538000000000000000e+03 1.325136476850392804e-07
2.539000000000000000e+03 1.325623682042383620e-07
2.540000000000000000e+03 1.329929359487985900e-07
2.541000000000000000e+03 1.326324918044132938e-07
2.542000000000000000e+03 1.323872736110623437e-07
2.543000000000000000e+03 1.324875415330974346e-07
2.544000000000000000e+03 1.325153007858411121e-07
2.545000000000000000e+03 1.324725287505646887e-07
2.546000000000000000e+03 1.325407820570635761e-07
2.547000000000000000e+03 1.324319114700965879e-07
2.548000000000000000e+03 1.326195138310254665e-07
2.549000000000000000e+03 1.328831262181881631e-07
2.550000000000000000e+03 1.324852350691588541e-07
2.551000000000000000e+03 1.325523373888731301e-07
2.552000000000000000e+03 1.325540746402791009e-07
2.553000000000000000e+03 1.324062506205851026e-07
2.554000000000000000e+03 1.324872935206802760e-07
2.555000000000000000e+03 1.326816681924146876e-07
2.556000000000000000e+03 1.324353879926267492e-07
2.557000000000000000e+03 1.326547634011310402e-07
2.558000000000000000e+03 1.326986061512409780e-07
2.559000000000000000e+03 1.324271343353472871e-07
2.560000000000000000e+03 1.327813371144833133e-07
2.561000000000000000e+03 1.328231670829256583e-07
2.562000000000000000e+03 1.327926720410623752e-07
2.563000000000000000e+03 1.328437102360324823e-07
2.564000000000000000e+03 1.327688411342632932e-07
2.565000000000000000e+03 1.326270786099484836e-07
2.566000000000000000e+03 1.327108129727879677e-07
2.567000000000000000e+03 1.325591256092929206e-07
2.568000000000000000e+03 1.329308894534819668e-07
2.569000000000000000e+03 1.325662496704251226e-07
2.570000000000000000e+03 1.324705579040562143e-07
2.571000000000000000e+03 1.325262598275711657e-07
2.572000000000000000e+03 1.325555319816071649e-07
2.573000000000000000e+03 1.326281939677630415e-07
2.574000000000000000e+03 1.326516044117222894e-07
2.575000000000000000e+03 1.325983547345991910e-07
2.576000000000000000e+03 1.324562501699805985e-07
2.577000000000000000e+03 1.327047911643054715e-07
2.578000000000000000e+03 1.328013311212200585e-07
2.579000000000000000e+03 1.323389039233542126e-07
2.580000000000000000e+03 1.324313981200202186e-07
2.581000000000000000e+03 1.324643847433365310e-07
2.582000000000000000e+03 1.328445368612163092e-07
2.583000000000000000e+03 1.324202440660891127e-07
2.584000000000000000e+03 1.326049222388964546e-07
2.585000000000000000e+03 1.324177589405914525e-07
2.586000000000000000e+03 1.329737841398921176e-07
2.587000000000000000e+03 1.324992844416511301e-07
2.588000000000000000e+03 1.323360643194077022e-07
2.589000000000000000e+03 1.324185345653672480e-07
2.590000000000000000e+03 1.325966047143724195e-07
2.591000000000000000e+03 1.325964693347855759e-07
2.592000000000000000e+03 1.324627682950652690e-07
2.593000000000000000e+03 1.324963657328814119e-07
2.594000000000000000e+03 1.324402049008716176e-07
2.595000000000000000e+03 1.323382865545261948e-07
2.596000000000000000e+03 1.328357635282338860e-07
2.597000000000000000e+03 1.323183501362815196e-07
2.598000000000000000e+03 1.325054090134287369e-07
2.599000000000000000e+03 1.323830530716845393e-07
2.600000000000000000e+03 1.327336238010248289e-07
2.601000000000000000e+03 1.324285251577030541e-07
2.602000000000000000e+03 1.325108855112186828e-07
2.603000000000000000e+03 1.324632218783174679e-07
2.604000000000000000e+03 1.323121503605071373e-07
2.605000000000000000e+03 1.323556833244345157e-07
2.606000000000000000e+03 1.323631962515375792e-07
2.607000000000000000e+03 1.324191237726149476e-07
2.608000000000000000e+03 1.323526073221681058e-07
2.609000000000000000e+03 1.323935281185102021e-07
2.610000000000000000e+03 1.323926540378266669e-07
2.611000000000000000e+03 1.323473877306372413e-07
2.612000000000000000e+03 1.326584048063361431e-07
2.613000000000000000e+03 1.324019688053549423e-07
2.614000000000000000e+03 1.323783595495147169e-07
2.615000000000000000e+03 1.324766921639434090e-07
2.616000000000000000e+03 1.323137117300039504e-07
2.617000000000000000e+03 1.324955246693017622e-07
2.618000000000000000e+03 1.322803783244187394e-07
2.619000000000000000e+03 1.324495773608690159e-07
2.620000000000000000e+03 1.328024940647209857e-07
2.621000000000000000e+03 1.323458518571853798e-07
2.622000000000000000e+03 1.323761464915118256e-07
2.623000000000000000e+03 1.323588841484207165e-07
2.624000000000000000e+03 1.324208863454622834e-07
2.625000000000000000e+03 1.326166818195141271e-07
2.626000000000000000e+03 1.322361734429946705e-07
2.627000000000000000e+03 1.323640443959470673e-07
2.628000000000000000e+03 1.322725815452347092e-07
2.629000000000000000e+03 1.324506108615150276e-07
2.630000000000000000e+03 1.323248887949933401e-07
2.631000000000000000e+03 1.323515570577675947e-07
2.632000000000000000e+03 1.323270403128078948e-07
2.633000000000000000e+03 1.322987798088499243e-07
2.634000000000000000e+03 1.323539013329384297e-07
2.635000000000000000e+03 1.322430447017631465e-07
2.636000000000000000e+03 1.322971279423382829e-07
2.637000000000000000e+03 1.325773510070422445e-07
2.638000000000000000e+03 1.323137422426805443e-07
2.639000000000000000e+03 1.322737971570925984e-07
2.640000000000000000e+03 1.323256647889429664e-07
2.641000000000000000e+03 1.325077480120570873e-07
2.642000000000000000e+03 1.323620058640448853e-07
2.643000000000000000e+03 1.322549156380531355e-07
2.644000000000000000e+03 1.322676382861732450e-07
2.645000000000000000e+03 1.323078957670621436e-07
2.646000000000000000e+03 1.323055182733610295e-07
2.647000000000000000e+03 1.325788677205506585e-07
2.648000000000000000e+03 1.323933190721480485e-07
2.649000000000000000e+03 1.322694327795505042e-07
2.650000000000000000e+03 1.325462192387700925e-07
2.651000000000000000e+03 1.324383070531334898e-07
2.652000000000000000e+03 1.322371519711178874e-07
2.653000000000000000e+03 1.322304080206679327e-07
2.654000000000000000e+03 1.323164213908182460e-07
2.655000000000000000e+03 1.323899165577687036e-07
2.656000000000000000e+03 1.323933842900138404e-07
2.657000000000000000e+03 1.323451618221600497e-07
2.658000000000000000e+03 1.323637848675143798e-07
2.659000000000000000e+03 1.323422535248262457e-07
2.660000000000000000e+03 1.324569950086815463e-07
2.661000000000000000e+03 1.324681293878423677e-07
2.662000000000000000e+03 1.323434451391474315e-07
2.663000000000000000e+03 1.325249906058568796e-07
2.664000000000000000e+03 1.323170036433075645e-07
2.665000000000000000e+03 1.322332215243206979e-07
2.666000000000000000e+03 1.322939600162559325e-07
2.667000000000000000e+03 1.322948772721818466e-07
2.668000000000000000e+03 1.322414408610047631e-07
2.669000000000000000e+03 1.322981388177935375e-07
2.670000000000000000e+03 1.324544406442278858e-07
2.671000000000000000e+03 1.324205919631844482e-07
2.672000000000000000e+03 1.322110177287770634e-07
2.673000000000000000e+03 1.322855972541677915e-07
2.674000000000000000e+03 1.324041679107845339e-07
2.675000000000000000e+03 1.323375151578154112e-07
2.676000000000000000e+03 1.324185468905569778e-07
2.677000000000000000e+03 1.321835236411814197e-07
2.678000000000000000e+03 1.330396799591401987e-07
2.679000000000000000e+03 1.324769333739856372e-07
2.680000000000000000e+03 1.322096031326550539e-07
2.681000000000000000e+03 1.324224710091603246e-07
2.682000000000000000e+03 1.322295411647440067e-07
2.683000000000000000e+03 1.323174756031607885e-07
2.684000000000000000e+03 1.322770015670635617e-07
2.685000000000000000e+03 1.323275215109820768e-07
2.686000000000000000e+03 1.322522146056001493e-07
2.687000000000000000e+03 1.324327903370820930e-07
2.688000000000000000e+03 1.324008045482460184e-07
2.689000000000000000e+03 1.323551108111229838e-07
2.690000000000000000e+03 1.322234351191273442e-07
2.691000000000000000e+03 1.322788995681959946e-07
2.692000000000000000e+03 1.324834143790060061e-07
2.693000000000000000e+03 1.324877292596511054e-07
2.694000000000000000e+03 1.322547495113459600e-07
2.695000000000000000e+03 1.322342231011883622e-07
2.696000000000000000e+03 1.321886344025734938e-07
2.697000000000000000e+03 1.323657762104739399e-07
2.698000000000000000e+03 1.323274044728837780e-07
2.699000000000000000e+03 1.323794369472514938e-07
2.700000000000000000e+03 1.322149162899419548e-07
2.701000000000000000e+03 1.321358202457707869e-07
2.702000000000000000e+03 1.322139455982668956e-07
2.703000000000000000e+03 1.323673346077351586e-07
2.704000000000000000e+03 1.323930196144013329e-07
2.705000000000000000e+03 1.323491154439620852e-07
2.706000000000000000e+03 1.322294047932480447e-07
2.707000000000000000e+03 1.321956014248150379e-07
2.708000000000000000e+03 1.323019638939948499e-07
2.709000000000000000e+03 1.321883859562000482e-07
2.710000000000000000e+03 1.322454264064152366e-07
2.711000000000000000e+03 1.323127083897212632e-07
2.712000000000000000e+03 1.322943294809656187e-07
2.713000000000000000e+03 1.322584709069616960e-07
2.714000000000000000e+03 1.321625009088416062e-07
2.715000000000000000e+03 1.321560371034335863e-07
2.716000000000000000e+03 1.322116486768235690e-07
2.717000000000000000e+03 1.323095892556202130e-07
2.718000000000000000e+03 1.322429646223741374e-07
2.719000000000000000e+03 1.322133754600717732e-07
2.720000000000000000e+03 1.321684319275006515e-07
2.721000000000000000e+03 1.321497155128218313e-07
2.722000000000000000e+03 1.324983956456184947e-07
2.723000000000000000e+03 1.322747136615284200e-07
2.724000000000000000e+03 1.321787211192561268e-07
2.725000000000000000e+03 1.321891923117714420e-07
2.726000000000000000e+03 1.321387141698024030e-07
2.727000000000000000e+03 1.323675904923615442e-07
2.728000000000000000e+03 1.321947398768097086e-07
2.729000000000000000e+03 1.321863078313367569e-07
2.730000000000000000e+03 1.321724361347219872e-07
2.731000000000000000e+03 1.323322437312256545e-07
2.732000000000000000e+03 1.321326825306013903e-07
2.733000000000000000e+03 1.323365504436963565e-07
2.734000000000000000e+03 1.322514373089511460e-07
2.735000000000000000e+03 1.322153653831834086e-07
2.736000000000000000e+03 1.322523844660711726e-07
2.737000000000000000e+03 1.321873011961893719e-07
2.738000000000000000e+03 1.321949061921427835e-07
2.739000000000000000e+03 1.321953475719068406e-07
2.740000000000000000e+03 1.321872664316490254e-07
2.741000000000000000e+03 1.323107932277443587e-07
2.742000000000000000e+03 1.325506403908795245e-07
2.743000000000000000e+03 1.322325716899143136e-07
2.744000000000000000e+03 1.321488635725005233e-07
2.745000000000000000e+03 1.322118556047827384e-07
2.746000000000000000e+03 1.321560267604610687e-07
2.747000000000000000e+03 1.321439347053172354e-07
2.748000000000000000e+03 1.323414953585032829e-07
2.749000000000000000e+03 1.322033675787750359e-07
2.750000000000000000e+03 1.322099679745390966e-07
2.751000000000000000e+03 1.321634441509156348e-07
2.752000000000000000e+03 1.321560234906830229e-07
2.753000000000000000e+03 1.322668978366283645e-07
2.754000000000000000e+03 1.321521904005549511e-07
2.755000000000000000e+03 1.321146316515861566e-07
2.756000000000000000e+03 1.324277941359580196e-07
2.757000000000000000e+03 1.320722316080463174e-07
2.758000000000000000e+03 1.322244604077823678e-07
2.759000000000000000e+03 1.322870296882524635e-07
2.760000000000000000e+03 1.323192415473431971e-07
2.761000000000000000e+03 1.321668302925203008e-07
2.762000000000000000e+03 1.322295953222897103e-07
2.763000000000000000e+03 1.324682540790260170e-07
2.764000000000000000e+03 1.322964073850698364e-07
2.765000000000000000e+03 1.320767809289908442e-07
2.766000000000000000e+03 1.322445064379331981e-07
2.767000000000000000e+03 1.321163278990541225e-07
2.768000000000000000e+03 1.320976764061719242e-07
2.769000000000000000e+03 1.320649265454421097e-07
2.770000000000000000e+03 1.320999125707249733e-07
2.771000000000000000e+03 1.322160539330913933e-07
2.772000000000000000e+03 1.321880405837468161e-07
2.773000000000000000e+03 1.322558025859975228e-07
2.774000000000000000e+03 1.321689964009013648e-07
2.775000000000000000e+03 1.323278740175851038e-07
2.776000000000000000e+03 1.322627603798637051e-07
2.777000000000000000e+03 1.320680073030441826e-07
2.778000000000000000e+03 1.321247335005657515e-07
2.779000000000000000e+03 1.321153165241486434e-07
2.780000000000000000e+03 1.322016381721726999e-07
2.781000000000000000e+03 1.322527845834273444e-07
2.782000000000000000e+03 1.322373557386119215e-07
2.783000000000000000e+03 1.321361200421073558e-07
2.784000000000000000e+03 1.320760472015175119e-07
2.785000000000000000e+03 1.321336044213671309e-07
2.786000000000000000e+03 1.321089141582834200e-07
2.787000000000000000e+03 1.321325105549862891e-07
2.788000000000000000e+03 1.321197657378113466e-07
2.789000000000000000e+03 1.322911293865256925e-07
2.790000000000000000e+03 1.323442353804798041e-07
2.791000000000000000e+03 1.321367006188478143e-07
2.792000000000000000e+03 1.322383708668181958e-07
2.793000000000000000e+03 1.321614551178419210e-07
2.794000000000000000e+03 1.321811048911478435e-07
2.795000000000000000e+03 1.320923591179238950e-07
2.796000000000000000e+03 1.322671318057048875e-07
2.797000000000000000e+03 1.322730970043695423e-07
2.798000000000000000e+03 1.321068058967348690e-07
2.799000000000000000e+03 1.320650224168356721e-07
2.800000000000000000e+03 1.324545819767829821e-07
2.801000000000000000e+03 1.322051604479001266e-07
2.802000000000000000e+03 1.320652747363250261e-07
2.803000000000000000e+03 1.321422483338742284e-07
2.804000000000000000e+03 1.320724397121900904e-07
2.805000000000000000e+03 1.321086628483069643e-07
2.806000000000000000e+03 1.320412965267677511e-07
2.807000000000000000e+03 1.321159279672318622e-07
2.808000000000000000e+03 1.320938046676864214e-07
2.809000000000000000e+03 1.320756190631502687e-07
2.810000000000000000e+03 1.321137711244538668e-07
2.811000000000000000e+03 1.321468955269937921e-07
2.812000000000000000e+03 1.324187537182351490e-07
2.813000000000000000e+03 1.321493898402012387e-07
2.814000000000000000e+03 1.320825507164349865e-07
2.815000000000000000e+03 1.320904939210380854e-07
2.816000000000000000e+03 1.320600374799339050e-07
2.817000000000000000e+03 1.323573159285798032e-07
2.818000000000000000e+03 1.321272004463860854e-07
2.819000000000000000e+03 1.320590118316103749e-07
2.820000000000000000e+03 1.321403111177330341e-07
2.821000000000000000e+03 1.322733717097988183e-07
2.822000000000000000e+03 1.320685526598297778e-07
2.823000000000000000e+03 1.320814324069621233e-07
2.824000000000000000e+03 1.321786120646294119e-07
2.825000000000000000e+03 1.320165172982033010e-07
2.826000000000000000e+03 1.321242615286701013e-07
2.827000000000000000e+03 1.321375176242140582e-07
2.828000000000000000e+03 1.323270042941252085e-07
2.829000000000000000e+03 1.320520920685558157e-07
2.830000000000000000e+03 1.320812733794177291e-07
2.831000000000000000e+03 1.320803675285190552e-07
2.832000000000000000e+03 1.320395638428113742e-07
2.833000000000000000e+03 1.322259842101648393e-07
2.834000000000000000e+03 1.321845342871434205e-07
2.835000000000000000e+03 1.321097790220417846e-07
2.836000000000000000e+03 1.321062661246509739e-07
2.837000000000000000e+03 1.320208479642286002e-07
2.838000000000000000e+03 1.321102615595923466e-07
2.839000000000000000e+03 1.321150506202146084e-07
2.840000000000000000e+03 1.320137000648335202e-07
2.841000000000000000e+03 1.322692106603913273e-07
2.842000000000000000e+03 1.320476127868165158e-07
2.843000000000000000e+03 1.320353538012551715e-07
2.844000000000000000e+03 1.321158313871408413e-07
2.845000000000000000e+03 1.320401150558803816e-07
2.846000000000000000e+03 1.320595609079630163e-07
2.847000000000000000e+03 1.320119924094953539e-07
2.848000000000000000e+03 1.320661823032032897e-07
2.849000000000000000e+03 1.321466470399332777e-07
2.850000000000000000e+03 1.321201767061435461e-07
2.851000000000000000e+03 1.320337062409819011e-07
2.852000000000000000e+03 1.320818360683215106e-07
2.853000000000000000e+03 1.321289792149807023e-07
2.854000000000000000e+03 1.323072045927739525e-07
2.855000000000000000e+03 1.320016456398623491e-07
2.856000000000000000e+03 1.320308229705430191e-07
2.857000000000000000e+03 1.320868957100154681e-07
2.858000000000000000e+03 1.321419297453757589e-07
2.859000000000000000e+03 1.320092330972475343e-07
2.860000000000000000e+03 1.319872252093353237e-07
2.861000000000000000e+03 1.320323534141051541e-07
2.862000000000000000e+03 1.320650257257334052e-07
2.863000000000000000e+03 1.320222469133803315e-07
2.864000000000000000e+03 1.319832522812285826e-07
2.865000000000000000e+03 1.320095834623626205e-07
2.866000000000000000e+03 1.320617006385127903e-07
2.867000000000000000e+03 1.321419133906919833e-07
2.868000000000000000e+03 1.321245387973771944e-07
2.869000000000000000e+03 1.319831600492669793e-07
2.870000000000000000e+03 1.319621536607346678e-07
2.871000000000000000e+03 1.319967587904183864e-07
2.872000000000000000e+03 1.319565436263413764e-07
2.873000000000000000e+03 1.320365526364134892e-07
2.874000000000000000e+03 1.321023781251881298e-07
2.875000000000000000e+03 1.321862262354959803e-07
2.876000000000000000e+03 1.322679362004009111e-07
2.877000000000000000e+03 1.320319310574388280e-07
2.878000000000000000e+03 1.319912520959884683e-07
2.879000000000000000e+03 1.319564716843528930e-07
2.880000000000000000e+03 1.323595961177014143e-07
2.881000000000000000e+03 1.319825745542634350e-07
2.882000000000000000e+03 1.321010909285853407e-07
2.883000000000000000e+03 1.323004307359605490e-07
2.884000000000000000e+03 1.320776667552496541e-07
2.885000000000000000e+03 1.321566805096517444e-07
2.886000000000000000e+03 1.319997072215120197e-07
2.887000000000000000e+03 1.319702828614781152e-07
2.888000000000000000e+03 1.319374369204838780e-07
2.889000000000000000e+03 1.320261237011823871e-07
2.890000000000000000e+03 1.319519011590584946e-07
2.891000000000000000e+03 1.319487287566885771e-07
2.892000000000000000e+03 1.321001472798851254e-07
2.893000000000000000e+03 1.320195123882843138e-07
2.894000000000000000e+03 1.319866125649964378e-07
2.895000000000000000e+03 1.320175003000573691e-07
2.896000000000000000e+03 1.320964745224295858e-07
2.897000000000000000e+03 1.321108965538291086e-07
2.898000000000000000e+03 1.320809970341031270e-07
2.899000000000000000e+03 1.320328260727977231e-07
2.900000000000000000e+03 1.319506680509850322e-07
2.901000000000000000e+03 1.320052146762784424e-07
2.902000000000000000e+03 1.320074038565243798e-07
2.903000000000000000e+03 1.320207865694725119e-07
2.904000000000000000e+03 1.320494913031719129e-07
2.905000000000000000e+03 1.322828997803081104e-07
2.906000000000000000e+03 1.320803130276483988e-07
2.907000000000000000e+03 1.321656480885517234e-07
2.908000000000000000e+03 1.321263431473697583e-07
2.909000000000000000e+03 1.323575805001028484e-07
2.910000000000000000e+03 1.320334254331710957e-07
2.911000000000000000e+03 1.320170322866925885e-07
2.912000000000000000e+03 1.319459612675312799e-07
2.913000000000000000e+03 1.319934064233308674e-07
2.914000000000000000e+03 1.320384377405021474e-07
2.915000000000000000e+03 1.319734141810386079e-07
2.916000000000000000e+03 1.320044477541691276e-07
2.917000000000000000e+03 1.320561279546650125e-07
2.918000000000000000e+03 1.321175920685268659e-07
2.919000000000000000e+03 1.319446064494733563e-07
2.920000000000000000e+03 1.319307004323188820e-07
2.921000000000000000e+03 1.321006279696368864e-07
2.922000000000000000e+03 1.321382528779517171e-07
2.923000000000000000e+03 1.321246061992243466e-07
2.924000000000000000e+03 1.319955919672447481e-07
2.925000000000000000e+03 1.319461043023950395e-07
2.926000000000000000e+03 1.320277840060868649e-07
2.927000000000000000e+03 1.319442673626432821e-07
2.928000000000000000e+03 1.321150114414360668e-07
2.929000000000000000e+03 1.319733243501631266e-07
2.930000000000000000e+03 1.320081301364236774e-07
2.931000000000000000e+03 1.319025311869248514e-07
2.932000000000000000e+03 1.319405919828509766e-07
2.933000000000000000e+03 1.320469435615524529e-07
2.934000000000000000e+03 1.320053202824850835e-07
2.935000000000000000e+03 1.320201486520444486e-07
2.936000000000000000e+03 1.320315053299362786e-07
2.937000000000000000e+03 1.318963615220299172e-07
2.938000000000000000e+03 1.319135794605147742e-07
2.939000000000000000e+03 1.320765764821429550e-07
2.940000000000000000e+03 1.319783486614299338e-07
2.941000000000000000e+03 1.319458321852725308e-07
2.942000000000000000e+03 1.319944264352137810e-07
2.943000000000000000e+03 1.319531526265095466e-07
2.944000000000000000e+03 1.319441574514188975e-07
2.945000000000000000e+03 1.319306721528383272e-07
2.946000000000000000e+03 1.319473584705561160e-07
2.947000000000000000e+03 1.318868406974986477e-07
2.948000000000000000e+03 1.319785863911630184e-07
2.949000000000000000e+03 1.318977460210739806e-07
2.950000000000000000e+03 1.319125047242929486e-07
2.951000000000000000e+03 1.319150930836255977e-07
2.952000000000000000e+03 1.319506156800828273e-07
2.953000000000000000e+03 1.319525014175599065e-07
2.954000000000000000e+03 1.319716591095996239e-07
2.955000000000000000e+03 1.319926053755575270e-07
2.956000000000000000e+03 1.319899324297029616e-07
2.957000000000000000e+03 1.319653207828363998e-07
2.958000000000000000e+03 1.319449866000730371e-07
2.959000000000000000e+03 1.319402772883014026e-07
2.960000000000000000e+03 1.319071437607609546e-07
2.961000000000000000e+03 1.319471518768508913e-07
2.962000000000000000e+03 1.318464607956628103e-07
2.963000000000000000e+03 1.319286100364522790e-07
2.964000000000000000e+03 1.318321910735877246e-07
2.965000000000000000e+03 1.319303759215959089e-07
2.966000000000000000e+03 1.319251445168355274e-07
2.967000000000000000e+03 1.320025008237951611e-07
2.968000000000000000e+03 1.319663399548362242e-07
2.969000000000000000e+03 1.320367227019491244e-07
2.970000000000000000e+03 1.319293396019450246e-07
2.971000000000000000e+03 1.320167874026263963e-07
2.972000000000000000e+03 1.319168823935699130e-07
2.973000000000000000e+03 1.318806382310917889e-07
2.974000000000000000e+03 1.320207394390921598e-07
2.975000000000000000e+03 1.319781889769626259e-07
2.976000000000000000e+03 1.319196597709403379e-07
2.977000000000000000e+03 1.319010129833276174e-07
2.978000000000000000e+03 1.319967234205922661e-07
2.979000000000000000e+03 1.319032914376531724e-07
2.980000000000000000e+03 1.319936962739491888e-07
2.981000000000000000e+03 1.319368972370367662e-07
2.982000000000000000e+03 1.319069997542834889e-07
2.983000000000000000e+03 1.319372208632871682e-07
2.984000000000000000e+03 1.319262798987386632e-07
2.985000000000000000e+03 1.318743147886723583e-07
2.986000000000000000e+03 1.319230691792959853e-07
2.987000000000000000e+03 1.319284918255260888e-07
2.988000000000000000e+03 1.320095483418887857e-07
2.989000000000000000e+03 1.320186630663965909e-07
2.990000000000000000e+03 1.318492121287956011e-07
2.991000000000000000e+03 1.318865284396847214e-07
2.992000000000000000e+03 1.319508056863621482e-07
2.993000000000000000e+03 1.318797550751802075e-07
2.994000000000000000e+03 1.319012166507630524e-07
2.995000000000000000e+03 1.319322842356170284e-07
2.996000000000000000e+03 1.318924051974749460e-07
2.997000000000000000e+03 1.319670016940225698e-07
2.998000000000000000e+03 1.320635613851649456e-07
2.999000000000000000e+03 1.318752403950726623e-07
